timestamp,strategy_id,leg,decision,mode,spot,vix,pcr_oi,max_pain,max_pain_dist_pct,iv_skew_ratio,move_from_open_pct,morning_range_pct,dte,hour,minute,day_of_week,is_expiry,rule_score,ai_adj,final_score,threshold,regime,entry_premium,quantity,exit_reason,outcome_pnl,held_minutes
2026-03-18T09:30:00+05:30,portfolio_10d,PREMIUM,SKIP,idle,23732.2,18.86,1.0,0.0,0.0,1.039,0.172,0.773,6,9,30,2,0,54,0,54,75,high_vol_range,0.0,0,,,
2026-03-18T09:35:00+05:30,portfolio_10d,PREMIUM,SKIP,idle,23724.9,18.81,1.0,0.0,0.0,1.039,0.142,0.773,6,9,35,2,0,67,0,67,75,high_vol_range,0.0,0,,,
2026-03-18T09:40:00+05:30,portfolio_10d,PREMIUM,SKIP,idle,23709.3,18.83,1.0,0.0,0.0,1.039,0.076,0.736,6,9,40,2,0,67,0,67,75,high_vol_range,0.0,0,,,
2026-03-18T09:45:00+05:30,portfolio_10d,PREMIUM,ENTER,iron_condor,23713.2,18.85,1.0,0.0,0.0,1.039,0.092,0.257,6,9,45,2,0,87,0,87,75,high_vol_range,53.16,75,,,
2026-03-18T10:20:00+05:30,portfolio_10d,TREND,ENTER,debit_spread,23707.1,19.0,1.0,0.0,0.0,1.039,0.066,0.461,6,10,20,2,0,62,0,62,60,high_vol_range,47.65,75,,,
2026-03-18T10:38:00+05:30,portfolio_10d,TREND,EXIT,debit_spread,23743.05,18.82,1.0,0.0,0.0,1.038,0.218,0.403,6,10,38,2,0,0,0,0,0,high_vol_range,0.0,0,Trend profit: spread at 50.2% of max,189.0,18
2026-03-18T15:15:00+05:30,portfolio_10d,PREMIUM,EXIT,iron_condor,23776.9,18.75,1.0,0.0,0.0,1.038,0.361,0.132,6,15,15,2,0,0,0,0,0,high_vol_range,0.0,0,Time exit,505.5,330
2026-03-18T09:30:00+05:30,portfolio_replay,PREMIUM,SKIP,idle,23732.2,18.86,1.0,0.0,0.0,1.039,0.172,0.773,6,9,30,2,0,67,0,67,75,high_vol_range,0.0,0,,,
2026-03-18T09:31:00+05:30,portfolio_replay,PREMIUM,ENTER,iron_condor,23725.85,18.87,1.0,0.0,0.0,1.039,0.146,0.773,6,9,31,2,0,80,0,80,75,high_vol_range,50.25,75,,,
2026-03-18T10:20:00+05:30,portfolio_replay,TREND,ENTER,debit_spread,23707.1,19.0,1.0,0.0,0.0,1.039,0.066,0.461,6,10,20,2,0,62,0,62,60,high_vol_range,47.65,75,,,
2026-03-18T10:38:00+05:30,portfolio_replay,TREND,EXIT,debit_spread,23743.05,18.82,1.0,0.0,0.0,1.038,0.218,0.403,6,10,38,2,0,0,0,0,0,high_vol_range,0.0,0,Trend profit: spread at 50.2% of max,189.0,18
2026-03-18T15:15:00+05:30,portfolio_replay,PREMIUM,EXIT,iron_condor,23776.9,18.75,1.0,0.0,0.0,1.038,0.361,0.132,6,15,15,2,0,0,0,0,0,high_vol_range,0.0,0,Time exit,651.75,344
2026-03-18T09:30:00+05:30,portfolio_replay,PREMIUM,SKIP,idle,23732.2,18.86,1.0,0.0,0.0,1.039,0.172,0.773,6,9,30,2,0,67,0,67,75,high_vol_range,0.0,0,,,
2026-03-18T09:31:00+05:30,portfolio_replay,PREMIUM,ENTER,iron_condor,23725.85,18.87,1.0,0.0,0.0,1.039,0.146,0.773,6,9,31,2,0,80,0,80,75,high_vol_range,50.25,75,,,
2026-03-18T10:20:00+05:30,portfolio_replay,TREND,ENTER,debit_spread,23707.1,19.0,1.0,0.0,0.0,1.039,0.066,0.461,6,10,20,2,0,62,0,62,60,high_vol_range,47.65,75,,,
2026-03-18T10:38:00+05:30,portfolio_replay,TREND,EXIT,debit_spread,23743.05,18.82,1.0,0.0,0.0,1.038,0.218,0.403,6,10,38,2,0,0,0,0,0,high_vol_range,0.0,0,Trend profit: spread at 50.2% of max,189.0,18
2026-03-18T15:15:00+05:30,portfolio_replay,PREMIUM,EXIT,iron_condor,23776.9,18.75,1.0,0.0,0.0,1.038,0.361,0.132,6,15,15,2,0,0,0,0,0,high_vol_range,0.0,0,Time exit,651.75,344
2026-03-18T09:30:00+05:30,portfolio_replay,PREMIUM,SKIP,idle,23732.2,18.86,1.0,0.0,0.0,1.039,0.172,0.773,6,9,30,2,0,67,0,67,75,high_vol_range,0.0,0,,,
2026-03-18T09:31:00+05:30,portfolio_replay,PREMIUM,ENTER,iron_condor,23725.85,18.87,1.0,0.0,0.0,1.039,0.146,0.773,6,9,31,2,0,80,0,80,75,high_vol_range,50.25,75,,,
2026-03-18T10:20:00+05:30,portfolio_replay,TREND,ENTER,debit_spread,23707.1,19.0,1.0,0.0,0.0,1.039,0.066,0.461,6,10,20,2,0,62,0,62,60,high_vol_range,47.65,75,,,
2026-03-18T10:38:00+05:30,portfolio_replay,TREND,EXIT,debit_spread,23743.05,18.82,1.0,0.0,0.0,1.038,0.218,0.403,6,10,38,2,0,0,0,0,0,high_vol_range,0.0,0,Trend profit: spread at 50.2% of max,189.0,18
2026-03-18T15:15:00+05:30,portfolio_replay,PREMIUM,EXIT,iron_condor,23776.9,18.75,1.0,0.0,0.0,1.038,0.361,0.132,6,15,15,2,0,0,0,0,0,high_vol_range,0.0,0,Time exit,651.75,344
2026-03-18T09:30:00+05:30,portfolio_replay,PREMIUM,SKIP,idle,23732.2,18.86,1.0,0.0,0.0,1.039,0.172,0.773,6,9,30,2,0,67,0,67,75,high_vol_range,0.0,0,,,
2026-03-18T09:31:00+05:30,portfolio_replay,PREMIUM,ENTER,iron_condor,23725.85,18.87,1.0,0.0,0.0,1.039,0.146,0.773,6,9,31,2,0,80,0,80,75,high_vol_range,50.25,75,,,
2026-03-18T10:20:00+05:30,portfolio_replay,TREND,ENTER,debit_spread,23707.1,19.0,1.0,0.0,0.0,1.039,0.066,0.461,6,10,20,2,0,62,0,62,60,high_vol_range,47.65,75,,,
2026-03-18T10:38:00+05:30,portfolio_replay,TREND,EXIT,debit_spread,23743.05,18.82,1.0,0.0,0.0,1.038,0.218,0.403,6,10,38,2,0,0,0,0,0,high_vol_range,0.0,0,Trend profit: spread at 50.2% of max,189.0,18
2026-03-18T15:15:00+05:30,portfolio_replay,PREMIUM,EXIT,iron_condor,23776.9,18.75,1.0,0.0,0.0,1.038,0.361,0.132,6,15,15,2,0,0,0,0,0,high_vol_range,0.0,0,Time exit,651.75,344
2026-03-18T09:30:00+05:30,portfolio_replay,PREMIUM,SKIP,idle,23732.2,18.86,1.0,0.0,0.0,1.039,0.172,0.773,6,9,30,2,0,67,0,67,75,high_vol_range,0.0,0,,,
2026-03-18T09:31:00+05:30,portfolio_replay,PREMIUM,ENTER,iron_condor,23725.85,18.87,1.0,0.0,0.0,1.039,0.146,0.773,6,9,31,2,0,80,0,80,75,high_vol_range,50.25,75,,,
2026-03-18T10:20:00+05:30,portfolio_replay,TREND,ENTER,debit_spread,23707.1,19.0,1.0,0.0,0.0,1.039,0.066,0.461,6,10,20,2,0,62,0,62,60,high_vol_range,47.65,75,,,
2026-03-18T10:38:00+05:30,portfolio_replay,TREND,EXIT,debit_spread,23743.05,18.82,1.0,0.0,0.0,1.038,0.218,0.403,6,10,38,2,0,0,0,0,0,high_vol_range,0.0,0,Trend profit: spread at 50.2% of max,189.0,18
2026-03-18T15:15:00+05:30,portfolio_replay,PREMIUM,EXIT,iron_condor,23776.9,18.75,1.0,0.0,0.0,1.038,0.361,0.132,6,15,15,2,0,0,0,0,0,high_vol_range,0.0,0,Time exit,651.75,344
2026-03-18T09:30:00+05:30,portfolio_replay,PREMIUM,SKIP,idle,23732.2,18.86,1.0,0.0,0.0,1.039,0.172,0.773,6,9,30,2,0,67,0,67,75,high_vol_range,0.0,0,,,
2026-03-18T09:31:00+05:30,portfolio_replay,PREMIUM,ENTER,iron_condor,23725.85,18.87,1.0,0.0,0.0,1.039,0.146,0.773,6,9,31,2,0,80,0,80,75,high_vol_range,50.25,75,,,
2026-03-18T10:20:00+05:30,portfolio_replay,TREND,ENTER,debit_spread,23707.1,19.0,1.0,0.0,0.0,1.039,0.066,0.461,6,10,20,2,0,62,0,62,60,high_vol_range,47.65,75,,,
2026-03-18T10:38:00+05:30,portfolio_replay,TREND,EXIT,debit_spread,23743.05,18.82,1.0,0.0,0.0,1.038,0.218,0.403,6,10,38,2,0,0,0,0,0,high_vol_range,0.0,0,Trend profit: spread at 50.2% of max,189.0,18
2026-03-18T15:15:00+05:30,portfolio_replay,PREMIUM,EXIT,iron_condor,23776.9,18.75,1.0,0.0,0.0,1.038,0.361,0.132,6,15,15,2,0,0,0,0,0,high_vol_range,0.0,0,Time exit,651.75,344
2026-03-18T09:30:00+05:30,portfolio_replay,PREMIUM,ENTER,iron_condor,23732.2,18.86,1.0,0.0,0.0,1.039,0.172,0.773,6,9,30,2,0,67,0,67,65,high_vol_range,50.66,75,,,
2026-03-18T10:20:00+05:30,portfolio_replay,TREND,ENTER,debit_spread,23707.1,19.0,1.0,0.0,0.0,1.039,0.066,0.461,6,10,20,2,0,62,0,62,60,high_vol_range,47.65,75,,,
2026-03-18T10:38:00+05:30,portfolio_replay,TREND,EXIT,debit_spread,23743.05,18.82,1.0,0.0,0.0,1.038,0.218,0.403,6,10,38,2,0,0,0,0,0,high_vol_range,0.0,0,Trend profit: spread at 50.2% of max,189.0,18
2026-03-18T15:15:00+05:30,portfolio_replay,PREMIUM,EXIT,iron_condor,23776.9,18.75,1.0,0.0,0.0,1.038,0.361,0.132,6,15,15,2,0,0,0,0,0,high_vol_range,0.0,0,Time exit,682.5,345
2026-03-18T09:30:00+05:30,portfolio_replay,PREMIUM,SKIP,idle,23732.2,18.86,1.0,0.0,0.0,1.039,0.172,0.773,6,9,30,2,0,67,0,67,70,high_vol_range,0.0,0,,,
2026-03-18T09:31:00+05:30,portfolio_replay,PREMIUM,ENTER,iron_condor,23725.85,18.87,1.0,0.0,0.0,1.039,0.146,0.773,6,9,31,2,0,80,0,80,70,high_vol_range,50.25,75,,,
2026-03-18T10:20:00+05:30,portfolio_replay,TREND,ENTER,debit_spread,23707.1,19.0,1.0,0.0,0.0,1.039,0.066,0.461,6,10,20,2,0,62,0,62,60,high_vol_range,47.65,75,,,
2026-03-18T10:38:00+05:30,portfolio_replay,TREND,EXIT,debit_spread,23743.05,18.82,1.0,0.0,0.0,1.038,0.218,0.403,6,10,38,2,0,0,0,0,0,high_vol_range,0.0,0,Trend profit: spread at 50.2% of max,189.0,18
2026-03-18T15:15:00+05:30,portfolio_replay,PREMIUM,EXIT,iron_condor,23776.9,18.75,1.0,0.0,0.0,1.038,0.361,0.132,6,15,15,2,0,0,0,0,0,high_vol_range,0.0,0,Time exit,651.75,344
2026-03-18T09:30:00+05:30,portfolio_replay,PREMIUM,SKIP,idle,23732.2,18.86,1.0,0.0,0.0,1.039,0.172,0.773,6,9,30,2,0,67,0,67,75,high_vol_range,0.0,0,,,
2026-03-18T09:31:00+05:30,portfolio_replay,PREMIUM,ENTER,iron_condor,23725.85,18.87,1.0,0.0,0.0,1.039,0.146,0.773,6,9,31,2,0,80,0,80,75,high_vol_range,50.25,75,,,
2026-03-18T10:20:00+05:30,portfolio_replay,TREND,ENTER,debit_spread,23707.1,19.0,1.0,0.0,0.0,1.039,0.066,0.461,6,10,20,2,0,62,0,62,60,high_vol_range,47.65,75,,,
2026-03-18T10:38:00+05:30,portfolio_replay,TREND,EXIT,debit_spread,23743.05,18.82,1.0,0.0,0.0,1.038,0.218,0.403,6,10,38,2,0,0,0,0,0,high_vol_range,0.0,0,Trend profit: spread at 50.2% of max,189.0,18
2026-03-18T15:15:00+05:30,portfolio_replay,PREMIUM,EXIT,iron_condor,23776.9,18.75,1.0,0.0,0.0,1.038,0.361,0.132,6,15,15,2,0,0,0,0,0,high_vol_range,0.0,0,Time exit,651.75,344
2026-03-18T09:30:00+05:30,portfolio_replay,PREMIUM,ENTER,iron_condor,23732.2,18.86,1.0,0.0,0.0,1.039,0.172,0.773,6,9,30,2,0,67,0,67,65,high_vol_range,50.66,75,,,
2026-03-18T10:20:00+05:30,portfolio_replay,TREND,ENTER,debit_spread,23707.1,19.0,1.0,0.0,0.0,1.039,0.066,0.461,6,10,20,2,0,62,0,62,60,high_vol_range,47.65,75,,,
2026-03-18T10:38:00+05:30,portfolio_replay,TREND,EXIT,debit_spread,23743.05,18.82,1.0,0.0,0.0,1.038,0.218,0.403,6,10,38,2,0,0,0,0,0,high_vol_range,0.0,0,Trend profit: spread at 50.2% of max,189.0,18
2026-03-18T15:15:00+05:30,portfolio_replay,PREMIUM,EXIT,iron_condor,23776.9,18.75,1.0,0.0,0.0,1.038,0.361,0.132,6,15,15,2,0,0,0,0,0,high_vol_range,0.0,0,Time exit,682.5,345
2026-03-18T09:30:00+05:30,portfolio_replay,PREMIUM,SKIP,idle,23732.2,18.86,1.0,0.0,0.0,1.039,0.172,0.773,6,9,30,2,0,67,0,67,70,high_vol_range,0.0,0,,,
2026-03-18T09:31:00+05:30,portfolio_replay,PREMIUM,ENTER,iron_condor,23725.85,18.87,1.0,0.0,0.0,1.039,0.146,0.773,6,9,31,2,0,80,0,80,70,high_vol_range,50.25,75,,,
2026-03-18T10:20:00+05:30,portfolio_replay,TREND,ENTER,debit_spread,23707.1,19.0,1.0,0.0,0.0,1.039,0.066,0.461,6,10,20,2,0,62,0,62,60,high_vol_range,47.65,75,,,
2026-03-18T10:38:00+05:30,portfolio_replay,TREND,EXIT,debit_spread,23743.05,18.82,1.0,0.0,0.0,1.038,0.218,0.403,6,10,38,2,0,0,0,0,0,high_vol_range,0.0,0,Trend profit: spread at 50.2% of max,189.0,18
2026-03-18T15:15:00+05:30,portfolio_replay,PREMIUM,EXIT,iron_condor,23776.9,18.75,1.0,0.0,0.0,1.038,0.361,0.132,6,15,15,2,0,0,0,0,0,high_vol_range,0.0,0,Time exit,651.75,344
2026-03-18T09:30:00+05:30,portfolio_replay,PREMIUM,ENTER,iron_condor,23732.2,18.86,1.0,0.0,0.0,1.039,0.172,0.773,6,9,30,2,0,67,0,67,65,high_vol_range,50.66,75,,,
2026-03-18T10:20:00+05:30,portfolio_replay,TREND,ENTER,debit_spread,23707.1,19.0,1.0,0.0,0.0,1.039,0.066,0.461,6,10,20,2,0,62,0,62,60,high_vol_range,47.65,75,,,
2026-03-18T10:38:00+05:30,portfolio_replay,TREND,EXIT,debit_spread,23743.05,18.82,1.0,0.0,0.0,1.038,0.218,0.403,6,10,38,2,0,0,0,0,0,high_vol_range,0.0,0,Trend profit: spread at 50.2% of max,189.0,18
2026-03-18T15:15:00+05:30,portfolio_replay,PREMIUM,EXIT,iron_condor,23776.9,18.75,1.0,0.0,0.0,1.038,0.361,0.132,6,15,15,2,0,0,0,0,0,high_vol_range,0.0,0,Time exit,682.5,345
2026-03-18T09:30:00+05:30,portfolio_replay,PREMIUM,SKIP,idle,23732.2,18.86,1.0,0.0,0.0,1.039,0.172,0.773,6,9,30,2,0,67,0,67,75,high_vol_range,0.0,0,,,
2026-03-18T09:31:00+05:30,portfolio_replay,PREMIUM,ENTER,iron_condor,23725.85,18.87,1.0,0.0,0.0,1.039,0.146,0.773,6,9,31,2,0,80,0,80,75,high_vol_range,50.25,75,,,
2026-03-18T10:20:00+05:30,portfolio_replay,TREND,ENTER,debit_spread,23707.1,19.0,1.0,0.0,0.0,1.039,0.066,0.461,6,10,20,2,0,62,0,62,60,high_vol_range,47.65,75,,,
2026-03-18T10:38:00+05:30,portfolio_replay,TREND,EXIT,debit_spread,23743.05,18.82,1.0,0.0,0.0,1.038,0.218,0.403,6,10,38,2,0,0,0,0,0,high_vol_range,0.0,0,Trend profit: spread at 50.2% of max,189.0,18
2026-03-18T15:15:00+05:30,portfolio_replay,PREMIUM,EXIT,iron_condor,23776.9,18.75,1.0,0.0,0.0,1.038,0.361,0.132,6,15,15,2,0,0,0,0,0,high_vol_range,0.0,0,Time exit,651.75,344
2026-03-18T09:30:00+05:30,portfolio_replay,PREMIUM,SKIP,idle,23732.2,18.86,1.0,0.0,0.0,1.039,0.172,0.773,6,9,30,2,0,67,0,67,75,high_vol_range,0.0,0,,,
2026-03-18T09:31:00+05:30,portfolio_replay,PREMIUM,ENTER,iron_condor,23725.85,18.87,1.0,0.0,0.0,1.039,0.146,0.773,6,9,31,2,0,80,0,80,75,high_vol_range,50.25,75,,,
2026-03-18T10:20:00+05:30,portfolio_replay,TREND,ENTER,debit_spread,23707.1,19.0,1.0,0.0,0.0,1.039,0.066,0.461,6,10,20,2,0,62,0,62,60,high_vol_range,47.65,75,,,
2026-03-18T10:38:00+05:30,portfolio_replay,TREND,EXIT,debit_spread,23743.05,18.82,1.0,0.0,0.0,1.038,0.218,0.403,6,10,38,2,0,0,0,0,0,high_vol_range,0.0,0,Trend profit: spread at 50.2% of max,189.0,18
2026-03-18T15:15:00+05:30,portfolio_replay,PREMIUM,EXIT,iron_condor,23776.9,18.75,1.0,0.0,0.0,1.038,0.361,0.132,6,15,15,2,0,0,0,0,0,high_vol_range,0.0,0,Time exit,651.75,344
2026-03-18T09:30:00+05:30,portfolio_replay,PREMIUM,SKIP,idle,23732.2,18.86,1.0,0.0,0.0,1.039,0.172,0.773,6,9,30,2,0,67,0,67,75,high_vol_range,0.0,0,,,
2026-03-18T09:31:00+05:30,portfolio_replay,PREMIUM,ENTER,iron_condor,23725.85,18.87,1.0,0.0,0.0,1.039,0.146,0.773,6,9,31,2,0,80,0,80,75,high_vol_range,50.25,75,,,
2026-03-18T10:20:00+05:30,portfolio_replay,TREND,ENTER,debit_spread,23707.1,19.0,1.0,0.0,0.0,1.039,0.066,0.461,6,10,20,2,0,62,0,62,60,high_vol_range,47.65,75,,,
2026-03-18T10:38:00+05:30,portfolio_replay,TREND,EXIT,debit_spread,23743.05,18.82,1.0,0.0,0.0,1.038,0.218,0.403,6,10,38,2,0,0,0,0,0,high_vol_range,0.0,0,Trend profit: spread at 50.2% of max,189.0,18
2026-03-18T15:15:00+05:30,portfolio_replay,PREMIUM,EXIT,iron_condor,23776.9,18.75,1.0,0.0,0.0,1.038,0.361,0.132,6,15,15,2,0,0,0,0,0,high_vol_range,0.0,0,Time exit,651.75,344
2026-03-18T09:30:00+05:30,portfolio_replay,PREMIUM,SKIP,idle,23732.2,18.86,1.0,0.0,0.0,1.039,0.172,0.773,6,9,30,2,0,67,0,67,75,high_vol_range,0.0,0,,,
2026-03-18T09:31:00+05:30,portfolio_replay,PREMIUM,ENTER,iron_condor,23725.85,18.87,1.0,0.0,0.0,1.039,0.146,0.773,6,9,31,2,0,80,0,80,75,high_vol_range,50.25,75,,,
2026-03-18T10:20:00+05:30,portfolio_replay,TREND,ENTER,debit_spread,23707.1,19.0,1.0,0.0,0.0,1.039,0.066,0.461,6,10,20,2,0,62,0,62,60,high_vol_range,47.65,75,,,
2026-03-18T10:38:00+05:30,portfolio_replay,TREND,EXIT,debit_spread,23743.05,18.82,1.0,0.0,0.0,1.038,0.218,0.403,6,10,38,2,0,0,0,0,0,high_vol_range,0.0,0,Trend profit: spread at 50.2% of max,189.0,18
2026-03-18T15:15:00+05:30,portfolio_replay,PREMIUM,EXIT,iron_condor,23776.9,18.75,1.0,0.0,0.0,1.038,0.361,0.132,6,15,15,2,0,0,0,0,0,high_vol_range,0.0,0,Time exit,651.75,344
2026-03-18T09:30:00+05:30,portfolio_replay,PREMIUM,SKIP,idle,23732.2,18.86,1.0,0.0,0.0,1.039,0.172,0.773,6,9,30,2,0,67,0,67,75,high_vol_range,0.0,0,,,
2026-03-18T09:31:00+05:30,portfolio_replay,PREMIUM,ENTER,iron_condor,23725.85,18.87,1.0,0.0,0.0,1.039,0.146,0.773,6,9,31,2,0,80,0,80,75,high_vol_range,50.25,75,,,
2026-03-18T10:20:00+05:30,portfolio_replay,TREND,ENTER,debit_spread,23707.1,19.0,1.0,0.0,0.0,1.039,0.066,0.461,6,10,20,2,0,62,0,62,60,high_vol_range,47.65,75,,,
2026-03-18T10:38:00+05:30,portfolio_replay,TREND,EXIT,debit_spread,23743.05,18.82,1.0,0.0,0.0,1.038,0.218,0.403,6,10,38,2,0,0,0,0,0,high_vol_range,0.0,0,Trend profit: spread at 50.2% of max,189.0,18
2026-03-18T15:15:00+05:30,portfolio_replay,PREMIUM,EXIT,iron_condor,23776.9,18.75,1.0,0.0,0.0,1.038,0.361,0.132,6,15,15,2,0,0,0,0,0,high_vol_range,0.0,0,Time exit,651.75,344
2026-03-18T09:30:00+05:30,portfolio_replay,PREMIUM,SKIP,idle,23732.2,18.86,1.0,0.0,0.0,1.039,0.172,0.773,6,9,30,2,0,67,0,67,75,high_vol_range,0.0,0,,,
2026-03-18T09:31:00+05:30,portfolio_replay,PREMIUM,ENTER,iron_condor,23725.85,18.87,1.0,0.0,0.0,1.039,0.146,0.773,6,9,31,2,0,80,0,80,75,high_vol_range,50.25,75,,,
2026-03-18T10:20:00+05:30,portfolio_replay,TREND,ENTER,debit_spread,23707.1,19.0,1.0,0.0,0.0,1.039,0.066,0.461,6,10,20,2,0,62,0,62,60,high_vol_range,47.65,75,,,
2026-03-18T10:38:00+05:30,portfolio_replay,TREND,EXIT,debit_spread,23743.05,18.82,1.0,0.0,0.0,1.038,0.218,0.403,6,10,38,2,0,0,0,0,0,high_vol_range,0.0,0,Trend profit: spread at 50.2% of max,189.0,18
2026-03-18T15:15:00+05:30,portfolio_replay,PREMIUM,EXIT,iron_condor,23776.9,18.75,1.0,0.0,0.0,1.038,0.361,0.132,6,15,15,2,0,0,0,0,0,high_vol_range,0.0,0,Time exit,651.75,344
2026-03-18T09:30:00+05:30,portfolio_replay,PREMIUM,SKIP,idle,23732.2,18.86,1.0,0.0,0.0,1.039,0.172,0.773,6,9,30,2,0,67,0,67,75,high_vol_range,0.0,0,,,
2026-03-18T09:31:00+05:30,portfolio_replay,PREMIUM,ENTER,iron_condor,23725.85,18.87,1.0,0.0,0.0,1.039,0.146,0.773,6,9,31,2,0,80,0,80,75,high_vol_range,50.25,75,,,
2026-03-18T10:20:00+05:30,portfolio_replay,TREND,ENTER,debit_spread,23707.1,19.0,1.0,0.0,0.0,1.039,0.066,0.461,6,10,20,2,0,62,0,62,60,high_vol_range,47.65,75,,,
2026-03-18T15:15:00+05:30,portfolio_replay,PREMIUM,EXIT,iron_condor,23776.9,18.75,1.0,0.0,0.0,1.038,0.361,0.132,6,15,15,2,0,0,0,0,0,high_vol_range,0.0,0,Time exit,651.75,344
2026-03-18T15:16:00+05:30,portfolio_replay,TREND,EXIT,debit_spread,23778.6,18.76,1.0,0.0,0.0,1.038,0.368,0.132,6,15,16,2,0,0,0,0,0,high_vol_range,0.0,0,Time exit,347.25,296
2026-03-18T09:30:00+05:30,portfolio_replay,PREMIUM,SKIP,idle,23732.2,18.86,1.0,0.0,0.0,1.039,0.172,0.773,6,9,30,2,0,67,0,67,75,high_vol_range,0.0,0,,,
2026-03-18T09:31:00+05:30,portfolio_replay,PREMIUM,ENTER,iron_condor,23725.85,18.87,1.0,0.0,0.0,1.039,0.146,0.773,6,9,31,2,0,80,0,80,75,high_vol_range,50.25,75,,,
2026-03-18T10:20:00+05:30,portfolio_replay,TREND,ENTER,debit_spread,23707.1,19.0,1.0,0.0,0.0,1.039,0.066,0.461,6,10,20,2,0,62,0,62,60,high_vol_range,47.65,75,,,
2026-03-18T15:15:00+05:30,portfolio_replay,PREMIUM,EXIT,iron_condor,23776.9,18.75,1.0,0.0,0.0,1.038,0.361,0.132,6,15,15,2,0,0,0,0,0,high_vol_range,0.0,0,Time exit,651.75,344
2026-03-18T15:16:00+05:30,portfolio_replay,TREND,EXIT,debit_spread,23778.6,18.76,1.0,0.0,0.0,1.038,0.368,0.132,6,15,16,2,0,0,0,0,0,high_vol_range,0.0,0,Time exit,347.25,296
2026-03-18T09:30:00+05:30,portfolio_replay,PREMIUM,SKIP,idle,23732.2,18.86,1.0,0.0,0.0,1.039,0.172,0.773,6,9,30,2,0,67,0,67,75,high_vol_range,0.0,0,,,
2026-03-18T09:31:00+05:30,portfolio_replay,PREMIUM,ENTER,iron_condor,23725.85,18.87,1.0,0.0,0.0,1.039,0.146,0.773,6,9,31,2,0,80,0,80,75,high_vol_range,50.25,75,,,
2026-03-18T10:20:00+05:30,portfolio_replay,TREND,ENTER,debit_spread,23707.1,19.0,1.0,0.0,0.0,1.039,0.066,0.461,6,10,20,2,0,62,0,62,60,high_vol_range,47.65,75,,,
2026-03-18T10:38:00+05:30,portfolio_replay,TREND,EXIT,debit_spread,23743.05,18.82,1.0,0.0,0.0,1.038,0.218,0.403,6,10,38,2,0,0,0,0,0,high_vol_range,0.0,0,Trend profit: spread at 50.2% of max,189.0,18
2026-03-18T15:15:00+05:30,portfolio_replay,PREMIUM,EXIT,iron_condor,23776.9,18.75,1.0,0.0,0.0,1.038,0.361,0.132,6,15,15,2,0,0,0,0,0,high_vol_range,0.0,0,Time exit,651.75,344
2026-03-18T09:30:00+05:30,portfolio_replay,PREMIUM,SKIP,idle,23732.2,18.86,1.0,0.0,0.0,1.039,0.172,0.773,6,9,30,2,0,67,0,67,75,high_vol_range,0.0,0,,,
2026-03-18T09:31:00+05:30,portfolio_replay,PREMIUM,ENTER,iron_condor,23725.85,18.87,1.0,0.0,0.0,1.039,0.146,0.773,6,9,31,2,0,80,0,80,75,high_vol_range,50.25,75,,,
2026-03-18T10:20:00+05:30,portfolio_replay,TREND,ENTER,debit_spread,23707.1,19.0,1.0,0.0,0.0,1.039,0.066,0.461,6,10,20,2,0,62,0,62,55,high_vol_range,47.65,75,,,
2026-03-18T10:38:00+05:30,portfolio_replay,TREND,EXIT,debit_spread,23743.05,18.82,1.0,0.0,0.0,1.038,0.218,0.403,6,10,38,2,0,0,0,0,0,high_vol_range,0.0,0,Trend profit: spread at 50.2% of max,189.0,18
2026-03-18T15:15:00+05:30,portfolio_replay,PREMIUM,EXIT,iron_condor,23776.9,18.75,1.0,0.0,0.0,1.038,0.361,0.132,6,15,15,2,0,0,0,0,0,high_vol_range,0.0,0,Time exit,651.75,344
2026-03-18T09:30:00+05:30,portfolio_replay,PREMIUM,SKIP,idle,23732.2,18.86,1.0,0.0,0.0,1.039,0.172,0.773,6,9,30,2,0,67,0,67,75,high_vol_range,0.0,0,,,
2026-03-18T09:31:00+05:30,portfolio_replay,PREMIUM,ENTER,iron_condor,23725.85,18.87,1.0,0.0,0.0,1.039,0.146,0.773,6,9,31,2,0,80,0,80,75,high_vol_range,50.25,75,,,
2026-03-18T10:00:00+05:30,portfolio_replay,TREND,ENTER,debit_spread,23686.7,19.0,1.0,0.0,0.0,1.039,0.02,0.346,6,10,0,2,0,50,0,50,50,high_vol_range,46.27,75,,,
2026-03-18T10:38:00+05:30,portfolio_replay,TREND,EXIT,debit_spread,23743.05,18.82,1.0,0.0,0.0,1.038,0.218,0.403,6,10,38,2,0,0,0,0,0,high_vol_range,0.0,0,Trend profit: spread at 50.2% of max,292.5,38
2026-03-18T15:15:00+05:30,portfolio_replay,PREMIUM,EXIT,iron_condor,23776.9,18.75,1.0,0.0,0.0,1.038,0.361,0.132,6,15,15,2,0,0,0,0,0,high_vol_range,0.0,0,Time exit,651.75,344
2026-03-18T09:30:00+05:30,portfolio_replay,PREMIUM,SKIP,idle,23732.2,18.86,1.0,0.0,0.0,1.039,0.172,0.773,6,9,30,2,0,67,0,67,75,high_vol_range,0.0,0,,,
2026-03-18T09:31:00+05:30,portfolio_replay,PREMIUM,ENTER,iron_condor,23725.85,18.87,1.0,0.0,0.0,1.039,0.146,0.773,6,9,31,2,0,80,0,80,75,high_vol_range,50.25,75,,,
2026-03-18T10:20:00+05:30,portfolio_replay,TREND,ENTER,debit_spread,23707.1,19.0,1.0,0.0,0.0,1.039,0.066,0.461,6,10,20,2,0,62,0,62,55,high_vol_range,47.65,75,,,
2026-03-18T10:38:00+05:30,portfolio_replay,TREND,EXIT,debit_spread,23743.05,18.82,1.0,0.0,0.0,1.038,0.218,0.403,6,10,38,2,0,0,0,0,0,high_vol_range,0.0,0,Trend profit: spread at 50.2% of max,189.0,18
2026-03-18T15:15:00+05:30,portfolio_replay,PREMIUM,EXIT,iron_condor,23776.9,18.75,1.0,0.0,0.0,1.038,0.361,0.132,6,15,15,2,0,0,0,0,0,high_vol_range,0.0,0,Time exit,651.75,344
2026-03-18T09:30:00+05:30,portfolio_replay,PREMIUM,SKIP,idle,23732.2,18.86,1.0,0.0,0.0,1.039,0.172,0.773,6,9,30,2,0,67,0,67,75,high_vol_range,0.0,0,,,
2026-03-18T09:31:00+05:30,portfolio_replay,PREMIUM,ENTER,iron_condor,23725.85,18.87,1.0,0.0,0.0,1.039,0.146,0.773,6,9,31,2,0,80,0,80,75,high_vol_range,50.25,75,,,
2026-03-18T10:20:00+05:30,portfolio_replay,TREND,ENTER,debit_spread,23707.1,19.0,1.0,0.0,0.0,1.039,0.066,0.461,6,10,20,2,0,62,0,62,55,high_vol_range,47.65,75,,,
2026-03-18T10:38:00+05:30,portfolio_replay,TREND,EXIT,debit_spread,23743.05,18.82,1.0,0.0,0.0,1.038,0.218,0.403,6,10,38,2,0,0,0,0,0,high_vol_range,0.0,0,Trend profit: spread at 50.2% of max,189.0,18
2026-03-18T15:15:00+05:30,portfolio_replay,PREMIUM,EXIT,iron_condor,23776.9,18.75,1.0,0.0,0.0,1.038,0.361,0.132,6,15,15,2,0,0,0,0,0,high_vol_range,0.0,0,Time exit,651.75,344
2026-03-18T09:30:00+05:30,portfolio_replay,PREMIUM,SKIP,idle,23732.2,18.86,1.0,0.0,0.0,1.039,0.172,0.773,6,9,30,2,0,67,0,67,75,high_vol_range,0.0,0,,,
2026-03-18T09:31:00+05:30,portfolio_replay,PREMIUM,ENTER,iron_condor,23725.85,18.87,1.0,0.0,0.0,1.039,0.146,0.773,6,9,31,2,0,80,0,80,75,high_vol_range,50.25,75,,,
2026-03-18T10:20:00+05:30,portfolio_replay,TREND,ENTER,debit_spread,23707.1,19.0,1.0,0.0,0.0,1.039,0.066,0.461,6,10,20,2,0,62,0,62,60,high_vol_range,47.65,75,,,
2026-03-18T15:15:00+05:30,portfolio_replay,PREMIUM,EXIT,iron_condor,23776.9,18.75,1.0,0.0,0.0,1.038,0.361,0.132,6,15,15,2,0,0,0,0,0,high_vol_range,0.0,0,Time exit,651.75,344
2026-03-18T15:16:00+05:30,portfolio_replay,TREND,EXIT,debit_spread,23778.6,18.76,1.0,0.0,0.0,1.038,0.368,0.132,6,15,16,2,0,0,0,0,0,high_vol_range,0.0,0,Time exit,347.25,296
2026-03-18T09:30:00+05:30,portfolio_replay,PREMIUM,SKIP,idle,23732.2,18.86,1.0,0.0,0.0,1.039,0.172,0.773,6,9,30,2,0,67,0,67,75,high_vol_range,0.0,0,,,
2026-03-18T09:31:00+05:30,portfolio_replay,PREMIUM,ENTER,iron_condor,23725.85,18.87,1.0,0.0,0.0,1.039,0.146,0.773,6,9,31,2,0,80,0,80,75,high_vol_range,50.25,75,,,
2026-03-18T10:20:00+05:30,portfolio_replay,TREND,ENTER,debit_spread,23707.1,19.0,1.0,0.0,0.0,1.039,0.066,0.461,6,10,20,2,0,62,0,62,60,high_vol_range,47.65,75,,,
2026-03-18T10:38:00+05:30,portfolio_replay,TREND,EXIT,debit_spread,23743.05,18.82,1.0,0.0,0.0,1.038,0.218,0.403,6,10,38,2,0,0,0,0,0,high_vol_range,0.0,0,Trend profit: spread at 50.2% of max,189.0,18
2026-03-18T15:15:00+05:30,portfolio_replay,PREMIUM,EXIT,iron_condor,23776.9,18.75,1.0,0.0,0.0,1.038,0.361,0.132,6,15,15,2,0,0,0,0,0,high_vol_range,0.0,0,Time exit,651.75,344
2026-03-18T09:30:00+05:30,portfolio_replay,PREMIUM,SKIP,idle,23732.2,18.86,1.0,0.0,0.0,1.039,0.172,0.773,6,9,30,2,0,67,0,67,75,high_vol_range,0.0,0,,,
2026-03-18T09:31:00+05:30,portfolio_replay,PREMIUM,ENTER,iron_condor,23725.85,18.87,1.0,0.0,0.0,1.039,0.146,0.773,6,9,31,2,0,80,0,80,75,high_vol_range,50.25,75,,,
2026-03-18T10:20:00+05:30,portfolio_replay,TREND,ENTER,debit_spread,23707.1,19.0,1.0,0.0,0.0,1.039,0.066,0.461,6,10,20,2,0,62,0,62,60,high_vol_range,47.65,75,,,
2026-03-18T10:38:00+05:30,portfolio_replay,TREND,EXIT,debit_spread,23743.05,18.82,1.0,0.0,0.0,1.038,0.218,0.403,6,10,38,2,0,0,0,0,0,high_vol_range,0.0,0,Trend profit: spread at 50.2% of max,189.0,18
2026-03-18T15:15:00+05:30,portfolio_replay,PREMIUM,EXIT,iron_condor,23776.9,18.75,1.0,0.0,0.0,1.038,0.361,0.132,6,15,15,2,0,0,0,0,0,high_vol_range,0.0,0,Time exit,651.75,344
2026-03-18T09:30:00+05:30,portfolio_replay,PREMIUM,SKIP,idle,23732.2,18.86,1.0,0.0,0.0,1.039,0.172,0.773,6,9,30,2,0,67,0,67,75,high_vol_range,0.0,0,,,
2026-03-18T09:31:00+05:30,portfolio_replay,PREMIUM,ENTER,iron_condor,23725.85,18.87,1.0,0.0,0.0,1.039,0.146,0.773,6,9,31,2,0,80,0,80,75,high_vol_range,50.25,75,,,
2026-03-18T10:20:00+05:30,portfolio_replay,TREND,ENTER,debit_spread,23707.1,19.0,1.0,0.0,0.0,1.039,0.066,0.461,6,10,20,2,0,62,0,62,60,high_vol_range,47.65,75,,,
2026-03-18T10:38:00+05:30,portfolio_replay,TREND,EXIT,debit_spread,23743.05,18.82,1.0,0.0,0.0,1.038,0.218,0.403,6,10,38,2,0,0,0,0,0,high_vol_range,0.0,0,Trend profit: spread at 50.2% of max,189.0,18
2026-03-18T15:15:00+05:30,portfolio_replay,PREMIUM,EXIT,iron_condor,23776.9,18.75,1.0,0.0,0.0,1.038,0.361,0.132,6,15,15,2,0,0,0,0,0,high_vol_range,0.0,0,Time exit,651.75,344
2026-03-18T09:30:00+05:30,portfolio_replay,PREMIUM,SKIP,idle,23732.2,18.86,1.0,0.0,0.0,1.039,0.172,0.773,6,9,30,2,0,67,0,67,75,high_vol_range,0.0,0,,,
2026-03-18T09:31:00+05:30,portfolio_replay,PREMIUM,ENTER,iron_condor,23725.85,18.87,1.0,0.0,0.0,1.039,0.146,0.773,6,9,31,2,0,80,0,80,75,high_vol_range,50.25,75,,,
2026-03-18T10:20:00+05:30,portfolio_replay,TREND,ENTER,debit_spread,23707.1,19.0,1.0,0.0,0.0,1.039,0.066,0.461,6,10,20,2,0,62,0,62,60,high_vol_range,47.65,75,,,
2026-03-18T10:38:00+05:30,portfolio_replay,TREND,EXIT,debit_spread,23743.05,18.82,1.0,0.0,0.0,1.038,0.218,0.403,6,10,38,2,0,0,0,0,0,high_vol_range,0.0,0,Trend profit: spread at 50.2% of max,189.0,18
2026-03-18T15:15:00+05:30,portfolio_replay,PREMIUM,EXIT,iron_condor,23776.9,18.75,1.0,0.0,0.0,1.038,0.361,0.132,6,15,15,2,0,0,0,0,0,high_vol_range,0.0,0,Time exit,651.75,344
2026-03-18T09:30:00+05:30,portfolio_replay,PREMIUM,SKIP,idle,23732.2,18.86,1.0,0.0,0.0,1.039,0.172,0.773,6,9,30,2,0,67,0,67,75,high_vol_range,0.0,0,,,
2026-03-18T09:31:00+05:30,portfolio_replay,PREMIUM,ENTER,iron_condor,23725.85,18.87,1.0,0.0,0.0,1.039,0.146,0.773,6,9,31,2,0,80,0,80,75,high_vol_range,50.25,75,,,
2026-03-18T10:20:00+05:30,portfolio_replay,TREND,ENTER,debit_spread,23707.1,19.0,1.0,0.0,0.0,1.039,0.066,0.461,6,10,20,2,0,62,0,62,60,high_vol_range,47.65,75,,,
2026-03-18T10:38:00+05:30,portfolio_replay,TREND,EXIT,debit_spread,23743.05,18.82,1.0,0.0,0.0,1.038,0.218,0.403,6,10,38,2,0,0,0,0,0,high_vol_range,0.0,0,Trend profit: spread at 50.2% of max,189.0,18
2026-03-18T15:15:00+05:30,portfolio_replay,PREMIUM,EXIT,iron_condor,23776.9,18.75,1.0,0.0,0.0,1.038,0.361,0.132,6,15,15,2,0,0,0,0,0,high_vol_range,0.0,0,Time exit,651.75,344
2026-03-18T09:30:00+05:30,portfolio_replay,PREMIUM,SKIP,idle,23732.2,18.86,1.0,0.0,0.0,1.039,0.172,0.773,6,9,30,2,0,67,0,67,75,high_vol_range,0.0,0,,,
2026-03-18T09:31:00+05:30,portfolio_replay,PREMIUM,ENTER,iron_condor,23725.85,18.87,1.0,0.0,0.0,1.039,0.146,0.773,6,9,31,2,0,80,0,80,75,high_vol_range,50.25,75,,,
2026-03-18T10:20:00+05:30,portfolio_replay,TREND,ENTER,debit_spread,23707.1,19.0,1.0,0.0,0.0,1.039,0.066,0.461,6,10,20,2,0,62,0,62,60,high_vol_range,47.65,75,,,
2026-03-18T10:38:00+05:30,portfolio_replay,TREND,EXIT,debit_spread,23743.05,18.82,1.0,0.0,0.0,1.038,0.218,0.403,6,10,38,2,0,0,0,0,0,high_vol_range,0.0,0,Trend profit: spread at 50.2% of max,189.0,18
2026-03-18T15:15:00+05:30,portfolio_replay,PREMIUM,EXIT,iron_condor,23776.9,18.75,1.0,0.0,0.0,1.038,0.361,0.132,6,15,15,2,0,0,0,0,0,high_vol_range,0.0,0,Time exit,651.75,344
2026-03-18T09:30:00+05:30,portfolio_replay,PREMIUM,SKIP,idle,23732.2,18.86,1.0,0.0,0.0,1.039,0.172,0.773,6,9,30,2,0,67,0,67,75,high_vol_range,0.0,0,,,
2026-03-18T09:31:00+05:30,portfolio_replay,PREMIUM,ENTER,iron_condor,23725.85,18.87,1.0,0.0,0.0,1.039,0.146,0.773,6,9,31,2,0,80,0,80,75,high_vol_range,50.25,75,,,
2026-03-18T10:20:00+05:30,portfolio_replay,TREND,ENTER,debit_spread,23707.1,19.0,1.0,0.0,0.0,1.039,0.066,0.461,6,10,20,2,0,62,0,62,60,high_vol_range,47.65,75,,,
2026-03-18T10:38:00+05:30,portfolio_replay,TREND,EXIT,debit_spread,23743.05,18.82,1.0,0.0,0.0,1.038,0.218,0.403,6,10,38,2,0,0,0,0,0,high_vol_range,0.0,0,Trend profit: spread at 50.2% of max,189.0,18
2026-03-18T15:15:00+05:30,portfolio_replay,PREMIUM,EXIT,iron_condor,23776.9,18.75,1.0,0.0,0.0,1.038,0.361,0.132,6,15,15,2,0,0,0,0,0,high_vol_range,0.0,0,Time exit,651.75,344
2026-03-18T09:30:00+05:30,portfolio_replay,PREMIUM,SKIP,idle,23732.2,18.86,1.0,0.0,0.0,1.039,0.172,0.773,6,9,30,2,0,67,0,67,75,high_vol_range,0.0,0,,,
2026-03-18T09:31:00+05:30,portfolio_replay,PREMIUM,ENTER,iron_condor,23725.85,18.87,1.0,0.0,0.0,1.039,0.146,0.773,6,9,31,2,0,80,0,80,75,high_vol_range,50.25,75,,,
2026-03-18T10:20:00+05:30,portfolio_replay,TREND,ENTER,debit_spread,23707.1,19.0,1.0,0.0,0.0,1.039,0.066,0.461,6,10,20,2,0,62,0,62,60,high_vol_range,47.65,75,,,
2026-03-18T10:38:00+05:30,portfolio_replay,TREND,EXIT,debit_spread,23743.05,18.82,1.0,0.0,0.0,1.038,0.218,0.403,6,10,38,2,0,0,0,0,0,high_vol_range,0.0,0,Trend profit: spread at 50.2% of max,189.0,18
2026-03-18T15:15:00+05:30,portfolio_replay,PREMIUM,EXIT,iron_condor,23776.9,18.75,1.0,0.0,0.0,1.038,0.361,0.132,6,15,15,2,0,0,0,0,0,high_vol_range,0.0,0,Time exit,651.75,344
2026-03-18T09:30:00+05:30,portfolio_replay,PREMIUM,SKIP,idle,23732.2,18.86,1.0,0.0,0.0,1.039,0.172,0.773,6,9,30,2,0,67,0,67,75,high_vol_range,0.0,0,,,
2026-03-18T09:31:00+05:30,portfolio_replay,PREMIUM,ENTER,iron_condor,23725.85,18.87,1.0,0.0,0.0,1.039,0.146,0.773,6,9,31,2,0,80,0,80,75,high_vol_range,34.56,75,,,
2026-03-18T10:20:00+05:30,portfolio_replay,TREND,ENTER,debit_spread,23707.1,19.0,1.0,0.0,0.0,1.039,0.066,0.461,6,10,20,2,0,62,0,62,60,high_vol_range,47.65,75,,,
2026-03-18T10:38:00+05:30,portfolio_replay,TREND,EXIT,debit_spread,23743.05,18.82,1.0,0.0,0.0,1.038,0.218,0.403,6,10,38,2,0,0,0,0,0,high_vol_range,0.0,0,Trend profit: spread at 50.2% of max,189.0,18
2026-03-18T15:15:00+05:30,portfolio_replay,PREMIUM,EXIT,iron_condor,23776.9,18.75,1.0,0.0,0.0,1.038,0.361,0.132,6,15,15,2,0,0,0,0,0,high_vol_range,0.0,0,Time exit,407.25,344
2026-03-18T09:30:00+05:30,portfolio_replay,PREMIUM,SKIP,idle,23732.2,18.86,1.0,0.0,0.0,1.039,0.172,0.773,6,9,30,2,0,67,0,67,75,high_vol_range,0.0,0,,,
2026-03-18T09:31:00+05:30,portfolio_replay,PREMIUM,ENTER,iron_condor,23725.85,18.87,1.0,0.0,0.0,1.039,0.146,0.773,6,9,31,2,0,80,0,80,75,high_vol_range,61.52,75,,,
2026-03-18T10:20:00+05:30,portfolio_replay,TREND,ENTER,debit_spread,23707.1,19.0,1.0,0.0,0.0,1.039,0.066,0.461,6,10,20,2,0,62,0,62,60,high_vol_range,47.65,75,,,
2026-03-18T10:38:00+05:30,portfolio_replay,TREND,EXIT,debit_spread,23743.05,18.82,1.0,0.0,0.0,1.038,0.218,0.403,6,10,38,2,0,0,0,0,0,high_vol_range,0.0,0,Trend profit: spread at 50.2% of max,189.0,18
2026-03-18T15:15:00+05:30,portfolio_replay,PREMIUM,EXIT,iron_condor,23776.9,18.75,1.0,0.0,0.0,1.038,0.361,0.132,6,15,15,2,0,0,0,0,0,high_vol_range,0.0,0,Time exit,864.0,344
2026-03-18T09:30:00+05:30,portfolio_replay,PREMIUM,SKIP,idle,23732.2,18.86,1.0,0.0,0.0,1.039,0.172,0.773,6,9,30,2,0,67,0,67,75,high_vol_range,0.0,0,,,
2026-03-18T09:31:00+05:30,portfolio_replay,PREMIUM,ENTER,iron_condor,23725.85,18.87,1.0,0.0,0.0,1.039,0.146,0.773,6,9,31,2,0,80,0,80,75,high_vol_range,50.25,75,,,
2026-03-18T10:20:00+05:30,portfolio_replay,TREND,ENTER,debit_spread,23707.1,19.0,1.0,0.0,0.0,1.039,0.066,0.461,6,10,20,2,0,62,0,62,60,high_vol_range,68.81,75,,,
2026-03-18T10:54:00+05:30,portfolio_replay,TREND,EXIT,debit_spread,23768.15,18.84,1.0,0.0,0.0,1.039,0.324,0.222,6,10,54,2,0,0,0,0,0,high_vol_range,0.0,0,Trend profit: spread at 50.2% of max,484.5,34
2026-03-18T15:15:00+05:30,portfolio_replay,PREMIUM,EXIT,iron_condor,23776.9,18.75,1.0,0.0,0.0,1.038,0.361,0.132,6,15,15,2,0,0,0,0,0,high_vol_range,0.0,0,Time exit,651.75,344
2026-03-18T09:30:00+05:30,portfolio_replay,PREMIUM,SKIP,idle,23732.2,18.86,1.0,0.0,0.0,1.039,0.172,0.773,6,9,30,2,0,67,0,67,75,high_vol_range,0.0,0,,,
2026-03-18T09:31:00+05:30,portfolio_replay,PREMIUM,ENTER,iron_condor,23725.85,18.87,1.0,0.0,0.0,1.039,0.146,0.773,6,9,31,2,0,80,0,80,75,high_vol_range,50.25,75,,,
2026-03-18T10:20:00+05:30,portfolio_replay,TREND,ENTER,debit_spread,23707.1,19.0,1.0,0.0,0.0,1.039,0.066,0.461,6,10,20,2,0,62,0,62,60,high_vol_range,88.21,75,,,
2026-03-18T11:20:00+05:30,portfolio_replay,TREND,EXIT,debit_spread,23791.2,18.86,1.0,0.0,0.0,1.038,0.421,0.142,6,11,20,2,0,0,0,0,0,high_vol_range,0.0,0,Trend profit: spread at 50.0% of max,886.5,60
2026-03-18T15:15:00+05:30,portfolio_replay,PREMIUM,EXIT,iron_condor,23776.9,18.75,1.0,0.0,0.0,1.038,0.361,0.132,6,15,15,2,0,0,0,0,0,high_vol_range,0.0,0,Time exit,651.75,344
2026-03-18T09:30:00+05:30,portfolio_replay,PREMIUM,SKIP,idle,23732.2,18.86,1.0,0.0,0.0,1.039,0.172,0.773,6,9,30,2,0,67,0,67,75,high_vol_range,0.0,0,,,
2026-03-18T09:31:00+05:30,portfolio_replay,PREMIUM,ENTER,iron_condor,23725.85,18.87,1.0,0.0,0.0,1.039,0.146,0.773,6,9,31,2,0,80,0,80,75,high_vol_range,50.25,75,,,
2026-03-18T10:20:00+05:30,portfolio_replay,TREND,ENTER,debit_spread,23707.1,19.0,1.0,0.0,0.0,1.039,0.066,0.461,6,10,20,2,0,62,0,62,60,high_vol_range,47.65,75,,,
2026-03-18T10:38:00+05:30,portfolio_replay,TREND,EXIT,debit_spread,23743.05,18.82,1.0,0.0,0.0,1.038,0.218,0.403,6,10,38,2,0,0,0,0,0,high_vol_range,0.0,0,Trend profit: spread at 50.2% of max,189.0,18
2026-03-18T15:15:00+05:30,portfolio_replay,PREMIUM,EXIT,iron_condor,23776.9,18.75,1.0,0.0,0.0,1.038,0.361,0.132,6,15,15,2,0,0,0,0,0,high_vol_range,0.0,0,Time exit,651.75,344
2026-03-18T09:30:00+05:30,portfolio_replay,PREMIUM,SKIP,idle,23732.2,18.86,1.0,0.0,0.0,1.039,0.172,0.773,6,9,30,2,0,67,0,67,75,high_vol_range,0.0,0,,,
2026-03-18T09:31:00+05:30,portfolio_replay,PREMIUM,ENTER,iron_condor,23725.85,18.87,1.0,0.0,0.0,1.039,0.146,0.773,6,9,31,2,0,80,0,80,75,high_vol_range,50.25,75,,,
2026-03-18T10:20:00+05:30,portfolio_replay,TREND,ENTER,debit_spread,23707.1,19.0,1.0,0.0,0.0,1.039,0.066,0.461,6,10,20,2,0,62,0,62,60,high_vol_range,47.65,75,,,
2026-03-18T10:38:00+05:30,portfolio_replay,TREND,EXIT,debit_spread,23743.05,18.82,1.0,0.0,0.0,1.038,0.218,0.403,6,10,38,2,0,0,0,0,0,high_vol_range,0.0,0,Trend profit: spread at 50.2% of max,189.0,18
2026-03-18T15:15:00+05:30,portfolio_replay,PREMIUM,EXIT,iron_condor,23776.9,18.75,1.0,0.0,0.0,1.038,0.361,0.132,6,15,15,2,0,0,0,0,0,high_vol_range,0.0,0,Time exit,651.75,344
2026-03-18T09:30:00+05:30,portfolio_replay,PREMIUM,SKIP,idle,23732.2,18.86,1.0,0.0,0.0,1.039,0.172,0.773,6,9,30,2,0,67,0,67,75,high_vol_range,0.0,0,,,
2026-03-18T09:31:00+05:30,portfolio_replay,PREMIUM,ENTER,iron_condor,23725.85,18.87,1.0,0.0,0.0,1.039,0.146,0.773,6,9,31,2,0,80,0,80,75,high_vol_range,50.25,75,,,
2026-03-18T10:20:00+05:30,portfolio_replay,TREND,ENTER,debit_spread,23707.1,19.0,1.0,0.0,0.0,1.039,0.066,0.461,6,10,20,2,0,62,0,62,60,high_vol_range,47.65,75,,,
2026-03-18T10:38:00+05:30,portfolio_replay,TREND,EXIT,debit_spread,23743.05,18.82,1.0,0.0,0.0,1.038,0.218,0.403,6,10,38,2,0,0,0,0,0,high_vol_range,0.0,0,Trend profit: spread at 50.2% of max,189.0,18
2026-03-18T15:15:00+05:30,portfolio_replay,PREMIUM,EXIT,iron_condor,23776.9,18.75,1.0,0.0,0.0,1.038,0.361,0.132,6,15,15,2,0,0,0,0,0,high_vol_range,0.0,0,Time exit,651.75,344
2026-03-18T09:30:00+05:30,portfolio_replay,PREMIUM,SKIP,idle,23732.2,18.86,1.0,0.0,0.0,1.039,0.172,0.773,6,9,30,2,0,67,0,67,75,high_vol_range,0.0,0,,,
2026-03-18T09:31:00+05:30,portfolio_replay,PREMIUM,ENTER,iron_condor,23725.85,18.87,1.0,0.0,0.0,1.039,0.146,0.773,6,9,31,2,0,80,0,80,75,high_vol_range,50.25,75,,,
2026-03-18T10:20:00+05:30,portfolio_replay,TREND,ENTER,debit_spread,23707.1,19.0,1.0,0.0,0.0,1.039,0.066,0.461,6,10,20,2,0,62,0,62,60,high_vol_range,68.81,75,,,
2026-03-18T10:54:00+05:30,portfolio_replay,TREND,EXIT,debit_spread,23768.15,18.84,1.0,0.0,0.0,1.039,0.324,0.222,6,10,54,2,0,0,0,0,0,high_vol_range,0.0,0,Trend profit: spread at 50.2% of max,484.5,34
2026-03-18T15:15:00+05:30,portfolio_replay,PREMIUM,EXIT,iron_condor,23776.9,18.75,1.0,0.0,0.0,1.038,0.361,0.132,6,15,15,2,0,0,0,0,0,high_vol_range,0.0,0,Time exit,651.75,344
2026-03-18T09:30:00+05:30,portfolio_replay,PREMIUM,SKIP,idle,23732.2,18.86,1.0,0.0,0.0,1.039,0.172,0.773,6,9,30,2,0,67,0,67,75,high_vol_range,0.0,0,,,
2026-03-18T09:31:00+05:30,portfolio_replay,PREMIUM,ENTER,iron_condor,23725.85,18.87,1.0,0.0,0.0,1.039,0.146,0.773,6,9,31,2,0,80,0,80,75,high_vol_range,50.25,75,,,
2026-03-18T10:20:00+05:30,portfolio_replay,TREND,ENTER,debit_spread,23707.1,19.0,1.0,0.0,0.0,1.039,0.066,0.461,6,10,20,2,0,62,0,62,60,high_vol_range,47.65,75,,,
2026-03-18T10:38:00+05:30,portfolio_replay,TREND,EXIT,debit_spread,23743.05,18.82,1.0,0.0,0.0,1.038,0.218,0.403,6,10,38,2,0,0,0,0,0,high_vol_range,0.0,0,Trend profit: spread at 50.2% of max,189.0,18
2026-03-18T15:15:00+05:30,portfolio_replay,PREMIUM,EXIT,iron_condor,23776.9,18.75,1.0,0.0,0.0,1.038,0.361,0.132,6,15,15,2,0,0,0,0,0,high_vol_range,0.0,0,Time exit,651.75,344
2026-03-18T09:30:00+05:30,portfolio_replay,PREMIUM,SKIP,idle,23732.2,18.86,1.0,0.0,0.0,1.039,0.172,0.773,6,9,30,2,0,67,0,67,75,high_vol_range,0.0,0,,,
2026-03-18T09:31:00+05:30,portfolio_replay,PREMIUM,ENTER,iron_condor,23725.85,18.87,1.0,0.0,0.0,1.039,0.146,0.773,6,9,31,2,0,80,0,80,75,high_vol_range,50.25,75,,,
2026-03-18T10:20:00+05:30,portfolio_replay,TREND,ENTER,debit_spread,23707.1,19.0,1.0,0.0,0.0,1.039,0.066,0.461,6,10,20,2,0,62,0,62,60,high_vol_range,47.65,75,,,
2026-03-18T10:38:00+05:30,portfolio_replay,TREND,EXIT,debit_spread,23743.05,18.82,1.0,0.0,0.0,1.038,0.218,0.403,6,10,38,2,0,0,0,0,0,high_vol_range,0.0,0,Trend profit: spread at 50.2% of max,189.0,18
2026-03-18T15:15:00+05:30,portfolio_replay,PREMIUM,EXIT,iron_condor,23776.9,18.75,1.0,0.0,0.0,1.038,0.361,0.132,6,15,15,2,0,0,0,0,0,high_vol_range,0.0,0,Time exit,651.75,344
2026-03-18T09:30:00+05:30,portfolio_replay,PREMIUM,SKIP,idle,23732.2,18.86,1.0,0.0,0.0,1.039,0.172,0.773,6,9,30,2,0,67,0,67,75,high_vol_range,0.0,0,,,
2026-03-18T09:31:00+05:30,portfolio_replay,PREMIUM,ENTER,iron_condor,23725.85,18.87,1.0,0.0,0.0,1.039,0.146,0.773,6,9,31,2,0,80,0,80,75,high_vol_range,50.25,75,,,
2026-03-18T10:20:00+05:30,portfolio_replay,TREND,ENTER,debit_spread,23707.1,19.0,1.0,0.0,0.0,1.039,0.066,0.461,6,10,20,2,0,62,0,62,60,high_vol_range,47.65,75,,,
2026-03-18T10:38:00+05:30,portfolio_replay,TREND,EXIT,debit_spread,23743.05,18.82,1.0,0.0,0.0,1.038,0.218,0.403,6,10,38,2,0,0,0,0,0,high_vol_range,0.0,0,Trend profit: spread at 50.2% of max,189.0,18
2026-03-18T15:15:00+05:30,portfolio_replay,PREMIUM,EXIT,iron_condor,23776.9,18.75,1.0,0.0,0.0,1.038,0.361,0.132,6,15,15,2,0,0,0,0,0,high_vol_range,0.0,0,Time exit,651.75,344
2026-03-18T09:30:00+05:30,portfolio_replay,PREMIUM,SKIP,idle,23732.2,18.86,1.0,0.0,0.0,1.039,0.172,0.773,6,9,30,2,0,67,0,67,75,high_vol_range,0.0,0,,,
2026-03-18T09:31:00+05:30,portfolio_replay,PREMIUM,ENTER,iron_condor,23725.85,18.87,1.0,0.0,0.0,1.039,0.146,0.773,6,9,31,2,0,80,0,80,75,high_vol_range,50.25,75,,,
2026-03-18T10:20:00+05:30,portfolio_replay,TREND,ENTER,debit_spread,23707.1,19.0,1.0,0.0,0.0,1.039,0.066,0.461,6,10,20,2,0,62,0,62,60,high_vol_range,47.65,75,,,
2026-03-18T10:38:00+05:30,portfolio_replay,TREND,EXIT,debit_spread,23743.05,18.82,1.0,0.0,0.0,1.038,0.218,0.403,6,10,38,2,0,0,0,0,0,high_vol_range,0.0,0,Trend profit: spread at 50.2% of max,189.0,18
2026-03-18T15:15:00+05:30,portfolio_replay,PREMIUM,EXIT,iron_condor,23776.9,18.75,1.0,0.0,0.0,1.038,0.361,0.132,6,15,15,2,0,0,0,0,0,high_vol_range,0.0,0,Time exit,651.75,344
2026-03-18T09:30:00+05:30,portfolio_replay,PREMIUM,SKIP,idle,23732.2,18.86,1.0,0.0,0.0,1.039,0.172,0.773,6,9,30,2,0,67,0,67,75,high_vol_range,0.0,0,,,
2026-03-18T09:31:00+05:30,portfolio_replay,PREMIUM,ENTER,iron_condor,23725.85,18.87,1.0,0.0,0.0,1.039,0.146,0.773,6,9,31,2,0,80,0,80,75,high_vol_range,50.25,75,,,
2026-03-18T10:20:00+05:30,portfolio_replay,TREND,ENTER,debit_spread,23707.1,19.0,1.0,0.0,0.0,1.039,0.066,0.461,6,10,20,2,0,62,0,62,60,high_vol_range,47.65,75,,,
2026-03-18T10:38:00+05:30,portfolio_replay,TREND,EXIT,debit_spread,23743.05,18.82,1.0,0.0,0.0,1.038,0.218,0.403,6,10,38,2,0,0,0,0,0,high_vol_range,0.0,0,Trend profit: spread at 50.2% of max,189.0,18
2026-03-18T15:15:00+05:30,portfolio_replay,PREMIUM,EXIT,iron_condor,23776.9,18.75,1.0,0.0,0.0,1.038,0.361,0.132,6,15,15,2,0,0,0,0,0,high_vol_range,0.0,0,Time exit,651.75,344
2026-03-18T09:30:00+05:30,portfolio_replay,PREMIUM,SKIP,idle,23732.2,18.86,1.0,0.0,0.0,1.039,0.172,0.773,6,9,30,2,0,67,0,67,75,high_vol_range,0.0,0,,,
2026-03-18T09:31:00+05:30,portfolio_replay,PREMIUM,ENTER,iron_condor,23725.85,18.87,1.0,0.0,0.0,1.039,0.146,0.773,6,9,31,2,0,80,0,80,75,high_vol_range,50.25,75,,,
2026-03-18T10:20:00+05:30,portfolio_replay,TREND,ENTER,debit_spread,23707.1,19.0,1.0,0.0,0.0,1.039,0.066,0.461,6,10,20,2,0,62,0,62,60,high_vol_range,47.65,75,,,
2026-03-18T10:38:00+05:30,portfolio_replay,TREND,EXIT,debit_spread,23743.05,18.82,1.0,0.0,0.0,1.038,0.218,0.403,6,10,38,2,0,0,0,0,0,high_vol_range,0.0,0,Trend profit: spread at 50.2% of max,189.0,18
2026-03-18T15:15:00+05:30,portfolio_replay,PREMIUM,EXIT,iron_condor,23776.9,18.75,1.0,0.0,0.0,1.038,0.361,0.132,6,15,15,2,0,0,0,0,0,high_vol_range,0.0,0,Time exit,651.75,344
2026-03-18T09:30:00+05:30,portfolio_replay,PREMIUM,SKIP,idle,23732.2,18.86,1.0,0.0,0.0,1.039,0.172,0.773,6,9,30,2,0,67,0,67,75,high_vol_range,0.0,0,,,
2026-03-18T09:31:00+05:30,portfolio_replay,PREMIUM,ENTER,iron_condor,23725.85,18.87,1.0,0.0,0.0,1.039,0.146,0.773,6,9,31,2,0,80,0,80,75,high_vol_range,50.25,75,,,
2026-03-18T10:20:00+05:30,portfolio_replay,TREND,ENTER,debit_spread,23707.1,19.0,1.0,0.0,0.0,1.039,0.066,0.461,6,10,20,2,0,62,0,62,60,high_vol_range,47.65,75,,,
2026-03-18T10:38:00+05:30,portfolio_replay,TREND,EXIT,debit_spread,23743.05,18.82,1.0,0.0,0.0,1.038,0.218,0.403,6,10,38,2,0,0,0,0,0,high_vol_range,0.0,0,Trend profit: spread at 50.2% of max,189.0,18
2026-03-18T15:15:00+05:30,portfolio_replay,PREMIUM,EXIT,iron_condor,23776.9,18.75,1.0,0.0,0.0,1.038,0.361,0.132,6,15,15,2,0,0,0,0,0,high_vol_range,0.0,0,Time exit,651.75,344
2026-03-18T09:30:00+05:30,portfolio_replay,PREMIUM,SKIP,idle,23732.2,18.86,1.0,0.0,0.0,1.039,0.172,0.773,6,9,30,2,0,67,0,67,75,high_vol_range,0.0,0,,,
2026-03-18T09:31:00+05:30,portfolio_replay,PREMIUM,ENTER,iron_condor,23725.85,18.87,1.0,0.0,0.0,1.039,0.146,0.773,6,9,31,2,0,80,0,80,75,high_vol_range,50.25,75,,,
2026-03-18T10:20:00+05:30,portfolio_replay,TREND,ENTER,debit_spread,23707.1,19.0,1.0,0.0,0.0,1.039,0.066,0.461,6,10,20,2,0,62,0,62,60,high_vol_range,47.65,75,,,
2026-03-18T10:38:00+05:30,portfolio_replay,TREND,EXIT,debit_spread,23743.05,18.82,1.0,0.0,0.0,1.038,0.218,0.403,6,10,38,2,0,0,0,0,0,high_vol_range,0.0,0,Trend profit: spread at 50.2% of max,189.0,18
2026-03-18T15:15:00+05:30,portfolio_replay,PREMIUM,EXIT,iron_condor,23776.9,18.75,1.0,0.0,0.0,1.038,0.361,0.132,6,15,15,2,0,0,0,0,0,high_vol_range,0.0,0,Time exit,651.75,344
2026-03-18T09:30:00+05:30,portfolio_replay,PREMIUM,SKIP,idle,23732.2,18.86,1.0,0.0,0.0,1.039,0.172,0.773,6,9,30,2,0,67,0,67,75,high_vol_range,0.0,0,,,
2026-03-18T09:31:00+05:30,portfolio_replay,PREMIUM,ENTER,iron_condor,23725.85,18.87,1.0,0.0,0.0,1.039,0.146,0.773,6,9,31,2,0,80,0,80,75,high_vol_range,50.25,75,,,
2026-03-18T10:20:00+05:30,portfolio_replay,TREND,ENTER,debit_spread,23707.1,19.0,1.0,0.0,0.0,1.039,0.066,0.461,6,10,20,2,0,62,0,62,60,high_vol_range,47.65,75,,,
2026-03-18T10:38:00+05:30,portfolio_replay,TREND,EXIT,debit_spread,23743.05,18.82,1.0,0.0,0.0,1.038,0.218,0.403,6,10,38,2,0,0,0,0,0,high_vol_range,0.0,0,Trend profit: spread at 50.2% of max,189.0,18
2026-03-18T15:15:00+05:30,portfolio_replay,PREMIUM,EXIT,iron_condor,23776.9,18.75,1.0,0.0,0.0,1.038,0.361,0.132,6,15,15,2,0,0,0,0,0,high_vol_range,0.0,0,Time exit,651.75,344
2026-03-18T09:30:00+05:30,portfolio_replay,PREMIUM,SKIP,idle,23732.2,18.86,1.0,0.0,0.0,1.039,0.172,0.773,6,9,30,2,0,67,0,67,75,high_vol_range,0.0,0,,,
2026-03-18T09:31:00+05:30,portfolio_replay,PREMIUM,ENTER,iron_condor,23725.85,18.87,1.0,0.0,0.0,1.039,0.146,0.773,6,9,31,2,0,80,0,80,75,high_vol_range,50.25,75,,,
2026-03-18T10:20:00+05:30,portfolio_replay,TREND,ENTER,debit_spread,23707.1,19.0,1.0,0.0,0.0,1.039,0.066,0.461,6,10,20,2,0,62,0,62,60,high_vol_range,47.65,75,,,
2026-03-18T10:38:00+05:30,portfolio_replay,TREND,EXIT,debit_spread,23743.05,18.82,1.0,0.0,0.0,1.038,0.218,0.403,6,10,38,2,0,0,0,0,0,high_vol_range,0.0,0,Trend profit: spread at 50.2% of max,189.0,18
2026-03-18T15:15:00+05:30,portfolio_replay,PREMIUM,EXIT,iron_condor,23776.9,18.75,1.0,0.0,0.0,1.038,0.361,0.132,6,15,15,2,0,0,0,0,0,high_vol_range,0.0,0,Time exit,651.75,344
2026-03-18T09:30:00+05:30,portfolio_replay,PREMIUM,SKIP,idle,23732.2,18.86,1.0,0.0,0.0,1.039,0.172,0.773,6,9,30,2,0,67,0,67,75,high_vol_range,0.0,0,,,
2026-03-18T09:31:00+05:30,portfolio_replay,PREMIUM,ENTER,iron_condor,23725.85,18.87,1.0,0.0,0.0,1.039,0.146,0.773,6,9,31,2,0,80,0,80,75,high_vol_range,50.25,75,,,
2026-03-18T10:20:00+05:30,portfolio_replay,TREND,ENTER,debit_spread,23707.1,19.0,1.0,0.0,0.0,1.039,0.066,0.461,6,10,20,2,0,62,0,62,60,high_vol_range,47.65,75,,,
2026-03-18T10:38:00+05:30,portfolio_replay,TREND,EXIT,debit_spread,23743.05,18.82,1.0,0.0,0.0,1.038,0.218,0.403,6,10,38,2,0,0,0,0,0,high_vol_range,0.0,0,Trend profit: spread at 50.2% of max,189.0,18
2026-03-18T15:15:00+05:30,portfolio_replay,PREMIUM,EXIT,iron_condor,23776.9,18.75,1.0,0.0,0.0,1.038,0.361,0.132,6,15,15,2,0,0,0,0,0,high_vol_range,0.0,0,Time exit,651.75,344
2026-03-18T09:30:00+05:30,portfolio_hist,PREMIUM,SKIP,idle,23732.2,18.86,1.0,0.0,0.0,1.039,0.172,0.773,6,9,30,2,0,67,0,67,75,high_vol_range,0.0,0,,,
2026-03-18T09:31:00+05:30,portfolio_hist,PREMIUM,ENTER,iron_condor,23725.85,18.87,1.0,0.0,0.0,1.039,0.146,0.773,6,9,31,2,0,80,0,80,75,high_vol_range,50.25,75,,,
2026-03-18T10:20:00+05:30,portfolio_hist,TREND,ENTER,debit_spread,23707.1,19.0,1.0,0.0,0.0,1.039,0.066,0.461,6,10,20,2,0,62,0,62,60,high_vol_range,47.65,75,,,
2026-03-18T10:38:00+05:30,portfolio_hist,TREND,EXIT,debit_spread,23743.05,18.82,1.0,0.0,0.0,1.038,0.218,0.403,6,10,38,2,0,0,0,0,0,high_vol_range,0.0,0,Trend profit: spread at 50.2% of max,189.0,18
2026-03-18T15:15:00+05:30,portfolio_hist,PREMIUM,EXIT,iron_condor,23776.9,18.75,1.0,0.0,0.0,1.038,0.361,0.132,6,15,15,2,0,0,0,0,0,high_vol_range,0.0,0,Time exit,651.75,344
2026-03-18T09:30:00+05:30,portfolio_hist,PREMIUM,SKIP,idle,23732.2,18.86,1.0,0.0,0.0,1.039,0.172,0.773,6,9,30,2,0,67,0,67,75,high_vol_range,0.0,0,,,
2026-03-18T09:31:00+05:30,portfolio_hist,PREMIUM,ENTER,iron_condor,23725.85,18.87,1.0,0.0,0.0,1.039,0.146,0.773,6,9,31,2,0,80,0,80,75,high_vol_range,50.25,75,,,
2026-03-18T10:20:00+05:30,portfolio_hist,TREND,ENTER,debit_spread,23707.1,19.0,1.0,0.0,0.0,1.039,0.066,0.461,6,10,20,2,0,62,0,62,60,high_vol_range,47.65,75,,,
2026-03-18T10:38:00+05:30,portfolio_hist,TREND,EXIT,debit_spread,23743.05,18.82,1.0,0.0,0.0,1.038,0.218,0.403,6,10,38,2,0,0,0,0,0,high_vol_range,0.0,0,Trend profit: spread at 50.2% of max,189.0,18
2026-03-18T15:15:00+05:30,portfolio_hist,PREMIUM,EXIT,iron_condor,23776.9,18.75,1.0,0.0,0.0,1.038,0.361,0.132,6,15,15,2,0,0,0,0,0,high_vol_range,0.0,0,Time exit,651.75,344
2026-03-18T09:30:00+05:30,portfolio_hist,PREMIUM,SKIP,idle,23732.2,18.86,1.0,0.0,0.0,1.039,0.172,0.773,6,9,30,2,0,67,0,67,75,high_vol_range,0.0,0,,,
2026-03-18T09:31:00+05:30,portfolio_hist,PREMIUM,ENTER,iron_condor,23725.85,18.87,1.0,0.0,0.0,1.039,0.146,0.773,6,9,31,2,0,80,0,80,75,high_vol_range,50.25,75,,,
2026-03-18T10:20:00+05:30,portfolio_hist,TREND,ENTER,debit_spread,23707.1,19.0,1.0,0.0,0.0,1.039,0.066,0.461,6,10,20,2,0,62,0,62,60,high_vol_range,47.65,75,,,
2026-03-18T10:38:00+05:30,portfolio_hist,TREND,EXIT,debit_spread,23743.05,18.82,1.0,0.0,0.0,1.038,0.218,0.403,6,10,38,2,0,0,0,0,0,high_vol_range,0.0,0,Trend profit: spread at 50.2% of max,189.0,18
2026-03-18T15:15:00+05:30,portfolio_hist,PREMIUM,EXIT,iron_condor,23776.9,18.75,1.0,0.0,0.0,1.038,0.361,0.132,6,15,15,2,0,0,0,0,0,high_vol_range,0.0,0,Time exit,651.75,344
2026-03-18T09:30:00+05:30,portfolio_hist,PREMIUM,SKIP,idle,23732.2,18.86,1.0,0.0,0.0,1.039,0.172,0.773,6,9,30,2,0,67,0,67,75,high_vol_range,0.0,0,,,
2026-03-18T09:31:00+05:30,portfolio_hist,PREMIUM,ENTER,iron_condor,23725.85,18.87,1.0,0.0,0.0,1.039,0.146,0.773,6,9,31,2,0,80,0,80,75,high_vol_range,50.25,75,,,
2026-03-18T10:20:00+05:30,portfolio_hist,TREND,ENTER,debit_spread,23707.1,19.0,1.0,0.0,0.0,1.039,0.066,0.461,6,10,20,2,0,62,0,62,60,high_vol_range,47.65,75,,,
2026-03-18T10:38:00+05:30,portfolio_hist,TREND,EXIT,debit_spread,23743.05,18.82,1.0,0.0,0.0,1.038,0.218,0.403,6,10,38,2,0,0,0,0,0,high_vol_range,0.0,0,Trend profit: spread at 50.2% of max,189.0,18
2026-03-18T15:15:00+05:30,portfolio_hist,PREMIUM,EXIT,iron_condor,23776.9,18.75,1.0,0.0,0.0,1.038,0.361,0.132,6,15,15,2,0,0,0,0,0,high_vol_range,0.0,0,Time exit,651.75,344
2026-03-18T09:30:00+05:30,portfolio_hist,PREMIUM,SKIP,idle,23732.2,18.86,1.0,0.0,0.0,1.039,0.172,0.773,6,9,30,2,0,67,0,67,75,high_vol_range,0.0,0,,,
2026-03-18T09:31:00+05:30,portfolio_hist,PREMIUM,ENTER,iron_condor,23725.85,18.87,1.0,0.0,0.0,1.039,0.146,0.773,6,9,31,2,0,80,0,80,75,high_vol_range,50.25,75,,,
2026-03-18T10:20:00+05:30,portfolio_hist,TREND,ENTER,debit_spread,23707.1,19.0,1.0,0.0,0.0,1.039,0.066,0.461,6,10,20,2,0,62,0,62,60,high_vol_range,47.65,75,,,
2026-03-18T10:38:00+05:30,portfolio_hist,TREND,EXIT,debit_spread,23743.05,18.82,1.0,0.0,0.0,1.038,0.218,0.403,6,10,38,2,0,0,0,0,0,high_vol_range,0.0,0,Trend profit: spread at 50.2% of max,189.0,18
2026-03-18T15:15:00+05:30,portfolio_hist,PREMIUM,EXIT,iron_condor,23776.9,18.75,1.0,0.0,0.0,1.038,0.361,0.132,6,15,15,2,0,0,0,0,0,high_vol_range,0.0,0,Time exit,651.75,344
2026-03-18T09:30:00+05:30,portfolio_hist,PREMIUM,SKIP,idle,23732.2,18.86,1.0,0.0,0.0,1.039,0.172,0.773,6,9,30,2,0,67,0,67,75,high_vol_range,0.0,0,,,
2026-03-18T09:31:00+05:30,portfolio_hist,PREMIUM,ENTER,iron_condor,23725.85,18.87,1.0,0.0,0.0,1.039,0.146,0.773,6,9,31,2,0,80,0,80,75,high_vol_range,50.25,75,,,
2026-03-18T10:20:00+05:30,portfolio_hist,TREND,ENTER,debit_spread,23707.1,19.0,1.0,0.0,0.0,1.039,0.066,0.461,6,10,20,2,0,62,0,62,60,high_vol_range,47.65,75,,,
2026-03-18T10:38:00+05:30,portfolio_hist,TREND,EXIT,debit_spread,23743.05,18.82,1.0,0.0,0.0,1.038,0.218,0.403,6,10,38,2,0,0,0,0,0,high_vol_range,0.0,0,Trend profit: spread at 50.2% of max,189.0,18
2026-03-18T15:15:00+05:30,portfolio_hist,PREMIUM,EXIT,iron_condor,23776.9,18.75,1.0,0.0,0.0,1.038,0.361,0.132,6,15,15,2,0,0,0,0,0,high_vol_range,0.0,0,Time exit,651.75,344
2026-03-18T09:30:00+05:30,portfolio_hist,PREMIUM,SKIP,idle,23732.2,18.86,1.0,0.0,0.0,1.039,0.172,0.773,6,9,30,2,0,67,0,67,75,high_vol_range,0.0,0,,,
2026-03-18T09:31:00+05:30,portfolio_hist,PREMIUM,ENTER,iron_condor,23725.85,18.87,1.0,0.0,0.0,1.039,0.146,0.773,6,9,31,2,0,80,0,80,75,high_vol_range,50.25,75,,,
2026-03-18T10:20:00+05:30,portfolio_hist,TREND,ENTER,debit_spread,23707.1,19.0,1.0,0.0,0.0,1.039,0.066,0.461,6,10,20,2,0,62,0,62,60,high_vol_range,47.65,75,,,
2026-03-18T10:38:00+05:30,portfolio_hist,TREND,EXIT,debit_spread,23743.05,18.82,1.0,0.0,0.0,1.038,0.218,0.403,6,10,38,2,0,0,0,0,0,high_vol_range,0.0,0,Trend profit: spread at 50.2% of max,189.0,18
2026-03-18T15:15:00+05:30,portfolio_hist,PREMIUM,EXIT,iron_condor,23776.9,18.75,1.0,0.0,0.0,1.038,0.361,0.132,6,15,15,2,0,0,0,0,0,high_vol_range,0.0,0,Time exit,651.75,344
2026-03-18T09:30:00+05:30,portfolio_hist,PREMIUM,SKIP,idle,23732.2,18.86,1.0,0.0,0.0,1.039,0.172,0.773,6,9,30,2,0,67,0,67,75,high_vol_range,0.0,0,,,
2026-03-18T09:31:00+05:30,portfolio_hist,PREMIUM,ENTER,iron_condor,23725.85,18.87,1.0,0.0,0.0,1.039,0.146,0.773,6,9,31,2,0,80,0,80,75,high_vol_range,50.25,75,,,
2026-03-18T10:20:00+05:30,portfolio_hist,TREND,ENTER,debit_spread,23707.1,19.0,1.0,0.0,0.0,1.039,0.066,0.461,6,10,20,2,0,62,0,62,60,high_vol_range,47.65,75,,,
2026-03-18T10:38:00+05:30,portfolio_hist,TREND,EXIT,debit_spread,23743.05,18.82,1.0,0.0,0.0,1.038,0.218,0.403,6,10,38,2,0,0,0,0,0,high_vol_range,0.0,0,Trend profit: spread at 50.2% of max,189.0,18
2026-03-18T15:15:00+05:30,portfolio_hist,PREMIUM,EXIT,iron_condor,23776.9,18.75,1.0,0.0,0.0,1.038,0.361,0.132,6,15,15,2,0,0,0,0,0,high_vol_range,0.0,0,Time exit,651.75,344
2026-03-18T09:30:00+05:30,portfolio_hist,PREMIUM,SKIP,idle,23732.2,18.86,1.0,0.0,0.0,1.039,0.172,0.773,6,9,30,2,0,67,0,67,75,high_vol_range,0.0,0,,,
2026-03-18T09:31:00+05:30,portfolio_hist,PREMIUM,ENTER,iron_condor,23725.85,18.87,1.0,0.0,0.0,1.039,0.146,0.773,6,9,31,2,0,80,0,80,75,high_vol_range,50.25,75,,,
2026-03-18T10:20:00+05:30,portfolio_hist,TREND,ENTER,debit_spread,23707.1,19.0,1.0,0.0,0.0,1.039,0.066,0.461,6,10,20,2,0,62,0,62,60,high_vol_range,47.65,75,,,
2026-03-18T10:38:00+05:30,portfolio_hist,TREND,EXIT,debit_spread,23743.05,18.82,1.0,0.0,0.0,1.038,0.218,0.403,6,10,38,2,0,0,0,0,0,high_vol_range,0.0,0,Trend profit: spread at 50.2% of max,189.0,18
2026-03-18T15:15:00+05:30,portfolio_hist,PREMIUM,EXIT,iron_condor,23776.9,18.75,1.0,0.0,0.0,1.038,0.361,0.132,6,15,15,2,0,0,0,0,0,high_vol_range,0.0,0,Time exit,651.75,344
2026-03-18T09:30:00+05:30,portfolio_hist,PREMIUM,SKIP,idle,23732.2,18.86,1.0,0.0,0.0,1.039,0.172,0.773,6,9,30,2,0,67,0,67,75,high_vol_range,0.0,0,,,
2026-03-18T09:31:00+05:30,portfolio_hist,PREMIUM,ENTER,iron_condor,23725.85,18.87,1.0,0.0,0.0,1.039,0.146,0.773,6,9,31,2,0,80,0,80,75,high_vol_range,50.25,75,,,
2026-03-18T10:20:00+05:30,portfolio_hist,TREND,ENTER,debit_spread,23707.1,19.0,1.0,0.0,0.0,1.039,0.066,0.461,6,10,20,2,0,62,0,62,60,high_vol_range,47.65,75,,,
2026-03-18T10:38:00+05:30,portfolio_hist,TREND,EXIT,debit_spread,23743.05,18.82,1.0,0.0,0.0,1.038,0.218,0.403,6,10,38,2,0,0,0,0,0,high_vol_range,0.0,0,Trend profit: spread at 50.2% of max,189.0,18
2026-03-18T15:15:00+05:30,portfolio_hist,PREMIUM,EXIT,iron_condor,23776.9,18.75,1.0,0.0,0.0,1.038,0.361,0.132,6,15,15,2,0,0,0,0,0,high_vol_range,0.0,0,Time exit,651.75,344
2026-03-18T09:30:00+05:30,portfolio_hist,PREMIUM,SKIP,idle,23732.2,18.86,1.0,0.0,0.0,1.039,0.172,0.773,6,9,30,2,0,67,0,67,75,high_vol_range,0.0,0,,,
2026-03-18T09:31:00+05:30,portfolio_hist,PREMIUM,ENTER,iron_condor,23725.85,18.87,1.0,0.0,0.0,1.039,0.146,0.773,6,9,31,2,0,80,0,80,75,high_vol_range,50.25,75,,,
2026-03-18T10:20:00+05:30,portfolio_hist,TREND,ENTER,debit_spread,23707.1,19.0,1.0,0.0,0.0,1.039,0.066,0.461,6,10,20,2,0,62,0,62,60,high_vol_range,47.65,75,,,
2026-03-18T10:38:00+05:30,portfolio_hist,TREND,EXIT,debit_spread,23743.05,18.82,1.0,0.0,0.0,1.038,0.218,0.403,6,10,38,2,0,0,0,0,0,high_vol_range,0.0,0,Trend profit: spread at 50.2% of max,189.0,18
2026-03-18T15:15:00+05:30,portfolio_hist,PREMIUM,EXIT,iron_condor,23776.9,18.75,1.0,0.0,0.0,1.038,0.361,0.132,6,15,15,2,0,0,0,0,0,high_vol_range,0.0,0,Time exit,651.75,344
2026-03-18T09:30:00+05:30,portfolio_hist,PREMIUM,SKIP,idle,23732.2,18.86,1.0,0.0,0.0,1.039,0.172,0.773,6,9,30,2,0,67,0,67,75,high_vol_range,0.0,0,,,
2026-03-18T09:31:00+05:30,portfolio_hist,PREMIUM,ENTER,iron_condor,23725.85,18.87,1.0,0.0,0.0,1.039,0.146,0.773,6,9,31,2,0,80,0,80,75,high_vol_range,50.25,75,,,
2026-03-18T10:20:00+05:30,portfolio_hist,TREND,ENTER,debit_spread,23707.1,19.0,1.0,0.0,0.0,1.039,0.066,0.461,6,10,20,2,0,62,0,62,60,high_vol_range,47.65,75,,,
2026-03-18T10:38:00+05:30,portfolio_hist,TREND,EXIT,debit_spread,23743.05,18.82,1.0,0.0,0.0,1.038,0.218,0.403,6,10,38,2,0,0,0,0,0,high_vol_range,0.0,0,Trend profit: spread at 50.2% of max,189.0,18
2026-03-18T15:15:00+05:30,portfolio_hist,PREMIUM,EXIT,iron_condor,23776.9,18.75,1.0,0.0,0.0,1.038,0.361,0.132,6,15,15,2,0,0,0,0,0,high_vol_range,0.0,0,Time exit,651.75,344
2026-03-18T09:30:00+05:30,portfolio_hist,PREMIUM,SKIP,idle,23732.2,18.86,1.0,0.0,0.0,1.039,0.172,0.773,6,9,30,2,0,67,0,67,75,high_vol_range,0.0,0,,,
2026-03-18T09:31:00+05:30,portfolio_hist,PREMIUM,ENTER,iron_condor,23725.85,18.87,1.0,0.0,0.0,1.039,0.146,0.773,6,9,31,2,0,80,0,80,75,high_vol_range,50.25,75,,,
2026-03-18T10:20:00+05:30,portfolio_hist,TREND,ENTER,debit_spread,23707.1,19.0,1.0,0.0,0.0,1.039,0.066,0.461,6,10,20,2,0,62,0,62,60,high_vol_range,47.65,75,,,
2026-03-18T10:38:00+05:30,portfolio_hist,TREND,EXIT,debit_spread,23743.05,18.82,1.0,0.0,0.0,1.038,0.218,0.403,6,10,38,2,0,0,0,0,0,high_vol_range,0.0,0,Trend profit: spread at 50.2% of max,189.0,18
2026-03-18T15:15:00+05:30,portfolio_hist,PREMIUM,EXIT,iron_condor,23776.9,18.75,1.0,0.0,0.0,1.038,0.361,0.132,6,15,15,2,0,0,0,0,0,high_vol_range,0.0,0,Time exit,651.75,344
2026-03-18T09:30:00+05:30,portfolio_hist,PREMIUM,SKIP,idle,23732.2,18.86,1.0,0.0,0.0,1.039,0.172,0.773,6,9,30,2,0,67,0,67,75,high_vol_range,0.0,0,,,
2026-03-18T09:31:00+05:30,portfolio_hist,PREMIUM,ENTER,iron_condor,23725.85,18.87,1.0,0.0,0.0,1.039,0.146,0.773,6,9,31,2,0,80,0,80,75,high_vol_range,50.25,75,,,
2026-03-18T10:20:00+05:30,portfolio_hist,TREND,ENTER,debit_spread,23707.1,19.0,1.0,0.0,0.0,1.039,0.066,0.461,6,10,20,2,0,62,0,62,60,high_vol_range,47.65,75,,,
2026-03-18T10:38:00+05:30,portfolio_hist,TREND,EXIT,debit_spread,23743.05,18.82,1.0,0.0,0.0,1.038,0.218,0.403,6,10,38,2,0,0,0,0,0,high_vol_range,0.0,0,Trend profit: spread at 50.2% of max,189.0,18
2026-03-18T15:15:00+05:30,portfolio_hist,PREMIUM,EXIT,iron_condor,23776.9,18.75,1.0,0.0,0.0,1.038,0.361,0.132,6,15,15,2,0,0,0,0,0,high_vol_range,0.0,0,Time exit,651.75,344
2026-03-18T09:30:00+05:30,portfolio_hist,PREMIUM,SKIP,idle,23732.2,18.86,1.0,0.0,0.0,1.039,0.172,0.773,6,9,30,2,0,67,0,67,75,high_vol_range,0.0,0,,,
2026-03-18T09:31:00+05:30,portfolio_hist,PREMIUM,ENTER,iron_condor,23725.85,18.87,1.0,0.0,0.0,1.039,0.146,0.773,6,9,31,2,0,80,0,80,75,high_vol_range,50.25,75,,,
2026-03-18T10:20:00+05:30,portfolio_hist,TREND,ENTER,debit_spread,23707.1,19.0,1.0,0.0,0.0,1.039,0.066,0.461,6,10,20,2,0,62,0,62,60,high_vol_range,47.65,75,,,
2026-03-18T10:38:00+05:30,portfolio_hist,TREND,EXIT,debit_spread,23743.05,18.82,1.0,0.0,0.0,1.038,0.218,0.403,6,10,38,2,0,0,0,0,0,high_vol_range,0.0,0,Trend profit: spread at 50.2% of max,189.0,18
2026-03-18T15:15:00+05:30,portfolio_hist,PREMIUM,EXIT,iron_condor,23776.9,18.75,1.0,0.0,0.0,1.038,0.361,0.132,6,15,15,2,0,0,0,0,0,high_vol_range,0.0,0,Time exit,651.75,344
2026-03-18T09:30:00+05:30,portfolio_hist,PREMIUM,SKIP,idle,23732.2,18.86,1.0,0.0,0.0,1.039,0.172,0.773,6,9,30,2,0,67,0,67,75,high_vol_range,0.0,0,,,
2026-03-18T09:31:00+05:30,portfolio_hist,PREMIUM,ENTER,iron_condor,23725.85,18.87,1.0,0.0,0.0,1.039,0.146,0.773,6,9,31,2,0,80,0,80,75,high_vol_range,50.25,75,,,
2026-03-18T10:20:00+05:30,portfolio_hist,TREND,ENTER,debit_spread,23707.1,19.0,1.0,0.0,0.0,1.039,0.066,0.461,6,10,20,2,0,62,0,62,60,high_vol_range,47.65,75,,,
2026-03-18T10:38:00+05:30,portfolio_hist,TREND,EXIT,debit_spread,23743.05,18.82,1.0,0.0,0.0,1.038,0.218,0.403,6,10,38,2,0,0,0,0,0,high_vol_range,0.0,0,Trend profit: spread at 50.2% of max,189.0,18
2026-03-18T15:15:00+05:30,portfolio_hist,PREMIUM,EXIT,iron_condor,23776.9,18.75,1.0,0.0,0.0,1.038,0.361,0.132,6,15,15,2,0,0,0,0,0,high_vol_range,0.0,0,Time exit,651.75,344
2026-03-18T09:30:00+05:30,portfolio_hist,PREMIUM,SKIP,idle,23732.2,18.86,1.0,0.0,0.0,1.039,0.172,0.773,6,9,30,2,0,67,0,67,75,high_vol_range,0.0,0,,,
2026-03-18T09:31:00+05:30,portfolio_hist,PREMIUM,ENTER,iron_condor,23725.85,18.87,1.0,0.0,0.0,1.039,0.146,0.773,6,9,31,2,0,80,0,80,75,high_vol_range,50.25,75,,,
2026-03-18T10:20:00+05:30,portfolio_hist,TREND,ENTER,debit_spread,23707.1,19.0,1.0,0.0,0.0,1.039,0.066,0.461,6,10,20,2,0,62,0,62,60,high_vol_range,47.65,75,,,
2026-03-18T10:38:00+05:30,portfolio_hist,TREND,EXIT,debit_spread,23743.05,18.82,1.0,0.0,0.0,1.038,0.218,0.403,6,10,38,2,0,0,0,0,0,high_vol_range,0.0,0,Trend profit: spread at 50.2% of max,189.0,18
2026-03-18T15:15:00+05:30,portfolio_hist,PREMIUM,EXIT,iron_condor,23776.9,18.75,1.0,0.0,0.0,1.038,0.361,0.132,6,15,15,2,0,0,0,0,0,high_vol_range,0.0,0,Time exit,651.75,344
2026-03-18T09:30:00+05:30,portfolio_hist,PREMIUM,SKIP,idle,23732.2,18.86,1.0,0.0,0.0,1.039,0.172,0.773,6,9,30,2,0,67,0,67,75,high_vol_range,0.0,0,,,
2026-03-18T09:31:00+05:30,portfolio_hist,PREMIUM,ENTER,iron_condor,23725.85,18.87,1.0,0.0,0.0,1.039,0.146,0.773,6,9,31,2,0,80,0,80,75,high_vol_range,50.25,75,,,
2026-03-18T10:20:00+05:30,portfolio_hist,TREND,ENTER,debit_spread,23707.1,19.0,1.0,0.0,0.0,1.039,0.066,0.461,6,10,20,2,0,62,0,62,60,high_vol_range,47.65,75,,,
2026-03-18T10:38:00+05:30,portfolio_hist,TREND,EXIT,debit_spread,23743.05,18.82,1.0,0.0,0.0,1.038,0.218,0.403,6,10,38,2,0,0,0,0,0,high_vol_range,0.0,0,Trend profit: spread at 50.2% of max,189.0,18
2026-03-18T15:15:00+05:30,portfolio_hist,PREMIUM,EXIT,iron_condor,23776.9,18.75,1.0,0.0,0.0,1.038,0.361,0.132,6,15,15,2,0,0,0,0,0,high_vol_range,0.0,0,Time exit,651.75,344
2026-03-18T09:30:00+05:30,portfolio_hist,PREMIUM,SKIP,idle,23732.2,18.86,1.0,0.0,0.0,1.039,0.172,0.773,6,9,30,2,0,67,0,67,75,high_vol_range,0.0,0,,,
2026-03-18T09:31:00+05:30,portfolio_hist,PREMIUM,ENTER,iron_condor,23725.85,18.87,1.0,0.0,0.0,1.039,0.146,0.773,6,9,31,2,0,80,0,80,75,high_vol_range,50.25,75,,,
2026-03-18T10:20:00+05:30,portfolio_hist,TREND,ENTER,debit_spread,23707.1,19.0,1.0,0.0,0.0,1.039,0.066,0.461,6,10,20,2,0,62,0,62,60,high_vol_range,47.65,75,,,
2026-03-18T10:38:00+05:30,portfolio_hist,TREND,EXIT,debit_spread,23743.05,18.82,1.0,0.0,0.0,1.038,0.218,0.403,6,10,38,2,0,0,0,0,0,high_vol_range,0.0,0,Trend profit: spread at 50.2% of max,189.0,18
2026-03-18T15:15:00+05:30,portfolio_hist,PREMIUM,EXIT,iron_condor,23776.9,18.75,1.0,0.0,0.0,1.038,0.361,0.132,6,15,15,2,0,0,0,0,0,high_vol_range,0.0,0,Time exit,651.75,344
2026-03-18T09:30:00+05:30,portfolio_hist,PREMIUM,SKIP,idle,23732.2,18.86,1.0,0.0,0.0,1.039,0.172,0.773,6,9,30,2,0,67,0,67,75,high_vol_range,0.0,0,,,
2026-03-18T09:31:00+05:30,portfolio_hist,PREMIUM,ENTER,iron_condor,23725.85,18.87,1.0,0.0,0.0,1.039,0.146,0.773,6,9,31,2,0,80,0,80,75,high_vol_range,50.25,75,,,
2026-03-18T10:20:00+05:30,portfolio_hist,TREND,ENTER,debit_spread,23707.1,19.0,1.0,0.0,0.0,1.039,0.066,0.461,6,10,20,2,0,62,0,62,60,high_vol_range,47.65,75,,,
2026-03-18T10:38:00+05:30,portfolio_hist,TREND,EXIT,debit_spread,23743.05,18.82,1.0,0.0,0.0,1.038,0.218,0.403,6,10,38,2,0,0,0,0,0,high_vol_range,0.0,0,Trend profit: spread at 50.2% of max,189.0,18
2026-03-18T15:15:00+05:30,portfolio_hist,PREMIUM,EXIT,iron_condor,23776.9,18.75,1.0,0.0,0.0,1.038,0.361,0.132,6,15,15,2,0,0,0,0,0,high_vol_range,0.0,0,Time exit,651.75,344
2026-03-18T09:30:00+05:30,portfolio_hist,PREMIUM,SKIP,idle,23732.2,18.86,1.0,0.0,0.0,1.039,0.172,0.773,6,9,30,2,0,67,0,67,75,high_vol_range,0.0,0,,,
2026-03-18T09:31:00+05:30,portfolio_hist,PREMIUM,ENTER,iron_condor,23725.85,18.87,1.0,0.0,0.0,1.039,0.146,0.773,6,9,31,2,0,80,0,80,75,high_vol_range,50.25,75,,,
2026-03-18T10:20:00+05:30,portfolio_hist,TREND,ENTER,debit_spread,23707.1,19.0,1.0,0.0,0.0,1.039,0.066,0.461,6,10,20,2,0,62,0,62,60,high_vol_range,47.65,75,,,
2026-03-18T10:38:00+05:30,portfolio_hist,TREND,EXIT,debit_spread,23743.05,18.82,1.0,0.0,0.0,1.038,0.218,0.403,6,10,38,2,0,0,0,0,0,high_vol_range,0.0,0,Trend profit: spread at 50.2% of max,189.0,18
2026-03-18T15:15:00+05:30,portfolio_hist,PREMIUM,EXIT,iron_condor,23776.9,18.75,1.0,0.0,0.0,1.038,0.361,0.132,6,15,15,2,0,0,0,0,0,high_vol_range,0.0,0,Time exit,651.75,344
2026-03-18T09:30:00+05:30,portfolio_hist,PREMIUM,SKIP,idle,23732.2,18.86,1.0,0.0,0.0,1.039,0.172,0.773,6,9,30,2,0,67,0,67,75,high_vol_range,0.0,0,,,
2026-03-18T09:31:00+05:30,portfolio_hist,PREMIUM,ENTER,iron_condor,23725.85,18.87,1.0,0.0,0.0,1.039,0.146,0.773,6,9,31,2,0,80,0,80,75,high_vol_range,50.25,75,,,
2026-03-18T10:20:00+05:30,portfolio_hist,TREND,ENTER,debit_spread,23707.1,19.0,1.0,0.0,0.0,1.039,0.066,0.461,6,10,20,2,0,62,0,62,60,high_vol_range,47.65,75,,,
2026-03-18T10:38:00+05:30,portfolio_hist,TREND,EXIT,debit_spread,23743.05,18.82,1.0,0.0,0.0,1.038,0.218,0.403,6,10,38,2,0,0,0,0,0,high_vol_range,0.0,0,Trend profit: spread at 50.2% of max,189.0,18
2026-03-18T15:15:00+05:30,portfolio_hist,PREMIUM,EXIT,iron_condor,23776.9,18.75,1.0,0.0,0.0,1.038,0.361,0.132,6,15,15,2,0,0,0,0,0,high_vol_range,0.0,0,Time exit,651.75,344
2026-03-18T09:30:00+05:30,portfolio_hist,PREMIUM,SKIP,idle,23732.2,18.86,1.0,0.0,0.0,1.039,0.172,0.773,6,9,30,2,0,67,0,67,75,high_vol_range,0.0,0,,,
2026-03-18T09:31:00+05:30,portfolio_hist,PREMIUM,ENTER,iron_condor,23725.85,18.87,1.0,0.0,0.0,1.039,0.146,0.773,6,9,31,2,0,80,0,80,75,high_vol_range,50.25,75,,,
2026-03-18T10:20:00+05:30,portfolio_hist,TREND,ENTER,debit_spread,23707.1,19.0,1.0,0.0,0.0,1.039,0.066,0.461,6,10,20,2,0,62,0,62,60,high_vol_range,47.65,75,,,
2026-03-18T10:38:00+05:30,portfolio_hist,TREND,EXIT,debit_spread,23743.05,18.82,1.0,0.0,0.0,1.038,0.218,0.403,6,10,38,2,0,0,0,0,0,high_vol_range,0.0,0,Trend profit: spread at 50.2% of max,189.0,18
2026-03-18T15:15:00+05:30,portfolio_hist,PREMIUM,EXIT,iron_condor,23776.9,18.75,1.0,0.0,0.0,1.038,0.361,0.132,6,15,15,2,0,0,0,0,0,high_vol_range,0.0,0,Time exit,651.75,344
2026-03-18T09:30:00+05:30,portfolio_hist,PREMIUM,SKIP,idle,23732.2,18.86,1.0,0.0,0.0,1.039,0.172,0.773,6,9,30,2,0,67,0,67,75,high_vol_range,0.0,0,,,
2026-03-18T09:31:00+05:30,portfolio_hist,PREMIUM,ENTER,iron_condor,23725.85,18.87,1.0,0.0,0.0,1.039,0.146,0.773,6,9,31,2,0,80,0,80,75,high_vol_range,50.25,75,,,
2026-03-18T10:20:00+05:30,portfolio_hist,TREND,ENTER,debit_spread,23707.1,19.0,1.0,0.0,0.0,1.039,0.066,0.461,6,10,20,2,0,62,0,62,60,high_vol_range,47.65,75,,,
2026-03-18T10:38:00+05:30,portfolio_hist,TREND,EXIT,debit_spread,23743.05,18.82,1.0,0.0,0.0,1.038,0.218,0.403,6,10,38,2,0,0,0,0,0,high_vol_range,0.0,0,Trend profit: spread at 50.2% of max,189.0,18
2026-03-18T15:15:00+05:30,portfolio_hist,PREMIUM,EXIT,iron_condor,23776.9,18.75,1.0,0.0,0.0,1.038,0.361,0.132,6,15,15,2,0,0,0,0,0,high_vol_range,0.0,0,Time exit,651.75,344
2026-03-18T09:30:00+05:30,portfolio_hist,PREMIUM,SKIP,idle,23732.2,18.86,1.0,0.0,0.0,1.039,0.172,0.773,6,9,30,2,0,67,0,67,75,high_vol_range,0.0,0,,,
2026-03-18T09:31:00+05:30,portfolio_hist,PREMIUM,ENTER,iron_condor,23725.85,18.87,1.0,0.0,0.0,1.039,0.146,0.773,6,9,31,2,0,80,0,80,75,high_vol_range,50.25,75,,,
2026-03-18T10:20:00+05:30,portfolio_hist,TREND,ENTER,debit_spread,23707.1,19.0,1.0,0.0,0.0,1.039,0.066,0.461,6,10,20,2,0,62,0,62,60,high_vol_range,47.65,75,,,
2026-03-18T10:38:00+05:30,portfolio_hist,TREND,EXIT,debit_spread,23743.05,18.82,1.0,0.0,0.0,1.038,0.218,0.403,6,10,38,2,0,0,0,0,0,high_vol_range,0.0,0,Trend profit: spread at 50.2% of max,189.0,18
2026-03-18T15:15:00+05:30,portfolio_hist,PREMIUM,EXIT,iron_condor,23776.9,18.75,1.0,0.0,0.0,1.038,0.361,0.132,6,15,15,2,0,0,0,0,0,high_vol_range,0.0,0,Time exit,651.75,344
2026-03-18T09:30:00+05:30,portfolio_hist,PREMIUM,SKIP,idle,23732.2,18.86,1.0,0.0,0.0,1.039,0.172,0.773,6,9,30,2,0,67,0,67,75,high_vol_range,0.0,0,,,
2026-03-18T09:31:00+05:30,portfolio_hist,PREMIUM,ENTER,iron_condor,23725.85,18.87,1.0,0.0,0.0,1.039,0.146,0.773,6,9,31,2,0,80,0,80,75,high_vol_range,50.25,75,,,
2026-03-18T10:20:00+05:30,portfolio_hist,TREND,ENTER,debit_spread,23707.1,19.0,1.0,0.0,0.0,1.039,0.066,0.461,6,10,20,2,0,62,0,62,60,high_vol_range,47.65,75,,,
2026-03-18T10:38:00+05:30,portfolio_hist,TREND,EXIT,debit_spread,23743.05,18.82,1.0,0.0,0.0,1.038,0.218,0.403,6,10,38,2,0,0,0,0,0,high_vol_range,0.0,0,Trend profit: spread at 50.2% of max,189.0,18
2026-03-18T15:15:00+05:30,portfolio_hist,PREMIUM,EXIT,iron_condor,23776.9,18.75,1.0,0.0,0.0,1.038,0.361,0.132,6,15,15,2,0,0,0,0,0,high_vol_range,0.0,0,Time exit,651.75,344
2026-03-18T09:30:00+05:30,portfolio_hist,PREMIUM,SKIP,idle,23732.2,18.86,1.0,0.0,0.0,1.039,0.172,0.773,6,9,30,2,0,67,0,67,75,high_vol_range,0.0,0,,,
2026-03-18T09:31:00+05:30,portfolio_hist,PREMIUM,ENTER,iron_condor,23725.85,18.87,1.0,0.0,0.0,1.039,0.146,0.773,6,9,31,2,0,80,0,80,75,high_vol_range,50.25,75,,,
2026-03-18T10:20:00+05:30,portfolio_hist,TREND,ENTER,debit_spread,23707.1,19.0,1.0,0.0,0.0,1.039,0.066,0.461,6,10,20,2,0,62,0,62,60,high_vol_range,47.65,75,,,
2026-03-18T10:38:00+05:30,portfolio_hist,TREND,EXIT,debit_spread,23743.05,18.82,1.0,0.0,0.0,1.038,0.218,0.403,6,10,38,2,0,0,0,0,0,high_vol_range,0.0,0,Trend profit: spread at 50.2% of max,189.0,18
2026-03-18T15:15:00+05:30,portfolio_hist,PREMIUM,EXIT,iron_condor,23776.9,18.75,1.0,0.0,0.0,1.038,0.361,0.132,6,15,15,2,0,0,0,0,0,high_vol_range,0.0,0,Time exit,651.75,344
2026-03-18T09:30:00+05:30,portfolio_hist,PREMIUM,SKIP,idle,23732.2,18.86,1.0,0.0,0.0,1.039,0.172,0.773,6,9,30,2,0,67,0,67,75,high_vol_range,0.0,0,,,
2026-03-18T09:31:00+05:30,portfolio_hist,PREMIUM,ENTER,iron_condor,23725.85,18.87,1.0,0.0,0.0,1.039,0.146,0.773,6,9,31,2,0,80,0,80,75,high_vol_range,50.25,75,,,
2026-03-18T10:20:00+05:30,portfolio_hist,TREND,ENTER,debit_spread,23707.1,19.0,1.0,0.0,0.0,1.039,0.066,0.461,6,10,20,2,0,62,0,62,60,high_vol_range,47.65,75,,,
2026-03-18T10:38:00+05:30,portfolio_hist,TREND,EXIT,debit_spread,23743.05,18.82,1.0,0.0,0.0,1.038,0.218,0.403,6,10,38,2,0,0,0,0,0,high_vol_range,0.0,0,Trend profit: spread at 50.2% of max,189.0,18
2026-03-18T15:15:00+05:30,portfolio_hist,PREMIUM,EXIT,iron_condor,23776.9,18.75,1.0,0.0,0.0,1.038,0.361,0.132,6,15,15,2,0,0,0,0,0,high_vol_range,0.0,0,Time exit,651.75,344
2026-03-18T09:30:00+05:30,portfolio_hist,PREMIUM,SKIP,idle,23732.2,18.86,1.0,0.0,0.0,1.039,0.172,0.773,6,9,30,2,0,67,0,67,75,high_vol_range,0.0,0,,,
2026-03-18T09:31:00+05:30,portfolio_hist,PREMIUM,ENTER,iron_condor,23725.85,18.87,1.0,0.0,0.0,1.039,0.146,0.773,6,9,31,2,0,80,0,80,75,high_vol_range,50.25,75,,,
2026-03-18T10:20:00+05:30,portfolio_hist,TREND,ENTER,debit_spread,23707.1,19.0,1.0,0.0,0.0,1.039,0.066,0.461,6,10,20,2,0,62,0,62,60,high_vol_range,47.65,75,,,
2026-03-18T10:38:00+05:30,portfolio_hist,TREND,EXIT,debit_spread,23743.05,18.82,1.0,0.0,0.0,1.038,0.218,0.403,6,10,38,2,0,0,0,0,0,high_vol_range,0.0,0,Trend profit: spread at 50.2% of max,189.0,18
2026-03-18T15:15:00+05:30,portfolio_hist,PREMIUM,EXIT,iron_condor,23776.9,18.75,1.0,0.0,0.0,1.038,0.361,0.132,6,15,15,2,0,0,0,0,0,high_vol_range,0.0,0,Time exit,651.75,344
2026-03-18T09:30:00+05:30,portfolio_hist,PREMIUM,SKIP,idle,23732.2,18.86,1.0,0.0,0.0,1.039,0.172,0.773,6,9,30,2,0,67,0,67,75,high_vol_range,0.0,0,,,
2026-03-18T09:31:00+05:30,portfolio_hist,PREMIUM,ENTER,iron_condor,23725.85,18.87,1.0,0.0,0.0,1.039,0.146,0.773,6,9,31,2,0,80,0,80,75,high_vol_range,50.25,75,,,
2026-03-18T10:20:00+05:30,portfolio_hist,TREND,ENTER,debit_spread,23707.1,19.0,1.0,0.0,0.0,1.039,0.066,0.461,6,10,20,2,0,62,0,62,60,high_vol_range,47.65,75,,,
2026-03-18T10:38:00+05:30,portfolio_hist,TREND,EXIT,debit_spread,23743.05,18.82,1.0,0.0,0.0,1.038,0.218,0.403,6,10,38,2,0,0,0,0,0,high_vol_range,0.0,0,Trend profit: spread at 50.2% of max,189.0,18
2026-03-18T15:15:00+05:30,portfolio_hist,PREMIUM,EXIT,iron_condor,23776.9,18.75,1.0,0.0,0.0,1.038,0.361,0.132,6,15,15,2,0,0,0,0,0,high_vol_range,0.0,0,Time exit,651.75,344
2026-03-18T09:30:00+05:30,portfolio_hist,PREMIUM,SKIP,idle,23732.2,18.86,1.0,0.0,0.0,1.039,0.172,0.773,6,9,30,2,0,67,0,67,75,high_vol_range,0.0,0,,,
2026-03-18T09:31:00+05:30,portfolio_hist,PREMIUM,ENTER,iron_condor,23725.85,18.87,1.0,0.0,0.0,1.039,0.146,0.773,6,9,31,2,0,80,0,80,75,high_vol_range,50.25,75,,,
2026-03-18T10:20:00+05:30,portfolio_hist,TREND,ENTER,debit_spread,23707.1,19.0,1.0,0.0,0.0,1.039,0.066,0.461,6,10,20,2,0,62,0,62,60,high_vol_range,47.65,75,,,
2026-03-18T10:38:00+05:30,portfolio_hist,TREND,EXIT,debit_spread,23743.05,18.82,1.0,0.0,0.0,1.038,0.218,0.403,6,10,38,2,0,0,0,0,0,high_vol_range,0.0,0,Trend profit: spread at 50.2% of max,189.0,18
2026-03-18T15:15:00+05:30,portfolio_hist,PREMIUM,EXIT,iron_condor,23776.9,18.75,1.0,0.0,0.0,1.038,0.361,0.132,6,15,15,2,0,0,0,0,0,high_vol_range,0.0,0,Time exit,651.75,344
2026-03-18T09:30:00+05:30,portfolio_hist,PREMIUM,SKIP,idle,23732.2,18.86,1.0,0.0,0.0,1.039,0.172,0.773,6,9,30,2,0,67,0,67,75,high_vol_range,0.0,0,,,
2026-03-18T09:31:00+05:30,portfolio_hist,PREMIUM,ENTER,iron_condor,23725.85,18.87,1.0,0.0,0.0,1.039,0.146,0.773,6,9,31,2,0,80,0,80,75,high_vol_range,50.25,75,,,
2026-03-18T10:20:00+05:30,portfolio_hist,TREND,ENTER,debit_spread,23707.1,19.0,1.0,0.0,0.0,1.039,0.066,0.461,6,10,20,2,0,62,0,62,60,high_vol_range,47.65,75,,,
2026-03-18T10:38:00+05:30,portfolio_hist,TREND,EXIT,debit_spread,23743.05,18.82,1.0,0.0,0.0,1.038,0.218,0.403,6,10,38,2,0,0,0,0,0,high_vol_range,0.0,0,Trend profit: spread at 50.2% of max,189.0,18
2026-03-18T15:15:00+05:30,portfolio_hist,PREMIUM,EXIT,iron_condor,23776.9,18.75,1.0,0.0,0.0,1.038,0.361,0.132,6,15,15,2,0,0,0,0,0,high_vol_range,0.0,0,Time exit,651.75,344
2026-03-18T09:30:00+05:30,portfolio_hist,PREMIUM,SKIP,idle,23732.2,18.86,1.0,0.0,0.0,1.039,0.172,0.773,6,9,30,2,0,67,0,67,75,high_vol_range,0.0,0,,,
2026-03-18T09:31:00+05:30,portfolio_hist,PREMIUM,ENTER,iron_condor,23725.85,18.87,1.0,0.0,0.0,1.039,0.146,0.773,6,9,31,2,0,80,0,80,75,high_vol_range,50.25,75,,,
2026-03-18T10:20:00+05:30,portfolio_hist,TREND,ENTER,debit_spread,23707.1,19.0,1.0,0.0,0.0,1.039,0.066,0.461,6,10,20,2,0,62,0,62,60,high_vol_range,47.65,75,,,
2026-03-18T10:38:00+05:30,portfolio_hist,TREND,EXIT,debit_spread,23743.05,18.82,1.0,0.0,0.0,1.038,0.218,0.403,6,10,38,2,0,0,0,0,0,high_vol_range,0.0,0,Trend profit: spread at 50.2% of max,189.0,18
2026-03-18T15:15:00+05:30,portfolio_hist,PREMIUM,EXIT,iron_condor,23776.9,18.75,1.0,0.0,0.0,1.038,0.361,0.132,6,15,15,2,0,0,0,0,0,high_vol_range,0.0,0,Time exit,651.75,344
2026-03-18T09:30:00+05:30,portfolio_hist,PREMIUM,SKIP,idle,23732.2,18.86,1.0,0.0,0.0,1.039,0.172,0.773,6,9,30,2,0,67,0,67,75,high_vol_range,0.0,0,,,
2026-03-18T09:31:00+05:30,portfolio_hist,PREMIUM,ENTER,iron_condor,23725.85,18.87,1.0,0.0,0.0,1.039,0.146,0.773,6,9,31,2,0,80,0,80,75,high_vol_range,50.25,75,,,
2026-03-18T10:20:00+05:30,portfolio_hist,TREND,ENTER,debit_spread,23707.1,19.0,1.0,0.0,0.0,1.039,0.066,0.461,6,10,20,2,0,62,0,62,60,high_vol_range,47.65,75,,,
2026-03-18T10:38:00+05:30,portfolio_hist,TREND,EXIT,debit_spread,23743.05,18.82,1.0,0.0,0.0,1.038,0.218,0.403,6,10,38,2,0,0,0,0,0,high_vol_range,0.0,0,Trend profit: spread at 50.2% of max,189.0,18
2026-03-18T15:15:00+05:30,portfolio_hist,PREMIUM,EXIT,iron_condor,23776.9,18.75,1.0,0.0,0.0,1.038,0.361,0.132,6,15,15,2,0,0,0,0,0,high_vol_range,0.0,0,Time exit,651.75,344
2026-03-18T09:30:00+05:30,portfolio_hist,PREMIUM,SKIP,idle,23732.2,18.86,1.0,0.0,0.0,1.039,0.172,0.773,6,9,30,2,0,67,0,67,75,high_vol_range,0.0,0,,,
2026-03-18T09:31:00+05:30,portfolio_hist,PREMIUM,ENTER,iron_condor,23725.85,18.87,1.0,0.0,0.0,1.039,0.146,0.773,6,9,31,2,0,80,0,80,75,high_vol_range,50.25,75,,,
2026-03-18T10:20:00+05:30,portfolio_hist,TREND,ENTER,debit_spread,23707.1,19.0,1.0,0.0,0.0,1.039,0.066,0.461,6,10,20,2,0,62,0,62,60,high_vol_range,47.65,75,,,
2026-03-18T10:38:00+05:30,portfolio_hist,TREND,EXIT,debit_spread,23743.05,18.82,1.0,0.0,0.0,1.038,0.218,0.403,6,10,38,2,0,0,0,0,0,high_vol_range,0.0,0,Trend profit: spread at 50.2% of max,189.0,18
2026-03-18T15:15:00+05:30,portfolio_hist,PREMIUM,EXIT,iron_condor,23776.9,18.75,1.0,0.0,0.0,1.038,0.361,0.132,6,15,15,2,0,0,0,0,0,high_vol_range,0.0,0,Time exit,651.75,344
2026-03-18T09:30:00+05:30,portfolio_hist,PREMIUM,SKIP,idle,23732.2,18.86,1.0,0.0,0.0,1.039,0.172,0.773,6,9,30,2,0,67,0,67,75,high_vol_range,0.0,0,,,
2026-03-18T09:31:00+05:30,portfolio_hist,PREMIUM,ENTER,iron_condor,23725.85,18.87,1.0,0.0,0.0,1.039,0.146,0.773,6,9,31,2,0,80,0,80,75,high_vol_range,50.25,75,,,
2026-03-18T10:20:00+05:30,portfolio_hist,TREND,ENTER,debit_spread,23707.1,19.0,1.0,0.0,0.0,1.039,0.066,0.461,6,10,20,2,0,62,0,62,60,high_vol_range,47.65,75,,,
2026-03-18T10:38:00+05:30,portfolio_hist,TREND,EXIT,debit_spread,23743.05,18.82,1.0,0.0,0.0,1.038,0.218,0.403,6,10,38,2,0,0,0,0,0,high_vol_range,0.0,0,Trend profit: spread at 50.2% of max,189.0,18
2026-03-18T15:15:00+05:30,portfolio_hist,PREMIUM,EXIT,iron_condor,23776.9,18.75,1.0,0.0,0.0,1.038,0.361,0.132,6,15,15,2,0,0,0,0,0,high_vol_range,0.0,0,Time exit,651.75,344
2026-03-18T09:30:00+05:30,portfolio_hist,PREMIUM,SKIP,idle,23732.2,18.86,1.0,0.0,0.0,1.039,0.172,0.773,6,9,30,2,0,67,0,67,75,high_vol_range,0.0,0,,,
2026-03-18T09:31:00+05:30,portfolio_hist,PREMIUM,ENTER,iron_condor,23725.85,18.87,1.0,0.0,0.0,1.039,0.146,0.773,6,9,31,2,0,80,0,80,75,high_vol_range,50.25,75,,,
2026-03-18T10:20:00+05:30,portfolio_hist,TREND,ENTER,debit_spread,23707.1,19.0,1.0,0.0,0.0,1.039,0.066,0.461,6,10,20,2,0,62,0,62,60,high_vol_range,47.65,75,,,
2026-03-18T10:38:00+05:30,portfolio_hist,TREND,EXIT,debit_spread,23743.05,18.82,1.0,0.0,0.0,1.038,0.218,0.403,6,10,38,2,0,0,0,0,0,high_vol_range,0.0,0,Trend profit: spread at 50.2% of max,189.0,18
2026-03-18T15:15:00+05:30,portfolio_hist,PREMIUM,EXIT,iron_condor,23776.9,18.75,1.0,0.0,0.0,1.038,0.361,0.132,6,15,15,2,0,0,0,0,0,high_vol_range,0.0,0,Time exit,651.75,344
2026-03-18T09:30:00+05:30,portfolio_hist,PREMIUM,SKIP,idle,23732.2,18.86,1.0,0.0,0.0,1.039,0.172,0.773,6,9,30,2,0,67,0,67,75,high_vol_range,0.0,0,,,
2026-03-18T09:31:00+05:30,portfolio_hist,PREMIUM,ENTER,iron_condor,23725.85,18.87,1.0,0.0,0.0,1.039,0.146,0.773,6,9,31,2,0,80,0,80,75,high_vol_range,50.25,75,,,
2026-03-18T10:20:00+05:30,portfolio_hist,TREND,ENTER,debit_spread,23707.1,19.0,1.0,0.0,0.0,1.039,0.066,0.461,6,10,20,2,0,62,0,62,60,high_vol_range,47.65,75,,,
2026-03-18T10:38:00+05:30,portfolio_hist,TREND,EXIT,debit_spread,23743.05,18.82,1.0,0.0,0.0,1.038,0.218,0.403,6,10,38,2,0,0,0,0,0,high_vol_range,0.0,0,Trend profit: spread at 50.2% of max,189.0,18
2026-03-18T15:15:00+05:30,portfolio_hist,PREMIUM,EXIT,iron_condor,23776.9,18.75,1.0,0.0,0.0,1.038,0.361,0.132,6,15,15,2,0,0,0,0,0,high_vol_range,0.0,0,Time exit,651.75,344
2026-03-18T09:30:00+05:30,portfolio_hist,PREMIUM,SKIP,idle,23732.2,18.86,1.0,0.0,0.0,1.039,0.172,0.773,6,9,30,2,0,67,0,67,75,high_vol_range,0.0,0,,,
2026-03-18T09:31:00+05:30,portfolio_hist,PREMIUM,ENTER,iron_condor,23725.85,18.87,1.0,0.0,0.0,1.039,0.146,0.773,6,9,31,2,0,80,0,80,75,high_vol_range,50.25,75,,,
2026-03-18T10:20:00+05:30,portfolio_hist,TREND,ENTER,debit_spread,23707.1,19.0,1.0,0.0,0.0,1.039,0.066,0.461,6,10,20,2,0,62,0,62,60,high_vol_range,47.65,75,,,
2026-03-18T10:38:00+05:30,portfolio_hist,TREND,EXIT,debit_spread,23743.05,18.82,1.0,0.0,0.0,1.038,0.218,0.403,6,10,38,2,0,0,0,0,0,high_vol_range,0.0,0,Trend profit: spread at 50.2% of max,189.0,18
2026-03-18T15:15:00+05:30,portfolio_hist,PREMIUM,EXIT,iron_condor,23776.9,18.75,1.0,0.0,0.0,1.038,0.361,0.132,6,15,15,2,0,0,0,0,0,high_vol_range,0.0,0,Time exit,651.75,344
2026-03-18T09:30:00+05:30,portfolio_hist,PREMIUM,SKIP,idle,23732.2,18.86,1.0,0.0,0.0,1.039,0.172,0.773,6,9,30,2,0,67,0,67,75,high_vol_range,0.0,0,,,
2026-03-18T09:31:00+05:30,portfolio_hist,PREMIUM,ENTER,iron_condor,23725.85,18.87,1.0,0.0,0.0,1.039,0.146,0.773,6,9,31,2,0,80,0,80,75,high_vol_range,50.25,75,,,
2026-03-18T10:20:00+05:30,portfolio_hist,TREND,ENTER,debit_spread,23707.1,19.0,1.0,0.0,0.0,1.039,0.066,0.461,6,10,20,2,0,62,0,62,60,high_vol_range,47.65,75,,,
2026-03-18T10:38:00+05:30,portfolio_hist,TREND,EXIT,debit_spread,23743.05,18.82,1.0,0.0,0.0,1.038,0.218,0.403,6,10,38,2,0,0,0,0,0,high_vol_range,0.0,0,Trend profit: spread at 50.2% of max,189.0,18
2026-03-18T15:15:00+05:30,portfolio_hist,PREMIUM,EXIT,iron_condor,23776.9,18.75,1.0,0.0,0.0,1.038,0.361,0.132,6,15,15,2,0,0,0,0,0,high_vol_range,0.0,0,Time exit,651.75,344
2026-03-18T09:30:00+05:30,portfolio_hist,PREMIUM,SKIP,idle,23732.2,18.86,1.0,0.0,0.0,1.039,0.172,0.773,6,9,30,2,0,67,0,67,75,high_vol_range,0.0,0,,,
2026-03-18T09:31:00+05:30,portfolio_hist,PREMIUM,ENTER,iron_condor,23725.85,18.87,1.0,0.0,0.0,1.039,0.146,0.773,6,9,31,2,0,80,0,80,75,high_vol_range,50.25,75,,,
2026-03-18T10:20:00+05:30,portfolio_hist,TREND,ENTER,debit_spread,23707.1,19.0,1.0,0.0,0.0,1.039,0.066,0.461,6,10,20,2,0,62,0,62,60,high_vol_range,47.65,75,,,
2026-03-18T10:38:00+05:30,portfolio_hist,TREND,EXIT,debit_spread,23743.05,18.82,1.0,0.0,0.0,1.038,0.218,0.403,6,10,38,2,0,0,0,0,0,high_vol_range,0.0,0,Trend profit: spread at 50.2% of max,189.0,18
2026-03-18T15:15:00+05:30,portfolio_hist,PREMIUM,EXIT,iron_condor,23776.9,18.75,1.0,0.0,0.0,1.038,0.361,0.132,6,15,15,2,0,0,0,0,0,high_vol_range,0.0,0,Time exit,651.75,344
2026-03-18T09:30:00+05:30,portfolio_hist,PREMIUM,SKIP,idle,23732.2,18.86,1.0,0.0,0.0,1.039,0.172,0.773,6,9,30,2,0,67,0,67,75,high_vol_range,0.0,0,,,
2026-03-18T09:31:00+05:30,portfolio_hist,PREMIUM,ENTER,iron_condor,23725.85,18.87,1.0,0.0,0.0,1.039,0.146,0.773,6,9,31,2,0,80,0,80,75,high_vol_range,50.25,75,,,
2026-03-18T10:20:00+05:30,portfolio_hist,TREND,ENTER,debit_spread,23707.1,19.0,1.0,0.0,0.0,1.039,0.066,0.461,6,10,20,2,0,62,0,62,60,high_vol_range,47.65,75,,,
2026-03-18T10:38:00+05:30,portfolio_hist,TREND,EXIT,debit_spread,23743.05,18.82,1.0,0.0,0.0,1.038,0.218,0.403,6,10,38,2,0,0,0,0,0,high_vol_range,0.0,0,Trend profit: spread at 50.2% of max,189.0,18
2026-03-18T15:15:00+05:30,portfolio_hist,PREMIUM,EXIT,iron_condor,23776.9,18.75,1.0,0.0,0.0,1.038,0.361,0.132,6,15,15,2,0,0,0,0,0,high_vol_range,0.0,0,Time exit,651.75,344
2026-03-18T09:30:00+05:30,portfolio_hist,PREMIUM,SKIP,idle,23732.2,18.86,1.0,0.0,0.0,1.039,0.172,0.773,6,9,30,2,0,67,0,67,75,high_vol_range,0.0,0,,,
2026-03-18T09:31:00+05:30,portfolio_hist,PREMIUM,ENTER,iron_condor,23725.85,18.87,1.0,0.0,0.0,1.039,0.146,0.773,6,9,31,2,0,80,0,80,75,high_vol_range,50.25,75,,,
2026-03-18T10:20:00+05:30,portfolio_hist,TREND,ENTER,debit_spread,23707.1,19.0,1.0,0.0,0.0,1.039,0.066,0.461,6,10,20,2,0,62,0,62,60,high_vol_range,47.65,75,,,
2026-03-18T10:38:00+05:30,portfolio_hist,TREND,EXIT,debit_spread,23743.05,18.82,1.0,0.0,0.0,1.038,0.218,0.403,6,10,38,2,0,0,0,0,0,high_vol_range,0.0,0,Trend profit: spread at 50.2% of max,189.0,18
2026-03-18T15:15:00+05:30,portfolio_hist,PREMIUM,EXIT,iron_condor,23776.9,18.75,1.0,0.0,0.0,1.038,0.361,0.132,6,15,15,2,0,0,0,0,0,high_vol_range,0.0,0,Time exit,651.75,344
2026-03-18T09:30:00+05:30,portfolio_hist,PREMIUM,SKIP,idle,23732.2,18.86,1.0,0.0,0.0,1.039,0.172,0.773,6,9,30,2,0,67,0,67,75,high_vol_range,0.0,0,,,
2026-03-18T09:31:00+05:30,portfolio_hist,PREMIUM,ENTER,iron_condor,23725.85,18.87,1.0,0.0,0.0,1.039,0.146,0.773,6,9,31,2,0,80,0,80,75,high_vol_range,50.25,75,,,
2026-03-18T10:20:00+05:30,portfolio_hist,TREND,ENTER,debit_spread,23707.1,19.0,1.0,0.0,0.0,1.039,0.066,0.461,6,10,20,2,0,62,0,62,60,high_vol_range,47.65,75,,,
2026-03-18T10:38:00+05:30,portfolio_hist,TREND,EXIT,debit_spread,23743.05,18.82,1.0,0.0,0.0,1.038,0.218,0.403,6,10,38,2,0,0,0,0,0,high_vol_range,0.0,0,Trend profit: spread at 50.2% of max,189.0,18
2026-03-18T15:15:00+05:30,portfolio_hist,PREMIUM,EXIT,iron_condor,23776.9,18.75,1.0,0.0,0.0,1.038,0.361,0.132,6,15,15,2,0,0,0,0,0,high_vol_range,0.0,0,Time exit,651.75,344
2026-03-18T09:30:00+05:30,portfolio_hist,PREMIUM,SKIP,idle,23732.2,18.86,1.0,0.0,0.0,1.039,0.172,0.773,6,9,30,2,0,67,0,67,75,high_vol_range,0.0,0,,,
2026-03-18T09:31:00+05:30,portfolio_hist,PREMIUM,ENTER,iron_condor,23725.85,18.87,1.0,0.0,0.0,1.039,0.146,0.773,6,9,31,2,0,80,0,80,75,high_vol_range,50.25,75,,,
2026-03-18T10:20:00+05:30,portfolio_hist,TREND,ENTER,debit_spread,23707.1,19.0,1.0,0.0,0.0,1.039,0.066,0.461,6,10,20,2,0,62,0,62,60,high_vol_range,47.65,75,,,
2026-03-18T10:38:00+05:30,portfolio_hist,TREND,EXIT,debit_spread,23743.05,18.82,1.0,0.0,0.0,1.038,0.218,0.403,6,10,38,2,0,0,0,0,0,high_vol_range,0.0,0,Trend profit: spread at 50.2% of max,189.0,18
2026-03-18T15:15:00+05:30,portfolio_hist,PREMIUM,EXIT,iron_condor,23776.9,18.75,1.0,0.0,0.0,1.038,0.361,0.132,6,15,15,2,0,0,0,0,0,high_vol_range,0.0,0,Time exit,651.75,344
2026-03-18T09:30:00+05:30,portfolio_hist,PREMIUM,SKIP,idle,23732.2,18.86,1.0,0.0,0.0,1.039,0.172,0.773,6,9,30,2,0,67,0,67,75,high_vol_range,0.0,0,,,
2026-03-18T09:31:00+05:30,portfolio_hist,PREMIUM,ENTER,iron_condor,23725.85,18.87,1.0,0.0,0.0,1.039,0.146,0.773,6,9,31,2,0,80,0,80,75,high_vol_range,50.25,75,,,
2026-03-18T10:20:00+05:30,portfolio_hist,TREND,ENTER,debit_spread,23707.1,19.0,1.0,0.0,0.0,1.039,0.066,0.461,6,10,20,2,0,62,0,62,60,high_vol_range,47.65,75,,,
2026-03-18T10:38:00+05:30,portfolio_hist,TREND,EXIT,debit_spread,23743.05,18.82,1.0,0.0,0.0,1.038,0.218,0.403,6,10,38,2,0,0,0,0,0,high_vol_range,0.0,0,Trend profit: spread at 50.2% of max,189.0,18
2026-03-18T15:15:00+05:30,portfolio_hist,PREMIUM,EXIT,iron_condor,23776.9,18.75,1.0,0.0,0.0,1.038,0.361,0.132,6,15,15,2,0,0,0,0,0,high_vol_range,0.0,0,Time exit,651.75,344
2026-03-18T09:30:00+05:30,portfolio_hist,PREMIUM,SKIP,idle,23732.2,18.86,1.0,0.0,0.0,1.039,0.172,0.773,6,9,30,2,0,67,0,67,75,high_vol_range,0.0,0,,,
2026-03-18T09:31:00+05:30,portfolio_hist,PREMIUM,ENTER,iron_condor,23725.85,18.87,1.0,0.0,0.0,1.039,0.146,0.773,6,9,31,2,0,80,0,80,75,high_vol_range,50.25,75,,,
2026-03-18T10:20:00+05:30,portfolio_hist,TREND,ENTER,debit_spread,23707.1,19.0,1.0,0.0,0.0,1.039,0.066,0.461,6,10,20,2,0,62,0,62,60,high_vol_range,47.65,75,,,
2026-03-18T10:38:00+05:30,portfolio_hist,TREND,EXIT,debit_spread,23743.05,18.82,1.0,0.0,0.0,1.038,0.218,0.403,6,10,38,2,0,0,0,0,0,high_vol_range,0.0,0,Trend profit: spread at 50.2% of max,189.0,18
2026-03-18T15:15:00+05:30,portfolio_hist,PREMIUM,EXIT,iron_condor,23776.9,18.75,1.0,0.0,0.0,1.038,0.361,0.132,6,15,15,2,0,0,0,0,0,high_vol_range,0.0,0,Time exit,651.75,344
2026-03-18T09:30:00+05:30,portfolio_hist,PREMIUM,SKIP,idle,23732.2,18.86,1.0,0.0,0.0,1.039,0.172,0.773,6,9,30,2,0,67,0,67,75,high_vol_range,0.0,0,,,
2026-03-18T09:31:00+05:30,portfolio_hist,PREMIUM,ENTER,iron_condor,23725.85,18.87,1.0,0.0,0.0,1.039,0.146,0.773,6,9,31,2,0,80,0,80,75,high_vol_range,50.25,75,,,
2026-03-18T10:20:00+05:30,portfolio_hist,TREND,ENTER,debit_spread,23707.1,19.0,1.0,0.0,0.0,1.039,0.066,0.461,6,10,20,2,0,62,0,62,60,high_vol_range,47.65,75,,,
2026-03-18T10:38:00+05:30,portfolio_hist,TREND,EXIT,debit_spread,23743.05,18.82,1.0,0.0,0.0,1.038,0.218,0.403,6,10,38,2,0,0,0,0,0,high_vol_range,0.0,0,Trend profit: spread at 50.2% of max,189.0,18
2026-03-18T15:15:00+05:30,portfolio_hist,PREMIUM,EXIT,iron_condor,23776.9,18.75,1.0,0.0,0.0,1.038,0.361,0.132,6,15,15,2,0,0,0,0,0,high_vol_range,0.0,0,Time exit,651.75,344
2026-03-18T09:30:00+05:30,portfolio_hist,PREMIUM,SKIP,idle,23732.2,18.86,1.0,0.0,0.0,1.039,0.172,0.773,6,9,30,2,0,67,0,67,75,high_vol_range,0.0,0,,,
2026-03-18T09:31:00+05:30,portfolio_hist,PREMIUM,ENTER,iron_condor,23725.85,18.87,1.0,0.0,0.0,1.039,0.146,0.773,6,9,31,2,0,80,0,80,75,high_vol_range,50.25,75,,,
2026-03-18T10:20:00+05:30,portfolio_hist,TREND,ENTER,debit_spread,23707.1,19.0,1.0,0.0,0.0,1.039,0.066,0.461,6,10,20,2,0,62,0,62,60,high_vol_range,47.65,75,,,
2026-03-18T10:38:00+05:30,portfolio_hist,TREND,EXIT,debit_spread,23743.05,18.82,1.0,0.0,0.0,1.038,0.218,0.403,6,10,38,2,0,0,0,0,0,high_vol_range,0.0,0,Trend profit: spread at 50.2% of max,189.0,18
2026-03-18T15:15:00+05:30,portfolio_hist,PREMIUM,EXIT,iron_condor,23776.9,18.75,1.0,0.0,0.0,1.038,0.361,0.132,6,15,15,2,0,0,0,0,0,high_vol_range,0.0,0,Time exit,651.75,344
2026-03-18T09:30:00+05:30,portfolio_hist,PREMIUM,SKIP,idle,23732.2,18.86,1.0,0.0,0.0,1.039,0.172,0.773,6,9,30,2,0,67,0,67,75,high_vol_range,0.0,0,,,
2026-03-18T09:31:00+05:30,portfolio_hist,PREMIUM,ENTER,iron_condor,23725.85,18.87,1.0,0.0,0.0,1.039,0.146,0.773,6,9,31,2,0,80,0,80,75,high_vol_range,50.25,75,,,
2026-03-18T10:20:00+05:30,portfolio_hist,TREND,ENTER,debit_spread,23707.1,19.0,1.0,0.0,0.0,1.039,0.066,0.461,6,10,20,2,0,62,0,62,60,high_vol_range,47.65,75,,,
2026-03-18T10:38:00+05:30,portfolio_hist,TREND,EXIT,debit_spread,23743.05,18.82,1.0,0.0,0.0,1.038,0.218,0.403,6,10,38,2,0,0,0,0,0,high_vol_range,0.0,0,Trend profit: spread at 50.2% of max,189.0,18
2026-03-18T15:15:00+05:30,portfolio_hist,PREMIUM,EXIT,iron_condor,23776.9,18.75,1.0,0.0,0.0,1.038,0.361,0.132,6,15,15,2,0,0,0,0,0,high_vol_range,0.0,0,Time exit,651.75,344
2026-03-18T09:30:00+05:30,portfolio_hist,PREMIUM,SKIP,idle,23732.2,18.86,1.0,0.0,0.0,1.039,0.172,0.773,6,9,30,2,0,67,0,67,75,high_vol_range,0.0,0,,,
2026-03-18T09:31:00+05:30,portfolio_hist,PREMIUM,ENTER,iron_condor,23725.85,18.87,1.0,0.0,0.0,1.039,0.146,0.773,6,9,31,2,0,80,0,80,75,high_vol_range,50.25,75,,,
2026-03-18T10:20:00+05:30,portfolio_hist,TREND,ENTER,debit_spread,23707.1,19.0,1.0,0.0,0.0,1.039,0.066,0.461,6,10,20,2,0,62,0,62,60,high_vol_range,47.65,75,,,
2026-03-18T10:21:00+05:30,portfolio_hist,TREND,EXIT,debit_spread,23709.2,18.96,1.0,0.0,0.0,1.039,0.075,0.461,6,10,21,2,0,0,0,0,0,high_vol_range,0.0,0,Trend profit: spread at 47.8% of max,10.5,1
2026-03-18T15:15:00+05:30,portfolio_hist,PREMIUM,EXIT,iron_condor,23776.9,18.75,1.0,0.0,0.0,1.038,0.361,0.132,6,15,15,2,0,0,0,0,0,high_vol_range,0.0,0,Time exit,651.75,344
2026-03-18T09:30:00+05:30,portfolio_hist,PREMIUM,SKIP,idle,23732.2,18.86,1.0,0.0,0.0,1.039,0.172,0.773,6,9,30,2,0,67,0,67,75,high_vol_range,0.0,0,,,
2026-03-18T09:31:00+05:30,portfolio_hist,PREMIUM,ENTER,iron_condor,23725.85,18.87,1.0,0.0,0.0,1.039,0.146,0.773,6,9,31,2,0,80,0,80,75,high_vol_range,50.25,75,,,
2026-03-18T10:20:00+05:30,portfolio_hist,TREND,ENTER,debit_spread,23707.1,19.0,1.0,0.0,0.0,1.039,0.066,0.461,6,10,20,2,0,62,0,62,60,high_vol_range,47.65,75,,,
2026-03-18T10:21:00+05:30,portfolio_hist,TREND,EXIT,debit_spread,23709.2,18.96,1.0,0.0,0.0,1.039,0.075,0.461,6,10,21,2,0,0,0,0,0,high_vol_range,0.0,0,Trend profit: spread at 47.8% of max,10.5,1
2026-03-18T15:15:00+05:30,portfolio_hist,PREMIUM,EXIT,iron_condor,23776.9,18.75,1.0,0.0,0.0,1.038,0.361,0.132,6,15,15,2,0,0,0,0,0,high_vol_range,0.0,0,Time exit,651.75,344
2026-03-18T09:30:00+05:30,portfolio_hist,PREMIUM,SKIP,idle,23732.2,18.86,1.0,0.0,0.0,1.039,0.172,0.773,6,9,30,2,0,67,0,67,75,high_vol_range,0.0,0,,,
2026-03-18T09:31:00+05:30,portfolio_hist,PREMIUM,ENTER,iron_condor,23725.85,18.87,1.0,0.0,0.0,1.039,0.146,0.773,6,9,31,2,0,80,0,80,75,high_vol_range,50.25,75,,,
2026-03-18T10:20:00+05:30,portfolio_hist,TREND,ENTER,debit_spread,23707.1,19.0,1.0,0.0,0.0,1.039,0.066,0.461,6,10,20,2,0,62,0,62,60,high_vol_range,47.65,75,,,
2026-03-18T10:38:00+05:30,portfolio_hist,TREND,EXIT,debit_spread,23743.05,18.82,1.0,0.0,0.0,1.038,0.218,0.403,6,10,38,2,0,0,0,0,0,high_vol_range,0.0,0,Trend profit: spread at 50.2% of max,189.0,18
2026-03-18T15:15:00+05:30,portfolio_hist,PREMIUM,EXIT,iron_condor,23776.9,18.75,1.0,0.0,0.0,1.038,0.361,0.132,6,15,15,2,0,0,0,0,0,high_vol_range,0.0,0,Time exit,651.75,344
2026-03-18T09:30:00+05:30,portfolio_hist,PREMIUM,SKIP,idle,23732.2,18.86,1.0,0.0,0.0,1.039,0.172,0.773,6,9,30,2,0,67,0,67,75,high_vol_range,0.0,0,,,
2026-03-18T09:31:00+05:30,portfolio_hist,PREMIUM,ENTER,iron_condor,23725.85,18.87,1.0,0.0,0.0,1.039,0.146,0.773,6,9,31,2,0,80,0,80,75,high_vol_range,50.25,75,,,
2026-03-18T10:20:00+05:30,portfolio_hist,TREND,ENTER,debit_spread,23707.1,19.0,1.0,0.0,0.0,1.039,0.066,0.461,6,10,20,2,0,62,0,62,60,high_vol_range,47.65,75,,,
2026-03-18T15:15:00+05:30,portfolio_hist,PREMIUM,EXIT,iron_condor,23776.9,18.75,1.0,0.0,0.0,1.038,0.361,0.132,6,15,15,2,0,0,0,0,0,high_vol_range,0.0,0,Time exit,651.75,344
2026-03-18T15:16:00+05:30,portfolio_hist,TREND,EXIT,debit_spread,23778.6,18.76,1.0,0.0,0.0,1.038,0.368,0.132,6,15,16,2,0,0,0,0,0,high_vol_range,0.0,0,Time exit,347.25,296
2026-03-18T09:30:00+05:30,portfolio_hist,PREMIUM,SKIP,idle,23732.2,18.86,1.0,0.0,0.0,1.039,0.172,0.773,6,9,30,2,0,67,0,67,75,high_vol_range,0.0,0,,,
2026-03-18T09:31:00+05:30,portfolio_hist,PREMIUM,ENTER,iron_condor,23725.85,18.87,1.0,0.0,0.0,1.039,0.146,0.773,6,9,31,2,0,80,0,80,75,high_vol_range,50.25,75,,,
2026-03-18T10:20:00+05:30,portfolio_hist,TREND,ENTER,debit_spread,23707.1,19.0,1.0,0.0,0.0,1.039,0.066,0.461,6,10,20,2,0,62,0,62,60,high_vol_range,47.65,75,,,
2026-03-18T15:15:00+05:30,portfolio_hist,PREMIUM,EXIT,iron_condor,23776.9,18.75,1.0,0.0,0.0,1.038,0.361,0.132,6,15,15,2,0,0,0,0,0,high_vol_range,0.0,0,Time exit,651.75,344
2026-03-18T15:16:00+05:30,portfolio_hist,TREND,EXIT,debit_spread,23778.6,18.76,1.0,0.0,0.0,1.038,0.368,0.132,6,15,16,2,0,0,0,0,0,high_vol_range,0.0,0,Time exit,347.25,296
2026-03-18T09:30:00+05:30,portfolio_hist,PREMIUM,SKIP,idle,23732.2,18.86,1.0,0.0,0.0,1.039,0.172,0.773,6,9,30,2,0,67,0,67,75,high_vol_range,0.0,0,,,
2026-03-18T09:31:00+05:30,portfolio_hist,PREMIUM,ENTER,iron_condor,23725.85,18.87,1.0,0.0,0.0,1.039,0.146,0.773,6,9,31,2,0,80,0,80,75,high_vol_range,50.25,75,,,
2026-03-18T10:20:00+05:30,portfolio_hist,TREND,ENTER,debit_spread,23707.1,19.0,1.0,0.0,0.0,1.039,0.066,0.461,6,10,20,2,0,62,0,62,60,high_vol_range,47.65,75,,,
2026-03-18T10:21:00+05:30,portfolio_hist,TREND,EXIT,debit_spread,23709.2,18.96,1.0,0.0,0.0,1.039,0.075,0.461,6,10,21,2,0,0,0,0,0,high_vol_range,0.0,0,Trend profit: spread at 47.8% of max,10.5,1
2026-03-18T15:15:00+05:30,portfolio_hist,PREMIUM,EXIT,iron_condor,23776.9,18.75,1.0,0.0,0.0,1.038,0.361,0.132,6,15,15,2,0,0,0,0,0,high_vol_range,0.0,0,Time exit,651.75,344
2026-03-18T09:30:00+05:30,portfolio_hist,PREMIUM,SKIP,idle,23732.2,18.86,1.0,0.0,0.0,1.039,0.172,0.773,6,9,30,2,0,67,0,67,75,high_vol_range,0.0,0,,,
2026-03-18T09:31:00+05:30,portfolio_hist,PREMIUM,ENTER,iron_condor,23725.85,18.87,1.0,0.0,0.0,1.039,0.146,0.773,6,9,31,2,0,80,0,80,75,high_vol_range,50.25,75,,,
2026-03-18T10:20:00+05:30,portfolio_hist,TREND,ENTER,debit_spread,23707.1,19.0,1.0,0.0,0.0,1.039,0.066,0.461,6,10,20,2,0,62,0,62,60,high_vol_range,47.65,75,,,
2026-03-18T10:21:00+05:30,portfolio_hist,TREND,EXIT,debit_spread,23709.2,18.96,1.0,0.0,0.0,1.039,0.075,0.461,6,10,21,2,0,0,0,0,0,high_vol_range,0.0,0,Trend profit: spread at 47.8% of max,10.5,1
2026-03-18T15:15:00+05:30,portfolio_hist,PREMIUM,EXIT,iron_condor,23776.9,18.75,1.0,0.0,0.0,1.038,0.361,0.132,6,15,15,2,0,0,0,0,0,high_vol_range,0.0,0,Time exit,651.75,344
2026-03-18T09:30:00+05:30,portfolio_hist,PREMIUM,SKIP,idle,23732.2,18.86,1.0,0.0,0.0,1.039,0.172,0.773,6,9,30,2,0,67,0,67,75,high_vol_range,0.0,0,,,
2026-03-18T09:31:00+05:30,portfolio_hist,PREMIUM,ENTER,iron_condor,23725.85,18.87,1.0,0.0,0.0,1.039,0.146,0.773,6,9,31,2,0,80,0,80,75,high_vol_range,50.25,75,,,
2026-03-18T10:20:00+05:30,portfolio_hist,TREND,ENTER,debit_spread,23707.1,19.0,1.0,0.0,0.0,1.039,0.066,0.461,6,10,20,2,0,62,0,62,60,high_vol_range,47.65,75,,,
2026-03-18T10:38:00+05:30,portfolio_hist,TREND,EXIT,debit_spread,23743.05,18.82,1.0,0.0,0.0,1.038,0.218,0.403,6,10,38,2,0,0,0,0,0,high_vol_range,0.0,0,Trend profit: spread at 50.2% of max,189.0,18
2026-03-18T15:15:00+05:30,portfolio_hist,PREMIUM,EXIT,iron_condor,23776.9,18.75,1.0,0.0,0.0,1.038,0.361,0.132,6,15,15,2,0,0,0,0,0,high_vol_range,0.0,0,Time exit,651.75,344
2026-03-18T09:30:00+05:30,portfolio_hist,PREMIUM,SKIP,idle,23732.2,18.86,1.0,0.0,0.0,1.039,0.172,0.773,6,9,30,2,0,67,0,67,75,high_vol_range,0.0,0,,,
2026-03-18T09:31:00+05:30,portfolio_hist,PREMIUM,ENTER,iron_condor,23725.85,18.87,1.0,0.0,0.0,1.039,0.146,0.773,6,9,31,2,0,80,0,80,75,high_vol_range,50.25,75,,,
2026-03-18T10:20:00+05:30,portfolio_hist,TREND,ENTER,debit_spread,23707.1,19.0,1.0,0.0,0.0,1.039,0.066,0.461,6,10,20,2,0,62,0,62,60,high_vol_range,47.65,75,,,
2026-03-18T15:15:00+05:30,portfolio_hist,PREMIUM,EXIT,iron_condor,23776.9,18.75,1.0,0.0,0.0,1.038,0.361,0.132,6,15,15,2,0,0,0,0,0,high_vol_range,0.0,0,Time exit,651.75,344
2026-03-18T15:16:00+05:30,portfolio_hist,TREND,EXIT,debit_spread,23778.6,18.76,1.0,0.0,0.0,1.038,0.368,0.132,6,15,16,2,0,0,0,0,0,high_vol_range,0.0,0,Time exit,347.25,296
2026-03-18T09:30:00+05:30,portfolio_hist,PREMIUM,SKIP,idle,23732.2,18.86,1.0,0.0,0.0,1.039,0.172,0.773,6,9,30,2,0,67,0,67,75,high_vol_range,0.0,0,,,
2026-03-18T09:31:00+05:30,portfolio_hist,PREMIUM,ENTER,iron_condor,23725.85,18.87,1.0,0.0,0.0,1.039,0.146,0.773,6,9,31,2,0,80,0,80,75,high_vol_range,50.25,75,,,
2026-03-18T10:20:00+05:30,portfolio_hist,TREND,ENTER,debit_spread,23707.1,19.0,1.0,0.0,0.0,1.039,0.066,0.461,6,10,20,2,0,62,0,62,60,high_vol_range,47.65,75,,,
2026-03-18T15:15:00+05:30,portfolio_hist,PREMIUM,EXIT,iron_condor,23776.9,18.75,1.0,0.0,0.0,1.038,0.361,0.132,6,15,15,2,0,0,0,0,0,high_vol_range,0.0,0,Time exit,651.75,344
2026-03-18T15:16:00+05:30,portfolio_hist,TREND,EXIT,debit_spread,23778.6,18.76,1.0,0.0,0.0,1.038,0.368,0.132,6,15,16,2,0,0,0,0,0,high_vol_range,0.0,0,Time exit,347.25,296
2026-03-18T09:30:00+05:30,portfolio_hist,PREMIUM,SKIP,idle,23732.2,18.86,1.0,0.0,0.0,1.039,0.172,0.773,6,9,30,2,0,67,0,67,75,high_vol_range,0.0,0,,,
2026-03-18T09:31:00+05:30,portfolio_hist,PREMIUM,ENTER,iron_condor,23725.85,18.87,1.0,0.0,0.0,1.039,0.146,0.773,6,9,31,2,0,80,0,80,75,high_vol_range,50.25,75,,,
2026-03-18T10:20:00+05:30,portfolio_hist,TREND,ENTER,debit_spread,23707.1,19.0,1.0,0.0,0.0,1.039,0.066,0.461,6,10,20,2,0,62,0,62,60,high_vol_range,47.65,75,,,
2026-03-18T10:21:00+05:30,portfolio_hist,TREND,EXIT,debit_spread,23709.2,18.96,1.0,0.0,0.0,1.039,0.075,0.461,6,10,21,2,0,0,0,0,0,high_vol_range,0.0,0,Trend profit: spread at 47.8% of max,10.5,1
2026-03-18T15:15:00+05:30,portfolio_hist,PREMIUM,EXIT,iron_condor,23776.9,18.75,1.0,0.0,0.0,1.038,0.361,0.132,6,15,15,2,0,0,0,0,0,high_vol_range,0.0,0,Time exit,651.75,344
2026-03-18T09:30:00+05:30,portfolio_hist,PREMIUM,SKIP,idle,23732.2,18.86,1.0,0.0,0.0,1.039,0.172,0.773,6,9,30,2,0,67,0,67,75,high_vol_range,0.0,0,,,
2026-03-18T09:31:00+05:30,portfolio_hist,PREMIUM,ENTER,iron_condor,23725.85,18.87,1.0,0.0,0.0,1.039,0.146,0.773,6,9,31,2,0,80,0,80,75,high_vol_range,50.25,75,,,
2026-03-18T10:20:00+05:30,portfolio_hist,TREND,ENTER,debit_spread,23707.1,19.0,1.0,0.0,0.0,1.039,0.066,0.461,6,10,20,2,0,62,0,62,60,high_vol_range,47.65,75,,,
2026-03-18T10:21:00+05:30,portfolio_hist,TREND,EXIT,debit_spread,23709.2,18.96,1.0,0.0,0.0,1.039,0.075,0.461,6,10,21,2,0,0,0,0,0,high_vol_range,0.0,0,Trend profit: spread at 47.8% of max,10.5,1
2026-03-18T15:15:00+05:30,portfolio_hist,PREMIUM,EXIT,iron_condor,23776.9,18.75,1.0,0.0,0.0,1.038,0.361,0.132,6,15,15,2,0,0,0,0,0,high_vol_range,0.0,0,Time exit,651.75,344
2026-03-18T09:30:00+05:30,portfolio_hist,PREMIUM,SKIP,idle,23732.2,18.86,1.0,0.0,0.0,1.039,0.172,0.773,6,9,30,2,0,67,0,67,75,high_vol_range,0.0,0,,,
2026-03-18T09:31:00+05:30,portfolio_hist,PREMIUM,ENTER,iron_condor,23725.85,18.87,1.0,0.0,0.0,1.039,0.146,0.773,6,9,31,2,0,80,0,80,75,high_vol_range,50.25,75,,,
2026-03-18T10:20:00+05:30,portfolio_hist,TREND,ENTER,debit_spread,23707.1,19.0,1.0,0.0,0.0,1.039,0.066,0.461,6,10,20,2,0,62,0,62,60,high_vol_range,47.65,75,,,
2026-03-18T10:38:00+05:30,portfolio_hist,TREND,EXIT,debit_spread,23743.05,18.82,1.0,0.0,0.0,1.038,0.218,0.403,6,10,38,2,0,0,0,0,0,high_vol_range,0.0,0,Trend profit: spread at 50.2% of max,189.0,18
2026-03-18T15:15:00+05:30,portfolio_hist,PREMIUM,EXIT,iron_condor,23776.9,18.75,1.0,0.0,0.0,1.038,0.361,0.132,6,15,15,2,0,0,0,0,0,high_vol_range,0.0,0,Time exit,651.75,344
2026-03-18T09:30:00+05:30,portfolio_hist,PREMIUM,SKIP,idle,23732.2,18.86,1.0,0.0,0.0,1.039,0.172,0.773,6,9,30,2,0,67,0,67,75,high_vol_range,0.0,0,,,
2026-03-18T09:31:00+05:30,portfolio_hist,PREMIUM,ENTER,iron_condor,23725.85,18.87,1.0,0.0,0.0,1.039,0.146,0.773,6,9,31,2,0,80,0,80,75,high_vol_range,50.25,75,,,
2026-03-18T10:20:00+05:30,portfolio_hist,TREND,ENTER,debit_spread,23707.1,19.0,1.0,0.0,0.0,1.039,0.066,0.461,6,10,20,2,0,62,0,62,60,high_vol_range,47.65,75,,,
2026-03-18T15:15:00+05:30,portfolio_hist,PREMIUM,EXIT,iron_condor,23776.9,18.75,1.0,0.0,0.0,1.038,0.361,0.132,6,15,15,2,0,0,0,0,0,high_vol_range,0.0,0,Time exit,651.75,344
2026-03-18T15:16:00+05:30,portfolio_hist,TREND,EXIT,debit_spread,23778.6,18.76,1.0,0.0,0.0,1.038,0.368,0.132,6,15,16,2,0,0,0,0,0,high_vol_range,0.0,0,Time exit,347.25,296
2026-03-18T09:30:00+05:30,portfolio_hist,PREMIUM,SKIP,idle,23732.2,18.86,1.0,0.0,0.0,1.039,0.172,0.773,6,9,30,2,0,67,0,67,75,high_vol_range,0.0,0,,,
2026-03-18T09:31:00+05:30,portfolio_hist,PREMIUM,ENTER,iron_condor,23725.85,18.87,1.0,0.0,0.0,1.039,0.146,0.773,6,9,31,2,0,80,0,80,75,high_vol_range,50.25,75,,,
2026-03-18T10:20:00+05:30,portfolio_hist,TREND,ENTER,debit_spread,23707.1,19.0,1.0,0.0,0.0,1.039,0.066,0.461,6,10,20,2,0,62,0,62,60,high_vol_range,47.65,75,,,
2026-03-18T15:15:00+05:30,portfolio_hist,PREMIUM,EXIT,iron_condor,23776.9,18.75,1.0,0.0,0.0,1.038,0.361,0.132,6,15,15,2,0,0,0,0,0,high_vol_range,0.0,0,Time exit,651.75,344
2026-03-18T15:16:00+05:30,portfolio_hist,TREND,EXIT,debit_spread,23778.6,18.76,1.0,0.0,0.0,1.038,0.368,0.132,6,15,16,2,0,0,0,0,0,high_vol_range,0.0,0,Time exit,347.25,296
2026-03-18T09:30:00+05:30,portfolio_hist,PREMIUM,SKIP,idle,23732.2,18.86,1.0,0.0,0.0,1.039,0.172,0.773,6,9,30,2,0,67,0,67,75,high_vol_range,0.0,0,,,
2026-03-18T09:31:00+05:30,portfolio_hist,PREMIUM,ENTER,iron_condor,23725.85,18.87,1.0,0.0,0.0,1.039,0.146,0.773,6,9,31,2,0,80,0,80,75,high_vol_range,50.25,75,,,
2026-03-18T10:20:00+05:30,portfolio_hist,TREND,ENTER,debit_spread,23707.1,19.0,1.0,0.0,0.0,1.039,0.066,0.461,6,10,20,2,0,62,0,62,60,high_vol_range,47.65,75,,,
2026-03-18T10:21:00+05:30,portfolio_hist,TREND,EXIT,debit_spread,23709.2,18.96,1.0,0.0,0.0,1.039,0.075,0.461,6,10,21,2,0,0,0,0,0,high_vol_range,0.0,0,Trend profit: spread at 47.8% of max,10.5,1
2026-03-18T15:15:00+05:30,portfolio_hist,PREMIUM,EXIT,iron_condor,23776.9,18.75,1.0,0.0,0.0,1.038,0.361,0.132,6,15,15,2,0,0,0,0,0,high_vol_range,0.0,0,Time exit,651.75,344
2026-03-18T09:30:00+05:30,portfolio_hist,PREMIUM,SKIP,idle,23732.2,18.86,1.0,0.0,0.0,1.039,0.172,0.773,6,9,30,2,0,67,0,67,75,high_vol_range,0.0,0,,,
2026-03-18T09:31:00+05:30,portfolio_hist,PREMIUM,ENTER,iron_condor,23725.85,18.87,1.0,0.0,0.0,1.039,0.146,0.773,6,9,31,2,0,80,0,80,75,high_vol_range,50.25,75,,,
2026-03-18T10:20:00+05:30,portfolio_hist,TREND,ENTER,debit_spread,23707.1,19.0,1.0,0.0,0.0,1.039,0.066,0.461,6,10,20,2,0,62,0,62,60,high_vol_range,47.65,75,,,
2026-03-18T10:21:00+05:30,portfolio_hist,TREND,EXIT,debit_spread,23709.2,18.96,1.0,0.0,0.0,1.039,0.075,0.461,6,10,21,2,0,0,0,0,0,high_vol_range,0.0,0,Trend profit: spread at 47.8% of max,10.5,1
2026-03-18T15:15:00+05:30,portfolio_hist,PREMIUM,EXIT,iron_condor,23776.9,18.75,1.0,0.0,0.0,1.038,0.361,0.132,6,15,15,2,0,0,0,0,0,high_vol_range,0.0,0,Time exit,651.75,344
2026-03-18T09:30:00+05:30,portfolio_hist,PREMIUM,SKIP,idle,23732.2,18.86,1.0,0.0,0.0,1.039,0.172,0.773,6,9,30,2,0,67,0,67,75,high_vol_range,0.0,0,,,
2026-03-18T09:31:00+05:30,portfolio_hist,PREMIUM,ENTER,iron_condor,23725.85,18.87,1.0,0.0,0.0,1.039,0.146,0.773,6,9,31,2,0,80,0,80,75,high_vol_range,50.25,75,,,
2026-03-18T10:20:00+05:30,portfolio_hist,TREND,ENTER,debit_spread,23707.1,19.0,1.0,0.0,0.0,1.039,0.066,0.461,6,10,20,2,0,62,0,62,60,high_vol_range,47.65,75,,,
2026-03-18T10:38:00+05:30,portfolio_hist,TREND,EXIT,debit_spread,23743.05,18.82,1.0,0.0,0.0,1.038,0.218,0.403,6,10,38,2,0,0,0,0,0,high_vol_range,0.0,0,Trend profit: spread at 50.2% of max,189.0,18
2026-03-18T15:15:00+05:30,portfolio_hist,PREMIUM,EXIT,iron_condor,23776.9,18.75,1.0,0.0,0.0,1.038,0.361,0.132,6,15,15,2,0,0,0,0,0,high_vol_range,0.0,0,Time exit,651.75,344
2026-03-18T09:30:00+05:30,portfolio_hist,PREMIUM,SKIP,idle,23732.2,18.86,1.0,0.0,0.0,1.039,0.172,0.773,6,9,30,2,0,67,0,67,75,high_vol_range,0.0,0,,,
2026-03-18T09:31:00+05:30,portfolio_hist,PREMIUM,ENTER,iron_condor,23725.85,18.87,1.0,0.0,0.0,1.039,0.146,0.773,6,9,31,2,0,80,0,80,75,high_vol_range,50.25,75,,,
2026-03-18T10:20:00+05:30,portfolio_hist,TREND,ENTER,debit_spread,23707.1,19.0,1.0,0.0,0.0,1.039,0.066,0.461,6,10,20,2,0,62,0,62,60,high_vol_range,47.65,75,,,
2026-03-18T15:15:00+05:30,portfolio_hist,PREMIUM,EXIT,iron_condor,23776.9,18.75,1.0,0.0,0.0,1.038,0.361,0.132,6,15,15,2,0,0,0,0,0,high_vol_range,0.0,0,Time exit,651.75,344
2026-03-18T15:16:00+05:30,portfolio_hist,TREND,EXIT,debit_spread,23778.6,18.76,1.0,0.0,0.0,1.038,0.368,0.132,6,15,16,2,0,0,0,0,0,high_vol_range,0.0,0,Time exit,347.25,296
2026-03-18T09:30:00+05:30,portfolio_hist,PREMIUM,SKIP,idle,23732.2,18.86,1.0,0.0,0.0,1.039,0.172,0.773,6,9,30,2,0,67,0,67,75,high_vol_range,0.0,0,,,
2026-03-18T09:31:00+05:30,portfolio_hist,PREMIUM,ENTER,iron_condor,23725.85,18.87,1.0,0.0,0.0,1.039,0.146,0.773,6,9,31,2,0,80,0,80,75,high_vol_range,50.25,75,,,
2026-03-18T10:20:00+05:30,portfolio_hist,TREND,ENTER,debit_spread,23707.1,19.0,1.0,0.0,0.0,1.039,0.066,0.461,6,10,20,2,0,62,0,62,60,high_vol_range,47.65,75,,,
2026-03-18T15:15:00+05:30,portfolio_hist,PREMIUM,EXIT,iron_condor,23776.9,18.75,1.0,0.0,0.0,1.038,0.361,0.132,6,15,15,2,0,0,0,0,0,high_vol_range,0.0,0,Time exit,651.75,344
2026-03-18T15:16:00+05:30,portfolio_hist,TREND,EXIT,debit_spread,23778.6,18.76,1.0,0.0,0.0,1.038,0.368,0.132,6,15,16,2,0,0,0,0,0,high_vol_range,0.0,0,Time exit,347.25,296
2026-03-18T09:30:00+05:30,portfolio_hist,PREMIUM,SKIP,idle,23732.2,18.86,1.0,0.0,0.0,1.039,0.172,0.773,6,9,30,2,0,67,0,67,75,high_vol_range,0.0,0,,,
2026-03-18T09:31:00+05:30,portfolio_hist,PREMIUM,ENTER,iron_condor,23725.85,18.87,1.0,0.0,0.0,1.039,0.146,0.773,6,9,31,2,0,80,0,80,75,high_vol_range,50.25,75,,,
2026-03-18T10:20:00+05:30,portfolio_hist,TREND,ENTER,debit_spread,23707.1,19.0,1.0,0.0,0.0,1.039,0.066,0.461,6,10,20,2,0,62,0,62,60,high_vol_range,47.65,75,,,
2026-03-18T10:21:00+05:30,portfolio_hist,TREND,EXIT,debit_spread,23709.2,18.96,1.0,0.0,0.0,1.039,0.075,0.461,6,10,21,2,0,0,0,0,0,high_vol_range,0.0,0,Trend profit: spread at 47.8% of max,10.5,1
2026-03-18T15:15:00+05:30,portfolio_hist,PREMIUM,EXIT,iron_condor,23776.9,18.75,1.0,0.0,0.0,1.038,0.361,0.132,6,15,15,2,0,0,0,0,0,high_vol_range,0.0,0,Time exit,651.75,344
2026-03-18T09:30:00+05:30,portfolio_hist,PREMIUM,SKIP,idle,23732.2,18.86,1.0,0.0,0.0,1.039,0.172,0.773,6,9,30,2,0,67,0,67,75,high_vol_range,0.0,0,,,
2026-03-18T09:31:00+05:30,portfolio_hist,PREMIUM,ENTER,iron_condor,23725.85,18.87,1.0,0.0,0.0,1.039,0.146,0.773,6,9,31,2,0,80,0,80,75,high_vol_range,50.25,75,,,
2026-03-18T10:20:00+05:30,portfolio_hist,TREND,ENTER,debit_spread,23707.1,19.0,1.0,0.0,0.0,1.039,0.066,0.461,6,10,20,2,0,62,0,62,60,high_vol_range,47.65,75,,,
2026-03-18T10:21:00+05:30,portfolio_hist,TREND,EXIT,debit_spread,23709.2,18.96,1.0,0.0,0.0,1.039,0.075,0.461,6,10,21,2,0,0,0,0,0,high_vol_range,0.0,0,Trend profit: spread at 47.8% of max,10.5,1
2026-03-18T15:15:00+05:30,portfolio_hist,PREMIUM,EXIT,iron_condor,23776.9,18.75,1.0,0.0,0.0,1.038,0.361,0.132,6,15,15,2,0,0,0,0,0,high_vol_range,0.0,0,Time exit,651.75,344
2026-03-18T09:30:00+05:30,portfolio_hist,PREMIUM,SKIP,idle,23732.2,18.86,1.0,0.0,0.0,1.039,0.172,0.773,6,9,30,2,0,67,0,67,75,high_vol_range,0.0,0,,,
2026-03-18T09:31:00+05:30,portfolio_hist,PREMIUM,ENTER,iron_condor,23725.85,18.87,1.0,0.0,0.0,1.039,0.146,0.773,6,9,31,2,0,80,0,80,75,high_vol_range,50.25,75,,,
2026-03-18T10:20:00+05:30,portfolio_hist,TREND,ENTER,debit_spread,23707.1,19.0,1.0,0.0,0.0,1.039,0.066,0.461,6,10,20,2,0,62,0,62,60,high_vol_range,47.65,75,,,
2026-03-18T10:38:00+05:30,portfolio_hist,TREND,EXIT,debit_spread,23743.05,18.82,1.0,0.0,0.0,1.038,0.218,0.403,6,10,38,2,0,0,0,0,0,high_vol_range,0.0,0,Trend profit: spread at 50.2% of max,189.0,18
2026-03-18T15:15:00+05:30,portfolio_hist,PREMIUM,EXIT,iron_condor,23776.9,18.75,1.0,0.0,0.0,1.038,0.361,0.132,6,15,15,2,0,0,0,0,0,high_vol_range,0.0,0,Time exit,651.75,344
2026-03-18T09:30:00+05:30,portfolio_hist,PREMIUM,SKIP,idle,23732.2,18.86,1.0,0.0,0.0,1.039,0.172,0.773,6,9,30,2,0,67,0,67,75,high_vol_range,0.0,0,,,
2026-03-18T09:31:00+05:30,portfolio_hist,PREMIUM,ENTER,iron_condor,23725.85,18.87,1.0,0.0,0.0,1.039,0.146,0.773,6,9,31,2,0,80,0,80,75,high_vol_range,50.25,75,,,
2026-03-18T10:20:00+05:30,portfolio_hist,TREND,ENTER,debit_spread,23707.1,19.0,1.0,0.0,0.0,1.039,0.066,0.461,6,10,20,2,0,62,0,62,60,high_vol_range,47.65,75,,,
2026-03-18T15:15:00+05:30,portfolio_hist,PREMIUM,EXIT,iron_condor,23776.9,18.75,1.0,0.0,0.0,1.038,0.361,0.132,6,15,15,2,0,0,0,0,0,high_vol_range,0.0,0,Time exit,651.75,344
2026-03-18T15:16:00+05:30,portfolio_hist,TREND,EXIT,debit_spread,23778.6,18.76,1.0,0.0,0.0,1.038,0.368,0.132,6,15,16,2,0,0,0,0,0,high_vol_range,0.0,0,Time exit,347.25,296
2026-03-18T09:30:00+05:30,portfolio_hist,PREMIUM,SKIP,idle,23732.2,18.86,1.0,0.0,0.0,1.039,0.172,0.773,6,9,30,2,0,67,0,67,75,high_vol_range,0.0,0,,,
2026-03-18T09:31:00+05:30,portfolio_hist,PREMIUM,ENTER,iron_condor,23725.85,18.87,1.0,0.0,0.0,1.039,0.146,0.773,6,9,31,2,0,80,0,80,75,high_vol_range,50.25,75,,,
2026-03-18T10:20:00+05:30,portfolio_hist,TREND,ENTER,debit_spread,23707.1,19.0,1.0,0.0,0.0,1.039,0.066,0.461,6,10,20,2,0,62,0,62,60,high_vol_range,47.65,75,,,
2026-03-18T15:15:00+05:30,portfolio_hist,PREMIUM,EXIT,iron_condor,23776.9,18.75,1.0,0.0,0.0,1.038,0.361,0.132,6,15,15,2,0,0,0,0,0,high_vol_range,0.0,0,Time exit,651.75,344
2026-03-18T15:16:00+05:30,portfolio_hist,TREND,EXIT,debit_spread,23778.6,18.76,1.0,0.0,0.0,1.038,0.368,0.132,6,15,16,2,0,0,0,0,0,high_vol_range,0.0,0,Time exit,347.25,296
2026-03-18T09:30:00+05:30,portfolio_hist,PREMIUM,SKIP,idle,23732.2,18.86,1.0,0.0,0.0,1.039,0.172,0.773,6,9,30,2,0,67,0,67,75,high_vol_range,0.0,0,,,
2026-03-18T09:31:00+05:30,portfolio_hist,PREMIUM,ENTER,iron_condor,23725.85,18.87,1.0,0.0,0.0,1.039,0.146,0.773,6,9,31,2,0,80,0,80,75,high_vol_range,50.25,75,,,
2026-03-18T10:20:00+05:30,portfolio_hist,TREND,ENTER,debit_spread,23707.1,19.0,1.0,0.0,0.0,1.039,0.066,0.461,6,10,20,2,0,62,0,62,60,high_vol_range,47.65,75,,,
2026-03-18T10:38:00+05:30,portfolio_hist,TREND,EXIT,debit_spread,23743.05,18.82,1.0,0.0,0.0,1.038,0.218,0.403,6,10,38,2,0,0,0,0,0,high_vol_range,0.0,0,Trend profit: spread at 50.2% of max,189.0,18
2026-03-18T15:15:00+05:30,portfolio_hist,PREMIUM,EXIT,iron_condor,23776.9,18.75,1.0,0.0,0.0,1.038,0.361,0.132,6,15,15,2,0,0,0,0,0,high_vol_range,0.0,0,Time exit,651.75,344
2026-03-18T09:30:00+05:30,portfolio_hist,PREMIUM,SKIP,idle,23732.2,18.86,1.0,0.0,0.0,1.039,0.172,0.773,6,9,30,2,0,67,0,67,75,high_vol_range,0.0,0,,,
2026-03-18T09:31:00+05:30,portfolio_hist,PREMIUM,ENTER,iron_condor,23725.85,18.87,1.0,0.0,0.0,1.039,0.146,0.773,6,9,31,2,0,80,0,80,75,high_vol_range,50.25,75,,,
2026-03-18T10:20:00+05:30,portfolio_hist,TREND,ENTER,debit_spread,23707.1,19.0,1.0,0.0,0.0,1.039,0.066,0.461,6,10,20,2,0,62,0,62,60,high_vol_range,47.65,75,,,
2026-03-18T10:38:00+05:30,portfolio_hist,TREND,EXIT,debit_spread,23743.05,18.82,1.0,0.0,0.0,1.038,0.218,0.403,6,10,38,2,0,0,0,0,0,high_vol_range,0.0,0,Trend profit: spread at 50.2% of max,189.0,18
2026-03-18T15:15:00+05:30,portfolio_hist,PREMIUM,EXIT,iron_condor,23776.9,18.75,1.0,0.0,0.0,1.038,0.361,0.132,6,15,15,2,0,0,0,0,0,high_vol_range,0.0,0,Time exit,651.75,344
2026-03-18T09:30:00+05:30,portfolio_hist,PREMIUM,SKIP,idle,23732.2,18.86,1.0,0.0,0.0,1.039,0.172,0.773,6,9,30,2,0,67,0,67,75,high_vol_range,0.0,0,,,
2026-03-18T09:31:00+05:30,portfolio_hist,PREMIUM,ENTER,iron_condor,23725.85,18.87,1.0,0.0,0.0,1.039,0.146,0.773,6,9,31,2,0,80,0,80,75,high_vol_range,50.25,75,,,
2026-03-18T10:20:00+05:30,portfolio_hist,TREND,ENTER,debit_spread,23707.1,19.0,1.0,0.0,0.0,1.039,0.066,0.461,6,10,20,2,0,62,0,62,60,high_vol_range,47.65,75,,,
2026-03-18T10:38:00+05:30,portfolio_hist,TREND,EXIT,debit_spread,23743.05,18.82,1.0,0.0,0.0,1.038,0.218,0.403,6,10,38,2,0,0,0,0,0,high_vol_range,0.0,0,Trend profit: spread at 50.2% of max,189.0,18
2026-03-18T15:15:00+05:30,portfolio_hist,PREMIUM,EXIT,iron_condor,23776.9,18.75,1.0,0.0,0.0,1.038,0.361,0.132,6,15,15,2,0,0,0,0,0,high_vol_range,0.0,0,Time exit,651.75,344
2026-03-18T09:30:00+05:30,portfolio_hist,PREMIUM,SKIP,idle,23732.2,18.86,1.0,0.0,0.0,1.039,0.172,0.773,6,9,30,2,0,67,0,67,75,high_vol_range,0.0,0,,,
2026-03-18T09:31:00+05:30,portfolio_hist,PREMIUM,ENTER,iron_condor,23725.85,18.87,1.0,0.0,0.0,1.039,0.146,0.773,6,9,31,2,0,80,0,80,75,high_vol_range,50.25,75,,,
2026-03-18T10:20:00+05:30,portfolio_hist,TREND,ENTER,debit_spread,23707.1,19.0,1.0,0.0,0.0,1.039,0.066,0.461,6,10,20,2,0,62,0,62,60,high_vol_range,47.65,75,,,
2026-03-18T10:38:00+05:30,portfolio_hist,TREND,EXIT,debit_spread,23743.05,18.82,1.0,0.0,0.0,1.038,0.218,0.403,6,10,38,2,0,0,0,0,0,high_vol_range,0.0,0,Trend profit: spread at 50.2% of max,189.0,18
2026-03-18T15:15:00+05:30,portfolio_hist,PREMIUM,EXIT,iron_condor,23776.9,18.75,1.0,0.0,0.0,1.038,0.361,0.132,6,15,15,2,0,0,0,0,0,high_vol_range,0.0,0,Time exit,651.75,344
2026-03-18T09:30:00+05:30,portfolio_hist,PREMIUM,SKIP,idle,23732.2,18.86,1.0,0.0,0.0,1.039,0.172,0.773,6,9,30,2,0,67,0,67,75,high_vol_range,0.0,0,,,
2026-03-18T09:31:00+05:30,portfolio_hist,PREMIUM,ENTER,iron_condor,23725.85,18.87,1.0,0.0,0.0,1.039,0.146,0.773,6,9,31,2,0,80,0,80,75,high_vol_range,50.25,75,,,
2026-03-18T10:20:00+05:30,portfolio_hist,TREND,ENTER,debit_spread,23707.1,19.0,1.0,0.0,0.0,1.039,0.066,0.461,6,10,20,2,0,62,0,62,60,high_vol_range,47.65,75,,,
2026-03-18T10:38:00+05:30,portfolio_hist,TREND,EXIT,debit_spread,23743.05,18.82,1.0,0.0,0.0,1.038,0.218,0.403,6,10,38,2,0,0,0,0,0,high_vol_range,0.0,0,Trend profit: spread at 50.2% of max,189.0,18
2026-03-18T15:15:00+05:30,portfolio_hist,PREMIUM,EXIT,iron_condor,23776.9,18.75,1.0,0.0,0.0,1.038,0.361,0.132,6,15,15,2,0,0,0,0,0,high_vol_range,0.0,0,Time exit,651.75,344
2026-03-18T09:30:00+05:30,portfolio_hist,PREMIUM,SKIP,idle,23732.2,18.86,1.0,0.0,0.0,1.039,0.172,0.773,6,9,30,2,0,67,0,67,75,high_vol_range,0.0,0,,,
2026-03-18T09:31:00+05:30,portfolio_hist,PREMIUM,ENTER,iron_condor,23725.85,18.87,1.0,0.0,0.0,1.039,0.146,0.773,6,9,31,2,0,80,0,80,75,high_vol_range,50.25,75,,,
2026-03-18T10:20:00+05:30,portfolio_hist,TREND,ENTER,debit_spread,23707.1,19.0,1.0,0.0,0.0,1.039,0.066,0.461,6,10,20,2,0,62,0,62,60,high_vol_range,47.65,75,,,
2026-03-18T10:38:00+05:30,portfolio_hist,TREND,EXIT,debit_spread,23743.05,18.82,1.0,0.0,0.0,1.038,0.218,0.403,6,10,38,2,0,0,0,0,0,high_vol_range,0.0,0,Trend profit: spread at 50.2% of max,189.0,18
2026-03-18T15:15:00+05:30,portfolio_hist,PREMIUM,EXIT,iron_condor,23776.9,18.75,1.0,0.0,0.0,1.038,0.361,0.132,6,15,15,2,0,0,0,0,0,high_vol_range,0.0,0,Time exit,651.75,344
2026-03-18T09:30:00+05:30,portfolio_hist,PREMIUM,SKIP,idle,23732.2,18.86,1.0,0.0,0.0,1.039,0.172,0.773,6,9,30,2,0,67,0,67,75,high_vol_range,0.0,0,,,
2026-03-18T09:31:00+05:30,portfolio_hist,PREMIUM,ENTER,iron_condor,23725.85,18.87,1.0,0.0,0.0,1.039,0.146,0.773,6,9,31,2,0,80,0,80,75,high_vol_range,50.25,75,,,
2026-03-18T10:20:00+05:30,portfolio_hist,TREND,ENTER,debit_spread,23707.1,19.0,1.0,0.0,0.0,1.039,0.066,0.461,6,10,20,2,0,62,0,62,60,high_vol_range,47.65,75,,,
2026-03-18T10:38:00+05:30,portfolio_hist,TREND,EXIT,debit_spread,23743.05,18.82,1.0,0.0,0.0,1.038,0.218,0.403,6,10,38,2,0,0,0,0,0,high_vol_range,0.0,0,Trend profit: spread at 50.2% of max,189.0,18
2026-03-18T15:15:00+05:30,portfolio_hist,PREMIUM,EXIT,iron_condor,23776.9,18.75,1.0,0.0,0.0,1.038,0.361,0.132,6,15,15,2,0,0,0,0,0,high_vol_range,0.0,0,Time exit,651.75,344
2026-03-18T09:30:00+05:30,portfolio_hist,PREMIUM,SKIP,idle,23732.2,18.86,1.0,0.0,0.0,1.039,0.172,0.773,6,9,30,2,0,67,0,67,75,high_vol_range,0.0,0,,,
2026-03-18T09:31:00+05:30,portfolio_hist,PREMIUM,ENTER,iron_condor,23725.85,18.87,1.0,0.0,0.0,1.039,0.146,0.773,6,9,31,2,0,80,0,80,75,high_vol_range,50.25,75,,,
2026-03-18T10:20:00+05:30,portfolio_hist,TREND,ENTER,debit_spread,23707.1,19.0,1.0,0.0,0.0,1.039,0.066,0.461,6,10,20,2,0,62,0,62,60,high_vol_range,47.65,75,,,
2026-03-18T10:38:00+05:30,portfolio_hist,TREND,EXIT,debit_spread,23743.05,18.82,1.0,0.0,0.0,1.038,0.218,0.403,6,10,38,2,0,0,0,0,0,high_vol_range,0.0,0,Trend profit: spread at 50.2% of max,189.0,18
2026-03-18T15:15:00+05:30,portfolio_hist,PREMIUM,EXIT,iron_condor,23776.9,18.75,1.0,0.0,0.0,1.038,0.361,0.132,6,15,15,2,0,0,0,0,0,high_vol_range,0.0,0,Time exit,651.75,344
2026-03-18T09:30:00+05:30,portfolio_hist,PREMIUM,SKIP,idle,23732.2,18.86,1.0,0.0,0.0,1.039,0.172,0.773,6,9,30,2,0,67,0,67,75,high_vol_range,0.0,0,,,
2026-03-18T09:31:00+05:30,portfolio_hist,PREMIUM,ENTER,iron_condor,23725.85,18.87,1.0,0.0,0.0,1.039,0.146,0.773,6,9,31,2,0,80,0,80,75,high_vol_range,50.25,75,,,
2026-03-18T10:20:00+05:30,portfolio_hist,TREND,ENTER,debit_spread,23707.1,19.0,1.0,0.0,0.0,1.039,0.066,0.461,6,10,20,2,0,62,0,62,60,high_vol_range,47.65,75,,,
2026-03-18T10:38:00+05:30,portfolio_hist,TREND,EXIT,debit_spread,23743.05,18.82,1.0,0.0,0.0,1.038,0.218,0.403,6,10,38,2,0,0,0,0,0,high_vol_range,0.0,0,Trend profit: spread at 50.2% of max,189.0,18
2026-03-18T15:15:00+05:30,portfolio_hist,PREMIUM,EXIT,iron_condor,23776.9,18.75,1.0,0.0,0.0,1.038,0.361,0.132,6,15,15,2,0,0,0,0,0,high_vol_range,0.0,0,Time exit,651.75,344
2026-03-18T09:30:00+05:30,portfolio_hist,PREMIUM,SKIP,idle,23732.2,18.86,1.0,0.0,0.0,1.039,0.172,0.773,6,9,30,2,0,67,0,67,75,high_vol_range,0.0,0,,,
2026-03-18T09:31:00+05:30,portfolio_hist,PREMIUM,ENTER,iron_condor,23725.85,18.87,1.0,0.0,0.0,1.039,0.146,0.773,6,9,31,2,0,80,0,80,75,high_vol_range,50.25,75,,,
2026-03-18T10:20:00+05:30,portfolio_hist,TREND,ENTER,debit_spread,23707.1,19.0,1.0,0.0,0.0,1.039,0.066,0.461,6,10,20,2,0,62,0,62,60,high_vol_range,47.65,75,,,
2026-03-18T10:38:00+05:30,portfolio_hist,TREND,EXIT,debit_spread,23743.05,18.82,1.0,0.0,0.0,1.038,0.218,0.403,6,10,38,2,0,0,0,0,0,high_vol_range,0.0,0,Trend profit: spread at 50.2% of max,189.0,18
2026-03-18T15:15:00+05:30,portfolio_hist,PREMIUM,EXIT,iron_condor,23776.9,18.75,1.0,0.0,0.0,1.038,0.361,0.132,6,15,15,2,0,0,0,0,0,high_vol_range,0.0,0,Time exit,651.75,344
2026-03-18T09:30:00+05:30,portfolio_hist,PREMIUM,SKIP,idle,23732.2,18.86,1.0,0.0,0.0,1.039,0.172,0.773,6,9,30,2,0,67,0,67,75,high_vol_range,0.0,0,,,
2026-03-18T09:31:00+05:30,portfolio_hist,PREMIUM,ENTER,iron_condor,23725.85,18.87,1.0,0.0,0.0,1.039,0.146,0.773,6,9,31,2,0,80,0,80,75,high_vol_range,50.25,75,,,
2026-03-18T10:20:00+05:30,portfolio_hist,TREND,ENTER,debit_spread,23707.1,19.0,1.0,0.0,0.0,1.039,0.066,0.461,6,10,20,2,0,62,0,62,60,high_vol_range,47.65,75,,,
2026-03-18T10:38:00+05:30,portfolio_hist,TREND,EXIT,debit_spread,23743.05,18.82,1.0,0.0,0.0,1.038,0.218,0.403,6,10,38,2,0,0,0,0,0,high_vol_range,0.0,0,Trend profit: spread at 50.2% of max,189.0,18
2026-03-18T15:15:00+05:30,portfolio_hist,PREMIUM,EXIT,iron_condor,23776.9,18.75,1.0,0.0,0.0,1.038,0.361,0.132,6,15,15,2,0,0,0,0,0,high_vol_range,0.0,0,Time exit,651.75,344
2026-03-18T09:30:00+05:30,portfolio_hist,PREMIUM,SKIP,idle,23732.2,18.86,1.0,0.0,0.0,1.039,0.172,0.773,6,9,30,2,0,67,0,67,75,high_vol_range,0.0,0,,,
2026-03-18T09:31:00+05:30,portfolio_hist,PREMIUM,ENTER,iron_condor,23725.85,18.87,1.0,0.0,0.0,1.039,0.146,0.773,6,9,31,2,0,80,0,80,75,high_vol_range,50.25,75,,,
2026-03-18T10:20:00+05:30,portfolio_hist,TREND,ENTER,debit_spread,23707.1,19.0,1.0,0.0,0.0,1.039,0.066,0.461,6,10,20,2,0,62,0,62,60,high_vol_range,47.65,75,,,
2026-03-18T10:38:00+05:30,portfolio_hist,TREND,EXIT,debit_spread,23743.05,18.82,1.0,0.0,0.0,1.038,0.218,0.403,6,10,38,2,0,0,0,0,0,high_vol_range,0.0,0,Trend profit: spread at 50.2% of max,189.0,18
2026-03-18T15:15:00+05:30,portfolio_hist,PREMIUM,EXIT,iron_condor,23776.9,18.75,1.0,0.0,0.0,1.038,0.361,0.132,6,15,15,2,0,0,0,0,0,high_vol_range,0.0,0,Time exit,651.75,344
2026-03-18T09:30:00+05:30,portfolio_hist,PREMIUM,SKIP,idle,23732.2,18.86,1.0,0.0,0.0,1.039,0.172,0.773,6,9,30,2,0,67,0,67,75,high_vol_range,0.0,0,,,
2026-03-18T09:31:00+05:30,portfolio_hist,PREMIUM,ENTER,iron_condor,23725.85,18.87,1.0,0.0,0.0,1.039,0.146,0.773,6,9,31,2,0,80,0,80,75,high_vol_range,50.25,75,,,
2026-03-18T10:20:00+05:30,portfolio_hist,TREND,ENTER,debit_spread,23707.1,19.0,1.0,0.0,0.0,1.039,0.066,0.461,6,10,20,2,0,62,0,62,60,high_vol_range,47.65,75,,,
2026-03-18T10:38:00+05:30,portfolio_hist,TREND,EXIT,debit_spread,23743.05,18.82,1.0,0.0,0.0,1.038,0.218,0.403,6,10,38,2,0,0,0,0,0,high_vol_range,0.0,0,Trend profit: spread at 50.2% of max,189.0,18
2026-03-18T15:15:00+05:30,portfolio_hist,PREMIUM,EXIT,iron_condor,23776.9,18.75,1.0,0.0,0.0,1.038,0.361,0.132,6,15,15,2,0,0,0,0,0,high_vol_range,0.0,0,Time exit,651.75,344
2026-03-18T09:30:00+05:30,portfolio_hist,PREMIUM,SKIP,idle,23732.2,18.86,1.0,0.0,0.0,1.039,0.172,0.773,6,9,30,2,0,67,0,67,75,high_vol_range,0.0,0,,,
2026-03-18T09:31:00+05:30,portfolio_hist,PREMIUM,ENTER,iron_condor,23725.85,18.87,1.0,0.0,0.0,1.039,0.146,0.773,6,9,31,2,0,80,0,80,75,high_vol_range,50.25,75,,,
2026-03-18T10:20:00+05:30,portfolio_hist,TREND,ENTER,debit_spread,23707.1,19.0,1.0,0.0,0.0,1.039,0.066,0.461,6,10,20,2,0,62,0,62,60,high_vol_range,47.65,75,,,
2026-03-18T10:38:00+05:30,portfolio_hist,TREND,EXIT,debit_spread,23743.05,18.82,1.0,0.0,0.0,1.038,0.218,0.403,6,10,38,2,0,0,0,0,0,high_vol_range,0.0,0,Trend profit: spread at 50.2% of max,189.0,18
2026-03-18T15:15:00+05:30,portfolio_hist,PREMIUM,EXIT,iron_condor,23776.9,18.75,1.0,0.0,0.0,1.038,0.361,0.132,6,15,15,2,0,0,0,0,0,high_vol_range,0.0,0,Time exit,651.75,344
2026-03-18T09:30:00+05:30,portfolio_hist,PREMIUM,SKIP,idle,23732.2,18.86,1.0,0.0,0.0,1.039,0.172,0.773,6,9,30,2,0,67,0,67,75,high_vol_range,0.0,0,,,
2026-03-18T09:31:00+05:30,portfolio_hist,PREMIUM,ENTER,iron_condor,23725.85,18.87,1.0,0.0,0.0,1.039,0.146,0.773,6,9,31,2,0,80,0,80,75,high_vol_range,50.25,75,,,
2026-03-18T10:20:00+05:30,portfolio_hist,TREND,ENTER,debit_spread,23707.1,19.0,1.0,0.0,0.0,1.039,0.066,0.461,6,10,20,2,0,62,0,62,60,high_vol_range,47.65,75,,,
2026-03-18T10:38:00+05:30,portfolio_hist,TREND,EXIT,debit_spread,23743.05,18.82,1.0,0.0,0.0,1.038,0.218,0.403,6,10,38,2,0,0,0,0,0,high_vol_range,0.0,0,Trend profit: spread at 50.2% of max,189.0,18
2026-03-18T15:15:00+05:30,portfolio_hist,PREMIUM,EXIT,iron_condor,23776.9,18.75,1.0,0.0,0.0,1.038,0.361,0.132,6,15,15,2,0,0,0,0,0,high_vol_range,0.0,0,Time exit,651.75,344
2026-03-18T09:30:00+05:30,portfolio_hist,PREMIUM,SKIP,idle,23732.2,18.86,1.0,0.0,0.0,1.039,0.172,0.773,6,9,30,2,0,67,0,67,75,high_vol_range,0.0,0,,,
2026-03-18T09:31:00+05:30,portfolio_hist,PREMIUM,ENTER,iron_condor,23725.85,18.87,1.0,0.0,0.0,1.039,0.146,0.773,6,9,31,2,0,80,0,80,75,high_vol_range,50.25,75,,,
2026-03-18T10:20:00+05:30,portfolio_hist,TREND,ENTER,debit_spread,23707.1,19.0,1.0,0.0,0.0,1.039,0.066,0.461,6,10,20,2,0,62,0,62,60,high_vol_range,47.65,75,,,
2026-03-18T10:38:00+05:30,portfolio_hist,TREND,EXIT,debit_spread,23743.05,18.82,1.0,0.0,0.0,1.038,0.218,0.403,6,10,38,2,0,0,0,0,0,high_vol_range,0.0,0,Trend profit: spread at 50.2% of max,189.0,18
2026-03-18T15:15:00+05:30,portfolio_hist,PREMIUM,EXIT,iron_condor,23776.9,18.75,1.0,0.0,0.0,1.038,0.361,0.132,6,15,15,2,0,0,0,0,0,high_vol_range,0.0,0,Time exit,651.75,344
2026-03-18T09:30:00+05:30,portfolio_hist,PREMIUM,SKIP,idle,23732.2,18.86,1.0,0.0,0.0,1.039,0.172,0.773,6,9,30,2,0,67,0,67,75,high_vol_range,0.0,0,,,
2026-03-18T09:31:00+05:30,portfolio_hist,PREMIUM,ENTER,iron_condor,23725.85,18.87,1.0,0.0,0.0,1.039,0.146,0.773,6,9,31,2,0,80,0,80,75,high_vol_range,50.25,75,,,
2026-03-18T10:20:00+05:30,portfolio_hist,TREND,ENTER,debit_spread,23707.1,19.0,1.0,0.0,0.0,1.039,0.066,0.461,6,10,20,2,0,62,0,62,60,high_vol_range,47.65,75,,,
2026-03-18T10:38:00+05:30,portfolio_hist,TREND,EXIT,debit_spread,23743.05,18.82,1.0,0.0,0.0,1.038,0.218,0.403,6,10,38,2,0,0,0,0,0,high_vol_range,0.0,0,Trend profit: spread at 50.2% of max,189.0,18
2026-03-18T15:15:00+05:30,portfolio_hist,PREMIUM,EXIT,iron_condor,23776.9,18.75,1.0,0.0,0.0,1.038,0.361,0.132,6,15,15,2,0,0,0,0,0,high_vol_range,0.0,0,Time exit,651.75,344
2026-03-18T09:30:00+05:30,portfolio_hist,PREMIUM,SKIP,idle,23732.2,18.86,1.0,0.0,0.0,1.039,0.172,0.773,6,9,30,2,0,67,0,67,75,high_vol_range,0.0,0,,,
2026-03-18T09:31:00+05:30,portfolio_hist,PREMIUM,ENTER,iron_condor,23725.85,18.87,1.0,0.0,0.0,1.039,0.146,0.773,6,9,31,2,0,80,0,80,75,high_vol_range,50.25,75,,,
2026-03-18T10:20:00+05:30,portfolio_hist,TREND,ENTER,debit_spread,23707.1,19.0,1.0,0.0,0.0,1.039,0.066,0.461,6,10,20,2,0,62,0,62,60,high_vol_range,47.65,75,,,
2026-03-18T10:38:00+05:30,portfolio_hist,TREND,EXIT,debit_spread,23743.05,18.82,1.0,0.0,0.0,1.038,0.218,0.403,6,10,38,2,0,0,0,0,0,high_vol_range,0.0,0,Trend profit: spread at 50.2% of max,189.0,18
2026-03-18T15:15:00+05:30,portfolio_hist,PREMIUM,EXIT,iron_condor,23776.9,18.75,1.0,0.0,0.0,1.038,0.361,0.132,6,15,15,2,0,0,0,0,0,high_vol_range,0.0,0,Time exit,651.75,344
2026-03-18T09:30:00+05:30,portfolio_hist,PREMIUM,SKIP,idle,23732.2,18.86,1.0,0.0,0.0,1.039,0.172,0.773,6,9,30,2,0,67,0,67,75,high_vol_range,0.0,0,,,
2026-03-18T09:31:00+05:30,portfolio_hist,PREMIUM,ENTER,iron_condor,23725.85,18.87,1.0,0.0,0.0,1.039,0.146,0.773,6,9,31,2,0,80,0,80,75,high_vol_range,50.25,75,,,
2026-03-18T10:20:00+05:30,portfolio_hist,TREND,ENTER,debit_spread,23707.1,19.0,1.0,0.0,0.0,1.039,0.066,0.461,6,10,20,2,0,62,0,62,60,high_vol_range,47.65,75,,,
2026-03-18T10:38:00+05:30,portfolio_hist,TREND,EXIT,debit_spread,23743.05,18.82,1.0,0.0,0.0,1.038,0.218,0.403,6,10,38,2,0,0,0,0,0,high_vol_range,0.0,0,Trend profit: spread at 50.2% of max,189.0,18
2026-03-18T15:15:00+05:30,portfolio_hist,PREMIUM,EXIT,iron_condor,23776.9,18.75,1.0,0.0,0.0,1.038,0.361,0.132,6,15,15,2,0,0,0,0,0,high_vol_range,0.0,0,Time exit,651.75,344
2026-03-18T09:30:00+05:30,portfolio_hist,PREMIUM,SKIP,idle,23732.2,18.86,1.0,0.0,0.0,1.039,0.172,0.773,6,9,30,2,0,67,0,67,75,high_vol_range,0.0,0,,,
2026-03-18T09:31:00+05:30,portfolio_hist,PREMIUM,ENTER,iron_condor,23725.85,18.87,1.0,0.0,0.0,1.039,0.146,0.773,6,9,31,2,0,80,0,80,75,high_vol_range,50.25,75,,,
2026-03-18T10:20:00+05:30,portfolio_hist,TREND,ENTER,debit_spread,23707.1,19.0,1.0,0.0,0.0,1.039,0.066,0.461,6,10,20,2,0,62,0,62,60,high_vol_range,47.65,75,,,
2026-03-18T10:38:00+05:30,portfolio_hist,TREND,EXIT,debit_spread,23743.05,18.82,1.0,0.0,0.0,1.038,0.218,0.403,6,10,38,2,0,0,0,0,0,high_vol_range,0.0,0,Trend profit: spread at 50.2% of max,189.0,18
2026-03-18T15:15:00+05:30,portfolio_hist,PREMIUM,EXIT,iron_condor,23776.9,18.75,1.0,0.0,0.0,1.038,0.361,0.132,6,15,15,2,0,0,0,0,0,high_vol_range,0.0,0,Time exit,651.75,344
2026-03-18T09:30:00+05:30,portfolio_hist,PREMIUM,SKIP,idle,23732.2,18.86,1.0,0.0,0.0,1.039,0.172,0.773,6,9,30,2,0,67,0,67,75,high_vol_range,0.0,0,,,
2026-03-18T09:31:00+05:30,portfolio_hist,PREMIUM,ENTER,iron_condor,23725.85,18.87,1.0,0.0,0.0,1.039,0.146,0.773,6,9,31,2,0,80,0,80,75,high_vol_range,50.25,75,,,
2026-03-18T10:20:00+05:30,portfolio_hist,TREND,ENTER,debit_spread,23707.1,19.0,1.0,0.0,0.0,1.039,0.066,0.461,6,10,20,2,0,62,0,62,60,high_vol_range,47.65,75,,,
2026-03-18T10:38:00+05:30,portfolio_hist,TREND,EXIT,debit_spread,23743.05,18.82,1.0,0.0,0.0,1.038,0.218,0.403,6,10,38,2,0,0,0,0,0,high_vol_range,0.0,0,Trend profit: spread at 50.2% of max,189.0,18
2026-03-18T15:15:00+05:30,portfolio_hist,PREMIUM,EXIT,iron_condor,23776.9,18.75,1.0,0.0,0.0,1.038,0.361,0.132,6,15,15,2,0,0,0,0,0,high_vol_range,0.0,0,Time exit,651.75,344
2026-03-18T09:30:00+05:30,portfolio_hist,PREMIUM,SKIP,idle,23732.2,18.86,1.0,0.0,0.0,1.039,0.172,0.773,6,9,30,2,0,67,0,67,75,high_vol_range,0.0,0,,,
2026-03-18T09:31:00+05:30,portfolio_hist,PREMIUM,ENTER,iron_condor,23725.85,18.87,1.0,0.0,0.0,1.039,0.146,0.773,6,9,31,2,0,80,0,80,75,high_vol_range,50.25,75,,,
2026-03-18T10:20:00+05:30,portfolio_hist,TREND,ENTER,debit_spread,23707.1,19.0,1.0,0.0,0.0,1.039,0.066,0.461,6,10,20,2,0,62,0,62,60,high_vol_range,47.65,75,,,
2026-03-18T10:38:00+05:30,portfolio_hist,TREND,EXIT,debit_spread,23743.05,18.82,1.0,0.0,0.0,1.038,0.218,0.403,6,10,38,2,0,0,0,0,0,high_vol_range,0.0,0,Trend profit: spread at 50.2% of max,189.0,18
2026-03-18T15:15:00+05:30,portfolio_hist,PREMIUM,EXIT,iron_condor,23776.9,18.75,1.0,0.0,0.0,1.038,0.361,0.132,6,15,15,2,0,0,0,0,0,high_vol_range,0.0,0,Time exit,651.75,344
2026-03-18T09:30:00+05:30,portfolio_hist,PREMIUM,SKIP,idle,23732.2,18.86,1.0,0.0,0.0,1.039,0.172,0.773,6,9,30,2,0,67,0,67,75,high_vol_range,0.0,0,,,
2026-03-18T09:31:00+05:30,portfolio_hist,PREMIUM,ENTER,iron_condor,23725.85,18.87,1.0,0.0,0.0,1.039,0.146,0.773,6,9,31,2,0,80,0,80,75,high_vol_range,50.25,75,,,
2026-03-18T10:20:00+05:30,portfolio_hist,TREND,ENTER,debit_spread,23707.1,19.0,1.0,0.0,0.0,1.039,0.066,0.461,6,10,20,2,0,62,0,62,60,high_vol_range,47.65,75,,,
2026-03-18T10:38:00+05:30,portfolio_hist,TREND,EXIT,debit_spread,23743.05,18.82,1.0,0.0,0.0,1.038,0.218,0.403,6,10,38,2,0,0,0,0,0,high_vol_range,0.0,0,Trend profit: spread at 50.2% of max,189.0,18
2026-03-18T15:15:00+05:30,portfolio_hist,PREMIUM,EXIT,iron_condor,23776.9,18.75,1.0,0.0,0.0,1.038,0.361,0.132,6,15,15,2,0,0,0,0,0,high_vol_range,0.0,0,Time exit,651.75,344
2026-03-18T09:30:00+05:30,portfolio_hist,PREMIUM,SKIP,idle,23732.2,18.86,1.0,0.0,0.0,1.039,0.172,0.773,6,9,30,2,0,67,0,67,75,high_vol_range,0.0,0,,,
2026-03-18T09:31:00+05:30,portfolio_hist,PREMIUM,ENTER,iron_condor,23725.85,18.87,1.0,0.0,0.0,1.039,0.146,0.773,6,9,31,2,0,80,0,80,75,high_vol_range,50.25,75,,,
2026-03-18T10:20:00+05:30,portfolio_hist,TREND,ENTER,debit_spread,23707.1,19.0,1.0,0.0,0.0,1.039,0.066,0.461,6,10,20,2,0,62,0,62,60,high_vol_range,47.65,75,,,
2026-03-18T10:38:00+05:30,portfolio_hist,TREND,EXIT,debit_spread,23743.05,18.82,1.0,0.0,0.0,1.038,0.218,0.403,6,10,38,2,0,0,0,0,0,high_vol_range,0.0,0,Trend profit: spread at 50.2% of max,189.0,18
2026-03-18T15:15:00+05:30,portfolio_hist,PREMIUM,EXIT,iron_condor,23776.9,18.75,1.0,0.0,0.0,1.038,0.361,0.132,6,15,15,2,0,0,0,0,0,high_vol_range,0.0,0,Time exit,651.75,344
2026-03-18T09:30:00+05:30,portfolio_hist,PREMIUM,SKIP,idle,23732.2,18.86,1.0,0.0,0.0,1.039,0.172,0.773,6,9,30,2,0,67,0,67,75,high_vol_range,0.0,0,,,
2026-03-18T09:31:00+05:30,portfolio_hist,PREMIUM,ENTER,iron_condor,23725.85,18.87,1.0,0.0,0.0,1.039,0.146,0.773,6,9,31,2,0,80,0,80,75,high_vol_range,50.25,75,,,
2026-03-18T10:20:00+05:30,portfolio_hist,TREND,ENTER,debit_spread,23707.1,19.0,1.0,0.0,0.0,1.039,0.066,0.461,6,10,20,2,0,62,0,62,60,high_vol_range,47.65,75,,,
2026-03-18T10:38:00+05:30,portfolio_hist,TREND,EXIT,debit_spread,23743.05,18.82,1.0,0.0,0.0,1.038,0.218,0.403,6,10,38,2,0,0,0,0,0,high_vol_range,0.0,0,Trend profit: spread at 50.2% of max,189.0,18
2026-03-18T15:15:00+05:30,portfolio_hist,PREMIUM,EXIT,iron_condor,23776.9,18.75,1.0,0.0,0.0,1.038,0.361,0.132,6,15,15,2,0,0,0,0,0,high_vol_range,0.0,0,Time exit,651.75,344
2026-03-18T09:30:00+05:30,portfolio_hist,PREMIUM,SKIP,idle,23732.2,18.86,1.0,0.0,0.0,1.039,0.172,0.773,6,9,30,2,0,67,0,67,75,high_vol_range,0.0,0,,,
2026-03-18T09:31:00+05:30,portfolio_hist,PREMIUM,ENTER,iron_condor,23725.85,18.87,1.0,0.0,0.0,1.039,0.146,0.773,6,9,31,2,0,80,0,80,75,high_vol_range,50.25,75,,,
2026-03-18T10:20:00+05:30,portfolio_hist,TREND,ENTER,debit_spread,23707.1,19.0,1.0,0.0,0.0,1.039,0.066,0.461,6,10,20,2,0,62,0,62,60,high_vol_range,47.65,75,,,
2026-03-18T10:38:00+05:30,portfolio_hist,TREND,EXIT,debit_spread,23743.05,18.82,1.0,0.0,0.0,1.038,0.218,0.403,6,10,38,2,0,0,0,0,0,high_vol_range,0.0,0,Trend profit: spread at 50.2% of max,189.0,18
2026-03-18T15:15:00+05:30,portfolio_hist,PREMIUM,EXIT,iron_condor,23776.9,18.75,1.0,0.0,0.0,1.038,0.361,0.132,6,15,15,2,0,0,0,0,0,high_vol_range,0.0,0,Time exit,651.75,344
2026-03-18T09:30:00+05:30,portfolio_hist,PREMIUM,SKIP,idle,23732.2,18.86,1.0,0.0,0.0,1.039,0.172,0.773,6,9,30,2,0,67,0,67,75,high_vol_range,0.0,0,,,
2026-03-18T09:31:00+05:30,portfolio_hist,PREMIUM,ENTER,iron_condor,23725.85,18.87,1.0,0.0,0.0,1.039,0.146,0.773,6,9,31,2,0,80,0,80,75,high_vol_range,50.25,75,,,
2026-03-18T10:20:00+05:30,portfolio_hist,TREND,ENTER,debit_spread,23707.1,19.0,1.0,0.0,0.0,1.039,0.066,0.461,6,10,20,2,0,62,0,62,60,high_vol_range,47.65,75,,,
2026-03-18T10:38:00+05:30,portfolio_hist,TREND,EXIT,debit_spread,23743.05,18.82,1.0,0.0,0.0,1.038,0.218,0.403,6,10,38,2,0,0,0,0,0,high_vol_range,0.0,0,Trend profit: spread at 50.2% of max,189.0,18
2026-03-18T15:15:00+05:30,portfolio_hist,PREMIUM,EXIT,iron_condor,23776.9,18.75,1.0,0.0,0.0,1.038,0.361,0.132,6,15,15,2,0,0,0,0,0,high_vol_range,0.0,0,Time exit,651.75,344
2026-03-18T09:30:00+05:30,portfolio_hist,PREMIUM,SKIP,idle,23732.2,18.86,1.0,0.0,0.0,1.039,0.172,0.773,6,9,30,2,0,67,0,67,75,high_vol_range,0.0,0,,,
2026-03-18T09:31:00+05:30,portfolio_hist,PREMIUM,ENTER,iron_condor,23725.85,18.87,1.0,0.0,0.0,1.039,0.146,0.773,6,9,31,2,0,80,0,80,75,high_vol_range,50.25,75,,,
2026-03-18T10:20:00+05:30,portfolio_hist,TREND,ENTER,debit_spread,23707.1,19.0,1.0,0.0,0.0,1.039,0.066,0.461,6,10,20,2,0,62,0,62,60,high_vol_range,47.65,75,,,
2026-03-18T10:38:00+05:30,portfolio_hist,TREND,EXIT,debit_spread,23743.05,18.82,1.0,0.0,0.0,1.038,0.218,0.403,6,10,38,2,0,0,0,0,0,high_vol_range,0.0,0,Trend profit: spread at 50.2% of max,189.0,18
2026-03-18T15:15:00+05:30,portfolio_hist,PREMIUM,EXIT,iron_condor,23776.9,18.75,1.0,0.0,0.0,1.038,0.361,0.132,6,15,15,2,0,0,0,0,0,high_vol_range,0.0,0,Time exit,651.75,344
2026-03-18T09:30:00+05:30,portfolio_hist,PREMIUM,SKIP,idle,23732.2,18.86,1.0,0.0,0.0,1.039,0.172,0.773,6,9,30,2,0,67,0,67,75,high_vol_range,0.0,0,,,
2026-03-18T09:31:00+05:30,portfolio_hist,PREMIUM,ENTER,iron_condor,23725.85,18.87,1.0,0.0,0.0,1.039,0.146,0.773,6,9,31,2,0,80,0,80,75,high_vol_range,50.25,75,,,
2026-03-18T10:20:00+05:30,portfolio_hist,TREND,ENTER,debit_spread,23707.1,19.0,1.0,0.0,0.0,1.039,0.066,0.461,6,10,20,2,0,62,0,62,60,high_vol_range,47.65,75,,,
2026-03-18T10:38:00+05:30,portfolio_hist,TREND,EXIT,debit_spread,23743.05,18.82,1.0,0.0,0.0,1.038,0.218,0.403,6,10,38,2,0,0,0,0,0,high_vol_range,0.0,0,Trend profit: spread at 50.2% of max,189.0,18
2026-03-18T15:15:00+05:30,portfolio_hist,PREMIUM,EXIT,iron_condor,23776.9,18.75,1.0,0.0,0.0,1.038,0.361,0.132,6,15,15,2,0,0,0,0,0,high_vol_range,0.0,0,Time exit,651.75,344
2026-03-18T09:30:00+05:30,portfolio_hist,PREMIUM,SKIP,idle,23732.2,18.86,1.0,0.0,0.0,1.039,0.172,0.773,6,9,30,2,0,67,0,67,75,high_vol_range,0.0,0,,,
2026-03-18T09:31:00+05:30,portfolio_hist,PREMIUM,ENTER,iron_condor,23725.85,18.87,1.0,0.0,0.0,1.039,0.146,0.773,6,9,31,2,0,80,0,80,75,high_vol_range,50.25,75,,,
2026-03-18T10:20:00+05:30,portfolio_hist,TREND,ENTER,debit_spread,23707.1,19.0,1.0,0.0,0.0,1.039,0.066,0.461,6,10,20,2,0,62,0,62,60,high_vol_range,47.65,75,,,
2026-03-18T10:38:00+05:30,portfolio_hist,TREND,EXIT,debit_spread,23743.05,18.82,1.0,0.0,0.0,1.038,0.218,0.403,6,10,38,2,0,0,0,0,0,high_vol_range,0.0,0,Trend profit: spread at 50.2% of max,189.0,18
2026-03-18T15:15:00+05:30,portfolio_hist,PREMIUM,EXIT,iron_condor,23776.9,18.75,1.0,0.0,0.0,1.038,0.361,0.132,6,15,15,2,0,0,0,0,0,high_vol_range,0.0,0,Time exit,651.75,344
2026-03-18T09:30:00+05:30,portfolio_hist,PREMIUM,SKIP,idle,23732.2,18.86,1.0,0.0,0.0,1.039,0.172,0.773,6,9,30,2,0,67,0,67,75,high_vol_range,0.0,0,,,
2026-03-18T09:31:00+05:30,portfolio_hist,PREMIUM,ENTER,iron_condor,23725.85,18.87,1.0,0.0,0.0,1.039,0.146,0.773,6,9,31,2,0,80,0,80,75,high_vol_range,50.25,75,,,
2026-03-18T10:20:00+05:30,portfolio_hist,TREND,ENTER,debit_spread,23707.1,19.0,1.0,0.0,0.0,1.039,0.066,0.461,6,10,20,2,0,62,0,62,60,high_vol_range,47.65,75,,,
2026-03-18T10:38:00+05:30,portfolio_hist,TREND,EXIT,debit_spread,23743.05,18.82,1.0,0.0,0.0,1.038,0.218,0.403,6,10,38,2,0,0,0,0,0,high_vol_range,0.0,0,Trend profit: spread at 50.2% of max,189.0,18
2026-03-18T15:15:00+05:30,portfolio_hist,PREMIUM,EXIT,iron_condor,23776.9,18.75,1.0,0.0,0.0,1.038,0.361,0.132,6,15,15,2,0,0,0,0,0,high_vol_range,0.0,0,Time exit,651.75,344
2026-03-18T09:30:00+05:30,portfolio_hist,PREMIUM,SKIP,idle,23732.2,18.86,1.0,0.0,0.0,1.039,0.172,0.773,6,9,30,2,0,67,0,67,75,high_vol_range,0.0,0,,,
2026-03-18T09:31:00+05:30,portfolio_hist,PREMIUM,ENTER,iron_condor,23725.85,18.87,1.0,0.0,0.0,1.039,0.146,0.773,6,9,31,2,0,80,0,80,75,high_vol_range,50.25,75,,,
2026-03-18T10:20:00+05:30,portfolio_hist,TREND,ENTER,debit_spread,23707.1,19.0,1.0,0.0,0.0,1.039,0.066,0.461,6,10,20,2,0,62,0,62,60,high_vol_range,47.65,75,,,
2026-03-18T10:38:00+05:30,portfolio_hist,TREND,EXIT,debit_spread,23743.05,18.82,1.0,0.0,0.0,1.038,0.218,0.403,6,10,38,2,0,0,0,0,0,high_vol_range,0.0,0,Trend profit: spread at 50.2% of max,189.0,18
2026-03-18T15:15:00+05:30,portfolio_hist,PREMIUM,EXIT,iron_condor,23776.9,18.75,1.0,0.0,0.0,1.038,0.361,0.132,6,15,15,2,0,0,0,0,0,high_vol_range,0.0,0,Time exit,651.75,344
2026-03-18T09:30:00+05:30,portfolio_hist,PREMIUM,SKIP,idle,23732.2,18.86,1.0,0.0,0.0,1.039,0.172,0.773,6,9,30,2,0,67,0,67,75,high_vol_range,0.0,0,,,
2026-03-18T09:31:00+05:30,portfolio_hist,PREMIUM,ENTER,iron_condor,23725.85,18.87,1.0,0.0,0.0,1.039,0.146,0.773,6,9,31,2,0,80,0,80,75,high_vol_range,50.25,75,,,
2026-03-18T10:20:00+05:30,portfolio_hist,TREND,ENTER,debit_spread,23707.1,19.0,1.0,0.0,0.0,1.039,0.066,0.461,6,10,20,2,0,62,0,62,60,high_vol_range,47.65,75,,,
2026-03-18T10:38:00+05:30,portfolio_hist,TREND,EXIT,debit_spread,23743.05,18.82,1.0,0.0,0.0,1.038,0.218,0.403,6,10,38,2,0,0,0,0,0,high_vol_range,0.0,0,Trend profit: spread at 50.2% of max,189.0,18
2026-03-18T15:15:00+05:30,portfolio_hist,PREMIUM,EXIT,iron_condor,23776.9,18.75,1.0,0.0,0.0,1.038,0.361,0.132,6,15,15,2,0,0,0,0,0,high_vol_range,0.0,0,Time exit,651.75,344
2026-03-18T09:30:00+05:30,portfolio_hist,PREMIUM,SKIP,idle,23732.2,18.86,1.0,0.0,0.0,1.039,0.172,0.773,6,9,30,2,0,67,0,67,75,high_vol_range,0.0,0,,,
2026-03-18T09:31:00+05:30,portfolio_hist,PREMIUM,ENTER,iron_condor,23725.85,18.87,1.0,0.0,0.0,1.039,0.146,0.773,6,9,31,2,0,80,0,80,75,high_vol_range,50.25,75,,,
2026-03-18T10:20:00+05:30,portfolio_hist,TREND,ENTER,debit_spread,23707.1,19.0,1.0,0.0,0.0,1.039,0.066,0.461,6,10,20,2,0,62,0,62,60,high_vol_range,47.65,75,,,
2026-03-18T10:38:00+05:30,portfolio_hist,TREND,EXIT,debit_spread,23743.05,18.82,1.0,0.0,0.0,1.038,0.218,0.403,6,10,38,2,0,0,0,0,0,high_vol_range,0.0,0,Trend profit: spread at 50.2% of max,189.0,18
2026-03-18T15:15:00+05:30,portfolio_hist,PREMIUM,EXIT,iron_condor,23776.9,18.75,1.0,0.0,0.0,1.038,0.361,0.132,6,15,15,2,0,0,0,0,0,high_vol_range,0.0,0,Time exit,651.75,344
2026-03-18T09:30:00+05:30,portfolio_hist,PREMIUM,SKIP,idle,23732.2,18.86,1.0,0.0,0.0,1.039,0.172,0.773,6,9,30,2,0,67,0,67,75,high_vol_range,0.0,0,,,
2026-03-18T09:31:00+05:30,portfolio_hist,PREMIUM,ENTER,iron_condor,23725.85,18.87,1.0,0.0,0.0,1.039,0.146,0.773,6,9,31,2,0,80,0,80,75,high_vol_range,50.25,75,,,
2026-03-18T10:20:00+05:30,portfolio_hist,TREND,ENTER,debit_spread,23707.1,19.0,1.0,0.0,0.0,1.039,0.066,0.461,6,10,20,2,0,62,0,62,60,high_vol_range,47.65,75,,,
2026-03-18T10:38:00+05:30,portfolio_hist,TREND,EXIT,debit_spread,23743.05,18.82,1.0,0.0,0.0,1.038,0.218,0.403,6,10,38,2,0,0,0,0,0,high_vol_range,0.0,0,Trend profit: spread at 50.2% of max,189.0,18
2026-03-18T15:15:00+05:30,portfolio_hist,PREMIUM,EXIT,iron_condor,23776.9,18.75,1.0,0.0,0.0,1.038,0.361,0.132,6,15,15,2,0,0,0,0,0,high_vol_range,0.0,0,Time exit,651.75,344
2026-03-18T09:30:00+05:30,portfolio_hist,PREMIUM,SKIP,idle,23732.2,18.86,1.0,0.0,0.0,1.039,0.172,0.773,6,9,30,2,0,67,0,67,75,high_vol_range,0.0,0,,,
2026-03-18T09:31:00+05:30,portfolio_hist,PREMIUM,ENTER,iron_condor,23725.85,18.87,1.0,0.0,0.0,1.039,0.146,0.773,6,9,31,2,0,80,0,80,75,high_vol_range,50.25,75,,,
2026-03-18T10:20:00+05:30,portfolio_hist,TREND,ENTER,debit_spread,23707.1,19.0,1.0,0.0,0.0,1.039,0.066,0.461,6,10,20,2,0,62,0,62,60,high_vol_range,47.65,75,,,
2026-03-18T10:38:00+05:30,portfolio_hist,TREND,EXIT,debit_spread,23743.05,18.82,1.0,0.0,0.0,1.038,0.218,0.403,6,10,38,2,0,0,0,0,0,high_vol_range,0.0,0,Trend profit: spread at 50.2% of max,189.0,18
2026-03-18T15:15:00+05:30,portfolio_hist,PREMIUM,EXIT,iron_condor,23776.9,18.75,1.0,0.0,0.0,1.038,0.361,0.132,6,15,15,2,0,0,0,0,0,high_vol_range,0.0,0,Time exit,651.75,344
2026-03-18T09:30:00+05:30,portfolio_hist,PREMIUM,SKIP,idle,23732.2,18.86,1.0,0.0,0.0,1.039,0.172,0.773,6,9,30,2,0,67,0,67,75,high_vol_range,0.0,0,,,
2026-03-18T09:31:00+05:30,portfolio_hist,PREMIUM,ENTER,iron_condor,23725.85,18.87,1.0,0.0,0.0,1.039,0.146,0.773,6,9,31,2,0,80,0,80,75,high_vol_range,50.25,75,,,
2026-03-18T10:20:00+05:30,portfolio_hist,TREND,ENTER,debit_spread,23707.1,19.0,1.0,0.0,0.0,1.039,0.066,0.461,6,10,20,2,0,62,0,62,60,high_vol_range,47.65,75,,,
2026-03-18T10:38:00+05:30,portfolio_hist,TREND,EXIT,debit_spread,23743.05,18.82,1.0,0.0,0.0,1.038,0.218,0.403,6,10,38,2,0,0,0,0,0,high_vol_range,0.0,0,Trend profit: spread at 50.2% of max,189.0,18
2026-03-18T15:15:00+05:30,portfolio_hist,PREMIUM,EXIT,iron_condor,23776.9,18.75,1.0,0.0,0.0,1.038,0.361,0.132,6,15,15,2,0,0,0,0,0,high_vol_range,0.0,0,Time exit,651.75,344
2026-03-18T09:30:00+05:30,portfolio_hist,PREMIUM,SKIP,idle,23732.2,18.86,1.0,0.0,0.0,1.039,0.172,0.773,6,9,30,2,0,67,0,67,75,high_vol_range,0.0,0,,,
2026-03-18T09:31:00+05:30,portfolio_hist,PREMIUM,ENTER,iron_condor,23725.85,18.87,1.0,0.0,0.0,1.039,0.146,0.773,6,9,31,2,0,80,0,80,75,high_vol_range,50.25,75,,,
2026-03-18T10:20:00+05:30,portfolio_hist,TREND,ENTER,debit_spread,23707.1,19.0,1.0,0.0,0.0,1.039,0.066,0.461,6,10,20,2,0,62,0,62,60,high_vol_range,47.65,75,,,
2026-03-18T10:38:00+05:30,portfolio_hist,TREND,EXIT,debit_spread,23743.05,18.82,1.0,0.0,0.0,1.038,0.218,0.403,6,10,38,2,0,0,0,0,0,high_vol_range,0.0,0,Trend profit: spread at 50.2% of max,189.0,18
2026-03-18T15:15:00+05:30,portfolio_hist,PREMIUM,EXIT,iron_condor,23776.9,18.75,1.0,0.0,0.0,1.038,0.361,0.132,6,15,15,2,0,0,0,0,0,high_vol_range,0.0,0,Time exit,651.75,344
2026-03-18T09:30:00+05:30,portfolio_hist,PREMIUM,SKIP,idle,23732.2,18.86,1.0,0.0,0.0,1.039,0.172,0.773,6,9,30,2,0,67,0,67,75,high_vol_range,0.0,0,,,
2026-03-18T09:31:00+05:30,portfolio_hist,PREMIUM,ENTER,iron_condor,23725.85,18.87,1.0,0.0,0.0,1.039,0.146,0.773,6,9,31,2,0,80,0,80,75,high_vol_range,50.25,75,,,
2026-03-18T10:20:00+05:30,portfolio_hist,TREND,ENTER,debit_spread,23707.1,19.0,1.0,0.0,0.0,1.039,0.066,0.461,6,10,20,2,0,62,0,62,60,high_vol_range,47.65,75,,,
2026-03-18T10:38:00+05:30,portfolio_hist,TREND,EXIT,debit_spread,23743.05,18.82,1.0,0.0,0.0,1.038,0.218,0.403,6,10,38,2,0,0,0,0,0,high_vol_range,0.0,0,Trend profit: spread at 50.2% of max,189.0,18
2026-03-18T15:15:00+05:30,portfolio_hist,PREMIUM,EXIT,iron_condor,23776.9,18.75,1.0,0.0,0.0,1.038,0.361,0.132,6,15,15,2,0,0,0,0,0,high_vol_range,0.0,0,Time exit,651.75,344
2026-03-18T09:30:00+05:30,portfolio_hist,PREMIUM,SKIP,idle,23732.2,18.86,1.0,0.0,0.0,1.039,0.172,0.773,6,9,30,2,0,67,0,67,75,high_vol_range,0.0,0,,,
2026-03-18T09:31:00+05:30,portfolio_hist,PREMIUM,ENTER,iron_condor,23725.85,18.87,1.0,0.0,0.0,1.039,0.146,0.773,6,9,31,2,0,80,0,80,75,high_vol_range,50.25,75,,,
2026-03-18T10:20:00+05:30,portfolio_hist,TREND,ENTER,debit_spread,23707.1,19.0,1.0,0.0,0.0,1.039,0.066,0.461,6,10,20,2,0,62,0,62,60,high_vol_range,47.65,75,,,
2026-03-18T10:38:00+05:30,portfolio_hist,TREND,EXIT,debit_spread,23743.05,18.82,1.0,0.0,0.0,1.038,0.218,0.403,6,10,38,2,0,0,0,0,0,high_vol_range,0.0,0,Trend profit: spread at 50.2% of max,189.0,18
2026-03-18T15:15:00+05:30,portfolio_hist,PREMIUM,EXIT,iron_condor,23776.9,18.75,1.0,0.0,0.0,1.038,0.361,0.132,6,15,15,2,0,0,0,0,0,high_vol_range,0.0,0,Time exit,651.75,344
2026-03-18T09:30:00+05:30,portfolio_hist,PREMIUM,SKIP,idle,23732.2,18.86,1.0,0.0,0.0,1.039,0.172,0.773,6,9,30,2,0,67,0,67,75,high_vol_range,0.0,0,,,
2026-03-18T09:31:00+05:30,portfolio_hist,PREMIUM,ENTER,iron_condor,23725.85,18.87,1.0,0.0,0.0,1.039,0.146,0.773,6,9,31,2,0,80,0,80,75,high_vol_range,50.25,75,,,
2026-03-18T10:20:00+05:30,portfolio_hist,TREND,ENTER,debit_spread,23707.1,19.0,1.0,0.0,0.0,1.039,0.066,0.461,6,10,20,2,0,62,0,62,60,high_vol_range,47.65,75,,,
2026-03-18T10:38:00+05:30,portfolio_hist,TREND,EXIT,debit_spread,23743.05,18.82,1.0,0.0,0.0,1.038,0.218,0.403,6,10,38,2,0,0,0,0,0,high_vol_range,0.0,0,Trend profit: spread at 50.2% of max,189.0,18
2026-03-18T15:15:00+05:30,portfolio_hist,PREMIUM,EXIT,iron_condor,23776.9,18.75,1.0,0.0,0.0,1.038,0.361,0.132,6,15,15,2,0,0,0,0,0,high_vol_range,0.0,0,Time exit,651.75,344
2026-03-18T09:30:00+05:30,portfolio_hist,PREMIUM,SKIP,idle,23732.2,18.86,1.0,0.0,0.0,1.039,0.172,0.773,6,9,30,2,0,67,0,67,75,high_vol_range,0.0,0,,,
2026-03-18T09:31:00+05:30,portfolio_hist,PREMIUM,ENTER,iron_condor,23725.85,18.87,1.0,0.0,0.0,1.039,0.146,0.773,6,9,31,2,0,80,0,80,75,high_vol_range,50.25,75,,,
2026-03-18T10:20:00+05:30,portfolio_hist,TREND,ENTER,debit_spread,23707.1,19.0,1.0,0.0,0.0,1.039,0.066,0.461,6,10,20,2,0,62,0,62,60,high_vol_range,47.65,75,,,
2026-03-18T10:38:00+05:30,portfolio_hist,TREND,EXIT,debit_spread,23743.05,18.82,1.0,0.0,0.0,1.038,0.218,0.403,6,10,38,2,0,0,0,0,0,high_vol_range,0.0,0,Trend profit: spread at 50.2% of max,189.0,18
2026-03-18T15:15:00+05:30,portfolio_hist,PREMIUM,EXIT,iron_condor,23776.9,18.75,1.0,0.0,0.0,1.038,0.361,0.132,6,15,15,2,0,0,0,0,0,high_vol_range,0.0,0,Time exit,651.75,344
2026-03-18T09:30:00+05:30,portfolio_hist,PREMIUM,SKIP,idle,23732.2,18.86,1.0,0.0,0.0,1.039,0.172,0.773,6,9,30,2,0,67,0,67,75,high_vol_range,0.0,0,,,
2026-03-18T09:31:00+05:30,portfolio_hist,PREMIUM,ENTER,iron_condor,23725.85,18.87,1.0,0.0,0.0,1.039,0.146,0.773,6,9,31,2,0,80,0,80,75,high_vol_range,50.25,75,,,
2026-03-18T10:20:00+05:30,portfolio_hist,TREND,ENTER,debit_spread,23707.1,19.0,1.0,0.0,0.0,1.039,0.066,0.461,6,10,20,2,0,62,0,62,60,high_vol_range,47.65,75,,,
2026-03-18T10:38:00+05:30,portfolio_hist,TREND,EXIT,debit_spread,23743.05,18.82,1.0,0.0,0.0,1.038,0.218,0.403,6,10,38,2,0,0,0,0,0,high_vol_range,0.0,0,Trend profit: spread at 50.2% of max,189.0,18
2026-03-18T15:15:00+05:30,portfolio_hist,PREMIUM,EXIT,iron_condor,23776.9,18.75,1.0,0.0,0.0,1.038,0.361,0.132,6,15,15,2,0,0,0,0,0,high_vol_range,0.0,0,Time exit,651.75,344
2026-03-18T09:30:00+05:30,portfolio_hist,PREMIUM,SKIP,idle,23732.2,18.86,1.0,0.0,0.0,1.039,0.172,0.773,6,9,30,2,0,67,0,67,75,high_vol_range,0.0,0,,,
2026-03-18T09:31:00+05:30,portfolio_hist,PREMIUM,ENTER,iron_condor,23725.85,18.87,1.0,0.0,0.0,1.039,0.146,0.773,6,9,31,2,0,80,0,80,75,high_vol_range,50.25,75,,,
2026-03-18T10:20:00+05:30,portfolio_hist,TREND,ENTER,debit_spread,23707.1,19.0,1.0,0.0,0.0,1.039,0.066,0.461,6,10,20,2,0,62,0,62,60,high_vol_range,47.65,75,,,
2026-03-18T10:38:00+05:30,portfolio_hist,TREND,EXIT,debit_spread,23743.05,18.82,1.0,0.0,0.0,1.038,0.218,0.403,6,10,38,2,0,0,0,0,0,high_vol_range,0.0,0,Trend profit: spread at 50.2% of max,189.0,18
2026-03-18T15:15:00+05:30,portfolio_hist,PREMIUM,EXIT,iron_condor,23776.9,18.75,1.0,0.0,0.0,1.038,0.361,0.132,6,15,15,2,0,0,0,0,0,high_vol_range,0.0,0,Time exit,651.75,344
2026-03-18T09:30:00+05:30,portfolio_hist,PREMIUM,SKIP,idle,23732.2,18.86,1.0,0.0,0.0,1.039,0.172,0.773,6,9,30,2,0,67,0,67,75,high_vol_range,0.0,0,,,
2026-03-18T09:31:00+05:30,portfolio_hist,PREMIUM,ENTER,iron_condor,23725.85,18.87,1.0,0.0,0.0,1.039,0.146,0.773,6,9,31,2,0,80,0,80,75,high_vol_range,50.25,75,,,
2026-03-18T10:20:00+05:30,portfolio_hist,TREND,ENTER,debit_spread,23707.1,19.0,1.0,0.0,0.0,1.039,0.066,0.461,6,10,20,2,0,62,0,62,60,high_vol_range,47.65,75,,,
2026-03-18T10:38:00+05:30,portfolio_hist,TREND,EXIT,debit_spread,23743.05,18.82,1.0,0.0,0.0,1.038,0.218,0.403,6,10,38,2,0,0,0,0,0,high_vol_range,0.0,0,Trend profit: spread at 50.2% of max,189.0,18
2026-03-18T15:15:00+05:30,portfolio_hist,PREMIUM,EXIT,iron_condor,23776.9,18.75,1.0,0.0,0.0,1.038,0.361,0.132,6,15,15,2,0,0,0,0,0,high_vol_range,0.0,0,Time exit,651.75,344
2026-03-18T09:30:00+05:30,portfolio_hist,PREMIUM,SKIP,idle,23732.2,18.86,1.0,0.0,0.0,1.039,0.172,0.773,6,9,30,2,0,67,0,67,75,high_vol_range,0.0,0,,,
2026-03-18T09:31:00+05:30,portfolio_hist,PREMIUM,ENTER,iron_condor,23725.85,18.87,1.0,0.0,0.0,1.039,0.146,0.773,6,9,31,2,0,80,0,80,75,high_vol_range,50.25,75,,,
2026-03-18T10:20:00+05:30,portfolio_hist,TREND,ENTER,debit_spread,23707.1,19.0,1.0,0.0,0.0,1.039,0.066,0.461,6,10,20,2,0,62,0,62,60,high_vol_range,47.65,75,,,
2026-03-18T10:38:00+05:30,portfolio_hist,TREND,EXIT,debit_spread,23743.05,18.82,1.0,0.0,0.0,1.038,0.218,0.403,6,10,38,2,0,0,0,0,0,high_vol_range,0.0,0,Trend profit: spread at 50.2% of max,189.0,18
2026-03-18T15:15:00+05:30,portfolio_hist,PREMIUM,EXIT,iron_condor,23776.9,18.75,1.0,0.0,0.0,1.038,0.361,0.132,6,15,15,2,0,0,0,0,0,high_vol_range,0.0,0,Time exit,651.75,344
2026-03-18T09:30:00+05:30,portfolio_hist,PREMIUM,SKIP,idle,23732.2,18.86,1.0,0.0,0.0,1.039,0.172,0.773,6,9,30,2,0,67,0,67,75,high_vol_range,0.0,0,,,
2026-03-18T09:31:00+05:30,portfolio_hist,PREMIUM,ENTER,iron_condor,23725.85,18.87,1.0,0.0,0.0,1.039,0.146,0.773,6,9,31,2,0,80,0,80,75,high_vol_range,50.25,75,,,
2026-03-18T10:20:00+05:30,portfolio_hist,TREND,ENTER,debit_spread,23707.1,19.0,1.0,0.0,0.0,1.039,0.066,0.461,6,10,20,2,0,62,0,62,60,high_vol_range,47.65,75,,,
2026-03-18T10:38:00+05:30,portfolio_hist,TREND,EXIT,debit_spread,23743.05,18.82,1.0,0.0,0.0,1.038,0.218,0.403,6,10,38,2,0,0,0,0,0,high_vol_range,0.0,0,Trend profit: spread at 50.2% of max,189.0,18
2026-03-18T15:15:00+05:30,portfolio_hist,PREMIUM,EXIT,iron_condor,23776.9,18.75,1.0,0.0,0.0,1.038,0.361,0.132,6,15,15,2,0,0,0,0,0,high_vol_range,0.0,0,Time exit,651.75,344
2026-03-18T09:30:00+05:30,portfolio_hist,PREMIUM,SKIP,idle,23732.2,18.86,1.0,0.0,0.0,1.039,0.172,0.773,6,9,30,2,0,67,0,67,75,high_vol_range,0.0,0,,,
2026-03-18T09:31:00+05:30,portfolio_hist,PREMIUM,ENTER,iron_condor,23725.85,18.87,1.0,0.0,0.0,1.039,0.146,0.773,6,9,31,2,0,80,0,80,75,high_vol_range,50.25,75,,,
2026-03-18T10:20:00+05:30,portfolio_hist,TREND,ENTER,debit_spread,23707.1,19.0,1.0,0.0,0.0,1.039,0.066,0.461,6,10,20,2,0,62,0,62,60,high_vol_range,47.65,75,,,
2026-03-18T10:38:00+05:30,portfolio_hist,TREND,EXIT,debit_spread,23743.05,18.82,1.0,0.0,0.0,1.038,0.218,0.403,6,10,38,2,0,0,0,0,0,high_vol_range,0.0,0,Trend profit: spread at 50.2% of max,189.0,18
2026-03-18T15:15:00+05:30,portfolio_hist,PREMIUM,EXIT,iron_condor,23776.9,18.75,1.0,0.0,0.0,1.038,0.361,0.132,6,15,15,2,0,0,0,0,0,high_vol_range,0.0,0,Time exit,651.75,344
2026-03-18T09:30:00+05:30,portfolio_hist,PREMIUM,SKIP,idle,23732.2,18.86,1.0,0.0,0.0,1.039,0.172,0.773,6,9,30,2,0,67,0,67,75,high_vol_range,0.0,0,,,
2026-03-18T09:31:00+05:30,portfolio_hist,PREMIUM,ENTER,iron_condor,23725.85,18.87,1.0,0.0,0.0,1.039,0.146,0.773,6,9,31,2,0,80,0,80,75,high_vol_range,50.25,75,,,
2026-03-18T10:20:00+05:30,portfolio_hist,TREND,ENTER,debit_spread,23707.1,19.0,1.0,0.0,0.0,1.039,0.066,0.461,6,10,20,2,0,62,0,62,60,high_vol_range,47.65,75,,,
2026-03-18T10:38:00+05:30,portfolio_hist,TREND,EXIT,debit_spread,23743.05,18.82,1.0,0.0,0.0,1.038,0.218,0.403,6,10,38,2,0,0,0,0,0,high_vol_range,0.0,0,Trend profit: spread at 50.2% of max,189.0,18
2026-03-18T15:15:00+05:30,portfolio_hist,PREMIUM,EXIT,iron_condor,23776.9,18.75,1.0,0.0,0.0,1.038,0.361,0.132,6,15,15,2,0,0,0,0,0,high_vol_range,0.0,0,Time exit,651.75,344
2026-03-18T09:30:00+05:30,portfolio_hist,PREMIUM,SKIP,idle,23732.2,18.86,1.0,0.0,0.0,1.039,0.172,0.773,6,9,30,2,0,67,0,67,75,high_vol_range,0.0,0,,,
2026-03-18T09:31:00+05:30,portfolio_hist,PREMIUM,ENTER,iron_condor,23725.85,18.87,1.0,0.0,0.0,1.039,0.146,0.773,6,9,31,2,0,80,0,80,75,high_vol_range,50.25,75,,,
2026-03-18T10:20:00+05:30,portfolio_hist,TREND,ENTER,debit_spread,23707.1,19.0,1.0,0.0,0.0,1.039,0.066,0.461,6,10,20,2,0,62,0,62,60,high_vol_range,47.65,75,,,
2026-03-18T10:38:00+05:30,portfolio_hist,TREND,EXIT,debit_spread,23743.05,18.82,1.0,0.0,0.0,1.038,0.218,0.403,6,10,38,2,0,0,0,0,0,high_vol_range,0.0,0,Trend profit: spread at 50.2% of max,189.0,18
2026-03-18T15:15:00+05:30,portfolio_hist,PREMIUM,EXIT,iron_condor,23776.9,18.75,1.0,0.0,0.0,1.038,0.361,0.132,6,15,15,2,0,0,0,0,0,high_vol_range,0.0,0,Time exit,651.75,344
2026-03-18T09:30:00+05:30,portfolio_hist,PREMIUM,SKIP,idle,23732.2,18.86,1.0,0.0,0.0,1.039,0.172,0.773,6,9,30,2,0,67,0,67,75,high_vol_range,0.0,0,,,
2026-03-18T09:31:00+05:30,portfolio_hist,PREMIUM,ENTER,iron_condor,23725.85,18.87,1.0,0.0,0.0,1.039,0.146,0.773,6,9,31,2,0,80,0,80,75,high_vol_range,50.25,75,,,
2026-03-18T10:20:00+05:30,portfolio_hist,TREND,ENTER,debit_spread,23707.1,19.0,1.0,0.0,0.0,1.039,0.066,0.461,6,10,20,2,0,62,0,62,60,high_vol_range,47.65,75,,,
2026-03-18T10:38:00+05:30,portfolio_hist,TREND,EXIT,debit_spread,23743.05,18.82,1.0,0.0,0.0,1.038,0.218,0.403,6,10,38,2,0,0,0,0,0,high_vol_range,0.0,0,Trend profit: spread at 50.2% of max,189.0,18
2026-03-18T15:15:00+05:30,portfolio_hist,PREMIUM,EXIT,iron_condor,23776.9,18.75,1.0,0.0,0.0,1.038,0.361,0.132,6,15,15,2,0,0,0,0,0,high_vol_range,0.0,0,Time exit,651.75,344
2026-03-18T09:30:00+05:30,portfolio_hist,PREMIUM,SKIP,idle,23732.2,18.86,1.0,0.0,0.0,1.039,0.172,0.773,6,9,30,2,0,67,0,67,75,high_vol_range,0.0,0,,,
2026-03-18T09:31:00+05:30,portfolio_hist,PREMIUM,ENTER,iron_condor,23725.85,18.87,1.0,0.0,0.0,1.039,0.146,0.773,6,9,31,2,0,80,0,80,75,high_vol_range,50.25,75,,,
2026-03-18T10:20:00+05:30,portfolio_hist,TREND,ENTER,debit_spread,23707.1,19.0,1.0,0.0,0.0,1.039,0.066,0.461,6,10,20,2,0,62,0,62,60,high_vol_range,47.65,75,,,
2026-03-18T10:38:00+05:30,portfolio_hist,TREND,EXIT,debit_spread,23743.05,18.82,1.0,0.0,0.0,1.038,0.218,0.403,6,10,38,2,0,0,0,0,0,high_vol_range,0.0,0,Trend profit: spread at 50.2% of max,189.0,18
2026-03-18T15:15:00+05:30,portfolio_hist,PREMIUM,EXIT,iron_condor,23776.9,18.75,1.0,0.0,0.0,1.038,0.361,0.132,6,15,15,2,0,0,0,0,0,high_vol_range,0.0,0,Time exit,651.75,344
2026-03-18T09:30:00+05:30,portfolio_hist,PREMIUM,SKIP,idle,23732.2,18.86,1.0,0.0,0.0,1.039,0.172,0.773,6,9,30,2,0,67,0,67,75,high_vol_range,0.0,0,,,
2026-03-18T09:31:00+05:30,portfolio_hist,PREMIUM,ENTER,iron_condor,23725.85,18.87,1.0,0.0,0.0,1.039,0.146,0.773,6,9,31,2,0,80,0,80,75,high_vol_range,50.25,75,,,
2026-03-18T10:20:00+05:30,portfolio_hist,TREND,ENTER,debit_spread,23707.1,19.0,1.0,0.0,0.0,1.039,0.066,0.461,6,10,20,2,0,62,0,62,60,high_vol_range,47.65,75,,,
2026-03-18T10:38:00+05:30,portfolio_hist,TREND,EXIT,debit_spread,23743.05,18.82,1.0,0.0,0.0,1.038,0.218,0.403,6,10,38,2,0,0,0,0,0,high_vol_range,0.0,0,Trend profit: spread at 50.2% of max,189.0,18
2026-03-18T15:15:00+05:30,portfolio_hist,PREMIUM,EXIT,iron_condor,23776.9,18.75,1.0,0.0,0.0,1.038,0.361,0.132,6,15,15,2,0,0,0,0,0,high_vol_range,0.0,0,Time exit,651.75,344
2026-03-18T09:30:00+05:30,portfolio_hist,PREMIUM,SKIP,idle,23732.2,18.86,1.0,0.0,0.0,1.039,0.172,0.773,6,9,30,2,0,67,0,67,75,high_vol_range,0.0,0,,,
2026-03-18T09:31:00+05:30,portfolio_hist,PREMIUM,ENTER,iron_condor,23725.85,18.87,1.0,0.0,0.0,1.039,0.146,0.773,6,9,31,2,0,80,0,80,75,high_vol_range,50.25,75,,,
2026-03-18T10:20:00+05:30,portfolio_hist,TREND,ENTER,debit_spread,23707.1,19.0,1.0,0.0,0.0,1.039,0.066,0.461,6,10,20,2,0,62,0,62,60,high_vol_range,47.65,75,,,
2026-03-18T10:38:00+05:30,portfolio_hist,TREND,EXIT,debit_spread,23743.05,18.82,1.0,0.0,0.0,1.038,0.218,0.403,6,10,38,2,0,0,0,0,0,high_vol_range,0.0,0,Trend profit: spread at 50.2% of max,189.0,18
2026-03-18T15:15:00+05:30,portfolio_hist,PREMIUM,EXIT,iron_condor,23776.9,18.75,1.0,0.0,0.0,1.038,0.361,0.132,6,15,15,2,0,0,0,0,0,high_vol_range,0.0,0,Time exit,651.75,344
2026-03-18T09:30:00+05:30,portfolio_hist,PREMIUM,SKIP,idle,23732.2,18.86,1.0,0.0,0.0,1.039,0.172,0.773,6,9,30,2,0,67,0,67,75,high_vol_range,0.0,0,,,
2026-03-18T09:31:00+05:30,portfolio_hist,PREMIUM,ENTER,iron_condor,23725.85,18.87,1.0,0.0,0.0,1.039,0.146,0.773,6,9,31,2,0,80,0,80,75,high_vol_range,50.25,75,,,
2026-03-18T10:20:00+05:30,portfolio_hist,TREND,ENTER,debit_spread,23707.1,19.0,1.0,0.0,0.0,1.039,0.066,0.461,6,10,20,2,0,62,0,62,60,high_vol_range,47.65,75,,,
2026-03-18T10:38:00+05:30,portfolio_hist,TREND,EXIT,debit_spread,23743.05,18.82,1.0,0.0,0.0,1.038,0.218,0.403,6,10,38,2,0,0,0,0,0,high_vol_range,0.0,0,Trend profit: spread at 50.2% of max,189.0,18
2026-03-18T15:15:00+05:30,portfolio_hist,PREMIUM,EXIT,iron_condor,23776.9,18.75,1.0,0.0,0.0,1.038,0.361,0.132,6,15,15,2,0,0,0,0,0,high_vol_range,0.0,0,Time exit,651.75,344
2026-03-18T09:30:00+05:30,portfolio_hist,PREMIUM,SKIP,idle,23732.2,18.86,1.0,0.0,0.0,1.039,0.172,0.773,6,9,30,2,0,67,0,67,75,high_vol_range,0.0,0,,,
2026-03-18T09:31:00+05:30,portfolio_hist,PREMIUM,ENTER,iron_condor,23725.85,18.87,1.0,0.0,0.0,1.039,0.146,0.773,6,9,31,2,0,80,0,80,75,high_vol_range,50.25,75,,,
2026-03-18T10:20:00+05:30,portfolio_hist,TREND,ENTER,debit_spread,23707.1,19.0,1.0,0.0,0.0,1.039,0.066,0.461,6,10,20,2,0,62,0,62,60,high_vol_range,47.65,75,,,
2026-03-18T10:38:00+05:30,portfolio_hist,TREND,EXIT,debit_spread,23743.05,18.82,1.0,0.0,0.0,1.038,0.218,0.403,6,10,38,2,0,0,0,0,0,high_vol_range,0.0,0,Trend profit: spread at 50.2% of max,189.0,18
2026-03-18T15:15:00+05:30,portfolio_hist,PREMIUM,EXIT,iron_condor,23776.9,18.75,1.0,0.0,0.0,1.038,0.361,0.132,6,15,15,2,0,0,0,0,0,high_vol_range,0.0,0,Time exit,651.75,344
2026-03-18T09:30:00+05:30,portfolio_hist,PREMIUM,SKIP,idle,23732.2,18.86,1.0,0.0,0.0,1.039,0.172,0.773,6,9,30,2,0,67,0,67,75,high_vol_range,0.0,0,,,
2026-03-18T09:31:00+05:30,portfolio_hist,PREMIUM,ENTER,iron_condor,23725.85,18.87,1.0,0.0,0.0,1.039,0.146,0.773,6,9,31,2,0,80,0,80,75,high_vol_range,50.25,75,,,
2026-03-18T10:20:00+05:30,portfolio_hist,TREND,ENTER,debit_spread,23707.1,19.0,1.0,0.0,0.0,1.039,0.066,0.461,6,10,20,2,0,62,0,62,60,high_vol_range,47.65,75,,,
2026-03-18T10:38:00+05:30,portfolio_hist,TREND,EXIT,debit_spread,23743.05,18.82,1.0,0.0,0.0,1.038,0.218,0.403,6,10,38,2,0,0,0,0,0,high_vol_range,0.0,0,Trend profit: spread at 50.2% of max,189.0,18
2026-03-18T15:15:00+05:30,portfolio_hist,PREMIUM,EXIT,iron_condor,23776.9,18.75,1.0,0.0,0.0,1.038,0.361,0.132,6,15,15,2,0,0,0,0,0,high_vol_range,0.0,0,Time exit,651.75,344
2026-03-18T09:30:00+05:30,portfolio_hist,PREMIUM,SKIP,idle,23732.2,18.86,1.0,0.0,0.0,1.039,0.172,0.773,6,9,30,2,0,67,0,67,75,high_vol_range,0.0,0,,,
2026-03-18T09:31:00+05:30,portfolio_hist,PREMIUM,ENTER,iron_condor,23725.85,18.87,1.0,0.0,0.0,1.039,0.146,0.773,6,9,31,2,0,80,0,80,75,high_vol_range,50.25,75,,,
2026-03-18T10:20:00+05:30,portfolio_hist,TREND,ENTER,debit_spread,23707.1,19.0,1.0,0.0,0.0,1.039,0.066,0.461,6,10,20,2,0,62,0,62,60,high_vol_range,47.65,75,,,
2026-03-18T10:38:00+05:30,portfolio_hist,TREND,EXIT,debit_spread,23743.05,18.82,1.0,0.0,0.0,1.038,0.218,0.403,6,10,38,2,0,0,0,0,0,high_vol_range,0.0,0,Trend profit: spread at 50.2% of max,189.0,18
2026-03-18T15:15:00+05:30,portfolio_hist,PREMIUM,EXIT,iron_condor,23776.9,18.75,1.0,0.0,0.0,1.038,0.361,0.132,6,15,15,2,0,0,0,0,0,high_vol_range,0.0,0,Time exit,651.75,344
2026-03-18T09:30:00+05:30,portfolio_hist,PREMIUM,SKIP,idle,23732.2,18.86,1.0,0.0,0.0,1.039,0.172,0.773,6,9,30,2,0,67,0,67,75,high_vol_range,0.0,0,,,
2026-03-18T09:31:00+05:30,portfolio_hist,PREMIUM,ENTER,iron_condor,23725.85,18.87,1.0,0.0,0.0,1.039,0.146,0.773,6,9,31,2,0,80,0,80,75,high_vol_range,50.25,75,,,
2026-03-18T10:20:00+05:30,portfolio_hist,TREND,ENTER,debit_spread,23707.1,19.0,1.0,0.0,0.0,1.039,0.066,0.461,6,10,20,2,0,62,0,62,60,high_vol_range,47.65,75,,,
2026-03-18T10:38:00+05:30,portfolio_hist,TREND,EXIT,debit_spread,23743.05,18.82,1.0,0.0,0.0,1.038,0.218,0.403,6,10,38,2,0,0,0,0,0,high_vol_range,0.0,0,Trend profit: spread at 50.2% of max,189.0,18
2026-03-18T15:15:00+05:30,portfolio_hist,PREMIUM,EXIT,iron_condor,23776.9,18.75,1.0,0.0,0.0,1.038,0.361,0.132,6,15,15,2,0,0,0,0,0,high_vol_range,0.0,0,Time exit,651.75,344
2026-03-18T09:30:00+05:30,portfolio_hist,PREMIUM,SKIP,idle,23732.2,18.86,1.0,0.0,0.0,1.039,0.172,0.773,6,9,30,2,0,67,0,67,75,high_vol_range,0.0,0,,,
2026-03-18T09:31:00+05:30,portfolio_hist,PREMIUM,ENTER,iron_condor,23725.85,18.87,1.0,0.0,0.0,1.039,0.146,0.773,6,9,31,2,0,80,0,80,75,high_vol_range,50.25,75,,,
2026-03-18T10:20:00+05:30,portfolio_hist,TREND,ENTER,debit_spread,23707.1,19.0,1.0,0.0,0.0,1.039,0.066,0.461,6,10,20,2,0,62,0,62,60,high_vol_range,47.65,75,,,
2026-03-18T10:38:00+05:30,portfolio_hist,TREND,EXIT,debit_spread,23743.05,18.82,1.0,0.0,0.0,1.038,0.218,0.403,6,10,38,2,0,0,0,0,0,high_vol_range,0.0,0,Trend profit: spread at 50.2% of max,189.0,18
2026-03-18T15:15:00+05:30,portfolio_hist,PREMIUM,EXIT,iron_condor,23776.9,18.75,1.0,0.0,0.0,1.038,0.361,0.132,6,15,15,2,0,0,0,0,0,high_vol_range,0.0,0,Time exit,651.75,344
2026-03-18T09:30:00+05:30,portfolio_hist,PREMIUM,SKIP,idle,23732.2,18.86,1.0,0.0,0.0,1.039,0.172,0.773,6,9,30,2,0,67,0,67,75,high_vol_range,0.0,0,,,
2026-03-18T09:31:00+05:30,portfolio_hist,PREMIUM,ENTER,iron_condor,23725.85,18.87,1.0,0.0,0.0,1.039,0.146,0.773,6,9,31,2,0,80,0,80,75,high_vol_range,50.25,75,,,
2026-03-18T10:20:00+05:30,portfolio_hist,TREND,ENTER,debit_spread,23707.1,19.0,1.0,0.0,0.0,1.039,0.066,0.461,6,10,20,2,0,62,0,62,60,high_vol_range,47.65,75,,,
2026-03-18T10:38:00+05:30,portfolio_hist,TREND,EXIT,debit_spread,23743.05,18.82,1.0,0.0,0.0,1.038,0.218,0.403,6,10,38,2,0,0,0,0,0,high_vol_range,0.0,0,Trend profit: spread at 50.2% of max,189.0,18
2026-03-18T15:15:00+05:30,portfolio_hist,PREMIUM,EXIT,iron_condor,23776.9,18.75,1.0,0.0,0.0,1.038,0.361,0.132,6,15,15,2,0,0,0,0,0,high_vol_range,0.0,0,Time exit,651.75,344
2026-03-18T09:30:00+05:30,portfolio_hist,PREMIUM,SKIP,idle,23732.2,18.86,1.0,0.0,0.0,1.039,0.172,0.773,6,9,30,2,0,67,0,67,75,high_vol_range,0.0,0,,,
2026-03-18T09:31:00+05:30,portfolio_hist,PREMIUM,ENTER,iron_condor,23725.85,18.87,1.0,0.0,0.0,1.039,0.146,0.773,6,9,31,2,0,80,0,80,75,high_vol_range,50.25,75,,,
2026-03-18T10:20:00+05:30,portfolio_hist,TREND,ENTER,debit_spread,23707.1,19.0,1.0,0.0,0.0,1.039,0.066,0.461,6,10,20,2,0,62,0,62,60,high_vol_range,47.65,75,,,
2026-03-18T10:38:00+05:30,portfolio_hist,TREND,EXIT,debit_spread,23743.05,18.82,1.0,0.0,0.0,1.038,0.218,0.403,6,10,38,2,0,0,0,0,0,high_vol_range,0.0,0,Trend profit: spread at 50.2% of max,189.0,18
2026-03-18T15:15:00+05:30,portfolio_hist,PREMIUM,EXIT,iron_condor,23776.9,18.75,1.0,0.0,0.0,1.038,0.361,0.132,6,15,15,2,0,0,0,0,0,high_vol_range,0.0,0,Time exit,651.75,344
2026-03-18T09:30:00+05:30,portfolio_hist,PREMIUM,SKIP,idle,23732.2,18.86,1.0,0.0,0.0,1.039,0.172,0.773,6,9,30,2,0,67,0,67,75,high_vol_range,0.0,0,,,
2026-03-18T09:31:00+05:30,portfolio_hist,PREMIUM,ENTER,iron_condor,23725.85,18.87,1.0,0.0,0.0,1.039,0.146,0.773,6,9,31,2,0,80,0,80,75,high_vol_range,50.25,75,,,
2026-03-18T10:20:00+05:30,portfolio_hist,TREND,ENTER,debit_spread,23707.1,19.0,1.0,0.0,0.0,1.039,0.066,0.461,6,10,20,2,0,62,0,62,60,high_vol_range,47.65,75,,,
2026-03-18T10:38:00+05:30,portfolio_hist,TREND,EXIT,debit_spread,23743.05,18.82,1.0,0.0,0.0,1.038,0.218,0.403,6,10,38,2,0,0,0,0,0,high_vol_range,0.0,0,Trend profit: spread at 50.2% of max,189.0,18
2026-03-18T15:15:00+05:30,portfolio_hist,PREMIUM,EXIT,iron_condor,23776.9,18.75,1.0,0.0,0.0,1.038,0.361,0.132,6,15,15,2,0,0,0,0,0,high_vol_range,0.0,0,Time exit,651.75,344
2026-03-18T09:30:00+05:30,portfolio_hist,PREMIUM,SKIP,idle,23732.2,18.86,1.0,0.0,0.0,1.039,0.172,0.773,6,9,30,2,0,67,0,67,75,high_vol_range,0.0,0,,,
2026-03-18T09:31:00+05:30,portfolio_hist,PREMIUM,ENTER,iron_condor,23725.85,18.87,1.0,0.0,0.0,1.039,0.146,0.773,6,9,31,2,0,80,0,80,75,high_vol_range,50.25,75,,,
2026-03-18T10:20:00+05:30,portfolio_hist,TREND,ENTER,debit_spread,23707.1,19.0,1.0,0.0,0.0,1.039,0.066,0.461,6,10,20,2,0,62,0,62,60,high_vol_range,47.65,75,,,
2026-03-18T10:38:00+05:30,portfolio_hist,TREND,EXIT,debit_spread,23743.05,18.82,1.0,0.0,0.0,1.038,0.218,0.403,6,10,38,2,0,0,0,0,0,high_vol_range,0.0,0,Trend profit: spread at 50.2% of max,189.0,18
2026-03-18T15:15:00+05:30,portfolio_hist,PREMIUM,EXIT,iron_condor,23776.9,18.75,1.0,0.0,0.0,1.038,0.361,0.132,6,15,15,2,0,0,0,0,0,high_vol_range,0.0,0,Time exit,651.75,344
2026-03-18T09:30:00+05:30,portfolio_hist,PREMIUM,SKIP,idle,23732.2,18.86,1.0,0.0,0.0,1.039,0.172,0.773,6,9,30,2,0,67,0,67,75,high_vol_range,0.0,0,,,
2026-03-18T09:31:00+05:30,portfolio_hist,PREMIUM,ENTER,iron_condor,23725.85,18.87,1.0,0.0,0.0,1.039,0.146,0.773,6,9,31,2,0,80,0,80,75,high_vol_range,50.25,75,,,
2026-03-18T10:20:00+05:30,portfolio_hist,TREND,ENTER,debit_spread,23707.1,19.0,1.0,0.0,0.0,1.039,0.066,0.461,6,10,20,2,0,62,0,62,60,high_vol_range,47.65,75,,,
2026-03-18T10:38:00+05:30,portfolio_hist,TREND,EXIT,debit_spread,23743.05,18.82,1.0,0.0,0.0,1.038,0.218,0.403,6,10,38,2,0,0,0,0,0,high_vol_range,0.0,0,Trend profit: spread at 50.2% of max,189.0,18
2026-03-18T15:15:00+05:30,portfolio_hist,PREMIUM,EXIT,iron_condor,23776.9,18.75,1.0,0.0,0.0,1.038,0.361,0.132,6,15,15,2,0,0,0,0,0,high_vol_range,0.0,0,Time exit,651.75,344
2026-03-18T09:30:00+05:30,portfolio_hist,PREMIUM,SKIP,idle,23732.2,18.86,1.0,0.0,0.0,1.039,0.172,0.773,6,9,30,2,0,67,0,67,75,high_vol_range,0.0,0,,,
2026-03-18T09:31:00+05:30,portfolio_hist,PREMIUM,ENTER,iron_condor,23725.85,18.87,1.0,0.0,0.0,1.039,0.146,0.773,6,9,31,2,0,80,0,80,75,high_vol_range,50.25,75,,,
2026-03-18T10:20:00+05:30,portfolio_hist,TREND,ENTER,debit_spread,23707.1,19.0,1.0,0.0,0.0,1.039,0.066,0.461,6,10,20,2,0,62,0,62,60,high_vol_range,47.65,75,,,
2026-03-18T10:38:00+05:30,portfolio_hist,TREND,EXIT,debit_spread,23743.05,18.82,1.0,0.0,0.0,1.038,0.218,0.403,6,10,38,2,0,0,0,0,0,high_vol_range,0.0,0,Trend profit: spread at 50.2% of max,189.0,18
2026-03-18T15:15:00+05:30,portfolio_hist,PREMIUM,EXIT,iron_condor,23776.9,18.75,1.0,0.0,0.0,1.038,0.361,0.132,6,15,15,2,0,0,0,0,0,high_vol_range,0.0,0,Time exit,651.75,344
2026-03-18T09:30:00+05:30,portfolio_hist,PREMIUM,SKIP,idle,23732.2,18.86,1.0,0.0,0.0,1.039,0.172,0.773,6,9,30,2,0,67,0,67,75,high_vol_range,0.0,0,,,
2026-03-18T09:31:00+05:30,portfolio_hist,PREMIUM,ENTER,iron_condor,23725.85,18.87,1.0,0.0,0.0,1.039,0.146,0.773,6,9,31,2,0,80,0,80,75,high_vol_range,50.25,75,,,
2026-03-18T10:20:00+05:30,portfolio_hist,TREND,ENTER,debit_spread,23707.1,19.0,1.0,0.0,0.0,1.039,0.066,0.461,6,10,20,2,0,62,0,62,60,high_vol_range,47.65,75,,,
2026-03-18T10:21:00+05:30,portfolio_hist,TREND,EXIT,debit_spread,23709.2,18.96,1.0,0.0,0.0,1.039,0.075,0.461,6,10,21,2,0,0,0,0,0,high_vol_range,0.0,0,Trend profit: spread at 47.8% of max,10.5,1
2026-03-18T15:15:00+05:30,portfolio_hist,PREMIUM,EXIT,iron_condor,23776.9,18.75,1.0,0.0,0.0,1.038,0.361,0.132,6,15,15,2,0,0,0,0,0,high_vol_range,0.0,0,Time exit,651.75,344
2026-03-18T09:30:00+05:30,portfolio_hist,PREMIUM,SKIP,idle,23732.2,18.86,1.0,0.0,0.0,1.039,0.172,0.773,6,9,30,2,0,67,0,67,75,high_vol_range,0.0,0,,,
2026-03-18T09:31:00+05:30,portfolio_hist,PREMIUM,ENTER,iron_condor,23725.85,18.87,1.0,0.0,0.0,1.039,0.146,0.773,6,9,31,2,0,80,0,80,75,high_vol_range,50.25,75,,,
2026-03-18T10:20:00+05:30,portfolio_hist,TREND,ENTER,debit_spread,23707.1,19.0,1.0,0.0,0.0,1.039,0.066,0.461,6,10,20,2,0,62,0,62,60,high_vol_range,47.65,75,,,
2026-03-18T10:21:00+05:30,portfolio_hist,TREND,EXIT,debit_spread,23709.2,18.96,1.0,0.0,0.0,1.039,0.075,0.461,6,10,21,2,0,0,0,0,0,high_vol_range,0.0,0,Trend profit: spread at 47.8% of max,10.5,1
2026-03-18T15:15:00+05:30,portfolio_hist,PREMIUM,EXIT,iron_condor,23776.9,18.75,1.0,0.0,0.0,1.038,0.361,0.132,6,15,15,2,0,0,0,0,0,high_vol_range,0.0,0,Time exit,651.75,344
2026-03-18T09:30:00+05:30,portfolio_hist,PREMIUM,SKIP,idle,23732.2,18.86,1.0,0.0,0.0,1.039,0.172,0.773,6,9,30,2,0,67,0,67,75,high_vol_range,0.0,0,,,
2026-03-18T09:31:00+05:30,portfolio_hist,PREMIUM,ENTER,iron_condor,23725.85,18.87,1.0,0.0,0.0,1.039,0.146,0.773,6,9,31,2,0,80,0,80,75,high_vol_range,50.25,75,,,
2026-03-18T10:20:00+05:30,portfolio_hist,TREND,ENTER,debit_spread,23707.1,19.0,1.0,0.0,0.0,1.039,0.066,0.461,6,10,20,2,0,62,0,62,60,high_vol_range,47.65,75,,,
2026-03-18T10:38:00+05:30,portfolio_hist,TREND,EXIT,debit_spread,23743.05,18.82,1.0,0.0,0.0,1.038,0.218,0.403,6,10,38,2,0,0,0,0,0,high_vol_range,0.0,0,Trend profit: spread at 50.2% of max,189.0,18
2026-03-18T15:15:00+05:30,portfolio_hist,PREMIUM,EXIT,iron_condor,23776.9,18.75,1.0,0.0,0.0,1.038,0.361,0.132,6,15,15,2,0,0,0,0,0,high_vol_range,0.0,0,Time exit,651.75,344
2026-03-18T09:30:00+05:30,portfolio_hist,PREMIUM,SKIP,idle,23732.2,18.86,1.0,0.0,0.0,1.039,0.172,0.773,6,9,30,2,0,67,0,67,75,high_vol_range,0.0,0,,,
2026-03-18T09:31:00+05:30,portfolio_hist,PREMIUM,ENTER,iron_condor,23725.85,18.87,1.0,0.0,0.0,1.039,0.146,0.773,6,9,31,2,0,80,0,80,75,high_vol_range,50.25,75,,,
2026-03-18T10:20:00+05:30,portfolio_hist,TREND,ENTER,debit_spread,23707.1,19.0,1.0,0.0,0.0,1.039,0.066,0.461,6,10,20,2,0,62,0,62,60,high_vol_range,47.65,75,,,
2026-03-18T15:15:00+05:30,portfolio_hist,PREMIUM,EXIT,iron_condor,23776.9,18.75,1.0,0.0,0.0,1.038,0.361,0.132,6,15,15,2,0,0,0,0,0,high_vol_range,0.0,0,Time exit,651.75,344
2026-03-18T15:16:00+05:30,portfolio_hist,TREND,EXIT,debit_spread,23778.6,18.76,1.0,0.0,0.0,1.038,0.368,0.132,6,15,16,2,0,0,0,0,0,high_vol_range,0.0,0,Time exit,347.25,296
2026-03-18T09:30:00+05:30,portfolio_hist,PREMIUM,SKIP,idle,23732.2,18.86,1.0,0.0,0.0,1.039,0.172,0.773,6,9,30,2,0,67,0,67,75,high_vol_range,0.0,0,,,
2026-03-18T09:31:00+05:30,portfolio_hist,PREMIUM,ENTER,iron_condor,23725.85,18.87,1.0,0.0,0.0,1.039,0.146,0.773,6,9,31,2,0,80,0,80,75,high_vol_range,50.25,75,,,
2026-03-18T10:20:00+05:30,portfolio_hist,TREND,ENTER,debit_spread,23707.1,19.0,1.0,0.0,0.0,1.039,0.066,0.461,6,10,20,2,0,62,0,62,60,high_vol_range,47.65,75,,,
2026-03-18T15:15:00+05:30,portfolio_hist,PREMIUM,EXIT,iron_condor,23776.9,18.75,1.0,0.0,0.0,1.038,0.361,0.132,6,15,15,2,0,0,0,0,0,high_vol_range,0.0,0,Time exit,651.75,344
2026-03-18T15:16:00+05:30,portfolio_hist,TREND,EXIT,debit_spread,23778.6,18.76,1.0,0.0,0.0,1.038,0.368,0.132,6,15,16,2,0,0,0,0,0,high_vol_range,0.0,0,Time exit,347.25,296
2026-03-18T09:30:00+05:30,portfolio_hist,PREMIUM,SKIP,idle,23732.2,18.86,1.0,0.0,0.0,1.039,0.172,0.773,6,9,30,2,0,67,0,67,75,high_vol_range,0.0,0,,,
2026-03-18T09:31:00+05:30,portfolio_hist,PREMIUM,ENTER,iron_condor,23725.85,18.87,1.0,0.0,0.0,1.039,0.146,0.773,6,9,31,2,0,80,0,80,75,high_vol_range,50.25,75,,,
2026-03-18T10:20:00+05:30,portfolio_hist,TREND,ENTER,debit_spread,23707.1,19.0,1.0,0.0,0.0,1.039,0.066,0.461,6,10,20,2,0,62,0,62,60,high_vol_range,47.65,75,,,
2026-03-18T10:21:00+05:30,portfolio_hist,TREND,EXIT,debit_spread,23709.2,18.96,1.0,0.0,0.0,1.039,0.075,0.461,6,10,21,2,0,0,0,0,0,high_vol_range,0.0,0,Trend profit: spread at 47.8% of max,10.5,1
2026-03-18T15:15:00+05:30,portfolio_hist,PREMIUM,EXIT,iron_condor,23776.9,18.75,1.0,0.0,0.0,1.038,0.361,0.132,6,15,15,2,0,0,0,0,0,high_vol_range,0.0,0,Time exit,651.75,344
2026-03-18T09:30:00+05:30,portfolio_hist,PREMIUM,SKIP,idle,23732.2,18.86,1.0,0.0,0.0,1.039,0.172,0.773,6,9,30,2,0,67,0,67,75,high_vol_range,0.0,0,,,
2026-03-18T09:31:00+05:30,portfolio_hist,PREMIUM,ENTER,iron_condor,23725.85,18.87,1.0,0.0,0.0,1.039,0.146,0.773,6,9,31,2,0,80,0,80,75,high_vol_range,50.25,75,,,
2026-03-18T10:20:00+05:30,portfolio_hist,TREND,ENTER,debit_spread,23707.1,19.0,1.0,0.0,0.0,1.039,0.066,0.461,6,10,20,2,0,62,0,62,60,high_vol_range,47.65,75,,,
2026-03-18T10:21:00+05:30,portfolio_hist,TREND,EXIT,debit_spread,23709.2,18.96,1.0,0.0,0.0,1.039,0.075,0.461,6,10,21,2,0,0,0,0,0,high_vol_range,0.0,0,Trend profit: spread at 47.8% of max,10.5,1
2026-03-18T15:15:00+05:30,portfolio_hist,PREMIUM,EXIT,iron_condor,23776.9,18.75,1.0,0.0,0.0,1.038,0.361,0.132,6,15,15,2,0,0,0,0,0,high_vol_range,0.0,0,Time exit,651.75,344
2026-03-18T09:30:00+05:30,portfolio_hist,PREMIUM,SKIP,idle,23732.2,18.86,1.0,0.0,0.0,1.039,0.172,0.773,6,9,30,2,0,67,0,67,75,high_vol_range,0.0,0,,,
2026-03-18T09:31:00+05:30,portfolio_hist,PREMIUM,ENTER,iron_condor,23725.85,18.87,1.0,0.0,0.0,1.039,0.146,0.773,6,9,31,2,0,80,0,80,75,high_vol_range,50.25,75,,,
2026-03-18T10:20:00+05:30,portfolio_hist,TREND,ENTER,debit_spread,23707.1,19.0,1.0,0.0,0.0,1.039,0.066,0.461,6,10,20,2,0,62,0,62,60,high_vol_range,47.65,75,,,
2026-03-18T10:38:00+05:30,portfolio_hist,TREND,EXIT,debit_spread,23743.05,18.82,1.0,0.0,0.0,1.038,0.218,0.403,6,10,38,2,0,0,0,0,0,high_vol_range,0.0,0,Trend profit: spread at 50.2% of max,189.0,18
2026-03-18T15:15:00+05:30,portfolio_hist,PREMIUM,EXIT,iron_condor,23776.9,18.75,1.0,0.0,0.0,1.038,0.361,0.132,6,15,15,2,0,0,0,0,0,high_vol_range,0.0,0,Time exit,651.75,344
2026-03-18T09:30:00+05:30,portfolio_hist,PREMIUM,SKIP,idle,23732.2,18.86,1.0,0.0,0.0,1.039,0.172,0.773,6,9,30,2,0,67,0,67,75,high_vol_range,0.0,0,,,
2026-03-18T09:31:00+05:30,portfolio_hist,PREMIUM,ENTER,iron_condor,23725.85,18.87,1.0,0.0,0.0,1.039,0.146,0.773,6,9,31,2,0,80,0,80,75,high_vol_range,50.25,75,,,
2026-03-18T10:20:00+05:30,portfolio_hist,TREND,ENTER,debit_spread,23707.1,19.0,1.0,0.0,0.0,1.039,0.066,0.461,6,10,20,2,0,62,0,62,60,high_vol_range,47.65,75,,,
2026-03-18T15:15:00+05:30,portfolio_hist,PREMIUM,EXIT,iron_condor,23776.9,18.75,1.0,0.0,0.0,1.038,0.361,0.132,6,15,15,2,0,0,0,0,0,high_vol_range,0.0,0,Time exit,651.75,344
2026-03-18T15:16:00+05:30,portfolio_hist,TREND,EXIT,debit_spread,23778.6,18.76,1.0,0.0,0.0,1.038,0.368,0.132,6,15,16,2,0,0,0,0,0,high_vol_range,0.0,0,Time exit,347.25,296
2026-03-18T09:30:00+05:30,portfolio_hist,PREMIUM,SKIP,idle,23732.2,18.86,1.0,0.0,0.0,1.039,0.172,0.773,6,9,30,2,0,67,0,67,75,high_vol_range,0.0,0,,,
2026-03-18T09:31:00+05:30,portfolio_hist,PREMIUM,ENTER,iron_condor,23725.85,18.87,1.0,0.0,0.0,1.039,0.146,0.773,6,9,31,2,0,80,0,80,75,high_vol_range,50.25,75,,,
2026-03-18T10:20:00+05:30,portfolio_hist,TREND,ENTER,debit_spread,23707.1,19.0,1.0,0.0,0.0,1.039,0.066,0.461,6,10,20,2,0,62,0,62,60,high_vol_range,47.65,75,,,
2026-03-18T15:15:00+05:30,portfolio_hist,PREMIUM,EXIT,iron_condor,23776.9,18.75,1.0,0.0,0.0,1.038,0.361,0.132,6,15,15,2,0,0,0,0,0,high_vol_range,0.0,0,Time exit,651.75,344
2026-03-18T15:16:00+05:30,portfolio_hist,TREND,EXIT,debit_spread,23778.6,18.76,1.0,0.0,0.0,1.038,0.368,0.132,6,15,16,2,0,0,0,0,0,high_vol_range,0.0,0,Time exit,347.25,296
2026-03-18T09:30:00+05:30,portfolio_hist,PREMIUM,SKIP,idle,23732.2,18.86,1.0,0.0,0.0,1.039,0.172,0.773,6,9,30,2,0,67,0,67,75,high_vol_range,0.0,0,,,
2026-03-18T09:31:00+05:30,portfolio_hist,PREMIUM,ENTER,iron_condor,23725.85,18.87,1.0,0.0,0.0,1.039,0.146,0.773,6,9,31,2,0,80,0,80,75,high_vol_range,50.25,75,,,
2026-03-18T10:20:00+05:30,portfolio_hist,TREND,ENTER,debit_spread,23707.1,19.0,1.0,0.0,0.0,1.039,0.066,0.461,6,10,20,2,0,62,0,62,60,high_vol_range,47.65,75,,,
2026-03-18T10:21:00+05:30,portfolio_hist,TREND,EXIT,debit_spread,23709.2,18.96,1.0,0.0,0.0,1.039,0.075,0.461,6,10,21,2,0,0,0,0,0,high_vol_range,0.0,0,Trend profit: spread at 47.8% of max,10.5,1
2026-03-18T15:15:00+05:30,portfolio_hist,PREMIUM,EXIT,iron_condor,23776.9,18.75,1.0,0.0,0.0,1.038,0.361,0.132,6,15,15,2,0,0,0,0,0,high_vol_range,0.0,0,Time exit,651.75,344
2026-03-18T09:30:00+05:30,portfolio_hist,PREMIUM,SKIP,idle,23732.2,18.86,1.0,0.0,0.0,1.039,0.172,0.773,6,9,30,2,0,67,0,67,75,high_vol_range,0.0,0,,,
2026-03-18T09:31:00+05:30,portfolio_hist,PREMIUM,ENTER,iron_condor,23725.85,18.87,1.0,0.0,0.0,1.039,0.146,0.773,6,9,31,2,0,80,0,80,75,high_vol_range,50.25,75,,,
2026-03-18T10:20:00+05:30,portfolio_hist,TREND,ENTER,debit_spread,23707.1,19.0,1.0,0.0,0.0,1.039,0.066,0.461,6,10,20,2,0,62,0,62,60,high_vol_range,47.65,75,,,
2026-03-18T10:21:00+05:30,portfolio_hist,TREND,EXIT,debit_spread,23709.2,18.96,1.0,0.0,0.0,1.039,0.075,0.461,6,10,21,2,0,0,0,0,0,high_vol_range,0.0,0,Trend profit: spread at 47.8% of max,10.5,1
2026-03-18T15:15:00+05:30,portfolio_hist,PREMIUM,EXIT,iron_condor,23776.9,18.75,1.0,0.0,0.0,1.038,0.361,0.132,6,15,15,2,0,0,0,0,0,high_vol_range,0.0,0,Time exit,651.75,344
2026-03-18T09:30:00+05:30,portfolio_hist,PREMIUM,SKIP,idle,23732.2,18.86,1.0,0.0,0.0,1.039,0.172,0.773,6,9,30,2,0,67,0,67,75,high_vol_range,0.0,0,,,
2026-03-18T09:31:00+05:30,portfolio_hist,PREMIUM,ENTER,iron_condor,23725.85,18.87,1.0,0.0,0.0,1.039,0.146,0.773,6,9,31,2,0,80,0,80,75,high_vol_range,50.25,75,,,
2026-03-18T10:20:00+05:30,portfolio_hist,TREND,ENTER,debit_spread,23707.1,19.0,1.0,0.0,0.0,1.039,0.066,0.461,6,10,20,2,0,62,0,62,60,high_vol_range,47.65,75,,,
2026-03-18T10:38:00+05:30,portfolio_hist,TREND,EXIT,debit_spread,23743.05,18.82,1.0,0.0,0.0,1.038,0.218,0.403,6,10,38,2,0,0,0,0,0,high_vol_range,0.0,0,Trend profit: spread at 50.2% of max,189.0,18
2026-03-18T15:15:00+05:30,portfolio_hist,PREMIUM,EXIT,iron_condor,23776.9,18.75,1.0,0.0,0.0,1.038,0.361,0.132,6,15,15,2,0,0,0,0,0,high_vol_range,0.0,0,Time exit,651.75,344
2026-03-18T09:30:00+05:30,portfolio_hist,PREMIUM,SKIP,idle,23732.2,18.86,1.0,0.0,0.0,1.039,0.172,0.773,6,9,30,2,0,67,0,67,75,high_vol_range,0.0,0,,,
2026-03-18T09:31:00+05:30,portfolio_hist,PREMIUM,ENTER,iron_condor,23725.85,18.87,1.0,0.0,0.0,1.039,0.146,0.773,6,9,31,2,0,80,0,80,75,high_vol_range,50.25,75,,,
2026-03-18T10:20:00+05:30,portfolio_hist,TREND,ENTER,debit_spread,23707.1,19.0,1.0,0.0,0.0,1.039,0.066,0.461,6,10,20,2,0,62,0,62,60,high_vol_range,47.65,75,,,
2026-03-18T15:15:00+05:30,portfolio_hist,PREMIUM,EXIT,iron_condor,23776.9,18.75,1.0,0.0,0.0,1.038,0.361,0.132,6,15,15,2,0,0,0,0,0,high_vol_range,0.0,0,Time exit,651.75,344
2026-03-18T15:16:00+05:30,portfolio_hist,TREND,EXIT,debit_spread,23778.6,18.76,1.0,0.0,0.0,1.038,0.368,0.132,6,15,16,2,0,0,0,0,0,high_vol_range,0.0,0,Time exit,347.25,296
2026-03-18T09:30:00+05:30,portfolio_hist,PREMIUM,SKIP,idle,23732.2,18.86,1.0,0.0,0.0,1.039,0.172,0.773,6,9,30,2,0,67,0,67,75,high_vol_range,0.0,0,,,
2026-03-18T09:31:00+05:30,portfolio_hist,PREMIUM,ENTER,iron_condor,23725.85,18.87,1.0,0.0,0.0,1.039,0.146,0.773,6,9,31,2,0,80,0,80,75,high_vol_range,50.25,75,,,
2026-03-18T10:20:00+05:30,portfolio_hist,TREND,ENTER,debit_spread,23707.1,19.0,1.0,0.0,0.0,1.039,0.066,0.461,6,10,20,2,0,62,0,62,60,high_vol_range,47.65,75,,,
2026-03-18T15:15:00+05:30,portfolio_hist,PREMIUM,EXIT,iron_condor,23776.9,18.75,1.0,0.0,0.0,1.038,0.361,0.132,6,15,15,2,0,0,0,0,0,high_vol_range,0.0,0,Time exit,651.75,344
2026-03-18T15:16:00+05:30,portfolio_hist,TREND,EXIT,debit_spread,23778.6,18.76,1.0,0.0,0.0,1.038,0.368,0.132,6,15,16,2,0,0,0,0,0,high_vol_range,0.0,0,Time exit,347.25,296
2026-03-18T09:30:00+05:30,portfolio_hist,PREMIUM,SKIP,idle,23732.2,18.86,1.0,0.0,0.0,1.039,0.172,0.773,6,9,30,2,0,67,0,67,75,high_vol_range,0.0,0,,,
2026-03-18T09:31:00+05:30,portfolio_hist,PREMIUM,ENTER,iron_condor,23725.85,18.87,1.0,0.0,0.0,1.039,0.146,0.773,6,9,31,2,0,80,0,80,75,high_vol_range,50.25,75,,,
2026-03-18T10:20:00+05:30,portfolio_hist,TREND,ENTER,debit_spread,23707.1,19.0,1.0,0.0,0.0,1.039,0.066,0.461,6,10,20,2,0,62,0,62,60,high_vol_range,47.65,75,,,
2026-03-18T10:21:00+05:30,portfolio_hist,TREND,EXIT,debit_spread,23709.2,18.96,1.0,0.0,0.0,1.039,0.075,0.461,6,10,21,2,0,0,0,0,0,high_vol_range,0.0,0,Trend profit: spread at 47.8% of max,10.5,1
2026-03-18T15:15:00+05:30,portfolio_hist,PREMIUM,EXIT,iron_condor,23776.9,18.75,1.0,0.0,0.0,1.038,0.361,0.132,6,15,15,2,0,0,0,0,0,high_vol_range,0.0,0,Time exit,651.75,344
2026-03-18T09:30:00+05:30,portfolio_hist,PREMIUM,SKIP,idle,23732.2,18.86,1.0,0.0,0.0,1.039,0.172,0.773,6,9,30,2,0,67,0,67,75,high_vol_range,0.0,0,,,
2026-03-18T09:31:00+05:30,portfolio_hist,PREMIUM,ENTER,iron_condor,23725.85,18.87,1.0,0.0,0.0,1.039,0.146,0.773,6,9,31,2,0,80,0,80,75,high_vol_range,50.25,75,,,
2026-03-18T10:20:00+05:30,portfolio_hist,TREND,ENTER,debit_spread,23707.1,19.0,1.0,0.0,0.0,1.039,0.066,0.461,6,10,20,2,0,62,0,62,60,high_vol_range,47.65,75,,,
2026-03-18T10:21:00+05:30,portfolio_hist,TREND,EXIT,debit_spread,23709.2,18.96,1.0,0.0,0.0,1.039,0.075,0.461,6,10,21,2,0,0,0,0,0,high_vol_range,0.0,0,Trend profit: spread at 47.8% of max,10.5,1
2026-03-18T15:15:00+05:30,portfolio_hist,PREMIUM,EXIT,iron_condor,23776.9,18.75,1.0,0.0,0.0,1.038,0.361,0.132,6,15,15,2,0,0,0,0,0,high_vol_range,0.0,0,Time exit,651.75,344
2026-03-18T09:30:00+05:30,portfolio_hist,PREMIUM,SKIP,idle,23732.2,18.86,1.0,0.0,0.0,1.039,0.172,0.773,6,9,30,2,0,67,0,67,75,high_vol_range,0.0,0,,,
2026-03-18T09:31:00+05:30,portfolio_hist,PREMIUM,ENTER,iron_condor,23725.85,18.87,1.0,0.0,0.0,1.039,0.146,0.773,6,9,31,2,0,80,0,80,75,high_vol_range,50.25,75,,,
2026-03-18T10:20:00+05:30,portfolio_hist,TREND,ENTER,debit_spread,23707.1,19.0,1.0,0.0,0.0,1.039,0.066,0.461,6,10,20,2,0,62,0,62,60,high_vol_range,47.65,75,,,
2026-03-18T10:38:00+05:30,portfolio_hist,TREND,EXIT,debit_spread,23743.05,18.82,1.0,0.0,0.0,1.038,0.218,0.403,6,10,38,2,0,0,0,0,0,high_vol_range,0.0,0,Trend profit: spread at 50.2% of max,189.0,18
2026-03-18T15:15:00+05:30,portfolio_hist,PREMIUM,EXIT,iron_condor,23776.9,18.75,1.0,0.0,0.0,1.038,0.361,0.132,6,15,15,2,0,0,0,0,0,high_vol_range,0.0,0,Time exit,651.75,344
2026-03-18T09:30:00+05:30,portfolio_hist,PREMIUM,SKIP,idle,23732.2,18.86,1.0,0.0,0.0,1.039,0.172,0.773,6,9,30,2,0,67,0,67,75,high_vol_range,0.0,0,,,
2026-03-18T09:31:00+05:30,portfolio_hist,PREMIUM,ENTER,iron_condor,23725.85,18.87,1.0,0.0,0.0,1.039,0.146,0.773,6,9,31,2,0,80,0,80,75,high_vol_range,50.25,75,,,
2026-03-18T10:20:00+05:30,portfolio_hist,TREND,ENTER,debit_spread,23707.1,19.0,1.0,0.0,0.0,1.039,0.066,0.461,6,10,20,2,0,62,0,62,60,high_vol_range,47.65,75,,,
2026-03-18T15:15:00+05:30,portfolio_hist,PREMIUM,EXIT,iron_condor,23776.9,18.75,1.0,0.0,0.0,1.038,0.361,0.132,6,15,15,2,0,0,0,0,0,high_vol_range,0.0,0,Time exit,651.75,344
2026-03-18T15:16:00+05:30,portfolio_hist,TREND,EXIT,debit_spread,23778.6,18.76,1.0,0.0,0.0,1.038,0.368,0.132,6,15,16,2,0,0,0,0,0,high_vol_range,0.0,0,Time exit,347.25,296
2026-03-18T09:30:00+05:30,portfolio_hist,PREMIUM,SKIP,idle,23732.2,18.86,1.0,0.0,0.0,1.039,0.172,0.773,6,9,30,2,0,67,0,67,75,high_vol_range,0.0,0,,,
2026-03-18T09:31:00+05:30,portfolio_hist,PREMIUM,ENTER,iron_condor,23725.85,18.87,1.0,0.0,0.0,1.039,0.146,0.773,6,9,31,2,0,80,0,80,75,high_vol_range,50.25,75,,,
2026-03-18T10:20:00+05:30,portfolio_hist,TREND,ENTER,debit_spread,23707.1,19.0,1.0,0.0,0.0,1.039,0.066,0.461,6,10,20,2,0,62,0,62,60,high_vol_range,47.65,75,,,
2026-03-18T15:15:00+05:30,portfolio_hist,PREMIUM,EXIT,iron_condor,23776.9,18.75,1.0,0.0,0.0,1.038,0.361,0.132,6,15,15,2,0,0,0,0,0,high_vol_range,0.0,0,Time exit,651.75,344
2026-03-18T15:16:00+05:30,portfolio_hist,TREND,EXIT,debit_spread,23778.6,18.76,1.0,0.0,0.0,1.038,0.368,0.132,6,15,16,2,0,0,0,0,0,high_vol_range,0.0,0,Time exit,347.25,296
2026-03-18T09:30:00+05:30,portfolio_hist,PREMIUM,SKIP,idle,23732.2,18.86,1.0,0.0,0.0,1.039,0.172,0.773,6,9,30,2,0,67,0,67,75,high_vol_range,0.0,0,,,
2026-03-18T09:31:00+05:30,portfolio_hist,PREMIUM,ENTER,iron_condor,23725.85,18.87,1.0,0.0,0.0,1.039,0.146,0.773,6,9,31,2,0,80,0,80,75,high_vol_range,50.25,75,,,
2026-03-18T10:20:00+05:30,portfolio_hist,TREND,ENTER,debit_spread,23707.1,19.0,1.0,0.0,0.0,1.039,0.066,0.461,6,10,20,2,0,62,0,62,60,high_vol_range,47.65,75,,,
2026-03-18T10:21:00+05:30,portfolio_hist,TREND,EXIT,debit_spread,23709.2,18.96,1.0,0.0,0.0,1.039,0.075,0.461,6,10,21,2,0,0,0,0,0,high_vol_range,0.0,0,Trend profit: spread at 47.8% of max,10.5,1
2026-03-18T15:15:00+05:30,portfolio_hist,PREMIUM,EXIT,iron_condor,23776.9,18.75,1.0,0.0,0.0,1.038,0.361,0.132,6,15,15,2,0,0,0,0,0,high_vol_range,0.0,0,Time exit,651.75,344
2026-03-18T09:30:00+05:30,portfolio_hist,PREMIUM,SKIP,idle,23732.2,18.86,1.0,0.0,0.0,1.039,0.172,0.773,6,9,30,2,0,67,0,67,75,high_vol_range,0.0,0,,,
2026-03-18T09:31:00+05:30,portfolio_hist,PREMIUM,ENTER,iron_condor,23725.85,18.87,1.0,0.0,0.0,1.039,0.146,0.773,6,9,31,2,0,80,0,80,75,high_vol_range,50.25,75,,,
2026-03-18T10:20:00+05:30,portfolio_hist,TREND,ENTER,debit_spread,23707.1,19.0,1.0,0.0,0.0,1.039,0.066,0.461,6,10,20,2,0,62,0,62,60,high_vol_range,47.65,75,,,
2026-03-18T10:21:00+05:30,portfolio_hist,TREND,EXIT,debit_spread,23709.2,18.96,1.0,0.0,0.0,1.039,0.075,0.461,6,10,21,2,0,0,0,0,0,high_vol_range,0.0,0,Trend profit: spread at 47.8% of max,10.5,1
2026-03-18T15:15:00+05:30,portfolio_hist,PREMIUM,EXIT,iron_condor,23776.9,18.75,1.0,0.0,0.0,1.038,0.361,0.132,6,15,15,2,0,0,0,0,0,high_vol_range,0.0,0,Time exit,651.75,344
2026-03-18T09:30:00+05:30,portfolio_hist,PREMIUM,SKIP,idle,23732.2,18.86,1.0,0.0,0.0,1.039,0.172,0.773,6,9,30,2,0,67,0,67,75,high_vol_range,0.0,0,,,
2026-03-18T09:31:00+05:30,portfolio_hist,PREMIUM,ENTER,iron_condor,23725.85,18.87,1.0,0.0,0.0,1.039,0.146,0.773,6,9,31,2,0,80,0,80,75,high_vol_range,50.25,75,,,
2026-03-18T10:20:00+05:30,portfolio_hist,TREND,ENTER,debit_spread,23707.1,19.0,1.0,0.0,0.0,1.039,0.066,0.461,6,10,20,2,0,62,0,62,60,high_vol_range,47.65,75,,,
2026-03-18T10:38:00+05:30,portfolio_hist,TREND,EXIT,debit_spread,23743.05,18.82,1.0,0.0,0.0,1.038,0.218,0.403,6,10,38,2,0,0,0,0,0,high_vol_range,0.0,0,Trend profit: spread at 50.2% of max,189.0,18
2026-03-18T15:15:00+05:30,portfolio_hist,PREMIUM,EXIT,iron_condor,23776.9,18.75,1.0,0.0,0.0,1.038,0.361,0.132,6,15,15,2,0,0,0,0,0,high_vol_range,0.0,0,Time exit,651.75,344
2026-03-18T09:30:00+05:30,portfolio_hist,PREMIUM,SKIP,idle,23732.2,18.86,1.0,0.0,0.0,1.039,0.172,0.773,6,9,30,2,0,67,0,67,75,high_vol_range,0.0,0,,,
2026-03-18T09:31:00+05:30,portfolio_hist,PREMIUM,ENTER,iron_condor,23725.85,18.87,1.0,0.0,0.0,1.039,0.146,0.773,6,9,31,2,0,80,0,80,75,high_vol_range,50.25,75,,,
2026-03-18T10:20:00+05:30,portfolio_hist,TREND,ENTER,debit_spread,23707.1,19.0,1.0,0.0,0.0,1.039,0.066,0.461,6,10,20,2,0,62,0,62,60,high_vol_range,47.65,75,,,
2026-03-18T15:15:00+05:30,portfolio_hist,PREMIUM,EXIT,iron_condor,23776.9,18.75,1.0,0.0,0.0,1.038,0.361,0.132,6,15,15,2,0,0,0,0,0,high_vol_range,0.0,0,Time exit,651.75,344
2026-03-18T15:16:00+05:30,portfolio_hist,TREND,EXIT,debit_spread,23778.6,18.76,1.0,0.0,0.0,1.038,0.368,0.132,6,15,16,2,0,0,0,0,0,high_vol_range,0.0,0,Time exit,347.25,296
2026-03-18T09:30:00+05:30,portfolio_hist,PREMIUM,SKIP,idle,23732.2,18.86,1.0,0.0,0.0,1.039,0.172,0.773,6,9,30,2,0,67,0,67,75,high_vol_range,0.0,0,,,
2026-03-18T09:31:00+05:30,portfolio_hist,PREMIUM,ENTER,iron_condor,23725.85,18.87,1.0,0.0,0.0,1.039,0.146,0.773,6,9,31,2,0,80,0,80,75,high_vol_range,50.25,75,,,
2026-03-18T10:20:00+05:30,portfolio_hist,TREND,ENTER,debit_spread,23707.1,19.0,1.0,0.0,0.0,1.039,0.066,0.461,6,10,20,2,0,62,0,62,60,high_vol_range,47.65,75,,,
2026-03-18T15:15:00+05:30,portfolio_hist,PREMIUM,EXIT,iron_condor,23776.9,18.75,1.0,0.0,0.0,1.038,0.361,0.132,6,15,15,2,0,0,0,0,0,high_vol_range,0.0,0,Time exit,651.75,344
2026-03-18T15:16:00+05:30,portfolio_hist,TREND,EXIT,debit_spread,23778.6,18.76,1.0,0.0,0.0,1.038,0.368,0.132,6,15,16,2,0,0,0,0,0,high_vol_range,0.0,0,Time exit,347.25,296
2026-03-18T09:30:00+05:30,portfolio_hist,PREMIUM,SKIP,idle,23732.2,18.86,1.0,0.0,0.0,1.039,0.172,0.773,6,9,30,2,0,67,0,67,75,high_vol_range,0.0,0,,,
2026-03-18T09:31:00+05:30,portfolio_hist,PREMIUM,ENTER,iron_condor,23725.85,18.87,1.0,0.0,0.0,1.039,0.146,0.773,6,9,31,2,0,80,0,80,75,high_vol_range,50.25,75,,,
2026-03-18T10:20:00+05:30,portfolio_hist,TREND,ENTER,debit_spread,23707.1,19.0,1.0,0.0,0.0,1.039,0.066,0.461,6,10,20,2,0,62,0,62,60,high_vol_range,47.65,75,,,
2026-03-18T10:21:00+05:30,portfolio_hist,TREND,EXIT,debit_spread,23709.2,18.96,1.0,0.0,0.0,1.039,0.075,0.461,6,10,21,2,0,0,0,0,0,high_vol_range,0.0,0,Trend profit: spread at 47.8% of max,10.5,1
2026-03-18T15:15:00+05:30,portfolio_hist,PREMIUM,EXIT,iron_condor,23776.9,18.75,1.0,0.0,0.0,1.038,0.361,0.132,6,15,15,2,0,0,0,0,0,high_vol_range,0.0,0,Time exit,651.75,344
2026-03-18T09:30:00+05:30,portfolio_hist,PREMIUM,SKIP,idle,23732.2,18.86,1.0,0.0,0.0,1.039,0.172,0.773,6,9,30,2,0,67,0,67,75,high_vol_range,0.0,0,,,
2026-03-18T09:31:00+05:30,portfolio_hist,PREMIUM,ENTER,iron_condor,23725.85,18.87,1.0,0.0,0.0,1.039,0.146,0.773,6,9,31,2,0,80,0,80,75,high_vol_range,50.25,75,,,
2026-03-18T10:20:00+05:30,portfolio_hist,TREND,ENTER,debit_spread,23707.1,19.0,1.0,0.0,0.0,1.039,0.066,0.461,6,10,20,2,0,62,0,62,60,high_vol_range,47.65,75,,,
2026-03-18T10:21:00+05:30,portfolio_hist,TREND,EXIT,debit_spread,23709.2,18.96,1.0,0.0,0.0,1.039,0.075,0.461,6,10,21,2,0,0,0,0,0,high_vol_range,0.0,0,Trend profit: spread at 47.8% of max,10.5,1
2026-03-18T15:15:00+05:30,portfolio_hist,PREMIUM,EXIT,iron_condor,23776.9,18.75,1.0,0.0,0.0,1.038,0.361,0.132,6,15,15,2,0,0,0,0,0,high_vol_range,0.0,0,Time exit,651.75,344
2026-03-18T09:30:00+05:30,portfolio_hist,PREMIUM,SKIP,idle,23732.2,18.86,1.0,0.0,0.0,1.039,0.172,0.773,6,9,30,2,0,67,0,67,75,high_vol_range,0.0,0,,,
2026-03-18T09:31:00+05:30,portfolio_hist,PREMIUM,ENTER,iron_condor,23725.85,18.87,1.0,0.0,0.0,1.039,0.146,0.773,6,9,31,2,0,80,0,80,75,high_vol_range,50.25,75,,,
2026-03-18T10:20:00+05:30,portfolio_hist,TREND,ENTER,debit_spread,23707.1,19.0,1.0,0.0,0.0,1.039,0.066,0.461,6,10,20,2,0,62,0,62,60,high_vol_range,47.65,75,,,
2026-03-18T10:38:00+05:30,portfolio_hist,TREND,EXIT,debit_spread,23743.05,18.82,1.0,0.0,0.0,1.038,0.218,0.403,6,10,38,2,0,0,0,0,0,high_vol_range,0.0,0,Trend profit: spread at 50.2% of max,189.0,18
2026-03-18T15:15:00+05:30,portfolio_hist,PREMIUM,EXIT,iron_condor,23776.9,18.75,1.0,0.0,0.0,1.038,0.361,0.132,6,15,15,2,0,0,0,0,0,high_vol_range,0.0,0,Time exit,651.75,344
2026-03-18T09:30:00+05:30,portfolio_hist,PREMIUM,SKIP,idle,23732.2,18.86,1.0,0.0,0.0,1.039,0.172,0.773,6,9,30,2,0,67,0,67,75,high_vol_range,0.0,0,,,
2026-03-18T09:31:00+05:30,portfolio_hist,PREMIUM,ENTER,iron_condor,23725.85,18.87,1.0,0.0,0.0,1.039,0.146,0.773,6,9,31,2,0,80,0,80,75,high_vol_range,50.25,75,,,
2026-03-18T10:20:00+05:30,portfolio_hist,TREND,ENTER,debit_spread,23707.1,19.0,1.0,0.0,0.0,1.039,0.066,0.461,6,10,20,2,0,62,0,62,60,high_vol_range,47.65,75,,,
2026-03-18T15:15:00+05:30,portfolio_hist,PREMIUM,EXIT,iron_condor,23776.9,18.75,1.0,0.0,0.0,1.038,0.361,0.132,6,15,15,2,0,0,0,0,0,high_vol_range,0.0,0,Time exit,651.75,344
2026-03-18T15:16:00+05:30,portfolio_hist,TREND,EXIT,debit_spread,23778.6,18.76,1.0,0.0,0.0,1.038,0.368,0.132,6,15,16,2,0,0,0,0,0,high_vol_range,0.0,0,Time exit,347.25,296
2026-03-18T09:30:00+05:30,portfolio_hist,PREMIUM,SKIP,idle,23732.2,18.86,1.0,0.0,0.0,1.039,0.172,0.773,6,9,30,2,0,67,0,67,75,high_vol_range,0.0,0,,,
2026-03-18T09:31:00+05:30,portfolio_hist,PREMIUM,ENTER,iron_condor,23725.85,18.87,1.0,0.0,0.0,1.039,0.146,0.773,6,9,31,2,0,80,0,80,75,high_vol_range,50.25,75,,,
2026-03-18T10:20:00+05:30,portfolio_hist,TREND,ENTER,debit_spread,23707.1,19.0,1.0,0.0,0.0,1.039,0.066,0.461,6,10,20,2,0,62,0,62,60,high_vol_range,47.65,75,,,
2026-03-18T15:15:00+05:30,portfolio_hist,PREMIUM,EXIT,iron_condor,23776.9,18.75,1.0,0.0,0.0,1.038,0.361,0.132,6,15,15,2,0,0,0,0,0,high_vol_range,0.0,0,Time exit,651.75,344
2026-03-18T15:16:00+05:30,portfolio_hist,TREND,EXIT,debit_spread,23778.6,18.76,1.0,0.0,0.0,1.038,0.368,0.132,6,15,16,2,0,0,0,0,0,high_vol_range,0.0,0,Time exit,347.25,296
2026-03-18T09:30:00+05:30,portfolio_hist,PREMIUM,SKIP,idle,23732.2,18.86,1.0,0.0,0.0,1.039,0.172,0.773,6,9,30,2,0,67,0,67,75,high_vol_range,0.0,0,,,
2026-03-18T09:31:00+05:30,portfolio_hist,PREMIUM,ENTER,iron_condor,23725.85,18.87,1.0,0.0,0.0,1.039,0.146,0.773,6,9,31,2,0,80,0,80,75,high_vol_range,50.25,75,,,
2026-03-18T10:20:00+05:30,portfolio_hist,TREND,ENTER,debit_spread,23707.1,19.0,1.0,0.0,0.0,1.039,0.066,0.461,6,10,20,2,0,62,0,62,60,high_vol_range,47.65,75,,,
2026-03-18T15:15:00+05:30,portfolio_hist,PREMIUM,EXIT,iron_condor,23776.9,18.75,1.0,0.0,0.0,1.038,0.361,0.132,6,15,15,2,0,0,0,0,0,high_vol_range,0.0,0,Time exit,651.75,344
2026-03-18T15:16:00+05:30,portfolio_hist,TREND,EXIT,debit_spread,23778.6,18.76,1.0,0.0,0.0,1.038,0.368,0.132,6,15,16,2,0,0,0,0,0,high_vol_range,0.0,0,Time exit,347.25,296
2026-03-18T09:30:00+05:30,portfolio_hist,PREMIUM,SKIP,idle,23732.2,18.86,1.0,0.0,0.0,1.039,0.172,0.773,6,9,30,2,0,67,0,67,75,high_vol_range,0.0,0,,,
2026-03-18T09:31:00+05:30,portfolio_hist,PREMIUM,ENTER,iron_condor,23725.85,18.87,1.0,0.0,0.0,1.039,0.146,0.773,6,9,31,2,0,80,0,80,75,high_vol_range,50.25,75,,,
2026-03-18T10:20:00+05:30,portfolio_hist,TREND,ENTER,debit_spread,23707.1,19.0,1.0,0.0,0.0,1.039,0.066,0.461,6,10,20,2,0,62,0,62,60,high_vol_range,47.65,75,,,
2026-03-18T15:15:00+05:30,portfolio_hist,PREMIUM,EXIT,iron_condor,23776.9,18.75,1.0,0.0,0.0,1.038,0.361,0.132,6,15,15,2,0,0,0,0,0,high_vol_range,0.0,0,Time exit,651.75,344
2026-03-18T15:16:00+05:30,portfolio_hist,TREND,EXIT,debit_spread,23778.6,18.76,1.0,0.0,0.0,1.038,0.368,0.132,6,15,16,2,0,0,0,0,0,high_vol_range,0.0,0,Time exit,347.25,296
2026-03-18T09:30:00+05:30,portfolio_hist,PREMIUM,SKIP,idle,23732.2,18.86,1.0,0.0,0.0,1.039,0.172,0.773,6,9,30,2,0,67,0,67,75,high_vol_range,0.0,0,,,
2026-03-18T09:31:00+05:30,portfolio_hist,PREMIUM,ENTER,iron_condor,23725.85,18.87,1.0,0.0,0.0,1.039,0.146,0.773,6,9,31,2,0,80,0,80,75,high_vol_range,50.25,75,,,
2026-03-18T10:20:00+05:30,portfolio_hist,TREND,ENTER,debit_spread,23707.1,19.0,1.0,0.0,0.0,1.039,0.066,0.461,6,10,20,2,0,62,0,62,60,high_vol_range,47.65,75,,,
2026-03-18T15:15:00+05:30,portfolio_hist,PREMIUM,EXIT,iron_condor,23776.9,18.75,1.0,0.0,0.0,1.038,0.361,0.132,6,15,15,2,0,0,0,0,0,high_vol_range,0.0,0,Time exit,651.75,344
2026-03-18T15:16:00+05:30,portfolio_hist,TREND,EXIT,debit_spread,23778.6,18.76,1.0,0.0,0.0,1.038,0.368,0.132,6,15,16,2,0,0,0,0,0,high_vol_range,0.0,0,Time exit,347.25,296
2026-03-18T09:30:00+05:30,portfolio_hist,PREMIUM,SKIP,idle,23732.2,18.86,1.0,0.0,0.0,1.039,0.172,0.773,6,9,30,2,0,67,0,67,75,high_vol_range,0.0,0,,,
2026-03-18T09:31:00+05:30,portfolio_hist,PREMIUM,ENTER,iron_condor,23725.85,18.87,1.0,0.0,0.0,1.039,0.146,0.773,6,9,31,2,0,80,0,80,75,high_vol_range,50.25,75,,,
2026-03-18T10:20:00+05:30,portfolio_hist,TREND,ENTER,debit_spread,23707.1,19.0,1.0,0.0,0.0,1.039,0.066,0.461,6,10,20,2,0,62,0,62,60,high_vol_range,47.65,75,,,
2026-03-18T15:15:00+05:30,portfolio_hist,PREMIUM,EXIT,iron_condor,23776.9,18.75,1.0,0.0,0.0,1.038,0.361,0.132,6,15,15,2,0,0,0,0,0,high_vol_range,0.0,0,Time exit,651.75,344
2026-03-18T15:16:00+05:30,portfolio_hist,TREND,EXIT,debit_spread,23778.6,18.76,1.0,0.0,0.0,1.038,0.368,0.132,6,15,16,2,0,0,0,0,0,high_vol_range,0.0,0,Time exit,347.25,296
2026-03-18T09:30:00+05:30,portfolio_hist,PREMIUM,SKIP,idle,23732.2,18.86,1.0,0.0,0.0,1.039,0.172,0.773,6,9,30,2,0,67,0,67,75,high_vol_range,0.0,0,,,
2026-03-18T09:31:00+05:30,portfolio_hist,PREMIUM,ENTER,iron_condor,23725.85,18.87,1.0,0.0,0.0,1.039,0.146,0.773,6,9,31,2,0,80,0,80,75,high_vol_range,50.25,75,,,
2026-03-18T10:20:00+05:30,portfolio_hist,TREND,ENTER,debit_spread,23707.1,19.0,1.0,0.0,0.0,1.039,0.066,0.461,6,10,20,2,0,62,0,62,60,high_vol_range,47.65,75,,,
2026-03-18T15:15:00+05:30,portfolio_hist,PREMIUM,EXIT,iron_condor,23776.9,18.75,1.0,0.0,0.0,1.038,0.361,0.132,6,15,15,2,0,0,0,0,0,high_vol_range,0.0,0,Time exit,651.75,344
2026-03-18T15:16:00+05:30,portfolio_hist,TREND,EXIT,debit_spread,23778.6,18.76,1.0,0.0,0.0,1.038,0.368,0.132,6,15,16,2,0,0,0,0,0,high_vol_range,0.0,0,Time exit,347.25,296
2026-03-18T09:30:00+05:30,portfolio_hist,PREMIUM,SKIP,idle,23732.2,18.86,1.0,0.0,0.0,1.039,0.172,0.773,6,9,30,2,0,67,0,67,75,high_vol_range,0.0,0,,,
2026-03-18T09:31:00+05:30,portfolio_hist,PREMIUM,ENTER,iron_condor,23725.85,18.87,1.0,0.0,0.0,1.039,0.146,0.773,6,9,31,2,0,80,0,80,75,high_vol_range,50.25,75,,,
2026-03-18T10:20:00+05:30,portfolio_hist,TREND,ENTER,debit_spread,23707.1,19.0,1.0,0.0,0.0,1.039,0.066,0.461,6,10,20,2,0,62,0,62,60,high_vol_range,47.65,75,,,
2026-03-18T15:15:00+05:30,portfolio_hist,PREMIUM,EXIT,iron_condor,23776.9,18.75,1.0,0.0,0.0,1.038,0.361,0.132,6,15,15,2,0,0,0,0,0,high_vol_range,0.0,0,Time exit,651.75,344
2026-03-18T15:16:00+05:30,portfolio_hist,TREND,EXIT,debit_spread,23778.6,18.76,1.0,0.0,0.0,1.038,0.368,0.132,6,15,16,2,0,0,0,0,0,high_vol_range,0.0,0,Time exit,347.25,296
2026-03-18T09:30:00+05:30,portfolio_hist,PREMIUM,SKIP,idle,23732.2,18.86,1.0,0.0,0.0,1.039,0.172,0.773,6,9,30,2,0,67,0,67,75,high_vol_range,0.0,0,,,
2026-03-18T09:31:00+05:30,portfolio_hist,PREMIUM,ENTER,iron_condor,23725.85,18.87,1.0,0.0,0.0,1.039,0.146,0.773,6,9,31,2,0,80,0,80,75,high_vol_range,50.25,75,,,
2026-03-18T10:20:00+05:30,portfolio_hist,TREND,ENTER,debit_spread,23707.1,19.0,1.0,0.0,0.0,1.039,0.066,0.461,6,10,20,2,0,62,0,62,60,high_vol_range,47.65,75,,,
2026-03-18T15:15:00+05:30,portfolio_hist,PREMIUM,EXIT,iron_condor,23776.9,18.75,1.0,0.0,0.0,1.038,0.361,0.132,6,15,15,2,0,0,0,0,0,high_vol_range,0.0,0,Time exit,651.75,344
2026-03-18T15:16:00+05:30,portfolio_hist,TREND,EXIT,debit_spread,23778.6,18.76,1.0,0.0,0.0,1.038,0.368,0.132,6,15,16,2,0,0,0,0,0,high_vol_range,0.0,0,Time exit,347.25,296
2026-03-18T09:30:00+05:30,portfolio_hist,PREMIUM,SKIP,idle,23732.2,18.86,1.0,0.0,0.0,1.039,0.172,0.773,6,9,30,2,0,67,0,67,75,high_vol_range,0.0,0,,,
2026-03-18T09:31:00+05:30,portfolio_hist,PREMIUM,ENTER,iron_condor,23725.85,18.87,1.0,0.0,0.0,1.039,0.146,0.773,6,9,31,2,0,80,0,80,75,high_vol_range,50.25,75,,,
2026-03-18T10:20:00+05:30,portfolio_hist,TREND,ENTER,debit_spread,23707.1,19.0,1.0,0.0,0.0,1.039,0.066,0.461,6,10,20,2,0,62,0,62,60,high_vol_range,47.65,75,,,
2026-03-18T15:15:00+05:30,portfolio_hist,PREMIUM,EXIT,iron_condor,23776.9,18.75,1.0,0.0,0.0,1.038,0.361,0.132,6,15,15,2,0,0,0,0,0,high_vol_range,0.0,0,Time exit,651.75,344
2026-03-18T15:16:00+05:30,portfolio_hist,TREND,EXIT,debit_spread,23778.6,18.76,1.0,0.0,0.0,1.038,0.368,0.132,6,15,16,2,0,0,0,0,0,high_vol_range,0.0,0,Time exit,347.25,296
2026-03-18T09:30:00+05:30,portfolio_hist,PREMIUM,SKIP,idle,23732.2,18.86,1.0,0.0,0.0,1.039,0.172,0.773,6,9,30,2,0,67,0,67,75,high_vol_range,0.0,0,,,
2026-03-18T09:31:00+05:30,portfolio_hist,PREMIUM,ENTER,iron_condor,23725.85,18.87,1.0,0.0,0.0,1.039,0.146,0.773,6,9,31,2,0,80,0,80,75,high_vol_range,50.25,75,,,
2026-03-18T10:20:00+05:30,portfolio_hist,TREND,ENTER,debit_spread,23707.1,19.0,1.0,0.0,0.0,1.039,0.066,0.461,6,10,20,2,0,62,0,62,60,high_vol_range,47.65,75,,,
2026-03-18T15:15:00+05:30,portfolio_hist,PREMIUM,EXIT,iron_condor,23776.9,18.75,1.0,0.0,0.0,1.038,0.361,0.132,6,15,15,2,0,0,0,0,0,high_vol_range,0.0,0,Time exit,651.75,344
2026-03-18T15:16:00+05:30,portfolio_hist,TREND,EXIT,debit_spread,23778.6,18.76,1.0,0.0,0.0,1.038,0.368,0.132,6,15,16,2,0,0,0,0,0,high_vol_range,0.0,0,Time exit,347.25,296
2026-03-18T09:30:00+05:30,portfolio_hist,PREMIUM,SKIP,idle,23732.2,18.86,1.0,0.0,0.0,1.039,0.172,0.773,6,9,30,2,0,67,0,67,75,high_vol_range,0.0,0,,,
2026-03-18T09:31:00+05:30,portfolio_hist,PREMIUM,ENTER,iron_condor,23725.85,18.87,1.0,0.0,0.0,1.039,0.146,0.773,6,9,31,2,0,80,0,80,75,high_vol_range,50.25,75,,,
2026-03-18T10:20:00+05:30,portfolio_hist,TREND,ENTER,debit_spread,23707.1,19.0,1.0,0.0,0.0,1.039,0.066,0.461,6,10,20,2,0,62,0,62,60,high_vol_range,47.65,75,,,
2026-03-18T15:15:00+05:30,portfolio_hist,PREMIUM,EXIT,iron_condor,23776.9,18.75,1.0,0.0,0.0,1.038,0.361,0.132,6,15,15,2,0,0,0,0,0,high_vol_range,0.0,0,Time exit,651.75,344
2026-03-18T15:16:00+05:30,portfolio_hist,TREND,EXIT,debit_spread,23778.6,18.76,1.0,0.0,0.0,1.038,0.368,0.132,6,15,16,2,0,0,0,0,0,high_vol_range,0.0,0,Time exit,347.25,296
2026-03-18T09:30:00+05:30,portfolio_hist,PREMIUM,SKIP,idle,23732.2,18.86,1.0,0.0,0.0,1.039,0.172,0.773,6,9,30,2,0,67,0,67,75,high_vol_range,0.0,0,,,
2026-03-18T09:31:00+05:30,portfolio_hist,PREMIUM,ENTER,iron_condor,23725.85,18.87,1.0,0.0,0.0,1.039,0.146,0.773,6,9,31,2,0,80,0,80,75,high_vol_range,50.25,75,,,
2026-03-18T10:20:00+05:30,portfolio_hist,TREND,ENTER,debit_spread,23707.1,19.0,1.0,0.0,0.0,1.039,0.066,0.461,6,10,20,2,0,62,0,62,60,high_vol_range,47.65,75,,,
2026-03-18T15:15:00+05:30,portfolio_hist,PREMIUM,EXIT,iron_condor,23776.9,18.75,1.0,0.0,0.0,1.038,0.361,0.132,6,15,15,2,0,0,0,0,0,high_vol_range,0.0,0,Time exit,651.75,344
2026-03-18T15:16:00+05:30,portfolio_hist,TREND,EXIT,debit_spread,23778.6,18.76,1.0,0.0,0.0,1.038,0.368,0.132,6,15,16,2,0,0,0,0,0,high_vol_range,0.0,0,Time exit,347.25,296
2026-03-18T09:30:00+05:30,portfolio_hist,PREMIUM,SKIP,idle,23732.2,18.86,1.0,0.0,0.0,1.039,0.172,0.773,6,9,30,2,0,67,0,67,75,high_vol_range,0.0,0,,,
2026-03-18T09:31:00+05:30,portfolio_hist,PREMIUM,ENTER,iron_condor,23725.85,18.87,1.0,0.0,0.0,1.039,0.146,0.773,6,9,31,2,0,80,0,80,75,high_vol_range,50.25,75,,,
2026-03-18T10:20:00+05:30,portfolio_hist,TREND,ENTER,debit_spread,23707.1,19.0,1.0,0.0,0.0,1.039,0.066,0.461,6,10,20,2,0,62,0,62,60,high_vol_range,47.65,75,,,
2026-03-18T15:15:00+05:30,portfolio_hist,PREMIUM,EXIT,iron_condor,23776.9,18.75,1.0,0.0,0.0,1.038,0.361,0.132,6,15,15,2,0,0,0,0,0,high_vol_range,0.0,0,Time exit,651.75,344
2026-03-18T15:16:00+05:30,portfolio_hist,TREND,EXIT,debit_spread,23778.6,18.76,1.0,0.0,0.0,1.038,0.368,0.132,6,15,16,2,0,0,0,0,0,high_vol_range,0.0,0,Time exit,347.25,296
2026-03-18T09:30:00+05:30,portfolio_hist,PREMIUM,SKIP,idle,23732.2,18.86,1.0,0.0,0.0,1.039,0.172,0.773,6,9,30,2,0,67,0,67,75,high_vol_range,0.0,0,,,
2026-03-18T09:31:00+05:30,portfolio_hist,PREMIUM,ENTER,iron_condor,23725.85,18.87,1.0,0.0,0.0,1.039,0.146,0.773,6,9,31,2,0,80,0,80,75,high_vol_range,50.25,75,,,
2026-03-18T10:20:00+05:30,portfolio_hist,TREND,ENTER,debit_spread,23707.1,19.0,1.0,0.0,0.0,1.039,0.066,0.461,6,10,20,2,0,62,0,62,60,high_vol_range,47.65,75,,,
2026-03-18T15:15:00+05:30,portfolio_hist,PREMIUM,EXIT,iron_condor,23776.9,18.75,1.0,0.0,0.0,1.038,0.361,0.132,6,15,15,2,0,0,0,0,0,high_vol_range,0.0,0,Time exit,651.75,344
2026-03-18T15:16:00+05:30,portfolio_hist,TREND,EXIT,debit_spread,23778.6,18.76,1.0,0.0,0.0,1.038,0.368,0.132,6,15,16,2,0,0,0,0,0,high_vol_range,0.0,0,Time exit,347.25,296
2026-03-18T09:30:00+05:30,portfolio_hist,PREMIUM,SKIP,idle,23732.2,18.86,1.0,0.0,0.0,1.039,0.172,0.773,6,9,30,2,0,67,0,67,75,high_vol_range,0.0,0,,,
2026-03-18T09:31:00+05:30,portfolio_hist,PREMIUM,ENTER,iron_condor,23725.85,18.87,1.0,0.0,0.0,1.039,0.146,0.773,6,9,31,2,0,80,0,80,75,high_vol_range,50.25,75,,,
2026-03-18T10:20:00+05:30,portfolio_hist,TREND,ENTER,debit_spread,23707.1,19.0,1.0,0.0,0.0,1.039,0.066,0.461,6,10,20,2,0,62,0,62,60,high_vol_range,47.65,75,,,
2026-03-18T15:15:00+05:30,portfolio_hist,PREMIUM,EXIT,iron_condor,23776.9,18.75,1.0,0.0,0.0,1.038,0.361,0.132,6,15,15,2,0,0,0,0,0,high_vol_range,0.0,0,Time exit,651.75,344
2026-03-18T15:16:00+05:30,portfolio_hist,TREND,EXIT,debit_spread,23778.6,18.76,1.0,0.0,0.0,1.038,0.368,0.132,6,15,16,2,0,0,0,0,0,high_vol_range,0.0,0,Time exit,347.25,296
2026-03-18T09:30:00+05:30,portfolio_hist,PREMIUM,SKIP,idle,23732.2,18.86,1.0,0.0,0.0,1.039,0.172,0.773,6,9,30,2,0,67,0,67,75,high_vol_range,0.0,0,,,
2026-03-18T09:31:00+05:30,portfolio_hist,PREMIUM,ENTER,iron_condor,23725.85,18.87,1.0,0.0,0.0,1.039,0.146,0.773,6,9,31,2,0,80,0,80,75,high_vol_range,50.25,75,,,
2026-03-18T10:20:00+05:30,portfolio_hist,TREND,ENTER,debit_spread,23707.1,19.0,1.0,0.0,0.0,1.039,0.066,0.461,6,10,20,2,0,62,0,62,60,high_vol_range,47.65,75,,,
2026-03-18T15:15:00+05:30,portfolio_hist,PREMIUM,EXIT,iron_condor,23776.9,18.75,1.0,0.0,0.0,1.038,0.361,0.132,6,15,15,2,0,0,0,0,0,high_vol_range,0.0,0,Time exit,651.75,344
2026-03-18T15:16:00+05:30,portfolio_hist,TREND,EXIT,debit_spread,23778.6,18.76,1.0,0.0,0.0,1.038,0.368,0.132,6,15,16,2,0,0,0,0,0,high_vol_range,0.0,0,Time exit,347.25,296
2026-03-18T09:30:00+05:30,portfolio_hist,PREMIUM,SKIP,idle,23732.2,18.86,1.0,0.0,0.0,1.039,0.172,0.773,6,9,30,2,0,67,0,67,75,high_vol_range,0.0,0,,,
2026-03-18T09:31:00+05:30,portfolio_hist,PREMIUM,ENTER,iron_condor,23725.85,18.87,1.0,0.0,0.0,1.039,0.146,0.773,6,9,31,2,0,80,0,80,75,high_vol_range,50.25,75,,,
2026-03-18T10:20:00+05:30,portfolio_hist,TREND,ENTER,debit_spread,23707.1,19.0,1.0,0.0,0.0,1.039,0.066,0.461,6,10,20,2,0,62,0,62,60,high_vol_range,47.65,75,,,
2026-03-18T15:15:00+05:30,portfolio_hist,PREMIUM,EXIT,iron_condor,23776.9,18.75,1.0,0.0,0.0,1.038,0.361,0.132,6,15,15,2,0,0,0,0,0,high_vol_range,0.0,0,Time exit,651.75,344
2026-03-18T15:16:00+05:30,portfolio_hist,TREND,EXIT,debit_spread,23778.6,18.76,1.0,0.0,0.0,1.038,0.368,0.132,6,15,16,2,0,0,0,0,0,high_vol_range,0.0,0,Time exit,347.25,296
2026-03-18T09:30:00+05:30,portfolio_hist,PREMIUM,SKIP,idle,23732.2,18.86,1.0,0.0,0.0,1.039,0.172,0.773,6,9,30,2,0,67,0,67,75,high_vol_range,0.0,0,,,
2026-03-18T09:31:00+05:30,portfolio_hist,PREMIUM,ENTER,iron_condor,23725.85,18.87,1.0,0.0,0.0,1.039,0.146,0.773,6,9,31,2,0,80,0,80,75,high_vol_range,50.25,75,,,
2026-03-18T10:20:00+05:30,portfolio_hist,TREND,ENTER,debit_spread,23707.1,19.0,1.0,0.0,0.0,1.039,0.066,0.461,6,10,20,2,0,62,0,62,60,high_vol_range,47.65,75,,,
2026-03-18T15:15:00+05:30,portfolio_hist,PREMIUM,EXIT,iron_condor,23776.9,18.75,1.0,0.0,0.0,1.038,0.361,0.132,6,15,15,2,0,0,0,0,0,high_vol_range,0.0,0,Time exit,651.75,344
2026-03-18T15:16:00+05:30,portfolio_hist,TREND,EXIT,debit_spread,23778.6,18.76,1.0,0.0,0.0,1.038,0.368,0.132,6,15,16,2,0,0,0,0,0,high_vol_range,0.0,0,Time exit,347.25,296
2026-03-18T09:30:00+05:30,portfolio_hist,PREMIUM,SKIP,idle,23732.2,18.86,1.0,0.0,0.0,1.039,0.172,0.773,6,9,30,2,0,67,0,67,75,high_vol_range,0.0,0,,,
2026-03-18T09:31:00+05:30,portfolio_hist,PREMIUM,ENTER,iron_condor,23725.85,18.87,1.0,0.0,0.0,1.039,0.146,0.773,6,9,31,2,0,80,0,80,75,high_vol_range,50.25,75,,,
2026-03-18T10:20:00+05:30,portfolio_hist,TREND,ENTER,debit_spread,23707.1,19.0,1.0,0.0,0.0,1.039,0.066,0.461,6,10,20,2,0,62,0,62,60,high_vol_range,47.65,75,,,
2026-03-18T15:15:00+05:30,portfolio_hist,PREMIUM,EXIT,iron_condor,23776.9,18.75,1.0,0.0,0.0,1.038,0.361,0.132,6,15,15,2,0,0,0,0,0,high_vol_range,0.0,0,Time exit,651.75,344
2026-03-18T15:16:00+05:30,portfolio_hist,TREND,EXIT,debit_spread,23778.6,18.76,1.0,0.0,0.0,1.038,0.368,0.132,6,15,16,2,0,0,0,0,0,high_vol_range,0.0,0,Time exit,347.25,296
2026-03-18T09:30:00+05:30,portfolio_hist,PREMIUM,SKIP,idle,23732.2,18.86,1.0,0.0,0.0,1.039,0.172,0.773,6,9,30,2,0,67,0,67,75,high_vol_range,0.0,0,,,
2026-03-18T09:31:00+05:30,portfolio_hist,PREMIUM,ENTER,iron_condor,23725.85,18.87,1.0,0.0,0.0,1.039,0.146,0.773,6,9,31,2,0,80,0,80,75,high_vol_range,50.25,75,,,
2026-03-18T10:20:00+05:30,portfolio_hist,TREND,ENTER,debit_spread,23707.1,19.0,1.0,0.0,0.0,1.039,0.066,0.461,6,10,20,2,0,62,0,62,60,high_vol_range,47.65,75,,,
2026-03-18T15:15:00+05:30,portfolio_hist,PREMIUM,EXIT,iron_condor,23776.9,18.75,1.0,0.0,0.0,1.038,0.361,0.132,6,15,15,2,0,0,0,0,0,high_vol_range,0.0,0,Time exit,651.75,344
2026-03-18T15:16:00+05:30,portfolio_hist,TREND,EXIT,debit_spread,23778.6,18.76,1.0,0.0,0.0,1.038,0.368,0.132,6,15,16,2,0,0,0,0,0,high_vol_range,0.0,0,Time exit,347.25,296
2026-03-18T09:30:00+05:30,portfolio_hist,PREMIUM,SKIP,idle,23732.2,18.86,1.0,0.0,0.0,1.039,0.172,0.773,6,9,30,2,0,67,0,67,75,high_vol_range,0.0,0,,,
2026-03-18T09:31:00+05:30,portfolio_hist,PREMIUM,ENTER,iron_condor,23725.85,18.87,1.0,0.0,0.0,1.039,0.146,0.773,6,9,31,2,0,80,0,80,75,high_vol_range,50.25,75,,,
2026-03-18T10:20:00+05:30,portfolio_hist,TREND,ENTER,debit_spread,23707.1,19.0,1.0,0.0,0.0,1.039,0.066,0.461,6,10,20,2,0,62,0,62,60,high_vol_range,47.65,75,,,
2026-03-18T15:15:00+05:30,portfolio_hist,PREMIUM,EXIT,iron_condor,23776.9,18.75,1.0,0.0,0.0,1.038,0.361,0.132,6,15,15,2,0,0,0,0,0,high_vol_range,0.0,0,Time exit,651.75,344
2026-03-18T15:16:00+05:30,portfolio_hist,TREND,EXIT,debit_spread,23778.6,18.76,1.0,0.0,0.0,1.038,0.368,0.132,6,15,16,2,0,0,0,0,0,high_vol_range,0.0,0,Time exit,347.25,296
2026-03-18T09:30:00+05:30,portfolio_hist,PREMIUM,SKIP,idle,23732.2,18.86,1.0,0.0,0.0,1.039,0.172,0.773,6,9,30,2,0,67,0,67,75,high_vol_range,0.0,0,,,
2026-03-18T09:31:00+05:30,portfolio_hist,PREMIUM,ENTER,iron_condor,23725.85,18.87,1.0,0.0,0.0,1.039,0.146,0.773,6,9,31,2,0,80,0,80,75,high_vol_range,50.25,75,,,
2026-03-18T10:20:00+05:30,portfolio_hist,TREND,ENTER,debit_spread,23707.1,19.0,1.0,0.0,0.0,1.039,0.066,0.461,6,10,20,2,0,62,0,62,60,high_vol_range,47.65,75,,,
2026-03-18T15:15:00+05:30,portfolio_hist,PREMIUM,EXIT,iron_condor,23776.9,18.75,1.0,0.0,0.0,1.038,0.361,0.132,6,15,15,2,0,0,0,0,0,high_vol_range,0.0,0,Time exit,651.75,344
2026-03-18T15:16:00+05:30,portfolio_hist,TREND,EXIT,debit_spread,23778.6,18.76,1.0,0.0,0.0,1.038,0.368,0.132,6,15,16,2,0,0,0,0,0,high_vol_range,0.0,0,Time exit,347.25,296
2026-03-18T09:30:00+05:30,portfolio_hist,PREMIUM,SKIP,idle,23732.2,18.86,1.0,0.0,0.0,1.039,0.172,0.773,6,9,30,2,0,67,0,67,75,high_vol_range,0.0,0,,,
2026-03-18T09:31:00+05:30,portfolio_hist,PREMIUM,ENTER,iron_condor,23725.85,18.87,1.0,0.0,0.0,1.039,0.146,0.773,6,9,31,2,0,80,0,80,75,high_vol_range,50.25,75,,,
2026-03-18T10:20:00+05:30,portfolio_hist,TREND,ENTER,debit_spread,23707.1,19.0,1.0,0.0,0.0,1.039,0.066,0.461,6,10,20,2,0,62,0,62,60,high_vol_range,47.65,75,,,
2026-03-18T15:15:00+05:30,portfolio_hist,PREMIUM,EXIT,iron_condor,23776.9,18.75,1.0,0.0,0.0,1.038,0.361,0.132,6,15,15,2,0,0,0,0,0,high_vol_range,0.0,0,Time exit,651.75,344
2026-03-18T15:16:00+05:30,portfolio_hist,TREND,EXIT,debit_spread,23778.6,18.76,1.0,0.0,0.0,1.038,0.368,0.132,6,15,16,2,0,0,0,0,0,high_vol_range,0.0,0,Time exit,347.25,296
2026-03-18T09:30:00+05:30,portfolio_hist,PREMIUM,SKIP,idle,23732.2,18.86,1.0,0.0,0.0,1.039,0.172,0.773,6,9,30,2,0,67,0,67,75,high_vol_range,0.0,0,,,
2026-03-18T09:31:00+05:30,portfolio_hist,PREMIUM,ENTER,iron_condor,23725.85,18.87,1.0,0.0,0.0,1.039,0.146,0.773,6,9,31,2,0,80,0,80,75,high_vol_range,50.25,75,,,
2026-03-18T10:20:00+05:30,portfolio_hist,TREND,ENTER,debit_spread,23707.1,19.0,1.0,0.0,0.0,1.039,0.066,0.461,6,10,20,2,0,62,0,62,60,high_vol_range,47.65,75,,,
2026-03-18T15:15:00+05:30,portfolio_hist,PREMIUM,EXIT,iron_condor,23776.9,18.75,1.0,0.0,0.0,1.038,0.361,0.132,6,15,15,2,0,0,0,0,0,high_vol_range,0.0,0,Time exit,651.75,344
2026-03-18T15:16:00+05:30,portfolio_hist,TREND,EXIT,debit_spread,23778.6,18.76,1.0,0.0,0.0,1.038,0.368,0.132,6,15,16,2,0,0,0,0,0,high_vol_range,0.0,0,Time exit,347.25,296
2026-03-18T09:30:00+05:30,portfolio_hist,PREMIUM,SKIP,idle,23732.2,18.86,1.0,0.0,0.0,1.039,0.172,0.773,6,9,30,2,0,67,0,67,75,high_vol_range,0.0,0,,,
2026-03-18T09:31:00+05:30,portfolio_hist,PREMIUM,ENTER,iron_condor,23725.85,18.87,1.0,0.0,0.0,1.039,0.146,0.773,6,9,31,2,0,80,0,80,75,high_vol_range,50.25,75,,,
2026-03-18T10:20:00+05:30,portfolio_hist,TREND,ENTER,debit_spread,23707.1,19.0,1.0,0.0,0.0,1.039,0.066,0.461,6,10,20,2,0,62,0,62,60,high_vol_range,47.65,75,,,
2026-03-18T15:15:00+05:30,portfolio_hist,PREMIUM,EXIT,iron_condor,23776.9,18.75,1.0,0.0,0.0,1.038,0.361,0.132,6,15,15,2,0,0,0,0,0,high_vol_range,0.0,0,Time exit,651.75,344
2026-03-18T15:16:00+05:30,portfolio_hist,TREND,EXIT,debit_spread,23778.6,18.76,1.0,0.0,0.0,1.038,0.368,0.132,6,15,16,2,0,0,0,0,0,high_vol_range,0.0,0,Time exit,347.25,296
2026-03-18T09:30:00+05:30,portfolio_hist,PREMIUM,SKIP,idle,23732.2,18.86,1.0,0.0,0.0,1.039,0.172,0.773,6,9,30,2,0,67,0,67,75,high_vol_range,0.0,0,,,
2026-03-18T09:31:00+05:30,portfolio_hist,PREMIUM,ENTER,iron_condor,23725.85,18.87,1.0,0.0,0.0,1.039,0.146,0.773,6,9,31,2,0,80,0,80,75,high_vol_range,50.25,75,,,
2026-03-18T10:20:00+05:30,portfolio_hist,TREND,ENTER,debit_spread,23707.1,19.0,1.0,0.0,0.0,1.039,0.066,0.461,6,10,20,2,0,62,0,62,60,high_vol_range,47.65,75,,,
2026-03-18T15:15:00+05:30,portfolio_hist,PREMIUM,EXIT,iron_condor,23776.9,18.75,1.0,0.0,0.0,1.038,0.361,0.132,6,15,15,2,0,0,0,0,0,high_vol_range,0.0,0,Time exit,651.75,344
2026-03-18T15:16:00+05:30,portfolio_hist,TREND,EXIT,debit_spread,23778.6,18.76,1.0,0.0,0.0,1.038,0.368,0.132,6,15,16,2,0,0,0,0,0,high_vol_range,0.0,0,Time exit,347.25,296
2026-03-18T09:30:00+05:30,portfolio_hist,PREMIUM,SKIP,idle,23732.2,18.86,1.0,0.0,0.0,1.039,0.172,0.773,6,9,30,2,0,67,0,67,75,high_vol_range,0.0,0,,,
2026-03-18T09:31:00+05:30,portfolio_hist,PREMIUM,ENTER,iron_condor,23725.85,18.87,1.0,0.0,0.0,1.039,0.146,0.773,6,9,31,2,0,80,0,80,75,high_vol_range,50.25,75,,,
2026-03-18T10:20:00+05:30,portfolio_hist,TREND,ENTER,debit_spread,23707.1,19.0,1.0,0.0,0.0,1.039,0.066,0.461,6,10,20,2,0,62,0,62,60,high_vol_range,47.65,75,,,
2026-03-18T10:38:00+05:30,portfolio_hist,TREND,EXIT,debit_spread,23743.05,18.82,1.0,0.0,0.0,1.038,0.218,0.403,6,10,38,2,0,0,0,0,0,high_vol_range,0.0,0,Trend profit: spread at 50.2% of max,189.0,18
2026-03-18T15:15:00+05:30,portfolio_hist,PREMIUM,EXIT,iron_condor,23776.9,18.75,1.0,0.0,0.0,1.038,0.361,0.132,6,15,15,2,0,0,0,0,0,high_vol_range,0.0,0,Time exit,651.75,344
2026-03-18T09:30:00+05:30,portfolio_hist,PREMIUM,SKIP,idle,23732.2,18.86,1.0,0.0,0.0,1.039,0.172,0.773,6,9,30,2,0,67,0,67,75,high_vol_range,0.0,0,,,
2026-03-18T09:31:00+05:30,portfolio_hist,PREMIUM,ENTER,iron_condor,23725.85,18.87,1.0,0.0,0.0,1.039,0.146,0.773,6,9,31,2,0,80,0,80,75,high_vol_range,50.25,75,,,
2026-03-18T10:20:00+05:30,portfolio_hist,TREND,ENTER,debit_spread,23707.1,19.0,1.0,0.0,0.0,1.039,0.066,0.461,6,10,20,2,0,62,0,62,60,high_vol_range,47.65,75,,,
2026-03-18T15:15:00+05:30,portfolio_hist,PREMIUM,EXIT,iron_condor,23776.9,18.75,1.0,0.0,0.0,1.038,0.361,0.132,6,15,15,2,0,0,0,0,0,high_vol_range,0.0,0,Time exit,651.75,344
2026-03-18T15:16:00+05:30,portfolio_hist,TREND,EXIT,debit_spread,23778.6,18.76,1.0,0.0,0.0,1.038,0.368,0.132,6,15,16,2,0,0,0,0,0,high_vol_range,0.0,0,Time exit,347.25,296
2026-03-18T09:30:00+05:30,portfolio_hist,PREMIUM,SKIP,idle,23732.2,18.86,1.0,0.0,0.0,1.039,0.172,0.773,6,9,30,2,0,67,0,67,75,high_vol_range,0.0,0,,,
2026-03-18T09:31:00+05:30,portfolio_hist,PREMIUM,ENTER,iron_condor,23725.85,18.87,1.0,0.0,0.0,1.039,0.146,0.773,6,9,31,2,0,80,0,80,75,high_vol_range,50.25,75,,,
2026-03-18T10:20:00+05:30,portfolio_hist,TREND,ENTER,debit_spread,23707.1,19.0,1.0,0.0,0.0,1.039,0.066,0.461,6,10,20,2,0,62,0,62,60,high_vol_range,47.65,75,,,
2026-03-18T15:15:00+05:30,portfolio_hist,PREMIUM,EXIT,iron_condor,23776.9,18.75,1.0,0.0,0.0,1.038,0.361,0.132,6,15,15,2,0,0,0,0,0,high_vol_range,0.0,0,Time exit,651.75,344
2026-03-18T15:16:00+05:30,portfolio_hist,TREND,EXIT,debit_spread,23778.6,18.76,1.0,0.0,0.0,1.038,0.368,0.132,6,15,16,2,0,0,0,0,0,high_vol_range,0.0,0,Time exit,347.25,296
2026-03-18T09:30:00+05:30,portfolio_hist,PREMIUM,SKIP,idle,23732.2,18.86,1.0,0.0,0.0,1.039,0.172,0.773,6,9,30,2,0,67,0,67,75,high_vol_range,0.0,0,,,
2026-03-18T09:31:00+05:30,portfolio_hist,PREMIUM,ENTER,iron_condor,23725.85,18.87,1.0,0.0,0.0,1.039,0.146,0.773,6,9,31,2,0,80,0,80,75,high_vol_range,50.25,75,,,
2026-03-18T10:20:00+05:30,portfolio_hist,TREND,ENTER,debit_spread,23707.1,19.0,1.0,0.0,0.0,1.039,0.066,0.461,6,10,20,2,0,62,0,62,60,high_vol_range,47.65,75,,,
2026-03-18T10:38:00+05:30,portfolio_hist,TREND,EXIT,debit_spread,23743.05,18.82,1.0,0.0,0.0,1.038,0.218,0.403,6,10,38,2,0,0,0,0,0,high_vol_range,0.0,0,Trend profit: spread at 50.2% of max,189.0,18
2026-03-18T15:15:00+05:30,portfolio_hist,PREMIUM,EXIT,iron_condor,23776.9,18.75,1.0,0.0,0.0,1.038,0.361,0.132,6,15,15,2,0,0,0,0,0,high_vol_range,0.0,0,Time exit,651.75,344
2026-03-18T09:30:00+05:30,portfolio_hist,PREMIUM,SKIP,idle,23732.2,18.86,1.0,0.0,0.0,1.039,0.172,0.773,6,9,30,2,0,67,0,67,75,high_vol_range,0.0,0,,,
2026-03-18T09:31:00+05:30,portfolio_hist,PREMIUM,ENTER,iron_condor,23725.85,18.87,1.0,0.0,0.0,1.039,0.146,0.773,6,9,31,2,0,80,0,80,75,high_vol_range,50.25,75,,,
2026-03-18T10:20:00+05:30,portfolio_hist,TREND,ENTER,debit_spread,23707.1,19.0,1.0,0.0,0.0,1.039,0.066,0.461,6,10,20,2,0,62,0,62,60,high_vol_range,47.65,75,,,
2026-03-18T10:38:00+05:30,portfolio_hist,TREND,EXIT,debit_spread,23743.05,18.82,1.0,0.0,0.0,1.038,0.218,0.403,6,10,38,2,0,0,0,0,0,high_vol_range,0.0,0,Trend profit: spread at 50.2% of max,189.0,18
2026-03-18T15:15:00+05:30,portfolio_hist,PREMIUM,EXIT,iron_condor,23776.9,18.75,1.0,0.0,0.0,1.038,0.361,0.132,6,15,15,2,0,0,0,0,0,high_vol_range,0.0,0,Time exit,651.75,344
2026-03-18T09:30:00+05:30,portfolio_hist,PREMIUM,SKIP,idle,23732.2,18.86,1.0,0.0,0.0,1.039,0.172,0.773,6,9,30,2,0,67,0,67,75,high_vol_range,0.0,0,,,
2026-03-18T09:31:00+05:30,portfolio_hist,PREMIUM,ENTER,iron_condor,23725.85,18.87,1.0,0.0,0.0,1.039,0.146,0.773,6,9,31,2,0,80,0,80,75,high_vol_range,50.25,75,,,
2026-03-18T10:20:00+05:30,portfolio_hist,TREND,ENTER,debit_spread,23707.1,19.0,1.0,0.0,0.0,1.039,0.066,0.461,6,10,20,2,0,62,0,62,60,high_vol_range,47.65,75,,,
2026-03-18T11:39:00+05:30,portfolio_hist,TREND,EXIT,debit_spread,23812.95,18.88,1.0,0.0,0.0,1.039,0.513,0.164,6,11,39,2,0,0,0,0,0,high_vol_range,0.0,0,Trend profit: spread at 55.0% of max,552.0,79
2026-03-18T15:15:00+05:30,portfolio_hist,PREMIUM,EXIT,iron_condor,23776.9,18.75,1.0,0.0,0.0,1.038,0.361,0.132,6,15,15,2,0,0,0,0,0,high_vol_range,0.0,0,Time exit,651.75,344
2026-03-18T09:30:00+05:30,portfolio_hist,PREMIUM,SKIP,idle,23732.2,18.86,1.0,0.0,0.0,1.039,0.172,0.773,6,9,30,2,0,67,0,67,75,high_vol_range,0.0,0,,,
2026-03-18T09:31:00+05:30,portfolio_hist,PREMIUM,ENTER,iron_condor,23725.85,18.87,1.0,0.0,0.0,1.039,0.146,0.773,6,9,31,2,0,80,0,80,75,high_vol_range,50.25,75,,,
2026-03-18T10:20:00+05:30,portfolio_hist,TREND,ENTER,debit_spread,23707.1,19.0,1.0,0.0,0.0,1.039,0.066,0.461,6,10,20,2,0,62,0,62,60,high_vol_range,47.65,75,,,
2026-03-18T11:39:00+05:30,portfolio_hist,TREND,EXIT,debit_spread,23812.95,18.88,1.0,0.0,0.0,1.039,0.513,0.164,6,11,39,2,0,0,0,0,0,high_vol_range,0.0,0,Trend profit: spread at 55.0% of max,552.0,79
2026-03-18T15:15:00+05:30,portfolio_hist,PREMIUM,EXIT,iron_condor,23776.9,18.75,1.0,0.0,0.0,1.038,0.361,0.132,6,15,15,2,0,0,0,0,0,high_vol_range,0.0,0,Time exit,651.75,344
2026-03-18T09:30:00+05:30,portfolio_hist,PREMIUM,SKIP,idle,23732.2,18.86,1.0,0.0,0.0,1.039,0.172,0.773,6,9,30,2,0,67,0,67,75,high_vol_range,0.0,0,,,
2026-03-18T09:31:00+05:30,portfolio_hist,PREMIUM,ENTER,iron_condor,23725.85,18.87,1.0,0.0,0.0,1.039,0.146,0.773,6,9,31,2,0,80,0,80,75,high_vol_range,50.25,75,,,
2026-03-18T10:20:00+05:30,portfolio_hist,TREND,ENTER,debit_spread,23707.1,19.0,1.0,0.0,0.0,1.039,0.066,0.461,6,10,20,2,0,62,0,62,60,high_vol_range,47.65,75,,,
2026-03-18T11:39:00+05:30,portfolio_hist,TREND,EXIT,debit_spread,23812.95,18.88,1.0,0.0,0.0,1.039,0.513,0.164,6,11,39,2,0,0,0,0,0,high_vol_range,0.0,0,Trend profit: spread at 55.0% of max,552.0,79
2026-03-18T15:15:00+05:30,portfolio_hist,PREMIUM,EXIT,iron_condor,23776.9,18.75,1.0,0.0,0.0,1.038,0.361,0.132,6,15,15,2,0,0,0,0,0,high_vol_range,0.0,0,Time exit,651.75,344
2026-03-18T09:30:00+05:30,portfolio_hist,PREMIUM,SKIP,idle,23732.2,18.86,1.0,0.0,0.0,1.039,0.172,0.773,6,9,30,2,0,67,0,67,75,high_vol_range,0.0,0,,,
2026-03-18T09:31:00+05:30,portfolio_hist,PREMIUM,ENTER,iron_condor,23725.85,18.87,1.0,0.0,0.0,1.039,0.146,0.773,6,9,31,2,0,80,0,80,75,high_vol_range,50.25,75,,,
2026-03-18T10:20:00+05:30,portfolio_hist,TREND,ENTER,debit_spread,23707.1,19.0,1.0,0.0,0.0,1.039,0.066,0.461,6,10,20,2,0,62,0,62,60,high_vol_range,47.65,75,,,
2026-03-18T10:38:00+05:30,portfolio_hist,TREND,EXIT,debit_spread,23743.05,18.82,1.0,0.0,0.0,1.038,0.218,0.403,6,10,38,2,0,0,0,0,0,high_vol_range,0.0,0,Trend profit: spread at 50.2% of max,189.0,18
2026-03-18T15:15:00+05:30,portfolio_hist,PREMIUM,EXIT,iron_condor,23776.9,18.75,1.0,0.0,0.0,1.038,0.361,0.132,6,15,15,2,0,0,0,0,0,high_vol_range,0.0,0,Time exit,651.75,344
2026-03-18T09:30:00+05:30,portfolio_hist,PREMIUM,SKIP,idle,23732.2,18.86,1.0,0.0,0.0,1.039,0.172,0.773,6,9,30,2,0,67,0,67,75,high_vol_range,0.0,0,,,
2026-03-18T09:31:00+05:30,portfolio_hist,PREMIUM,ENTER,iron_condor,23725.85,18.87,1.0,0.0,0.0,1.039,0.146,0.773,6,9,31,2,0,80,0,80,75,high_vol_range,50.25,75,,,
2026-03-18T10:20:00+05:30,portfolio_hist,TREND,ENTER,debit_spread,23707.1,19.0,1.0,0.0,0.0,1.039,0.066,0.461,6,10,20,2,0,62,0,62,60,high_vol_range,47.65,75,,,
2026-03-18T11:39:00+05:30,portfolio_hist,TREND,EXIT,debit_spread,23812.95,18.88,1.0,0.0,0.0,1.039,0.513,0.164,6,11,39,2,0,0,0,0,0,high_vol_range,0.0,0,Trend profit: spread at 55.0% of max,552.0,79
2026-03-18T15:15:00+05:30,portfolio_hist,PREMIUM,EXIT,iron_condor,23776.9,18.75,1.0,0.0,0.0,1.038,0.361,0.132,6,15,15,2,0,0,0,0,0,high_vol_range,0.0,0,Time exit,651.75,344
2026-03-18T09:30:00+05:30,portfolio_hist,PREMIUM,SKIP,idle,23732.2,18.86,1.0,0.0,0.0,1.039,0.172,0.773,6,9,30,2,0,67,0,67,75,high_vol_range,0.0,0,,,
2026-03-18T09:31:00+05:30,portfolio_hist,PREMIUM,ENTER,iron_condor,23725.85,18.87,1.0,0.0,0.0,1.039,0.146,0.773,6,9,31,2,0,80,0,80,75,high_vol_range,50.25,75,,,
2026-03-18T10:20:00+05:30,portfolio_hist,TREND,ENTER,debit_spread,23707.1,19.0,1.0,0.0,0.0,1.039,0.066,0.461,6,10,20,2,0,62,0,62,60,high_vol_range,47.65,75,,,
2026-03-18T15:15:00+05:30,portfolio_hist,PREMIUM,EXIT,iron_condor,23776.9,18.75,1.0,0.0,0.0,1.038,0.361,0.132,6,15,15,2,0,0,0,0,0,high_vol_range,0.0,0,Time exit,651.75,344
2026-03-18T15:16:00+05:30,portfolio_hist,TREND,EXIT,debit_spread,23778.6,18.76,1.0,0.0,0.0,1.038,0.368,0.132,6,15,16,2,0,0,0,0,0,high_vol_range,0.0,0,Time exit,347.25,296
2026-03-18T09:30:00+05:30,portfolio_hist,PREMIUM,ENTER,iron_condor,23732.2,18.86,1.0,0.0,0.0,1.039,0.172,0.773,6,9,30,2,0,67,0,67,75,pre_market,50.66,75,,,
2026-03-18T10:00:00+05:30,portfolio_hist,TREND,ENTER,debit_spread,23686.7,19.0,1.0,0.0,0.0,1.039,0.02,0.346,6,10,0,2,0,50,0,50,60,pre_market,46.27,75,,,
2026-03-18T11:39:00+05:30,portfolio_hist,TREND,EXIT,debit_spread,23812.95,18.88,1.0,0.0,0.0,1.039,0.513,0.164,6,11,39,2,0,0,0,0,0,pre_market,0.0,0,Trend profit: spread at 55.0% of max,655.5,99
2026-03-18T15:15:00+05:30,portfolio_hist,PREMIUM,EXIT,iron_condor,23776.9,18.75,1.0,0.0,0.0,1.038,0.361,0.132,6,15,15,2,0,0,0,0,0,pre_market,0.0,0,Time exit,678.0,345
2026-03-18T11:32:00+05:30,portfolio_replay,PREMIUM,ENTER,strangle,23798.4,18.9,1.0,0.0,0.0,1.333,1.016,0.443,6,11,32,2,0,62,0,62,65,trending,14.75,75,,,
2026-03-18T11:35:00+05:30,portfolio_replay,TREND,ENTER,debit_spread,23784.3,18.88,1.0,0.0,0.0,1.333,0.956,1.049,6,11,35,2,0,50,0,50,60,high_vol_range,46.45,75,,,
2026-03-18T13:01:00+05:30,portfolio_replay,PREMIUM,EXIT,strangle,23794.55,18.96,1.0,0.0,0.0,1.333,1.0,0.101,6,13,1,2,0,0,0,0,0,high_vol_range,0.0,0,Profit target: premium decayed 12.6%,139.5,89
2026-03-18T15:15:00+05:30,portfolio_replay,TREND,EXIT,debit_spread,23776.9,18.75,1.0,0.0,0.0,1.333,0.925,0.132,6,15,15,2,0,0,0,0,0,high_vol_range,0.0,0,Time exit,-243.75,220
2026-03-18T11:32:00+05:30,portfolio_hist,PREMIUM,ENTER,iron_condor,23798.4,18.9,1.0,0.0,0.0,1.038,1.016,0.443,6,11,32,2,0,62,0,62,65,trending,49.0,75,,,
2026-03-18T11:35:00+05:30,portfolio_hist,TREND,ENTER,debit_spread,23784.3,18.88,1.0,0.0,0.0,1.039,0.956,1.049,6,11,35,2,0,50,0,50,60,high_vol_range,45.72,75,,,
2026-03-18T15:15:00+05:30,portfolio_hist,PREMIUM,EXIT,iron_condor,23776.9,18.75,1.0,0.0,0.0,1.038,0.925,0.132,6,15,15,2,0,0,0,0,0,high_vol_range,0.0,0,Time exit,611.25,223
2026-03-18T15:16:00+05:30,portfolio_hist,TREND,EXIT,debit_spread,23778.6,18.76,1.0,0.0,0.0,1.038,0.932,0.132,6,15,16,2,0,0,0,0,0,high_vol_range,0.0,0,Time exit,-96.0,221
2026-03-18T11:32:00+05:30,portfolio_hist,PREMIUM,ENTER,iron_condor,23798.4,18.9,1.0,0.0,0.0,1.038,1.016,0.443,6,11,32,2,0,62,0,62,65,trending,49.0,75,,,
2026-03-18T11:35:00+05:30,portfolio_hist,TREND,ENTER,debit_spread,23784.3,18.88,1.0,0.0,0.0,1.039,0.956,1.049,6,11,35,2,0,50,0,50,60,high_vol_range,45.72,75,,,
2026-03-18T15:15:00+05:30,portfolio_hist,PREMIUM,EXIT,iron_condor,23776.9,18.75,1.0,0.0,0.0,1.038,0.925,0.132,6,15,15,2,0,0,0,0,0,high_vol_range,0.0,0,Time exit,611.25,223
2026-03-18T15:16:00+05:30,portfolio_hist,TREND,EXIT,debit_spread,23778.6,18.76,1.0,0.0,0.0,1.038,0.932,0.132,6,15,16,2,0,0,0,0,0,high_vol_range,0.0,0,Time exit,-96.0,221
2026-03-18T11:32:00+05:30,portfolio_hist,PREMIUM,ENTER,iron_condor,23798.4,18.9,1.0,0.0,0.0,1.038,1.016,0.443,6,11,32,2,0,62,0,62,65,trending,49.0,75,,,
2026-03-18T11:35:00+05:30,portfolio_hist,TREND,ENTER,debit_spread,23784.3,18.88,1.0,0.0,0.0,1.039,0.956,1.049,6,11,35,2,0,50,0,50,60,trending,45.72,75,,,
2026-03-18T15:15:00+05:30,portfolio_hist,PREMIUM,EXIT,iron_condor,23776.9,18.75,1.0,0.0,0.0,1.038,0.925,0.132,6,15,15,2,0,0,0,0,0,trending,0.0,0,Time exit,611.25,223
2026-03-18T15:16:00+05:30,portfolio_hist,TREND,EXIT,debit_spread,23778.6,18.76,1.0,0.0,0.0,1.038,0.932,0.132,6,15,16,2,0,0,0,0,0,trending,0.0,0,Time exit,-96.0,221
2026-03-18T11:32:00+05:30,portfolio_hist,PREMIUM,ENTER,iron_condor,23798.4,18.9,1.0,0.0,0.0,1.038,1.016,0.443,6,11,32,2,0,62,0,62,65,trending,49.0,75,,,
2026-03-18T11:35:00+05:30,portfolio_hist,TREND,ENTER,debit_spread,23784.3,18.88,1.0,0.0,0.0,1.039,0.956,1.049,6,11,35,2,0,50,0,50,60,trending,45.72,75,,,
2026-03-18T15:15:00+05:30,portfolio_hist,PREMIUM,EXIT,iron_condor,23776.9,18.75,1.0,0.0,0.0,1.038,0.925,0.132,6,15,15,2,0,0,0,0,0,trending,0.0,0,Time exit,611.25,223
2026-03-18T15:16:00+05:30,portfolio_hist,TREND,EXIT,debit_spread,23778.6,18.76,1.0,0.0,0.0,1.038,0.932,0.132,6,15,16,2,0,0,0,0,0,trending,0.0,0,Time exit,-96.0,221
2026-03-18T11:32:00+05:30,portfolio_hist,PREMIUM,ENTER,iron_condor,23798.4,18.9,1.0,0.0,0.0,1.038,1.016,0.443,6,11,32,2,0,62,0,62,65,trending,49.0,75,,,
2026-03-18T11:35:00+05:30,portfolio_hist,TREND,ENTER,debit_spread,23784.3,18.88,1.0,0.0,0.0,1.039,0.956,1.049,6,11,35,2,0,50,0,50,60,trending,45.72,75,,,
2026-03-18T15:15:00+05:30,portfolio_hist,PREMIUM,EXIT,iron_condor,23776.9,18.75,1.0,0.0,0.0,1.038,0.925,0.132,6,15,15,2,0,0,0,0,0,trending,0.0,0,Time exit,611.25,223
2026-03-18T15:16:00+05:30,portfolio_hist,TREND,EXIT,debit_spread,23778.6,18.76,1.0,0.0,0.0,1.038,0.932,0.132,6,15,16,2,0,0,0,0,0,trending,0.0,0,Time exit,-96.0,221
2026-03-18T11:32:00+05:30,portfolio_hist,PREMIUM,ENTER,iron_condor,23798.4,18.9,1.0,0.0,0.0,1.038,1.016,0.443,6,11,32,2,0,62,0,62,65,trending,49.0,75,,,
2026-03-18T11:35:00+05:30,portfolio_hist,TREND,ENTER,debit_spread,23784.3,18.88,1.0,0.0,0.0,1.039,0.956,1.049,6,11,35,2,0,50,0,50,60,trending,45.72,75,,,
2026-03-18T15:15:00+05:30,portfolio_hist,PREMIUM,EXIT,iron_condor,23776.9,18.75,1.0,0.0,0.0,1.038,0.925,0.132,6,15,15,2,0,0,0,0,0,trending,0.0,0,Time exit,611.25,223
2026-03-18T15:16:00+05:30,portfolio_hist,TREND,EXIT,debit_spread,23778.6,18.76,1.0,0.0,0.0,1.038,0.932,0.132,6,15,16,2,0,0,0,0,0,trending,0.0,0,Time exit,-96.0,221
2026-03-18T11:32:00+05:30,portfolio_hist,PREMIUM,ENTER,iron_condor,23798.4,18.9,1.0,0.0,0.0,1.038,1.016,0.443,6,11,32,2,0,62,0,62,65,trending,49.0,75,,,
2026-03-18T11:35:00+05:30,portfolio_hist,TREND,ENTER,debit_spread,23784.3,18.88,1.0,0.0,0.0,1.039,0.956,1.049,6,11,35,2,0,50,0,50,60,trending,45.72,75,,,
2026-03-18T15:15:00+05:30,portfolio_hist,PREMIUM,EXIT,iron_condor,23776.9,18.75,1.0,0.0,0.0,1.038,0.925,0.132,6,15,15,2,0,0,0,0,0,trending,0.0,0,Time exit,611.25,223
2026-03-18T15:16:00+05:30,portfolio_hist,TREND,EXIT,debit_spread,23778.6,18.76,1.0,0.0,0.0,1.038,0.932,0.132,6,15,16,2,0,0,0,0,0,trending,0.0,0,Time exit,-96.0,221
2026-03-18T11:32:00+05:30,portfolio_hist,PREMIUM,ENTER,iron_condor,23798.4,18.9,1.0,0.0,0.0,1.038,1.016,0.443,6,11,32,2,0,62,0,62,65,trending,49.0,75,,,
2026-03-18T11:35:00+05:30,portfolio_hist,TREND,ENTER,debit_spread,23784.3,18.88,1.0,0.0,0.0,1.039,0.956,1.049,6,11,35,2,0,50,0,50,60,trending,45.72,75,,,
2026-03-18T15:15:00+05:30,portfolio_hist,PREMIUM,EXIT,iron_condor,23776.9,18.75,1.0,0.0,0.0,1.038,0.925,0.132,6,15,15,2,0,0,0,0,0,conflicted,0.0,0,Time exit,611.25,223
2026-03-18T15:16:00+05:30,portfolio_hist,TREND,EXIT,debit_spread,23778.6,18.76,1.0,0.0,0.0,1.038,0.932,0.132,6,15,16,2,0,0,0,0,0,conflicted,0.0,0,Time exit,-96.0,221
2026-03-18T11:32:00+05:30,portfolio_hist,PREMIUM,ENTER,iron_condor,23798.4,18.9,1.0,0.0,0.0,1.038,1.016,0.443,6,11,32,2,0,62,0,62,65,trending,49.0,75,,,
2026-03-18T11:35:00+05:30,portfolio_hist,TREND,ENTER,debit_spread,23784.3,18.88,1.0,0.0,0.0,1.039,0.956,1.049,6,11,35,2,0,50,0,50,60,trending,45.72,75,,,
2026-03-18T15:15:00+05:30,portfolio_hist,PREMIUM,EXIT,iron_condor,23776.9,18.75,1.0,0.0,0.0,1.038,0.925,0.132,6,15,15,2,0,0,0,0,0,conflicted,0.0,0,Time exit,611.25,223
2026-03-18T15:16:00+05:30,portfolio_hist,TREND,EXIT,debit_spread,23778.6,18.76,1.0,0.0,0.0,1.038,0.932,0.132,6,15,16,2,0,0,0,0,0,conflicted,0.0,0,Time exit,-96.0,221
2026-03-18T11:32:00+05:30,portfolio_hist,PREMIUM,ENTER,iron_condor,23798.4,18.9,1.0,0.0,0.0,1.038,1.016,0.443,6,11,32,2,0,62,0,62,65,trending,75.85,75,,,
2026-03-18T11:35:00+05:30,portfolio_hist,TREND,ENTER,debit_spread,23784.3,18.88,1.0,0.0,0.0,1.039,0.956,1.049,6,11,35,2,0,50,0,50,60,trending,45.72,75,,,
2026-03-18T15:15:00+05:30,portfolio_hist,PREMIUM,EXIT,iron_condor,23776.9,18.75,1.0,0.0,0.0,1.038,0.925,0.132,6,15,15,2,0,0,0,0,0,conflicted,0.0,0,Time exit,512.25,223
2026-03-18T15:16:00+05:30,portfolio_hist,TREND,EXIT,debit_spread,23778.6,18.76,1.0,0.0,0.0,1.038,0.932,0.132,6,15,16,2,0,0,0,0,0,conflicted,0.0,0,Time exit,-96.0,221
