timestamp,strategy_id,leg,decision,mode,spot,vix,pcr_oi,max_pain,max_pain_dist_pct,iv_skew_ratio,move_from_open_pct,morning_range_pct,dte,hour,minute,day_of_week,is_expiry,rule_score,ai_adj,final_score,threshold,regime,entry_premium,quantity,exit_reason,outcome_pnl,held_minutes
2026-03-09T09:35:00+05:30,portfolio_replay,PREMIUM,SKIP,idle,23758.7,24.02,1.0,0.0,0.0,1.039,0.143,3.101,1,9,35,0,0,65,0,65,75,trending,0.0,0,,,
2026-03-09T09:40:00+05:30,portfolio_replay,PREMIUM,SKIP,idle,23767.35,24.15,1.0,0.0,0.0,1.039,0.18,3.101,1,9,40,0,0,52,0,52,75,trending,0.0,0,,,
2026-03-09T09:45:00+05:30,portfolio_replay,PREMIUM,SKIP,idle,23716.95,24.46,1.0,0.0,0.0,1.039,0.033,0.852,1,9,45,0,0,65,0,65,75,high_vol_range,0.0,0,,,
2026-03-09T09:50:00+05:30,portfolio_replay,PREMIUM,SKIP,idle,23761.4,24.19,1.0,0.0,0.0,1.039,0.154,0.368,1,9,50,0,0,64,0,64,75,high_vol_range,0.0,0,,,
2026-03-09T09:55:00+05:30,portfolio_replay,PREMIUM,SKIP,idle,23776.7,24.32,1.0,0.0,0.0,1.038,0.219,0.368,1,9,55,0,0,64,0,64,75,high_vol_range,0.0,0,,,
2026-03-09T10:00:00+05:30,portfolio_replay,PREMIUM,SKIP,idle,23769.0,24.29,1.0,0.0,0.0,1.039,0.187,0.322,1,10,0,0,0,64,0,64,65,high_vol_range,0.0,0,,,
2026-03-09T10:00:00+05:30,portfolio_replay,TREND,ENTER,debit_spread,23769.0,24.29,1.0,0.0,0.0,1.039,0.187,0.322,1,10,0,0,0,75,0,75,60,high_vol_range,32.74,75,,,
2026-03-09T10:02:00+05:30,portfolio_replay,PREMIUM,ENTER,iron_condor,23759.5,24.3,1.0,0.0,0.0,1.039,0.146,0.322,1,10,2,0,0,77,0,77,65,high_vol_range,39.13,75,,,
2026-03-09T11:10:00+05:30,portfolio_replay,PREMIUM,EXIT,iron_condor,23807.05,23.99,1.0,0.0,0.0,1.039,0.347,0.551,1,11,10,0,0,0,0,0,0,high_vol_range,0.0,0,Profit target: premium decayed 28.7%,843.0,68
2026-03-09T11:28:00+05:30,portfolio_replay,TREND,EXIT,debit_spread,23882.6,23.67,1.0,0.0,0.0,1.038,0.665,0.407,1,11,28,0,0,0,0,0,0,high_vol_range,0.0,0,Trend stop: lost 50.4%,-1238.25,88
2026-03-09T09:35:00+05:30,portfolio_replay,PREMIUM,SKIP,idle,23758.7,24.02,1.0,0.0,0.0,1.039,0.143,3.101,1,9,35,0,0,65,0,65,75,trending,0.0,0,,,
2026-03-09T09:40:00+05:30,portfolio_replay,PREMIUM,SKIP,idle,23767.35,24.15,1.0,0.0,0.0,1.039,0.18,3.101,1,9,40,0,0,52,0,52,75,trending,0.0,0,,,
2026-03-09T09:45:00+05:30,portfolio_replay,PREMIUM,SKIP,idle,23716.95,24.46,1.0,0.0,0.0,1.039,0.033,0.852,1,9,45,0,0,65,0,65,75,high_vol_range,0.0,0,,,
2026-03-09T09:50:00+05:30,portfolio_replay,PREMIUM,SKIP,idle,23761.4,24.19,1.0,0.0,0.0,1.039,0.154,0.368,1,9,50,0,0,64,0,64,75,high_vol_range,0.0,0,,,
2026-03-09T09:55:00+05:30,portfolio_replay,PREMIUM,SKIP,idle,23776.7,24.32,1.0,0.0,0.0,1.038,0.219,0.368,1,9,55,0,0,64,0,64,75,high_vol_range,0.0,0,,,
2026-03-09T10:00:00+05:30,portfolio_replay,PREMIUM,SKIP,idle,23769.0,24.29,1.0,0.0,0.0,1.039,0.187,0.322,1,10,0,0,0,64,0,64,65,high_vol_range,0.0,0,,,
2026-03-09T10:00:00+05:30,portfolio_replay,TREND,ENTER,debit_spread,23769.0,24.29,1.0,0.0,0.0,1.039,0.187,0.322,1,10,0,0,0,75,0,75,60,high_vol_range,32.74,75,,,
2026-03-09T10:02:00+05:30,portfolio_replay,PREMIUM,ENTER,iron_condor,23759.5,24.3,1.0,0.0,0.0,1.039,0.146,0.322,1,10,2,0,0,77,0,77,65,high_vol_range,39.13,75,,,
2026-03-09T11:10:00+05:30,portfolio_replay,PREMIUM,EXIT,iron_condor,23807.05,23.99,1.0,0.0,0.0,1.039,0.347,0.551,1,11,10,0,0,0,0,0,0,high_vol_range,0.0,0,Profit target: premium decayed 28.7%,843.0,68
2026-03-09T11:28:00+05:30,portfolio_replay,TREND,EXIT,debit_spread,23882.6,23.67,1.0,0.0,0.0,1.038,0.665,0.407,1,11,28,0,0,0,0,0,0,high_vol_range,0.0,0,Trend stop: lost 50.4%,-1238.25,88
2026-03-09T09:35:00+05:30,portfolio_replay,PREMIUM,SKIP,idle,23758.7,24.02,1.0,0.0,0.0,1.039,0.143,3.101,1,9,35,0,0,65,0,65,75,trending,0.0,0,,,
2026-03-09T09:40:00+05:30,portfolio_replay,PREMIUM,SKIP,idle,23767.35,24.15,1.0,0.0,0.0,1.039,0.18,3.101,1,9,40,0,0,52,0,52,75,trending,0.0,0,,,
2026-03-09T09:45:00+05:30,portfolio_replay,PREMIUM,SKIP,idle,23716.95,24.46,1.0,0.0,0.0,1.039,0.033,0.852,1,9,45,0,0,65,0,65,75,high_vol_range,0.0,0,,,
2026-03-09T09:50:00+05:30,portfolio_replay,PREMIUM,SKIP,idle,23761.4,24.19,1.0,0.0,0.0,1.039,0.154,0.368,1,9,50,0,0,64,0,64,75,high_vol_range,0.0,0,,,
2026-03-09T09:55:00+05:30,portfolio_replay,PREMIUM,SKIP,idle,23776.7,24.32,1.0,0.0,0.0,1.038,0.219,0.368,1,9,55,0,0,64,0,64,75,high_vol_range,0.0,0,,,
2026-03-09T10:00:00+05:30,portfolio_replay,PREMIUM,SKIP,idle,23769.0,24.29,1.0,0.0,0.0,1.039,0.187,0.322,1,10,0,0,0,64,0,64,65,high_vol_range,0.0,0,,,
2026-03-09T10:00:00+05:30,portfolio_replay,TREND,ENTER,debit_spread,23769.0,24.29,1.0,0.0,0.0,1.039,0.187,0.322,1,10,0,0,0,75,0,75,60,high_vol_range,32.74,75,,,
2026-03-09T10:02:00+05:30,portfolio_replay,PREMIUM,ENTER,iron_condor,23759.5,24.3,1.0,0.0,0.0,1.039,0.146,0.322,1,10,2,0,0,77,0,77,65,high_vol_range,39.13,75,,,
2026-03-09T11:28:00+05:30,portfolio_replay,TREND,EXIT,debit_spread,23882.6,23.67,1.0,0.0,0.0,1.038,0.665,0.407,1,11,28,0,0,0,0,0,0,high_vol_range,0.0,0,Trend stop: lost 50.4%,-1238.25,88
2026-03-09T12:06:00+05:30,portfolio_replay,PREMIUM,EXIT,iron_condor,23868.2,23.67,1.0,0.0,0.0,1.038,0.605,0.235,1,12,6,0,0,0,0,0,0,high_vol_range,0.0,0,Profit target: premium decayed 35.5%,1043.25,124
2026-03-09T09:35:00+05:30,portfolio_replay,PREMIUM,SKIP,idle,23758.7,24.02,1.0,0.0,0.0,1.039,0.143,3.101,1,9,35,0,0,65,0,65,75,trending,0.0,0,,,
2026-03-09T09:40:00+05:30,portfolio_replay,PREMIUM,SKIP,idle,23767.35,24.15,1.0,0.0,0.0,1.039,0.18,3.101,1,9,40,0,0,52,0,52,75,trending,0.0,0,,,
2026-03-09T09:45:00+05:30,portfolio_replay,PREMIUM,SKIP,idle,23716.95,24.46,1.0,0.0,0.0,1.039,0.033,0.852,1,9,45,0,0,65,0,65,75,high_vol_range,0.0,0,,,
2026-03-09T09:50:00+05:30,portfolio_replay,PREMIUM,SKIP,idle,23761.4,24.19,1.0,0.0,0.0,1.039,0.154,0.368,1,9,50,0,0,64,0,64,75,high_vol_range,0.0,0,,,
2026-03-09T09:55:00+05:30,portfolio_replay,PREMIUM,SKIP,idle,23776.7,24.32,1.0,0.0,0.0,1.038,0.219,0.368,1,9,55,0,0,64,0,64,75,high_vol_range,0.0,0,,,
2026-03-09T10:00:00+05:30,portfolio_replay,PREMIUM,SKIP,idle,23769.0,24.29,1.0,0.0,0.0,1.039,0.187,0.322,1,10,0,0,0,64,0,64,65,high_vol_range,0.0,0,,,
2026-03-09T10:00:00+05:30,portfolio_replay,TREND,ENTER,debit_spread,23769.0,24.29,1.0,0.0,0.0,1.039,0.187,0.322,1,10,0,0,0,75,0,75,60,high_vol_range,32.74,75,,,
2026-03-09T10:02:00+05:30,portfolio_replay,PREMIUM,ENTER,iron_condor,23759.5,24.3,1.0,0.0,0.0,1.039,0.146,0.322,1,10,2,0,0,77,0,77,65,high_vol_range,39.13,75,,,
2026-03-09T11:28:00+05:30,portfolio_replay,TREND,EXIT,debit_spread,23882.6,23.67,1.0,0.0,0.0,1.038,0.665,0.407,1,11,28,0,0,0,0,0,0,high_vol_range,0.0,0,Trend stop: lost 50.4%,-1238.25,88
2026-03-09T12:09:00+05:30,portfolio_replay,PREMIUM,EXIT,iron_condor,23841.95,23.81,1.0,0.0,0.0,1.039,0.494,0.235,1,12,9,0,0,0,0,0,0,high_vol_range,0.0,0,Profit target: premium decayed 45.4%,1332.0,127
2026-03-09T09:35:00+05:30,portfolio_replay,PREMIUM,SKIP,idle,23758.7,24.02,1.0,0.0,0.0,1.039,0.143,3.101,1,9,35,0,0,65,0,65,75,trending,0.0,0,,,
2026-03-09T09:40:00+05:30,portfolio_replay,PREMIUM,SKIP,idle,23767.35,24.15,1.0,0.0,0.0,1.039,0.18,3.101,1,9,40,0,0,52,0,52,75,trending,0.0,0,,,
2026-03-09T09:45:00+05:30,portfolio_replay,PREMIUM,SKIP,idle,23716.95,24.46,1.0,0.0,0.0,1.039,0.033,0.852,1,9,45,0,0,65,0,65,75,high_vol_range,0.0,0,,,
2026-03-09T09:50:00+05:30,portfolio_replay,PREMIUM,SKIP,idle,23761.4,24.19,1.0,0.0,0.0,1.039,0.154,0.368,1,9,50,0,0,64,0,64,75,high_vol_range,0.0,0,,,
2026-03-09T09:55:00+05:30,portfolio_replay,PREMIUM,SKIP,idle,23776.7,24.32,1.0,0.0,0.0,1.038,0.219,0.368,1,9,55,0,0,64,0,64,75,high_vol_range,0.0,0,,,
2026-03-09T10:00:00+05:30,portfolio_replay,PREMIUM,SKIP,idle,23769.0,24.29,1.0,0.0,0.0,1.039,0.187,0.322,1,10,0,0,0,64,0,64,65,high_vol_range,0.0,0,,,
2026-03-09T10:00:00+05:30,portfolio_replay,TREND,ENTER,debit_spread,23769.0,24.29,1.0,0.0,0.0,1.039,0.187,0.322,1,10,0,0,0,75,0,75,60,high_vol_range,32.74,75,,,
2026-03-09T10:02:00+05:30,portfolio_replay,PREMIUM,ENTER,iron_condor,23759.5,24.3,1.0,0.0,0.0,1.039,0.146,0.322,1,10,2,0,0,77,0,77,65,high_vol_range,39.13,75,,,
2026-03-09T11:10:00+05:30,portfolio_replay,PREMIUM,EXIT,iron_condor,23807.05,23.99,1.0,0.0,0.0,1.039,0.347,0.551,1,11,10,0,0,0,0,0,0,high_vol_range,0.0,0,Profit target: premium decayed 28.7%,843.0,68
2026-03-09T11:28:00+05:30,portfolio_replay,TREND,EXIT,debit_spread,23882.6,23.67,1.0,0.0,0.0,1.038,0.665,0.407,1,11,28,0,0,0,0,0,0,high_vol_range,0.0,0,Trend stop: lost 50.4%,-1238.25,88
2026-03-09T09:35:00+05:30,portfolio_replay,PREMIUM,SKIP,idle,23758.7,24.02,1.0,0.0,0.0,1.039,0.143,3.101,1,9,35,0,0,65,0,65,75,trending,0.0,0,,,
2026-03-09T09:40:00+05:30,portfolio_replay,PREMIUM,SKIP,idle,23767.35,24.15,1.0,0.0,0.0,1.039,0.18,3.101,1,9,40,0,0,52,0,52,75,trending,0.0,0,,,
2026-03-09T09:45:00+05:30,portfolio_replay,PREMIUM,SKIP,idle,23716.95,24.46,1.0,0.0,0.0,1.039,0.033,0.852,1,9,45,0,0,65,0,65,75,high_vol_range,0.0,0,,,
2026-03-09T09:50:00+05:30,portfolio_replay,PREMIUM,SKIP,idle,23761.4,24.19,1.0,0.0,0.0,1.039,0.154,0.368,1,9,50,0,0,64,0,64,75,high_vol_range,0.0,0,,,
2026-03-09T09:55:00+05:30,portfolio_replay,PREMIUM,SKIP,idle,23776.7,24.32,1.0,0.0,0.0,1.038,0.219,0.368,1,9,55,0,0,64,0,64,75,high_vol_range,0.0,0,,,
2026-03-09T10:00:00+05:30,portfolio_replay,PREMIUM,SKIP,idle,23769.0,24.29,1.0,0.0,0.0,1.039,0.187,0.322,1,10,0,0,0,64,0,64,65,high_vol_range,0.0,0,,,
2026-03-09T10:00:00+05:30,portfolio_replay,TREND,ENTER,debit_spread,23769.0,24.29,1.0,0.0,0.0,1.039,0.187,0.322,1,10,0,0,0,75,0,75,60,high_vol_range,32.74,75,,,
2026-03-09T10:02:00+05:30,portfolio_replay,PREMIUM,ENTER,iron_condor,23759.5,24.3,1.0,0.0,0.0,1.039,0.146,0.322,1,10,2,0,0,77,0,77,65,high_vol_range,39.13,75,,,
2026-03-09T11:10:00+05:30,portfolio_replay,PREMIUM,EXIT,iron_condor,23807.05,23.99,1.0,0.0,0.0,1.039,0.347,0.551,1,11,10,0,0,0,0,0,0,high_vol_range,0.0,0,Profit target: premium decayed 28.7%,843.0,68
2026-03-09T11:28:00+05:30,portfolio_replay,TREND,EXIT,debit_spread,23882.6,23.67,1.0,0.0,0.0,1.038,0.665,0.407,1,11,28,0,0,0,0,0,0,high_vol_range,0.0,0,Trend stop: lost 50.4%,-1238.25,88
2026-03-09T09:30:00+05:30,portfolio_replay,PREMIUM,SKIP,idle,23775.1,23.68,1.0,0.0,0.0,1.038,0.212,3.13,1,9,30,0,0,52,0,52,65,trending,0.0,0,,,
2026-03-09T09:32:00+05:30,portfolio_replay,PREMIUM,ENTER,iron_condor,23752.65,23.67,1.0,0.0,0.0,1.039,0.118,3.13,1,9,32,0,0,65,0,65,65,trending,41.53,75,,,
2026-03-09T10:00:00+05:30,portfolio_replay,TREND,ENTER,debit_spread,23769.0,24.29,1.0,0.0,0.0,1.039,0.187,0.322,1,10,0,0,0,75,0,75,60,high_vol_range,32.74,75,,,
2026-03-09T10:50:00+05:30,portfolio_replay,PREMIUM,EXIT,iron_condor,23791.85,24.16,1.0,0.0,0.0,1.038,0.283,0.14,1,10,50,0,0,0,0,0,0,high_vol_range,0.0,0,Profit target: premium decayed 25.8%,804.0,78
2026-03-09T10:51:00+05:30,portfolio_replay,PREMIUM,ENTER,iron_condor,23845.9,23.83,1.0,0.0,0.0,1.038,0.511,0.14,1,10,51,0,0,65,0,65,65,high_vol_range,34.24,75,,,
2026-03-09T11:28:00+05:30,portfolio_replay,TREND,EXIT,debit_spread,23882.6,23.67,1.0,0.0,0.0,1.038,0.665,0.407,1,11,28,0,0,0,0,0,0,high_vol_range,0.0,0,Trend stop: lost 50.4%,-1238.25,88
2026-03-09T11:55:00+05:30,portfolio_replay,PREMIUM,EXIT,iron_condor,23884.4,23.65,1.0,0.0,0.0,1.038,0.673,0.335,1,11,55,0,0,0,0,0,0,high_vol_range,0.0,0,Profit target: premium decayed 26.8%,689.25,64
2026-03-09T09:35:00+05:30,portfolio_replay,PREMIUM,SKIP,idle,23758.7,24.02,1.0,0.0,0.0,1.039,0.143,3.101,1,9,35,0,0,65,0,65,70,trending,0.0,0,,,
2026-03-09T09:40:00+05:30,portfolio_replay,PREMIUM,SKIP,idle,23767.35,24.15,1.0,0.0,0.0,1.039,0.18,3.101,1,9,40,0,0,52,0,52,70,trending,0.0,0,,,
2026-03-09T09:45:00+05:30,portfolio_replay,PREMIUM,SKIP,idle,23716.95,24.46,1.0,0.0,0.0,1.039,0.033,0.852,1,9,45,0,0,65,0,65,70,high_vol_range,0.0,0,,,
2026-03-09T09:50:00+05:30,portfolio_replay,PREMIUM,SKIP,idle,23761.4,24.19,1.0,0.0,0.0,1.039,0.154,0.368,1,9,50,0,0,64,0,64,70,high_vol_range,0.0,0,,,
2026-03-09T09:55:00+05:30,portfolio_replay,PREMIUM,SKIP,idle,23776.7,24.32,1.0,0.0,0.0,1.038,0.219,0.368,1,9,55,0,0,64,0,64,70,high_vol_range,0.0,0,,,
2026-03-09T10:00:00+05:30,portfolio_replay,PREMIUM,SKIP,idle,23769.0,24.29,1.0,0.0,0.0,1.039,0.187,0.322,1,10,0,0,0,64,0,64,65,high_vol_range,0.0,0,,,
2026-03-09T10:00:00+05:30,portfolio_replay,TREND,ENTER,debit_spread,23769.0,24.29,1.0,0.0,0.0,1.039,0.187,0.322,1,10,0,0,0,75,0,75,60,high_vol_range,32.74,75,,,
2026-03-09T10:02:00+05:30,portfolio_replay,PREMIUM,ENTER,iron_condor,23759.5,24.3,1.0,0.0,0.0,1.039,0.146,0.322,1,10,2,0,0,77,0,77,65,high_vol_range,39.13,75,,,
2026-03-09T11:10:00+05:30,portfolio_replay,PREMIUM,EXIT,iron_condor,23807.05,23.99,1.0,0.0,0.0,1.039,0.347,0.551,1,11,10,0,0,0,0,0,0,high_vol_range,0.0,0,Profit target: premium decayed 28.7%,843.0,68
2026-03-09T11:28:00+05:30,portfolio_replay,TREND,EXIT,debit_spread,23882.6,23.67,1.0,0.0,0.0,1.038,0.665,0.407,1,11,28,0,0,0,0,0,0,high_vol_range,0.0,0,Trend stop: lost 50.4%,-1238.25,88
2026-03-09T09:35:00+05:30,portfolio_replay,PREMIUM,SKIP,idle,23758.7,24.02,1.0,0.0,0.0,1.039,0.143,3.101,1,9,35,0,0,65,0,65,75,trending,0.0,0,,,
2026-03-09T09:40:00+05:30,portfolio_replay,PREMIUM,SKIP,idle,23767.35,24.15,1.0,0.0,0.0,1.039,0.18,3.101,1,9,40,0,0,52,0,52,75,trending,0.0,0,,,
2026-03-09T09:45:00+05:30,portfolio_replay,PREMIUM,SKIP,idle,23716.95,24.46,1.0,0.0,0.0,1.039,0.033,0.852,1,9,45,0,0,65,0,65,75,high_vol_range,0.0,0,,,
2026-03-09T09:50:00+05:30,portfolio_replay,PREMIUM,SKIP,idle,23761.4,24.19,1.0,0.0,0.0,1.039,0.154,0.368,1,9,50,0,0,64,0,64,75,high_vol_range,0.0,0,,,
2026-03-09T09:55:00+05:30,portfolio_replay,PREMIUM,SKIP,idle,23776.7,24.32,1.0,0.0,0.0,1.038,0.219,0.368,1,9,55,0,0,64,0,64,75,high_vol_range,0.0,0,,,
2026-03-09T10:00:00+05:30,portfolio_replay,PREMIUM,SKIP,idle,23769.0,24.29,1.0,0.0,0.0,1.039,0.187,0.322,1,10,0,0,0,64,0,64,65,high_vol_range,0.0,0,,,
2026-03-09T10:00:00+05:30,portfolio_replay,TREND,ENTER,debit_spread,23769.0,24.29,1.0,0.0,0.0,1.039,0.187,0.322,1,10,0,0,0,75,0,75,60,high_vol_range,32.74,75,,,
2026-03-09T10:02:00+05:30,portfolio_replay,PREMIUM,ENTER,iron_condor,23759.5,24.3,1.0,0.0,0.0,1.039,0.146,0.322,1,10,2,0,0,77,0,77,65,high_vol_range,39.13,75,,,
2026-03-09T11:28:00+05:30,portfolio_replay,TREND,EXIT,debit_spread,23882.6,23.67,1.0,0.0,0.0,1.038,0.665,0.407,1,11,28,0,0,0,0,0,0,high_vol_range,0.0,0,Trend stop: lost 50.4%,-1238.25,88
2026-03-09T12:06:00+05:30,portfolio_replay,PREMIUM,EXIT,iron_condor,23868.2,23.67,1.0,0.0,0.0,1.038,0.605,0.235,1,12,6,0,0,0,0,0,0,high_vol_range,0.0,0,Profit target: premium decayed 35.5%,1043.25,124
2026-03-09T09:30:00+05:30,portfolio_replay,PREMIUM,SKIP,idle,23775.1,23.68,1.0,0.0,0.0,1.038,0.212,3.13,1,9,30,0,0,52,0,52,65,trending,0.0,0,,,
2026-03-09T09:32:00+05:30,portfolio_replay,PREMIUM,ENTER,iron_condor,23752.65,23.67,1.0,0.0,0.0,1.039,0.118,3.13,1,9,32,0,0,65,0,65,65,trending,41.53,75,,,
2026-03-09T10:00:00+05:30,portfolio_replay,TREND,ENTER,debit_spread,23769.0,24.29,1.0,0.0,0.0,1.039,0.187,0.322,1,10,0,0,0,75,0,75,60,high_vol_range,32.74,75,,,
2026-03-09T11:12:00+05:30,portfolio_replay,PREMIUM,EXIT,iron_condor,23789.25,24.08,1.0,0.0,0.0,1.038,0.272,0.551,1,11,12,0,0,0,0,0,0,high_vol_range,0.0,0,Profit target: premium decayed 35.3%,1098.0,100
2026-03-09T11:28:00+05:30,portfolio_replay,TREND,EXIT,debit_spread,23882.6,23.67,1.0,0.0,0.0,1.038,0.665,0.407,1,11,28,0,0,0,0,0,0,high_vol_range,0.0,0,Trend stop: lost 50.4%,-1238.25,88
2026-03-09T09:35:00+05:30,portfolio_replay,PREMIUM,SKIP,idle,23758.7,24.02,1.0,0.0,0.0,1.039,0.143,3.101,1,9,35,0,0,65,0,65,70,trending,0.0,0,,,
2026-03-09T09:40:00+05:30,portfolio_replay,PREMIUM,SKIP,idle,23767.35,24.15,1.0,0.0,0.0,1.039,0.18,3.101,1,9,40,0,0,52,0,52,70,trending,0.0,0,,,
2026-03-09T09:45:00+05:30,portfolio_replay,PREMIUM,SKIP,idle,23716.95,24.46,1.0,0.0,0.0,1.039,0.033,0.852,1,9,45,0,0,65,0,65,70,high_vol_range,0.0,0,,,
2026-03-09T09:50:00+05:30,portfolio_replay,PREMIUM,SKIP,idle,23761.4,24.19,1.0,0.0,0.0,1.039,0.154,0.368,1,9,50,0,0,64,0,64,70,high_vol_range,0.0,0,,,
2026-03-09T09:55:00+05:30,portfolio_replay,PREMIUM,SKIP,idle,23776.7,24.32,1.0,0.0,0.0,1.038,0.219,0.368,1,9,55,0,0,64,0,64,70,high_vol_range,0.0,0,,,
2026-03-09T10:00:00+05:30,portfolio_replay,PREMIUM,SKIP,idle,23769.0,24.29,1.0,0.0,0.0,1.039,0.187,0.322,1,10,0,0,0,64,0,64,65,high_vol_range,0.0,0,,,
2026-03-09T10:00:00+05:30,portfolio_replay,TREND,ENTER,debit_spread,23769.0,24.29,1.0,0.0,0.0,1.039,0.187,0.322,1,10,0,0,0,75,0,75,60,high_vol_range,32.74,75,,,
2026-03-09T10:02:00+05:30,portfolio_replay,PREMIUM,ENTER,iron_condor,23759.5,24.3,1.0,0.0,0.0,1.039,0.146,0.322,1,10,2,0,0,77,0,77,65,high_vol_range,39.13,75,,,
2026-03-09T11:28:00+05:30,portfolio_replay,TREND,EXIT,debit_spread,23882.6,23.67,1.0,0.0,0.0,1.038,0.665,0.407,1,11,28,0,0,0,0,0,0,high_vol_range,0.0,0,Trend stop: lost 50.4%,-1238.25,88
2026-03-09T12:06:00+05:30,portfolio_replay,PREMIUM,EXIT,iron_condor,23868.2,23.67,1.0,0.0,0.0,1.038,0.605,0.235,1,12,6,0,0,0,0,0,0,high_vol_range,0.0,0,Profit target: premium decayed 35.5%,1043.25,124
2026-03-09T09:30:00+05:30,portfolio_replay,PREMIUM,SKIP,idle,23775.1,23.68,1.0,0.0,0.0,1.038,0.212,3.13,1,9,30,0,0,52,0,52,65,trending,0.0,0,,,
2026-03-09T09:32:00+05:30,portfolio_replay,PREMIUM,ENTER,iron_condor,23752.65,23.67,1.0,0.0,0.0,1.039,0.118,3.13,1,9,32,0,0,65,0,65,65,trending,41.53,75,,,
2026-03-09T10:00:00+05:30,portfolio_replay,TREND,ENTER,debit_spread,23769.0,24.29,1.0,0.0,0.0,1.039,0.187,0.322,1,10,0,0,0,75,0,75,60,high_vol_range,32.74,75,,,
2026-03-09T11:28:00+05:30,portfolio_replay,TREND,EXIT,debit_spread,23882.6,23.67,1.0,0.0,0.0,1.038,0.665,0.407,1,11,28,0,0,0,0,0,0,high_vol_range,0.0,0,Trend stop: lost 50.4%,-1238.25,88
2026-03-09T12:09:00+05:30,portfolio_replay,PREMIUM,EXIT,iron_condor,23841.95,23.81,1.0,0.0,0.0,1.039,0.494,0.235,1,12,9,0,0,0,0,0,0,high_vol_range,0.0,0,Profit target: premium decayed 48.5%,1512.0,157
2026-03-09T09:35:00+05:30,portfolio_replay,PREMIUM,SKIP,idle,23758.7,24.02,1.0,0.0,0.0,1.039,0.143,3.101,1,9,35,0,0,65,0,65,75,trending,0.0,0,,,
2026-03-09T09:40:00+05:30,portfolio_replay,PREMIUM,SKIP,idle,23767.35,24.15,1.0,0.0,0.0,1.039,0.18,3.101,1,9,40,0,0,52,0,52,75,trending,0.0,0,,,
2026-03-09T09:45:00+05:30,portfolio_replay,PREMIUM,SKIP,idle,23716.95,24.46,1.0,0.0,0.0,1.039,0.033,0.852,1,9,45,0,0,65,0,65,75,high_vol_range,0.0,0,,,
2026-03-09T09:50:00+05:30,portfolio_replay,PREMIUM,SKIP,idle,23761.4,24.19,1.0,0.0,0.0,1.039,0.154,0.368,1,9,50,0,0,64,0,64,75,high_vol_range,0.0,0,,,
2026-03-09T09:55:00+05:30,portfolio_replay,PREMIUM,SKIP,idle,23776.7,24.32,1.0,0.0,0.0,1.038,0.219,0.368,1,9,55,0,0,64,0,64,75,high_vol_range,0.0,0,,,
2026-03-09T10:00:00+05:30,portfolio_replay,PREMIUM,SKIP,idle,23769.0,24.29,1.0,0.0,0.0,1.039,0.187,0.322,1,10,0,0,0,64,0,64,65,high_vol_range,0.0,0,,,
2026-03-09T10:00:00+05:30,portfolio_replay,TREND,ENTER,debit_spread,23769.0,24.29,1.0,0.0,0.0,1.039,0.187,0.322,1,10,0,0,0,75,0,75,60,high_vol_range,32.74,75,,,
2026-03-09T10:02:00+05:30,portfolio_replay,PREMIUM,ENTER,iron_condor,23759.5,24.3,1.0,0.0,0.0,1.039,0.146,0.322,1,10,2,0,0,77,0,77,65,high_vol_range,39.13,75,,,
2026-03-09T11:10:00+05:30,portfolio_replay,PREMIUM,EXIT,iron_condor,23807.05,23.99,1.0,0.0,0.0,1.039,0.347,0.551,1,11,10,0,0,0,0,0,0,high_vol_range,0.0,0,Profit target: premium decayed 28.7%,843.0,68
2026-03-09T11:28:00+05:30,portfolio_replay,TREND,EXIT,debit_spread,23882.6,23.67,1.0,0.0,0.0,1.038,0.665,0.407,1,11,28,0,0,0,0,0,0,high_vol_range,0.0,0,Trend stop: lost 50.4%,-1238.25,88
2026-03-09T09:35:00+05:30,portfolio_replay,PREMIUM,SKIP,idle,23758.7,24.02,1.0,0.0,0.0,1.039,0.143,3.101,1,9,35,0,0,65,0,65,75,trending,0.0,0,,,
2026-03-09T09:40:00+05:30,portfolio_replay,PREMIUM,SKIP,idle,23767.35,24.15,1.0,0.0,0.0,1.039,0.18,3.101,1,9,40,0,0,52,0,52,75,trending,0.0,0,,,
2026-03-09T09:45:00+05:30,portfolio_replay,PREMIUM,SKIP,idle,23716.95,24.46,1.0,0.0,0.0,1.039,0.033,0.852,1,9,45,0,0,65,0,65,75,high_vol_range,0.0,0,,,
2026-03-09T09:50:00+05:30,portfolio_replay,PREMIUM,SKIP,idle,23761.4,24.19,1.0,0.0,0.0,1.039,0.154,0.368,1,9,50,0,0,64,0,64,75,high_vol_range,0.0,0,,,
2026-03-09T09:55:00+05:30,portfolio_replay,PREMIUM,SKIP,idle,23776.7,24.32,1.0,0.0,0.0,1.038,0.219,0.368,1,9,55,0,0,64,0,64,75,high_vol_range,0.0,0,,,
2026-03-09T10:00:00+05:30,portfolio_replay,PREMIUM,SKIP,idle,23769.0,24.29,1.0,0.0,0.0,1.039,0.187,0.322,1,10,0,0,0,64,0,64,65,high_vol_range,0.0,0,,,
2026-03-09T10:00:00+05:30,portfolio_replay,TREND,ENTER,debit_spread,23769.0,24.29,1.0,0.0,0.0,1.039,0.187,0.322,1,10,0,0,0,75,0,75,60,high_vol_range,32.74,75,,,
2026-03-09T10:02:00+05:30,portfolio_replay,PREMIUM,ENTER,iron_condor,23759.5,24.3,1.0,0.0,0.0,1.039,0.146,0.322,1,10,2,0,0,77,0,77,65,high_vol_range,39.13,75,,,
2026-03-09T11:28:00+05:30,portfolio_replay,TREND,EXIT,debit_spread,23882.6,23.67,1.0,0.0,0.0,1.038,0.665,0.407,1,11,28,0,0,0,0,0,0,high_vol_range,0.0,0,Trend stop: lost 50.4%,-1238.25,88
2026-03-09T12:08:00+05:30,portfolio_replay,PREMIUM,EXIT,iron_condor,23855.6,23.76,1.0,0.0,0.0,1.038,0.552,0.235,1,12,8,0,0,0,0,0,0,high_vol_range,0.0,0,Profit target: premium decayed 40.7%,1193.25,126
2026-03-09T09:35:00+05:30,portfolio_replay,PREMIUM,SKIP,idle,23758.7,24.02,1.0,0.0,0.0,1.039,0.143,3.101,1,9,35,0,0,65,0,65,75,trending,0.0,0,,,
2026-03-09T09:40:00+05:30,portfolio_replay,PREMIUM,SKIP,idle,23767.35,24.15,1.0,0.0,0.0,1.039,0.18,3.101,1,9,40,0,0,52,0,52,75,trending,0.0,0,,,
2026-03-09T09:45:00+05:30,portfolio_replay,PREMIUM,SKIP,idle,23716.95,24.46,1.0,0.0,0.0,1.039,0.033,0.852,1,9,45,0,0,65,0,65,75,high_vol_range,0.0,0,,,
2026-03-09T09:50:00+05:30,portfolio_replay,PREMIUM,SKIP,idle,23761.4,24.19,1.0,0.0,0.0,1.039,0.154,0.368,1,9,50,0,0,64,0,64,75,high_vol_range,0.0,0,,,
2026-03-09T09:55:00+05:30,portfolio_replay,PREMIUM,SKIP,idle,23776.7,24.32,1.0,0.0,0.0,1.038,0.219,0.368,1,9,55,0,0,64,0,64,75,high_vol_range,0.0,0,,,
2026-03-09T10:00:00+05:30,portfolio_replay,PREMIUM,SKIP,idle,23769.0,24.29,1.0,0.0,0.0,1.039,0.187,0.322,1,10,0,0,0,64,0,64,65,high_vol_range,0.0,0,,,
2026-03-09T10:00:00+05:30,portfolio_replay,TREND,ENTER,debit_spread,23769.0,24.29,1.0,0.0,0.0,1.039,0.187,0.322,1,10,0,0,0,75,0,75,60,high_vol_range,32.74,75,,,
2026-03-09T10:02:00+05:30,portfolio_replay,PREMIUM,ENTER,iron_condor,23759.5,24.3,1.0,0.0,0.0,1.039,0.146,0.322,1,10,2,0,0,77,0,77,65,high_vol_range,39.13,75,,,
2026-03-09T11:28:00+05:30,portfolio_replay,TREND,EXIT,debit_spread,23882.6,23.67,1.0,0.0,0.0,1.038,0.665,0.407,1,11,28,0,0,0,0,0,0,high_vol_range,0.0,0,Trend stop: lost 50.4%,-1238.25,88
2026-03-09T12:09:00+05:30,portfolio_replay,PREMIUM,EXIT,iron_condor,23841.95,23.81,1.0,0.0,0.0,1.039,0.494,0.235,1,12,9,0,0,0,0,0,0,high_vol_range,0.0,0,Profit target: premium decayed 45.4%,1332.0,127
2026-03-09T09:35:00+05:30,portfolio_replay,PREMIUM,SKIP,idle,23758.7,24.02,1.0,0.0,0.0,1.039,0.143,3.101,1,9,35,0,0,65,0,65,75,trending,0.0,0,,,
2026-03-09T09:40:00+05:30,portfolio_replay,PREMIUM,SKIP,idle,23767.35,24.15,1.0,0.0,0.0,1.039,0.18,3.101,1,9,40,0,0,52,0,52,75,trending,0.0,0,,,
2026-03-09T09:45:00+05:30,portfolio_replay,PREMIUM,SKIP,idle,23716.95,24.46,1.0,0.0,0.0,1.039,0.033,0.852,1,9,45,0,0,65,0,65,75,high_vol_range,0.0,0,,,
2026-03-09T09:50:00+05:30,portfolio_replay,PREMIUM,SKIP,idle,23761.4,24.19,1.0,0.0,0.0,1.039,0.154,0.368,1,9,50,0,0,64,0,64,75,high_vol_range,0.0,0,,,
2026-03-09T09:55:00+05:30,portfolio_replay,PREMIUM,SKIP,idle,23776.7,24.32,1.0,0.0,0.0,1.038,0.219,0.368,1,9,55,0,0,64,0,64,75,high_vol_range,0.0,0,,,
2026-03-09T10:00:00+05:30,portfolio_replay,PREMIUM,SKIP,idle,23769.0,24.29,1.0,0.0,0.0,1.039,0.187,0.322,1,10,0,0,0,64,0,64,65,high_vol_range,0.0,0,,,
2026-03-09T10:00:00+05:30,portfolio_replay,TREND,ENTER,debit_spread,23769.0,24.29,1.0,0.0,0.0,1.039,0.187,0.322,1,10,0,0,0,75,0,75,60,high_vol_range,32.74,75,,,
2026-03-09T10:02:00+05:30,portfolio_replay,PREMIUM,ENTER,iron_condor,23759.5,24.3,1.0,0.0,0.0,1.039,0.146,0.322,1,10,2,0,0,77,0,77,65,high_vol_range,39.13,75,,,
2026-03-09T11:28:00+05:30,portfolio_replay,TREND,EXIT,debit_spread,23882.6,23.67,1.0,0.0,0.0,1.038,0.665,0.407,1,11,28,0,0,0,0,0,0,high_vol_range,0.0,0,Trend stop: lost 50.4%,-1238.25,88
2026-03-09T12:32:00+05:30,portfolio_replay,PREMIUM,EXIT,iron_condor,23851.25,23.93,1.0,0.0,0.0,1.038,0.533,0.17,1,12,32,0,0,0,0,0,0,high_vol_range,0.0,0,Profit target: premium decayed 51.2%,1502.25,150
2026-03-09T09:35:00+05:30,portfolio_replay,PREMIUM,SKIP,idle,23758.7,24.02,1.0,0.0,0.0,1.039,0.143,3.101,1,9,35,0,0,65,0,65,75,trending,0.0,0,,,
2026-03-09T09:40:00+05:30,portfolio_replay,PREMIUM,SKIP,idle,23767.35,24.15,1.0,0.0,0.0,1.039,0.18,3.101,1,9,40,0,0,52,0,52,75,trending,0.0,0,,,
2026-03-09T09:45:00+05:30,portfolio_replay,PREMIUM,SKIP,idle,23716.95,24.46,1.0,0.0,0.0,1.039,0.033,0.852,1,9,45,0,0,65,0,65,75,high_vol_range,0.0,0,,,
2026-03-09T09:50:00+05:30,portfolio_replay,PREMIUM,SKIP,idle,23761.4,24.19,1.0,0.0,0.0,1.039,0.154,0.368,1,9,50,0,0,64,0,64,75,high_vol_range,0.0,0,,,
2026-03-09T09:55:00+05:30,portfolio_replay,PREMIUM,SKIP,idle,23776.7,24.32,1.0,0.0,0.0,1.038,0.219,0.368,1,9,55,0,0,64,0,64,75,high_vol_range,0.0,0,,,
2026-03-09T10:00:00+05:30,portfolio_replay,PREMIUM,SKIP,idle,23769.0,24.29,1.0,0.0,0.0,1.039,0.187,0.322,1,10,0,0,0,64,0,64,65,high_vol_range,0.0,0,,,
2026-03-09T10:00:00+05:30,portfolio_replay,TREND,ENTER,debit_spread,23769.0,24.29,1.0,0.0,0.0,1.039,0.187,0.322,1,10,0,0,0,75,0,75,60,high_vol_range,32.74,75,,,
2026-03-09T10:02:00+05:30,portfolio_replay,PREMIUM,ENTER,iron_condor,23759.5,24.3,1.0,0.0,0.0,1.039,0.146,0.322,1,10,2,0,0,77,0,77,65,high_vol_range,39.13,75,,,
2026-03-09T10:56:00+05:30,portfolio_replay,TREND,EXIT,debit_spread,23886.2,23.66,1.0,0.0,0.0,1.038,0.681,0.424,1,10,56,0,0,0,0,0,0,high_vol_range,0.0,0,Trend stop: lost 47.2%,-1158.75,56
2026-03-09T12:09:00+05:30,portfolio_replay,PREMIUM,EXIT,iron_condor,23841.95,23.81,1.0,0.0,0.0,1.039,0.494,0.235,1,12,9,0,0,0,0,0,0,high_vol_range,0.0,0,Profit target: premium decayed 45.4%,1332.0,127
2026-03-09T09:35:00+05:30,portfolio_replay,PREMIUM,SKIP,idle,23758.7,24.02,1.0,0.0,0.0,1.039,0.143,3.101,1,9,35,0,0,65,0,65,75,trending,0.0,0,,,
2026-03-09T09:40:00+05:30,portfolio_replay,PREMIUM,SKIP,idle,23767.35,24.15,1.0,0.0,0.0,1.039,0.18,3.101,1,9,40,0,0,52,0,52,75,trending,0.0,0,,,
2026-03-09T09:45:00+05:30,portfolio_replay,PREMIUM,SKIP,idle,23716.95,24.46,1.0,0.0,0.0,1.039,0.033,0.852,1,9,45,0,0,65,0,65,75,high_vol_range,0.0,0,,,
2026-03-09T09:50:00+05:30,portfolio_replay,PREMIUM,SKIP,idle,23761.4,24.19,1.0,0.0,0.0,1.039,0.154,0.368,1,9,50,0,0,64,0,64,75,high_vol_range,0.0,0,,,
2026-03-09T09:55:00+05:30,portfolio_replay,PREMIUM,SKIP,idle,23776.7,24.32,1.0,0.0,0.0,1.038,0.219,0.368,1,9,55,0,0,64,0,64,75,high_vol_range,0.0,0,,,
2026-03-09T10:00:00+05:30,portfolio_replay,PREMIUM,SKIP,idle,23769.0,24.29,1.0,0.0,0.0,1.039,0.187,0.322,1,10,0,0,0,64,0,64,65,high_vol_range,0.0,0,,,
2026-03-09T10:00:00+05:30,portfolio_replay,TREND,ENTER,debit_spread,23769.0,24.29,1.0,0.0,0.0,1.039,0.187,0.322,1,10,0,0,0,75,0,75,60,high_vol_range,32.74,75,,,
2026-03-09T10:02:00+05:30,portfolio_replay,PREMIUM,ENTER,iron_condor,23759.5,24.3,1.0,0.0,0.0,1.039,0.146,0.322,1,10,2,0,0,77,0,77,65,high_vol_range,39.13,75,,,
2026-03-09T10:53:00+05:30,portfolio_replay,TREND,EXIT,debit_spread,23853.25,23.84,1.0,0.0,0.0,1.038,0.542,0.14,1,10,53,0,0,0,0,0,0,high_vol_range,0.0,0,Trend stop: lost 36.2%,-889.5,53
2026-03-09T12:09:00+05:30,portfolio_replay,PREMIUM,EXIT,iron_condor,23841.95,23.81,1.0,0.0,0.0,1.039,0.494,0.235,1,12,9,0,0,0,0,0,0,high_vol_range,0.0,0,Profit target: premium decayed 45.4%,1332.0,127
2026-03-09T09:35:00+05:30,portfolio_replay,PREMIUM,SKIP,idle,23758.7,24.02,1.0,0.0,0.0,1.039,0.143,3.101,1,9,35,0,0,65,0,65,75,trending,0.0,0,,,
2026-03-09T09:40:00+05:30,portfolio_replay,PREMIUM,SKIP,idle,23767.35,24.15,1.0,0.0,0.0,1.039,0.18,3.101,1,9,40,0,0,52,0,52,75,trending,0.0,0,,,
2026-03-09T09:45:00+05:30,portfolio_replay,PREMIUM,SKIP,idle,23716.95,24.46,1.0,0.0,0.0,1.039,0.033,0.852,1,9,45,0,0,65,0,65,75,high_vol_range,0.0,0,,,
2026-03-09T09:50:00+05:30,portfolio_replay,PREMIUM,SKIP,idle,23761.4,24.19,1.0,0.0,0.0,1.039,0.154,0.368,1,9,50,0,0,64,0,64,75,high_vol_range,0.0,0,,,
2026-03-09T09:55:00+05:30,portfolio_replay,PREMIUM,SKIP,idle,23776.7,24.32,1.0,0.0,0.0,1.038,0.219,0.368,1,9,55,0,0,64,0,64,75,high_vol_range,0.0,0,,,
2026-03-09T10:00:00+05:30,portfolio_replay,PREMIUM,SKIP,idle,23769.0,24.29,1.0,0.0,0.0,1.039,0.187,0.322,1,10,0,0,0,64,0,64,65,high_vol_range,0.0,0,,,
2026-03-09T10:00:00+05:30,portfolio_replay,TREND,ENTER,debit_spread,23769.0,24.29,1.0,0.0,0.0,1.039,0.187,0.322,1,10,0,0,0,75,0,75,60,high_vol_range,32.74,75,,,
2026-03-09T10:02:00+05:30,portfolio_replay,PREMIUM,ENTER,iron_condor,23759.5,24.3,1.0,0.0,0.0,1.039,0.146,0.322,1,10,2,0,0,77,0,77,65,high_vol_range,39.13,75,,,
2026-03-09T11:28:00+05:30,portfolio_replay,TREND,EXIT,debit_spread,23882.6,23.67,1.0,0.0,0.0,1.038,0.665,0.407,1,11,28,0,0,0,0,0,0,high_vol_range,0.0,0,Trend stop: lost 50.4%,-1238.25,88
2026-03-09T12:09:00+05:30,portfolio_replay,PREMIUM,EXIT,iron_condor,23841.95,23.81,1.0,0.0,0.0,1.039,0.494,0.235,1,12,9,0,0,0,0,0,0,high_vol_range,0.0,0,Profit target: premium decayed 45.4%,1332.0,127
2026-03-09T09:35:00+05:30,portfolio_replay,PREMIUM,SKIP,idle,23758.7,24.02,1.0,0.0,0.0,1.039,0.143,3.101,1,9,35,0,0,65,0,65,75,trending,0.0,0,,,
2026-03-09T09:40:00+05:30,portfolio_replay,PREMIUM,SKIP,idle,23767.35,24.15,1.0,0.0,0.0,1.039,0.18,3.101,1,9,40,0,0,52,0,52,75,trending,0.0,0,,,
2026-03-09T09:45:00+05:30,portfolio_replay,PREMIUM,SKIP,idle,23716.95,24.46,1.0,0.0,0.0,1.039,0.033,0.852,1,9,45,0,0,65,0,65,75,high_vol_range,0.0,0,,,
2026-03-09T09:50:00+05:30,portfolio_replay,PREMIUM,SKIP,idle,23761.4,24.19,1.0,0.0,0.0,1.039,0.154,0.368,1,9,50,0,0,64,0,64,75,high_vol_range,0.0,0,,,
2026-03-09T09:55:00+05:30,portfolio_replay,PREMIUM,SKIP,idle,23776.7,24.32,1.0,0.0,0.0,1.038,0.219,0.368,1,9,55,0,0,64,0,64,75,high_vol_range,0.0,0,,,
2026-03-09T10:00:00+05:30,portfolio_replay,PREMIUM,SKIP,idle,23769.0,24.29,1.0,0.0,0.0,1.039,0.187,0.322,1,10,0,0,0,64,0,64,65,high_vol_range,0.0,0,,,
2026-03-09T10:00:00+05:30,portfolio_replay,TREND,ENTER,debit_spread,23769.0,24.29,1.0,0.0,0.0,1.039,0.187,0.322,1,10,0,0,0,75,0,75,60,high_vol_range,32.74,75,,,
2026-03-09T10:02:00+05:30,portfolio_replay,PREMIUM,ENTER,iron_condor,23759.5,24.3,1.0,0.0,0.0,1.039,0.146,0.322,1,10,2,0,0,77,0,77,65,high_vol_range,39.13,75,,,
2026-03-09T11:28:00+05:30,portfolio_replay,TREND,EXIT,debit_spread,23882.6,23.67,1.0,0.0,0.0,1.038,0.665,0.407,1,11,28,0,0,0,0,0,0,high_vol_range,0.0,0,Trend stop: lost 50.4%,-1238.25,88
2026-03-09T12:09:00+05:30,portfolio_replay,PREMIUM,EXIT,iron_condor,23841.95,23.81,1.0,0.0,0.0,1.039,0.494,0.235,1,12,9,0,0,0,0,0,0,high_vol_range,0.0,0,Profit target: premium decayed 45.4%,1332.0,127
2026-03-09T09:35:00+05:30,portfolio_replay,PREMIUM,SKIP,idle,23758.7,24.02,1.0,0.0,0.0,1.039,0.143,3.101,1,9,35,0,0,65,0,65,75,trending,0.0,0,,,
2026-03-09T09:40:00+05:30,portfolio_replay,PREMIUM,SKIP,idle,23767.35,24.15,1.0,0.0,0.0,1.039,0.18,3.101,1,9,40,0,0,52,0,52,75,trending,0.0,0,,,
2026-03-09T09:45:00+05:30,portfolio_replay,PREMIUM,SKIP,idle,23716.95,24.46,1.0,0.0,0.0,1.039,0.033,0.852,1,9,45,0,0,65,0,65,75,high_vol_range,0.0,0,,,
2026-03-09T09:50:00+05:30,portfolio_replay,PREMIUM,SKIP,idle,23761.4,24.19,1.0,0.0,0.0,1.039,0.154,0.368,1,9,50,0,0,64,0,64,75,high_vol_range,0.0,0,,,
2026-03-09T09:55:00+05:30,portfolio_replay,PREMIUM,SKIP,idle,23776.7,24.32,1.0,0.0,0.0,1.038,0.219,0.368,1,9,55,0,0,64,0,64,75,high_vol_range,0.0,0,,,
2026-03-09T10:00:00+05:30,portfolio_replay,PREMIUM,SKIP,idle,23769.0,24.29,1.0,0.0,0.0,1.039,0.187,0.322,1,10,0,0,0,64,0,64,65,high_vol_range,0.0,0,,,
2026-03-09T10:00:00+05:30,portfolio_replay,TREND,ENTER,debit_spread,23769.0,24.29,1.0,0.0,0.0,1.039,0.187,0.322,1,10,0,0,0,75,0,75,60,high_vol_range,32.74,75,,,
2026-03-09T10:02:00+05:30,portfolio_replay,PREMIUM,ENTER,iron_condor,23759.5,24.3,1.0,0.0,0.0,1.039,0.146,0.322,1,10,2,0,0,77,0,77,65,high_vol_range,39.13,75,,,
2026-03-09T11:28:00+05:30,portfolio_replay,TREND,EXIT,debit_spread,23882.6,23.67,1.0,0.0,0.0,1.038,0.665,0.407,1,11,28,0,0,0,0,0,0,high_vol_range,0.0,0,Trend stop: lost 50.4%,-1238.25,88
2026-03-09T12:09:00+05:30,portfolio_replay,PREMIUM,EXIT,iron_condor,23841.95,23.81,1.0,0.0,0.0,1.039,0.494,0.235,1,12,9,0,0,0,0,0,0,high_vol_range,0.0,0,Profit target: premium decayed 45.4%,1332.0,127
2026-03-09T09:35:00+05:30,portfolio_replay,PREMIUM,SKIP,idle,23758.7,24.02,1.0,0.0,0.0,1.039,0.143,3.101,1,9,35,0,0,65,0,65,75,trending,0.0,0,,,
2026-03-09T09:40:00+05:30,portfolio_replay,PREMIUM,SKIP,idle,23767.35,24.15,1.0,0.0,0.0,1.039,0.18,3.101,1,9,40,0,0,52,0,52,75,trending,0.0,0,,,
2026-03-09T09:45:00+05:30,portfolio_replay,PREMIUM,SKIP,idle,23716.95,24.46,1.0,0.0,0.0,1.039,0.033,0.852,1,9,45,0,0,65,0,65,75,high_vol_range,0.0,0,,,
2026-03-09T09:50:00+05:30,portfolio_replay,PREMIUM,SKIP,idle,23761.4,24.19,1.0,0.0,0.0,1.039,0.154,0.368,1,9,50,0,0,64,0,64,75,high_vol_range,0.0,0,,,
2026-03-09T09:55:00+05:30,portfolio_replay,PREMIUM,SKIP,idle,23776.7,24.32,1.0,0.0,0.0,1.038,0.219,0.368,1,9,55,0,0,64,0,64,75,high_vol_range,0.0,0,,,
2026-03-09T10:00:00+05:30,portfolio_replay,PREMIUM,SKIP,idle,23769.0,24.29,1.0,0.0,0.0,1.039,0.187,0.322,1,10,0,0,0,64,0,64,65,high_vol_range,0.0,0,,,
2026-03-09T10:00:00+05:30,portfolio_replay,TREND,ENTER,debit_spread,23769.0,24.29,1.0,0.0,0.0,1.039,0.187,0.322,1,10,0,0,0,75,0,75,55,high_vol_range,32.74,75,,,
2026-03-09T10:02:00+05:30,portfolio_replay,PREMIUM,ENTER,iron_condor,23759.5,24.3,1.0,0.0,0.0,1.039,0.146,0.322,1,10,2,0,0,77,0,77,65,high_vol_range,39.13,75,,,
2026-03-09T11:28:00+05:30,portfolio_replay,TREND,EXIT,debit_spread,23882.6,23.67,1.0,0.0,0.0,1.038,0.665,0.407,1,11,28,0,0,0,0,0,0,high_vol_range,0.0,0,Trend stop: lost 50.4%,-1238.25,88
2026-03-09T12:09:00+05:30,portfolio_replay,PREMIUM,EXIT,iron_condor,23841.95,23.81,1.0,0.0,0.0,1.039,0.494,0.235,1,12,9,0,0,0,0,0,0,high_vol_range,0.0,0,Profit target: premium decayed 45.4%,1332.0,127
2026-03-09T09:35:00+05:30,portfolio_replay,PREMIUM,SKIP,idle,23758.7,24.02,1.0,0.0,0.0,1.039,0.143,3.101,1,9,35,0,0,65,0,65,75,trending,0.0,0,,,
2026-03-09T09:40:00+05:30,portfolio_replay,PREMIUM,SKIP,idle,23767.35,24.15,1.0,0.0,0.0,1.039,0.18,3.101,1,9,40,0,0,52,0,52,75,trending,0.0,0,,,
2026-03-09T09:45:00+05:30,portfolio_replay,PREMIUM,SKIP,idle,23716.95,24.46,1.0,0.0,0.0,1.039,0.033,0.852,1,9,45,0,0,65,0,65,75,high_vol_range,0.0,0,,,
2026-03-09T09:50:00+05:30,portfolio_replay,PREMIUM,SKIP,idle,23761.4,24.19,1.0,0.0,0.0,1.039,0.154,0.368,1,9,50,0,0,64,0,64,75,high_vol_range,0.0,0,,,
2026-03-09T09:55:00+05:30,portfolio_replay,PREMIUM,SKIP,idle,23776.7,24.32,1.0,0.0,0.0,1.038,0.219,0.368,1,9,55,0,0,64,0,64,75,high_vol_range,0.0,0,,,
2026-03-09T10:00:00+05:30,portfolio_replay,PREMIUM,SKIP,idle,23769.0,24.29,1.0,0.0,0.0,1.039,0.187,0.322,1,10,0,0,0,64,0,64,65,high_vol_range,0.0,0,,,
2026-03-09T10:00:00+05:30,portfolio_replay,TREND,ENTER,debit_spread,23769.0,24.29,1.0,0.0,0.0,1.039,0.187,0.322,1,10,0,0,0,75,0,75,50,high_vol_range,32.74,75,,,
2026-03-09T10:02:00+05:30,portfolio_replay,PREMIUM,ENTER,iron_condor,23759.5,24.3,1.0,0.0,0.0,1.039,0.146,0.322,1,10,2,0,0,77,0,77,65,high_vol_range,39.13,75,,,
2026-03-09T11:28:00+05:30,portfolio_replay,TREND,EXIT,debit_spread,23882.6,23.67,1.0,0.0,0.0,1.038,0.665,0.407,1,11,28,0,0,0,0,0,0,high_vol_range,0.0,0,Trend stop: lost 50.4%,-1238.25,88
2026-03-09T12:09:00+05:30,portfolio_replay,PREMIUM,EXIT,iron_condor,23841.95,23.81,1.0,0.0,0.0,1.039,0.494,0.235,1,12,9,0,0,0,0,0,0,high_vol_range,0.0,0,Profit target: premium decayed 45.4%,1332.0,127
2026-03-09T09:35:00+05:30,portfolio_replay,PREMIUM,SKIP,idle,23758.7,24.02,1.0,0.0,0.0,1.039,0.143,3.101,1,9,35,0,0,65,0,65,75,trending,0.0,0,,,
2026-03-09T09:40:00+05:30,portfolio_replay,PREMIUM,SKIP,idle,23767.35,24.15,1.0,0.0,0.0,1.039,0.18,3.101,1,9,40,0,0,52,0,52,75,trending,0.0,0,,,
2026-03-09T09:45:00+05:30,portfolio_replay,PREMIUM,SKIP,idle,23716.95,24.46,1.0,0.0,0.0,1.039,0.033,0.852,1,9,45,0,0,65,0,65,75,high_vol_range,0.0,0,,,
2026-03-09T09:50:00+05:30,portfolio_replay,PREMIUM,SKIP,idle,23761.4,24.19,1.0,0.0,0.0,1.039,0.154,0.368,1,9,50,0,0,64,0,64,75,high_vol_range,0.0,0,,,
2026-03-09T09:55:00+05:30,portfolio_replay,PREMIUM,SKIP,idle,23776.7,24.32,1.0,0.0,0.0,1.038,0.219,0.368,1,9,55,0,0,64,0,64,75,high_vol_range,0.0,0,,,
2026-03-09T10:00:00+05:30,portfolio_replay,PREMIUM,SKIP,idle,23769.0,24.29,1.0,0.0,0.0,1.039,0.187,0.322,1,10,0,0,0,64,0,64,65,high_vol_range,0.0,0,,,
2026-03-09T10:00:00+05:30,portfolio_replay,TREND,ENTER,debit_spread,23769.0,24.29,1.0,0.0,0.0,1.039,0.187,0.322,1,10,0,0,0,75,0,75,55,high_vol_range,32.74,75,,,
2026-03-09T10:02:00+05:30,portfolio_replay,PREMIUM,ENTER,iron_condor,23759.5,24.3,1.0,0.0,0.0,1.039,0.146,0.322,1,10,2,0,0,77,0,77,65,high_vol_range,39.13,75,,,
2026-03-09T10:56:00+05:30,portfolio_replay,TREND,EXIT,debit_spread,23886.2,23.66,1.0,0.0,0.0,1.038,0.681,0.424,1,10,56,0,0,0,0,0,0,high_vol_range,0.0,0,Trend stop: lost 47.2%,-1158.75,56
2026-03-09T12:09:00+05:30,portfolio_replay,PREMIUM,EXIT,iron_condor,23841.95,23.81,1.0,0.0,0.0,1.039,0.494,0.235,1,12,9,0,0,0,0,0,0,high_vol_range,0.0,0,Profit target: premium decayed 45.4%,1332.0,127
2026-03-09T09:35:00+05:30,portfolio_replay,PREMIUM,SKIP,idle,23758.7,24.02,1.0,0.0,0.0,1.039,0.143,3.101,1,9,35,0,0,65,0,65,75,trending,0.0,0,,,
2026-03-09T09:40:00+05:30,portfolio_replay,PREMIUM,SKIP,idle,23767.35,24.15,1.0,0.0,0.0,1.039,0.18,3.101,1,9,40,0,0,52,0,52,75,trending,0.0,0,,,
2026-03-09T09:45:00+05:30,portfolio_replay,PREMIUM,SKIP,idle,23716.95,24.46,1.0,0.0,0.0,1.039,0.033,0.852,1,9,45,0,0,65,0,65,75,high_vol_range,0.0,0,,,
2026-03-09T09:50:00+05:30,portfolio_replay,PREMIUM,SKIP,idle,23761.4,24.19,1.0,0.0,0.0,1.039,0.154,0.368,1,9,50,0,0,64,0,64,75,high_vol_range,0.0,0,,,
2026-03-09T09:55:00+05:30,portfolio_replay,PREMIUM,SKIP,idle,23776.7,24.32,1.0,0.0,0.0,1.038,0.219,0.368,1,9,55,0,0,64,0,64,75,high_vol_range,0.0,0,,,
2026-03-09T10:00:00+05:30,portfolio_replay,PREMIUM,SKIP,idle,23769.0,24.29,1.0,0.0,0.0,1.039,0.187,0.322,1,10,0,0,0,64,0,64,65,high_vol_range,0.0,0,,,
2026-03-09T10:00:00+05:30,portfolio_replay,TREND,ENTER,debit_spread,23769.0,24.29,1.0,0.0,0.0,1.039,0.187,0.322,1,10,0,0,0,75,0,75,55,high_vol_range,32.74,75,,,
2026-03-09T10:02:00+05:30,portfolio_replay,PREMIUM,ENTER,iron_condor,23759.5,24.3,1.0,0.0,0.0,1.039,0.146,0.322,1,10,2,0,0,77,0,77,65,high_vol_range,39.13,75,,,
2026-03-09T10:53:00+05:30,portfolio_replay,TREND,EXIT,debit_spread,23853.25,23.84,1.0,0.0,0.0,1.038,0.542,0.14,1,10,53,0,0,0,0,0,0,high_vol_range,0.0,0,Trend stop: lost 36.2%,-889.5,53
2026-03-09T12:32:00+05:30,portfolio_replay,PREMIUM,EXIT,iron_condor,23851.25,23.93,1.0,0.0,0.0,1.038,0.533,0.17,1,12,32,0,0,0,0,0,0,high_vol_range,0.0,0,Profit target: premium decayed 51.2%,1502.25,150
2026-03-09T09:35:00+05:30,portfolio_replay,PREMIUM,SKIP,idle,23758.7,24.02,1.0,0.0,0.0,1.039,0.143,3.101,1,9,35,0,0,65,0,65,75,trending,0.0,0,,,
2026-03-09T09:40:00+05:30,portfolio_replay,PREMIUM,SKIP,idle,23767.35,24.15,1.0,0.0,0.0,1.039,0.18,3.101,1,9,40,0,0,52,0,52,75,trending,0.0,0,,,
2026-03-09T09:45:00+05:30,portfolio_replay,PREMIUM,SKIP,idle,23716.95,24.46,1.0,0.0,0.0,1.039,0.033,0.852,1,9,45,0,0,65,0,65,75,high_vol_range,0.0,0,,,
2026-03-09T09:50:00+05:30,portfolio_replay,PREMIUM,SKIP,idle,23761.4,24.19,1.0,0.0,0.0,1.039,0.154,0.368,1,9,50,0,0,64,0,64,75,high_vol_range,0.0,0,,,
2026-03-09T09:55:00+05:30,portfolio_replay,PREMIUM,SKIP,idle,23776.7,24.32,1.0,0.0,0.0,1.038,0.219,0.368,1,9,55,0,0,64,0,64,75,high_vol_range,0.0,0,,,
2026-03-09T10:00:00+05:30,portfolio_replay,PREMIUM,SKIP,idle,23769.0,24.29,1.0,0.0,0.0,1.039,0.187,0.322,1,10,0,0,0,64,0,64,65,high_vol_range,0.0,0,,,
2026-03-09T10:00:00+05:30,portfolio_replay,TREND,ENTER,debit_spread,23769.0,24.29,1.0,0.0,0.0,1.039,0.187,0.322,1,10,0,0,0,75,0,75,60,high_vol_range,32.74,75,,,
2026-03-09T10:02:00+05:30,portfolio_replay,PREMIUM,ENTER,iron_condor,23759.5,24.3,1.0,0.0,0.0,1.039,0.146,0.322,1,10,2,0,0,77,0,77,65,high_vol_range,39.13,75,,,
2026-03-09T10:56:00+05:30,portfolio_replay,TREND,EXIT,debit_spread,23886.2,23.66,1.0,0.0,0.0,1.038,0.681,0.424,1,10,56,0,0,0,0,0,0,high_vol_range,0.0,0,Trend stop: lost 47.2%,-1158.75,56
2026-03-09T12:09:00+05:30,portfolio_replay,PREMIUM,EXIT,iron_condor,23841.95,23.81,1.0,0.0,0.0,1.039,0.494,0.235,1,12,9,0,0,0,0,0,0,high_vol_range,0.0,0,Profit target: premium decayed 45.4%,1332.0,127
2026-03-09T09:35:00+05:30,portfolio_replay,PREMIUM,SKIP,idle,23758.7,24.02,1.0,0.0,0.0,1.039,0.143,3.101,1,9,35,0,0,65,0,65,75,trending,0.0,0,,,
2026-03-09T09:40:00+05:30,portfolio_replay,PREMIUM,SKIP,idle,23767.35,24.15,1.0,0.0,0.0,1.039,0.18,3.101,1,9,40,0,0,52,0,52,75,trending,0.0,0,,,
2026-03-09T09:45:00+05:30,portfolio_replay,PREMIUM,SKIP,idle,23716.95,24.46,1.0,0.0,0.0,1.039,0.033,0.852,1,9,45,0,0,65,0,65,75,high_vol_range,0.0,0,,,
2026-03-09T09:50:00+05:30,portfolio_replay,PREMIUM,SKIP,idle,23761.4,24.19,1.0,0.0,0.0,1.039,0.154,0.368,1,9,50,0,0,64,0,64,75,high_vol_range,0.0,0,,,
2026-03-09T09:55:00+05:30,portfolio_replay,PREMIUM,SKIP,idle,23776.7,24.32,1.0,0.0,0.0,1.038,0.219,0.368,1,9,55,0,0,64,0,64,75,high_vol_range,0.0,0,,,
2026-03-09T10:00:00+05:30,portfolio_replay,PREMIUM,SKIP,idle,23769.0,24.29,1.0,0.0,0.0,1.039,0.187,0.322,1,10,0,0,0,64,0,64,65,high_vol_range,0.0,0,,,
2026-03-09T10:00:00+05:30,portfolio_replay,TREND,ENTER,debit_spread,23769.0,24.29,1.0,0.0,0.0,1.039,0.187,0.322,1,10,0,0,0,75,0,75,60,high_vol_range,32.74,75,,,
2026-03-09T10:02:00+05:30,portfolio_replay,PREMIUM,ENTER,iron_condor,23759.5,24.3,1.0,0.0,0.0,1.039,0.146,0.322,1,10,2,0,0,77,0,77,65,high_vol_range,39.13,75,,,
2026-03-09T11:10:00+05:30,portfolio_replay,PREMIUM,EXIT,iron_condor,23807.05,23.99,1.0,0.0,0.0,1.039,0.347,0.551,1,11,10,0,0,0,0,0,0,high_vol_range,0.0,0,Profit target: premium decayed 28.7%,843.0,68
2026-03-09T11:28:00+05:30,portfolio_replay,TREND,EXIT,debit_spread,23882.6,23.67,1.0,0.0,0.0,1.038,0.665,0.407,1,11,28,0,0,0,0,0,0,high_vol_range,0.0,0,Trend stop: lost 50.4%,-1238.25,88
2026-03-09T09:35:00+05:30,portfolio_replay,PREMIUM,SKIP,idle,23758.7,24.02,1.0,0.0,0.0,1.039,0.143,3.101,1,9,35,0,0,65,0,65,75,trending,0.0,0,,,
2026-03-09T09:40:00+05:30,portfolio_replay,PREMIUM,SKIP,idle,23767.35,24.15,1.0,0.0,0.0,1.039,0.18,3.101,1,9,40,0,0,52,0,52,75,trending,0.0,0,,,
2026-03-09T09:45:00+05:30,portfolio_replay,PREMIUM,SKIP,idle,23716.95,24.46,1.0,0.0,0.0,1.039,0.033,0.852,1,9,45,0,0,65,0,65,75,high_vol_range,0.0,0,,,
2026-03-09T09:50:00+05:30,portfolio_replay,PREMIUM,SKIP,idle,23761.4,24.19,1.0,0.0,0.0,1.039,0.154,0.368,1,9,50,0,0,64,0,64,75,high_vol_range,0.0,0,,,
2026-03-09T09:55:00+05:30,portfolio_replay,PREMIUM,SKIP,idle,23776.7,24.32,1.0,0.0,0.0,1.038,0.219,0.368,1,9,55,0,0,64,0,64,75,high_vol_range,0.0,0,,,
2026-03-09T10:00:00+05:30,portfolio_replay,PREMIUM,SKIP,idle,23769.0,24.29,1.0,0.0,0.0,1.039,0.187,0.322,1,10,0,0,0,64,0,64,65,high_vol_range,0.0,0,,,
2026-03-09T10:00:00+05:30,portfolio_replay,TREND,ENTER,debit_spread,23769.0,24.29,1.0,0.0,0.0,1.039,0.187,0.322,1,10,0,0,0,75,0,75,60,high_vol_range,32.74,75,,,
2026-03-09T10:02:00+05:30,portfolio_replay,PREMIUM,ENTER,iron_condor,23759.5,24.3,1.0,0.0,0.0,1.039,0.146,0.322,1,10,2,0,0,77,0,77,65,high_vol_range,39.13,75,,,
2026-03-09T10:53:00+05:30,portfolio_replay,TREND,EXIT,debit_spread,23853.25,23.84,1.0,0.0,0.0,1.038,0.542,0.14,1,10,53,0,0,0,0,0,0,high_vol_range,0.0,0,Trend stop: lost 36.2%,-889.5,53
2026-03-09T12:32:00+05:30,portfolio_replay,PREMIUM,EXIT,iron_condor,23851.25,23.93,1.0,0.0,0.0,1.038,0.533,0.17,1,12,32,0,0,0,0,0,0,high_vol_range,0.0,0,Profit target: premium decayed 51.2%,1502.25,150
2026-03-09T09:35:00+05:30,portfolio_replay,PREMIUM,SKIP,idle,23758.7,24.02,1.0,0.0,0.0,1.039,0.143,3.101,1,9,35,0,0,65,0,65,75,trending,0.0,0,,,
2026-03-09T09:40:00+05:30,portfolio_replay,PREMIUM,SKIP,idle,23767.35,24.15,1.0,0.0,0.0,1.039,0.18,3.101,1,9,40,0,0,52,0,52,75,trending,0.0,0,,,
2026-03-09T09:45:00+05:30,portfolio_replay,PREMIUM,SKIP,idle,23716.95,24.46,1.0,0.0,0.0,1.039,0.033,0.852,1,9,45,0,0,65,0,65,75,high_vol_range,0.0,0,,,
2026-03-09T09:50:00+05:30,portfolio_replay,PREMIUM,SKIP,idle,23761.4,24.19,1.0,0.0,0.0,1.039,0.154,0.368,1,9,50,0,0,64,0,64,75,high_vol_range,0.0,0,,,
2026-03-09T09:55:00+05:30,portfolio_replay,PREMIUM,SKIP,idle,23776.7,24.32,1.0,0.0,0.0,1.038,0.219,0.368,1,9,55,0,0,64,0,64,75,high_vol_range,0.0,0,,,
2026-03-09T10:00:00+05:30,portfolio_replay,PREMIUM,SKIP,idle,23769.0,24.29,1.0,0.0,0.0,1.039,0.187,0.322,1,10,0,0,0,64,0,64,65,high_vol_range,0.0,0,,,
2026-03-09T10:00:00+05:30,portfolio_replay,TREND,ENTER,debit_spread,23769.0,24.29,1.0,0.0,0.0,1.039,0.187,0.322,1,10,0,0,0,75,0,75,60,high_vol_range,32.74,75,,,
2026-03-09T10:02:00+05:30,portfolio_replay,PREMIUM,ENTER,iron_condor,23759.5,24.3,1.0,0.0,0.0,1.039,0.146,0.322,1,10,2,0,0,77,0,77,65,high_vol_range,39.13,75,,,
2026-03-09T10:51:00+05:30,portfolio_replay,TREND,EXIT,debit_spread,23845.9,23.83,1.0,0.0,0.0,1.038,0.511,0.14,1,10,51,0,0,0,0,0,0,high_vol_range,0.0,0,Trend stop: lost 33.6%,-825.0,51
2026-03-09T12:32:00+05:30,portfolio_replay,PREMIUM,EXIT,iron_condor,23851.25,23.93,1.0,0.0,0.0,1.038,0.533,0.17,1,12,32,0,0,0,0,0,0,high_vol_range,0.0,0,Profit target: premium decayed 51.2%,1502.25,150
2026-03-09T09:35:00+05:30,portfolio_replay,PREMIUM,SKIP,idle,23758.7,24.02,1.0,0.0,0.0,1.039,0.143,3.101,1,9,35,0,0,65,0,65,75,trending,0.0,0,,,
2026-03-09T09:40:00+05:30,portfolio_replay,PREMIUM,SKIP,idle,23767.35,24.15,1.0,0.0,0.0,1.039,0.18,3.101,1,9,40,0,0,52,0,52,75,trending,0.0,0,,,
2026-03-09T09:45:00+05:30,portfolio_replay,PREMIUM,SKIP,idle,23716.95,24.46,1.0,0.0,0.0,1.039,0.033,0.852,1,9,45,0,0,65,0,65,75,high_vol_range,0.0,0,,,
2026-03-09T09:50:00+05:30,portfolio_replay,PREMIUM,SKIP,idle,23761.4,24.19,1.0,0.0,0.0,1.039,0.154,0.368,1,9,50,0,0,64,0,64,75,high_vol_range,0.0,0,,,
2026-03-09T09:55:00+05:30,portfolio_replay,PREMIUM,SKIP,idle,23776.7,24.32,1.0,0.0,0.0,1.038,0.219,0.368,1,9,55,0,0,64,0,64,75,high_vol_range,0.0,0,,,
2026-03-09T10:00:00+05:30,portfolio_replay,PREMIUM,SKIP,idle,23769.0,24.29,1.0,0.0,0.0,1.039,0.187,0.322,1,10,0,0,0,64,0,64,65,high_vol_range,0.0,0,,,
2026-03-09T10:00:00+05:30,portfolio_replay,TREND,ENTER,debit_spread,23769.0,24.29,1.0,0.0,0.0,1.039,0.187,0.322,1,10,0,0,0,75,0,75,60,high_vol_range,32.74,75,,,
2026-03-09T10:02:00+05:30,portfolio_replay,PREMIUM,ENTER,iron_condor,23759.5,24.3,1.0,0.0,0.0,1.039,0.146,0.322,1,10,2,0,0,77,0,77,65,high_vol_range,39.13,75,,,
2026-03-09T10:53:00+05:30,portfolio_replay,TREND,EXIT,debit_spread,23853.25,23.84,1.0,0.0,0.0,1.038,0.542,0.14,1,10,53,0,0,0,0,0,0,high_vol_range,0.0,0,Trend stop: lost 36.2%,-889.5,53
2026-03-09T12:32:00+05:30,portfolio_replay,PREMIUM,EXIT,iron_condor,23851.25,23.93,1.0,0.0,0.0,1.038,0.533,0.17,1,12,32,0,0,0,0,0,0,high_vol_range,0.0,0,Profit target: premium decayed 51.2%,1502.25,150
2026-03-09T09:35:00+05:30,portfolio_replay,PREMIUM,SKIP,idle,23758.7,24.02,1.0,0.0,0.0,1.039,0.143,3.101,1,9,35,0,0,65,0,65,75,trending,0.0,0,,,
2026-03-09T09:40:00+05:30,portfolio_replay,PREMIUM,SKIP,idle,23767.35,24.15,1.0,0.0,0.0,1.039,0.18,3.101,1,9,40,0,0,52,0,52,75,trending,0.0,0,,,
2026-03-09T09:45:00+05:30,portfolio_replay,PREMIUM,SKIP,idle,23716.95,24.46,1.0,0.0,0.0,1.039,0.033,0.852,1,9,45,0,0,65,0,65,75,high_vol_range,0.0,0,,,
2026-03-09T09:50:00+05:30,portfolio_replay,PREMIUM,SKIP,idle,23761.4,24.19,1.0,0.0,0.0,1.039,0.154,0.368,1,9,50,0,0,64,0,64,75,high_vol_range,0.0,0,,,
2026-03-09T09:55:00+05:30,portfolio_replay,PREMIUM,SKIP,idle,23776.7,24.32,1.0,0.0,0.0,1.038,0.219,0.368,1,9,55,0,0,64,0,64,75,high_vol_range,0.0,0,,,
2026-03-09T10:00:00+05:30,portfolio_replay,PREMIUM,SKIP,idle,23769.0,24.29,1.0,0.0,0.0,1.039,0.187,0.322,1,10,0,0,0,64,0,64,65,high_vol_range,0.0,0,,,
2026-03-09T10:00:00+05:30,portfolio_replay,TREND,ENTER,debit_spread,23769.0,24.29,1.0,0.0,0.0,1.039,0.187,0.322,1,10,0,0,0,75,0,75,60,high_vol_range,32.74,75,,,
2026-03-09T10:02:00+05:30,portfolio_replay,PREMIUM,ENTER,iron_condor,23759.5,24.3,1.0,0.0,0.0,1.039,0.146,0.322,1,10,2,0,0,77,0,77,65,high_vol_range,39.13,75,,,
2026-03-09T10:53:00+05:30,portfolio_replay,TREND,EXIT,debit_spread,23853.25,23.84,1.0,0.0,0.0,1.038,0.542,0.14,1,10,53,0,0,0,0,0,0,high_vol_range,0.0,0,Trend stop: lost 36.2%,-889.5,53
2026-03-09T12:32:00+05:30,portfolio_replay,PREMIUM,EXIT,iron_condor,23851.25,23.93,1.0,0.0,0.0,1.038,0.533,0.17,1,12,32,0,0,0,0,0,0,high_vol_range,0.0,0,Profit target: premium decayed 51.2%,1502.25,150
2026-03-09T09:35:00+05:30,portfolio_replay,PREMIUM,SKIP,idle,23758.7,24.02,1.0,0.0,0.0,1.039,0.143,3.101,1,9,35,0,0,65,0,65,75,trending,0.0,0,,,
2026-03-09T09:40:00+05:30,portfolio_replay,PREMIUM,SKIP,idle,23767.35,24.15,1.0,0.0,0.0,1.039,0.18,3.101,1,9,40,0,0,52,0,52,75,trending,0.0,0,,,
2026-03-09T09:45:00+05:30,portfolio_replay,PREMIUM,SKIP,idle,23716.95,24.46,1.0,0.0,0.0,1.039,0.033,0.852,1,9,45,0,0,65,0,65,75,high_vol_range,0.0,0,,,
2026-03-09T09:50:00+05:30,portfolio_replay,PREMIUM,SKIP,idle,23761.4,24.19,1.0,0.0,0.0,1.039,0.154,0.368,1,9,50,0,0,64,0,64,75,high_vol_range,0.0,0,,,
2026-03-09T09:55:00+05:30,portfolio_replay,PREMIUM,SKIP,idle,23776.7,24.32,1.0,0.0,0.0,1.038,0.219,0.368,1,9,55,0,0,64,0,64,75,high_vol_range,0.0,0,,,
2026-03-09T10:00:00+05:30,portfolio_replay,PREMIUM,SKIP,idle,23769.0,24.29,1.0,0.0,0.0,1.039,0.187,0.322,1,10,0,0,0,64,0,64,65,high_vol_range,0.0,0,,,
2026-03-09T10:00:00+05:30,portfolio_replay,TREND,ENTER,debit_spread,23769.0,24.29,1.0,0.0,0.0,1.039,0.187,0.322,1,10,0,0,0,75,0,75,60,high_vol_range,32.74,75,,,
2026-03-09T10:02:00+05:30,portfolio_replay,PREMIUM,ENTER,iron_condor,23759.5,24.3,1.0,0.0,0.0,1.039,0.146,0.322,1,10,2,0,0,77,0,77,65,high_vol_range,39.13,75,,,
2026-03-09T10:53:00+05:30,portfolio_replay,TREND,EXIT,debit_spread,23853.25,23.84,1.0,0.0,0.0,1.038,0.542,0.14,1,10,53,0,0,0,0,0,0,high_vol_range,0.0,0,Trend stop: lost 36.2%,-889.5,53
2026-03-09T12:32:00+05:30,portfolio_replay,PREMIUM,EXIT,iron_condor,23851.25,23.93,1.0,0.0,0.0,1.038,0.533,0.17,1,12,32,0,0,0,0,0,0,high_vol_range,0.0,0,Profit target: premium decayed 51.2%,1502.25,150
2026-03-09T09:35:00+05:30,portfolio_replay,PREMIUM,SKIP,idle,23758.7,24.02,1.0,0.0,0.0,1.039,0.143,3.101,1,9,35,0,0,65,0,65,75,trending,0.0,0,,,
2026-03-09T09:40:00+05:30,portfolio_replay,PREMIUM,SKIP,idle,23767.35,24.15,1.0,0.0,0.0,1.039,0.18,3.101,1,9,40,0,0,52,0,52,75,trending,0.0,0,,,
2026-03-09T09:45:00+05:30,portfolio_replay,PREMIUM,SKIP,idle,23716.95,24.46,1.0,0.0,0.0,1.039,0.033,0.852,1,9,45,0,0,65,0,65,75,high_vol_range,0.0,0,,,
2026-03-09T09:50:00+05:30,portfolio_replay,PREMIUM,SKIP,idle,23761.4,24.19,1.0,0.0,0.0,1.039,0.154,0.368,1,9,50,0,0,64,0,64,75,high_vol_range,0.0,0,,,
2026-03-09T09:55:00+05:30,portfolio_replay,PREMIUM,SKIP,idle,23776.7,24.32,1.0,0.0,0.0,1.038,0.219,0.368,1,9,55,0,0,64,0,64,75,high_vol_range,0.0,0,,,
2026-03-09T10:00:00+05:30,portfolio_replay,PREMIUM,SKIP,idle,23769.0,24.29,1.0,0.0,0.0,1.039,0.187,0.322,1,10,0,0,0,64,0,64,65,high_vol_range,0.0,0,,,
2026-03-09T10:00:00+05:30,portfolio_replay,TREND,ENTER,debit_spread,23769.0,24.29,1.0,0.0,0.0,1.039,0.187,0.322,1,10,0,0,0,75,0,75,60,high_vol_range,32.74,75,,,
2026-03-09T10:02:00+05:30,portfolio_replay,PREMIUM,ENTER,iron_condor,23759.5,24.3,1.0,0.0,0.0,1.039,0.146,0.322,1,10,2,0,0,77,0,77,65,high_vol_range,39.13,75,,,
2026-03-09T10:53:00+05:30,portfolio_replay,TREND,EXIT,debit_spread,23853.25,23.84,1.0,0.0,0.0,1.038,0.542,0.14,1,10,53,0,0,0,0,0,0,high_vol_range,0.0,0,Trend stop: lost 36.2%,-889.5,53
2026-03-09T12:32:00+05:30,portfolio_replay,PREMIUM,EXIT,iron_condor,23851.25,23.93,1.0,0.0,0.0,1.038,0.533,0.17,1,12,32,0,0,0,0,0,0,high_vol_range,0.0,0,Profit target: premium decayed 51.2%,1502.25,150
2026-03-09T09:35:00+05:30,portfolio_replay,PREMIUM,SKIP,idle,23758.7,24.02,1.0,0.0,0.0,1.039,0.143,3.101,1,9,35,0,0,65,0,65,75,trending,0.0,0,,,
2026-03-09T09:40:00+05:30,portfolio_replay,PREMIUM,SKIP,idle,23767.35,24.15,1.0,0.0,0.0,1.039,0.18,3.101,1,9,40,0,0,52,0,52,75,trending,0.0,0,,,
2026-03-09T09:45:00+05:30,portfolio_replay,PREMIUM,SKIP,idle,23716.95,24.46,1.0,0.0,0.0,1.039,0.033,0.852,1,9,45,0,0,65,0,65,75,high_vol_range,0.0,0,,,
2026-03-09T09:50:00+05:30,portfolio_replay,PREMIUM,SKIP,idle,23761.4,24.19,1.0,0.0,0.0,1.039,0.154,0.368,1,9,50,0,0,64,0,64,75,high_vol_range,0.0,0,,,
2026-03-09T09:55:00+05:30,portfolio_replay,PREMIUM,SKIP,idle,23776.7,24.32,1.0,0.0,0.0,1.038,0.219,0.368,1,9,55,0,0,64,0,64,75,high_vol_range,0.0,0,,,
2026-03-09T10:00:00+05:30,portfolio_replay,PREMIUM,SKIP,idle,23769.0,24.29,1.0,0.0,0.0,1.039,0.187,0.322,1,10,0,0,0,64,0,64,65,high_vol_range,0.0,0,,,
2026-03-09T10:00:00+05:30,portfolio_replay,TREND,ENTER,debit_spread,23769.0,24.29,1.0,0.0,0.0,1.039,0.187,0.322,1,10,0,0,0,75,0,75,60,high_vol_range,32.74,75,,,
2026-03-09T10:02:00+05:30,portfolio_replay,PREMIUM,ENTER,iron_condor,23759.5,24.3,1.0,0.0,0.0,1.039,0.146,0.322,1,10,2,0,0,77,0,77,65,high_vol_range,39.13,75,,,
2026-03-09T10:53:00+05:30,portfolio_replay,TREND,EXIT,debit_spread,23853.25,23.84,1.0,0.0,0.0,1.038,0.542,0.14,1,10,53,0,0,0,0,0,0,high_vol_range,0.0,0,Trend stop: lost 36.2%,-889.5,53
2026-03-09T12:32:00+05:30,portfolio_replay,PREMIUM,EXIT,iron_condor,23851.25,23.93,1.0,0.0,0.0,1.038,0.533,0.17,1,12,32,0,0,0,0,0,0,high_vol_range,0.0,0,Profit target: premium decayed 51.2%,1502.25,150
2026-03-09T09:35:00+05:30,portfolio_replay,PREMIUM,SKIP,idle,23758.7,24.02,1.0,0.0,0.0,1.039,0.143,3.101,1,9,35,0,0,65,0,65,75,trending,0.0,0,,,
2026-03-09T09:40:00+05:30,portfolio_replay,PREMIUM,SKIP,idle,23767.35,24.15,1.0,0.0,0.0,1.039,0.18,3.101,1,9,40,0,0,52,0,52,75,trending,0.0,0,,,
2026-03-09T09:45:00+05:30,portfolio_replay,PREMIUM,SKIP,idle,23716.95,24.46,1.0,0.0,0.0,1.039,0.033,0.852,1,9,45,0,0,65,0,65,75,high_vol_range,0.0,0,,,
2026-03-09T09:50:00+05:30,portfolio_replay,PREMIUM,SKIP,idle,23761.4,24.19,1.0,0.0,0.0,1.039,0.154,0.368,1,9,50,0,0,64,0,64,75,high_vol_range,0.0,0,,,
2026-03-09T09:55:00+05:30,portfolio_replay,PREMIUM,SKIP,idle,23776.7,24.32,1.0,0.0,0.0,1.038,0.219,0.368,1,9,55,0,0,64,0,64,75,high_vol_range,0.0,0,,,
2026-03-09T10:00:00+05:30,portfolio_replay,PREMIUM,SKIP,idle,23769.0,24.29,1.0,0.0,0.0,1.039,0.187,0.322,1,10,0,0,0,64,0,64,65,high_vol_range,0.0,0,,,
2026-03-09T10:00:00+05:30,portfolio_replay,TREND,ENTER,debit_spread,23769.0,24.29,1.0,0.0,0.0,1.039,0.187,0.322,1,10,0,0,0,75,0,75,60,high_vol_range,32.74,75,,,
2026-03-09T10:02:00+05:30,portfolio_replay,PREMIUM,ENTER,iron_condor,23759.5,24.3,1.0,0.0,0.0,1.039,0.146,0.322,1,10,2,0,0,77,0,77,65,high_vol_range,30.4,75,,,
2026-03-09T10:53:00+05:30,portfolio_replay,TREND,EXIT,debit_spread,23853.25,23.84,1.0,0.0,0.0,1.038,0.542,0.14,1,10,53,0,0,0,0,0,0,high_vol_range,0.0,0,Trend stop: lost 36.2%,-889.5,53
2026-03-09T12:35:00+05:30,portfolio_replay,PREMIUM,EXIT,iron_condor,23842.1,24.0,1.0,0.0,0.0,1.038,0.495,0.135,1,12,35,0,0,0,0,0,0,high_vol_range,0.0,0,Profit target: premium decayed 50.0%,1140.75,153
2026-03-09T09:35:00+05:30,portfolio_replay,PREMIUM,SKIP,idle,23758.7,24.02,1.0,0.0,0.0,1.039,0.143,3.101,1,9,35,0,0,65,0,65,75,trending,0.0,0,,,
2026-03-09T09:40:00+05:30,portfolio_replay,PREMIUM,SKIP,idle,23767.35,24.15,1.0,0.0,0.0,1.039,0.18,3.101,1,9,40,0,0,52,0,52,75,trending,0.0,0,,,
2026-03-09T09:45:00+05:30,portfolio_replay,PREMIUM,SKIP,idle,23716.95,24.46,1.0,0.0,0.0,1.039,0.033,0.852,1,9,45,0,0,65,0,65,75,high_vol_range,0.0,0,,,
2026-03-09T09:50:00+05:30,portfolio_replay,PREMIUM,SKIP,idle,23761.4,24.19,1.0,0.0,0.0,1.039,0.154,0.368,1,9,50,0,0,64,0,64,75,high_vol_range,0.0,0,,,
2026-03-09T09:55:00+05:30,portfolio_replay,PREMIUM,SKIP,idle,23776.7,24.32,1.0,0.0,0.0,1.038,0.219,0.368,1,9,55,0,0,64,0,64,75,high_vol_range,0.0,0,,,
2026-03-09T10:00:00+05:30,portfolio_replay,PREMIUM,SKIP,idle,23769.0,24.29,1.0,0.0,0.0,1.039,0.187,0.322,1,10,0,0,0,64,0,64,65,high_vol_range,0.0,0,,,
2026-03-09T10:00:00+05:30,portfolio_replay,TREND,ENTER,debit_spread,23769.0,24.29,1.0,0.0,0.0,1.039,0.187,0.322,1,10,0,0,0,75,0,75,60,high_vol_range,32.74,75,,,
2026-03-09T10:02:00+05:30,portfolio_replay,PREMIUM,ENTER,iron_condor,23759.5,24.3,1.0,0.0,0.0,1.039,0.146,0.322,1,10,2,0,0,77,0,77,65,high_vol_range,43.18,75,,,
2026-03-09T10:53:00+05:30,portfolio_replay,TREND,EXIT,debit_spread,23853.25,23.84,1.0,0.0,0.0,1.038,0.542,0.14,1,10,53,0,0,0,0,0,0,high_vol_range,0.0,0,Trend stop: lost 36.2%,-889.5,53
2026-03-09T12:20:00+05:30,portfolio_replay,PREMIUM,EXIT,iron_condor,23846.1,23.84,1.0,0.0,0.0,1.038,0.511,0.224,1,12,20,0,0,0,0,0,0,high_vol_range,0.0,0,Profit target: premium decayed 51.4%,1665.0,138
2026-03-09T09:35:00+05:30,portfolio_replay,PREMIUM,SKIP,idle,23758.7,24.02,1.0,0.0,0.0,1.039,0.143,3.101,1,9,35,0,0,65,0,65,75,trending,0.0,0,,,
2026-03-09T09:40:00+05:30,portfolio_replay,PREMIUM,SKIP,idle,23767.35,24.15,1.0,0.0,0.0,1.039,0.18,3.101,1,9,40,0,0,52,0,52,75,trending,0.0,0,,,
2026-03-09T09:45:00+05:30,portfolio_replay,PREMIUM,SKIP,idle,23716.95,24.46,1.0,0.0,0.0,1.039,0.033,0.852,1,9,45,0,0,65,0,65,75,high_vol_range,0.0,0,,,
2026-03-09T09:50:00+05:30,portfolio_replay,PREMIUM,SKIP,idle,23761.4,24.19,1.0,0.0,0.0,1.039,0.154,0.368,1,9,50,0,0,64,0,64,75,high_vol_range,0.0,0,,,
2026-03-09T09:55:00+05:30,portfolio_replay,PREMIUM,SKIP,idle,23776.7,24.32,1.0,0.0,0.0,1.038,0.219,0.368,1,9,55,0,0,64,0,64,75,high_vol_range,0.0,0,,,
2026-03-09T10:00:00+05:30,portfolio_replay,PREMIUM,SKIP,idle,23769.0,24.29,1.0,0.0,0.0,1.039,0.187,0.322,1,10,0,0,0,64,0,64,65,high_vol_range,0.0,0,,,
2026-03-09T10:00:00+05:30,portfolio_replay,TREND,ENTER,debit_spread,23769.0,24.29,1.0,0.0,0.0,1.039,0.187,0.322,1,10,0,0,0,75,0,75,60,high_vol_range,44.85,75,,,
2026-03-09T10:02:00+05:30,portfolio_replay,PREMIUM,ENTER,iron_condor,23759.5,24.3,1.0,0.0,0.0,1.039,0.146,0.322,1,10,2,0,0,77,0,77,65,high_vol_range,39.13,75,,,
2026-03-09T10:51:00+05:30,portfolio_replay,TREND,EXIT,debit_spread,23845.9,23.83,1.0,0.0,0.0,1.038,0.511,0.14,1,10,51,0,0,0,0,0,0,high_vol_range,0.0,0,Trend stop: lost 35.5%,-1192.5,51
2026-03-09T12:32:00+05:30,portfolio_replay,PREMIUM,EXIT,iron_condor,23851.25,23.93,1.0,0.0,0.0,1.038,0.533,0.17,1,12,32,0,0,0,0,0,0,high_vol_range,0.0,0,Profit target: premium decayed 51.2%,1502.25,150
2026-03-09T09:35:00+05:30,portfolio_replay,PREMIUM,SKIP,idle,23758.7,24.02,1.0,0.0,0.0,1.039,0.143,3.101,1,9,35,0,0,65,0,65,75,trending,0.0,0,,,
2026-03-09T09:40:00+05:30,portfolio_replay,PREMIUM,SKIP,idle,23767.35,24.15,1.0,0.0,0.0,1.039,0.18,3.101,1,9,40,0,0,52,0,52,75,trending,0.0,0,,,
2026-03-09T09:45:00+05:30,portfolio_replay,PREMIUM,SKIP,idle,23716.95,24.46,1.0,0.0,0.0,1.039,0.033,0.852,1,9,45,0,0,65,0,65,75,high_vol_range,0.0,0,,,
2026-03-09T09:50:00+05:30,portfolio_replay,PREMIUM,SKIP,idle,23761.4,24.19,1.0,0.0,0.0,1.039,0.154,0.368,1,9,50,0,0,64,0,64,75,high_vol_range,0.0,0,,,
2026-03-09T09:55:00+05:30,portfolio_replay,PREMIUM,SKIP,idle,23776.7,24.32,1.0,0.0,0.0,1.038,0.219,0.368,1,9,55,0,0,64,0,64,75,high_vol_range,0.0,0,,,
2026-03-09T10:00:00+05:30,portfolio_replay,PREMIUM,SKIP,idle,23769.0,24.29,1.0,0.0,0.0,1.039,0.187,0.322,1,10,0,0,0,64,0,64,65,high_vol_range,0.0,0,,,
2026-03-09T10:00:00+05:30,portfolio_replay,TREND,ENTER,debit_spread,23769.0,24.29,1.0,0.0,0.0,1.039,0.187,0.322,1,10,0,0,0,75,0,75,60,high_vol_range,54.55,75,,,
2026-03-09T10:02:00+05:30,portfolio_replay,PREMIUM,ENTER,iron_condor,23759.5,24.3,1.0,0.0,0.0,1.039,0.146,0.322,1,10,2,0,0,77,0,77,65,high_vol_range,39.13,75,,,
2026-03-09T10:51:00+05:30,portfolio_replay,TREND,EXIT,debit_spread,23845.9,23.83,1.0,0.0,0.0,1.038,0.511,0.14,1,10,51,0,0,0,0,0,0,high_vol_range,0.0,0,Trend stop: lost 37.1%,-1519.5,51
2026-03-09T12:32:00+05:30,portfolio_replay,PREMIUM,EXIT,iron_condor,23851.25,23.93,1.0,0.0,0.0,1.038,0.533,0.17,1,12,32,0,0,0,0,0,0,high_vol_range,0.0,0,Profit target: premium decayed 51.2%,1502.25,150
2026-03-09T09:35:00+05:30,portfolio_replay,PREMIUM,SKIP,idle,23758.7,24.02,1.0,0.0,0.0,1.039,0.143,3.101,1,9,35,0,0,65,0,65,75,trending,0.0,0,,,
2026-03-09T09:40:00+05:30,portfolio_replay,PREMIUM,SKIP,idle,23767.35,24.15,1.0,0.0,0.0,1.039,0.18,3.101,1,9,40,0,0,52,0,52,75,trending,0.0,0,,,
2026-03-09T09:45:00+05:30,portfolio_replay,PREMIUM,SKIP,idle,23716.95,24.46,1.0,0.0,0.0,1.039,0.033,0.852,1,9,45,0,0,65,0,65,75,high_vol_range,0.0,0,,,
2026-03-09T09:50:00+05:30,portfolio_replay,PREMIUM,SKIP,idle,23761.4,24.19,1.0,0.0,0.0,1.039,0.154,0.368,1,9,50,0,0,64,0,64,75,high_vol_range,0.0,0,,,
2026-03-09T09:55:00+05:30,portfolio_replay,PREMIUM,SKIP,idle,23776.7,24.32,1.0,0.0,0.0,1.038,0.219,0.368,1,9,55,0,0,64,0,64,75,high_vol_range,0.0,0,,,
2026-03-09T10:00:00+05:30,portfolio_replay,PREMIUM,SKIP,idle,23769.0,24.29,1.0,0.0,0.0,1.039,0.187,0.322,1,10,0,0,0,64,0,64,65,high_vol_range,0.0,0,,,
2026-03-09T10:00:00+05:30,portfolio_replay,TREND,ENTER,debit_spread,23769.0,24.29,1.0,0.0,0.0,1.039,0.187,0.322,1,10,0,0,0,75,0,75,60,high_vol_range,32.74,75,,,
2026-03-09T10:02:00+05:30,portfolio_replay,PREMIUM,ENTER,iron_condor,23759.5,24.3,1.0,0.0,0.0,1.039,0.146,0.322,1,10,2,0,0,77,0,77,65,high_vol_range,39.13,75,,,
2026-03-09T11:10:00+05:30,portfolio_replay,PREMIUM,EXIT,iron_condor,23807.05,23.99,1.0,0.0,0.0,1.039,0.347,0.551,1,11,10,0,0,0,0,0,0,high_vol_range,0.0,0,Profit target: premium decayed 28.7%,843.0,68
2026-03-09T11:28:00+05:30,portfolio_replay,TREND,EXIT,debit_spread,23882.6,23.67,1.0,0.0,0.0,1.038,0.665,0.407,1,11,28,0,0,0,0,0,0,high_vol_range,0.0,0,Trend stop: lost 50.4%,-1238.25,88
2026-03-09T09:35:00+05:30,portfolio_replay,PREMIUM,SKIP,idle,23758.7,24.02,1.0,0.0,0.0,1.039,0.143,3.101,1,9,35,0,0,65,0,65,75,trending,0.0,0,,,
2026-03-09T09:40:00+05:30,portfolio_replay,PREMIUM,SKIP,idle,23767.35,24.15,1.0,0.0,0.0,1.039,0.18,3.101,1,9,40,0,0,52,0,52,75,trending,0.0,0,,,
2026-03-09T09:45:00+05:30,portfolio_replay,PREMIUM,SKIP,idle,23716.95,24.46,1.0,0.0,0.0,1.039,0.033,0.852,1,9,45,0,0,65,0,65,75,high_vol_range,0.0,0,,,
2026-03-09T09:50:00+05:30,portfolio_replay,PREMIUM,SKIP,idle,23761.4,24.19,1.0,0.0,0.0,1.039,0.154,0.368,1,9,50,0,0,64,0,64,75,high_vol_range,0.0,0,,,
2026-03-09T09:55:00+05:30,portfolio_replay,PREMIUM,SKIP,idle,23776.7,24.32,1.0,0.0,0.0,1.038,0.219,0.368,1,9,55,0,0,64,0,64,75,high_vol_range,0.0,0,,,
2026-03-09T10:00:00+05:30,portfolio_replay,PREMIUM,SKIP,idle,23769.0,24.29,1.0,0.0,0.0,1.039,0.187,0.322,1,10,0,0,0,64,0,64,65,high_vol_range,0.0,0,,,
2026-03-09T10:00:00+05:30,portfolio_replay,TREND,ENTER,debit_spread,23769.0,24.29,1.0,0.0,0.0,1.039,0.187,0.322,1,10,0,0,0,75,0,75,60,high_vol_range,32.74,75,,,
2026-03-09T10:02:00+05:30,portfolio_replay,PREMIUM,ENTER,iron_condor,23759.5,24.3,1.0,0.0,0.0,1.039,0.146,0.322,1,10,2,0,0,77,0,77,65,high_vol_range,39.13,75,,,
2026-03-09T10:51:00+05:30,portfolio_replay,TREND,EXIT,debit_spread,23845.9,23.83,1.0,0.0,0.0,1.038,0.511,0.14,1,10,51,0,0,0,0,0,0,high_vol_range,0.0,0,Trend stop: lost 33.6%,-825.0,51
2026-03-09T12:32:00+05:30,portfolio_replay,PREMIUM,EXIT,iron_condor,23851.25,23.93,1.0,0.0,0.0,1.038,0.533,0.17,1,12,32,0,0,0,0,0,0,high_vol_range,0.0,0,Profit target: premium decayed 51.2%,1502.25,150
2026-03-09T09:35:00+05:30,portfolio_replay,PREMIUM,SKIP,idle,23758.7,24.02,1.0,0.0,0.0,1.039,0.143,3.101,1,9,35,0,0,65,0,65,75,trending,0.0,0,,,
2026-03-09T09:40:00+05:30,portfolio_replay,PREMIUM,SKIP,idle,23767.35,24.15,1.0,0.0,0.0,1.039,0.18,3.101,1,9,40,0,0,52,0,52,75,trending,0.0,0,,,
2026-03-09T09:45:00+05:30,portfolio_replay,PREMIUM,SKIP,idle,23716.95,24.46,1.0,0.0,0.0,1.039,0.033,0.852,1,9,45,0,0,65,0,65,75,high_vol_range,0.0,0,,,
2026-03-09T09:50:00+05:30,portfolio_replay,PREMIUM,SKIP,idle,23761.4,24.19,1.0,0.0,0.0,1.039,0.154,0.368,1,9,50,0,0,64,0,64,75,high_vol_range,0.0,0,,,
2026-03-09T09:55:00+05:30,portfolio_replay,PREMIUM,SKIP,idle,23776.7,24.32,1.0,0.0,0.0,1.038,0.219,0.368,1,9,55,0,0,64,0,64,75,high_vol_range,0.0,0,,,
2026-03-09T10:00:00+05:30,portfolio_replay,PREMIUM,SKIP,idle,23769.0,24.29,1.0,0.0,0.0,1.039,0.187,0.322,1,10,0,0,0,64,0,64,65,high_vol_range,0.0,0,,,
2026-03-09T10:00:00+05:30,portfolio_replay,TREND,ENTER,debit_spread,23769.0,24.29,1.0,0.0,0.0,1.039,0.187,0.322,1,10,0,0,0,75,0,75,60,high_vol_range,32.74,75,,,
2026-03-09T10:02:00+05:30,portfolio_replay,PREMIUM,ENTER,iron_condor,23759.5,24.3,1.0,0.0,0.0,1.039,0.146,0.322,1,10,2,0,0,77,0,77,65,high_vol_range,39.13,75,,,
2026-03-09T10:51:00+05:30,portfolio_replay,TREND,EXIT,debit_spread,23845.9,23.83,1.0,0.0,0.0,1.038,0.511,0.14,1,10,51,0,0,0,0,0,0,high_vol_range,0.0,0,Trend stop: lost 33.6%,-825.0,51
2026-03-09T12:32:00+05:30,portfolio_replay,PREMIUM,EXIT,iron_condor,23851.25,23.93,1.0,0.0,0.0,1.038,0.533,0.17,1,12,32,0,0,0,0,0,0,high_vol_range,0.0,0,Profit target: premium decayed 51.2%,1502.25,150
2026-03-09T09:35:00+05:30,portfolio_replay,PREMIUM,SKIP,idle,23758.7,24.02,1.0,0.0,0.0,1.039,0.143,3.101,1,9,35,0,0,65,0,65,75,trending,0.0,0,,,
2026-03-09T09:40:00+05:30,portfolio_replay,PREMIUM,SKIP,idle,23767.35,24.15,1.0,0.0,0.0,1.039,0.18,3.101,1,9,40,0,0,52,0,52,75,trending,0.0,0,,,
2026-03-09T09:45:00+05:30,portfolio_replay,PREMIUM,SKIP,idle,23716.95,24.46,1.0,0.0,0.0,1.039,0.033,0.852,1,9,45,0,0,65,0,65,75,high_vol_range,0.0,0,,,
2026-03-09T09:50:00+05:30,portfolio_replay,PREMIUM,SKIP,idle,23761.4,24.19,1.0,0.0,0.0,1.039,0.154,0.368,1,9,50,0,0,64,0,64,75,high_vol_range,0.0,0,,,
2026-03-09T09:55:00+05:30,portfolio_replay,PREMIUM,SKIP,idle,23776.7,24.32,1.0,0.0,0.0,1.038,0.219,0.368,1,9,55,0,0,64,0,64,75,high_vol_range,0.0,0,,,
2026-03-09T10:00:00+05:30,portfolio_replay,PREMIUM,SKIP,idle,23769.0,24.29,1.0,0.0,0.0,1.039,0.187,0.322,1,10,0,0,0,64,0,64,65,high_vol_range,0.0,0,,,
2026-03-09T10:00:00+05:30,portfolio_replay,TREND,ENTER,debit_spread,23769.0,24.29,1.0,0.0,0.0,1.039,0.187,0.322,1,10,0,0,0,75,0,75,60,high_vol_range,44.85,75,,,
2026-03-09T10:02:00+05:30,portfolio_replay,PREMIUM,ENTER,iron_condor,23759.5,24.3,1.0,0.0,0.0,1.039,0.146,0.322,1,10,2,0,0,77,0,77,65,high_vol_range,39.13,75,,,
2026-03-09T10:51:00+05:30,portfolio_replay,TREND,EXIT,debit_spread,23845.9,23.83,1.0,0.0,0.0,1.038,0.511,0.14,1,10,51,0,0,0,0,0,0,high_vol_range,0.0,0,Trend stop: lost 35.5%,-1192.5,51
2026-03-09T12:32:00+05:30,portfolio_replay,PREMIUM,EXIT,iron_condor,23851.25,23.93,1.0,0.0,0.0,1.038,0.533,0.17,1,12,32,0,0,0,0,0,0,high_vol_range,0.0,0,Profit target: premium decayed 51.2%,1502.25,150
2026-03-09T09:35:00+05:30,portfolio_replay,PREMIUM,SKIP,idle,23758.7,24.02,1.0,0.0,0.0,1.039,0.143,3.101,1,9,35,0,0,65,0,65,75,trending,0.0,0,,,
2026-03-09T09:40:00+05:30,portfolio_replay,PREMIUM,SKIP,idle,23767.35,24.15,1.0,0.0,0.0,1.039,0.18,3.101,1,9,40,0,0,52,0,52,75,trending,0.0,0,,,
2026-03-09T09:45:00+05:30,portfolio_replay,PREMIUM,SKIP,idle,23716.95,24.46,1.0,0.0,0.0,1.039,0.033,0.852,1,9,45,0,0,65,0,65,75,high_vol_range,0.0,0,,,
2026-03-09T09:50:00+05:30,portfolio_replay,PREMIUM,SKIP,idle,23761.4,24.19,1.0,0.0,0.0,1.039,0.154,0.368,1,9,50,0,0,64,0,64,75,high_vol_range,0.0,0,,,
2026-03-09T09:55:00+05:30,portfolio_replay,PREMIUM,SKIP,idle,23776.7,24.32,1.0,0.0,0.0,1.038,0.219,0.368,1,9,55,0,0,64,0,64,75,high_vol_range,0.0,0,,,
2026-03-09T10:00:00+05:30,portfolio_replay,PREMIUM,SKIP,idle,23769.0,24.29,1.0,0.0,0.0,1.039,0.187,0.322,1,10,0,0,0,64,0,64,65,high_vol_range,0.0,0,,,
2026-03-09T10:00:00+05:30,portfolio_replay,TREND,ENTER,debit_spread,23769.0,24.29,1.0,0.0,0.0,1.039,0.187,0.322,1,10,0,0,0,75,0,75,60,high_vol_range,32.74,75,,,
2026-03-09T10:02:00+05:30,portfolio_replay,PREMIUM,ENTER,iron_condor,23759.5,24.3,1.0,0.0,0.0,1.039,0.146,0.322,1,10,2,0,0,77,0,77,65,high_vol_range,39.13,75,,,
2026-03-09T10:51:00+05:30,portfolio_replay,TREND,EXIT,debit_spread,23845.9,23.83,1.0,0.0,0.0,1.038,0.511,0.14,1,10,51,0,0,0,0,0,0,high_vol_range,0.0,0,Trend stop: lost 33.6%,-825.0,51
2026-03-09T12:32:00+05:30,portfolio_replay,PREMIUM,EXIT,iron_condor,23851.25,23.93,1.0,0.0,0.0,1.038,0.533,0.17,1,12,32,0,0,0,0,0,0,high_vol_range,0.0,0,Profit target: premium decayed 51.2%,1502.25,150
2026-03-09T09:35:00+05:30,portfolio_replay,PREMIUM,SKIP,idle,23758.7,24.02,1.0,0.0,0.0,1.039,0.143,3.101,1,9,35,0,0,65,0,65,75,trending,0.0,0,,,
2026-03-09T09:40:00+05:30,portfolio_replay,PREMIUM,SKIP,idle,23767.35,24.15,1.0,0.0,0.0,1.039,0.18,3.101,1,9,40,0,0,52,0,52,75,trending,0.0,0,,,
2026-03-09T09:45:00+05:30,portfolio_replay,PREMIUM,SKIP,idle,23716.95,24.46,1.0,0.0,0.0,1.039,0.033,0.852,1,9,45,0,0,65,0,65,75,high_vol_range,0.0,0,,,
2026-03-09T09:50:00+05:30,portfolio_replay,PREMIUM,SKIP,idle,23761.4,24.19,1.0,0.0,0.0,1.039,0.154,0.368,1,9,50,0,0,64,0,64,75,high_vol_range,0.0,0,,,
2026-03-09T09:55:00+05:30,portfolio_replay,PREMIUM,SKIP,idle,23776.7,24.32,1.0,0.0,0.0,1.038,0.219,0.368,1,9,55,0,0,64,0,64,75,high_vol_range,0.0,0,,,
2026-03-09T10:00:00+05:30,portfolio_replay,PREMIUM,SKIP,idle,23769.0,24.29,1.0,0.0,0.0,1.039,0.187,0.322,1,10,0,0,0,64,0,64,65,high_vol_range,0.0,0,,,
2026-03-09T10:00:00+05:30,portfolio_replay,TREND,ENTER,debit_spread,23769.0,24.29,1.0,0.0,0.0,1.039,0.187,0.322,1,10,0,0,0,75,0,75,60,high_vol_range,32.74,75,,,
2026-03-09T10:02:00+05:30,portfolio_replay,PREMIUM,ENTER,iron_condor,23759.5,24.3,1.0,0.0,0.0,1.039,0.146,0.322,1,10,2,0,0,77,0,77,65,high_vol_range,39.13,75,,,
2026-03-09T10:51:00+05:30,portfolio_replay,TREND,EXIT,debit_spread,23845.9,23.83,1.0,0.0,0.0,1.038,0.511,0.14,1,10,51,0,0,0,0,0,0,high_vol_range,0.0,0,Trend stop: lost 33.6%,-825.0,51
2026-03-09T12:32:00+05:30,portfolio_replay,PREMIUM,EXIT,iron_condor,23851.25,23.93,1.0,0.0,0.0,1.038,0.533,0.17,1,12,32,0,0,0,0,0,0,high_vol_range,0.0,0,Profit target: premium decayed 51.2%,1502.25,150
2026-03-09T09:35:00+05:30,portfolio_replay,PREMIUM,SKIP,idle,23758.7,24.02,1.0,0.0,0.0,1.039,0.143,3.101,1,9,35,0,0,65,0,65,75,trending,0.0,0,,,
2026-03-09T09:40:00+05:30,portfolio_replay,PREMIUM,SKIP,idle,23767.35,24.15,1.0,0.0,0.0,1.039,0.18,3.101,1,9,40,0,0,52,0,52,75,trending,0.0,0,,,
2026-03-09T09:45:00+05:30,portfolio_replay,PREMIUM,SKIP,idle,23716.95,24.46,1.0,0.0,0.0,1.039,0.033,0.852,1,9,45,0,0,65,0,65,75,high_vol_range,0.0,0,,,
2026-03-09T09:50:00+05:30,portfolio_replay,PREMIUM,SKIP,idle,23761.4,24.19,1.0,0.0,0.0,1.039,0.154,0.368,1,9,50,0,0,64,0,64,75,high_vol_range,0.0,0,,,
2026-03-09T09:55:00+05:30,portfolio_replay,PREMIUM,SKIP,idle,23776.7,24.32,1.0,0.0,0.0,1.038,0.219,0.368,1,9,55,0,0,64,0,64,75,high_vol_range,0.0,0,,,
2026-03-09T10:00:00+05:30,portfolio_replay,PREMIUM,SKIP,idle,23769.0,24.29,1.0,0.0,0.0,1.039,0.187,0.322,1,10,0,0,0,64,0,64,65,high_vol_range,0.0,0,,,
2026-03-09T10:00:00+05:30,portfolio_replay,TREND,ENTER,debit_spread,23769.0,24.29,1.0,0.0,0.0,1.039,0.187,0.322,1,10,0,0,0,75,0,75,60,high_vol_range,32.74,75,,,
2026-03-09T10:02:00+05:30,portfolio_replay,PREMIUM,ENTER,iron_condor,23759.5,24.3,1.0,0.0,0.0,1.039,0.146,0.322,1,10,2,0,0,77,0,77,65,high_vol_range,39.13,75,,,
2026-03-09T10:51:00+05:30,portfolio_replay,TREND,EXIT,debit_spread,23845.9,23.83,1.0,0.0,0.0,1.038,0.511,0.14,1,10,51,0,0,0,0,0,0,high_vol_range,0.0,0,Trend stop: lost 33.6%,-825.0,51
2026-03-09T12:32:00+05:30,portfolio_replay,PREMIUM,EXIT,iron_condor,23851.25,23.93,1.0,0.0,0.0,1.038,0.533,0.17,1,12,32,0,0,0,0,0,0,high_vol_range,0.0,0,Profit target: premium decayed 51.2%,1502.25,150
2026-03-09T09:35:00+05:30,portfolio_replay,PREMIUM,SKIP,idle,23758.7,24.02,1.0,0.0,0.0,1.039,0.143,3.101,1,9,35,0,0,65,0,65,75,trending,0.0,0,,,
2026-03-09T09:40:00+05:30,portfolio_replay,PREMIUM,SKIP,idle,23767.35,24.15,1.0,0.0,0.0,1.039,0.18,3.101,1,9,40,0,0,52,0,52,75,trending,0.0,0,,,
2026-03-09T09:45:00+05:30,portfolio_replay,PREMIUM,SKIP,idle,23716.95,24.46,1.0,0.0,0.0,1.039,0.033,0.852,1,9,45,0,0,65,0,65,75,high_vol_range,0.0,0,,,
2026-03-09T09:50:00+05:30,portfolio_replay,PREMIUM,SKIP,idle,23761.4,24.19,1.0,0.0,0.0,1.039,0.154,0.368,1,9,50,0,0,64,0,64,75,high_vol_range,0.0,0,,,
2026-03-09T09:55:00+05:30,portfolio_replay,PREMIUM,SKIP,idle,23776.7,24.32,1.0,0.0,0.0,1.038,0.219,0.368,1,9,55,0,0,64,0,64,75,high_vol_range,0.0,0,,,
2026-03-09T10:00:00+05:30,portfolio_replay,PREMIUM,SKIP,idle,23769.0,24.29,1.0,0.0,0.0,1.039,0.187,0.322,1,10,0,0,0,64,0,64,65,high_vol_range,0.0,0,,,
2026-03-09T10:00:00+05:30,portfolio_replay,TREND,ENTER,debit_spread,23769.0,24.29,1.0,0.0,0.0,1.039,0.187,0.322,1,10,0,0,0,75,0,75,60,high_vol_range,32.74,75,,,
2026-03-09T10:02:00+05:30,portfolio_replay,PREMIUM,ENTER,iron_condor,23759.5,24.3,1.0,0.0,0.0,1.039,0.146,0.322,1,10,2,0,0,77,0,77,65,high_vol_range,39.13,75,,,
2026-03-09T10:51:00+05:30,portfolio_replay,TREND,EXIT,debit_spread,23845.9,23.83,1.0,0.0,0.0,1.038,0.511,0.14,1,10,51,0,0,0,0,0,0,high_vol_range,0.0,0,Trend stop: lost 33.6%,-825.0,51
2026-03-09T10:56:00+05:30,portfolio_replay,PREMIUM,EXIT,iron_condor,23886.2,23.66,1.0,0.0,0.0,1.038,0.681,0.424,1,10,56,0,0,0,0,0,0,high_vol_range,0.0,0,Trail stop: bounced 22.5%,-35.25,54
2026-03-09T09:35:00+05:30,portfolio_replay,PREMIUM,SKIP,idle,23758.7,24.02,1.0,0.0,0.0,1.039,0.143,3.101,1,9,35,0,0,65,0,65,75,trending,0.0,0,,,
2026-03-09T09:40:00+05:30,portfolio_replay,PREMIUM,SKIP,idle,23767.35,24.15,1.0,0.0,0.0,1.039,0.18,3.101,1,9,40,0,0,52,0,52,75,trending,0.0,0,,,
2026-03-09T09:45:00+05:30,portfolio_replay,PREMIUM,SKIP,idle,23716.95,24.46,1.0,0.0,0.0,1.039,0.033,0.852,1,9,45,0,0,65,0,65,75,high_vol_range,0.0,0,,,
2026-03-09T09:50:00+05:30,portfolio_replay,PREMIUM,SKIP,idle,23761.4,24.19,1.0,0.0,0.0,1.039,0.154,0.368,1,9,50,0,0,64,0,64,75,high_vol_range,0.0,0,,,
2026-03-09T09:55:00+05:30,portfolio_replay,PREMIUM,SKIP,idle,23776.7,24.32,1.0,0.0,0.0,1.038,0.219,0.368,1,9,55,0,0,64,0,64,75,high_vol_range,0.0,0,,,
2026-03-09T10:00:00+05:30,portfolio_replay,PREMIUM,SKIP,idle,23769.0,24.29,1.0,0.0,0.0,1.039,0.187,0.322,1,10,0,0,0,64,0,64,65,high_vol_range,0.0,0,,,
2026-03-09T10:00:00+05:30,portfolio_replay,TREND,ENTER,debit_spread,23769.0,24.29,1.0,0.0,0.0,1.039,0.187,0.322,1,10,0,0,0,75,0,75,60,high_vol_range,32.74,75,,,
2026-03-09T10:02:00+05:30,portfolio_replay,PREMIUM,ENTER,iron_condor,23759.5,24.3,1.0,0.0,0.0,1.039,0.146,0.322,1,10,2,0,0,77,0,77,65,high_vol_range,39.13,75,,,
2026-03-09T10:51:00+05:30,portfolio_replay,TREND,EXIT,debit_spread,23845.9,23.83,1.0,0.0,0.0,1.038,0.511,0.14,1,10,51,0,0,0,0,0,0,high_vol_range,0.0,0,Trend stop: lost 33.6%,-825.0,51
2026-03-09T10:56:00+05:30,portfolio_replay,PREMIUM,EXIT,iron_condor,23886.2,23.66,1.0,0.0,0.0,1.038,0.681,0.424,1,10,56,0,0,0,0,0,0,high_vol_range,0.0,0,Trail stop: bounced 22.5%,-35.25,54
2026-03-09T09:35:00+05:30,portfolio_replay,PREMIUM,SKIP,idle,23758.7,24.02,1.0,0.0,0.0,1.039,0.143,3.101,1,9,35,0,0,65,0,65,75,trending,0.0,0,,,
2026-03-09T09:40:00+05:30,portfolio_replay,PREMIUM,SKIP,idle,23767.35,24.15,1.0,0.0,0.0,1.039,0.18,3.101,1,9,40,0,0,52,0,52,75,trending,0.0,0,,,
2026-03-09T09:45:00+05:30,portfolio_replay,PREMIUM,SKIP,idle,23716.95,24.46,1.0,0.0,0.0,1.039,0.033,0.852,1,9,45,0,0,65,0,65,75,high_vol_range,0.0,0,,,
2026-03-09T09:50:00+05:30,portfolio_replay,PREMIUM,SKIP,idle,23761.4,24.19,1.0,0.0,0.0,1.039,0.154,0.368,1,9,50,0,0,64,0,64,75,high_vol_range,0.0,0,,,
2026-03-09T09:55:00+05:30,portfolio_replay,PREMIUM,SKIP,idle,23776.7,24.32,1.0,0.0,0.0,1.038,0.219,0.368,1,9,55,0,0,64,0,64,75,high_vol_range,0.0,0,,,
2026-03-09T10:00:00+05:30,portfolio_replay,PREMIUM,SKIP,idle,23769.0,24.29,1.0,0.0,0.0,1.039,0.187,0.322,1,10,0,0,0,64,0,64,65,high_vol_range,0.0,0,,,
2026-03-09T10:00:00+05:30,portfolio_replay,TREND,ENTER,debit_spread,23769.0,24.29,1.0,0.0,0.0,1.039,0.187,0.322,1,10,0,0,0,75,0,75,60,high_vol_range,32.74,75,,,
2026-03-09T10:02:00+05:30,portfolio_replay,PREMIUM,ENTER,iron_condor,23759.5,24.3,1.0,0.0,0.0,1.039,0.146,0.322,1,10,2,0,0,77,0,77,65,high_vol_range,39.13,75,,,
2026-03-09T10:51:00+05:30,portfolio_replay,TREND,EXIT,debit_spread,23845.9,23.83,1.0,0.0,0.0,1.038,0.511,0.14,1,10,51,0,0,0,0,0,0,high_vol_range,0.0,0,Trend stop: lost 33.6%,-825.0,51
2026-03-09T11:38:00+05:30,portfolio_replay,PREMIUM,EXIT,iron_condor,23894.6,23.49,1.0,0.0,0.0,1.038,0.716,0.398,1,11,38,0,0,0,0,0,0,high_vol_range,0.0,0,Trail stop: bounced 20.1% after 33% decay,384.0,96
2026-03-09T09:35:00+05:30,portfolio_replay,PREMIUM,SKIP,idle,23758.7,24.02,1.0,0.0,0.0,1.039,0.143,3.101,1,9,35,0,0,65,0,65,75,trending,0.0,0,,,
2026-03-09T09:40:00+05:30,portfolio_replay,PREMIUM,SKIP,idle,23767.35,24.15,1.0,0.0,0.0,1.039,0.18,3.101,1,9,40,0,0,52,0,52,75,trending,0.0,0,,,
2026-03-09T09:45:00+05:30,portfolio_replay,PREMIUM,SKIP,idle,23716.95,24.46,1.0,0.0,0.0,1.039,0.033,0.852,1,9,45,0,0,65,0,65,75,high_vol_range,0.0,0,,,
2026-03-09T09:50:00+05:30,portfolio_replay,PREMIUM,SKIP,idle,23761.4,24.19,1.0,0.0,0.0,1.039,0.154,0.368,1,9,50,0,0,64,0,64,75,high_vol_range,0.0,0,,,
2026-03-09T09:55:00+05:30,portfolio_replay,PREMIUM,SKIP,idle,23776.7,24.32,1.0,0.0,0.0,1.038,0.219,0.368,1,9,55,0,0,64,0,64,75,high_vol_range,0.0,0,,,
2026-03-09T10:00:00+05:30,portfolio_replay,PREMIUM,SKIP,idle,23769.0,24.29,1.0,0.0,0.0,1.039,0.187,0.322,1,10,0,0,0,64,0,64,65,high_vol_range,0.0,0,,,
2026-03-09T10:00:00+05:30,portfolio_replay,TREND,ENTER,debit_spread,23769.0,24.29,1.0,0.0,0.0,1.039,0.187,0.322,1,10,0,0,0,75,0,75,60,high_vol_range,32.74,75,,,
2026-03-09T10:02:00+05:30,portfolio_replay,PREMIUM,ENTER,iron_condor,23759.5,24.3,1.0,0.0,0.0,1.039,0.146,0.322,1,10,2,0,0,77,0,77,65,high_vol_range,39.13,75,,,
2026-03-09T10:51:00+05:30,portfolio_replay,TREND,EXIT,debit_spread,23845.9,23.83,1.0,0.0,0.0,1.038,0.511,0.14,1,10,51,0,0,0,0,0,0,high_vol_range,0.0,0,Trend stop: lost 33.6%,-825.0,51
2026-03-09T11:38:00+05:30,portfolio_replay,PREMIUM,EXIT,iron_condor,23894.6,23.49,1.0,0.0,0.0,1.038,0.716,0.398,1,11,38,0,0,0,0,0,0,high_vol_range,0.0,0,Trail stop: bounced 20.1% after 33% decay,384.0,96
2026-03-09T09:35:00+05:30,portfolio_replay,PREMIUM,SKIP,idle,23758.7,24.02,1.0,0.0,0.0,1.039,0.143,3.101,1,9,35,0,0,65,0,65,75,trending,0.0,0,,,
2026-03-09T09:40:00+05:30,portfolio_replay,PREMIUM,SKIP,idle,23767.35,24.15,1.0,0.0,0.0,1.039,0.18,3.101,1,9,40,0,0,52,0,52,75,trending,0.0,0,,,
2026-03-09T09:45:00+05:30,portfolio_replay,PREMIUM,SKIP,idle,23716.95,24.46,1.0,0.0,0.0,1.039,0.033,0.852,1,9,45,0,0,65,0,65,75,high_vol_range,0.0,0,,,
2026-03-09T09:50:00+05:30,portfolio_replay,PREMIUM,SKIP,idle,23761.4,24.19,1.0,0.0,0.0,1.039,0.154,0.368,1,9,50,0,0,64,0,64,75,high_vol_range,0.0,0,,,
2026-03-09T09:55:00+05:30,portfolio_replay,PREMIUM,SKIP,idle,23776.7,24.32,1.0,0.0,0.0,1.038,0.219,0.368,1,9,55,0,0,64,0,64,75,high_vol_range,0.0,0,,,
2026-03-09T10:00:00+05:30,portfolio_replay,PREMIUM,SKIP,idle,23769.0,24.29,1.0,0.0,0.0,1.039,0.187,0.322,1,10,0,0,0,64,0,64,65,high_vol_range,0.0,0,,,
2026-03-09T10:00:00+05:30,portfolio_replay,TREND,ENTER,debit_spread,23769.0,24.29,1.0,0.0,0.0,1.039,0.187,0.322,1,10,0,0,0,75,0,75,60,high_vol_range,32.74,75,,,
2026-03-09T10:02:00+05:30,portfolio_replay,PREMIUM,ENTER,iron_condor,23759.5,24.3,1.0,0.0,0.0,1.039,0.146,0.322,1,10,2,0,0,77,0,77,65,high_vol_range,39.13,75,,,
2026-03-09T10:51:00+05:30,portfolio_replay,TREND,EXIT,debit_spread,23845.9,23.83,1.0,0.0,0.0,1.038,0.511,0.14,1,10,51,0,0,0,0,0,0,high_vol_range,0.0,0,Trend stop: lost 33.6%,-825.0,51
2026-03-09T11:38:00+05:30,portfolio_replay,PREMIUM,EXIT,iron_condor,23894.6,23.49,1.0,0.0,0.0,1.038,0.716,0.398,1,11,38,0,0,0,0,0,0,high_vol_range,0.0,0,Trail stop: bounced 20.1% after 33% decay,384.0,96
2026-03-09T09:35:00+05:30,portfolio_replay,PREMIUM,SKIP,idle,23758.7,24.02,1.0,0.0,0.0,1.039,0.143,3.101,1,9,35,0,0,65,0,65,75,trending,0.0,0,,,
2026-03-09T09:40:00+05:30,portfolio_replay,PREMIUM,SKIP,idle,23767.35,24.15,1.0,0.0,0.0,1.039,0.18,3.101,1,9,40,0,0,52,0,52,75,trending,0.0,0,,,
2026-03-09T09:45:00+05:30,portfolio_replay,PREMIUM,SKIP,idle,23716.95,24.46,1.0,0.0,0.0,1.039,0.033,0.852,1,9,45,0,0,65,0,65,75,high_vol_range,0.0,0,,,
2026-03-09T09:50:00+05:30,portfolio_replay,PREMIUM,SKIP,idle,23761.4,24.19,1.0,0.0,0.0,1.039,0.154,0.368,1,9,50,0,0,64,0,64,75,high_vol_range,0.0,0,,,
2026-03-09T09:55:00+05:30,portfolio_replay,PREMIUM,SKIP,idle,23776.7,24.32,1.0,0.0,0.0,1.038,0.219,0.368,1,9,55,0,0,64,0,64,75,high_vol_range,0.0,0,,,
2026-03-09T10:00:00+05:30,portfolio_replay,PREMIUM,SKIP,idle,23769.0,24.29,1.0,0.0,0.0,1.039,0.187,0.322,1,10,0,0,0,64,0,64,65,high_vol_range,0.0,0,,,
2026-03-09T10:00:00+05:30,portfolio_replay,TREND,ENTER,debit_spread,23769.0,24.29,1.0,0.0,0.0,1.039,0.187,0.322,1,10,0,0,0,75,0,75,60,high_vol_range,32.74,75,,,
2026-03-09T10:02:00+05:30,portfolio_replay,PREMIUM,ENTER,iron_condor,23759.5,24.3,1.0,0.0,0.0,1.039,0.146,0.322,1,10,2,0,0,77,0,77,65,high_vol_range,39.13,75,,,
2026-03-09T10:51:00+05:30,portfolio_replay,TREND,EXIT,debit_spread,23845.9,23.83,1.0,0.0,0.0,1.038,0.511,0.14,1,10,51,0,0,0,0,0,0,high_vol_range,0.0,0,Trend stop: lost 33.6%,-825.0,51
2026-03-09T12:32:00+05:30,portfolio_replay,PREMIUM,EXIT,iron_condor,23851.25,23.93,1.0,0.0,0.0,1.038,0.533,0.17,1,12,32,0,0,0,0,0,0,high_vol_range,0.0,0,Profit target: premium decayed 51.2%,1502.25,150
2026-03-09T09:35:00+05:30,portfolio_replay,PREMIUM,SKIP,idle,23758.7,24.02,1.0,0.0,0.0,1.039,0.143,3.101,1,9,35,0,0,65,0,65,75,trending,0.0,0,,,
2026-03-09T09:40:00+05:30,portfolio_replay,PREMIUM,SKIP,idle,23767.35,24.15,1.0,0.0,0.0,1.039,0.18,3.101,1,9,40,0,0,52,0,52,75,trending,0.0,0,,,
2026-03-09T09:45:00+05:30,portfolio_replay,PREMIUM,SKIP,idle,23716.95,24.46,1.0,0.0,0.0,1.039,0.033,0.852,1,9,45,0,0,65,0,65,75,high_vol_range,0.0,0,,,
2026-03-09T09:50:00+05:30,portfolio_replay,PREMIUM,SKIP,idle,23761.4,24.19,1.0,0.0,0.0,1.039,0.154,0.368,1,9,50,0,0,64,0,64,75,high_vol_range,0.0,0,,,
2026-03-09T09:55:00+05:30,portfolio_replay,PREMIUM,SKIP,idle,23776.7,24.32,1.0,0.0,0.0,1.038,0.219,0.368,1,9,55,0,0,64,0,64,75,high_vol_range,0.0,0,,,
2026-03-09T10:00:00+05:30,portfolio_replay,PREMIUM,SKIP,idle,23769.0,24.29,1.0,0.0,0.0,1.039,0.187,0.322,1,10,0,0,0,64,0,64,65,high_vol_range,0.0,0,,,
2026-03-09T10:00:00+05:30,portfolio_replay,TREND,ENTER,debit_spread,23769.0,24.29,1.0,0.0,0.0,1.039,0.187,0.322,1,10,0,0,0,75,0,75,60,high_vol_range,32.74,75,,,
2026-03-09T10:02:00+05:30,portfolio_replay,PREMIUM,ENTER,iron_condor,23759.5,24.3,1.0,0.0,0.0,1.039,0.146,0.322,1,10,2,0,0,77,0,77,65,high_vol_range,39.13,75,,,
2026-03-09T10:51:00+05:30,portfolio_replay,TREND,EXIT,debit_spread,23845.9,23.83,1.0,0.0,0.0,1.038,0.511,0.14,1,10,51,0,0,0,0,0,0,high_vol_range,0.0,0,Trend stop: lost 33.6%,-825.0,51
2026-03-09T11:38:00+05:30,portfolio_replay,PREMIUM,EXIT,iron_condor,23894.6,23.49,1.0,0.0,0.0,1.038,0.716,0.398,1,11,38,0,0,0,0,0,0,high_vol_range,0.0,0,Trail stop: bounced 20.1% after 33% decay,384.0,96
2026-03-09T09:35:00+05:30,portfolio_replay,PREMIUM,SKIP,idle,23758.7,24.02,1.0,0.0,0.0,1.039,0.143,3.101,1,9,35,0,0,65,0,65,75,trending,0.0,0,,,
2026-03-09T09:40:00+05:30,portfolio_replay,PREMIUM,SKIP,idle,23767.35,24.15,1.0,0.0,0.0,1.039,0.18,3.101,1,9,40,0,0,52,0,52,75,trending,0.0,0,,,
2026-03-09T09:45:00+05:30,portfolio_replay,PREMIUM,SKIP,idle,23716.95,24.46,1.0,0.0,0.0,1.039,0.033,0.852,1,9,45,0,0,65,0,65,75,high_vol_range,0.0,0,,,
2026-03-09T09:50:00+05:30,portfolio_replay,PREMIUM,SKIP,idle,23761.4,24.19,1.0,0.0,0.0,1.039,0.154,0.368,1,9,50,0,0,64,0,64,75,high_vol_range,0.0,0,,,
2026-03-09T09:55:00+05:30,portfolio_replay,PREMIUM,SKIP,idle,23776.7,24.32,1.0,0.0,0.0,1.038,0.219,0.368,1,9,55,0,0,64,0,64,75,high_vol_range,0.0,0,,,
2026-03-09T10:00:00+05:30,portfolio_replay,PREMIUM,SKIP,idle,23769.0,24.29,1.0,0.0,0.0,1.039,0.187,0.322,1,10,0,0,0,64,0,64,65,high_vol_range,0.0,0,,,
2026-03-09T10:00:00+05:30,portfolio_replay,TREND,ENTER,debit_spread,23769.0,24.29,1.0,0.0,0.0,1.039,0.187,0.322,1,10,0,0,0,75,0,75,60,high_vol_range,32.74,75,,,
2026-03-09T10:02:00+05:30,portfolio_replay,PREMIUM,ENTER,iron_condor,23759.5,24.3,1.0,0.0,0.0,1.039,0.146,0.322,1,10,2,0,0,77,0,77,65,high_vol_range,39.13,75,,,
2026-03-09T10:51:00+05:30,portfolio_replay,TREND,EXIT,debit_spread,23845.9,23.83,1.0,0.0,0.0,1.038,0.511,0.14,1,10,51,0,0,0,0,0,0,high_vol_range,0.0,0,Trend stop: lost 33.6%,-825.0,51
2026-03-09T11:38:00+05:30,portfolio_replay,PREMIUM,EXIT,iron_condor,23894.6,23.49,1.0,0.0,0.0,1.038,0.716,0.398,1,11,38,0,0,0,0,0,0,high_vol_range,0.0,0,Trail stop: bounced 20.1% after 33% decay,384.0,96
2026-03-09T09:35:00+05:30,portfolio_hist,PREMIUM,SKIP,idle,23758.7,24.02,1.0,0.0,0.0,1.039,0.143,3.101,1,9,35,0,0,65,0,65,75,trending,0.0,0,,,
2026-03-09T09:40:00+05:30,portfolio_hist,PREMIUM,SKIP,idle,23767.35,24.15,1.0,0.0,0.0,1.039,0.18,3.101,1,9,40,0,0,52,0,52,75,trending,0.0,0,,,
2026-03-09T09:45:00+05:30,portfolio_hist,PREMIUM,SKIP,idle,23716.95,24.46,1.0,0.0,0.0,1.039,0.033,0.852,1,9,45,0,0,65,0,65,75,high_vol_range,0.0,0,,,
2026-03-09T09:50:00+05:30,portfolio_hist,PREMIUM,SKIP,idle,23761.4,24.19,1.0,0.0,0.0,1.039,0.154,0.368,1,9,50,0,0,64,0,64,75,high_vol_range,0.0,0,,,
2026-03-09T09:55:00+05:30,portfolio_hist,PREMIUM,SKIP,idle,23776.7,24.32,1.0,0.0,0.0,1.038,0.219,0.368,1,9,55,0,0,64,0,64,75,high_vol_range,0.0,0,,,
2026-03-09T10:00:00+05:30,portfolio_hist,PREMIUM,SKIP,idle,23769.0,24.29,1.0,0.0,0.0,1.039,0.187,0.322,1,10,0,0,0,64,0,64,65,high_vol_range,0.0,0,,,
2026-03-09T10:00:00+05:30,portfolio_hist,TREND,ENTER,debit_spread,23769.0,24.29,1.0,0.0,0.0,1.039,0.187,0.322,1,10,0,0,0,75,0,75,60,high_vol_range,32.74,75,,,
2026-03-09T10:02:00+05:30,portfolio_hist,PREMIUM,ENTER,iron_condor,23759.5,24.3,1.0,0.0,0.0,1.039,0.146,0.322,1,10,2,0,0,77,0,77,65,high_vol_range,39.13,75,,,
2026-03-09T10:51:00+05:30,portfolio_hist,TREND,EXIT,debit_spread,23845.9,23.83,1.0,0.0,0.0,1.038,0.511,0.14,1,10,51,0,0,0,0,0,0,high_vol_range,0.0,0,Trend stop: lost 33.6%,-825.0,51
2026-03-09T11:11:00+05:30,portfolio_hist,PREMIUM,EXIT,iron_condor,23791.45,24.05,1.0,0.0,0.0,1.038,0.281,0.551,1,11,11,0,0,0,0,0,0,high_vol_range,0.0,0,Profit target: premium decayed 31.0%,909.75,69
2026-03-09T09:35:00+05:30,portfolio_hist,PREMIUM,SKIP,idle,23758.7,24.02,1.0,0.0,0.0,1.039,0.143,3.101,1,9,35,0,0,65,0,65,75,trending,0.0,0,,,
2026-03-09T09:40:00+05:30,portfolio_hist,PREMIUM,SKIP,idle,23767.35,24.15,1.0,0.0,0.0,1.039,0.18,3.101,1,9,40,0,0,52,0,52,75,trending,0.0,0,,,
2026-03-09T09:45:00+05:30,portfolio_hist,PREMIUM,SKIP,idle,23716.95,24.46,1.0,0.0,0.0,1.039,0.033,0.852,1,9,45,0,0,65,0,65,75,high_vol_range,0.0,0,,,
2026-03-09T09:50:00+05:30,portfolio_hist,PREMIUM,SKIP,idle,23761.4,24.19,1.0,0.0,0.0,1.039,0.154,0.368,1,9,50,0,0,64,0,64,75,high_vol_range,0.0,0,,,
2026-03-09T09:55:00+05:30,portfolio_hist,PREMIUM,SKIP,idle,23776.7,24.32,1.0,0.0,0.0,1.038,0.219,0.368,1,9,55,0,0,64,0,64,75,high_vol_range,0.0,0,,,
2026-03-09T10:00:00+05:30,portfolio_hist,PREMIUM,SKIP,idle,23769.0,24.29,1.0,0.0,0.0,1.039,0.187,0.322,1,10,0,0,0,64,0,64,65,high_vol_range,0.0,0,,,
2026-03-09T10:00:00+05:30,portfolio_hist,TREND,ENTER,debit_spread,23769.0,24.29,1.0,0.0,0.0,1.039,0.187,0.322,1,10,0,0,0,75,0,75,60,high_vol_range,32.74,75,,,
2026-03-09T10:02:00+05:30,portfolio_hist,PREMIUM,ENTER,iron_condor,23759.5,24.3,1.0,0.0,0.0,1.039,0.146,0.322,1,10,2,0,0,77,0,77,65,high_vol_range,39.13,75,,,
2026-03-09T10:51:00+05:30,portfolio_hist,TREND,EXIT,debit_spread,23845.9,23.83,1.0,0.0,0.0,1.038,0.511,0.14,1,10,51,0,0,0,0,0,0,high_vol_range,0.0,0,Trend stop: lost 33.6%,-825.0,51
2026-03-09T11:38:00+05:30,portfolio_hist,PREMIUM,EXIT,iron_condor,23894.6,23.49,1.0,0.0,0.0,1.038,0.716,0.398,1,11,38,0,0,0,0,0,0,high_vol_range,0.0,0,Trail stop: bounced 20.1% after 33% decay,384.0,96
2026-03-09T09:35:00+05:30,portfolio_hist,PREMIUM,SKIP,idle,23758.7,24.02,1.0,0.0,0.0,1.039,0.143,3.101,1,9,35,0,0,65,0,65,75,trending,0.0,0,,,
2026-03-09T09:40:00+05:30,portfolio_hist,PREMIUM,SKIP,idle,23767.35,24.15,1.0,0.0,0.0,1.039,0.18,3.101,1,9,40,0,0,52,0,52,75,trending,0.0,0,,,
2026-03-09T09:45:00+05:30,portfolio_hist,PREMIUM,SKIP,idle,23716.95,24.46,1.0,0.0,0.0,1.039,0.033,0.852,1,9,45,0,0,65,0,65,75,high_vol_range,0.0,0,,,
2026-03-09T09:50:00+05:30,portfolio_hist,PREMIUM,SKIP,idle,23761.4,24.19,1.0,0.0,0.0,1.039,0.154,0.368,1,9,50,0,0,64,0,64,75,high_vol_range,0.0,0,,,
2026-03-09T09:55:00+05:30,portfolio_hist,PREMIUM,SKIP,idle,23776.7,24.32,1.0,0.0,0.0,1.038,0.219,0.368,1,9,55,0,0,64,0,64,75,high_vol_range,0.0,0,,,
2026-03-09T10:00:00+05:30,portfolio_hist,PREMIUM,SKIP,idle,23769.0,24.29,1.0,0.0,0.0,1.039,0.187,0.322,1,10,0,0,0,64,0,64,65,high_vol_range,0.0,0,,,
2026-03-09T10:00:00+05:30,portfolio_hist,TREND,ENTER,debit_spread,23769.0,24.29,1.0,0.0,0.0,1.039,0.187,0.322,1,10,0,0,0,75,0,75,60,high_vol_range,32.74,75,,,
2026-03-09T10:02:00+05:30,portfolio_hist,PREMIUM,ENTER,iron_condor,23759.5,24.3,1.0,0.0,0.0,1.039,0.146,0.322,1,10,2,0,0,77,0,77,65,high_vol_range,39.13,75,,,
2026-03-09T10:51:00+05:30,portfolio_hist,TREND,EXIT,debit_spread,23845.9,23.83,1.0,0.0,0.0,1.038,0.511,0.14,1,10,51,0,0,0,0,0,0,high_vol_range,0.0,0,Trend stop: lost 33.6%,-825.0,51
2026-03-09T11:38:00+05:30,portfolio_hist,PREMIUM,EXIT,iron_condor,23894.6,23.49,1.0,0.0,0.0,1.038,0.716,0.398,1,11,38,0,0,0,0,0,0,high_vol_range,0.0,0,Trail stop: bounced 20.1% after 33% decay,384.0,96
2026-03-09T09:35:00+05:30,portfolio_hist,PREMIUM,SKIP,idle,23758.7,24.02,1.0,0.0,0.0,1.039,0.143,3.101,1,9,35,0,0,65,0,65,75,trending,0.0,0,,,
2026-03-09T09:40:00+05:30,portfolio_hist,PREMIUM,SKIP,idle,23767.35,24.15,1.0,0.0,0.0,1.039,0.18,3.101,1,9,40,0,0,52,0,52,75,trending,0.0,0,,,
2026-03-09T09:45:00+05:30,portfolio_hist,PREMIUM,SKIP,idle,23716.95,24.46,1.0,0.0,0.0,1.039,0.033,0.852,1,9,45,0,0,65,0,65,75,high_vol_range,0.0,0,,,
2026-03-09T09:50:00+05:30,portfolio_hist,PREMIUM,SKIP,idle,23761.4,24.19,1.0,0.0,0.0,1.039,0.154,0.368,1,9,50,0,0,64,0,64,75,high_vol_range,0.0,0,,,
2026-03-09T09:55:00+05:30,portfolio_hist,PREMIUM,SKIP,idle,23776.7,24.32,1.0,0.0,0.0,1.038,0.219,0.368,1,9,55,0,0,64,0,64,75,high_vol_range,0.0,0,,,
2026-03-09T10:00:00+05:30,portfolio_hist,PREMIUM,SKIP,idle,23769.0,24.29,1.0,0.0,0.0,1.039,0.187,0.322,1,10,0,0,0,64,0,64,65,high_vol_range,0.0,0,,,
2026-03-09T10:00:00+05:30,portfolio_hist,TREND,ENTER,debit_spread,23769.0,24.29,1.0,0.0,0.0,1.039,0.187,0.322,1,10,0,0,0,75,0,75,60,high_vol_range,32.74,75,,,
2026-03-09T10:02:00+05:30,portfolio_hist,PREMIUM,ENTER,iron_condor,23759.5,24.3,1.0,0.0,0.0,1.039,0.146,0.322,1,10,2,0,0,77,0,77,65,high_vol_range,39.13,75,,,
2026-03-09T10:51:00+05:30,portfolio_hist,TREND,EXIT,debit_spread,23845.9,23.83,1.0,0.0,0.0,1.038,0.511,0.14,1,10,51,0,0,0,0,0,0,high_vol_range,0.0,0,Trend stop: lost 33.6%,-825.0,51
2026-03-09T11:38:00+05:30,portfolio_hist,PREMIUM,EXIT,iron_condor,23894.6,23.49,1.0,0.0,0.0,1.038,0.716,0.398,1,11,38,0,0,0,0,0,0,high_vol_range,0.0,0,Trail stop: bounced 20.1% after 33% decay,384.0,96
2026-03-09T09:35:00+05:30,portfolio_hist,PREMIUM,SKIP,idle,23758.7,24.02,1.0,0.0,0.0,1.039,0.143,3.101,1,9,35,0,0,65,0,65,75,trending,0.0,0,,,
2026-03-09T09:40:00+05:30,portfolio_hist,PREMIUM,SKIP,idle,23767.35,24.15,1.0,0.0,0.0,1.039,0.18,3.101,1,9,40,0,0,52,0,52,75,trending,0.0,0,,,
2026-03-09T09:45:00+05:30,portfolio_hist,PREMIUM,SKIP,idle,23716.95,24.46,1.0,0.0,0.0,1.039,0.033,0.852,1,9,45,0,0,65,0,65,75,high_vol_range,0.0,0,,,
2026-03-09T09:50:00+05:30,portfolio_hist,PREMIUM,SKIP,idle,23761.4,24.19,1.0,0.0,0.0,1.039,0.154,0.368,1,9,50,0,0,64,0,64,75,high_vol_range,0.0,0,,,
2026-03-09T09:55:00+05:30,portfolio_hist,PREMIUM,SKIP,idle,23776.7,24.32,1.0,0.0,0.0,1.038,0.219,0.368,1,9,55,0,0,64,0,64,75,high_vol_range,0.0,0,,,
2026-03-09T10:00:00+05:30,portfolio_hist,PREMIUM,SKIP,idle,23769.0,24.29,1.0,0.0,0.0,1.039,0.187,0.322,1,10,0,0,0,64,0,64,65,high_vol_range,0.0,0,,,
2026-03-09T10:00:00+05:30,portfolio_hist,TREND,ENTER,debit_spread,23769.0,24.29,1.0,0.0,0.0,1.039,0.187,0.322,1,10,0,0,0,75,0,75,60,high_vol_range,32.74,75,,,
2026-03-09T10:02:00+05:30,portfolio_hist,PREMIUM,ENTER,iron_condor,23759.5,24.3,1.0,0.0,0.0,1.039,0.146,0.322,1,10,2,0,0,77,0,77,65,high_vol_range,39.13,75,,,
2026-03-09T10:51:00+05:30,portfolio_hist,TREND,EXIT,debit_spread,23845.9,23.83,1.0,0.0,0.0,1.038,0.511,0.14,1,10,51,0,0,0,0,0,0,high_vol_range,0.0,0,Trend stop: lost 33.6%,-825.0,51
2026-03-09T11:38:00+05:30,portfolio_hist,PREMIUM,EXIT,iron_condor,23894.6,23.49,1.0,0.0,0.0,1.038,0.716,0.398,1,11,38,0,0,0,0,0,0,high_vol_range,0.0,0,Trail stop: bounced 20.1% after 33% decay,384.0,96
2026-03-09T09:35:00+05:30,portfolio_hist,PREMIUM,SKIP,idle,23758.7,24.02,1.0,0.0,0.0,1.039,0.143,3.101,1,9,35,0,0,65,0,65,75,trending,0.0,0,,,
2026-03-09T09:40:00+05:30,portfolio_hist,PREMIUM,SKIP,idle,23767.35,24.15,1.0,0.0,0.0,1.039,0.18,3.101,1,9,40,0,0,52,0,52,75,trending,0.0,0,,,
2026-03-09T09:45:00+05:30,portfolio_hist,PREMIUM,SKIP,idle,23716.95,24.46,1.0,0.0,0.0,1.039,0.033,0.852,1,9,45,0,0,65,0,65,75,high_vol_range,0.0,0,,,
2026-03-09T09:50:00+05:30,portfolio_hist,PREMIUM,SKIP,idle,23761.4,24.19,1.0,0.0,0.0,1.039,0.154,0.368,1,9,50,0,0,64,0,64,75,high_vol_range,0.0,0,,,
2026-03-09T09:55:00+05:30,portfolio_hist,PREMIUM,SKIP,idle,23776.7,24.32,1.0,0.0,0.0,1.038,0.219,0.368,1,9,55,0,0,64,0,64,75,high_vol_range,0.0,0,,,
2026-03-09T10:00:00+05:30,portfolio_hist,PREMIUM,SKIP,idle,23769.0,24.29,1.0,0.0,0.0,1.039,0.187,0.322,1,10,0,0,0,64,0,64,65,high_vol_range,0.0,0,,,
2026-03-09T10:00:00+05:30,portfolio_hist,TREND,ENTER,debit_spread,23769.0,24.29,1.0,0.0,0.0,1.039,0.187,0.322,1,10,0,0,0,75,0,75,60,high_vol_range,32.74,75,,,
2026-03-09T10:02:00+05:30,portfolio_hist,PREMIUM,ENTER,iron_condor,23759.5,24.3,1.0,0.0,0.0,1.039,0.146,0.322,1,10,2,0,0,77,0,77,65,high_vol_range,39.13,75,,,
2026-03-09T10:51:00+05:30,portfolio_hist,TREND,EXIT,debit_spread,23845.9,23.83,1.0,0.0,0.0,1.038,0.511,0.14,1,10,51,0,0,0,0,0,0,high_vol_range,0.0,0,Trend stop: lost 33.6%,-825.0,51
2026-03-09T11:11:00+05:30,portfolio_hist,PREMIUM,EXIT,iron_condor,23791.45,24.05,1.0,0.0,0.0,1.038,0.281,0.551,1,11,11,0,0,0,0,0,0,high_vol_range,0.0,0,Profit target: premium decayed 31.0%,909.75,69
2026-03-09T09:35:00+05:30,portfolio_hist,PREMIUM,SKIP,idle,23758.7,24.02,1.0,0.0,0.0,1.039,0.143,3.101,1,9,35,0,0,65,0,65,75,trending,0.0,0,,,
2026-03-09T09:40:00+05:30,portfolio_hist,PREMIUM,SKIP,idle,23767.35,24.15,1.0,0.0,0.0,1.039,0.18,3.101,1,9,40,0,0,52,0,52,75,trending,0.0,0,,,
2026-03-09T09:45:00+05:30,portfolio_hist,PREMIUM,SKIP,idle,23716.95,24.46,1.0,0.0,0.0,1.039,0.033,0.852,1,9,45,0,0,65,0,65,75,high_vol_range,0.0,0,,,
2026-03-09T09:50:00+05:30,portfolio_hist,PREMIUM,SKIP,idle,23761.4,24.19,1.0,0.0,0.0,1.039,0.154,0.368,1,9,50,0,0,64,0,64,75,high_vol_range,0.0,0,,,
2026-03-09T09:55:00+05:30,portfolio_hist,PREMIUM,SKIP,idle,23776.7,24.32,1.0,0.0,0.0,1.038,0.219,0.368,1,9,55,0,0,64,0,64,75,high_vol_range,0.0,0,,,
2026-03-09T10:00:00+05:30,portfolio_hist,PREMIUM,SKIP,idle,23769.0,24.29,1.0,0.0,0.0,1.039,0.187,0.322,1,10,0,0,0,64,0,64,65,high_vol_range,0.0,0,,,
2026-03-09T10:00:00+05:30,portfolio_hist,TREND,ENTER,debit_spread,23769.0,24.29,1.0,0.0,0.0,1.039,0.187,0.322,1,10,0,0,0,75,0,75,60,high_vol_range,32.74,75,,,
2026-03-09T10:02:00+05:30,portfolio_hist,PREMIUM,ENTER,iron_condor,23759.5,24.3,1.0,0.0,0.0,1.039,0.146,0.322,1,10,2,0,0,77,0,77,65,high_vol_range,39.13,75,,,
2026-03-09T10:51:00+05:30,portfolio_hist,TREND,EXIT,debit_spread,23845.9,23.83,1.0,0.0,0.0,1.038,0.511,0.14,1,10,51,0,0,0,0,0,0,high_vol_range,0.0,0,Trend stop: lost 33.6%,-825.0,51
2026-03-09T11:38:00+05:30,portfolio_hist,PREMIUM,EXIT,iron_condor,23894.6,23.49,1.0,0.0,0.0,1.038,0.716,0.398,1,11,38,0,0,0,0,0,0,high_vol_range,0.0,0,Trail stop: bounced 20.1% after 33% decay,384.0,96
2026-03-09T09:35:00+05:30,portfolio_hist,PREMIUM,SKIP,idle,23758.7,24.02,1.0,0.0,0.0,1.039,0.143,3.101,1,9,35,0,0,65,0,65,75,trending,0.0,0,,,
2026-03-09T09:40:00+05:30,portfolio_hist,PREMIUM,SKIP,idle,23767.35,24.15,1.0,0.0,0.0,1.039,0.18,3.101,1,9,40,0,0,52,0,52,75,trending,0.0,0,,,
2026-03-09T09:45:00+05:30,portfolio_hist,PREMIUM,SKIP,idle,23716.95,24.46,1.0,0.0,0.0,1.039,0.033,0.852,1,9,45,0,0,65,0,65,75,high_vol_range,0.0,0,,,
2026-03-09T09:50:00+05:30,portfolio_hist,PREMIUM,SKIP,idle,23761.4,24.19,1.0,0.0,0.0,1.039,0.154,0.368,1,9,50,0,0,64,0,64,75,high_vol_range,0.0,0,,,
2026-03-09T09:55:00+05:30,portfolio_hist,PREMIUM,SKIP,idle,23776.7,24.32,1.0,0.0,0.0,1.038,0.219,0.368,1,9,55,0,0,64,0,64,75,high_vol_range,0.0,0,,,
2026-03-09T10:00:00+05:30,portfolio_hist,PREMIUM,SKIP,idle,23769.0,24.29,1.0,0.0,0.0,1.039,0.187,0.322,1,10,0,0,0,64,0,64,65,high_vol_range,0.0,0,,,
2026-03-09T10:00:00+05:30,portfolio_hist,TREND,ENTER,debit_spread,23769.0,24.29,1.0,0.0,0.0,1.039,0.187,0.322,1,10,0,0,0,75,0,75,60,high_vol_range,32.74,75,,,
2026-03-09T10:02:00+05:30,portfolio_hist,PREMIUM,ENTER,iron_condor,23759.5,24.3,1.0,0.0,0.0,1.039,0.146,0.322,1,10,2,0,0,77,0,77,65,high_vol_range,39.13,75,,,
2026-03-09T10:51:00+05:30,portfolio_hist,TREND,EXIT,debit_spread,23845.9,23.83,1.0,0.0,0.0,1.038,0.511,0.14,1,10,51,0,0,0,0,0,0,high_vol_range,0.0,0,Trend stop: lost 33.6%,-825.0,51
2026-03-09T11:38:00+05:30,portfolio_hist,PREMIUM,EXIT,iron_condor,23894.6,23.49,1.0,0.0,0.0,1.038,0.716,0.398,1,11,38,0,0,0,0,0,0,high_vol_range,0.0,0,Trail stop: bounced 20.1% after 33% decay,384.0,96
2026-03-09T09:35:00+05:30,portfolio_hist,PREMIUM,SKIP,idle,23758.7,24.02,1.0,0.0,0.0,1.039,0.143,3.101,1,9,35,0,0,65,0,65,75,trending,0.0,0,,,
2026-03-09T09:40:00+05:30,portfolio_hist,PREMIUM,SKIP,idle,23767.35,24.15,1.0,0.0,0.0,1.039,0.18,3.101,1,9,40,0,0,52,0,52,75,trending,0.0,0,,,
2026-03-09T09:45:00+05:30,portfolio_hist,PREMIUM,SKIP,idle,23716.95,24.46,1.0,0.0,0.0,1.039,0.033,0.852,1,9,45,0,0,65,0,65,75,high_vol_range,0.0,0,,,
2026-03-09T09:50:00+05:30,portfolio_hist,PREMIUM,SKIP,idle,23761.4,24.19,1.0,0.0,0.0,1.039,0.154,0.368,1,9,50,0,0,64,0,64,75,high_vol_range,0.0,0,,,
2026-03-09T09:55:00+05:30,portfolio_hist,PREMIUM,SKIP,idle,23776.7,24.32,1.0,0.0,0.0,1.038,0.219,0.368,1,9,55,0,0,64,0,64,75,high_vol_range,0.0,0,,,
2026-03-09T10:00:00+05:30,portfolio_hist,PREMIUM,SKIP,idle,23769.0,24.29,1.0,0.0,0.0,1.039,0.187,0.322,1,10,0,0,0,64,0,64,65,high_vol_range,0.0,0,,,
2026-03-09T10:00:00+05:30,portfolio_hist,TREND,ENTER,debit_spread,23769.0,24.29,1.0,0.0,0.0,1.039,0.187,0.322,1,10,0,0,0,75,0,75,60,high_vol_range,32.74,75,,,
2026-03-09T10:02:00+05:30,portfolio_hist,PREMIUM,ENTER,iron_condor,23759.5,24.3,1.0,0.0,0.0,1.039,0.146,0.322,1,10,2,0,0,77,0,77,65,high_vol_range,39.13,75,,,
2026-03-09T10:51:00+05:30,portfolio_hist,TREND,EXIT,debit_spread,23845.9,23.83,1.0,0.0,0.0,1.038,0.511,0.14,1,10,51,0,0,0,0,0,0,high_vol_range,0.0,0,Trend stop: lost 33.6%,-825.0,51
2026-03-09T11:38:00+05:30,portfolio_hist,PREMIUM,EXIT,iron_condor,23894.6,23.49,1.0,0.0,0.0,1.038,0.716,0.398,1,11,38,0,0,0,0,0,0,high_vol_range,0.0,0,Trail stop: bounced 20.1% after 33% decay,384.0,96
2026-03-09T09:35:00+05:30,portfolio_hist,PREMIUM,SKIP,idle,23758.7,24.02,1.0,0.0,0.0,1.039,0.143,3.101,1,9,35,0,0,65,0,65,75,trending,0.0,0,,,
2026-03-09T09:40:00+05:30,portfolio_hist,PREMIUM,SKIP,idle,23767.35,24.15,1.0,0.0,0.0,1.039,0.18,3.101,1,9,40,0,0,52,0,52,75,trending,0.0,0,,,
2026-03-09T09:45:00+05:30,portfolio_hist,PREMIUM,SKIP,idle,23716.95,24.46,1.0,0.0,0.0,1.039,0.033,0.852,1,9,45,0,0,65,0,65,75,high_vol_range,0.0,0,,,
2026-03-09T09:50:00+05:30,portfolio_hist,PREMIUM,SKIP,idle,23761.4,24.19,1.0,0.0,0.0,1.039,0.154,0.368,1,9,50,0,0,64,0,64,75,high_vol_range,0.0,0,,,
2026-03-09T09:55:00+05:30,portfolio_hist,PREMIUM,SKIP,idle,23776.7,24.32,1.0,0.0,0.0,1.038,0.219,0.368,1,9,55,0,0,64,0,64,75,high_vol_range,0.0,0,,,
2026-03-09T10:00:00+05:30,portfolio_hist,PREMIUM,SKIP,idle,23769.0,24.29,1.0,0.0,0.0,1.039,0.187,0.322,1,10,0,0,0,64,0,64,65,high_vol_range,0.0,0,,,
2026-03-09T10:00:00+05:30,portfolio_hist,TREND,ENTER,debit_spread,23769.0,24.29,1.0,0.0,0.0,1.039,0.187,0.322,1,10,0,0,0,75,0,75,60,high_vol_range,32.74,75,,,
2026-03-09T10:02:00+05:30,portfolio_hist,PREMIUM,ENTER,iron_condor,23759.5,24.3,1.0,0.0,0.0,1.039,0.146,0.322,1,10,2,0,0,77,0,77,65,high_vol_range,39.13,75,,,
2026-03-09T10:51:00+05:30,portfolio_hist,TREND,EXIT,debit_spread,23845.9,23.83,1.0,0.0,0.0,1.038,0.511,0.14,1,10,51,0,0,0,0,0,0,high_vol_range,0.0,0,Trend stop: lost 33.6%,-825.0,51
2026-03-09T11:38:00+05:30,portfolio_hist,PREMIUM,EXIT,iron_condor,23894.6,23.49,1.0,0.0,0.0,1.038,0.716,0.398,1,11,38,0,0,0,0,0,0,high_vol_range,0.0,0,Trail stop: bounced 20.1% after 33% decay,384.0,96
2026-03-09T09:35:00+05:30,portfolio_hist,PREMIUM,SKIP,idle,23758.7,24.02,1.0,0.0,0.0,1.039,0.143,3.101,1,9,35,0,0,65,0,65,75,trending,0.0,0,,,
2026-03-09T09:40:00+05:30,portfolio_hist,PREMIUM,SKIP,idle,23767.35,24.15,1.0,0.0,0.0,1.039,0.18,3.101,1,9,40,0,0,52,0,52,75,trending,0.0,0,,,
2026-03-09T09:45:00+05:30,portfolio_hist,PREMIUM,SKIP,idle,23716.95,24.46,1.0,0.0,0.0,1.039,0.033,0.852,1,9,45,0,0,65,0,65,75,high_vol_range,0.0,0,,,
2026-03-09T09:50:00+05:30,portfolio_hist,PREMIUM,SKIP,idle,23761.4,24.19,1.0,0.0,0.0,1.039,0.154,0.368,1,9,50,0,0,64,0,64,75,high_vol_range,0.0,0,,,
2026-03-09T09:55:00+05:30,portfolio_hist,PREMIUM,SKIP,idle,23776.7,24.32,1.0,0.0,0.0,1.038,0.219,0.368,1,9,55,0,0,64,0,64,75,high_vol_range,0.0,0,,,
2026-03-09T10:00:00+05:30,portfolio_hist,PREMIUM,SKIP,idle,23769.0,24.29,1.0,0.0,0.0,1.039,0.187,0.322,1,10,0,0,0,64,0,64,65,high_vol_range,0.0,0,,,
2026-03-09T10:00:00+05:30,portfolio_hist,TREND,ENTER,debit_spread,23769.0,24.29,1.0,0.0,0.0,1.039,0.187,0.322,1,10,0,0,0,75,0,75,60,high_vol_range,32.74,75,,,
2026-03-09T10:02:00+05:30,portfolio_hist,PREMIUM,ENTER,iron_condor,23759.5,24.3,1.0,0.0,0.0,1.039,0.146,0.322,1,10,2,0,0,77,0,77,65,high_vol_range,39.13,75,,,
2026-03-09T10:51:00+05:30,portfolio_hist,TREND,EXIT,debit_spread,23845.9,23.83,1.0,0.0,0.0,1.038,0.511,0.14,1,10,51,0,0,0,0,0,0,high_vol_range,0.0,0,Trend stop: lost 33.6%,-825.0,51
2026-03-09T11:11:00+05:30,portfolio_hist,PREMIUM,EXIT,iron_condor,23791.45,24.05,1.0,0.0,0.0,1.038,0.281,0.551,1,11,11,0,0,0,0,0,0,high_vol_range,0.0,0,Profit target: premium decayed 31.0%,909.75,69
2026-03-09T09:35:00+05:30,portfolio_hist,PREMIUM,SKIP,idle,23758.7,24.02,1.0,0.0,0.0,1.039,0.143,3.101,1,9,35,0,0,65,0,65,75,trending,0.0,0,,,
2026-03-09T09:40:00+05:30,portfolio_hist,PREMIUM,SKIP,idle,23767.35,24.15,1.0,0.0,0.0,1.039,0.18,3.101,1,9,40,0,0,52,0,52,75,trending,0.0,0,,,
2026-03-09T09:45:00+05:30,portfolio_hist,PREMIUM,SKIP,idle,23716.95,24.46,1.0,0.0,0.0,1.039,0.033,0.852,1,9,45,0,0,65,0,65,75,high_vol_range,0.0,0,,,
2026-03-09T09:50:00+05:30,portfolio_hist,PREMIUM,SKIP,idle,23761.4,24.19,1.0,0.0,0.0,1.039,0.154,0.368,1,9,50,0,0,64,0,64,75,high_vol_range,0.0,0,,,
2026-03-09T09:55:00+05:30,portfolio_hist,PREMIUM,SKIP,idle,23776.7,24.32,1.0,0.0,0.0,1.038,0.219,0.368,1,9,55,0,0,64,0,64,75,high_vol_range,0.0,0,,,
2026-03-09T10:00:00+05:30,portfolio_hist,PREMIUM,SKIP,idle,23769.0,24.29,1.0,0.0,0.0,1.039,0.187,0.322,1,10,0,0,0,64,0,64,65,high_vol_range,0.0,0,,,
2026-03-09T10:00:00+05:30,portfolio_hist,TREND,ENTER,debit_spread,23769.0,24.29,1.0,0.0,0.0,1.039,0.187,0.322,1,10,0,0,0,75,0,75,60,high_vol_range,32.74,75,,,
2026-03-09T10:02:00+05:30,portfolio_hist,PREMIUM,ENTER,iron_condor,23759.5,24.3,1.0,0.0,0.0,1.039,0.146,0.322,1,10,2,0,0,77,0,77,65,high_vol_range,39.13,75,,,
2026-03-09T10:51:00+05:30,portfolio_hist,TREND,EXIT,debit_spread,23845.9,23.83,1.0,0.0,0.0,1.038,0.511,0.14,1,10,51,0,0,0,0,0,0,high_vol_range,0.0,0,Trend stop: lost 33.6%,-825.0,51
2026-03-09T11:38:00+05:30,portfolio_hist,PREMIUM,EXIT,iron_condor,23894.6,23.49,1.0,0.0,0.0,1.038,0.716,0.398,1,11,38,0,0,0,0,0,0,high_vol_range,0.0,0,Trail stop: bounced 20.1% after 33% decay,384.0,96
2026-03-09T09:35:00+05:30,portfolio_hist,PREMIUM,SKIP,idle,23758.7,24.02,1.0,0.0,0.0,1.039,0.143,3.101,1,9,35,0,0,65,0,65,75,trending,0.0,0,,,
2026-03-09T09:40:00+05:30,portfolio_hist,PREMIUM,SKIP,idle,23767.35,24.15,1.0,0.0,0.0,1.039,0.18,3.101,1,9,40,0,0,52,0,52,75,trending,0.0,0,,,
2026-03-09T09:45:00+05:30,portfolio_hist,PREMIUM,SKIP,idle,23716.95,24.46,1.0,0.0,0.0,1.039,0.033,0.852,1,9,45,0,0,65,0,65,75,high_vol_range,0.0,0,,,
2026-03-09T09:50:00+05:30,portfolio_hist,PREMIUM,SKIP,idle,23761.4,24.19,1.0,0.0,0.0,1.039,0.154,0.368,1,9,50,0,0,64,0,64,75,high_vol_range,0.0,0,,,
2026-03-09T09:55:00+05:30,portfolio_hist,PREMIUM,SKIP,idle,23776.7,24.32,1.0,0.0,0.0,1.038,0.219,0.368,1,9,55,0,0,64,0,64,75,high_vol_range,0.0,0,,,
2026-03-09T10:00:00+05:30,portfolio_hist,PREMIUM,SKIP,idle,23769.0,24.29,1.0,0.0,0.0,1.039,0.187,0.322,1,10,0,0,0,64,0,64,65,high_vol_range,0.0,0,,,
2026-03-09T10:00:00+05:30,portfolio_hist,TREND,ENTER,debit_spread,23769.0,24.29,1.0,0.0,0.0,1.039,0.187,0.322,1,10,0,0,0,75,0,75,60,high_vol_range,32.74,75,,,
2026-03-09T10:02:00+05:30,portfolio_hist,PREMIUM,ENTER,iron_condor,23759.5,24.3,1.0,0.0,0.0,1.039,0.146,0.322,1,10,2,0,0,77,0,77,65,high_vol_range,39.13,75,,,
2026-03-09T10:51:00+05:30,portfolio_hist,TREND,EXIT,debit_spread,23845.9,23.83,1.0,0.0,0.0,1.038,0.511,0.14,1,10,51,0,0,0,0,0,0,high_vol_range,0.0,0,Trend stop: lost 33.6%,-825.0,51
2026-03-09T11:38:00+05:30,portfolio_hist,PREMIUM,EXIT,iron_condor,23894.6,23.49,1.0,0.0,0.0,1.038,0.716,0.398,1,11,38,0,0,0,0,0,0,high_vol_range,0.0,0,Trail stop: bounced 20.1% after 33% decay,384.0,96
2026-03-09T09:35:00+05:30,portfolio_hist,PREMIUM,SKIP,idle,23758.7,24.02,1.0,0.0,0.0,1.039,0.143,3.101,1,9,35,0,0,65,0,65,75,trending,0.0,0,,,
2026-03-09T09:40:00+05:30,portfolio_hist,PREMIUM,SKIP,idle,23767.35,24.15,1.0,0.0,0.0,1.039,0.18,3.101,1,9,40,0,0,52,0,52,75,trending,0.0,0,,,
2026-03-09T09:45:00+05:30,portfolio_hist,PREMIUM,SKIP,idle,23716.95,24.46,1.0,0.0,0.0,1.039,0.033,0.852,1,9,45,0,0,65,0,65,75,high_vol_range,0.0,0,,,
2026-03-09T09:50:00+05:30,portfolio_hist,PREMIUM,SKIP,idle,23761.4,24.19,1.0,0.0,0.0,1.039,0.154,0.368,1,9,50,0,0,64,0,64,75,high_vol_range,0.0,0,,,
2026-03-09T09:55:00+05:30,portfolio_hist,PREMIUM,SKIP,idle,23776.7,24.32,1.0,0.0,0.0,1.038,0.219,0.368,1,9,55,0,0,64,0,64,75,high_vol_range,0.0,0,,,
2026-03-09T10:00:00+05:30,portfolio_hist,PREMIUM,SKIP,idle,23769.0,24.29,1.0,0.0,0.0,1.039,0.187,0.322,1,10,0,0,0,64,0,64,65,high_vol_range,0.0,0,,,
2026-03-09T10:00:00+05:30,portfolio_hist,TREND,ENTER,debit_spread,23769.0,24.29,1.0,0.0,0.0,1.039,0.187,0.322,1,10,0,0,0,75,0,75,60,high_vol_range,32.74,75,,,
2026-03-09T10:02:00+05:30,portfolio_hist,PREMIUM,ENTER,iron_condor,23759.5,24.3,1.0,0.0,0.0,1.039,0.146,0.322,1,10,2,0,0,77,0,77,65,high_vol_range,39.13,75,,,
2026-03-09T10:51:00+05:30,portfolio_hist,TREND,EXIT,debit_spread,23845.9,23.83,1.0,0.0,0.0,1.038,0.511,0.14,1,10,51,0,0,0,0,0,0,high_vol_range,0.0,0,Trend stop: lost 33.6%,-825.0,51
2026-03-09T11:38:00+05:30,portfolio_hist,PREMIUM,EXIT,iron_condor,23894.6,23.49,1.0,0.0,0.0,1.038,0.716,0.398,1,11,38,0,0,0,0,0,0,high_vol_range,0.0,0,Trail stop: bounced 20.1% after 33% decay,384.0,96
2026-03-09T09:35:00+05:30,portfolio_hist,PREMIUM,SKIP,idle,23758.7,24.02,1.0,0.0,0.0,1.039,0.143,3.101,1,9,35,0,0,65,0,65,75,trending,0.0,0,,,
2026-03-09T09:40:00+05:30,portfolio_hist,PREMIUM,SKIP,idle,23767.35,24.15,1.0,0.0,0.0,1.039,0.18,3.101,1,9,40,0,0,52,0,52,75,trending,0.0,0,,,
2026-03-09T09:45:00+05:30,portfolio_hist,PREMIUM,SKIP,idle,23716.95,24.46,1.0,0.0,0.0,1.039,0.033,0.852,1,9,45,0,0,65,0,65,75,high_vol_range,0.0,0,,,
2026-03-09T09:50:00+05:30,portfolio_hist,PREMIUM,SKIP,idle,23761.4,24.19,1.0,0.0,0.0,1.039,0.154,0.368,1,9,50,0,0,64,0,64,75,high_vol_range,0.0,0,,,
2026-03-09T09:55:00+05:30,portfolio_hist,PREMIUM,SKIP,idle,23776.7,24.32,1.0,0.0,0.0,1.038,0.219,0.368,1,9,55,0,0,64,0,64,75,high_vol_range,0.0,0,,,
2026-03-09T10:00:00+05:30,portfolio_hist,PREMIUM,SKIP,idle,23769.0,24.29,1.0,0.0,0.0,1.039,0.187,0.322,1,10,0,0,0,64,0,64,65,high_vol_range,0.0,0,,,
2026-03-09T10:00:00+05:30,portfolio_hist,TREND,ENTER,debit_spread,23769.0,24.29,1.0,0.0,0.0,1.039,0.187,0.322,1,10,0,0,0,75,0,75,60,high_vol_range,32.74,75,,,
2026-03-09T10:02:00+05:30,portfolio_hist,PREMIUM,ENTER,iron_condor,23759.5,24.3,1.0,0.0,0.0,1.039,0.146,0.322,1,10,2,0,0,77,0,77,65,high_vol_range,39.13,75,,,
2026-03-09T10:51:00+05:30,portfolio_hist,TREND,EXIT,debit_spread,23845.9,23.83,1.0,0.0,0.0,1.038,0.511,0.14,1,10,51,0,0,0,0,0,0,high_vol_range,0.0,0,Trend stop: lost 33.6%,-825.0,51
2026-03-09T11:38:00+05:30,portfolio_hist,PREMIUM,EXIT,iron_condor,23894.6,23.49,1.0,0.0,0.0,1.038,0.716,0.398,1,11,38,0,0,0,0,0,0,high_vol_range,0.0,0,Trail stop: bounced 20.1% after 33% decay,384.0,96
2026-03-09T09:35:00+05:30,portfolio_hist,PREMIUM,SKIP,idle,23758.7,24.02,1.0,0.0,0.0,1.039,0.143,3.101,1,9,35,0,0,65,0,65,75,trending,0.0,0,,,
2026-03-09T09:40:00+05:30,portfolio_hist,PREMIUM,SKIP,idle,23767.35,24.15,1.0,0.0,0.0,1.039,0.18,3.101,1,9,40,0,0,52,0,52,75,trending,0.0,0,,,
2026-03-09T09:45:00+05:30,portfolio_hist,PREMIUM,SKIP,idle,23716.95,24.46,1.0,0.0,0.0,1.039,0.033,0.852,1,9,45,0,0,65,0,65,75,high_vol_range,0.0,0,,,
2026-03-09T09:50:00+05:30,portfolio_hist,PREMIUM,SKIP,idle,23761.4,24.19,1.0,0.0,0.0,1.039,0.154,0.368,1,9,50,0,0,64,0,64,75,high_vol_range,0.0,0,,,
2026-03-09T09:55:00+05:30,portfolio_hist,PREMIUM,SKIP,idle,23776.7,24.32,1.0,0.0,0.0,1.038,0.219,0.368,1,9,55,0,0,64,0,64,75,high_vol_range,0.0,0,,,
2026-03-09T10:00:00+05:30,portfolio_hist,PREMIUM,SKIP,idle,23769.0,24.29,1.0,0.0,0.0,1.039,0.187,0.322,1,10,0,0,0,64,0,64,65,high_vol_range,0.0,0,,,
2026-03-09T10:00:00+05:30,portfolio_hist,TREND,ENTER,debit_spread,23769.0,24.29,1.0,0.0,0.0,1.039,0.187,0.322,1,10,0,0,0,75,0,75,60,high_vol_range,32.74,75,,,
2026-03-09T10:02:00+05:30,portfolio_hist,PREMIUM,ENTER,iron_condor,23759.5,24.3,1.0,0.0,0.0,1.039,0.146,0.322,1,10,2,0,0,77,0,77,65,high_vol_range,39.13,75,,,
2026-03-09T10:51:00+05:30,portfolio_hist,TREND,EXIT,debit_spread,23845.9,23.83,1.0,0.0,0.0,1.038,0.511,0.14,1,10,51,0,0,0,0,0,0,high_vol_range,0.0,0,Trend stop: lost 33.6%,-825.0,51
2026-03-09T11:11:00+05:30,portfolio_hist,PREMIUM,EXIT,iron_condor,23791.45,24.05,1.0,0.0,0.0,1.038,0.281,0.551,1,11,11,0,0,0,0,0,0,high_vol_range,0.0,0,Profit target: premium decayed 31.0%,909.75,69
2026-03-09T09:35:00+05:30,portfolio_hist,PREMIUM,SKIP,idle,23758.7,24.02,1.0,0.0,0.0,1.039,0.143,3.101,1,9,35,0,0,65,0,65,75,trending,0.0,0,,,
2026-03-09T09:40:00+05:30,portfolio_hist,PREMIUM,SKIP,idle,23767.35,24.15,1.0,0.0,0.0,1.039,0.18,3.101,1,9,40,0,0,52,0,52,75,trending,0.0,0,,,
2026-03-09T09:45:00+05:30,portfolio_hist,PREMIUM,SKIP,idle,23716.95,24.46,1.0,0.0,0.0,1.039,0.033,0.852,1,9,45,0,0,65,0,65,75,high_vol_range,0.0,0,,,
2026-03-09T09:50:00+05:30,portfolio_hist,PREMIUM,SKIP,idle,23761.4,24.19,1.0,0.0,0.0,1.039,0.154,0.368,1,9,50,0,0,64,0,64,75,high_vol_range,0.0,0,,,
2026-03-09T09:55:00+05:30,portfolio_hist,PREMIUM,SKIP,idle,23776.7,24.32,1.0,0.0,0.0,1.038,0.219,0.368,1,9,55,0,0,64,0,64,75,high_vol_range,0.0,0,,,
2026-03-09T10:00:00+05:30,portfolio_hist,PREMIUM,SKIP,idle,23769.0,24.29,1.0,0.0,0.0,1.039,0.187,0.322,1,10,0,0,0,64,0,64,65,high_vol_range,0.0,0,,,
2026-03-09T10:00:00+05:30,portfolio_hist,TREND,ENTER,debit_spread,23769.0,24.29,1.0,0.0,0.0,1.039,0.187,0.322,1,10,0,0,0,75,0,75,60,high_vol_range,32.74,75,,,
2026-03-09T10:02:00+05:30,portfolio_hist,PREMIUM,ENTER,iron_condor,23759.5,24.3,1.0,0.0,0.0,1.039,0.146,0.322,1,10,2,0,0,77,0,77,65,high_vol_range,39.13,75,,,
2026-03-09T10:51:00+05:30,portfolio_hist,TREND,EXIT,debit_spread,23845.9,23.83,1.0,0.0,0.0,1.038,0.511,0.14,1,10,51,0,0,0,0,0,0,high_vol_range,0.0,0,Trend stop: lost 33.6%,-825.0,51
2026-03-09T11:38:00+05:30,portfolio_hist,PREMIUM,EXIT,iron_condor,23894.6,23.49,1.0,0.0,0.0,1.038,0.716,0.398,1,11,38,0,0,0,0,0,0,high_vol_range,0.0,0,Trail stop: bounced 20.1% after 33% decay,384.0,96
2026-03-09T09:35:00+05:30,portfolio_hist,PREMIUM,SKIP,idle,23758.7,24.02,1.0,0.0,0.0,1.039,0.143,3.101,1,9,35,0,0,65,0,65,75,trending,0.0,0,,,
2026-03-09T09:40:00+05:30,portfolio_hist,PREMIUM,SKIP,idle,23767.35,24.15,1.0,0.0,0.0,1.039,0.18,3.101,1,9,40,0,0,52,0,52,75,trending,0.0,0,,,
2026-03-09T09:45:00+05:30,portfolio_hist,PREMIUM,SKIP,idle,23716.95,24.46,1.0,0.0,0.0,1.039,0.033,0.852,1,9,45,0,0,65,0,65,75,high_vol_range,0.0,0,,,
2026-03-09T09:50:00+05:30,portfolio_hist,PREMIUM,SKIP,idle,23761.4,24.19,1.0,0.0,0.0,1.039,0.154,0.368,1,9,50,0,0,64,0,64,75,high_vol_range,0.0,0,,,
2026-03-09T09:55:00+05:30,portfolio_hist,PREMIUM,SKIP,idle,23776.7,24.32,1.0,0.0,0.0,1.038,0.219,0.368,1,9,55,0,0,64,0,64,75,high_vol_range,0.0,0,,,
2026-03-09T10:00:00+05:30,portfolio_hist,PREMIUM,SKIP,idle,23769.0,24.29,1.0,0.0,0.0,1.039,0.187,0.322,1,10,0,0,0,64,0,64,65,high_vol_range,0.0,0,,,
2026-03-09T10:00:00+05:30,portfolio_hist,TREND,ENTER,debit_spread,23769.0,24.29,1.0,0.0,0.0,1.039,0.187,0.322,1,10,0,0,0,75,0,75,60,high_vol_range,32.74,75,,,
2026-03-09T10:02:00+05:30,portfolio_hist,PREMIUM,ENTER,iron_condor,23759.5,24.3,1.0,0.0,0.0,1.039,0.146,0.322,1,10,2,0,0,77,0,77,65,high_vol_range,39.13,75,,,
2026-03-09T10:51:00+05:30,portfolio_hist,TREND,EXIT,debit_spread,23845.9,23.83,1.0,0.0,0.0,1.038,0.511,0.14,1,10,51,0,0,0,0,0,0,high_vol_range,0.0,0,Trend stop: lost 33.6%,-825.0,51
2026-03-09T11:38:00+05:30,portfolio_hist,PREMIUM,EXIT,iron_condor,23894.6,23.49,1.0,0.0,0.0,1.038,0.716,0.398,1,11,38,0,0,0,0,0,0,high_vol_range,0.0,0,Trail stop: bounced 20.1% after 33% decay,384.0,96
2026-03-09T09:35:00+05:30,portfolio_hist,PREMIUM,SKIP,idle,23758.7,24.02,1.0,0.0,0.0,1.039,0.143,3.101,1,9,35,0,0,65,0,65,75,trending,0.0,0,,,
2026-03-09T09:40:00+05:30,portfolio_hist,PREMIUM,SKIP,idle,23767.35,24.15,1.0,0.0,0.0,1.039,0.18,3.101,1,9,40,0,0,52,0,52,75,trending,0.0,0,,,
2026-03-09T09:45:00+05:30,portfolio_hist,PREMIUM,SKIP,idle,23716.95,24.46,1.0,0.0,0.0,1.039,0.033,0.852,1,9,45,0,0,65,0,65,75,high_vol_range,0.0,0,,,
2026-03-09T09:50:00+05:30,portfolio_hist,PREMIUM,SKIP,idle,23761.4,24.19,1.0,0.0,0.0,1.039,0.154,0.368,1,9,50,0,0,64,0,64,75,high_vol_range,0.0,0,,,
2026-03-09T09:55:00+05:30,portfolio_hist,PREMIUM,SKIP,idle,23776.7,24.32,1.0,0.0,0.0,1.038,0.219,0.368,1,9,55,0,0,64,0,64,75,high_vol_range,0.0,0,,,
2026-03-09T10:00:00+05:30,portfolio_hist,PREMIUM,SKIP,idle,23769.0,24.29,1.0,0.0,0.0,1.039,0.187,0.322,1,10,0,0,0,64,0,64,65,high_vol_range,0.0,0,,,
2026-03-09T10:00:00+05:30,portfolio_hist,TREND,ENTER,debit_spread,23769.0,24.29,1.0,0.0,0.0,1.039,0.187,0.322,1,10,0,0,0,75,0,75,60,high_vol_range,32.74,75,,,
2026-03-09T10:02:00+05:30,portfolio_hist,PREMIUM,ENTER,iron_condor,23759.5,24.3,1.0,0.0,0.0,1.039,0.146,0.322,1,10,2,0,0,77,0,77,65,high_vol_range,39.13,75,,,
2026-03-09T10:51:00+05:30,portfolio_hist,TREND,EXIT,debit_spread,23845.9,23.83,1.0,0.0,0.0,1.038,0.511,0.14,1,10,51,0,0,0,0,0,0,high_vol_range,0.0,0,Trend stop: lost 33.6%,-825.0,51
2026-03-09T11:38:00+05:30,portfolio_hist,PREMIUM,EXIT,iron_condor,23894.6,23.49,1.0,0.0,0.0,1.038,0.716,0.398,1,11,38,0,0,0,0,0,0,high_vol_range,0.0,0,Trail stop: bounced 20.1% after 33% decay,384.0,96
2026-03-09T09:35:00+05:30,portfolio_hist,PREMIUM,SKIP,idle,23758.7,24.02,1.0,0.0,0.0,1.039,0.143,3.101,1,9,35,0,0,65,0,65,75,trending,0.0,0,,,
2026-03-09T09:40:00+05:30,portfolio_hist,PREMIUM,SKIP,idle,23767.35,24.15,1.0,0.0,0.0,1.039,0.18,3.101,1,9,40,0,0,52,0,52,75,trending,0.0,0,,,
2026-03-09T09:45:00+05:30,portfolio_hist,PREMIUM,SKIP,idle,23716.95,24.46,1.0,0.0,0.0,1.039,0.033,0.852,1,9,45,0,0,65,0,65,75,high_vol_range,0.0,0,,,
2026-03-09T09:50:00+05:30,portfolio_hist,PREMIUM,SKIP,idle,23761.4,24.19,1.0,0.0,0.0,1.039,0.154,0.368,1,9,50,0,0,64,0,64,75,high_vol_range,0.0,0,,,
2026-03-09T09:55:00+05:30,portfolio_hist,PREMIUM,SKIP,idle,23776.7,24.32,1.0,0.0,0.0,1.038,0.219,0.368,1,9,55,0,0,64,0,64,75,high_vol_range,0.0,0,,,
2026-03-09T10:00:00+05:30,portfolio_hist,PREMIUM,SKIP,idle,23769.0,24.29,1.0,0.0,0.0,1.039,0.187,0.322,1,10,0,0,0,64,0,64,65,high_vol_range,0.0,0,,,
2026-03-09T10:00:00+05:30,portfolio_hist,TREND,ENTER,debit_spread,23769.0,24.29,1.0,0.0,0.0,1.039,0.187,0.322,1,10,0,0,0,75,0,75,60,high_vol_range,32.74,75,,,
2026-03-09T10:02:00+05:30,portfolio_hist,PREMIUM,ENTER,iron_condor,23759.5,24.3,1.0,0.0,0.0,1.039,0.146,0.322,1,10,2,0,0,77,0,77,65,high_vol_range,39.13,75,,,
2026-03-09T10:51:00+05:30,portfolio_hist,TREND,EXIT,debit_spread,23845.9,23.83,1.0,0.0,0.0,1.038,0.511,0.14,1,10,51,0,0,0,0,0,0,high_vol_range,0.0,0,Trend stop: lost 33.6%,-825.0,51
2026-03-09T11:38:00+05:30,portfolio_hist,PREMIUM,EXIT,iron_condor,23894.6,23.49,1.0,0.0,0.0,1.038,0.716,0.398,1,11,38,0,0,0,0,0,0,high_vol_range,0.0,0,Trail stop: bounced 20.1% after 33% decay,384.0,96
2026-03-09T09:35:00+05:30,portfolio_hist,PREMIUM,SKIP,idle,23758.7,24.02,1.0,0.0,0.0,1.039,0.143,3.101,1,9,35,0,0,65,0,65,75,trending,0.0,0,,,
2026-03-09T09:40:00+05:30,portfolio_hist,PREMIUM,SKIP,idle,23767.35,24.15,1.0,0.0,0.0,1.039,0.18,3.101,1,9,40,0,0,52,0,52,75,trending,0.0,0,,,
2026-03-09T09:45:00+05:30,portfolio_hist,PREMIUM,SKIP,idle,23716.95,24.46,1.0,0.0,0.0,1.039,0.033,0.852,1,9,45,0,0,65,0,65,75,high_vol_range,0.0,0,,,
2026-03-09T09:50:00+05:30,portfolio_hist,PREMIUM,SKIP,idle,23761.4,24.19,1.0,0.0,0.0,1.039,0.154,0.368,1,9,50,0,0,64,0,64,75,high_vol_range,0.0,0,,,
2026-03-09T09:55:00+05:30,portfolio_hist,PREMIUM,SKIP,idle,23776.7,24.32,1.0,0.0,0.0,1.038,0.219,0.368,1,9,55,0,0,64,0,64,75,high_vol_range,0.0,0,,,
2026-03-09T10:00:00+05:30,portfolio_hist,PREMIUM,SKIP,idle,23769.0,24.29,1.0,0.0,0.0,1.039,0.187,0.322,1,10,0,0,0,64,0,64,65,high_vol_range,0.0,0,,,
2026-03-09T10:00:00+05:30,portfolio_hist,TREND,ENTER,debit_spread,23769.0,24.29,1.0,0.0,0.0,1.039,0.187,0.322,1,10,0,0,0,75,0,75,60,high_vol_range,32.74,75,,,
2026-03-09T10:02:00+05:30,portfolio_hist,PREMIUM,ENTER,iron_condor,23759.5,24.3,1.0,0.0,0.0,1.039,0.146,0.322,1,10,2,0,0,77,0,77,65,high_vol_range,39.13,75,,,
2026-03-09T10:51:00+05:30,portfolio_hist,TREND,EXIT,debit_spread,23845.9,23.83,1.0,0.0,0.0,1.038,0.511,0.14,1,10,51,0,0,0,0,0,0,high_vol_range,0.0,0,Trend stop: lost 33.6%,-825.0,51
2026-03-09T11:11:00+05:30,portfolio_hist,PREMIUM,EXIT,iron_condor,23791.45,24.05,1.0,0.0,0.0,1.038,0.281,0.551,1,11,11,0,0,0,0,0,0,high_vol_range,0.0,0,Profit target: premium decayed 31.0%,909.75,69
2026-03-09T09:35:00+05:30,portfolio_hist,PREMIUM,SKIP,idle,23758.7,24.02,1.0,0.0,0.0,1.039,0.143,3.101,1,9,35,0,0,65,0,65,75,trending,0.0,0,,,
2026-03-09T09:40:00+05:30,portfolio_hist,PREMIUM,SKIP,idle,23767.35,24.15,1.0,0.0,0.0,1.039,0.18,3.101,1,9,40,0,0,52,0,52,75,trending,0.0,0,,,
2026-03-09T09:45:00+05:30,portfolio_hist,PREMIUM,SKIP,idle,23716.95,24.46,1.0,0.0,0.0,1.039,0.033,0.852,1,9,45,0,0,65,0,65,75,high_vol_range,0.0,0,,,
2026-03-09T09:50:00+05:30,portfolio_hist,PREMIUM,SKIP,idle,23761.4,24.19,1.0,0.0,0.0,1.039,0.154,0.368,1,9,50,0,0,64,0,64,75,high_vol_range,0.0,0,,,
2026-03-09T09:55:00+05:30,portfolio_hist,PREMIUM,SKIP,idle,23776.7,24.32,1.0,0.0,0.0,1.038,0.219,0.368,1,9,55,0,0,64,0,64,75,high_vol_range,0.0,0,,,
2026-03-09T10:00:00+05:30,portfolio_hist,PREMIUM,SKIP,idle,23769.0,24.29,1.0,0.0,0.0,1.039,0.187,0.322,1,10,0,0,0,64,0,64,65,high_vol_range,0.0,0,,,
2026-03-09T10:00:00+05:30,portfolio_hist,TREND,ENTER,debit_spread,23769.0,24.29,1.0,0.0,0.0,1.039,0.187,0.322,1,10,0,0,0,75,0,75,60,high_vol_range,32.74,75,,,
2026-03-09T10:02:00+05:30,portfolio_hist,PREMIUM,ENTER,iron_condor,23759.5,24.3,1.0,0.0,0.0,1.039,0.146,0.322,1,10,2,0,0,77,0,77,65,high_vol_range,39.13,75,,,
2026-03-09T10:51:00+05:30,portfolio_hist,TREND,EXIT,debit_spread,23845.9,23.83,1.0,0.0,0.0,1.038,0.511,0.14,1,10,51,0,0,0,0,0,0,high_vol_range,0.0,0,Trend stop: lost 33.6%,-825.0,51
2026-03-09T11:38:00+05:30,portfolio_hist,PREMIUM,EXIT,iron_condor,23894.6,23.49,1.0,0.0,0.0,1.038,0.716,0.398,1,11,38,0,0,0,0,0,0,high_vol_range,0.0,0,Trail stop: bounced 20.1% after 33% decay,384.0,96
2026-03-09T09:35:00+05:30,portfolio_hist,PREMIUM,SKIP,idle,23758.7,24.02,1.0,0.0,0.0,1.039,0.143,3.101,1,9,35,0,0,65,0,65,75,trending,0.0,0,,,
2026-03-09T09:40:00+05:30,portfolio_hist,PREMIUM,SKIP,idle,23767.35,24.15,1.0,0.0,0.0,1.039,0.18,3.101,1,9,40,0,0,52,0,52,75,trending,0.0,0,,,
2026-03-09T09:45:00+05:30,portfolio_hist,PREMIUM,SKIP,idle,23716.95,24.46,1.0,0.0,0.0,1.039,0.033,0.852,1,9,45,0,0,65,0,65,75,high_vol_range,0.0,0,,,
2026-03-09T09:50:00+05:30,portfolio_hist,PREMIUM,SKIP,idle,23761.4,24.19,1.0,0.0,0.0,1.039,0.154,0.368,1,9,50,0,0,64,0,64,75,high_vol_range,0.0,0,,,
2026-03-09T09:55:00+05:30,portfolio_hist,PREMIUM,SKIP,idle,23776.7,24.32,1.0,0.0,0.0,1.038,0.219,0.368,1,9,55,0,0,64,0,64,75,high_vol_range,0.0,0,,,
2026-03-09T10:00:00+05:30,portfolio_hist,PREMIUM,SKIP,idle,23769.0,24.29,1.0,0.0,0.0,1.039,0.187,0.322,1,10,0,0,0,64,0,64,65,high_vol_range,0.0,0,,,
2026-03-09T10:00:00+05:30,portfolio_hist,TREND,ENTER,debit_spread,23769.0,24.29,1.0,0.0,0.0,1.039,0.187,0.322,1,10,0,0,0,75,0,75,60,high_vol_range,32.74,75,,,
2026-03-09T10:02:00+05:30,portfolio_hist,PREMIUM,ENTER,iron_condor,23759.5,24.3,1.0,0.0,0.0,1.039,0.146,0.322,1,10,2,0,0,77,0,77,65,high_vol_range,39.13,75,,,
2026-03-09T10:51:00+05:30,portfolio_hist,TREND,EXIT,debit_spread,23845.9,23.83,1.0,0.0,0.0,1.038,0.511,0.14,1,10,51,0,0,0,0,0,0,high_vol_range,0.0,0,Trend stop: lost 33.6%,-825.0,51
2026-03-09T11:38:00+05:30,portfolio_hist,PREMIUM,EXIT,iron_condor,23894.6,23.49,1.0,0.0,0.0,1.038,0.716,0.398,1,11,38,0,0,0,0,0,0,high_vol_range,0.0,0,Trail stop: bounced 20.1% after 33% decay,384.0,96
2026-03-09T09:35:00+05:30,portfolio_hist,PREMIUM,SKIP,idle,23758.7,24.02,1.0,0.0,0.0,1.039,0.143,3.101,1,9,35,0,0,65,0,65,75,trending,0.0,0,,,
2026-03-09T09:40:00+05:30,portfolio_hist,PREMIUM,SKIP,idle,23767.35,24.15,1.0,0.0,0.0,1.039,0.18,3.101,1,9,40,0,0,52,0,52,75,trending,0.0,0,,,
2026-03-09T09:45:00+05:30,portfolio_hist,PREMIUM,SKIP,idle,23716.95,24.46,1.0,0.0,0.0,1.039,0.033,0.852,1,9,45,0,0,65,0,65,75,high_vol_range,0.0,0,,,
2026-03-09T09:50:00+05:30,portfolio_hist,PREMIUM,SKIP,idle,23761.4,24.19,1.0,0.0,0.0,1.039,0.154,0.368,1,9,50,0,0,64,0,64,75,high_vol_range,0.0,0,,,
2026-03-09T09:55:00+05:30,portfolio_hist,PREMIUM,SKIP,idle,23776.7,24.32,1.0,0.0,0.0,1.038,0.219,0.368,1,9,55,0,0,64,0,64,75,high_vol_range,0.0,0,,,
2026-03-09T10:00:00+05:30,portfolio_hist,PREMIUM,SKIP,idle,23769.0,24.29,1.0,0.0,0.0,1.039,0.187,0.322,1,10,0,0,0,64,0,64,65,high_vol_range,0.0,0,,,
2026-03-09T10:00:00+05:30,portfolio_hist,TREND,ENTER,debit_spread,23769.0,24.29,1.0,0.0,0.0,1.039,0.187,0.322,1,10,0,0,0,75,0,75,60,high_vol_range,32.74,75,,,
2026-03-09T10:02:00+05:30,portfolio_hist,PREMIUM,ENTER,iron_condor,23759.5,24.3,1.0,0.0,0.0,1.039,0.146,0.322,1,10,2,0,0,77,0,77,65,high_vol_range,39.13,75,,,
2026-03-09T10:51:00+05:30,portfolio_hist,TREND,EXIT,debit_spread,23845.9,23.83,1.0,0.0,0.0,1.038,0.511,0.14,1,10,51,0,0,0,0,0,0,high_vol_range,0.0,0,Trend stop: lost 33.6%,-825.0,51
2026-03-09T11:38:00+05:30,portfolio_hist,PREMIUM,EXIT,iron_condor,23894.6,23.49,1.0,0.0,0.0,1.038,0.716,0.398,1,11,38,0,0,0,0,0,0,high_vol_range,0.0,0,Trail stop: bounced 20.1% after 33% decay,384.0,96
2026-03-09T09:35:00+05:30,portfolio_hist,PREMIUM,SKIP,idle,23758.7,24.02,1.0,0.0,0.0,1.039,0.143,3.101,1,9,35,0,0,65,0,65,75,trending,0.0,0,,,
2026-03-09T09:40:00+05:30,portfolio_hist,PREMIUM,SKIP,idle,23767.35,24.15,1.0,0.0,0.0,1.039,0.18,3.101,1,9,40,0,0,52,0,52,75,trending,0.0,0,,,
2026-03-09T09:45:00+05:30,portfolio_hist,PREMIUM,SKIP,idle,23716.95,24.46,1.0,0.0,0.0,1.039,0.033,0.852,1,9,45,0,0,65,0,65,75,high_vol_range,0.0,0,,,
2026-03-09T09:50:00+05:30,portfolio_hist,PREMIUM,SKIP,idle,23761.4,24.19,1.0,0.0,0.0,1.039,0.154,0.368,1,9,50,0,0,64,0,64,75,high_vol_range,0.0,0,,,
2026-03-09T09:55:00+05:30,portfolio_hist,PREMIUM,SKIP,idle,23776.7,24.32,1.0,0.0,0.0,1.038,0.219,0.368,1,9,55,0,0,64,0,64,75,high_vol_range,0.0,0,,,
2026-03-09T10:00:00+05:30,portfolio_hist,PREMIUM,SKIP,idle,23769.0,24.29,1.0,0.0,0.0,1.039,0.187,0.322,1,10,0,0,0,64,0,64,65,high_vol_range,0.0,0,,,
2026-03-09T10:00:00+05:30,portfolio_hist,TREND,ENTER,debit_spread,23769.0,24.29,1.0,0.0,0.0,1.039,0.187,0.322,1,10,0,0,0,75,0,75,60,high_vol_range,32.74,75,,,
2026-03-09T10:02:00+05:30,portfolio_hist,PREMIUM,ENTER,iron_condor,23759.5,24.3,1.0,0.0,0.0,1.039,0.146,0.322,1,10,2,0,0,77,0,77,65,high_vol_range,39.13,75,,,
2026-03-09T10:51:00+05:30,portfolio_hist,TREND,EXIT,debit_spread,23845.9,23.83,1.0,0.0,0.0,1.038,0.511,0.14,1,10,51,0,0,0,0,0,0,high_vol_range,0.0,0,Trend stop: lost 33.6%,-825.0,51
2026-03-09T11:38:00+05:30,portfolio_hist,PREMIUM,EXIT,iron_condor,23894.6,23.49,1.0,0.0,0.0,1.038,0.716,0.398,1,11,38,0,0,0,0,0,0,high_vol_range,0.0,0,Trail stop: bounced 20.1% after 33% decay,384.0,96
2026-03-09T09:35:00+05:30,portfolio_hist,PREMIUM,SKIP,idle,23758.7,24.02,1.0,0.0,0.0,1.039,0.143,3.101,1,9,35,0,0,65,0,65,75,trending,0.0,0,,,
2026-03-09T09:40:00+05:30,portfolio_hist,PREMIUM,SKIP,idle,23767.35,24.15,1.0,0.0,0.0,1.039,0.18,3.101,1,9,40,0,0,52,0,52,75,trending,0.0,0,,,
2026-03-09T09:45:00+05:30,portfolio_hist,PREMIUM,SKIP,idle,23716.95,24.46,1.0,0.0,0.0,1.039,0.033,0.852,1,9,45,0,0,65,0,65,75,high_vol_range,0.0,0,,,
2026-03-09T09:50:00+05:30,portfolio_hist,PREMIUM,SKIP,idle,23761.4,24.19,1.0,0.0,0.0,1.039,0.154,0.368,1,9,50,0,0,64,0,64,75,high_vol_range,0.0,0,,,
2026-03-09T09:55:00+05:30,portfolio_hist,PREMIUM,SKIP,idle,23776.7,24.32,1.0,0.0,0.0,1.038,0.219,0.368,1,9,55,0,0,64,0,64,75,high_vol_range,0.0,0,,,
2026-03-09T10:00:00+05:30,portfolio_hist,PREMIUM,SKIP,idle,23769.0,24.29,1.0,0.0,0.0,1.039,0.187,0.322,1,10,0,0,0,64,0,64,65,high_vol_range,0.0,0,,,
2026-03-09T10:00:00+05:30,portfolio_hist,TREND,ENTER,debit_spread,23769.0,24.29,1.0,0.0,0.0,1.039,0.187,0.322,1,10,0,0,0,75,0,75,60,high_vol_range,32.74,75,,,
2026-03-09T10:02:00+05:30,portfolio_hist,PREMIUM,ENTER,iron_condor,23759.5,24.3,1.0,0.0,0.0,1.039,0.146,0.322,1,10,2,0,0,77,0,77,65,high_vol_range,39.13,75,,,
2026-03-09T10:51:00+05:30,portfolio_hist,TREND,EXIT,debit_spread,23845.9,23.83,1.0,0.0,0.0,1.038,0.511,0.14,1,10,51,0,0,0,0,0,0,high_vol_range,0.0,0,Trend stop: lost 33.6%,-825.0,51
2026-03-09T11:38:00+05:30,portfolio_hist,PREMIUM,EXIT,iron_condor,23894.6,23.49,1.0,0.0,0.0,1.038,0.716,0.398,1,11,38,0,0,0,0,0,0,high_vol_range,0.0,0,Trail stop: bounced 20.1% after 33% decay,384.0,96
2026-03-09T09:35:00+05:30,portfolio_hist,PREMIUM,SKIP,idle,23758.7,24.02,1.0,0.0,0.0,1.039,0.143,3.101,1,9,35,0,0,65,0,65,75,trending,0.0,0,,,
2026-03-09T09:40:00+05:30,portfolio_hist,PREMIUM,SKIP,idle,23767.35,24.15,1.0,0.0,0.0,1.039,0.18,3.101,1,9,40,0,0,52,0,52,75,trending,0.0,0,,,
2026-03-09T09:45:00+05:30,portfolio_hist,PREMIUM,SKIP,idle,23716.95,24.46,1.0,0.0,0.0,1.039,0.033,0.852,1,9,45,0,0,65,0,65,75,high_vol_range,0.0,0,,,
2026-03-09T09:50:00+05:30,portfolio_hist,PREMIUM,SKIP,idle,23761.4,24.19,1.0,0.0,0.0,1.039,0.154,0.368,1,9,50,0,0,64,0,64,75,high_vol_range,0.0,0,,,
2026-03-09T09:55:00+05:30,portfolio_hist,PREMIUM,SKIP,idle,23776.7,24.32,1.0,0.0,0.0,1.038,0.219,0.368,1,9,55,0,0,64,0,64,75,high_vol_range,0.0,0,,,
2026-03-09T10:00:00+05:30,portfolio_hist,PREMIUM,SKIP,idle,23769.0,24.29,1.0,0.0,0.0,1.039,0.187,0.322,1,10,0,0,0,64,0,64,65,high_vol_range,0.0,0,,,
2026-03-09T10:00:00+05:30,portfolio_hist,TREND,ENTER,debit_spread,23769.0,24.29,1.0,0.0,0.0,1.039,0.187,0.322,1,10,0,0,0,75,0,75,60,high_vol_range,32.74,75,,,
2026-03-09T10:02:00+05:30,portfolio_hist,PREMIUM,ENTER,iron_condor,23759.5,24.3,1.0,0.0,0.0,1.039,0.146,0.322,1,10,2,0,0,77,0,77,65,high_vol_range,39.13,75,,,
2026-03-09T10:51:00+05:30,portfolio_hist,TREND,EXIT,debit_spread,23845.9,23.83,1.0,0.0,0.0,1.038,0.511,0.14,1,10,51,0,0,0,0,0,0,high_vol_range,0.0,0,Trend stop: lost 33.6%,-825.0,51
2026-03-09T11:38:00+05:30,portfolio_hist,PREMIUM,EXIT,iron_condor,23894.6,23.49,1.0,0.0,0.0,1.038,0.716,0.398,1,11,38,0,0,0,0,0,0,high_vol_range,0.0,0,Trail stop: bounced 20.1% after 33% decay,384.0,96
2026-03-09T09:35:00+05:30,portfolio_hist,PREMIUM,SKIP,idle,23758.7,24.02,1.0,0.0,0.0,1.039,0.143,3.101,1,9,35,0,0,65,0,65,75,trending,0.0,0,,,
2026-03-09T09:40:00+05:30,portfolio_hist,PREMIUM,SKIP,idle,23767.35,24.15,1.0,0.0,0.0,1.039,0.18,3.101,1,9,40,0,0,52,0,52,75,trending,0.0,0,,,
2026-03-09T09:45:00+05:30,portfolio_hist,PREMIUM,SKIP,idle,23716.95,24.46,1.0,0.0,0.0,1.039,0.033,0.852,1,9,45,0,0,65,0,65,75,high_vol_range,0.0,0,,,
2026-03-09T09:50:00+05:30,portfolio_hist,PREMIUM,SKIP,idle,23761.4,24.19,1.0,0.0,0.0,1.039,0.154,0.368,1,9,50,0,0,64,0,64,75,high_vol_range,0.0,0,,,
2026-03-09T09:55:00+05:30,portfolio_hist,PREMIUM,SKIP,idle,23776.7,24.32,1.0,0.0,0.0,1.038,0.219,0.368,1,9,55,0,0,64,0,64,75,high_vol_range,0.0,0,,,
2026-03-09T10:00:00+05:30,portfolio_hist,PREMIUM,SKIP,idle,23769.0,24.29,1.0,0.0,0.0,1.039,0.187,0.322,1,10,0,0,0,64,0,64,65,high_vol_range,0.0,0,,,
2026-03-09T10:00:00+05:30,portfolio_hist,TREND,ENTER,debit_spread,23769.0,24.29,1.0,0.0,0.0,1.039,0.187,0.322,1,10,0,0,0,75,0,75,60,high_vol_range,32.74,75,,,
2026-03-09T10:02:00+05:30,portfolio_hist,PREMIUM,ENTER,iron_condor,23759.5,24.3,1.0,0.0,0.0,1.039,0.146,0.322,1,10,2,0,0,77,0,77,65,high_vol_range,39.13,75,,,
2026-03-09T10:51:00+05:30,portfolio_hist,TREND,EXIT,debit_spread,23845.9,23.83,1.0,0.0,0.0,1.038,0.511,0.14,1,10,51,0,0,0,0,0,0,high_vol_range,0.0,0,Trend stop: lost 33.6%,-825.0,51
2026-03-09T11:38:00+05:30,portfolio_hist,PREMIUM,EXIT,iron_condor,23894.6,23.49,1.0,0.0,0.0,1.038,0.716,0.398,1,11,38,0,0,0,0,0,0,high_vol_range,0.0,0,Trail stop: bounced 20.1% after 33% decay,384.0,96
2026-03-09T09:35:00+05:30,portfolio_hist,PREMIUM,SKIP,idle,23758.7,24.02,1.0,0.0,0.0,1.039,0.143,3.101,1,9,35,0,0,65,0,65,75,trending,0.0,0,,,
2026-03-09T09:40:00+05:30,portfolio_hist,PREMIUM,SKIP,idle,23767.35,24.15,1.0,0.0,0.0,1.039,0.18,3.101,1,9,40,0,0,52,0,52,75,trending,0.0,0,,,
2026-03-09T09:45:00+05:30,portfolio_hist,PREMIUM,SKIP,idle,23716.95,24.46,1.0,0.0,0.0,1.039,0.033,0.852,1,9,45,0,0,65,0,65,75,high_vol_range,0.0,0,,,
2026-03-09T09:50:00+05:30,portfolio_hist,PREMIUM,SKIP,idle,23761.4,24.19,1.0,0.0,0.0,1.039,0.154,0.368,1,9,50,0,0,64,0,64,75,high_vol_range,0.0,0,,,
2026-03-09T09:55:00+05:30,portfolio_hist,PREMIUM,SKIP,idle,23776.7,24.32,1.0,0.0,0.0,1.038,0.219,0.368,1,9,55,0,0,64,0,64,75,high_vol_range,0.0,0,,,
2026-03-09T10:00:00+05:30,portfolio_hist,PREMIUM,SKIP,idle,23769.0,24.29,1.0,0.0,0.0,1.039,0.187,0.322,1,10,0,0,0,64,0,64,65,high_vol_range,0.0,0,,,
2026-03-09T10:00:00+05:30,portfolio_hist,TREND,ENTER,debit_spread,23769.0,24.29,1.0,0.0,0.0,1.039,0.187,0.322,1,10,0,0,0,75,0,75,60,high_vol_range,32.74,75,,,
2026-03-09T10:02:00+05:30,portfolio_hist,PREMIUM,ENTER,iron_condor,23759.5,24.3,1.0,0.0,0.0,1.039,0.146,0.322,1,10,2,0,0,77,0,77,65,high_vol_range,39.13,75,,,
2026-03-09T10:51:00+05:30,portfolio_hist,TREND,EXIT,debit_spread,23845.9,23.83,1.0,0.0,0.0,1.038,0.511,0.14,1,10,51,0,0,0,0,0,0,high_vol_range,0.0,0,Trend stop: lost 33.6%,-825.0,51
2026-03-09T11:38:00+05:30,portfolio_hist,PREMIUM,EXIT,iron_condor,23894.6,23.49,1.0,0.0,0.0,1.038,0.716,0.398,1,11,38,0,0,0,0,0,0,high_vol_range,0.0,0,Trail stop: bounced 20.1% after 33% decay,384.0,96
2026-03-09T09:35:00+05:30,portfolio_hist,PREMIUM,SKIP,idle,23758.7,24.02,1.0,0.0,0.0,1.039,0.143,3.101,1,9,35,0,0,65,0,65,75,trending,0.0,0,,,
2026-03-09T09:40:00+05:30,portfolio_hist,PREMIUM,SKIP,idle,23767.35,24.15,1.0,0.0,0.0,1.039,0.18,3.101,1,9,40,0,0,52,0,52,75,trending,0.0,0,,,
2026-03-09T09:45:00+05:30,portfolio_hist,PREMIUM,SKIP,idle,23716.95,24.46,1.0,0.0,0.0,1.039,0.033,0.852,1,9,45,0,0,65,0,65,75,high_vol_range,0.0,0,,,
2026-03-09T09:50:00+05:30,portfolio_hist,PREMIUM,SKIP,idle,23761.4,24.19,1.0,0.0,0.0,1.039,0.154,0.368,1,9,50,0,0,64,0,64,75,high_vol_range,0.0,0,,,
2026-03-09T09:55:00+05:30,portfolio_hist,PREMIUM,SKIP,idle,23776.7,24.32,1.0,0.0,0.0,1.038,0.219,0.368,1,9,55,0,0,64,0,64,75,high_vol_range,0.0,0,,,
2026-03-09T10:00:00+05:30,portfolio_hist,PREMIUM,SKIP,idle,23769.0,24.29,1.0,0.0,0.0,1.039,0.187,0.322,1,10,0,0,0,64,0,64,65,high_vol_range,0.0,0,,,
2026-03-09T10:00:00+05:30,portfolio_hist,TREND,ENTER,debit_spread,23769.0,24.29,1.0,0.0,0.0,1.039,0.187,0.322,1,10,0,0,0,75,0,75,60,high_vol_range,32.74,75,,,
2026-03-09T10:02:00+05:30,portfolio_hist,PREMIUM,ENTER,iron_condor,23759.5,24.3,1.0,0.0,0.0,1.039,0.146,0.322,1,10,2,0,0,77,0,77,65,high_vol_range,39.13,75,,,
2026-03-09T10:51:00+05:30,portfolio_hist,TREND,EXIT,debit_spread,23845.9,23.83,1.0,0.0,0.0,1.038,0.511,0.14,1,10,51,0,0,0,0,0,0,high_vol_range,0.0,0,Trend stop: lost 33.6%,-825.0,51
2026-03-09T11:38:00+05:30,portfolio_hist,PREMIUM,EXIT,iron_condor,23894.6,23.49,1.0,0.0,0.0,1.038,0.716,0.398,1,11,38,0,0,0,0,0,0,high_vol_range,0.0,0,Trail stop: bounced 20.1% after 33% decay,384.0,96
2026-03-09T09:35:00+05:30,portfolio_hist,PREMIUM,SKIP,idle,23758.7,24.02,1.0,0.0,0.0,1.039,0.143,3.101,1,9,35,0,0,65,0,65,75,trending,0.0,0,,,
2026-03-09T09:40:00+05:30,portfolio_hist,PREMIUM,SKIP,idle,23767.35,24.15,1.0,0.0,0.0,1.039,0.18,3.101,1,9,40,0,0,52,0,52,75,trending,0.0,0,,,
2026-03-09T09:45:00+05:30,portfolio_hist,PREMIUM,SKIP,idle,23716.95,24.46,1.0,0.0,0.0,1.039,0.033,0.852,1,9,45,0,0,65,0,65,75,high_vol_range,0.0,0,,,
2026-03-09T09:50:00+05:30,portfolio_hist,PREMIUM,SKIP,idle,23761.4,24.19,1.0,0.0,0.0,1.039,0.154,0.368,1,9,50,0,0,64,0,64,75,high_vol_range,0.0,0,,,
2026-03-09T09:55:00+05:30,portfolio_hist,PREMIUM,SKIP,idle,23776.7,24.32,1.0,0.0,0.0,1.038,0.219,0.368,1,9,55,0,0,64,0,64,75,high_vol_range,0.0,0,,,
2026-03-09T10:00:00+05:30,portfolio_hist,PREMIUM,SKIP,idle,23769.0,24.29,1.0,0.0,0.0,1.039,0.187,0.322,1,10,0,0,0,64,0,64,65,high_vol_range,0.0,0,,,
2026-03-09T10:00:00+05:30,portfolio_hist,TREND,ENTER,debit_spread,23769.0,24.29,1.0,0.0,0.0,1.039,0.187,0.322,1,10,0,0,0,75,0,75,60,high_vol_range,32.74,75,,,
2026-03-09T10:02:00+05:30,portfolio_hist,PREMIUM,ENTER,iron_condor,23759.5,24.3,1.0,0.0,0.0,1.039,0.146,0.322,1,10,2,0,0,77,0,77,65,high_vol_range,39.13,75,,,
2026-03-09T10:51:00+05:30,portfolio_hist,TREND,EXIT,debit_spread,23845.9,23.83,1.0,0.0,0.0,1.038,0.511,0.14,1,10,51,0,0,0,0,0,0,high_vol_range,0.0,0,Trend stop: lost 33.6%,-825.0,51
2026-03-09T11:38:00+05:30,portfolio_hist,PREMIUM,EXIT,iron_condor,23894.6,23.49,1.0,0.0,0.0,1.038,0.716,0.398,1,11,38,0,0,0,0,0,0,high_vol_range,0.0,0,Trail stop: bounced 20.1% after 33% decay,384.0,96
2026-03-09T09:35:00+05:30,portfolio_hist,PREMIUM,SKIP,idle,23758.7,24.02,1.0,0.0,0.0,1.039,0.143,3.101,1,9,35,0,0,65,0,65,75,trending,0.0,0,,,
2026-03-09T09:40:00+05:30,portfolio_hist,PREMIUM,SKIP,idle,23767.35,24.15,1.0,0.0,0.0,1.039,0.18,3.101,1,9,40,0,0,52,0,52,75,trending,0.0,0,,,
2026-03-09T09:45:00+05:30,portfolio_hist,PREMIUM,SKIP,idle,23716.95,24.46,1.0,0.0,0.0,1.039,0.033,0.852,1,9,45,0,0,65,0,65,75,high_vol_range,0.0,0,,,
2026-03-09T09:50:00+05:30,portfolio_hist,PREMIUM,SKIP,idle,23761.4,24.19,1.0,0.0,0.0,1.039,0.154,0.368,1,9,50,0,0,64,0,64,75,high_vol_range,0.0,0,,,
2026-03-09T09:55:00+05:30,portfolio_hist,PREMIUM,SKIP,idle,23776.7,24.32,1.0,0.0,0.0,1.038,0.219,0.368,1,9,55,0,0,64,0,64,75,high_vol_range,0.0,0,,,
2026-03-09T10:00:00+05:30,portfolio_hist,PREMIUM,SKIP,idle,23769.0,24.29,1.0,0.0,0.0,1.039,0.187,0.322,1,10,0,0,0,64,0,64,65,high_vol_range,0.0,0,,,
2026-03-09T10:00:00+05:30,portfolio_hist,TREND,ENTER,debit_spread,23769.0,24.29,1.0,0.0,0.0,1.039,0.187,0.322,1,10,0,0,0,75,0,75,60,high_vol_range,32.74,75,,,
2026-03-09T10:02:00+05:30,portfolio_hist,PREMIUM,ENTER,iron_condor,23759.5,24.3,1.0,0.0,0.0,1.039,0.146,0.322,1,10,2,0,0,77,0,77,65,high_vol_range,39.13,75,,,
2026-03-09T10:51:00+05:30,portfolio_hist,TREND,EXIT,debit_spread,23845.9,23.83,1.0,0.0,0.0,1.038,0.511,0.14,1,10,51,0,0,0,0,0,0,high_vol_range,0.0,0,Trend stop: lost 33.6%,-825.0,51
2026-03-09T11:38:00+05:30,portfolio_hist,PREMIUM,EXIT,iron_condor,23894.6,23.49,1.0,0.0,0.0,1.038,0.716,0.398,1,11,38,0,0,0,0,0,0,high_vol_range,0.0,0,Trail stop: bounced 20.1% after 33% decay,384.0,96
2026-03-09T09:35:00+05:30,portfolio_hist,PREMIUM,SKIP,idle,23758.7,24.02,1.0,0.0,0.0,1.039,0.143,3.101,1,9,35,0,0,65,0,65,75,trending,0.0,0,,,
2026-03-09T09:40:00+05:30,portfolio_hist,PREMIUM,SKIP,idle,23767.35,24.15,1.0,0.0,0.0,1.039,0.18,3.101,1,9,40,0,0,52,0,52,75,trending,0.0,0,,,
2026-03-09T09:45:00+05:30,portfolio_hist,PREMIUM,SKIP,idle,23716.95,24.46,1.0,0.0,0.0,1.039,0.033,0.852,1,9,45,0,0,65,0,65,75,high_vol_range,0.0,0,,,
2026-03-09T09:50:00+05:30,portfolio_hist,PREMIUM,SKIP,idle,23761.4,24.19,1.0,0.0,0.0,1.039,0.154,0.368,1,9,50,0,0,64,0,64,75,high_vol_range,0.0,0,,,
2026-03-09T09:55:00+05:30,portfolio_hist,PREMIUM,SKIP,idle,23776.7,24.32,1.0,0.0,0.0,1.038,0.219,0.368,1,9,55,0,0,64,0,64,75,high_vol_range,0.0,0,,,
2026-03-09T10:00:00+05:30,portfolio_hist,PREMIUM,SKIP,idle,23769.0,24.29,1.0,0.0,0.0,1.039,0.187,0.322,1,10,0,0,0,64,0,64,65,high_vol_range,0.0,0,,,
2026-03-09T10:00:00+05:30,portfolio_hist,TREND,ENTER,debit_spread,23769.0,24.29,1.0,0.0,0.0,1.039,0.187,0.322,1,10,0,0,0,75,0,75,60,high_vol_range,32.74,75,,,
2026-03-09T10:02:00+05:30,portfolio_hist,PREMIUM,ENTER,iron_condor,23759.5,24.3,1.0,0.0,0.0,1.039,0.146,0.322,1,10,2,0,0,77,0,77,65,high_vol_range,39.13,75,,,
2026-03-09T10:51:00+05:30,portfolio_hist,TREND,EXIT,debit_spread,23845.9,23.83,1.0,0.0,0.0,1.038,0.511,0.14,1,10,51,0,0,0,0,0,0,high_vol_range,0.0,0,Trend stop: lost 33.6%,-825.0,51
2026-03-09T11:38:00+05:30,portfolio_hist,PREMIUM,EXIT,iron_condor,23894.6,23.49,1.0,0.0,0.0,1.038,0.716,0.398,1,11,38,0,0,0,0,0,0,high_vol_range,0.0,0,Trail stop: bounced 20.1% after 33% decay,384.0,96
2026-03-09T09:35:00+05:30,portfolio_hist,PREMIUM,SKIP,idle,23758.7,24.02,1.0,0.0,0.0,1.039,0.143,3.101,1,9,35,0,0,65,0,65,75,trending,0.0,0,,,
2026-03-09T09:40:00+05:30,portfolio_hist,PREMIUM,SKIP,idle,23767.35,24.15,1.0,0.0,0.0,1.039,0.18,3.101,1,9,40,0,0,52,0,52,75,trending,0.0,0,,,
2026-03-09T09:45:00+05:30,portfolio_hist,PREMIUM,SKIP,idle,23716.95,24.46,1.0,0.0,0.0,1.039,0.033,0.852,1,9,45,0,0,65,0,65,75,high_vol_range,0.0,0,,,
2026-03-09T09:50:00+05:30,portfolio_hist,PREMIUM,SKIP,idle,23761.4,24.19,1.0,0.0,0.0,1.039,0.154,0.368,1,9,50,0,0,64,0,64,75,high_vol_range,0.0,0,,,
2026-03-09T09:55:00+05:30,portfolio_hist,PREMIUM,SKIP,idle,23776.7,24.32,1.0,0.0,0.0,1.038,0.219,0.368,1,9,55,0,0,64,0,64,75,high_vol_range,0.0,0,,,
2026-03-09T10:00:00+05:30,portfolio_hist,PREMIUM,SKIP,idle,23769.0,24.29,1.0,0.0,0.0,1.039,0.187,0.322,1,10,0,0,0,64,0,64,65,high_vol_range,0.0,0,,,
2026-03-09T10:00:00+05:30,portfolio_hist,TREND,ENTER,debit_spread,23769.0,24.29,1.0,0.0,0.0,1.039,0.187,0.322,1,10,0,0,0,75,0,75,60,high_vol_range,32.74,75,,,
2026-03-09T10:02:00+05:30,portfolio_hist,PREMIUM,ENTER,iron_condor,23759.5,24.3,1.0,0.0,0.0,1.039,0.146,0.322,1,10,2,0,0,77,0,77,65,high_vol_range,39.13,75,,,
2026-03-09T10:51:00+05:30,portfolio_hist,TREND,EXIT,debit_spread,23845.9,23.83,1.0,0.0,0.0,1.038,0.511,0.14,1,10,51,0,0,0,0,0,0,high_vol_range,0.0,0,Trend stop: lost 33.6%,-825.0,51
2026-03-09T11:38:00+05:30,portfolio_hist,PREMIUM,EXIT,iron_condor,23894.6,23.49,1.0,0.0,0.0,1.038,0.716,0.398,1,11,38,0,0,0,0,0,0,high_vol_range,0.0,0,Trail stop: bounced 20.1% after 33% decay,384.0,96
2026-03-09T09:35:00+05:30,portfolio_hist,PREMIUM,SKIP,idle,23758.7,24.02,1.0,0.0,0.0,1.039,0.143,3.101,1,9,35,0,0,65,0,65,75,trending,0.0,0,,,
2026-03-09T09:40:00+05:30,portfolio_hist,PREMIUM,SKIP,idle,23767.35,24.15,1.0,0.0,0.0,1.039,0.18,3.101,1,9,40,0,0,52,0,52,75,trending,0.0,0,,,
2026-03-09T09:45:00+05:30,portfolio_hist,PREMIUM,SKIP,idle,23716.95,24.46,1.0,0.0,0.0,1.039,0.033,0.852,1,9,45,0,0,65,0,65,75,high_vol_range,0.0,0,,,
2026-03-09T09:50:00+05:30,portfolio_hist,PREMIUM,SKIP,idle,23761.4,24.19,1.0,0.0,0.0,1.039,0.154,0.368,1,9,50,0,0,64,0,64,75,high_vol_range,0.0,0,,,
2026-03-09T09:55:00+05:30,portfolio_hist,PREMIUM,SKIP,idle,23776.7,24.32,1.0,0.0,0.0,1.038,0.219,0.368,1,9,55,0,0,64,0,64,75,high_vol_range,0.0,0,,,
2026-03-09T10:00:00+05:30,portfolio_hist,PREMIUM,SKIP,idle,23769.0,24.29,1.0,0.0,0.0,1.039,0.187,0.322,1,10,0,0,0,64,0,64,65,high_vol_range,0.0,0,,,
2026-03-09T10:00:00+05:30,portfolio_hist,TREND,ENTER,debit_spread,23769.0,24.29,1.0,0.0,0.0,1.039,0.187,0.322,1,10,0,0,0,75,0,75,60,high_vol_range,32.74,75,,,
2026-03-09T10:02:00+05:30,portfolio_hist,PREMIUM,ENTER,iron_condor,23759.5,24.3,1.0,0.0,0.0,1.039,0.146,0.322,1,10,2,0,0,77,0,77,65,high_vol_range,39.13,75,,,
2026-03-09T10:51:00+05:30,portfolio_hist,TREND,EXIT,debit_spread,23845.9,23.83,1.0,0.0,0.0,1.038,0.511,0.14,1,10,51,0,0,0,0,0,0,high_vol_range,0.0,0,Trend stop: lost 33.6%,-825.0,51
2026-03-09T11:38:00+05:30,portfolio_hist,PREMIUM,EXIT,iron_condor,23894.6,23.49,1.0,0.0,0.0,1.038,0.716,0.398,1,11,38,0,0,0,0,0,0,high_vol_range,0.0,0,Trail stop: bounced 20.1% after 33% decay,384.0,96
2026-03-09T09:35:00+05:30,portfolio_hist,PREMIUM,SKIP,idle,23758.7,24.02,1.0,0.0,0.0,1.039,0.143,3.101,1,9,35,0,0,65,0,65,75,trending,0.0,0,,,
2026-03-09T09:40:00+05:30,portfolio_hist,PREMIUM,SKIP,idle,23767.35,24.15,1.0,0.0,0.0,1.039,0.18,3.101,1,9,40,0,0,52,0,52,75,trending,0.0,0,,,
2026-03-09T09:45:00+05:30,portfolio_hist,PREMIUM,SKIP,idle,23716.95,24.46,1.0,0.0,0.0,1.039,0.033,0.852,1,9,45,0,0,65,0,65,75,high_vol_range,0.0,0,,,
2026-03-09T09:50:00+05:30,portfolio_hist,PREMIUM,SKIP,idle,23761.4,24.19,1.0,0.0,0.0,1.039,0.154,0.368,1,9,50,0,0,64,0,64,75,high_vol_range,0.0,0,,,
2026-03-09T09:55:00+05:30,portfolio_hist,PREMIUM,SKIP,idle,23776.7,24.32,1.0,0.0,0.0,1.038,0.219,0.368,1,9,55,0,0,64,0,64,75,high_vol_range,0.0,0,,,
2026-03-09T10:00:00+05:30,portfolio_hist,PREMIUM,SKIP,idle,23769.0,24.29,1.0,0.0,0.0,1.039,0.187,0.322,1,10,0,0,0,64,0,64,65,high_vol_range,0.0,0,,,
2026-03-09T10:00:00+05:30,portfolio_hist,TREND,ENTER,debit_spread,23769.0,24.29,1.0,0.0,0.0,1.039,0.187,0.322,1,10,0,0,0,75,0,75,60,high_vol_range,32.74,75,,,
2026-03-09T10:02:00+05:30,portfolio_hist,PREMIUM,ENTER,iron_condor,23759.5,24.3,1.0,0.0,0.0,1.039,0.146,0.322,1,10,2,0,0,77,0,77,65,high_vol_range,39.13,75,,,
2026-03-09T10:51:00+05:30,portfolio_hist,TREND,EXIT,debit_spread,23845.9,23.83,1.0,0.0,0.0,1.038,0.511,0.14,1,10,51,0,0,0,0,0,0,high_vol_range,0.0,0,Trend stop: lost 33.6%,-825.0,51
2026-03-09T11:38:00+05:30,portfolio_hist,PREMIUM,EXIT,iron_condor,23894.6,23.49,1.0,0.0,0.0,1.038,0.716,0.398,1,11,38,0,0,0,0,0,0,high_vol_range,0.0,0,Trail stop: bounced 20.1% after 33% decay,384.0,96
2026-03-09T09:35:00+05:30,portfolio_hist,PREMIUM,SKIP,idle,23758.7,24.02,1.0,0.0,0.0,1.039,0.143,3.101,1,9,35,0,0,65,0,65,75,trending,0.0,0,,,
2026-03-09T09:40:00+05:30,portfolio_hist,PREMIUM,SKIP,idle,23767.35,24.15,1.0,0.0,0.0,1.039,0.18,3.101,1,9,40,0,0,52,0,52,75,trending,0.0,0,,,
2026-03-09T09:45:00+05:30,portfolio_hist,PREMIUM,SKIP,idle,23716.95,24.46,1.0,0.0,0.0,1.039,0.033,0.852,1,9,45,0,0,65,0,65,75,high_vol_range,0.0,0,,,
2026-03-09T09:50:00+05:30,portfolio_hist,PREMIUM,SKIP,idle,23761.4,24.19,1.0,0.0,0.0,1.039,0.154,0.368,1,9,50,0,0,64,0,64,75,high_vol_range,0.0,0,,,
2026-03-09T09:55:00+05:30,portfolio_hist,PREMIUM,SKIP,idle,23776.7,24.32,1.0,0.0,0.0,1.038,0.219,0.368,1,9,55,0,0,64,0,64,75,high_vol_range,0.0,0,,,
2026-03-09T10:00:00+05:30,portfolio_hist,PREMIUM,SKIP,idle,23769.0,24.29,1.0,0.0,0.0,1.039,0.187,0.322,1,10,0,0,0,64,0,64,65,high_vol_range,0.0,0,,,
2026-03-09T10:00:00+05:30,portfolio_hist,TREND,ENTER,debit_spread,23769.0,24.29,1.0,0.0,0.0,1.039,0.187,0.322,1,10,0,0,0,75,0,75,60,high_vol_range,32.74,75,,,
2026-03-09T10:02:00+05:30,portfolio_hist,PREMIUM,ENTER,iron_condor,23759.5,24.3,1.0,0.0,0.0,1.039,0.146,0.322,1,10,2,0,0,77,0,77,65,high_vol_range,39.13,75,,,
2026-03-09T10:51:00+05:30,portfolio_hist,TREND,EXIT,debit_spread,23845.9,23.83,1.0,0.0,0.0,1.038,0.511,0.14,1,10,51,0,0,0,0,0,0,high_vol_range,0.0,0,Trend stop: lost 33.6%,-825.0,51
2026-03-09T11:38:00+05:30,portfolio_hist,PREMIUM,EXIT,iron_condor,23894.6,23.49,1.0,0.0,0.0,1.038,0.716,0.398,1,11,38,0,0,0,0,0,0,high_vol_range,0.0,0,Trail stop: bounced 20.1% after 33% decay,384.0,96
2026-03-09T09:35:00+05:30,portfolio_hist,PREMIUM,SKIP,idle,23758.7,24.02,1.0,0.0,0.0,1.039,0.143,3.101,1,9,35,0,0,65,0,65,75,trending,0.0,0,,,
2026-03-09T09:40:00+05:30,portfolio_hist,PREMIUM,SKIP,idle,23767.35,24.15,1.0,0.0,0.0,1.039,0.18,3.101,1,9,40,0,0,52,0,52,75,trending,0.0,0,,,
2026-03-09T09:45:00+05:30,portfolio_hist,PREMIUM,SKIP,idle,23716.95,24.46,1.0,0.0,0.0,1.039,0.033,0.852,1,9,45,0,0,65,0,65,75,high_vol_range,0.0,0,,,
2026-03-09T09:50:00+05:30,portfolio_hist,PREMIUM,SKIP,idle,23761.4,24.19,1.0,0.0,0.0,1.039,0.154,0.368,1,9,50,0,0,64,0,64,75,high_vol_range,0.0,0,,,
2026-03-09T09:55:00+05:30,portfolio_hist,PREMIUM,SKIP,idle,23776.7,24.32,1.0,0.0,0.0,1.038,0.219,0.368,1,9,55,0,0,64,0,64,75,high_vol_range,0.0,0,,,
2026-03-09T10:00:00+05:30,portfolio_hist,PREMIUM,SKIP,idle,23769.0,24.29,1.0,0.0,0.0,1.039,0.187,0.322,1,10,0,0,0,64,0,64,65,high_vol_range,0.0,0,,,
2026-03-09T10:00:00+05:30,portfolio_hist,TREND,ENTER,debit_spread,23769.0,24.29,1.0,0.0,0.0,1.039,0.187,0.322,1,10,0,0,0,75,0,75,60,high_vol_range,32.74,75,,,
2026-03-09T10:02:00+05:30,portfolio_hist,PREMIUM,ENTER,iron_condor,23759.5,24.3,1.0,0.0,0.0,1.039,0.146,0.322,1,10,2,0,0,77,0,77,65,high_vol_range,39.13,75,,,
2026-03-09T10:51:00+05:30,portfolio_hist,TREND,EXIT,debit_spread,23845.9,23.83,1.0,0.0,0.0,1.038,0.511,0.14,1,10,51,0,0,0,0,0,0,high_vol_range,0.0,0,Trend stop: lost 33.6%,-825.0,51
2026-03-09T11:38:00+05:30,portfolio_hist,PREMIUM,EXIT,iron_condor,23894.6,23.49,1.0,0.0,0.0,1.038,0.716,0.398,1,11,38,0,0,0,0,0,0,high_vol_range,0.0,0,Trail stop: bounced 20.1% after 33% decay,384.0,96
2026-03-09T09:35:00+05:30,portfolio_hist,PREMIUM,SKIP,idle,23758.7,24.02,1.0,0.0,0.0,1.039,0.143,3.101,1,9,35,0,0,65,0,65,75,trending,0.0,0,,,
2026-03-09T09:40:00+05:30,portfolio_hist,PREMIUM,SKIP,idle,23767.35,24.15,1.0,0.0,0.0,1.039,0.18,3.101,1,9,40,0,0,52,0,52,75,trending,0.0,0,,,
2026-03-09T09:45:00+05:30,portfolio_hist,PREMIUM,SKIP,idle,23716.95,24.46,1.0,0.0,0.0,1.039,0.033,0.852,1,9,45,0,0,65,0,65,75,high_vol_range,0.0,0,,,
2026-03-09T09:50:00+05:30,portfolio_hist,PREMIUM,SKIP,idle,23761.4,24.19,1.0,0.0,0.0,1.039,0.154,0.368,1,9,50,0,0,64,0,64,75,high_vol_range,0.0,0,,,
2026-03-09T09:55:00+05:30,portfolio_hist,PREMIUM,SKIP,idle,23776.7,24.32,1.0,0.0,0.0,1.038,0.219,0.368,1,9,55,0,0,64,0,64,75,high_vol_range,0.0,0,,,
2026-03-09T10:00:00+05:30,portfolio_hist,PREMIUM,SKIP,idle,23769.0,24.29,1.0,0.0,0.0,1.039,0.187,0.322,1,10,0,0,0,64,0,64,65,high_vol_range,0.0,0,,,
2026-03-09T10:00:00+05:30,portfolio_hist,TREND,ENTER,debit_spread,23769.0,24.29,1.0,0.0,0.0,1.039,0.187,0.322,1,10,0,0,0,75,0,75,60,high_vol_range,32.74,75,,,
2026-03-09T10:02:00+05:30,portfolio_hist,PREMIUM,ENTER,iron_condor,23759.5,24.3,1.0,0.0,0.0,1.039,0.146,0.322,1,10,2,0,0,77,0,77,65,high_vol_range,39.13,75,,,
2026-03-09T10:51:00+05:30,portfolio_hist,TREND,EXIT,debit_spread,23845.9,23.83,1.0,0.0,0.0,1.038,0.511,0.14,1,10,51,0,0,0,0,0,0,high_vol_range,0.0,0,Trend stop: lost 33.6%,-825.0,51
2026-03-09T11:38:00+05:30,portfolio_hist,PREMIUM,EXIT,iron_condor,23894.6,23.49,1.0,0.0,0.0,1.038,0.716,0.398,1,11,38,0,0,0,0,0,0,high_vol_range,0.0,0,Trail stop: bounced 20.1% after 33% decay,384.0,96
2026-03-09T09:35:00+05:30,portfolio_hist,PREMIUM,SKIP,idle,23758.7,24.02,1.0,0.0,0.0,1.039,0.143,3.101,1,9,35,0,0,65,0,65,75,trending,0.0,0,,,
2026-03-09T09:40:00+05:30,portfolio_hist,PREMIUM,SKIP,idle,23767.35,24.15,1.0,0.0,0.0,1.039,0.18,3.101,1,9,40,0,0,52,0,52,75,trending,0.0,0,,,
2026-03-09T09:45:00+05:30,portfolio_hist,PREMIUM,SKIP,idle,23716.95,24.46,1.0,0.0,0.0,1.039,0.033,0.852,1,9,45,0,0,65,0,65,75,high_vol_range,0.0,0,,,
2026-03-09T09:50:00+05:30,portfolio_hist,PREMIUM,SKIP,idle,23761.4,24.19,1.0,0.0,0.0,1.039,0.154,0.368,1,9,50,0,0,64,0,64,75,high_vol_range,0.0,0,,,
2026-03-09T09:55:00+05:30,portfolio_hist,PREMIUM,SKIP,idle,23776.7,24.32,1.0,0.0,0.0,1.038,0.219,0.368,1,9,55,0,0,64,0,64,75,high_vol_range,0.0,0,,,
2026-03-09T10:00:00+05:30,portfolio_hist,PREMIUM,SKIP,idle,23769.0,24.29,1.0,0.0,0.0,1.039,0.187,0.322,1,10,0,0,0,64,0,64,65,high_vol_range,0.0,0,,,
2026-03-09T10:00:00+05:30,portfolio_hist,TREND,ENTER,debit_spread,23769.0,24.29,1.0,0.0,0.0,1.039,0.187,0.322,1,10,0,0,0,75,0,75,60,high_vol_range,32.74,75,,,
2026-03-09T10:02:00+05:30,portfolio_hist,PREMIUM,ENTER,iron_condor,23759.5,24.3,1.0,0.0,0.0,1.039,0.146,0.322,1,10,2,0,0,77,0,77,65,high_vol_range,39.13,75,,,
2026-03-09T10:51:00+05:30,portfolio_hist,TREND,EXIT,debit_spread,23845.9,23.83,1.0,0.0,0.0,1.038,0.511,0.14,1,10,51,0,0,0,0,0,0,high_vol_range,0.0,0,Trend stop: lost 33.6%,-825.0,51
2026-03-09T11:38:00+05:30,portfolio_hist,PREMIUM,EXIT,iron_condor,23894.6,23.49,1.0,0.0,0.0,1.038,0.716,0.398,1,11,38,0,0,0,0,0,0,high_vol_range,0.0,0,Trail stop: bounced 20.1% after 33% decay,384.0,96
2026-03-09T09:35:00+05:30,portfolio_hist,PREMIUM,SKIP,idle,23758.7,24.02,1.0,0.0,0.0,1.039,0.143,3.101,1,9,35,0,0,65,0,65,75,trending,0.0,0,,,
2026-03-09T09:40:00+05:30,portfolio_hist,PREMIUM,SKIP,idle,23767.35,24.15,1.0,0.0,0.0,1.039,0.18,3.101,1,9,40,0,0,52,0,52,75,trending,0.0,0,,,
2026-03-09T09:45:00+05:30,portfolio_hist,PREMIUM,SKIP,idle,23716.95,24.46,1.0,0.0,0.0,1.039,0.033,0.852,1,9,45,0,0,65,0,65,75,high_vol_range,0.0,0,,,
2026-03-09T09:50:00+05:30,portfolio_hist,PREMIUM,SKIP,idle,23761.4,24.19,1.0,0.0,0.0,1.039,0.154,0.368,1,9,50,0,0,64,0,64,75,high_vol_range,0.0,0,,,
2026-03-09T09:55:00+05:30,portfolio_hist,PREMIUM,SKIP,idle,23776.7,24.32,1.0,0.0,0.0,1.038,0.219,0.368,1,9,55,0,0,64,0,64,75,high_vol_range,0.0,0,,,
2026-03-09T10:00:00+05:30,portfolio_hist,PREMIUM,SKIP,idle,23769.0,24.29,1.0,0.0,0.0,1.039,0.187,0.322,1,10,0,0,0,64,0,64,65,high_vol_range,0.0,0,,,
2026-03-09T10:00:00+05:30,portfolio_hist,TREND,ENTER,debit_spread,23769.0,24.29,1.0,0.0,0.0,1.039,0.187,0.322,1,10,0,0,0,75,0,75,60,high_vol_range,32.74,75,,,
2026-03-09T10:02:00+05:30,portfolio_hist,PREMIUM,ENTER,iron_condor,23759.5,24.3,1.0,0.0,0.0,1.039,0.146,0.322,1,10,2,0,0,77,0,77,65,high_vol_range,39.13,75,,,
2026-03-09T10:51:00+05:30,portfolio_hist,TREND,EXIT,debit_spread,23845.9,23.83,1.0,0.0,0.0,1.038,0.511,0.14,1,10,51,0,0,0,0,0,0,high_vol_range,0.0,0,Trend stop: lost 33.6%,-825.0,51
2026-03-09T11:38:00+05:30,portfolio_hist,PREMIUM,EXIT,iron_condor,23894.6,23.49,1.0,0.0,0.0,1.038,0.716,0.398,1,11,38,0,0,0,0,0,0,high_vol_range,0.0,0,Trail stop: bounced 20.1% after 33% decay,384.0,96
2026-03-09T09:35:00+05:30,portfolio_hist,PREMIUM,SKIP,idle,23758.7,24.02,1.0,0.0,0.0,1.039,0.143,3.101,1,9,35,0,0,65,0,65,75,trending,0.0,0,,,
2026-03-09T09:40:00+05:30,portfolio_hist,PREMIUM,SKIP,idle,23767.35,24.15,1.0,0.0,0.0,1.039,0.18,3.101,1,9,40,0,0,52,0,52,75,trending,0.0,0,,,
2026-03-09T09:45:00+05:30,portfolio_hist,PREMIUM,SKIP,idle,23716.95,24.46,1.0,0.0,0.0,1.039,0.033,0.852,1,9,45,0,0,65,0,65,75,high_vol_range,0.0,0,,,
2026-03-09T09:50:00+05:30,portfolio_hist,PREMIUM,SKIP,idle,23761.4,24.19,1.0,0.0,0.0,1.039,0.154,0.368,1,9,50,0,0,64,0,64,75,high_vol_range,0.0,0,,,
2026-03-09T09:55:00+05:30,portfolio_hist,PREMIUM,SKIP,idle,23776.7,24.32,1.0,0.0,0.0,1.038,0.219,0.368,1,9,55,0,0,64,0,64,75,high_vol_range,0.0,0,,,
2026-03-09T10:00:00+05:30,portfolio_hist,PREMIUM,SKIP,idle,23769.0,24.29,1.0,0.0,0.0,1.039,0.187,0.322,1,10,0,0,0,64,0,64,65,high_vol_range,0.0,0,,,
2026-03-09T10:00:00+05:30,portfolio_hist,TREND,ENTER,debit_spread,23769.0,24.29,1.0,0.0,0.0,1.039,0.187,0.322,1,10,0,0,0,75,0,75,60,high_vol_range,32.74,75,,,
2026-03-09T10:02:00+05:30,portfolio_hist,PREMIUM,ENTER,iron_condor,23759.5,24.3,1.0,0.0,0.0,1.039,0.146,0.322,1,10,2,0,0,77,0,77,65,high_vol_range,39.13,75,,,
2026-03-09T10:51:00+05:30,portfolio_hist,TREND,EXIT,debit_spread,23845.9,23.83,1.0,0.0,0.0,1.038,0.511,0.14,1,10,51,0,0,0,0,0,0,high_vol_range,0.0,0,Trend stop: lost 33.6%,-825.0,51
2026-03-09T11:38:00+05:30,portfolio_hist,PREMIUM,EXIT,iron_condor,23894.6,23.49,1.0,0.0,0.0,1.038,0.716,0.398,1,11,38,0,0,0,0,0,0,high_vol_range,0.0,0,Trail stop: bounced 20.1% after 33% decay,384.0,96
2026-03-09T09:35:00+05:30,portfolio_hist,PREMIUM,SKIP,idle,23758.7,24.02,1.0,0.0,0.0,1.039,0.143,3.101,1,9,35,0,0,65,0,65,75,trending,0.0,0,,,
2026-03-09T09:40:00+05:30,portfolio_hist,PREMIUM,SKIP,idle,23767.35,24.15,1.0,0.0,0.0,1.039,0.18,3.101,1,9,40,0,0,52,0,52,75,trending,0.0,0,,,
2026-03-09T09:45:00+05:30,portfolio_hist,PREMIUM,SKIP,idle,23716.95,24.46,1.0,0.0,0.0,1.039,0.033,0.852,1,9,45,0,0,65,0,65,75,high_vol_range,0.0,0,,,
2026-03-09T09:50:00+05:30,portfolio_hist,PREMIUM,SKIP,idle,23761.4,24.19,1.0,0.0,0.0,1.039,0.154,0.368,1,9,50,0,0,64,0,64,75,high_vol_range,0.0,0,,,
2026-03-09T09:55:00+05:30,portfolio_hist,PREMIUM,SKIP,idle,23776.7,24.32,1.0,0.0,0.0,1.038,0.219,0.368,1,9,55,0,0,64,0,64,75,high_vol_range,0.0,0,,,
2026-03-09T10:00:00+05:30,portfolio_hist,PREMIUM,SKIP,idle,23769.0,24.29,1.0,0.0,0.0,1.039,0.187,0.322,1,10,0,0,0,64,0,64,65,high_vol_range,0.0,0,,,
2026-03-09T10:00:00+05:30,portfolio_hist,TREND,ENTER,debit_spread,23769.0,24.29,1.0,0.0,0.0,1.039,0.187,0.322,1,10,0,0,0,75,0,75,60,high_vol_range,32.74,75,,,
2026-03-09T10:02:00+05:30,portfolio_hist,PREMIUM,ENTER,iron_condor,23759.5,24.3,1.0,0.0,0.0,1.039,0.146,0.322,1,10,2,0,0,77,0,77,65,high_vol_range,39.13,75,,,
2026-03-09T10:51:00+05:30,portfolio_hist,TREND,EXIT,debit_spread,23845.9,23.83,1.0,0.0,0.0,1.038,0.511,0.14,1,10,51,0,0,0,0,0,0,high_vol_range,0.0,0,Trend stop: lost 33.6%,-825.0,51
2026-03-09T11:38:00+05:30,portfolio_hist,PREMIUM,EXIT,iron_condor,23894.6,23.49,1.0,0.0,0.0,1.038,0.716,0.398,1,11,38,0,0,0,0,0,0,high_vol_range,0.0,0,Trail stop: bounced 20.1% after 33% decay,384.0,96
2026-03-09T09:35:00+05:30,portfolio_hist,PREMIUM,SKIP,idle,23758.7,24.02,1.0,0.0,0.0,1.039,0.143,3.101,1,9,35,0,0,65,0,65,75,trending,0.0,0,,,
2026-03-09T09:40:00+05:30,portfolio_hist,PREMIUM,SKIP,idle,23767.35,24.15,1.0,0.0,0.0,1.039,0.18,3.101,1,9,40,0,0,52,0,52,75,trending,0.0,0,,,
2026-03-09T09:45:00+05:30,portfolio_hist,PREMIUM,SKIP,idle,23716.95,24.46,1.0,0.0,0.0,1.039,0.033,0.852,1,9,45,0,0,65,0,65,75,high_vol_range,0.0,0,,,
2026-03-09T09:50:00+05:30,portfolio_hist,PREMIUM,SKIP,idle,23761.4,24.19,1.0,0.0,0.0,1.039,0.154,0.368,1,9,50,0,0,64,0,64,75,high_vol_range,0.0,0,,,
2026-03-09T09:55:00+05:30,portfolio_hist,PREMIUM,SKIP,idle,23776.7,24.32,1.0,0.0,0.0,1.038,0.219,0.368,1,9,55,0,0,64,0,64,75,high_vol_range,0.0,0,,,
2026-03-09T10:00:00+05:30,portfolio_hist,PREMIUM,SKIP,idle,23769.0,24.29,1.0,0.0,0.0,1.039,0.187,0.322,1,10,0,0,0,64,0,64,65,high_vol_range,0.0,0,,,
2026-03-09T10:00:00+05:30,portfolio_hist,TREND,ENTER,debit_spread,23769.0,24.29,1.0,0.0,0.0,1.039,0.187,0.322,1,10,0,0,0,75,0,75,60,high_vol_range,32.74,75,,,
2026-03-09T10:02:00+05:30,portfolio_hist,PREMIUM,ENTER,iron_condor,23759.5,24.3,1.0,0.0,0.0,1.039,0.146,0.322,1,10,2,0,0,77,0,77,65,high_vol_range,39.13,75,,,
2026-03-09T10:51:00+05:30,portfolio_hist,TREND,EXIT,debit_spread,23845.9,23.83,1.0,0.0,0.0,1.038,0.511,0.14,1,10,51,0,0,0,0,0,0,high_vol_range,0.0,0,Trend stop: lost 33.6%,-825.0,51
2026-03-09T11:38:00+05:30,portfolio_hist,PREMIUM,EXIT,iron_condor,23894.6,23.49,1.0,0.0,0.0,1.038,0.716,0.398,1,11,38,0,0,0,0,0,0,high_vol_range,0.0,0,Trail stop: bounced 20.1% after 33% decay,384.0,96
2026-03-09T09:35:00+05:30,portfolio_hist,PREMIUM,SKIP,idle,23758.7,24.02,1.0,0.0,0.0,1.039,0.143,3.101,1,9,35,0,0,65,0,65,75,trending,0.0,0,,,
2026-03-09T09:40:00+05:30,portfolio_hist,PREMIUM,SKIP,idle,23767.35,24.15,1.0,0.0,0.0,1.039,0.18,3.101,1,9,40,0,0,52,0,52,75,trending,0.0,0,,,
2026-03-09T09:45:00+05:30,portfolio_hist,PREMIUM,SKIP,idle,23716.95,24.46,1.0,0.0,0.0,1.039,0.033,0.852,1,9,45,0,0,65,0,65,75,high_vol_range,0.0,0,,,
2026-03-09T09:50:00+05:30,portfolio_hist,PREMIUM,SKIP,idle,23761.4,24.19,1.0,0.0,0.0,1.039,0.154,0.368,1,9,50,0,0,64,0,64,75,high_vol_range,0.0,0,,,
2026-03-09T09:55:00+05:30,portfolio_hist,PREMIUM,SKIP,idle,23776.7,24.32,1.0,0.0,0.0,1.038,0.219,0.368,1,9,55,0,0,64,0,64,75,high_vol_range,0.0,0,,,
2026-03-09T10:00:00+05:30,portfolio_hist,PREMIUM,SKIP,idle,23769.0,24.29,1.0,0.0,0.0,1.039,0.187,0.322,1,10,0,0,0,64,0,64,65,high_vol_range,0.0,0,,,
2026-03-09T10:00:00+05:30,portfolio_hist,TREND,ENTER,debit_spread,23769.0,24.29,1.0,0.0,0.0,1.039,0.187,0.322,1,10,0,0,0,75,0,75,60,high_vol_range,32.74,75,,,
2026-03-09T10:02:00+05:30,portfolio_hist,PREMIUM,ENTER,iron_condor,23759.5,24.3,1.0,0.0,0.0,1.039,0.146,0.322,1,10,2,0,0,77,0,77,65,high_vol_range,39.13,75,,,
2026-03-09T10:51:00+05:30,portfolio_hist,TREND,EXIT,debit_spread,23845.9,23.83,1.0,0.0,0.0,1.038,0.511,0.14,1,10,51,0,0,0,0,0,0,high_vol_range,0.0,0,Trend stop: lost 33.6%,-825.0,51
2026-03-09T11:38:00+05:30,portfolio_hist,PREMIUM,EXIT,iron_condor,23894.6,23.49,1.0,0.0,0.0,1.038,0.716,0.398,1,11,38,0,0,0,0,0,0,high_vol_range,0.0,0,Trail stop: bounced 20.1% after 33% decay,384.0,96
2026-03-09T09:35:00+05:30,portfolio_hist,PREMIUM,SKIP,idle,23758.7,24.02,1.0,0.0,0.0,1.039,0.143,3.101,1,9,35,0,0,65,0,65,75,trending,0.0,0,,,
2026-03-09T09:40:00+05:30,portfolio_hist,PREMIUM,SKIP,idle,23767.35,24.15,1.0,0.0,0.0,1.039,0.18,3.101,1,9,40,0,0,52,0,52,75,trending,0.0,0,,,
2026-03-09T09:45:00+05:30,portfolio_hist,PREMIUM,SKIP,idle,23716.95,24.46,1.0,0.0,0.0,1.039,0.033,0.852,1,9,45,0,0,65,0,65,75,high_vol_range,0.0,0,,,
2026-03-09T09:50:00+05:30,portfolio_hist,PREMIUM,SKIP,idle,23761.4,24.19,1.0,0.0,0.0,1.039,0.154,0.368,1,9,50,0,0,64,0,64,75,high_vol_range,0.0,0,,,
2026-03-09T09:55:00+05:30,portfolio_hist,PREMIUM,SKIP,idle,23776.7,24.32,1.0,0.0,0.0,1.038,0.219,0.368,1,9,55,0,0,64,0,64,75,high_vol_range,0.0,0,,,
2026-03-09T10:00:00+05:30,portfolio_hist,PREMIUM,SKIP,idle,23769.0,24.29,1.0,0.0,0.0,1.039,0.187,0.322,1,10,0,0,0,64,0,64,65,high_vol_range,0.0,0,,,
2026-03-09T10:00:00+05:30,portfolio_hist,TREND,ENTER,debit_spread,23769.0,24.29,1.0,0.0,0.0,1.039,0.187,0.322,1,10,0,0,0,75,0,75,60,high_vol_range,32.74,75,,,
2026-03-09T10:02:00+05:30,portfolio_hist,PREMIUM,ENTER,iron_condor,23759.5,24.3,1.0,0.0,0.0,1.039,0.146,0.322,1,10,2,0,0,77,0,77,65,high_vol_range,39.13,75,,,
2026-03-09T10:51:00+05:30,portfolio_hist,TREND,EXIT,debit_spread,23845.9,23.83,1.0,0.0,0.0,1.038,0.511,0.14,1,10,51,0,0,0,0,0,0,high_vol_range,0.0,0,Trend stop: lost 33.6%,-825.0,51
2026-03-09T11:38:00+05:30,portfolio_hist,PREMIUM,EXIT,iron_condor,23894.6,23.49,1.0,0.0,0.0,1.038,0.716,0.398,1,11,38,0,0,0,0,0,0,high_vol_range,0.0,0,Trail stop: bounced 20.1% after 33% decay,384.0,96
2026-03-09T09:35:00+05:30,portfolio_hist,PREMIUM,SKIP,idle,23758.7,24.02,1.0,0.0,0.0,1.039,0.143,3.101,1,9,35,0,0,65,0,65,75,trending,0.0,0,,,
2026-03-09T09:40:00+05:30,portfolio_hist,PREMIUM,SKIP,idle,23767.35,24.15,1.0,0.0,0.0,1.039,0.18,3.101,1,9,40,0,0,52,0,52,75,trending,0.0,0,,,
2026-03-09T09:45:00+05:30,portfolio_hist,PREMIUM,SKIP,idle,23716.95,24.46,1.0,0.0,0.0,1.039,0.033,0.852,1,9,45,0,0,65,0,65,75,high_vol_range,0.0,0,,,
2026-03-09T09:50:00+05:30,portfolio_hist,PREMIUM,SKIP,idle,23761.4,24.19,1.0,0.0,0.0,1.039,0.154,0.368,1,9,50,0,0,64,0,64,75,high_vol_range,0.0,0,,,
2026-03-09T09:55:00+05:30,portfolio_hist,PREMIUM,SKIP,idle,23776.7,24.32,1.0,0.0,0.0,1.038,0.219,0.368,1,9,55,0,0,64,0,64,75,high_vol_range,0.0,0,,,
2026-03-09T10:00:00+05:30,portfolio_hist,PREMIUM,SKIP,idle,23769.0,24.29,1.0,0.0,0.0,1.039,0.187,0.322,1,10,0,0,0,64,0,64,65,high_vol_range,0.0,0,,,
2026-03-09T10:00:00+05:30,portfolio_hist,TREND,ENTER,debit_spread,23769.0,24.29,1.0,0.0,0.0,1.039,0.187,0.322,1,10,0,0,0,75,0,75,60,high_vol_range,32.74,75,,,
2026-03-09T10:02:00+05:30,portfolio_hist,PREMIUM,ENTER,iron_condor,23759.5,24.3,1.0,0.0,0.0,1.039,0.146,0.322,1,10,2,0,0,77,0,77,65,high_vol_range,39.13,75,,,
2026-03-09T10:51:00+05:30,portfolio_hist,TREND,EXIT,debit_spread,23845.9,23.83,1.0,0.0,0.0,1.038,0.511,0.14,1,10,51,0,0,0,0,0,0,high_vol_range,0.0,0,Trend stop: lost 33.6%,-825.0,51
2026-03-09T11:38:00+05:30,portfolio_hist,PREMIUM,EXIT,iron_condor,23894.6,23.49,1.0,0.0,0.0,1.038,0.716,0.398,1,11,38,0,0,0,0,0,0,high_vol_range,0.0,0,Trail stop: bounced 20.1% after 33% decay,384.0,96
2026-03-09T09:35:00+05:30,portfolio_hist,PREMIUM,SKIP,idle,23758.7,24.02,1.0,0.0,0.0,1.039,0.143,3.101,1,9,35,0,0,65,0,65,75,trending,0.0,0,,,
2026-03-09T09:40:00+05:30,portfolio_hist,PREMIUM,SKIP,idle,23767.35,24.15,1.0,0.0,0.0,1.039,0.18,3.101,1,9,40,0,0,52,0,52,75,trending,0.0,0,,,
2026-03-09T09:45:00+05:30,portfolio_hist,PREMIUM,SKIP,idle,23716.95,24.46,1.0,0.0,0.0,1.039,0.033,0.852,1,9,45,0,0,65,0,65,75,high_vol_range,0.0,0,,,
2026-03-09T09:50:00+05:30,portfolio_hist,PREMIUM,SKIP,idle,23761.4,24.19,1.0,0.0,0.0,1.039,0.154,0.368,1,9,50,0,0,64,0,64,75,high_vol_range,0.0,0,,,
2026-03-09T09:55:00+05:30,portfolio_hist,PREMIUM,SKIP,idle,23776.7,24.32,1.0,0.0,0.0,1.038,0.219,0.368,1,9,55,0,0,64,0,64,75,high_vol_range,0.0,0,,,
2026-03-09T10:00:00+05:30,portfolio_hist,PREMIUM,SKIP,idle,23769.0,24.29,1.0,0.0,0.0,1.039,0.187,0.322,1,10,0,0,0,64,0,64,65,high_vol_range,0.0,0,,,
2026-03-09T10:00:00+05:30,portfolio_hist,TREND,ENTER,debit_spread,23769.0,24.29,1.0,0.0,0.0,1.039,0.187,0.322,1,10,0,0,0,75,0,75,60,high_vol_range,32.74,75,,,
2026-03-09T10:02:00+05:30,portfolio_hist,PREMIUM,ENTER,iron_condor,23759.5,24.3,1.0,0.0,0.0,1.039,0.146,0.322,1,10,2,0,0,77,0,77,65,high_vol_range,39.13,75,,,
2026-03-09T10:51:00+05:30,portfolio_hist,TREND,EXIT,debit_spread,23845.9,23.83,1.0,0.0,0.0,1.038,0.511,0.14,1,10,51,0,0,0,0,0,0,high_vol_range,0.0,0,Trend stop: lost 33.6%,-825.0,51
2026-03-09T11:38:00+05:30,portfolio_hist,PREMIUM,EXIT,iron_condor,23894.6,23.49,1.0,0.0,0.0,1.038,0.716,0.398,1,11,38,0,0,0,0,0,0,high_vol_range,0.0,0,Trail stop: bounced 20.1% after 33% decay,384.0,96
2026-03-09T09:35:00+05:30,portfolio_hist,PREMIUM,SKIP,idle,23758.7,24.02,1.0,0.0,0.0,1.039,0.143,3.101,1,9,35,0,0,65,0,65,75,trending,0.0,0,,,
2026-03-09T09:40:00+05:30,portfolio_hist,PREMIUM,SKIP,idle,23767.35,24.15,1.0,0.0,0.0,1.039,0.18,3.101,1,9,40,0,0,52,0,52,75,trending,0.0,0,,,
2026-03-09T09:45:00+05:30,portfolio_hist,PREMIUM,SKIP,idle,23716.95,24.46,1.0,0.0,0.0,1.039,0.033,0.852,1,9,45,0,0,65,0,65,75,high_vol_range,0.0,0,,,
2026-03-09T09:50:00+05:30,portfolio_hist,PREMIUM,SKIP,idle,23761.4,24.19,1.0,0.0,0.0,1.039,0.154,0.368,1,9,50,0,0,64,0,64,75,high_vol_range,0.0,0,,,
2026-03-09T09:55:00+05:30,portfolio_hist,PREMIUM,SKIP,idle,23776.7,24.32,1.0,0.0,0.0,1.038,0.219,0.368,1,9,55,0,0,64,0,64,75,high_vol_range,0.0,0,,,
2026-03-09T10:00:00+05:30,portfolio_hist,PREMIUM,SKIP,idle,23769.0,24.29,1.0,0.0,0.0,1.039,0.187,0.322,1,10,0,0,0,64,0,64,65,high_vol_range,0.0,0,,,
2026-03-09T10:00:00+05:30,portfolio_hist,TREND,ENTER,debit_spread,23769.0,24.29,1.0,0.0,0.0,1.039,0.187,0.322,1,10,0,0,0,75,0,75,60,high_vol_range,32.74,75,,,
2026-03-09T10:02:00+05:30,portfolio_hist,PREMIUM,ENTER,iron_condor,23759.5,24.3,1.0,0.0,0.0,1.039,0.146,0.322,1,10,2,0,0,77,0,77,65,high_vol_range,39.13,75,,,
2026-03-09T10:51:00+05:30,portfolio_hist,TREND,EXIT,debit_spread,23845.9,23.83,1.0,0.0,0.0,1.038,0.511,0.14,1,10,51,0,0,0,0,0,0,high_vol_range,0.0,0,Trend stop: lost 33.6%,-825.0,51
2026-03-09T11:38:00+05:30,portfolio_hist,PREMIUM,EXIT,iron_condor,23894.6,23.49,1.0,0.0,0.0,1.038,0.716,0.398,1,11,38,0,0,0,0,0,0,high_vol_range,0.0,0,Trail stop: bounced 20.1% after 33% decay,384.0,96
2026-03-09T09:35:00+05:30,portfolio_hist,PREMIUM,SKIP,idle,23758.7,24.02,1.0,0.0,0.0,1.039,0.143,3.101,1,9,35,0,0,65,0,65,75,trending,0.0,0,,,
2026-03-09T09:40:00+05:30,portfolio_hist,PREMIUM,SKIP,idle,23767.35,24.15,1.0,0.0,0.0,1.039,0.18,3.101,1,9,40,0,0,52,0,52,75,trending,0.0,0,,,
2026-03-09T09:45:00+05:30,portfolio_hist,PREMIUM,SKIP,idle,23716.95,24.46,1.0,0.0,0.0,1.039,0.033,0.852,1,9,45,0,0,65,0,65,75,high_vol_range,0.0,0,,,
2026-03-09T09:50:00+05:30,portfolio_hist,PREMIUM,SKIP,idle,23761.4,24.19,1.0,0.0,0.0,1.039,0.154,0.368,1,9,50,0,0,64,0,64,75,high_vol_range,0.0,0,,,
2026-03-09T09:55:00+05:30,portfolio_hist,PREMIUM,SKIP,idle,23776.7,24.32,1.0,0.0,0.0,1.038,0.219,0.368,1,9,55,0,0,64,0,64,75,high_vol_range,0.0,0,,,
2026-03-09T10:00:00+05:30,portfolio_hist,PREMIUM,SKIP,idle,23769.0,24.29,1.0,0.0,0.0,1.039,0.187,0.322,1,10,0,0,0,64,0,64,65,high_vol_range,0.0,0,,,
2026-03-09T10:00:00+05:30,portfolio_hist,TREND,ENTER,debit_spread,23769.0,24.29,1.0,0.0,0.0,1.039,0.187,0.322,1,10,0,0,0,75,0,75,60,high_vol_range,32.74,75,,,
2026-03-09T10:02:00+05:30,portfolio_hist,PREMIUM,ENTER,iron_condor,23759.5,24.3,1.0,0.0,0.0,1.039,0.146,0.322,1,10,2,0,0,77,0,77,65,high_vol_range,39.13,75,,,
2026-03-09T10:51:00+05:30,portfolio_hist,TREND,EXIT,debit_spread,23845.9,23.83,1.0,0.0,0.0,1.038,0.511,0.14,1,10,51,0,0,0,0,0,0,high_vol_range,0.0,0,Trend stop: lost 33.6%,-825.0,51
2026-03-09T11:38:00+05:30,portfolio_hist,PREMIUM,EXIT,iron_condor,23894.6,23.49,1.0,0.0,0.0,1.038,0.716,0.398,1,11,38,0,0,0,0,0,0,high_vol_range,0.0,0,Trail stop: bounced 20.1% after 33% decay,384.0,96
2026-03-09T09:35:00+05:30,portfolio_hist,PREMIUM,SKIP,idle,23758.7,24.02,1.0,0.0,0.0,1.039,0.143,3.101,1,9,35,0,0,65,0,65,75,trending,0.0,0,,,
2026-03-09T09:40:00+05:30,portfolio_hist,PREMIUM,SKIP,idle,23767.35,24.15,1.0,0.0,0.0,1.039,0.18,3.101,1,9,40,0,0,52,0,52,75,trending,0.0,0,,,
2026-03-09T09:45:00+05:30,portfolio_hist,PREMIUM,SKIP,idle,23716.95,24.46,1.0,0.0,0.0,1.039,0.033,0.852,1,9,45,0,0,65,0,65,75,high_vol_range,0.0,0,,,
2026-03-09T09:50:00+05:30,portfolio_hist,PREMIUM,SKIP,idle,23761.4,24.19,1.0,0.0,0.0,1.039,0.154,0.368,1,9,50,0,0,64,0,64,75,high_vol_range,0.0,0,,,
2026-03-09T09:55:00+05:30,portfolio_hist,PREMIUM,SKIP,idle,23776.7,24.32,1.0,0.0,0.0,1.038,0.219,0.368,1,9,55,0,0,64,0,64,75,high_vol_range,0.0,0,,,
2026-03-09T10:00:00+05:30,portfolio_hist,PREMIUM,SKIP,idle,23769.0,24.29,1.0,0.0,0.0,1.039,0.187,0.322,1,10,0,0,0,64,0,64,65,high_vol_range,0.0,0,,,
2026-03-09T10:00:00+05:30,portfolio_hist,TREND,ENTER,debit_spread,23769.0,24.29,1.0,0.0,0.0,1.039,0.187,0.322,1,10,0,0,0,75,0,75,60,high_vol_range,32.74,75,,,
2026-03-09T10:01:00+05:30,portfolio_hist,TREND,EXIT,debit_spread,23774.3,24.25,1.0,0.0,0.0,1.039,0.209,0.322,1,10,1,0,0,0,0,0,0,high_vol_range,0.0,0,Trend profit: spread at 32.0% of max,-54.0,1
2026-03-09T10:02:00+05:30,portfolio_hist,PREMIUM,ENTER,iron_condor,23759.5,24.3,1.0,0.0,0.0,1.039,0.146,0.322,1,10,2,0,0,77,0,77,65,high_vol_range,39.13,75,,,
2026-03-09T11:38:00+05:30,portfolio_hist,PREMIUM,EXIT,iron_condor,23894.6,23.49,1.0,0.0,0.0,1.038,0.716,0.398,1,11,38,0,0,0,0,0,0,high_vol_range,0.0,0,Trail stop: bounced 20.1% after 33% decay,384.0,96
2026-03-09T09:35:00+05:30,portfolio_hist,PREMIUM,SKIP,idle,23758.7,24.02,1.0,0.0,0.0,1.039,0.143,3.101,1,9,35,0,0,65,0,65,75,trending,0.0,0,,,
2026-03-09T09:40:00+05:30,portfolio_hist,PREMIUM,SKIP,idle,23767.35,24.15,1.0,0.0,0.0,1.039,0.18,3.101,1,9,40,0,0,52,0,52,75,trending,0.0,0,,,
2026-03-09T09:45:00+05:30,portfolio_hist,PREMIUM,SKIP,idle,23716.95,24.46,1.0,0.0,0.0,1.039,0.033,0.852,1,9,45,0,0,65,0,65,75,high_vol_range,0.0,0,,,
2026-03-09T09:50:00+05:30,portfolio_hist,PREMIUM,SKIP,idle,23761.4,24.19,1.0,0.0,0.0,1.039,0.154,0.368,1,9,50,0,0,64,0,64,75,high_vol_range,0.0,0,,,
2026-03-09T09:55:00+05:30,portfolio_hist,PREMIUM,SKIP,idle,23776.7,24.32,1.0,0.0,0.0,1.038,0.219,0.368,1,9,55,0,0,64,0,64,75,high_vol_range,0.0,0,,,
2026-03-09T10:00:00+05:30,portfolio_hist,PREMIUM,SKIP,idle,23769.0,24.29,1.0,0.0,0.0,1.039,0.187,0.322,1,10,0,0,0,64,0,64,65,high_vol_range,0.0,0,,,
2026-03-09T10:00:00+05:30,portfolio_hist,TREND,ENTER,debit_spread,23769.0,24.29,1.0,0.0,0.0,1.039,0.187,0.322,1,10,0,0,0,75,0,75,60,high_vol_range,32.74,75,,,
2026-03-09T10:02:00+05:30,portfolio_hist,PREMIUM,ENTER,iron_condor,23759.5,24.3,1.0,0.0,0.0,1.039,0.146,0.322,1,10,2,0,0,77,0,77,65,high_vol_range,39.13,75,,,
2026-03-09T10:09:00+05:30,portfolio_hist,TREND,EXIT,debit_spread,23808.7,24.17,1.0,0.0,0.0,1.039,0.354,0.276,1,10,9,0,0,0,0,0,0,high_vol_range,0.0,0,Trend stop: lost 15.8%,-387.75,9
2026-03-09T11:38:00+05:30,portfolio_hist,PREMIUM,EXIT,iron_condor,23894.6,23.49,1.0,0.0,0.0,1.038,0.716,0.398,1,11,38,0,0,0,0,0,0,high_vol_range,0.0,0,Trail stop: bounced 20.1% after 33% decay,384.0,96
2026-03-09T09:35:00+05:30,portfolio_hist,PREMIUM,SKIP,idle,23758.7,24.02,1.0,0.0,0.0,1.039,0.143,3.101,1,9,35,0,0,65,0,65,75,trending,0.0,0,,,
2026-03-09T09:40:00+05:30,portfolio_hist,PREMIUM,SKIP,idle,23767.35,24.15,1.0,0.0,0.0,1.039,0.18,3.101,1,9,40,0,0,52,0,52,75,trending,0.0,0,,,
2026-03-09T09:45:00+05:30,portfolio_hist,PREMIUM,SKIP,idle,23716.95,24.46,1.0,0.0,0.0,1.039,0.033,0.852,1,9,45,0,0,65,0,65,75,high_vol_range,0.0,0,,,
2026-03-09T09:50:00+05:30,portfolio_hist,PREMIUM,SKIP,idle,23761.4,24.19,1.0,0.0,0.0,1.039,0.154,0.368,1,9,50,0,0,64,0,64,75,high_vol_range,0.0,0,,,
2026-03-09T09:55:00+05:30,portfolio_hist,PREMIUM,SKIP,idle,23776.7,24.32,1.0,0.0,0.0,1.038,0.219,0.368,1,9,55,0,0,64,0,64,75,high_vol_range,0.0,0,,,
2026-03-09T10:00:00+05:30,portfolio_hist,PREMIUM,SKIP,idle,23769.0,24.29,1.0,0.0,0.0,1.039,0.187,0.322,1,10,0,0,0,64,0,64,65,high_vol_range,0.0,0,,,
2026-03-09T10:00:00+05:30,portfolio_hist,TREND,ENTER,debit_spread,23769.0,24.29,1.0,0.0,0.0,1.039,0.187,0.322,1,10,0,0,0,75,0,75,60,high_vol_range,32.74,75,,,
2026-03-09T10:02:00+05:30,portfolio_hist,PREMIUM,ENTER,iron_condor,23759.5,24.3,1.0,0.0,0.0,1.039,0.146,0.322,1,10,2,0,0,77,0,77,65,high_vol_range,39.13,75,,,
2026-03-09T10:09:00+05:30,portfolio_hist,TREND,EXIT,debit_spread,23808.7,24.17,1.0,0.0,0.0,1.039,0.354,0.276,1,10,9,0,0,0,0,0,0,high_vol_range,0.0,0,Trend stop: lost 15.8%,-387.75,9
2026-03-09T11:38:00+05:30,portfolio_hist,PREMIUM,EXIT,iron_condor,23894.6,23.49,1.0,0.0,0.0,1.038,0.716,0.398,1,11,38,0,0,0,0,0,0,high_vol_range,0.0,0,Trail stop: bounced 20.1% after 33% decay,384.0,96
2026-03-09T09:35:00+05:30,portfolio_hist,PREMIUM,SKIP,idle,23758.7,24.02,1.0,0.0,0.0,1.039,0.143,3.101,1,9,35,0,0,65,0,65,75,trending,0.0,0,,,
2026-03-09T09:40:00+05:30,portfolio_hist,PREMIUM,SKIP,idle,23767.35,24.15,1.0,0.0,0.0,1.039,0.18,3.101,1,9,40,0,0,52,0,52,75,trending,0.0,0,,,
2026-03-09T09:45:00+05:30,portfolio_hist,PREMIUM,SKIP,idle,23716.95,24.46,1.0,0.0,0.0,1.039,0.033,0.852,1,9,45,0,0,65,0,65,75,high_vol_range,0.0,0,,,
2026-03-09T09:50:00+05:30,portfolio_hist,PREMIUM,SKIP,idle,23761.4,24.19,1.0,0.0,0.0,1.039,0.154,0.368,1,9,50,0,0,64,0,64,75,high_vol_range,0.0,0,,,
2026-03-09T09:55:00+05:30,portfolio_hist,PREMIUM,SKIP,idle,23776.7,24.32,1.0,0.0,0.0,1.038,0.219,0.368,1,9,55,0,0,64,0,64,75,high_vol_range,0.0,0,,,
2026-03-09T10:00:00+05:30,portfolio_hist,PREMIUM,SKIP,idle,23769.0,24.29,1.0,0.0,0.0,1.039,0.187,0.322,1,10,0,0,0,64,0,64,65,high_vol_range,0.0,0,,,
2026-03-09T10:00:00+05:30,portfolio_hist,TREND,ENTER,debit_spread,23769.0,24.29,1.0,0.0,0.0,1.039,0.187,0.322,1,10,0,0,0,75,0,75,60,high_vol_range,32.74,75,,,
2026-03-09T10:02:00+05:30,portfolio_hist,PREMIUM,ENTER,iron_condor,23759.5,24.3,1.0,0.0,0.0,1.039,0.146,0.322,1,10,2,0,0,77,0,77,65,high_vol_range,39.13,75,,,
2026-03-09T10:09:00+05:30,portfolio_hist,TREND,EXIT,debit_spread,23808.7,24.17,1.0,0.0,0.0,1.039,0.354,0.276,1,10,9,0,0,0,0,0,0,high_vol_range,0.0,0,Trend stop: lost 15.8%,-387.75,9
2026-03-09T11:38:00+05:30,portfolio_hist,PREMIUM,EXIT,iron_condor,23894.6,23.49,1.0,0.0,0.0,1.038,0.716,0.398,1,11,38,0,0,0,0,0,0,high_vol_range,0.0,0,Trail stop: bounced 20.1% after 33% decay,384.0,96
2026-03-09T09:35:00+05:30,portfolio_hist,PREMIUM,SKIP,idle,23758.7,24.02,1.0,0.0,0.0,1.039,0.143,3.101,1,9,35,0,0,65,0,65,75,trending,0.0,0,,,
2026-03-09T09:40:00+05:30,portfolio_hist,PREMIUM,SKIP,idle,23767.35,24.15,1.0,0.0,0.0,1.039,0.18,3.101,1,9,40,0,0,52,0,52,75,trending,0.0,0,,,
2026-03-09T09:45:00+05:30,portfolio_hist,PREMIUM,SKIP,idle,23716.95,24.46,1.0,0.0,0.0,1.039,0.033,0.852,1,9,45,0,0,65,0,65,75,high_vol_range,0.0,0,,,
2026-03-09T09:50:00+05:30,portfolio_hist,PREMIUM,SKIP,idle,23761.4,24.19,1.0,0.0,0.0,1.039,0.154,0.368,1,9,50,0,0,64,0,64,75,high_vol_range,0.0,0,,,
2026-03-09T09:55:00+05:30,portfolio_hist,PREMIUM,SKIP,idle,23776.7,24.32,1.0,0.0,0.0,1.038,0.219,0.368,1,9,55,0,0,64,0,64,75,high_vol_range,0.0,0,,,
2026-03-09T10:00:00+05:30,portfolio_hist,PREMIUM,SKIP,idle,23769.0,24.29,1.0,0.0,0.0,1.039,0.187,0.322,1,10,0,0,0,64,0,64,65,high_vol_range,0.0,0,,,
2026-03-09T10:00:00+05:30,portfolio_hist,TREND,ENTER,debit_spread,23769.0,24.29,1.0,0.0,0.0,1.039,0.187,0.322,1,10,0,0,0,75,0,75,60,high_vol_range,32.74,75,,,
2026-03-09T10:02:00+05:30,portfolio_hist,PREMIUM,ENTER,iron_condor,23759.5,24.3,1.0,0.0,0.0,1.039,0.146,0.322,1,10,2,0,0,77,0,77,65,high_vol_range,39.13,75,,,
2026-03-09T10:09:00+05:30,portfolio_hist,TREND,EXIT,debit_spread,23808.7,24.17,1.0,0.0,0.0,1.039,0.354,0.276,1,10,9,0,0,0,0,0,0,high_vol_range,0.0,0,Trend stop: lost 15.8%,-387.75,9
2026-03-09T11:38:00+05:30,portfolio_hist,PREMIUM,EXIT,iron_condor,23894.6,23.49,1.0,0.0,0.0,1.038,0.716,0.398,1,11,38,0,0,0,0,0,0,high_vol_range,0.0,0,Trail stop: bounced 20.1% after 33% decay,384.0,96
2026-03-09T09:35:00+05:30,portfolio_hist,PREMIUM,SKIP,idle,23758.7,24.02,1.0,0.0,0.0,1.039,0.143,3.101,1,9,35,0,0,65,0,65,75,trending,0.0,0,,,
2026-03-09T09:40:00+05:30,portfolio_hist,PREMIUM,SKIP,idle,23767.35,24.15,1.0,0.0,0.0,1.039,0.18,3.101,1,9,40,0,0,52,0,52,75,trending,0.0,0,,,
2026-03-09T09:45:00+05:30,portfolio_hist,PREMIUM,SKIP,idle,23716.95,24.46,1.0,0.0,0.0,1.039,0.033,0.852,1,9,45,0,0,65,0,65,75,high_vol_range,0.0,0,,,
2026-03-09T09:50:00+05:30,portfolio_hist,PREMIUM,SKIP,idle,23761.4,24.19,1.0,0.0,0.0,1.039,0.154,0.368,1,9,50,0,0,64,0,64,75,high_vol_range,0.0,0,,,
2026-03-09T09:55:00+05:30,portfolio_hist,PREMIUM,SKIP,idle,23776.7,24.32,1.0,0.0,0.0,1.038,0.219,0.368,1,9,55,0,0,64,0,64,75,high_vol_range,0.0,0,,,
2026-03-09T10:00:00+05:30,portfolio_hist,PREMIUM,SKIP,idle,23769.0,24.29,1.0,0.0,0.0,1.039,0.187,0.322,1,10,0,0,0,64,0,64,65,high_vol_range,0.0,0,,,
2026-03-09T10:00:00+05:30,portfolio_hist,TREND,ENTER,debit_spread,23769.0,24.29,1.0,0.0,0.0,1.039,0.187,0.322,1,10,0,0,0,75,0,75,60,high_vol_range,32.74,75,,,
2026-03-09T10:01:00+05:30,portfolio_hist,TREND,EXIT,debit_spread,23774.3,24.25,1.0,0.0,0.0,1.039,0.209,0.322,1,10,1,0,0,0,0,0,0,high_vol_range,0.0,0,Trend profit: spread at 32.0% of max,-54.0,1
2026-03-09T10:02:00+05:30,portfolio_hist,PREMIUM,ENTER,iron_condor,23759.5,24.3,1.0,0.0,0.0,1.039,0.146,0.322,1,10,2,0,0,77,0,77,65,high_vol_range,39.13,75,,,
2026-03-09T11:38:00+05:30,portfolio_hist,PREMIUM,EXIT,iron_condor,23894.6,23.49,1.0,0.0,0.0,1.038,0.716,0.398,1,11,38,0,0,0,0,0,0,high_vol_range,0.0,0,Trail stop: bounced 20.1% after 33% decay,384.0,96
2026-03-09T09:35:00+05:30,portfolio_hist,PREMIUM,SKIP,idle,23758.7,24.02,1.0,0.0,0.0,1.039,0.143,3.101,1,9,35,0,0,65,0,65,75,trending,0.0,0,,,
2026-03-09T09:40:00+05:30,portfolio_hist,PREMIUM,SKIP,idle,23767.35,24.15,1.0,0.0,0.0,1.039,0.18,3.101,1,9,40,0,0,52,0,52,75,trending,0.0,0,,,
2026-03-09T09:45:00+05:30,portfolio_hist,PREMIUM,SKIP,idle,23716.95,24.46,1.0,0.0,0.0,1.039,0.033,0.852,1,9,45,0,0,65,0,65,75,high_vol_range,0.0,0,,,
2026-03-09T09:50:00+05:30,portfolio_hist,PREMIUM,SKIP,idle,23761.4,24.19,1.0,0.0,0.0,1.039,0.154,0.368,1,9,50,0,0,64,0,64,75,high_vol_range,0.0,0,,,
2026-03-09T09:55:00+05:30,portfolio_hist,PREMIUM,SKIP,idle,23776.7,24.32,1.0,0.0,0.0,1.038,0.219,0.368,1,9,55,0,0,64,0,64,75,high_vol_range,0.0,0,,,
2026-03-09T10:00:00+05:30,portfolio_hist,PREMIUM,SKIP,idle,23769.0,24.29,1.0,0.0,0.0,1.039,0.187,0.322,1,10,0,0,0,64,0,64,65,high_vol_range,0.0,0,,,
2026-03-09T10:00:00+05:30,portfolio_hist,TREND,ENTER,debit_spread,23769.0,24.29,1.0,0.0,0.0,1.039,0.187,0.322,1,10,0,0,0,75,0,75,60,high_vol_range,32.74,75,,,
2026-03-09T10:02:00+05:30,portfolio_hist,PREMIUM,ENTER,iron_condor,23759.5,24.3,1.0,0.0,0.0,1.039,0.146,0.322,1,10,2,0,0,77,0,77,65,high_vol_range,39.13,75,,,
2026-03-09T10:10:00+05:30,portfolio_hist,TREND,EXIT,debit_spread,23824.05,24.1,1.0,0.0,0.0,1.039,0.419,0.386,1,10,10,0,0,0,0,0,0,high_vol_range,0.0,0,Trend stop: lost 21.3%,-522.75,10
2026-03-09T11:38:00+05:30,portfolio_hist,PREMIUM,EXIT,iron_condor,23894.6,23.49,1.0,0.0,0.0,1.038,0.716,0.398,1,11,38,0,0,0,0,0,0,high_vol_range,0.0,0,Trail stop: bounced 20.1% after 33% decay,384.0,96
2026-03-09T09:35:00+05:30,portfolio_hist,PREMIUM,SKIP,idle,23758.7,24.02,1.0,0.0,0.0,1.039,0.143,3.101,1,9,35,0,0,65,0,65,75,trending,0.0,0,,,
2026-03-09T09:40:00+05:30,portfolio_hist,PREMIUM,SKIP,idle,23767.35,24.15,1.0,0.0,0.0,1.039,0.18,3.101,1,9,40,0,0,52,0,52,75,trending,0.0,0,,,
2026-03-09T09:45:00+05:30,portfolio_hist,PREMIUM,SKIP,idle,23716.95,24.46,1.0,0.0,0.0,1.039,0.033,0.852,1,9,45,0,0,65,0,65,75,high_vol_range,0.0,0,,,
2026-03-09T09:50:00+05:30,portfolio_hist,PREMIUM,SKIP,idle,23761.4,24.19,1.0,0.0,0.0,1.039,0.154,0.368,1,9,50,0,0,64,0,64,75,high_vol_range,0.0,0,,,
2026-03-09T09:55:00+05:30,portfolio_hist,PREMIUM,SKIP,idle,23776.7,24.32,1.0,0.0,0.0,1.038,0.219,0.368,1,9,55,0,0,64,0,64,75,high_vol_range,0.0,0,,,
2026-03-09T10:00:00+05:30,portfolio_hist,PREMIUM,SKIP,idle,23769.0,24.29,1.0,0.0,0.0,1.039,0.187,0.322,1,10,0,0,0,64,0,64,65,high_vol_range,0.0,0,,,
2026-03-09T10:00:00+05:30,portfolio_hist,TREND,ENTER,debit_spread,23769.0,24.29,1.0,0.0,0.0,1.039,0.187,0.322,1,10,0,0,0,75,0,75,60,high_vol_range,32.74,75,,,
2026-03-09T10:02:00+05:30,portfolio_hist,PREMIUM,ENTER,iron_condor,23759.5,24.3,1.0,0.0,0.0,1.039,0.146,0.322,1,10,2,0,0,77,0,77,65,high_vol_range,39.13,75,,,
2026-03-09T10:10:00+05:30,portfolio_hist,TREND,EXIT,debit_spread,23824.05,24.1,1.0,0.0,0.0,1.039,0.419,0.386,1,10,10,0,0,0,0,0,0,high_vol_range,0.0,0,Trend stop: lost 21.3%,-522.75,10
2026-03-09T11:38:00+05:30,portfolio_hist,PREMIUM,EXIT,iron_condor,23894.6,23.49,1.0,0.0,0.0,1.038,0.716,0.398,1,11,38,0,0,0,0,0,0,high_vol_range,0.0,0,Trail stop: bounced 20.1% after 33% decay,384.0,96
2026-03-09T09:35:00+05:30,portfolio_hist,PREMIUM,SKIP,idle,23758.7,24.02,1.0,0.0,0.0,1.039,0.143,3.101,1,9,35,0,0,65,0,65,75,trending,0.0,0,,,
2026-03-09T09:40:00+05:30,portfolio_hist,PREMIUM,SKIP,idle,23767.35,24.15,1.0,0.0,0.0,1.039,0.18,3.101,1,9,40,0,0,52,0,52,75,trending,0.0,0,,,
2026-03-09T09:45:00+05:30,portfolio_hist,PREMIUM,SKIP,idle,23716.95,24.46,1.0,0.0,0.0,1.039,0.033,0.852,1,9,45,0,0,65,0,65,75,high_vol_range,0.0,0,,,
2026-03-09T09:50:00+05:30,portfolio_hist,PREMIUM,SKIP,idle,23761.4,24.19,1.0,0.0,0.0,1.039,0.154,0.368,1,9,50,0,0,64,0,64,75,high_vol_range,0.0,0,,,
2026-03-09T09:55:00+05:30,portfolio_hist,PREMIUM,SKIP,idle,23776.7,24.32,1.0,0.0,0.0,1.038,0.219,0.368,1,9,55,0,0,64,0,64,75,high_vol_range,0.0,0,,,
2026-03-09T10:00:00+05:30,portfolio_hist,PREMIUM,SKIP,idle,23769.0,24.29,1.0,0.0,0.0,1.039,0.187,0.322,1,10,0,0,0,64,0,64,65,high_vol_range,0.0,0,,,
2026-03-09T10:00:00+05:30,portfolio_hist,TREND,ENTER,debit_spread,23769.0,24.29,1.0,0.0,0.0,1.039,0.187,0.322,1,10,0,0,0,75,0,75,60,high_vol_range,32.74,75,,,
2026-03-09T10:02:00+05:30,portfolio_hist,PREMIUM,ENTER,iron_condor,23759.5,24.3,1.0,0.0,0.0,1.039,0.146,0.322,1,10,2,0,0,77,0,77,65,high_vol_range,39.13,75,,,
2026-03-09T10:10:00+05:30,portfolio_hist,TREND,EXIT,debit_spread,23824.05,24.1,1.0,0.0,0.0,1.039,0.419,0.386,1,10,10,0,0,0,0,0,0,high_vol_range,0.0,0,Trend stop: lost 21.3%,-522.75,10
2026-03-09T11:38:00+05:30,portfolio_hist,PREMIUM,EXIT,iron_condor,23894.6,23.49,1.0,0.0,0.0,1.038,0.716,0.398,1,11,38,0,0,0,0,0,0,high_vol_range,0.0,0,Trail stop: bounced 20.1% after 33% decay,384.0,96
2026-03-09T09:35:00+05:30,portfolio_hist,PREMIUM,SKIP,idle,23758.7,24.02,1.0,0.0,0.0,1.039,0.143,3.101,1,9,35,0,0,65,0,65,75,trending,0.0,0,,,
2026-03-09T09:40:00+05:30,portfolio_hist,PREMIUM,SKIP,idle,23767.35,24.15,1.0,0.0,0.0,1.039,0.18,3.101,1,9,40,0,0,52,0,52,75,trending,0.0,0,,,
2026-03-09T09:45:00+05:30,portfolio_hist,PREMIUM,SKIP,idle,23716.95,24.46,1.0,0.0,0.0,1.039,0.033,0.852,1,9,45,0,0,65,0,65,75,high_vol_range,0.0,0,,,
2026-03-09T09:50:00+05:30,portfolio_hist,PREMIUM,SKIP,idle,23761.4,24.19,1.0,0.0,0.0,1.039,0.154,0.368,1,9,50,0,0,64,0,64,75,high_vol_range,0.0,0,,,
2026-03-09T09:55:00+05:30,portfolio_hist,PREMIUM,SKIP,idle,23776.7,24.32,1.0,0.0,0.0,1.038,0.219,0.368,1,9,55,0,0,64,0,64,75,high_vol_range,0.0,0,,,
2026-03-09T10:00:00+05:30,portfolio_hist,PREMIUM,SKIP,idle,23769.0,24.29,1.0,0.0,0.0,1.039,0.187,0.322,1,10,0,0,0,64,0,64,65,high_vol_range,0.0,0,,,
2026-03-09T10:00:00+05:30,portfolio_hist,TREND,ENTER,debit_spread,23769.0,24.29,1.0,0.0,0.0,1.039,0.187,0.322,1,10,0,0,0,75,0,75,60,high_vol_range,32.74,75,,,
2026-03-09T10:02:00+05:30,portfolio_hist,PREMIUM,ENTER,iron_condor,23759.5,24.3,1.0,0.0,0.0,1.039,0.146,0.322,1,10,2,0,0,77,0,77,65,high_vol_range,39.13,75,,,
2026-03-09T10:10:00+05:30,portfolio_hist,TREND,EXIT,debit_spread,23824.05,24.1,1.0,0.0,0.0,1.039,0.419,0.386,1,10,10,0,0,0,0,0,0,high_vol_range,0.0,0,Trend stop: lost 21.3%,-522.75,10
2026-03-09T11:38:00+05:30,portfolio_hist,PREMIUM,EXIT,iron_condor,23894.6,23.49,1.0,0.0,0.0,1.038,0.716,0.398,1,11,38,0,0,0,0,0,0,high_vol_range,0.0,0,Trail stop: bounced 20.1% after 33% decay,384.0,96
2026-03-09T09:35:00+05:30,portfolio_hist,PREMIUM,SKIP,idle,23758.7,24.02,1.0,0.0,0.0,1.039,0.143,3.101,1,9,35,0,0,65,0,65,75,trending,0.0,0,,,
2026-03-09T09:40:00+05:30,portfolio_hist,PREMIUM,SKIP,idle,23767.35,24.15,1.0,0.0,0.0,1.039,0.18,3.101,1,9,40,0,0,52,0,52,75,trending,0.0,0,,,
2026-03-09T09:45:00+05:30,portfolio_hist,PREMIUM,SKIP,idle,23716.95,24.46,1.0,0.0,0.0,1.039,0.033,0.852,1,9,45,0,0,65,0,65,75,high_vol_range,0.0,0,,,
2026-03-09T09:50:00+05:30,portfolio_hist,PREMIUM,SKIP,idle,23761.4,24.19,1.0,0.0,0.0,1.039,0.154,0.368,1,9,50,0,0,64,0,64,75,high_vol_range,0.0,0,,,
2026-03-09T09:55:00+05:30,portfolio_hist,PREMIUM,SKIP,idle,23776.7,24.32,1.0,0.0,0.0,1.038,0.219,0.368,1,9,55,0,0,64,0,64,75,high_vol_range,0.0,0,,,
2026-03-09T10:00:00+05:30,portfolio_hist,PREMIUM,SKIP,idle,23769.0,24.29,1.0,0.0,0.0,1.039,0.187,0.322,1,10,0,0,0,64,0,64,65,high_vol_range,0.0,0,,,
2026-03-09T10:00:00+05:30,portfolio_hist,TREND,ENTER,debit_spread,23769.0,24.29,1.0,0.0,0.0,1.039,0.187,0.322,1,10,0,0,0,75,0,75,60,high_vol_range,32.74,75,,,
2026-03-09T10:01:00+05:30,portfolio_hist,TREND,EXIT,debit_spread,23774.3,24.25,1.0,0.0,0.0,1.039,0.209,0.322,1,10,1,0,0,0,0,0,0,high_vol_range,0.0,0,Trend profit: spread at 32.0% of max,-54.0,1
2026-03-09T10:02:00+05:30,portfolio_hist,PREMIUM,ENTER,iron_condor,23759.5,24.3,1.0,0.0,0.0,1.039,0.146,0.322,1,10,2,0,0,77,0,77,65,high_vol_range,39.13,75,,,
2026-03-09T11:38:00+05:30,portfolio_hist,PREMIUM,EXIT,iron_condor,23894.6,23.49,1.0,0.0,0.0,1.038,0.716,0.398,1,11,38,0,0,0,0,0,0,high_vol_range,0.0,0,Trail stop: bounced 20.1% after 33% decay,384.0,96
2026-03-09T09:35:00+05:30,portfolio_hist,PREMIUM,SKIP,idle,23758.7,24.02,1.0,0.0,0.0,1.039,0.143,3.101,1,9,35,0,0,65,0,65,75,trending,0.0,0,,,
2026-03-09T09:40:00+05:30,portfolio_hist,PREMIUM,SKIP,idle,23767.35,24.15,1.0,0.0,0.0,1.039,0.18,3.101,1,9,40,0,0,52,0,52,75,trending,0.0,0,,,
2026-03-09T09:45:00+05:30,portfolio_hist,PREMIUM,SKIP,idle,23716.95,24.46,1.0,0.0,0.0,1.039,0.033,0.852,1,9,45,0,0,65,0,65,75,high_vol_range,0.0,0,,,
2026-03-09T09:50:00+05:30,portfolio_hist,PREMIUM,SKIP,idle,23761.4,24.19,1.0,0.0,0.0,1.039,0.154,0.368,1,9,50,0,0,64,0,64,75,high_vol_range,0.0,0,,,
2026-03-09T09:55:00+05:30,portfolio_hist,PREMIUM,SKIP,idle,23776.7,24.32,1.0,0.0,0.0,1.038,0.219,0.368,1,9,55,0,0,64,0,64,75,high_vol_range,0.0,0,,,
2026-03-09T10:00:00+05:30,portfolio_hist,PREMIUM,SKIP,idle,23769.0,24.29,1.0,0.0,0.0,1.039,0.187,0.322,1,10,0,0,0,64,0,64,65,high_vol_range,0.0,0,,,
2026-03-09T10:00:00+05:30,portfolio_hist,TREND,ENTER,debit_spread,23769.0,24.29,1.0,0.0,0.0,1.039,0.187,0.322,1,10,0,0,0,75,0,75,60,high_vol_range,32.74,75,,,
2026-03-09T10:02:00+05:30,portfolio_hist,PREMIUM,ENTER,iron_condor,23759.5,24.3,1.0,0.0,0.0,1.039,0.146,0.322,1,10,2,0,0,77,0,77,65,high_vol_range,39.13,75,,,
2026-03-09T10:51:00+05:30,portfolio_hist,TREND,EXIT,debit_spread,23845.9,23.83,1.0,0.0,0.0,1.038,0.511,0.14,1,10,51,0,0,0,0,0,0,high_vol_range,0.0,0,Trend stop: lost 33.6%,-825.0,51
2026-03-09T11:38:00+05:30,portfolio_hist,PREMIUM,EXIT,iron_condor,23894.6,23.49,1.0,0.0,0.0,1.038,0.716,0.398,1,11,38,0,0,0,0,0,0,high_vol_range,0.0,0,Trail stop: bounced 20.1% after 33% decay,384.0,96
2026-03-09T09:35:00+05:30,portfolio_hist,PREMIUM,SKIP,idle,23758.7,24.02,1.0,0.0,0.0,1.039,0.143,3.101,1,9,35,0,0,65,0,65,75,trending,0.0,0,,,
2026-03-09T09:40:00+05:30,portfolio_hist,PREMIUM,SKIP,idle,23767.35,24.15,1.0,0.0,0.0,1.039,0.18,3.101,1,9,40,0,0,52,0,52,75,trending,0.0,0,,,
2026-03-09T09:45:00+05:30,portfolio_hist,PREMIUM,SKIP,idle,23716.95,24.46,1.0,0.0,0.0,1.039,0.033,0.852,1,9,45,0,0,65,0,65,75,high_vol_range,0.0,0,,,
2026-03-09T09:50:00+05:30,portfolio_hist,PREMIUM,SKIP,idle,23761.4,24.19,1.0,0.0,0.0,1.039,0.154,0.368,1,9,50,0,0,64,0,64,75,high_vol_range,0.0,0,,,
2026-03-09T09:55:00+05:30,portfolio_hist,PREMIUM,SKIP,idle,23776.7,24.32,1.0,0.0,0.0,1.038,0.219,0.368,1,9,55,0,0,64,0,64,75,high_vol_range,0.0,0,,,
2026-03-09T10:00:00+05:30,portfolio_hist,PREMIUM,SKIP,idle,23769.0,24.29,1.0,0.0,0.0,1.039,0.187,0.322,1,10,0,0,0,64,0,64,65,high_vol_range,0.0,0,,,
2026-03-09T10:00:00+05:30,portfolio_hist,TREND,ENTER,debit_spread,23769.0,24.29,1.0,0.0,0.0,1.039,0.187,0.322,1,10,0,0,0,75,0,75,60,high_vol_range,32.74,75,,,
2026-03-09T10:02:00+05:30,portfolio_hist,PREMIUM,ENTER,iron_condor,23759.5,24.3,1.0,0.0,0.0,1.039,0.146,0.322,1,10,2,0,0,77,0,77,65,high_vol_range,39.13,75,,,
2026-03-09T10:51:00+05:30,portfolio_hist,TREND,EXIT,debit_spread,23845.9,23.83,1.0,0.0,0.0,1.038,0.511,0.14,1,10,51,0,0,0,0,0,0,high_vol_range,0.0,0,Trend stop: lost 33.6%,-825.0,51
2026-03-09T11:38:00+05:30,portfolio_hist,PREMIUM,EXIT,iron_condor,23894.6,23.49,1.0,0.0,0.0,1.038,0.716,0.398,1,11,38,0,0,0,0,0,0,high_vol_range,0.0,0,Trail stop: bounced 20.1% after 33% decay,384.0,96
2026-03-09T09:35:00+05:30,portfolio_hist,PREMIUM,SKIP,idle,23758.7,24.02,1.0,0.0,0.0,1.039,0.143,3.101,1,9,35,0,0,65,0,65,75,trending,0.0,0,,,
2026-03-09T09:40:00+05:30,portfolio_hist,PREMIUM,SKIP,idle,23767.35,24.15,1.0,0.0,0.0,1.039,0.18,3.101,1,9,40,0,0,52,0,52,75,trending,0.0,0,,,
2026-03-09T09:45:00+05:30,portfolio_hist,PREMIUM,SKIP,idle,23716.95,24.46,1.0,0.0,0.0,1.039,0.033,0.852,1,9,45,0,0,65,0,65,75,high_vol_range,0.0,0,,,
2026-03-09T09:50:00+05:30,portfolio_hist,PREMIUM,SKIP,idle,23761.4,24.19,1.0,0.0,0.0,1.039,0.154,0.368,1,9,50,0,0,64,0,64,75,high_vol_range,0.0,0,,,
2026-03-09T09:55:00+05:30,portfolio_hist,PREMIUM,SKIP,idle,23776.7,24.32,1.0,0.0,0.0,1.038,0.219,0.368,1,9,55,0,0,64,0,64,75,high_vol_range,0.0,0,,,
2026-03-09T10:00:00+05:30,portfolio_hist,PREMIUM,SKIP,idle,23769.0,24.29,1.0,0.0,0.0,1.039,0.187,0.322,1,10,0,0,0,64,0,64,65,high_vol_range,0.0,0,,,
2026-03-09T10:00:00+05:30,portfolio_hist,TREND,ENTER,debit_spread,23769.0,24.29,1.0,0.0,0.0,1.039,0.187,0.322,1,10,0,0,0,75,0,75,60,high_vol_range,32.74,75,,,
2026-03-09T10:02:00+05:30,portfolio_hist,PREMIUM,ENTER,iron_condor,23759.5,24.3,1.0,0.0,0.0,1.039,0.146,0.322,1,10,2,0,0,77,0,77,65,high_vol_range,39.13,75,,,
2026-03-09T10:51:00+05:30,portfolio_hist,TREND,EXIT,debit_spread,23845.9,23.83,1.0,0.0,0.0,1.038,0.511,0.14,1,10,51,0,0,0,0,0,0,high_vol_range,0.0,0,Trend stop: lost 33.6%,-825.0,51
2026-03-09T11:38:00+05:30,portfolio_hist,PREMIUM,EXIT,iron_condor,23894.6,23.49,1.0,0.0,0.0,1.038,0.716,0.398,1,11,38,0,0,0,0,0,0,high_vol_range,0.0,0,Trail stop: bounced 20.1% after 33% decay,384.0,96
2026-03-09T09:35:00+05:30,portfolio_hist,PREMIUM,SKIP,idle,23758.7,24.02,1.0,0.0,0.0,1.039,0.143,3.101,1,9,35,0,0,65,0,65,75,trending,0.0,0,,,
2026-03-09T09:40:00+05:30,portfolio_hist,PREMIUM,SKIP,idle,23767.35,24.15,1.0,0.0,0.0,1.039,0.18,3.101,1,9,40,0,0,52,0,52,75,trending,0.0,0,,,
2026-03-09T09:45:00+05:30,portfolio_hist,PREMIUM,SKIP,idle,23716.95,24.46,1.0,0.0,0.0,1.039,0.033,0.852,1,9,45,0,0,65,0,65,75,high_vol_range,0.0,0,,,
2026-03-09T09:50:00+05:30,portfolio_hist,PREMIUM,SKIP,idle,23761.4,24.19,1.0,0.0,0.0,1.039,0.154,0.368,1,9,50,0,0,64,0,64,75,high_vol_range,0.0,0,,,
2026-03-09T09:55:00+05:30,portfolio_hist,PREMIUM,SKIP,idle,23776.7,24.32,1.0,0.0,0.0,1.038,0.219,0.368,1,9,55,0,0,64,0,64,75,high_vol_range,0.0,0,,,
2026-03-09T10:00:00+05:30,portfolio_hist,PREMIUM,SKIP,idle,23769.0,24.29,1.0,0.0,0.0,1.039,0.187,0.322,1,10,0,0,0,64,0,64,65,high_vol_range,0.0,0,,,
2026-03-09T10:00:00+05:30,portfolio_hist,TREND,ENTER,debit_spread,23769.0,24.29,1.0,0.0,0.0,1.039,0.187,0.322,1,10,0,0,0,75,0,75,60,high_vol_range,32.74,75,,,
2026-03-09T10:02:00+05:30,portfolio_hist,PREMIUM,ENTER,iron_condor,23759.5,24.3,1.0,0.0,0.0,1.039,0.146,0.322,1,10,2,0,0,77,0,77,65,high_vol_range,39.13,75,,,
2026-03-09T10:51:00+05:30,portfolio_hist,TREND,EXIT,debit_spread,23845.9,23.83,1.0,0.0,0.0,1.038,0.511,0.14,1,10,51,0,0,0,0,0,0,high_vol_range,0.0,0,Trend stop: lost 33.6%,-825.0,51
2026-03-09T11:38:00+05:30,portfolio_hist,PREMIUM,EXIT,iron_condor,23894.6,23.49,1.0,0.0,0.0,1.038,0.716,0.398,1,11,38,0,0,0,0,0,0,high_vol_range,0.0,0,Trail stop: bounced 20.1% after 33% decay,384.0,96
2026-03-09T09:35:00+05:30,portfolio_hist,PREMIUM,SKIP,idle,23758.7,24.02,1.0,0.0,0.0,1.039,0.143,3.101,1,9,35,0,0,65,0,65,75,trending,0.0,0,,,
2026-03-09T09:40:00+05:30,portfolio_hist,PREMIUM,SKIP,idle,23767.35,24.15,1.0,0.0,0.0,1.039,0.18,3.101,1,9,40,0,0,52,0,52,75,trending,0.0,0,,,
2026-03-09T09:45:00+05:30,portfolio_hist,PREMIUM,SKIP,idle,23716.95,24.46,1.0,0.0,0.0,1.039,0.033,0.852,1,9,45,0,0,65,0,65,75,high_vol_range,0.0,0,,,
2026-03-09T09:50:00+05:30,portfolio_hist,PREMIUM,SKIP,idle,23761.4,24.19,1.0,0.0,0.0,1.039,0.154,0.368,1,9,50,0,0,64,0,64,75,high_vol_range,0.0,0,,,
2026-03-09T09:55:00+05:30,portfolio_hist,PREMIUM,SKIP,idle,23776.7,24.32,1.0,0.0,0.0,1.038,0.219,0.368,1,9,55,0,0,64,0,64,75,high_vol_range,0.0,0,,,
2026-03-09T10:00:00+05:30,portfolio_hist,PREMIUM,SKIP,idle,23769.0,24.29,1.0,0.0,0.0,1.039,0.187,0.322,1,10,0,0,0,64,0,64,65,high_vol_range,0.0,0,,,
2026-03-09T10:00:00+05:30,portfolio_hist,TREND,ENTER,debit_spread,23769.0,24.29,1.0,0.0,0.0,1.039,0.187,0.322,1,10,0,0,0,75,0,75,60,high_vol_range,32.74,75,,,
2026-03-09T10:01:00+05:30,portfolio_hist,TREND,EXIT,debit_spread,23774.3,24.25,1.0,0.0,0.0,1.039,0.209,0.322,1,10,1,0,0,0,0,0,0,high_vol_range,0.0,0,Trend profit: spread at 32.0% of max,-54.0,1
2026-03-09T10:02:00+05:30,portfolio_hist,PREMIUM,ENTER,iron_condor,23759.5,24.3,1.0,0.0,0.0,1.039,0.146,0.322,1,10,2,0,0,77,0,77,65,high_vol_range,39.13,75,,,
2026-03-09T11:38:00+05:30,portfolio_hist,PREMIUM,EXIT,iron_condor,23894.6,23.49,1.0,0.0,0.0,1.038,0.716,0.398,1,11,38,0,0,0,0,0,0,high_vol_range,0.0,0,Trail stop: bounced 20.1% after 33% decay,384.0,96
2026-03-09T09:35:00+05:30,portfolio_hist,PREMIUM,SKIP,idle,23758.7,24.02,1.0,0.0,0.0,1.039,0.143,3.101,1,9,35,0,0,65,0,65,75,trending,0.0,0,,,
2026-03-09T09:40:00+05:30,portfolio_hist,PREMIUM,SKIP,idle,23767.35,24.15,1.0,0.0,0.0,1.039,0.18,3.101,1,9,40,0,0,52,0,52,75,trending,0.0,0,,,
2026-03-09T09:45:00+05:30,portfolio_hist,PREMIUM,SKIP,idle,23716.95,24.46,1.0,0.0,0.0,1.039,0.033,0.852,1,9,45,0,0,65,0,65,75,high_vol_range,0.0,0,,,
2026-03-09T09:50:00+05:30,portfolio_hist,PREMIUM,SKIP,idle,23761.4,24.19,1.0,0.0,0.0,1.039,0.154,0.368,1,9,50,0,0,64,0,64,75,high_vol_range,0.0,0,,,
2026-03-09T09:55:00+05:30,portfolio_hist,PREMIUM,SKIP,idle,23776.7,24.32,1.0,0.0,0.0,1.038,0.219,0.368,1,9,55,0,0,64,0,64,75,high_vol_range,0.0,0,,,
2026-03-09T10:00:00+05:30,portfolio_hist,PREMIUM,SKIP,idle,23769.0,24.29,1.0,0.0,0.0,1.039,0.187,0.322,1,10,0,0,0,64,0,64,65,high_vol_range,0.0,0,,,
2026-03-09T10:00:00+05:30,portfolio_hist,TREND,ENTER,debit_spread,23769.0,24.29,1.0,0.0,0.0,1.039,0.187,0.322,1,10,0,0,0,75,0,75,60,high_vol_range,32.74,75,,,
2026-03-09T10:02:00+05:30,portfolio_hist,PREMIUM,ENTER,iron_condor,23759.5,24.3,1.0,0.0,0.0,1.039,0.146,0.322,1,10,2,0,0,77,0,77,65,high_vol_range,39.13,75,,,
2026-03-09T10:51:00+05:30,portfolio_hist,TREND,EXIT,debit_spread,23845.9,23.83,1.0,0.0,0.0,1.038,0.511,0.14,1,10,51,0,0,0,0,0,0,high_vol_range,0.0,0,Trend stop: lost 33.6%,-825.0,51
2026-03-09T11:38:00+05:30,portfolio_hist,PREMIUM,EXIT,iron_condor,23894.6,23.49,1.0,0.0,0.0,1.038,0.716,0.398,1,11,38,0,0,0,0,0,0,high_vol_range,0.0,0,Trail stop: bounced 20.1% after 33% decay,384.0,96
2026-03-09T09:35:00+05:30,portfolio_hist,PREMIUM,SKIP,idle,23758.7,24.02,1.0,0.0,0.0,1.039,0.143,3.101,1,9,35,0,0,65,0,65,75,trending,0.0,0,,,
2026-03-09T09:40:00+05:30,portfolio_hist,PREMIUM,SKIP,idle,23767.35,24.15,1.0,0.0,0.0,1.039,0.18,3.101,1,9,40,0,0,52,0,52,75,trending,0.0,0,,,
2026-03-09T09:45:00+05:30,portfolio_hist,PREMIUM,SKIP,idle,23716.95,24.46,1.0,0.0,0.0,1.039,0.033,0.852,1,9,45,0,0,65,0,65,75,high_vol_range,0.0,0,,,
2026-03-09T09:50:00+05:30,portfolio_hist,PREMIUM,SKIP,idle,23761.4,24.19,1.0,0.0,0.0,1.039,0.154,0.368,1,9,50,0,0,64,0,64,75,high_vol_range,0.0,0,,,
2026-03-09T09:55:00+05:30,portfolio_hist,PREMIUM,SKIP,idle,23776.7,24.32,1.0,0.0,0.0,1.038,0.219,0.368,1,9,55,0,0,64,0,64,75,high_vol_range,0.0,0,,,
2026-03-09T10:00:00+05:30,portfolio_hist,PREMIUM,SKIP,idle,23769.0,24.29,1.0,0.0,0.0,1.039,0.187,0.322,1,10,0,0,0,64,0,64,65,high_vol_range,0.0,0,,,
2026-03-09T10:00:00+05:30,portfolio_hist,TREND,ENTER,debit_spread,23769.0,24.29,1.0,0.0,0.0,1.039,0.187,0.322,1,10,0,0,0,75,0,75,60,high_vol_range,32.74,75,,,
2026-03-09T10:02:00+05:30,portfolio_hist,PREMIUM,ENTER,iron_condor,23759.5,24.3,1.0,0.0,0.0,1.039,0.146,0.322,1,10,2,0,0,77,0,77,65,high_vol_range,39.13,75,,,
2026-03-09T10:51:00+05:30,portfolio_hist,TREND,EXIT,debit_spread,23845.9,23.83,1.0,0.0,0.0,1.038,0.511,0.14,1,10,51,0,0,0,0,0,0,high_vol_range,0.0,0,Trend stop: lost 33.6%,-825.0,51
2026-03-09T11:38:00+05:30,portfolio_hist,PREMIUM,EXIT,iron_condor,23894.6,23.49,1.0,0.0,0.0,1.038,0.716,0.398,1,11,38,0,0,0,0,0,0,high_vol_range,0.0,0,Trail stop: bounced 20.1% after 33% decay,384.0,96
2026-03-09T09:35:00+05:30,portfolio_hist,PREMIUM,SKIP,idle,23758.7,24.02,1.0,0.0,0.0,1.039,0.143,3.101,1,9,35,0,0,65,0,65,75,trending,0.0,0,,,
2026-03-09T09:40:00+05:30,portfolio_hist,PREMIUM,SKIP,idle,23767.35,24.15,1.0,0.0,0.0,1.039,0.18,3.101,1,9,40,0,0,52,0,52,75,trending,0.0,0,,,
2026-03-09T09:45:00+05:30,portfolio_hist,PREMIUM,SKIP,idle,23716.95,24.46,1.0,0.0,0.0,1.039,0.033,0.852,1,9,45,0,0,65,0,65,75,high_vol_range,0.0,0,,,
2026-03-09T09:50:00+05:30,portfolio_hist,PREMIUM,SKIP,idle,23761.4,24.19,1.0,0.0,0.0,1.039,0.154,0.368,1,9,50,0,0,64,0,64,75,high_vol_range,0.0,0,,,
2026-03-09T09:55:00+05:30,portfolio_hist,PREMIUM,SKIP,idle,23776.7,24.32,1.0,0.0,0.0,1.038,0.219,0.368,1,9,55,0,0,64,0,64,75,high_vol_range,0.0,0,,,
2026-03-09T10:00:00+05:30,portfolio_hist,PREMIUM,SKIP,idle,23769.0,24.29,1.0,0.0,0.0,1.039,0.187,0.322,1,10,0,0,0,64,0,64,65,high_vol_range,0.0,0,,,
2026-03-09T10:00:00+05:30,portfolio_hist,TREND,ENTER,debit_spread,23769.0,24.29,1.0,0.0,0.0,1.039,0.187,0.322,1,10,0,0,0,75,0,75,60,high_vol_range,32.74,75,,,
2026-03-09T10:02:00+05:30,portfolio_hist,PREMIUM,ENTER,iron_condor,23759.5,24.3,1.0,0.0,0.0,1.039,0.146,0.322,1,10,2,0,0,77,0,77,65,high_vol_range,39.13,75,,,
2026-03-09T10:51:00+05:30,portfolio_hist,TREND,EXIT,debit_spread,23845.9,23.83,1.0,0.0,0.0,1.038,0.511,0.14,1,10,51,0,0,0,0,0,0,high_vol_range,0.0,0,Trend stop: lost 33.6%,-825.0,51
2026-03-09T11:38:00+05:30,portfolio_hist,PREMIUM,EXIT,iron_condor,23894.6,23.49,1.0,0.0,0.0,1.038,0.716,0.398,1,11,38,0,0,0,0,0,0,high_vol_range,0.0,0,Trail stop: bounced 20.1% after 33% decay,384.0,96
2026-03-09T09:35:00+05:30,portfolio_hist,PREMIUM,SKIP,idle,23758.7,24.02,1.0,0.0,0.0,1.039,0.143,3.101,1,9,35,0,0,65,0,65,75,trending,0.0,0,,,
2026-03-09T09:40:00+05:30,portfolio_hist,PREMIUM,SKIP,idle,23767.35,24.15,1.0,0.0,0.0,1.039,0.18,3.101,1,9,40,0,0,52,0,52,75,trending,0.0,0,,,
2026-03-09T09:45:00+05:30,portfolio_hist,PREMIUM,SKIP,idle,23716.95,24.46,1.0,0.0,0.0,1.039,0.033,0.852,1,9,45,0,0,65,0,65,75,high_vol_range,0.0,0,,,
2026-03-09T09:50:00+05:30,portfolio_hist,PREMIUM,SKIP,idle,23761.4,24.19,1.0,0.0,0.0,1.039,0.154,0.368,1,9,50,0,0,64,0,64,75,high_vol_range,0.0,0,,,
2026-03-09T09:55:00+05:30,portfolio_hist,PREMIUM,SKIP,idle,23776.7,24.32,1.0,0.0,0.0,1.038,0.219,0.368,1,9,55,0,0,64,0,64,75,high_vol_range,0.0,0,,,
2026-03-09T10:00:00+05:30,portfolio_hist,PREMIUM,SKIP,idle,23769.0,24.29,1.0,0.0,0.0,1.039,0.187,0.322,1,10,0,0,0,64,0,64,65,high_vol_range,0.0,0,,,
2026-03-09T10:00:00+05:30,portfolio_hist,TREND,ENTER,debit_spread,23769.0,24.29,1.0,0.0,0.0,1.039,0.187,0.322,1,10,0,0,0,75,0,75,60,high_vol_range,32.74,75,,,
2026-03-09T10:02:00+05:30,portfolio_hist,PREMIUM,ENTER,iron_condor,23759.5,24.3,1.0,0.0,0.0,1.039,0.146,0.322,1,10,2,0,0,77,0,77,65,high_vol_range,39.13,75,,,
2026-03-09T10:51:00+05:30,portfolio_hist,TREND,EXIT,debit_spread,23845.9,23.83,1.0,0.0,0.0,1.038,0.511,0.14,1,10,51,0,0,0,0,0,0,high_vol_range,0.0,0,Trend stop: lost 33.6%,-825.0,51
2026-03-09T11:38:00+05:30,portfolio_hist,PREMIUM,EXIT,iron_condor,23894.6,23.49,1.0,0.0,0.0,1.038,0.716,0.398,1,11,38,0,0,0,0,0,0,high_vol_range,0.0,0,Trail stop: bounced 20.1% after 33% decay,384.0,96
2026-03-09T09:35:00+05:30,portfolio_hist,PREMIUM,SKIP,idle,23758.7,24.02,1.0,0.0,0.0,1.039,0.143,3.101,1,9,35,0,0,65,0,65,75,trending,0.0,0,,,
2026-03-09T09:40:00+05:30,portfolio_hist,PREMIUM,SKIP,idle,23767.35,24.15,1.0,0.0,0.0,1.039,0.18,3.101,1,9,40,0,0,52,0,52,75,trending,0.0,0,,,
2026-03-09T09:45:00+05:30,portfolio_hist,PREMIUM,SKIP,idle,23716.95,24.46,1.0,0.0,0.0,1.039,0.033,0.852,1,9,45,0,0,65,0,65,75,high_vol_range,0.0,0,,,
2026-03-09T09:50:00+05:30,portfolio_hist,PREMIUM,SKIP,idle,23761.4,24.19,1.0,0.0,0.0,1.039,0.154,0.368,1,9,50,0,0,64,0,64,75,high_vol_range,0.0,0,,,
2026-03-09T09:55:00+05:30,portfolio_hist,PREMIUM,SKIP,idle,23776.7,24.32,1.0,0.0,0.0,1.038,0.219,0.368,1,9,55,0,0,64,0,64,75,high_vol_range,0.0,0,,,
2026-03-09T10:00:00+05:30,portfolio_hist,PREMIUM,SKIP,idle,23769.0,24.29,1.0,0.0,0.0,1.039,0.187,0.322,1,10,0,0,0,64,0,64,65,high_vol_range,0.0,0,,,
2026-03-09T10:00:00+05:30,portfolio_hist,TREND,ENTER,debit_spread,23769.0,24.29,1.0,0.0,0.0,1.039,0.187,0.322,1,10,0,0,0,75,0,75,60,high_vol_range,32.74,75,,,
2026-03-09T10:01:00+05:30,portfolio_hist,TREND,EXIT,debit_spread,23774.3,24.25,1.0,0.0,0.0,1.039,0.209,0.322,1,10,1,0,0,0,0,0,0,high_vol_range,0.0,0,Trend profit: spread at 32.0% of max,-54.0,1
2026-03-09T10:02:00+05:30,portfolio_hist,PREMIUM,ENTER,iron_condor,23759.5,24.3,1.0,0.0,0.0,1.039,0.146,0.322,1,10,2,0,0,77,0,77,65,high_vol_range,39.13,75,,,
2026-03-09T11:38:00+05:30,portfolio_hist,PREMIUM,EXIT,iron_condor,23894.6,23.49,1.0,0.0,0.0,1.038,0.716,0.398,1,11,38,0,0,0,0,0,0,high_vol_range,0.0,0,Trail stop: bounced 20.1% after 33% decay,384.0,96
2026-03-09T09:35:00+05:30,portfolio_hist,PREMIUM,SKIP,idle,23758.7,24.02,1.0,0.0,0.0,1.039,0.143,3.101,1,9,35,0,0,65,0,65,75,trending,0.0,0,,,
2026-03-09T09:40:00+05:30,portfolio_hist,PREMIUM,SKIP,idle,23767.35,24.15,1.0,0.0,0.0,1.039,0.18,3.101,1,9,40,0,0,52,0,52,75,trending,0.0,0,,,
2026-03-09T09:45:00+05:30,portfolio_hist,PREMIUM,SKIP,idle,23716.95,24.46,1.0,0.0,0.0,1.039,0.033,0.852,1,9,45,0,0,65,0,65,75,high_vol_range,0.0,0,,,
2026-03-09T09:50:00+05:30,portfolio_hist,PREMIUM,SKIP,idle,23761.4,24.19,1.0,0.0,0.0,1.039,0.154,0.368,1,9,50,0,0,64,0,64,75,high_vol_range,0.0,0,,,
2026-03-09T09:55:00+05:30,portfolio_hist,PREMIUM,SKIP,idle,23776.7,24.32,1.0,0.0,0.0,1.038,0.219,0.368,1,9,55,0,0,64,0,64,75,high_vol_range,0.0,0,,,
2026-03-09T10:00:00+05:30,portfolio_hist,PREMIUM,SKIP,idle,23769.0,24.29,1.0,0.0,0.0,1.039,0.187,0.322,1,10,0,0,0,64,0,64,65,high_vol_range,0.0,0,,,
2026-03-09T10:00:00+05:30,portfolio_hist,TREND,ENTER,debit_spread,23769.0,24.29,1.0,0.0,0.0,1.039,0.187,0.322,1,10,0,0,0,75,0,75,60,high_vol_range,32.74,75,,,
2026-03-09T10:02:00+05:30,portfolio_hist,PREMIUM,ENTER,iron_condor,23759.5,24.3,1.0,0.0,0.0,1.039,0.146,0.322,1,10,2,0,0,77,0,77,65,high_vol_range,39.13,75,,,
2026-03-09T10:56:00+05:30,portfolio_hist,TREND,EXIT,debit_spread,23886.2,23.66,1.0,0.0,0.0,1.038,0.681,0.424,1,10,56,0,0,0,0,0,0,high_vol_range,0.0,0,Trend stop: lost 47.2%,-1158.75,56
2026-03-09T11:38:00+05:30,portfolio_hist,PREMIUM,EXIT,iron_condor,23894.6,23.49,1.0,0.0,0.0,1.038,0.716,0.398,1,11,38,0,0,0,0,0,0,high_vol_range,0.0,0,Trail stop: bounced 20.1% after 33% decay,384.0,96
2026-03-09T09:35:00+05:30,portfolio_hist,PREMIUM,SKIP,idle,23758.7,24.02,1.0,0.0,0.0,1.039,0.143,3.101,1,9,35,0,0,65,0,65,75,trending,0.0,0,,,
2026-03-09T09:40:00+05:30,portfolio_hist,PREMIUM,SKIP,idle,23767.35,24.15,1.0,0.0,0.0,1.039,0.18,3.101,1,9,40,0,0,52,0,52,75,trending,0.0,0,,,
2026-03-09T09:45:00+05:30,portfolio_hist,PREMIUM,SKIP,idle,23716.95,24.46,1.0,0.0,0.0,1.039,0.033,0.852,1,9,45,0,0,65,0,65,75,high_vol_range,0.0,0,,,
2026-03-09T09:50:00+05:30,portfolio_hist,PREMIUM,SKIP,idle,23761.4,24.19,1.0,0.0,0.0,1.039,0.154,0.368,1,9,50,0,0,64,0,64,75,high_vol_range,0.0,0,,,
2026-03-09T09:55:00+05:30,portfolio_hist,PREMIUM,SKIP,idle,23776.7,24.32,1.0,0.0,0.0,1.038,0.219,0.368,1,9,55,0,0,64,0,64,75,high_vol_range,0.0,0,,,
2026-03-09T10:00:00+05:30,portfolio_hist,PREMIUM,SKIP,idle,23769.0,24.29,1.0,0.0,0.0,1.039,0.187,0.322,1,10,0,0,0,64,0,64,65,high_vol_range,0.0,0,,,
2026-03-09T10:00:00+05:30,portfolio_hist,TREND,ENTER,debit_spread,23769.0,24.29,1.0,0.0,0.0,1.039,0.187,0.322,1,10,0,0,0,75,0,75,60,high_vol_range,32.74,75,,,
2026-03-09T10:02:00+05:30,portfolio_hist,PREMIUM,ENTER,iron_condor,23759.5,24.3,1.0,0.0,0.0,1.039,0.146,0.322,1,10,2,0,0,77,0,77,65,high_vol_range,39.13,75,,,
2026-03-09T10:56:00+05:30,portfolio_hist,TREND,EXIT,debit_spread,23886.2,23.66,1.0,0.0,0.0,1.038,0.681,0.424,1,10,56,0,0,0,0,0,0,high_vol_range,0.0,0,Trend stop: lost 47.2%,-1158.75,56
2026-03-09T11:38:00+05:30,portfolio_hist,PREMIUM,EXIT,iron_condor,23894.6,23.49,1.0,0.0,0.0,1.038,0.716,0.398,1,11,38,0,0,0,0,0,0,high_vol_range,0.0,0,Trail stop: bounced 20.1% after 33% decay,384.0,96
2026-03-09T09:35:00+05:30,portfolio_hist,PREMIUM,SKIP,idle,23758.7,24.02,1.0,0.0,0.0,1.039,0.143,3.101,1,9,35,0,0,65,0,65,75,trending,0.0,0,,,
2026-03-09T09:40:00+05:30,portfolio_hist,PREMIUM,SKIP,idle,23767.35,24.15,1.0,0.0,0.0,1.039,0.18,3.101,1,9,40,0,0,52,0,52,75,trending,0.0,0,,,
2026-03-09T09:45:00+05:30,portfolio_hist,PREMIUM,SKIP,idle,23716.95,24.46,1.0,0.0,0.0,1.039,0.033,0.852,1,9,45,0,0,65,0,65,75,high_vol_range,0.0,0,,,
2026-03-09T09:50:00+05:30,portfolio_hist,PREMIUM,SKIP,idle,23761.4,24.19,1.0,0.0,0.0,1.039,0.154,0.368,1,9,50,0,0,64,0,64,75,high_vol_range,0.0,0,,,
2026-03-09T09:55:00+05:30,portfolio_hist,PREMIUM,SKIP,idle,23776.7,24.32,1.0,0.0,0.0,1.038,0.219,0.368,1,9,55,0,0,64,0,64,75,high_vol_range,0.0,0,,,
2026-03-09T10:00:00+05:30,portfolio_hist,PREMIUM,SKIP,idle,23769.0,24.29,1.0,0.0,0.0,1.039,0.187,0.322,1,10,0,0,0,64,0,64,65,high_vol_range,0.0,0,,,
2026-03-09T10:00:00+05:30,portfolio_hist,TREND,ENTER,debit_spread,23769.0,24.29,1.0,0.0,0.0,1.039,0.187,0.322,1,10,0,0,0,75,0,75,60,high_vol_range,32.74,75,,,
2026-03-09T10:02:00+05:30,portfolio_hist,PREMIUM,ENTER,iron_condor,23759.5,24.3,1.0,0.0,0.0,1.039,0.146,0.322,1,10,2,0,0,77,0,77,65,high_vol_range,39.13,75,,,
2026-03-09T10:56:00+05:30,portfolio_hist,TREND,EXIT,debit_spread,23886.2,23.66,1.0,0.0,0.0,1.038,0.681,0.424,1,10,56,0,0,0,0,0,0,high_vol_range,0.0,0,Trend stop: lost 47.2%,-1158.75,56
2026-03-09T11:38:00+05:30,portfolio_hist,PREMIUM,EXIT,iron_condor,23894.6,23.49,1.0,0.0,0.0,1.038,0.716,0.398,1,11,38,0,0,0,0,0,0,high_vol_range,0.0,0,Trail stop: bounced 20.1% after 33% decay,384.0,96
2026-03-09T09:35:00+05:30,portfolio_hist,PREMIUM,SKIP,idle,23758.7,24.02,1.0,0.0,0.0,1.039,0.143,3.101,1,9,35,0,0,65,0,65,75,trending,0.0,0,,,
2026-03-09T09:40:00+05:30,portfolio_hist,PREMIUM,SKIP,idle,23767.35,24.15,1.0,0.0,0.0,1.039,0.18,3.101,1,9,40,0,0,52,0,52,75,trending,0.0,0,,,
2026-03-09T09:45:00+05:30,portfolio_hist,PREMIUM,SKIP,idle,23716.95,24.46,1.0,0.0,0.0,1.039,0.033,0.852,1,9,45,0,0,65,0,65,75,high_vol_range,0.0,0,,,
2026-03-09T09:50:00+05:30,portfolio_hist,PREMIUM,SKIP,idle,23761.4,24.19,1.0,0.0,0.0,1.039,0.154,0.368,1,9,50,0,0,64,0,64,75,high_vol_range,0.0,0,,,
2026-03-09T09:55:00+05:30,portfolio_hist,PREMIUM,SKIP,idle,23776.7,24.32,1.0,0.0,0.0,1.038,0.219,0.368,1,9,55,0,0,64,0,64,75,high_vol_range,0.0,0,,,
2026-03-09T10:00:00+05:30,portfolio_hist,PREMIUM,SKIP,idle,23769.0,24.29,1.0,0.0,0.0,1.039,0.187,0.322,1,10,0,0,0,64,0,64,65,high_vol_range,0.0,0,,,
2026-03-09T10:00:00+05:30,portfolio_hist,TREND,ENTER,debit_spread,23769.0,24.29,1.0,0.0,0.0,1.039,0.187,0.322,1,10,0,0,0,75,0,75,60,high_vol_range,32.74,75,,,
2026-03-09T10:02:00+05:30,portfolio_hist,PREMIUM,ENTER,iron_condor,23759.5,24.3,1.0,0.0,0.0,1.039,0.146,0.322,1,10,2,0,0,77,0,77,65,high_vol_range,39.13,75,,,
2026-03-09T10:56:00+05:30,portfolio_hist,TREND,EXIT,debit_spread,23886.2,23.66,1.0,0.0,0.0,1.038,0.681,0.424,1,10,56,0,0,0,0,0,0,high_vol_range,0.0,0,Trend stop: lost 47.2%,-1158.75,56
2026-03-09T11:38:00+05:30,portfolio_hist,PREMIUM,EXIT,iron_condor,23894.6,23.49,1.0,0.0,0.0,1.038,0.716,0.398,1,11,38,0,0,0,0,0,0,high_vol_range,0.0,0,Trail stop: bounced 20.1% after 33% decay,384.0,96
2026-03-09T09:35:00+05:30,portfolio_hist,PREMIUM,SKIP,idle,23758.7,24.02,1.0,0.0,0.0,1.039,0.143,3.101,1,9,35,0,0,65,0,65,75,trending,0.0,0,,,
2026-03-09T09:40:00+05:30,portfolio_hist,PREMIUM,SKIP,idle,23767.35,24.15,1.0,0.0,0.0,1.039,0.18,3.101,1,9,40,0,0,52,0,52,75,trending,0.0,0,,,
2026-03-09T09:45:00+05:30,portfolio_hist,PREMIUM,SKIP,idle,23716.95,24.46,1.0,0.0,0.0,1.039,0.033,0.852,1,9,45,0,0,65,0,65,75,high_vol_range,0.0,0,,,
2026-03-09T09:50:00+05:30,portfolio_hist,PREMIUM,SKIP,idle,23761.4,24.19,1.0,0.0,0.0,1.039,0.154,0.368,1,9,50,0,0,64,0,64,75,high_vol_range,0.0,0,,,
2026-03-09T09:55:00+05:30,portfolio_hist,PREMIUM,SKIP,idle,23776.7,24.32,1.0,0.0,0.0,1.038,0.219,0.368,1,9,55,0,0,64,0,64,75,high_vol_range,0.0,0,,,
2026-03-09T10:00:00+05:30,portfolio_hist,PREMIUM,SKIP,idle,23769.0,24.29,1.0,0.0,0.0,1.039,0.187,0.322,1,10,0,0,0,64,0,64,65,high_vol_range,0.0,0,,,
2026-03-09T10:00:00+05:30,portfolio_hist,TREND,ENTER,debit_spread,23769.0,24.29,1.0,0.0,0.0,1.039,0.187,0.322,1,10,0,0,0,75,0,75,60,high_vol_range,32.74,75,,,
2026-03-09T10:02:00+05:30,portfolio_hist,PREMIUM,ENTER,iron_condor,23759.5,24.3,1.0,0.0,0.0,1.039,0.146,0.322,1,10,2,0,0,77,0,77,65,high_vol_range,39.13,75,,,
2026-03-09T10:10:00+05:30,portfolio_hist,TREND,EXIT,debit_spread,23824.05,24.1,1.0,0.0,0.0,1.039,0.419,0.386,1,10,10,0,0,0,0,0,0,high_vol_range,0.0,0,Trend stop: lost 21.3%,-522.75,10
2026-03-09T11:38:00+05:30,portfolio_hist,PREMIUM,EXIT,iron_condor,23894.6,23.49,1.0,0.0,0.0,1.038,0.716,0.398,1,11,38,0,0,0,0,0,0,high_vol_range,0.0,0,Trail stop: bounced 20.1% after 33% decay,384.0,96
2026-03-09T09:35:00+05:30,portfolio_hist,PREMIUM,SKIP,idle,23758.7,24.02,1.0,0.0,0.0,1.039,0.143,3.101,1,9,35,0,0,65,0,65,75,trending,0.0,0,,,
2026-03-09T09:40:00+05:30,portfolio_hist,PREMIUM,SKIP,idle,23767.35,24.15,1.0,0.0,0.0,1.039,0.18,3.101,1,9,40,0,0,52,0,52,75,trending,0.0,0,,,
2026-03-09T09:45:00+05:30,portfolio_hist,PREMIUM,SKIP,idle,23716.95,24.46,1.0,0.0,0.0,1.039,0.033,0.852,1,9,45,0,0,65,0,65,75,high_vol_range,0.0,0,,,
2026-03-09T09:50:00+05:30,portfolio_hist,PREMIUM,SKIP,idle,23761.4,24.19,1.0,0.0,0.0,1.039,0.154,0.368,1,9,50,0,0,64,0,64,75,high_vol_range,0.0,0,,,
2026-03-09T09:55:00+05:30,portfolio_hist,PREMIUM,SKIP,idle,23776.7,24.32,1.0,0.0,0.0,1.038,0.219,0.368,1,9,55,0,0,64,0,64,75,high_vol_range,0.0,0,,,
2026-03-09T10:00:00+05:30,portfolio_hist,PREMIUM,SKIP,idle,23769.0,24.29,1.0,0.0,0.0,1.039,0.187,0.322,1,10,0,0,0,64,0,64,65,high_vol_range,0.0,0,,,
2026-03-09T10:00:00+05:30,portfolio_hist,TREND,ENTER,debit_spread,23769.0,24.29,1.0,0.0,0.0,1.039,0.187,0.322,1,10,0,0,0,75,0,75,60,high_vol_range,32.74,75,,,
2026-03-09T10:02:00+05:30,portfolio_hist,PREMIUM,ENTER,iron_condor,23759.5,24.3,1.0,0.0,0.0,1.039,0.146,0.322,1,10,2,0,0,77,0,77,65,high_vol_range,39.13,75,,,
2026-03-09T10:10:00+05:30,portfolio_hist,TREND,EXIT,debit_spread,23824.05,24.1,1.0,0.0,0.0,1.039,0.419,0.386,1,10,10,0,0,0,0,0,0,high_vol_range,0.0,0,Trend stop: lost 21.3%,-522.75,10
2026-03-09T11:38:00+05:30,portfolio_hist,PREMIUM,EXIT,iron_condor,23894.6,23.49,1.0,0.0,0.0,1.038,0.716,0.398,1,11,38,0,0,0,0,0,0,high_vol_range,0.0,0,Trail stop: bounced 20.1% after 33% decay,384.0,96
2026-03-09T09:35:00+05:30,portfolio_hist,PREMIUM,SKIP,idle,23758.7,24.02,1.0,0.0,0.0,1.039,0.143,3.101,1,9,35,0,0,65,0,65,75,trending,0.0,0,,,
2026-03-09T09:40:00+05:30,portfolio_hist,PREMIUM,SKIP,idle,23767.35,24.15,1.0,0.0,0.0,1.039,0.18,3.101,1,9,40,0,0,52,0,52,75,trending,0.0,0,,,
2026-03-09T09:45:00+05:30,portfolio_hist,PREMIUM,SKIP,idle,23716.95,24.46,1.0,0.0,0.0,1.039,0.033,0.852,1,9,45,0,0,65,0,65,75,high_vol_range,0.0,0,,,
2026-03-09T09:50:00+05:30,portfolio_hist,PREMIUM,SKIP,idle,23761.4,24.19,1.0,0.0,0.0,1.039,0.154,0.368,1,9,50,0,0,64,0,64,75,high_vol_range,0.0,0,,,
2026-03-09T09:55:00+05:30,portfolio_hist,PREMIUM,SKIP,idle,23776.7,24.32,1.0,0.0,0.0,1.038,0.219,0.368,1,9,55,0,0,64,0,64,75,high_vol_range,0.0,0,,,
2026-03-09T10:00:00+05:30,portfolio_hist,PREMIUM,SKIP,idle,23769.0,24.29,1.0,0.0,0.0,1.039,0.187,0.322,1,10,0,0,0,64,0,64,65,high_vol_range,0.0,0,,,
2026-03-09T10:00:00+05:30,portfolio_hist,TREND,ENTER,debit_spread,23769.0,24.29,1.0,0.0,0.0,1.039,0.187,0.322,1,10,0,0,0,75,0,75,60,high_vol_range,32.74,75,,,
2026-03-09T10:02:00+05:30,portfolio_hist,PREMIUM,ENTER,iron_condor,23759.5,24.3,1.0,0.0,0.0,1.039,0.146,0.322,1,10,2,0,0,77,0,77,65,high_vol_range,39.13,75,,,
2026-03-09T10:10:00+05:30,portfolio_hist,TREND,EXIT,debit_spread,23824.05,24.1,1.0,0.0,0.0,1.039,0.419,0.386,1,10,10,0,0,0,0,0,0,high_vol_range,0.0,0,Trend stop: lost 21.3%,-522.75,10
2026-03-09T11:38:00+05:30,portfolio_hist,PREMIUM,EXIT,iron_condor,23894.6,23.49,1.0,0.0,0.0,1.038,0.716,0.398,1,11,38,0,0,0,0,0,0,high_vol_range,0.0,0,Trail stop: bounced 20.1% after 33% decay,384.0,96
2026-03-09T09:35:00+05:30,portfolio_hist,PREMIUM,SKIP,idle,23758.7,24.02,1.0,0.0,0.0,1.039,0.143,3.101,1,9,35,0,0,65,0,65,75,trending,0.0,0,,,
2026-03-09T09:40:00+05:30,portfolio_hist,PREMIUM,SKIP,idle,23767.35,24.15,1.0,0.0,0.0,1.039,0.18,3.101,1,9,40,0,0,52,0,52,75,trending,0.0,0,,,
2026-03-09T09:45:00+05:30,portfolio_hist,PREMIUM,SKIP,idle,23716.95,24.46,1.0,0.0,0.0,1.039,0.033,0.852,1,9,45,0,0,65,0,65,75,high_vol_range,0.0,0,,,
2026-03-09T09:50:00+05:30,portfolio_hist,PREMIUM,SKIP,idle,23761.4,24.19,1.0,0.0,0.0,1.039,0.154,0.368,1,9,50,0,0,64,0,64,75,high_vol_range,0.0,0,,,
2026-03-09T09:55:00+05:30,portfolio_hist,PREMIUM,SKIP,idle,23776.7,24.32,1.0,0.0,0.0,1.038,0.219,0.368,1,9,55,0,0,64,0,64,75,high_vol_range,0.0,0,,,
2026-03-09T10:00:00+05:30,portfolio_hist,PREMIUM,SKIP,idle,23769.0,24.29,1.0,0.0,0.0,1.039,0.187,0.322,1,10,0,0,0,64,0,64,65,high_vol_range,0.0,0,,,
2026-03-09T10:00:00+05:30,portfolio_hist,TREND,ENTER,debit_spread,23769.0,24.29,1.0,0.0,0.0,1.039,0.187,0.322,1,10,0,0,0,75,0,75,60,high_vol_range,32.74,75,,,
2026-03-09T10:02:00+05:30,portfolio_hist,PREMIUM,ENTER,iron_condor,23759.5,24.3,1.0,0.0,0.0,1.039,0.146,0.322,1,10,2,0,0,77,0,77,65,high_vol_range,39.13,75,,,
2026-03-09T10:10:00+05:30,portfolio_hist,TREND,EXIT,debit_spread,23824.05,24.1,1.0,0.0,0.0,1.039,0.419,0.386,1,10,10,0,0,0,0,0,0,high_vol_range,0.0,0,Trend stop: lost 21.3%,-522.75,10
2026-03-09T11:38:00+05:30,portfolio_hist,PREMIUM,EXIT,iron_condor,23894.6,23.49,1.0,0.0,0.0,1.038,0.716,0.398,1,11,38,0,0,0,0,0,0,high_vol_range,0.0,0,Trail stop: bounced 20.1% after 33% decay,384.0,96
2026-03-09T09:35:00+05:30,portfolio_hist,PREMIUM,SKIP,idle,23758.7,24.02,1.0,0.0,0.0,1.039,0.143,3.101,1,9,35,0,0,65,0,65,75,trending,0.0,0,,,
2026-03-09T09:40:00+05:30,portfolio_hist,PREMIUM,SKIP,idle,23767.35,24.15,1.0,0.0,0.0,1.039,0.18,3.101,1,9,40,0,0,52,0,52,75,trending,0.0,0,,,
2026-03-09T09:45:00+05:30,portfolio_hist,PREMIUM,SKIP,idle,23716.95,24.46,1.0,0.0,0.0,1.039,0.033,0.852,1,9,45,0,0,65,0,65,75,high_vol_range,0.0,0,,,
2026-03-09T09:50:00+05:30,portfolio_hist,PREMIUM,SKIP,idle,23761.4,24.19,1.0,0.0,0.0,1.039,0.154,0.368,1,9,50,0,0,64,0,64,75,high_vol_range,0.0,0,,,
2026-03-09T09:55:00+05:30,portfolio_hist,PREMIUM,SKIP,idle,23776.7,24.32,1.0,0.0,0.0,1.038,0.219,0.368,1,9,55,0,0,64,0,64,75,high_vol_range,0.0,0,,,
2026-03-09T10:00:00+05:30,portfolio_hist,PREMIUM,SKIP,idle,23769.0,24.29,1.0,0.0,0.0,1.039,0.187,0.322,1,10,0,0,0,64,0,64,65,high_vol_range,0.0,0,,,
2026-03-09T10:00:00+05:30,portfolio_hist,TREND,ENTER,debit_spread,23769.0,24.29,1.0,0.0,0.0,1.039,0.187,0.322,1,10,0,0,0,75,0,75,60,high_vol_range,32.74,75,,,
2026-03-09T10:02:00+05:30,portfolio_hist,PREMIUM,ENTER,iron_condor,23759.5,24.3,1.0,0.0,0.0,1.039,0.146,0.322,1,10,2,0,0,77,0,77,65,high_vol_range,39.13,75,,,
2026-03-09T10:10:00+05:30,portfolio_hist,TREND,EXIT,debit_spread,23824.05,24.1,1.0,0.0,0.0,1.039,0.419,0.386,1,10,10,0,0,0,0,0,0,high_vol_range,0.0,0,Trend stop: lost 21.3%,-522.75,10
2026-03-09T11:38:00+05:30,portfolio_hist,PREMIUM,EXIT,iron_condor,23894.6,23.49,1.0,0.0,0.0,1.038,0.716,0.398,1,11,38,0,0,0,0,0,0,high_vol_range,0.0,0,Trail stop: bounced 20.1% after 33% decay,384.0,96
2026-03-09T09:35:00+05:30,portfolio_hist,PREMIUM,SKIP,idle,23758.7,24.02,1.0,0.0,0.0,1.039,0.143,3.101,1,9,35,0,0,65,0,65,75,trending,0.0,0,,,
2026-03-09T09:40:00+05:30,portfolio_hist,PREMIUM,SKIP,idle,23767.35,24.15,1.0,0.0,0.0,1.039,0.18,3.101,1,9,40,0,0,52,0,52,75,trending,0.0,0,,,
2026-03-09T09:45:00+05:30,portfolio_hist,PREMIUM,SKIP,idle,23716.95,24.46,1.0,0.0,0.0,1.039,0.033,0.852,1,9,45,0,0,65,0,65,75,high_vol_range,0.0,0,,,
2026-03-09T09:50:00+05:30,portfolio_hist,PREMIUM,SKIP,idle,23761.4,24.19,1.0,0.0,0.0,1.039,0.154,0.368,1,9,50,0,0,64,0,64,75,high_vol_range,0.0,0,,,
2026-03-09T09:55:00+05:30,portfolio_hist,PREMIUM,SKIP,idle,23776.7,24.32,1.0,0.0,0.0,1.038,0.219,0.368,1,9,55,0,0,64,0,64,75,high_vol_range,0.0,0,,,
2026-03-09T10:00:00+05:30,portfolio_hist,PREMIUM,SKIP,idle,23769.0,24.29,1.0,0.0,0.0,1.039,0.187,0.322,1,10,0,0,0,64,0,64,65,high_vol_range,0.0,0,,,
2026-03-09T10:00:00+05:30,portfolio_hist,TREND,ENTER,debit_spread,23769.0,24.29,1.0,0.0,0.0,1.039,0.187,0.322,1,10,0,0,0,75,0,75,60,high_vol_range,32.74,75,,,
2026-03-09T10:02:00+05:30,portfolio_hist,PREMIUM,ENTER,iron_condor,23759.5,24.3,1.0,0.0,0.0,1.039,0.146,0.322,1,10,2,0,0,77,0,77,65,high_vol_range,39.13,75,,,
2026-03-09T10:10:00+05:30,portfolio_hist,TREND,EXIT,debit_spread,23824.05,24.1,1.0,0.0,0.0,1.039,0.419,0.386,1,10,10,0,0,0,0,0,0,high_vol_range,0.0,0,Trend stop: lost 21.3%,-522.75,10
2026-03-09T11:38:00+05:30,portfolio_hist,PREMIUM,EXIT,iron_condor,23894.6,23.49,1.0,0.0,0.0,1.038,0.716,0.398,1,11,38,0,0,0,0,0,0,high_vol_range,0.0,0,Trail stop: bounced 20.1% after 33% decay,384.0,96
2026-03-09T09:35:00+05:30,portfolio_hist,PREMIUM,SKIP,idle,23758.7,24.02,1.0,0.0,0.0,1.039,0.143,3.101,1,9,35,0,0,65,0,65,75,trending,0.0,0,,,
2026-03-09T09:40:00+05:30,portfolio_hist,PREMIUM,SKIP,idle,23767.35,24.15,1.0,0.0,0.0,1.039,0.18,3.101,1,9,40,0,0,52,0,52,75,trending,0.0,0,,,
2026-03-09T09:45:00+05:30,portfolio_hist,PREMIUM,SKIP,idle,23716.95,24.46,1.0,0.0,0.0,1.039,0.033,0.852,1,9,45,0,0,65,0,65,75,high_vol_range,0.0,0,,,
2026-03-09T09:50:00+05:30,portfolio_hist,PREMIUM,SKIP,idle,23761.4,24.19,1.0,0.0,0.0,1.039,0.154,0.368,1,9,50,0,0,64,0,64,75,high_vol_range,0.0,0,,,
2026-03-09T09:55:00+05:30,portfolio_hist,PREMIUM,SKIP,idle,23776.7,24.32,1.0,0.0,0.0,1.038,0.219,0.368,1,9,55,0,0,64,0,64,75,high_vol_range,0.0,0,,,
2026-03-09T10:00:00+05:30,portfolio_hist,PREMIUM,SKIP,idle,23769.0,24.29,1.0,0.0,0.0,1.039,0.187,0.322,1,10,0,0,0,64,0,64,65,high_vol_range,0.0,0,,,
2026-03-09T10:00:00+05:30,portfolio_hist,TREND,ENTER,debit_spread,23769.0,24.29,1.0,0.0,0.0,1.039,0.187,0.322,1,10,0,0,0,75,0,75,60,high_vol_range,32.74,75,,,
2026-03-09T10:02:00+05:30,portfolio_hist,PREMIUM,ENTER,iron_condor,23759.5,24.3,1.0,0.0,0.0,1.039,0.146,0.322,1,10,2,0,0,77,0,77,65,high_vol_range,39.13,75,,,
2026-03-09T10:10:00+05:30,portfolio_hist,TREND,EXIT,debit_spread,23824.05,24.1,1.0,0.0,0.0,1.039,0.419,0.386,1,10,10,0,0,0,0,0,0,high_vol_range,0.0,0,Trend stop: lost 21.3%,-522.75,10
2026-03-09T11:38:00+05:30,portfolio_hist,PREMIUM,EXIT,iron_condor,23894.6,23.49,1.0,0.0,0.0,1.038,0.716,0.398,1,11,38,0,0,0,0,0,0,high_vol_range,0.0,0,Trail stop: bounced 20.1% after 33% decay,384.0,96
2026-03-09T09:35:00+05:30,portfolio_hist,PREMIUM,SKIP,idle,23758.7,24.02,1.0,0.0,0.0,1.039,0.143,3.101,1,9,35,0,0,65,0,65,75,trending,0.0,0,,,
2026-03-09T09:40:00+05:30,portfolio_hist,PREMIUM,SKIP,idle,23767.35,24.15,1.0,0.0,0.0,1.039,0.18,3.101,1,9,40,0,0,52,0,52,75,trending,0.0,0,,,
2026-03-09T09:45:00+05:30,portfolio_hist,PREMIUM,SKIP,idle,23716.95,24.46,1.0,0.0,0.0,1.039,0.033,0.852,1,9,45,0,0,65,0,65,75,high_vol_range,0.0,0,,,
2026-03-09T09:50:00+05:30,portfolio_hist,PREMIUM,SKIP,idle,23761.4,24.19,1.0,0.0,0.0,1.039,0.154,0.368,1,9,50,0,0,64,0,64,75,high_vol_range,0.0,0,,,
2026-03-09T09:55:00+05:30,portfolio_hist,PREMIUM,SKIP,idle,23776.7,24.32,1.0,0.0,0.0,1.038,0.219,0.368,1,9,55,0,0,64,0,64,75,high_vol_range,0.0,0,,,
2026-03-09T10:00:00+05:30,portfolio_hist,PREMIUM,SKIP,idle,23769.0,24.29,1.0,0.0,0.0,1.039,0.187,0.322,1,10,0,0,0,64,0,64,65,high_vol_range,0.0,0,,,
2026-03-09T10:00:00+05:30,portfolio_hist,TREND,ENTER,debit_spread,23769.0,24.29,1.0,0.0,0.0,1.039,0.187,0.322,1,10,0,0,0,75,0,75,60,high_vol_range,32.74,75,,,
2026-03-09T10:02:00+05:30,portfolio_hist,PREMIUM,ENTER,iron_condor,23759.5,24.3,1.0,0.0,0.0,1.039,0.146,0.322,1,10,2,0,0,77,0,77,65,high_vol_range,39.13,75,,,
2026-03-09T10:10:00+05:30,portfolio_hist,TREND,EXIT,debit_spread,23824.05,24.1,1.0,0.0,0.0,1.039,0.419,0.386,1,10,10,0,0,0,0,0,0,high_vol_range,0.0,0,Trend stop: lost 21.3%,-522.75,10
2026-03-09T11:38:00+05:30,portfolio_hist,PREMIUM,EXIT,iron_condor,23894.6,23.49,1.0,0.0,0.0,1.038,0.716,0.398,1,11,38,0,0,0,0,0,0,high_vol_range,0.0,0,Trail stop: bounced 20.1% after 33% decay,384.0,96
2026-03-09T09:35:00+05:30,portfolio_hist,PREMIUM,SKIP,idle,23758.7,24.02,1.0,0.0,0.0,1.039,0.143,3.101,1,9,35,0,0,65,0,65,75,trending,0.0,0,,,
2026-03-09T09:40:00+05:30,portfolio_hist,PREMIUM,SKIP,idle,23767.35,24.15,1.0,0.0,0.0,1.039,0.18,3.101,1,9,40,0,0,52,0,52,75,trending,0.0,0,,,
2026-03-09T09:45:00+05:30,portfolio_hist,PREMIUM,SKIP,idle,23716.95,24.46,1.0,0.0,0.0,1.039,0.033,0.852,1,9,45,0,0,65,0,65,75,high_vol_range,0.0,0,,,
2026-03-09T09:50:00+05:30,portfolio_hist,PREMIUM,SKIP,idle,23761.4,24.19,1.0,0.0,0.0,1.039,0.154,0.368,1,9,50,0,0,64,0,64,75,high_vol_range,0.0,0,,,
2026-03-09T09:55:00+05:30,portfolio_hist,PREMIUM,SKIP,idle,23776.7,24.32,1.0,0.0,0.0,1.038,0.219,0.368,1,9,55,0,0,64,0,64,75,high_vol_range,0.0,0,,,
2026-03-09T10:00:00+05:30,portfolio_hist,PREMIUM,SKIP,idle,23769.0,24.29,1.0,0.0,0.0,1.039,0.187,0.322,1,10,0,0,0,64,0,64,65,high_vol_range,0.0,0,,,
2026-03-09T10:00:00+05:30,portfolio_hist,TREND,ENTER,debit_spread,23769.0,24.29,1.0,0.0,0.0,1.039,0.187,0.322,1,10,0,0,0,75,0,75,60,high_vol_range,32.74,75,,,
2026-03-09T10:02:00+05:30,portfolio_hist,PREMIUM,ENTER,iron_condor,23759.5,24.3,1.0,0.0,0.0,1.039,0.146,0.322,1,10,2,0,0,77,0,77,65,high_vol_range,39.13,75,,,
2026-03-09T10:10:00+05:30,portfolio_hist,TREND,EXIT,debit_spread,23824.05,24.1,1.0,0.0,0.0,1.039,0.419,0.386,1,10,10,0,0,0,0,0,0,high_vol_range,0.0,0,Trend stop: lost 21.3%,-522.75,10
2026-03-09T11:38:00+05:30,portfolio_hist,PREMIUM,EXIT,iron_condor,23894.6,23.49,1.0,0.0,0.0,1.038,0.716,0.398,1,11,38,0,0,0,0,0,0,high_vol_range,0.0,0,Trail stop: bounced 20.1% after 33% decay,384.0,96
2026-03-09T09:35:00+05:30,portfolio_hist,PREMIUM,SKIP,idle,23758.7,24.02,1.0,0.0,0.0,1.039,0.143,3.101,1,9,35,0,0,65,0,65,75,trending,0.0,0,,,
2026-03-09T09:40:00+05:30,portfolio_hist,PREMIUM,SKIP,idle,23767.35,24.15,1.0,0.0,0.0,1.039,0.18,3.101,1,9,40,0,0,52,0,52,75,trending,0.0,0,,,
2026-03-09T09:45:00+05:30,portfolio_hist,PREMIUM,SKIP,idle,23716.95,24.46,1.0,0.0,0.0,1.039,0.033,0.852,1,9,45,0,0,65,0,65,75,high_vol_range,0.0,0,,,
2026-03-09T09:50:00+05:30,portfolio_hist,PREMIUM,SKIP,idle,23761.4,24.19,1.0,0.0,0.0,1.039,0.154,0.368,1,9,50,0,0,64,0,64,75,high_vol_range,0.0,0,,,
2026-03-09T09:55:00+05:30,portfolio_hist,PREMIUM,SKIP,idle,23776.7,24.32,1.0,0.0,0.0,1.038,0.219,0.368,1,9,55,0,0,64,0,64,75,high_vol_range,0.0,0,,,
2026-03-09T10:00:00+05:30,portfolio_hist,PREMIUM,SKIP,idle,23769.0,24.29,1.0,0.0,0.0,1.039,0.187,0.322,1,10,0,0,0,64,0,64,65,high_vol_range,0.0,0,,,
2026-03-09T10:00:00+05:30,portfolio_hist,TREND,ENTER,debit_spread,23769.0,24.29,1.0,0.0,0.0,1.039,0.187,0.322,1,10,0,0,0,75,0,75,60,high_vol_range,32.74,75,,,
2026-03-09T10:02:00+05:30,portfolio_hist,PREMIUM,ENTER,iron_condor,23759.5,24.3,1.0,0.0,0.0,1.039,0.146,0.322,1,10,2,0,0,77,0,77,65,high_vol_range,39.13,75,,,
2026-03-09T10:10:00+05:30,portfolio_hist,TREND,EXIT,debit_spread,23824.05,24.1,1.0,0.0,0.0,1.039,0.419,0.386,1,10,10,0,0,0,0,0,0,high_vol_range,0.0,0,Trend stop: lost 21.3%,-522.75,10
2026-03-09T11:38:00+05:30,portfolio_hist,PREMIUM,EXIT,iron_condor,23894.6,23.49,1.0,0.0,0.0,1.038,0.716,0.398,1,11,38,0,0,0,0,0,0,high_vol_range,0.0,0,Trail stop: bounced 20.1% after 33% decay,384.0,96
2026-03-09T09:35:00+05:30,portfolio_hist,PREMIUM,SKIP,idle,23758.7,24.02,1.0,0.0,0.0,1.039,0.143,3.101,1,9,35,0,0,65,0,65,75,trending,0.0,0,,,
2026-03-09T09:40:00+05:30,portfolio_hist,PREMIUM,SKIP,idle,23767.35,24.15,1.0,0.0,0.0,1.039,0.18,3.101,1,9,40,0,0,52,0,52,75,trending,0.0,0,,,
2026-03-09T09:45:00+05:30,portfolio_hist,PREMIUM,SKIP,idle,23716.95,24.46,1.0,0.0,0.0,1.039,0.033,0.852,1,9,45,0,0,65,0,65,75,high_vol_range,0.0,0,,,
2026-03-09T09:50:00+05:30,portfolio_hist,PREMIUM,SKIP,idle,23761.4,24.19,1.0,0.0,0.0,1.039,0.154,0.368,1,9,50,0,0,64,0,64,75,high_vol_range,0.0,0,,,
2026-03-09T09:55:00+05:30,portfolio_hist,PREMIUM,SKIP,idle,23776.7,24.32,1.0,0.0,0.0,1.038,0.219,0.368,1,9,55,0,0,64,0,64,75,high_vol_range,0.0,0,,,
2026-03-09T10:00:00+05:30,portfolio_hist,PREMIUM,SKIP,idle,23769.0,24.29,1.0,0.0,0.0,1.039,0.187,0.322,1,10,0,0,0,64,0,64,65,high_vol_range,0.0,0,,,
2026-03-09T10:00:00+05:30,portfolio_hist,TREND,ENTER,debit_spread,23769.0,24.29,1.0,0.0,0.0,1.039,0.187,0.322,1,10,0,0,0,75,0,75,60,high_vol_range,32.74,75,,,
2026-03-09T10:02:00+05:30,portfolio_hist,PREMIUM,ENTER,iron_condor,23759.5,24.3,1.0,0.0,0.0,1.039,0.146,0.322,1,10,2,0,0,77,0,77,65,high_vol_range,39.13,75,,,
2026-03-09T10:10:00+05:30,portfolio_hist,TREND,EXIT,debit_spread,23824.05,24.1,1.0,0.0,0.0,1.039,0.419,0.386,1,10,10,0,0,0,0,0,0,high_vol_range,0.0,0,Trend stop: lost 21.3%,-522.75,10
2026-03-09T11:38:00+05:30,portfolio_hist,PREMIUM,EXIT,iron_condor,23894.6,23.49,1.0,0.0,0.0,1.038,0.716,0.398,1,11,38,0,0,0,0,0,0,high_vol_range,0.0,0,Trail stop: bounced 20.1% after 33% decay,384.0,96
2026-03-09T09:35:00+05:30,portfolio_hist,PREMIUM,SKIP,idle,23758.7,24.02,1.0,0.0,0.0,1.039,0.143,3.101,1,9,35,0,0,65,0,65,75,trending,0.0,0,,,
2026-03-09T09:40:00+05:30,portfolio_hist,PREMIUM,SKIP,idle,23767.35,24.15,1.0,0.0,0.0,1.039,0.18,3.101,1,9,40,0,0,52,0,52,75,trending,0.0,0,,,
2026-03-09T09:45:00+05:30,portfolio_hist,PREMIUM,SKIP,idle,23716.95,24.46,1.0,0.0,0.0,1.039,0.033,0.852,1,9,45,0,0,65,0,65,75,high_vol_range,0.0,0,,,
2026-03-09T09:50:00+05:30,portfolio_hist,PREMIUM,SKIP,idle,23761.4,24.19,1.0,0.0,0.0,1.039,0.154,0.368,1,9,50,0,0,64,0,64,75,high_vol_range,0.0,0,,,
2026-03-09T09:55:00+05:30,portfolio_hist,PREMIUM,SKIP,idle,23776.7,24.32,1.0,0.0,0.0,1.038,0.219,0.368,1,9,55,0,0,64,0,64,75,high_vol_range,0.0,0,,,
2026-03-09T10:00:00+05:30,portfolio_hist,PREMIUM,SKIP,idle,23769.0,24.29,1.0,0.0,0.0,1.039,0.187,0.322,1,10,0,0,0,64,0,64,65,high_vol_range,0.0,0,,,
2026-03-09T10:00:00+05:30,portfolio_hist,TREND,ENTER,debit_spread,23769.0,24.29,1.0,0.0,0.0,1.039,0.187,0.322,1,10,0,0,0,75,0,75,60,high_vol_range,32.74,75,,,
2026-03-09T10:02:00+05:30,portfolio_hist,PREMIUM,ENTER,iron_condor,23759.5,24.3,1.0,0.0,0.0,1.039,0.146,0.322,1,10,2,0,0,77,0,77,65,high_vol_range,39.13,75,,,
2026-03-09T10:10:00+05:30,portfolio_hist,TREND,EXIT,debit_spread,23824.05,24.1,1.0,0.0,0.0,1.039,0.419,0.386,1,10,10,0,0,0,0,0,0,high_vol_range,0.0,0,Trend stop: lost 21.3%,-522.75,10
2026-03-09T11:38:00+05:30,portfolio_hist,PREMIUM,EXIT,iron_condor,23894.6,23.49,1.0,0.0,0.0,1.038,0.716,0.398,1,11,38,0,0,0,0,0,0,high_vol_range,0.0,0,Trail stop: bounced 20.1% after 33% decay,384.0,96
2026-03-09T09:35:00+05:30,portfolio_hist,PREMIUM,SKIP,idle,23758.7,24.02,1.0,0.0,0.0,1.039,0.143,3.101,1,9,35,0,0,65,0,65,75,trending,0.0,0,,,
2026-03-09T09:40:00+05:30,portfolio_hist,PREMIUM,SKIP,idle,23767.35,24.15,1.0,0.0,0.0,1.039,0.18,3.101,1,9,40,0,0,52,0,52,75,trending,0.0,0,,,
2026-03-09T09:45:00+05:30,portfolio_hist,PREMIUM,SKIP,idle,23716.95,24.46,1.0,0.0,0.0,1.039,0.033,0.852,1,9,45,0,0,65,0,65,75,high_vol_range,0.0,0,,,
2026-03-09T09:50:00+05:30,portfolio_hist,PREMIUM,SKIP,idle,23761.4,24.19,1.0,0.0,0.0,1.039,0.154,0.368,1,9,50,0,0,64,0,64,75,high_vol_range,0.0,0,,,
2026-03-09T09:55:00+05:30,portfolio_hist,PREMIUM,SKIP,idle,23776.7,24.32,1.0,0.0,0.0,1.038,0.219,0.368,1,9,55,0,0,64,0,64,75,high_vol_range,0.0,0,,,
2026-03-09T10:00:00+05:30,portfolio_hist,PREMIUM,SKIP,idle,23769.0,24.29,1.0,0.0,0.0,1.039,0.187,0.322,1,10,0,0,0,64,0,64,65,high_vol_range,0.0,0,,,
2026-03-09T10:00:00+05:30,portfolio_hist,TREND,ENTER,debit_spread,23769.0,24.29,1.0,0.0,0.0,1.039,0.187,0.322,1,10,0,0,0,75,0,75,60,high_vol_range,32.74,75,,,
2026-03-09T10:02:00+05:30,portfolio_hist,PREMIUM,ENTER,iron_condor,23759.5,24.3,1.0,0.0,0.0,1.039,0.146,0.322,1,10,2,0,0,77,0,77,65,high_vol_range,39.13,75,,,
2026-03-09T10:10:00+05:30,portfolio_hist,TREND,EXIT,debit_spread,23824.05,24.1,1.0,0.0,0.0,1.039,0.419,0.386,1,10,10,0,0,0,0,0,0,high_vol_range,0.0,0,Trend stop: lost 21.3%,-522.75,10
2026-03-09T11:38:00+05:30,portfolio_hist,PREMIUM,EXIT,iron_condor,23894.6,23.49,1.0,0.0,0.0,1.038,0.716,0.398,1,11,38,0,0,0,0,0,0,high_vol_range,0.0,0,Trail stop: bounced 20.1% after 33% decay,384.0,96
2026-03-09T09:35:00+05:30,portfolio_hist,PREMIUM,SKIP,idle,23758.7,24.02,1.0,0.0,0.0,1.039,0.143,3.101,1,9,35,0,0,65,0,65,75,trending,0.0,0,,,
2026-03-09T09:40:00+05:30,portfolio_hist,PREMIUM,SKIP,idle,23767.35,24.15,1.0,0.0,0.0,1.039,0.18,3.101,1,9,40,0,0,52,0,52,75,trending,0.0,0,,,
2026-03-09T09:45:00+05:30,portfolio_hist,PREMIUM,SKIP,idle,23716.95,24.46,1.0,0.0,0.0,1.039,0.033,0.852,1,9,45,0,0,65,0,65,75,high_vol_range,0.0,0,,,
2026-03-09T09:50:00+05:30,portfolio_hist,PREMIUM,SKIP,idle,23761.4,24.19,1.0,0.0,0.0,1.039,0.154,0.368,1,9,50,0,0,64,0,64,75,high_vol_range,0.0,0,,,
2026-03-09T09:55:00+05:30,portfolio_hist,PREMIUM,SKIP,idle,23776.7,24.32,1.0,0.0,0.0,1.038,0.219,0.368,1,9,55,0,0,64,0,64,75,high_vol_range,0.0,0,,,
2026-03-09T10:00:00+05:30,portfolio_hist,PREMIUM,SKIP,idle,23769.0,24.29,1.0,0.0,0.0,1.039,0.187,0.322,1,10,0,0,0,64,0,64,65,high_vol_range,0.0,0,,,
2026-03-09T10:00:00+05:30,portfolio_hist,TREND,ENTER,debit_spread,23769.0,24.29,1.0,0.0,0.0,1.039,0.187,0.322,1,10,0,0,0,75,0,75,60,high_vol_range,32.74,75,,,
2026-03-09T10:02:00+05:30,portfolio_hist,PREMIUM,ENTER,iron_condor,23759.5,24.3,1.0,0.0,0.0,1.039,0.146,0.322,1,10,2,0,0,77,0,77,65,high_vol_range,39.13,75,,,
2026-03-09T10:10:00+05:30,portfolio_hist,TREND,EXIT,debit_spread,23824.05,24.1,1.0,0.0,0.0,1.039,0.419,0.386,1,10,10,0,0,0,0,0,0,high_vol_range,0.0,0,Trend stop: lost 21.3%,-522.75,10
2026-03-09T11:38:00+05:30,portfolio_hist,PREMIUM,EXIT,iron_condor,23894.6,23.49,1.0,0.0,0.0,1.038,0.716,0.398,1,11,38,0,0,0,0,0,0,high_vol_range,0.0,0,Trail stop: bounced 20.1% after 33% decay,384.0,96
2026-03-09T09:35:00+05:30,portfolio_hist,PREMIUM,SKIP,idle,23758.7,24.02,1.0,0.0,0.0,1.039,0.143,3.101,1,9,35,0,0,65,0,65,75,trending,0.0,0,,,
2026-03-09T09:40:00+05:30,portfolio_hist,PREMIUM,SKIP,idle,23767.35,24.15,1.0,0.0,0.0,1.039,0.18,3.101,1,9,40,0,0,52,0,52,75,trending,0.0,0,,,
2026-03-09T09:45:00+05:30,portfolio_hist,PREMIUM,SKIP,idle,23716.95,24.46,1.0,0.0,0.0,1.039,0.033,0.852,1,9,45,0,0,65,0,65,75,high_vol_range,0.0,0,,,
2026-03-09T09:50:00+05:30,portfolio_hist,PREMIUM,SKIP,idle,23761.4,24.19,1.0,0.0,0.0,1.039,0.154,0.368,1,9,50,0,0,64,0,64,75,high_vol_range,0.0,0,,,
2026-03-09T09:55:00+05:30,portfolio_hist,PREMIUM,SKIP,idle,23776.7,24.32,1.0,0.0,0.0,1.038,0.219,0.368,1,9,55,0,0,64,0,64,75,high_vol_range,0.0,0,,,
2026-03-09T10:00:00+05:30,portfolio_hist,PREMIUM,SKIP,idle,23769.0,24.29,1.0,0.0,0.0,1.039,0.187,0.322,1,10,0,0,0,64,0,64,65,high_vol_range,0.0,0,,,
2026-03-09T10:00:00+05:30,portfolio_hist,TREND,ENTER,debit_spread,23769.0,24.29,1.0,0.0,0.0,1.039,0.187,0.322,1,10,0,0,0,75,0,75,60,high_vol_range,32.74,75,,,
2026-03-09T10:02:00+05:30,portfolio_hist,PREMIUM,ENTER,iron_condor,23759.5,24.3,1.0,0.0,0.0,1.039,0.146,0.322,1,10,2,0,0,77,0,77,65,high_vol_range,39.13,75,,,
2026-03-09T10:10:00+05:30,portfolio_hist,TREND,EXIT,debit_spread,23824.05,24.1,1.0,0.0,0.0,1.039,0.419,0.386,1,10,10,0,0,0,0,0,0,high_vol_range,0.0,0,Trend stop: lost 21.3%,-522.75,10
2026-03-09T11:38:00+05:30,portfolio_hist,PREMIUM,EXIT,iron_condor,23894.6,23.49,1.0,0.0,0.0,1.038,0.716,0.398,1,11,38,0,0,0,0,0,0,high_vol_range,0.0,0,Trail stop: bounced 20.1% after 33% decay,384.0,96
2026-03-09T09:35:00+05:30,portfolio_hist,PREMIUM,SKIP,idle,23758.7,24.02,1.0,0.0,0.0,1.039,0.143,3.101,1,9,35,0,0,65,0,65,75,trending,0.0,0,,,
2026-03-09T09:40:00+05:30,portfolio_hist,PREMIUM,SKIP,idle,23767.35,24.15,1.0,0.0,0.0,1.039,0.18,3.101,1,9,40,0,0,52,0,52,75,trending,0.0,0,,,
2026-03-09T09:45:00+05:30,portfolio_hist,PREMIUM,SKIP,idle,23716.95,24.46,1.0,0.0,0.0,1.039,0.033,0.852,1,9,45,0,0,65,0,65,75,high_vol_range,0.0,0,,,
2026-03-09T09:50:00+05:30,portfolio_hist,PREMIUM,SKIP,idle,23761.4,24.19,1.0,0.0,0.0,1.039,0.154,0.368,1,9,50,0,0,64,0,64,75,high_vol_range,0.0,0,,,
2026-03-09T09:55:00+05:30,portfolio_hist,PREMIUM,SKIP,idle,23776.7,24.32,1.0,0.0,0.0,1.038,0.219,0.368,1,9,55,0,0,64,0,64,75,high_vol_range,0.0,0,,,
2026-03-09T10:00:00+05:30,portfolio_hist,PREMIUM,SKIP,idle,23769.0,24.29,1.0,0.0,0.0,1.039,0.187,0.322,1,10,0,0,0,64,0,64,65,high_vol_range,0.0,0,,,
2026-03-09T10:00:00+05:30,portfolio_hist,TREND,ENTER,debit_spread,23769.0,24.29,1.0,0.0,0.0,1.039,0.187,0.322,1,10,0,0,0,75,0,75,60,high_vol_range,32.74,75,,,
2026-03-09T10:02:00+05:30,portfolio_hist,PREMIUM,ENTER,iron_condor,23759.5,24.3,1.0,0.0,0.0,1.039,0.146,0.322,1,10,2,0,0,77,0,77,65,high_vol_range,39.13,75,,,
2026-03-09T10:10:00+05:30,portfolio_hist,TREND,EXIT,debit_spread,23824.05,24.1,1.0,0.0,0.0,1.039,0.419,0.386,1,10,10,0,0,0,0,0,0,high_vol_range,0.0,0,Trend stop: lost 21.3%,-522.75,10
2026-03-09T11:38:00+05:30,portfolio_hist,PREMIUM,EXIT,iron_condor,23894.6,23.49,1.0,0.0,0.0,1.038,0.716,0.398,1,11,38,0,0,0,0,0,0,high_vol_range,0.0,0,Trail stop: bounced 20.1% after 33% decay,384.0,96
2026-03-09T09:35:00+05:30,portfolio_hist,PREMIUM,SKIP,idle,23758.7,24.02,1.0,0.0,0.0,1.039,0.143,3.101,1,9,35,0,0,65,0,65,75,trending,0.0,0,,,
2026-03-09T09:40:00+05:30,portfolio_hist,PREMIUM,SKIP,idle,23767.35,24.15,1.0,0.0,0.0,1.039,0.18,3.101,1,9,40,0,0,52,0,52,75,trending,0.0,0,,,
2026-03-09T09:45:00+05:30,portfolio_hist,PREMIUM,SKIP,idle,23716.95,24.46,1.0,0.0,0.0,1.039,0.033,0.852,1,9,45,0,0,65,0,65,75,high_vol_range,0.0,0,,,
2026-03-09T09:50:00+05:30,portfolio_hist,PREMIUM,SKIP,idle,23761.4,24.19,1.0,0.0,0.0,1.039,0.154,0.368,1,9,50,0,0,64,0,64,75,high_vol_range,0.0,0,,,
2026-03-09T09:55:00+05:30,portfolio_hist,PREMIUM,SKIP,idle,23776.7,24.32,1.0,0.0,0.0,1.038,0.219,0.368,1,9,55,0,0,64,0,64,75,high_vol_range,0.0,0,,,
2026-03-09T10:00:00+05:30,portfolio_hist,PREMIUM,SKIP,idle,23769.0,24.29,1.0,0.0,0.0,1.039,0.187,0.322,1,10,0,0,0,64,0,64,65,high_vol_range,0.0,0,,,
2026-03-09T10:00:00+05:30,portfolio_hist,TREND,ENTER,debit_spread,23769.0,24.29,1.0,0.0,0.0,1.039,0.187,0.322,1,10,0,0,0,75,0,75,60,high_vol_range,32.74,75,,,
2026-03-09T10:02:00+05:30,portfolio_hist,PREMIUM,ENTER,iron_condor,23759.5,24.3,1.0,0.0,0.0,1.039,0.146,0.322,1,10,2,0,0,77,0,77,65,high_vol_range,39.13,75,,,
2026-03-09T10:51:00+05:30,portfolio_hist,TREND,EXIT,debit_spread,23845.9,23.83,1.0,0.0,0.0,1.038,0.511,0.14,1,10,51,0,0,0,0,0,0,high_vol_range,0.0,0,Trend stop: lost 33.6%,-825.0,51
2026-03-09T11:11:00+05:30,portfolio_hist,PREMIUM,EXIT,iron_condor,23791.45,24.05,1.0,0.0,0.0,1.038,0.281,0.551,1,11,11,0,0,0,0,0,0,high_vol_range,0.0,0,Profit target: premium decayed 31.0%,909.75,69
2026-03-09T09:35:00+05:30,portfolio_hist,PREMIUM,SKIP,idle,23758.7,24.02,1.0,0.0,0.0,1.039,0.143,3.101,1,9,35,0,0,65,0,65,75,trending,0.0,0,,,
2026-03-09T09:40:00+05:30,portfolio_hist,PREMIUM,SKIP,idle,23767.35,24.15,1.0,0.0,0.0,1.039,0.18,3.101,1,9,40,0,0,52,0,52,75,trending,0.0,0,,,
2026-03-09T09:45:00+05:30,portfolio_hist,PREMIUM,SKIP,idle,23716.95,24.46,1.0,0.0,0.0,1.039,0.033,0.852,1,9,45,0,0,65,0,65,75,high_vol_range,0.0,0,,,
2026-03-09T09:50:00+05:30,portfolio_hist,PREMIUM,SKIP,idle,23761.4,24.19,1.0,0.0,0.0,1.039,0.154,0.368,1,9,50,0,0,64,0,64,75,high_vol_range,0.0,0,,,
2026-03-09T09:55:00+05:30,portfolio_hist,PREMIUM,SKIP,idle,23776.7,24.32,1.0,0.0,0.0,1.038,0.219,0.368,1,9,55,0,0,64,0,64,75,high_vol_range,0.0,0,,,
2026-03-09T10:00:00+05:30,portfolio_hist,PREMIUM,SKIP,idle,23769.0,24.29,1.0,0.0,0.0,1.039,0.187,0.322,1,10,0,0,0,64,0,64,65,high_vol_range,0.0,0,,,
2026-03-09T10:00:00+05:30,portfolio_hist,TREND,ENTER,debit_spread,23769.0,24.29,1.0,0.0,0.0,1.039,0.187,0.322,1,10,0,0,0,75,0,75,60,high_vol_range,32.74,75,,,
2026-03-09T10:02:00+05:30,portfolio_hist,PREMIUM,ENTER,iron_condor,23759.5,24.3,1.0,0.0,0.0,1.039,0.146,0.322,1,10,2,0,0,77,0,77,65,high_vol_range,39.13,75,,,
2026-03-09T10:51:00+05:30,portfolio_hist,TREND,EXIT,debit_spread,23845.9,23.83,1.0,0.0,0.0,1.038,0.511,0.14,1,10,51,0,0,0,0,0,0,high_vol_range,0.0,0,Trend stop: lost 33.6%,-825.0,51
2026-03-09T11:38:00+05:30,portfolio_hist,PREMIUM,EXIT,iron_condor,23894.6,23.49,1.0,0.0,0.0,1.038,0.716,0.398,1,11,38,0,0,0,0,0,0,high_vol_range,0.0,0,Trail stop: bounced 20.1% after 33% decay,384.0,96
2026-03-09T09:35:00+05:30,portfolio_hist,PREMIUM,SKIP,idle,23758.7,24.02,1.0,0.0,0.0,1.039,0.143,3.101,1,9,35,0,0,65,0,65,75,trending,0.0,0,,,
2026-03-09T09:40:00+05:30,portfolio_hist,PREMIUM,SKIP,idle,23767.35,24.15,1.0,0.0,0.0,1.039,0.18,3.101,1,9,40,0,0,52,0,52,75,trending,0.0,0,,,
2026-03-09T09:45:00+05:30,portfolio_hist,PREMIUM,SKIP,idle,23716.95,24.46,1.0,0.0,0.0,1.039,0.033,0.852,1,9,45,0,0,65,0,65,75,high_vol_range,0.0,0,,,
2026-03-09T09:50:00+05:30,portfolio_hist,PREMIUM,SKIP,idle,23761.4,24.19,1.0,0.0,0.0,1.039,0.154,0.368,1,9,50,0,0,64,0,64,75,high_vol_range,0.0,0,,,
2026-03-09T09:55:00+05:30,portfolio_hist,PREMIUM,SKIP,idle,23776.7,24.32,1.0,0.0,0.0,1.038,0.219,0.368,1,9,55,0,0,64,0,64,75,high_vol_range,0.0,0,,,
2026-03-09T10:00:00+05:30,portfolio_hist,PREMIUM,SKIP,idle,23769.0,24.29,1.0,0.0,0.0,1.039,0.187,0.322,1,10,0,0,0,64,0,64,65,high_vol_range,0.0,0,,,
2026-03-09T10:00:00+05:30,portfolio_hist,TREND,ENTER,debit_spread,23769.0,24.29,1.0,0.0,0.0,1.039,0.187,0.322,1,10,0,0,0,75,0,75,60,high_vol_range,32.74,75,,,
2026-03-09T10:02:00+05:30,portfolio_hist,PREMIUM,ENTER,iron_condor,23759.5,24.3,1.0,0.0,0.0,1.039,0.146,0.322,1,10,2,0,0,77,0,77,65,high_vol_range,39.13,75,,,
2026-03-09T10:51:00+05:30,portfolio_hist,TREND,EXIT,debit_spread,23845.9,23.83,1.0,0.0,0.0,1.038,0.511,0.14,1,10,51,0,0,0,0,0,0,high_vol_range,0.0,0,Trend stop: lost 33.6%,-825.0,51
2026-03-09T11:38:00+05:30,portfolio_hist,PREMIUM,EXIT,iron_condor,23894.6,23.49,1.0,0.0,0.0,1.038,0.716,0.398,1,11,38,0,0,0,0,0,0,high_vol_range,0.0,0,Trail stop: bounced 20.1% after 33% decay,384.0,96
2026-03-09T09:35:00+05:30,portfolio_hist,PREMIUM,SKIP,idle,23758.7,24.02,1.0,0.0,0.0,1.039,0.143,3.101,1,9,35,0,0,65,0,65,75,trending,0.0,0,,,
2026-03-09T09:40:00+05:30,portfolio_hist,PREMIUM,SKIP,idle,23767.35,24.15,1.0,0.0,0.0,1.039,0.18,3.101,1,9,40,0,0,52,0,52,75,trending,0.0,0,,,
2026-03-09T09:45:00+05:30,portfolio_hist,PREMIUM,SKIP,idle,23716.95,24.46,1.0,0.0,0.0,1.039,0.033,0.852,1,9,45,0,0,65,0,65,75,high_vol_range,0.0,0,,,
2026-03-09T09:50:00+05:30,portfolio_hist,PREMIUM,SKIP,idle,23761.4,24.19,1.0,0.0,0.0,1.039,0.154,0.368,1,9,50,0,0,64,0,64,75,high_vol_range,0.0,0,,,
2026-03-09T09:55:00+05:30,portfolio_hist,PREMIUM,SKIP,idle,23776.7,24.32,1.0,0.0,0.0,1.038,0.219,0.368,1,9,55,0,0,64,0,64,75,high_vol_range,0.0,0,,,
2026-03-09T10:00:00+05:30,portfolio_hist,PREMIUM,SKIP,idle,23769.0,24.29,1.0,0.0,0.0,1.039,0.187,0.322,1,10,0,0,0,64,0,64,65,high_vol_range,0.0,0,,,
2026-03-09T10:00:00+05:30,portfolio_hist,TREND,ENTER,debit_spread,23769.0,24.29,1.0,0.0,0.0,1.039,0.187,0.322,1,10,0,0,0,75,0,75,60,high_vol_range,32.74,75,,,
2026-03-09T10:02:00+05:30,portfolio_hist,PREMIUM,ENTER,iron_condor,23759.5,24.3,1.0,0.0,0.0,1.039,0.146,0.322,1,10,2,0,0,77,0,77,65,high_vol_range,39.13,75,,,
2026-03-09T10:51:00+05:30,portfolio_hist,TREND,EXIT,debit_spread,23845.9,23.83,1.0,0.0,0.0,1.038,0.511,0.14,1,10,51,0,0,0,0,0,0,high_vol_range,0.0,0,Trend stop: lost 33.6%,-825.0,51
2026-03-09T11:38:00+05:30,portfolio_hist,PREMIUM,EXIT,iron_condor,23894.6,23.49,1.0,0.0,0.0,1.038,0.716,0.398,1,11,38,0,0,0,0,0,0,high_vol_range,0.0,0,Trail stop: bounced 20.1% after 33% decay,384.0,96
2026-03-09T09:35:00+05:30,portfolio_hist,PREMIUM,SKIP,idle,23758.7,24.02,1.0,0.0,0.0,1.039,0.143,3.101,1,9,35,0,0,65,0,65,75,trending,0.0,0,,,
2026-03-09T09:40:00+05:30,portfolio_hist,PREMIUM,SKIP,idle,23767.35,24.15,1.0,0.0,0.0,1.039,0.18,3.101,1,9,40,0,0,52,0,52,75,trending,0.0,0,,,
2026-03-09T09:45:00+05:30,portfolio_hist,PREMIUM,SKIP,idle,23716.95,24.46,1.0,0.0,0.0,1.039,0.033,0.852,1,9,45,0,0,65,0,65,75,high_vol_range,0.0,0,,,
2026-03-09T09:50:00+05:30,portfolio_hist,PREMIUM,SKIP,idle,23761.4,24.19,1.0,0.0,0.0,1.039,0.154,0.368,1,9,50,0,0,64,0,64,75,high_vol_range,0.0,0,,,
2026-03-09T09:55:00+05:30,portfolio_hist,PREMIUM,SKIP,idle,23776.7,24.32,1.0,0.0,0.0,1.038,0.219,0.368,1,9,55,0,0,64,0,64,75,high_vol_range,0.0,0,,,
2026-03-09T10:00:00+05:30,portfolio_hist,PREMIUM,SKIP,idle,23769.0,24.29,1.0,0.0,0.0,1.039,0.187,0.322,1,10,0,0,0,64,0,64,65,high_vol_range,0.0,0,,,
2026-03-09T10:00:00+05:30,portfolio_hist,TREND,ENTER,debit_spread,23769.0,24.29,1.0,0.0,0.0,1.039,0.187,0.322,1,10,0,0,0,75,0,75,60,high_vol_range,32.74,75,,,
2026-03-09T10:02:00+05:30,portfolio_hist,PREMIUM,ENTER,iron_condor,23759.5,24.3,1.0,0.0,0.0,1.039,0.146,0.322,1,10,2,0,0,77,0,77,65,high_vol_range,39.13,75,,,
2026-03-09T10:51:00+05:30,portfolio_hist,TREND,EXIT,debit_spread,23845.9,23.83,1.0,0.0,0.0,1.038,0.511,0.14,1,10,51,0,0,0,0,0,0,high_vol_range,0.0,0,Trend stop: lost 33.6%,-825.0,51
2026-03-09T11:38:00+05:30,portfolio_hist,PREMIUM,EXIT,iron_condor,23894.6,23.49,1.0,0.0,0.0,1.038,0.716,0.398,1,11,38,0,0,0,0,0,0,high_vol_range,0.0,0,Trail stop: bounced 20.1% after 33% decay,384.0,96
2026-03-09T09:35:00+05:30,portfolio_hist,PREMIUM,SKIP,idle,23758.7,24.02,1.0,0.0,0.0,1.039,0.143,3.101,1,9,35,0,0,65,0,65,75,trending,0.0,0,,,
2026-03-09T09:40:00+05:30,portfolio_hist,PREMIUM,SKIP,idle,23767.35,24.15,1.0,0.0,0.0,1.039,0.18,3.101,1,9,40,0,0,52,0,52,75,trending,0.0,0,,,
2026-03-09T09:45:00+05:30,portfolio_hist,PREMIUM,SKIP,idle,23716.95,24.46,1.0,0.0,0.0,1.039,0.033,0.852,1,9,45,0,0,65,0,65,75,high_vol_range,0.0,0,,,
2026-03-09T09:50:00+05:30,portfolio_hist,PREMIUM,SKIP,idle,23761.4,24.19,1.0,0.0,0.0,1.039,0.154,0.368,1,9,50,0,0,64,0,64,75,high_vol_range,0.0,0,,,
2026-03-09T09:55:00+05:30,portfolio_hist,PREMIUM,SKIP,idle,23776.7,24.32,1.0,0.0,0.0,1.038,0.219,0.368,1,9,55,0,0,64,0,64,75,high_vol_range,0.0,0,,,
2026-03-09T10:00:00+05:30,portfolio_hist,PREMIUM,SKIP,idle,23769.0,24.29,1.0,0.0,0.0,1.039,0.187,0.322,1,10,0,0,0,64,0,64,65,high_vol_range,0.0,0,,,
2026-03-09T10:00:00+05:30,portfolio_hist,TREND,ENTER,debit_spread,23769.0,24.29,1.0,0.0,0.0,1.039,0.187,0.322,1,10,0,0,0,75,0,75,60,high_vol_range,32.74,75,,,
2026-03-09T10:02:00+05:30,portfolio_hist,PREMIUM,ENTER,iron_condor,23759.5,24.3,1.0,0.0,0.0,1.039,0.146,0.322,1,10,2,0,0,77,0,77,65,high_vol_range,39.13,75,,,
2026-03-09T10:51:00+05:30,portfolio_hist,TREND,EXIT,debit_spread,23845.9,23.83,1.0,0.0,0.0,1.038,0.511,0.14,1,10,51,0,0,0,0,0,0,high_vol_range,0.0,0,Trend stop: lost 33.6%,-825.0,51
2026-03-09T11:11:00+05:30,portfolio_hist,PREMIUM,EXIT,iron_condor,23791.45,24.05,1.0,0.0,0.0,1.038,0.281,0.551,1,11,11,0,0,0,0,0,0,high_vol_range,0.0,0,Profit target: premium decayed 31.0%,909.75,69
2026-03-09T09:35:00+05:30,portfolio_hist,PREMIUM,SKIP,idle,23758.7,24.02,1.0,0.0,0.0,1.039,0.143,3.101,1,9,35,0,0,65,0,65,75,trending,0.0,0,,,
2026-03-09T09:40:00+05:30,portfolio_hist,PREMIUM,SKIP,idle,23767.35,24.15,1.0,0.0,0.0,1.039,0.18,3.101,1,9,40,0,0,52,0,52,75,trending,0.0,0,,,
2026-03-09T09:45:00+05:30,portfolio_hist,PREMIUM,SKIP,idle,23716.95,24.46,1.0,0.0,0.0,1.039,0.033,0.852,1,9,45,0,0,65,0,65,75,high_vol_range,0.0,0,,,
2026-03-09T09:50:00+05:30,portfolio_hist,PREMIUM,SKIP,idle,23761.4,24.19,1.0,0.0,0.0,1.039,0.154,0.368,1,9,50,0,0,64,0,64,75,high_vol_range,0.0,0,,,
2026-03-09T09:55:00+05:30,portfolio_hist,PREMIUM,SKIP,idle,23776.7,24.32,1.0,0.0,0.0,1.038,0.219,0.368,1,9,55,0,0,64,0,64,75,high_vol_range,0.0,0,,,
2026-03-09T10:00:00+05:30,portfolio_hist,PREMIUM,SKIP,idle,23769.0,24.29,1.0,0.0,0.0,1.039,0.187,0.322,1,10,0,0,0,64,0,64,65,high_vol_range,0.0,0,,,
2026-03-09T10:00:00+05:30,portfolio_hist,TREND,ENTER,debit_spread,23769.0,24.29,1.0,0.0,0.0,1.039,0.187,0.322,1,10,0,0,0,75,0,75,60,high_vol_range,32.74,75,,,
2026-03-09T10:02:00+05:30,portfolio_hist,PREMIUM,ENTER,iron_condor,23759.5,24.3,1.0,0.0,0.0,1.039,0.146,0.322,1,10,2,0,0,77,0,77,65,high_vol_range,39.13,75,,,
2026-03-09T10:51:00+05:30,portfolio_hist,TREND,EXIT,debit_spread,23845.9,23.83,1.0,0.0,0.0,1.038,0.511,0.14,1,10,51,0,0,0,0,0,0,high_vol_range,0.0,0,Trend stop: lost 33.6%,-825.0,51
2026-03-09T11:38:00+05:30,portfolio_hist,PREMIUM,EXIT,iron_condor,23894.6,23.49,1.0,0.0,0.0,1.038,0.716,0.398,1,11,38,0,0,0,0,0,0,high_vol_range,0.0,0,Trail stop: bounced 20.1% after 33% decay,384.0,96
2026-03-09T09:35:00+05:30,portfolio_hist,PREMIUM,SKIP,idle,23758.7,24.02,1.0,0.0,0.0,1.039,0.143,3.101,1,9,35,0,0,65,0,65,75,trending,0.0,0,,,
2026-03-09T09:40:00+05:30,portfolio_hist,PREMIUM,SKIP,idle,23767.35,24.15,1.0,0.0,0.0,1.039,0.18,3.101,1,9,40,0,0,52,0,52,75,trending,0.0,0,,,
2026-03-09T09:45:00+05:30,portfolio_hist,PREMIUM,SKIP,idle,23716.95,24.46,1.0,0.0,0.0,1.039,0.033,0.852,1,9,45,0,0,65,0,65,75,high_vol_range,0.0,0,,,
2026-03-09T09:50:00+05:30,portfolio_hist,PREMIUM,SKIP,idle,23761.4,24.19,1.0,0.0,0.0,1.039,0.154,0.368,1,9,50,0,0,64,0,64,75,high_vol_range,0.0,0,,,
2026-03-09T09:55:00+05:30,portfolio_hist,PREMIUM,SKIP,idle,23776.7,24.32,1.0,0.0,0.0,1.038,0.219,0.368,1,9,55,0,0,64,0,64,75,high_vol_range,0.0,0,,,
2026-03-09T10:00:00+05:30,portfolio_hist,PREMIUM,SKIP,idle,23769.0,24.29,1.0,0.0,0.0,1.039,0.187,0.322,1,10,0,0,0,64,0,64,65,high_vol_range,0.0,0,,,
2026-03-09T10:00:00+05:30,portfolio_hist,TREND,ENTER,debit_spread,23769.0,24.29,1.0,0.0,0.0,1.039,0.187,0.322,1,10,0,0,0,75,0,75,60,high_vol_range,32.74,75,,,
2026-03-09T10:02:00+05:30,portfolio_hist,PREMIUM,ENTER,iron_condor,23759.5,24.3,1.0,0.0,0.0,1.039,0.146,0.322,1,10,2,0,0,77,0,77,65,high_vol_range,39.13,75,,,
2026-03-09T10:51:00+05:30,portfolio_hist,TREND,EXIT,debit_spread,23845.9,23.83,1.0,0.0,0.0,1.038,0.511,0.14,1,10,51,0,0,0,0,0,0,high_vol_range,0.0,0,Trend stop: lost 33.6%,-825.0,51
2026-03-09T11:38:00+05:30,portfolio_hist,PREMIUM,EXIT,iron_condor,23894.6,23.49,1.0,0.0,0.0,1.038,0.716,0.398,1,11,38,0,0,0,0,0,0,high_vol_range,0.0,0,Trail stop: bounced 20.1% after 33% decay,384.0,96
2026-03-09T09:35:00+05:30,portfolio_hist,PREMIUM,SKIP,idle,23758.7,24.02,1.0,0.0,0.0,1.039,0.143,3.101,1,9,35,0,0,65,0,65,75,trending,0.0,0,,,
2026-03-09T09:40:00+05:30,portfolio_hist,PREMIUM,SKIP,idle,23767.35,24.15,1.0,0.0,0.0,1.039,0.18,3.101,1,9,40,0,0,52,0,52,75,trending,0.0,0,,,
2026-03-09T09:45:00+05:30,portfolio_hist,PREMIUM,SKIP,idle,23716.95,24.46,1.0,0.0,0.0,1.039,0.033,0.852,1,9,45,0,0,65,0,65,75,high_vol_range,0.0,0,,,
2026-03-09T09:50:00+05:30,portfolio_hist,PREMIUM,SKIP,idle,23761.4,24.19,1.0,0.0,0.0,1.039,0.154,0.368,1,9,50,0,0,64,0,64,75,high_vol_range,0.0,0,,,
2026-03-09T09:55:00+05:30,portfolio_hist,PREMIUM,SKIP,idle,23776.7,24.32,1.0,0.0,0.0,1.038,0.219,0.368,1,9,55,0,0,64,0,64,75,high_vol_range,0.0,0,,,
2026-03-09T10:00:00+05:30,portfolio_hist,PREMIUM,SKIP,idle,23769.0,24.29,1.0,0.0,0.0,1.039,0.187,0.322,1,10,0,0,0,64,0,64,65,high_vol_range,0.0,0,,,
2026-03-09T10:00:00+05:30,portfolio_hist,TREND,ENTER,debit_spread,23769.0,24.29,1.0,0.0,0.0,1.039,0.187,0.322,1,10,0,0,0,75,0,75,60,high_vol_range,32.74,75,,,
2026-03-09T10:02:00+05:30,portfolio_hist,PREMIUM,ENTER,iron_condor,23759.5,24.3,1.0,0.0,0.0,1.039,0.146,0.322,1,10,2,0,0,77,0,77,65,high_vol_range,39.13,75,,,
2026-03-09T10:51:00+05:30,portfolio_hist,TREND,EXIT,debit_spread,23845.9,23.83,1.0,0.0,0.0,1.038,0.511,0.14,1,10,51,0,0,0,0,0,0,high_vol_range,0.0,0,Trend stop: lost 33.6%,-825.0,51
2026-03-09T11:38:00+05:30,portfolio_hist,PREMIUM,EXIT,iron_condor,23894.6,23.49,1.0,0.0,0.0,1.038,0.716,0.398,1,11,38,0,0,0,0,0,0,high_vol_range,0.0,0,Trail stop: bounced 20.1% after 33% decay,384.0,96
2026-03-09T09:35:00+05:30,portfolio_hist,PREMIUM,SKIP,idle,23758.7,24.02,1.0,0.0,0.0,1.039,0.143,3.101,1,9,35,0,0,65,0,65,75,trending,0.0,0,,,
2026-03-09T09:40:00+05:30,portfolio_hist,PREMIUM,SKIP,idle,23767.35,24.15,1.0,0.0,0.0,1.039,0.18,3.101,1,9,40,0,0,52,0,52,75,trending,0.0,0,,,
2026-03-09T09:45:00+05:30,portfolio_hist,PREMIUM,SKIP,idle,23716.95,24.46,1.0,0.0,0.0,1.039,0.033,0.852,1,9,45,0,0,65,0,65,75,high_vol_range,0.0,0,,,
2026-03-09T09:50:00+05:30,portfolio_hist,PREMIUM,SKIP,idle,23761.4,24.19,1.0,0.0,0.0,1.039,0.154,0.368,1,9,50,0,0,64,0,64,75,high_vol_range,0.0,0,,,
2026-03-09T09:55:00+05:30,portfolio_hist,PREMIUM,SKIP,idle,23776.7,24.32,1.0,0.0,0.0,1.038,0.219,0.368,1,9,55,0,0,64,0,64,75,high_vol_range,0.0,0,,,
2026-03-09T10:00:00+05:30,portfolio_hist,PREMIUM,SKIP,idle,23769.0,24.29,1.0,0.0,0.0,1.039,0.187,0.322,1,10,0,0,0,64,0,64,65,high_vol_range,0.0,0,,,
2026-03-09T10:00:00+05:30,portfolio_hist,TREND,ENTER,debit_spread,23769.0,24.29,1.0,0.0,0.0,1.039,0.187,0.322,1,10,0,0,0,75,0,75,60,high_vol_range,32.74,75,,,
2026-03-09T10:02:00+05:30,portfolio_hist,PREMIUM,ENTER,iron_condor,23759.5,24.3,1.0,0.0,0.0,1.039,0.146,0.322,1,10,2,0,0,77,0,77,65,high_vol_range,39.13,75,,,
2026-03-09T10:51:00+05:30,portfolio_hist,TREND,EXIT,debit_spread,23845.9,23.83,1.0,0.0,0.0,1.038,0.511,0.14,1,10,51,0,0,0,0,0,0,high_vol_range,0.0,0,Trend stop: lost 33.6%,-825.0,51
2026-03-09T11:38:00+05:30,portfolio_hist,PREMIUM,EXIT,iron_condor,23894.6,23.49,1.0,0.0,0.0,1.038,0.716,0.398,1,11,38,0,0,0,0,0,0,high_vol_range,0.0,0,Trail stop: bounced 20.1% after 33% decay,384.0,96
2026-03-09T09:35:00+05:30,portfolio_hist,PREMIUM,SKIP,idle,23758.7,24.02,1.0,0.0,0.0,1.039,0.143,3.101,1,9,35,0,0,65,0,65,75,trending,0.0,0,,,
2026-03-09T09:40:00+05:30,portfolio_hist,PREMIUM,SKIP,idle,23767.35,24.15,1.0,0.0,0.0,1.039,0.18,3.101,1,9,40,0,0,52,0,52,75,trending,0.0,0,,,
2026-03-09T09:45:00+05:30,portfolio_hist,PREMIUM,SKIP,idle,23716.95,24.46,1.0,0.0,0.0,1.039,0.033,0.852,1,9,45,0,0,65,0,65,75,high_vol_range,0.0,0,,,
2026-03-09T09:50:00+05:30,portfolio_hist,PREMIUM,SKIP,idle,23761.4,24.19,1.0,0.0,0.0,1.039,0.154,0.368,1,9,50,0,0,64,0,64,75,high_vol_range,0.0,0,,,
2026-03-09T09:55:00+05:30,portfolio_hist,PREMIUM,SKIP,idle,23776.7,24.32,1.0,0.0,0.0,1.038,0.219,0.368,1,9,55,0,0,64,0,64,75,high_vol_range,0.0,0,,,
2026-03-09T10:00:00+05:30,portfolio_hist,PREMIUM,SKIP,idle,23769.0,24.29,1.0,0.0,0.0,1.039,0.187,0.322,1,10,0,0,0,64,0,64,65,high_vol_range,0.0,0,,,
2026-03-09T10:00:00+05:30,portfolio_hist,TREND,ENTER,debit_spread,23769.0,24.29,1.0,0.0,0.0,1.039,0.187,0.322,1,10,0,0,0,75,0,75,60,high_vol_range,32.74,75,,,
2026-03-09T10:02:00+05:30,portfolio_hist,PREMIUM,ENTER,iron_condor,23759.5,24.3,1.0,0.0,0.0,1.039,0.146,0.322,1,10,2,0,0,77,0,77,65,high_vol_range,39.13,75,,,
2026-03-09T10:51:00+05:30,portfolio_hist,TREND,EXIT,debit_spread,23845.9,23.83,1.0,0.0,0.0,1.038,0.511,0.14,1,10,51,0,0,0,0,0,0,high_vol_range,0.0,0,Trend stop: lost 33.6%,-825.0,51
2026-03-09T11:11:00+05:30,portfolio_hist,PREMIUM,EXIT,iron_condor,23791.45,24.05,1.0,0.0,0.0,1.038,0.281,0.551,1,11,11,0,0,0,0,0,0,high_vol_range,0.0,0,Profit target: premium decayed 31.0%,909.75,69
2026-03-09T09:35:00+05:30,portfolio_hist,PREMIUM,SKIP,idle,23758.7,24.02,1.0,0.0,0.0,1.039,0.143,3.101,1,9,35,0,0,65,0,65,75,trending,0.0,0,,,
2026-03-09T09:40:00+05:30,portfolio_hist,PREMIUM,SKIP,idle,23767.35,24.15,1.0,0.0,0.0,1.039,0.18,3.101,1,9,40,0,0,52,0,52,75,trending,0.0,0,,,
2026-03-09T09:45:00+05:30,portfolio_hist,PREMIUM,SKIP,idle,23716.95,24.46,1.0,0.0,0.0,1.039,0.033,0.852,1,9,45,0,0,65,0,65,75,high_vol_range,0.0,0,,,
2026-03-09T09:50:00+05:30,portfolio_hist,PREMIUM,SKIP,idle,23761.4,24.19,1.0,0.0,0.0,1.039,0.154,0.368,1,9,50,0,0,64,0,64,75,high_vol_range,0.0,0,,,
2026-03-09T09:55:00+05:30,portfolio_hist,PREMIUM,SKIP,idle,23776.7,24.32,1.0,0.0,0.0,1.038,0.219,0.368,1,9,55,0,0,64,0,64,75,high_vol_range,0.0,0,,,
2026-03-09T10:00:00+05:30,portfolio_hist,PREMIUM,SKIP,idle,23769.0,24.29,1.0,0.0,0.0,1.039,0.187,0.322,1,10,0,0,0,64,0,64,65,high_vol_range,0.0,0,,,
2026-03-09T10:00:00+05:30,portfolio_hist,TREND,ENTER,debit_spread,23769.0,24.29,1.0,0.0,0.0,1.039,0.187,0.322,1,10,0,0,0,75,0,75,60,high_vol_range,32.74,75,,,
2026-03-09T10:02:00+05:30,portfolio_hist,PREMIUM,ENTER,iron_condor,23759.5,24.3,1.0,0.0,0.0,1.039,0.146,0.322,1,10,2,0,0,77,0,77,65,high_vol_range,39.13,75,,,
2026-03-09T10:51:00+05:30,portfolio_hist,TREND,EXIT,debit_spread,23845.9,23.83,1.0,0.0,0.0,1.038,0.511,0.14,1,10,51,0,0,0,0,0,0,high_vol_range,0.0,0,Trend stop: lost 33.6%,-825.0,51
2026-03-09T11:38:00+05:30,portfolio_hist,PREMIUM,EXIT,iron_condor,23894.6,23.49,1.0,0.0,0.0,1.038,0.716,0.398,1,11,38,0,0,0,0,0,0,high_vol_range,0.0,0,Trail stop: bounced 20.1% after 33% decay,384.0,96
2026-03-09T09:35:00+05:30,portfolio_hist,PREMIUM,SKIP,idle,23758.7,24.02,1.0,0.0,0.0,1.039,0.143,3.101,1,9,35,0,0,65,0,65,75,trending,0.0,0,,,
2026-03-09T09:40:00+05:30,portfolio_hist,PREMIUM,SKIP,idle,23767.35,24.15,1.0,0.0,0.0,1.039,0.18,3.101,1,9,40,0,0,52,0,52,75,trending,0.0,0,,,
2026-03-09T09:45:00+05:30,portfolio_hist,PREMIUM,SKIP,idle,23716.95,24.46,1.0,0.0,0.0,1.039,0.033,0.852,1,9,45,0,0,65,0,65,75,high_vol_range,0.0,0,,,
2026-03-09T09:50:00+05:30,portfolio_hist,PREMIUM,SKIP,idle,23761.4,24.19,1.0,0.0,0.0,1.039,0.154,0.368,1,9,50,0,0,64,0,64,75,high_vol_range,0.0,0,,,
2026-03-09T09:55:00+05:30,portfolio_hist,PREMIUM,SKIP,idle,23776.7,24.32,1.0,0.0,0.0,1.038,0.219,0.368,1,9,55,0,0,64,0,64,75,high_vol_range,0.0,0,,,
2026-03-09T10:00:00+05:30,portfolio_hist,PREMIUM,SKIP,idle,23769.0,24.29,1.0,0.0,0.0,1.039,0.187,0.322,1,10,0,0,0,64,0,64,65,high_vol_range,0.0,0,,,
2026-03-09T10:00:00+05:30,portfolio_hist,TREND,ENTER,debit_spread,23769.0,24.29,1.0,0.0,0.0,1.039,0.187,0.322,1,10,0,0,0,75,0,75,60,high_vol_range,32.74,75,,,
2026-03-09T10:02:00+05:30,portfolio_hist,PREMIUM,ENTER,iron_condor,23759.5,24.3,1.0,0.0,0.0,1.039,0.146,0.322,1,10,2,0,0,77,0,77,65,high_vol_range,39.13,75,,,
2026-03-09T10:51:00+05:30,portfolio_hist,TREND,EXIT,debit_spread,23845.9,23.83,1.0,0.0,0.0,1.038,0.511,0.14,1,10,51,0,0,0,0,0,0,high_vol_range,0.0,0,Trend stop: lost 33.6%,-825.0,51
2026-03-09T11:38:00+05:30,portfolio_hist,PREMIUM,EXIT,iron_condor,23894.6,23.49,1.0,0.0,0.0,1.038,0.716,0.398,1,11,38,0,0,0,0,0,0,high_vol_range,0.0,0,Trail stop: bounced 20.1% after 33% decay,384.0,96
2026-03-09T09:35:00+05:30,portfolio_hist,PREMIUM,SKIP,idle,23758.7,24.02,1.0,0.0,0.0,1.039,0.143,3.101,1,9,35,0,0,65,0,65,75,trending,0.0,0,,,
2026-03-09T09:40:00+05:30,portfolio_hist,PREMIUM,SKIP,idle,23767.35,24.15,1.0,0.0,0.0,1.039,0.18,3.101,1,9,40,0,0,52,0,52,75,trending,0.0,0,,,
2026-03-09T09:45:00+05:30,portfolio_hist,PREMIUM,SKIP,idle,23716.95,24.46,1.0,0.0,0.0,1.039,0.033,0.852,1,9,45,0,0,65,0,65,75,high_vol_range,0.0,0,,,
2026-03-09T09:50:00+05:30,portfolio_hist,PREMIUM,SKIP,idle,23761.4,24.19,1.0,0.0,0.0,1.039,0.154,0.368,1,9,50,0,0,64,0,64,75,high_vol_range,0.0,0,,,
2026-03-09T09:55:00+05:30,portfolio_hist,PREMIUM,SKIP,idle,23776.7,24.32,1.0,0.0,0.0,1.038,0.219,0.368,1,9,55,0,0,64,0,64,75,high_vol_range,0.0,0,,,
2026-03-09T10:00:00+05:30,portfolio_hist,PREMIUM,SKIP,idle,23769.0,24.29,1.0,0.0,0.0,1.039,0.187,0.322,1,10,0,0,0,64,0,64,65,high_vol_range,0.0,0,,,
2026-03-09T10:00:00+05:30,portfolio_hist,TREND,ENTER,debit_spread,23769.0,24.29,1.0,0.0,0.0,1.039,0.187,0.322,1,10,0,0,0,75,0,75,60,high_vol_range,32.74,75,,,
2026-03-09T10:02:00+05:30,portfolio_hist,PREMIUM,ENTER,iron_condor,23759.5,24.3,1.0,0.0,0.0,1.039,0.146,0.322,1,10,2,0,0,77,0,77,65,high_vol_range,39.13,75,,,
2026-03-09T10:51:00+05:30,portfolio_hist,TREND,EXIT,debit_spread,23845.9,23.83,1.0,0.0,0.0,1.038,0.511,0.14,1,10,51,0,0,0,0,0,0,high_vol_range,0.0,0,Trend stop: lost 33.6%,-825.0,51
2026-03-09T11:38:00+05:30,portfolio_hist,PREMIUM,EXIT,iron_condor,23894.6,23.49,1.0,0.0,0.0,1.038,0.716,0.398,1,11,38,0,0,0,0,0,0,high_vol_range,0.0,0,Trail stop: bounced 20.1% after 33% decay,384.0,96
2026-03-09T09:35:00+05:30,portfolio_hist,PREMIUM,SKIP,idle,23758.7,24.02,1.0,0.0,0.0,1.039,0.143,3.101,1,9,35,0,0,65,0,65,75,trending,0.0,0,,,
2026-03-09T09:40:00+05:30,portfolio_hist,PREMIUM,SKIP,idle,23767.35,24.15,1.0,0.0,0.0,1.039,0.18,3.101,1,9,40,0,0,52,0,52,75,trending,0.0,0,,,
2026-03-09T09:45:00+05:30,portfolio_hist,PREMIUM,SKIP,idle,23716.95,24.46,1.0,0.0,0.0,1.039,0.033,0.852,1,9,45,0,0,65,0,65,75,high_vol_range,0.0,0,,,
2026-03-09T09:50:00+05:30,portfolio_hist,PREMIUM,SKIP,idle,23761.4,24.19,1.0,0.0,0.0,1.039,0.154,0.368,1,9,50,0,0,64,0,64,75,high_vol_range,0.0,0,,,
2026-03-09T09:55:00+05:30,portfolio_hist,PREMIUM,SKIP,idle,23776.7,24.32,1.0,0.0,0.0,1.038,0.219,0.368,1,9,55,0,0,64,0,64,75,high_vol_range,0.0,0,,,
2026-03-09T10:00:00+05:30,portfolio_hist,PREMIUM,SKIP,idle,23769.0,24.29,1.0,0.0,0.0,1.039,0.187,0.322,1,10,0,0,0,64,0,64,65,high_vol_range,0.0,0,,,
2026-03-09T10:00:00+05:30,portfolio_hist,TREND,ENTER,debit_spread,23769.0,24.29,1.0,0.0,0.0,1.039,0.187,0.322,1,10,0,0,0,75,0,75,60,high_vol_range,32.74,75,,,
2026-03-09T10:02:00+05:30,portfolio_hist,PREMIUM,ENTER,iron_condor,23759.5,24.3,1.0,0.0,0.0,1.039,0.146,0.322,1,10,2,0,0,77,0,77,65,high_vol_range,39.13,75,,,
2026-03-09T10:51:00+05:30,portfolio_hist,TREND,EXIT,debit_spread,23845.9,23.83,1.0,0.0,0.0,1.038,0.511,0.14,1,10,51,0,0,0,0,0,0,high_vol_range,0.0,0,Trend stop: lost 33.6%,-825.0,51
2026-03-09T11:38:00+05:30,portfolio_hist,PREMIUM,EXIT,iron_condor,23894.6,23.49,1.0,0.0,0.0,1.038,0.716,0.398,1,11,38,0,0,0,0,0,0,high_vol_range,0.0,0,Trail stop: bounced 20.1% after 33% decay,384.0,96
2026-03-09T09:35:00+05:30,portfolio_hist,PREMIUM,SKIP,idle,23758.7,24.02,1.0,0.0,0.0,1.039,0.143,3.101,1,9,35,0,0,65,0,65,75,trending,0.0,0,,,
2026-03-09T09:40:00+05:30,portfolio_hist,PREMIUM,SKIP,idle,23767.35,24.15,1.0,0.0,0.0,1.039,0.18,3.101,1,9,40,0,0,52,0,52,75,trending,0.0,0,,,
2026-03-09T09:45:00+05:30,portfolio_hist,PREMIUM,SKIP,idle,23716.95,24.46,1.0,0.0,0.0,1.039,0.033,0.852,1,9,45,0,0,65,0,65,75,high_vol_range,0.0,0,,,
2026-03-09T09:50:00+05:30,portfolio_hist,PREMIUM,SKIP,idle,23761.4,24.19,1.0,0.0,0.0,1.039,0.154,0.368,1,9,50,0,0,64,0,64,75,high_vol_range,0.0,0,,,
2026-03-09T09:55:00+05:30,portfolio_hist,PREMIUM,SKIP,idle,23776.7,24.32,1.0,0.0,0.0,1.038,0.219,0.368,1,9,55,0,0,64,0,64,75,high_vol_range,0.0,0,,,
2026-03-09T10:00:00+05:30,portfolio_hist,PREMIUM,SKIP,idle,23769.0,24.29,1.0,0.0,0.0,1.039,0.187,0.322,1,10,0,0,0,64,0,64,65,high_vol_range,0.0,0,,,
2026-03-09T10:00:00+05:30,portfolio_hist,TREND,ENTER,debit_spread,23769.0,24.29,1.0,0.0,0.0,1.039,0.187,0.322,1,10,0,0,0,75,0,75,60,high_vol_range,32.74,75,,,
2026-03-09T10:02:00+05:30,portfolio_hist,PREMIUM,ENTER,iron_condor,23759.5,24.3,1.0,0.0,0.0,1.039,0.146,0.322,1,10,2,0,0,77,0,77,65,high_vol_range,39.13,75,,,
2026-03-09T10:51:00+05:30,portfolio_hist,TREND,EXIT,debit_spread,23845.9,23.83,1.0,0.0,0.0,1.038,0.511,0.14,1,10,51,0,0,0,0,0,0,high_vol_range,0.0,0,Trend stop: lost 33.6%,-825.0,51
2026-03-09T11:11:00+05:30,portfolio_hist,PREMIUM,EXIT,iron_condor,23791.45,24.05,1.0,0.0,0.0,1.038,0.281,0.551,1,11,11,0,0,0,0,0,0,high_vol_range,0.0,0,Profit target: premium decayed 31.0%,909.75,69
2026-03-09T09:35:00+05:30,portfolio_hist,PREMIUM,SKIP,idle,23758.7,24.02,1.0,0.0,0.0,1.039,0.143,3.101,1,9,35,0,0,65,0,65,75,trending,0.0,0,,,
2026-03-09T09:40:00+05:30,portfolio_hist,PREMIUM,SKIP,idle,23767.35,24.15,1.0,0.0,0.0,1.039,0.18,3.101,1,9,40,0,0,52,0,52,75,trending,0.0,0,,,
2026-03-09T09:45:00+05:30,portfolio_hist,PREMIUM,SKIP,idle,23716.95,24.46,1.0,0.0,0.0,1.039,0.033,0.852,1,9,45,0,0,65,0,65,75,high_vol_range,0.0,0,,,
2026-03-09T09:50:00+05:30,portfolio_hist,PREMIUM,SKIP,idle,23761.4,24.19,1.0,0.0,0.0,1.039,0.154,0.368,1,9,50,0,0,64,0,64,75,high_vol_range,0.0,0,,,
2026-03-09T09:55:00+05:30,portfolio_hist,PREMIUM,SKIP,idle,23776.7,24.32,1.0,0.0,0.0,1.038,0.219,0.368,1,9,55,0,0,64,0,64,75,high_vol_range,0.0,0,,,
2026-03-09T10:00:00+05:30,portfolio_hist,PREMIUM,SKIP,idle,23769.0,24.29,1.0,0.0,0.0,1.039,0.187,0.322,1,10,0,0,0,64,0,64,65,high_vol_range,0.0,0,,,
2026-03-09T10:00:00+05:30,portfolio_hist,TREND,ENTER,debit_spread,23769.0,24.29,1.0,0.0,0.0,1.039,0.187,0.322,1,10,0,0,0,75,0,75,60,high_vol_range,32.74,75,,,
2026-03-09T10:02:00+05:30,portfolio_hist,PREMIUM,ENTER,iron_condor,23759.5,24.3,1.0,0.0,0.0,1.039,0.146,0.322,1,10,2,0,0,77,0,77,65,high_vol_range,39.13,75,,,
2026-03-09T10:51:00+05:30,portfolio_hist,TREND,EXIT,debit_spread,23845.9,23.83,1.0,0.0,0.0,1.038,0.511,0.14,1,10,51,0,0,0,0,0,0,high_vol_range,0.0,0,Trend stop: lost 33.6%,-825.0,51
2026-03-09T11:38:00+05:30,portfolio_hist,PREMIUM,EXIT,iron_condor,23894.6,23.49,1.0,0.0,0.0,1.038,0.716,0.398,1,11,38,0,0,0,0,0,0,high_vol_range,0.0,0,Trail stop: bounced 20.1% after 33% decay,384.0,96
2026-03-09T09:35:00+05:30,portfolio_hist,PREMIUM,SKIP,idle,23758.7,24.02,1.0,0.0,0.0,1.039,0.143,3.101,1,9,35,0,0,65,0,65,75,trending,0.0,0,,,
2026-03-09T09:40:00+05:30,portfolio_hist,PREMIUM,SKIP,idle,23767.35,24.15,1.0,0.0,0.0,1.039,0.18,3.101,1,9,40,0,0,52,0,52,75,trending,0.0,0,,,
2026-03-09T09:45:00+05:30,portfolio_hist,PREMIUM,SKIP,idle,23716.95,24.46,1.0,0.0,0.0,1.039,0.033,0.852,1,9,45,0,0,65,0,65,75,high_vol_range,0.0,0,,,
2026-03-09T09:50:00+05:30,portfolio_hist,PREMIUM,SKIP,idle,23761.4,24.19,1.0,0.0,0.0,1.039,0.154,0.368,1,9,50,0,0,64,0,64,75,high_vol_range,0.0,0,,,
2026-03-09T09:55:00+05:30,portfolio_hist,PREMIUM,SKIP,idle,23776.7,24.32,1.0,0.0,0.0,1.038,0.219,0.368,1,9,55,0,0,64,0,64,75,high_vol_range,0.0,0,,,
2026-03-09T10:00:00+05:30,portfolio_hist,PREMIUM,SKIP,idle,23769.0,24.29,1.0,0.0,0.0,1.039,0.187,0.322,1,10,0,0,0,64,0,64,65,high_vol_range,0.0,0,,,
2026-03-09T10:00:00+05:30,portfolio_hist,TREND,ENTER,debit_spread,23769.0,24.29,1.0,0.0,0.0,1.039,0.187,0.322,1,10,0,0,0,75,0,75,60,high_vol_range,32.74,75,,,
2026-03-09T10:02:00+05:30,portfolio_hist,PREMIUM,ENTER,iron_condor,23759.5,24.3,1.0,0.0,0.0,1.039,0.146,0.322,1,10,2,0,0,77,0,77,65,high_vol_range,39.13,75,,,
2026-03-09T10:51:00+05:30,portfolio_hist,TREND,EXIT,debit_spread,23845.9,23.83,1.0,0.0,0.0,1.038,0.511,0.14,1,10,51,0,0,0,0,0,0,high_vol_range,0.0,0,Trend stop: lost 33.6%,-825.0,51
2026-03-09T11:38:00+05:30,portfolio_hist,PREMIUM,EXIT,iron_condor,23894.6,23.49,1.0,0.0,0.0,1.038,0.716,0.398,1,11,38,0,0,0,0,0,0,high_vol_range,0.0,0,Trail stop: bounced 20.1% after 33% decay,384.0,96
2026-03-09T09:35:00+05:30,portfolio_hist,PREMIUM,SKIP,idle,23758.7,24.02,1.0,0.0,0.0,1.039,0.143,3.101,1,9,35,0,0,65,0,65,75,trending,0.0,0,,,
2026-03-09T09:40:00+05:30,portfolio_hist,PREMIUM,SKIP,idle,23767.35,24.15,1.0,0.0,0.0,1.039,0.18,3.101,1,9,40,0,0,52,0,52,75,trending,0.0,0,,,
2026-03-09T09:45:00+05:30,portfolio_hist,PREMIUM,SKIP,idle,23716.95,24.46,1.0,0.0,0.0,1.039,0.033,0.852,1,9,45,0,0,65,0,65,75,high_vol_range,0.0,0,,,
2026-03-09T09:50:00+05:30,portfolio_hist,PREMIUM,SKIP,idle,23761.4,24.19,1.0,0.0,0.0,1.039,0.154,0.368,1,9,50,0,0,64,0,64,75,high_vol_range,0.0,0,,,
2026-03-09T09:55:00+05:30,portfolio_hist,PREMIUM,SKIP,idle,23776.7,24.32,1.0,0.0,0.0,1.038,0.219,0.368,1,9,55,0,0,64,0,64,75,high_vol_range,0.0,0,,,
2026-03-09T10:00:00+05:30,portfolio_hist,PREMIUM,SKIP,idle,23769.0,24.29,1.0,0.0,0.0,1.039,0.187,0.322,1,10,0,0,0,64,0,64,65,high_vol_range,0.0,0,,,
2026-03-09T10:00:00+05:30,portfolio_hist,TREND,ENTER,debit_spread,23769.0,24.29,1.0,0.0,0.0,1.039,0.187,0.322,1,10,0,0,0,75,0,75,60,high_vol_range,32.74,75,,,
2026-03-09T10:02:00+05:30,portfolio_hist,PREMIUM,ENTER,iron_condor,23759.5,24.3,1.0,0.0,0.0,1.039,0.146,0.322,1,10,2,0,0,77,0,77,65,high_vol_range,39.13,75,,,
2026-03-09T10:51:00+05:30,portfolio_hist,TREND,EXIT,debit_spread,23845.9,23.83,1.0,0.0,0.0,1.038,0.511,0.14,1,10,51,0,0,0,0,0,0,high_vol_range,0.0,0,Trend stop: lost 33.6%,-825.0,51
2026-03-09T11:38:00+05:30,portfolio_hist,PREMIUM,EXIT,iron_condor,23894.6,23.49,1.0,0.0,0.0,1.038,0.716,0.398,1,11,38,0,0,0,0,0,0,high_vol_range,0.0,0,Trail stop: bounced 20.1% after 33% decay,384.0,96
2026-03-09T09:35:00+05:30,portfolio_hist,PREMIUM,SKIP,idle,23758.7,24.02,1.0,0.0,0.0,1.039,0.143,3.101,1,9,35,0,0,65,0,65,75,trending,0.0,0,,,
2026-03-09T09:40:00+05:30,portfolio_hist,PREMIUM,SKIP,idle,23767.35,24.15,1.0,0.0,0.0,1.039,0.18,3.101,1,9,40,0,0,52,0,52,75,trending,0.0,0,,,
2026-03-09T09:45:00+05:30,portfolio_hist,PREMIUM,SKIP,idle,23716.95,24.46,1.0,0.0,0.0,1.039,0.033,0.852,1,9,45,0,0,65,0,65,75,high_vol_range,0.0,0,,,
2026-03-09T09:50:00+05:30,portfolio_hist,PREMIUM,SKIP,idle,23761.4,24.19,1.0,0.0,0.0,1.039,0.154,0.368,1,9,50,0,0,64,0,64,75,high_vol_range,0.0,0,,,
2026-03-09T09:55:00+05:30,portfolio_hist,PREMIUM,SKIP,idle,23776.7,24.32,1.0,0.0,0.0,1.038,0.219,0.368,1,9,55,0,0,64,0,64,75,high_vol_range,0.0,0,,,
2026-03-09T10:00:00+05:30,portfolio_hist,PREMIUM,SKIP,idle,23769.0,24.29,1.0,0.0,0.0,1.039,0.187,0.322,1,10,0,0,0,64,0,64,65,high_vol_range,0.0,0,,,
2026-03-09T10:00:00+05:30,portfolio_hist,TREND,ENTER,debit_spread,23769.0,24.29,1.0,0.0,0.0,1.039,0.187,0.322,1,10,0,0,0,75,0,75,60,high_vol_range,32.74,75,,,
2026-03-09T10:02:00+05:30,portfolio_hist,PREMIUM,ENTER,iron_condor,23759.5,24.3,1.0,0.0,0.0,1.039,0.146,0.322,1,10,2,0,0,77,0,77,65,high_vol_range,39.13,75,,,
2026-03-09T10:51:00+05:30,portfolio_hist,TREND,EXIT,debit_spread,23845.9,23.83,1.0,0.0,0.0,1.038,0.511,0.14,1,10,51,0,0,0,0,0,0,high_vol_range,0.0,0,Trend stop: lost 33.6%,-825.0,51
2026-03-09T11:38:00+05:30,portfolio_hist,PREMIUM,EXIT,iron_condor,23894.6,23.49,1.0,0.0,0.0,1.038,0.716,0.398,1,11,38,0,0,0,0,0,0,high_vol_range,0.0,0,Trail stop: bounced 20.1% after 33% decay,384.0,96
2026-03-09T09:35:00+05:30,portfolio_hist,PREMIUM,SKIP,idle,23758.7,24.02,1.0,0.0,0.0,1.039,0.143,3.101,1,9,35,0,0,65,0,65,75,trending,0.0,0,,,
2026-03-09T09:40:00+05:30,portfolio_hist,PREMIUM,SKIP,idle,23767.35,24.15,1.0,0.0,0.0,1.039,0.18,3.101,1,9,40,0,0,52,0,52,75,trending,0.0,0,,,
2026-03-09T09:45:00+05:30,portfolio_hist,PREMIUM,SKIP,idle,23716.95,24.46,1.0,0.0,0.0,1.039,0.033,0.852,1,9,45,0,0,65,0,65,75,high_vol_range,0.0,0,,,
2026-03-09T09:50:00+05:30,portfolio_hist,PREMIUM,SKIP,idle,23761.4,24.19,1.0,0.0,0.0,1.039,0.154,0.368,1,9,50,0,0,64,0,64,75,high_vol_range,0.0,0,,,
2026-03-09T09:55:00+05:30,portfolio_hist,PREMIUM,SKIP,idle,23776.7,24.32,1.0,0.0,0.0,1.038,0.219,0.368,1,9,55,0,0,64,0,64,75,high_vol_range,0.0,0,,,
2026-03-09T10:00:00+05:30,portfolio_hist,PREMIUM,SKIP,idle,23769.0,24.29,1.0,0.0,0.0,1.039,0.187,0.322,1,10,0,0,0,64,0,64,65,high_vol_range,0.0,0,,,
2026-03-09T10:00:00+05:30,portfolio_hist,TREND,ENTER,debit_spread,23769.0,24.29,1.0,0.0,0.0,1.039,0.187,0.322,1,10,0,0,0,75,0,75,60,high_vol_range,32.74,75,,,
2026-03-09T10:02:00+05:30,portfolio_hist,PREMIUM,ENTER,iron_condor,23759.5,24.3,1.0,0.0,0.0,1.039,0.146,0.322,1,10,2,0,0,77,0,77,65,high_vol_range,39.13,75,,,
2026-03-09T10:51:00+05:30,portfolio_hist,TREND,EXIT,debit_spread,23845.9,23.83,1.0,0.0,0.0,1.038,0.511,0.14,1,10,51,0,0,0,0,0,0,high_vol_range,0.0,0,Trend stop: lost 33.6%,-825.0,51
2026-03-09T11:11:00+05:30,portfolio_hist,PREMIUM,EXIT,iron_condor,23791.45,24.05,1.0,0.0,0.0,1.038,0.281,0.551,1,11,11,0,0,0,0,0,0,high_vol_range,0.0,0,Profit target: premium decayed 31.0%,909.75,69
2026-03-09T09:35:00+05:30,portfolio_hist,PREMIUM,SKIP,idle,23758.7,24.02,1.0,0.0,0.0,1.039,0.143,3.101,1,9,35,0,0,65,0,65,75,trending,0.0,0,,,
2026-03-09T09:40:00+05:30,portfolio_hist,PREMIUM,SKIP,idle,23767.35,24.15,1.0,0.0,0.0,1.039,0.18,3.101,1,9,40,0,0,52,0,52,75,trending,0.0,0,,,
2026-03-09T09:45:00+05:30,portfolio_hist,PREMIUM,SKIP,idle,23716.95,24.46,1.0,0.0,0.0,1.039,0.033,0.852,1,9,45,0,0,65,0,65,75,high_vol_range,0.0,0,,,
2026-03-09T09:50:00+05:30,portfolio_hist,PREMIUM,SKIP,idle,23761.4,24.19,1.0,0.0,0.0,1.039,0.154,0.368,1,9,50,0,0,64,0,64,75,high_vol_range,0.0,0,,,
2026-03-09T09:55:00+05:30,portfolio_hist,PREMIUM,SKIP,idle,23776.7,24.32,1.0,0.0,0.0,1.038,0.219,0.368,1,9,55,0,0,64,0,64,75,high_vol_range,0.0,0,,,
2026-03-09T10:00:00+05:30,portfolio_hist,PREMIUM,SKIP,idle,23769.0,24.29,1.0,0.0,0.0,1.039,0.187,0.322,1,10,0,0,0,64,0,64,65,high_vol_range,0.0,0,,,
2026-03-09T10:00:00+05:30,portfolio_hist,TREND,ENTER,debit_spread,23769.0,24.29,1.0,0.0,0.0,1.039,0.187,0.322,1,10,0,0,0,75,0,75,60,high_vol_range,32.74,75,,,
2026-03-09T10:02:00+05:30,portfolio_hist,PREMIUM,ENTER,iron_condor,23759.5,24.3,1.0,0.0,0.0,1.039,0.146,0.322,1,10,2,0,0,77,0,77,65,high_vol_range,39.13,75,,,
2026-03-09T10:51:00+05:30,portfolio_hist,TREND,EXIT,debit_spread,23845.9,23.83,1.0,0.0,0.0,1.038,0.511,0.14,1,10,51,0,0,0,0,0,0,high_vol_range,0.0,0,Trend stop: lost 33.6%,-825.0,51
2026-03-09T11:38:00+05:30,portfolio_hist,PREMIUM,EXIT,iron_condor,23894.6,23.49,1.0,0.0,0.0,1.038,0.716,0.398,1,11,38,0,0,0,0,0,0,high_vol_range,0.0,0,Trail stop: bounced 20.1% after 33% decay,384.0,96
2026-03-09T09:35:00+05:30,portfolio_hist,PREMIUM,SKIP,idle,23758.7,24.02,1.0,0.0,0.0,1.039,0.143,3.101,1,9,35,0,0,65,0,65,75,trending,0.0,0,,,
2026-03-09T09:40:00+05:30,portfolio_hist,PREMIUM,SKIP,idle,23767.35,24.15,1.0,0.0,0.0,1.039,0.18,3.101,1,9,40,0,0,52,0,52,75,trending,0.0,0,,,
2026-03-09T09:45:00+05:30,portfolio_hist,PREMIUM,SKIP,idle,23716.95,24.46,1.0,0.0,0.0,1.039,0.033,0.852,1,9,45,0,0,65,0,65,75,high_vol_range,0.0,0,,,
2026-03-09T09:50:00+05:30,portfolio_hist,PREMIUM,SKIP,idle,23761.4,24.19,1.0,0.0,0.0,1.039,0.154,0.368,1,9,50,0,0,64,0,64,75,high_vol_range,0.0,0,,,
2026-03-09T09:55:00+05:30,portfolio_hist,PREMIUM,SKIP,idle,23776.7,24.32,1.0,0.0,0.0,1.038,0.219,0.368,1,9,55,0,0,64,0,64,75,high_vol_range,0.0,0,,,
2026-03-09T10:00:00+05:30,portfolio_hist,PREMIUM,SKIP,idle,23769.0,24.29,1.0,0.0,0.0,1.039,0.187,0.322,1,10,0,0,0,64,0,64,65,high_vol_range,0.0,0,,,
2026-03-09T10:00:00+05:30,portfolio_hist,TREND,ENTER,debit_spread,23769.0,24.29,1.0,0.0,0.0,1.039,0.187,0.322,1,10,0,0,0,75,0,75,60,high_vol_range,32.74,75,,,
2026-03-09T10:02:00+05:30,portfolio_hist,PREMIUM,ENTER,iron_condor,23759.5,24.3,1.0,0.0,0.0,1.039,0.146,0.322,1,10,2,0,0,77,0,77,65,high_vol_range,39.13,75,,,
2026-03-09T10:51:00+05:30,portfolio_hist,TREND,EXIT,debit_spread,23845.9,23.83,1.0,0.0,0.0,1.038,0.511,0.14,1,10,51,0,0,0,0,0,0,high_vol_range,0.0,0,Trend stop: lost 33.6%,-825.0,51
2026-03-09T11:38:00+05:30,portfolio_hist,PREMIUM,EXIT,iron_condor,23894.6,23.49,1.0,0.0,0.0,1.038,0.716,0.398,1,11,38,0,0,0,0,0,0,high_vol_range,0.0,0,Trail stop: bounced 20.1% after 33% decay,384.0,96
2026-03-09T09:35:00+05:30,portfolio_hist,PREMIUM,SKIP,idle,23758.7,24.02,1.0,0.0,0.0,1.039,0.143,3.101,1,9,35,0,0,65,0,65,75,trending,0.0,0,,,
2026-03-09T09:40:00+05:30,portfolio_hist,PREMIUM,SKIP,idle,23767.35,24.15,1.0,0.0,0.0,1.039,0.18,3.101,1,9,40,0,0,52,0,52,75,trending,0.0,0,,,
2026-03-09T09:45:00+05:30,portfolio_hist,PREMIUM,SKIP,idle,23716.95,24.46,1.0,0.0,0.0,1.039,0.033,0.852,1,9,45,0,0,65,0,65,75,high_vol_range,0.0,0,,,
2026-03-09T09:50:00+05:30,portfolio_hist,PREMIUM,SKIP,idle,23761.4,24.19,1.0,0.0,0.0,1.039,0.154,0.368,1,9,50,0,0,64,0,64,75,high_vol_range,0.0,0,,,
2026-03-09T09:55:00+05:30,portfolio_hist,PREMIUM,SKIP,idle,23776.7,24.32,1.0,0.0,0.0,1.038,0.219,0.368,1,9,55,0,0,64,0,64,75,high_vol_range,0.0,0,,,
2026-03-09T10:00:00+05:30,portfolio_hist,PREMIUM,SKIP,idle,23769.0,24.29,1.0,0.0,0.0,1.039,0.187,0.322,1,10,0,0,0,64,0,64,65,high_vol_range,0.0,0,,,
2026-03-09T10:00:00+05:30,portfolio_hist,TREND,ENTER,debit_spread,23769.0,24.29,1.0,0.0,0.0,1.039,0.187,0.322,1,10,0,0,0,75,0,75,60,high_vol_range,32.74,75,,,
2026-03-09T10:02:00+05:30,portfolio_hist,PREMIUM,ENTER,iron_condor,23759.5,24.3,1.0,0.0,0.0,1.039,0.146,0.322,1,10,2,0,0,77,0,77,65,high_vol_range,39.13,75,,,
2026-03-09T10:51:00+05:30,portfolio_hist,TREND,EXIT,debit_spread,23845.9,23.83,1.0,0.0,0.0,1.038,0.511,0.14,1,10,51,0,0,0,0,0,0,high_vol_range,0.0,0,Trend stop: lost 33.6%,-825.0,51
2026-03-09T11:38:00+05:30,portfolio_hist,PREMIUM,EXIT,iron_condor,23894.6,23.49,1.0,0.0,0.0,1.038,0.716,0.398,1,11,38,0,0,0,0,0,0,high_vol_range,0.0,0,Trail stop: bounced 20.1% after 33% decay,384.0,96
2026-03-09T09:35:00+05:30,portfolio_hist,PREMIUM,SKIP,idle,23758.7,24.02,1.0,0.0,0.0,1.039,0.143,3.101,1,9,35,0,0,65,0,65,75,trending,0.0,0,,,
2026-03-09T09:40:00+05:30,portfolio_hist,PREMIUM,SKIP,idle,23767.35,24.15,1.0,0.0,0.0,1.039,0.18,3.101,1,9,40,0,0,52,0,52,75,trending,0.0,0,,,
2026-03-09T09:45:00+05:30,portfolio_hist,PREMIUM,SKIP,idle,23716.95,24.46,1.0,0.0,0.0,1.039,0.033,0.852,1,9,45,0,0,65,0,65,75,high_vol_range,0.0,0,,,
2026-03-09T09:50:00+05:30,portfolio_hist,PREMIUM,SKIP,idle,23761.4,24.19,1.0,0.0,0.0,1.039,0.154,0.368,1,9,50,0,0,64,0,64,75,high_vol_range,0.0,0,,,
2026-03-09T09:55:00+05:30,portfolio_hist,PREMIUM,SKIP,idle,23776.7,24.32,1.0,0.0,0.0,1.038,0.219,0.368,1,9,55,0,0,64,0,64,75,high_vol_range,0.0,0,,,
2026-03-09T10:00:00+05:30,portfolio_hist,PREMIUM,SKIP,idle,23769.0,24.29,1.0,0.0,0.0,1.039,0.187,0.322,1,10,0,0,0,64,0,64,65,high_vol_range,0.0,0,,,
2026-03-09T10:00:00+05:30,portfolio_hist,TREND,ENTER,debit_spread,23769.0,24.29,1.0,0.0,0.0,1.039,0.187,0.322,1,10,0,0,0,75,0,75,60,high_vol_range,32.74,75,,,
2026-03-09T10:02:00+05:30,portfolio_hist,PREMIUM,ENTER,iron_condor,23759.5,24.3,1.0,0.0,0.0,1.039,0.146,0.322,1,10,2,0,0,77,0,77,65,high_vol_range,39.13,75,,,
2026-03-09T10:51:00+05:30,portfolio_hist,TREND,EXIT,debit_spread,23845.9,23.83,1.0,0.0,0.0,1.038,0.511,0.14,1,10,51,0,0,0,0,0,0,high_vol_range,0.0,0,Trend stop: lost 33.6%,-825.0,51
2026-03-09T11:38:00+05:30,portfolio_hist,PREMIUM,EXIT,iron_condor,23894.6,23.49,1.0,0.0,0.0,1.038,0.716,0.398,1,11,38,0,0,0,0,0,0,high_vol_range,0.0,0,Trail stop: bounced 20.1% after 33% decay,384.0,96
2026-03-09T09:35:00+05:30,portfolio_hist,PREMIUM,SKIP,idle,23758.7,24.02,1.0,0.0,0.0,1.039,0.143,3.101,1,9,35,0,0,65,0,65,75,trending,0.0,0,,,
2026-03-09T09:40:00+05:30,portfolio_hist,PREMIUM,SKIP,idle,23767.35,24.15,1.0,0.0,0.0,1.039,0.18,3.101,1,9,40,0,0,52,0,52,75,trending,0.0,0,,,
2026-03-09T09:45:00+05:30,portfolio_hist,PREMIUM,SKIP,idle,23716.95,24.46,1.0,0.0,0.0,1.039,0.033,0.852,1,9,45,0,0,65,0,65,75,high_vol_range,0.0,0,,,
2026-03-09T09:50:00+05:30,portfolio_hist,PREMIUM,SKIP,idle,23761.4,24.19,1.0,0.0,0.0,1.039,0.154,0.368,1,9,50,0,0,64,0,64,75,high_vol_range,0.0,0,,,
2026-03-09T09:55:00+05:30,portfolio_hist,PREMIUM,SKIP,idle,23776.7,24.32,1.0,0.0,0.0,1.038,0.219,0.368,1,9,55,0,0,64,0,64,75,high_vol_range,0.0,0,,,
2026-03-09T10:00:00+05:30,portfolio_hist,PREMIUM,SKIP,idle,23769.0,24.29,1.0,0.0,0.0,1.039,0.187,0.322,1,10,0,0,0,64,0,64,65,high_vol_range,0.0,0,,,
2026-03-09T10:00:00+05:30,portfolio_hist,TREND,ENTER,debit_spread,23769.0,24.29,1.0,0.0,0.0,1.039,0.187,0.322,1,10,0,0,0,75,0,75,60,high_vol_range,32.74,75,,,
2026-03-09T10:02:00+05:30,portfolio_hist,PREMIUM,ENTER,iron_condor,23759.5,24.3,1.0,0.0,0.0,1.039,0.146,0.322,1,10,2,0,0,77,0,77,65,high_vol_range,39.13,75,,,
2026-03-09T10:51:00+05:30,portfolio_hist,TREND,EXIT,debit_spread,23845.9,23.83,1.0,0.0,0.0,1.038,0.511,0.14,1,10,51,0,0,0,0,0,0,high_vol_range,0.0,0,Trend stop: lost 33.6%,-825.0,51
2026-03-09T11:38:00+05:30,portfolio_hist,PREMIUM,EXIT,iron_condor,23894.6,23.49,1.0,0.0,0.0,1.038,0.716,0.398,1,11,38,0,0,0,0,0,0,high_vol_range,0.0,0,Trail stop: bounced 20.1% after 33% decay,384.0,96
2026-03-09T09:35:00+05:30,portfolio_hist,PREMIUM,SKIP,idle,23758.7,24.02,1.0,0.0,0.0,1.039,0.143,3.101,1,9,35,0,0,65,0,65,75,trending,0.0,0,,,
2026-03-09T09:40:00+05:30,portfolio_hist,PREMIUM,SKIP,idle,23767.35,24.15,1.0,0.0,0.0,1.039,0.18,3.101,1,9,40,0,0,52,0,52,75,trending,0.0,0,,,
2026-03-09T09:45:00+05:30,portfolio_hist,PREMIUM,SKIP,idle,23716.95,24.46,1.0,0.0,0.0,1.039,0.033,0.852,1,9,45,0,0,65,0,65,75,high_vol_range,0.0,0,,,
2026-03-09T09:50:00+05:30,portfolio_hist,PREMIUM,SKIP,idle,23761.4,24.19,1.0,0.0,0.0,1.039,0.154,0.368,1,9,50,0,0,64,0,64,75,high_vol_range,0.0,0,,,
2026-03-09T09:55:00+05:30,portfolio_hist,PREMIUM,SKIP,idle,23776.7,24.32,1.0,0.0,0.0,1.038,0.219,0.368,1,9,55,0,0,64,0,64,75,high_vol_range,0.0,0,,,
2026-03-09T10:00:00+05:30,portfolio_hist,PREMIUM,SKIP,idle,23769.0,24.29,1.0,0.0,0.0,1.039,0.187,0.322,1,10,0,0,0,64,0,64,65,high_vol_range,0.0,0,,,
2026-03-09T10:00:00+05:30,portfolio_hist,TREND,ENTER,debit_spread,23769.0,24.29,1.0,0.0,0.0,1.039,0.187,0.322,1,10,0,0,0,75,0,75,60,high_vol_range,32.74,75,,,
2026-03-09T10:02:00+05:30,portfolio_hist,PREMIUM,ENTER,iron_condor,23759.5,24.3,1.0,0.0,0.0,1.039,0.146,0.322,1,10,2,0,0,77,0,77,65,high_vol_range,39.13,75,,,
2026-03-09T10:51:00+05:30,portfolio_hist,TREND,EXIT,debit_spread,23845.9,23.83,1.0,0.0,0.0,1.038,0.511,0.14,1,10,51,0,0,0,0,0,0,high_vol_range,0.0,0,Trend stop: lost 33.6%,-825.0,51
2026-03-09T11:38:00+05:30,portfolio_hist,PREMIUM,EXIT,iron_condor,23894.6,23.49,1.0,0.0,0.0,1.038,0.716,0.398,1,11,38,0,0,0,0,0,0,high_vol_range,0.0,0,Trail stop: bounced 20.1% after 33% decay,384.0,96
2026-03-09T09:35:00+05:30,portfolio_hist,PREMIUM,SKIP,idle,23758.7,24.02,1.0,0.0,0.0,1.039,0.143,3.101,1,9,35,0,0,65,0,65,75,trending,0.0,0,,,
2026-03-09T09:40:00+05:30,portfolio_hist,PREMIUM,SKIP,idle,23767.35,24.15,1.0,0.0,0.0,1.039,0.18,3.101,1,9,40,0,0,52,0,52,75,trending,0.0,0,,,
2026-03-09T09:45:00+05:30,portfolio_hist,PREMIUM,SKIP,idle,23716.95,24.46,1.0,0.0,0.0,1.039,0.033,0.852,1,9,45,0,0,65,0,65,75,high_vol_range,0.0,0,,,
2026-03-09T09:50:00+05:30,portfolio_hist,PREMIUM,SKIP,idle,23761.4,24.19,1.0,0.0,0.0,1.039,0.154,0.368,1,9,50,0,0,64,0,64,75,high_vol_range,0.0,0,,,
2026-03-09T09:55:00+05:30,portfolio_hist,PREMIUM,SKIP,idle,23776.7,24.32,1.0,0.0,0.0,1.038,0.219,0.368,1,9,55,0,0,64,0,64,75,high_vol_range,0.0,0,,,
2026-03-09T10:00:00+05:30,portfolio_hist,PREMIUM,SKIP,idle,23769.0,24.29,1.0,0.0,0.0,1.039,0.187,0.322,1,10,0,0,0,64,0,64,65,high_vol_range,0.0,0,,,
2026-03-09T10:00:00+05:30,portfolio_hist,TREND,ENTER,debit_spread,23769.0,24.29,1.0,0.0,0.0,1.039,0.187,0.322,1,10,0,0,0,75,0,75,60,high_vol_range,32.74,75,,,
2026-03-09T10:02:00+05:30,portfolio_hist,PREMIUM,ENTER,iron_condor,23759.5,24.3,1.0,0.0,0.0,1.039,0.146,0.322,1,10,2,0,0,77,0,77,65,high_vol_range,39.13,75,,,
2026-03-09T10:51:00+05:30,portfolio_hist,TREND,EXIT,debit_spread,23845.9,23.83,1.0,0.0,0.0,1.038,0.511,0.14,1,10,51,0,0,0,0,0,0,high_vol_range,0.0,0,Trend stop: lost 33.6%,-825.0,51
2026-03-09T11:38:00+05:30,portfolio_hist,PREMIUM,EXIT,iron_condor,23894.6,23.49,1.0,0.0,0.0,1.038,0.716,0.398,1,11,38,0,0,0,0,0,0,high_vol_range,0.0,0,Trail stop: bounced 20.1% after 33% decay,384.0,96
2026-03-09T09:35:00+05:30,portfolio_hist,PREMIUM,SKIP,idle,23758.7,24.02,1.0,0.0,0.0,1.039,0.143,3.101,1,9,35,0,0,65,0,65,75,trending,0.0,0,,,
2026-03-09T09:40:00+05:30,portfolio_hist,PREMIUM,SKIP,idle,23767.35,24.15,1.0,0.0,0.0,1.039,0.18,3.101,1,9,40,0,0,52,0,52,75,trending,0.0,0,,,
2026-03-09T09:45:00+05:30,portfolio_hist,PREMIUM,SKIP,idle,23716.95,24.46,1.0,0.0,0.0,1.039,0.033,0.852,1,9,45,0,0,65,0,65,75,high_vol_range,0.0,0,,,
2026-03-09T09:50:00+05:30,portfolio_hist,PREMIUM,SKIP,idle,23761.4,24.19,1.0,0.0,0.0,1.039,0.154,0.368,1,9,50,0,0,64,0,64,75,high_vol_range,0.0,0,,,
2026-03-09T09:55:00+05:30,portfolio_hist,PREMIUM,SKIP,idle,23776.7,24.32,1.0,0.0,0.0,1.038,0.219,0.368,1,9,55,0,0,64,0,64,75,high_vol_range,0.0,0,,,
2026-03-09T10:00:00+05:30,portfolio_hist,PREMIUM,SKIP,idle,23769.0,24.29,1.0,0.0,0.0,1.039,0.187,0.322,1,10,0,0,0,64,0,64,65,high_vol_range,0.0,0,,,
2026-03-09T10:00:00+05:30,portfolio_hist,TREND,ENTER,debit_spread,23769.0,24.29,1.0,0.0,0.0,1.039,0.187,0.322,1,10,0,0,0,75,0,75,60,high_vol_range,32.74,75,,,
2026-03-09T10:02:00+05:30,portfolio_hist,PREMIUM,ENTER,iron_condor,23759.5,24.3,1.0,0.0,0.0,1.039,0.146,0.322,1,10,2,0,0,77,0,77,65,high_vol_range,39.13,75,,,
2026-03-09T10:51:00+05:30,portfolio_hist,TREND,EXIT,debit_spread,23845.9,23.83,1.0,0.0,0.0,1.038,0.511,0.14,1,10,51,0,0,0,0,0,0,high_vol_range,0.0,0,Trend stop: lost 33.6%,-825.0,51
2026-03-09T11:38:00+05:30,portfolio_hist,PREMIUM,EXIT,iron_condor,23894.6,23.49,1.0,0.0,0.0,1.038,0.716,0.398,1,11,38,0,0,0,0,0,0,high_vol_range,0.0,0,Trail stop: bounced 20.1% after 33% decay,384.0,96
2026-03-09T09:35:00+05:30,portfolio_hist,PREMIUM,SKIP,idle,23758.7,24.02,1.0,0.0,0.0,1.039,0.143,3.101,1,9,35,0,0,65,0,65,75,trending,0.0,0,,,
2026-03-09T09:40:00+05:30,portfolio_hist,PREMIUM,SKIP,idle,23767.35,24.15,1.0,0.0,0.0,1.039,0.18,3.101,1,9,40,0,0,52,0,52,75,trending,0.0,0,,,
2026-03-09T09:45:00+05:30,portfolio_hist,PREMIUM,SKIP,idle,23716.95,24.46,1.0,0.0,0.0,1.039,0.033,0.852,1,9,45,0,0,65,0,65,75,high_vol_range,0.0,0,,,
2026-03-09T09:50:00+05:30,portfolio_hist,PREMIUM,SKIP,idle,23761.4,24.19,1.0,0.0,0.0,1.039,0.154,0.368,1,9,50,0,0,64,0,64,75,high_vol_range,0.0,0,,,
2026-03-09T09:55:00+05:30,portfolio_hist,PREMIUM,SKIP,idle,23776.7,24.32,1.0,0.0,0.0,1.038,0.219,0.368,1,9,55,0,0,64,0,64,75,high_vol_range,0.0,0,,,
2026-03-09T10:00:00+05:30,portfolio_hist,PREMIUM,SKIP,idle,23769.0,24.29,1.0,0.0,0.0,1.039,0.187,0.322,1,10,0,0,0,64,0,64,65,high_vol_range,0.0,0,,,
2026-03-09T10:00:00+05:30,portfolio_hist,TREND,ENTER,debit_spread,23769.0,24.29,1.0,0.0,0.0,1.039,0.187,0.322,1,10,0,0,0,75,0,75,60,high_vol_range,32.74,75,,,
2026-03-09T10:02:00+05:30,portfolio_hist,PREMIUM,ENTER,iron_condor,23759.5,24.3,1.0,0.0,0.0,1.039,0.146,0.322,1,10,2,0,0,77,0,77,65,high_vol_range,39.13,75,,,
2026-03-09T10:51:00+05:30,portfolio_hist,TREND,EXIT,debit_spread,23845.9,23.83,1.0,0.0,0.0,1.038,0.511,0.14,1,10,51,0,0,0,0,0,0,high_vol_range,0.0,0,Trend stop: lost 33.6%,-825.0,51
2026-03-09T11:38:00+05:30,portfolio_hist,PREMIUM,EXIT,iron_condor,23894.6,23.49,1.0,0.0,0.0,1.038,0.716,0.398,1,11,38,0,0,0,0,0,0,high_vol_range,0.0,0,Trail stop: bounced 20.1% after 33% decay,384.0,96
2026-03-09T09:35:00+05:30,portfolio_hist,PREMIUM,SKIP,idle,23758.7,24.02,1.0,0.0,0.0,1.039,0.143,3.101,1,9,35,0,0,65,0,65,75,trending,0.0,0,,,
2026-03-09T09:40:00+05:30,portfolio_hist,PREMIUM,SKIP,idle,23767.35,24.15,1.0,0.0,0.0,1.039,0.18,3.101,1,9,40,0,0,52,0,52,75,trending,0.0,0,,,
2026-03-09T09:45:00+05:30,portfolio_hist,PREMIUM,SKIP,idle,23716.95,24.46,1.0,0.0,0.0,1.039,0.033,0.852,1,9,45,0,0,65,0,65,75,high_vol_range,0.0,0,,,
2026-03-09T09:50:00+05:30,portfolio_hist,PREMIUM,SKIP,idle,23761.4,24.19,1.0,0.0,0.0,1.039,0.154,0.368,1,9,50,0,0,64,0,64,75,high_vol_range,0.0,0,,,
2026-03-09T09:55:00+05:30,portfolio_hist,PREMIUM,SKIP,idle,23776.7,24.32,1.0,0.0,0.0,1.038,0.219,0.368,1,9,55,0,0,64,0,64,75,high_vol_range,0.0,0,,,
2026-03-09T10:00:00+05:30,portfolio_hist,PREMIUM,SKIP,idle,23769.0,24.29,1.0,0.0,0.0,1.039,0.187,0.322,1,10,0,0,0,64,0,64,65,high_vol_range,0.0,0,,,
2026-03-09T10:00:00+05:30,portfolio_hist,TREND,ENTER,debit_spread,23769.0,24.29,1.0,0.0,0.0,1.039,0.187,0.322,1,10,0,0,0,75,0,75,60,high_vol_range,32.74,75,,,
2026-03-09T10:02:00+05:30,portfolio_hist,PREMIUM,ENTER,iron_condor,23759.5,24.3,1.0,0.0,0.0,1.039,0.146,0.322,1,10,2,0,0,77,0,77,65,high_vol_range,39.13,75,,,
2026-03-09T10:51:00+05:30,portfolio_hist,TREND,EXIT,debit_spread,23845.9,23.83,1.0,0.0,0.0,1.038,0.511,0.14,1,10,51,0,0,0,0,0,0,high_vol_range,0.0,0,Trend stop: lost 33.6%,-825.0,51
2026-03-09T11:38:00+05:30,portfolio_hist,PREMIUM,EXIT,iron_condor,23894.6,23.49,1.0,0.0,0.0,1.038,0.716,0.398,1,11,38,0,0,0,0,0,0,high_vol_range,0.0,0,Trail stop: bounced 20.1% after 33% decay,384.0,96
2026-03-09T09:35:00+05:30,portfolio_hist,PREMIUM,SKIP,idle,23758.7,24.02,1.0,0.0,0.0,1.039,0.143,3.101,1,9,35,0,0,65,0,65,75,trending,0.0,0,,,
2026-03-09T09:40:00+05:30,portfolio_hist,PREMIUM,SKIP,idle,23767.35,24.15,1.0,0.0,0.0,1.039,0.18,3.101,1,9,40,0,0,52,0,52,75,trending,0.0,0,,,
2026-03-09T09:45:00+05:30,portfolio_hist,PREMIUM,SKIP,idle,23716.95,24.46,1.0,0.0,0.0,1.039,0.033,0.852,1,9,45,0,0,65,0,65,75,high_vol_range,0.0,0,,,
2026-03-09T09:50:00+05:30,portfolio_hist,PREMIUM,SKIP,idle,23761.4,24.19,1.0,0.0,0.0,1.039,0.154,0.368,1,9,50,0,0,64,0,64,75,high_vol_range,0.0,0,,,
2026-03-09T09:55:00+05:30,portfolio_hist,PREMIUM,SKIP,idle,23776.7,24.32,1.0,0.0,0.0,1.038,0.219,0.368,1,9,55,0,0,64,0,64,75,high_vol_range,0.0,0,,,
2026-03-09T10:00:00+05:30,portfolio_hist,PREMIUM,SKIP,idle,23769.0,24.29,1.0,0.0,0.0,1.039,0.187,0.322,1,10,0,0,0,64,0,64,65,high_vol_range,0.0,0,,,
2026-03-09T10:00:00+05:30,portfolio_hist,TREND,ENTER,debit_spread,23769.0,24.29,1.0,0.0,0.0,1.039,0.187,0.322,1,10,0,0,0,75,0,75,60,high_vol_range,32.74,75,,,
2026-03-09T10:02:00+05:30,portfolio_hist,PREMIUM,ENTER,iron_condor,23759.5,24.3,1.0,0.0,0.0,1.039,0.146,0.322,1,10,2,0,0,77,0,77,65,high_vol_range,39.13,75,,,
2026-03-09T10:51:00+05:30,portfolio_hist,TREND,EXIT,debit_spread,23845.9,23.83,1.0,0.0,0.0,1.038,0.511,0.14,1,10,51,0,0,0,0,0,0,high_vol_range,0.0,0,Trend stop: lost 33.6%,-825.0,51
2026-03-09T11:38:00+05:30,portfolio_hist,PREMIUM,EXIT,iron_condor,23894.6,23.49,1.0,0.0,0.0,1.038,0.716,0.398,1,11,38,0,0,0,0,0,0,high_vol_range,0.0,0,Trail stop: bounced 20.1% after 33% decay,384.0,96
2026-03-09T09:35:00+05:30,portfolio_hist,PREMIUM,SKIP,idle,23758.7,24.02,1.0,0.0,0.0,1.039,0.143,3.101,1,9,35,0,0,65,0,65,75,trending,0.0,0,,,
2026-03-09T09:40:00+05:30,portfolio_hist,PREMIUM,SKIP,idle,23767.35,24.15,1.0,0.0,0.0,1.039,0.18,3.101,1,9,40,0,0,52,0,52,75,trending,0.0,0,,,
2026-03-09T09:45:00+05:30,portfolio_hist,PREMIUM,SKIP,idle,23716.95,24.46,1.0,0.0,0.0,1.039,0.033,0.852,1,9,45,0,0,65,0,65,75,high_vol_range,0.0,0,,,
2026-03-09T09:50:00+05:30,portfolio_hist,PREMIUM,SKIP,idle,23761.4,24.19,1.0,0.0,0.0,1.039,0.154,0.368,1,9,50,0,0,64,0,64,75,high_vol_range,0.0,0,,,
2026-03-09T09:55:00+05:30,portfolio_hist,PREMIUM,SKIP,idle,23776.7,24.32,1.0,0.0,0.0,1.038,0.219,0.368,1,9,55,0,0,64,0,64,75,high_vol_range,0.0,0,,,
2026-03-09T10:00:00+05:30,portfolio_hist,PREMIUM,SKIP,idle,23769.0,24.29,1.0,0.0,0.0,1.039,0.187,0.322,1,10,0,0,0,64,0,64,65,high_vol_range,0.0,0,,,
2026-03-09T10:00:00+05:30,portfolio_hist,TREND,ENTER,debit_spread,23769.0,24.29,1.0,0.0,0.0,1.039,0.187,0.322,1,10,0,0,0,75,0,75,60,high_vol_range,32.74,75,,,
2026-03-09T10:02:00+05:30,portfolio_hist,PREMIUM,ENTER,iron_condor,23759.5,24.3,1.0,0.0,0.0,1.039,0.146,0.322,1,10,2,0,0,77,0,77,65,high_vol_range,39.13,75,,,
2026-03-09T10:51:00+05:30,portfolio_hist,TREND,EXIT,debit_spread,23845.9,23.83,1.0,0.0,0.0,1.038,0.511,0.14,1,10,51,0,0,0,0,0,0,high_vol_range,0.0,0,Trend stop: lost 33.6%,-825.0,51
2026-03-09T11:38:00+05:30,portfolio_hist,PREMIUM,EXIT,iron_condor,23894.6,23.49,1.0,0.0,0.0,1.038,0.716,0.398,1,11,38,0,0,0,0,0,0,high_vol_range,0.0,0,Trail stop: bounced 20.1% after 33% decay,384.0,96
2026-03-09T09:35:00+05:30,portfolio_hist,PREMIUM,SKIP,idle,23758.7,24.02,1.0,0.0,0.0,1.039,0.143,3.101,1,9,35,0,0,65,0,65,75,trending,0.0,0,,,
2026-03-09T09:40:00+05:30,portfolio_hist,PREMIUM,SKIP,idle,23767.35,24.15,1.0,0.0,0.0,1.039,0.18,3.101,1,9,40,0,0,52,0,52,75,trending,0.0,0,,,
2026-03-09T09:45:00+05:30,portfolio_hist,PREMIUM,SKIP,idle,23716.95,24.46,1.0,0.0,0.0,1.039,0.033,0.852,1,9,45,0,0,65,0,65,75,high_vol_range,0.0,0,,,
2026-03-09T09:50:00+05:30,portfolio_hist,PREMIUM,SKIP,idle,23761.4,24.19,1.0,0.0,0.0,1.039,0.154,0.368,1,9,50,0,0,64,0,64,75,high_vol_range,0.0,0,,,
2026-03-09T09:55:00+05:30,portfolio_hist,PREMIUM,SKIP,idle,23776.7,24.32,1.0,0.0,0.0,1.038,0.219,0.368,1,9,55,0,0,64,0,64,75,high_vol_range,0.0,0,,,
2026-03-09T10:00:00+05:30,portfolio_hist,PREMIUM,SKIP,idle,23769.0,24.29,1.0,0.0,0.0,1.039,0.187,0.322,1,10,0,0,0,64,0,64,65,high_vol_range,0.0,0,,,
2026-03-09T10:00:00+05:30,portfolio_hist,TREND,ENTER,debit_spread,23769.0,24.29,1.0,0.0,0.0,1.039,0.187,0.322,1,10,0,0,0,75,0,75,60,high_vol_range,32.74,75,,,
2026-03-09T10:02:00+05:30,portfolio_hist,PREMIUM,ENTER,iron_condor,23759.5,24.3,1.0,0.0,0.0,1.039,0.146,0.322,1,10,2,0,0,77,0,77,65,high_vol_range,39.13,75,,,
2026-03-09T10:51:00+05:30,portfolio_hist,TREND,EXIT,debit_spread,23845.9,23.83,1.0,0.0,0.0,1.038,0.511,0.14,1,10,51,0,0,0,0,0,0,high_vol_range,0.0,0,Trend stop: lost 33.6%,-825.0,51
2026-03-09T11:38:00+05:30,portfolio_hist,PREMIUM,EXIT,iron_condor,23894.6,23.49,1.0,0.0,0.0,1.038,0.716,0.398,1,11,38,0,0,0,0,0,0,high_vol_range,0.0,0,Trail stop: bounced 20.1% after 33% decay,384.0,96
2026-03-09T09:35:00+05:30,portfolio_hist,PREMIUM,SKIP,idle,23758.7,24.02,1.0,0.0,0.0,1.039,0.143,3.101,1,9,35,0,0,65,0,65,75,trending,0.0,0,,,
2026-03-09T09:40:00+05:30,portfolio_hist,PREMIUM,SKIP,idle,23767.35,24.15,1.0,0.0,0.0,1.039,0.18,3.101,1,9,40,0,0,52,0,52,75,trending,0.0,0,,,
2026-03-09T09:45:00+05:30,portfolio_hist,PREMIUM,SKIP,idle,23716.95,24.46,1.0,0.0,0.0,1.039,0.033,0.852,1,9,45,0,0,65,0,65,75,high_vol_range,0.0,0,,,
2026-03-09T09:50:00+05:30,portfolio_hist,PREMIUM,SKIP,idle,23761.4,24.19,1.0,0.0,0.0,1.039,0.154,0.368,1,9,50,0,0,64,0,64,75,high_vol_range,0.0,0,,,
2026-03-09T09:55:00+05:30,portfolio_hist,PREMIUM,SKIP,idle,23776.7,24.32,1.0,0.0,0.0,1.038,0.219,0.368,1,9,55,0,0,64,0,64,75,high_vol_range,0.0,0,,,
2026-03-09T10:00:00+05:30,portfolio_hist,PREMIUM,SKIP,idle,23769.0,24.29,1.0,0.0,0.0,1.039,0.187,0.322,1,10,0,0,0,64,0,64,65,high_vol_range,0.0,0,,,
2026-03-09T10:00:00+05:30,portfolio_hist,TREND,ENTER,debit_spread,23769.0,24.29,1.0,0.0,0.0,1.039,0.187,0.322,1,10,0,0,0,75,0,75,60,high_vol_range,32.74,75,,,
2026-03-09T10:02:00+05:30,portfolio_hist,PREMIUM,ENTER,iron_condor,23759.5,24.3,1.0,0.0,0.0,1.039,0.146,0.322,1,10,2,0,0,77,0,77,65,high_vol_range,39.13,75,,,
2026-03-09T10:51:00+05:30,portfolio_hist,TREND,EXIT,debit_spread,23845.9,23.83,1.0,0.0,0.0,1.038,0.511,0.14,1,10,51,0,0,0,0,0,0,high_vol_range,0.0,0,Trend stop: lost 33.6%,-825.0,51
2026-03-09T11:38:00+05:30,portfolio_hist,PREMIUM,EXIT,iron_condor,23894.6,23.49,1.0,0.0,0.0,1.038,0.716,0.398,1,11,38,0,0,0,0,0,0,high_vol_range,0.0,0,Trail stop: bounced 20.1% after 33% decay,384.0,96
2026-03-09T09:35:00+05:30,portfolio_hist,PREMIUM,SKIP,idle,23758.7,24.02,1.0,0.0,0.0,1.039,0.143,3.101,1,9,35,0,0,65,0,65,75,trending,0.0,0,,,
2026-03-09T09:40:00+05:30,portfolio_hist,PREMIUM,SKIP,idle,23767.35,24.15,1.0,0.0,0.0,1.039,0.18,3.101,1,9,40,0,0,52,0,52,75,trending,0.0,0,,,
2026-03-09T09:45:00+05:30,portfolio_hist,PREMIUM,SKIP,idle,23716.95,24.46,1.0,0.0,0.0,1.039,0.033,0.852,1,9,45,0,0,65,0,65,75,high_vol_range,0.0,0,,,
2026-03-09T09:50:00+05:30,portfolio_hist,PREMIUM,SKIP,idle,23761.4,24.19,1.0,0.0,0.0,1.039,0.154,0.368,1,9,50,0,0,64,0,64,75,high_vol_range,0.0,0,,,
2026-03-09T09:55:00+05:30,portfolio_hist,PREMIUM,SKIP,idle,23776.7,24.32,1.0,0.0,0.0,1.038,0.219,0.368,1,9,55,0,0,64,0,64,75,high_vol_range,0.0,0,,,
2026-03-09T10:00:00+05:30,portfolio_hist,PREMIUM,SKIP,idle,23769.0,24.29,1.0,0.0,0.0,1.039,0.187,0.322,1,10,0,0,0,64,0,64,65,high_vol_range,0.0,0,,,
2026-03-09T10:00:00+05:30,portfolio_hist,TREND,ENTER,debit_spread,23769.0,24.29,1.0,0.0,0.0,1.039,0.187,0.322,1,10,0,0,0,75,0,75,60,high_vol_range,32.74,75,,,
2026-03-09T10:02:00+05:30,portfolio_hist,PREMIUM,ENTER,iron_condor,23759.5,24.3,1.0,0.0,0.0,1.039,0.146,0.322,1,10,2,0,0,77,0,77,65,high_vol_range,39.13,75,,,
2026-03-09T10:51:00+05:30,portfolio_hist,TREND,EXIT,debit_spread,23845.9,23.83,1.0,0.0,0.0,1.038,0.511,0.14,1,10,51,0,0,0,0,0,0,high_vol_range,0.0,0,Trend stop: lost 33.6%,-825.0,51
2026-03-09T11:38:00+05:30,portfolio_hist,PREMIUM,EXIT,iron_condor,23894.6,23.49,1.0,0.0,0.0,1.038,0.716,0.398,1,11,38,0,0,0,0,0,0,high_vol_range,0.0,0,Trail stop: bounced 20.1% after 33% decay,384.0,96
2026-03-09T09:35:00+05:30,portfolio_hist,PREMIUM,SKIP,idle,23758.7,24.02,1.0,0.0,0.0,1.039,0.143,3.101,1,9,35,0,0,65,0,65,75,trending,0.0,0,,,
2026-03-09T09:40:00+05:30,portfolio_hist,PREMIUM,SKIP,idle,23767.35,24.15,1.0,0.0,0.0,1.039,0.18,3.101,1,9,40,0,0,52,0,52,75,trending,0.0,0,,,
2026-03-09T09:45:00+05:30,portfolio_hist,PREMIUM,SKIP,idle,23716.95,24.46,1.0,0.0,0.0,1.039,0.033,0.852,1,9,45,0,0,65,0,65,75,high_vol_range,0.0,0,,,
2026-03-09T09:50:00+05:30,portfolio_hist,PREMIUM,SKIP,idle,23761.4,24.19,1.0,0.0,0.0,1.039,0.154,0.368,1,9,50,0,0,64,0,64,75,high_vol_range,0.0,0,,,
2026-03-09T09:55:00+05:30,portfolio_hist,PREMIUM,SKIP,idle,23776.7,24.32,1.0,0.0,0.0,1.038,0.219,0.368,1,9,55,0,0,64,0,64,75,high_vol_range,0.0,0,,,
2026-03-09T10:00:00+05:30,portfolio_hist,PREMIUM,SKIP,idle,23769.0,24.29,1.0,0.0,0.0,1.039,0.187,0.322,1,10,0,0,0,64,0,64,65,high_vol_range,0.0,0,,,
2026-03-09T10:00:00+05:30,portfolio_hist,TREND,ENTER,debit_spread,23769.0,24.29,1.0,0.0,0.0,1.039,0.187,0.322,1,10,0,0,0,75,0,75,60,high_vol_range,32.74,75,,,
2026-03-09T10:02:00+05:30,portfolio_hist,PREMIUM,ENTER,iron_condor,23759.5,24.3,1.0,0.0,0.0,1.039,0.146,0.322,1,10,2,0,0,77,0,77,65,high_vol_range,39.13,75,,,
2026-03-09T10:51:00+05:30,portfolio_hist,TREND,EXIT,debit_spread,23845.9,23.83,1.0,0.0,0.0,1.038,0.511,0.14,1,10,51,0,0,0,0,0,0,high_vol_range,0.0,0,Trend stop: lost 33.6%,-825.0,51
2026-03-09T11:38:00+05:30,portfolio_hist,PREMIUM,EXIT,iron_condor,23894.6,23.49,1.0,0.0,0.0,1.038,0.716,0.398,1,11,38,0,0,0,0,0,0,high_vol_range,0.0,0,Trail stop: bounced 20.1% after 33% decay,384.0,96
2026-03-09T09:35:00+05:30,portfolio_hist,PREMIUM,SKIP,idle,23758.7,24.02,1.0,0.0,0.0,1.039,0.143,3.101,1,9,35,0,0,65,0,65,75,trending,0.0,0,,,
2026-03-09T09:40:00+05:30,portfolio_hist,PREMIUM,SKIP,idle,23767.35,24.15,1.0,0.0,0.0,1.039,0.18,3.101,1,9,40,0,0,52,0,52,75,trending,0.0,0,,,
2026-03-09T09:45:00+05:30,portfolio_hist,PREMIUM,SKIP,idle,23716.95,24.46,1.0,0.0,0.0,1.039,0.033,0.852,1,9,45,0,0,65,0,65,75,high_vol_range,0.0,0,,,
2026-03-09T09:50:00+05:30,portfolio_hist,PREMIUM,SKIP,idle,23761.4,24.19,1.0,0.0,0.0,1.039,0.154,0.368,1,9,50,0,0,64,0,64,75,high_vol_range,0.0,0,,,
2026-03-09T09:55:00+05:30,portfolio_hist,PREMIUM,SKIP,idle,23776.7,24.32,1.0,0.0,0.0,1.038,0.219,0.368,1,9,55,0,0,64,0,64,75,high_vol_range,0.0,0,,,
2026-03-09T10:00:00+05:30,portfolio_hist,PREMIUM,SKIP,idle,23769.0,24.29,1.0,0.0,0.0,1.039,0.187,0.322,1,10,0,0,0,64,0,64,65,high_vol_range,0.0,0,,,
2026-03-09T10:00:00+05:30,portfolio_hist,TREND,ENTER,debit_spread,23769.0,24.29,1.0,0.0,0.0,1.039,0.187,0.322,1,10,0,0,0,75,0,75,60,high_vol_range,32.74,75,,,
2026-03-09T10:02:00+05:30,portfolio_hist,PREMIUM,ENTER,iron_condor,23759.5,24.3,1.0,0.0,0.0,1.039,0.146,0.322,1,10,2,0,0,77,0,77,65,high_vol_range,39.13,75,,,
2026-03-09T10:51:00+05:30,portfolio_hist,TREND,EXIT,debit_spread,23845.9,23.83,1.0,0.0,0.0,1.038,0.511,0.14,1,10,51,0,0,0,0,0,0,high_vol_range,0.0,0,Trend stop: lost 33.6%,-825.0,51
2026-03-09T11:38:00+05:30,portfolio_hist,PREMIUM,EXIT,iron_condor,23894.6,23.49,1.0,0.0,0.0,1.038,0.716,0.398,1,11,38,0,0,0,0,0,0,high_vol_range,0.0,0,Trail stop: bounced 20.1% after 33% decay,384.0,96
2026-03-09T09:35:00+05:30,portfolio_hist,PREMIUM,SKIP,idle,23758.7,24.02,1.0,0.0,0.0,1.039,0.143,3.101,1,9,35,0,0,65,0,65,75,trending,0.0,0,,,
2026-03-09T09:40:00+05:30,portfolio_hist,PREMIUM,SKIP,idle,23767.35,24.15,1.0,0.0,0.0,1.039,0.18,3.101,1,9,40,0,0,52,0,52,75,trending,0.0,0,,,
2026-03-09T09:45:00+05:30,portfolio_hist,PREMIUM,SKIP,idle,23716.95,24.46,1.0,0.0,0.0,1.039,0.033,0.852,1,9,45,0,0,65,0,65,75,high_vol_range,0.0,0,,,
2026-03-09T09:50:00+05:30,portfolio_hist,PREMIUM,SKIP,idle,23761.4,24.19,1.0,0.0,0.0,1.039,0.154,0.368,1,9,50,0,0,64,0,64,75,high_vol_range,0.0,0,,,
2026-03-09T09:55:00+05:30,portfolio_hist,PREMIUM,SKIP,idle,23776.7,24.32,1.0,0.0,0.0,1.038,0.219,0.368,1,9,55,0,0,64,0,64,75,high_vol_range,0.0,0,,,
2026-03-09T10:00:00+05:30,portfolio_hist,PREMIUM,SKIP,idle,23769.0,24.29,1.0,0.0,0.0,1.039,0.187,0.322,1,10,0,0,0,64,0,64,65,high_vol_range,0.0,0,,,
2026-03-09T10:00:00+05:30,portfolio_hist,TREND,ENTER,debit_spread,23769.0,24.29,1.0,0.0,0.0,1.039,0.187,0.322,1,10,0,0,0,75,0,75,60,high_vol_range,32.74,75,,,
2026-03-09T10:02:00+05:30,portfolio_hist,PREMIUM,ENTER,iron_condor,23759.5,24.3,1.0,0.0,0.0,1.039,0.146,0.322,1,10,2,0,0,77,0,77,65,high_vol_range,39.13,75,,,
2026-03-09T10:51:00+05:30,portfolio_hist,TREND,EXIT,debit_spread,23845.9,23.83,1.0,0.0,0.0,1.038,0.511,0.14,1,10,51,0,0,0,0,0,0,high_vol_range,0.0,0,Trend stop: lost 33.6%,-825.0,51
2026-03-09T11:38:00+05:30,portfolio_hist,PREMIUM,EXIT,iron_condor,23894.6,23.49,1.0,0.0,0.0,1.038,0.716,0.398,1,11,38,0,0,0,0,0,0,high_vol_range,0.0,0,Trail stop: bounced 20.1% after 33% decay,384.0,96
2026-03-09T09:35:00+05:30,portfolio_hist,PREMIUM,SKIP,idle,23758.7,24.02,1.0,0.0,0.0,1.039,0.143,3.101,1,9,35,0,0,65,0,65,75,trending,0.0,0,,,
2026-03-09T09:40:00+05:30,portfolio_hist,PREMIUM,SKIP,idle,23767.35,24.15,1.0,0.0,0.0,1.039,0.18,3.101,1,9,40,0,0,52,0,52,75,trending,0.0,0,,,
2026-03-09T09:45:00+05:30,portfolio_hist,PREMIUM,SKIP,idle,23716.95,24.46,1.0,0.0,0.0,1.039,0.033,0.852,1,9,45,0,0,65,0,65,75,high_vol_range,0.0,0,,,
2026-03-09T09:50:00+05:30,portfolio_hist,PREMIUM,SKIP,idle,23761.4,24.19,1.0,0.0,0.0,1.039,0.154,0.368,1,9,50,0,0,64,0,64,75,high_vol_range,0.0,0,,,
2026-03-09T09:55:00+05:30,portfolio_hist,PREMIUM,SKIP,idle,23776.7,24.32,1.0,0.0,0.0,1.038,0.219,0.368,1,9,55,0,0,64,0,64,75,high_vol_range,0.0,0,,,
2026-03-09T10:00:00+05:30,portfolio_hist,PREMIUM,SKIP,idle,23769.0,24.29,1.0,0.0,0.0,1.039,0.187,0.322,1,10,0,0,0,64,0,64,65,high_vol_range,0.0,0,,,
2026-03-09T10:00:00+05:30,portfolio_hist,TREND,ENTER,debit_spread,23769.0,24.29,1.0,0.0,0.0,1.039,0.187,0.322,1,10,0,0,0,75,0,75,60,high_vol_range,32.74,75,,,
2026-03-09T10:02:00+05:30,portfolio_hist,PREMIUM,ENTER,iron_condor,23759.5,24.3,1.0,0.0,0.0,1.039,0.146,0.322,1,10,2,0,0,77,0,77,65,high_vol_range,39.13,75,,,
2026-03-09T10:51:00+05:30,portfolio_hist,TREND,EXIT,debit_spread,23845.9,23.83,1.0,0.0,0.0,1.038,0.511,0.14,1,10,51,0,0,0,0,0,0,high_vol_range,0.0,0,Trend stop: lost 33.6%,-825.0,51
2026-03-09T11:38:00+05:30,portfolio_hist,PREMIUM,EXIT,iron_condor,23894.6,23.49,1.0,0.0,0.0,1.038,0.716,0.398,1,11,38,0,0,0,0,0,0,high_vol_range,0.0,0,Trail stop: bounced 20.1% after 33% decay,384.0,96
2026-03-09T09:35:00+05:30,portfolio_hist,PREMIUM,SKIP,idle,23758.7,24.02,1.0,0.0,0.0,1.039,0.143,3.101,1,9,35,0,0,65,0,65,75,trending,0.0,0,,,
2026-03-09T09:40:00+05:30,portfolio_hist,PREMIUM,SKIP,idle,23767.35,24.15,1.0,0.0,0.0,1.039,0.18,3.101,1,9,40,0,0,52,0,52,75,trending,0.0,0,,,
2026-03-09T09:45:00+05:30,portfolio_hist,PREMIUM,SKIP,idle,23716.95,24.46,1.0,0.0,0.0,1.039,0.033,0.852,1,9,45,0,0,65,0,65,75,high_vol_range,0.0,0,,,
2026-03-09T09:50:00+05:30,portfolio_hist,PREMIUM,SKIP,idle,23761.4,24.19,1.0,0.0,0.0,1.039,0.154,0.368,1,9,50,0,0,64,0,64,75,high_vol_range,0.0,0,,,
2026-03-09T09:55:00+05:30,portfolio_hist,PREMIUM,SKIP,idle,23776.7,24.32,1.0,0.0,0.0,1.038,0.219,0.368,1,9,55,0,0,64,0,64,75,high_vol_range,0.0,0,,,
2026-03-09T10:00:00+05:30,portfolio_hist,PREMIUM,SKIP,idle,23769.0,24.29,1.0,0.0,0.0,1.039,0.187,0.322,1,10,0,0,0,64,0,64,65,high_vol_range,0.0,0,,,
2026-03-09T10:00:00+05:30,portfolio_hist,TREND,ENTER,debit_spread,23769.0,24.29,1.0,0.0,0.0,1.039,0.187,0.322,1,10,0,0,0,75,0,75,60,high_vol_range,32.74,75,,,
2026-03-09T10:02:00+05:30,portfolio_hist,PREMIUM,ENTER,iron_condor,23759.5,24.3,1.0,0.0,0.0,1.039,0.146,0.322,1,10,2,0,0,77,0,77,65,high_vol_range,39.13,75,,,
2026-03-09T10:51:00+05:30,portfolio_hist,TREND,EXIT,debit_spread,23845.9,23.83,1.0,0.0,0.0,1.038,0.511,0.14,1,10,51,0,0,0,0,0,0,high_vol_range,0.0,0,Trend stop: lost 33.6%,-825.0,51
2026-03-09T11:38:00+05:30,portfolio_hist,PREMIUM,EXIT,iron_condor,23894.6,23.49,1.0,0.0,0.0,1.038,0.716,0.398,1,11,38,0,0,0,0,0,0,high_vol_range,0.0,0,Trail stop: bounced 20.1% after 33% decay,384.0,96
2026-03-09T09:35:00+05:30,portfolio_hist,PREMIUM,SKIP,idle,23758.7,24.02,1.0,0.0,0.0,1.039,0.143,3.101,1,9,35,0,0,65,0,65,75,trending,0.0,0,,,
2026-03-09T09:40:00+05:30,portfolio_hist,PREMIUM,SKIP,idle,23767.35,24.15,1.0,0.0,0.0,1.039,0.18,3.101,1,9,40,0,0,52,0,52,75,trending,0.0,0,,,
2026-03-09T09:45:00+05:30,portfolio_hist,PREMIUM,SKIP,idle,23716.95,24.46,1.0,0.0,0.0,1.039,0.033,0.852,1,9,45,0,0,65,0,65,75,high_vol_range,0.0,0,,,
2026-03-09T09:50:00+05:30,portfolio_hist,PREMIUM,SKIP,idle,23761.4,24.19,1.0,0.0,0.0,1.039,0.154,0.368,1,9,50,0,0,64,0,64,75,high_vol_range,0.0,0,,,
2026-03-09T09:55:00+05:30,portfolio_hist,PREMIUM,SKIP,idle,23776.7,24.32,1.0,0.0,0.0,1.038,0.219,0.368,1,9,55,0,0,64,0,64,75,high_vol_range,0.0,0,,,
2026-03-09T10:00:00+05:30,portfolio_hist,PREMIUM,SKIP,idle,23769.0,24.29,1.0,0.0,0.0,1.039,0.187,0.322,1,10,0,0,0,64,0,64,65,high_vol_range,0.0,0,,,
2026-03-09T10:00:00+05:30,portfolio_hist,TREND,ENTER,debit_spread,23769.0,24.29,1.0,0.0,0.0,1.039,0.187,0.322,1,10,0,0,0,75,0,75,60,high_vol_range,32.74,75,,,
2026-03-09T10:02:00+05:30,portfolio_hist,PREMIUM,ENTER,iron_condor,23759.5,24.3,1.0,0.0,0.0,1.039,0.146,0.322,1,10,2,0,0,77,0,77,65,high_vol_range,39.13,75,,,
2026-03-09T10:51:00+05:30,portfolio_hist,TREND,EXIT,debit_spread,23845.9,23.83,1.0,0.0,0.0,1.038,0.511,0.14,1,10,51,0,0,0,0,0,0,high_vol_range,0.0,0,Trend stop: lost 33.6%,-825.0,51
2026-03-09T11:38:00+05:30,portfolio_hist,PREMIUM,EXIT,iron_condor,23894.6,23.49,1.0,0.0,0.0,1.038,0.716,0.398,1,11,38,0,0,0,0,0,0,high_vol_range,0.0,0,Trail stop: bounced 20.1% after 33% decay,384.0,96
2026-03-09T09:35:00+05:30,portfolio_hist,PREMIUM,SKIP,idle,23758.7,24.02,1.0,0.0,0.0,1.039,0.143,3.101,1,9,35,0,0,65,0,65,75,trending,0.0,0,,,
2026-03-09T09:40:00+05:30,portfolio_hist,PREMIUM,SKIP,idle,23767.35,24.15,1.0,0.0,0.0,1.039,0.18,3.101,1,9,40,0,0,52,0,52,75,trending,0.0,0,,,
2026-03-09T09:45:00+05:30,portfolio_hist,PREMIUM,SKIP,idle,23716.95,24.46,1.0,0.0,0.0,1.039,0.033,0.852,1,9,45,0,0,65,0,65,75,high_vol_range,0.0,0,,,
2026-03-09T09:50:00+05:30,portfolio_hist,PREMIUM,SKIP,idle,23761.4,24.19,1.0,0.0,0.0,1.039,0.154,0.368,1,9,50,0,0,64,0,64,75,high_vol_range,0.0,0,,,
2026-03-09T09:55:00+05:30,portfolio_hist,PREMIUM,SKIP,idle,23776.7,24.32,1.0,0.0,0.0,1.038,0.219,0.368,1,9,55,0,0,64,0,64,75,high_vol_range,0.0,0,,,
2026-03-09T10:00:00+05:30,portfolio_hist,PREMIUM,SKIP,idle,23769.0,24.29,1.0,0.0,0.0,1.039,0.187,0.322,1,10,0,0,0,64,0,64,65,high_vol_range,0.0,0,,,
2026-03-09T10:00:00+05:30,portfolio_hist,TREND,ENTER,debit_spread,23769.0,24.29,1.0,0.0,0.0,1.039,0.187,0.322,1,10,0,0,0,75,0,75,60,high_vol_range,32.74,75,,,
2026-03-09T10:02:00+05:30,portfolio_hist,PREMIUM,ENTER,iron_condor,23759.5,24.3,1.0,0.0,0.0,1.039,0.146,0.322,1,10,2,0,0,77,0,77,65,high_vol_range,39.13,75,,,
2026-03-09T10:51:00+05:30,portfolio_hist,TREND,EXIT,debit_spread,23845.9,23.83,1.0,0.0,0.0,1.038,0.511,0.14,1,10,51,0,0,0,0,0,0,high_vol_range,0.0,0,Trend stop: lost 33.6%,-825.0,51
2026-03-09T11:38:00+05:30,portfolio_hist,PREMIUM,EXIT,iron_condor,23894.6,23.49,1.0,0.0,0.0,1.038,0.716,0.398,1,11,38,0,0,0,0,0,0,high_vol_range,0.0,0,Trail stop: bounced 20.1% after 33% decay,384.0,96
2026-03-09T09:35:00+05:30,portfolio_hist,PREMIUM,SKIP,idle,23758.7,24.02,1.0,0.0,0.0,1.039,0.143,3.101,1,9,35,0,0,65,0,65,75,trending,0.0,0,,,
2026-03-09T09:40:00+05:30,portfolio_hist,PREMIUM,SKIP,idle,23767.35,24.15,1.0,0.0,0.0,1.039,0.18,3.101,1,9,40,0,0,52,0,52,75,trending,0.0,0,,,
2026-03-09T09:45:00+05:30,portfolio_hist,PREMIUM,SKIP,idle,23716.95,24.46,1.0,0.0,0.0,1.039,0.033,0.852,1,9,45,0,0,65,0,65,75,high_vol_range,0.0,0,,,
2026-03-09T09:50:00+05:30,portfolio_hist,PREMIUM,SKIP,idle,23761.4,24.19,1.0,0.0,0.0,1.039,0.154,0.368,1,9,50,0,0,64,0,64,75,high_vol_range,0.0,0,,,
2026-03-09T09:55:00+05:30,portfolio_hist,PREMIUM,SKIP,idle,23776.7,24.32,1.0,0.0,0.0,1.038,0.219,0.368,1,9,55,0,0,64,0,64,75,high_vol_range,0.0,0,,,
2026-03-09T10:00:00+05:30,portfolio_hist,PREMIUM,SKIP,idle,23769.0,24.29,1.0,0.0,0.0,1.039,0.187,0.322,1,10,0,0,0,64,0,64,65,high_vol_range,0.0,0,,,
2026-03-09T10:00:00+05:30,portfolio_hist,TREND,ENTER,debit_spread,23769.0,24.29,1.0,0.0,0.0,1.039,0.187,0.322,1,10,0,0,0,75,0,75,60,high_vol_range,32.74,75,,,
2026-03-09T10:02:00+05:30,portfolio_hist,PREMIUM,ENTER,iron_condor,23759.5,24.3,1.0,0.0,0.0,1.039,0.146,0.322,1,10,2,0,0,77,0,77,65,high_vol_range,39.13,75,,,
2026-03-09T10:51:00+05:30,portfolio_hist,TREND,EXIT,debit_spread,23845.9,23.83,1.0,0.0,0.0,1.038,0.511,0.14,1,10,51,0,0,0,0,0,0,high_vol_range,0.0,0,Trend stop: lost 33.6%,-825.0,51
2026-03-09T11:38:00+05:30,portfolio_hist,PREMIUM,EXIT,iron_condor,23894.6,23.49,1.0,0.0,0.0,1.038,0.716,0.398,1,11,38,0,0,0,0,0,0,high_vol_range,0.0,0,Trail stop: bounced 20.1% after 33% decay,384.0,96
2026-03-09T09:35:00+05:30,portfolio_hist,PREMIUM,SKIP,idle,23758.7,24.02,1.0,0.0,0.0,1.039,0.143,3.101,1,9,35,0,0,65,0,65,75,trending,0.0,0,,,
2026-03-09T09:40:00+05:30,portfolio_hist,PREMIUM,SKIP,idle,23767.35,24.15,1.0,0.0,0.0,1.039,0.18,3.101,1,9,40,0,0,52,0,52,75,trending,0.0,0,,,
2026-03-09T09:45:00+05:30,portfolio_hist,PREMIUM,SKIP,idle,23716.95,24.46,1.0,0.0,0.0,1.039,0.033,0.852,1,9,45,0,0,65,0,65,75,high_vol_range,0.0,0,,,
2026-03-09T09:50:00+05:30,portfolio_hist,PREMIUM,SKIP,idle,23761.4,24.19,1.0,0.0,0.0,1.039,0.154,0.368,1,9,50,0,0,64,0,64,75,high_vol_range,0.0,0,,,
2026-03-09T09:55:00+05:30,portfolio_hist,PREMIUM,SKIP,idle,23776.7,24.32,1.0,0.0,0.0,1.038,0.219,0.368,1,9,55,0,0,64,0,64,75,high_vol_range,0.0,0,,,
2026-03-09T10:00:00+05:30,portfolio_hist,PREMIUM,SKIP,idle,23769.0,24.29,1.0,0.0,0.0,1.039,0.187,0.322,1,10,0,0,0,64,0,64,65,high_vol_range,0.0,0,,,
2026-03-09T10:00:00+05:30,portfolio_hist,TREND,ENTER,debit_spread,23769.0,24.29,1.0,0.0,0.0,1.039,0.187,0.322,1,10,0,0,0,75,0,75,60,high_vol_range,32.74,75,,,
2026-03-09T10:02:00+05:30,portfolio_hist,PREMIUM,ENTER,iron_condor,23759.5,24.3,1.0,0.0,0.0,1.039,0.146,0.322,1,10,2,0,0,77,0,77,65,high_vol_range,39.13,75,,,
2026-03-09T10:51:00+05:30,portfolio_hist,TREND,EXIT,debit_spread,23845.9,23.83,1.0,0.0,0.0,1.038,0.511,0.14,1,10,51,0,0,0,0,0,0,high_vol_range,0.0,0,Trend stop: lost 33.6%,-825.0,51
2026-03-09T11:38:00+05:30,portfolio_hist,PREMIUM,EXIT,iron_condor,23894.6,23.49,1.0,0.0,0.0,1.038,0.716,0.398,1,11,38,0,0,0,0,0,0,high_vol_range,0.0,0,Trail stop: bounced 20.1% after 33% decay,384.0,96
2026-03-09T09:35:00+05:30,portfolio_hist,PREMIUM,SKIP,idle,23758.7,24.02,1.0,0.0,0.0,1.039,0.143,3.101,1,9,35,0,0,65,0,65,75,trending,0.0,0,,,
2026-03-09T09:40:00+05:30,portfolio_hist,PREMIUM,SKIP,idle,23767.35,24.15,1.0,0.0,0.0,1.039,0.18,3.101,1,9,40,0,0,52,0,52,75,trending,0.0,0,,,
2026-03-09T09:45:00+05:30,portfolio_hist,PREMIUM,SKIP,idle,23716.95,24.46,1.0,0.0,0.0,1.039,0.033,0.852,1,9,45,0,0,65,0,65,75,high_vol_range,0.0,0,,,
2026-03-09T09:50:00+05:30,portfolio_hist,PREMIUM,SKIP,idle,23761.4,24.19,1.0,0.0,0.0,1.039,0.154,0.368,1,9,50,0,0,64,0,64,75,high_vol_range,0.0,0,,,
2026-03-09T09:55:00+05:30,portfolio_hist,PREMIUM,SKIP,idle,23776.7,24.32,1.0,0.0,0.0,1.038,0.219,0.368,1,9,55,0,0,64,0,64,75,high_vol_range,0.0,0,,,
2026-03-09T10:00:00+05:30,portfolio_hist,PREMIUM,SKIP,idle,23769.0,24.29,1.0,0.0,0.0,1.039,0.187,0.322,1,10,0,0,0,64,0,64,65,high_vol_range,0.0,0,,,
2026-03-09T10:00:00+05:30,portfolio_hist,TREND,ENTER,debit_spread,23769.0,24.29,1.0,0.0,0.0,1.039,0.187,0.322,1,10,0,0,0,75,0,75,60,high_vol_range,32.74,75,,,
2026-03-09T10:02:00+05:30,portfolio_hist,PREMIUM,ENTER,iron_condor,23759.5,24.3,1.0,0.0,0.0,1.039,0.146,0.322,1,10,2,0,0,77,0,77,65,high_vol_range,39.13,75,,,
2026-03-09T10:51:00+05:30,portfolio_hist,TREND,EXIT,debit_spread,23845.9,23.83,1.0,0.0,0.0,1.038,0.511,0.14,1,10,51,0,0,0,0,0,0,high_vol_range,0.0,0,Trend stop: lost 33.6%,-825.0,51
2026-03-09T11:38:00+05:30,portfolio_hist,PREMIUM,EXIT,iron_condor,23894.6,23.49,1.0,0.0,0.0,1.038,0.716,0.398,1,11,38,0,0,0,0,0,0,high_vol_range,0.0,0,Trail stop: bounced 20.1% after 33% decay,384.0,96
2026-03-09T09:35:00+05:30,portfolio_hist,PREMIUM,SKIP,idle,23758.7,24.02,1.0,0.0,0.0,1.039,0.143,3.101,1,9,35,0,0,65,0,65,75,trending,0.0,0,,,
2026-03-09T09:40:00+05:30,portfolio_hist,PREMIUM,SKIP,idle,23767.35,24.15,1.0,0.0,0.0,1.039,0.18,3.101,1,9,40,0,0,52,0,52,75,trending,0.0,0,,,
2026-03-09T09:45:00+05:30,portfolio_hist,PREMIUM,SKIP,idle,23716.95,24.46,1.0,0.0,0.0,1.039,0.033,0.852,1,9,45,0,0,65,0,65,75,high_vol_range,0.0,0,,,
2026-03-09T09:50:00+05:30,portfolio_hist,PREMIUM,SKIP,idle,23761.4,24.19,1.0,0.0,0.0,1.039,0.154,0.368,1,9,50,0,0,64,0,64,75,high_vol_range,0.0,0,,,
2026-03-09T09:55:00+05:30,portfolio_hist,PREMIUM,SKIP,idle,23776.7,24.32,1.0,0.0,0.0,1.038,0.219,0.368,1,9,55,0,0,64,0,64,75,high_vol_range,0.0,0,,,
2026-03-09T10:00:00+05:30,portfolio_hist,PREMIUM,SKIP,idle,23769.0,24.29,1.0,0.0,0.0,1.039,0.187,0.322,1,10,0,0,0,64,0,64,65,high_vol_range,0.0,0,,,
2026-03-09T10:00:00+05:30,portfolio_hist,TREND,ENTER,debit_spread,23769.0,24.29,1.0,0.0,0.0,1.039,0.187,0.322,1,10,0,0,0,75,0,75,60,high_vol_range,32.74,75,,,
2026-03-09T10:02:00+05:30,portfolio_hist,PREMIUM,ENTER,iron_condor,23759.5,24.3,1.0,0.0,0.0,1.039,0.146,0.322,1,10,2,0,0,77,0,77,65,high_vol_range,39.13,75,,,
2026-03-09T10:51:00+05:30,portfolio_hist,TREND,EXIT,debit_spread,23845.9,23.83,1.0,0.0,0.0,1.038,0.511,0.14,1,10,51,0,0,0,0,0,0,high_vol_range,0.0,0,Trend stop: lost 33.6%,-825.0,51
2026-03-09T11:38:00+05:30,portfolio_hist,PREMIUM,EXIT,iron_condor,23894.6,23.49,1.0,0.0,0.0,1.038,0.716,0.398,1,11,38,0,0,0,0,0,0,high_vol_range,0.0,0,Trail stop: bounced 20.1% after 33% decay,384.0,96
2026-03-09T09:35:00+05:30,portfolio_hist,PREMIUM,SKIP,idle,23758.7,24.02,1.0,0.0,0.0,1.039,0.143,3.101,1,9,35,0,0,65,0,65,75,trending,0.0,0,,,
2026-03-09T09:40:00+05:30,portfolio_hist,PREMIUM,SKIP,idle,23767.35,24.15,1.0,0.0,0.0,1.039,0.18,3.101,1,9,40,0,0,52,0,52,75,trending,0.0,0,,,
2026-03-09T09:45:00+05:30,portfolio_hist,PREMIUM,SKIP,idle,23716.95,24.46,1.0,0.0,0.0,1.039,0.033,0.852,1,9,45,0,0,65,0,65,75,high_vol_range,0.0,0,,,
2026-03-09T09:50:00+05:30,portfolio_hist,PREMIUM,SKIP,idle,23761.4,24.19,1.0,0.0,0.0,1.039,0.154,0.368,1,9,50,0,0,64,0,64,75,high_vol_range,0.0,0,,,
2026-03-09T09:55:00+05:30,portfolio_hist,PREMIUM,SKIP,idle,23776.7,24.32,1.0,0.0,0.0,1.038,0.219,0.368,1,9,55,0,0,64,0,64,75,high_vol_range,0.0,0,,,
2026-03-09T10:00:00+05:30,portfolio_hist,PREMIUM,SKIP,idle,23769.0,24.29,1.0,0.0,0.0,1.039,0.187,0.322,1,10,0,0,0,64,0,64,65,high_vol_range,0.0,0,,,
2026-03-09T10:00:00+05:30,portfolio_hist,TREND,ENTER,debit_spread,23769.0,24.29,1.0,0.0,0.0,1.039,0.187,0.322,1,10,0,0,0,75,0,75,60,high_vol_range,32.74,75,,,
2026-03-09T10:02:00+05:30,portfolio_hist,PREMIUM,ENTER,iron_condor,23759.5,24.3,1.0,0.0,0.0,1.039,0.146,0.322,1,10,2,0,0,77,0,77,65,high_vol_range,39.13,75,,,
2026-03-09T10:51:00+05:30,portfolio_hist,TREND,EXIT,debit_spread,23845.9,23.83,1.0,0.0,0.0,1.038,0.511,0.14,1,10,51,0,0,0,0,0,0,high_vol_range,0.0,0,Trend stop: lost 33.6%,-825.0,51
2026-03-09T11:38:00+05:30,portfolio_hist,PREMIUM,EXIT,iron_condor,23894.6,23.49,1.0,0.0,0.0,1.038,0.716,0.398,1,11,38,0,0,0,0,0,0,high_vol_range,0.0,0,Trail stop: bounced 20.1% after 33% decay,384.0,96
2026-03-09T09:35:00+05:30,portfolio_hist,PREMIUM,SKIP,idle,23758.7,24.02,1.0,0.0,0.0,1.039,0.143,3.101,1,9,35,0,0,65,0,65,75,trending,0.0,0,,,
2026-03-09T09:40:00+05:30,portfolio_hist,PREMIUM,SKIP,idle,23767.35,24.15,1.0,0.0,0.0,1.039,0.18,3.101,1,9,40,0,0,52,0,52,75,trending,0.0,0,,,
2026-03-09T09:45:00+05:30,portfolio_hist,PREMIUM,SKIP,idle,23716.95,24.46,1.0,0.0,0.0,1.039,0.033,0.852,1,9,45,0,0,65,0,65,75,high_vol_range,0.0,0,,,
2026-03-09T09:50:00+05:30,portfolio_hist,PREMIUM,SKIP,idle,23761.4,24.19,1.0,0.0,0.0,1.039,0.154,0.368,1,9,50,0,0,64,0,64,75,high_vol_range,0.0,0,,,
2026-03-09T09:55:00+05:30,portfolio_hist,PREMIUM,SKIP,idle,23776.7,24.32,1.0,0.0,0.0,1.038,0.219,0.368,1,9,55,0,0,64,0,64,75,high_vol_range,0.0,0,,,
2026-03-09T10:00:00+05:30,portfolio_hist,PREMIUM,SKIP,idle,23769.0,24.29,1.0,0.0,0.0,1.039,0.187,0.322,1,10,0,0,0,64,0,64,65,high_vol_range,0.0,0,,,
2026-03-09T10:00:00+05:30,portfolio_hist,TREND,ENTER,debit_spread,23769.0,24.29,1.0,0.0,0.0,1.039,0.187,0.322,1,10,0,0,0,75,0,75,60,high_vol_range,32.74,75,,,
2026-03-09T10:02:00+05:30,portfolio_hist,PREMIUM,ENTER,iron_condor,23759.5,24.3,1.0,0.0,0.0,1.039,0.146,0.322,1,10,2,0,0,77,0,77,65,high_vol_range,39.13,75,,,
2026-03-09T10:51:00+05:30,portfolio_hist,TREND,EXIT,debit_spread,23845.9,23.83,1.0,0.0,0.0,1.038,0.511,0.14,1,10,51,0,0,0,0,0,0,high_vol_range,0.0,0,Trend stop: lost 33.6%,-825.0,51
2026-03-09T11:38:00+05:30,portfolio_hist,PREMIUM,EXIT,iron_condor,23894.6,23.49,1.0,0.0,0.0,1.038,0.716,0.398,1,11,38,0,0,0,0,0,0,high_vol_range,0.0,0,Trail stop: bounced 20.1% after 33% decay,384.0,96
2026-03-09T09:35:00+05:30,portfolio_hist,PREMIUM,SKIP,idle,23758.7,24.02,1.0,0.0,0.0,1.039,0.143,3.101,1,9,35,0,0,65,0,65,75,trending,0.0,0,,,
2026-03-09T09:40:00+05:30,portfolio_hist,PREMIUM,SKIP,idle,23767.35,24.15,1.0,0.0,0.0,1.039,0.18,3.101,1,9,40,0,0,52,0,52,75,trending,0.0,0,,,
2026-03-09T09:45:00+05:30,portfolio_hist,PREMIUM,SKIP,idle,23716.95,24.46,1.0,0.0,0.0,1.039,0.033,0.852,1,9,45,0,0,65,0,65,75,high_vol_range,0.0,0,,,
2026-03-09T09:50:00+05:30,portfolio_hist,PREMIUM,SKIP,idle,23761.4,24.19,1.0,0.0,0.0,1.039,0.154,0.368,1,9,50,0,0,64,0,64,75,high_vol_range,0.0,0,,,
2026-03-09T09:55:00+05:30,portfolio_hist,PREMIUM,SKIP,idle,23776.7,24.32,1.0,0.0,0.0,1.038,0.219,0.368,1,9,55,0,0,64,0,64,75,high_vol_range,0.0,0,,,
2026-03-09T10:00:00+05:30,portfolio_hist,PREMIUM,SKIP,idle,23769.0,24.29,1.0,0.0,0.0,1.039,0.187,0.322,1,10,0,0,0,64,0,64,65,high_vol_range,0.0,0,,,
2026-03-09T10:00:00+05:30,portfolio_hist,TREND,ENTER,debit_spread,23769.0,24.29,1.0,0.0,0.0,1.039,0.187,0.322,1,10,0,0,0,75,0,75,60,high_vol_range,32.74,75,,,
2026-03-09T10:02:00+05:30,portfolio_hist,PREMIUM,ENTER,iron_condor,23759.5,24.3,1.0,0.0,0.0,1.039,0.146,0.322,1,10,2,0,0,77,0,77,65,high_vol_range,39.13,75,,,
2026-03-09T10:51:00+05:30,portfolio_hist,TREND,EXIT,debit_spread,23845.9,23.83,1.0,0.0,0.0,1.038,0.511,0.14,1,10,51,0,0,0,0,0,0,high_vol_range,0.0,0,Trend stop: lost 33.6%,-825.0,51
2026-03-09T11:38:00+05:30,portfolio_hist,PREMIUM,EXIT,iron_condor,23894.6,23.49,1.0,0.0,0.0,1.038,0.716,0.398,1,11,38,0,0,0,0,0,0,high_vol_range,0.0,0,Trail stop: bounced 20.1% after 33% decay,384.0,96
2026-03-09T09:35:00+05:30,portfolio_hist,PREMIUM,SKIP,idle,23758.7,24.02,1.0,0.0,0.0,1.039,0.143,3.101,1,9,35,0,0,65,0,65,75,trending,0.0,0,,,
2026-03-09T09:40:00+05:30,portfolio_hist,PREMIUM,SKIP,idle,23767.35,24.15,1.0,0.0,0.0,1.039,0.18,3.101,1,9,40,0,0,52,0,52,75,trending,0.0,0,,,
2026-03-09T09:45:00+05:30,portfolio_hist,PREMIUM,SKIP,idle,23716.95,24.46,1.0,0.0,0.0,1.039,0.033,0.852,1,9,45,0,0,65,0,65,75,high_vol_range,0.0,0,,,
2026-03-09T09:50:00+05:30,portfolio_hist,PREMIUM,SKIP,idle,23761.4,24.19,1.0,0.0,0.0,1.039,0.154,0.368,1,9,50,0,0,64,0,64,75,high_vol_range,0.0,0,,,
2026-03-09T09:55:00+05:30,portfolio_hist,PREMIUM,SKIP,idle,23776.7,24.32,1.0,0.0,0.0,1.038,0.219,0.368,1,9,55,0,0,64,0,64,75,high_vol_range,0.0,0,,,
2026-03-09T10:00:00+05:30,portfolio_hist,PREMIUM,SKIP,idle,23769.0,24.29,1.0,0.0,0.0,1.039,0.187,0.322,1,10,0,0,0,64,0,64,65,high_vol_range,0.0,0,,,
2026-03-09T10:00:00+05:30,portfolio_hist,TREND,ENTER,debit_spread,23769.0,24.29,1.0,0.0,0.0,1.039,0.187,0.322,1,10,0,0,0,75,0,75,60,high_vol_range,32.74,75,,,
2026-03-09T10:01:00+05:30,portfolio_hist,TREND,EXIT,debit_spread,23774.3,24.25,1.0,0.0,0.0,1.039,0.209,0.322,1,10,1,0,0,0,0,0,0,high_vol_range,0.0,0,Trend profit: spread at 32.0% of max,-54.0,1
2026-03-09T10:02:00+05:30,portfolio_hist,PREMIUM,ENTER,iron_condor,23759.5,24.3,1.0,0.0,0.0,1.039,0.146,0.322,1,10,2,0,0,77,0,77,65,high_vol_range,39.13,75,,,
2026-03-09T11:38:00+05:30,portfolio_hist,PREMIUM,EXIT,iron_condor,23894.6,23.49,1.0,0.0,0.0,1.038,0.716,0.398,1,11,38,0,0,0,0,0,0,high_vol_range,0.0,0,Trail stop: bounced 20.1% after 33% decay,384.0,96
2026-03-09T09:35:00+05:30,portfolio_hist,PREMIUM,SKIP,idle,23758.7,24.02,1.0,0.0,0.0,1.039,0.143,3.101,1,9,35,0,0,65,0,65,75,trending,0.0,0,,,
2026-03-09T09:40:00+05:30,portfolio_hist,PREMIUM,SKIP,idle,23767.35,24.15,1.0,0.0,0.0,1.039,0.18,3.101,1,9,40,0,0,52,0,52,75,trending,0.0,0,,,
2026-03-09T09:45:00+05:30,portfolio_hist,PREMIUM,SKIP,idle,23716.95,24.46,1.0,0.0,0.0,1.039,0.033,0.852,1,9,45,0,0,65,0,65,75,high_vol_range,0.0,0,,,
2026-03-09T09:50:00+05:30,portfolio_hist,PREMIUM,SKIP,idle,23761.4,24.19,1.0,0.0,0.0,1.039,0.154,0.368,1,9,50,0,0,64,0,64,75,high_vol_range,0.0,0,,,
2026-03-09T09:55:00+05:30,portfolio_hist,PREMIUM,SKIP,idle,23776.7,24.32,1.0,0.0,0.0,1.038,0.219,0.368,1,9,55,0,0,64,0,64,75,high_vol_range,0.0,0,,,
2026-03-09T10:00:00+05:30,portfolio_hist,PREMIUM,SKIP,idle,23769.0,24.29,1.0,0.0,0.0,1.039,0.187,0.322,1,10,0,0,0,64,0,64,65,high_vol_range,0.0,0,,,
2026-03-09T10:00:00+05:30,portfolio_hist,TREND,ENTER,debit_spread,23769.0,24.29,1.0,0.0,0.0,1.039,0.187,0.322,1,10,0,0,0,75,0,75,60,high_vol_range,32.74,75,,,
2026-03-09T10:02:00+05:30,portfolio_hist,PREMIUM,ENTER,iron_condor,23759.5,24.3,1.0,0.0,0.0,1.039,0.146,0.322,1,10,2,0,0,77,0,77,65,high_vol_range,39.13,75,,,
2026-03-09T10:09:00+05:30,portfolio_hist,TREND,EXIT,debit_spread,23808.7,24.17,1.0,0.0,0.0,1.039,0.354,0.276,1,10,9,0,0,0,0,0,0,high_vol_range,0.0,0,Trend stop: lost 15.8%,-387.75,9
2026-03-09T11:38:00+05:30,portfolio_hist,PREMIUM,EXIT,iron_condor,23894.6,23.49,1.0,0.0,0.0,1.038,0.716,0.398,1,11,38,0,0,0,0,0,0,high_vol_range,0.0,0,Trail stop: bounced 20.1% after 33% decay,384.0,96
2026-03-09T09:35:00+05:30,portfolio_hist,PREMIUM,SKIP,idle,23758.7,24.02,1.0,0.0,0.0,1.039,0.143,3.101,1,9,35,0,0,65,0,65,75,trending,0.0,0,,,
2026-03-09T09:40:00+05:30,portfolio_hist,PREMIUM,SKIP,idle,23767.35,24.15,1.0,0.0,0.0,1.039,0.18,3.101,1,9,40,0,0,52,0,52,75,trending,0.0,0,,,
2026-03-09T09:45:00+05:30,portfolio_hist,PREMIUM,SKIP,idle,23716.95,24.46,1.0,0.0,0.0,1.039,0.033,0.852,1,9,45,0,0,65,0,65,75,high_vol_range,0.0,0,,,
2026-03-09T09:50:00+05:30,portfolio_hist,PREMIUM,SKIP,idle,23761.4,24.19,1.0,0.0,0.0,1.039,0.154,0.368,1,9,50,0,0,64,0,64,75,high_vol_range,0.0,0,,,
2026-03-09T09:55:00+05:30,portfolio_hist,PREMIUM,SKIP,idle,23776.7,24.32,1.0,0.0,0.0,1.038,0.219,0.368,1,9,55,0,0,64,0,64,75,high_vol_range,0.0,0,,,
2026-03-09T10:00:00+05:30,portfolio_hist,PREMIUM,SKIP,idle,23769.0,24.29,1.0,0.0,0.0,1.039,0.187,0.322,1,10,0,0,0,64,0,64,65,high_vol_range,0.0,0,,,
2026-03-09T10:00:00+05:30,portfolio_hist,TREND,ENTER,debit_spread,23769.0,24.29,1.0,0.0,0.0,1.039,0.187,0.322,1,10,0,0,0,75,0,75,60,high_vol_range,32.74,75,,,
2026-03-09T10:02:00+05:30,portfolio_hist,PREMIUM,ENTER,iron_condor,23759.5,24.3,1.0,0.0,0.0,1.039,0.146,0.322,1,10,2,0,0,77,0,77,65,high_vol_range,39.13,75,,,
2026-03-09T10:09:00+05:30,portfolio_hist,TREND,EXIT,debit_spread,23808.7,24.17,1.0,0.0,0.0,1.039,0.354,0.276,1,10,9,0,0,0,0,0,0,high_vol_range,0.0,0,Trend stop: lost 15.8%,-387.75,9
2026-03-09T11:38:00+05:30,portfolio_hist,PREMIUM,EXIT,iron_condor,23894.6,23.49,1.0,0.0,0.0,1.038,0.716,0.398,1,11,38,0,0,0,0,0,0,high_vol_range,0.0,0,Trail stop: bounced 20.1% after 33% decay,384.0,96
2026-03-09T09:35:00+05:30,portfolio_hist,PREMIUM,SKIP,idle,23758.7,24.02,1.0,0.0,0.0,1.039,0.143,3.101,1,9,35,0,0,65,0,65,75,trending,0.0,0,,,
2026-03-09T09:40:00+05:30,portfolio_hist,PREMIUM,SKIP,idle,23767.35,24.15,1.0,0.0,0.0,1.039,0.18,3.101,1,9,40,0,0,52,0,52,75,trending,0.0,0,,,
2026-03-09T09:45:00+05:30,portfolio_hist,PREMIUM,SKIP,idle,23716.95,24.46,1.0,0.0,0.0,1.039,0.033,0.852,1,9,45,0,0,65,0,65,75,high_vol_range,0.0,0,,,
2026-03-09T09:50:00+05:30,portfolio_hist,PREMIUM,SKIP,idle,23761.4,24.19,1.0,0.0,0.0,1.039,0.154,0.368,1,9,50,0,0,64,0,64,75,high_vol_range,0.0,0,,,
2026-03-09T09:55:00+05:30,portfolio_hist,PREMIUM,SKIP,idle,23776.7,24.32,1.0,0.0,0.0,1.038,0.219,0.368,1,9,55,0,0,64,0,64,75,high_vol_range,0.0,0,,,
2026-03-09T10:00:00+05:30,portfolio_hist,PREMIUM,SKIP,idle,23769.0,24.29,1.0,0.0,0.0,1.039,0.187,0.322,1,10,0,0,0,64,0,64,65,high_vol_range,0.0,0,,,
2026-03-09T10:00:00+05:30,portfolio_hist,TREND,ENTER,debit_spread,23769.0,24.29,1.0,0.0,0.0,1.039,0.187,0.322,1,10,0,0,0,75,0,75,60,high_vol_range,32.74,75,,,
2026-03-09T10:02:00+05:30,portfolio_hist,PREMIUM,ENTER,iron_condor,23759.5,24.3,1.0,0.0,0.0,1.039,0.146,0.322,1,10,2,0,0,77,0,77,65,high_vol_range,39.13,75,,,
2026-03-09T10:09:00+05:30,portfolio_hist,TREND,EXIT,debit_spread,23808.7,24.17,1.0,0.0,0.0,1.039,0.354,0.276,1,10,9,0,0,0,0,0,0,high_vol_range,0.0,0,Trend stop: lost 15.8%,-387.75,9
2026-03-09T11:38:00+05:30,portfolio_hist,PREMIUM,EXIT,iron_condor,23894.6,23.49,1.0,0.0,0.0,1.038,0.716,0.398,1,11,38,0,0,0,0,0,0,high_vol_range,0.0,0,Trail stop: bounced 20.1% after 33% decay,384.0,96
2026-03-09T09:35:00+05:30,portfolio_hist,PREMIUM,SKIP,idle,23758.7,24.02,1.0,0.0,0.0,1.039,0.143,3.101,1,9,35,0,0,65,0,65,75,trending,0.0,0,,,
2026-03-09T09:40:00+05:30,portfolio_hist,PREMIUM,SKIP,idle,23767.35,24.15,1.0,0.0,0.0,1.039,0.18,3.101,1,9,40,0,0,52,0,52,75,trending,0.0,0,,,
2026-03-09T09:45:00+05:30,portfolio_hist,PREMIUM,SKIP,idle,23716.95,24.46,1.0,0.0,0.0,1.039,0.033,0.852,1,9,45,0,0,65,0,65,75,high_vol_range,0.0,0,,,
2026-03-09T09:50:00+05:30,portfolio_hist,PREMIUM,SKIP,idle,23761.4,24.19,1.0,0.0,0.0,1.039,0.154,0.368,1,9,50,0,0,64,0,64,75,high_vol_range,0.0,0,,,
2026-03-09T09:55:00+05:30,portfolio_hist,PREMIUM,SKIP,idle,23776.7,24.32,1.0,0.0,0.0,1.038,0.219,0.368,1,9,55,0,0,64,0,64,75,high_vol_range,0.0,0,,,
2026-03-09T10:00:00+05:30,portfolio_hist,PREMIUM,SKIP,idle,23769.0,24.29,1.0,0.0,0.0,1.039,0.187,0.322,1,10,0,0,0,64,0,64,65,high_vol_range,0.0,0,,,
2026-03-09T10:00:00+05:30,portfolio_hist,TREND,ENTER,debit_spread,23769.0,24.29,1.0,0.0,0.0,1.039,0.187,0.322,1,10,0,0,0,75,0,75,60,high_vol_range,32.74,75,,,
2026-03-09T10:02:00+05:30,portfolio_hist,PREMIUM,ENTER,iron_condor,23759.5,24.3,1.0,0.0,0.0,1.039,0.146,0.322,1,10,2,0,0,77,0,77,65,high_vol_range,39.13,75,,,
2026-03-09T10:09:00+05:30,portfolio_hist,TREND,EXIT,debit_spread,23808.7,24.17,1.0,0.0,0.0,1.039,0.354,0.276,1,10,9,0,0,0,0,0,0,high_vol_range,0.0,0,Trend stop: lost 15.8%,-387.75,9
2026-03-09T11:38:00+05:30,portfolio_hist,PREMIUM,EXIT,iron_condor,23894.6,23.49,1.0,0.0,0.0,1.038,0.716,0.398,1,11,38,0,0,0,0,0,0,high_vol_range,0.0,0,Trail stop: bounced 20.1% after 33% decay,384.0,96
2026-03-09T09:35:00+05:30,portfolio_hist,PREMIUM,SKIP,idle,23758.7,24.02,1.0,0.0,0.0,1.039,0.143,3.101,1,9,35,0,0,65,0,65,75,trending,0.0,0,,,
2026-03-09T09:40:00+05:30,portfolio_hist,PREMIUM,SKIP,idle,23767.35,24.15,1.0,0.0,0.0,1.039,0.18,3.101,1,9,40,0,0,52,0,52,75,trending,0.0,0,,,
2026-03-09T09:45:00+05:30,portfolio_hist,PREMIUM,SKIP,idle,23716.95,24.46,1.0,0.0,0.0,1.039,0.033,0.852,1,9,45,0,0,65,0,65,75,high_vol_range,0.0,0,,,
2026-03-09T09:50:00+05:30,portfolio_hist,PREMIUM,SKIP,idle,23761.4,24.19,1.0,0.0,0.0,1.039,0.154,0.368,1,9,50,0,0,64,0,64,75,high_vol_range,0.0,0,,,
2026-03-09T09:55:00+05:30,portfolio_hist,PREMIUM,SKIP,idle,23776.7,24.32,1.0,0.0,0.0,1.038,0.219,0.368,1,9,55,0,0,64,0,64,75,high_vol_range,0.0,0,,,
2026-03-09T10:00:00+05:30,portfolio_hist,PREMIUM,SKIP,idle,23769.0,24.29,1.0,0.0,0.0,1.039,0.187,0.322,1,10,0,0,0,64,0,64,65,high_vol_range,0.0,0,,,
2026-03-09T10:00:00+05:30,portfolio_hist,TREND,ENTER,debit_spread,23769.0,24.29,1.0,0.0,0.0,1.039,0.187,0.322,1,10,0,0,0,75,0,75,60,high_vol_range,32.74,75,,,
2026-03-09T10:01:00+05:30,portfolio_hist,TREND,EXIT,debit_spread,23774.3,24.25,1.0,0.0,0.0,1.039,0.209,0.322,1,10,1,0,0,0,0,0,0,high_vol_range,0.0,0,Trend profit: spread at 32.0% of max,-54.0,1
2026-03-09T10:02:00+05:30,portfolio_hist,PREMIUM,ENTER,iron_condor,23759.5,24.3,1.0,0.0,0.0,1.039,0.146,0.322,1,10,2,0,0,77,0,77,65,high_vol_range,39.13,75,,,
2026-03-09T11:38:00+05:30,portfolio_hist,PREMIUM,EXIT,iron_condor,23894.6,23.49,1.0,0.0,0.0,1.038,0.716,0.398,1,11,38,0,0,0,0,0,0,high_vol_range,0.0,0,Trail stop: bounced 20.1% after 33% decay,384.0,96
2026-03-09T09:35:00+05:30,portfolio_hist,PREMIUM,SKIP,idle,23758.7,24.02,1.0,0.0,0.0,1.039,0.143,3.101,1,9,35,0,0,65,0,65,75,trending,0.0,0,,,
2026-03-09T09:40:00+05:30,portfolio_hist,PREMIUM,SKIP,idle,23767.35,24.15,1.0,0.0,0.0,1.039,0.18,3.101,1,9,40,0,0,52,0,52,75,trending,0.0,0,,,
2026-03-09T09:45:00+05:30,portfolio_hist,PREMIUM,SKIP,idle,23716.95,24.46,1.0,0.0,0.0,1.039,0.033,0.852,1,9,45,0,0,65,0,65,75,high_vol_range,0.0,0,,,
2026-03-09T09:50:00+05:30,portfolio_hist,PREMIUM,SKIP,idle,23761.4,24.19,1.0,0.0,0.0,1.039,0.154,0.368,1,9,50,0,0,64,0,64,75,high_vol_range,0.0,0,,,
2026-03-09T09:55:00+05:30,portfolio_hist,PREMIUM,SKIP,idle,23776.7,24.32,1.0,0.0,0.0,1.038,0.219,0.368,1,9,55,0,0,64,0,64,75,high_vol_range,0.0,0,,,
2026-03-09T10:00:00+05:30,portfolio_hist,PREMIUM,SKIP,idle,23769.0,24.29,1.0,0.0,0.0,1.039,0.187,0.322,1,10,0,0,0,64,0,64,65,high_vol_range,0.0,0,,,
2026-03-09T10:00:00+05:30,portfolio_hist,TREND,ENTER,debit_spread,23769.0,24.29,1.0,0.0,0.0,1.039,0.187,0.322,1,10,0,0,0,75,0,75,60,high_vol_range,32.74,75,,,
2026-03-09T10:02:00+05:30,portfolio_hist,PREMIUM,ENTER,iron_condor,23759.5,24.3,1.0,0.0,0.0,1.039,0.146,0.322,1,10,2,0,0,77,0,77,65,high_vol_range,39.13,75,,,
2026-03-09T10:10:00+05:30,portfolio_hist,TREND,EXIT,debit_spread,23824.05,24.1,1.0,0.0,0.0,1.039,0.419,0.386,1,10,10,0,0,0,0,0,0,high_vol_range,0.0,0,Trend stop: lost 21.3%,-522.75,10
2026-03-09T11:38:00+05:30,portfolio_hist,PREMIUM,EXIT,iron_condor,23894.6,23.49,1.0,0.0,0.0,1.038,0.716,0.398,1,11,38,0,0,0,0,0,0,high_vol_range,0.0,0,Trail stop: bounced 20.1% after 33% decay,384.0,96
2026-03-09T09:35:00+05:30,portfolio_hist,PREMIUM,SKIP,idle,23758.7,24.02,1.0,0.0,0.0,1.039,0.143,3.101,1,9,35,0,0,65,0,65,75,trending,0.0,0,,,
2026-03-09T09:40:00+05:30,portfolio_hist,PREMIUM,SKIP,idle,23767.35,24.15,1.0,0.0,0.0,1.039,0.18,3.101,1,9,40,0,0,52,0,52,75,trending,0.0,0,,,
2026-03-09T09:45:00+05:30,portfolio_hist,PREMIUM,SKIP,idle,23716.95,24.46,1.0,0.0,0.0,1.039,0.033,0.852,1,9,45,0,0,65,0,65,75,high_vol_range,0.0,0,,,
2026-03-09T09:50:00+05:30,portfolio_hist,PREMIUM,SKIP,idle,23761.4,24.19,1.0,0.0,0.0,1.039,0.154,0.368,1,9,50,0,0,64,0,64,75,high_vol_range,0.0,0,,,
2026-03-09T09:55:00+05:30,portfolio_hist,PREMIUM,SKIP,idle,23776.7,24.32,1.0,0.0,0.0,1.038,0.219,0.368,1,9,55,0,0,64,0,64,75,high_vol_range,0.0,0,,,
2026-03-09T10:00:00+05:30,portfolio_hist,PREMIUM,SKIP,idle,23769.0,24.29,1.0,0.0,0.0,1.039,0.187,0.322,1,10,0,0,0,64,0,64,65,high_vol_range,0.0,0,,,
2026-03-09T10:00:00+05:30,portfolio_hist,TREND,ENTER,debit_spread,23769.0,24.29,1.0,0.0,0.0,1.039,0.187,0.322,1,10,0,0,0,75,0,75,60,high_vol_range,32.74,75,,,
2026-03-09T10:02:00+05:30,portfolio_hist,PREMIUM,ENTER,iron_condor,23759.5,24.3,1.0,0.0,0.0,1.039,0.146,0.322,1,10,2,0,0,77,0,77,65,high_vol_range,39.13,75,,,
2026-03-09T10:10:00+05:30,portfolio_hist,TREND,EXIT,debit_spread,23824.05,24.1,1.0,0.0,0.0,1.039,0.419,0.386,1,10,10,0,0,0,0,0,0,high_vol_range,0.0,0,Trend stop: lost 21.3%,-522.75,10
2026-03-09T11:38:00+05:30,portfolio_hist,PREMIUM,EXIT,iron_condor,23894.6,23.49,1.0,0.0,0.0,1.038,0.716,0.398,1,11,38,0,0,0,0,0,0,high_vol_range,0.0,0,Trail stop: bounced 20.1% after 33% decay,384.0,96
2026-03-09T09:35:00+05:30,portfolio_hist,PREMIUM,SKIP,idle,23758.7,24.02,1.0,0.0,0.0,1.039,0.143,3.101,1,9,35,0,0,65,0,65,75,trending,0.0,0,,,
2026-03-09T09:40:00+05:30,portfolio_hist,PREMIUM,SKIP,idle,23767.35,24.15,1.0,0.0,0.0,1.039,0.18,3.101,1,9,40,0,0,52,0,52,75,trending,0.0,0,,,
2026-03-09T09:45:00+05:30,portfolio_hist,PREMIUM,SKIP,idle,23716.95,24.46,1.0,0.0,0.0,1.039,0.033,0.852,1,9,45,0,0,65,0,65,75,high_vol_range,0.0,0,,,
2026-03-09T09:50:00+05:30,portfolio_hist,PREMIUM,SKIP,idle,23761.4,24.19,1.0,0.0,0.0,1.039,0.154,0.368,1,9,50,0,0,64,0,64,75,high_vol_range,0.0,0,,,
2026-03-09T09:55:00+05:30,portfolio_hist,PREMIUM,SKIP,idle,23776.7,24.32,1.0,0.0,0.0,1.038,0.219,0.368,1,9,55,0,0,64,0,64,75,high_vol_range,0.0,0,,,
2026-03-09T10:00:00+05:30,portfolio_hist,PREMIUM,SKIP,idle,23769.0,24.29,1.0,0.0,0.0,1.039,0.187,0.322,1,10,0,0,0,64,0,64,65,high_vol_range,0.0,0,,,
2026-03-09T10:00:00+05:30,portfolio_hist,TREND,ENTER,debit_spread,23769.0,24.29,1.0,0.0,0.0,1.039,0.187,0.322,1,10,0,0,0,75,0,75,60,high_vol_range,32.74,75,,,
2026-03-09T10:02:00+05:30,portfolio_hist,PREMIUM,ENTER,iron_condor,23759.5,24.3,1.0,0.0,0.0,1.039,0.146,0.322,1,10,2,0,0,77,0,77,65,high_vol_range,39.13,75,,,
2026-03-09T10:10:00+05:30,portfolio_hist,TREND,EXIT,debit_spread,23824.05,24.1,1.0,0.0,0.0,1.039,0.419,0.386,1,10,10,0,0,0,0,0,0,high_vol_range,0.0,0,Trend stop: lost 21.3%,-522.75,10
2026-03-09T11:38:00+05:30,portfolio_hist,PREMIUM,EXIT,iron_condor,23894.6,23.49,1.0,0.0,0.0,1.038,0.716,0.398,1,11,38,0,0,0,0,0,0,high_vol_range,0.0,0,Trail stop: bounced 20.1% after 33% decay,384.0,96
2026-03-09T09:35:00+05:30,portfolio_hist,PREMIUM,SKIP,idle,23758.7,24.02,1.0,0.0,0.0,1.039,0.143,3.101,1,9,35,0,0,65,0,65,75,trending,0.0,0,,,
2026-03-09T09:40:00+05:30,portfolio_hist,PREMIUM,SKIP,idle,23767.35,24.15,1.0,0.0,0.0,1.039,0.18,3.101,1,9,40,0,0,52,0,52,75,trending,0.0,0,,,
2026-03-09T09:45:00+05:30,portfolio_hist,PREMIUM,SKIP,idle,23716.95,24.46,1.0,0.0,0.0,1.039,0.033,0.852,1,9,45,0,0,65,0,65,75,high_vol_range,0.0,0,,,
2026-03-09T09:50:00+05:30,portfolio_hist,PREMIUM,SKIP,idle,23761.4,24.19,1.0,0.0,0.0,1.039,0.154,0.368,1,9,50,0,0,64,0,64,75,high_vol_range,0.0,0,,,
2026-03-09T09:55:00+05:30,portfolio_hist,PREMIUM,SKIP,idle,23776.7,24.32,1.0,0.0,0.0,1.038,0.219,0.368,1,9,55,0,0,64,0,64,75,high_vol_range,0.0,0,,,
2026-03-09T10:00:00+05:30,portfolio_hist,PREMIUM,SKIP,idle,23769.0,24.29,1.0,0.0,0.0,1.039,0.187,0.322,1,10,0,0,0,64,0,64,65,high_vol_range,0.0,0,,,
2026-03-09T10:00:00+05:30,portfolio_hist,TREND,ENTER,debit_spread,23769.0,24.29,1.0,0.0,0.0,1.039,0.187,0.322,1,10,0,0,0,75,0,75,60,high_vol_range,32.74,75,,,
2026-03-09T10:02:00+05:30,portfolio_hist,PREMIUM,ENTER,iron_condor,23759.5,24.3,1.0,0.0,0.0,1.039,0.146,0.322,1,10,2,0,0,77,0,77,65,high_vol_range,39.13,75,,,
2026-03-09T10:10:00+05:30,portfolio_hist,TREND,EXIT,debit_spread,23824.05,24.1,1.0,0.0,0.0,1.039,0.419,0.386,1,10,10,0,0,0,0,0,0,high_vol_range,0.0,0,Trend stop: lost 21.3%,-522.75,10
2026-03-09T11:38:00+05:30,portfolio_hist,PREMIUM,EXIT,iron_condor,23894.6,23.49,1.0,0.0,0.0,1.038,0.716,0.398,1,11,38,0,0,0,0,0,0,high_vol_range,0.0,0,Trail stop: bounced 20.1% after 33% decay,384.0,96
2026-03-09T09:35:00+05:30,portfolio_hist,PREMIUM,SKIP,idle,23758.7,24.02,1.0,0.0,0.0,1.039,0.143,3.101,1,9,35,0,0,65,0,65,75,trending,0.0,0,,,
2026-03-09T09:40:00+05:30,portfolio_hist,PREMIUM,SKIP,idle,23767.35,24.15,1.0,0.0,0.0,1.039,0.18,3.101,1,9,40,0,0,52,0,52,75,trending,0.0,0,,,
2026-03-09T09:45:00+05:30,portfolio_hist,PREMIUM,SKIP,idle,23716.95,24.46,1.0,0.0,0.0,1.039,0.033,0.852,1,9,45,0,0,65,0,65,75,high_vol_range,0.0,0,,,
2026-03-09T09:50:00+05:30,portfolio_hist,PREMIUM,SKIP,idle,23761.4,24.19,1.0,0.0,0.0,1.039,0.154,0.368,1,9,50,0,0,64,0,64,75,high_vol_range,0.0,0,,,
2026-03-09T09:55:00+05:30,portfolio_hist,PREMIUM,SKIP,idle,23776.7,24.32,1.0,0.0,0.0,1.038,0.219,0.368,1,9,55,0,0,64,0,64,75,high_vol_range,0.0,0,,,
2026-03-09T10:00:00+05:30,portfolio_hist,PREMIUM,SKIP,idle,23769.0,24.29,1.0,0.0,0.0,1.039,0.187,0.322,1,10,0,0,0,64,0,64,65,high_vol_range,0.0,0,,,
2026-03-09T10:00:00+05:30,portfolio_hist,TREND,ENTER,debit_spread,23769.0,24.29,1.0,0.0,0.0,1.039,0.187,0.322,1,10,0,0,0,75,0,75,60,high_vol_range,32.74,75,,,
2026-03-09T10:01:00+05:30,portfolio_hist,TREND,EXIT,debit_spread,23774.3,24.25,1.0,0.0,0.0,1.039,0.209,0.322,1,10,1,0,0,0,0,0,0,high_vol_range,0.0,0,Trend profit: spread at 32.0% of max,-54.0,1
2026-03-09T10:02:00+05:30,portfolio_hist,PREMIUM,ENTER,iron_condor,23759.5,24.3,1.0,0.0,0.0,1.039,0.146,0.322,1,10,2,0,0,77,0,77,65,high_vol_range,39.13,75,,,
2026-03-09T11:38:00+05:30,portfolio_hist,PREMIUM,EXIT,iron_condor,23894.6,23.49,1.0,0.0,0.0,1.038,0.716,0.398,1,11,38,0,0,0,0,0,0,high_vol_range,0.0,0,Trail stop: bounced 20.1% after 33% decay,384.0,96
2026-03-09T09:35:00+05:30,portfolio_hist,PREMIUM,SKIP,idle,23758.7,24.02,1.0,0.0,0.0,1.039,0.143,3.101,1,9,35,0,0,65,0,65,75,trending,0.0,0,,,
2026-03-09T09:40:00+05:30,portfolio_hist,PREMIUM,SKIP,idle,23767.35,24.15,1.0,0.0,0.0,1.039,0.18,3.101,1,9,40,0,0,52,0,52,75,trending,0.0,0,,,
2026-03-09T09:45:00+05:30,portfolio_hist,PREMIUM,SKIP,idle,23716.95,24.46,1.0,0.0,0.0,1.039,0.033,0.852,1,9,45,0,0,65,0,65,75,high_vol_range,0.0,0,,,
2026-03-09T09:50:00+05:30,portfolio_hist,PREMIUM,SKIP,idle,23761.4,24.19,1.0,0.0,0.0,1.039,0.154,0.368,1,9,50,0,0,64,0,64,75,high_vol_range,0.0,0,,,
2026-03-09T09:55:00+05:30,portfolio_hist,PREMIUM,SKIP,idle,23776.7,24.32,1.0,0.0,0.0,1.038,0.219,0.368,1,9,55,0,0,64,0,64,75,high_vol_range,0.0,0,,,
2026-03-09T10:00:00+05:30,portfolio_hist,PREMIUM,SKIP,idle,23769.0,24.29,1.0,0.0,0.0,1.039,0.187,0.322,1,10,0,0,0,64,0,64,65,high_vol_range,0.0,0,,,
2026-03-09T10:00:00+05:30,portfolio_hist,TREND,ENTER,debit_spread,23769.0,24.29,1.0,0.0,0.0,1.039,0.187,0.322,1,10,0,0,0,75,0,75,60,high_vol_range,32.74,75,,,
2026-03-09T10:02:00+05:30,portfolio_hist,PREMIUM,ENTER,iron_condor,23759.5,24.3,1.0,0.0,0.0,1.039,0.146,0.322,1,10,2,0,0,77,0,77,65,high_vol_range,39.13,75,,,
2026-03-09T10:51:00+05:30,portfolio_hist,TREND,EXIT,debit_spread,23845.9,23.83,1.0,0.0,0.0,1.038,0.511,0.14,1,10,51,0,0,0,0,0,0,high_vol_range,0.0,0,Trend stop: lost 33.6%,-825.0,51
2026-03-09T11:38:00+05:30,portfolio_hist,PREMIUM,EXIT,iron_condor,23894.6,23.49,1.0,0.0,0.0,1.038,0.716,0.398,1,11,38,0,0,0,0,0,0,high_vol_range,0.0,0,Trail stop: bounced 20.1% after 33% decay,384.0,96
2026-03-09T09:35:00+05:30,portfolio_hist,PREMIUM,SKIP,idle,23758.7,24.02,1.0,0.0,0.0,1.039,0.143,3.101,1,9,35,0,0,65,0,65,75,trending,0.0,0,,,
2026-03-09T09:40:00+05:30,portfolio_hist,PREMIUM,SKIP,idle,23767.35,24.15,1.0,0.0,0.0,1.039,0.18,3.101,1,9,40,0,0,52,0,52,75,trending,0.0,0,,,
2026-03-09T09:45:00+05:30,portfolio_hist,PREMIUM,SKIP,idle,23716.95,24.46,1.0,0.0,0.0,1.039,0.033,0.852,1,9,45,0,0,65,0,65,75,high_vol_range,0.0,0,,,
2026-03-09T09:50:00+05:30,portfolio_hist,PREMIUM,SKIP,idle,23761.4,24.19,1.0,0.0,0.0,1.039,0.154,0.368,1,9,50,0,0,64,0,64,75,high_vol_range,0.0,0,,,
2026-03-09T09:55:00+05:30,portfolio_hist,PREMIUM,SKIP,idle,23776.7,24.32,1.0,0.0,0.0,1.038,0.219,0.368,1,9,55,0,0,64,0,64,75,high_vol_range,0.0,0,,,
2026-03-09T10:00:00+05:30,portfolio_hist,PREMIUM,SKIP,idle,23769.0,24.29,1.0,0.0,0.0,1.039,0.187,0.322,1,10,0,0,0,64,0,64,65,high_vol_range,0.0,0,,,
2026-03-09T10:00:00+05:30,portfolio_hist,TREND,ENTER,debit_spread,23769.0,24.29,1.0,0.0,0.0,1.039,0.187,0.322,1,10,0,0,0,75,0,75,60,high_vol_range,32.74,75,,,
2026-03-09T10:02:00+05:30,portfolio_hist,PREMIUM,ENTER,iron_condor,23759.5,24.3,1.0,0.0,0.0,1.039,0.146,0.322,1,10,2,0,0,77,0,77,65,high_vol_range,39.13,75,,,
2026-03-09T10:51:00+05:30,portfolio_hist,TREND,EXIT,debit_spread,23845.9,23.83,1.0,0.0,0.0,1.038,0.511,0.14,1,10,51,0,0,0,0,0,0,high_vol_range,0.0,0,Trend stop: lost 33.6%,-825.0,51
2026-03-09T11:38:00+05:30,portfolio_hist,PREMIUM,EXIT,iron_condor,23894.6,23.49,1.0,0.0,0.0,1.038,0.716,0.398,1,11,38,0,0,0,0,0,0,high_vol_range,0.0,0,Trail stop: bounced 20.1% after 33% decay,384.0,96
2026-03-09T09:35:00+05:30,portfolio_hist,PREMIUM,SKIP,idle,23758.7,24.02,1.0,0.0,0.0,1.039,0.143,3.101,1,9,35,0,0,65,0,65,75,trending,0.0,0,,,
2026-03-09T09:40:00+05:30,portfolio_hist,PREMIUM,SKIP,idle,23767.35,24.15,1.0,0.0,0.0,1.039,0.18,3.101,1,9,40,0,0,52,0,52,75,trending,0.0,0,,,
2026-03-09T09:45:00+05:30,portfolio_hist,PREMIUM,SKIP,idle,23716.95,24.46,1.0,0.0,0.0,1.039,0.033,0.852,1,9,45,0,0,65,0,65,75,high_vol_range,0.0,0,,,
2026-03-09T09:50:00+05:30,portfolio_hist,PREMIUM,SKIP,idle,23761.4,24.19,1.0,0.0,0.0,1.039,0.154,0.368,1,9,50,0,0,64,0,64,75,high_vol_range,0.0,0,,,
2026-03-09T09:55:00+05:30,portfolio_hist,PREMIUM,SKIP,idle,23776.7,24.32,1.0,0.0,0.0,1.038,0.219,0.368,1,9,55,0,0,64,0,64,75,high_vol_range,0.0,0,,,
2026-03-09T10:00:00+05:30,portfolio_hist,PREMIUM,SKIP,idle,23769.0,24.29,1.0,0.0,0.0,1.039,0.187,0.322,1,10,0,0,0,64,0,64,65,high_vol_range,0.0,0,,,
2026-03-09T10:00:00+05:30,portfolio_hist,TREND,ENTER,debit_spread,23769.0,24.29,1.0,0.0,0.0,1.039,0.187,0.322,1,10,0,0,0,75,0,75,60,high_vol_range,32.74,75,,,
2026-03-09T10:02:00+05:30,portfolio_hist,PREMIUM,ENTER,iron_condor,23759.5,24.3,1.0,0.0,0.0,1.039,0.146,0.322,1,10,2,0,0,77,0,77,65,high_vol_range,39.13,75,,,
2026-03-09T10:51:00+05:30,portfolio_hist,TREND,EXIT,debit_spread,23845.9,23.83,1.0,0.0,0.0,1.038,0.511,0.14,1,10,51,0,0,0,0,0,0,high_vol_range,0.0,0,Trend stop: lost 33.6%,-825.0,51
2026-03-09T11:38:00+05:30,portfolio_hist,PREMIUM,EXIT,iron_condor,23894.6,23.49,1.0,0.0,0.0,1.038,0.716,0.398,1,11,38,0,0,0,0,0,0,high_vol_range,0.0,0,Trail stop: bounced 20.1% after 33% decay,384.0,96
2026-03-09T09:35:00+05:30,portfolio_hist,PREMIUM,SKIP,idle,23758.7,24.02,1.0,0.0,0.0,1.039,0.143,3.101,1,9,35,0,0,65,0,65,75,trending,0.0,0,,,
2026-03-09T09:40:00+05:30,portfolio_hist,PREMIUM,SKIP,idle,23767.35,24.15,1.0,0.0,0.0,1.039,0.18,3.101,1,9,40,0,0,52,0,52,75,trending,0.0,0,,,
2026-03-09T09:45:00+05:30,portfolio_hist,PREMIUM,SKIP,idle,23716.95,24.46,1.0,0.0,0.0,1.039,0.033,0.852,1,9,45,0,0,65,0,65,75,high_vol_range,0.0,0,,,
2026-03-09T09:50:00+05:30,portfolio_hist,PREMIUM,SKIP,idle,23761.4,24.19,1.0,0.0,0.0,1.039,0.154,0.368,1,9,50,0,0,64,0,64,75,high_vol_range,0.0,0,,,
2026-03-09T09:55:00+05:30,portfolio_hist,PREMIUM,SKIP,idle,23776.7,24.32,1.0,0.0,0.0,1.038,0.219,0.368,1,9,55,0,0,64,0,64,75,high_vol_range,0.0,0,,,
2026-03-09T10:00:00+05:30,portfolio_hist,PREMIUM,SKIP,idle,23769.0,24.29,1.0,0.0,0.0,1.039,0.187,0.322,1,10,0,0,0,64,0,64,65,high_vol_range,0.0,0,,,
2026-03-09T10:00:00+05:30,portfolio_hist,TREND,ENTER,debit_spread,23769.0,24.29,1.0,0.0,0.0,1.039,0.187,0.322,1,10,0,0,0,75,0,75,60,high_vol_range,32.74,75,,,
2026-03-09T10:02:00+05:30,portfolio_hist,PREMIUM,ENTER,iron_condor,23759.5,24.3,1.0,0.0,0.0,1.039,0.146,0.322,1,10,2,0,0,77,0,77,65,high_vol_range,39.13,75,,,
2026-03-09T10:51:00+05:30,portfolio_hist,TREND,EXIT,debit_spread,23845.9,23.83,1.0,0.0,0.0,1.038,0.511,0.14,1,10,51,0,0,0,0,0,0,high_vol_range,0.0,0,Trend stop: lost 33.6%,-825.0,51
2026-03-09T11:38:00+05:30,portfolio_hist,PREMIUM,EXIT,iron_condor,23894.6,23.49,1.0,0.0,0.0,1.038,0.716,0.398,1,11,38,0,0,0,0,0,0,high_vol_range,0.0,0,Trail stop: bounced 20.1% after 33% decay,384.0,96
2026-03-09T09:35:00+05:30,portfolio_hist,PREMIUM,SKIP,idle,23758.7,24.02,1.0,0.0,0.0,1.039,0.143,3.101,1,9,35,0,0,65,0,65,75,trending,0.0,0,,,
2026-03-09T09:40:00+05:30,portfolio_hist,PREMIUM,SKIP,idle,23767.35,24.15,1.0,0.0,0.0,1.039,0.18,3.101,1,9,40,0,0,52,0,52,75,trending,0.0,0,,,
2026-03-09T09:45:00+05:30,portfolio_hist,PREMIUM,SKIP,idle,23716.95,24.46,1.0,0.0,0.0,1.039,0.033,0.852,1,9,45,0,0,65,0,65,75,high_vol_range,0.0,0,,,
2026-03-09T09:50:00+05:30,portfolio_hist,PREMIUM,SKIP,idle,23761.4,24.19,1.0,0.0,0.0,1.039,0.154,0.368,1,9,50,0,0,64,0,64,75,high_vol_range,0.0,0,,,
2026-03-09T09:55:00+05:30,portfolio_hist,PREMIUM,SKIP,idle,23776.7,24.32,1.0,0.0,0.0,1.038,0.219,0.368,1,9,55,0,0,64,0,64,75,high_vol_range,0.0,0,,,
2026-03-09T10:00:00+05:30,portfolio_hist,PREMIUM,SKIP,idle,23769.0,24.29,1.0,0.0,0.0,1.039,0.187,0.322,1,10,0,0,0,64,0,64,65,high_vol_range,0.0,0,,,
2026-03-09T10:00:00+05:30,portfolio_hist,TREND,ENTER,debit_spread,23769.0,24.29,1.0,0.0,0.0,1.039,0.187,0.322,1,10,0,0,0,75,0,75,60,high_vol_range,32.74,75,,,
2026-03-09T10:01:00+05:30,portfolio_hist,TREND,EXIT,debit_spread,23774.3,24.25,1.0,0.0,0.0,1.039,0.209,0.322,1,10,1,0,0,0,0,0,0,high_vol_range,0.0,0,Trend profit: spread at 32.0% of max,-54.0,1
2026-03-09T10:02:00+05:30,portfolio_hist,PREMIUM,ENTER,iron_condor,23759.5,24.3,1.0,0.0,0.0,1.039,0.146,0.322,1,10,2,0,0,77,0,77,65,high_vol_range,39.13,75,,,
2026-03-09T11:38:00+05:30,portfolio_hist,PREMIUM,EXIT,iron_condor,23894.6,23.49,1.0,0.0,0.0,1.038,0.716,0.398,1,11,38,0,0,0,0,0,0,high_vol_range,0.0,0,Trail stop: bounced 20.1% after 33% decay,384.0,96
2026-03-09T09:35:00+05:30,portfolio_hist,PREMIUM,SKIP,idle,23758.7,24.02,1.0,0.0,0.0,1.039,0.143,3.101,1,9,35,0,0,65,0,65,75,trending,0.0,0,,,
2026-03-09T09:40:00+05:30,portfolio_hist,PREMIUM,SKIP,idle,23767.35,24.15,1.0,0.0,0.0,1.039,0.18,3.101,1,9,40,0,0,52,0,52,75,trending,0.0,0,,,
2026-03-09T09:45:00+05:30,portfolio_hist,PREMIUM,SKIP,idle,23716.95,24.46,1.0,0.0,0.0,1.039,0.033,0.852,1,9,45,0,0,65,0,65,75,high_vol_range,0.0,0,,,
2026-03-09T09:50:00+05:30,portfolio_hist,PREMIUM,SKIP,idle,23761.4,24.19,1.0,0.0,0.0,1.039,0.154,0.368,1,9,50,0,0,64,0,64,75,high_vol_range,0.0,0,,,
2026-03-09T09:55:00+05:30,portfolio_hist,PREMIUM,SKIP,idle,23776.7,24.32,1.0,0.0,0.0,1.038,0.219,0.368,1,9,55,0,0,64,0,64,75,high_vol_range,0.0,0,,,
2026-03-09T10:00:00+05:30,portfolio_hist,PREMIUM,SKIP,idle,23769.0,24.29,1.0,0.0,0.0,1.039,0.187,0.322,1,10,0,0,0,64,0,64,65,high_vol_range,0.0,0,,,
2026-03-09T10:00:00+05:30,portfolio_hist,TREND,ENTER,debit_spread,23769.0,24.29,1.0,0.0,0.0,1.039,0.187,0.322,1,10,0,0,0,75,0,75,60,high_vol_range,32.74,75,,,
2026-03-09T10:02:00+05:30,portfolio_hist,PREMIUM,ENTER,iron_condor,23759.5,24.3,1.0,0.0,0.0,1.039,0.146,0.322,1,10,2,0,0,77,0,77,65,high_vol_range,39.13,75,,,
2026-03-09T10:51:00+05:30,portfolio_hist,TREND,EXIT,debit_spread,23845.9,23.83,1.0,0.0,0.0,1.038,0.511,0.14,1,10,51,0,0,0,0,0,0,high_vol_range,0.0,0,Trend stop: lost 33.6%,-825.0,51
2026-03-09T11:38:00+05:30,portfolio_hist,PREMIUM,EXIT,iron_condor,23894.6,23.49,1.0,0.0,0.0,1.038,0.716,0.398,1,11,38,0,0,0,0,0,0,high_vol_range,0.0,0,Trail stop: bounced 20.1% after 33% decay,384.0,96
2026-03-09T09:35:00+05:30,portfolio_hist,PREMIUM,SKIP,idle,23758.7,24.02,1.0,0.0,0.0,1.039,0.143,3.101,1,9,35,0,0,65,0,65,75,trending,0.0,0,,,
2026-03-09T09:40:00+05:30,portfolio_hist,PREMIUM,SKIP,idle,23767.35,24.15,1.0,0.0,0.0,1.039,0.18,3.101,1,9,40,0,0,52,0,52,75,trending,0.0,0,,,
2026-03-09T09:45:00+05:30,portfolio_hist,PREMIUM,SKIP,idle,23716.95,24.46,1.0,0.0,0.0,1.039,0.033,0.852,1,9,45,0,0,65,0,65,75,high_vol_range,0.0,0,,,
2026-03-09T09:50:00+05:30,portfolio_hist,PREMIUM,SKIP,idle,23761.4,24.19,1.0,0.0,0.0,1.039,0.154,0.368,1,9,50,0,0,64,0,64,75,high_vol_range,0.0,0,,,
2026-03-09T09:55:00+05:30,portfolio_hist,PREMIUM,SKIP,idle,23776.7,24.32,1.0,0.0,0.0,1.038,0.219,0.368,1,9,55,0,0,64,0,64,75,high_vol_range,0.0,0,,,
2026-03-09T10:00:00+05:30,portfolio_hist,PREMIUM,SKIP,idle,23769.0,24.29,1.0,0.0,0.0,1.039,0.187,0.322,1,10,0,0,0,64,0,64,65,high_vol_range,0.0,0,,,
2026-03-09T10:00:00+05:30,portfolio_hist,TREND,ENTER,debit_spread,23769.0,24.29,1.0,0.0,0.0,1.039,0.187,0.322,1,10,0,0,0,75,0,75,60,high_vol_range,32.74,75,,,
2026-03-09T10:02:00+05:30,portfolio_hist,PREMIUM,ENTER,iron_condor,23759.5,24.3,1.0,0.0,0.0,1.039,0.146,0.322,1,10,2,0,0,77,0,77,65,high_vol_range,39.13,75,,,
2026-03-09T10:51:00+05:30,portfolio_hist,TREND,EXIT,debit_spread,23845.9,23.83,1.0,0.0,0.0,1.038,0.511,0.14,1,10,51,0,0,0,0,0,0,high_vol_range,0.0,0,Trend stop: lost 33.6%,-825.0,51
2026-03-09T11:38:00+05:30,portfolio_hist,PREMIUM,EXIT,iron_condor,23894.6,23.49,1.0,0.0,0.0,1.038,0.716,0.398,1,11,38,0,0,0,0,0,0,high_vol_range,0.0,0,Trail stop: bounced 20.1% after 33% decay,384.0,96
2026-03-09T09:35:00+05:30,portfolio_hist,PREMIUM,SKIP,idle,23758.7,24.02,1.0,0.0,0.0,1.039,0.143,3.101,1,9,35,0,0,65,0,65,75,trending,0.0,0,,,
2026-03-09T09:40:00+05:30,portfolio_hist,PREMIUM,SKIP,idle,23767.35,24.15,1.0,0.0,0.0,1.039,0.18,3.101,1,9,40,0,0,52,0,52,75,trending,0.0,0,,,
2026-03-09T09:45:00+05:30,portfolio_hist,PREMIUM,SKIP,idle,23716.95,24.46,1.0,0.0,0.0,1.039,0.033,0.852,1,9,45,0,0,65,0,65,75,high_vol_range,0.0,0,,,
2026-03-09T09:50:00+05:30,portfolio_hist,PREMIUM,SKIP,idle,23761.4,24.19,1.0,0.0,0.0,1.039,0.154,0.368,1,9,50,0,0,64,0,64,75,high_vol_range,0.0,0,,,
2026-03-09T09:55:00+05:30,portfolio_hist,PREMIUM,SKIP,idle,23776.7,24.32,1.0,0.0,0.0,1.038,0.219,0.368,1,9,55,0,0,64,0,64,75,high_vol_range,0.0,0,,,
2026-03-09T10:00:00+05:30,portfolio_hist,PREMIUM,SKIP,idle,23769.0,24.29,1.0,0.0,0.0,1.039,0.187,0.322,1,10,0,0,0,64,0,64,65,high_vol_range,0.0,0,,,
2026-03-09T10:00:00+05:30,portfolio_hist,TREND,ENTER,debit_spread,23769.0,24.29,1.0,0.0,0.0,1.039,0.187,0.322,1,10,0,0,0,75,0,75,60,high_vol_range,32.74,75,,,
2026-03-09T10:02:00+05:30,portfolio_hist,PREMIUM,ENTER,iron_condor,23759.5,24.3,1.0,0.0,0.0,1.039,0.146,0.322,1,10,2,0,0,77,0,77,65,high_vol_range,39.13,75,,,
2026-03-09T10:51:00+05:30,portfolio_hist,TREND,EXIT,debit_spread,23845.9,23.83,1.0,0.0,0.0,1.038,0.511,0.14,1,10,51,0,0,0,0,0,0,high_vol_range,0.0,0,Trend stop: lost 33.6%,-825.0,51
2026-03-09T11:38:00+05:30,portfolio_hist,PREMIUM,EXIT,iron_condor,23894.6,23.49,1.0,0.0,0.0,1.038,0.716,0.398,1,11,38,0,0,0,0,0,0,high_vol_range,0.0,0,Trail stop: bounced 20.1% after 33% decay,384.0,96
2026-03-09T09:35:00+05:30,portfolio_hist,PREMIUM,SKIP,idle,23758.7,24.02,1.0,0.0,0.0,1.039,0.143,3.101,1,9,35,0,0,65,0,65,75,trending,0.0,0,,,
2026-03-09T09:40:00+05:30,portfolio_hist,PREMIUM,SKIP,idle,23767.35,24.15,1.0,0.0,0.0,1.039,0.18,3.101,1,9,40,0,0,52,0,52,75,trending,0.0,0,,,
2026-03-09T09:45:00+05:30,portfolio_hist,PREMIUM,SKIP,idle,23716.95,24.46,1.0,0.0,0.0,1.039,0.033,0.852,1,9,45,0,0,65,0,65,75,high_vol_range,0.0,0,,,
2026-03-09T09:50:00+05:30,portfolio_hist,PREMIUM,SKIP,idle,23761.4,24.19,1.0,0.0,0.0,1.039,0.154,0.368,1,9,50,0,0,64,0,64,75,high_vol_range,0.0,0,,,
2026-03-09T09:55:00+05:30,portfolio_hist,PREMIUM,SKIP,idle,23776.7,24.32,1.0,0.0,0.0,1.038,0.219,0.368,1,9,55,0,0,64,0,64,75,high_vol_range,0.0,0,,,
2026-03-09T10:00:00+05:30,portfolio_hist,PREMIUM,SKIP,idle,23769.0,24.29,1.0,0.0,0.0,1.039,0.187,0.322,1,10,0,0,0,64,0,64,65,high_vol_range,0.0,0,,,
2026-03-09T10:00:00+05:30,portfolio_hist,TREND,ENTER,debit_spread,23769.0,24.29,1.0,0.0,0.0,1.039,0.187,0.322,1,10,0,0,0,75,0,75,60,high_vol_range,32.74,75,,,
2026-03-09T10:02:00+05:30,portfolio_hist,PREMIUM,ENTER,iron_condor,23759.5,24.3,1.0,0.0,0.0,1.039,0.146,0.322,1,10,2,0,0,77,0,77,65,high_vol_range,39.13,75,,,
2026-03-09T10:51:00+05:30,portfolio_hist,TREND,EXIT,debit_spread,23845.9,23.83,1.0,0.0,0.0,1.038,0.511,0.14,1,10,51,0,0,0,0,0,0,high_vol_range,0.0,0,Trend stop: lost 33.6%,-825.0,51
2026-03-09T11:38:00+05:30,portfolio_hist,PREMIUM,EXIT,iron_condor,23894.6,23.49,1.0,0.0,0.0,1.038,0.716,0.398,1,11,38,0,0,0,0,0,0,high_vol_range,0.0,0,Trail stop: bounced 20.1% after 33% decay,384.0,96
2026-03-09T09:35:00+05:30,portfolio_hist,PREMIUM,SKIP,idle,23758.7,24.02,1.0,0.0,0.0,1.039,0.143,3.101,1,9,35,0,0,65,0,65,75,trending,0.0,0,,,
2026-03-09T09:40:00+05:30,portfolio_hist,PREMIUM,SKIP,idle,23767.35,24.15,1.0,0.0,0.0,1.039,0.18,3.101,1,9,40,0,0,52,0,52,75,trending,0.0,0,,,
2026-03-09T09:45:00+05:30,portfolio_hist,PREMIUM,SKIP,idle,23716.95,24.46,1.0,0.0,0.0,1.039,0.033,0.852,1,9,45,0,0,65,0,65,75,high_vol_range,0.0,0,,,
2026-03-09T09:50:00+05:30,portfolio_hist,PREMIUM,SKIP,idle,23761.4,24.19,1.0,0.0,0.0,1.039,0.154,0.368,1,9,50,0,0,64,0,64,75,high_vol_range,0.0,0,,,
2026-03-09T09:55:00+05:30,portfolio_hist,PREMIUM,SKIP,idle,23776.7,24.32,1.0,0.0,0.0,1.038,0.219,0.368,1,9,55,0,0,64,0,64,75,high_vol_range,0.0,0,,,
2026-03-09T10:00:00+05:30,portfolio_hist,PREMIUM,SKIP,idle,23769.0,24.29,1.0,0.0,0.0,1.039,0.187,0.322,1,10,0,0,0,64,0,64,65,high_vol_range,0.0,0,,,
2026-03-09T10:00:00+05:30,portfolio_hist,TREND,ENTER,debit_spread,23769.0,24.29,1.0,0.0,0.0,1.039,0.187,0.322,1,10,0,0,0,75,0,75,60,high_vol_range,32.74,75,,,
2026-03-09T10:01:00+05:30,portfolio_hist,TREND,EXIT,debit_spread,23774.3,24.25,1.0,0.0,0.0,1.039,0.209,0.322,1,10,1,0,0,0,0,0,0,high_vol_range,0.0,0,Trend profit: spread at 32.0% of max,-54.0,1
2026-03-09T10:02:00+05:30,portfolio_hist,PREMIUM,ENTER,iron_condor,23759.5,24.3,1.0,0.0,0.0,1.039,0.146,0.322,1,10,2,0,0,77,0,77,65,high_vol_range,39.13,75,,,
2026-03-09T11:38:00+05:30,portfolio_hist,PREMIUM,EXIT,iron_condor,23894.6,23.49,1.0,0.0,0.0,1.038,0.716,0.398,1,11,38,0,0,0,0,0,0,high_vol_range,0.0,0,Trail stop: bounced 20.1% after 33% decay,384.0,96
2026-03-09T09:35:00+05:30,portfolio_hist,PREMIUM,SKIP,idle,23758.7,24.02,1.0,0.0,0.0,1.039,0.143,3.101,1,9,35,0,0,65,0,65,75,trending,0.0,0,,,
2026-03-09T09:40:00+05:30,portfolio_hist,PREMIUM,SKIP,idle,23767.35,24.15,1.0,0.0,0.0,1.039,0.18,3.101,1,9,40,0,0,52,0,52,75,trending,0.0,0,,,
2026-03-09T09:45:00+05:30,portfolio_hist,PREMIUM,SKIP,idle,23716.95,24.46,1.0,0.0,0.0,1.039,0.033,0.852,1,9,45,0,0,65,0,65,75,high_vol_range,0.0,0,,,
2026-03-09T09:50:00+05:30,portfolio_hist,PREMIUM,SKIP,idle,23761.4,24.19,1.0,0.0,0.0,1.039,0.154,0.368,1,9,50,0,0,64,0,64,75,high_vol_range,0.0,0,,,
2026-03-09T09:55:00+05:30,portfolio_hist,PREMIUM,SKIP,idle,23776.7,24.32,1.0,0.0,0.0,1.038,0.219,0.368,1,9,55,0,0,64,0,64,75,high_vol_range,0.0,0,,,
2026-03-09T10:00:00+05:30,portfolio_hist,PREMIUM,SKIP,idle,23769.0,24.29,1.0,0.0,0.0,1.039,0.187,0.322,1,10,0,0,0,64,0,64,65,high_vol_range,0.0,0,,,
2026-03-09T10:00:00+05:30,portfolio_hist,TREND,ENTER,debit_spread,23769.0,24.29,1.0,0.0,0.0,1.039,0.187,0.322,1,10,0,0,0,75,0,75,60,high_vol_range,32.74,75,,,
2026-03-09T10:02:00+05:30,portfolio_hist,PREMIUM,ENTER,iron_condor,23759.5,24.3,1.0,0.0,0.0,1.039,0.146,0.322,1,10,2,0,0,77,0,77,65,high_vol_range,39.13,75,,,
2026-03-09T10:56:00+05:30,portfolio_hist,TREND,EXIT,debit_spread,23886.2,23.66,1.0,0.0,0.0,1.038,0.681,0.424,1,10,56,0,0,0,0,0,0,high_vol_range,0.0,0,Trend stop: lost 47.2%,-1158.75,56
2026-03-09T11:38:00+05:30,portfolio_hist,PREMIUM,EXIT,iron_condor,23894.6,23.49,1.0,0.0,0.0,1.038,0.716,0.398,1,11,38,0,0,0,0,0,0,high_vol_range,0.0,0,Trail stop: bounced 20.1% after 33% decay,384.0,96
2026-03-09T09:35:00+05:30,portfolio_hist,PREMIUM,SKIP,idle,23758.7,24.02,1.0,0.0,0.0,1.039,0.143,3.101,1,9,35,0,0,65,0,65,75,trending,0.0,0,,,
2026-03-09T09:40:00+05:30,portfolio_hist,PREMIUM,SKIP,idle,23767.35,24.15,1.0,0.0,0.0,1.039,0.18,3.101,1,9,40,0,0,52,0,52,75,trending,0.0,0,,,
2026-03-09T09:45:00+05:30,portfolio_hist,PREMIUM,SKIP,idle,23716.95,24.46,1.0,0.0,0.0,1.039,0.033,0.852,1,9,45,0,0,65,0,65,75,high_vol_range,0.0,0,,,
2026-03-09T09:50:00+05:30,portfolio_hist,PREMIUM,SKIP,idle,23761.4,24.19,1.0,0.0,0.0,1.039,0.154,0.368,1,9,50,0,0,64,0,64,75,high_vol_range,0.0,0,,,
2026-03-09T09:55:00+05:30,portfolio_hist,PREMIUM,SKIP,idle,23776.7,24.32,1.0,0.0,0.0,1.038,0.219,0.368,1,9,55,0,0,64,0,64,75,high_vol_range,0.0,0,,,
2026-03-09T10:00:00+05:30,portfolio_hist,PREMIUM,SKIP,idle,23769.0,24.29,1.0,0.0,0.0,1.039,0.187,0.322,1,10,0,0,0,64,0,64,65,high_vol_range,0.0,0,,,
2026-03-09T10:00:00+05:30,portfolio_hist,TREND,ENTER,debit_spread,23769.0,24.29,1.0,0.0,0.0,1.039,0.187,0.322,1,10,0,0,0,75,0,75,60,high_vol_range,32.74,75,,,
2026-03-09T10:02:00+05:30,portfolio_hist,PREMIUM,ENTER,iron_condor,23759.5,24.3,1.0,0.0,0.0,1.039,0.146,0.322,1,10,2,0,0,77,0,77,65,high_vol_range,39.13,75,,,
2026-03-09T10:56:00+05:30,portfolio_hist,TREND,EXIT,debit_spread,23886.2,23.66,1.0,0.0,0.0,1.038,0.681,0.424,1,10,56,0,0,0,0,0,0,high_vol_range,0.0,0,Trend stop: lost 47.2%,-1158.75,56
2026-03-09T11:38:00+05:30,portfolio_hist,PREMIUM,EXIT,iron_condor,23894.6,23.49,1.0,0.0,0.0,1.038,0.716,0.398,1,11,38,0,0,0,0,0,0,high_vol_range,0.0,0,Trail stop: bounced 20.1% after 33% decay,384.0,96
2026-03-09T09:35:00+05:30,portfolio_hist,PREMIUM,SKIP,idle,23758.7,24.02,1.0,0.0,0.0,1.039,0.143,3.101,1,9,35,0,0,65,0,65,75,trending,0.0,0,,,
2026-03-09T09:40:00+05:30,portfolio_hist,PREMIUM,SKIP,idle,23767.35,24.15,1.0,0.0,0.0,1.039,0.18,3.101,1,9,40,0,0,52,0,52,75,trending,0.0,0,,,
2026-03-09T09:45:00+05:30,portfolio_hist,PREMIUM,SKIP,idle,23716.95,24.46,1.0,0.0,0.0,1.039,0.033,0.852,1,9,45,0,0,65,0,65,75,high_vol_range,0.0,0,,,
2026-03-09T09:50:00+05:30,portfolio_hist,PREMIUM,SKIP,idle,23761.4,24.19,1.0,0.0,0.0,1.039,0.154,0.368,1,9,50,0,0,64,0,64,75,high_vol_range,0.0,0,,,
2026-03-09T09:55:00+05:30,portfolio_hist,PREMIUM,SKIP,idle,23776.7,24.32,1.0,0.0,0.0,1.038,0.219,0.368,1,9,55,0,0,64,0,64,75,high_vol_range,0.0,0,,,
2026-03-09T10:00:00+05:30,portfolio_hist,PREMIUM,SKIP,idle,23769.0,24.29,1.0,0.0,0.0,1.039,0.187,0.322,1,10,0,0,0,64,0,64,65,high_vol_range,0.0,0,,,
2026-03-09T10:00:00+05:30,portfolio_hist,TREND,ENTER,debit_spread,23769.0,24.29,1.0,0.0,0.0,1.039,0.187,0.322,1,10,0,0,0,75,0,75,60,high_vol_range,32.74,75,,,
2026-03-09T10:02:00+05:30,portfolio_hist,PREMIUM,ENTER,iron_condor,23759.5,24.3,1.0,0.0,0.0,1.039,0.146,0.322,1,10,2,0,0,77,0,77,65,high_vol_range,39.13,75,,,
2026-03-09T10:56:00+05:30,portfolio_hist,TREND,EXIT,debit_spread,23886.2,23.66,1.0,0.0,0.0,1.038,0.681,0.424,1,10,56,0,0,0,0,0,0,high_vol_range,0.0,0,Trend stop: lost 47.2%,-1158.75,56
2026-03-09T11:38:00+05:30,portfolio_hist,PREMIUM,EXIT,iron_condor,23894.6,23.49,1.0,0.0,0.0,1.038,0.716,0.398,1,11,38,0,0,0,0,0,0,high_vol_range,0.0,0,Trail stop: bounced 20.1% after 33% decay,384.0,96
2026-03-09T09:35:00+05:30,portfolio_hist,PREMIUM,SKIP,idle,23758.7,24.02,1.0,0.0,0.0,1.039,0.143,3.101,1,9,35,0,0,65,0,65,75,trending,0.0,0,,,
2026-03-09T09:40:00+05:30,portfolio_hist,PREMIUM,SKIP,idle,23767.35,24.15,1.0,0.0,0.0,1.039,0.18,3.101,1,9,40,0,0,52,0,52,75,trending,0.0,0,,,
2026-03-09T09:45:00+05:30,portfolio_hist,PREMIUM,SKIP,idle,23716.95,24.46,1.0,0.0,0.0,1.039,0.033,0.852,1,9,45,0,0,65,0,65,75,high_vol_range,0.0,0,,,
2026-03-09T09:50:00+05:30,portfolio_hist,PREMIUM,SKIP,idle,23761.4,24.19,1.0,0.0,0.0,1.039,0.154,0.368,1,9,50,0,0,64,0,64,75,high_vol_range,0.0,0,,,
2026-03-09T09:55:00+05:30,portfolio_hist,PREMIUM,SKIP,idle,23776.7,24.32,1.0,0.0,0.0,1.038,0.219,0.368,1,9,55,0,0,64,0,64,75,high_vol_range,0.0,0,,,
2026-03-09T10:00:00+05:30,portfolio_hist,PREMIUM,SKIP,idle,23769.0,24.29,1.0,0.0,0.0,1.039,0.187,0.322,1,10,0,0,0,64,0,64,65,high_vol_range,0.0,0,,,
2026-03-09T10:00:00+05:30,portfolio_hist,TREND,ENTER,debit_spread,23769.0,24.29,1.0,0.0,0.0,1.039,0.187,0.322,1,10,0,0,0,75,0,75,60,high_vol_range,32.74,75,,,
2026-03-09T10:02:00+05:30,portfolio_hist,PREMIUM,ENTER,iron_condor,23759.5,24.3,1.0,0.0,0.0,1.039,0.146,0.322,1,10,2,0,0,77,0,77,65,high_vol_range,39.13,75,,,
2026-03-09T10:56:00+05:30,portfolio_hist,TREND,EXIT,debit_spread,23886.2,23.66,1.0,0.0,0.0,1.038,0.681,0.424,1,10,56,0,0,0,0,0,0,high_vol_range,0.0,0,Trend stop: lost 47.2%,-1158.75,56
2026-03-09T11:38:00+05:30,portfolio_hist,PREMIUM,EXIT,iron_condor,23894.6,23.49,1.0,0.0,0.0,1.038,0.716,0.398,1,11,38,0,0,0,0,0,0,high_vol_range,0.0,0,Trail stop: bounced 20.1% after 33% decay,384.0,96
2026-03-09T09:35:00+05:30,portfolio_hist,PREMIUM,SKIP,idle,23758.7,24.02,1.0,0.0,0.0,1.039,0.143,3.101,1,9,35,0,0,65,0,65,75,trending,0.0,0,,,
2026-03-09T09:40:00+05:30,portfolio_hist,PREMIUM,SKIP,idle,23767.35,24.15,1.0,0.0,0.0,1.039,0.18,3.101,1,9,40,0,0,52,0,52,75,trending,0.0,0,,,
2026-03-09T09:45:00+05:30,portfolio_hist,PREMIUM,SKIP,idle,23716.95,24.46,1.0,0.0,0.0,1.039,0.033,0.852,1,9,45,0,0,65,0,65,75,high_vol_range,0.0,0,,,
2026-03-09T09:50:00+05:30,portfolio_hist,PREMIUM,SKIP,idle,23761.4,24.19,1.0,0.0,0.0,1.039,0.154,0.368,1,9,50,0,0,64,0,64,75,high_vol_range,0.0,0,,,
2026-03-09T09:55:00+05:30,portfolio_hist,PREMIUM,SKIP,idle,23776.7,24.32,1.0,0.0,0.0,1.038,0.219,0.368,1,9,55,0,0,64,0,64,75,high_vol_range,0.0,0,,,
2026-03-09T10:00:00+05:30,portfolio_hist,PREMIUM,SKIP,idle,23769.0,24.29,1.0,0.0,0.0,1.039,0.187,0.322,1,10,0,0,0,64,0,64,65,high_vol_range,0.0,0,,,
2026-03-09T10:00:00+05:30,portfolio_hist,TREND,ENTER,debit_spread,23769.0,24.29,1.0,0.0,0.0,1.039,0.187,0.322,1,10,0,0,0,75,0,75,60,high_vol_range,32.74,75,,,
2026-03-09T10:01:00+05:30,portfolio_hist,TREND,EXIT,debit_spread,23774.3,24.25,1.0,0.0,0.0,1.039,0.209,0.322,1,10,1,0,0,0,0,0,0,high_vol_range,0.0,0,Trend profit: spread at 32.0% of max,-54.0,1
2026-03-09T10:02:00+05:30,portfolio_hist,PREMIUM,ENTER,iron_condor,23759.5,24.3,1.0,0.0,0.0,1.039,0.146,0.322,1,10,2,0,0,77,0,77,65,high_vol_range,39.13,75,,,
2026-03-09T11:38:00+05:30,portfolio_hist,PREMIUM,EXIT,iron_condor,23894.6,23.49,1.0,0.0,0.0,1.038,0.716,0.398,1,11,38,0,0,0,0,0,0,high_vol_range,0.0,0,Trail stop: bounced 20.1% after 33% decay,384.0,96
2026-03-09T09:35:00+05:30,portfolio_hist,PREMIUM,SKIP,idle,23758.7,24.02,1.0,0.0,0.0,1.039,0.143,3.101,1,9,35,0,0,65,0,65,75,trending,0.0,0,,,
2026-03-09T09:40:00+05:30,portfolio_hist,PREMIUM,SKIP,idle,23767.35,24.15,1.0,0.0,0.0,1.039,0.18,3.101,1,9,40,0,0,52,0,52,75,trending,0.0,0,,,
2026-03-09T09:45:00+05:30,portfolio_hist,PREMIUM,SKIP,idle,23716.95,24.46,1.0,0.0,0.0,1.039,0.033,0.852,1,9,45,0,0,65,0,65,75,high_vol_range,0.0,0,,,
2026-03-09T09:50:00+05:30,portfolio_hist,PREMIUM,SKIP,idle,23761.4,24.19,1.0,0.0,0.0,1.039,0.154,0.368,1,9,50,0,0,64,0,64,75,high_vol_range,0.0,0,,,
2026-03-09T09:55:00+05:30,portfolio_hist,PREMIUM,SKIP,idle,23776.7,24.32,1.0,0.0,0.0,1.038,0.219,0.368,1,9,55,0,0,64,0,64,75,high_vol_range,0.0,0,,,
2026-03-09T10:00:00+05:30,portfolio_hist,PREMIUM,SKIP,idle,23769.0,24.29,1.0,0.0,0.0,1.039,0.187,0.322,1,10,0,0,0,64,0,64,65,high_vol_range,0.0,0,,,
2026-03-09T10:00:00+05:30,portfolio_hist,TREND,ENTER,debit_spread,23769.0,24.29,1.0,0.0,0.0,1.039,0.187,0.322,1,10,0,0,0,75,0,75,60,high_vol_range,32.74,75,,,
2026-03-09T10:02:00+05:30,portfolio_hist,PREMIUM,ENTER,iron_condor,23759.5,24.3,1.0,0.0,0.0,1.039,0.146,0.322,1,10,2,0,0,77,0,77,65,high_vol_range,39.13,75,,,
2026-03-09T11:28:00+05:30,portfolio_hist,TREND,EXIT,debit_spread,23882.6,23.67,1.0,0.0,0.0,1.038,0.665,0.407,1,11,28,0,0,0,0,0,0,high_vol_range,0.0,0,Trend stop: lost 50.4%,-1238.25,88
2026-03-09T11:38:00+05:30,portfolio_hist,PREMIUM,EXIT,iron_condor,23894.6,23.49,1.0,0.0,0.0,1.038,0.716,0.398,1,11,38,0,0,0,0,0,0,high_vol_range,0.0,0,Trail stop: bounced 20.1% after 33% decay,384.0,96
2026-03-09T09:35:00+05:30,portfolio_hist,PREMIUM,SKIP,idle,23758.7,24.02,1.0,0.0,0.0,1.039,0.143,3.101,1,9,35,0,0,65,0,65,75,trending,0.0,0,,,
2026-03-09T09:40:00+05:30,portfolio_hist,PREMIUM,SKIP,idle,23767.35,24.15,1.0,0.0,0.0,1.039,0.18,3.101,1,9,40,0,0,52,0,52,75,trending,0.0,0,,,
2026-03-09T09:45:00+05:30,portfolio_hist,PREMIUM,SKIP,idle,23716.95,24.46,1.0,0.0,0.0,1.039,0.033,0.852,1,9,45,0,0,65,0,65,75,high_vol_range,0.0,0,,,
2026-03-09T09:50:00+05:30,portfolio_hist,PREMIUM,SKIP,idle,23761.4,24.19,1.0,0.0,0.0,1.039,0.154,0.368,1,9,50,0,0,64,0,64,75,high_vol_range,0.0,0,,,
2026-03-09T09:55:00+05:30,portfolio_hist,PREMIUM,SKIP,idle,23776.7,24.32,1.0,0.0,0.0,1.038,0.219,0.368,1,9,55,0,0,64,0,64,75,high_vol_range,0.0,0,,,
2026-03-09T10:00:00+05:30,portfolio_hist,PREMIUM,SKIP,idle,23769.0,24.29,1.0,0.0,0.0,1.039,0.187,0.322,1,10,0,0,0,64,0,64,65,high_vol_range,0.0,0,,,
2026-03-09T10:00:00+05:30,portfolio_hist,TREND,ENTER,debit_spread,23769.0,24.29,1.0,0.0,0.0,1.039,0.187,0.322,1,10,0,0,0,75,0,75,60,high_vol_range,32.74,75,,,
2026-03-09T10:02:00+05:30,portfolio_hist,PREMIUM,ENTER,iron_condor,23759.5,24.3,1.0,0.0,0.0,1.039,0.146,0.322,1,10,2,0,0,77,0,77,65,high_vol_range,39.13,75,,,
2026-03-09T11:28:00+05:30,portfolio_hist,TREND,EXIT,debit_spread,23882.6,23.67,1.0,0.0,0.0,1.038,0.665,0.407,1,11,28,0,0,0,0,0,0,high_vol_range,0.0,0,Trend stop: lost 50.4%,-1238.25,88
2026-03-09T11:38:00+05:30,portfolio_hist,PREMIUM,EXIT,iron_condor,23894.6,23.49,1.0,0.0,0.0,1.038,0.716,0.398,1,11,38,0,0,0,0,0,0,high_vol_range,0.0,0,Trail stop: bounced 20.1% after 33% decay,384.0,96
2026-03-09T09:35:00+05:30,portfolio_hist,PREMIUM,SKIP,idle,23758.7,24.02,1.0,0.0,0.0,1.039,0.143,3.101,1,9,35,0,0,65,0,65,75,trending,0.0,0,,,
2026-03-09T09:40:00+05:30,portfolio_hist,PREMIUM,SKIP,idle,23767.35,24.15,1.0,0.0,0.0,1.039,0.18,3.101,1,9,40,0,0,52,0,52,75,trending,0.0,0,,,
2026-03-09T09:45:00+05:30,portfolio_hist,PREMIUM,SKIP,idle,23716.95,24.46,1.0,0.0,0.0,1.039,0.033,0.852,1,9,45,0,0,65,0,65,75,high_vol_range,0.0,0,,,
2026-03-09T09:50:00+05:30,portfolio_hist,PREMIUM,SKIP,idle,23761.4,24.19,1.0,0.0,0.0,1.039,0.154,0.368,1,9,50,0,0,64,0,64,75,high_vol_range,0.0,0,,,
2026-03-09T09:55:00+05:30,portfolio_hist,PREMIUM,SKIP,idle,23776.7,24.32,1.0,0.0,0.0,1.038,0.219,0.368,1,9,55,0,0,64,0,64,75,high_vol_range,0.0,0,,,
2026-03-09T10:00:00+05:30,portfolio_hist,PREMIUM,SKIP,idle,23769.0,24.29,1.0,0.0,0.0,1.039,0.187,0.322,1,10,0,0,0,64,0,64,65,high_vol_range,0.0,0,,,
2026-03-09T10:00:00+05:30,portfolio_hist,TREND,ENTER,debit_spread,23769.0,24.29,1.0,0.0,0.0,1.039,0.187,0.322,1,10,0,0,0,75,0,75,60,high_vol_range,32.74,75,,,
2026-03-09T10:02:00+05:30,portfolio_hist,PREMIUM,ENTER,iron_condor,23759.5,24.3,1.0,0.0,0.0,1.039,0.146,0.322,1,10,2,0,0,77,0,77,65,high_vol_range,39.13,75,,,
2026-03-09T11:28:00+05:30,portfolio_hist,TREND,EXIT,debit_spread,23882.6,23.67,1.0,0.0,0.0,1.038,0.665,0.407,1,11,28,0,0,0,0,0,0,high_vol_range,0.0,0,Trend stop: lost 50.4%,-1238.25,88
2026-03-09T11:38:00+05:30,portfolio_hist,PREMIUM,EXIT,iron_condor,23894.6,23.49,1.0,0.0,0.0,1.038,0.716,0.398,1,11,38,0,0,0,0,0,0,high_vol_range,0.0,0,Trail stop: bounced 20.1% after 33% decay,384.0,96
2026-03-09T09:35:00+05:30,portfolio_hist,PREMIUM,SKIP,idle,23758.7,24.02,1.0,0.0,0.0,1.039,0.143,3.101,1,9,35,0,0,65,0,65,75,trending,0.0,0,,,
2026-03-09T09:40:00+05:30,portfolio_hist,PREMIUM,SKIP,idle,23767.35,24.15,1.0,0.0,0.0,1.039,0.18,3.101,1,9,40,0,0,52,0,52,75,trending,0.0,0,,,
2026-03-09T09:45:00+05:30,portfolio_hist,PREMIUM,SKIP,idle,23716.95,24.46,1.0,0.0,0.0,1.039,0.033,0.852,1,9,45,0,0,65,0,65,75,high_vol_range,0.0,0,,,
2026-03-09T09:50:00+05:30,portfolio_hist,PREMIUM,SKIP,idle,23761.4,24.19,1.0,0.0,0.0,1.039,0.154,0.368,1,9,50,0,0,64,0,64,75,high_vol_range,0.0,0,,,
2026-03-09T09:55:00+05:30,portfolio_hist,PREMIUM,SKIP,idle,23776.7,24.32,1.0,0.0,0.0,1.038,0.219,0.368,1,9,55,0,0,64,0,64,75,high_vol_range,0.0,0,,,
2026-03-09T10:00:00+05:30,portfolio_hist,PREMIUM,SKIP,idle,23769.0,24.29,1.0,0.0,0.0,1.039,0.187,0.322,1,10,0,0,0,64,0,64,65,high_vol_range,0.0,0,,,
2026-03-09T10:00:00+05:30,portfolio_hist,TREND,ENTER,debit_spread,23769.0,24.29,1.0,0.0,0.0,1.039,0.187,0.322,1,10,0,0,0,75,0,75,60,high_vol_range,32.74,75,,,
2026-03-09T10:02:00+05:30,portfolio_hist,PREMIUM,ENTER,iron_condor,23759.5,24.3,1.0,0.0,0.0,1.039,0.146,0.322,1,10,2,0,0,77,0,77,65,high_vol_range,39.13,75,,,
2026-03-09T11:28:00+05:30,portfolio_hist,TREND,EXIT,debit_spread,23882.6,23.67,1.0,0.0,0.0,1.038,0.665,0.407,1,11,28,0,0,0,0,0,0,high_vol_range,0.0,0,Trend stop: lost 50.4%,-1238.25,88
2026-03-09T11:38:00+05:30,portfolio_hist,PREMIUM,EXIT,iron_condor,23894.6,23.49,1.0,0.0,0.0,1.038,0.716,0.398,1,11,38,0,0,0,0,0,0,high_vol_range,0.0,0,Trail stop: bounced 20.1% after 33% decay,384.0,96
2026-03-09T09:35:00+05:30,portfolio_hist,PREMIUM,SKIP,idle,23758.7,24.02,1.0,0.0,0.0,1.039,0.143,3.101,1,9,35,0,0,65,0,65,75,trending,0.0,0,,,
2026-03-09T09:40:00+05:30,portfolio_hist,PREMIUM,SKIP,idle,23767.35,24.15,1.0,0.0,0.0,1.039,0.18,3.101,1,9,40,0,0,52,0,52,75,trending,0.0,0,,,
2026-03-09T09:45:00+05:30,portfolio_hist,PREMIUM,SKIP,idle,23716.95,24.46,1.0,0.0,0.0,1.039,0.033,0.852,1,9,45,0,0,65,0,65,75,high_vol_range,0.0,0,,,
2026-03-09T09:50:00+05:30,portfolio_hist,PREMIUM,SKIP,idle,23761.4,24.19,1.0,0.0,0.0,1.039,0.154,0.368,1,9,50,0,0,64,0,64,75,high_vol_range,0.0,0,,,
2026-03-09T09:55:00+05:30,portfolio_hist,PREMIUM,SKIP,idle,23776.7,24.32,1.0,0.0,0.0,1.038,0.219,0.368,1,9,55,0,0,64,0,64,75,high_vol_range,0.0,0,,,
2026-03-09T10:00:00+05:30,portfolio_hist,PREMIUM,SKIP,idle,23769.0,24.29,1.0,0.0,0.0,1.039,0.187,0.322,1,10,0,0,0,64,0,64,65,high_vol_range,0.0,0,,,
2026-03-09T10:00:00+05:30,portfolio_hist,TREND,ENTER,debit_spread,23769.0,24.29,1.0,0.0,0.0,1.039,0.187,0.322,1,10,0,0,0,75,0,75,60,high_vol_range,32.74,75,,,
2026-03-09T10:02:00+05:30,portfolio_hist,PREMIUM,ENTER,iron_condor,23759.5,24.3,1.0,0.0,0.0,1.039,0.146,0.322,1,10,2,0,0,77,0,77,65,high_vol_range,39.13,75,,,
2026-03-09T10:09:00+05:30,portfolio_hist,TREND,EXIT,debit_spread,23808.7,24.17,1.0,0.0,0.0,1.039,0.354,0.276,1,10,9,0,0,0,0,0,0,high_vol_range,0.0,0,Trend stop: lost 15.8%,-387.75,9
2026-03-09T13:46:00+05:30,portfolio_hist,PREMIUM,EXIT,iron_condor,23879.55,24.45,1.0,0.0,0.0,1.038,0.652,0.317,1,13,46,0,0,0,0,0,0,high_vol_range,0.0,0,Profit target: premium decayed 70.9%,2082.0,224
2026-03-09T09:35:00+05:30,portfolio_hist,PREMIUM,SKIP,idle,23758.7,24.02,1.0,0.0,0.0,1.039,0.143,3.101,1,9,35,0,0,65,0,65,75,trending,0.0,0,,,
2026-03-09T09:40:00+05:30,portfolio_hist,PREMIUM,SKIP,idle,23767.35,24.15,1.0,0.0,0.0,1.039,0.18,3.101,1,9,40,0,0,52,0,52,75,trending,0.0,0,,,
2026-03-09T09:45:00+05:30,portfolio_hist,PREMIUM,SKIP,idle,23716.95,24.46,1.0,0.0,0.0,1.039,0.033,0.852,1,9,45,0,0,65,0,65,75,high_vol_range,0.0,0,,,
2026-03-09T09:50:00+05:30,portfolio_hist,PREMIUM,SKIP,idle,23761.4,24.19,1.0,0.0,0.0,1.039,0.154,0.368,1,9,50,0,0,64,0,64,75,high_vol_range,0.0,0,,,
2026-03-09T09:55:00+05:30,portfolio_hist,PREMIUM,SKIP,idle,23776.7,24.32,1.0,0.0,0.0,1.038,0.219,0.368,1,9,55,0,0,64,0,64,75,high_vol_range,0.0,0,,,
2026-03-09T10:00:00+05:30,portfolio_hist,PREMIUM,SKIP,idle,23769.0,24.29,1.0,0.0,0.0,1.039,0.187,0.322,1,10,0,0,0,64,0,64,65,high_vol_range,0.0,0,,,
2026-03-09T10:00:00+05:30,portfolio_hist,TREND,ENTER,debit_spread,23769.0,24.29,1.0,0.0,0.0,1.039,0.187,0.322,1,10,0,0,0,75,0,75,60,high_vol_range,32.74,75,,,
2026-03-09T10:02:00+05:30,portfolio_hist,PREMIUM,ENTER,iron_condor,23759.5,24.3,1.0,0.0,0.0,1.039,0.146,0.322,1,10,2,0,0,77,0,77,65,high_vol_range,39.13,75,,,
2026-03-09T10:09:00+05:30,portfolio_hist,TREND,EXIT,debit_spread,23808.7,24.17,1.0,0.0,0.0,1.039,0.354,0.276,1,10,9,0,0,0,0,0,0,high_vol_range,0.0,0,Trend stop: lost 15.8%,-387.75,9
2026-03-09T13:46:00+05:30,portfolio_hist,PREMIUM,EXIT,iron_condor,23879.55,24.45,1.0,0.0,0.0,1.038,0.652,0.317,1,13,46,0,0,0,0,0,0,high_vol_range,0.0,0,Profit target: premium decayed 70.9%,2082.0,224
2026-03-09T09:35:00+05:30,portfolio_hist,PREMIUM,SKIP,idle,23758.7,24.02,1.0,0.0,0.0,1.039,0.143,3.101,1,9,35,0,0,65,0,65,75,trending,0.0,0,,,
2026-03-09T09:40:00+05:30,portfolio_hist,PREMIUM,SKIP,idle,23767.35,24.15,1.0,0.0,0.0,1.039,0.18,3.101,1,9,40,0,0,52,0,52,75,trending,0.0,0,,,
2026-03-09T09:45:00+05:30,portfolio_hist,PREMIUM,SKIP,idle,23716.95,24.46,1.0,0.0,0.0,1.039,0.033,0.852,1,9,45,0,0,65,0,65,75,high_vol_range,0.0,0,,,
2026-03-09T09:50:00+05:30,portfolio_hist,PREMIUM,SKIP,idle,23761.4,24.19,1.0,0.0,0.0,1.039,0.154,0.368,1,9,50,0,0,64,0,64,75,high_vol_range,0.0,0,,,
2026-03-09T09:55:00+05:30,portfolio_hist,PREMIUM,SKIP,idle,23776.7,24.32,1.0,0.0,0.0,1.038,0.219,0.368,1,9,55,0,0,64,0,64,75,high_vol_range,0.0,0,,,
2026-03-09T10:00:00+05:30,portfolio_hist,PREMIUM,SKIP,idle,23769.0,24.29,1.0,0.0,0.0,1.039,0.187,0.322,1,10,0,0,0,64,0,64,65,high_vol_range,0.0,0,,,
2026-03-09T10:00:00+05:30,portfolio_hist,TREND,ENTER,debit_spread,23769.0,24.29,1.0,0.0,0.0,1.039,0.187,0.322,1,10,0,0,0,75,0,75,60,high_vol_range,32.74,75,,,
2026-03-09T10:02:00+05:30,portfolio_hist,PREMIUM,ENTER,iron_condor,23759.5,24.3,1.0,0.0,0.0,1.039,0.146,0.322,1,10,2,0,0,77,0,77,65,high_vol_range,39.13,75,,,
2026-03-09T10:09:00+05:30,portfolio_hist,TREND,EXIT,debit_spread,23808.7,24.17,1.0,0.0,0.0,1.039,0.354,0.276,1,10,9,0,0,0,0,0,0,high_vol_range,0.0,0,Trend stop: lost 15.8%,-387.75,9
2026-03-09T13:46:00+05:30,portfolio_hist,PREMIUM,EXIT,iron_condor,23879.55,24.45,1.0,0.0,0.0,1.038,0.652,0.317,1,13,46,0,0,0,0,0,0,high_vol_range,0.0,0,Profit target: premium decayed 70.9%,2082.0,224
2026-03-09T09:35:00+05:30,portfolio_hist,PREMIUM,SKIP,idle,23758.7,24.02,1.0,0.0,0.0,1.039,0.143,3.101,1,9,35,0,0,65,0,65,75,trending,0.0,0,,,
2026-03-09T09:40:00+05:30,portfolio_hist,PREMIUM,SKIP,idle,23767.35,24.15,1.0,0.0,0.0,1.039,0.18,3.101,1,9,40,0,0,52,0,52,75,trending,0.0,0,,,
2026-03-09T09:45:00+05:30,portfolio_hist,PREMIUM,SKIP,idle,23716.95,24.46,1.0,0.0,0.0,1.039,0.033,0.852,1,9,45,0,0,65,0,65,75,high_vol_range,0.0,0,,,
2026-03-09T09:50:00+05:30,portfolio_hist,PREMIUM,SKIP,idle,23761.4,24.19,1.0,0.0,0.0,1.039,0.154,0.368,1,9,50,0,0,64,0,64,75,high_vol_range,0.0,0,,,
2026-03-09T09:55:00+05:30,portfolio_hist,PREMIUM,SKIP,idle,23776.7,24.32,1.0,0.0,0.0,1.038,0.219,0.368,1,9,55,0,0,64,0,64,75,high_vol_range,0.0,0,,,
2026-03-09T10:00:00+05:30,portfolio_hist,PREMIUM,SKIP,idle,23769.0,24.29,1.0,0.0,0.0,1.039,0.187,0.322,1,10,0,0,0,64,0,64,65,high_vol_range,0.0,0,,,
2026-03-09T10:00:00+05:30,portfolio_hist,TREND,ENTER,debit_spread,23769.0,24.29,1.0,0.0,0.0,1.039,0.187,0.322,1,10,0,0,0,75,0,75,60,high_vol_range,32.74,75,,,
2026-03-09T10:02:00+05:30,portfolio_hist,PREMIUM,ENTER,iron_condor,23759.5,24.3,1.0,0.0,0.0,1.039,0.146,0.322,1,10,2,0,0,77,0,77,65,high_vol_range,39.13,75,,,
2026-03-09T10:09:00+05:30,portfolio_hist,TREND,EXIT,debit_spread,23808.7,24.17,1.0,0.0,0.0,1.039,0.354,0.276,1,10,9,0,0,0,0,0,0,high_vol_range,0.0,0,Trend stop: lost 15.8%,-387.75,9
2026-03-09T13:46:00+05:30,portfolio_hist,PREMIUM,EXIT,iron_condor,23879.55,24.45,1.0,0.0,0.0,1.038,0.652,0.317,1,13,46,0,0,0,0,0,0,high_vol_range,0.0,0,Profit target: premium decayed 70.9%,2082.0,224
2026-03-09T09:35:00+05:30,portfolio_hist,PREMIUM,SKIP,idle,23758.7,24.02,1.0,0.0,0.0,1.039,0.143,3.101,1,9,35,0,0,65,0,65,75,trending,0.0,0,,,
2026-03-09T09:40:00+05:30,portfolio_hist,PREMIUM,SKIP,idle,23767.35,24.15,1.0,0.0,0.0,1.039,0.18,3.101,1,9,40,0,0,52,0,52,75,trending,0.0,0,,,
2026-03-09T09:45:00+05:30,portfolio_hist,PREMIUM,SKIP,idle,23716.95,24.46,1.0,0.0,0.0,1.039,0.033,0.852,1,9,45,0,0,65,0,65,75,high_vol_range,0.0,0,,,
2026-03-09T09:50:00+05:30,portfolio_hist,PREMIUM,SKIP,idle,23761.4,24.19,1.0,0.0,0.0,1.039,0.154,0.368,1,9,50,0,0,64,0,64,75,high_vol_range,0.0,0,,,
2026-03-09T09:55:00+05:30,portfolio_hist,PREMIUM,SKIP,idle,23776.7,24.32,1.0,0.0,0.0,1.038,0.219,0.368,1,9,55,0,0,64,0,64,75,high_vol_range,0.0,0,,,
2026-03-09T10:00:00+05:30,portfolio_hist,PREMIUM,SKIP,idle,23769.0,24.29,1.0,0.0,0.0,1.039,0.187,0.322,1,10,0,0,0,64,0,64,65,high_vol_range,0.0,0,,,
2026-03-09T10:00:00+05:30,portfolio_hist,TREND,ENTER,debit_spread,23769.0,24.29,1.0,0.0,0.0,1.039,0.187,0.322,1,10,0,0,0,75,0,75,60,high_vol_range,32.74,75,,,
2026-03-09T10:02:00+05:30,portfolio_hist,PREMIUM,ENTER,iron_condor,23759.5,24.3,1.0,0.0,0.0,1.039,0.146,0.322,1,10,2,0,0,77,0,77,65,high_vol_range,39.13,75,,,
2026-03-09T10:09:00+05:30,portfolio_hist,TREND,EXIT,debit_spread,23808.7,24.17,1.0,0.0,0.0,1.039,0.354,0.276,1,10,9,0,0,0,0,0,0,high_vol_range,0.0,0,Trend stop: lost 15.8%,-387.75,9
2026-03-09T13:46:00+05:30,portfolio_hist,PREMIUM,EXIT,iron_condor,23879.55,24.45,1.0,0.0,0.0,1.038,0.652,0.317,1,13,46,0,0,0,0,0,0,high_vol_range,0.0,0,Profit target: premium decayed 70.9%,2082.0,224
2026-03-09T09:35:00+05:30,portfolio_hist,PREMIUM,SKIP,idle,23758.7,24.02,1.0,0.0,0.0,1.039,0.143,3.101,1,9,35,0,0,65,0,65,75,trending,0.0,0,,,
2026-03-09T09:40:00+05:30,portfolio_hist,PREMIUM,SKIP,idle,23767.35,24.15,1.0,0.0,0.0,1.039,0.18,3.101,1,9,40,0,0,52,0,52,75,trending,0.0,0,,,
2026-03-09T09:45:00+05:30,portfolio_hist,PREMIUM,SKIP,idle,23716.95,24.46,1.0,0.0,0.0,1.039,0.033,0.852,1,9,45,0,0,65,0,65,75,high_vol_range,0.0,0,,,
2026-03-09T09:50:00+05:30,portfolio_hist,PREMIUM,SKIP,idle,23761.4,24.19,1.0,0.0,0.0,1.039,0.154,0.368,1,9,50,0,0,64,0,64,75,high_vol_range,0.0,0,,,
2026-03-09T09:55:00+05:30,portfolio_hist,PREMIUM,SKIP,idle,23776.7,24.32,1.0,0.0,0.0,1.038,0.219,0.368,1,9,55,0,0,64,0,64,75,high_vol_range,0.0,0,,,
2026-03-09T10:00:00+05:30,portfolio_hist,PREMIUM,SKIP,idle,23769.0,24.29,1.0,0.0,0.0,1.039,0.187,0.322,1,10,0,0,0,64,0,64,65,high_vol_range,0.0,0,,,
2026-03-09T10:00:00+05:30,portfolio_hist,TREND,ENTER,debit_spread,23769.0,24.29,1.0,0.0,0.0,1.039,0.187,0.322,1,10,0,0,0,75,0,75,60,high_vol_range,32.74,75,,,
2026-03-09T10:02:00+05:30,portfolio_hist,PREMIUM,ENTER,iron_condor,23759.5,24.3,1.0,0.0,0.0,1.039,0.146,0.322,1,10,2,0,0,77,0,77,65,high_vol_range,39.13,75,,,
2026-03-09T10:09:00+05:30,portfolio_hist,TREND,EXIT,debit_spread,23808.7,24.17,1.0,0.0,0.0,1.039,0.354,0.276,1,10,9,0,0,0,0,0,0,high_vol_range,0.0,0,Trend stop: lost 15.8%,-387.75,9
2026-03-09T11:38:00+05:30,portfolio_hist,PREMIUM,EXIT,iron_condor,23894.6,23.49,1.0,0.0,0.0,1.038,0.716,0.398,1,11,38,0,0,0,0,0,0,high_vol_range,0.0,0,Trail stop: bounced 20.1% after 33% decay,384.0,96
2026-03-09T09:35:00+05:30,portfolio_hist,PREMIUM,SKIP,idle,23758.7,24.02,1.0,0.0,0.0,1.039,0.143,3.101,1,9,35,0,0,65,0,65,75,trending,0.0,0,,,
2026-03-09T09:40:00+05:30,portfolio_hist,PREMIUM,SKIP,idle,23767.35,24.15,1.0,0.0,0.0,1.039,0.18,3.101,1,9,40,0,0,52,0,52,75,trending,0.0,0,,,
2026-03-09T09:45:00+05:30,portfolio_hist,PREMIUM,SKIP,idle,23716.95,24.46,1.0,0.0,0.0,1.039,0.033,0.852,1,9,45,0,0,65,0,65,75,high_vol_range,0.0,0,,,
2026-03-09T09:50:00+05:30,portfolio_hist,PREMIUM,SKIP,idle,23761.4,24.19,1.0,0.0,0.0,1.039,0.154,0.368,1,9,50,0,0,64,0,64,75,high_vol_range,0.0,0,,,
2026-03-09T09:55:00+05:30,portfolio_hist,PREMIUM,SKIP,idle,23776.7,24.32,1.0,0.0,0.0,1.038,0.219,0.368,1,9,55,0,0,64,0,64,75,high_vol_range,0.0,0,,,
2026-03-09T10:00:00+05:30,portfolio_hist,PREMIUM,SKIP,idle,23769.0,24.29,1.0,0.0,0.0,1.039,0.187,0.322,1,10,0,0,0,64,0,64,65,high_vol_range,0.0,0,,,
2026-03-09T10:00:00+05:30,portfolio_hist,TREND,ENTER,debit_spread,23769.0,24.29,1.0,0.0,0.0,1.039,0.187,0.322,1,10,0,0,0,75,0,75,60,high_vol_range,32.74,75,,,
2026-03-09T10:02:00+05:30,portfolio_hist,PREMIUM,ENTER,iron_condor,23759.5,24.3,1.0,0.0,0.0,1.039,0.146,0.322,1,10,2,0,0,77,0,77,65,high_vol_range,39.13,75,,,
2026-03-09T10:09:00+05:30,portfolio_hist,TREND,EXIT,debit_spread,23808.7,24.17,1.0,0.0,0.0,1.039,0.354,0.276,1,10,9,0,0,0,0,0,0,high_vol_range,0.0,0,Trend stop: lost 15.8%,-387.75,9
2026-03-09T11:38:00+05:30,portfolio_hist,PREMIUM,EXIT,iron_condor,23894.6,23.49,1.0,0.0,0.0,1.038,0.716,0.398,1,11,38,0,0,0,0,0,0,high_vol_range,0.0,0,Trail stop: bounced 20.1% after 33% decay,384.0,96
2026-03-09T09:35:00+05:30,portfolio_hist,PREMIUM,SKIP,idle,23758.7,24.02,1.0,0.0,0.0,1.039,0.143,3.101,1,9,35,0,0,65,0,65,75,trending,0.0,0,,,
2026-03-09T09:40:00+05:30,portfolio_hist,PREMIUM,SKIP,idle,23767.35,24.15,1.0,0.0,0.0,1.039,0.18,3.101,1,9,40,0,0,52,0,52,75,trending,0.0,0,,,
2026-03-09T09:45:00+05:30,portfolio_hist,PREMIUM,SKIP,idle,23716.95,24.46,1.0,0.0,0.0,1.039,0.033,0.852,1,9,45,0,0,65,0,65,75,high_vol_range,0.0,0,,,
2026-03-09T09:50:00+05:30,portfolio_hist,PREMIUM,SKIP,idle,23761.4,24.19,1.0,0.0,0.0,1.039,0.154,0.368,1,9,50,0,0,64,0,64,75,high_vol_range,0.0,0,,,
2026-03-09T09:55:00+05:30,portfolio_hist,PREMIUM,SKIP,idle,23776.7,24.32,1.0,0.0,0.0,1.038,0.219,0.368,1,9,55,0,0,64,0,64,75,high_vol_range,0.0,0,,,
2026-03-09T10:00:00+05:30,portfolio_hist,PREMIUM,SKIP,idle,23769.0,24.29,1.0,0.0,0.0,1.039,0.187,0.322,1,10,0,0,0,64,0,64,65,high_vol_range,0.0,0,,,
2026-03-09T10:00:00+05:30,portfolio_hist,TREND,ENTER,debit_spread,23769.0,24.29,1.0,0.0,0.0,1.039,0.187,0.322,1,10,0,0,0,75,0,75,60,high_vol_range,32.74,75,,,
2026-03-09T10:02:00+05:30,portfolio_hist,PREMIUM,ENTER,iron_condor,23759.5,24.3,1.0,0.0,0.0,1.039,0.146,0.322,1,10,2,0,0,77,0,77,65,high_vol_range,39.13,75,,,
2026-03-09T10:09:00+05:30,portfolio_hist,TREND,EXIT,debit_spread,23808.7,24.17,1.0,0.0,0.0,1.039,0.354,0.276,1,10,9,0,0,0,0,0,0,high_vol_range,0.0,0,Trend stop: lost 15.8%,-387.75,9
2026-03-09T11:38:00+05:30,portfolio_hist,PREMIUM,EXIT,iron_condor,23894.6,23.49,1.0,0.0,0.0,1.038,0.716,0.398,1,11,38,0,0,0,0,0,0,high_vol_range,0.0,0,Trail stop: bounced 20.1% after 33% decay,384.0,96
2026-03-09T09:35:00+05:30,portfolio_hist,PREMIUM,SKIP,idle,23758.7,24.02,1.0,0.0,0.0,1.039,0.143,3.101,1,9,35,0,0,65,0,65,75,trending,0.0,0,,,
2026-03-09T09:40:00+05:30,portfolio_hist,PREMIUM,SKIP,idle,23767.35,24.15,1.0,0.0,0.0,1.039,0.18,3.101,1,9,40,0,0,52,0,52,75,trending,0.0,0,,,
2026-03-09T09:45:00+05:30,portfolio_hist,PREMIUM,SKIP,idle,23716.95,24.46,1.0,0.0,0.0,1.039,0.033,0.852,1,9,45,0,0,65,0,65,75,high_vol_range,0.0,0,,,
2026-03-09T09:50:00+05:30,portfolio_hist,PREMIUM,SKIP,idle,23761.4,24.19,1.0,0.0,0.0,1.039,0.154,0.368,1,9,50,0,0,64,0,64,75,high_vol_range,0.0,0,,,
2026-03-09T09:55:00+05:30,portfolio_hist,PREMIUM,SKIP,idle,23776.7,24.32,1.0,0.0,0.0,1.038,0.219,0.368,1,9,55,0,0,64,0,64,75,high_vol_range,0.0,0,,,
2026-03-09T10:00:00+05:30,portfolio_hist,PREMIUM,SKIP,idle,23769.0,24.29,1.0,0.0,0.0,1.039,0.187,0.322,1,10,0,0,0,64,0,64,65,high_vol_range,0.0,0,,,
2026-03-09T10:00:00+05:30,portfolio_hist,TREND,ENTER,debit_spread,23769.0,24.29,1.0,0.0,0.0,1.039,0.187,0.322,1,10,0,0,0,75,0,75,60,high_vol_range,32.74,75,,,
2026-03-09T10:02:00+05:30,portfolio_hist,PREMIUM,ENTER,iron_condor,23759.5,24.3,1.0,0.0,0.0,1.039,0.146,0.322,1,10,2,0,0,77,0,77,65,high_vol_range,39.13,75,,,
2026-03-09T10:09:00+05:30,portfolio_hist,TREND,EXIT,debit_spread,23808.7,24.17,1.0,0.0,0.0,1.039,0.354,0.276,1,10,9,0,0,0,0,0,0,high_vol_range,0.0,0,Trend stop: lost 15.8%,-387.75,9
2026-03-09T11:38:00+05:30,portfolio_hist,PREMIUM,EXIT,iron_condor,23894.6,23.49,1.0,0.0,0.0,1.038,0.716,0.398,1,11,38,0,0,0,0,0,0,high_vol_range,0.0,0,Trail stop: bounced 20.1% after 33% decay,384.0,96
2026-03-09T09:35:00+05:30,portfolio_hist,PREMIUM,SKIP,idle,23758.7,24.02,1.0,0.0,0.0,1.039,0.143,3.101,1,9,35,0,0,65,0,65,75,trending,0.0,0,,,
2026-03-09T09:40:00+05:30,portfolio_hist,PREMIUM,SKIP,idle,23767.35,24.15,1.0,0.0,0.0,1.039,0.18,3.101,1,9,40,0,0,52,0,52,75,trending,0.0,0,,,
2026-03-09T09:45:00+05:30,portfolio_hist,PREMIUM,SKIP,idle,23716.95,24.46,1.0,0.0,0.0,1.039,0.033,0.852,1,9,45,0,0,65,0,65,75,high_vol_range,0.0,0,,,
2026-03-09T09:50:00+05:30,portfolio_hist,PREMIUM,SKIP,idle,23761.4,24.19,1.0,0.0,0.0,1.039,0.154,0.368,1,9,50,0,0,64,0,64,75,high_vol_range,0.0,0,,,
2026-03-09T09:55:00+05:30,portfolio_hist,PREMIUM,SKIP,idle,23776.7,24.32,1.0,0.0,0.0,1.038,0.219,0.368,1,9,55,0,0,64,0,64,75,high_vol_range,0.0,0,,,
2026-03-09T10:00:00+05:30,portfolio_hist,PREMIUM,SKIP,idle,23769.0,24.29,1.0,0.0,0.0,1.039,0.187,0.322,1,10,0,0,0,64,0,64,65,high_vol_range,0.0,0,,,
2026-03-09T10:00:00+05:30,portfolio_hist,TREND,ENTER,debit_spread,23769.0,24.29,1.0,0.0,0.0,1.039,0.187,0.322,1,10,0,0,0,75,0,75,60,high_vol_range,32.74,75,,,
2026-03-09T10:02:00+05:30,portfolio_hist,PREMIUM,ENTER,iron_condor,23759.5,24.3,1.0,0.0,0.0,1.039,0.146,0.322,1,10,2,0,0,77,0,77,65,high_vol_range,39.13,75,,,
2026-03-09T10:09:00+05:30,portfolio_hist,TREND,EXIT,debit_spread,23808.7,24.17,1.0,0.0,0.0,1.039,0.354,0.276,1,10,9,0,0,0,0,0,0,high_vol_range,0.0,0,Trend stop: lost 15.8%,-387.75,9
2026-03-09T11:38:00+05:30,portfolio_hist,PREMIUM,EXIT,iron_condor,23894.6,23.49,1.0,0.0,0.0,1.038,0.716,0.398,1,11,38,0,0,0,0,0,0,high_vol_range,0.0,0,Trail stop: bounced 20.1% after 33% decay,384.0,96
2026-03-09T09:35:00+05:30,portfolio_hist,PREMIUM,SKIP,idle,23758.7,24.02,1.0,0.0,0.0,1.039,0.143,3.101,1,9,35,0,0,65,0,65,75,trending,0.0,0,,,
2026-03-09T09:40:00+05:30,portfolio_hist,PREMIUM,SKIP,idle,23767.35,24.15,1.0,0.0,0.0,1.039,0.18,3.101,1,9,40,0,0,52,0,52,75,trending,0.0,0,,,
2026-03-09T09:45:00+05:30,portfolio_hist,PREMIUM,SKIP,idle,23716.95,24.46,1.0,0.0,0.0,1.039,0.033,0.852,1,9,45,0,0,65,0,65,75,high_vol_range,0.0,0,,,
2026-03-09T09:50:00+05:30,portfolio_hist,PREMIUM,SKIP,idle,23761.4,24.19,1.0,0.0,0.0,1.039,0.154,0.368,1,9,50,0,0,64,0,64,75,high_vol_range,0.0,0,,,
2026-03-09T09:55:00+05:30,portfolio_hist,PREMIUM,SKIP,idle,23776.7,24.32,1.0,0.0,0.0,1.038,0.219,0.368,1,9,55,0,0,64,0,64,75,high_vol_range,0.0,0,,,
2026-03-09T10:00:00+05:30,portfolio_hist,PREMIUM,SKIP,idle,23769.0,24.29,1.0,0.0,0.0,1.039,0.187,0.322,1,10,0,0,0,64,0,64,65,high_vol_range,0.0,0,,,
2026-03-09T10:00:00+05:30,portfolio_hist,TREND,ENTER,debit_spread,23769.0,24.29,1.0,0.0,0.0,1.039,0.187,0.322,1,10,0,0,0,75,0,75,60,high_vol_range,32.74,75,,,
2026-03-09T10:02:00+05:30,portfolio_hist,PREMIUM,ENTER,iron_condor,23759.5,24.3,1.0,0.0,0.0,1.039,0.146,0.322,1,10,2,0,0,77,0,77,65,high_vol_range,39.13,75,,,
2026-03-09T10:09:00+05:30,portfolio_hist,TREND,EXIT,debit_spread,23808.7,24.17,1.0,0.0,0.0,1.039,0.354,0.276,1,10,9,0,0,0,0,0,0,high_vol_range,0.0,0,Trend stop: lost 15.8%,-387.75,9
2026-03-09T11:38:00+05:30,portfolio_hist,PREMIUM,EXIT,iron_condor,23894.6,23.49,1.0,0.0,0.0,1.038,0.716,0.398,1,11,38,0,0,0,0,0,0,high_vol_range,0.0,0,Trail stop: bounced 20.1% after 33% decay,384.0,96
2026-03-09T09:35:00+05:30,portfolio_hist,PREMIUM,SKIP,idle,23758.7,24.02,1.0,0.0,0.0,1.039,0.143,3.101,1,9,35,0,0,65,0,65,75,trending,0.0,0,,,
2026-03-09T09:40:00+05:30,portfolio_hist,PREMIUM,SKIP,idle,23767.35,24.15,1.0,0.0,0.0,1.039,0.18,3.101,1,9,40,0,0,52,0,52,75,trending,0.0,0,,,
2026-03-09T09:45:00+05:30,portfolio_hist,PREMIUM,SKIP,idle,23716.95,24.46,1.0,0.0,0.0,1.039,0.033,0.852,1,9,45,0,0,65,0,65,75,high_vol_range,0.0,0,,,
2026-03-09T09:50:00+05:30,portfolio_hist,PREMIUM,SKIP,idle,23761.4,24.19,1.0,0.0,0.0,1.039,0.154,0.368,1,9,50,0,0,64,0,64,75,high_vol_range,0.0,0,,,
2026-03-09T09:55:00+05:30,portfolio_hist,PREMIUM,SKIP,idle,23776.7,24.32,1.0,0.0,0.0,1.038,0.219,0.368,1,9,55,0,0,64,0,64,75,high_vol_range,0.0,0,,,
2026-03-09T10:00:00+05:30,portfolio_hist,PREMIUM,SKIP,idle,23769.0,24.29,1.0,0.0,0.0,1.039,0.187,0.322,1,10,0,0,0,64,0,64,65,high_vol_range,0.0,0,,,
2026-03-09T10:00:00+05:30,portfolio_hist,TREND,ENTER,debit_spread,23769.0,24.29,1.0,0.0,0.0,1.039,0.187,0.322,1,10,0,0,0,75,0,75,60,high_vol_range,32.74,75,,,
2026-03-09T10:02:00+05:30,portfolio_hist,PREMIUM,ENTER,iron_condor,23759.5,24.3,1.0,0.0,0.0,1.039,0.146,0.322,1,10,2,0,0,77,0,77,65,high_vol_range,39.13,75,,,
2026-03-09T10:09:00+05:30,portfolio_hist,TREND,EXIT,debit_spread,23808.7,24.17,1.0,0.0,0.0,1.039,0.354,0.276,1,10,9,0,0,0,0,0,0,high_vol_range,0.0,0,Trend stop: lost 15.8%,-387.75,9
2026-03-09T11:38:00+05:30,portfolio_hist,PREMIUM,EXIT,iron_condor,23894.6,23.49,1.0,0.0,0.0,1.038,0.716,0.398,1,11,38,0,0,0,0,0,0,high_vol_range,0.0,0,Trail stop: bounced 20.1% after 33% decay,384.0,96
2026-03-09T09:35:00+05:30,portfolio_hist,PREMIUM,SKIP,idle,23758.7,24.02,1.0,0.0,0.0,1.039,0.143,3.101,1,9,35,0,0,65,0,65,75,trending,0.0,0,,,
2026-03-09T09:40:00+05:30,portfolio_hist,PREMIUM,SKIP,idle,23767.35,24.15,1.0,0.0,0.0,1.039,0.18,3.101,1,9,40,0,0,52,0,52,75,trending,0.0,0,,,
2026-03-09T09:45:00+05:30,portfolio_hist,PREMIUM,SKIP,idle,23716.95,24.46,1.0,0.0,0.0,1.039,0.033,0.852,1,9,45,0,0,65,0,65,75,high_vol_range,0.0,0,,,
2026-03-09T09:50:00+05:30,portfolio_hist,PREMIUM,SKIP,idle,23761.4,24.19,1.0,0.0,0.0,1.039,0.154,0.368,1,9,50,0,0,64,0,64,75,high_vol_range,0.0,0,,,
2026-03-09T09:55:00+05:30,portfolio_hist,PREMIUM,SKIP,idle,23776.7,24.32,1.0,0.0,0.0,1.038,0.219,0.368,1,9,55,0,0,64,0,64,75,high_vol_range,0.0,0,,,
2026-03-09T10:00:00+05:30,portfolio_hist,PREMIUM,SKIP,idle,23769.0,24.29,1.0,0.0,0.0,1.039,0.187,0.322,1,10,0,0,0,64,0,64,65,high_vol_range,0.0,0,,,
2026-03-09T10:00:00+05:30,portfolio_hist,TREND,ENTER,debit_spread,23769.0,24.29,1.0,0.0,0.0,1.039,0.187,0.322,1,10,0,0,0,75,0,75,60,high_vol_range,32.74,75,,,
2026-03-09T10:02:00+05:30,portfolio_hist,PREMIUM,ENTER,iron_condor,23759.5,24.3,1.0,0.0,0.0,1.039,0.146,0.322,1,10,2,0,0,77,0,77,65,high_vol_range,39.13,75,,,
2026-03-09T10:09:00+05:30,portfolio_hist,TREND,EXIT,debit_spread,23808.7,24.17,1.0,0.0,0.0,1.039,0.354,0.276,1,10,9,0,0,0,0,0,0,high_vol_range,0.0,0,Trend stop: lost 15.8%,-387.75,9
2026-03-09T11:38:00+05:30,portfolio_hist,PREMIUM,EXIT,iron_condor,23894.6,23.49,1.0,0.0,0.0,1.038,0.716,0.398,1,11,38,0,0,0,0,0,0,high_vol_range,0.0,0,Trail stop: bounced 20.1% after 33% decay,384.0,96
2026-03-09T09:35:00+05:30,portfolio_hist,PREMIUM,SKIP,idle,23758.7,24.02,1.0,0.0,0.0,1.039,0.143,3.101,1,9,35,0,0,65,0,65,75,trending,0.0,0,,,
2026-03-09T09:40:00+05:30,portfolio_hist,PREMIUM,SKIP,idle,23767.35,24.15,1.0,0.0,0.0,1.039,0.18,3.101,1,9,40,0,0,52,0,52,75,trending,0.0,0,,,
2026-03-09T09:45:00+05:30,portfolio_hist,PREMIUM,SKIP,idle,23716.95,24.46,1.0,0.0,0.0,1.039,0.033,0.852,1,9,45,0,0,65,0,65,75,high_vol_range,0.0,0,,,
2026-03-09T09:50:00+05:30,portfolio_hist,PREMIUM,SKIP,idle,23761.4,24.19,1.0,0.0,0.0,1.039,0.154,0.368,1,9,50,0,0,64,0,64,75,high_vol_range,0.0,0,,,
2026-03-09T09:55:00+05:30,portfolio_hist,PREMIUM,SKIP,idle,23776.7,24.32,1.0,0.0,0.0,1.038,0.219,0.368,1,9,55,0,0,64,0,64,75,high_vol_range,0.0,0,,,
2026-03-09T10:00:00+05:30,portfolio_hist,PREMIUM,SKIP,idle,23769.0,24.29,1.0,0.0,0.0,1.039,0.187,0.322,1,10,0,0,0,64,0,64,65,high_vol_range,0.0,0,,,
2026-03-09T10:00:00+05:30,portfolio_hist,TREND,ENTER,debit_spread,23769.0,24.29,1.0,0.0,0.0,1.039,0.187,0.322,1,10,0,0,0,75,0,75,60,high_vol_range,32.74,75,,,
2026-03-09T10:02:00+05:30,portfolio_hist,PREMIUM,ENTER,iron_condor,23759.5,24.3,1.0,0.0,0.0,1.039,0.146,0.322,1,10,2,0,0,77,0,77,65,high_vol_range,39.13,75,,,
2026-03-09T10:09:00+05:30,portfolio_hist,TREND,EXIT,debit_spread,23808.7,24.17,1.0,0.0,0.0,1.039,0.354,0.276,1,10,9,0,0,0,0,0,0,high_vol_range,0.0,0,Trend stop: lost 15.8%,-387.75,9
2026-03-09T11:38:00+05:30,portfolio_hist,PREMIUM,EXIT,iron_condor,23894.6,23.49,1.0,0.0,0.0,1.038,0.716,0.398,1,11,38,0,0,0,0,0,0,high_vol_range,0.0,0,Trail stop: bounced 20.1% after 33% decay,384.0,96
2026-03-09T09:35:00+05:30,portfolio_hist,PREMIUM,SKIP,idle,23758.7,24.02,1.0,0.0,0.0,1.039,0.143,3.101,1,9,35,0,0,65,0,65,75,trending,0.0,0,,,
2026-03-09T09:40:00+05:30,portfolio_hist,PREMIUM,SKIP,idle,23767.35,24.15,1.0,0.0,0.0,1.039,0.18,3.101,1,9,40,0,0,52,0,52,75,trending,0.0,0,,,
2026-03-09T09:45:00+05:30,portfolio_hist,PREMIUM,SKIP,idle,23716.95,24.46,1.0,0.0,0.0,1.039,0.033,0.852,1,9,45,0,0,65,0,65,75,high_vol_range,0.0,0,,,
2026-03-09T09:50:00+05:30,portfolio_hist,PREMIUM,SKIP,idle,23761.4,24.19,1.0,0.0,0.0,1.039,0.154,0.368,1,9,50,0,0,64,0,64,75,high_vol_range,0.0,0,,,
2026-03-09T09:55:00+05:30,portfolio_hist,PREMIUM,SKIP,idle,23776.7,24.32,1.0,0.0,0.0,1.038,0.219,0.368,1,9,55,0,0,64,0,64,75,high_vol_range,0.0,0,,,
2026-03-09T10:00:00+05:30,portfolio_hist,PREMIUM,SKIP,idle,23769.0,24.29,1.0,0.0,0.0,1.039,0.187,0.322,1,10,0,0,0,64,0,64,65,high_vol_range,0.0,0,,,
2026-03-09T10:00:00+05:30,portfolio_hist,TREND,ENTER,debit_spread,23769.0,24.29,1.0,0.0,0.0,1.039,0.187,0.322,1,10,0,0,0,75,0,75,60,high_vol_range,32.74,75,,,
2026-03-09T10:02:00+05:30,portfolio_hist,PREMIUM,ENTER,iron_condor,23759.5,24.3,1.0,0.0,0.0,1.039,0.146,0.322,1,10,2,0,0,77,0,77,65,high_vol_range,39.13,75,,,
2026-03-09T10:09:00+05:30,portfolio_hist,TREND,EXIT,debit_spread,23808.7,24.17,1.0,0.0,0.0,1.039,0.354,0.276,1,10,9,0,0,0,0,0,0,high_vol_range,0.0,0,Trend stop: lost 15.8%,-387.75,9
2026-03-09T11:38:00+05:30,portfolio_hist,PREMIUM,EXIT,iron_condor,23894.6,23.49,1.0,0.0,0.0,1.038,0.716,0.398,1,11,38,0,0,0,0,0,0,high_vol_range,0.0,0,Trail stop: bounced 20.1% after 33% decay,384.0,96
2026-03-09T09:35:00+05:30,portfolio_hist,PREMIUM,SKIP,idle,23758.7,24.02,1.0,0.0,0.0,1.039,0.143,3.101,1,9,35,0,0,65,0,65,75,trending,0.0,0,,,
2026-03-09T09:40:00+05:30,portfolio_hist,PREMIUM,SKIP,idle,23767.35,24.15,1.0,0.0,0.0,1.039,0.18,3.101,1,9,40,0,0,52,0,52,75,trending,0.0,0,,,
2026-03-09T09:45:00+05:30,portfolio_hist,PREMIUM,SKIP,idle,23716.95,24.46,1.0,0.0,0.0,1.039,0.033,0.852,1,9,45,0,0,65,0,65,75,high_vol_range,0.0,0,,,
2026-03-09T09:50:00+05:30,portfolio_hist,PREMIUM,SKIP,idle,23761.4,24.19,1.0,0.0,0.0,1.039,0.154,0.368,1,9,50,0,0,64,0,64,75,high_vol_range,0.0,0,,,
2026-03-09T09:55:00+05:30,portfolio_hist,PREMIUM,SKIP,idle,23776.7,24.32,1.0,0.0,0.0,1.038,0.219,0.368,1,9,55,0,0,64,0,64,75,high_vol_range,0.0,0,,,
2026-03-09T10:00:00+05:30,portfolio_hist,PREMIUM,SKIP,idle,23769.0,24.29,1.0,0.0,0.0,1.039,0.187,0.322,1,10,0,0,0,64,0,64,65,high_vol_range,0.0,0,,,
2026-03-09T10:00:00+05:30,portfolio_hist,TREND,ENTER,debit_spread,23769.0,24.29,1.0,0.0,0.0,1.039,0.187,0.322,1,10,0,0,0,75,0,75,60,high_vol_range,32.74,75,,,
2026-03-09T10:02:00+05:30,portfolio_hist,PREMIUM,ENTER,iron_condor,23759.5,24.3,1.0,0.0,0.0,1.039,0.146,0.322,1,10,2,0,0,77,0,77,65,high_vol_range,39.13,75,,,
2026-03-09T10:09:00+05:30,portfolio_hist,TREND,EXIT,debit_spread,23808.7,24.17,1.0,0.0,0.0,1.039,0.354,0.276,1,10,9,0,0,0,0,0,0,high_vol_range,0.0,0,Trend stop: lost 15.8%,-387.75,9
2026-03-09T11:38:00+05:30,portfolio_hist,PREMIUM,EXIT,iron_condor,23894.6,23.49,1.0,0.0,0.0,1.038,0.716,0.398,1,11,38,0,0,0,0,0,0,high_vol_range,0.0,0,Trail stop: bounced 20.1% after 33% decay,384.0,96
2026-03-09T09:35:00+05:30,portfolio_hist,PREMIUM,SKIP,idle,23758.7,24.02,1.0,0.0,0.0,1.039,0.143,3.101,1,9,35,0,0,65,0,65,75,trending,0.0,0,,,
2026-03-09T09:40:00+05:30,portfolio_hist,PREMIUM,SKIP,idle,23767.35,24.15,1.0,0.0,0.0,1.039,0.18,3.101,1,9,40,0,0,52,0,52,75,trending,0.0,0,,,
2026-03-09T09:45:00+05:30,portfolio_hist,PREMIUM,SKIP,idle,23716.95,24.46,1.0,0.0,0.0,1.039,0.033,0.852,1,9,45,0,0,65,0,65,75,high_vol_range,0.0,0,,,
2026-03-09T09:50:00+05:30,portfolio_hist,PREMIUM,SKIP,idle,23761.4,24.19,1.0,0.0,0.0,1.039,0.154,0.368,1,9,50,0,0,64,0,64,75,high_vol_range,0.0,0,,,
2026-03-09T09:55:00+05:30,portfolio_hist,PREMIUM,SKIP,idle,23776.7,24.32,1.0,0.0,0.0,1.038,0.219,0.368,1,9,55,0,0,64,0,64,75,high_vol_range,0.0,0,,,
2026-03-09T10:00:00+05:30,portfolio_hist,PREMIUM,SKIP,idle,23769.0,24.29,1.0,0.0,0.0,1.039,0.187,0.322,1,10,0,0,0,64,0,64,65,high_vol_range,0.0,0,,,
2026-03-09T10:00:00+05:30,portfolio_hist,TREND,ENTER,debit_spread,23769.0,24.29,1.0,0.0,0.0,1.039,0.187,0.322,1,10,0,0,0,75,0,75,60,high_vol_range,32.74,75,,,
2026-03-09T10:02:00+05:30,portfolio_hist,PREMIUM,ENTER,iron_condor,23759.5,24.3,1.0,0.0,0.0,1.039,0.146,0.322,1,10,2,0,0,77,0,77,65,high_vol_range,39.13,75,,,
2026-03-09T10:09:00+05:30,portfolio_hist,TREND,EXIT,debit_spread,23808.7,24.17,1.0,0.0,0.0,1.039,0.354,0.276,1,10,9,0,0,0,0,0,0,high_vol_range,0.0,0,Trend stop: lost 15.8%,-387.75,9
2026-03-09T11:38:00+05:30,portfolio_hist,PREMIUM,EXIT,iron_condor,23894.6,23.49,1.0,0.0,0.0,1.038,0.716,0.398,1,11,38,0,0,0,0,0,0,high_vol_range,0.0,0,Trail stop: bounced 20.1% after 33% decay,384.0,96
2026-03-09T09:35:00+05:30,portfolio_hist,PREMIUM,SKIP,idle,23758.7,24.02,1.0,0.0,0.0,1.039,0.143,3.101,1,9,35,0,0,65,0,65,75,trending,0.0,0,,,
2026-03-09T09:40:00+05:30,portfolio_hist,PREMIUM,SKIP,idle,23767.35,24.15,1.0,0.0,0.0,1.039,0.18,3.101,1,9,40,0,0,52,0,52,75,trending,0.0,0,,,
2026-03-09T09:45:00+05:30,portfolio_hist,PREMIUM,SKIP,idle,23716.95,24.46,1.0,0.0,0.0,1.039,0.033,0.852,1,9,45,0,0,65,0,65,75,high_vol_range,0.0,0,,,
2026-03-09T09:50:00+05:30,portfolio_hist,PREMIUM,SKIP,idle,23761.4,24.19,1.0,0.0,0.0,1.039,0.154,0.368,1,9,50,0,0,64,0,64,75,high_vol_range,0.0,0,,,
2026-03-09T09:55:00+05:30,portfolio_hist,PREMIUM,SKIP,idle,23776.7,24.32,1.0,0.0,0.0,1.038,0.219,0.368,1,9,55,0,0,64,0,64,75,high_vol_range,0.0,0,,,
2026-03-09T10:00:00+05:30,portfolio_hist,PREMIUM,SKIP,idle,23769.0,24.29,1.0,0.0,0.0,1.039,0.187,0.322,1,10,0,0,0,64,0,64,65,high_vol_range,0.0,0,,,
2026-03-09T10:00:00+05:30,portfolio_hist,TREND,ENTER,debit_spread,23769.0,24.29,1.0,0.0,0.0,1.039,0.187,0.322,1,10,0,0,0,75,0,75,60,high_vol_range,32.74,75,,,
2026-03-09T10:02:00+05:30,portfolio_hist,PREMIUM,ENTER,iron_condor,23759.5,24.3,1.0,0.0,0.0,1.039,0.146,0.322,1,10,2,0,0,77,0,77,65,high_vol_range,39.13,75,,,
2026-03-09T10:09:00+05:30,portfolio_hist,TREND,EXIT,debit_spread,23808.7,24.17,1.0,0.0,0.0,1.039,0.354,0.276,1,10,9,0,0,0,0,0,0,high_vol_range,0.0,0,Trend stop: lost 15.8%,-387.75,9
2026-03-09T11:38:00+05:30,portfolio_hist,PREMIUM,EXIT,iron_condor,23894.6,23.49,1.0,0.0,0.0,1.038,0.716,0.398,1,11,38,0,0,0,0,0,0,high_vol_range,0.0,0,Trail stop: bounced 20.1% after 33% decay,384.0,96
2026-03-09T09:35:00+05:30,portfolio_hist,PREMIUM,SKIP,idle,23758.7,24.02,1.0,0.0,0.0,1.039,0.143,3.101,1,9,35,0,0,65,0,65,75,trending,0.0,0,,,
2026-03-09T09:40:00+05:30,portfolio_hist,PREMIUM,SKIP,idle,23767.35,24.15,1.0,0.0,0.0,1.039,0.18,3.101,1,9,40,0,0,52,0,52,75,trending,0.0,0,,,
2026-03-09T09:45:00+05:30,portfolio_hist,PREMIUM,SKIP,idle,23716.95,24.46,1.0,0.0,0.0,1.039,0.033,0.852,1,9,45,0,0,65,0,65,75,high_vol_range,0.0,0,,,
2026-03-09T09:50:00+05:30,portfolio_hist,PREMIUM,SKIP,idle,23761.4,24.19,1.0,0.0,0.0,1.039,0.154,0.368,1,9,50,0,0,64,0,64,75,high_vol_range,0.0,0,,,
2026-03-09T09:55:00+05:30,portfolio_hist,PREMIUM,SKIP,idle,23776.7,24.32,1.0,0.0,0.0,1.038,0.219,0.368,1,9,55,0,0,64,0,64,75,high_vol_range,0.0,0,,,
2026-03-09T10:00:00+05:30,portfolio_hist,PREMIUM,SKIP,idle,23769.0,24.29,1.0,0.0,0.0,1.039,0.187,0.322,1,10,0,0,0,64,0,64,65,high_vol_range,0.0,0,,,
2026-03-09T10:00:00+05:30,portfolio_hist,TREND,ENTER,debit_spread,23769.0,24.29,1.0,0.0,0.0,1.039,0.187,0.322,1,10,0,0,0,75,0,75,60,high_vol_range,32.74,75,,,
2026-03-09T10:02:00+05:30,portfolio_hist,PREMIUM,ENTER,iron_condor,23759.5,24.3,1.0,0.0,0.0,1.039,0.146,0.322,1,10,2,0,0,77,0,77,65,high_vol_range,39.13,75,,,
2026-03-09T10:09:00+05:30,portfolio_hist,TREND,EXIT,debit_spread,23808.7,24.17,1.0,0.0,0.0,1.039,0.354,0.276,1,10,9,0,0,0,0,0,0,high_vol_range,0.0,0,Trend stop: lost 15.8%,-387.75,9
2026-03-09T11:38:00+05:30,portfolio_hist,PREMIUM,EXIT,iron_condor,23894.6,23.49,1.0,0.0,0.0,1.038,0.716,0.398,1,11,38,0,0,0,0,0,0,high_vol_range,0.0,0,Trail stop: bounced 20.1% after 33% decay,384.0,96
2026-03-09T09:35:00+05:30,portfolio_hist,PREMIUM,SKIP,idle,23758.7,24.02,1.0,0.0,0.0,1.039,0.143,3.101,1,9,35,0,0,65,0,65,75,trending,0.0,0,,,
2026-03-09T09:40:00+05:30,portfolio_hist,PREMIUM,SKIP,idle,23767.35,24.15,1.0,0.0,0.0,1.039,0.18,3.101,1,9,40,0,0,52,0,52,75,trending,0.0,0,,,
2026-03-09T09:45:00+05:30,portfolio_hist,PREMIUM,SKIP,idle,23716.95,24.46,1.0,0.0,0.0,1.039,0.033,0.852,1,9,45,0,0,65,0,65,75,high_vol_range,0.0,0,,,
2026-03-09T09:50:00+05:30,portfolio_hist,PREMIUM,SKIP,idle,23761.4,24.19,1.0,0.0,0.0,1.039,0.154,0.368,1,9,50,0,0,64,0,64,75,high_vol_range,0.0,0,,,
2026-03-09T09:55:00+05:30,portfolio_hist,PREMIUM,SKIP,idle,23776.7,24.32,1.0,0.0,0.0,1.038,0.219,0.368,1,9,55,0,0,64,0,64,75,high_vol_range,0.0,0,,,
2026-03-09T10:00:00+05:30,portfolio_hist,PREMIUM,SKIP,idle,23769.0,24.29,1.0,0.0,0.0,1.039,0.187,0.322,1,10,0,0,0,64,0,64,65,high_vol_range,0.0,0,,,
2026-03-09T10:00:00+05:30,portfolio_hist,TREND,ENTER,debit_spread,23769.0,24.29,1.0,0.0,0.0,1.039,0.187,0.322,1,10,0,0,0,75,0,75,60,high_vol_range,32.74,75,,,
2026-03-09T10:02:00+05:30,portfolio_hist,PREMIUM,ENTER,iron_condor,23759.5,24.3,1.0,0.0,0.0,1.039,0.146,0.322,1,10,2,0,0,77,0,77,65,high_vol_range,39.13,75,,,
2026-03-09T10:09:00+05:30,portfolio_hist,TREND,EXIT,debit_spread,23808.7,24.17,1.0,0.0,0.0,1.039,0.354,0.276,1,10,9,0,0,0,0,0,0,high_vol_range,0.0,0,Trend stop: lost 15.8%,-387.75,9
2026-03-09T11:38:00+05:30,portfolio_hist,PREMIUM,EXIT,iron_condor,23894.6,23.49,1.0,0.0,0.0,1.038,0.716,0.398,1,11,38,0,0,0,0,0,0,high_vol_range,0.0,0,Trail stop: bounced 20.1% after 33% decay,384.0,96
2026-03-09T09:35:00+05:30,portfolio_hist,PREMIUM,SKIP,idle,23758.7,24.02,1.0,0.0,0.0,1.039,0.143,3.101,1,9,35,0,0,65,0,65,75,trending,0.0,0,,,
2026-03-09T09:40:00+05:30,portfolio_hist,PREMIUM,SKIP,idle,23767.35,24.15,1.0,0.0,0.0,1.039,0.18,3.101,1,9,40,0,0,52,0,52,75,trending,0.0,0,,,
2026-03-09T09:45:00+05:30,portfolio_hist,PREMIUM,SKIP,idle,23716.95,24.46,1.0,0.0,0.0,1.039,0.033,0.852,1,9,45,0,0,65,0,65,75,high_vol_range,0.0,0,,,
2026-03-09T09:50:00+05:30,portfolio_hist,PREMIUM,SKIP,idle,23761.4,24.19,1.0,0.0,0.0,1.039,0.154,0.368,1,9,50,0,0,64,0,64,75,high_vol_range,0.0,0,,,
2026-03-09T09:55:00+05:30,portfolio_hist,PREMIUM,SKIP,idle,23776.7,24.32,1.0,0.0,0.0,1.038,0.219,0.368,1,9,55,0,0,64,0,64,75,high_vol_range,0.0,0,,,
2026-03-09T10:00:00+05:30,portfolio_hist,PREMIUM,SKIP,idle,23769.0,24.29,1.0,0.0,0.0,1.039,0.187,0.322,1,10,0,0,0,64,0,64,65,high_vol_range,0.0,0,,,
2026-03-09T10:00:00+05:30,portfolio_hist,TREND,ENTER,debit_spread,23769.0,24.29,1.0,0.0,0.0,1.039,0.187,0.322,1,10,0,0,0,75,0,75,60,high_vol_range,32.74,75,,,
2026-03-09T10:02:00+05:30,portfolio_hist,PREMIUM,ENTER,iron_condor,23759.5,24.3,1.0,0.0,0.0,1.039,0.146,0.322,1,10,2,0,0,77,0,77,65,high_vol_range,39.13,75,,,
2026-03-09T10:09:00+05:30,portfolio_hist,TREND,EXIT,debit_spread,23808.7,24.17,1.0,0.0,0.0,1.039,0.354,0.276,1,10,9,0,0,0,0,0,0,high_vol_range,0.0,0,Trend stop: lost 15.8%,-387.75,9
2026-03-09T11:38:00+05:30,portfolio_hist,PREMIUM,EXIT,iron_condor,23894.6,23.49,1.0,0.0,0.0,1.038,0.716,0.398,1,11,38,0,0,0,0,0,0,high_vol_range,0.0,0,Trail stop: bounced 20.1% after 33% decay,384.0,96
2026-03-09T09:35:00+05:30,portfolio_hist,PREMIUM,SKIP,idle,23758.7,24.02,1.0,0.0,0.0,1.039,0.143,3.101,1,9,35,0,0,65,0,65,75,trending,0.0,0,,,
2026-03-09T09:40:00+05:30,portfolio_hist,PREMIUM,SKIP,idle,23767.35,24.15,1.0,0.0,0.0,1.039,0.18,3.101,1,9,40,0,0,52,0,52,75,trending,0.0,0,,,
2026-03-09T09:45:00+05:30,portfolio_hist,PREMIUM,SKIP,idle,23716.95,24.46,1.0,0.0,0.0,1.039,0.033,0.852,1,9,45,0,0,65,0,65,75,high_vol_range,0.0,0,,,
2026-03-09T09:50:00+05:30,portfolio_hist,PREMIUM,SKIP,idle,23761.4,24.19,1.0,0.0,0.0,1.039,0.154,0.368,1,9,50,0,0,64,0,64,75,high_vol_range,0.0,0,,,
2026-03-09T09:55:00+05:30,portfolio_hist,PREMIUM,SKIP,idle,23776.7,24.32,1.0,0.0,0.0,1.038,0.219,0.368,1,9,55,0,0,64,0,64,75,high_vol_range,0.0,0,,,
2026-03-09T10:00:00+05:30,portfolio_hist,PREMIUM,SKIP,idle,23769.0,24.29,1.0,0.0,0.0,1.039,0.187,0.322,1,10,0,0,0,64,0,64,65,high_vol_range,0.0,0,,,
2026-03-09T10:00:00+05:30,portfolio_hist,TREND,ENTER,debit_spread,23769.0,24.29,1.0,0.0,0.0,1.039,0.187,0.322,1,10,0,0,0,75,0,75,60,high_vol_range,32.74,75,,,
2026-03-09T10:02:00+05:30,portfolio_hist,PREMIUM,ENTER,iron_condor,23759.5,24.3,1.0,0.0,0.0,1.039,0.146,0.322,1,10,2,0,0,77,0,77,65,high_vol_range,39.13,75,,,
2026-03-09T10:09:00+05:30,portfolio_hist,TREND,EXIT,debit_spread,23808.7,24.17,1.0,0.0,0.0,1.039,0.354,0.276,1,10,9,0,0,0,0,0,0,high_vol_range,0.0,0,Trend stop: lost 15.8%,-387.75,9
2026-03-09T11:38:00+05:30,portfolio_hist,PREMIUM,EXIT,iron_condor,23894.6,23.49,1.0,0.0,0.0,1.038,0.716,0.398,1,11,38,0,0,0,0,0,0,high_vol_range,0.0,0,Trail stop: bounced 20.1% after 33% decay,384.0,96
2026-03-09T09:35:00+05:30,portfolio_hist,PREMIUM,SKIP,idle,23758.7,24.02,1.0,0.0,0.0,1.039,0.143,3.101,1,9,35,0,0,65,0,65,75,trending,0.0,0,,,
2026-03-09T09:40:00+05:30,portfolio_hist,PREMIUM,SKIP,idle,23767.35,24.15,1.0,0.0,0.0,1.039,0.18,3.101,1,9,40,0,0,52,0,52,75,trending,0.0,0,,,
2026-03-09T09:45:00+05:30,portfolio_hist,PREMIUM,SKIP,idle,23716.95,24.46,1.0,0.0,0.0,1.039,0.033,0.852,1,9,45,0,0,65,0,65,75,high_vol_range,0.0,0,,,
2026-03-09T09:50:00+05:30,portfolio_hist,PREMIUM,SKIP,idle,23761.4,24.19,1.0,0.0,0.0,1.039,0.154,0.368,1,9,50,0,0,64,0,64,75,high_vol_range,0.0,0,,,
2026-03-09T09:55:00+05:30,portfolio_hist,PREMIUM,SKIP,idle,23776.7,24.32,1.0,0.0,0.0,1.038,0.219,0.368,1,9,55,0,0,64,0,64,75,high_vol_range,0.0,0,,,
2026-03-09T10:00:00+05:30,portfolio_hist,PREMIUM,SKIP,idle,23769.0,24.29,1.0,0.0,0.0,1.039,0.187,0.322,1,10,0,0,0,64,0,64,65,high_vol_range,0.0,0,,,
2026-03-09T10:00:00+05:30,portfolio_hist,TREND,ENTER,debit_spread,23769.0,24.29,1.0,0.0,0.0,1.039,0.187,0.322,1,10,0,0,0,75,0,75,60,high_vol_range,32.74,75,,,
2026-03-09T10:02:00+05:30,portfolio_hist,PREMIUM,ENTER,iron_condor,23759.5,24.3,1.0,0.0,0.0,1.039,0.146,0.322,1,10,2,0,0,77,0,77,65,high_vol_range,39.13,75,,,
2026-03-09T10:09:00+05:30,portfolio_hist,TREND,EXIT,debit_spread,23808.7,24.17,1.0,0.0,0.0,1.039,0.354,0.276,1,10,9,0,0,0,0,0,0,high_vol_range,0.0,0,Trend stop: lost 15.8%,-387.75,9
2026-03-09T11:38:00+05:30,portfolio_hist,PREMIUM,EXIT,iron_condor,23894.6,23.49,1.0,0.0,0.0,1.038,0.716,0.398,1,11,38,0,0,0,0,0,0,high_vol_range,0.0,0,Trail stop: bounced 20.1% after 33% decay,384.0,96
2026-03-09T09:35:00+05:30,portfolio_hist,PREMIUM,SKIP,idle,23758.7,24.02,1.0,0.0,0.0,1.039,0.143,3.101,1,9,35,0,0,65,0,65,75,trending,0.0,0,,,
2026-03-09T09:40:00+05:30,portfolio_hist,PREMIUM,SKIP,idle,23767.35,24.15,1.0,0.0,0.0,1.039,0.18,3.101,1,9,40,0,0,52,0,52,75,trending,0.0,0,,,
2026-03-09T09:45:00+05:30,portfolio_hist,PREMIUM,SKIP,idle,23716.95,24.46,1.0,0.0,0.0,1.039,0.033,0.852,1,9,45,0,0,65,0,65,75,high_vol_range,0.0,0,,,
2026-03-09T09:50:00+05:30,portfolio_hist,PREMIUM,SKIP,idle,23761.4,24.19,1.0,0.0,0.0,1.039,0.154,0.368,1,9,50,0,0,64,0,64,75,high_vol_range,0.0,0,,,
2026-03-09T09:55:00+05:30,portfolio_hist,PREMIUM,SKIP,idle,23776.7,24.32,1.0,0.0,0.0,1.038,0.219,0.368,1,9,55,0,0,64,0,64,75,high_vol_range,0.0,0,,,
2026-03-09T10:00:00+05:30,portfolio_hist,PREMIUM,SKIP,idle,23769.0,24.29,1.0,0.0,0.0,1.039,0.187,0.322,1,10,0,0,0,64,0,64,65,high_vol_range,0.0,0,,,
2026-03-09T10:00:00+05:30,portfolio_hist,TREND,ENTER,debit_spread,23769.0,24.29,1.0,0.0,0.0,1.039,0.187,0.322,1,10,0,0,0,75,0,75,60,high_vol_range,32.74,75,,,
2026-03-09T10:02:00+05:30,portfolio_hist,PREMIUM,ENTER,iron_condor,23759.5,24.3,1.0,0.0,0.0,1.039,0.146,0.322,1,10,2,0,0,77,0,77,65,high_vol_range,39.13,75,,,
2026-03-09T10:09:00+05:30,portfolio_hist,TREND,EXIT,debit_spread,23808.7,24.17,1.0,0.0,0.0,1.039,0.354,0.276,1,10,9,0,0,0,0,0,0,high_vol_range,0.0,0,Trend stop: lost 15.8%,-387.75,9
2026-03-09T11:38:00+05:30,portfolio_hist,PREMIUM,EXIT,iron_condor,23894.6,23.49,1.0,0.0,0.0,1.038,0.716,0.398,1,11,38,0,0,0,0,0,0,high_vol_range,0.0,0,Trail stop: bounced 20.1% after 33% decay,384.0,96
2026-03-09T09:35:00+05:30,portfolio_hist,PREMIUM,SKIP,idle,23758.7,24.02,1.0,0.0,0.0,1.039,0.143,3.101,1,9,35,0,0,65,0,65,75,trending,0.0,0,,,
2026-03-09T09:40:00+05:30,portfolio_hist,PREMIUM,SKIP,idle,23767.35,24.15,1.0,0.0,0.0,1.039,0.18,3.101,1,9,40,0,0,52,0,52,75,trending,0.0,0,,,
2026-03-09T09:45:00+05:30,portfolio_hist,PREMIUM,SKIP,idle,23716.95,24.46,1.0,0.0,0.0,1.039,0.033,0.852,1,9,45,0,0,65,0,65,75,high_vol_range,0.0,0,,,
2026-03-09T09:50:00+05:30,portfolio_hist,PREMIUM,SKIP,idle,23761.4,24.19,1.0,0.0,0.0,1.039,0.154,0.368,1,9,50,0,0,64,0,64,75,high_vol_range,0.0,0,,,
2026-03-09T09:55:00+05:30,portfolio_hist,PREMIUM,SKIP,idle,23776.7,24.32,1.0,0.0,0.0,1.038,0.219,0.368,1,9,55,0,0,64,0,64,75,high_vol_range,0.0,0,,,
2026-03-09T10:00:00+05:30,portfolio_hist,PREMIUM,SKIP,idle,23769.0,24.29,1.0,0.0,0.0,1.039,0.187,0.322,1,10,0,0,0,64,0,64,65,high_vol_range,0.0,0,,,
2026-03-09T10:00:00+05:30,portfolio_hist,TREND,ENTER,debit_spread,23769.0,24.29,1.0,0.0,0.0,1.039,0.187,0.322,1,10,0,0,0,75,0,75,60,high_vol_range,32.74,75,,,
2026-03-09T10:02:00+05:30,portfolio_hist,PREMIUM,ENTER,iron_condor,23759.5,24.3,1.0,0.0,0.0,1.039,0.146,0.322,1,10,2,0,0,77,0,77,65,high_vol_range,39.13,75,,,
2026-03-09T10:09:00+05:30,portfolio_hist,TREND,EXIT,debit_spread,23808.7,24.17,1.0,0.0,0.0,1.039,0.354,0.276,1,10,9,0,0,0,0,0,0,high_vol_range,0.0,0,Trend stop: lost 15.8%,-387.75,9
2026-03-09T11:38:00+05:30,portfolio_hist,PREMIUM,EXIT,iron_condor,23894.6,23.49,1.0,0.0,0.0,1.038,0.716,0.398,1,11,38,0,0,0,0,0,0,high_vol_range,0.0,0,Trail stop: bounced 20.1% after 33% decay,384.0,96
2026-03-09T09:35:00+05:30,portfolio_hist,PREMIUM,SKIP,idle,23758.7,24.02,1.0,0.0,0.0,1.039,0.143,3.101,1,9,35,0,0,65,0,65,75,trending,0.0,0,,,
2026-03-09T09:40:00+05:30,portfolio_hist,PREMIUM,SKIP,idle,23767.35,24.15,1.0,0.0,0.0,1.039,0.18,3.101,1,9,40,0,0,52,0,52,75,trending,0.0,0,,,
2026-03-09T09:45:00+05:30,portfolio_hist,PREMIUM,SKIP,idle,23716.95,24.46,1.0,0.0,0.0,1.039,0.033,0.852,1,9,45,0,0,65,0,65,75,high_vol_range,0.0,0,,,
2026-03-09T09:50:00+05:30,portfolio_hist,PREMIUM,SKIP,idle,23761.4,24.19,1.0,0.0,0.0,1.039,0.154,0.368,1,9,50,0,0,64,0,64,75,high_vol_range,0.0,0,,,
2026-03-09T09:55:00+05:30,portfolio_hist,PREMIUM,SKIP,idle,23776.7,24.32,1.0,0.0,0.0,1.038,0.219,0.368,1,9,55,0,0,64,0,64,75,high_vol_range,0.0,0,,,
2026-03-09T10:00:00+05:30,portfolio_hist,PREMIUM,SKIP,idle,23769.0,24.29,1.0,0.0,0.0,1.039,0.187,0.322,1,10,0,0,0,64,0,64,65,high_vol_range,0.0,0,,,
2026-03-09T10:00:00+05:30,portfolio_hist,TREND,ENTER,debit_spread,23769.0,24.29,1.0,0.0,0.0,1.039,0.187,0.322,1,10,0,0,0,75,0,75,60,high_vol_range,32.74,75,,,
2026-03-09T10:02:00+05:30,portfolio_hist,PREMIUM,ENTER,iron_condor,23759.5,24.3,1.0,0.0,0.0,1.039,0.146,0.322,1,10,2,0,0,77,0,77,65,high_vol_range,39.13,75,,,
2026-03-09T10:51:00+05:30,portfolio_hist,TREND,EXIT,debit_spread,23845.9,23.83,1.0,0.0,0.0,1.038,0.511,0.14,1,10,51,0,0,0,0,0,0,high_vol_range,0.0,0,Trend stop: lost 33.6%,-825.0,51
2026-03-09T11:38:00+05:30,portfolio_hist,PREMIUM,EXIT,iron_condor,23894.6,23.49,1.0,0.0,0.0,1.038,0.716,0.398,1,11,38,0,0,0,0,0,0,high_vol_range,0.0,0,Trail stop: bounced 20.1% after 33% decay,384.0,96
2026-03-09T09:35:00+05:30,portfolio_hist,PREMIUM,SKIP,idle,23758.7,24.02,1.0,0.0,0.0,1.039,0.143,3.101,1,9,35,0,0,65,0,65,75,trending,0.0,0,,,
2026-03-09T09:40:00+05:30,portfolio_hist,PREMIUM,SKIP,idle,23767.35,24.15,1.0,0.0,0.0,1.039,0.18,3.101,1,9,40,0,0,52,0,52,75,trending,0.0,0,,,
2026-03-09T09:45:00+05:30,portfolio_hist,PREMIUM,SKIP,idle,23716.95,24.46,1.0,0.0,0.0,1.039,0.033,0.852,1,9,45,0,0,65,0,65,75,high_vol_range,0.0,0,,,
2026-03-09T09:50:00+05:30,portfolio_hist,PREMIUM,SKIP,idle,23761.4,24.19,1.0,0.0,0.0,1.039,0.154,0.368,1,9,50,0,0,64,0,64,75,high_vol_range,0.0,0,,,
2026-03-09T09:55:00+05:30,portfolio_hist,PREMIUM,SKIP,idle,23776.7,24.32,1.0,0.0,0.0,1.038,0.219,0.368,1,9,55,0,0,64,0,64,75,high_vol_range,0.0,0,,,
2026-03-09T10:00:00+05:30,portfolio_hist,PREMIUM,SKIP,idle,23769.0,24.29,1.0,0.0,0.0,1.039,0.187,0.322,1,10,0,0,0,64,0,64,65,high_vol_range,0.0,0,,,
2026-03-09T10:00:00+05:30,portfolio_hist,TREND,ENTER,debit_spread,23769.0,24.29,1.0,0.0,0.0,1.039,0.187,0.322,1,10,0,0,0,75,0,75,60,high_vol_range,32.74,75,,,
2026-03-09T10:02:00+05:30,portfolio_hist,PREMIUM,ENTER,iron_condor,23759.5,24.3,1.0,0.0,0.0,1.039,0.146,0.322,1,10,2,0,0,77,0,77,65,high_vol_range,39.13,75,,,
2026-03-09T10:09:00+05:30,portfolio_hist,TREND,EXIT,debit_spread,23808.7,24.17,1.0,0.0,0.0,1.039,0.354,0.276,1,10,9,0,0,0,0,0,0,high_vol_range,0.0,0,Trend stop: lost 15.8%,-387.75,9
2026-03-09T13:46:00+05:30,portfolio_hist,PREMIUM,EXIT,iron_condor,23879.55,24.45,1.0,0.0,0.0,1.038,0.652,0.317,1,13,46,0,0,0,0,0,0,high_vol_range,0.0,0,Profit target: premium decayed 70.9%,2082.0,224
2026-03-09T09:35:00+05:30,portfolio_hist,PREMIUM,SKIP,idle,23758.7,24.02,1.0,0.0,0.0,1.039,0.143,3.101,1,9,35,0,0,65,0,65,75,trending,0.0,0,,,
2026-03-09T09:40:00+05:30,portfolio_hist,PREMIUM,SKIP,idle,23767.35,24.15,1.0,0.0,0.0,1.039,0.18,3.101,1,9,40,0,0,52,0,52,75,trending,0.0,0,,,
2026-03-09T09:45:00+05:30,portfolio_hist,PREMIUM,SKIP,idle,23716.95,24.46,1.0,0.0,0.0,1.039,0.033,0.852,1,9,45,0,0,65,0,65,75,high_vol_range,0.0,0,,,
2026-03-09T09:50:00+05:30,portfolio_hist,PREMIUM,SKIP,idle,23761.4,24.19,1.0,0.0,0.0,1.039,0.154,0.368,1,9,50,0,0,64,0,64,75,high_vol_range,0.0,0,,,
2026-03-09T09:55:00+05:30,portfolio_hist,PREMIUM,SKIP,idle,23776.7,24.32,1.0,0.0,0.0,1.038,0.219,0.368,1,9,55,0,0,64,0,64,75,high_vol_range,0.0,0,,,
2026-03-09T10:00:00+05:30,portfolio_hist,PREMIUM,SKIP,idle,23769.0,24.29,1.0,0.0,0.0,1.039,0.187,0.322,1,10,0,0,0,64,0,64,65,high_vol_range,0.0,0,,,
2026-03-09T10:00:00+05:30,portfolio_hist,TREND,ENTER,debit_spread,23769.0,24.29,1.0,0.0,0.0,1.039,0.187,0.322,1,10,0,0,0,75,0,75,60,high_vol_range,32.74,75,,,
2026-03-09T10:02:00+05:30,portfolio_hist,PREMIUM,ENTER,iron_condor,23759.5,24.3,1.0,0.0,0.0,1.039,0.146,0.322,1,10,2,0,0,77,0,77,65,high_vol_range,39.13,75,,,
2026-03-09T10:09:00+05:30,portfolio_hist,TREND,EXIT,debit_spread,23808.7,24.17,1.0,0.0,0.0,1.039,0.354,0.276,1,10,9,0,0,0,0,0,0,high_vol_range,0.0,0,Trend stop: lost 15.8%,-387.75,9
2026-03-09T13:46:00+05:30,portfolio_hist,PREMIUM,EXIT,iron_condor,23879.55,24.45,1.0,0.0,0.0,1.038,0.652,0.317,1,13,46,0,0,0,0,0,0,high_vol_range,0.0,0,Profit target: premium decayed 70.9%,2082.0,224
2026-03-09T09:35:00+05:30,portfolio_hist,PREMIUM,SKIP,idle,23758.7,24.02,1.0,0.0,0.0,1.039,0.143,3.101,1,9,35,0,0,65,0,65,75,trending,0.0,0,,,
2026-03-09T09:40:00+05:30,portfolio_hist,PREMIUM,SKIP,idle,23767.35,24.15,1.0,0.0,0.0,1.039,0.18,3.101,1,9,40,0,0,52,0,52,75,trending,0.0,0,,,
2026-03-09T09:45:00+05:30,portfolio_hist,PREMIUM,SKIP,idle,23716.95,24.46,1.0,0.0,0.0,1.039,0.033,0.852,1,9,45,0,0,65,0,65,75,high_vol_range,0.0,0,,,
2026-03-09T09:50:00+05:30,portfolio_hist,PREMIUM,SKIP,idle,23761.4,24.19,1.0,0.0,0.0,1.039,0.154,0.368,1,9,50,0,0,64,0,64,75,high_vol_range,0.0,0,,,
2026-03-09T09:55:00+05:30,portfolio_hist,PREMIUM,SKIP,idle,23776.7,24.32,1.0,0.0,0.0,1.038,0.219,0.368,1,9,55,0,0,64,0,64,75,high_vol_range,0.0,0,,,
2026-03-09T10:00:00+05:30,portfolio_hist,PREMIUM,SKIP,idle,23769.0,24.29,1.0,0.0,0.0,1.039,0.187,0.322,1,10,0,0,0,64,0,64,65,high_vol_range,0.0,0,,,
2026-03-09T10:00:00+05:30,portfolio_hist,TREND,ENTER,debit_spread,23769.0,24.29,1.0,0.0,0.0,1.039,0.187,0.322,1,10,0,0,0,75,0,75,60,high_vol_range,32.74,75,,,
2026-03-09T10:02:00+05:30,portfolio_hist,PREMIUM,ENTER,iron_condor,23759.5,24.3,1.0,0.0,0.0,1.039,0.146,0.322,1,10,2,0,0,77,0,77,65,high_vol_range,39.13,75,,,
2026-03-09T10:51:00+05:30,portfolio_hist,TREND,EXIT,debit_spread,23845.9,23.83,1.0,0.0,0.0,1.038,0.511,0.14,1,10,51,0,0,0,0,0,0,high_vol_range,0.0,0,Trend stop: lost 33.6%,-825.0,51
2026-03-09T11:38:00+05:30,portfolio_hist,PREMIUM,EXIT,iron_condor,23894.6,23.49,1.0,0.0,0.0,1.038,0.716,0.398,1,11,38,0,0,0,0,0,0,high_vol_range,0.0,0,Trail stop: bounced 20.1% after 33% decay,384.0,96
2026-03-09T09:35:00+05:30,portfolio_hist,PREMIUM,SKIP,idle,23758.7,24.02,1.0,0.0,0.0,1.039,0.143,3.101,1,9,35,0,0,65,0,65,75,trending,0.0,0,,,
2026-03-09T09:40:00+05:30,portfolio_hist,PREMIUM,SKIP,idle,23767.35,24.15,1.0,0.0,0.0,1.039,0.18,3.101,1,9,40,0,0,52,0,52,75,trending,0.0,0,,,
2026-03-09T09:45:00+05:30,portfolio_hist,PREMIUM,SKIP,idle,23716.95,24.46,1.0,0.0,0.0,1.039,0.033,0.852,1,9,45,0,0,65,0,65,75,high_vol_range,0.0,0,,,
2026-03-09T09:50:00+05:30,portfolio_hist,PREMIUM,SKIP,idle,23761.4,24.19,1.0,0.0,0.0,1.039,0.154,0.368,1,9,50,0,0,64,0,64,75,high_vol_range,0.0,0,,,
2026-03-09T09:55:00+05:30,portfolio_hist,PREMIUM,SKIP,idle,23776.7,24.32,1.0,0.0,0.0,1.038,0.219,0.368,1,9,55,0,0,64,0,64,75,high_vol_range,0.0,0,,,
2026-03-09T10:00:00+05:30,portfolio_hist,PREMIUM,SKIP,idle,23769.0,24.29,1.0,0.0,0.0,1.039,0.187,0.322,1,10,0,0,0,64,0,64,65,high_vol_range,0.0,0,,,
2026-03-09T10:00:00+05:30,portfolio_hist,TREND,ENTER,debit_spread,23769.0,24.29,1.0,0.0,0.0,1.039,0.187,0.322,1,10,0,0,0,75,0,75,60,high_vol_range,32.74,75,,,
2026-03-09T10:02:00+05:30,portfolio_hist,PREMIUM,ENTER,iron_condor,23759.5,24.3,1.0,0.0,0.0,1.039,0.146,0.322,1,10,2,0,0,77,0,77,65,high_vol_range,39.13,75,,,
2026-03-09T10:10:00+05:30,portfolio_hist,TREND,EXIT,debit_spread,23824.05,24.1,1.0,0.0,0.0,1.039,0.419,0.386,1,10,10,0,0,0,0,0,0,high_vol_range,0.0,0,Trend stop: lost 21.3%,-522.75,10
2026-03-09T11:38:00+05:30,portfolio_hist,PREMIUM,EXIT,iron_condor,23894.6,23.49,1.0,0.0,0.0,1.038,0.716,0.398,1,11,38,0,0,0,0,0,0,high_vol_range,0.0,0,Trail stop: bounced 20.1% after 33% decay,384.0,96
2026-03-09T09:35:00+05:30,portfolio_hist,PREMIUM,SKIP,idle,23758.7,24.02,1.0,0.0,0.0,1.039,0.143,3.101,1,9,35,0,0,65,0,65,75,trending,0.0,0,,,
2026-03-09T09:40:00+05:30,portfolio_hist,PREMIUM,SKIP,idle,23767.35,24.15,1.0,0.0,0.0,1.039,0.18,3.101,1,9,40,0,0,52,0,52,75,trending,0.0,0,,,
2026-03-09T09:45:00+05:30,portfolio_hist,PREMIUM,SKIP,idle,23716.95,24.46,1.0,0.0,0.0,1.039,0.033,0.852,1,9,45,0,0,65,0,65,75,high_vol_range,0.0,0,,,
2026-03-09T09:50:00+05:30,portfolio_hist,PREMIUM,SKIP,idle,23761.4,24.19,1.0,0.0,0.0,1.039,0.154,0.368,1,9,50,0,0,64,0,64,75,high_vol_range,0.0,0,,,
2026-03-09T09:55:00+05:30,portfolio_hist,PREMIUM,SKIP,idle,23776.7,24.32,1.0,0.0,0.0,1.038,0.219,0.368,1,9,55,0,0,64,0,64,75,high_vol_range,0.0,0,,,
2026-03-09T10:00:00+05:30,portfolio_hist,PREMIUM,SKIP,idle,23769.0,24.29,1.0,0.0,0.0,1.039,0.187,0.322,1,10,0,0,0,64,0,64,65,high_vol_range,0.0,0,,,
2026-03-09T10:00:00+05:30,portfolio_hist,TREND,ENTER,debit_spread,23769.0,24.29,1.0,0.0,0.0,1.039,0.187,0.322,1,10,0,0,0,75,0,75,60,high_vol_range,32.74,75,,,
2026-03-09T10:02:00+05:30,portfolio_hist,PREMIUM,ENTER,iron_condor,23759.5,24.3,1.0,0.0,0.0,1.039,0.146,0.322,1,10,2,0,0,77,0,77,65,high_vol_range,39.13,75,,,
2026-03-09T10:10:00+05:30,portfolio_hist,TREND,EXIT,debit_spread,23824.05,24.1,1.0,0.0,0.0,1.039,0.419,0.386,1,10,10,0,0,0,0,0,0,high_vol_range,0.0,0,Trend stop: lost 21.3%,-522.75,10
2026-03-09T11:38:00+05:30,portfolio_hist,PREMIUM,EXIT,iron_condor,23894.6,23.49,1.0,0.0,0.0,1.038,0.716,0.398,1,11,38,0,0,0,0,0,0,high_vol_range,0.0,0,Trail stop: bounced 20.1% after 33% decay,384.0,96
2026-03-09T09:35:00+05:30,portfolio_hist,PREMIUM,SKIP,idle,23758.7,24.02,1.0,0.0,0.0,1.039,0.143,3.101,1,9,35,0,0,65,0,65,75,trending,0.0,0,,,
2026-03-09T09:40:00+05:30,portfolio_hist,PREMIUM,SKIP,idle,23767.35,24.15,1.0,0.0,0.0,1.039,0.18,3.101,1,9,40,0,0,52,0,52,75,trending,0.0,0,,,
2026-03-09T09:45:00+05:30,portfolio_hist,PREMIUM,SKIP,idle,23716.95,24.46,1.0,0.0,0.0,1.039,0.033,0.852,1,9,45,0,0,65,0,65,75,high_vol_range,0.0,0,,,
2026-03-09T09:50:00+05:30,portfolio_hist,PREMIUM,SKIP,idle,23761.4,24.19,1.0,0.0,0.0,1.039,0.154,0.368,1,9,50,0,0,64,0,64,75,high_vol_range,0.0,0,,,
2026-03-09T09:55:00+05:30,portfolio_hist,PREMIUM,SKIP,idle,23776.7,24.32,1.0,0.0,0.0,1.038,0.219,0.368,1,9,55,0,0,64,0,64,75,high_vol_range,0.0,0,,,
2026-03-09T10:00:00+05:30,portfolio_hist,PREMIUM,SKIP,idle,23769.0,24.29,1.0,0.0,0.0,1.039,0.187,0.322,1,10,0,0,0,64,0,64,65,high_vol_range,0.0,0,,,
2026-03-09T10:00:00+05:30,portfolio_hist,TREND,ENTER,debit_spread,23769.0,24.29,1.0,0.0,0.0,1.039,0.187,0.322,1,10,0,0,0,75,0,75,60,high_vol_range,32.74,75,,,
2026-03-09T10:02:00+05:30,portfolio_hist,PREMIUM,ENTER,iron_condor,23759.5,24.3,1.0,0.0,0.0,1.039,0.146,0.322,1,10,2,0,0,77,0,77,65,high_vol_range,39.13,75,,,
2026-03-09T10:51:00+05:30,portfolio_hist,TREND,EXIT,debit_spread,23845.9,23.83,1.0,0.0,0.0,1.038,0.511,0.14,1,10,51,0,0,0,0,0,0,high_vol_range,0.0,0,Trend stop: lost 33.6%,-825.0,51
2026-03-09T11:38:00+05:30,portfolio_hist,PREMIUM,EXIT,iron_condor,23894.6,23.49,1.0,0.0,0.0,1.038,0.716,0.398,1,11,38,0,0,0,0,0,0,high_vol_range,0.0,0,Trail stop: bounced 20.1% after 33% decay,384.0,96
2026-03-09T09:35:00+05:30,portfolio_hist,PREMIUM,SKIP,idle,23758.7,24.02,1.0,0.0,0.0,1.039,0.143,3.101,1,9,35,0,0,65,0,65,75,trending,0.0,0,,,
2026-03-09T09:40:00+05:30,portfolio_hist,PREMIUM,SKIP,idle,23767.35,24.15,1.0,0.0,0.0,1.039,0.18,3.101,1,9,40,0,0,52,0,52,75,trending,0.0,0,,,
2026-03-09T09:45:00+05:30,portfolio_hist,PREMIUM,SKIP,idle,23716.95,24.46,1.0,0.0,0.0,1.039,0.033,0.852,1,9,45,0,0,65,0,65,75,high_vol_range,0.0,0,,,
2026-03-09T09:50:00+05:30,portfolio_hist,PREMIUM,SKIP,idle,23761.4,24.19,1.0,0.0,0.0,1.039,0.154,0.368,1,9,50,0,0,64,0,64,75,high_vol_range,0.0,0,,,
2026-03-09T09:55:00+05:30,portfolio_hist,PREMIUM,SKIP,idle,23776.7,24.32,1.0,0.0,0.0,1.038,0.219,0.368,1,9,55,0,0,64,0,64,75,high_vol_range,0.0,0,,,
2026-03-09T10:00:00+05:30,portfolio_hist,PREMIUM,SKIP,idle,23769.0,24.29,1.0,0.0,0.0,1.039,0.187,0.322,1,10,0,0,0,64,0,64,65,high_vol_range,0.0,0,,,
2026-03-09T10:00:00+05:30,portfolio_hist,TREND,ENTER,debit_spread,23769.0,24.29,1.0,0.0,0.0,1.039,0.187,0.322,1,10,0,0,0,75,0,75,60,high_vol_range,32.74,75,,,
2026-03-09T10:02:00+05:30,portfolio_hist,PREMIUM,ENTER,iron_condor,23759.5,24.3,1.0,0.0,0.0,1.039,0.146,0.322,1,10,2,0,0,77,0,77,65,high_vol_range,39.13,75,,,
2026-03-09T10:10:00+05:30,portfolio_hist,TREND,EXIT,debit_spread,23824.05,24.1,1.0,0.0,0.0,1.039,0.419,0.386,1,10,10,0,0,0,0,0,0,high_vol_range,0.0,0,Trend stop: lost 21.3%,-522.75,10
2026-03-09T11:38:00+05:30,portfolio_hist,PREMIUM,EXIT,iron_condor,23894.6,23.49,1.0,0.0,0.0,1.038,0.716,0.398,1,11,38,0,0,0,0,0,0,high_vol_range,0.0,0,Trail stop: bounced 20.1% after 33% decay,384.0,96
2026-03-09T09:35:00+05:30,portfolio_hist,PREMIUM,SKIP,idle,23758.7,24.02,1.0,0.0,0.0,1.039,0.143,3.101,1,9,35,0,0,65,0,65,75,trending,0.0,0,,,
2026-03-09T09:40:00+05:30,portfolio_hist,PREMIUM,SKIP,idle,23767.35,24.15,1.0,0.0,0.0,1.039,0.18,3.101,1,9,40,0,0,52,0,52,75,trending,0.0,0,,,
2026-03-09T09:45:00+05:30,portfolio_hist,PREMIUM,SKIP,idle,23716.95,24.46,1.0,0.0,0.0,1.039,0.033,0.852,1,9,45,0,0,65,0,65,75,high_vol_range,0.0,0,,,
2026-03-09T09:50:00+05:30,portfolio_hist,PREMIUM,SKIP,idle,23761.4,24.19,1.0,0.0,0.0,1.039,0.154,0.368,1,9,50,0,0,64,0,64,75,high_vol_range,0.0,0,,,
2026-03-09T09:55:00+05:30,portfolio_hist,PREMIUM,SKIP,idle,23776.7,24.32,1.0,0.0,0.0,1.038,0.219,0.368,1,9,55,0,0,64,0,64,75,high_vol_range,0.0,0,,,
2026-03-09T10:00:00+05:30,portfolio_hist,PREMIUM,SKIP,idle,23769.0,24.29,1.0,0.0,0.0,1.039,0.187,0.322,1,10,0,0,0,64,0,64,65,high_vol_range,0.0,0,,,
2026-03-09T10:00:00+05:30,portfolio_hist,TREND,ENTER,debit_spread,23769.0,24.29,1.0,0.0,0.0,1.039,0.187,0.322,1,10,0,0,0,75,0,75,60,high_vol_range,32.74,75,,,
2026-03-09T10:02:00+05:30,portfolio_hist,PREMIUM,ENTER,iron_condor,23759.5,24.3,1.0,0.0,0.0,1.039,0.146,0.322,1,10,2,0,0,77,0,77,65,high_vol_range,39.13,75,,,
2026-03-09T10:09:00+05:30,portfolio_hist,TREND,EXIT,debit_spread,23808.7,24.17,1.0,0.0,0.0,1.039,0.354,0.276,1,10,9,0,0,0,0,0,0,high_vol_range,0.0,0,Trend stop: lost 15.8%,-387.75,9
2026-03-09T13:46:00+05:30,portfolio_hist,PREMIUM,EXIT,iron_condor,23879.55,24.45,1.0,0.0,0.0,1.038,0.652,0.317,1,13,46,0,0,0,0,0,0,high_vol_range,0.0,0,Profit target: premium decayed 70.9%,2082.0,224
2026-03-09T09:30:00+05:30,portfolio_hist,PREMIUM,ENTER,iron_condor,23775.1,23.68,1.0,0.0,0.0,1.038,0.212,3.13,1,9,30,0,0,52,0,52,75,pre_market,35.02,75,,,
2026-03-09T10:00:00+05:30,portfolio_hist,TREND,ENTER,debit_spread,23769.0,24.29,1.0,0.0,0.0,1.039,0.187,0.322,1,10,0,0,0,75,0,75,60,pre_market,32.74,75,,,
2026-03-09T10:10:00+05:30,portfolio_hist,TREND,EXIT,debit_spread,23824.05,24.1,1.0,0.0,0.0,1.039,0.419,0.386,1,10,10,0,0,0,0,0,0,pre_market,0.0,0,Trend stop: lost 21.3%,-522.75,10
2026-03-09T11:40:00+05:30,portfolio_hist,PREMIUM,EXIT,iron_condor,23927.25,23.41,1.0,0.0,0.0,1.038,0.854,0.469,1,11,40,0,0,0,0,0,0,pre_market,0.0,0,Trail stop: bounced 25.2% after 42% decay,444.75,130
2026-03-09T11:32:00+05:30,portfolio_replay,PREMIUM,ENTER,strangle,23879.7,23.53,0.47717303578272047,0.0,0.0,1.326,2.32,0.337,1,11,32,0,0,27,0,27,65,trending,1.48,75,,,
2026-03-09T11:35:00+05:30,portfolio_replay,TREND,ENTER,debit_spread,23889.15,23.48,0.47824647941944337,0.0,0.0,1.326,2.281,2.548,1,11,35,0,0,50,0,50,60,trending,36.1,75,,,
2026-03-09T14:45:00+05:30,portfolio_replay,TREND,EXIT,debit_spread,23969.25,24.01,1.0,0.0,0.0,1.328,1.953,0.349,1,14,45,0,0,0,0,0,0,trending,0.0,0,Trend stop: lost 25.5%,-690.0,190
2026-03-09T15:15:00+05:30,portfolio_replay,PREMIUM,EXIT,strangle,24052.7,23.33,1.0,0.0,0.0,1.33,1.612,0.368,1,15,15,0,0,0,0,0,0,trending,0.0,0,Time exit,0.0,223
2026-03-09T11:32:00+05:30,portfolio_hist,PREMIUM,ENTER,iron_condor,23879.7,23.53,1.0,0.0,0.0,1.038,2.32,0.337,1,11,32,0,0,52,0,52,65,trending,38.49,75,,,
2026-03-09T11:35:00+05:30,portfolio_hist,TREND,ENTER,debit_spread,23889.15,23.48,1.0,0.0,0.0,1.038,2.281,2.548,1,11,35,0,0,75,0,75,60,trending,33.96,75,,,
2026-03-09T13:01:00+05:30,portfolio_hist,TREND,EXIT,debit_spread,23915.65,24.28,1.0,0.0,0.0,1.038,2.173,0.288,1,13,1,0,0,0,0,0,0,trending,0.0,0,Trend stop: lost 21.3%,-543.75,86
2026-03-09T13:29:00+05:30,portfolio_hist,PREMIUM,EXIT,iron_condor,23882.15,24.35,1.0,0.0,0.0,1.038,2.31,0.25,1,13,29,0,0,0,0,0,0,trending,0.0,0,Profit target: premium decayed 60.6%,1749.0,117
2026-03-09T11:32:00+05:30,portfolio_hist,PREMIUM,ENTER,iron_condor,23879.7,23.53,1.0,0.0,0.0,1.038,2.32,0.337,1,11,32,0,0,52,0,52,65,trending,38.49,75,,,
2026-03-09T11:35:00+05:30,portfolio_hist,TREND,ENTER,debit_spread,23889.15,23.48,1.0,0.0,0.0,1.038,2.281,2.548,1,11,35,0,0,75,0,75,60,trending,33.96,75,,,
2026-03-09T13:01:00+05:30,portfolio_hist,TREND,EXIT,debit_spread,23915.65,24.28,1.0,0.0,0.0,1.038,2.173,0.288,1,13,1,0,0,0,0,0,0,trending,0.0,0,Trend stop: lost 21.3%,-543.75,86
2026-03-09T13:29:00+05:30,portfolio_hist,PREMIUM,EXIT,iron_condor,23882.15,24.35,1.0,0.0,0.0,1.038,2.31,0.25,1,13,29,0,0,0,0,0,0,trending,0.0,0,Profit target: premium decayed 60.6%,1749.0,117
2026-03-09T11:32:00+05:30,portfolio_hist,PREMIUM,ENTER,iron_condor,23879.7,23.53,1.0,0.0,0.0,1.038,2.32,0.337,1,11,32,0,0,52,0,52,65,trending,38.49,75,,,
2026-03-09T11:35:00+05:30,portfolio_hist,TREND,ENTER,debit_spread,23889.15,23.48,1.0,0.0,0.0,1.038,2.281,2.548,1,11,35,0,0,75,0,75,60,trending,33.96,75,,,
2026-03-09T13:01:00+05:30,portfolio_hist,TREND,EXIT,debit_spread,23915.65,24.28,1.0,0.0,0.0,1.038,2.173,0.288,1,13,1,0,0,0,0,0,0,trending,0.0,0,Trend stop: lost 21.3%,-543.75,86
2026-03-09T13:29:00+05:30,portfolio_hist,PREMIUM,EXIT,iron_condor,23882.15,24.35,1.0,0.0,0.0,1.038,2.31,0.25,1,13,29,0,0,0,0,0,0,trending,0.0,0,Profit target: premium decayed 60.6%,1749.0,117
2026-03-09T11:32:00+05:30,portfolio_hist,PREMIUM,ENTER,iron_condor,23879.7,23.53,1.0,0.0,0.0,1.038,2.32,0.337,1,11,32,0,0,52,0,52,65,trending,38.49,75,,,
2026-03-09T11:35:00+05:30,portfolio_hist,TREND,ENTER,debit_spread,23889.15,23.48,1.0,0.0,0.0,1.038,2.281,2.548,1,11,35,0,0,75,0,75,60,trending,33.96,75,,,
2026-03-09T13:01:00+05:30,portfolio_hist,TREND,EXIT,debit_spread,23915.65,24.28,1.0,0.0,0.0,1.038,2.173,0.288,1,13,1,0,0,0,0,0,0,trending,0.0,0,Trend stop: lost 21.3%,-543.75,86
2026-03-09T13:29:00+05:30,portfolio_hist,PREMIUM,EXIT,iron_condor,23882.15,24.35,1.0,0.0,0.0,1.038,2.31,0.25,1,13,29,0,0,0,0,0,0,trending,0.0,0,Profit target: premium decayed 60.6%,1749.0,117
2026-03-09T11:32:00+05:30,portfolio_hist,PREMIUM,ENTER,iron_condor,23879.7,23.53,1.0,0.0,0.0,1.038,2.32,0.337,1,11,32,0,0,52,0,52,65,trending,38.49,75,,,
2026-03-09T11:35:00+05:30,portfolio_hist,TREND,ENTER,debit_spread,23889.15,23.48,1.0,0.0,0.0,1.038,2.281,2.548,1,11,35,0,0,75,0,75,60,trending,33.96,75,,,
2026-03-09T13:01:00+05:30,portfolio_hist,TREND,EXIT,debit_spread,23915.65,24.28,1.0,0.0,0.0,1.038,2.173,0.288,1,13,1,0,0,0,0,0,0,trending,0.0,0,Trend stop: lost 21.3%,-543.75,86
2026-03-09T13:29:00+05:30,portfolio_hist,PREMIUM,EXIT,iron_condor,23882.15,24.35,1.0,0.0,0.0,1.038,2.31,0.25,1,13,29,0,0,0,0,0,0,trending,0.0,0,Profit target: premium decayed 60.6%,1749.0,117
2026-03-09T11:32:00+05:30,portfolio_hist,PREMIUM,ENTER,iron_condor,23879.7,23.53,1.0,0.0,0.0,1.038,2.32,0.337,1,11,32,0,0,52,0,52,65,trending,38.49,75,,,
2026-03-09T11:35:00+05:30,portfolio_hist,TREND,ENTER,debit_spread,23889.15,23.48,1.0,0.0,0.0,1.038,2.281,2.548,1,11,35,0,0,75,0,75,60,trending,33.96,75,,,
2026-03-09T13:01:00+05:30,portfolio_hist,TREND,EXIT,debit_spread,23915.65,24.28,1.0,0.0,0.0,1.038,2.173,0.288,1,13,1,0,0,0,0,0,0,trending,0.0,0,Trend stop: lost 21.3%,-543.75,86
2026-03-09T13:29:00+05:30,portfolio_hist,PREMIUM,EXIT,iron_condor,23882.15,24.35,1.0,0.0,0.0,1.038,2.31,0.25,1,13,29,0,0,0,0,0,0,trending,0.0,0,Profit target: premium decayed 60.6%,1749.0,117
2026-03-09T11:32:00+05:30,portfolio_hist,PREMIUM,ENTER,iron_condor,23879.7,23.53,1.0,0.0,0.0,1.038,2.32,0.337,1,11,32,0,0,52,0,52,65,trending,38.49,75,,,
2026-03-09T11:35:00+05:30,portfolio_hist,TREND,ENTER,debit_spread,23889.15,23.48,1.0,0.0,0.0,1.038,2.281,2.548,1,11,35,0,0,75,0,75,60,trending,33.96,75,,,
2026-03-09T13:01:00+05:30,portfolio_hist,TREND,EXIT,debit_spread,23915.65,24.28,1.0,0.0,0.0,1.038,2.173,0.288,1,13,1,0,0,0,0,0,0,trending,0.0,0,Trend stop: lost 21.3%,-543.75,86
2026-03-09T13:29:00+05:30,portfolio_hist,PREMIUM,EXIT,iron_condor,23882.15,24.35,1.0,0.0,0.0,1.038,2.31,0.25,1,13,29,0,0,0,0,0,0,trending,0.0,0,Profit target: premium decayed 60.6%,1749.0,117
2026-03-09T11:32:00+05:30,portfolio_hist,PREMIUM,ENTER,iron_condor,23879.7,23.53,1.0,0.0,0.0,1.038,2.32,0.337,1,11,32,0,0,52,0,52,65,trending,38.49,75,,,
2026-03-09T11:35:00+05:30,portfolio_hist,TREND,ENTER,debit_spread,23889.15,23.48,1.0,0.0,0.0,1.038,2.281,2.548,1,11,35,0,0,75,0,75,60,conflicted,33.96,75,,,
2026-03-09T13:01:00+05:30,portfolio_hist,TREND,EXIT,debit_spread,23915.65,24.28,1.0,0.0,0.0,1.038,2.173,0.288,1,13,1,0,0,0,0,0,0,conflicted,0.0,0,Trend stop: lost 21.3%,-543.75,86
2026-03-09T13:29:00+05:30,portfolio_hist,PREMIUM,EXIT,iron_condor,23882.15,24.35,1.0,0.0,0.0,1.038,2.31,0.25,1,13,29,0,0,0,0,0,0,trending,0.0,0,Profit target: premium decayed 60.6%,1749.0,117
2026-03-09T11:32:00+05:30,portfolio_hist,PREMIUM,ENTER,iron_condor,23879.7,23.53,1.0,0.0,0.0,1.038,2.32,0.337,1,11,32,0,0,52,0,52,65,trending,38.49,75,,,
2026-03-09T11:35:00+05:30,portfolio_hist,TREND,ENTER,debit_spread,23889.15,23.48,1.0,0.0,0.0,1.038,2.281,2.548,1,11,35,0,0,75,0,75,60,conflicted,33.96,75,,,
2026-03-09T13:01:00+05:30,portfolio_hist,TREND,EXIT,debit_spread,23915.65,24.28,1.0,0.0,0.0,1.038,2.173,0.288,1,13,1,0,0,0,0,0,0,conflicted,0.0,0,Trend stop: lost 21.3%,-543.75,86
2026-03-09T13:29:00+05:30,portfolio_hist,PREMIUM,EXIT,iron_condor,23882.15,24.35,1.0,0.0,0.0,1.038,2.31,0.25,1,13,29,0,0,0,0,0,0,trending,0.0,0,Profit target: premium decayed 60.6%,1749.0,117
2026-03-09T11:32:00+05:30,portfolio_hist,PREMIUM,ENTER,iron_condor,23879.7,23.53,1.0,0.0,0.0,1.038,2.32,0.337,1,11,32,0,0,52,0,52,65,trending,38.49,75,,,
2026-03-09T11:35:00+05:30,portfolio_hist,TREND,ENTER,debit_spread,23889.15,23.48,1.0,0.0,0.0,1.038,2.281,2.548,1,11,35,0,0,75,0,75,60,conflicted,33.96,75,,,
2026-03-09T13:01:00+05:30,portfolio_hist,TREND,EXIT,debit_spread,23915.65,24.28,1.0,0.0,0.0,1.038,2.173,0.288,1,13,1,0,0,0,0,0,0,conflicted,0.0,0,Trend stop: lost 21.3%,-543.75,86
2026-03-09T13:29:00+05:30,portfolio_hist,PREMIUM,EXIT,iron_condor,23882.15,24.35,1.0,0.0,0.0,1.038,2.31,0.25,1,13,29,0,0,0,0,0,0,trending,0.0,0,Profit target: premium decayed 60.6%,1749.0,117
