timestamp,strategy_id,leg,decision,mode,spot,vix,pcr_oi,max_pain,max_pain_dist_pct,iv_skew_ratio,move_from_open_pct,morning_range_pct,dte,hour,minute,day_of_week,is_expiry,rule_score,ai_adj,final_score,threshold,regime,entry_premium,quantity,exit_reason,outcome_pnl,held_minutes
2026-03-12T10:00:00+05:30,portfolio_10d,TREND,ENTER,debit_spread,23676.75,22.03,1.0,0.0,0.0,1.039,0.333,0.512,5,10,0,3,0,75,0,75,60,extreme_vol,41.01,75,,,
2026-03-12T15:15:00+05:30,portfolio_10d,TREND,EXIT,debit_spread,23630.0,21.61,1.0,0.0,0.0,1.039,0.135,0.276,5,15,15,3,0,0,0,0,0,high_vol_range,0.0,0,Time exit,234.0,315
2026-03-12T09:30:00+05:30,portfolio_replay,PREMIUM,SKIP,idle,23598.05,22.06,1.0,0.0,0.0,1.039,0.0,1.334,5,9,30,3,0,70,0,70,75,trending,0.0,0,,,
2026-03-12T09:35:00+05:30,portfolio_replay,PREMIUM,SKIP,idle,23588.45,22.13,1.0,0.0,0.0,1.039,0.041,1.314,5,9,35,3,0,70,0,70,75,trending,0.0,0,,,
2026-03-12T09:40:00+05:30,portfolio_replay,PREMIUM,SKIP,idle,23575.7,22.35,1.0,0.0,0.0,1.039,0.095,1.314,5,9,40,3,0,70,0,70,75,trending,0.0,0,,,
2026-03-12T09:45:00+05:30,portfolio_replay,PREMIUM,ENTER,iron_condor,23612.75,22.14,1.0,0.0,0.0,1.039,0.062,0.202,5,9,45,3,0,95,0,95,75,high_vol_range,52.15,75,,,
2026-03-12T10:00:00+05:30,portfolio_replay,TREND,ENTER,debit_spread,23676.75,22.03,1.0,0.0,0.0,1.039,0.333,0.512,5,10,0,3,0,75,0,75,60,high_vol_range,41.01,75,,,
2026-03-12T14:50:00+05:30,portfolio_replay,PREMIUM,EXIT,iron_condor,23627.9,21.69,1.0,0.0,0.0,1.039,0.126,0.382,5,14,50,3,0,0,0,0,0,high_vol_range,0.0,0,Profit target: premium decayed 26.0%,1017.75,305
2026-03-12T15:15:00+05:30,portfolio_replay,TREND,EXIT,debit_spread,23630.0,21.61,1.0,0.0,0.0,1.039,0.135,0.276,5,15,15,3,0,0,0,0,0,high_vol_range,0.0,0,Time exit,234.0,315
2026-03-12T09:30:00+05:30,portfolio_replay,PREMIUM,SKIP,idle,23598.05,22.06,1.0,0.0,0.0,1.039,0.0,1.334,5,9,30,3,0,70,0,70,75,trending,0.0,0,,,
2026-03-12T09:35:00+05:30,portfolio_replay,PREMIUM,SKIP,idle,23588.45,22.13,1.0,0.0,0.0,1.039,0.041,1.314,5,9,35,3,0,70,0,70,75,trending,0.0,0,,,
2026-03-12T09:40:00+05:30,portfolio_replay,PREMIUM,SKIP,idle,23575.7,22.35,1.0,0.0,0.0,1.039,0.095,1.314,5,9,40,3,0,70,0,70,75,trending,0.0,0,,,
2026-03-12T09:45:00+05:30,portfolio_replay,PREMIUM,ENTER,iron_condor,23612.75,22.14,1.0,0.0,0.0,1.039,0.062,0.202,5,9,45,3,0,95,0,95,75,high_vol_range,52.15,75,,,
2026-03-12T10:00:00+05:30,portfolio_replay,TREND,ENTER,debit_spread,23676.75,22.03,1.0,0.0,0.0,1.039,0.333,0.512,5,10,0,3,0,75,0,75,60,high_vol_range,41.01,75,,,
2026-03-12T14:50:00+05:30,portfolio_replay,PREMIUM,EXIT,iron_condor,23627.9,21.69,1.0,0.0,0.0,1.039,0.126,0.382,5,14,50,3,0,0,0,0,0,high_vol_range,0.0,0,Profit target: premium decayed 26.0%,1017.75,305
2026-03-12T15:15:00+05:30,portfolio_replay,TREND,EXIT,debit_spread,23630.0,21.61,1.0,0.0,0.0,1.039,0.135,0.276,5,15,15,3,0,0,0,0,0,high_vol_range,0.0,0,Time exit,234.0,315
2026-03-12T09:30:00+05:30,portfolio_replay,PREMIUM,SKIP,idle,23598.05,22.06,1.0,0.0,0.0,1.039,0.0,1.334,5,9,30,3,0,70,0,70,75,trending,0.0,0,,,
2026-03-12T09:35:00+05:30,portfolio_replay,PREMIUM,SKIP,idle,23588.45,22.13,1.0,0.0,0.0,1.039,0.041,1.314,5,9,35,3,0,70,0,70,75,trending,0.0,0,,,
2026-03-12T09:40:00+05:30,portfolio_replay,PREMIUM,SKIP,idle,23575.7,22.35,1.0,0.0,0.0,1.039,0.095,1.314,5,9,40,3,0,70,0,70,75,trending,0.0,0,,,
2026-03-12T09:45:00+05:30,portfolio_replay,PREMIUM,ENTER,iron_condor,23612.75,22.14,1.0,0.0,0.0,1.039,0.062,0.202,5,9,45,3,0,95,0,95,75,high_vol_range,52.15,75,,,
2026-03-12T10:00:00+05:30,portfolio_replay,TREND,ENTER,debit_spread,23676.75,22.03,1.0,0.0,0.0,1.039,0.333,0.512,5,10,0,3,0,75,0,75,60,high_vol_range,41.01,75,,,
2026-03-12T15:15:00+05:30,portfolio_replay,PREMIUM,EXIT,iron_condor,23630.0,21.61,1.0,0.0,0.0,1.039,0.135,0.276,5,15,15,3,0,0,0,0,0,high_vol_range,0.0,0,Time exit,1107.75,330
2026-03-12T15:16:00+05:30,portfolio_replay,TREND,EXIT,debit_spread,23625.15,21.64,1.0,0.0,0.0,1.039,0.114,0.276,5,15,16,3,0,0,0,0,0,high_vol_range,0.0,0,Time exit,261.0,316
2026-03-12T09:30:00+05:30,portfolio_replay,PREMIUM,SKIP,idle,23598.05,22.06,1.0,0.0,0.0,1.039,0.0,1.334,5,9,30,3,0,70,0,70,75,trending,0.0,0,,,
2026-03-12T09:35:00+05:30,portfolio_replay,PREMIUM,SKIP,idle,23588.45,22.13,1.0,0.0,0.0,1.039,0.041,1.314,5,9,35,3,0,70,0,70,75,trending,0.0,0,,,
2026-03-12T09:40:00+05:30,portfolio_replay,PREMIUM,SKIP,idle,23575.7,22.35,1.0,0.0,0.0,1.039,0.095,1.314,5,9,40,3,0,70,0,70,75,trending,0.0,0,,,
2026-03-12T09:45:00+05:30,portfolio_replay,PREMIUM,ENTER,iron_condor,23612.75,22.14,1.0,0.0,0.0,1.039,0.062,0.202,5,9,45,3,0,95,0,95,75,high_vol_range,52.15,75,,,
2026-03-12T10:00:00+05:30,portfolio_replay,TREND,ENTER,debit_spread,23676.75,22.03,1.0,0.0,0.0,1.039,0.333,0.512,5,10,0,3,0,75,0,75,60,high_vol_range,41.01,75,,,
2026-03-12T15:15:00+05:30,portfolio_replay,PREMIUM,EXIT,iron_condor,23630.0,21.61,1.0,0.0,0.0,1.039,0.135,0.276,5,15,15,3,0,0,0,0,0,high_vol_range,0.0,0,Time exit,1107.75,330
2026-03-12T15:16:00+05:30,portfolio_replay,TREND,EXIT,debit_spread,23625.15,21.64,1.0,0.0,0.0,1.039,0.114,0.276,5,15,16,3,0,0,0,0,0,high_vol_range,0.0,0,Time exit,261.0,316
2026-03-12T09:30:00+05:30,portfolio_replay,PREMIUM,SKIP,idle,23598.05,22.06,1.0,0.0,0.0,1.039,0.0,1.334,5,9,30,3,0,70,0,70,75,trending,0.0,0,,,
2026-03-12T09:35:00+05:30,portfolio_replay,PREMIUM,SKIP,idle,23588.45,22.13,1.0,0.0,0.0,1.039,0.041,1.314,5,9,35,3,0,70,0,70,75,trending,0.0,0,,,
2026-03-12T09:40:00+05:30,portfolio_replay,PREMIUM,SKIP,idle,23575.7,22.35,1.0,0.0,0.0,1.039,0.095,1.314,5,9,40,3,0,70,0,70,75,trending,0.0,0,,,
2026-03-12T09:45:00+05:30,portfolio_replay,PREMIUM,ENTER,iron_condor,23612.75,22.14,1.0,0.0,0.0,1.039,0.062,0.202,5,9,45,3,0,95,0,95,75,high_vol_range,52.15,75,,,
2026-03-12T10:00:00+05:30,portfolio_replay,TREND,ENTER,debit_spread,23676.75,22.03,1.0,0.0,0.0,1.039,0.333,0.512,5,10,0,3,0,75,0,75,60,high_vol_range,41.01,75,,,
2026-03-12T14:50:00+05:30,portfolio_replay,PREMIUM,EXIT,iron_condor,23627.9,21.69,1.0,0.0,0.0,1.039,0.126,0.382,5,14,50,3,0,0,0,0,0,high_vol_range,0.0,0,Profit target: premium decayed 26.0%,1017.75,305
2026-03-12T15:15:00+05:30,portfolio_replay,TREND,EXIT,debit_spread,23630.0,21.61,1.0,0.0,0.0,1.039,0.135,0.276,5,15,15,3,0,0,0,0,0,high_vol_range,0.0,0,Time exit,234.0,315
2026-03-12T09:30:00+05:30,portfolio_replay,PREMIUM,SKIP,idle,23598.05,22.06,1.0,0.0,0.0,1.039,0.0,1.334,5,9,30,3,0,70,0,70,75,trending,0.0,0,,,
2026-03-12T09:35:00+05:30,portfolio_replay,PREMIUM,SKIP,idle,23588.45,22.13,1.0,0.0,0.0,1.039,0.041,1.314,5,9,35,3,0,70,0,70,75,trending,0.0,0,,,
2026-03-12T09:40:00+05:30,portfolio_replay,PREMIUM,SKIP,idle,23575.7,22.35,1.0,0.0,0.0,1.039,0.095,1.314,5,9,40,3,0,70,0,70,75,trending,0.0,0,,,
2026-03-12T09:45:00+05:30,portfolio_replay,PREMIUM,ENTER,iron_condor,23612.75,22.14,1.0,0.0,0.0,1.039,0.062,0.202,5,9,45,3,0,95,0,95,75,high_vol_range,52.15,75,,,
2026-03-12T10:00:00+05:30,portfolio_replay,TREND,ENTER,debit_spread,23676.75,22.03,1.0,0.0,0.0,1.039,0.333,0.512,5,10,0,3,0,75,0,75,60,high_vol_range,41.01,75,,,
2026-03-12T14:50:00+05:30,portfolio_replay,PREMIUM,EXIT,iron_condor,23627.9,21.69,1.0,0.0,0.0,1.039,0.126,0.382,5,14,50,3,0,0,0,0,0,high_vol_range,0.0,0,Profit target: premium decayed 26.0%,1017.75,305
2026-03-12T15:15:00+05:30,portfolio_replay,TREND,EXIT,debit_spread,23630.0,21.61,1.0,0.0,0.0,1.039,0.135,0.276,5,15,15,3,0,0,0,0,0,high_vol_range,0.0,0,Time exit,234.0,315
2026-03-12T09:30:00+05:30,portfolio_replay,PREMIUM,ENTER,iron_condor,23598.05,22.06,1.0,0.0,0.0,1.039,0.0,1.334,5,9,30,3,0,70,0,70,65,trending,52.4,75,,,
2026-03-12T10:00:00+05:30,portfolio_replay,TREND,ENTER,debit_spread,23676.75,22.03,1.0,0.0,0.0,1.039,0.333,0.512,5,10,0,3,0,75,0,75,60,high_vol_range,41.01,75,,,
2026-03-12T14:50:00+05:30,portfolio_replay,PREMIUM,EXIT,iron_condor,23627.9,21.69,1.0,0.0,0.0,1.039,0.126,0.382,5,14,50,3,0,0,0,0,0,high_vol_range,0.0,0,Profit target: premium decayed 26.4%,1036.5,320
2026-03-12T15:15:00+05:30,portfolio_replay,TREND,EXIT,debit_spread,23630.0,21.61,1.0,0.0,0.0,1.039,0.135,0.276,5,15,15,3,0,0,0,0,0,high_vol_range,0.0,0,Time exit,234.0,315
2026-03-12T09:30:00+05:30,portfolio_replay,PREMIUM,ENTER,iron_condor,23598.05,22.06,1.0,0.0,0.0,1.039,0.0,1.334,5,9,30,3,0,70,0,70,70,trending,52.4,75,,,
2026-03-12T10:00:00+05:30,portfolio_replay,TREND,ENTER,debit_spread,23676.75,22.03,1.0,0.0,0.0,1.039,0.333,0.512,5,10,0,3,0,75,0,75,60,high_vol_range,41.01,75,,,
2026-03-12T14:50:00+05:30,portfolio_replay,PREMIUM,EXIT,iron_condor,23627.9,21.69,1.0,0.0,0.0,1.039,0.126,0.382,5,14,50,3,0,0,0,0,0,high_vol_range,0.0,0,Profit target: premium decayed 26.4%,1036.5,320
2026-03-12T15:15:00+05:30,portfolio_replay,TREND,EXIT,debit_spread,23630.0,21.61,1.0,0.0,0.0,1.039,0.135,0.276,5,15,15,3,0,0,0,0,0,high_vol_range,0.0,0,Time exit,234.0,315
2026-03-12T09:30:00+05:30,portfolio_replay,PREMIUM,SKIP,idle,23598.05,22.06,1.0,0.0,0.0,1.039,0.0,1.334,5,9,30,3,0,70,0,70,75,trending,0.0,0,,,
2026-03-12T09:35:00+05:30,portfolio_replay,PREMIUM,SKIP,idle,23588.45,22.13,1.0,0.0,0.0,1.039,0.041,1.314,5,9,35,3,0,70,0,70,75,trending,0.0,0,,,
2026-03-12T09:40:00+05:30,portfolio_replay,PREMIUM,SKIP,idle,23575.7,22.35,1.0,0.0,0.0,1.039,0.095,1.314,5,9,40,3,0,70,0,70,75,trending,0.0,0,,,
2026-03-12T09:45:00+05:30,portfolio_replay,PREMIUM,ENTER,iron_condor,23612.75,22.14,1.0,0.0,0.0,1.039,0.062,0.202,5,9,45,3,0,95,0,95,75,high_vol_range,52.15,75,,,
2026-03-12T10:00:00+05:30,portfolio_replay,TREND,ENTER,debit_spread,23676.75,22.03,1.0,0.0,0.0,1.039,0.333,0.512,5,10,0,3,0,75,0,75,60,high_vol_range,41.01,75,,,
2026-03-12T15:15:00+05:30,portfolio_replay,PREMIUM,EXIT,iron_condor,23630.0,21.61,1.0,0.0,0.0,1.039,0.135,0.276,5,15,15,3,0,0,0,0,0,high_vol_range,0.0,0,Time exit,1107.75,330
2026-03-12T15:16:00+05:30,portfolio_replay,TREND,EXIT,debit_spread,23625.15,21.64,1.0,0.0,0.0,1.039,0.114,0.276,5,15,16,3,0,0,0,0,0,high_vol_range,0.0,0,Time exit,261.0,316
2026-03-12T09:30:00+05:30,portfolio_replay,PREMIUM,ENTER,iron_condor,23598.05,22.06,1.0,0.0,0.0,1.039,0.0,1.334,5,9,30,3,0,70,0,70,65,trending,52.4,75,,,
2026-03-12T10:00:00+05:30,portfolio_replay,TREND,ENTER,debit_spread,23676.75,22.03,1.0,0.0,0.0,1.039,0.333,0.512,5,10,0,3,0,75,0,75,60,high_vol_range,41.01,75,,,
2026-03-12T15:15:00+05:30,portfolio_replay,PREMIUM,EXIT,iron_condor,23630.0,21.61,1.0,0.0,0.0,1.039,0.135,0.276,5,15,15,3,0,0,0,0,0,high_vol_range,0.0,0,Time exit,1126.5,345
2026-03-12T15:16:00+05:30,portfolio_replay,TREND,EXIT,debit_spread,23625.15,21.64,1.0,0.0,0.0,1.039,0.114,0.276,5,15,16,3,0,0,0,0,0,high_vol_range,0.0,0,Time exit,261.0,316
2026-03-12T09:30:00+05:30,portfolio_replay,PREMIUM,ENTER,iron_condor,23598.05,22.06,1.0,0.0,0.0,1.039,0.0,1.334,5,9,30,3,0,70,0,70,70,trending,52.4,75,,,
2026-03-12T10:00:00+05:30,portfolio_replay,TREND,ENTER,debit_spread,23676.75,22.03,1.0,0.0,0.0,1.039,0.333,0.512,5,10,0,3,0,75,0,75,60,high_vol_range,41.01,75,,,
2026-03-12T15:15:00+05:30,portfolio_replay,PREMIUM,EXIT,iron_condor,23630.0,21.61,1.0,0.0,0.0,1.039,0.135,0.276,5,15,15,3,0,0,0,0,0,high_vol_range,0.0,0,Time exit,1126.5,345
2026-03-12T15:16:00+05:30,portfolio_replay,TREND,EXIT,debit_spread,23625.15,21.64,1.0,0.0,0.0,1.039,0.114,0.276,5,15,16,3,0,0,0,0,0,high_vol_range,0.0,0,Time exit,261.0,316
2026-03-12T09:30:00+05:30,portfolio_replay,PREMIUM,ENTER,iron_condor,23598.05,22.06,1.0,0.0,0.0,1.039,0.0,1.334,5,9,30,3,0,70,0,70,65,trending,52.4,75,,,
2026-03-12T10:00:00+05:30,portfolio_replay,TREND,ENTER,debit_spread,23676.75,22.03,1.0,0.0,0.0,1.039,0.333,0.512,5,10,0,3,0,75,0,75,60,high_vol_range,41.01,75,,,
2026-03-12T15:15:00+05:30,portfolio_replay,PREMIUM,EXIT,iron_condor,23630.0,21.61,1.0,0.0,0.0,1.039,0.135,0.276,5,15,15,3,0,0,0,0,0,high_vol_range,0.0,0,Time exit,1126.5,345
2026-03-12T15:16:00+05:30,portfolio_replay,TREND,EXIT,debit_spread,23625.15,21.64,1.0,0.0,0.0,1.039,0.114,0.276,5,15,16,3,0,0,0,0,0,high_vol_range,0.0,0,Time exit,261.0,316
2026-03-12T09:30:00+05:30,portfolio_replay,PREMIUM,SKIP,idle,23598.05,22.06,1.0,0.0,0.0,1.039,0.0,1.334,5,9,30,3,0,70,0,70,75,trending,0.0,0,,,
2026-03-12T09:35:00+05:30,portfolio_replay,PREMIUM,SKIP,idle,23588.45,22.13,1.0,0.0,0.0,1.039,0.041,1.314,5,9,35,3,0,70,0,70,75,trending,0.0,0,,,
2026-03-12T09:40:00+05:30,portfolio_replay,PREMIUM,SKIP,idle,23575.7,22.35,1.0,0.0,0.0,1.039,0.095,1.314,5,9,40,3,0,70,0,70,75,trending,0.0,0,,,
2026-03-12T09:45:00+05:30,portfolio_replay,PREMIUM,ENTER,iron_condor,23612.75,22.14,1.0,0.0,0.0,1.039,0.062,0.202,5,9,45,3,0,95,0,95,75,high_vol_range,52.15,75,,,
2026-03-12T10:00:00+05:30,portfolio_replay,TREND,ENTER,debit_spread,23676.75,22.03,1.0,0.0,0.0,1.039,0.333,0.512,5,10,0,3,0,75,0,75,60,high_vol_range,41.01,75,,,
2026-03-12T14:50:00+05:30,portfolio_replay,PREMIUM,EXIT,iron_condor,23627.9,21.69,1.0,0.0,0.0,1.039,0.126,0.382,5,14,50,3,0,0,0,0,0,high_vol_range,0.0,0,Profit target: premium decayed 26.0%,1017.75,305
2026-03-12T15:15:00+05:30,portfolio_replay,TREND,EXIT,debit_spread,23630.0,21.61,1.0,0.0,0.0,1.039,0.135,0.276,5,15,15,3,0,0,0,0,0,high_vol_range,0.0,0,Time exit,234.0,315
2026-03-12T09:30:00+05:30,portfolio_replay,PREMIUM,SKIP,idle,23598.05,22.06,1.0,0.0,0.0,1.039,0.0,1.334,5,9,30,3,0,70,0,70,75,trending,0.0,0,,,
2026-03-12T09:35:00+05:30,portfolio_replay,PREMIUM,SKIP,idle,23588.45,22.13,1.0,0.0,0.0,1.039,0.041,1.314,5,9,35,3,0,70,0,70,75,trending,0.0,0,,,
2026-03-12T09:40:00+05:30,portfolio_replay,PREMIUM,SKIP,idle,23575.7,22.35,1.0,0.0,0.0,1.039,0.095,1.314,5,9,40,3,0,70,0,70,75,trending,0.0,0,,,
2026-03-12T09:45:00+05:30,portfolio_replay,PREMIUM,ENTER,iron_condor,23612.75,22.14,1.0,0.0,0.0,1.039,0.062,0.202,5,9,45,3,0,95,0,95,75,high_vol_range,52.15,75,,,
2026-03-12T10:00:00+05:30,portfolio_replay,TREND,ENTER,debit_spread,23676.75,22.03,1.0,0.0,0.0,1.039,0.333,0.512,5,10,0,3,0,75,0,75,60,high_vol_range,41.01,75,,,
2026-03-12T15:15:00+05:30,portfolio_replay,PREMIUM,EXIT,iron_condor,23630.0,21.61,1.0,0.0,0.0,1.039,0.135,0.276,5,15,15,3,0,0,0,0,0,high_vol_range,0.0,0,Time exit,1107.75,330
2026-03-12T15:16:00+05:30,portfolio_replay,TREND,EXIT,debit_spread,23625.15,21.64,1.0,0.0,0.0,1.039,0.114,0.276,5,15,16,3,0,0,0,0,0,high_vol_range,0.0,0,Time exit,261.0,316
2026-03-12T09:30:00+05:30,portfolio_replay,PREMIUM,SKIP,idle,23598.05,22.06,1.0,0.0,0.0,1.039,0.0,1.334,5,9,30,3,0,70,0,70,75,trending,0.0,0,,,
2026-03-12T09:35:00+05:30,portfolio_replay,PREMIUM,SKIP,idle,23588.45,22.13,1.0,0.0,0.0,1.039,0.041,1.314,5,9,35,3,0,70,0,70,75,trending,0.0,0,,,
2026-03-12T09:40:00+05:30,portfolio_replay,PREMIUM,SKIP,idle,23575.7,22.35,1.0,0.0,0.0,1.039,0.095,1.314,5,9,40,3,0,70,0,70,75,trending,0.0,0,,,
2026-03-12T09:45:00+05:30,portfolio_replay,PREMIUM,ENTER,iron_condor,23612.75,22.14,1.0,0.0,0.0,1.039,0.062,0.202,5,9,45,3,0,95,0,95,75,high_vol_range,52.15,75,,,
2026-03-12T10:00:00+05:30,portfolio_replay,TREND,ENTER,debit_spread,23676.75,22.03,1.0,0.0,0.0,1.039,0.333,0.512,5,10,0,3,0,75,0,75,60,high_vol_range,41.01,75,,,
2026-03-12T15:15:00+05:30,portfolio_replay,PREMIUM,EXIT,iron_condor,23630.0,21.61,1.0,0.0,0.0,1.039,0.135,0.276,5,15,15,3,0,0,0,0,0,high_vol_range,0.0,0,Time exit,1107.75,330
2026-03-12T15:16:00+05:30,portfolio_replay,TREND,EXIT,debit_spread,23625.15,21.64,1.0,0.0,0.0,1.039,0.114,0.276,5,15,16,3,0,0,0,0,0,high_vol_range,0.0,0,Time exit,261.0,316
2026-03-12T09:30:00+05:30,portfolio_replay,PREMIUM,SKIP,idle,23598.05,22.06,1.0,0.0,0.0,1.039,0.0,1.334,5,9,30,3,0,70,0,70,75,trending,0.0,0,,,
2026-03-12T09:35:00+05:30,portfolio_replay,PREMIUM,SKIP,idle,23588.45,22.13,1.0,0.0,0.0,1.039,0.041,1.314,5,9,35,3,0,70,0,70,75,trending,0.0,0,,,
2026-03-12T09:40:00+05:30,portfolio_replay,PREMIUM,SKIP,idle,23575.7,22.35,1.0,0.0,0.0,1.039,0.095,1.314,5,9,40,3,0,70,0,70,75,trending,0.0,0,,,
2026-03-12T09:45:00+05:30,portfolio_replay,PREMIUM,ENTER,iron_condor,23612.75,22.14,1.0,0.0,0.0,1.039,0.062,0.202,5,9,45,3,0,95,0,95,75,high_vol_range,52.15,75,,,
2026-03-12T10:00:00+05:30,portfolio_replay,TREND,ENTER,debit_spread,23676.75,22.03,1.0,0.0,0.0,1.039,0.333,0.512,5,10,0,3,0,75,0,75,60,high_vol_range,41.01,75,,,
2026-03-12T15:15:00+05:30,portfolio_replay,PREMIUM,EXIT,iron_condor,23630.0,21.61,1.0,0.0,0.0,1.039,0.135,0.276,5,15,15,3,0,0,0,0,0,high_vol_range,0.0,0,Time exit,1107.75,330
2026-03-12T15:16:00+05:30,portfolio_replay,TREND,EXIT,debit_spread,23625.15,21.64,1.0,0.0,0.0,1.039,0.114,0.276,5,15,16,3,0,0,0,0,0,high_vol_range,0.0,0,Time exit,261.0,316
2026-03-12T09:30:00+05:30,portfolio_replay,PREMIUM,SKIP,idle,23598.05,22.06,1.0,0.0,0.0,1.039,0.0,1.334,5,9,30,3,0,70,0,70,75,trending,0.0,0,,,
2026-03-12T09:35:00+05:30,portfolio_replay,PREMIUM,SKIP,idle,23588.45,22.13,1.0,0.0,0.0,1.039,0.041,1.314,5,9,35,3,0,70,0,70,75,trending,0.0,0,,,
2026-03-12T09:40:00+05:30,portfolio_replay,PREMIUM,SKIP,idle,23575.7,22.35,1.0,0.0,0.0,1.039,0.095,1.314,5,9,40,3,0,70,0,70,75,trending,0.0,0,,,
2026-03-12T09:45:00+05:30,portfolio_replay,PREMIUM,ENTER,iron_condor,23612.75,22.14,1.0,0.0,0.0,1.039,0.062,0.202,5,9,45,3,0,95,0,95,75,high_vol_range,52.15,75,,,
2026-03-12T10:00:00+05:30,portfolio_replay,TREND,ENTER,debit_spread,23676.75,22.03,1.0,0.0,0.0,1.039,0.333,0.512,5,10,0,3,0,75,0,75,60,high_vol_range,41.01,75,,,
2026-03-12T15:15:00+05:30,portfolio_replay,PREMIUM,EXIT,iron_condor,23630.0,21.61,1.0,0.0,0.0,1.039,0.135,0.276,5,15,15,3,0,0,0,0,0,high_vol_range,0.0,0,Time exit,1107.75,330
2026-03-12T15:16:00+05:30,portfolio_replay,TREND,EXIT,debit_spread,23625.15,21.64,1.0,0.0,0.0,1.039,0.114,0.276,5,15,16,3,0,0,0,0,0,high_vol_range,0.0,0,Time exit,261.0,316
2026-03-12T09:30:00+05:30,portfolio_replay,PREMIUM,SKIP,idle,23598.05,22.06,1.0,0.0,0.0,1.039,0.0,1.334,5,9,30,3,0,70,0,70,75,trending,0.0,0,,,
2026-03-12T09:35:00+05:30,portfolio_replay,PREMIUM,SKIP,idle,23588.45,22.13,1.0,0.0,0.0,1.039,0.041,1.314,5,9,35,3,0,70,0,70,75,trending,0.0,0,,,
2026-03-12T09:40:00+05:30,portfolio_replay,PREMIUM,SKIP,idle,23575.7,22.35,1.0,0.0,0.0,1.039,0.095,1.314,5,9,40,3,0,70,0,70,75,trending,0.0,0,,,
2026-03-12T09:45:00+05:30,portfolio_replay,PREMIUM,ENTER,iron_condor,23612.75,22.14,1.0,0.0,0.0,1.039,0.062,0.202,5,9,45,3,0,95,0,95,75,high_vol_range,52.15,75,,,
2026-03-12T10:00:00+05:30,portfolio_replay,TREND,ENTER,debit_spread,23676.75,22.03,1.0,0.0,0.0,1.039,0.333,0.512,5,10,0,3,0,75,0,75,60,high_vol_range,41.01,75,,,
2026-03-12T15:15:00+05:30,portfolio_replay,PREMIUM,EXIT,iron_condor,23630.0,21.61,1.0,0.0,0.0,1.039,0.135,0.276,5,15,15,3,0,0,0,0,0,high_vol_range,0.0,0,Time exit,1107.75,330
2026-03-12T15:16:00+05:30,portfolio_replay,TREND,EXIT,debit_spread,23625.15,21.64,1.0,0.0,0.0,1.039,0.114,0.276,5,15,16,3,0,0,0,0,0,high_vol_range,0.0,0,Time exit,261.0,316
2026-03-12T09:30:00+05:30,portfolio_replay,PREMIUM,SKIP,idle,23598.05,22.06,1.0,0.0,0.0,1.039,0.0,1.334,5,9,30,3,0,70,0,70,75,trending,0.0,0,,,
2026-03-12T09:35:00+05:30,portfolio_replay,PREMIUM,SKIP,idle,23588.45,22.13,1.0,0.0,0.0,1.039,0.041,1.314,5,9,35,3,0,70,0,70,75,trending,0.0,0,,,
2026-03-12T09:40:00+05:30,portfolio_replay,PREMIUM,SKIP,idle,23575.7,22.35,1.0,0.0,0.0,1.039,0.095,1.314,5,9,40,3,0,70,0,70,75,trending,0.0,0,,,
2026-03-12T09:45:00+05:30,portfolio_replay,PREMIUM,ENTER,iron_condor,23612.75,22.14,1.0,0.0,0.0,1.039,0.062,0.202,5,9,45,3,0,95,0,95,75,high_vol_range,52.15,75,,,
2026-03-12T10:00:00+05:30,portfolio_replay,TREND,ENTER,debit_spread,23676.75,22.03,1.0,0.0,0.0,1.039,0.333,0.512,5,10,0,3,0,75,0,75,60,high_vol_range,41.01,75,,,
2026-03-12T15:15:00+05:30,portfolio_replay,PREMIUM,EXIT,iron_condor,23630.0,21.61,1.0,0.0,0.0,1.039,0.135,0.276,5,15,15,3,0,0,0,0,0,high_vol_range,0.0,0,Time exit,1107.75,330
2026-03-12T15:16:00+05:30,portfolio_replay,TREND,EXIT,debit_spread,23625.15,21.64,1.0,0.0,0.0,1.039,0.114,0.276,5,15,16,3,0,0,0,0,0,high_vol_range,0.0,0,Time exit,261.0,316
2026-03-12T09:30:00+05:30,portfolio_replay,PREMIUM,SKIP,idle,23598.05,22.06,1.0,0.0,0.0,1.039,0.0,1.334,5,9,30,3,0,70,0,70,75,trending,0.0,0,,,
2026-03-12T09:35:00+05:30,portfolio_replay,PREMIUM,SKIP,idle,23588.45,22.13,1.0,0.0,0.0,1.039,0.041,1.314,5,9,35,3,0,70,0,70,75,trending,0.0,0,,,
2026-03-12T09:40:00+05:30,portfolio_replay,PREMIUM,SKIP,idle,23575.7,22.35,1.0,0.0,0.0,1.039,0.095,1.314,5,9,40,3,0,70,0,70,75,trending,0.0,0,,,
2026-03-12T09:45:00+05:30,portfolio_replay,PREMIUM,ENTER,iron_condor,23612.75,22.14,1.0,0.0,0.0,1.039,0.062,0.202,5,9,45,3,0,95,0,95,75,high_vol_range,52.15,75,,,
2026-03-12T10:00:00+05:30,portfolio_replay,TREND,ENTER,debit_spread,23676.75,22.03,1.0,0.0,0.0,1.039,0.333,0.512,5,10,0,3,0,75,0,75,60,high_vol_range,41.01,75,,,
2026-03-12T15:15:00+05:30,portfolio_replay,PREMIUM,EXIT,iron_condor,23630.0,21.61,1.0,0.0,0.0,1.039,0.135,0.276,5,15,15,3,0,0,0,0,0,high_vol_range,0.0,0,Time exit,1107.75,330
2026-03-12T15:16:00+05:30,portfolio_replay,TREND,EXIT,debit_spread,23625.15,21.64,1.0,0.0,0.0,1.039,0.114,0.276,5,15,16,3,0,0,0,0,0,high_vol_range,0.0,0,Time exit,261.0,316
2026-03-12T09:30:00+05:30,portfolio_replay,PREMIUM,SKIP,idle,23598.05,22.06,1.0,0.0,0.0,1.039,0.0,1.334,5,9,30,3,0,70,0,70,75,trending,0.0,0,,,
2026-03-12T09:35:00+05:30,portfolio_replay,PREMIUM,SKIP,idle,23588.45,22.13,1.0,0.0,0.0,1.039,0.041,1.314,5,9,35,3,0,70,0,70,75,trending,0.0,0,,,
2026-03-12T09:40:00+05:30,portfolio_replay,PREMIUM,SKIP,idle,23575.7,22.35,1.0,0.0,0.0,1.039,0.095,1.314,5,9,40,3,0,70,0,70,75,trending,0.0,0,,,
2026-03-12T09:45:00+05:30,portfolio_replay,PREMIUM,ENTER,iron_condor,23612.75,22.14,1.0,0.0,0.0,1.039,0.062,0.202,5,9,45,3,0,95,0,95,75,high_vol_range,52.15,75,,,
2026-03-12T10:00:00+05:30,portfolio_replay,TREND,ENTER,debit_spread,23676.75,22.03,1.0,0.0,0.0,1.039,0.333,0.512,5,10,0,3,0,75,0,75,60,high_vol_range,41.01,75,,,
2026-03-12T15:15:00+05:30,portfolio_replay,PREMIUM,EXIT,iron_condor,23630.0,21.61,1.0,0.0,0.0,1.039,0.135,0.276,5,15,15,3,0,0,0,0,0,high_vol_range,0.0,0,Time exit,1107.75,330
2026-03-12T15:16:00+05:30,portfolio_replay,TREND,EXIT,debit_spread,23625.15,21.64,1.0,0.0,0.0,1.039,0.114,0.276,5,15,16,3,0,0,0,0,0,high_vol_range,0.0,0,Time exit,261.0,316
2026-03-12T09:30:00+05:30,portfolio_replay,PREMIUM,SKIP,idle,23598.05,22.06,1.0,0.0,0.0,1.039,0.0,1.334,5,9,30,3,0,70,0,70,75,trending,0.0,0,,,
2026-03-12T09:35:00+05:30,portfolio_replay,PREMIUM,SKIP,idle,23588.45,22.13,1.0,0.0,0.0,1.039,0.041,1.314,5,9,35,3,0,70,0,70,75,trending,0.0,0,,,
2026-03-12T09:40:00+05:30,portfolio_replay,PREMIUM,SKIP,idle,23575.7,22.35,1.0,0.0,0.0,1.039,0.095,1.314,5,9,40,3,0,70,0,70,75,trending,0.0,0,,,
2026-03-12T09:45:00+05:30,portfolio_replay,PREMIUM,ENTER,iron_condor,23612.75,22.14,1.0,0.0,0.0,1.039,0.062,0.202,5,9,45,3,0,95,0,95,75,high_vol_range,52.15,75,,,
2026-03-12T10:00:00+05:30,portfolio_replay,TREND,ENTER,debit_spread,23676.75,22.03,1.0,0.0,0.0,1.039,0.333,0.512,5,10,0,3,0,75,0,75,55,high_vol_range,41.01,75,,,
2026-03-12T15:15:00+05:30,portfolio_replay,PREMIUM,EXIT,iron_condor,23630.0,21.61,1.0,0.0,0.0,1.039,0.135,0.276,5,15,15,3,0,0,0,0,0,high_vol_range,0.0,0,Time exit,1107.75,330
2026-03-12T15:16:00+05:30,portfolio_replay,TREND,EXIT,debit_spread,23625.15,21.64,1.0,0.0,0.0,1.039,0.114,0.276,5,15,16,3,0,0,0,0,0,high_vol_range,0.0,0,Time exit,261.0,316
2026-03-12T09:30:00+05:30,portfolio_replay,PREMIUM,SKIP,idle,23598.05,22.06,1.0,0.0,0.0,1.039,0.0,1.334,5,9,30,3,0,70,0,70,75,trending,0.0,0,,,
2026-03-12T09:35:00+05:30,portfolio_replay,PREMIUM,SKIP,idle,23588.45,22.13,1.0,0.0,0.0,1.039,0.041,1.314,5,9,35,3,0,70,0,70,75,trending,0.0,0,,,
2026-03-12T09:40:00+05:30,portfolio_replay,PREMIUM,SKIP,idle,23575.7,22.35,1.0,0.0,0.0,1.039,0.095,1.314,5,9,40,3,0,70,0,70,75,trending,0.0,0,,,
2026-03-12T09:45:00+05:30,portfolio_replay,PREMIUM,ENTER,iron_condor,23612.75,22.14,1.0,0.0,0.0,1.039,0.062,0.202,5,9,45,3,0,95,0,95,75,high_vol_range,52.15,75,,,
2026-03-12T10:00:00+05:30,portfolio_replay,TREND,ENTER,debit_spread,23676.75,22.03,1.0,0.0,0.0,1.039,0.333,0.512,5,10,0,3,0,75,0,75,50,high_vol_range,41.01,75,,,
2026-03-12T15:15:00+05:30,portfolio_replay,PREMIUM,EXIT,iron_condor,23630.0,21.61,1.0,0.0,0.0,1.039,0.135,0.276,5,15,15,3,0,0,0,0,0,high_vol_range,0.0,0,Time exit,1107.75,330
2026-03-12T15:16:00+05:30,portfolio_replay,TREND,EXIT,debit_spread,23625.15,21.64,1.0,0.0,0.0,1.039,0.114,0.276,5,15,16,3,0,0,0,0,0,high_vol_range,0.0,0,Time exit,261.0,316
2026-03-12T09:30:00+05:30,portfolio_replay,PREMIUM,SKIP,idle,23598.05,22.06,1.0,0.0,0.0,1.039,0.0,1.334,5,9,30,3,0,70,0,70,75,trending,0.0,0,,,
2026-03-12T09:35:00+05:30,portfolio_replay,PREMIUM,SKIP,idle,23588.45,22.13,1.0,0.0,0.0,1.039,0.041,1.314,5,9,35,3,0,70,0,70,75,trending,0.0,0,,,
2026-03-12T09:40:00+05:30,portfolio_replay,PREMIUM,SKIP,idle,23575.7,22.35,1.0,0.0,0.0,1.039,0.095,1.314,5,9,40,3,0,70,0,70,75,trending,0.0,0,,,
2026-03-12T09:45:00+05:30,portfolio_replay,PREMIUM,ENTER,iron_condor,23612.75,22.14,1.0,0.0,0.0,1.039,0.062,0.202,5,9,45,3,0,95,0,95,75,high_vol_range,52.15,75,,,
2026-03-12T10:00:00+05:30,portfolio_replay,TREND,ENTER,debit_spread,23676.75,22.03,1.0,0.0,0.0,1.039,0.333,0.512,5,10,0,3,0,75,0,75,55,high_vol_range,41.01,75,,,
2026-03-12T15:15:00+05:30,portfolio_replay,PREMIUM,EXIT,iron_condor,23630.0,21.61,1.0,0.0,0.0,1.039,0.135,0.276,5,15,15,3,0,0,0,0,0,high_vol_range,0.0,0,Time exit,1107.75,330
2026-03-12T15:16:00+05:30,portfolio_replay,TREND,EXIT,debit_spread,23625.15,21.64,1.0,0.0,0.0,1.039,0.114,0.276,5,15,16,3,0,0,0,0,0,high_vol_range,0.0,0,Time exit,261.0,316
2026-03-12T09:30:00+05:30,portfolio_replay,PREMIUM,SKIP,idle,23598.05,22.06,1.0,0.0,0.0,1.039,0.0,1.334,5,9,30,3,0,70,0,70,75,trending,0.0,0,,,
2026-03-12T09:35:00+05:30,portfolio_replay,PREMIUM,SKIP,idle,23588.45,22.13,1.0,0.0,0.0,1.039,0.041,1.314,5,9,35,3,0,70,0,70,75,trending,0.0,0,,,
2026-03-12T09:40:00+05:30,portfolio_replay,PREMIUM,SKIP,idle,23575.7,22.35,1.0,0.0,0.0,1.039,0.095,1.314,5,9,40,3,0,70,0,70,75,trending,0.0,0,,,
2026-03-12T09:45:00+05:30,portfolio_replay,PREMIUM,ENTER,iron_condor,23612.75,22.14,1.0,0.0,0.0,1.039,0.062,0.202,5,9,45,3,0,95,0,95,75,high_vol_range,52.15,75,,,
2026-03-12T10:00:00+05:30,portfolio_replay,TREND,ENTER,debit_spread,23676.75,22.03,1.0,0.0,0.0,1.039,0.333,0.512,5,10,0,3,0,75,0,75,55,high_vol_range,41.01,75,,,
2026-03-12T15:15:00+05:30,portfolio_replay,PREMIUM,EXIT,iron_condor,23630.0,21.61,1.0,0.0,0.0,1.039,0.135,0.276,5,15,15,3,0,0,0,0,0,high_vol_range,0.0,0,Time exit,1107.75,330
2026-03-12T15:16:00+05:30,portfolio_replay,TREND,EXIT,debit_spread,23625.15,21.64,1.0,0.0,0.0,1.039,0.114,0.276,5,15,16,3,0,0,0,0,0,high_vol_range,0.0,0,Time exit,261.0,316
2026-03-12T09:30:00+05:30,portfolio_replay,PREMIUM,SKIP,idle,23598.05,22.06,1.0,0.0,0.0,1.039,0.0,1.334,5,9,30,3,0,70,0,70,75,trending,0.0,0,,,
2026-03-12T09:35:00+05:30,portfolio_replay,PREMIUM,SKIP,idle,23588.45,22.13,1.0,0.0,0.0,1.039,0.041,1.314,5,9,35,3,0,70,0,70,75,trending,0.0,0,,,
2026-03-12T09:40:00+05:30,portfolio_replay,PREMIUM,SKIP,idle,23575.7,22.35,1.0,0.0,0.0,1.039,0.095,1.314,5,9,40,3,0,70,0,70,75,trending,0.0,0,,,
2026-03-12T09:45:00+05:30,portfolio_replay,PREMIUM,ENTER,iron_condor,23612.75,22.14,1.0,0.0,0.0,1.039,0.062,0.202,5,9,45,3,0,95,0,95,75,high_vol_range,52.15,75,,,
2026-03-12T10:00:00+05:30,portfolio_replay,TREND,ENTER,debit_spread,23676.75,22.03,1.0,0.0,0.0,1.039,0.333,0.512,5,10,0,3,0,75,0,75,60,high_vol_range,41.01,75,,,
2026-03-12T15:15:00+05:30,portfolio_replay,PREMIUM,EXIT,iron_condor,23630.0,21.61,1.0,0.0,0.0,1.039,0.135,0.276,5,15,15,3,0,0,0,0,0,high_vol_range,0.0,0,Time exit,1107.75,330
2026-03-12T15:16:00+05:30,portfolio_replay,TREND,EXIT,debit_spread,23625.15,21.64,1.0,0.0,0.0,1.039,0.114,0.276,5,15,16,3,0,0,0,0,0,high_vol_range,0.0,0,Time exit,261.0,316
2026-03-12T09:30:00+05:30,portfolio_replay,PREMIUM,SKIP,idle,23598.05,22.06,1.0,0.0,0.0,1.039,0.0,1.334,5,9,30,3,0,70,0,70,75,trending,0.0,0,,,
2026-03-12T09:35:00+05:30,portfolio_replay,PREMIUM,SKIP,idle,23588.45,22.13,1.0,0.0,0.0,1.039,0.041,1.314,5,9,35,3,0,70,0,70,75,trending,0.0,0,,,
2026-03-12T09:40:00+05:30,portfolio_replay,PREMIUM,SKIP,idle,23575.7,22.35,1.0,0.0,0.0,1.039,0.095,1.314,5,9,40,3,0,70,0,70,75,trending,0.0,0,,,
2026-03-12T09:45:00+05:30,portfolio_replay,PREMIUM,ENTER,iron_condor,23612.75,22.14,1.0,0.0,0.0,1.039,0.062,0.202,5,9,45,3,0,95,0,95,75,high_vol_range,52.15,75,,,
2026-03-12T10:00:00+05:30,portfolio_replay,TREND,ENTER,debit_spread,23676.75,22.03,1.0,0.0,0.0,1.039,0.333,0.512,5,10,0,3,0,75,0,75,60,high_vol_range,41.01,75,,,
2026-03-12T14:50:00+05:30,portfolio_replay,PREMIUM,EXIT,iron_condor,23627.9,21.69,1.0,0.0,0.0,1.039,0.126,0.382,5,14,50,3,0,0,0,0,0,high_vol_range,0.0,0,Profit target: premium decayed 26.0%,1017.75,305
2026-03-12T15:15:00+05:30,portfolio_replay,TREND,EXIT,debit_spread,23630.0,21.61,1.0,0.0,0.0,1.039,0.135,0.276,5,15,15,3,0,0,0,0,0,high_vol_range,0.0,0,Time exit,234.0,315
2026-03-12T09:30:00+05:30,portfolio_replay,PREMIUM,SKIP,idle,23598.05,22.06,1.0,0.0,0.0,1.039,0.0,1.334,5,9,30,3,0,70,0,70,75,trending,0.0,0,,,
2026-03-12T09:35:00+05:30,portfolio_replay,PREMIUM,SKIP,idle,23588.45,22.13,1.0,0.0,0.0,1.039,0.041,1.314,5,9,35,3,0,70,0,70,75,trending,0.0,0,,,
2026-03-12T09:40:00+05:30,portfolio_replay,PREMIUM,SKIP,idle,23575.7,22.35,1.0,0.0,0.0,1.039,0.095,1.314,5,9,40,3,0,70,0,70,75,trending,0.0,0,,,
2026-03-12T09:45:00+05:30,portfolio_replay,PREMIUM,ENTER,iron_condor,23612.75,22.14,1.0,0.0,0.0,1.039,0.062,0.202,5,9,45,3,0,95,0,95,75,high_vol_range,52.15,75,,,
2026-03-12T10:00:00+05:30,portfolio_replay,TREND,ENTER,debit_spread,23676.75,22.03,1.0,0.0,0.0,1.039,0.333,0.512,5,10,0,3,0,75,0,75,60,high_vol_range,41.01,75,,,
2026-03-12T15:15:00+05:30,portfolio_replay,PREMIUM,EXIT,iron_condor,23630.0,21.61,1.0,0.0,0.0,1.039,0.135,0.276,5,15,15,3,0,0,0,0,0,high_vol_range,0.0,0,Time exit,1107.75,330
2026-03-12T15:16:00+05:30,portfolio_replay,TREND,EXIT,debit_spread,23625.15,21.64,1.0,0.0,0.0,1.039,0.114,0.276,5,15,16,3,0,0,0,0,0,high_vol_range,0.0,0,Time exit,261.0,316
2026-03-12T09:30:00+05:30,portfolio_replay,PREMIUM,SKIP,idle,23598.05,22.06,1.0,0.0,0.0,1.039,0.0,1.334,5,9,30,3,0,70,0,70,75,trending,0.0,0,,,
2026-03-12T09:35:00+05:30,portfolio_replay,PREMIUM,SKIP,idle,23588.45,22.13,1.0,0.0,0.0,1.039,0.041,1.314,5,9,35,3,0,70,0,70,75,trending,0.0,0,,,
2026-03-12T09:40:00+05:30,portfolio_replay,PREMIUM,SKIP,idle,23575.7,22.35,1.0,0.0,0.0,1.039,0.095,1.314,5,9,40,3,0,70,0,70,75,trending,0.0,0,,,
2026-03-12T09:45:00+05:30,portfolio_replay,PREMIUM,ENTER,iron_condor,23612.75,22.14,1.0,0.0,0.0,1.039,0.062,0.202,5,9,45,3,0,95,0,95,75,high_vol_range,52.15,75,,,
2026-03-12T10:00:00+05:30,portfolio_replay,TREND,ENTER,debit_spread,23676.75,22.03,1.0,0.0,0.0,1.039,0.333,0.512,5,10,0,3,0,75,0,75,60,high_vol_range,41.01,75,,,
2026-03-12T15:15:00+05:30,portfolio_replay,PREMIUM,EXIT,iron_condor,23630.0,21.61,1.0,0.0,0.0,1.039,0.135,0.276,5,15,15,3,0,0,0,0,0,high_vol_range,0.0,0,Time exit,1107.75,330
2026-03-12T15:16:00+05:30,portfolio_replay,TREND,EXIT,debit_spread,23625.15,21.64,1.0,0.0,0.0,1.039,0.114,0.276,5,15,16,3,0,0,0,0,0,high_vol_range,0.0,0,Time exit,261.0,316
2026-03-12T09:30:00+05:30,portfolio_replay,PREMIUM,SKIP,idle,23598.05,22.06,1.0,0.0,0.0,1.039,0.0,1.334,5,9,30,3,0,70,0,70,75,trending,0.0,0,,,
2026-03-12T09:35:00+05:30,portfolio_replay,PREMIUM,SKIP,idle,23588.45,22.13,1.0,0.0,0.0,1.039,0.041,1.314,5,9,35,3,0,70,0,70,75,trending,0.0,0,,,
2026-03-12T09:40:00+05:30,portfolio_replay,PREMIUM,SKIP,idle,23575.7,22.35,1.0,0.0,0.0,1.039,0.095,1.314,5,9,40,3,0,70,0,70,75,trending,0.0,0,,,
2026-03-12T09:45:00+05:30,portfolio_replay,PREMIUM,ENTER,iron_condor,23612.75,22.14,1.0,0.0,0.0,1.039,0.062,0.202,5,9,45,3,0,95,0,95,75,high_vol_range,52.15,75,,,
2026-03-12T10:00:00+05:30,portfolio_replay,TREND,ENTER,debit_spread,23676.75,22.03,1.0,0.0,0.0,1.039,0.333,0.512,5,10,0,3,0,75,0,75,60,high_vol_range,41.01,75,,,
2026-03-12T15:15:00+05:30,portfolio_replay,PREMIUM,EXIT,iron_condor,23630.0,21.61,1.0,0.0,0.0,1.039,0.135,0.276,5,15,15,3,0,0,0,0,0,high_vol_range,0.0,0,Time exit,1107.75,330
2026-03-12T15:16:00+05:30,portfolio_replay,TREND,EXIT,debit_spread,23625.15,21.64,1.0,0.0,0.0,1.039,0.114,0.276,5,15,16,3,0,0,0,0,0,high_vol_range,0.0,0,Time exit,261.0,316
2026-03-12T09:30:00+05:30,portfolio_replay,PREMIUM,SKIP,idle,23598.05,22.06,1.0,0.0,0.0,1.039,0.0,1.334,5,9,30,3,0,70,0,70,75,trending,0.0,0,,,
2026-03-12T09:35:00+05:30,portfolio_replay,PREMIUM,SKIP,idle,23588.45,22.13,1.0,0.0,0.0,1.039,0.041,1.314,5,9,35,3,0,70,0,70,75,trending,0.0,0,,,
2026-03-12T09:40:00+05:30,portfolio_replay,PREMIUM,SKIP,idle,23575.7,22.35,1.0,0.0,0.0,1.039,0.095,1.314,5,9,40,3,0,70,0,70,75,trending,0.0,0,,,
2026-03-12T09:45:00+05:30,portfolio_replay,PREMIUM,ENTER,iron_condor,23612.75,22.14,1.0,0.0,0.0,1.039,0.062,0.202,5,9,45,3,0,95,0,95,75,high_vol_range,52.15,75,,,
2026-03-12T10:00:00+05:30,portfolio_replay,TREND,ENTER,debit_spread,23676.75,22.03,1.0,0.0,0.0,1.039,0.333,0.512,5,10,0,3,0,75,0,75,60,high_vol_range,41.01,75,,,
2026-03-12T15:15:00+05:30,portfolio_replay,PREMIUM,EXIT,iron_condor,23630.0,21.61,1.0,0.0,0.0,1.039,0.135,0.276,5,15,15,3,0,0,0,0,0,high_vol_range,0.0,0,Time exit,1107.75,330
2026-03-12T15:16:00+05:30,portfolio_replay,TREND,EXIT,debit_spread,23625.15,21.64,1.0,0.0,0.0,1.039,0.114,0.276,5,15,16,3,0,0,0,0,0,high_vol_range,0.0,0,Time exit,261.0,316
2026-03-12T09:30:00+05:30,portfolio_replay,PREMIUM,SKIP,idle,23598.05,22.06,1.0,0.0,0.0,1.039,0.0,1.334,5,9,30,3,0,70,0,70,75,trending,0.0,0,,,
2026-03-12T09:35:00+05:30,portfolio_replay,PREMIUM,SKIP,idle,23588.45,22.13,1.0,0.0,0.0,1.039,0.041,1.314,5,9,35,3,0,70,0,70,75,trending,0.0,0,,,
2026-03-12T09:40:00+05:30,portfolio_replay,PREMIUM,SKIP,idle,23575.7,22.35,1.0,0.0,0.0,1.039,0.095,1.314,5,9,40,3,0,70,0,70,75,trending,0.0,0,,,
2026-03-12T09:45:00+05:30,portfolio_replay,PREMIUM,ENTER,iron_condor,23612.75,22.14,1.0,0.0,0.0,1.039,0.062,0.202,5,9,45,3,0,95,0,95,75,high_vol_range,52.15,75,,,
2026-03-12T10:00:00+05:30,portfolio_replay,TREND,ENTER,debit_spread,23676.75,22.03,1.0,0.0,0.0,1.039,0.333,0.512,5,10,0,3,0,75,0,75,60,high_vol_range,41.01,75,,,
2026-03-12T15:15:00+05:30,portfolio_replay,PREMIUM,EXIT,iron_condor,23630.0,21.61,1.0,0.0,0.0,1.039,0.135,0.276,5,15,15,3,0,0,0,0,0,high_vol_range,0.0,0,Time exit,1107.75,330
2026-03-12T15:16:00+05:30,portfolio_replay,TREND,EXIT,debit_spread,23625.15,21.64,1.0,0.0,0.0,1.039,0.114,0.276,5,15,16,3,0,0,0,0,0,high_vol_range,0.0,0,Time exit,261.0,316
2026-03-12T09:30:00+05:30,portfolio_replay,PREMIUM,SKIP,idle,23598.05,22.06,1.0,0.0,0.0,1.039,0.0,1.334,5,9,30,3,0,70,0,70,75,trending,0.0,0,,,
2026-03-12T09:35:00+05:30,portfolio_replay,PREMIUM,SKIP,idle,23588.45,22.13,1.0,0.0,0.0,1.039,0.041,1.314,5,9,35,3,0,70,0,70,75,trending,0.0,0,,,
2026-03-12T09:40:00+05:30,portfolio_replay,PREMIUM,SKIP,idle,23575.7,22.35,1.0,0.0,0.0,1.039,0.095,1.314,5,9,40,3,0,70,0,70,75,trending,0.0,0,,,
2026-03-12T09:45:00+05:30,portfolio_replay,PREMIUM,ENTER,iron_condor,23612.75,22.14,1.0,0.0,0.0,1.039,0.062,0.202,5,9,45,3,0,95,0,95,75,high_vol_range,52.15,75,,,
2026-03-12T10:00:00+05:30,portfolio_replay,TREND,ENTER,debit_spread,23676.75,22.03,1.0,0.0,0.0,1.039,0.333,0.512,5,10,0,3,0,75,0,75,60,high_vol_range,41.01,75,,,
2026-03-12T15:15:00+05:30,portfolio_replay,PREMIUM,EXIT,iron_condor,23630.0,21.61,1.0,0.0,0.0,1.039,0.135,0.276,5,15,15,3,0,0,0,0,0,high_vol_range,0.0,0,Time exit,1107.75,330
2026-03-12T15:16:00+05:30,portfolio_replay,TREND,EXIT,debit_spread,23625.15,21.64,1.0,0.0,0.0,1.039,0.114,0.276,5,15,16,3,0,0,0,0,0,high_vol_range,0.0,0,Time exit,261.0,316
2026-03-12T09:30:00+05:30,portfolio_replay,PREMIUM,SKIP,idle,23598.05,22.06,1.0,0.0,0.0,1.039,0.0,1.334,5,9,30,3,0,70,0,70,75,trending,0.0,0,,,
2026-03-12T09:35:00+05:30,portfolio_replay,PREMIUM,SKIP,idle,23588.45,22.13,1.0,0.0,0.0,1.039,0.041,1.314,5,9,35,3,0,70,0,70,75,trending,0.0,0,,,
2026-03-12T09:40:00+05:30,portfolio_replay,PREMIUM,SKIP,idle,23575.7,22.35,1.0,0.0,0.0,1.039,0.095,1.314,5,9,40,3,0,70,0,70,75,trending,0.0,0,,,
2026-03-12T09:45:00+05:30,portfolio_replay,PREMIUM,ENTER,iron_condor,23612.75,22.14,1.0,0.0,0.0,1.039,0.062,0.202,5,9,45,3,0,95,0,95,75,high_vol_range,52.15,75,,,
2026-03-12T10:00:00+05:30,portfolio_replay,TREND,ENTER,debit_spread,23676.75,22.03,1.0,0.0,0.0,1.039,0.333,0.512,5,10,0,3,0,75,0,75,60,high_vol_range,41.01,75,,,
2026-03-12T15:15:00+05:30,portfolio_replay,PREMIUM,EXIT,iron_condor,23630.0,21.61,1.0,0.0,0.0,1.039,0.135,0.276,5,15,15,3,0,0,0,0,0,high_vol_range,0.0,0,Time exit,1107.75,330
2026-03-12T15:16:00+05:30,portfolio_replay,TREND,EXIT,debit_spread,23625.15,21.64,1.0,0.0,0.0,1.039,0.114,0.276,5,15,16,3,0,0,0,0,0,high_vol_range,0.0,0,Time exit,261.0,316
2026-03-12T09:30:00+05:30,portfolio_replay,PREMIUM,SKIP,idle,23598.05,22.06,1.0,0.0,0.0,1.039,0.0,1.334,5,9,30,3,0,70,0,70,75,trending,0.0,0,,,
2026-03-12T09:35:00+05:30,portfolio_replay,PREMIUM,SKIP,idle,23588.45,22.13,1.0,0.0,0.0,1.039,0.041,1.314,5,9,35,3,0,70,0,70,75,trending,0.0,0,,,
2026-03-12T09:40:00+05:30,portfolio_replay,PREMIUM,SKIP,idle,23575.7,22.35,1.0,0.0,0.0,1.039,0.095,1.314,5,9,40,3,0,70,0,70,75,trending,0.0,0,,,
2026-03-12T09:45:00+05:30,portfolio_replay,PREMIUM,ENTER,iron_condor,23612.75,22.14,1.0,0.0,0.0,1.039,0.062,0.202,5,9,45,3,0,95,0,95,75,high_vol_range,35.62,75,,,
2026-03-12T10:00:00+05:30,portfolio_replay,TREND,ENTER,debit_spread,23676.75,22.03,1.0,0.0,0.0,1.039,0.333,0.512,5,10,0,3,0,75,0,75,60,high_vol_range,41.01,75,,,
2026-03-12T15:15:00+05:30,portfolio_replay,PREMIUM,EXIT,iron_condor,23630.0,21.61,1.0,0.0,0.0,1.039,0.135,0.276,5,15,15,3,0,0,0,0,0,high_vol_range,0.0,0,Time exit,700.5,330
2026-03-12T15:16:00+05:30,portfolio_replay,TREND,EXIT,debit_spread,23625.15,21.64,1.0,0.0,0.0,1.039,0.114,0.276,5,15,16,3,0,0,0,0,0,high_vol_range,0.0,0,Time exit,261.0,316
2026-03-12T09:30:00+05:30,portfolio_replay,PREMIUM,SKIP,idle,23598.05,22.06,1.0,0.0,0.0,1.039,0.0,1.334,5,9,30,3,0,70,0,70,75,trending,0.0,0,,,
2026-03-12T09:35:00+05:30,portfolio_replay,PREMIUM,SKIP,idle,23588.45,22.13,1.0,0.0,0.0,1.039,0.041,1.314,5,9,35,3,0,70,0,70,75,trending,0.0,0,,,
2026-03-12T09:40:00+05:30,portfolio_replay,PREMIUM,SKIP,idle,23575.7,22.35,1.0,0.0,0.0,1.039,0.095,1.314,5,9,40,3,0,70,0,70,75,trending,0.0,0,,,
2026-03-12T09:45:00+05:30,portfolio_replay,PREMIUM,ENTER,iron_condor,23612.75,22.14,1.0,0.0,0.0,1.039,0.062,0.202,5,9,45,3,0,95,0,95,75,high_vol_range,64.26,75,,,
2026-03-12T10:00:00+05:30,portfolio_replay,TREND,ENTER,debit_spread,23676.75,22.03,1.0,0.0,0.0,1.039,0.333,0.512,5,10,0,3,0,75,0,75,60,high_vol_range,41.01,75,,,
2026-03-12T15:15:00+05:30,portfolio_replay,PREMIUM,EXIT,iron_condor,23630.0,21.61,1.0,0.0,0.0,1.039,0.135,0.276,5,15,15,3,0,0,0,0,0,high_vol_range,0.0,0,Time exit,1453.5,330
2026-03-12T15:16:00+05:30,portfolio_replay,TREND,EXIT,debit_spread,23625.15,21.64,1.0,0.0,0.0,1.039,0.114,0.276,5,15,16,3,0,0,0,0,0,high_vol_range,0.0,0,Time exit,261.0,316
2026-03-12T09:30:00+05:30,portfolio_replay,PREMIUM,SKIP,idle,23598.05,22.06,1.0,0.0,0.0,1.039,0.0,1.334,5,9,30,3,0,70,0,70,75,trending,0.0,0,,,
2026-03-12T09:35:00+05:30,portfolio_replay,PREMIUM,SKIP,idle,23588.45,22.13,1.0,0.0,0.0,1.039,0.041,1.314,5,9,35,3,0,70,0,70,75,trending,0.0,0,,,
2026-03-12T09:40:00+05:30,portfolio_replay,PREMIUM,SKIP,idle,23575.7,22.35,1.0,0.0,0.0,1.039,0.095,1.314,5,9,40,3,0,70,0,70,75,trending,0.0,0,,,
2026-03-12T09:45:00+05:30,portfolio_replay,PREMIUM,ENTER,iron_condor,23612.75,22.14,1.0,0.0,0.0,1.039,0.062,0.202,5,9,45,3,0,95,0,95,75,high_vol_range,52.15,75,,,
2026-03-12T10:00:00+05:30,portfolio_replay,TREND,ENTER,debit_spread,23676.75,22.03,1.0,0.0,0.0,1.039,0.333,0.512,5,10,0,3,0,75,0,75,60,high_vol_range,59.2,75,,,
2026-03-12T15:15:00+05:30,portfolio_replay,PREMIUM,EXIT,iron_condor,23630.0,21.61,1.0,0.0,0.0,1.039,0.135,0.276,5,15,15,3,0,0,0,0,0,high_vol_range,0.0,0,Time exit,1107.75,330
2026-03-12T15:16:00+05:30,portfolio_replay,TREND,EXIT,debit_spread,23625.15,21.64,1.0,0.0,0.0,1.039,0.114,0.276,5,15,16,3,0,0,0,0,0,high_vol_range,0.0,0,Time exit,360.0,316
2026-03-12T09:30:00+05:30,portfolio_replay,PREMIUM,SKIP,idle,23598.05,22.06,1.0,0.0,0.0,1.039,0.0,1.334,5,9,30,3,0,70,0,70,75,trending,0.0,0,,,
2026-03-12T09:35:00+05:30,portfolio_replay,PREMIUM,SKIP,idle,23588.45,22.13,1.0,0.0,0.0,1.039,0.041,1.314,5,9,35,3,0,70,0,70,75,trending,0.0,0,,,
2026-03-12T09:40:00+05:30,portfolio_replay,PREMIUM,SKIP,idle,23575.7,22.35,1.0,0.0,0.0,1.039,0.095,1.314,5,9,40,3,0,70,0,70,75,trending,0.0,0,,,
2026-03-12T09:45:00+05:30,portfolio_replay,PREMIUM,ENTER,iron_condor,23612.75,22.14,1.0,0.0,0.0,1.039,0.062,0.202,5,9,45,3,0,95,0,95,75,high_vol_range,52.15,75,,,
2026-03-12T10:00:00+05:30,portfolio_replay,TREND,ENTER,debit_spread,23676.75,22.03,1.0,0.0,0.0,1.039,0.333,0.512,5,10,0,3,0,75,0,75,60,high_vol_range,75.92,75,,,
2026-03-12T15:15:00+05:30,portfolio_replay,PREMIUM,EXIT,iron_condor,23630.0,21.61,1.0,0.0,0.0,1.039,0.135,0.276,5,15,15,3,0,0,0,0,0,high_vol_range,0.0,0,Time exit,1107.75,330
2026-03-12T15:16:00+05:30,portfolio_replay,TREND,EXIT,debit_spread,23625.15,21.64,1.0,0.0,0.0,1.039,0.114,0.276,5,15,16,3,0,0,0,0,0,high_vol_range,0.0,0,Time exit,439.5,316
2026-03-12T09:30:00+05:30,portfolio_replay,PREMIUM,SKIP,idle,23598.05,22.06,1.0,0.0,0.0,1.039,0.0,1.334,5,9,30,3,0,70,0,70,75,trending,0.0,0,,,
2026-03-12T09:35:00+05:30,portfolio_replay,PREMIUM,SKIP,idle,23588.45,22.13,1.0,0.0,0.0,1.039,0.041,1.314,5,9,35,3,0,70,0,70,75,trending,0.0,0,,,
2026-03-12T09:40:00+05:30,portfolio_replay,PREMIUM,SKIP,idle,23575.7,22.35,1.0,0.0,0.0,1.039,0.095,1.314,5,9,40,3,0,70,0,70,75,trending,0.0,0,,,
2026-03-12T09:45:00+05:30,portfolio_replay,PREMIUM,ENTER,iron_condor,23612.75,22.14,1.0,0.0,0.0,1.039,0.062,0.202,5,9,45,3,0,95,0,95,75,high_vol_range,52.15,75,,,
2026-03-12T10:00:00+05:30,portfolio_replay,TREND,ENTER,debit_spread,23676.75,22.03,1.0,0.0,0.0,1.039,0.333,0.512,5,10,0,3,0,75,0,75,60,high_vol_range,41.01,75,,,
2026-03-12T14:50:00+05:30,portfolio_replay,PREMIUM,EXIT,iron_condor,23627.9,21.69,1.0,0.0,0.0,1.039,0.126,0.382,5,14,50,3,0,0,0,0,0,high_vol_range,0.0,0,Profit target: premium decayed 26.0%,1017.75,305
2026-03-12T15:15:00+05:30,portfolio_replay,TREND,EXIT,debit_spread,23630.0,21.61,1.0,0.0,0.0,1.039,0.135,0.276,5,15,15,3,0,0,0,0,0,high_vol_range,0.0,0,Time exit,234.0,315
2026-03-12T09:30:00+05:30,portfolio_replay,PREMIUM,SKIP,idle,23598.05,22.06,1.0,0.0,0.0,1.039,0.0,1.334,5,9,30,3,0,70,0,70,75,trending,0.0,0,,,
2026-03-12T09:35:00+05:30,portfolio_replay,PREMIUM,SKIP,idle,23588.45,22.13,1.0,0.0,0.0,1.039,0.041,1.314,5,9,35,3,0,70,0,70,75,trending,0.0,0,,,
2026-03-12T09:40:00+05:30,portfolio_replay,PREMIUM,SKIP,idle,23575.7,22.35,1.0,0.0,0.0,1.039,0.095,1.314,5,9,40,3,0,70,0,70,75,trending,0.0,0,,,
2026-03-12T09:45:00+05:30,portfolio_replay,PREMIUM,ENTER,iron_condor,23612.75,22.14,1.0,0.0,0.0,1.039,0.062,0.202,5,9,45,3,0,95,0,95,75,high_vol_range,52.15,75,,,
2026-03-12T10:00:00+05:30,portfolio_replay,TREND,ENTER,debit_spread,23676.75,22.03,1.0,0.0,0.0,1.039,0.333,0.512,5,10,0,3,0,75,0,75,60,high_vol_range,41.01,75,,,
2026-03-12T15:15:00+05:30,portfolio_replay,PREMIUM,EXIT,iron_condor,23630.0,21.61,1.0,0.0,0.0,1.039,0.135,0.276,5,15,15,3,0,0,0,0,0,high_vol_range,0.0,0,Time exit,1107.75,330
2026-03-12T15:16:00+05:30,portfolio_replay,TREND,EXIT,debit_spread,23625.15,21.64,1.0,0.0,0.0,1.039,0.114,0.276,5,15,16,3,0,0,0,0,0,high_vol_range,0.0,0,Time exit,261.0,316
2026-03-12T09:30:00+05:30,portfolio_replay,PREMIUM,SKIP,idle,23598.05,22.06,1.0,0.0,0.0,1.039,0.0,1.334,5,9,30,3,0,70,0,70,75,trending,0.0,0,,,
2026-03-12T09:35:00+05:30,portfolio_replay,PREMIUM,SKIP,idle,23588.45,22.13,1.0,0.0,0.0,1.039,0.041,1.314,5,9,35,3,0,70,0,70,75,trending,0.0,0,,,
2026-03-12T09:40:00+05:30,portfolio_replay,PREMIUM,SKIP,idle,23575.7,22.35,1.0,0.0,0.0,1.039,0.095,1.314,5,9,40,3,0,70,0,70,75,trending,0.0,0,,,
2026-03-12T09:45:00+05:30,portfolio_replay,PREMIUM,ENTER,iron_condor,23612.75,22.14,1.0,0.0,0.0,1.039,0.062,0.202,5,9,45,3,0,95,0,95,75,high_vol_range,52.15,75,,,
2026-03-12T10:00:00+05:30,portfolio_replay,TREND,ENTER,debit_spread,23676.75,22.03,1.0,0.0,0.0,1.039,0.333,0.512,5,10,0,3,0,75,0,75,60,high_vol_range,41.01,75,,,
2026-03-12T15:15:00+05:30,portfolio_replay,PREMIUM,EXIT,iron_condor,23630.0,21.61,1.0,0.0,0.0,1.039,0.135,0.276,5,15,15,3,0,0,0,0,0,high_vol_range,0.0,0,Time exit,1107.75,330
2026-03-12T15:16:00+05:30,portfolio_replay,TREND,EXIT,debit_spread,23625.15,21.64,1.0,0.0,0.0,1.039,0.114,0.276,5,15,16,3,0,0,0,0,0,high_vol_range,0.0,0,Time exit,261.0,316
2026-03-12T09:30:00+05:30,portfolio_replay,PREMIUM,SKIP,idle,23598.05,22.06,1.0,0.0,0.0,1.039,0.0,1.334,5,9,30,3,0,70,0,70,75,trending,0.0,0,,,
2026-03-12T09:35:00+05:30,portfolio_replay,PREMIUM,SKIP,idle,23588.45,22.13,1.0,0.0,0.0,1.039,0.041,1.314,5,9,35,3,0,70,0,70,75,trending,0.0,0,,,
2026-03-12T09:40:00+05:30,portfolio_replay,PREMIUM,SKIP,idle,23575.7,22.35,1.0,0.0,0.0,1.039,0.095,1.314,5,9,40,3,0,70,0,70,75,trending,0.0,0,,,
2026-03-12T09:45:00+05:30,portfolio_replay,PREMIUM,ENTER,iron_condor,23612.75,22.14,1.0,0.0,0.0,1.039,0.062,0.202,5,9,45,3,0,95,0,95,75,high_vol_range,52.15,75,,,
2026-03-12T10:00:00+05:30,portfolio_replay,TREND,ENTER,debit_spread,23676.75,22.03,1.0,0.0,0.0,1.039,0.333,0.512,5,10,0,3,0,75,0,75,60,high_vol_range,59.2,75,,,
2026-03-12T15:15:00+05:30,portfolio_replay,PREMIUM,EXIT,iron_condor,23630.0,21.61,1.0,0.0,0.0,1.039,0.135,0.276,5,15,15,3,0,0,0,0,0,high_vol_range,0.0,0,Time exit,1107.75,330
2026-03-12T15:16:00+05:30,portfolio_replay,TREND,EXIT,debit_spread,23625.15,21.64,1.0,0.0,0.0,1.039,0.114,0.276,5,15,16,3,0,0,0,0,0,high_vol_range,0.0,0,Time exit,360.0,316
2026-03-12T09:30:00+05:30,portfolio_replay,PREMIUM,SKIP,idle,23598.05,22.06,1.0,0.0,0.0,1.039,0.0,1.334,5,9,30,3,0,70,0,70,75,trending,0.0,0,,,
2026-03-12T09:35:00+05:30,portfolio_replay,PREMIUM,SKIP,idle,23588.45,22.13,1.0,0.0,0.0,1.039,0.041,1.314,5,9,35,3,0,70,0,70,75,trending,0.0,0,,,
2026-03-12T09:40:00+05:30,portfolio_replay,PREMIUM,SKIP,idle,23575.7,22.35,1.0,0.0,0.0,1.039,0.095,1.314,5,9,40,3,0,70,0,70,75,trending,0.0,0,,,
2026-03-12T09:45:00+05:30,portfolio_replay,PREMIUM,ENTER,iron_condor,23612.75,22.14,1.0,0.0,0.0,1.039,0.062,0.202,5,9,45,3,0,95,0,95,75,high_vol_range,52.15,75,,,
2026-03-12T10:00:00+05:30,portfolio_replay,TREND,ENTER,debit_spread,23676.75,22.03,1.0,0.0,0.0,1.039,0.333,0.512,5,10,0,3,0,75,0,75,60,high_vol_range,41.01,75,,,
2026-03-12T15:15:00+05:30,portfolio_replay,PREMIUM,EXIT,iron_condor,23630.0,21.61,1.0,0.0,0.0,1.039,0.135,0.276,5,15,15,3,0,0,0,0,0,high_vol_range,0.0,0,Time exit,1107.75,330
2026-03-12T15:16:00+05:30,portfolio_replay,TREND,EXIT,debit_spread,23625.15,21.64,1.0,0.0,0.0,1.039,0.114,0.276,5,15,16,3,0,0,0,0,0,high_vol_range,0.0,0,Time exit,261.0,316
2026-03-12T09:30:00+05:30,portfolio_replay,PREMIUM,SKIP,idle,23598.05,22.06,1.0,0.0,0.0,1.039,0.0,1.334,5,9,30,3,0,70,0,70,75,trending,0.0,0,,,
2026-03-12T09:35:00+05:30,portfolio_replay,PREMIUM,SKIP,idle,23588.45,22.13,1.0,0.0,0.0,1.039,0.041,1.314,5,9,35,3,0,70,0,70,75,trending,0.0,0,,,
2026-03-12T09:40:00+05:30,portfolio_replay,PREMIUM,SKIP,idle,23575.7,22.35,1.0,0.0,0.0,1.039,0.095,1.314,5,9,40,3,0,70,0,70,75,trending,0.0,0,,,
2026-03-12T09:45:00+05:30,portfolio_replay,PREMIUM,ENTER,iron_condor,23612.75,22.14,1.0,0.0,0.0,1.039,0.062,0.202,5,9,45,3,0,95,0,95,75,high_vol_range,52.15,75,,,
2026-03-12T10:00:00+05:30,portfolio_replay,TREND,ENTER,debit_spread,23676.75,22.03,1.0,0.0,0.0,1.039,0.333,0.512,5,10,0,3,0,75,0,75,60,high_vol_range,41.01,75,,,
2026-03-12T15:15:00+05:30,portfolio_replay,PREMIUM,EXIT,iron_condor,23630.0,21.61,1.0,0.0,0.0,1.039,0.135,0.276,5,15,15,3,0,0,0,0,0,high_vol_range,0.0,0,Time exit,1107.75,330
2026-03-12T15:16:00+05:30,portfolio_replay,TREND,EXIT,debit_spread,23625.15,21.64,1.0,0.0,0.0,1.039,0.114,0.276,5,15,16,3,0,0,0,0,0,high_vol_range,0.0,0,Time exit,261.0,316
2026-03-12T09:30:00+05:30,portfolio_replay,PREMIUM,SKIP,idle,23598.05,22.06,1.0,0.0,0.0,1.039,0.0,1.334,5,9,30,3,0,70,0,70,75,trending,0.0,0,,,
2026-03-12T09:35:00+05:30,portfolio_replay,PREMIUM,SKIP,idle,23588.45,22.13,1.0,0.0,0.0,1.039,0.041,1.314,5,9,35,3,0,70,0,70,75,trending,0.0,0,,,
2026-03-12T09:40:00+05:30,portfolio_replay,PREMIUM,SKIP,idle,23575.7,22.35,1.0,0.0,0.0,1.039,0.095,1.314,5,9,40,3,0,70,0,70,75,trending,0.0,0,,,
2026-03-12T09:45:00+05:30,portfolio_replay,PREMIUM,ENTER,iron_condor,23612.75,22.14,1.0,0.0,0.0,1.039,0.062,0.202,5,9,45,3,0,95,0,95,75,high_vol_range,52.15,75,,,
2026-03-12T10:00:00+05:30,portfolio_replay,TREND,ENTER,debit_spread,23676.75,22.03,1.0,0.0,0.0,1.039,0.333,0.512,5,10,0,3,0,75,0,75,60,high_vol_range,41.01,75,,,
2026-03-12T15:15:00+05:30,portfolio_replay,PREMIUM,EXIT,iron_condor,23630.0,21.61,1.0,0.0,0.0,1.039,0.135,0.276,5,15,15,3,0,0,0,0,0,high_vol_range,0.0,0,Time exit,1107.75,330
2026-03-12T15:16:00+05:30,portfolio_replay,TREND,EXIT,debit_spread,23625.15,21.64,1.0,0.0,0.0,1.039,0.114,0.276,5,15,16,3,0,0,0,0,0,high_vol_range,0.0,0,Time exit,261.0,316
2026-03-12T09:30:00+05:30,portfolio_replay,PREMIUM,SKIP,idle,23598.05,22.06,1.0,0.0,0.0,1.039,0.0,1.334,5,9,30,3,0,70,0,70,75,trending,0.0,0,,,
2026-03-12T09:35:00+05:30,portfolio_replay,PREMIUM,SKIP,idle,23588.45,22.13,1.0,0.0,0.0,1.039,0.041,1.314,5,9,35,3,0,70,0,70,75,trending,0.0,0,,,
2026-03-12T09:40:00+05:30,portfolio_replay,PREMIUM,SKIP,idle,23575.7,22.35,1.0,0.0,0.0,1.039,0.095,1.314,5,9,40,3,0,70,0,70,75,trending,0.0,0,,,
2026-03-12T09:45:00+05:30,portfolio_replay,PREMIUM,ENTER,iron_condor,23612.75,22.14,1.0,0.0,0.0,1.039,0.062,0.202,5,9,45,3,0,95,0,95,75,high_vol_range,52.15,75,,,
2026-03-12T10:00:00+05:30,portfolio_replay,TREND,ENTER,debit_spread,23676.75,22.03,1.0,0.0,0.0,1.039,0.333,0.512,5,10,0,3,0,75,0,75,60,high_vol_range,41.01,75,,,
2026-03-12T13:33:00+05:30,portfolio_replay,PREMIUM,EXIT,iron_condor,23810.8,20.89,1.0,0.0,0.0,1.039,0.901,0.445,5,13,33,3,0,0,0,0,0,high_vol_range,0.0,0,Trail stop: bounced 16.6%,67.5,228
2026-03-12T15:15:00+05:30,portfolio_replay,TREND,EXIT,debit_spread,23630.0,21.61,1.0,0.0,0.0,1.039,0.135,0.276,5,15,15,3,0,0,0,0,0,high_vol_range,0.0,0,Time exit,234.0,315
2026-03-12T09:30:00+05:30,portfolio_replay,PREMIUM,SKIP,idle,23598.05,22.06,1.0,0.0,0.0,1.039,0.0,1.334,5,9,30,3,0,70,0,70,75,trending,0.0,0,,,
2026-03-12T09:35:00+05:30,portfolio_replay,PREMIUM,SKIP,idle,23588.45,22.13,1.0,0.0,0.0,1.039,0.041,1.314,5,9,35,3,0,70,0,70,75,trending,0.0,0,,,
2026-03-12T09:40:00+05:30,portfolio_replay,PREMIUM,SKIP,idle,23575.7,22.35,1.0,0.0,0.0,1.039,0.095,1.314,5,9,40,3,0,70,0,70,75,trending,0.0,0,,,
2026-03-12T09:45:00+05:30,portfolio_replay,PREMIUM,ENTER,iron_condor,23612.75,22.14,1.0,0.0,0.0,1.039,0.062,0.202,5,9,45,3,0,95,0,95,75,high_vol_range,52.15,75,,,
2026-03-12T10:00:00+05:30,portfolio_replay,TREND,ENTER,debit_spread,23676.75,22.03,1.0,0.0,0.0,1.039,0.333,0.512,5,10,0,3,0,75,0,75,60,high_vol_range,41.01,75,,,
2026-03-12T13:33:00+05:30,portfolio_replay,PREMIUM,EXIT,iron_condor,23810.8,20.89,1.0,0.0,0.0,1.039,0.901,0.445,5,13,33,3,0,0,0,0,0,high_vol_range,0.0,0,Trail stop: bounced 16.6%,67.5,228
2026-03-12T15:15:00+05:30,portfolio_replay,TREND,EXIT,debit_spread,23630.0,21.61,1.0,0.0,0.0,1.039,0.135,0.276,5,15,15,3,0,0,0,0,0,high_vol_range,0.0,0,Time exit,234.0,315
2026-03-12T09:30:00+05:30,portfolio_replay,PREMIUM,SKIP,idle,23598.05,22.06,1.0,0.0,0.0,1.039,0.0,1.334,5,9,30,3,0,70,0,70,75,trending,0.0,0,,,
2026-03-12T09:35:00+05:30,portfolio_replay,PREMIUM,SKIP,idle,23588.45,22.13,1.0,0.0,0.0,1.039,0.041,1.314,5,9,35,3,0,70,0,70,75,trending,0.0,0,,,
2026-03-12T09:40:00+05:30,portfolio_replay,PREMIUM,SKIP,idle,23575.7,22.35,1.0,0.0,0.0,1.039,0.095,1.314,5,9,40,3,0,70,0,70,75,trending,0.0,0,,,
2026-03-12T09:45:00+05:30,portfolio_replay,PREMIUM,ENTER,iron_condor,23612.75,22.14,1.0,0.0,0.0,1.039,0.062,0.202,5,9,45,3,0,95,0,95,75,high_vol_range,52.15,75,,,
2026-03-12T10:00:00+05:30,portfolio_replay,TREND,ENTER,debit_spread,23676.75,22.03,1.0,0.0,0.0,1.039,0.333,0.512,5,10,0,3,0,75,0,75,60,high_vol_range,41.01,75,,,
2026-03-12T15:15:00+05:30,portfolio_replay,PREMIUM,EXIT,iron_condor,23630.0,21.61,1.0,0.0,0.0,1.039,0.135,0.276,5,15,15,3,0,0,0,0,0,high_vol_range,0.0,0,Time exit,1107.75,330
2026-03-12T15:16:00+05:30,portfolio_replay,TREND,EXIT,debit_spread,23625.15,21.64,1.0,0.0,0.0,1.039,0.114,0.276,5,15,16,3,0,0,0,0,0,high_vol_range,0.0,0,Time exit,261.0,316
2026-03-12T09:30:00+05:30,portfolio_replay,PREMIUM,SKIP,idle,23598.05,22.06,1.0,0.0,0.0,1.039,0.0,1.334,5,9,30,3,0,70,0,70,75,trending,0.0,0,,,
2026-03-12T09:35:00+05:30,portfolio_replay,PREMIUM,SKIP,idle,23588.45,22.13,1.0,0.0,0.0,1.039,0.041,1.314,5,9,35,3,0,70,0,70,75,trending,0.0,0,,,
2026-03-12T09:40:00+05:30,portfolio_replay,PREMIUM,SKIP,idle,23575.7,22.35,1.0,0.0,0.0,1.039,0.095,1.314,5,9,40,3,0,70,0,70,75,trending,0.0,0,,,
2026-03-12T09:45:00+05:30,portfolio_replay,PREMIUM,ENTER,iron_condor,23612.75,22.14,1.0,0.0,0.0,1.039,0.062,0.202,5,9,45,3,0,95,0,95,75,high_vol_range,52.15,75,,,
2026-03-12T10:00:00+05:30,portfolio_replay,TREND,ENTER,debit_spread,23676.75,22.03,1.0,0.0,0.0,1.039,0.333,0.512,5,10,0,3,0,75,0,75,60,high_vol_range,41.01,75,,,
2026-03-12T15:15:00+05:30,portfolio_replay,PREMIUM,EXIT,iron_condor,23630.0,21.61,1.0,0.0,0.0,1.039,0.135,0.276,5,15,15,3,0,0,0,0,0,high_vol_range,0.0,0,Time exit,1107.75,330
2026-03-12T15:16:00+05:30,portfolio_replay,TREND,EXIT,debit_spread,23625.15,21.64,1.0,0.0,0.0,1.039,0.114,0.276,5,15,16,3,0,0,0,0,0,high_vol_range,0.0,0,Time exit,261.0,316
2026-03-12T09:30:00+05:30,portfolio_replay,PREMIUM,SKIP,idle,23598.05,22.06,1.0,0.0,0.0,1.039,0.0,1.334,5,9,30,3,0,70,0,70,75,trending,0.0,0,,,
2026-03-12T09:35:00+05:30,portfolio_replay,PREMIUM,SKIP,idle,23588.45,22.13,1.0,0.0,0.0,1.039,0.041,1.314,5,9,35,3,0,70,0,70,75,trending,0.0,0,,,
2026-03-12T09:40:00+05:30,portfolio_replay,PREMIUM,SKIP,idle,23575.7,22.35,1.0,0.0,0.0,1.039,0.095,1.314,5,9,40,3,0,70,0,70,75,trending,0.0,0,,,
2026-03-12T09:45:00+05:30,portfolio_replay,PREMIUM,ENTER,iron_condor,23612.75,22.14,1.0,0.0,0.0,1.039,0.062,0.202,5,9,45,3,0,95,0,95,75,high_vol_range,52.15,75,,,
2026-03-12T10:00:00+05:30,portfolio_replay,TREND,ENTER,debit_spread,23676.75,22.03,1.0,0.0,0.0,1.039,0.333,0.512,5,10,0,3,0,75,0,75,60,high_vol_range,41.01,75,,,
2026-03-12T15:15:00+05:30,portfolio_replay,PREMIUM,EXIT,iron_condor,23630.0,21.61,1.0,0.0,0.0,1.039,0.135,0.276,5,15,15,3,0,0,0,0,0,high_vol_range,0.0,0,Time exit,1107.75,330
2026-03-12T15:16:00+05:30,portfolio_replay,TREND,EXIT,debit_spread,23625.15,21.64,1.0,0.0,0.0,1.039,0.114,0.276,5,15,16,3,0,0,0,0,0,high_vol_range,0.0,0,Time exit,261.0,316
2026-03-12T09:30:00+05:30,portfolio_replay,PREMIUM,SKIP,idle,23598.05,22.06,1.0,0.0,0.0,1.039,0.0,1.334,5,9,30,3,0,70,0,70,75,trending,0.0,0,,,
2026-03-12T09:35:00+05:30,portfolio_replay,PREMIUM,SKIP,idle,23588.45,22.13,1.0,0.0,0.0,1.039,0.041,1.314,5,9,35,3,0,70,0,70,75,trending,0.0,0,,,
2026-03-12T09:40:00+05:30,portfolio_replay,PREMIUM,SKIP,idle,23575.7,22.35,1.0,0.0,0.0,1.039,0.095,1.314,5,9,40,3,0,70,0,70,75,trending,0.0,0,,,
2026-03-12T09:45:00+05:30,portfolio_replay,PREMIUM,ENTER,iron_condor,23612.75,22.14,1.0,0.0,0.0,1.039,0.062,0.202,5,9,45,3,0,95,0,95,75,high_vol_range,52.15,75,,,
2026-03-12T10:00:00+05:30,portfolio_replay,TREND,ENTER,debit_spread,23676.75,22.03,1.0,0.0,0.0,1.039,0.333,0.512,5,10,0,3,0,75,0,75,60,high_vol_range,41.01,75,,,
2026-03-12T15:15:00+05:30,portfolio_replay,PREMIUM,EXIT,iron_condor,23630.0,21.61,1.0,0.0,0.0,1.039,0.135,0.276,5,15,15,3,0,0,0,0,0,high_vol_range,0.0,0,Time exit,1107.75,330
2026-03-12T15:16:00+05:30,portfolio_replay,TREND,EXIT,debit_spread,23625.15,21.64,1.0,0.0,0.0,1.039,0.114,0.276,5,15,16,3,0,0,0,0,0,high_vol_range,0.0,0,Time exit,261.0,316
2026-03-12T09:30:00+05:30,portfolio_replay,PREMIUM,SKIP,idle,23598.05,22.06,1.0,0.0,0.0,1.039,0.0,1.334,5,9,30,3,0,70,0,70,75,trending,0.0,0,,,
2026-03-12T09:35:00+05:30,portfolio_replay,PREMIUM,SKIP,idle,23588.45,22.13,1.0,0.0,0.0,1.039,0.041,1.314,5,9,35,3,0,70,0,70,75,trending,0.0,0,,,
2026-03-12T09:40:00+05:30,portfolio_replay,PREMIUM,SKIP,idle,23575.7,22.35,1.0,0.0,0.0,1.039,0.095,1.314,5,9,40,3,0,70,0,70,75,trending,0.0,0,,,
2026-03-12T09:45:00+05:30,portfolio_replay,PREMIUM,ENTER,iron_condor,23612.75,22.14,1.0,0.0,0.0,1.039,0.062,0.202,5,9,45,3,0,95,0,95,75,high_vol_range,52.15,75,,,
2026-03-12T10:00:00+05:30,portfolio_replay,TREND,ENTER,debit_spread,23676.75,22.03,1.0,0.0,0.0,1.039,0.333,0.512,5,10,0,3,0,75,0,75,60,high_vol_range,41.01,75,,,
2026-03-12T15:15:00+05:30,portfolio_replay,PREMIUM,EXIT,iron_condor,23630.0,21.61,1.0,0.0,0.0,1.039,0.135,0.276,5,15,15,3,0,0,0,0,0,high_vol_range,0.0,0,Time exit,1107.75,330
2026-03-12T15:16:00+05:30,portfolio_replay,TREND,EXIT,debit_spread,23625.15,21.64,1.0,0.0,0.0,1.039,0.114,0.276,5,15,16,3,0,0,0,0,0,high_vol_range,0.0,0,Time exit,261.0,316
2026-03-12T09:30:00+05:30,portfolio_replay,PREMIUM,SKIP,idle,23598.05,22.06,1.0,0.0,0.0,1.039,0.0,1.334,5,9,30,3,0,70,0,70,75,trending,0.0,0,,,
2026-03-12T09:35:00+05:30,portfolio_replay,PREMIUM,SKIP,idle,23588.45,22.13,1.0,0.0,0.0,1.039,0.041,1.314,5,9,35,3,0,70,0,70,75,trending,0.0,0,,,
2026-03-12T09:40:00+05:30,portfolio_replay,PREMIUM,SKIP,idle,23575.7,22.35,1.0,0.0,0.0,1.039,0.095,1.314,5,9,40,3,0,70,0,70,75,trending,0.0,0,,,
2026-03-12T09:45:00+05:30,portfolio_replay,PREMIUM,ENTER,iron_condor,23612.75,22.14,1.0,0.0,0.0,1.039,0.062,0.202,5,9,45,3,0,95,0,95,75,high_vol_range,52.15,75,,,
2026-03-12T10:00:00+05:30,portfolio_replay,TREND,ENTER,debit_spread,23676.75,22.03,1.0,0.0,0.0,1.039,0.333,0.512,5,10,0,3,0,75,0,75,60,high_vol_range,41.01,75,,,
2026-03-12T15:15:00+05:30,portfolio_replay,PREMIUM,EXIT,iron_condor,23630.0,21.61,1.0,0.0,0.0,1.039,0.135,0.276,5,15,15,3,0,0,0,0,0,high_vol_range,0.0,0,Time exit,1107.75,330
2026-03-12T15:16:00+05:30,portfolio_replay,TREND,EXIT,debit_spread,23625.15,21.64,1.0,0.0,0.0,1.039,0.114,0.276,5,15,16,3,0,0,0,0,0,high_vol_range,0.0,0,Time exit,261.0,316
2026-03-12T09:30:00+05:30,portfolio_hist,PREMIUM,SKIP,idle,23598.05,22.06,1.0,0.0,0.0,1.039,0.0,1.334,5,9,30,3,0,70,0,70,75,trending,0.0,0,,,
2026-03-12T09:35:00+05:30,portfolio_hist,PREMIUM,SKIP,idle,23588.45,22.13,1.0,0.0,0.0,1.039,0.041,1.314,5,9,35,3,0,70,0,70,75,trending,0.0,0,,,
2026-03-12T09:40:00+05:30,portfolio_hist,PREMIUM,SKIP,idle,23575.7,22.35,1.0,0.0,0.0,1.039,0.095,1.314,5,9,40,3,0,70,0,70,75,trending,0.0,0,,,
2026-03-12T09:45:00+05:30,portfolio_hist,PREMIUM,ENTER,iron_condor,23612.75,22.14,1.0,0.0,0.0,1.039,0.062,0.202,5,9,45,3,0,95,0,95,75,high_vol_range,52.15,75,,,
2026-03-12T10:00:00+05:30,portfolio_hist,TREND,ENTER,debit_spread,23676.75,22.03,1.0,0.0,0.0,1.039,0.333,0.512,5,10,0,3,0,75,0,75,60,high_vol_range,41.01,75,,,
2026-03-12T15:15:00+05:30,portfolio_hist,PREMIUM,EXIT,iron_condor,23630.0,21.61,1.0,0.0,0.0,1.039,0.135,0.276,5,15,15,3,0,0,0,0,0,high_vol_range,0.0,0,Time exit,1107.75,330
2026-03-12T15:16:00+05:30,portfolio_hist,TREND,EXIT,debit_spread,23625.15,21.64,1.0,0.0,0.0,1.039,0.114,0.276,5,15,16,3,0,0,0,0,0,high_vol_range,0.0,0,Time exit,261.0,316
2026-03-12T09:30:00+05:30,portfolio_hist,PREMIUM,SKIP,idle,23598.05,22.06,1.0,0.0,0.0,1.039,0.0,1.334,5,9,30,3,0,70,0,70,75,trending,0.0,0,,,
2026-03-12T09:35:00+05:30,portfolio_hist,PREMIUM,SKIP,idle,23588.45,22.13,1.0,0.0,0.0,1.039,0.041,1.314,5,9,35,3,0,70,0,70,75,trending,0.0,0,,,
2026-03-12T09:40:00+05:30,portfolio_hist,PREMIUM,SKIP,idle,23575.7,22.35,1.0,0.0,0.0,1.039,0.095,1.314,5,9,40,3,0,70,0,70,75,trending,0.0,0,,,
2026-03-12T09:45:00+05:30,portfolio_hist,PREMIUM,ENTER,iron_condor,23612.75,22.14,1.0,0.0,0.0,1.039,0.062,0.202,5,9,45,3,0,95,0,95,75,high_vol_range,52.15,75,,,
2026-03-12T10:00:00+05:30,portfolio_hist,TREND,ENTER,debit_spread,23676.75,22.03,1.0,0.0,0.0,1.039,0.333,0.512,5,10,0,3,0,75,0,75,60,high_vol_range,41.01,75,,,
2026-03-12T15:15:00+05:30,portfolio_hist,PREMIUM,EXIT,iron_condor,23630.0,21.61,1.0,0.0,0.0,1.039,0.135,0.276,5,15,15,3,0,0,0,0,0,high_vol_range,0.0,0,Time exit,1107.75,330
2026-03-12T15:16:00+05:30,portfolio_hist,TREND,EXIT,debit_spread,23625.15,21.64,1.0,0.0,0.0,1.039,0.114,0.276,5,15,16,3,0,0,0,0,0,high_vol_range,0.0,0,Time exit,261.0,316
2026-03-12T09:30:00+05:30,portfolio_hist,PREMIUM,SKIP,idle,23598.05,22.06,1.0,0.0,0.0,1.039,0.0,1.334,5,9,30,3,0,70,0,70,75,trending,0.0,0,,,
2026-03-12T09:35:00+05:30,portfolio_hist,PREMIUM,SKIP,idle,23588.45,22.13,1.0,0.0,0.0,1.039,0.041,1.314,5,9,35,3,0,70,0,70,75,trending,0.0,0,,,
2026-03-12T09:40:00+05:30,portfolio_hist,PREMIUM,SKIP,idle,23575.7,22.35,1.0,0.0,0.0,1.039,0.095,1.314,5,9,40,3,0,70,0,70,75,trending,0.0,0,,,
2026-03-12T09:45:00+05:30,portfolio_hist,PREMIUM,ENTER,iron_condor,23612.75,22.14,1.0,0.0,0.0,1.039,0.062,0.202,5,9,45,3,0,95,0,95,75,high_vol_range,52.15,75,,,
2026-03-12T10:00:00+05:30,portfolio_hist,TREND,ENTER,debit_spread,23676.75,22.03,1.0,0.0,0.0,1.039,0.333,0.512,5,10,0,3,0,75,0,75,60,high_vol_range,41.01,75,,,
2026-03-12T15:15:00+05:30,portfolio_hist,PREMIUM,EXIT,iron_condor,23630.0,21.61,1.0,0.0,0.0,1.039,0.135,0.276,5,15,15,3,0,0,0,0,0,high_vol_range,0.0,0,Time exit,1107.75,330
2026-03-12T15:16:00+05:30,portfolio_hist,TREND,EXIT,debit_spread,23625.15,21.64,1.0,0.0,0.0,1.039,0.114,0.276,5,15,16,3,0,0,0,0,0,high_vol_range,0.0,0,Time exit,261.0,316
2026-03-12T09:30:00+05:30,portfolio_hist,PREMIUM,SKIP,idle,23598.05,22.06,1.0,0.0,0.0,1.039,0.0,1.334,5,9,30,3,0,70,0,70,75,trending,0.0,0,,,
2026-03-12T09:35:00+05:30,portfolio_hist,PREMIUM,SKIP,idle,23588.45,22.13,1.0,0.0,0.0,1.039,0.041,1.314,5,9,35,3,0,70,0,70,75,trending,0.0,0,,,
2026-03-12T09:40:00+05:30,portfolio_hist,PREMIUM,SKIP,idle,23575.7,22.35,1.0,0.0,0.0,1.039,0.095,1.314,5,9,40,3,0,70,0,70,75,trending,0.0,0,,,
2026-03-12T09:45:00+05:30,portfolio_hist,PREMIUM,ENTER,iron_condor,23612.75,22.14,1.0,0.0,0.0,1.039,0.062,0.202,5,9,45,3,0,95,0,95,75,high_vol_range,52.15,75,,,
2026-03-12T10:00:00+05:30,portfolio_hist,TREND,ENTER,debit_spread,23676.75,22.03,1.0,0.0,0.0,1.039,0.333,0.512,5,10,0,3,0,75,0,75,60,high_vol_range,41.01,75,,,
2026-03-12T15:15:00+05:30,portfolio_hist,PREMIUM,EXIT,iron_condor,23630.0,21.61,1.0,0.0,0.0,1.039,0.135,0.276,5,15,15,3,0,0,0,0,0,high_vol_range,0.0,0,Time exit,1107.75,330
2026-03-12T15:16:00+05:30,portfolio_hist,TREND,EXIT,debit_spread,23625.15,21.64,1.0,0.0,0.0,1.039,0.114,0.276,5,15,16,3,0,0,0,0,0,high_vol_range,0.0,0,Time exit,261.0,316
2026-03-12T09:30:00+05:30,portfolio_hist,PREMIUM,SKIP,idle,23598.05,22.06,1.0,0.0,0.0,1.039,0.0,1.334,5,9,30,3,0,70,0,70,75,trending,0.0,0,,,
2026-03-12T09:35:00+05:30,portfolio_hist,PREMIUM,SKIP,idle,23588.45,22.13,1.0,0.0,0.0,1.039,0.041,1.314,5,9,35,3,0,70,0,70,75,trending,0.0,0,,,
2026-03-12T09:40:00+05:30,portfolio_hist,PREMIUM,SKIP,idle,23575.7,22.35,1.0,0.0,0.0,1.039,0.095,1.314,5,9,40,3,0,70,0,70,75,trending,0.0,0,,,
2026-03-12T09:45:00+05:30,portfolio_hist,PREMIUM,ENTER,iron_condor,23612.75,22.14,1.0,0.0,0.0,1.039,0.062,0.202,5,9,45,3,0,95,0,95,75,high_vol_range,52.15,75,,,
2026-03-12T10:00:00+05:30,portfolio_hist,TREND,ENTER,debit_spread,23676.75,22.03,1.0,0.0,0.0,1.039,0.333,0.512,5,10,0,3,0,75,0,75,60,high_vol_range,41.01,75,,,
2026-03-12T15:15:00+05:30,portfolio_hist,PREMIUM,EXIT,iron_condor,23630.0,21.61,1.0,0.0,0.0,1.039,0.135,0.276,5,15,15,3,0,0,0,0,0,high_vol_range,0.0,0,Time exit,1107.75,330
2026-03-12T15:16:00+05:30,portfolio_hist,TREND,EXIT,debit_spread,23625.15,21.64,1.0,0.0,0.0,1.039,0.114,0.276,5,15,16,3,0,0,0,0,0,high_vol_range,0.0,0,Time exit,261.0,316
2026-03-12T09:30:00+05:30,portfolio_hist,PREMIUM,SKIP,idle,23598.05,22.06,1.0,0.0,0.0,1.039,0.0,1.334,5,9,30,3,0,70,0,70,75,trending,0.0,0,,,
2026-03-12T09:35:00+05:30,portfolio_hist,PREMIUM,SKIP,idle,23588.45,22.13,1.0,0.0,0.0,1.039,0.041,1.314,5,9,35,3,0,70,0,70,75,trending,0.0,0,,,
2026-03-12T09:40:00+05:30,portfolio_hist,PREMIUM,SKIP,idle,23575.7,22.35,1.0,0.0,0.0,1.039,0.095,1.314,5,9,40,3,0,70,0,70,75,trending,0.0,0,,,
2026-03-12T09:45:00+05:30,portfolio_hist,PREMIUM,ENTER,iron_condor,23612.75,22.14,1.0,0.0,0.0,1.039,0.062,0.202,5,9,45,3,0,95,0,95,75,high_vol_range,52.15,75,,,
2026-03-12T10:00:00+05:30,portfolio_hist,TREND,ENTER,debit_spread,23676.75,22.03,1.0,0.0,0.0,1.039,0.333,0.512,5,10,0,3,0,75,0,75,60,high_vol_range,41.01,75,,,
2026-03-12T15:15:00+05:30,portfolio_hist,PREMIUM,EXIT,iron_condor,23630.0,21.61,1.0,0.0,0.0,1.039,0.135,0.276,5,15,15,3,0,0,0,0,0,high_vol_range,0.0,0,Time exit,1107.75,330
2026-03-12T15:16:00+05:30,portfolio_hist,TREND,EXIT,debit_spread,23625.15,21.64,1.0,0.0,0.0,1.039,0.114,0.276,5,15,16,3,0,0,0,0,0,high_vol_range,0.0,0,Time exit,261.0,316
2026-03-12T09:30:00+05:30,portfolio_hist,PREMIUM,SKIP,idle,23598.05,22.06,1.0,0.0,0.0,1.039,0.0,1.334,5,9,30,3,0,70,0,70,75,trending,0.0,0,,,
2026-03-12T09:35:00+05:30,portfolio_hist,PREMIUM,SKIP,idle,23588.45,22.13,1.0,0.0,0.0,1.039,0.041,1.314,5,9,35,3,0,70,0,70,75,trending,0.0,0,,,
2026-03-12T09:40:00+05:30,portfolio_hist,PREMIUM,SKIP,idle,23575.7,22.35,1.0,0.0,0.0,1.039,0.095,1.314,5,9,40,3,0,70,0,70,75,trending,0.0,0,,,
2026-03-12T09:45:00+05:30,portfolio_hist,PREMIUM,ENTER,iron_condor,23612.75,22.14,1.0,0.0,0.0,1.039,0.062,0.202,5,9,45,3,0,95,0,95,75,high_vol_range,52.15,75,,,
2026-03-12T10:00:00+05:30,portfolio_hist,TREND,ENTER,debit_spread,23676.75,22.03,1.0,0.0,0.0,1.039,0.333,0.512,5,10,0,3,0,75,0,75,60,high_vol_range,41.01,75,,,
2026-03-12T15:15:00+05:30,portfolio_hist,PREMIUM,EXIT,iron_condor,23630.0,21.61,1.0,0.0,0.0,1.039,0.135,0.276,5,15,15,3,0,0,0,0,0,high_vol_range,0.0,0,Time exit,1107.75,330
2026-03-12T15:16:00+05:30,portfolio_hist,TREND,EXIT,debit_spread,23625.15,21.64,1.0,0.0,0.0,1.039,0.114,0.276,5,15,16,3,0,0,0,0,0,high_vol_range,0.0,0,Time exit,261.0,316
2026-03-12T09:30:00+05:30,portfolio_hist,PREMIUM,SKIP,idle,23598.05,22.06,1.0,0.0,0.0,1.039,0.0,1.334,5,9,30,3,0,70,0,70,75,trending,0.0,0,,,
2026-03-12T09:35:00+05:30,portfolio_hist,PREMIUM,SKIP,idle,23588.45,22.13,1.0,0.0,0.0,1.039,0.041,1.314,5,9,35,3,0,70,0,70,75,trending,0.0,0,,,
2026-03-12T09:40:00+05:30,portfolio_hist,PREMIUM,SKIP,idle,23575.7,22.35,1.0,0.0,0.0,1.039,0.095,1.314,5,9,40,3,0,70,0,70,75,trending,0.0,0,,,
2026-03-12T09:45:00+05:30,portfolio_hist,PREMIUM,ENTER,iron_condor,23612.75,22.14,1.0,0.0,0.0,1.039,0.062,0.202,5,9,45,3,0,95,0,95,75,high_vol_range,52.15,75,,,
2026-03-12T10:00:00+05:30,portfolio_hist,TREND,ENTER,debit_spread,23676.75,22.03,1.0,0.0,0.0,1.039,0.333,0.512,5,10,0,3,0,75,0,75,60,high_vol_range,41.01,75,,,
2026-03-12T15:15:00+05:30,portfolio_hist,PREMIUM,EXIT,iron_condor,23630.0,21.61,1.0,0.0,0.0,1.039,0.135,0.276,5,15,15,3,0,0,0,0,0,high_vol_range,0.0,0,Time exit,1107.75,330
2026-03-12T15:16:00+05:30,portfolio_hist,TREND,EXIT,debit_spread,23625.15,21.64,1.0,0.0,0.0,1.039,0.114,0.276,5,15,16,3,0,0,0,0,0,high_vol_range,0.0,0,Time exit,261.0,316
2026-03-12T09:30:00+05:30,portfolio_hist,PREMIUM,SKIP,idle,23598.05,22.06,1.0,0.0,0.0,1.039,0.0,1.334,5,9,30,3,0,70,0,70,75,trending,0.0,0,,,
2026-03-12T09:35:00+05:30,portfolio_hist,PREMIUM,SKIP,idle,23588.45,22.13,1.0,0.0,0.0,1.039,0.041,1.314,5,9,35,3,0,70,0,70,75,trending,0.0,0,,,
2026-03-12T09:40:00+05:30,portfolio_hist,PREMIUM,SKIP,idle,23575.7,22.35,1.0,0.0,0.0,1.039,0.095,1.314,5,9,40,3,0,70,0,70,75,trending,0.0,0,,,
2026-03-12T09:45:00+05:30,portfolio_hist,PREMIUM,ENTER,iron_condor,23612.75,22.14,1.0,0.0,0.0,1.039,0.062,0.202,5,9,45,3,0,95,0,95,75,high_vol_range,52.15,75,,,
2026-03-12T10:00:00+05:30,portfolio_hist,TREND,ENTER,debit_spread,23676.75,22.03,1.0,0.0,0.0,1.039,0.333,0.512,5,10,0,3,0,75,0,75,60,high_vol_range,41.01,75,,,
2026-03-12T15:15:00+05:30,portfolio_hist,PREMIUM,EXIT,iron_condor,23630.0,21.61,1.0,0.0,0.0,1.039,0.135,0.276,5,15,15,3,0,0,0,0,0,high_vol_range,0.0,0,Time exit,1107.75,330
2026-03-12T15:16:00+05:30,portfolio_hist,TREND,EXIT,debit_spread,23625.15,21.64,1.0,0.0,0.0,1.039,0.114,0.276,5,15,16,3,0,0,0,0,0,high_vol_range,0.0,0,Time exit,261.0,316
2026-03-12T09:30:00+05:30,portfolio_hist,PREMIUM,SKIP,idle,23598.05,22.06,1.0,0.0,0.0,1.039,0.0,1.334,5,9,30,3,0,70,0,70,75,trending,0.0,0,,,
2026-03-12T09:35:00+05:30,portfolio_hist,PREMIUM,SKIP,idle,23588.45,22.13,1.0,0.0,0.0,1.039,0.041,1.314,5,9,35,3,0,70,0,70,75,trending,0.0,0,,,
2026-03-12T09:40:00+05:30,portfolio_hist,PREMIUM,SKIP,idle,23575.7,22.35,1.0,0.0,0.0,1.039,0.095,1.314,5,9,40,3,0,70,0,70,75,trending,0.0,0,,,
2026-03-12T09:45:00+05:30,portfolio_hist,PREMIUM,ENTER,iron_condor,23612.75,22.14,1.0,0.0,0.0,1.039,0.062,0.202,5,9,45,3,0,95,0,95,75,high_vol_range,52.15,75,,,
2026-03-12T10:00:00+05:30,portfolio_hist,TREND,ENTER,debit_spread,23676.75,22.03,1.0,0.0,0.0,1.039,0.333,0.512,5,10,0,3,0,75,0,75,60,high_vol_range,41.01,75,,,
2026-03-12T15:15:00+05:30,portfolio_hist,PREMIUM,EXIT,iron_condor,23630.0,21.61,1.0,0.0,0.0,1.039,0.135,0.276,5,15,15,3,0,0,0,0,0,high_vol_range,0.0,0,Time exit,1107.75,330
2026-03-12T15:16:00+05:30,portfolio_hist,TREND,EXIT,debit_spread,23625.15,21.64,1.0,0.0,0.0,1.039,0.114,0.276,5,15,16,3,0,0,0,0,0,high_vol_range,0.0,0,Time exit,261.0,316
2026-03-12T09:30:00+05:30,portfolio_hist,PREMIUM,SKIP,idle,23598.05,22.06,1.0,0.0,0.0,1.039,0.0,1.334,5,9,30,3,0,70,0,70,75,trending,0.0,0,,,
2026-03-12T09:35:00+05:30,portfolio_hist,PREMIUM,SKIP,idle,23588.45,22.13,1.0,0.0,0.0,1.039,0.041,1.314,5,9,35,3,0,70,0,70,75,trending,0.0,0,,,
2026-03-12T09:40:00+05:30,portfolio_hist,PREMIUM,SKIP,idle,23575.7,22.35,1.0,0.0,0.0,1.039,0.095,1.314,5,9,40,3,0,70,0,70,75,trending,0.0,0,,,
2026-03-12T09:45:00+05:30,portfolio_hist,PREMIUM,ENTER,iron_condor,23612.75,22.14,1.0,0.0,0.0,1.039,0.062,0.202,5,9,45,3,0,95,0,95,75,high_vol_range,52.15,75,,,
2026-03-12T10:00:00+05:30,portfolio_hist,TREND,ENTER,debit_spread,23676.75,22.03,1.0,0.0,0.0,1.039,0.333,0.512,5,10,0,3,0,75,0,75,60,high_vol_range,41.01,75,,,
2026-03-12T15:15:00+05:30,portfolio_hist,PREMIUM,EXIT,iron_condor,23630.0,21.61,1.0,0.0,0.0,1.039,0.135,0.276,5,15,15,3,0,0,0,0,0,high_vol_range,0.0,0,Time exit,1107.75,330
2026-03-12T15:16:00+05:30,portfolio_hist,TREND,EXIT,debit_spread,23625.15,21.64,1.0,0.0,0.0,1.039,0.114,0.276,5,15,16,3,0,0,0,0,0,high_vol_range,0.0,0,Time exit,261.0,316
2026-03-12T09:30:00+05:30,portfolio_hist,PREMIUM,SKIP,idle,23598.05,22.06,1.0,0.0,0.0,1.039,0.0,1.334,5,9,30,3,0,70,0,70,75,trending,0.0,0,,,
2026-03-12T09:35:00+05:30,portfolio_hist,PREMIUM,SKIP,idle,23588.45,22.13,1.0,0.0,0.0,1.039,0.041,1.314,5,9,35,3,0,70,0,70,75,trending,0.0,0,,,
2026-03-12T09:40:00+05:30,portfolio_hist,PREMIUM,SKIP,idle,23575.7,22.35,1.0,0.0,0.0,1.039,0.095,1.314,5,9,40,3,0,70,0,70,75,trending,0.0,0,,,
2026-03-12T09:45:00+05:30,portfolio_hist,PREMIUM,ENTER,iron_condor,23612.75,22.14,1.0,0.0,0.0,1.039,0.062,0.202,5,9,45,3,0,95,0,95,75,high_vol_range,52.15,75,,,
2026-03-12T10:00:00+05:30,portfolio_hist,TREND,ENTER,debit_spread,23676.75,22.03,1.0,0.0,0.0,1.039,0.333,0.512,5,10,0,3,0,75,0,75,60,high_vol_range,41.01,75,,,
2026-03-12T15:15:00+05:30,portfolio_hist,PREMIUM,EXIT,iron_condor,23630.0,21.61,1.0,0.0,0.0,1.039,0.135,0.276,5,15,15,3,0,0,0,0,0,high_vol_range,0.0,0,Time exit,1107.75,330
2026-03-12T15:16:00+05:30,portfolio_hist,TREND,EXIT,debit_spread,23625.15,21.64,1.0,0.0,0.0,1.039,0.114,0.276,5,15,16,3,0,0,0,0,0,high_vol_range,0.0,0,Time exit,261.0,316
2026-03-12T09:30:00+05:30,portfolio_hist,PREMIUM,SKIP,idle,23598.05,22.06,1.0,0.0,0.0,1.039,0.0,1.334,5,9,30,3,0,70,0,70,75,trending,0.0,0,,,
2026-03-12T09:35:00+05:30,portfolio_hist,PREMIUM,SKIP,idle,23588.45,22.13,1.0,0.0,0.0,1.039,0.041,1.314,5,9,35,3,0,70,0,70,75,trending,0.0,0,,,
2026-03-12T09:40:00+05:30,portfolio_hist,PREMIUM,SKIP,idle,23575.7,22.35,1.0,0.0,0.0,1.039,0.095,1.314,5,9,40,3,0,70,0,70,75,trending,0.0,0,,,
2026-03-12T09:45:00+05:30,portfolio_hist,PREMIUM,ENTER,iron_condor,23612.75,22.14,1.0,0.0,0.0,1.039,0.062,0.202,5,9,45,3,0,95,0,95,75,high_vol_range,52.15,75,,,
2026-03-12T10:00:00+05:30,portfolio_hist,TREND,ENTER,debit_spread,23676.75,22.03,1.0,0.0,0.0,1.039,0.333,0.512,5,10,0,3,0,75,0,75,60,high_vol_range,41.01,75,,,
2026-03-12T15:15:00+05:30,portfolio_hist,PREMIUM,EXIT,iron_condor,23630.0,21.61,1.0,0.0,0.0,1.039,0.135,0.276,5,15,15,3,0,0,0,0,0,high_vol_range,0.0,0,Time exit,1107.75,330
2026-03-12T15:16:00+05:30,portfolio_hist,TREND,EXIT,debit_spread,23625.15,21.64,1.0,0.0,0.0,1.039,0.114,0.276,5,15,16,3,0,0,0,0,0,high_vol_range,0.0,0,Time exit,261.0,316
2026-03-12T09:30:00+05:30,portfolio_hist,PREMIUM,SKIP,idle,23598.05,22.06,1.0,0.0,0.0,1.039,0.0,1.334,5,9,30,3,0,70,0,70,75,trending,0.0,0,,,
2026-03-12T09:35:00+05:30,portfolio_hist,PREMIUM,SKIP,idle,23588.45,22.13,1.0,0.0,0.0,1.039,0.041,1.314,5,9,35,3,0,70,0,70,75,trending,0.0,0,,,
2026-03-12T09:40:00+05:30,portfolio_hist,PREMIUM,SKIP,idle,23575.7,22.35,1.0,0.0,0.0,1.039,0.095,1.314,5,9,40,3,0,70,0,70,75,trending,0.0,0,,,
2026-03-12T09:45:00+05:30,portfolio_hist,PREMIUM,ENTER,iron_condor,23612.75,22.14,1.0,0.0,0.0,1.039,0.062,0.202,5,9,45,3,0,95,0,95,75,high_vol_range,52.15,75,,,
2026-03-12T10:00:00+05:30,portfolio_hist,TREND,ENTER,debit_spread,23676.75,22.03,1.0,0.0,0.0,1.039,0.333,0.512,5,10,0,3,0,75,0,75,60,high_vol_range,41.01,75,,,
2026-03-12T15:15:00+05:30,portfolio_hist,PREMIUM,EXIT,iron_condor,23630.0,21.61,1.0,0.0,0.0,1.039,0.135,0.276,5,15,15,3,0,0,0,0,0,high_vol_range,0.0,0,Time exit,1107.75,330
2026-03-12T15:16:00+05:30,portfolio_hist,TREND,EXIT,debit_spread,23625.15,21.64,1.0,0.0,0.0,1.039,0.114,0.276,5,15,16,3,0,0,0,0,0,high_vol_range,0.0,0,Time exit,261.0,316
2026-03-12T09:30:00+05:30,portfolio_hist,PREMIUM,SKIP,idle,23598.05,22.06,1.0,0.0,0.0,1.039,0.0,1.334,5,9,30,3,0,70,0,70,75,trending,0.0,0,,,
2026-03-12T09:35:00+05:30,portfolio_hist,PREMIUM,SKIP,idle,23588.45,22.13,1.0,0.0,0.0,1.039,0.041,1.314,5,9,35,3,0,70,0,70,75,trending,0.0,0,,,
2026-03-12T09:40:00+05:30,portfolio_hist,PREMIUM,SKIP,idle,23575.7,22.35,1.0,0.0,0.0,1.039,0.095,1.314,5,9,40,3,0,70,0,70,75,trending,0.0,0,,,
2026-03-12T09:45:00+05:30,portfolio_hist,PREMIUM,ENTER,iron_condor,23612.75,22.14,1.0,0.0,0.0,1.039,0.062,0.202,5,9,45,3,0,95,0,95,75,high_vol_range,52.15,75,,,
2026-03-12T10:00:00+05:30,portfolio_hist,TREND,ENTER,debit_spread,23676.75,22.03,1.0,0.0,0.0,1.039,0.333,0.512,5,10,0,3,0,75,0,75,60,high_vol_range,41.01,75,,,
2026-03-12T15:15:00+05:30,portfolio_hist,PREMIUM,EXIT,iron_condor,23630.0,21.61,1.0,0.0,0.0,1.039,0.135,0.276,5,15,15,3,0,0,0,0,0,high_vol_range,0.0,0,Time exit,1107.75,330
2026-03-12T15:16:00+05:30,portfolio_hist,TREND,EXIT,debit_spread,23625.15,21.64,1.0,0.0,0.0,1.039,0.114,0.276,5,15,16,3,0,0,0,0,0,high_vol_range,0.0,0,Time exit,261.0,316
2026-03-12T09:30:00+05:30,portfolio_hist,PREMIUM,SKIP,idle,23598.05,22.06,1.0,0.0,0.0,1.039,0.0,1.334,5,9,30,3,0,70,0,70,75,trending,0.0,0,,,
2026-03-12T09:35:00+05:30,portfolio_hist,PREMIUM,SKIP,idle,23588.45,22.13,1.0,0.0,0.0,1.039,0.041,1.314,5,9,35,3,0,70,0,70,75,trending,0.0,0,,,
2026-03-12T09:40:00+05:30,portfolio_hist,PREMIUM,SKIP,idle,23575.7,22.35,1.0,0.0,0.0,1.039,0.095,1.314,5,9,40,3,0,70,0,70,75,trending,0.0,0,,,
2026-03-12T09:45:00+05:30,portfolio_hist,PREMIUM,ENTER,iron_condor,23612.75,22.14,1.0,0.0,0.0,1.039,0.062,0.202,5,9,45,3,0,95,0,95,75,high_vol_range,52.15,75,,,
2026-03-12T10:00:00+05:30,portfolio_hist,TREND,ENTER,debit_spread,23676.75,22.03,1.0,0.0,0.0,1.039,0.333,0.512,5,10,0,3,0,75,0,75,60,high_vol_range,41.01,75,,,
2026-03-12T15:15:00+05:30,portfolio_hist,PREMIUM,EXIT,iron_condor,23630.0,21.61,1.0,0.0,0.0,1.039,0.135,0.276,5,15,15,3,0,0,0,0,0,high_vol_range,0.0,0,Time exit,1107.75,330
2026-03-12T15:16:00+05:30,portfolio_hist,TREND,EXIT,debit_spread,23625.15,21.64,1.0,0.0,0.0,1.039,0.114,0.276,5,15,16,3,0,0,0,0,0,high_vol_range,0.0,0,Time exit,261.0,316
2026-03-12T09:30:00+05:30,portfolio_hist,PREMIUM,SKIP,idle,23598.05,22.06,1.0,0.0,0.0,1.039,0.0,1.334,5,9,30,3,0,70,0,70,75,trending,0.0,0,,,
2026-03-12T09:35:00+05:30,portfolio_hist,PREMIUM,SKIP,idle,23588.45,22.13,1.0,0.0,0.0,1.039,0.041,1.314,5,9,35,3,0,70,0,70,75,trending,0.0,0,,,
2026-03-12T09:40:00+05:30,portfolio_hist,PREMIUM,SKIP,idle,23575.7,22.35,1.0,0.0,0.0,1.039,0.095,1.314,5,9,40,3,0,70,0,70,75,trending,0.0,0,,,
2026-03-12T09:45:00+05:30,portfolio_hist,PREMIUM,ENTER,iron_condor,23612.75,22.14,1.0,0.0,0.0,1.039,0.062,0.202,5,9,45,3,0,95,0,95,75,high_vol_range,52.15,75,,,
2026-03-12T10:00:00+05:30,portfolio_hist,TREND,ENTER,debit_spread,23676.75,22.03,1.0,0.0,0.0,1.039,0.333,0.512,5,10,0,3,0,75,0,75,60,high_vol_range,41.01,75,,,
2026-03-12T15:15:00+05:30,portfolio_hist,PREMIUM,EXIT,iron_condor,23630.0,21.61,1.0,0.0,0.0,1.039,0.135,0.276,5,15,15,3,0,0,0,0,0,high_vol_range,0.0,0,Time exit,1107.75,330
2026-03-12T15:16:00+05:30,portfolio_hist,TREND,EXIT,debit_spread,23625.15,21.64,1.0,0.0,0.0,1.039,0.114,0.276,5,15,16,3,0,0,0,0,0,high_vol_range,0.0,0,Time exit,261.0,316
2026-03-12T09:30:00+05:30,portfolio_hist,PREMIUM,SKIP,idle,23598.05,22.06,1.0,0.0,0.0,1.039,0.0,1.334,5,9,30,3,0,70,0,70,75,trending,0.0,0,,,
2026-03-12T09:35:00+05:30,portfolio_hist,PREMIUM,SKIP,idle,23588.45,22.13,1.0,0.0,0.0,1.039,0.041,1.314,5,9,35,3,0,70,0,70,75,trending,0.0,0,,,
2026-03-12T09:40:00+05:30,portfolio_hist,PREMIUM,SKIP,idle,23575.7,22.35,1.0,0.0,0.0,1.039,0.095,1.314,5,9,40,3,0,70,0,70,75,trending,0.0,0,,,
2026-03-12T09:45:00+05:30,portfolio_hist,PREMIUM,ENTER,iron_condor,23612.75,22.14,1.0,0.0,0.0,1.039,0.062,0.202,5,9,45,3,0,95,0,95,75,high_vol_range,52.15,75,,,
2026-03-12T10:00:00+05:30,portfolio_hist,TREND,ENTER,debit_spread,23676.75,22.03,1.0,0.0,0.0,1.039,0.333,0.512,5,10,0,3,0,75,0,75,60,high_vol_range,41.01,75,,,
2026-03-12T15:15:00+05:30,portfolio_hist,PREMIUM,EXIT,iron_condor,23630.0,21.61,1.0,0.0,0.0,1.039,0.135,0.276,5,15,15,3,0,0,0,0,0,high_vol_range,0.0,0,Time exit,1107.75,330
2026-03-12T15:16:00+05:30,portfolio_hist,TREND,EXIT,debit_spread,23625.15,21.64,1.0,0.0,0.0,1.039,0.114,0.276,5,15,16,3,0,0,0,0,0,high_vol_range,0.0,0,Time exit,261.0,316
2026-03-12T09:30:00+05:30,portfolio_hist,PREMIUM,SKIP,idle,23598.05,22.06,1.0,0.0,0.0,1.039,0.0,1.334,5,9,30,3,0,70,0,70,75,trending,0.0,0,,,
2026-03-12T09:35:00+05:30,portfolio_hist,PREMIUM,SKIP,idle,23588.45,22.13,1.0,0.0,0.0,1.039,0.041,1.314,5,9,35,3,0,70,0,70,75,trending,0.0,0,,,
2026-03-12T09:40:00+05:30,portfolio_hist,PREMIUM,SKIP,idle,23575.7,22.35,1.0,0.0,0.0,1.039,0.095,1.314,5,9,40,3,0,70,0,70,75,trending,0.0,0,,,
2026-03-12T09:45:00+05:30,portfolio_hist,PREMIUM,ENTER,iron_condor,23612.75,22.14,1.0,0.0,0.0,1.039,0.062,0.202,5,9,45,3,0,95,0,95,75,high_vol_range,52.15,75,,,
2026-03-12T10:00:00+05:30,portfolio_hist,TREND,ENTER,debit_spread,23676.75,22.03,1.0,0.0,0.0,1.039,0.333,0.512,5,10,0,3,0,75,0,75,60,high_vol_range,41.01,75,,,
2026-03-12T15:15:00+05:30,portfolio_hist,PREMIUM,EXIT,iron_condor,23630.0,21.61,1.0,0.0,0.0,1.039,0.135,0.276,5,15,15,3,0,0,0,0,0,high_vol_range,0.0,0,Time exit,1107.75,330
2026-03-12T15:16:00+05:30,portfolio_hist,TREND,EXIT,debit_spread,23625.15,21.64,1.0,0.0,0.0,1.039,0.114,0.276,5,15,16,3,0,0,0,0,0,high_vol_range,0.0,0,Time exit,261.0,316
2026-03-12T09:30:00+05:30,portfolio_hist,PREMIUM,SKIP,idle,23598.05,22.06,1.0,0.0,0.0,1.039,0.0,1.334,5,9,30,3,0,70,0,70,75,trending,0.0,0,,,
2026-03-12T09:35:00+05:30,portfolio_hist,PREMIUM,SKIP,idle,23588.45,22.13,1.0,0.0,0.0,1.039,0.041,1.314,5,9,35,3,0,70,0,70,75,trending,0.0,0,,,
2026-03-12T09:40:00+05:30,portfolio_hist,PREMIUM,SKIP,idle,23575.7,22.35,1.0,0.0,0.0,1.039,0.095,1.314,5,9,40,3,0,70,0,70,75,trending,0.0,0,,,
2026-03-12T09:45:00+05:30,portfolio_hist,PREMIUM,ENTER,iron_condor,23612.75,22.14,1.0,0.0,0.0,1.039,0.062,0.202,5,9,45,3,0,95,0,95,75,high_vol_range,52.15,75,,,
2026-03-12T10:00:00+05:30,portfolio_hist,TREND,ENTER,debit_spread,23676.75,22.03,1.0,0.0,0.0,1.039,0.333,0.512,5,10,0,3,0,75,0,75,60,high_vol_range,41.01,75,,,
2026-03-12T15:15:00+05:30,portfolio_hist,PREMIUM,EXIT,iron_condor,23630.0,21.61,1.0,0.0,0.0,1.039,0.135,0.276,5,15,15,3,0,0,0,0,0,high_vol_range,0.0,0,Time exit,1107.75,330
2026-03-12T15:16:00+05:30,portfolio_hist,TREND,EXIT,debit_spread,23625.15,21.64,1.0,0.0,0.0,1.039,0.114,0.276,5,15,16,3,0,0,0,0,0,high_vol_range,0.0,0,Time exit,261.0,316
2026-03-12T09:30:00+05:30,portfolio_hist,PREMIUM,SKIP,idle,23598.05,22.06,1.0,0.0,0.0,1.039,0.0,1.334,5,9,30,3,0,70,0,70,75,trending,0.0,0,,,
2026-03-12T09:35:00+05:30,portfolio_hist,PREMIUM,SKIP,idle,23588.45,22.13,1.0,0.0,0.0,1.039,0.041,1.314,5,9,35,3,0,70,0,70,75,trending,0.0,0,,,
2026-03-12T09:40:00+05:30,portfolio_hist,PREMIUM,SKIP,idle,23575.7,22.35,1.0,0.0,0.0,1.039,0.095,1.314,5,9,40,3,0,70,0,70,75,trending,0.0,0,,,
2026-03-12T09:45:00+05:30,portfolio_hist,PREMIUM,ENTER,iron_condor,23612.75,22.14,1.0,0.0,0.0,1.039,0.062,0.202,5,9,45,3,0,95,0,95,75,high_vol_range,52.15,75,,,
2026-03-12T10:00:00+05:30,portfolio_hist,TREND,ENTER,debit_spread,23676.75,22.03,1.0,0.0,0.0,1.039,0.333,0.512,5,10,0,3,0,75,0,75,60,high_vol_range,41.01,75,,,
2026-03-12T15:15:00+05:30,portfolio_hist,PREMIUM,EXIT,iron_condor,23630.0,21.61,1.0,0.0,0.0,1.039,0.135,0.276,5,15,15,3,0,0,0,0,0,high_vol_range,0.0,0,Time exit,1107.75,330
2026-03-12T15:16:00+05:30,portfolio_hist,TREND,EXIT,debit_spread,23625.15,21.64,1.0,0.0,0.0,1.039,0.114,0.276,5,15,16,3,0,0,0,0,0,high_vol_range,0.0,0,Time exit,261.0,316
2026-03-12T09:30:00+05:30,portfolio_hist,PREMIUM,SKIP,idle,23598.05,22.06,1.0,0.0,0.0,1.039,0.0,1.334,5,9,30,3,0,70,0,70,75,trending,0.0,0,,,
2026-03-12T09:35:00+05:30,portfolio_hist,PREMIUM,SKIP,idle,23588.45,22.13,1.0,0.0,0.0,1.039,0.041,1.314,5,9,35,3,0,70,0,70,75,trending,0.0,0,,,
2026-03-12T09:40:00+05:30,portfolio_hist,PREMIUM,SKIP,idle,23575.7,22.35,1.0,0.0,0.0,1.039,0.095,1.314,5,9,40,3,0,70,0,70,75,trending,0.0,0,,,
2026-03-12T09:45:00+05:30,portfolio_hist,PREMIUM,ENTER,iron_condor,23612.75,22.14,1.0,0.0,0.0,1.039,0.062,0.202,5,9,45,3,0,95,0,95,75,high_vol_range,52.15,75,,,
2026-03-12T10:00:00+05:30,portfolio_hist,TREND,ENTER,debit_spread,23676.75,22.03,1.0,0.0,0.0,1.039,0.333,0.512,5,10,0,3,0,75,0,75,60,high_vol_range,41.01,75,,,
2026-03-12T15:15:00+05:30,portfolio_hist,PREMIUM,EXIT,iron_condor,23630.0,21.61,1.0,0.0,0.0,1.039,0.135,0.276,5,15,15,3,0,0,0,0,0,high_vol_range,0.0,0,Time exit,1107.75,330
2026-03-12T15:16:00+05:30,portfolio_hist,TREND,EXIT,debit_spread,23625.15,21.64,1.0,0.0,0.0,1.039,0.114,0.276,5,15,16,3,0,0,0,0,0,high_vol_range,0.0,0,Time exit,261.0,316
2026-03-12T09:30:00+05:30,portfolio_hist,PREMIUM,SKIP,idle,23598.05,22.06,1.0,0.0,0.0,1.039,0.0,1.334,5,9,30,3,0,70,0,70,75,trending,0.0,0,,,
2026-03-12T09:35:00+05:30,portfolio_hist,PREMIUM,SKIP,idle,23588.45,22.13,1.0,0.0,0.0,1.039,0.041,1.314,5,9,35,3,0,70,0,70,75,trending,0.0,0,,,
2026-03-12T09:40:00+05:30,portfolio_hist,PREMIUM,SKIP,idle,23575.7,22.35,1.0,0.0,0.0,1.039,0.095,1.314,5,9,40,3,0,70,0,70,75,trending,0.0,0,,,
2026-03-12T09:45:00+05:30,portfolio_hist,PREMIUM,ENTER,iron_condor,23612.75,22.14,1.0,0.0,0.0,1.039,0.062,0.202,5,9,45,3,0,95,0,95,75,high_vol_range,52.15,75,,,
2026-03-12T10:00:00+05:30,portfolio_hist,TREND,ENTER,debit_spread,23676.75,22.03,1.0,0.0,0.0,1.039,0.333,0.512,5,10,0,3,0,75,0,75,60,high_vol_range,41.01,75,,,
2026-03-12T15:15:00+05:30,portfolio_hist,PREMIUM,EXIT,iron_condor,23630.0,21.61,1.0,0.0,0.0,1.039,0.135,0.276,5,15,15,3,0,0,0,0,0,high_vol_range,0.0,0,Time exit,1107.75,330
2026-03-12T15:16:00+05:30,portfolio_hist,TREND,EXIT,debit_spread,23625.15,21.64,1.0,0.0,0.0,1.039,0.114,0.276,5,15,16,3,0,0,0,0,0,high_vol_range,0.0,0,Time exit,261.0,316
2026-03-12T09:30:00+05:30,portfolio_hist,PREMIUM,SKIP,idle,23598.05,22.06,1.0,0.0,0.0,1.039,0.0,1.334,5,9,30,3,0,70,0,70,75,trending,0.0,0,,,
2026-03-12T09:35:00+05:30,portfolio_hist,PREMIUM,SKIP,idle,23588.45,22.13,1.0,0.0,0.0,1.039,0.041,1.314,5,9,35,3,0,70,0,70,75,trending,0.0,0,,,
2026-03-12T09:40:00+05:30,portfolio_hist,PREMIUM,SKIP,idle,23575.7,22.35,1.0,0.0,0.0,1.039,0.095,1.314,5,9,40,3,0,70,0,70,75,trending,0.0,0,,,
2026-03-12T09:45:00+05:30,portfolio_hist,PREMIUM,ENTER,iron_condor,23612.75,22.14,1.0,0.0,0.0,1.039,0.062,0.202,5,9,45,3,0,95,0,95,75,high_vol_range,52.15,75,,,
2026-03-12T10:00:00+05:30,portfolio_hist,TREND,ENTER,debit_spread,23676.75,22.03,1.0,0.0,0.0,1.039,0.333,0.512,5,10,0,3,0,75,0,75,60,high_vol_range,41.01,75,,,
2026-03-12T15:15:00+05:30,portfolio_hist,PREMIUM,EXIT,iron_condor,23630.0,21.61,1.0,0.0,0.0,1.039,0.135,0.276,5,15,15,3,0,0,0,0,0,high_vol_range,0.0,0,Time exit,1107.75,330
2026-03-12T15:16:00+05:30,portfolio_hist,TREND,EXIT,debit_spread,23625.15,21.64,1.0,0.0,0.0,1.039,0.114,0.276,5,15,16,3,0,0,0,0,0,high_vol_range,0.0,0,Time exit,261.0,316
2026-03-12T09:30:00+05:30,portfolio_hist,PREMIUM,SKIP,idle,23598.05,22.06,1.0,0.0,0.0,1.039,0.0,1.334,5,9,30,3,0,70,0,70,75,trending,0.0,0,,,
2026-03-12T09:35:00+05:30,portfolio_hist,PREMIUM,SKIP,idle,23588.45,22.13,1.0,0.0,0.0,1.039,0.041,1.314,5,9,35,3,0,70,0,70,75,trending,0.0,0,,,
2026-03-12T09:40:00+05:30,portfolio_hist,PREMIUM,SKIP,idle,23575.7,22.35,1.0,0.0,0.0,1.039,0.095,1.314,5,9,40,3,0,70,0,70,75,trending,0.0,0,,,
2026-03-12T09:45:00+05:30,portfolio_hist,PREMIUM,ENTER,iron_condor,23612.75,22.14,1.0,0.0,0.0,1.039,0.062,0.202,5,9,45,3,0,95,0,95,75,high_vol_range,52.15,75,,,
2026-03-12T10:00:00+05:30,portfolio_hist,TREND,ENTER,debit_spread,23676.75,22.03,1.0,0.0,0.0,1.039,0.333,0.512,5,10,0,3,0,75,0,75,60,high_vol_range,41.01,75,,,
2026-03-12T15:15:00+05:30,portfolio_hist,PREMIUM,EXIT,iron_condor,23630.0,21.61,1.0,0.0,0.0,1.039,0.135,0.276,5,15,15,3,0,0,0,0,0,high_vol_range,0.0,0,Time exit,1107.75,330
2026-03-12T15:16:00+05:30,portfolio_hist,TREND,EXIT,debit_spread,23625.15,21.64,1.0,0.0,0.0,1.039,0.114,0.276,5,15,16,3,0,0,0,0,0,high_vol_range,0.0,0,Time exit,261.0,316
2026-03-12T09:30:00+05:30,portfolio_hist,PREMIUM,SKIP,idle,23598.05,22.06,1.0,0.0,0.0,1.039,0.0,1.334,5,9,30,3,0,70,0,70,75,trending,0.0,0,,,
2026-03-12T09:35:00+05:30,portfolio_hist,PREMIUM,SKIP,idle,23588.45,22.13,1.0,0.0,0.0,1.039,0.041,1.314,5,9,35,3,0,70,0,70,75,trending,0.0,0,,,
2026-03-12T09:40:00+05:30,portfolio_hist,PREMIUM,SKIP,idle,23575.7,22.35,1.0,0.0,0.0,1.039,0.095,1.314,5,9,40,3,0,70,0,70,75,trending,0.0,0,,,
2026-03-12T09:45:00+05:30,portfolio_hist,PREMIUM,ENTER,iron_condor,23612.75,22.14,1.0,0.0,0.0,1.039,0.062,0.202,5,9,45,3,0,95,0,95,75,high_vol_range,52.15,75,,,
2026-03-12T10:00:00+05:30,portfolio_hist,TREND,ENTER,debit_spread,23676.75,22.03,1.0,0.0,0.0,1.039,0.333,0.512,5,10,0,3,0,75,0,75,60,high_vol_range,41.01,75,,,
2026-03-12T15:15:00+05:30,portfolio_hist,PREMIUM,EXIT,iron_condor,23630.0,21.61,1.0,0.0,0.0,1.039,0.135,0.276,5,15,15,3,0,0,0,0,0,high_vol_range,0.0,0,Time exit,1107.75,330
2026-03-12T15:16:00+05:30,portfolio_hist,TREND,EXIT,debit_spread,23625.15,21.64,1.0,0.0,0.0,1.039,0.114,0.276,5,15,16,3,0,0,0,0,0,high_vol_range,0.0,0,Time exit,261.0,316
2026-03-12T09:30:00+05:30,portfolio_hist,PREMIUM,SKIP,idle,23598.05,22.06,1.0,0.0,0.0,1.039,0.0,1.334,5,9,30,3,0,70,0,70,75,trending,0.0,0,,,
2026-03-12T09:35:00+05:30,portfolio_hist,PREMIUM,SKIP,idle,23588.45,22.13,1.0,0.0,0.0,1.039,0.041,1.314,5,9,35,3,0,70,0,70,75,trending,0.0,0,,,
2026-03-12T09:40:00+05:30,portfolio_hist,PREMIUM,SKIP,idle,23575.7,22.35,1.0,0.0,0.0,1.039,0.095,1.314,5,9,40,3,0,70,0,70,75,trending,0.0,0,,,
2026-03-12T09:45:00+05:30,portfolio_hist,PREMIUM,ENTER,iron_condor,23612.75,22.14,1.0,0.0,0.0,1.039,0.062,0.202,5,9,45,3,0,95,0,95,75,high_vol_range,52.15,75,,,
2026-03-12T10:00:00+05:30,portfolio_hist,TREND,ENTER,debit_spread,23676.75,22.03,1.0,0.0,0.0,1.039,0.333,0.512,5,10,0,3,0,75,0,75,60,high_vol_range,41.01,75,,,
2026-03-12T15:15:00+05:30,portfolio_hist,PREMIUM,EXIT,iron_condor,23630.0,21.61,1.0,0.0,0.0,1.039,0.135,0.276,5,15,15,3,0,0,0,0,0,high_vol_range,0.0,0,Time exit,1107.75,330
2026-03-12T15:16:00+05:30,portfolio_hist,TREND,EXIT,debit_spread,23625.15,21.64,1.0,0.0,0.0,1.039,0.114,0.276,5,15,16,3,0,0,0,0,0,high_vol_range,0.0,0,Time exit,261.0,316
2026-03-12T09:30:00+05:30,portfolio_hist,PREMIUM,SKIP,idle,23598.05,22.06,1.0,0.0,0.0,1.039,0.0,1.334,5,9,30,3,0,70,0,70,75,trending,0.0,0,,,
2026-03-12T09:35:00+05:30,portfolio_hist,PREMIUM,SKIP,idle,23588.45,22.13,1.0,0.0,0.0,1.039,0.041,1.314,5,9,35,3,0,70,0,70,75,trending,0.0,0,,,
2026-03-12T09:40:00+05:30,portfolio_hist,PREMIUM,SKIP,idle,23575.7,22.35,1.0,0.0,0.0,1.039,0.095,1.314,5,9,40,3,0,70,0,70,75,trending,0.0,0,,,
2026-03-12T09:45:00+05:30,portfolio_hist,PREMIUM,ENTER,iron_condor,23612.75,22.14,1.0,0.0,0.0,1.039,0.062,0.202,5,9,45,3,0,95,0,95,75,high_vol_range,52.15,75,,,
2026-03-12T10:00:00+05:30,portfolio_hist,TREND,ENTER,debit_spread,23676.75,22.03,1.0,0.0,0.0,1.039,0.333,0.512,5,10,0,3,0,75,0,75,60,high_vol_range,41.01,75,,,
2026-03-12T15:15:00+05:30,portfolio_hist,PREMIUM,EXIT,iron_condor,23630.0,21.61,1.0,0.0,0.0,1.039,0.135,0.276,5,15,15,3,0,0,0,0,0,high_vol_range,0.0,0,Time exit,1107.75,330
2026-03-12T15:16:00+05:30,portfolio_hist,TREND,EXIT,debit_spread,23625.15,21.64,1.0,0.0,0.0,1.039,0.114,0.276,5,15,16,3,0,0,0,0,0,high_vol_range,0.0,0,Time exit,261.0,316
2026-03-12T09:30:00+05:30,portfolio_hist,PREMIUM,SKIP,idle,23598.05,22.06,1.0,0.0,0.0,1.039,0.0,1.334,5,9,30,3,0,70,0,70,75,trending,0.0,0,,,
2026-03-12T09:35:00+05:30,portfolio_hist,PREMIUM,SKIP,idle,23588.45,22.13,1.0,0.0,0.0,1.039,0.041,1.314,5,9,35,3,0,70,0,70,75,trending,0.0,0,,,
2026-03-12T09:40:00+05:30,portfolio_hist,PREMIUM,SKIP,idle,23575.7,22.35,1.0,0.0,0.0,1.039,0.095,1.314,5,9,40,3,0,70,0,70,75,trending,0.0,0,,,
2026-03-12T09:45:00+05:30,portfolio_hist,PREMIUM,ENTER,iron_condor,23612.75,22.14,1.0,0.0,0.0,1.039,0.062,0.202,5,9,45,3,0,95,0,95,75,high_vol_range,52.15,75,,,
2026-03-12T10:00:00+05:30,portfolio_hist,TREND,ENTER,debit_spread,23676.75,22.03,1.0,0.0,0.0,1.039,0.333,0.512,5,10,0,3,0,75,0,75,60,high_vol_range,41.01,75,,,
2026-03-12T15:15:00+05:30,portfolio_hist,PREMIUM,EXIT,iron_condor,23630.0,21.61,1.0,0.0,0.0,1.039,0.135,0.276,5,15,15,3,0,0,0,0,0,high_vol_range,0.0,0,Time exit,1107.75,330
2026-03-12T15:16:00+05:30,portfolio_hist,TREND,EXIT,debit_spread,23625.15,21.64,1.0,0.0,0.0,1.039,0.114,0.276,5,15,16,3,0,0,0,0,0,high_vol_range,0.0,0,Time exit,261.0,316
2026-03-12T09:30:00+05:30,portfolio_hist,PREMIUM,SKIP,idle,23598.05,22.06,1.0,0.0,0.0,1.039,0.0,1.334,5,9,30,3,0,70,0,70,75,trending,0.0,0,,,
2026-03-12T09:35:00+05:30,portfolio_hist,PREMIUM,SKIP,idle,23588.45,22.13,1.0,0.0,0.0,1.039,0.041,1.314,5,9,35,3,0,70,0,70,75,trending,0.0,0,,,
2026-03-12T09:40:00+05:30,portfolio_hist,PREMIUM,SKIP,idle,23575.7,22.35,1.0,0.0,0.0,1.039,0.095,1.314,5,9,40,3,0,70,0,70,75,trending,0.0,0,,,
2026-03-12T09:45:00+05:30,portfolio_hist,PREMIUM,ENTER,iron_condor,23612.75,22.14,1.0,0.0,0.0,1.039,0.062,0.202,5,9,45,3,0,95,0,95,75,high_vol_range,52.15,75,,,
2026-03-12T10:00:00+05:30,portfolio_hist,TREND,ENTER,debit_spread,23676.75,22.03,1.0,0.0,0.0,1.039,0.333,0.512,5,10,0,3,0,75,0,75,60,high_vol_range,41.01,75,,,
2026-03-12T15:15:00+05:30,portfolio_hist,PREMIUM,EXIT,iron_condor,23630.0,21.61,1.0,0.0,0.0,1.039,0.135,0.276,5,15,15,3,0,0,0,0,0,high_vol_range,0.0,0,Time exit,1107.75,330
2026-03-12T15:16:00+05:30,portfolio_hist,TREND,EXIT,debit_spread,23625.15,21.64,1.0,0.0,0.0,1.039,0.114,0.276,5,15,16,3,0,0,0,0,0,high_vol_range,0.0,0,Time exit,261.0,316
2026-03-12T09:30:00+05:30,portfolio_hist,PREMIUM,SKIP,idle,23598.05,22.06,1.0,0.0,0.0,1.039,0.0,1.334,5,9,30,3,0,70,0,70,75,trending,0.0,0,,,
2026-03-12T09:35:00+05:30,portfolio_hist,PREMIUM,SKIP,idle,23588.45,22.13,1.0,0.0,0.0,1.039,0.041,1.314,5,9,35,3,0,70,0,70,75,trending,0.0,0,,,
2026-03-12T09:40:00+05:30,portfolio_hist,PREMIUM,SKIP,idle,23575.7,22.35,1.0,0.0,0.0,1.039,0.095,1.314,5,9,40,3,0,70,0,70,75,trending,0.0,0,,,
2026-03-12T09:45:00+05:30,portfolio_hist,PREMIUM,ENTER,iron_condor,23612.75,22.14,1.0,0.0,0.0,1.039,0.062,0.202,5,9,45,3,0,95,0,95,75,high_vol_range,52.15,75,,,
2026-03-12T10:00:00+05:30,portfolio_hist,TREND,ENTER,debit_spread,23676.75,22.03,1.0,0.0,0.0,1.039,0.333,0.512,5,10,0,3,0,75,0,75,60,high_vol_range,41.01,75,,,
2026-03-12T15:15:00+05:30,portfolio_hist,PREMIUM,EXIT,iron_condor,23630.0,21.61,1.0,0.0,0.0,1.039,0.135,0.276,5,15,15,3,0,0,0,0,0,high_vol_range,0.0,0,Time exit,1107.75,330
2026-03-12T15:16:00+05:30,portfolio_hist,TREND,EXIT,debit_spread,23625.15,21.64,1.0,0.0,0.0,1.039,0.114,0.276,5,15,16,3,0,0,0,0,0,high_vol_range,0.0,0,Time exit,261.0,316
2026-03-12T09:30:00+05:30,portfolio_hist,PREMIUM,SKIP,idle,23598.05,22.06,1.0,0.0,0.0,1.039,0.0,1.334,5,9,30,3,0,70,0,70,75,trending,0.0,0,,,
2026-03-12T09:35:00+05:30,portfolio_hist,PREMIUM,SKIP,idle,23588.45,22.13,1.0,0.0,0.0,1.039,0.041,1.314,5,9,35,3,0,70,0,70,75,trending,0.0,0,,,
2026-03-12T09:40:00+05:30,portfolio_hist,PREMIUM,SKIP,idle,23575.7,22.35,1.0,0.0,0.0,1.039,0.095,1.314,5,9,40,3,0,70,0,70,75,trending,0.0,0,,,
2026-03-12T09:45:00+05:30,portfolio_hist,PREMIUM,ENTER,iron_condor,23612.75,22.14,1.0,0.0,0.0,1.039,0.062,0.202,5,9,45,3,0,95,0,95,75,high_vol_range,52.15,75,,,
2026-03-12T10:00:00+05:30,portfolio_hist,TREND,ENTER,debit_spread,23676.75,22.03,1.0,0.0,0.0,1.039,0.333,0.512,5,10,0,3,0,75,0,75,60,high_vol_range,41.01,75,,,
2026-03-12T15:15:00+05:30,portfolio_hist,PREMIUM,EXIT,iron_condor,23630.0,21.61,1.0,0.0,0.0,1.039,0.135,0.276,5,15,15,3,0,0,0,0,0,high_vol_range,0.0,0,Time exit,1107.75,330
2026-03-12T15:16:00+05:30,portfolio_hist,TREND,EXIT,debit_spread,23625.15,21.64,1.0,0.0,0.0,1.039,0.114,0.276,5,15,16,3,0,0,0,0,0,high_vol_range,0.0,0,Time exit,261.0,316
2026-03-12T09:30:00+05:30,portfolio_hist,PREMIUM,SKIP,idle,23598.05,22.06,1.0,0.0,0.0,1.039,0.0,1.334,5,9,30,3,0,70,0,70,75,trending,0.0,0,,,
2026-03-12T09:35:00+05:30,portfolio_hist,PREMIUM,SKIP,idle,23588.45,22.13,1.0,0.0,0.0,1.039,0.041,1.314,5,9,35,3,0,70,0,70,75,trending,0.0,0,,,
2026-03-12T09:40:00+05:30,portfolio_hist,PREMIUM,SKIP,idle,23575.7,22.35,1.0,0.0,0.0,1.039,0.095,1.314,5,9,40,3,0,70,0,70,75,trending,0.0,0,,,
2026-03-12T09:45:00+05:30,portfolio_hist,PREMIUM,ENTER,iron_condor,23612.75,22.14,1.0,0.0,0.0,1.039,0.062,0.202,5,9,45,3,0,95,0,95,75,high_vol_range,52.15,75,,,
2026-03-12T10:00:00+05:30,portfolio_hist,TREND,ENTER,debit_spread,23676.75,22.03,1.0,0.0,0.0,1.039,0.333,0.512,5,10,0,3,0,75,0,75,60,high_vol_range,41.01,75,,,
2026-03-12T15:15:00+05:30,portfolio_hist,PREMIUM,EXIT,iron_condor,23630.0,21.61,1.0,0.0,0.0,1.039,0.135,0.276,5,15,15,3,0,0,0,0,0,high_vol_range,0.0,0,Time exit,1107.75,330
2026-03-12T15:16:00+05:30,portfolio_hist,TREND,EXIT,debit_spread,23625.15,21.64,1.0,0.0,0.0,1.039,0.114,0.276,5,15,16,3,0,0,0,0,0,high_vol_range,0.0,0,Time exit,261.0,316
2026-03-12T09:30:00+05:30,portfolio_hist,PREMIUM,SKIP,idle,23598.05,22.06,1.0,0.0,0.0,1.039,0.0,1.334,5,9,30,3,0,70,0,70,75,trending,0.0,0,,,
2026-03-12T09:35:00+05:30,portfolio_hist,PREMIUM,SKIP,idle,23588.45,22.13,1.0,0.0,0.0,1.039,0.041,1.314,5,9,35,3,0,70,0,70,75,trending,0.0,0,,,
2026-03-12T09:40:00+05:30,portfolio_hist,PREMIUM,SKIP,idle,23575.7,22.35,1.0,0.0,0.0,1.039,0.095,1.314,5,9,40,3,0,70,0,70,75,trending,0.0,0,,,
2026-03-12T09:45:00+05:30,portfolio_hist,PREMIUM,ENTER,iron_condor,23612.75,22.14,1.0,0.0,0.0,1.039,0.062,0.202,5,9,45,3,0,95,0,95,75,high_vol_range,52.15,75,,,
2026-03-12T10:00:00+05:30,portfolio_hist,TREND,ENTER,debit_spread,23676.75,22.03,1.0,0.0,0.0,1.039,0.333,0.512,5,10,0,3,0,75,0,75,60,high_vol_range,41.01,75,,,
2026-03-12T15:15:00+05:30,portfolio_hist,PREMIUM,EXIT,iron_condor,23630.0,21.61,1.0,0.0,0.0,1.039,0.135,0.276,5,15,15,3,0,0,0,0,0,high_vol_range,0.0,0,Time exit,1107.75,330
2026-03-12T15:16:00+05:30,portfolio_hist,TREND,EXIT,debit_spread,23625.15,21.64,1.0,0.0,0.0,1.039,0.114,0.276,5,15,16,3,0,0,0,0,0,high_vol_range,0.0,0,Time exit,261.0,316
2026-03-12T09:30:00+05:30,portfolio_hist,PREMIUM,SKIP,idle,23598.05,22.06,1.0,0.0,0.0,1.039,0.0,1.334,5,9,30,3,0,70,0,70,75,trending,0.0,0,,,
2026-03-12T09:35:00+05:30,portfolio_hist,PREMIUM,SKIP,idle,23588.45,22.13,1.0,0.0,0.0,1.039,0.041,1.314,5,9,35,3,0,70,0,70,75,trending,0.0,0,,,
2026-03-12T09:40:00+05:30,portfolio_hist,PREMIUM,SKIP,idle,23575.7,22.35,1.0,0.0,0.0,1.039,0.095,1.314,5,9,40,3,0,70,0,70,75,trending,0.0,0,,,
2026-03-12T09:45:00+05:30,portfolio_hist,PREMIUM,ENTER,iron_condor,23612.75,22.14,1.0,0.0,0.0,1.039,0.062,0.202,5,9,45,3,0,95,0,95,75,high_vol_range,52.15,75,,,
2026-03-12T10:00:00+05:30,portfolio_hist,TREND,ENTER,debit_spread,23676.75,22.03,1.0,0.0,0.0,1.039,0.333,0.512,5,10,0,3,0,75,0,75,60,high_vol_range,41.01,75,,,
2026-03-12T15:15:00+05:30,portfolio_hist,PREMIUM,EXIT,iron_condor,23630.0,21.61,1.0,0.0,0.0,1.039,0.135,0.276,5,15,15,3,0,0,0,0,0,high_vol_range,0.0,0,Time exit,1107.75,330
2026-03-12T15:16:00+05:30,portfolio_hist,TREND,EXIT,debit_spread,23625.15,21.64,1.0,0.0,0.0,1.039,0.114,0.276,5,15,16,3,0,0,0,0,0,high_vol_range,0.0,0,Time exit,261.0,316
2026-03-12T09:30:00+05:30,portfolio_hist,PREMIUM,SKIP,idle,23598.05,22.06,1.0,0.0,0.0,1.039,0.0,1.334,5,9,30,3,0,70,0,70,75,trending,0.0,0,,,
2026-03-12T09:35:00+05:30,portfolio_hist,PREMIUM,SKIP,idle,23588.45,22.13,1.0,0.0,0.0,1.039,0.041,1.314,5,9,35,3,0,70,0,70,75,trending,0.0,0,,,
2026-03-12T09:40:00+05:30,portfolio_hist,PREMIUM,SKIP,idle,23575.7,22.35,1.0,0.0,0.0,1.039,0.095,1.314,5,9,40,3,0,70,0,70,75,trending,0.0,0,,,
2026-03-12T09:45:00+05:30,portfolio_hist,PREMIUM,ENTER,iron_condor,23612.75,22.14,1.0,0.0,0.0,1.039,0.062,0.202,5,9,45,3,0,95,0,95,75,high_vol_range,52.15,75,,,
2026-03-12T10:00:00+05:30,portfolio_hist,TREND,ENTER,debit_spread,23676.75,22.03,1.0,0.0,0.0,1.039,0.333,0.512,5,10,0,3,0,75,0,75,60,high_vol_range,41.01,75,,,
2026-03-12T15:15:00+05:30,portfolio_hist,PREMIUM,EXIT,iron_condor,23630.0,21.61,1.0,0.0,0.0,1.039,0.135,0.276,5,15,15,3,0,0,0,0,0,high_vol_range,0.0,0,Time exit,1107.75,330
2026-03-12T15:16:00+05:30,portfolio_hist,TREND,EXIT,debit_spread,23625.15,21.64,1.0,0.0,0.0,1.039,0.114,0.276,5,15,16,3,0,0,0,0,0,high_vol_range,0.0,0,Time exit,261.0,316
2026-03-12T09:30:00+05:30,portfolio_hist,PREMIUM,SKIP,idle,23598.05,22.06,1.0,0.0,0.0,1.039,0.0,1.334,5,9,30,3,0,70,0,70,75,trending,0.0,0,,,
2026-03-12T09:35:00+05:30,portfolio_hist,PREMIUM,SKIP,idle,23588.45,22.13,1.0,0.0,0.0,1.039,0.041,1.314,5,9,35,3,0,70,0,70,75,trending,0.0,0,,,
2026-03-12T09:40:00+05:30,portfolio_hist,PREMIUM,SKIP,idle,23575.7,22.35,1.0,0.0,0.0,1.039,0.095,1.314,5,9,40,3,0,70,0,70,75,trending,0.0,0,,,
2026-03-12T09:45:00+05:30,portfolio_hist,PREMIUM,ENTER,iron_condor,23612.75,22.14,1.0,0.0,0.0,1.039,0.062,0.202,5,9,45,3,0,95,0,95,75,high_vol_range,52.15,75,,,
2026-03-12T10:00:00+05:30,portfolio_hist,TREND,ENTER,debit_spread,23676.75,22.03,1.0,0.0,0.0,1.039,0.333,0.512,5,10,0,3,0,75,0,75,60,high_vol_range,41.01,75,,,
2026-03-12T15:15:00+05:30,portfolio_hist,PREMIUM,EXIT,iron_condor,23630.0,21.61,1.0,0.0,0.0,1.039,0.135,0.276,5,15,15,3,0,0,0,0,0,high_vol_range,0.0,0,Time exit,1107.75,330
2026-03-12T15:16:00+05:30,portfolio_hist,TREND,EXIT,debit_spread,23625.15,21.64,1.0,0.0,0.0,1.039,0.114,0.276,5,15,16,3,0,0,0,0,0,high_vol_range,0.0,0,Time exit,261.0,316
2026-03-12T09:30:00+05:30,portfolio_hist,PREMIUM,SKIP,idle,23598.05,22.06,1.0,0.0,0.0,1.039,0.0,1.334,5,9,30,3,0,70,0,70,75,trending,0.0,0,,,
2026-03-12T09:35:00+05:30,portfolio_hist,PREMIUM,SKIP,idle,23588.45,22.13,1.0,0.0,0.0,1.039,0.041,1.314,5,9,35,3,0,70,0,70,75,trending,0.0,0,,,
2026-03-12T09:40:00+05:30,portfolio_hist,PREMIUM,SKIP,idle,23575.7,22.35,1.0,0.0,0.0,1.039,0.095,1.314,5,9,40,3,0,70,0,70,75,trending,0.0,0,,,
2026-03-12T09:45:00+05:30,portfolio_hist,PREMIUM,ENTER,iron_condor,23612.75,22.14,1.0,0.0,0.0,1.039,0.062,0.202,5,9,45,3,0,95,0,95,75,high_vol_range,52.15,75,,,
2026-03-12T10:00:00+05:30,portfolio_hist,TREND,ENTER,debit_spread,23676.75,22.03,1.0,0.0,0.0,1.039,0.333,0.512,5,10,0,3,0,75,0,75,60,high_vol_range,41.01,75,,,
2026-03-12T15:15:00+05:30,portfolio_hist,PREMIUM,EXIT,iron_condor,23630.0,21.61,1.0,0.0,0.0,1.039,0.135,0.276,5,15,15,3,0,0,0,0,0,high_vol_range,0.0,0,Time exit,1107.75,330
2026-03-12T15:16:00+05:30,portfolio_hist,TREND,EXIT,debit_spread,23625.15,21.64,1.0,0.0,0.0,1.039,0.114,0.276,5,15,16,3,0,0,0,0,0,high_vol_range,0.0,0,Time exit,261.0,316
2026-03-12T09:30:00+05:30,portfolio_hist,PREMIUM,SKIP,idle,23598.05,22.06,1.0,0.0,0.0,1.039,0.0,1.334,5,9,30,3,0,70,0,70,75,trending,0.0,0,,,
2026-03-12T09:35:00+05:30,portfolio_hist,PREMIUM,SKIP,idle,23588.45,22.13,1.0,0.0,0.0,1.039,0.041,1.314,5,9,35,3,0,70,0,70,75,trending,0.0,0,,,
2026-03-12T09:40:00+05:30,portfolio_hist,PREMIUM,SKIP,idle,23575.7,22.35,1.0,0.0,0.0,1.039,0.095,1.314,5,9,40,3,0,70,0,70,75,trending,0.0,0,,,
2026-03-12T09:45:00+05:30,portfolio_hist,PREMIUM,ENTER,iron_condor,23612.75,22.14,1.0,0.0,0.0,1.039,0.062,0.202,5,9,45,3,0,95,0,95,75,high_vol_range,52.15,75,,,
2026-03-12T10:00:00+05:30,portfolio_hist,TREND,ENTER,debit_spread,23676.75,22.03,1.0,0.0,0.0,1.039,0.333,0.512,5,10,0,3,0,75,0,75,60,high_vol_range,41.01,75,,,
2026-03-12T15:15:00+05:30,portfolio_hist,PREMIUM,EXIT,iron_condor,23630.0,21.61,1.0,0.0,0.0,1.039,0.135,0.276,5,15,15,3,0,0,0,0,0,high_vol_range,0.0,0,Time exit,1107.75,330
2026-03-12T15:16:00+05:30,portfolio_hist,TREND,EXIT,debit_spread,23625.15,21.64,1.0,0.0,0.0,1.039,0.114,0.276,5,15,16,3,0,0,0,0,0,high_vol_range,0.0,0,Time exit,261.0,316
2026-03-12T09:30:00+05:30,portfolio_hist,PREMIUM,SKIP,idle,23598.05,22.06,1.0,0.0,0.0,1.039,0.0,1.334,5,9,30,3,0,70,0,70,75,trending,0.0,0,,,
2026-03-12T09:35:00+05:30,portfolio_hist,PREMIUM,SKIP,idle,23588.45,22.13,1.0,0.0,0.0,1.039,0.041,1.314,5,9,35,3,0,70,0,70,75,trending,0.0,0,,,
2026-03-12T09:40:00+05:30,portfolio_hist,PREMIUM,SKIP,idle,23575.7,22.35,1.0,0.0,0.0,1.039,0.095,1.314,5,9,40,3,0,70,0,70,75,trending,0.0,0,,,
2026-03-12T09:45:00+05:30,portfolio_hist,PREMIUM,ENTER,iron_condor,23612.75,22.14,1.0,0.0,0.0,1.039,0.062,0.202,5,9,45,3,0,95,0,95,75,high_vol_range,52.15,75,,,
2026-03-12T10:00:00+05:30,portfolio_hist,TREND,ENTER,debit_spread,23676.75,22.03,1.0,0.0,0.0,1.039,0.333,0.512,5,10,0,3,0,75,0,75,60,high_vol_range,41.01,75,,,
2026-03-12T15:15:00+05:30,portfolio_hist,PREMIUM,EXIT,iron_condor,23630.0,21.61,1.0,0.0,0.0,1.039,0.135,0.276,5,15,15,3,0,0,0,0,0,high_vol_range,0.0,0,Time exit,1107.75,330
2026-03-12T15:16:00+05:30,portfolio_hist,TREND,EXIT,debit_spread,23625.15,21.64,1.0,0.0,0.0,1.039,0.114,0.276,5,15,16,3,0,0,0,0,0,high_vol_range,0.0,0,Time exit,261.0,316
2026-03-12T09:30:00+05:30,portfolio_hist,PREMIUM,SKIP,idle,23598.05,22.06,1.0,0.0,0.0,1.039,0.0,1.334,5,9,30,3,0,70,0,70,75,trending,0.0,0,,,
2026-03-12T09:35:00+05:30,portfolio_hist,PREMIUM,SKIP,idle,23588.45,22.13,1.0,0.0,0.0,1.039,0.041,1.314,5,9,35,3,0,70,0,70,75,trending,0.0,0,,,
2026-03-12T09:40:00+05:30,portfolio_hist,PREMIUM,SKIP,idle,23575.7,22.35,1.0,0.0,0.0,1.039,0.095,1.314,5,9,40,3,0,70,0,70,75,trending,0.0,0,,,
2026-03-12T09:45:00+05:30,portfolio_hist,PREMIUM,ENTER,iron_condor,23612.75,22.14,1.0,0.0,0.0,1.039,0.062,0.202,5,9,45,3,0,95,0,95,75,high_vol_range,52.15,75,,,
2026-03-12T10:00:00+05:30,portfolio_hist,TREND,ENTER,debit_spread,23676.75,22.03,1.0,0.0,0.0,1.039,0.333,0.512,5,10,0,3,0,75,0,75,60,high_vol_range,41.01,75,,,
2026-03-12T15:15:00+05:30,portfolio_hist,PREMIUM,EXIT,iron_condor,23630.0,21.61,1.0,0.0,0.0,1.039,0.135,0.276,5,15,15,3,0,0,0,0,0,high_vol_range,0.0,0,Time exit,1107.75,330
2026-03-12T15:16:00+05:30,portfolio_hist,TREND,EXIT,debit_spread,23625.15,21.64,1.0,0.0,0.0,1.039,0.114,0.276,5,15,16,3,0,0,0,0,0,high_vol_range,0.0,0,Time exit,261.0,316
2026-03-12T09:30:00+05:30,portfolio_hist,PREMIUM,SKIP,idle,23598.05,22.06,1.0,0.0,0.0,1.039,0.0,1.334,5,9,30,3,0,70,0,70,75,trending,0.0,0,,,
2026-03-12T09:35:00+05:30,portfolio_hist,PREMIUM,SKIP,idle,23588.45,22.13,1.0,0.0,0.0,1.039,0.041,1.314,5,9,35,3,0,70,0,70,75,trending,0.0,0,,,
2026-03-12T09:40:00+05:30,portfolio_hist,PREMIUM,SKIP,idle,23575.7,22.35,1.0,0.0,0.0,1.039,0.095,1.314,5,9,40,3,0,70,0,70,75,trending,0.0,0,,,
2026-03-12T09:45:00+05:30,portfolio_hist,PREMIUM,ENTER,iron_condor,23612.75,22.14,1.0,0.0,0.0,1.039,0.062,0.202,5,9,45,3,0,95,0,95,75,high_vol_range,52.15,75,,,
2026-03-12T10:00:00+05:30,portfolio_hist,TREND,ENTER,debit_spread,23676.75,22.03,1.0,0.0,0.0,1.039,0.333,0.512,5,10,0,3,0,75,0,75,60,high_vol_range,41.01,75,,,
2026-03-12T15:15:00+05:30,portfolio_hist,PREMIUM,EXIT,iron_condor,23630.0,21.61,1.0,0.0,0.0,1.039,0.135,0.276,5,15,15,3,0,0,0,0,0,high_vol_range,0.0,0,Time exit,1107.75,330
2026-03-12T15:16:00+05:30,portfolio_hist,TREND,EXIT,debit_spread,23625.15,21.64,1.0,0.0,0.0,1.039,0.114,0.276,5,15,16,3,0,0,0,0,0,high_vol_range,0.0,0,Time exit,261.0,316
2026-03-12T09:30:00+05:30,portfolio_hist,PREMIUM,SKIP,idle,23598.05,22.06,1.0,0.0,0.0,1.039,0.0,1.334,5,9,30,3,0,70,0,70,75,trending,0.0,0,,,
2026-03-12T09:35:00+05:30,portfolio_hist,PREMIUM,SKIP,idle,23588.45,22.13,1.0,0.0,0.0,1.039,0.041,1.314,5,9,35,3,0,70,0,70,75,trending,0.0,0,,,
2026-03-12T09:40:00+05:30,portfolio_hist,PREMIUM,SKIP,idle,23575.7,22.35,1.0,0.0,0.0,1.039,0.095,1.314,5,9,40,3,0,70,0,70,75,trending,0.0,0,,,
2026-03-12T09:45:00+05:30,portfolio_hist,PREMIUM,ENTER,iron_condor,23612.75,22.14,1.0,0.0,0.0,1.039,0.062,0.202,5,9,45,3,0,95,0,95,75,high_vol_range,52.15,75,,,
2026-03-12T10:00:00+05:30,portfolio_hist,TREND,ENTER,debit_spread,23676.75,22.03,1.0,0.0,0.0,1.039,0.333,0.512,5,10,0,3,0,75,0,75,60,high_vol_range,41.01,75,,,
2026-03-12T15:15:00+05:30,portfolio_hist,PREMIUM,EXIT,iron_condor,23630.0,21.61,1.0,0.0,0.0,1.039,0.135,0.276,5,15,15,3,0,0,0,0,0,high_vol_range,0.0,0,Time exit,1107.75,330
2026-03-12T15:16:00+05:30,portfolio_hist,TREND,EXIT,debit_spread,23625.15,21.64,1.0,0.0,0.0,1.039,0.114,0.276,5,15,16,3,0,0,0,0,0,high_vol_range,0.0,0,Time exit,261.0,316
2026-03-12T09:30:00+05:30,portfolio_hist,PREMIUM,SKIP,idle,23598.05,22.06,1.0,0.0,0.0,1.039,0.0,1.334,5,9,30,3,0,70,0,70,75,trending,0.0,0,,,
2026-03-12T09:35:00+05:30,portfolio_hist,PREMIUM,SKIP,idle,23588.45,22.13,1.0,0.0,0.0,1.039,0.041,1.314,5,9,35,3,0,70,0,70,75,trending,0.0,0,,,
2026-03-12T09:40:00+05:30,portfolio_hist,PREMIUM,SKIP,idle,23575.7,22.35,1.0,0.0,0.0,1.039,0.095,1.314,5,9,40,3,0,70,0,70,75,trending,0.0,0,,,
2026-03-12T09:45:00+05:30,portfolio_hist,PREMIUM,ENTER,iron_condor,23612.75,22.14,1.0,0.0,0.0,1.039,0.062,0.202,5,9,45,3,0,95,0,95,75,high_vol_range,52.15,75,,,
2026-03-12T10:00:00+05:30,portfolio_hist,TREND,ENTER,debit_spread,23676.75,22.03,1.0,0.0,0.0,1.039,0.333,0.512,5,10,0,3,0,75,0,75,60,high_vol_range,41.01,75,,,
2026-03-12T15:15:00+05:30,portfolio_hist,PREMIUM,EXIT,iron_condor,23630.0,21.61,1.0,0.0,0.0,1.039,0.135,0.276,5,15,15,3,0,0,0,0,0,high_vol_range,0.0,0,Time exit,1107.75,330
2026-03-12T15:16:00+05:30,portfolio_hist,TREND,EXIT,debit_spread,23625.15,21.64,1.0,0.0,0.0,1.039,0.114,0.276,5,15,16,3,0,0,0,0,0,high_vol_range,0.0,0,Time exit,261.0,316
2026-03-12T09:30:00+05:30,portfolio_hist,PREMIUM,SKIP,idle,23598.05,22.06,1.0,0.0,0.0,1.039,0.0,1.334,5,9,30,3,0,70,0,70,75,trending,0.0,0,,,
2026-03-12T09:35:00+05:30,portfolio_hist,PREMIUM,SKIP,idle,23588.45,22.13,1.0,0.0,0.0,1.039,0.041,1.314,5,9,35,3,0,70,0,70,75,trending,0.0,0,,,
2026-03-12T09:40:00+05:30,portfolio_hist,PREMIUM,SKIP,idle,23575.7,22.35,1.0,0.0,0.0,1.039,0.095,1.314,5,9,40,3,0,70,0,70,75,trending,0.0,0,,,
2026-03-12T09:45:00+05:30,portfolio_hist,PREMIUM,ENTER,iron_condor,23612.75,22.14,1.0,0.0,0.0,1.039,0.062,0.202,5,9,45,3,0,95,0,95,75,high_vol_range,52.15,75,,,
2026-03-12T10:00:00+05:30,portfolio_hist,TREND,ENTER,debit_spread,23676.75,22.03,1.0,0.0,0.0,1.039,0.333,0.512,5,10,0,3,0,75,0,75,60,high_vol_range,41.01,75,,,
2026-03-12T15:15:00+05:30,portfolio_hist,PREMIUM,EXIT,iron_condor,23630.0,21.61,1.0,0.0,0.0,1.039,0.135,0.276,5,15,15,3,0,0,0,0,0,high_vol_range,0.0,0,Time exit,1107.75,330
2026-03-12T15:16:00+05:30,portfolio_hist,TREND,EXIT,debit_spread,23625.15,21.64,1.0,0.0,0.0,1.039,0.114,0.276,5,15,16,3,0,0,0,0,0,high_vol_range,0.0,0,Time exit,261.0,316
2026-03-12T09:30:00+05:30,portfolio_hist,PREMIUM,SKIP,idle,23598.05,22.06,1.0,0.0,0.0,1.039,0.0,1.334,5,9,30,3,0,70,0,70,75,trending,0.0,0,,,
2026-03-12T09:35:00+05:30,portfolio_hist,PREMIUM,SKIP,idle,23588.45,22.13,1.0,0.0,0.0,1.039,0.041,1.314,5,9,35,3,0,70,0,70,75,trending,0.0,0,,,
2026-03-12T09:40:00+05:30,portfolio_hist,PREMIUM,SKIP,idle,23575.7,22.35,1.0,0.0,0.0,1.039,0.095,1.314,5,9,40,3,0,70,0,70,75,trending,0.0,0,,,
2026-03-12T09:45:00+05:30,portfolio_hist,PREMIUM,ENTER,iron_condor,23612.75,22.14,1.0,0.0,0.0,1.039,0.062,0.202,5,9,45,3,0,95,0,95,75,high_vol_range,52.15,75,,,
2026-03-12T10:00:00+05:30,portfolio_hist,TREND,ENTER,debit_spread,23676.75,22.03,1.0,0.0,0.0,1.039,0.333,0.512,5,10,0,3,0,75,0,75,60,high_vol_range,41.01,75,,,
2026-03-12T15:15:00+05:30,portfolio_hist,PREMIUM,EXIT,iron_condor,23630.0,21.61,1.0,0.0,0.0,1.039,0.135,0.276,5,15,15,3,0,0,0,0,0,high_vol_range,0.0,0,Time exit,1107.75,330
2026-03-12T15:16:00+05:30,portfolio_hist,TREND,EXIT,debit_spread,23625.15,21.64,1.0,0.0,0.0,1.039,0.114,0.276,5,15,16,3,0,0,0,0,0,high_vol_range,0.0,0,Time exit,261.0,316
2026-03-12T09:30:00+05:30,portfolio_hist,PREMIUM,SKIP,idle,23598.05,22.06,1.0,0.0,0.0,1.039,0.0,1.334,5,9,30,3,0,70,0,70,75,trending,0.0,0,,,
2026-03-12T09:35:00+05:30,portfolio_hist,PREMIUM,SKIP,idle,23588.45,22.13,1.0,0.0,0.0,1.039,0.041,1.314,5,9,35,3,0,70,0,70,75,trending,0.0,0,,,
2026-03-12T09:40:00+05:30,portfolio_hist,PREMIUM,SKIP,idle,23575.7,22.35,1.0,0.0,0.0,1.039,0.095,1.314,5,9,40,3,0,70,0,70,75,trending,0.0,0,,,
2026-03-12T09:45:00+05:30,portfolio_hist,PREMIUM,ENTER,iron_condor,23612.75,22.14,1.0,0.0,0.0,1.039,0.062,0.202,5,9,45,3,0,95,0,95,75,high_vol_range,52.15,75,,,
2026-03-12T10:00:00+05:30,portfolio_hist,TREND,ENTER,debit_spread,23676.75,22.03,1.0,0.0,0.0,1.039,0.333,0.512,5,10,0,3,0,75,0,75,60,high_vol_range,41.01,75,,,
2026-03-12T15:15:00+05:30,portfolio_hist,PREMIUM,EXIT,iron_condor,23630.0,21.61,1.0,0.0,0.0,1.039,0.135,0.276,5,15,15,3,0,0,0,0,0,high_vol_range,0.0,0,Time exit,1107.75,330
2026-03-12T15:16:00+05:30,portfolio_hist,TREND,EXIT,debit_spread,23625.15,21.64,1.0,0.0,0.0,1.039,0.114,0.276,5,15,16,3,0,0,0,0,0,high_vol_range,0.0,0,Time exit,261.0,316
2026-03-12T09:30:00+05:30,portfolio_hist,PREMIUM,SKIP,idle,23598.05,22.06,1.0,0.0,0.0,1.039,0.0,1.334,5,9,30,3,0,70,0,70,75,trending,0.0,0,,,
2026-03-12T09:35:00+05:30,portfolio_hist,PREMIUM,SKIP,idle,23588.45,22.13,1.0,0.0,0.0,1.039,0.041,1.314,5,9,35,3,0,70,0,70,75,trending,0.0,0,,,
2026-03-12T09:40:00+05:30,portfolio_hist,PREMIUM,SKIP,idle,23575.7,22.35,1.0,0.0,0.0,1.039,0.095,1.314,5,9,40,3,0,70,0,70,75,trending,0.0,0,,,
2026-03-12T09:45:00+05:30,portfolio_hist,PREMIUM,ENTER,iron_condor,23612.75,22.14,1.0,0.0,0.0,1.039,0.062,0.202,5,9,45,3,0,95,0,95,75,high_vol_range,52.15,75,,,
2026-03-12T10:00:00+05:30,portfolio_hist,TREND,ENTER,debit_spread,23676.75,22.03,1.0,0.0,0.0,1.039,0.333,0.512,5,10,0,3,0,75,0,75,60,high_vol_range,41.01,75,,,
2026-03-12T15:15:00+05:30,portfolio_hist,PREMIUM,EXIT,iron_condor,23630.0,21.61,1.0,0.0,0.0,1.039,0.135,0.276,5,15,15,3,0,0,0,0,0,high_vol_range,0.0,0,Time exit,1107.75,330
2026-03-12T15:16:00+05:30,portfolio_hist,TREND,EXIT,debit_spread,23625.15,21.64,1.0,0.0,0.0,1.039,0.114,0.276,5,15,16,3,0,0,0,0,0,high_vol_range,0.0,0,Time exit,261.0,316
2026-03-12T09:30:00+05:30,portfolio_hist,PREMIUM,SKIP,idle,23598.05,22.06,1.0,0.0,0.0,1.039,0.0,1.334,5,9,30,3,0,70,0,70,75,trending,0.0,0,,,
2026-03-12T09:35:00+05:30,portfolio_hist,PREMIUM,SKIP,idle,23588.45,22.13,1.0,0.0,0.0,1.039,0.041,1.314,5,9,35,3,0,70,0,70,75,trending,0.0,0,,,
2026-03-12T09:40:00+05:30,portfolio_hist,PREMIUM,SKIP,idle,23575.7,22.35,1.0,0.0,0.0,1.039,0.095,1.314,5,9,40,3,0,70,0,70,75,trending,0.0,0,,,
2026-03-12T09:45:00+05:30,portfolio_hist,PREMIUM,ENTER,iron_condor,23612.75,22.14,1.0,0.0,0.0,1.039,0.062,0.202,5,9,45,3,0,95,0,95,75,high_vol_range,52.15,75,,,
2026-03-12T10:00:00+05:30,portfolio_hist,TREND,ENTER,debit_spread,23676.75,22.03,1.0,0.0,0.0,1.039,0.333,0.512,5,10,0,3,0,75,0,75,60,high_vol_range,41.01,75,,,
2026-03-12T15:15:00+05:30,portfolio_hist,PREMIUM,EXIT,iron_condor,23630.0,21.61,1.0,0.0,0.0,1.039,0.135,0.276,5,15,15,3,0,0,0,0,0,high_vol_range,0.0,0,Time exit,1107.75,330
2026-03-12T15:16:00+05:30,portfolio_hist,TREND,EXIT,debit_spread,23625.15,21.64,1.0,0.0,0.0,1.039,0.114,0.276,5,15,16,3,0,0,0,0,0,high_vol_range,0.0,0,Time exit,261.0,316
2026-03-12T09:30:00+05:30,portfolio_hist,PREMIUM,SKIP,idle,23598.05,22.06,1.0,0.0,0.0,1.039,0.0,1.334,5,9,30,3,0,70,0,70,75,trending,0.0,0,,,
2026-03-12T09:35:00+05:30,portfolio_hist,PREMIUM,SKIP,idle,23588.45,22.13,1.0,0.0,0.0,1.039,0.041,1.314,5,9,35,3,0,70,0,70,75,trending,0.0,0,,,
2026-03-12T09:40:00+05:30,portfolio_hist,PREMIUM,SKIP,idle,23575.7,22.35,1.0,0.0,0.0,1.039,0.095,1.314,5,9,40,3,0,70,0,70,75,trending,0.0,0,,,
2026-03-12T09:45:00+05:30,portfolio_hist,PREMIUM,ENTER,iron_condor,23612.75,22.14,1.0,0.0,0.0,1.039,0.062,0.202,5,9,45,3,0,95,0,95,75,high_vol_range,52.15,75,,,
2026-03-12T10:00:00+05:30,portfolio_hist,TREND,ENTER,debit_spread,23676.75,22.03,1.0,0.0,0.0,1.039,0.333,0.512,5,10,0,3,0,75,0,75,60,high_vol_range,41.01,75,,,
2026-03-12T15:15:00+05:30,portfolio_hist,PREMIUM,EXIT,iron_condor,23630.0,21.61,1.0,0.0,0.0,1.039,0.135,0.276,5,15,15,3,0,0,0,0,0,high_vol_range,0.0,0,Time exit,1107.75,330
2026-03-12T15:16:00+05:30,portfolio_hist,TREND,EXIT,debit_spread,23625.15,21.64,1.0,0.0,0.0,1.039,0.114,0.276,5,15,16,3,0,0,0,0,0,high_vol_range,0.0,0,Time exit,261.0,316
2026-03-12T09:30:00+05:30,portfolio_hist,PREMIUM,SKIP,idle,23598.05,22.06,1.0,0.0,0.0,1.039,0.0,1.334,5,9,30,3,0,70,0,70,75,trending,0.0,0,,,
2026-03-12T09:35:00+05:30,portfolio_hist,PREMIUM,SKIP,idle,23588.45,22.13,1.0,0.0,0.0,1.039,0.041,1.314,5,9,35,3,0,70,0,70,75,trending,0.0,0,,,
2026-03-12T09:40:00+05:30,portfolio_hist,PREMIUM,SKIP,idle,23575.7,22.35,1.0,0.0,0.0,1.039,0.095,1.314,5,9,40,3,0,70,0,70,75,trending,0.0,0,,,
2026-03-12T09:45:00+05:30,portfolio_hist,PREMIUM,ENTER,iron_condor,23612.75,22.14,1.0,0.0,0.0,1.039,0.062,0.202,5,9,45,3,0,95,0,95,75,high_vol_range,52.15,75,,,
2026-03-12T10:00:00+05:30,portfolio_hist,TREND,ENTER,debit_spread,23676.75,22.03,1.0,0.0,0.0,1.039,0.333,0.512,5,10,0,3,0,75,0,75,60,high_vol_range,41.01,75,,,
2026-03-12T10:01:00+05:30,portfolio_hist,TREND,EXIT,debit_spread,23676.1,22.02,1.0,0.0,0.0,1.039,0.33,0.512,5,10,1,3,0,0,0,0,0,high_vol_range,0.0,0,Trend profit: spread at 41.0% of max,3.0,1
2026-03-12T15:15:00+05:30,portfolio_hist,PREMIUM,EXIT,iron_condor,23630.0,21.61,1.0,0.0,0.0,1.039,0.135,0.276,5,15,15,3,0,0,0,0,0,high_vol_range,0.0,0,Time exit,1107.75,330
2026-03-12T09:30:00+05:30,portfolio_hist,PREMIUM,SKIP,idle,23598.05,22.06,1.0,0.0,0.0,1.039,0.0,1.334,5,9,30,3,0,70,0,70,75,trending,0.0,0,,,
2026-03-12T09:35:00+05:30,portfolio_hist,PREMIUM,SKIP,idle,23588.45,22.13,1.0,0.0,0.0,1.039,0.041,1.314,5,9,35,3,0,70,0,70,75,trending,0.0,0,,,
2026-03-12T09:40:00+05:30,portfolio_hist,PREMIUM,SKIP,idle,23575.7,22.35,1.0,0.0,0.0,1.039,0.095,1.314,5,9,40,3,0,70,0,70,75,trending,0.0,0,,,
2026-03-12T09:45:00+05:30,portfolio_hist,PREMIUM,ENTER,iron_condor,23612.75,22.14,1.0,0.0,0.0,1.039,0.062,0.202,5,9,45,3,0,95,0,95,75,high_vol_range,52.15,75,,,
2026-03-12T10:00:00+05:30,portfolio_hist,TREND,ENTER,debit_spread,23676.75,22.03,1.0,0.0,0.0,1.039,0.333,0.512,5,10,0,3,0,75,0,75,60,high_vol_range,41.01,75,,,
2026-03-12T10:01:00+05:30,portfolio_hist,TREND,EXIT,debit_spread,23676.1,22.02,1.0,0.0,0.0,1.039,0.33,0.512,5,10,1,3,0,0,0,0,0,high_vol_range,0.0,0,Trend profit: spread at 41.0% of max,3.0,1
2026-03-12T15:15:00+05:30,portfolio_hist,PREMIUM,EXIT,iron_condor,23630.0,21.61,1.0,0.0,0.0,1.039,0.135,0.276,5,15,15,3,0,0,0,0,0,high_vol_range,0.0,0,Time exit,1107.75,330
2026-03-12T09:30:00+05:30,portfolio_hist,PREMIUM,SKIP,idle,23598.05,22.06,1.0,0.0,0.0,1.039,0.0,1.334,5,9,30,3,0,70,0,70,75,trending,0.0,0,,,
2026-03-12T09:35:00+05:30,portfolio_hist,PREMIUM,SKIP,idle,23588.45,22.13,1.0,0.0,0.0,1.039,0.041,1.314,5,9,35,3,0,70,0,70,75,trending,0.0,0,,,
2026-03-12T09:40:00+05:30,portfolio_hist,PREMIUM,SKIP,idle,23575.7,22.35,1.0,0.0,0.0,1.039,0.095,1.314,5,9,40,3,0,70,0,70,75,trending,0.0,0,,,
2026-03-12T09:45:00+05:30,portfolio_hist,PREMIUM,ENTER,iron_condor,23612.75,22.14,1.0,0.0,0.0,1.039,0.062,0.202,5,9,45,3,0,95,0,95,75,high_vol_range,52.15,75,,,
2026-03-12T10:00:00+05:30,portfolio_hist,TREND,ENTER,debit_spread,23676.75,22.03,1.0,0.0,0.0,1.039,0.333,0.512,5,10,0,3,0,75,0,75,60,high_vol_range,41.01,75,,,
2026-03-12T13:29:00+05:30,portfolio_hist,TREND,EXIT,debit_spread,23764.3,20.98,1.0,0.0,0.0,1.039,0.704,0.344,5,13,29,3,0,0,0,0,0,high_vol_range,0.0,0,Trend stop: lost 15.3%,-471.0,209
2026-03-12T15:15:00+05:30,portfolio_hist,PREMIUM,EXIT,iron_condor,23630.0,21.61,1.0,0.0,0.0,1.039,0.135,0.276,5,15,15,3,0,0,0,0,0,high_vol_range,0.0,0,Time exit,1107.75,330
2026-03-12T09:30:00+05:30,portfolio_hist,PREMIUM,SKIP,idle,23598.05,22.06,1.0,0.0,0.0,1.039,0.0,1.334,5,9,30,3,0,70,0,70,75,trending,0.0,0,,,
2026-03-12T09:35:00+05:30,portfolio_hist,PREMIUM,SKIP,idle,23588.45,22.13,1.0,0.0,0.0,1.039,0.041,1.314,5,9,35,3,0,70,0,70,75,trending,0.0,0,,,
2026-03-12T09:40:00+05:30,portfolio_hist,PREMIUM,SKIP,idle,23575.7,22.35,1.0,0.0,0.0,1.039,0.095,1.314,5,9,40,3,0,70,0,70,75,trending,0.0,0,,,
2026-03-12T09:45:00+05:30,portfolio_hist,PREMIUM,ENTER,iron_condor,23612.75,22.14,1.0,0.0,0.0,1.039,0.062,0.202,5,9,45,3,0,95,0,95,75,high_vol_range,52.15,75,,,
2026-03-12T10:00:00+05:30,portfolio_hist,TREND,ENTER,debit_spread,23676.75,22.03,1.0,0.0,0.0,1.039,0.333,0.512,5,10,0,3,0,75,0,75,60,high_vol_range,41.01,75,,,
2026-03-12T13:29:00+05:30,portfolio_hist,TREND,EXIT,debit_spread,23764.3,20.98,1.0,0.0,0.0,1.039,0.704,0.344,5,13,29,3,0,0,0,0,0,high_vol_range,0.0,0,Trend stop: lost 15.3%,-471.0,209
2026-03-12T15:15:00+05:30,portfolio_hist,PREMIUM,EXIT,iron_condor,23630.0,21.61,1.0,0.0,0.0,1.039,0.135,0.276,5,15,15,3,0,0,0,0,0,high_vol_range,0.0,0,Time exit,1107.75,330
2026-03-12T09:30:00+05:30,portfolio_hist,PREMIUM,SKIP,idle,23598.05,22.06,1.0,0.0,0.0,1.039,0.0,1.334,5,9,30,3,0,70,0,70,75,trending,0.0,0,,,
2026-03-12T09:35:00+05:30,portfolio_hist,PREMIUM,SKIP,idle,23588.45,22.13,1.0,0.0,0.0,1.039,0.041,1.314,5,9,35,3,0,70,0,70,75,trending,0.0,0,,,
2026-03-12T09:40:00+05:30,portfolio_hist,PREMIUM,SKIP,idle,23575.7,22.35,1.0,0.0,0.0,1.039,0.095,1.314,5,9,40,3,0,70,0,70,75,trending,0.0,0,,,
2026-03-12T09:45:00+05:30,portfolio_hist,PREMIUM,ENTER,iron_condor,23612.75,22.14,1.0,0.0,0.0,1.039,0.062,0.202,5,9,45,3,0,95,0,95,75,high_vol_range,52.15,75,,,
2026-03-12T10:00:00+05:30,portfolio_hist,TREND,ENTER,debit_spread,23676.75,22.03,1.0,0.0,0.0,1.039,0.333,0.512,5,10,0,3,0,75,0,75,60,high_vol_range,41.01,75,,,
2026-03-12T13:29:00+05:30,portfolio_hist,TREND,EXIT,debit_spread,23764.3,20.98,1.0,0.0,0.0,1.039,0.704,0.344,5,13,29,3,0,0,0,0,0,high_vol_range,0.0,0,Trend stop: lost 15.3%,-471.0,209
2026-03-12T15:15:00+05:30,portfolio_hist,PREMIUM,EXIT,iron_condor,23630.0,21.61,1.0,0.0,0.0,1.039,0.135,0.276,5,15,15,3,0,0,0,0,0,high_vol_range,0.0,0,Time exit,1107.75,330
2026-03-12T09:30:00+05:30,portfolio_hist,PREMIUM,SKIP,idle,23598.05,22.06,1.0,0.0,0.0,1.039,0.0,1.334,5,9,30,3,0,70,0,70,75,trending,0.0,0,,,
2026-03-12T09:35:00+05:30,portfolio_hist,PREMIUM,SKIP,idle,23588.45,22.13,1.0,0.0,0.0,1.039,0.041,1.314,5,9,35,3,0,70,0,70,75,trending,0.0,0,,,
2026-03-12T09:40:00+05:30,portfolio_hist,PREMIUM,SKIP,idle,23575.7,22.35,1.0,0.0,0.0,1.039,0.095,1.314,5,9,40,3,0,70,0,70,75,trending,0.0,0,,,
2026-03-12T09:45:00+05:30,portfolio_hist,PREMIUM,ENTER,iron_condor,23612.75,22.14,1.0,0.0,0.0,1.039,0.062,0.202,5,9,45,3,0,95,0,95,75,high_vol_range,52.15,75,,,
2026-03-12T10:00:00+05:30,portfolio_hist,TREND,ENTER,debit_spread,23676.75,22.03,1.0,0.0,0.0,1.039,0.333,0.512,5,10,0,3,0,75,0,75,60,high_vol_range,41.01,75,,,
2026-03-12T10:01:00+05:30,portfolio_hist,TREND,EXIT,debit_spread,23676.1,22.02,1.0,0.0,0.0,1.039,0.33,0.512,5,10,1,3,0,0,0,0,0,high_vol_range,0.0,0,Trend profit: spread at 41.0% of max,3.0,1
2026-03-12T15:15:00+05:30,portfolio_hist,PREMIUM,EXIT,iron_condor,23630.0,21.61,1.0,0.0,0.0,1.039,0.135,0.276,5,15,15,3,0,0,0,0,0,high_vol_range,0.0,0,Time exit,1107.75,330
2026-03-12T09:30:00+05:30,portfolio_hist,PREMIUM,SKIP,idle,23598.05,22.06,1.0,0.0,0.0,1.039,0.0,1.334,5,9,30,3,0,70,0,70,75,trending,0.0,0,,,
2026-03-12T09:35:00+05:30,portfolio_hist,PREMIUM,SKIP,idle,23588.45,22.13,1.0,0.0,0.0,1.039,0.041,1.314,5,9,35,3,0,70,0,70,75,trending,0.0,0,,,
2026-03-12T09:40:00+05:30,portfolio_hist,PREMIUM,SKIP,idle,23575.7,22.35,1.0,0.0,0.0,1.039,0.095,1.314,5,9,40,3,0,70,0,70,75,trending,0.0,0,,,
2026-03-12T09:45:00+05:30,portfolio_hist,PREMIUM,ENTER,iron_condor,23612.75,22.14,1.0,0.0,0.0,1.039,0.062,0.202,5,9,45,3,0,95,0,95,75,high_vol_range,52.15,75,,,
2026-03-12T10:00:00+05:30,portfolio_hist,TREND,ENTER,debit_spread,23676.75,22.03,1.0,0.0,0.0,1.039,0.333,0.512,5,10,0,3,0,75,0,75,60,high_vol_range,41.01,75,,,
2026-03-12T10:01:00+05:30,portfolio_hist,TREND,EXIT,debit_spread,23676.1,22.02,1.0,0.0,0.0,1.039,0.33,0.512,5,10,1,3,0,0,0,0,0,high_vol_range,0.0,0,Trend profit: spread at 41.0% of max,3.0,1
2026-03-12T15:15:00+05:30,portfolio_hist,PREMIUM,EXIT,iron_condor,23630.0,21.61,1.0,0.0,0.0,1.039,0.135,0.276,5,15,15,3,0,0,0,0,0,high_vol_range,0.0,0,Time exit,1107.75,330
2026-03-12T09:30:00+05:30,portfolio_hist,PREMIUM,SKIP,idle,23598.05,22.06,1.0,0.0,0.0,1.039,0.0,1.334,5,9,30,3,0,70,0,70,75,trending,0.0,0,,,
2026-03-12T09:35:00+05:30,portfolio_hist,PREMIUM,SKIP,idle,23588.45,22.13,1.0,0.0,0.0,1.039,0.041,1.314,5,9,35,3,0,70,0,70,75,trending,0.0,0,,,
2026-03-12T09:40:00+05:30,portfolio_hist,PREMIUM,SKIP,idle,23575.7,22.35,1.0,0.0,0.0,1.039,0.095,1.314,5,9,40,3,0,70,0,70,75,trending,0.0,0,,,
2026-03-12T09:45:00+05:30,portfolio_hist,PREMIUM,ENTER,iron_condor,23612.75,22.14,1.0,0.0,0.0,1.039,0.062,0.202,5,9,45,3,0,95,0,95,75,high_vol_range,52.15,75,,,
2026-03-12T10:00:00+05:30,portfolio_hist,TREND,ENTER,debit_spread,23676.75,22.03,1.0,0.0,0.0,1.039,0.333,0.512,5,10,0,3,0,75,0,75,60,high_vol_range,41.01,75,,,
2026-03-12T13:33:00+05:30,portfolio_hist,TREND,EXIT,debit_spread,23810.8,20.89,1.0,0.0,0.0,1.039,0.901,0.445,5,13,33,3,0,0,0,0,0,high_vol_range,0.0,0,Trend stop: lost 22.3%,-684.75,213
2026-03-12T15:15:00+05:30,portfolio_hist,PREMIUM,EXIT,iron_condor,23630.0,21.61,1.0,0.0,0.0,1.039,0.135,0.276,5,15,15,3,0,0,0,0,0,high_vol_range,0.0,0,Time exit,1107.75,330
2026-03-12T09:30:00+05:30,portfolio_hist,PREMIUM,SKIP,idle,23598.05,22.06,1.0,0.0,0.0,1.039,0.0,1.334,5,9,30,3,0,70,0,70,75,trending,0.0,0,,,
2026-03-12T09:35:00+05:30,portfolio_hist,PREMIUM,SKIP,idle,23588.45,22.13,1.0,0.0,0.0,1.039,0.041,1.314,5,9,35,3,0,70,0,70,75,trending,0.0,0,,,
2026-03-12T09:40:00+05:30,portfolio_hist,PREMIUM,SKIP,idle,23575.7,22.35,1.0,0.0,0.0,1.039,0.095,1.314,5,9,40,3,0,70,0,70,75,trending,0.0,0,,,
2026-03-12T09:45:00+05:30,portfolio_hist,PREMIUM,ENTER,iron_condor,23612.75,22.14,1.0,0.0,0.0,1.039,0.062,0.202,5,9,45,3,0,95,0,95,75,high_vol_range,52.15,75,,,
2026-03-12T10:00:00+05:30,portfolio_hist,TREND,ENTER,debit_spread,23676.75,22.03,1.0,0.0,0.0,1.039,0.333,0.512,5,10,0,3,0,75,0,75,60,high_vol_range,41.01,75,,,
2026-03-12T13:33:00+05:30,portfolio_hist,TREND,EXIT,debit_spread,23810.8,20.89,1.0,0.0,0.0,1.039,0.901,0.445,5,13,33,3,0,0,0,0,0,high_vol_range,0.0,0,Trend stop: lost 22.3%,-684.75,213
2026-03-12T15:15:00+05:30,portfolio_hist,PREMIUM,EXIT,iron_condor,23630.0,21.61,1.0,0.0,0.0,1.039,0.135,0.276,5,15,15,3,0,0,0,0,0,high_vol_range,0.0,0,Time exit,1107.75,330
2026-03-12T09:30:00+05:30,portfolio_hist,PREMIUM,SKIP,idle,23598.05,22.06,1.0,0.0,0.0,1.039,0.0,1.334,5,9,30,3,0,70,0,70,75,trending,0.0,0,,,
2026-03-12T09:35:00+05:30,portfolio_hist,PREMIUM,SKIP,idle,23588.45,22.13,1.0,0.0,0.0,1.039,0.041,1.314,5,9,35,3,0,70,0,70,75,trending,0.0,0,,,
2026-03-12T09:40:00+05:30,portfolio_hist,PREMIUM,SKIP,idle,23575.7,22.35,1.0,0.0,0.0,1.039,0.095,1.314,5,9,40,3,0,70,0,70,75,trending,0.0,0,,,
2026-03-12T09:45:00+05:30,portfolio_hist,PREMIUM,ENTER,iron_condor,23612.75,22.14,1.0,0.0,0.0,1.039,0.062,0.202,5,9,45,3,0,95,0,95,75,high_vol_range,52.15,75,,,
2026-03-12T10:00:00+05:30,portfolio_hist,TREND,ENTER,debit_spread,23676.75,22.03,1.0,0.0,0.0,1.039,0.333,0.512,5,10,0,3,0,75,0,75,60,high_vol_range,41.01,75,,,
2026-03-12T13:33:00+05:30,portfolio_hist,TREND,EXIT,debit_spread,23810.8,20.89,1.0,0.0,0.0,1.039,0.901,0.445,5,13,33,3,0,0,0,0,0,high_vol_range,0.0,0,Trend stop: lost 22.3%,-684.75,213
2026-03-12T15:15:00+05:30,portfolio_hist,PREMIUM,EXIT,iron_condor,23630.0,21.61,1.0,0.0,0.0,1.039,0.135,0.276,5,15,15,3,0,0,0,0,0,high_vol_range,0.0,0,Time exit,1107.75,330
2026-03-12T09:30:00+05:30,portfolio_hist,PREMIUM,SKIP,idle,23598.05,22.06,1.0,0.0,0.0,1.039,0.0,1.334,5,9,30,3,0,70,0,70,75,trending,0.0,0,,,
2026-03-12T09:35:00+05:30,portfolio_hist,PREMIUM,SKIP,idle,23588.45,22.13,1.0,0.0,0.0,1.039,0.041,1.314,5,9,35,3,0,70,0,70,75,trending,0.0,0,,,
2026-03-12T09:40:00+05:30,portfolio_hist,PREMIUM,SKIP,idle,23575.7,22.35,1.0,0.0,0.0,1.039,0.095,1.314,5,9,40,3,0,70,0,70,75,trending,0.0,0,,,
2026-03-12T09:45:00+05:30,portfolio_hist,PREMIUM,ENTER,iron_condor,23612.75,22.14,1.0,0.0,0.0,1.039,0.062,0.202,5,9,45,3,0,95,0,95,75,high_vol_range,52.15,75,,,
2026-03-12T10:00:00+05:30,portfolio_hist,TREND,ENTER,debit_spread,23676.75,22.03,1.0,0.0,0.0,1.039,0.333,0.512,5,10,0,3,0,75,0,75,60,high_vol_range,41.01,75,,,
2026-03-12T10:01:00+05:30,portfolio_hist,TREND,EXIT,debit_spread,23676.1,22.02,1.0,0.0,0.0,1.039,0.33,0.512,5,10,1,3,0,0,0,0,0,high_vol_range,0.0,0,Trend profit: spread at 41.0% of max,3.0,1
2026-03-12T15:15:00+05:30,portfolio_hist,PREMIUM,EXIT,iron_condor,23630.0,21.61,1.0,0.0,0.0,1.039,0.135,0.276,5,15,15,3,0,0,0,0,0,high_vol_range,0.0,0,Time exit,1107.75,330
2026-03-12T09:30:00+05:30,portfolio_hist,PREMIUM,SKIP,idle,23598.05,22.06,1.0,0.0,0.0,1.039,0.0,1.334,5,9,30,3,0,70,0,70,75,trending,0.0,0,,,
2026-03-12T09:35:00+05:30,portfolio_hist,PREMIUM,SKIP,idle,23588.45,22.13,1.0,0.0,0.0,1.039,0.041,1.314,5,9,35,3,0,70,0,70,75,trending,0.0,0,,,
2026-03-12T09:40:00+05:30,portfolio_hist,PREMIUM,SKIP,idle,23575.7,22.35,1.0,0.0,0.0,1.039,0.095,1.314,5,9,40,3,0,70,0,70,75,trending,0.0,0,,,
2026-03-12T09:45:00+05:30,portfolio_hist,PREMIUM,ENTER,iron_condor,23612.75,22.14,1.0,0.0,0.0,1.039,0.062,0.202,5,9,45,3,0,95,0,95,75,high_vol_range,52.15,75,,,
2026-03-12T10:00:00+05:30,portfolio_hist,TREND,ENTER,debit_spread,23676.75,22.03,1.0,0.0,0.0,1.039,0.333,0.512,5,10,0,3,0,75,0,75,60,high_vol_range,41.01,75,,,
2026-03-12T10:01:00+05:30,portfolio_hist,TREND,EXIT,debit_spread,23676.1,22.02,1.0,0.0,0.0,1.039,0.33,0.512,5,10,1,3,0,0,0,0,0,high_vol_range,0.0,0,Trend profit: spread at 41.0% of max,3.0,1
2026-03-12T15:15:00+05:30,portfolio_hist,PREMIUM,EXIT,iron_condor,23630.0,21.61,1.0,0.0,0.0,1.039,0.135,0.276,5,15,15,3,0,0,0,0,0,high_vol_range,0.0,0,Time exit,1107.75,330
2026-03-12T09:30:00+05:30,portfolio_hist,PREMIUM,SKIP,idle,23598.05,22.06,1.0,0.0,0.0,1.039,0.0,1.334,5,9,30,3,0,70,0,70,75,trending,0.0,0,,,
2026-03-12T09:35:00+05:30,portfolio_hist,PREMIUM,SKIP,idle,23588.45,22.13,1.0,0.0,0.0,1.039,0.041,1.314,5,9,35,3,0,70,0,70,75,trending,0.0,0,,,
2026-03-12T09:40:00+05:30,portfolio_hist,PREMIUM,SKIP,idle,23575.7,22.35,1.0,0.0,0.0,1.039,0.095,1.314,5,9,40,3,0,70,0,70,75,trending,0.0,0,,,
2026-03-12T09:45:00+05:30,portfolio_hist,PREMIUM,ENTER,iron_condor,23612.75,22.14,1.0,0.0,0.0,1.039,0.062,0.202,5,9,45,3,0,95,0,95,75,high_vol_range,52.15,75,,,
2026-03-12T10:00:00+05:30,portfolio_hist,TREND,ENTER,debit_spread,23676.75,22.03,1.0,0.0,0.0,1.039,0.333,0.512,5,10,0,3,0,75,0,75,60,high_vol_range,41.01,75,,,
2026-03-12T15:15:00+05:30,portfolio_hist,PREMIUM,EXIT,iron_condor,23630.0,21.61,1.0,0.0,0.0,1.039,0.135,0.276,5,15,15,3,0,0,0,0,0,high_vol_range,0.0,0,Time exit,1107.75,330
2026-03-12T15:16:00+05:30,portfolio_hist,TREND,EXIT,debit_spread,23625.15,21.64,1.0,0.0,0.0,1.039,0.114,0.276,5,15,16,3,0,0,0,0,0,high_vol_range,0.0,0,Time exit,261.0,316
2026-03-12T09:30:00+05:30,portfolio_hist,PREMIUM,SKIP,idle,23598.05,22.06,1.0,0.0,0.0,1.039,0.0,1.334,5,9,30,3,0,70,0,70,75,trending,0.0,0,,,
2026-03-12T09:35:00+05:30,portfolio_hist,PREMIUM,SKIP,idle,23588.45,22.13,1.0,0.0,0.0,1.039,0.041,1.314,5,9,35,3,0,70,0,70,75,trending,0.0,0,,,
2026-03-12T09:40:00+05:30,portfolio_hist,PREMIUM,SKIP,idle,23575.7,22.35,1.0,0.0,0.0,1.039,0.095,1.314,5,9,40,3,0,70,0,70,75,trending,0.0,0,,,
2026-03-12T09:45:00+05:30,portfolio_hist,PREMIUM,ENTER,iron_condor,23612.75,22.14,1.0,0.0,0.0,1.039,0.062,0.202,5,9,45,3,0,95,0,95,75,high_vol_range,52.15,75,,,
2026-03-12T10:00:00+05:30,portfolio_hist,TREND,ENTER,debit_spread,23676.75,22.03,1.0,0.0,0.0,1.039,0.333,0.512,5,10,0,3,0,75,0,75,60,high_vol_range,41.01,75,,,
2026-03-12T15:15:00+05:30,portfolio_hist,PREMIUM,EXIT,iron_condor,23630.0,21.61,1.0,0.0,0.0,1.039,0.135,0.276,5,15,15,3,0,0,0,0,0,high_vol_range,0.0,0,Time exit,1107.75,330
2026-03-12T15:16:00+05:30,portfolio_hist,TREND,EXIT,debit_spread,23625.15,21.64,1.0,0.0,0.0,1.039,0.114,0.276,5,15,16,3,0,0,0,0,0,high_vol_range,0.0,0,Time exit,261.0,316
2026-03-12T09:30:00+05:30,portfolio_hist,PREMIUM,SKIP,idle,23598.05,22.06,1.0,0.0,0.0,1.039,0.0,1.334,5,9,30,3,0,70,0,70,75,trending,0.0,0,,,
2026-03-12T09:35:00+05:30,portfolio_hist,PREMIUM,SKIP,idle,23588.45,22.13,1.0,0.0,0.0,1.039,0.041,1.314,5,9,35,3,0,70,0,70,75,trending,0.0,0,,,
2026-03-12T09:40:00+05:30,portfolio_hist,PREMIUM,SKIP,idle,23575.7,22.35,1.0,0.0,0.0,1.039,0.095,1.314,5,9,40,3,0,70,0,70,75,trending,0.0,0,,,
2026-03-12T09:45:00+05:30,portfolio_hist,PREMIUM,ENTER,iron_condor,23612.75,22.14,1.0,0.0,0.0,1.039,0.062,0.202,5,9,45,3,0,95,0,95,75,high_vol_range,52.15,75,,,
2026-03-12T10:00:00+05:30,portfolio_hist,TREND,ENTER,debit_spread,23676.75,22.03,1.0,0.0,0.0,1.039,0.333,0.512,5,10,0,3,0,75,0,75,60,high_vol_range,41.01,75,,,
2026-03-12T15:15:00+05:30,portfolio_hist,PREMIUM,EXIT,iron_condor,23630.0,21.61,1.0,0.0,0.0,1.039,0.135,0.276,5,15,15,3,0,0,0,0,0,high_vol_range,0.0,0,Time exit,1107.75,330
2026-03-12T15:16:00+05:30,portfolio_hist,TREND,EXIT,debit_spread,23625.15,21.64,1.0,0.0,0.0,1.039,0.114,0.276,5,15,16,3,0,0,0,0,0,high_vol_range,0.0,0,Time exit,261.0,316
2026-03-12T09:30:00+05:30,portfolio_hist,PREMIUM,SKIP,idle,23598.05,22.06,1.0,0.0,0.0,1.039,0.0,1.334,5,9,30,3,0,70,0,70,75,trending,0.0,0,,,
2026-03-12T09:35:00+05:30,portfolio_hist,PREMIUM,SKIP,idle,23588.45,22.13,1.0,0.0,0.0,1.039,0.041,1.314,5,9,35,3,0,70,0,70,75,trending,0.0,0,,,
2026-03-12T09:40:00+05:30,portfolio_hist,PREMIUM,SKIP,idle,23575.7,22.35,1.0,0.0,0.0,1.039,0.095,1.314,5,9,40,3,0,70,0,70,75,trending,0.0,0,,,
2026-03-12T09:45:00+05:30,portfolio_hist,PREMIUM,ENTER,iron_condor,23612.75,22.14,1.0,0.0,0.0,1.039,0.062,0.202,5,9,45,3,0,95,0,95,75,high_vol_range,52.15,75,,,
2026-03-12T10:00:00+05:30,portfolio_hist,TREND,ENTER,debit_spread,23676.75,22.03,1.0,0.0,0.0,1.039,0.333,0.512,5,10,0,3,0,75,0,75,60,high_vol_range,41.01,75,,,
2026-03-12T10:01:00+05:30,portfolio_hist,TREND,EXIT,debit_spread,23676.1,22.02,1.0,0.0,0.0,1.039,0.33,0.512,5,10,1,3,0,0,0,0,0,high_vol_range,0.0,0,Trend profit: spread at 41.0% of max,3.0,1
2026-03-12T15:15:00+05:30,portfolio_hist,PREMIUM,EXIT,iron_condor,23630.0,21.61,1.0,0.0,0.0,1.039,0.135,0.276,5,15,15,3,0,0,0,0,0,high_vol_range,0.0,0,Time exit,1107.75,330
2026-03-12T09:30:00+05:30,portfolio_hist,PREMIUM,SKIP,idle,23598.05,22.06,1.0,0.0,0.0,1.039,0.0,1.334,5,9,30,3,0,70,0,70,75,trending,0.0,0,,,
2026-03-12T09:35:00+05:30,portfolio_hist,PREMIUM,SKIP,idle,23588.45,22.13,1.0,0.0,0.0,1.039,0.041,1.314,5,9,35,3,0,70,0,70,75,trending,0.0,0,,,
2026-03-12T09:40:00+05:30,portfolio_hist,PREMIUM,SKIP,idle,23575.7,22.35,1.0,0.0,0.0,1.039,0.095,1.314,5,9,40,3,0,70,0,70,75,trending,0.0,0,,,
2026-03-12T09:45:00+05:30,portfolio_hist,PREMIUM,ENTER,iron_condor,23612.75,22.14,1.0,0.0,0.0,1.039,0.062,0.202,5,9,45,3,0,95,0,95,75,high_vol_range,52.15,75,,,
2026-03-12T10:00:00+05:30,portfolio_hist,TREND,ENTER,debit_spread,23676.75,22.03,1.0,0.0,0.0,1.039,0.333,0.512,5,10,0,3,0,75,0,75,60,high_vol_range,41.01,75,,,
2026-03-12T10:01:00+05:30,portfolio_hist,TREND,EXIT,debit_spread,23676.1,22.02,1.0,0.0,0.0,1.039,0.33,0.512,5,10,1,3,0,0,0,0,0,high_vol_range,0.0,0,Trend profit: spread at 41.0% of max,3.0,1
2026-03-12T15:15:00+05:30,portfolio_hist,PREMIUM,EXIT,iron_condor,23630.0,21.61,1.0,0.0,0.0,1.039,0.135,0.276,5,15,15,3,0,0,0,0,0,high_vol_range,0.0,0,Time exit,1107.75,330
2026-03-12T09:30:00+05:30,portfolio_hist,PREMIUM,SKIP,idle,23598.05,22.06,1.0,0.0,0.0,1.039,0.0,1.334,5,9,30,3,0,70,0,70,75,trending,0.0,0,,,
2026-03-12T09:35:00+05:30,portfolio_hist,PREMIUM,SKIP,idle,23588.45,22.13,1.0,0.0,0.0,1.039,0.041,1.314,5,9,35,3,0,70,0,70,75,trending,0.0,0,,,
2026-03-12T09:40:00+05:30,portfolio_hist,PREMIUM,SKIP,idle,23575.7,22.35,1.0,0.0,0.0,1.039,0.095,1.314,5,9,40,3,0,70,0,70,75,trending,0.0,0,,,
2026-03-12T09:45:00+05:30,portfolio_hist,PREMIUM,ENTER,iron_condor,23612.75,22.14,1.0,0.0,0.0,1.039,0.062,0.202,5,9,45,3,0,95,0,95,75,high_vol_range,52.15,75,,,
2026-03-12T10:00:00+05:30,portfolio_hist,TREND,ENTER,debit_spread,23676.75,22.03,1.0,0.0,0.0,1.039,0.333,0.512,5,10,0,3,0,75,0,75,60,high_vol_range,41.01,75,,,
2026-03-12T15:15:00+05:30,portfolio_hist,PREMIUM,EXIT,iron_condor,23630.0,21.61,1.0,0.0,0.0,1.039,0.135,0.276,5,15,15,3,0,0,0,0,0,high_vol_range,0.0,0,Time exit,1107.75,330
2026-03-12T15:16:00+05:30,portfolio_hist,TREND,EXIT,debit_spread,23625.15,21.64,1.0,0.0,0.0,1.039,0.114,0.276,5,15,16,3,0,0,0,0,0,high_vol_range,0.0,0,Time exit,261.0,316
2026-03-12T09:30:00+05:30,portfolio_hist,PREMIUM,SKIP,idle,23598.05,22.06,1.0,0.0,0.0,1.039,0.0,1.334,5,9,30,3,0,70,0,70,75,trending,0.0,0,,,
2026-03-12T09:35:00+05:30,portfolio_hist,PREMIUM,SKIP,idle,23588.45,22.13,1.0,0.0,0.0,1.039,0.041,1.314,5,9,35,3,0,70,0,70,75,trending,0.0,0,,,
2026-03-12T09:40:00+05:30,portfolio_hist,PREMIUM,SKIP,idle,23575.7,22.35,1.0,0.0,0.0,1.039,0.095,1.314,5,9,40,3,0,70,0,70,75,trending,0.0,0,,,
2026-03-12T09:45:00+05:30,portfolio_hist,PREMIUM,ENTER,iron_condor,23612.75,22.14,1.0,0.0,0.0,1.039,0.062,0.202,5,9,45,3,0,95,0,95,75,high_vol_range,52.15,75,,,
2026-03-12T10:00:00+05:30,portfolio_hist,TREND,ENTER,debit_spread,23676.75,22.03,1.0,0.0,0.0,1.039,0.333,0.512,5,10,0,3,0,75,0,75,60,high_vol_range,41.01,75,,,
2026-03-12T15:15:00+05:30,portfolio_hist,PREMIUM,EXIT,iron_condor,23630.0,21.61,1.0,0.0,0.0,1.039,0.135,0.276,5,15,15,3,0,0,0,0,0,high_vol_range,0.0,0,Time exit,1107.75,330
2026-03-12T15:16:00+05:30,portfolio_hist,TREND,EXIT,debit_spread,23625.15,21.64,1.0,0.0,0.0,1.039,0.114,0.276,5,15,16,3,0,0,0,0,0,high_vol_range,0.0,0,Time exit,261.0,316
2026-03-12T09:30:00+05:30,portfolio_hist,PREMIUM,SKIP,idle,23598.05,22.06,1.0,0.0,0.0,1.039,0.0,1.334,5,9,30,3,0,70,0,70,75,trending,0.0,0,,,
2026-03-12T09:35:00+05:30,portfolio_hist,PREMIUM,SKIP,idle,23588.45,22.13,1.0,0.0,0.0,1.039,0.041,1.314,5,9,35,3,0,70,0,70,75,trending,0.0,0,,,
2026-03-12T09:40:00+05:30,portfolio_hist,PREMIUM,SKIP,idle,23575.7,22.35,1.0,0.0,0.0,1.039,0.095,1.314,5,9,40,3,0,70,0,70,75,trending,0.0,0,,,
2026-03-12T09:45:00+05:30,portfolio_hist,PREMIUM,ENTER,iron_condor,23612.75,22.14,1.0,0.0,0.0,1.039,0.062,0.202,5,9,45,3,0,95,0,95,75,high_vol_range,52.15,75,,,
2026-03-12T10:00:00+05:30,portfolio_hist,TREND,ENTER,debit_spread,23676.75,22.03,1.0,0.0,0.0,1.039,0.333,0.512,5,10,0,3,0,75,0,75,60,high_vol_range,41.01,75,,,
2026-03-12T15:15:00+05:30,portfolio_hist,PREMIUM,EXIT,iron_condor,23630.0,21.61,1.0,0.0,0.0,1.039,0.135,0.276,5,15,15,3,0,0,0,0,0,high_vol_range,0.0,0,Time exit,1107.75,330
2026-03-12T15:16:00+05:30,portfolio_hist,TREND,EXIT,debit_spread,23625.15,21.64,1.0,0.0,0.0,1.039,0.114,0.276,5,15,16,3,0,0,0,0,0,high_vol_range,0.0,0,Time exit,261.0,316
2026-03-12T09:30:00+05:30,portfolio_hist,PREMIUM,SKIP,idle,23598.05,22.06,1.0,0.0,0.0,1.039,0.0,1.334,5,9,30,3,0,70,0,70,75,trending,0.0,0,,,
2026-03-12T09:35:00+05:30,portfolio_hist,PREMIUM,SKIP,idle,23588.45,22.13,1.0,0.0,0.0,1.039,0.041,1.314,5,9,35,3,0,70,0,70,75,trending,0.0,0,,,
2026-03-12T09:40:00+05:30,portfolio_hist,PREMIUM,SKIP,idle,23575.7,22.35,1.0,0.0,0.0,1.039,0.095,1.314,5,9,40,3,0,70,0,70,75,trending,0.0,0,,,
2026-03-12T09:45:00+05:30,portfolio_hist,PREMIUM,ENTER,iron_condor,23612.75,22.14,1.0,0.0,0.0,1.039,0.062,0.202,5,9,45,3,0,95,0,95,75,high_vol_range,52.15,75,,,
2026-03-12T10:00:00+05:30,portfolio_hist,TREND,ENTER,debit_spread,23676.75,22.03,1.0,0.0,0.0,1.039,0.333,0.512,5,10,0,3,0,75,0,75,60,high_vol_range,41.01,75,,,
2026-03-12T10:01:00+05:30,portfolio_hist,TREND,EXIT,debit_spread,23676.1,22.02,1.0,0.0,0.0,1.039,0.33,0.512,5,10,1,3,0,0,0,0,0,high_vol_range,0.0,0,Trend profit: spread at 41.0% of max,3.0,1
2026-03-12T15:15:00+05:30,portfolio_hist,PREMIUM,EXIT,iron_condor,23630.0,21.61,1.0,0.0,0.0,1.039,0.135,0.276,5,15,15,3,0,0,0,0,0,high_vol_range,0.0,0,Time exit,1107.75,330
2026-03-12T09:30:00+05:30,portfolio_hist,PREMIUM,SKIP,idle,23598.05,22.06,1.0,0.0,0.0,1.039,0.0,1.334,5,9,30,3,0,70,0,70,75,trending,0.0,0,,,
2026-03-12T09:35:00+05:30,portfolio_hist,PREMIUM,SKIP,idle,23588.45,22.13,1.0,0.0,0.0,1.039,0.041,1.314,5,9,35,3,0,70,0,70,75,trending,0.0,0,,,
2026-03-12T09:40:00+05:30,portfolio_hist,PREMIUM,SKIP,idle,23575.7,22.35,1.0,0.0,0.0,1.039,0.095,1.314,5,9,40,3,0,70,0,70,75,trending,0.0,0,,,
2026-03-12T09:45:00+05:30,portfolio_hist,PREMIUM,ENTER,iron_condor,23612.75,22.14,1.0,0.0,0.0,1.039,0.062,0.202,5,9,45,3,0,95,0,95,75,high_vol_range,52.15,75,,,
2026-03-12T10:00:00+05:30,portfolio_hist,TREND,ENTER,debit_spread,23676.75,22.03,1.0,0.0,0.0,1.039,0.333,0.512,5,10,0,3,0,75,0,75,60,high_vol_range,41.01,75,,,
2026-03-12T10:01:00+05:30,portfolio_hist,TREND,EXIT,debit_spread,23676.1,22.02,1.0,0.0,0.0,1.039,0.33,0.512,5,10,1,3,0,0,0,0,0,high_vol_range,0.0,0,Trend profit: spread at 41.0% of max,3.0,1
2026-03-12T15:15:00+05:30,portfolio_hist,PREMIUM,EXIT,iron_condor,23630.0,21.61,1.0,0.0,0.0,1.039,0.135,0.276,5,15,15,3,0,0,0,0,0,high_vol_range,0.0,0,Time exit,1107.75,330
2026-03-12T09:30:00+05:30,portfolio_hist,PREMIUM,SKIP,idle,23598.05,22.06,1.0,0.0,0.0,1.039,0.0,1.334,5,9,30,3,0,70,0,70,75,trending,0.0,0,,,
2026-03-12T09:35:00+05:30,portfolio_hist,PREMIUM,SKIP,idle,23588.45,22.13,1.0,0.0,0.0,1.039,0.041,1.314,5,9,35,3,0,70,0,70,75,trending,0.0,0,,,
2026-03-12T09:40:00+05:30,portfolio_hist,PREMIUM,SKIP,idle,23575.7,22.35,1.0,0.0,0.0,1.039,0.095,1.314,5,9,40,3,0,70,0,70,75,trending,0.0,0,,,
2026-03-12T09:45:00+05:30,portfolio_hist,PREMIUM,ENTER,iron_condor,23612.75,22.14,1.0,0.0,0.0,1.039,0.062,0.202,5,9,45,3,0,95,0,95,75,high_vol_range,52.15,75,,,
2026-03-12T10:00:00+05:30,portfolio_hist,TREND,ENTER,debit_spread,23676.75,22.03,1.0,0.0,0.0,1.039,0.333,0.512,5,10,0,3,0,75,0,75,60,high_vol_range,41.01,75,,,
2026-03-12T15:15:00+05:30,portfolio_hist,PREMIUM,EXIT,iron_condor,23630.0,21.61,1.0,0.0,0.0,1.039,0.135,0.276,5,15,15,3,0,0,0,0,0,high_vol_range,0.0,0,Time exit,1107.75,330
2026-03-12T15:16:00+05:30,portfolio_hist,TREND,EXIT,debit_spread,23625.15,21.64,1.0,0.0,0.0,1.039,0.114,0.276,5,15,16,3,0,0,0,0,0,high_vol_range,0.0,0,Time exit,261.0,316
2026-03-12T09:30:00+05:30,portfolio_hist,PREMIUM,SKIP,idle,23598.05,22.06,1.0,0.0,0.0,1.039,0.0,1.334,5,9,30,3,0,70,0,70,75,trending,0.0,0,,,
2026-03-12T09:35:00+05:30,portfolio_hist,PREMIUM,SKIP,idle,23588.45,22.13,1.0,0.0,0.0,1.039,0.041,1.314,5,9,35,3,0,70,0,70,75,trending,0.0,0,,,
2026-03-12T09:40:00+05:30,portfolio_hist,PREMIUM,SKIP,idle,23575.7,22.35,1.0,0.0,0.0,1.039,0.095,1.314,5,9,40,3,0,70,0,70,75,trending,0.0,0,,,
2026-03-12T09:45:00+05:30,portfolio_hist,PREMIUM,ENTER,iron_condor,23612.75,22.14,1.0,0.0,0.0,1.039,0.062,0.202,5,9,45,3,0,95,0,95,75,high_vol_range,52.15,75,,,
2026-03-12T10:00:00+05:30,portfolio_hist,TREND,ENTER,debit_spread,23676.75,22.03,1.0,0.0,0.0,1.039,0.333,0.512,5,10,0,3,0,75,0,75,60,high_vol_range,41.01,75,,,
2026-03-12T15:15:00+05:30,portfolio_hist,PREMIUM,EXIT,iron_condor,23630.0,21.61,1.0,0.0,0.0,1.039,0.135,0.276,5,15,15,3,0,0,0,0,0,high_vol_range,0.0,0,Time exit,1107.75,330
2026-03-12T15:16:00+05:30,portfolio_hist,TREND,EXIT,debit_spread,23625.15,21.64,1.0,0.0,0.0,1.039,0.114,0.276,5,15,16,3,0,0,0,0,0,high_vol_range,0.0,0,Time exit,261.0,316
2026-03-12T09:30:00+05:30,portfolio_hist,PREMIUM,SKIP,idle,23598.05,22.06,1.0,0.0,0.0,1.039,0.0,1.334,5,9,30,3,0,70,0,70,75,trending,0.0,0,,,
2026-03-12T09:35:00+05:30,portfolio_hist,PREMIUM,SKIP,idle,23588.45,22.13,1.0,0.0,0.0,1.039,0.041,1.314,5,9,35,3,0,70,0,70,75,trending,0.0,0,,,
2026-03-12T09:40:00+05:30,portfolio_hist,PREMIUM,SKIP,idle,23575.7,22.35,1.0,0.0,0.0,1.039,0.095,1.314,5,9,40,3,0,70,0,70,75,trending,0.0,0,,,
2026-03-12T09:45:00+05:30,portfolio_hist,PREMIUM,ENTER,iron_condor,23612.75,22.14,1.0,0.0,0.0,1.039,0.062,0.202,5,9,45,3,0,95,0,95,75,high_vol_range,52.15,75,,,
2026-03-12T10:00:00+05:30,portfolio_hist,TREND,ENTER,debit_spread,23676.75,22.03,1.0,0.0,0.0,1.039,0.333,0.512,5,10,0,3,0,75,0,75,60,high_vol_range,41.01,75,,,
2026-03-12T15:15:00+05:30,portfolio_hist,PREMIUM,EXIT,iron_condor,23630.0,21.61,1.0,0.0,0.0,1.039,0.135,0.276,5,15,15,3,0,0,0,0,0,high_vol_range,0.0,0,Time exit,1107.75,330
2026-03-12T15:16:00+05:30,portfolio_hist,TREND,EXIT,debit_spread,23625.15,21.64,1.0,0.0,0.0,1.039,0.114,0.276,5,15,16,3,0,0,0,0,0,high_vol_range,0.0,0,Time exit,261.0,316
2026-03-12T09:30:00+05:30,portfolio_hist,PREMIUM,SKIP,idle,23598.05,22.06,1.0,0.0,0.0,1.039,0.0,1.334,5,9,30,3,0,70,0,70,75,trending,0.0,0,,,
2026-03-12T09:35:00+05:30,portfolio_hist,PREMIUM,SKIP,idle,23588.45,22.13,1.0,0.0,0.0,1.039,0.041,1.314,5,9,35,3,0,70,0,70,75,trending,0.0,0,,,
2026-03-12T09:40:00+05:30,portfolio_hist,PREMIUM,SKIP,idle,23575.7,22.35,1.0,0.0,0.0,1.039,0.095,1.314,5,9,40,3,0,70,0,70,75,trending,0.0,0,,,
2026-03-12T09:45:00+05:30,portfolio_hist,PREMIUM,ENTER,iron_condor,23612.75,22.14,1.0,0.0,0.0,1.039,0.062,0.202,5,9,45,3,0,95,0,95,75,high_vol_range,52.15,75,,,
2026-03-12T10:00:00+05:30,portfolio_hist,TREND,ENTER,debit_spread,23676.75,22.03,1.0,0.0,0.0,1.039,0.333,0.512,5,10,0,3,0,75,0,75,60,high_vol_range,41.01,75,,,
2026-03-12T13:33:00+05:30,portfolio_hist,TREND,EXIT,debit_spread,23810.8,20.89,1.0,0.0,0.0,1.039,0.901,0.445,5,13,33,3,0,0,0,0,0,high_vol_range,0.0,0,Trend stop: lost 22.3%,-684.75,213
2026-03-12T15:15:00+05:30,portfolio_hist,PREMIUM,EXIT,iron_condor,23630.0,21.61,1.0,0.0,0.0,1.039,0.135,0.276,5,15,15,3,0,0,0,0,0,high_vol_range,0.0,0,Time exit,1107.75,330
2026-03-12T09:30:00+05:30,portfolio_hist,PREMIUM,SKIP,idle,23598.05,22.06,1.0,0.0,0.0,1.039,0.0,1.334,5,9,30,3,0,70,0,70,75,trending,0.0,0,,,
2026-03-12T09:35:00+05:30,portfolio_hist,PREMIUM,SKIP,idle,23588.45,22.13,1.0,0.0,0.0,1.039,0.041,1.314,5,9,35,3,0,70,0,70,75,trending,0.0,0,,,
2026-03-12T09:40:00+05:30,portfolio_hist,PREMIUM,SKIP,idle,23575.7,22.35,1.0,0.0,0.0,1.039,0.095,1.314,5,9,40,3,0,70,0,70,75,trending,0.0,0,,,
2026-03-12T09:45:00+05:30,portfolio_hist,PREMIUM,ENTER,iron_condor,23612.75,22.14,1.0,0.0,0.0,1.039,0.062,0.202,5,9,45,3,0,95,0,95,75,high_vol_range,52.15,75,,,
2026-03-12T10:00:00+05:30,portfolio_hist,TREND,ENTER,debit_spread,23676.75,22.03,1.0,0.0,0.0,1.039,0.333,0.512,5,10,0,3,0,75,0,75,60,high_vol_range,41.01,75,,,
2026-03-12T13:33:00+05:30,portfolio_hist,TREND,EXIT,debit_spread,23810.8,20.89,1.0,0.0,0.0,1.039,0.901,0.445,5,13,33,3,0,0,0,0,0,high_vol_range,0.0,0,Trend stop: lost 22.3%,-684.75,213
2026-03-12T15:15:00+05:30,portfolio_hist,PREMIUM,EXIT,iron_condor,23630.0,21.61,1.0,0.0,0.0,1.039,0.135,0.276,5,15,15,3,0,0,0,0,0,high_vol_range,0.0,0,Time exit,1107.75,330
2026-03-12T09:30:00+05:30,portfolio_hist,PREMIUM,SKIP,idle,23598.05,22.06,1.0,0.0,0.0,1.039,0.0,1.334,5,9,30,3,0,70,0,70,75,trending,0.0,0,,,
2026-03-12T09:35:00+05:30,portfolio_hist,PREMIUM,SKIP,idle,23588.45,22.13,1.0,0.0,0.0,1.039,0.041,1.314,5,9,35,3,0,70,0,70,75,trending,0.0,0,,,
2026-03-12T09:40:00+05:30,portfolio_hist,PREMIUM,SKIP,idle,23575.7,22.35,1.0,0.0,0.0,1.039,0.095,1.314,5,9,40,3,0,70,0,70,75,trending,0.0,0,,,
2026-03-12T09:45:00+05:30,portfolio_hist,PREMIUM,ENTER,iron_condor,23612.75,22.14,1.0,0.0,0.0,1.039,0.062,0.202,5,9,45,3,0,95,0,95,75,high_vol_range,52.15,75,,,
2026-03-12T10:00:00+05:30,portfolio_hist,TREND,ENTER,debit_spread,23676.75,22.03,1.0,0.0,0.0,1.039,0.333,0.512,5,10,0,3,0,75,0,75,60,high_vol_range,41.01,75,,,
2026-03-12T13:33:00+05:30,portfolio_hist,TREND,EXIT,debit_spread,23810.8,20.89,1.0,0.0,0.0,1.039,0.901,0.445,5,13,33,3,0,0,0,0,0,high_vol_range,0.0,0,Trend stop: lost 22.3%,-684.75,213
2026-03-12T15:15:00+05:30,portfolio_hist,PREMIUM,EXIT,iron_condor,23630.0,21.61,1.0,0.0,0.0,1.039,0.135,0.276,5,15,15,3,0,0,0,0,0,high_vol_range,0.0,0,Time exit,1107.75,330
2026-03-12T09:30:00+05:30,portfolio_hist,PREMIUM,SKIP,idle,23598.05,22.06,1.0,0.0,0.0,1.039,0.0,1.334,5,9,30,3,0,70,0,70,75,trending,0.0,0,,,
2026-03-12T09:35:00+05:30,portfolio_hist,PREMIUM,SKIP,idle,23588.45,22.13,1.0,0.0,0.0,1.039,0.041,1.314,5,9,35,3,0,70,0,70,75,trending,0.0,0,,,
2026-03-12T09:40:00+05:30,portfolio_hist,PREMIUM,SKIP,idle,23575.7,22.35,1.0,0.0,0.0,1.039,0.095,1.314,5,9,40,3,0,70,0,70,75,trending,0.0,0,,,
2026-03-12T09:45:00+05:30,portfolio_hist,PREMIUM,ENTER,iron_condor,23612.75,22.14,1.0,0.0,0.0,1.039,0.062,0.202,5,9,45,3,0,95,0,95,75,high_vol_range,52.15,75,,,
2026-03-12T10:00:00+05:30,portfolio_hist,TREND,ENTER,debit_spread,23676.75,22.03,1.0,0.0,0.0,1.039,0.333,0.512,5,10,0,3,0,75,0,75,60,high_vol_range,41.01,75,,,
2026-03-12T13:33:00+05:30,portfolio_hist,TREND,EXIT,debit_spread,23810.8,20.89,1.0,0.0,0.0,1.039,0.901,0.445,5,13,33,3,0,0,0,0,0,high_vol_range,0.0,0,Trend stop: lost 22.3%,-684.75,213
2026-03-12T15:15:00+05:30,portfolio_hist,PREMIUM,EXIT,iron_condor,23630.0,21.61,1.0,0.0,0.0,1.039,0.135,0.276,5,15,15,3,0,0,0,0,0,high_vol_range,0.0,0,Time exit,1107.75,330
2026-03-12T09:30:00+05:30,portfolio_hist,PREMIUM,SKIP,idle,23598.05,22.06,1.0,0.0,0.0,1.039,0.0,1.334,5,9,30,3,0,70,0,70,75,trending,0.0,0,,,
2026-03-12T09:35:00+05:30,portfolio_hist,PREMIUM,SKIP,idle,23588.45,22.13,1.0,0.0,0.0,1.039,0.041,1.314,5,9,35,3,0,70,0,70,75,trending,0.0,0,,,
2026-03-12T09:40:00+05:30,portfolio_hist,PREMIUM,SKIP,idle,23575.7,22.35,1.0,0.0,0.0,1.039,0.095,1.314,5,9,40,3,0,70,0,70,75,trending,0.0,0,,,
2026-03-12T09:45:00+05:30,portfolio_hist,PREMIUM,ENTER,iron_condor,23612.75,22.14,1.0,0.0,0.0,1.039,0.062,0.202,5,9,45,3,0,95,0,95,75,high_vol_range,52.15,75,,,
2026-03-12T10:00:00+05:30,portfolio_hist,TREND,ENTER,debit_spread,23676.75,22.03,1.0,0.0,0.0,1.039,0.333,0.512,5,10,0,3,0,75,0,75,60,high_vol_range,41.01,75,,,
2026-03-12T13:33:00+05:30,portfolio_hist,TREND,EXIT,debit_spread,23810.8,20.89,1.0,0.0,0.0,1.039,0.901,0.445,5,13,33,3,0,0,0,0,0,high_vol_range,0.0,0,Trend stop: lost 22.3%,-684.75,213
2026-03-12T15:15:00+05:30,portfolio_hist,PREMIUM,EXIT,iron_condor,23630.0,21.61,1.0,0.0,0.0,1.039,0.135,0.276,5,15,15,3,0,0,0,0,0,high_vol_range,0.0,0,Time exit,1107.75,330
2026-03-12T09:30:00+05:30,portfolio_hist,PREMIUM,SKIP,idle,23598.05,22.06,1.0,0.0,0.0,1.039,0.0,1.334,5,9,30,3,0,70,0,70,75,trending,0.0,0,,,
2026-03-12T09:35:00+05:30,portfolio_hist,PREMIUM,SKIP,idle,23588.45,22.13,1.0,0.0,0.0,1.039,0.041,1.314,5,9,35,3,0,70,0,70,75,trending,0.0,0,,,
2026-03-12T09:40:00+05:30,portfolio_hist,PREMIUM,SKIP,idle,23575.7,22.35,1.0,0.0,0.0,1.039,0.095,1.314,5,9,40,3,0,70,0,70,75,trending,0.0,0,,,
2026-03-12T09:45:00+05:30,portfolio_hist,PREMIUM,ENTER,iron_condor,23612.75,22.14,1.0,0.0,0.0,1.039,0.062,0.202,5,9,45,3,0,95,0,95,75,high_vol_range,52.15,75,,,
2026-03-12T10:00:00+05:30,portfolio_hist,TREND,ENTER,debit_spread,23676.75,22.03,1.0,0.0,0.0,1.039,0.333,0.512,5,10,0,3,0,75,0,75,60,high_vol_range,41.01,75,,,
2026-03-12T13:33:00+05:30,portfolio_hist,TREND,EXIT,debit_spread,23810.8,20.89,1.0,0.0,0.0,1.039,0.901,0.445,5,13,33,3,0,0,0,0,0,high_vol_range,0.0,0,Trend stop: lost 22.3%,-684.75,213
2026-03-12T15:15:00+05:30,portfolio_hist,PREMIUM,EXIT,iron_condor,23630.0,21.61,1.0,0.0,0.0,1.039,0.135,0.276,5,15,15,3,0,0,0,0,0,high_vol_range,0.0,0,Time exit,1107.75,330
2026-03-12T09:30:00+05:30,portfolio_hist,PREMIUM,SKIP,idle,23598.05,22.06,1.0,0.0,0.0,1.039,0.0,1.334,5,9,30,3,0,70,0,70,75,trending,0.0,0,,,
2026-03-12T09:35:00+05:30,portfolio_hist,PREMIUM,SKIP,idle,23588.45,22.13,1.0,0.0,0.0,1.039,0.041,1.314,5,9,35,3,0,70,0,70,75,trending,0.0,0,,,
2026-03-12T09:40:00+05:30,portfolio_hist,PREMIUM,SKIP,idle,23575.7,22.35,1.0,0.0,0.0,1.039,0.095,1.314,5,9,40,3,0,70,0,70,75,trending,0.0,0,,,
2026-03-12T09:45:00+05:30,portfolio_hist,PREMIUM,ENTER,iron_condor,23612.75,22.14,1.0,0.0,0.0,1.039,0.062,0.202,5,9,45,3,0,95,0,95,75,high_vol_range,52.15,75,,,
2026-03-12T10:00:00+05:30,portfolio_hist,TREND,ENTER,debit_spread,23676.75,22.03,1.0,0.0,0.0,1.039,0.333,0.512,5,10,0,3,0,75,0,75,60,high_vol_range,41.01,75,,,
2026-03-12T13:33:00+05:30,portfolio_hist,TREND,EXIT,debit_spread,23810.8,20.89,1.0,0.0,0.0,1.039,0.901,0.445,5,13,33,3,0,0,0,0,0,high_vol_range,0.0,0,Trend stop: lost 22.3%,-684.75,213
2026-03-12T15:15:00+05:30,portfolio_hist,PREMIUM,EXIT,iron_condor,23630.0,21.61,1.0,0.0,0.0,1.039,0.135,0.276,5,15,15,3,0,0,0,0,0,high_vol_range,0.0,0,Time exit,1107.75,330
2026-03-12T09:30:00+05:30,portfolio_hist,PREMIUM,SKIP,idle,23598.05,22.06,1.0,0.0,0.0,1.039,0.0,1.334,5,9,30,3,0,70,0,70,75,trending,0.0,0,,,
2026-03-12T09:35:00+05:30,portfolio_hist,PREMIUM,SKIP,idle,23588.45,22.13,1.0,0.0,0.0,1.039,0.041,1.314,5,9,35,3,0,70,0,70,75,trending,0.0,0,,,
2026-03-12T09:40:00+05:30,portfolio_hist,PREMIUM,SKIP,idle,23575.7,22.35,1.0,0.0,0.0,1.039,0.095,1.314,5,9,40,3,0,70,0,70,75,trending,0.0,0,,,
2026-03-12T09:45:00+05:30,portfolio_hist,PREMIUM,ENTER,iron_condor,23612.75,22.14,1.0,0.0,0.0,1.039,0.062,0.202,5,9,45,3,0,95,0,95,75,high_vol_range,52.15,75,,,
2026-03-12T10:00:00+05:30,portfolio_hist,TREND,ENTER,debit_spread,23676.75,22.03,1.0,0.0,0.0,1.039,0.333,0.512,5,10,0,3,0,75,0,75,60,high_vol_range,41.01,75,,,
2026-03-12T13:33:00+05:30,portfolio_hist,TREND,EXIT,debit_spread,23810.8,20.89,1.0,0.0,0.0,1.039,0.901,0.445,5,13,33,3,0,0,0,0,0,high_vol_range,0.0,0,Trend stop: lost 22.3%,-684.75,213
2026-03-12T15:15:00+05:30,portfolio_hist,PREMIUM,EXIT,iron_condor,23630.0,21.61,1.0,0.0,0.0,1.039,0.135,0.276,5,15,15,3,0,0,0,0,0,high_vol_range,0.0,0,Time exit,1107.75,330
2026-03-12T09:30:00+05:30,portfolio_hist,PREMIUM,SKIP,idle,23598.05,22.06,1.0,0.0,0.0,1.039,0.0,1.334,5,9,30,3,0,70,0,70,75,trending,0.0,0,,,
2026-03-12T09:35:00+05:30,portfolio_hist,PREMIUM,SKIP,idle,23588.45,22.13,1.0,0.0,0.0,1.039,0.041,1.314,5,9,35,3,0,70,0,70,75,trending,0.0,0,,,
2026-03-12T09:40:00+05:30,portfolio_hist,PREMIUM,SKIP,idle,23575.7,22.35,1.0,0.0,0.0,1.039,0.095,1.314,5,9,40,3,0,70,0,70,75,trending,0.0,0,,,
2026-03-12T09:45:00+05:30,portfolio_hist,PREMIUM,ENTER,iron_condor,23612.75,22.14,1.0,0.0,0.0,1.039,0.062,0.202,5,9,45,3,0,95,0,95,75,high_vol_range,52.15,75,,,
2026-03-12T10:00:00+05:30,portfolio_hist,TREND,ENTER,debit_spread,23676.75,22.03,1.0,0.0,0.0,1.039,0.333,0.512,5,10,0,3,0,75,0,75,60,high_vol_range,41.01,75,,,
2026-03-12T13:33:00+05:30,portfolio_hist,TREND,EXIT,debit_spread,23810.8,20.89,1.0,0.0,0.0,1.039,0.901,0.445,5,13,33,3,0,0,0,0,0,high_vol_range,0.0,0,Trend stop: lost 22.3%,-684.75,213
2026-03-12T15:15:00+05:30,portfolio_hist,PREMIUM,EXIT,iron_condor,23630.0,21.61,1.0,0.0,0.0,1.039,0.135,0.276,5,15,15,3,0,0,0,0,0,high_vol_range,0.0,0,Time exit,1107.75,330
2026-03-12T09:30:00+05:30,portfolio_hist,PREMIUM,SKIP,idle,23598.05,22.06,1.0,0.0,0.0,1.039,0.0,1.334,5,9,30,3,0,70,0,70,75,trending,0.0,0,,,
2026-03-12T09:35:00+05:30,portfolio_hist,PREMIUM,SKIP,idle,23588.45,22.13,1.0,0.0,0.0,1.039,0.041,1.314,5,9,35,3,0,70,0,70,75,trending,0.0,0,,,
2026-03-12T09:40:00+05:30,portfolio_hist,PREMIUM,SKIP,idle,23575.7,22.35,1.0,0.0,0.0,1.039,0.095,1.314,5,9,40,3,0,70,0,70,75,trending,0.0,0,,,
2026-03-12T09:45:00+05:30,portfolio_hist,PREMIUM,ENTER,iron_condor,23612.75,22.14,1.0,0.0,0.0,1.039,0.062,0.202,5,9,45,3,0,95,0,95,75,high_vol_range,52.15,75,,,
2026-03-12T10:00:00+05:30,portfolio_hist,TREND,ENTER,debit_spread,23676.75,22.03,1.0,0.0,0.0,1.039,0.333,0.512,5,10,0,3,0,75,0,75,60,high_vol_range,41.01,75,,,
2026-03-12T13:33:00+05:30,portfolio_hist,TREND,EXIT,debit_spread,23810.8,20.89,1.0,0.0,0.0,1.039,0.901,0.445,5,13,33,3,0,0,0,0,0,high_vol_range,0.0,0,Trend stop: lost 22.3%,-684.75,213
2026-03-12T15:15:00+05:30,portfolio_hist,PREMIUM,EXIT,iron_condor,23630.0,21.61,1.0,0.0,0.0,1.039,0.135,0.276,5,15,15,3,0,0,0,0,0,high_vol_range,0.0,0,Time exit,1107.75,330
2026-03-12T09:30:00+05:30,portfolio_hist,PREMIUM,SKIP,idle,23598.05,22.06,1.0,0.0,0.0,1.039,0.0,1.334,5,9,30,3,0,70,0,70,75,trending,0.0,0,,,
2026-03-12T09:35:00+05:30,portfolio_hist,PREMIUM,SKIP,idle,23588.45,22.13,1.0,0.0,0.0,1.039,0.041,1.314,5,9,35,3,0,70,0,70,75,trending,0.0,0,,,
2026-03-12T09:40:00+05:30,portfolio_hist,PREMIUM,SKIP,idle,23575.7,22.35,1.0,0.0,0.0,1.039,0.095,1.314,5,9,40,3,0,70,0,70,75,trending,0.0,0,,,
2026-03-12T09:45:00+05:30,portfolio_hist,PREMIUM,ENTER,iron_condor,23612.75,22.14,1.0,0.0,0.0,1.039,0.062,0.202,5,9,45,3,0,95,0,95,75,high_vol_range,52.15,75,,,
2026-03-12T10:00:00+05:30,portfolio_hist,TREND,ENTER,debit_spread,23676.75,22.03,1.0,0.0,0.0,1.039,0.333,0.512,5,10,0,3,0,75,0,75,60,high_vol_range,41.01,75,,,
2026-03-12T13:33:00+05:30,portfolio_hist,TREND,EXIT,debit_spread,23810.8,20.89,1.0,0.0,0.0,1.039,0.901,0.445,5,13,33,3,0,0,0,0,0,high_vol_range,0.0,0,Trend stop: lost 22.3%,-684.75,213
2026-03-12T15:15:00+05:30,portfolio_hist,PREMIUM,EXIT,iron_condor,23630.0,21.61,1.0,0.0,0.0,1.039,0.135,0.276,5,15,15,3,0,0,0,0,0,high_vol_range,0.0,0,Time exit,1107.75,330
2026-03-12T09:30:00+05:30,portfolio_hist,PREMIUM,SKIP,idle,23598.05,22.06,1.0,0.0,0.0,1.039,0.0,1.334,5,9,30,3,0,70,0,70,75,trending,0.0,0,,,
2026-03-12T09:35:00+05:30,portfolio_hist,PREMIUM,SKIP,idle,23588.45,22.13,1.0,0.0,0.0,1.039,0.041,1.314,5,9,35,3,0,70,0,70,75,trending,0.0,0,,,
2026-03-12T09:40:00+05:30,portfolio_hist,PREMIUM,SKIP,idle,23575.7,22.35,1.0,0.0,0.0,1.039,0.095,1.314,5,9,40,3,0,70,0,70,75,trending,0.0,0,,,
2026-03-12T09:45:00+05:30,portfolio_hist,PREMIUM,ENTER,iron_condor,23612.75,22.14,1.0,0.0,0.0,1.039,0.062,0.202,5,9,45,3,0,95,0,95,75,high_vol_range,52.15,75,,,
2026-03-12T10:00:00+05:30,portfolio_hist,TREND,ENTER,debit_spread,23676.75,22.03,1.0,0.0,0.0,1.039,0.333,0.512,5,10,0,3,0,75,0,75,60,high_vol_range,41.01,75,,,
2026-03-12T13:33:00+05:30,portfolio_hist,TREND,EXIT,debit_spread,23810.8,20.89,1.0,0.0,0.0,1.039,0.901,0.445,5,13,33,3,0,0,0,0,0,high_vol_range,0.0,0,Trend stop: lost 22.3%,-684.75,213
2026-03-12T15:15:00+05:30,portfolio_hist,PREMIUM,EXIT,iron_condor,23630.0,21.61,1.0,0.0,0.0,1.039,0.135,0.276,5,15,15,3,0,0,0,0,0,high_vol_range,0.0,0,Time exit,1107.75,330
2026-03-12T09:30:00+05:30,portfolio_hist,PREMIUM,SKIP,idle,23598.05,22.06,1.0,0.0,0.0,1.039,0.0,1.334,5,9,30,3,0,70,0,70,75,trending,0.0,0,,,
2026-03-12T09:35:00+05:30,portfolio_hist,PREMIUM,SKIP,idle,23588.45,22.13,1.0,0.0,0.0,1.039,0.041,1.314,5,9,35,3,0,70,0,70,75,trending,0.0,0,,,
2026-03-12T09:40:00+05:30,portfolio_hist,PREMIUM,SKIP,idle,23575.7,22.35,1.0,0.0,0.0,1.039,0.095,1.314,5,9,40,3,0,70,0,70,75,trending,0.0,0,,,
2026-03-12T09:45:00+05:30,portfolio_hist,PREMIUM,ENTER,iron_condor,23612.75,22.14,1.0,0.0,0.0,1.039,0.062,0.202,5,9,45,3,0,95,0,95,75,high_vol_range,52.15,75,,,
2026-03-12T10:00:00+05:30,portfolio_hist,TREND,ENTER,debit_spread,23676.75,22.03,1.0,0.0,0.0,1.039,0.333,0.512,5,10,0,3,0,75,0,75,60,high_vol_range,41.01,75,,,
2026-03-12T13:33:00+05:30,portfolio_hist,TREND,EXIT,debit_spread,23810.8,20.89,1.0,0.0,0.0,1.039,0.901,0.445,5,13,33,3,0,0,0,0,0,high_vol_range,0.0,0,Trend stop: lost 22.3%,-684.75,213
2026-03-12T15:15:00+05:30,portfolio_hist,PREMIUM,EXIT,iron_condor,23630.0,21.61,1.0,0.0,0.0,1.039,0.135,0.276,5,15,15,3,0,0,0,0,0,high_vol_range,0.0,0,Time exit,1107.75,330
2026-03-12T09:30:00+05:30,portfolio_hist,PREMIUM,SKIP,idle,23598.05,22.06,1.0,0.0,0.0,1.039,0.0,1.334,5,9,30,3,0,70,0,70,75,trending,0.0,0,,,
2026-03-12T09:35:00+05:30,portfolio_hist,PREMIUM,SKIP,idle,23588.45,22.13,1.0,0.0,0.0,1.039,0.041,1.314,5,9,35,3,0,70,0,70,75,trending,0.0,0,,,
2026-03-12T09:40:00+05:30,portfolio_hist,PREMIUM,SKIP,idle,23575.7,22.35,1.0,0.0,0.0,1.039,0.095,1.314,5,9,40,3,0,70,0,70,75,trending,0.0,0,,,
2026-03-12T09:45:00+05:30,portfolio_hist,PREMIUM,ENTER,iron_condor,23612.75,22.14,1.0,0.0,0.0,1.039,0.062,0.202,5,9,45,3,0,95,0,95,75,high_vol_range,52.15,75,,,
2026-03-12T10:00:00+05:30,portfolio_hist,TREND,ENTER,debit_spread,23676.75,22.03,1.0,0.0,0.0,1.039,0.333,0.512,5,10,0,3,0,75,0,75,60,high_vol_range,41.01,75,,,
2026-03-12T13:33:00+05:30,portfolio_hist,TREND,EXIT,debit_spread,23810.8,20.89,1.0,0.0,0.0,1.039,0.901,0.445,5,13,33,3,0,0,0,0,0,high_vol_range,0.0,0,Trend stop: lost 22.3%,-684.75,213
2026-03-12T15:15:00+05:30,portfolio_hist,PREMIUM,EXIT,iron_condor,23630.0,21.61,1.0,0.0,0.0,1.039,0.135,0.276,5,15,15,3,0,0,0,0,0,high_vol_range,0.0,0,Time exit,1107.75,330
2026-03-12T09:30:00+05:30,portfolio_hist,PREMIUM,SKIP,idle,23598.05,22.06,1.0,0.0,0.0,1.039,0.0,1.334,5,9,30,3,0,70,0,70,75,trending,0.0,0,,,
2026-03-12T09:35:00+05:30,portfolio_hist,PREMIUM,SKIP,idle,23588.45,22.13,1.0,0.0,0.0,1.039,0.041,1.314,5,9,35,3,0,70,0,70,75,trending,0.0,0,,,
2026-03-12T09:40:00+05:30,portfolio_hist,PREMIUM,SKIP,idle,23575.7,22.35,1.0,0.0,0.0,1.039,0.095,1.314,5,9,40,3,0,70,0,70,75,trending,0.0,0,,,
2026-03-12T09:45:00+05:30,portfolio_hist,PREMIUM,ENTER,iron_condor,23612.75,22.14,1.0,0.0,0.0,1.039,0.062,0.202,5,9,45,3,0,95,0,95,75,high_vol_range,52.15,75,,,
2026-03-12T10:00:00+05:30,portfolio_hist,TREND,ENTER,debit_spread,23676.75,22.03,1.0,0.0,0.0,1.039,0.333,0.512,5,10,0,3,0,75,0,75,60,high_vol_range,41.01,75,,,
2026-03-12T13:33:00+05:30,portfolio_hist,TREND,EXIT,debit_spread,23810.8,20.89,1.0,0.0,0.0,1.039,0.901,0.445,5,13,33,3,0,0,0,0,0,high_vol_range,0.0,0,Trend stop: lost 22.3%,-684.75,213
2026-03-12T15:15:00+05:30,portfolio_hist,PREMIUM,EXIT,iron_condor,23630.0,21.61,1.0,0.0,0.0,1.039,0.135,0.276,5,15,15,3,0,0,0,0,0,high_vol_range,0.0,0,Time exit,1107.75,330
2026-03-12T09:30:00+05:30,portfolio_hist,PREMIUM,SKIP,idle,23598.05,22.06,1.0,0.0,0.0,1.039,0.0,1.334,5,9,30,3,0,70,0,70,75,trending,0.0,0,,,
2026-03-12T09:35:00+05:30,portfolio_hist,PREMIUM,SKIP,idle,23588.45,22.13,1.0,0.0,0.0,1.039,0.041,1.314,5,9,35,3,0,70,0,70,75,trending,0.0,0,,,
2026-03-12T09:40:00+05:30,portfolio_hist,PREMIUM,SKIP,idle,23575.7,22.35,1.0,0.0,0.0,1.039,0.095,1.314,5,9,40,3,0,70,0,70,75,trending,0.0,0,,,
2026-03-12T09:45:00+05:30,portfolio_hist,PREMIUM,ENTER,iron_condor,23612.75,22.14,1.0,0.0,0.0,1.039,0.062,0.202,5,9,45,3,0,95,0,95,75,high_vol_range,52.15,75,,,
2026-03-12T10:00:00+05:30,portfolio_hist,TREND,ENTER,debit_spread,23676.75,22.03,1.0,0.0,0.0,1.039,0.333,0.512,5,10,0,3,0,75,0,75,60,high_vol_range,41.01,75,,,
2026-03-12T13:33:00+05:30,portfolio_hist,TREND,EXIT,debit_spread,23810.8,20.89,1.0,0.0,0.0,1.039,0.901,0.445,5,13,33,3,0,0,0,0,0,high_vol_range,0.0,0,Trend stop: lost 22.3%,-684.75,213
2026-03-12T15:15:00+05:30,portfolio_hist,PREMIUM,EXIT,iron_condor,23630.0,21.61,1.0,0.0,0.0,1.039,0.135,0.276,5,15,15,3,0,0,0,0,0,high_vol_range,0.0,0,Time exit,1107.75,330
2026-03-12T09:30:00+05:30,portfolio_hist,PREMIUM,SKIP,idle,23598.05,22.06,1.0,0.0,0.0,1.039,0.0,1.334,5,9,30,3,0,70,0,70,75,trending,0.0,0,,,
2026-03-12T09:35:00+05:30,portfolio_hist,PREMIUM,SKIP,idle,23588.45,22.13,1.0,0.0,0.0,1.039,0.041,1.314,5,9,35,3,0,70,0,70,75,trending,0.0,0,,,
2026-03-12T09:40:00+05:30,portfolio_hist,PREMIUM,SKIP,idle,23575.7,22.35,1.0,0.0,0.0,1.039,0.095,1.314,5,9,40,3,0,70,0,70,75,trending,0.0,0,,,
2026-03-12T09:45:00+05:30,portfolio_hist,PREMIUM,ENTER,iron_condor,23612.75,22.14,1.0,0.0,0.0,1.039,0.062,0.202,5,9,45,3,0,95,0,95,75,high_vol_range,52.15,75,,,
2026-03-12T10:00:00+05:30,portfolio_hist,TREND,ENTER,debit_spread,23676.75,22.03,1.0,0.0,0.0,1.039,0.333,0.512,5,10,0,3,0,75,0,75,60,high_vol_range,41.01,75,,,
2026-03-12T15:15:00+05:30,portfolio_hist,PREMIUM,EXIT,iron_condor,23630.0,21.61,1.0,0.0,0.0,1.039,0.135,0.276,5,15,15,3,0,0,0,0,0,high_vol_range,0.0,0,Time exit,1107.75,330
2026-03-12T15:16:00+05:30,portfolio_hist,TREND,EXIT,debit_spread,23625.15,21.64,1.0,0.0,0.0,1.039,0.114,0.276,5,15,16,3,0,0,0,0,0,high_vol_range,0.0,0,Time exit,261.0,316
2026-03-12T09:30:00+05:30,portfolio_hist,PREMIUM,SKIP,idle,23598.05,22.06,1.0,0.0,0.0,1.039,0.0,1.334,5,9,30,3,0,70,0,70,75,trending,0.0,0,,,
2026-03-12T09:35:00+05:30,portfolio_hist,PREMIUM,SKIP,idle,23588.45,22.13,1.0,0.0,0.0,1.039,0.041,1.314,5,9,35,3,0,70,0,70,75,trending,0.0,0,,,
2026-03-12T09:40:00+05:30,portfolio_hist,PREMIUM,SKIP,idle,23575.7,22.35,1.0,0.0,0.0,1.039,0.095,1.314,5,9,40,3,0,70,0,70,75,trending,0.0,0,,,
2026-03-12T09:45:00+05:30,portfolio_hist,PREMIUM,ENTER,iron_condor,23612.75,22.14,1.0,0.0,0.0,1.039,0.062,0.202,5,9,45,3,0,95,0,95,75,high_vol_range,52.15,75,,,
2026-03-12T10:00:00+05:30,portfolio_hist,TREND,ENTER,debit_spread,23676.75,22.03,1.0,0.0,0.0,1.039,0.333,0.512,5,10,0,3,0,75,0,75,60,high_vol_range,41.01,75,,,
2026-03-12T15:15:00+05:30,portfolio_hist,PREMIUM,EXIT,iron_condor,23630.0,21.61,1.0,0.0,0.0,1.039,0.135,0.276,5,15,15,3,0,0,0,0,0,high_vol_range,0.0,0,Time exit,1107.75,330
2026-03-12T15:16:00+05:30,portfolio_hist,TREND,EXIT,debit_spread,23625.15,21.64,1.0,0.0,0.0,1.039,0.114,0.276,5,15,16,3,0,0,0,0,0,high_vol_range,0.0,0,Time exit,261.0,316
2026-03-12T09:30:00+05:30,portfolio_hist,PREMIUM,SKIP,idle,23598.05,22.06,1.0,0.0,0.0,1.039,0.0,1.334,5,9,30,3,0,70,0,70,75,trending,0.0,0,,,
2026-03-12T09:35:00+05:30,portfolio_hist,PREMIUM,SKIP,idle,23588.45,22.13,1.0,0.0,0.0,1.039,0.041,1.314,5,9,35,3,0,70,0,70,75,trending,0.0,0,,,
2026-03-12T09:40:00+05:30,portfolio_hist,PREMIUM,SKIP,idle,23575.7,22.35,1.0,0.0,0.0,1.039,0.095,1.314,5,9,40,3,0,70,0,70,75,trending,0.0,0,,,
2026-03-12T09:45:00+05:30,portfolio_hist,PREMIUM,ENTER,iron_condor,23612.75,22.14,1.0,0.0,0.0,1.039,0.062,0.202,5,9,45,3,0,95,0,95,75,high_vol_range,52.15,75,,,
2026-03-12T10:00:00+05:30,portfolio_hist,TREND,ENTER,debit_spread,23676.75,22.03,1.0,0.0,0.0,1.039,0.333,0.512,5,10,0,3,0,75,0,75,60,high_vol_range,41.01,75,,,
2026-03-12T15:15:00+05:30,portfolio_hist,PREMIUM,EXIT,iron_condor,23630.0,21.61,1.0,0.0,0.0,1.039,0.135,0.276,5,15,15,3,0,0,0,0,0,high_vol_range,0.0,0,Time exit,1107.75,330
2026-03-12T15:16:00+05:30,portfolio_hist,TREND,EXIT,debit_spread,23625.15,21.64,1.0,0.0,0.0,1.039,0.114,0.276,5,15,16,3,0,0,0,0,0,high_vol_range,0.0,0,Time exit,261.0,316
2026-03-12T09:30:00+05:30,portfolio_hist,PREMIUM,SKIP,idle,23598.05,22.06,1.0,0.0,0.0,1.039,0.0,1.334,5,9,30,3,0,70,0,70,75,trending,0.0,0,,,
2026-03-12T09:35:00+05:30,portfolio_hist,PREMIUM,SKIP,idle,23588.45,22.13,1.0,0.0,0.0,1.039,0.041,1.314,5,9,35,3,0,70,0,70,75,trending,0.0,0,,,
2026-03-12T09:40:00+05:30,portfolio_hist,PREMIUM,SKIP,idle,23575.7,22.35,1.0,0.0,0.0,1.039,0.095,1.314,5,9,40,3,0,70,0,70,75,trending,0.0,0,,,
2026-03-12T09:45:00+05:30,portfolio_hist,PREMIUM,ENTER,iron_condor,23612.75,22.14,1.0,0.0,0.0,1.039,0.062,0.202,5,9,45,3,0,95,0,95,75,high_vol_range,52.15,75,,,
2026-03-12T10:00:00+05:30,portfolio_hist,TREND,ENTER,debit_spread,23676.75,22.03,1.0,0.0,0.0,1.039,0.333,0.512,5,10,0,3,0,75,0,75,60,high_vol_range,41.01,75,,,
2026-03-12T15:15:00+05:30,portfolio_hist,PREMIUM,EXIT,iron_condor,23630.0,21.61,1.0,0.0,0.0,1.039,0.135,0.276,5,15,15,3,0,0,0,0,0,high_vol_range,0.0,0,Time exit,1107.75,330
2026-03-12T15:16:00+05:30,portfolio_hist,TREND,EXIT,debit_spread,23625.15,21.64,1.0,0.0,0.0,1.039,0.114,0.276,5,15,16,3,0,0,0,0,0,high_vol_range,0.0,0,Time exit,261.0,316
2026-03-12T09:30:00+05:30,portfolio_hist,PREMIUM,SKIP,idle,23598.05,22.06,1.0,0.0,0.0,1.039,0.0,1.334,5,9,30,3,0,70,0,70,75,trending,0.0,0,,,
2026-03-12T09:35:00+05:30,portfolio_hist,PREMIUM,SKIP,idle,23588.45,22.13,1.0,0.0,0.0,1.039,0.041,1.314,5,9,35,3,0,70,0,70,75,trending,0.0,0,,,
2026-03-12T09:40:00+05:30,portfolio_hist,PREMIUM,SKIP,idle,23575.7,22.35,1.0,0.0,0.0,1.039,0.095,1.314,5,9,40,3,0,70,0,70,75,trending,0.0,0,,,
2026-03-12T09:45:00+05:30,portfolio_hist,PREMIUM,ENTER,iron_condor,23612.75,22.14,1.0,0.0,0.0,1.039,0.062,0.202,5,9,45,3,0,95,0,95,75,high_vol_range,52.15,75,,,
2026-03-12T10:00:00+05:30,portfolio_hist,TREND,ENTER,debit_spread,23676.75,22.03,1.0,0.0,0.0,1.039,0.333,0.512,5,10,0,3,0,75,0,75,60,high_vol_range,41.01,75,,,
2026-03-12T15:15:00+05:30,portfolio_hist,PREMIUM,EXIT,iron_condor,23630.0,21.61,1.0,0.0,0.0,1.039,0.135,0.276,5,15,15,3,0,0,0,0,0,high_vol_range,0.0,0,Time exit,1107.75,330
2026-03-12T15:16:00+05:30,portfolio_hist,TREND,EXIT,debit_spread,23625.15,21.64,1.0,0.0,0.0,1.039,0.114,0.276,5,15,16,3,0,0,0,0,0,high_vol_range,0.0,0,Time exit,261.0,316
2026-03-12T09:30:00+05:30,portfolio_hist,PREMIUM,SKIP,idle,23598.05,22.06,1.0,0.0,0.0,1.039,0.0,1.334,5,9,30,3,0,70,0,70,75,trending,0.0,0,,,
2026-03-12T09:35:00+05:30,portfolio_hist,PREMIUM,SKIP,idle,23588.45,22.13,1.0,0.0,0.0,1.039,0.041,1.314,5,9,35,3,0,70,0,70,75,trending,0.0,0,,,
2026-03-12T09:40:00+05:30,portfolio_hist,PREMIUM,SKIP,idle,23575.7,22.35,1.0,0.0,0.0,1.039,0.095,1.314,5,9,40,3,0,70,0,70,75,trending,0.0,0,,,
2026-03-12T09:45:00+05:30,portfolio_hist,PREMIUM,ENTER,iron_condor,23612.75,22.14,1.0,0.0,0.0,1.039,0.062,0.202,5,9,45,3,0,95,0,95,75,high_vol_range,52.15,75,,,
2026-03-12T10:00:00+05:30,portfolio_hist,TREND,ENTER,debit_spread,23676.75,22.03,1.0,0.0,0.0,1.039,0.333,0.512,5,10,0,3,0,75,0,75,60,high_vol_range,41.01,75,,,
2026-03-12T15:15:00+05:30,portfolio_hist,PREMIUM,EXIT,iron_condor,23630.0,21.61,1.0,0.0,0.0,1.039,0.135,0.276,5,15,15,3,0,0,0,0,0,high_vol_range,0.0,0,Time exit,1107.75,330
2026-03-12T15:16:00+05:30,portfolio_hist,TREND,EXIT,debit_spread,23625.15,21.64,1.0,0.0,0.0,1.039,0.114,0.276,5,15,16,3,0,0,0,0,0,high_vol_range,0.0,0,Time exit,261.0,316
2026-03-12T09:30:00+05:30,portfolio_hist,PREMIUM,SKIP,idle,23598.05,22.06,1.0,0.0,0.0,1.039,0.0,1.334,5,9,30,3,0,70,0,70,75,trending,0.0,0,,,
2026-03-12T09:35:00+05:30,portfolio_hist,PREMIUM,SKIP,idle,23588.45,22.13,1.0,0.0,0.0,1.039,0.041,1.314,5,9,35,3,0,70,0,70,75,trending,0.0,0,,,
2026-03-12T09:40:00+05:30,portfolio_hist,PREMIUM,SKIP,idle,23575.7,22.35,1.0,0.0,0.0,1.039,0.095,1.314,5,9,40,3,0,70,0,70,75,trending,0.0,0,,,
2026-03-12T09:45:00+05:30,portfolio_hist,PREMIUM,ENTER,iron_condor,23612.75,22.14,1.0,0.0,0.0,1.039,0.062,0.202,5,9,45,3,0,95,0,95,75,high_vol_range,52.15,75,,,
2026-03-12T10:00:00+05:30,portfolio_hist,TREND,ENTER,debit_spread,23676.75,22.03,1.0,0.0,0.0,1.039,0.333,0.512,5,10,0,3,0,75,0,75,60,high_vol_range,41.01,75,,,
2026-03-12T15:15:00+05:30,portfolio_hist,PREMIUM,EXIT,iron_condor,23630.0,21.61,1.0,0.0,0.0,1.039,0.135,0.276,5,15,15,3,0,0,0,0,0,high_vol_range,0.0,0,Time exit,1107.75,330
2026-03-12T15:16:00+05:30,portfolio_hist,TREND,EXIT,debit_spread,23625.15,21.64,1.0,0.0,0.0,1.039,0.114,0.276,5,15,16,3,0,0,0,0,0,high_vol_range,0.0,0,Time exit,261.0,316
2026-03-12T09:30:00+05:30,portfolio_hist,PREMIUM,SKIP,idle,23598.05,22.06,1.0,0.0,0.0,1.039,0.0,1.334,5,9,30,3,0,70,0,70,75,trending,0.0,0,,,
2026-03-12T09:35:00+05:30,portfolio_hist,PREMIUM,SKIP,idle,23588.45,22.13,1.0,0.0,0.0,1.039,0.041,1.314,5,9,35,3,0,70,0,70,75,trending,0.0,0,,,
2026-03-12T09:40:00+05:30,portfolio_hist,PREMIUM,SKIP,idle,23575.7,22.35,1.0,0.0,0.0,1.039,0.095,1.314,5,9,40,3,0,70,0,70,75,trending,0.0,0,,,
2026-03-12T09:45:00+05:30,portfolio_hist,PREMIUM,ENTER,iron_condor,23612.75,22.14,1.0,0.0,0.0,1.039,0.062,0.202,5,9,45,3,0,95,0,95,75,high_vol_range,52.15,75,,,
2026-03-12T10:00:00+05:30,portfolio_hist,TREND,ENTER,debit_spread,23676.75,22.03,1.0,0.0,0.0,1.039,0.333,0.512,5,10,0,3,0,75,0,75,60,high_vol_range,41.01,75,,,
2026-03-12T15:15:00+05:30,portfolio_hist,PREMIUM,EXIT,iron_condor,23630.0,21.61,1.0,0.0,0.0,1.039,0.135,0.276,5,15,15,3,0,0,0,0,0,high_vol_range,0.0,0,Time exit,1107.75,330
2026-03-12T15:16:00+05:30,portfolio_hist,TREND,EXIT,debit_spread,23625.15,21.64,1.0,0.0,0.0,1.039,0.114,0.276,5,15,16,3,0,0,0,0,0,high_vol_range,0.0,0,Time exit,261.0,316
2026-03-12T09:30:00+05:30,portfolio_hist,PREMIUM,SKIP,idle,23598.05,22.06,1.0,0.0,0.0,1.039,0.0,1.334,5,9,30,3,0,70,0,70,75,trending,0.0,0,,,
2026-03-12T09:35:00+05:30,portfolio_hist,PREMIUM,SKIP,idle,23588.45,22.13,1.0,0.0,0.0,1.039,0.041,1.314,5,9,35,3,0,70,0,70,75,trending,0.0,0,,,
2026-03-12T09:40:00+05:30,portfolio_hist,PREMIUM,SKIP,idle,23575.7,22.35,1.0,0.0,0.0,1.039,0.095,1.314,5,9,40,3,0,70,0,70,75,trending,0.0,0,,,
2026-03-12T09:45:00+05:30,portfolio_hist,PREMIUM,ENTER,iron_condor,23612.75,22.14,1.0,0.0,0.0,1.039,0.062,0.202,5,9,45,3,0,95,0,95,75,high_vol_range,52.15,75,,,
2026-03-12T10:00:00+05:30,portfolio_hist,TREND,ENTER,debit_spread,23676.75,22.03,1.0,0.0,0.0,1.039,0.333,0.512,5,10,0,3,0,75,0,75,60,high_vol_range,41.01,75,,,
2026-03-12T15:15:00+05:30,portfolio_hist,PREMIUM,EXIT,iron_condor,23630.0,21.61,1.0,0.0,0.0,1.039,0.135,0.276,5,15,15,3,0,0,0,0,0,high_vol_range,0.0,0,Time exit,1107.75,330
2026-03-12T15:16:00+05:30,portfolio_hist,TREND,EXIT,debit_spread,23625.15,21.64,1.0,0.0,0.0,1.039,0.114,0.276,5,15,16,3,0,0,0,0,0,high_vol_range,0.0,0,Time exit,261.0,316
2026-03-12T09:30:00+05:30,portfolio_hist,PREMIUM,SKIP,idle,23598.05,22.06,1.0,0.0,0.0,1.039,0.0,1.334,5,9,30,3,0,70,0,70,75,trending,0.0,0,,,
2026-03-12T09:35:00+05:30,portfolio_hist,PREMIUM,SKIP,idle,23588.45,22.13,1.0,0.0,0.0,1.039,0.041,1.314,5,9,35,3,0,70,0,70,75,trending,0.0,0,,,
2026-03-12T09:40:00+05:30,portfolio_hist,PREMIUM,SKIP,idle,23575.7,22.35,1.0,0.0,0.0,1.039,0.095,1.314,5,9,40,3,0,70,0,70,75,trending,0.0,0,,,
2026-03-12T09:45:00+05:30,portfolio_hist,PREMIUM,ENTER,iron_condor,23612.75,22.14,1.0,0.0,0.0,1.039,0.062,0.202,5,9,45,3,0,95,0,95,75,high_vol_range,52.15,75,,,
2026-03-12T10:00:00+05:30,portfolio_hist,TREND,ENTER,debit_spread,23676.75,22.03,1.0,0.0,0.0,1.039,0.333,0.512,5,10,0,3,0,75,0,75,60,high_vol_range,41.01,75,,,
2026-03-12T15:15:00+05:30,portfolio_hist,PREMIUM,EXIT,iron_condor,23630.0,21.61,1.0,0.0,0.0,1.039,0.135,0.276,5,15,15,3,0,0,0,0,0,high_vol_range,0.0,0,Time exit,1107.75,330
2026-03-12T15:16:00+05:30,portfolio_hist,TREND,EXIT,debit_spread,23625.15,21.64,1.0,0.0,0.0,1.039,0.114,0.276,5,15,16,3,0,0,0,0,0,high_vol_range,0.0,0,Time exit,261.0,316
2026-03-12T09:30:00+05:30,portfolio_hist,PREMIUM,SKIP,idle,23598.05,22.06,1.0,0.0,0.0,1.039,0.0,1.334,5,9,30,3,0,70,0,70,75,trending,0.0,0,,,
2026-03-12T09:35:00+05:30,portfolio_hist,PREMIUM,SKIP,idle,23588.45,22.13,1.0,0.0,0.0,1.039,0.041,1.314,5,9,35,3,0,70,0,70,75,trending,0.0,0,,,
2026-03-12T09:40:00+05:30,portfolio_hist,PREMIUM,SKIP,idle,23575.7,22.35,1.0,0.0,0.0,1.039,0.095,1.314,5,9,40,3,0,70,0,70,75,trending,0.0,0,,,
2026-03-12T09:45:00+05:30,portfolio_hist,PREMIUM,ENTER,iron_condor,23612.75,22.14,1.0,0.0,0.0,1.039,0.062,0.202,5,9,45,3,0,95,0,95,75,high_vol_range,52.15,75,,,
2026-03-12T10:00:00+05:30,portfolio_hist,TREND,ENTER,debit_spread,23676.75,22.03,1.0,0.0,0.0,1.039,0.333,0.512,5,10,0,3,0,75,0,75,60,high_vol_range,41.01,75,,,
2026-03-12T15:15:00+05:30,portfolio_hist,PREMIUM,EXIT,iron_condor,23630.0,21.61,1.0,0.0,0.0,1.039,0.135,0.276,5,15,15,3,0,0,0,0,0,high_vol_range,0.0,0,Time exit,1107.75,330
2026-03-12T15:16:00+05:30,portfolio_hist,TREND,EXIT,debit_spread,23625.15,21.64,1.0,0.0,0.0,1.039,0.114,0.276,5,15,16,3,0,0,0,0,0,high_vol_range,0.0,0,Time exit,261.0,316
2026-03-12T09:30:00+05:30,portfolio_hist,PREMIUM,SKIP,idle,23598.05,22.06,1.0,0.0,0.0,1.039,0.0,1.334,5,9,30,3,0,70,0,70,75,trending,0.0,0,,,
2026-03-12T09:35:00+05:30,portfolio_hist,PREMIUM,SKIP,idle,23588.45,22.13,1.0,0.0,0.0,1.039,0.041,1.314,5,9,35,3,0,70,0,70,75,trending,0.0,0,,,
2026-03-12T09:40:00+05:30,portfolio_hist,PREMIUM,SKIP,idle,23575.7,22.35,1.0,0.0,0.0,1.039,0.095,1.314,5,9,40,3,0,70,0,70,75,trending,0.0,0,,,
2026-03-12T09:45:00+05:30,portfolio_hist,PREMIUM,ENTER,iron_condor,23612.75,22.14,1.0,0.0,0.0,1.039,0.062,0.202,5,9,45,3,0,95,0,95,75,high_vol_range,52.15,75,,,
2026-03-12T10:00:00+05:30,portfolio_hist,TREND,ENTER,debit_spread,23676.75,22.03,1.0,0.0,0.0,1.039,0.333,0.512,5,10,0,3,0,75,0,75,60,high_vol_range,41.01,75,,,
2026-03-12T15:15:00+05:30,portfolio_hist,PREMIUM,EXIT,iron_condor,23630.0,21.61,1.0,0.0,0.0,1.039,0.135,0.276,5,15,15,3,0,0,0,0,0,high_vol_range,0.0,0,Time exit,1107.75,330
2026-03-12T15:16:00+05:30,portfolio_hist,TREND,EXIT,debit_spread,23625.15,21.64,1.0,0.0,0.0,1.039,0.114,0.276,5,15,16,3,0,0,0,0,0,high_vol_range,0.0,0,Time exit,261.0,316
2026-03-12T09:30:00+05:30,portfolio_hist,PREMIUM,SKIP,idle,23598.05,22.06,1.0,0.0,0.0,1.039,0.0,1.334,5,9,30,3,0,70,0,70,75,trending,0.0,0,,,
2026-03-12T09:35:00+05:30,portfolio_hist,PREMIUM,SKIP,idle,23588.45,22.13,1.0,0.0,0.0,1.039,0.041,1.314,5,9,35,3,0,70,0,70,75,trending,0.0,0,,,
2026-03-12T09:40:00+05:30,portfolio_hist,PREMIUM,SKIP,idle,23575.7,22.35,1.0,0.0,0.0,1.039,0.095,1.314,5,9,40,3,0,70,0,70,75,trending,0.0,0,,,
2026-03-12T09:45:00+05:30,portfolio_hist,PREMIUM,ENTER,iron_condor,23612.75,22.14,1.0,0.0,0.0,1.039,0.062,0.202,5,9,45,3,0,95,0,95,75,high_vol_range,52.15,75,,,
2026-03-12T10:00:00+05:30,portfolio_hist,TREND,ENTER,debit_spread,23676.75,22.03,1.0,0.0,0.0,1.039,0.333,0.512,5,10,0,3,0,75,0,75,60,high_vol_range,41.01,75,,,
2026-03-12T15:15:00+05:30,portfolio_hist,PREMIUM,EXIT,iron_condor,23630.0,21.61,1.0,0.0,0.0,1.039,0.135,0.276,5,15,15,3,0,0,0,0,0,high_vol_range,0.0,0,Time exit,1107.75,330
2026-03-12T15:16:00+05:30,portfolio_hist,TREND,EXIT,debit_spread,23625.15,21.64,1.0,0.0,0.0,1.039,0.114,0.276,5,15,16,3,0,0,0,0,0,high_vol_range,0.0,0,Time exit,261.0,316
2026-03-12T09:30:00+05:30,portfolio_hist,PREMIUM,SKIP,idle,23598.05,22.06,1.0,0.0,0.0,1.039,0.0,1.334,5,9,30,3,0,70,0,70,75,trending,0.0,0,,,
2026-03-12T09:35:00+05:30,portfolio_hist,PREMIUM,SKIP,idle,23588.45,22.13,1.0,0.0,0.0,1.039,0.041,1.314,5,9,35,3,0,70,0,70,75,trending,0.0,0,,,
2026-03-12T09:40:00+05:30,portfolio_hist,PREMIUM,SKIP,idle,23575.7,22.35,1.0,0.0,0.0,1.039,0.095,1.314,5,9,40,3,0,70,0,70,75,trending,0.0,0,,,
2026-03-12T09:45:00+05:30,portfolio_hist,PREMIUM,ENTER,iron_condor,23612.75,22.14,1.0,0.0,0.0,1.039,0.062,0.202,5,9,45,3,0,95,0,95,75,high_vol_range,52.15,75,,,
2026-03-12T10:00:00+05:30,portfolio_hist,TREND,ENTER,debit_spread,23676.75,22.03,1.0,0.0,0.0,1.039,0.333,0.512,5,10,0,3,0,75,0,75,60,high_vol_range,41.01,75,,,
2026-03-12T15:15:00+05:30,portfolio_hist,PREMIUM,EXIT,iron_condor,23630.0,21.61,1.0,0.0,0.0,1.039,0.135,0.276,5,15,15,3,0,0,0,0,0,high_vol_range,0.0,0,Time exit,1107.75,330
2026-03-12T15:16:00+05:30,portfolio_hist,TREND,EXIT,debit_spread,23625.15,21.64,1.0,0.0,0.0,1.039,0.114,0.276,5,15,16,3,0,0,0,0,0,high_vol_range,0.0,0,Time exit,261.0,316
2026-03-12T09:30:00+05:30,portfolio_hist,PREMIUM,SKIP,idle,23598.05,22.06,1.0,0.0,0.0,1.039,0.0,1.334,5,9,30,3,0,70,0,70,75,trending,0.0,0,,,
2026-03-12T09:35:00+05:30,portfolio_hist,PREMIUM,SKIP,idle,23588.45,22.13,1.0,0.0,0.0,1.039,0.041,1.314,5,9,35,3,0,70,0,70,75,trending,0.0,0,,,
2026-03-12T09:40:00+05:30,portfolio_hist,PREMIUM,SKIP,idle,23575.7,22.35,1.0,0.0,0.0,1.039,0.095,1.314,5,9,40,3,0,70,0,70,75,trending,0.0,0,,,
2026-03-12T09:45:00+05:30,portfolio_hist,PREMIUM,ENTER,iron_condor,23612.75,22.14,1.0,0.0,0.0,1.039,0.062,0.202,5,9,45,3,0,95,0,95,75,high_vol_range,52.15,75,,,
2026-03-12T10:00:00+05:30,portfolio_hist,TREND,ENTER,debit_spread,23676.75,22.03,1.0,0.0,0.0,1.039,0.333,0.512,5,10,0,3,0,75,0,75,60,high_vol_range,41.01,75,,,
2026-03-12T15:15:00+05:30,portfolio_hist,PREMIUM,EXIT,iron_condor,23630.0,21.61,1.0,0.0,0.0,1.039,0.135,0.276,5,15,15,3,0,0,0,0,0,high_vol_range,0.0,0,Time exit,1107.75,330
2026-03-12T15:16:00+05:30,portfolio_hist,TREND,EXIT,debit_spread,23625.15,21.64,1.0,0.0,0.0,1.039,0.114,0.276,5,15,16,3,0,0,0,0,0,high_vol_range,0.0,0,Time exit,261.0,316
2026-03-12T09:30:00+05:30,portfolio_hist,PREMIUM,SKIP,idle,23598.05,22.06,1.0,0.0,0.0,1.039,0.0,1.334,5,9,30,3,0,70,0,70,75,trending,0.0,0,,,
2026-03-12T09:35:00+05:30,portfolio_hist,PREMIUM,SKIP,idle,23588.45,22.13,1.0,0.0,0.0,1.039,0.041,1.314,5,9,35,3,0,70,0,70,75,trending,0.0,0,,,
2026-03-12T09:40:00+05:30,portfolio_hist,PREMIUM,SKIP,idle,23575.7,22.35,1.0,0.0,0.0,1.039,0.095,1.314,5,9,40,3,0,70,0,70,75,trending,0.0,0,,,
2026-03-12T09:45:00+05:30,portfolio_hist,PREMIUM,ENTER,iron_condor,23612.75,22.14,1.0,0.0,0.0,1.039,0.062,0.202,5,9,45,3,0,95,0,95,75,high_vol_range,52.15,75,,,
2026-03-12T10:00:00+05:30,portfolio_hist,TREND,ENTER,debit_spread,23676.75,22.03,1.0,0.0,0.0,1.039,0.333,0.512,5,10,0,3,0,75,0,75,60,high_vol_range,41.01,75,,,
2026-03-12T15:15:00+05:30,portfolio_hist,PREMIUM,EXIT,iron_condor,23630.0,21.61,1.0,0.0,0.0,1.039,0.135,0.276,5,15,15,3,0,0,0,0,0,high_vol_range,0.0,0,Time exit,1107.75,330
2026-03-12T15:16:00+05:30,portfolio_hist,TREND,EXIT,debit_spread,23625.15,21.64,1.0,0.0,0.0,1.039,0.114,0.276,5,15,16,3,0,0,0,0,0,high_vol_range,0.0,0,Time exit,261.0,316
2026-03-12T09:30:00+05:30,portfolio_hist,PREMIUM,SKIP,idle,23598.05,22.06,1.0,0.0,0.0,1.039,0.0,1.334,5,9,30,3,0,70,0,70,75,trending,0.0,0,,,
2026-03-12T09:35:00+05:30,portfolio_hist,PREMIUM,SKIP,idle,23588.45,22.13,1.0,0.0,0.0,1.039,0.041,1.314,5,9,35,3,0,70,0,70,75,trending,0.0,0,,,
2026-03-12T09:40:00+05:30,portfolio_hist,PREMIUM,SKIP,idle,23575.7,22.35,1.0,0.0,0.0,1.039,0.095,1.314,5,9,40,3,0,70,0,70,75,trending,0.0,0,,,
2026-03-12T09:45:00+05:30,portfolio_hist,PREMIUM,ENTER,iron_condor,23612.75,22.14,1.0,0.0,0.0,1.039,0.062,0.202,5,9,45,3,0,95,0,95,75,high_vol_range,52.15,75,,,
2026-03-12T10:00:00+05:30,portfolio_hist,TREND,ENTER,debit_spread,23676.75,22.03,1.0,0.0,0.0,1.039,0.333,0.512,5,10,0,3,0,75,0,75,60,high_vol_range,41.01,75,,,
2026-03-12T15:15:00+05:30,portfolio_hist,PREMIUM,EXIT,iron_condor,23630.0,21.61,1.0,0.0,0.0,1.039,0.135,0.276,5,15,15,3,0,0,0,0,0,high_vol_range,0.0,0,Time exit,1107.75,330
2026-03-12T15:16:00+05:30,portfolio_hist,TREND,EXIT,debit_spread,23625.15,21.64,1.0,0.0,0.0,1.039,0.114,0.276,5,15,16,3,0,0,0,0,0,high_vol_range,0.0,0,Time exit,261.0,316
2026-03-12T09:30:00+05:30,portfolio_hist,PREMIUM,SKIP,idle,23598.05,22.06,1.0,0.0,0.0,1.039,0.0,1.334,5,9,30,3,0,70,0,70,75,trending,0.0,0,,,
2026-03-12T09:35:00+05:30,portfolio_hist,PREMIUM,SKIP,idle,23588.45,22.13,1.0,0.0,0.0,1.039,0.041,1.314,5,9,35,3,0,70,0,70,75,trending,0.0,0,,,
2026-03-12T09:40:00+05:30,portfolio_hist,PREMIUM,SKIP,idle,23575.7,22.35,1.0,0.0,0.0,1.039,0.095,1.314,5,9,40,3,0,70,0,70,75,trending,0.0,0,,,
2026-03-12T09:45:00+05:30,portfolio_hist,PREMIUM,ENTER,iron_condor,23612.75,22.14,1.0,0.0,0.0,1.039,0.062,0.202,5,9,45,3,0,95,0,95,75,high_vol_range,52.15,75,,,
2026-03-12T10:00:00+05:30,portfolio_hist,TREND,ENTER,debit_spread,23676.75,22.03,1.0,0.0,0.0,1.039,0.333,0.512,5,10,0,3,0,75,0,75,60,high_vol_range,41.01,75,,,
2026-03-12T15:15:00+05:30,portfolio_hist,PREMIUM,EXIT,iron_condor,23630.0,21.61,1.0,0.0,0.0,1.039,0.135,0.276,5,15,15,3,0,0,0,0,0,high_vol_range,0.0,0,Time exit,1107.75,330
2026-03-12T15:16:00+05:30,portfolio_hist,TREND,EXIT,debit_spread,23625.15,21.64,1.0,0.0,0.0,1.039,0.114,0.276,5,15,16,3,0,0,0,0,0,high_vol_range,0.0,0,Time exit,261.0,316
2026-03-12T09:30:00+05:30,portfolio_hist,PREMIUM,SKIP,idle,23598.05,22.06,1.0,0.0,0.0,1.039,0.0,1.334,5,9,30,3,0,70,0,70,75,trending,0.0,0,,,
2026-03-12T09:35:00+05:30,portfolio_hist,PREMIUM,SKIP,idle,23588.45,22.13,1.0,0.0,0.0,1.039,0.041,1.314,5,9,35,3,0,70,0,70,75,trending,0.0,0,,,
2026-03-12T09:40:00+05:30,portfolio_hist,PREMIUM,SKIP,idle,23575.7,22.35,1.0,0.0,0.0,1.039,0.095,1.314,5,9,40,3,0,70,0,70,75,trending,0.0,0,,,
2026-03-12T09:45:00+05:30,portfolio_hist,PREMIUM,ENTER,iron_condor,23612.75,22.14,1.0,0.0,0.0,1.039,0.062,0.202,5,9,45,3,0,95,0,95,75,high_vol_range,52.15,75,,,
2026-03-12T10:00:00+05:30,portfolio_hist,TREND,ENTER,debit_spread,23676.75,22.03,1.0,0.0,0.0,1.039,0.333,0.512,5,10,0,3,0,75,0,75,60,high_vol_range,41.01,75,,,
2026-03-12T15:15:00+05:30,portfolio_hist,PREMIUM,EXIT,iron_condor,23630.0,21.61,1.0,0.0,0.0,1.039,0.135,0.276,5,15,15,3,0,0,0,0,0,high_vol_range,0.0,0,Time exit,1107.75,330
2026-03-12T15:16:00+05:30,portfolio_hist,TREND,EXIT,debit_spread,23625.15,21.64,1.0,0.0,0.0,1.039,0.114,0.276,5,15,16,3,0,0,0,0,0,high_vol_range,0.0,0,Time exit,261.0,316
2026-03-12T09:30:00+05:30,portfolio_hist,PREMIUM,SKIP,idle,23598.05,22.06,1.0,0.0,0.0,1.039,0.0,1.334,5,9,30,3,0,70,0,70,75,trending,0.0,0,,,
2026-03-12T09:35:00+05:30,portfolio_hist,PREMIUM,SKIP,idle,23588.45,22.13,1.0,0.0,0.0,1.039,0.041,1.314,5,9,35,3,0,70,0,70,75,trending,0.0,0,,,
2026-03-12T09:40:00+05:30,portfolio_hist,PREMIUM,SKIP,idle,23575.7,22.35,1.0,0.0,0.0,1.039,0.095,1.314,5,9,40,3,0,70,0,70,75,trending,0.0,0,,,
2026-03-12T09:45:00+05:30,portfolio_hist,PREMIUM,ENTER,iron_condor,23612.75,22.14,1.0,0.0,0.0,1.039,0.062,0.202,5,9,45,3,0,95,0,95,75,high_vol_range,52.15,75,,,
2026-03-12T10:00:00+05:30,portfolio_hist,TREND,ENTER,debit_spread,23676.75,22.03,1.0,0.0,0.0,1.039,0.333,0.512,5,10,0,3,0,75,0,75,60,high_vol_range,41.01,75,,,
2026-03-12T15:15:00+05:30,portfolio_hist,PREMIUM,EXIT,iron_condor,23630.0,21.61,1.0,0.0,0.0,1.039,0.135,0.276,5,15,15,3,0,0,0,0,0,high_vol_range,0.0,0,Time exit,1107.75,330
2026-03-12T15:16:00+05:30,portfolio_hist,TREND,EXIT,debit_spread,23625.15,21.64,1.0,0.0,0.0,1.039,0.114,0.276,5,15,16,3,0,0,0,0,0,high_vol_range,0.0,0,Time exit,261.0,316
2026-03-12T09:30:00+05:30,portfolio_hist,PREMIUM,SKIP,idle,23598.05,22.06,1.0,0.0,0.0,1.039,0.0,1.334,5,9,30,3,0,70,0,70,75,trending,0.0,0,,,
2026-03-12T09:35:00+05:30,portfolio_hist,PREMIUM,SKIP,idle,23588.45,22.13,1.0,0.0,0.0,1.039,0.041,1.314,5,9,35,3,0,70,0,70,75,trending,0.0,0,,,
2026-03-12T09:40:00+05:30,portfolio_hist,PREMIUM,SKIP,idle,23575.7,22.35,1.0,0.0,0.0,1.039,0.095,1.314,5,9,40,3,0,70,0,70,75,trending,0.0,0,,,
2026-03-12T09:45:00+05:30,portfolio_hist,PREMIUM,ENTER,iron_condor,23612.75,22.14,1.0,0.0,0.0,1.039,0.062,0.202,5,9,45,3,0,95,0,95,75,high_vol_range,52.15,75,,,
2026-03-12T10:00:00+05:30,portfolio_hist,TREND,ENTER,debit_spread,23676.75,22.03,1.0,0.0,0.0,1.039,0.333,0.512,5,10,0,3,0,75,0,75,60,high_vol_range,41.01,75,,,
2026-03-12T15:15:00+05:30,portfolio_hist,PREMIUM,EXIT,iron_condor,23630.0,21.61,1.0,0.0,0.0,1.039,0.135,0.276,5,15,15,3,0,0,0,0,0,high_vol_range,0.0,0,Time exit,1107.75,330
2026-03-12T15:16:00+05:30,portfolio_hist,TREND,EXIT,debit_spread,23625.15,21.64,1.0,0.0,0.0,1.039,0.114,0.276,5,15,16,3,0,0,0,0,0,high_vol_range,0.0,0,Time exit,261.0,316
2026-03-12T09:30:00+05:30,portfolio_hist,PREMIUM,SKIP,idle,23598.05,22.06,1.0,0.0,0.0,1.039,0.0,1.334,5,9,30,3,0,70,0,70,75,trending,0.0,0,,,
2026-03-12T09:35:00+05:30,portfolio_hist,PREMIUM,SKIP,idle,23588.45,22.13,1.0,0.0,0.0,1.039,0.041,1.314,5,9,35,3,0,70,0,70,75,trending,0.0,0,,,
2026-03-12T09:40:00+05:30,portfolio_hist,PREMIUM,SKIP,idle,23575.7,22.35,1.0,0.0,0.0,1.039,0.095,1.314,5,9,40,3,0,70,0,70,75,trending,0.0,0,,,
2026-03-12T09:45:00+05:30,portfolio_hist,PREMIUM,ENTER,iron_condor,23612.75,22.14,1.0,0.0,0.0,1.039,0.062,0.202,5,9,45,3,0,95,0,95,75,high_vol_range,52.15,75,,,
2026-03-12T10:00:00+05:30,portfolio_hist,TREND,ENTER,debit_spread,23676.75,22.03,1.0,0.0,0.0,1.039,0.333,0.512,5,10,0,3,0,75,0,75,60,high_vol_range,41.01,75,,,
2026-03-12T15:15:00+05:30,portfolio_hist,PREMIUM,EXIT,iron_condor,23630.0,21.61,1.0,0.0,0.0,1.039,0.135,0.276,5,15,15,3,0,0,0,0,0,high_vol_range,0.0,0,Time exit,1107.75,330
2026-03-12T15:16:00+05:30,portfolio_hist,TREND,EXIT,debit_spread,23625.15,21.64,1.0,0.0,0.0,1.039,0.114,0.276,5,15,16,3,0,0,0,0,0,high_vol_range,0.0,0,Time exit,261.0,316
2026-03-12T09:30:00+05:30,portfolio_hist,PREMIUM,SKIP,idle,23598.05,22.06,1.0,0.0,0.0,1.039,0.0,1.334,5,9,30,3,0,70,0,70,75,trending,0.0,0,,,
2026-03-12T09:35:00+05:30,portfolio_hist,PREMIUM,SKIP,idle,23588.45,22.13,1.0,0.0,0.0,1.039,0.041,1.314,5,9,35,3,0,70,0,70,75,trending,0.0,0,,,
2026-03-12T09:40:00+05:30,portfolio_hist,PREMIUM,SKIP,idle,23575.7,22.35,1.0,0.0,0.0,1.039,0.095,1.314,5,9,40,3,0,70,0,70,75,trending,0.0,0,,,
2026-03-12T09:45:00+05:30,portfolio_hist,PREMIUM,ENTER,iron_condor,23612.75,22.14,1.0,0.0,0.0,1.039,0.062,0.202,5,9,45,3,0,95,0,95,75,high_vol_range,52.15,75,,,
2026-03-12T10:00:00+05:30,portfolio_hist,TREND,ENTER,debit_spread,23676.75,22.03,1.0,0.0,0.0,1.039,0.333,0.512,5,10,0,3,0,75,0,75,60,high_vol_range,41.01,75,,,
2026-03-12T15:15:00+05:30,portfolio_hist,PREMIUM,EXIT,iron_condor,23630.0,21.61,1.0,0.0,0.0,1.039,0.135,0.276,5,15,15,3,0,0,0,0,0,high_vol_range,0.0,0,Time exit,1107.75,330
2026-03-12T15:16:00+05:30,portfolio_hist,TREND,EXIT,debit_spread,23625.15,21.64,1.0,0.0,0.0,1.039,0.114,0.276,5,15,16,3,0,0,0,0,0,high_vol_range,0.0,0,Time exit,261.0,316
2026-03-12T09:30:00+05:30,portfolio_hist,PREMIUM,SKIP,idle,23598.05,22.06,1.0,0.0,0.0,1.039,0.0,1.334,5,9,30,3,0,70,0,70,75,trending,0.0,0,,,
2026-03-12T09:35:00+05:30,portfolio_hist,PREMIUM,SKIP,idle,23588.45,22.13,1.0,0.0,0.0,1.039,0.041,1.314,5,9,35,3,0,70,0,70,75,trending,0.0,0,,,
2026-03-12T09:40:00+05:30,portfolio_hist,PREMIUM,SKIP,idle,23575.7,22.35,1.0,0.0,0.0,1.039,0.095,1.314,5,9,40,3,0,70,0,70,75,trending,0.0,0,,,
2026-03-12T09:45:00+05:30,portfolio_hist,PREMIUM,ENTER,iron_condor,23612.75,22.14,1.0,0.0,0.0,1.039,0.062,0.202,5,9,45,3,0,95,0,95,75,high_vol_range,52.15,75,,,
2026-03-12T10:00:00+05:30,portfolio_hist,TREND,ENTER,debit_spread,23676.75,22.03,1.0,0.0,0.0,1.039,0.333,0.512,5,10,0,3,0,75,0,75,60,high_vol_range,41.01,75,,,
2026-03-12T15:15:00+05:30,portfolio_hist,PREMIUM,EXIT,iron_condor,23630.0,21.61,1.0,0.0,0.0,1.039,0.135,0.276,5,15,15,3,0,0,0,0,0,high_vol_range,0.0,0,Time exit,1107.75,330
2026-03-12T15:16:00+05:30,portfolio_hist,TREND,EXIT,debit_spread,23625.15,21.64,1.0,0.0,0.0,1.039,0.114,0.276,5,15,16,3,0,0,0,0,0,high_vol_range,0.0,0,Time exit,261.0,316
2026-03-12T09:30:00+05:30,portfolio_hist,PREMIUM,SKIP,idle,23598.05,22.06,1.0,0.0,0.0,1.039,0.0,1.334,5,9,30,3,0,70,0,70,75,trending,0.0,0,,,
2026-03-12T09:35:00+05:30,portfolio_hist,PREMIUM,SKIP,idle,23588.45,22.13,1.0,0.0,0.0,1.039,0.041,1.314,5,9,35,3,0,70,0,70,75,trending,0.0,0,,,
2026-03-12T09:40:00+05:30,portfolio_hist,PREMIUM,SKIP,idle,23575.7,22.35,1.0,0.0,0.0,1.039,0.095,1.314,5,9,40,3,0,70,0,70,75,trending,0.0,0,,,
2026-03-12T09:45:00+05:30,portfolio_hist,PREMIUM,ENTER,iron_condor,23612.75,22.14,1.0,0.0,0.0,1.039,0.062,0.202,5,9,45,3,0,95,0,95,75,high_vol_range,52.15,75,,,
2026-03-12T10:00:00+05:30,portfolio_hist,TREND,ENTER,debit_spread,23676.75,22.03,1.0,0.0,0.0,1.039,0.333,0.512,5,10,0,3,0,75,0,75,60,high_vol_range,41.01,75,,,
2026-03-12T15:15:00+05:30,portfolio_hist,PREMIUM,EXIT,iron_condor,23630.0,21.61,1.0,0.0,0.0,1.039,0.135,0.276,5,15,15,3,0,0,0,0,0,high_vol_range,0.0,0,Time exit,1107.75,330
2026-03-12T15:16:00+05:30,portfolio_hist,TREND,EXIT,debit_spread,23625.15,21.64,1.0,0.0,0.0,1.039,0.114,0.276,5,15,16,3,0,0,0,0,0,high_vol_range,0.0,0,Time exit,261.0,316
2026-03-12T09:30:00+05:30,portfolio_hist,PREMIUM,SKIP,idle,23598.05,22.06,1.0,0.0,0.0,1.039,0.0,1.334,5,9,30,3,0,70,0,70,75,trending,0.0,0,,,
2026-03-12T09:35:00+05:30,portfolio_hist,PREMIUM,SKIP,idle,23588.45,22.13,1.0,0.0,0.0,1.039,0.041,1.314,5,9,35,3,0,70,0,70,75,trending,0.0,0,,,
2026-03-12T09:40:00+05:30,portfolio_hist,PREMIUM,SKIP,idle,23575.7,22.35,1.0,0.0,0.0,1.039,0.095,1.314,5,9,40,3,0,70,0,70,75,trending,0.0,0,,,
2026-03-12T09:45:00+05:30,portfolio_hist,PREMIUM,ENTER,iron_condor,23612.75,22.14,1.0,0.0,0.0,1.039,0.062,0.202,5,9,45,3,0,95,0,95,75,high_vol_range,52.15,75,,,
2026-03-12T10:00:00+05:30,portfolio_hist,TREND,ENTER,debit_spread,23676.75,22.03,1.0,0.0,0.0,1.039,0.333,0.512,5,10,0,3,0,75,0,75,60,high_vol_range,41.01,75,,,
2026-03-12T15:15:00+05:30,portfolio_hist,PREMIUM,EXIT,iron_condor,23630.0,21.61,1.0,0.0,0.0,1.039,0.135,0.276,5,15,15,3,0,0,0,0,0,high_vol_range,0.0,0,Time exit,1107.75,330
2026-03-12T15:16:00+05:30,portfolio_hist,TREND,EXIT,debit_spread,23625.15,21.64,1.0,0.0,0.0,1.039,0.114,0.276,5,15,16,3,0,0,0,0,0,high_vol_range,0.0,0,Time exit,261.0,316
2026-03-12T09:30:00+05:30,portfolio_hist,PREMIUM,SKIP,idle,23598.05,22.06,1.0,0.0,0.0,1.039,0.0,1.334,5,9,30,3,0,70,0,70,75,trending,0.0,0,,,
2026-03-12T09:35:00+05:30,portfolio_hist,PREMIUM,SKIP,idle,23588.45,22.13,1.0,0.0,0.0,1.039,0.041,1.314,5,9,35,3,0,70,0,70,75,trending,0.0,0,,,
2026-03-12T09:40:00+05:30,portfolio_hist,PREMIUM,SKIP,idle,23575.7,22.35,1.0,0.0,0.0,1.039,0.095,1.314,5,9,40,3,0,70,0,70,75,trending,0.0,0,,,
2026-03-12T09:45:00+05:30,portfolio_hist,PREMIUM,ENTER,iron_condor,23612.75,22.14,1.0,0.0,0.0,1.039,0.062,0.202,5,9,45,3,0,95,0,95,75,high_vol_range,52.15,75,,,
2026-03-12T10:00:00+05:30,portfolio_hist,TREND,ENTER,debit_spread,23676.75,22.03,1.0,0.0,0.0,1.039,0.333,0.512,5,10,0,3,0,75,0,75,60,high_vol_range,41.01,75,,,
2026-03-12T15:15:00+05:30,portfolio_hist,PREMIUM,EXIT,iron_condor,23630.0,21.61,1.0,0.0,0.0,1.039,0.135,0.276,5,15,15,3,0,0,0,0,0,high_vol_range,0.0,0,Time exit,1107.75,330
2026-03-12T15:16:00+05:30,portfolio_hist,TREND,EXIT,debit_spread,23625.15,21.64,1.0,0.0,0.0,1.039,0.114,0.276,5,15,16,3,0,0,0,0,0,high_vol_range,0.0,0,Time exit,261.0,316
2026-03-12T09:30:00+05:30,portfolio_hist,PREMIUM,SKIP,idle,23598.05,22.06,1.0,0.0,0.0,1.039,0.0,1.334,5,9,30,3,0,70,0,70,75,trending,0.0,0,,,
2026-03-12T09:35:00+05:30,portfolio_hist,PREMIUM,SKIP,idle,23588.45,22.13,1.0,0.0,0.0,1.039,0.041,1.314,5,9,35,3,0,70,0,70,75,trending,0.0,0,,,
2026-03-12T09:40:00+05:30,portfolio_hist,PREMIUM,SKIP,idle,23575.7,22.35,1.0,0.0,0.0,1.039,0.095,1.314,5,9,40,3,0,70,0,70,75,trending,0.0,0,,,
2026-03-12T09:45:00+05:30,portfolio_hist,PREMIUM,ENTER,iron_condor,23612.75,22.14,1.0,0.0,0.0,1.039,0.062,0.202,5,9,45,3,0,95,0,95,75,high_vol_range,52.15,75,,,
2026-03-12T10:00:00+05:30,portfolio_hist,TREND,ENTER,debit_spread,23676.75,22.03,1.0,0.0,0.0,1.039,0.333,0.512,5,10,0,3,0,75,0,75,60,high_vol_range,41.01,75,,,
2026-03-12T15:15:00+05:30,portfolio_hist,PREMIUM,EXIT,iron_condor,23630.0,21.61,1.0,0.0,0.0,1.039,0.135,0.276,5,15,15,3,0,0,0,0,0,high_vol_range,0.0,0,Time exit,1107.75,330
2026-03-12T15:16:00+05:30,portfolio_hist,TREND,EXIT,debit_spread,23625.15,21.64,1.0,0.0,0.0,1.039,0.114,0.276,5,15,16,3,0,0,0,0,0,high_vol_range,0.0,0,Time exit,261.0,316
2026-03-12T09:30:00+05:30,portfolio_hist,PREMIUM,SKIP,idle,23598.05,22.06,1.0,0.0,0.0,1.039,0.0,1.334,5,9,30,3,0,70,0,70,75,trending,0.0,0,,,
2026-03-12T09:35:00+05:30,portfolio_hist,PREMIUM,SKIP,idle,23588.45,22.13,1.0,0.0,0.0,1.039,0.041,1.314,5,9,35,3,0,70,0,70,75,trending,0.0,0,,,
2026-03-12T09:40:00+05:30,portfolio_hist,PREMIUM,SKIP,idle,23575.7,22.35,1.0,0.0,0.0,1.039,0.095,1.314,5,9,40,3,0,70,0,70,75,trending,0.0,0,,,
2026-03-12T09:45:00+05:30,portfolio_hist,PREMIUM,ENTER,iron_condor,23612.75,22.14,1.0,0.0,0.0,1.039,0.062,0.202,5,9,45,3,0,95,0,95,75,high_vol_range,52.15,75,,,
2026-03-12T10:00:00+05:30,portfolio_hist,TREND,ENTER,debit_spread,23676.75,22.03,1.0,0.0,0.0,1.039,0.333,0.512,5,10,0,3,0,75,0,75,60,high_vol_range,41.01,75,,,
2026-03-12T15:15:00+05:30,portfolio_hist,PREMIUM,EXIT,iron_condor,23630.0,21.61,1.0,0.0,0.0,1.039,0.135,0.276,5,15,15,3,0,0,0,0,0,high_vol_range,0.0,0,Time exit,1107.75,330
2026-03-12T15:16:00+05:30,portfolio_hist,TREND,EXIT,debit_spread,23625.15,21.64,1.0,0.0,0.0,1.039,0.114,0.276,5,15,16,3,0,0,0,0,0,high_vol_range,0.0,0,Time exit,261.0,316
2026-03-12T09:30:00+05:30,portfolio_hist,PREMIUM,SKIP,idle,23598.05,22.06,1.0,0.0,0.0,1.039,0.0,1.334,5,9,30,3,0,70,0,70,75,trending,0.0,0,,,
2026-03-12T09:35:00+05:30,portfolio_hist,PREMIUM,SKIP,idle,23588.45,22.13,1.0,0.0,0.0,1.039,0.041,1.314,5,9,35,3,0,70,0,70,75,trending,0.0,0,,,
2026-03-12T09:40:00+05:30,portfolio_hist,PREMIUM,SKIP,idle,23575.7,22.35,1.0,0.0,0.0,1.039,0.095,1.314,5,9,40,3,0,70,0,70,75,trending,0.0,0,,,
2026-03-12T09:45:00+05:30,portfolio_hist,PREMIUM,ENTER,iron_condor,23612.75,22.14,1.0,0.0,0.0,1.039,0.062,0.202,5,9,45,3,0,95,0,95,75,high_vol_range,52.15,75,,,
2026-03-12T10:00:00+05:30,portfolio_hist,TREND,ENTER,debit_spread,23676.75,22.03,1.0,0.0,0.0,1.039,0.333,0.512,5,10,0,3,0,75,0,75,60,high_vol_range,41.01,75,,,
2026-03-12T15:15:00+05:30,portfolio_hist,PREMIUM,EXIT,iron_condor,23630.0,21.61,1.0,0.0,0.0,1.039,0.135,0.276,5,15,15,3,0,0,0,0,0,high_vol_range,0.0,0,Time exit,1107.75,330
2026-03-12T15:16:00+05:30,portfolio_hist,TREND,EXIT,debit_spread,23625.15,21.64,1.0,0.0,0.0,1.039,0.114,0.276,5,15,16,3,0,0,0,0,0,high_vol_range,0.0,0,Time exit,261.0,316
2026-03-12T09:30:00+05:30,portfolio_hist,PREMIUM,SKIP,idle,23598.05,22.06,1.0,0.0,0.0,1.039,0.0,1.334,5,9,30,3,0,70,0,70,75,trending,0.0,0,,,
2026-03-12T09:35:00+05:30,portfolio_hist,PREMIUM,SKIP,idle,23588.45,22.13,1.0,0.0,0.0,1.039,0.041,1.314,5,9,35,3,0,70,0,70,75,trending,0.0,0,,,
2026-03-12T09:40:00+05:30,portfolio_hist,PREMIUM,SKIP,idle,23575.7,22.35,1.0,0.0,0.0,1.039,0.095,1.314,5,9,40,3,0,70,0,70,75,trending,0.0,0,,,
2026-03-12T09:45:00+05:30,portfolio_hist,PREMIUM,ENTER,iron_condor,23612.75,22.14,1.0,0.0,0.0,1.039,0.062,0.202,5,9,45,3,0,95,0,95,75,high_vol_range,52.15,75,,,
2026-03-12T10:00:00+05:30,portfolio_hist,TREND,ENTER,debit_spread,23676.75,22.03,1.0,0.0,0.0,1.039,0.333,0.512,5,10,0,3,0,75,0,75,60,high_vol_range,41.01,75,,,
2026-03-12T15:15:00+05:30,portfolio_hist,PREMIUM,EXIT,iron_condor,23630.0,21.61,1.0,0.0,0.0,1.039,0.135,0.276,5,15,15,3,0,0,0,0,0,high_vol_range,0.0,0,Time exit,1107.75,330
2026-03-12T15:16:00+05:30,portfolio_hist,TREND,EXIT,debit_spread,23625.15,21.64,1.0,0.0,0.0,1.039,0.114,0.276,5,15,16,3,0,0,0,0,0,high_vol_range,0.0,0,Time exit,261.0,316
2026-03-12T09:30:00+05:30,portfolio_hist,PREMIUM,SKIP,idle,23598.05,22.06,1.0,0.0,0.0,1.039,0.0,1.334,5,9,30,3,0,70,0,70,75,trending,0.0,0,,,
2026-03-12T09:35:00+05:30,portfolio_hist,PREMIUM,SKIP,idle,23588.45,22.13,1.0,0.0,0.0,1.039,0.041,1.314,5,9,35,3,0,70,0,70,75,trending,0.0,0,,,
2026-03-12T09:40:00+05:30,portfolio_hist,PREMIUM,SKIP,idle,23575.7,22.35,1.0,0.0,0.0,1.039,0.095,1.314,5,9,40,3,0,70,0,70,75,trending,0.0,0,,,
2026-03-12T09:45:00+05:30,portfolio_hist,PREMIUM,ENTER,iron_condor,23612.75,22.14,1.0,0.0,0.0,1.039,0.062,0.202,5,9,45,3,0,95,0,95,75,high_vol_range,52.15,75,,,
2026-03-12T10:00:00+05:30,portfolio_hist,TREND,ENTER,debit_spread,23676.75,22.03,1.0,0.0,0.0,1.039,0.333,0.512,5,10,0,3,0,75,0,75,60,high_vol_range,41.01,75,,,
2026-03-12T15:15:00+05:30,portfolio_hist,PREMIUM,EXIT,iron_condor,23630.0,21.61,1.0,0.0,0.0,1.039,0.135,0.276,5,15,15,3,0,0,0,0,0,high_vol_range,0.0,0,Time exit,1107.75,330
2026-03-12T15:16:00+05:30,portfolio_hist,TREND,EXIT,debit_spread,23625.15,21.64,1.0,0.0,0.0,1.039,0.114,0.276,5,15,16,3,0,0,0,0,0,high_vol_range,0.0,0,Time exit,261.0,316
2026-03-12T09:30:00+05:30,portfolio_hist,PREMIUM,SKIP,idle,23598.05,22.06,1.0,0.0,0.0,1.039,0.0,1.334,5,9,30,3,0,70,0,70,75,trending,0.0,0,,,
2026-03-12T09:35:00+05:30,portfolio_hist,PREMIUM,SKIP,idle,23588.45,22.13,1.0,0.0,0.0,1.039,0.041,1.314,5,9,35,3,0,70,0,70,75,trending,0.0,0,,,
2026-03-12T09:40:00+05:30,portfolio_hist,PREMIUM,SKIP,idle,23575.7,22.35,1.0,0.0,0.0,1.039,0.095,1.314,5,9,40,3,0,70,0,70,75,trending,0.0,0,,,
2026-03-12T09:45:00+05:30,portfolio_hist,PREMIUM,ENTER,iron_condor,23612.75,22.14,1.0,0.0,0.0,1.039,0.062,0.202,5,9,45,3,0,95,0,95,75,high_vol_range,52.15,75,,,
2026-03-12T10:00:00+05:30,portfolio_hist,TREND,ENTER,debit_spread,23676.75,22.03,1.0,0.0,0.0,1.039,0.333,0.512,5,10,0,3,0,75,0,75,60,high_vol_range,41.01,75,,,
2026-03-12T15:15:00+05:30,portfolio_hist,PREMIUM,EXIT,iron_condor,23630.0,21.61,1.0,0.0,0.0,1.039,0.135,0.276,5,15,15,3,0,0,0,0,0,high_vol_range,0.0,0,Time exit,1107.75,330
2026-03-12T15:16:00+05:30,portfolio_hist,TREND,EXIT,debit_spread,23625.15,21.64,1.0,0.0,0.0,1.039,0.114,0.276,5,15,16,3,0,0,0,0,0,high_vol_range,0.0,0,Time exit,261.0,316
2026-03-12T09:30:00+05:30,portfolio_hist,PREMIUM,SKIP,idle,23598.05,22.06,1.0,0.0,0.0,1.039,0.0,1.334,5,9,30,3,0,70,0,70,75,trending,0.0,0,,,
2026-03-12T09:35:00+05:30,portfolio_hist,PREMIUM,SKIP,idle,23588.45,22.13,1.0,0.0,0.0,1.039,0.041,1.314,5,9,35,3,0,70,0,70,75,trending,0.0,0,,,
2026-03-12T09:40:00+05:30,portfolio_hist,PREMIUM,SKIP,idle,23575.7,22.35,1.0,0.0,0.0,1.039,0.095,1.314,5,9,40,3,0,70,0,70,75,trending,0.0,0,,,
2026-03-12T09:45:00+05:30,portfolio_hist,PREMIUM,ENTER,iron_condor,23612.75,22.14,1.0,0.0,0.0,1.039,0.062,0.202,5,9,45,3,0,95,0,95,75,high_vol_range,52.15,75,,,
2026-03-12T10:00:00+05:30,portfolio_hist,TREND,ENTER,debit_spread,23676.75,22.03,1.0,0.0,0.0,1.039,0.333,0.512,5,10,0,3,0,75,0,75,60,high_vol_range,41.01,75,,,
2026-03-12T15:15:00+05:30,portfolio_hist,PREMIUM,EXIT,iron_condor,23630.0,21.61,1.0,0.0,0.0,1.039,0.135,0.276,5,15,15,3,0,0,0,0,0,high_vol_range,0.0,0,Time exit,1107.75,330
2026-03-12T15:16:00+05:30,portfolio_hist,TREND,EXIT,debit_spread,23625.15,21.64,1.0,0.0,0.0,1.039,0.114,0.276,5,15,16,3,0,0,0,0,0,high_vol_range,0.0,0,Time exit,261.0,316
2026-03-12T09:30:00+05:30,portfolio_hist,PREMIUM,SKIP,idle,23598.05,22.06,1.0,0.0,0.0,1.039,0.0,1.334,5,9,30,3,0,70,0,70,75,trending,0.0,0,,,
2026-03-12T09:35:00+05:30,portfolio_hist,PREMIUM,SKIP,idle,23588.45,22.13,1.0,0.0,0.0,1.039,0.041,1.314,5,9,35,3,0,70,0,70,75,trending,0.0,0,,,
2026-03-12T09:40:00+05:30,portfolio_hist,PREMIUM,SKIP,idle,23575.7,22.35,1.0,0.0,0.0,1.039,0.095,1.314,5,9,40,3,0,70,0,70,75,trending,0.0,0,,,
2026-03-12T09:45:00+05:30,portfolio_hist,PREMIUM,ENTER,iron_condor,23612.75,22.14,1.0,0.0,0.0,1.039,0.062,0.202,5,9,45,3,0,95,0,95,75,high_vol_range,52.15,75,,,
2026-03-12T10:00:00+05:30,portfolio_hist,TREND,ENTER,debit_spread,23676.75,22.03,1.0,0.0,0.0,1.039,0.333,0.512,5,10,0,3,0,75,0,75,60,high_vol_range,41.01,75,,,
2026-03-12T15:15:00+05:30,portfolio_hist,PREMIUM,EXIT,iron_condor,23630.0,21.61,1.0,0.0,0.0,1.039,0.135,0.276,5,15,15,3,0,0,0,0,0,high_vol_range,0.0,0,Time exit,1107.75,330
2026-03-12T15:16:00+05:30,portfolio_hist,TREND,EXIT,debit_spread,23625.15,21.64,1.0,0.0,0.0,1.039,0.114,0.276,5,15,16,3,0,0,0,0,0,high_vol_range,0.0,0,Time exit,261.0,316
2026-03-12T09:30:00+05:30,portfolio_hist,PREMIUM,SKIP,idle,23598.05,22.06,1.0,0.0,0.0,1.039,0.0,1.334,5,9,30,3,0,70,0,70,75,trending,0.0,0,,,
2026-03-12T09:35:00+05:30,portfolio_hist,PREMIUM,SKIP,idle,23588.45,22.13,1.0,0.0,0.0,1.039,0.041,1.314,5,9,35,3,0,70,0,70,75,trending,0.0,0,,,
2026-03-12T09:40:00+05:30,portfolio_hist,PREMIUM,SKIP,idle,23575.7,22.35,1.0,0.0,0.0,1.039,0.095,1.314,5,9,40,3,0,70,0,70,75,trending,0.0,0,,,
2026-03-12T09:45:00+05:30,portfolio_hist,PREMIUM,ENTER,iron_condor,23612.75,22.14,1.0,0.0,0.0,1.039,0.062,0.202,5,9,45,3,0,95,0,95,75,high_vol_range,52.15,75,,,
2026-03-12T10:00:00+05:30,portfolio_hist,TREND,ENTER,debit_spread,23676.75,22.03,1.0,0.0,0.0,1.039,0.333,0.512,5,10,0,3,0,75,0,75,60,high_vol_range,41.01,75,,,
2026-03-12T15:15:00+05:30,portfolio_hist,PREMIUM,EXIT,iron_condor,23630.0,21.61,1.0,0.0,0.0,1.039,0.135,0.276,5,15,15,3,0,0,0,0,0,high_vol_range,0.0,0,Time exit,1107.75,330
2026-03-12T15:16:00+05:30,portfolio_hist,TREND,EXIT,debit_spread,23625.15,21.64,1.0,0.0,0.0,1.039,0.114,0.276,5,15,16,3,0,0,0,0,0,high_vol_range,0.0,0,Time exit,261.0,316
2026-03-12T09:30:00+05:30,portfolio_hist,PREMIUM,SKIP,idle,23598.05,22.06,1.0,0.0,0.0,1.039,0.0,1.334,5,9,30,3,0,70,0,70,75,trending,0.0,0,,,
2026-03-12T09:35:00+05:30,portfolio_hist,PREMIUM,SKIP,idle,23588.45,22.13,1.0,0.0,0.0,1.039,0.041,1.314,5,9,35,3,0,70,0,70,75,trending,0.0,0,,,
2026-03-12T09:40:00+05:30,portfolio_hist,PREMIUM,SKIP,idle,23575.7,22.35,1.0,0.0,0.0,1.039,0.095,1.314,5,9,40,3,0,70,0,70,75,trending,0.0,0,,,
2026-03-12T09:45:00+05:30,portfolio_hist,PREMIUM,ENTER,iron_condor,23612.75,22.14,1.0,0.0,0.0,1.039,0.062,0.202,5,9,45,3,0,95,0,95,75,high_vol_range,52.15,75,,,
2026-03-12T10:00:00+05:30,portfolio_hist,TREND,ENTER,debit_spread,23676.75,22.03,1.0,0.0,0.0,1.039,0.333,0.512,5,10,0,3,0,75,0,75,60,high_vol_range,41.01,75,,,
2026-03-12T15:15:00+05:30,portfolio_hist,PREMIUM,EXIT,iron_condor,23630.0,21.61,1.0,0.0,0.0,1.039,0.135,0.276,5,15,15,3,0,0,0,0,0,high_vol_range,0.0,0,Time exit,1107.75,330
2026-03-12T15:16:00+05:30,portfolio_hist,TREND,EXIT,debit_spread,23625.15,21.64,1.0,0.0,0.0,1.039,0.114,0.276,5,15,16,3,0,0,0,0,0,high_vol_range,0.0,0,Time exit,261.0,316
2026-03-12T09:30:00+05:30,portfolio_hist,PREMIUM,SKIP,idle,23598.05,22.06,1.0,0.0,0.0,1.039,0.0,1.334,5,9,30,3,0,70,0,70,75,trending,0.0,0,,,
2026-03-12T09:35:00+05:30,portfolio_hist,PREMIUM,SKIP,idle,23588.45,22.13,1.0,0.0,0.0,1.039,0.041,1.314,5,9,35,3,0,70,0,70,75,trending,0.0,0,,,
2026-03-12T09:40:00+05:30,portfolio_hist,PREMIUM,SKIP,idle,23575.7,22.35,1.0,0.0,0.0,1.039,0.095,1.314,5,9,40,3,0,70,0,70,75,trending,0.0,0,,,
2026-03-12T09:45:00+05:30,portfolio_hist,PREMIUM,ENTER,iron_condor,23612.75,22.14,1.0,0.0,0.0,1.039,0.062,0.202,5,9,45,3,0,95,0,95,75,high_vol_range,52.15,75,,,
2026-03-12T10:00:00+05:30,portfolio_hist,TREND,ENTER,debit_spread,23676.75,22.03,1.0,0.0,0.0,1.039,0.333,0.512,5,10,0,3,0,75,0,75,60,high_vol_range,41.01,75,,,
2026-03-12T15:15:00+05:30,portfolio_hist,PREMIUM,EXIT,iron_condor,23630.0,21.61,1.0,0.0,0.0,1.039,0.135,0.276,5,15,15,3,0,0,0,0,0,high_vol_range,0.0,0,Time exit,1107.75,330
2026-03-12T15:16:00+05:30,portfolio_hist,TREND,EXIT,debit_spread,23625.15,21.64,1.0,0.0,0.0,1.039,0.114,0.276,5,15,16,3,0,0,0,0,0,high_vol_range,0.0,0,Time exit,261.0,316
2026-03-12T09:30:00+05:30,portfolio_hist,PREMIUM,SKIP,idle,23598.05,22.06,1.0,0.0,0.0,1.039,0.0,1.334,5,9,30,3,0,70,0,70,75,trending,0.0,0,,,
2026-03-12T09:35:00+05:30,portfolio_hist,PREMIUM,SKIP,idle,23588.45,22.13,1.0,0.0,0.0,1.039,0.041,1.314,5,9,35,3,0,70,0,70,75,trending,0.0,0,,,
2026-03-12T09:40:00+05:30,portfolio_hist,PREMIUM,SKIP,idle,23575.7,22.35,1.0,0.0,0.0,1.039,0.095,1.314,5,9,40,3,0,70,0,70,75,trending,0.0,0,,,
2026-03-12T09:45:00+05:30,portfolio_hist,PREMIUM,ENTER,iron_condor,23612.75,22.14,1.0,0.0,0.0,1.039,0.062,0.202,5,9,45,3,0,95,0,95,75,high_vol_range,52.15,75,,,
2026-03-12T10:00:00+05:30,portfolio_hist,TREND,ENTER,debit_spread,23676.75,22.03,1.0,0.0,0.0,1.039,0.333,0.512,5,10,0,3,0,75,0,75,60,high_vol_range,41.01,75,,,
2026-03-12T15:15:00+05:30,portfolio_hist,PREMIUM,EXIT,iron_condor,23630.0,21.61,1.0,0.0,0.0,1.039,0.135,0.276,5,15,15,3,0,0,0,0,0,high_vol_range,0.0,0,Time exit,1107.75,330
2026-03-12T15:16:00+05:30,portfolio_hist,TREND,EXIT,debit_spread,23625.15,21.64,1.0,0.0,0.0,1.039,0.114,0.276,5,15,16,3,0,0,0,0,0,high_vol_range,0.0,0,Time exit,261.0,316
2026-03-12T09:30:00+05:30,portfolio_hist,PREMIUM,SKIP,idle,23598.05,22.06,1.0,0.0,0.0,1.039,0.0,1.334,5,9,30,3,0,70,0,70,75,trending,0.0,0,,,
2026-03-12T09:35:00+05:30,portfolio_hist,PREMIUM,SKIP,idle,23588.45,22.13,1.0,0.0,0.0,1.039,0.041,1.314,5,9,35,3,0,70,0,70,75,trending,0.0,0,,,
2026-03-12T09:40:00+05:30,portfolio_hist,PREMIUM,SKIP,idle,23575.7,22.35,1.0,0.0,0.0,1.039,0.095,1.314,5,9,40,3,0,70,0,70,75,trending,0.0,0,,,
2026-03-12T09:45:00+05:30,portfolio_hist,PREMIUM,ENTER,iron_condor,23612.75,22.14,1.0,0.0,0.0,1.039,0.062,0.202,5,9,45,3,0,95,0,95,75,high_vol_range,52.15,75,,,
2026-03-12T10:00:00+05:30,portfolio_hist,TREND,ENTER,debit_spread,23676.75,22.03,1.0,0.0,0.0,1.039,0.333,0.512,5,10,0,3,0,75,0,75,60,high_vol_range,41.01,75,,,
2026-03-12T15:15:00+05:30,portfolio_hist,PREMIUM,EXIT,iron_condor,23630.0,21.61,1.0,0.0,0.0,1.039,0.135,0.276,5,15,15,3,0,0,0,0,0,high_vol_range,0.0,0,Time exit,1107.75,330
2026-03-12T15:16:00+05:30,portfolio_hist,TREND,EXIT,debit_spread,23625.15,21.64,1.0,0.0,0.0,1.039,0.114,0.276,5,15,16,3,0,0,0,0,0,high_vol_range,0.0,0,Time exit,261.0,316
2026-03-12T09:30:00+05:30,portfolio_hist,PREMIUM,SKIP,idle,23598.05,22.06,1.0,0.0,0.0,1.039,0.0,1.334,5,9,30,3,0,70,0,70,75,trending,0.0,0,,,
2026-03-12T09:35:00+05:30,portfolio_hist,PREMIUM,SKIP,idle,23588.45,22.13,1.0,0.0,0.0,1.039,0.041,1.314,5,9,35,3,0,70,0,70,75,trending,0.0,0,,,
2026-03-12T09:40:00+05:30,portfolio_hist,PREMIUM,SKIP,idle,23575.7,22.35,1.0,0.0,0.0,1.039,0.095,1.314,5,9,40,3,0,70,0,70,75,trending,0.0,0,,,
2026-03-12T09:45:00+05:30,portfolio_hist,PREMIUM,ENTER,iron_condor,23612.75,22.14,1.0,0.0,0.0,1.039,0.062,0.202,5,9,45,3,0,95,0,95,75,high_vol_range,52.15,75,,,
2026-03-12T10:00:00+05:30,portfolio_hist,TREND,ENTER,debit_spread,23676.75,22.03,1.0,0.0,0.0,1.039,0.333,0.512,5,10,0,3,0,75,0,75,60,high_vol_range,41.01,75,,,
2026-03-12T15:15:00+05:30,portfolio_hist,PREMIUM,EXIT,iron_condor,23630.0,21.61,1.0,0.0,0.0,1.039,0.135,0.276,5,15,15,3,0,0,0,0,0,high_vol_range,0.0,0,Time exit,1107.75,330
2026-03-12T15:16:00+05:30,portfolio_hist,TREND,EXIT,debit_spread,23625.15,21.64,1.0,0.0,0.0,1.039,0.114,0.276,5,15,16,3,0,0,0,0,0,high_vol_range,0.0,0,Time exit,261.0,316
2026-03-12T09:30:00+05:30,portfolio_hist,PREMIUM,SKIP,idle,23598.05,22.06,1.0,0.0,0.0,1.039,0.0,1.334,5,9,30,3,0,70,0,70,75,trending,0.0,0,,,
2026-03-12T09:35:00+05:30,portfolio_hist,PREMIUM,SKIP,idle,23588.45,22.13,1.0,0.0,0.0,1.039,0.041,1.314,5,9,35,3,0,70,0,70,75,trending,0.0,0,,,
2026-03-12T09:40:00+05:30,portfolio_hist,PREMIUM,SKIP,idle,23575.7,22.35,1.0,0.0,0.0,1.039,0.095,1.314,5,9,40,3,0,70,0,70,75,trending,0.0,0,,,
2026-03-12T09:45:00+05:30,portfolio_hist,PREMIUM,ENTER,iron_condor,23612.75,22.14,1.0,0.0,0.0,1.039,0.062,0.202,5,9,45,3,0,95,0,95,75,high_vol_range,52.15,75,,,
2026-03-12T10:00:00+05:30,portfolio_hist,TREND,ENTER,debit_spread,23676.75,22.03,1.0,0.0,0.0,1.039,0.333,0.512,5,10,0,3,0,75,0,75,60,high_vol_range,41.01,75,,,
2026-03-12T15:15:00+05:30,portfolio_hist,PREMIUM,EXIT,iron_condor,23630.0,21.61,1.0,0.0,0.0,1.039,0.135,0.276,5,15,15,3,0,0,0,0,0,high_vol_range,0.0,0,Time exit,1107.75,330
2026-03-12T15:16:00+05:30,portfolio_hist,TREND,EXIT,debit_spread,23625.15,21.64,1.0,0.0,0.0,1.039,0.114,0.276,5,15,16,3,0,0,0,0,0,high_vol_range,0.0,0,Time exit,261.0,316
2026-03-12T09:30:00+05:30,portfolio_hist,PREMIUM,SKIP,idle,23598.05,22.06,1.0,0.0,0.0,1.039,0.0,1.334,5,9,30,3,0,70,0,70,75,trending,0.0,0,,,
2026-03-12T09:35:00+05:30,portfolio_hist,PREMIUM,SKIP,idle,23588.45,22.13,1.0,0.0,0.0,1.039,0.041,1.314,5,9,35,3,0,70,0,70,75,trending,0.0,0,,,
2026-03-12T09:40:00+05:30,portfolio_hist,PREMIUM,SKIP,idle,23575.7,22.35,1.0,0.0,0.0,1.039,0.095,1.314,5,9,40,3,0,70,0,70,75,trending,0.0,0,,,
2026-03-12T09:45:00+05:30,portfolio_hist,PREMIUM,ENTER,iron_condor,23612.75,22.14,1.0,0.0,0.0,1.039,0.062,0.202,5,9,45,3,0,95,0,95,75,high_vol_range,52.15,75,,,
2026-03-12T10:00:00+05:30,portfolio_hist,TREND,ENTER,debit_spread,23676.75,22.03,1.0,0.0,0.0,1.039,0.333,0.512,5,10,0,3,0,75,0,75,60,high_vol_range,41.01,75,,,
2026-03-12T15:15:00+05:30,portfolio_hist,PREMIUM,EXIT,iron_condor,23630.0,21.61,1.0,0.0,0.0,1.039,0.135,0.276,5,15,15,3,0,0,0,0,0,high_vol_range,0.0,0,Time exit,1107.75,330
2026-03-12T15:16:00+05:30,portfolio_hist,TREND,EXIT,debit_spread,23625.15,21.64,1.0,0.0,0.0,1.039,0.114,0.276,5,15,16,3,0,0,0,0,0,high_vol_range,0.0,0,Time exit,261.0,316
2026-03-12T09:30:00+05:30,portfolio_hist,PREMIUM,SKIP,idle,23598.05,22.06,1.0,0.0,0.0,1.039,0.0,1.334,5,9,30,3,0,70,0,70,75,trending,0.0,0,,,
2026-03-12T09:35:00+05:30,portfolio_hist,PREMIUM,SKIP,idle,23588.45,22.13,1.0,0.0,0.0,1.039,0.041,1.314,5,9,35,3,0,70,0,70,75,trending,0.0,0,,,
2026-03-12T09:40:00+05:30,portfolio_hist,PREMIUM,SKIP,idle,23575.7,22.35,1.0,0.0,0.0,1.039,0.095,1.314,5,9,40,3,0,70,0,70,75,trending,0.0,0,,,
2026-03-12T09:45:00+05:30,portfolio_hist,PREMIUM,ENTER,iron_condor,23612.75,22.14,1.0,0.0,0.0,1.039,0.062,0.202,5,9,45,3,0,95,0,95,75,high_vol_range,52.15,75,,,
2026-03-12T10:00:00+05:30,portfolio_hist,TREND,ENTER,debit_spread,23676.75,22.03,1.0,0.0,0.0,1.039,0.333,0.512,5,10,0,3,0,75,0,75,60,high_vol_range,41.01,75,,,
2026-03-12T15:15:00+05:30,portfolio_hist,PREMIUM,EXIT,iron_condor,23630.0,21.61,1.0,0.0,0.0,1.039,0.135,0.276,5,15,15,3,0,0,0,0,0,high_vol_range,0.0,0,Time exit,1107.75,330
2026-03-12T15:16:00+05:30,portfolio_hist,TREND,EXIT,debit_spread,23625.15,21.64,1.0,0.0,0.0,1.039,0.114,0.276,5,15,16,3,0,0,0,0,0,high_vol_range,0.0,0,Time exit,261.0,316
2026-03-12T09:30:00+05:30,portfolio_hist,PREMIUM,SKIP,idle,23598.05,22.06,1.0,0.0,0.0,1.039,0.0,1.334,5,9,30,3,0,70,0,70,75,trending,0.0,0,,,
2026-03-12T09:35:00+05:30,portfolio_hist,PREMIUM,SKIP,idle,23588.45,22.13,1.0,0.0,0.0,1.039,0.041,1.314,5,9,35,3,0,70,0,70,75,trending,0.0,0,,,
2026-03-12T09:40:00+05:30,portfolio_hist,PREMIUM,SKIP,idle,23575.7,22.35,1.0,0.0,0.0,1.039,0.095,1.314,5,9,40,3,0,70,0,70,75,trending,0.0,0,,,
2026-03-12T09:45:00+05:30,portfolio_hist,PREMIUM,ENTER,iron_condor,23612.75,22.14,1.0,0.0,0.0,1.039,0.062,0.202,5,9,45,3,0,95,0,95,75,high_vol_range,52.15,75,,,
2026-03-12T10:00:00+05:30,portfolio_hist,TREND,ENTER,debit_spread,23676.75,22.03,1.0,0.0,0.0,1.039,0.333,0.512,5,10,0,3,0,75,0,75,60,high_vol_range,41.01,75,,,
2026-03-12T15:15:00+05:30,portfolio_hist,PREMIUM,EXIT,iron_condor,23630.0,21.61,1.0,0.0,0.0,1.039,0.135,0.276,5,15,15,3,0,0,0,0,0,high_vol_range,0.0,0,Time exit,1107.75,330
2026-03-12T15:16:00+05:30,portfolio_hist,TREND,EXIT,debit_spread,23625.15,21.64,1.0,0.0,0.0,1.039,0.114,0.276,5,15,16,3,0,0,0,0,0,high_vol_range,0.0,0,Time exit,261.0,316
2026-03-12T09:30:00+05:30,portfolio_hist,PREMIUM,SKIP,idle,23598.05,22.06,1.0,0.0,0.0,1.039,0.0,1.334,5,9,30,3,0,70,0,70,75,trending,0.0,0,,,
2026-03-12T09:35:00+05:30,portfolio_hist,PREMIUM,SKIP,idle,23588.45,22.13,1.0,0.0,0.0,1.039,0.041,1.314,5,9,35,3,0,70,0,70,75,trending,0.0,0,,,
2026-03-12T09:40:00+05:30,portfolio_hist,PREMIUM,SKIP,idle,23575.7,22.35,1.0,0.0,0.0,1.039,0.095,1.314,5,9,40,3,0,70,0,70,75,trending,0.0,0,,,
2026-03-12T09:45:00+05:30,portfolio_hist,PREMIUM,ENTER,iron_condor,23612.75,22.14,1.0,0.0,0.0,1.039,0.062,0.202,5,9,45,3,0,95,0,95,75,high_vol_range,52.15,75,,,
2026-03-12T10:00:00+05:30,portfolio_hist,TREND,ENTER,debit_spread,23676.75,22.03,1.0,0.0,0.0,1.039,0.333,0.512,5,10,0,3,0,75,0,75,60,high_vol_range,41.01,75,,,
2026-03-12T15:15:00+05:30,portfolio_hist,PREMIUM,EXIT,iron_condor,23630.0,21.61,1.0,0.0,0.0,1.039,0.135,0.276,5,15,15,3,0,0,0,0,0,high_vol_range,0.0,0,Time exit,1107.75,330
2026-03-12T15:16:00+05:30,portfolio_hist,TREND,EXIT,debit_spread,23625.15,21.64,1.0,0.0,0.0,1.039,0.114,0.276,5,15,16,3,0,0,0,0,0,high_vol_range,0.0,0,Time exit,261.0,316
2026-03-12T09:30:00+05:30,portfolio_hist,PREMIUM,SKIP,idle,23598.05,22.06,1.0,0.0,0.0,1.039,0.0,1.334,5,9,30,3,0,70,0,70,75,trending,0.0,0,,,
2026-03-12T09:35:00+05:30,portfolio_hist,PREMIUM,SKIP,idle,23588.45,22.13,1.0,0.0,0.0,1.039,0.041,1.314,5,9,35,3,0,70,0,70,75,trending,0.0,0,,,
2026-03-12T09:40:00+05:30,portfolio_hist,PREMIUM,SKIP,idle,23575.7,22.35,1.0,0.0,0.0,1.039,0.095,1.314,5,9,40,3,0,70,0,70,75,trending,0.0,0,,,
2026-03-12T09:45:00+05:30,portfolio_hist,PREMIUM,ENTER,iron_condor,23612.75,22.14,1.0,0.0,0.0,1.039,0.062,0.202,5,9,45,3,0,95,0,95,75,high_vol_range,52.15,75,,,
2026-03-12T10:00:00+05:30,portfolio_hist,TREND,ENTER,debit_spread,23676.75,22.03,1.0,0.0,0.0,1.039,0.333,0.512,5,10,0,3,0,75,0,75,60,high_vol_range,41.01,75,,,
2026-03-12T15:15:00+05:30,portfolio_hist,PREMIUM,EXIT,iron_condor,23630.0,21.61,1.0,0.0,0.0,1.039,0.135,0.276,5,15,15,3,0,0,0,0,0,high_vol_range,0.0,0,Time exit,1107.75,330
2026-03-12T15:16:00+05:30,portfolio_hist,TREND,EXIT,debit_spread,23625.15,21.64,1.0,0.0,0.0,1.039,0.114,0.276,5,15,16,3,0,0,0,0,0,high_vol_range,0.0,0,Time exit,261.0,316
2026-03-12T09:30:00+05:30,portfolio_hist,PREMIUM,SKIP,idle,23598.05,22.06,1.0,0.0,0.0,1.039,0.0,1.334,5,9,30,3,0,70,0,70,75,trending,0.0,0,,,
2026-03-12T09:35:00+05:30,portfolio_hist,PREMIUM,SKIP,idle,23588.45,22.13,1.0,0.0,0.0,1.039,0.041,1.314,5,9,35,3,0,70,0,70,75,trending,0.0,0,,,
2026-03-12T09:40:00+05:30,portfolio_hist,PREMIUM,SKIP,idle,23575.7,22.35,1.0,0.0,0.0,1.039,0.095,1.314,5,9,40,3,0,70,0,70,75,trending,0.0,0,,,
2026-03-12T09:45:00+05:30,portfolio_hist,PREMIUM,ENTER,iron_condor,23612.75,22.14,1.0,0.0,0.0,1.039,0.062,0.202,5,9,45,3,0,95,0,95,75,high_vol_range,52.15,75,,,
2026-03-12T10:00:00+05:30,portfolio_hist,TREND,ENTER,debit_spread,23676.75,22.03,1.0,0.0,0.0,1.039,0.333,0.512,5,10,0,3,0,75,0,75,60,high_vol_range,41.01,75,,,
2026-03-12T15:15:00+05:30,portfolio_hist,PREMIUM,EXIT,iron_condor,23630.0,21.61,1.0,0.0,0.0,1.039,0.135,0.276,5,15,15,3,0,0,0,0,0,high_vol_range,0.0,0,Time exit,1107.75,330
2026-03-12T15:16:00+05:30,portfolio_hist,TREND,EXIT,debit_spread,23625.15,21.64,1.0,0.0,0.0,1.039,0.114,0.276,5,15,16,3,0,0,0,0,0,high_vol_range,0.0,0,Time exit,261.0,316
2026-03-12T09:30:00+05:30,portfolio_hist,PREMIUM,SKIP,idle,23598.05,22.06,1.0,0.0,0.0,1.039,0.0,1.334,5,9,30,3,0,70,0,70,75,trending,0.0,0,,,
2026-03-12T09:35:00+05:30,portfolio_hist,PREMIUM,SKIP,idle,23588.45,22.13,1.0,0.0,0.0,1.039,0.041,1.314,5,9,35,3,0,70,0,70,75,trending,0.0,0,,,
2026-03-12T09:40:00+05:30,portfolio_hist,PREMIUM,SKIP,idle,23575.7,22.35,1.0,0.0,0.0,1.039,0.095,1.314,5,9,40,3,0,70,0,70,75,trending,0.0,0,,,
2026-03-12T09:45:00+05:30,portfolio_hist,PREMIUM,ENTER,iron_condor,23612.75,22.14,1.0,0.0,0.0,1.039,0.062,0.202,5,9,45,3,0,95,0,95,75,high_vol_range,52.15,75,,,
2026-03-12T10:00:00+05:30,portfolio_hist,TREND,ENTER,debit_spread,23676.75,22.03,1.0,0.0,0.0,1.039,0.333,0.512,5,10,0,3,0,75,0,75,60,high_vol_range,41.01,75,,,
2026-03-12T15:15:00+05:30,portfolio_hist,PREMIUM,EXIT,iron_condor,23630.0,21.61,1.0,0.0,0.0,1.039,0.135,0.276,5,15,15,3,0,0,0,0,0,high_vol_range,0.0,0,Time exit,1107.75,330
2026-03-12T15:16:00+05:30,portfolio_hist,TREND,EXIT,debit_spread,23625.15,21.64,1.0,0.0,0.0,1.039,0.114,0.276,5,15,16,3,0,0,0,0,0,high_vol_range,0.0,0,Time exit,261.0,316
2026-03-12T09:30:00+05:30,portfolio_hist,PREMIUM,SKIP,idle,23598.05,22.06,1.0,0.0,0.0,1.039,0.0,1.334,5,9,30,3,0,70,0,70,75,trending,0.0,0,,,
2026-03-12T09:35:00+05:30,portfolio_hist,PREMIUM,SKIP,idle,23588.45,22.13,1.0,0.0,0.0,1.039,0.041,1.314,5,9,35,3,0,70,0,70,75,trending,0.0,0,,,
2026-03-12T09:40:00+05:30,portfolio_hist,PREMIUM,SKIP,idle,23575.7,22.35,1.0,0.0,0.0,1.039,0.095,1.314,5,9,40,3,0,70,0,70,75,trending,0.0,0,,,
2026-03-12T09:45:00+05:30,portfolio_hist,PREMIUM,ENTER,iron_condor,23612.75,22.14,1.0,0.0,0.0,1.039,0.062,0.202,5,9,45,3,0,95,0,95,75,high_vol_range,52.15,75,,,
2026-03-12T10:00:00+05:30,portfolio_hist,TREND,ENTER,debit_spread,23676.75,22.03,1.0,0.0,0.0,1.039,0.333,0.512,5,10,0,3,0,75,0,75,60,high_vol_range,41.01,75,,,
2026-03-12T15:15:00+05:30,portfolio_hist,PREMIUM,EXIT,iron_condor,23630.0,21.61,1.0,0.0,0.0,1.039,0.135,0.276,5,15,15,3,0,0,0,0,0,high_vol_range,0.0,0,Time exit,1107.75,330
2026-03-12T15:16:00+05:30,portfolio_hist,TREND,EXIT,debit_spread,23625.15,21.64,1.0,0.0,0.0,1.039,0.114,0.276,5,15,16,3,0,0,0,0,0,high_vol_range,0.0,0,Time exit,261.0,316
2026-03-12T09:30:00+05:30,portfolio_hist,PREMIUM,SKIP,idle,23598.05,22.06,1.0,0.0,0.0,1.039,0.0,1.334,5,9,30,3,0,70,0,70,75,trending,0.0,0,,,
2026-03-12T09:35:00+05:30,portfolio_hist,PREMIUM,SKIP,idle,23588.45,22.13,1.0,0.0,0.0,1.039,0.041,1.314,5,9,35,3,0,70,0,70,75,trending,0.0,0,,,
2026-03-12T09:40:00+05:30,portfolio_hist,PREMIUM,SKIP,idle,23575.7,22.35,1.0,0.0,0.0,1.039,0.095,1.314,5,9,40,3,0,70,0,70,75,trending,0.0,0,,,
2026-03-12T09:45:00+05:30,portfolio_hist,PREMIUM,ENTER,iron_condor,23612.75,22.14,1.0,0.0,0.0,1.039,0.062,0.202,5,9,45,3,0,95,0,95,75,high_vol_range,52.15,75,,,
2026-03-12T10:00:00+05:30,portfolio_hist,TREND,ENTER,debit_spread,23676.75,22.03,1.0,0.0,0.0,1.039,0.333,0.512,5,10,0,3,0,75,0,75,60,high_vol_range,41.01,75,,,
2026-03-12T10:01:00+05:30,portfolio_hist,TREND,EXIT,debit_spread,23676.1,22.02,1.0,0.0,0.0,1.039,0.33,0.512,5,10,1,3,0,0,0,0,0,high_vol_range,0.0,0,Trend profit: spread at 41.0% of max,3.0,1
2026-03-12T15:15:00+05:30,portfolio_hist,PREMIUM,EXIT,iron_condor,23630.0,21.61,1.0,0.0,0.0,1.039,0.135,0.276,5,15,15,3,0,0,0,0,0,high_vol_range,0.0,0,Time exit,1107.75,330
2026-03-12T09:30:00+05:30,portfolio_hist,PREMIUM,SKIP,idle,23598.05,22.06,1.0,0.0,0.0,1.039,0.0,1.334,5,9,30,3,0,70,0,70,75,trending,0.0,0,,,
2026-03-12T09:35:00+05:30,portfolio_hist,PREMIUM,SKIP,idle,23588.45,22.13,1.0,0.0,0.0,1.039,0.041,1.314,5,9,35,3,0,70,0,70,75,trending,0.0,0,,,
2026-03-12T09:40:00+05:30,portfolio_hist,PREMIUM,SKIP,idle,23575.7,22.35,1.0,0.0,0.0,1.039,0.095,1.314,5,9,40,3,0,70,0,70,75,trending,0.0,0,,,
2026-03-12T09:45:00+05:30,portfolio_hist,PREMIUM,ENTER,iron_condor,23612.75,22.14,1.0,0.0,0.0,1.039,0.062,0.202,5,9,45,3,0,95,0,95,75,high_vol_range,52.15,75,,,
2026-03-12T10:00:00+05:30,portfolio_hist,TREND,ENTER,debit_spread,23676.75,22.03,1.0,0.0,0.0,1.039,0.333,0.512,5,10,0,3,0,75,0,75,60,high_vol_range,41.01,75,,,
2026-03-12T10:01:00+05:30,portfolio_hist,TREND,EXIT,debit_spread,23676.1,22.02,1.0,0.0,0.0,1.039,0.33,0.512,5,10,1,3,0,0,0,0,0,high_vol_range,0.0,0,Trend profit: spread at 41.0% of max,3.0,1
2026-03-12T15:15:00+05:30,portfolio_hist,PREMIUM,EXIT,iron_condor,23630.0,21.61,1.0,0.0,0.0,1.039,0.135,0.276,5,15,15,3,0,0,0,0,0,high_vol_range,0.0,0,Time exit,1107.75,330
2026-03-12T09:30:00+05:30,portfolio_hist,PREMIUM,SKIP,idle,23598.05,22.06,1.0,0.0,0.0,1.039,0.0,1.334,5,9,30,3,0,70,0,70,75,trending,0.0,0,,,
2026-03-12T09:35:00+05:30,portfolio_hist,PREMIUM,SKIP,idle,23588.45,22.13,1.0,0.0,0.0,1.039,0.041,1.314,5,9,35,3,0,70,0,70,75,trending,0.0,0,,,
2026-03-12T09:40:00+05:30,portfolio_hist,PREMIUM,SKIP,idle,23575.7,22.35,1.0,0.0,0.0,1.039,0.095,1.314,5,9,40,3,0,70,0,70,75,trending,0.0,0,,,
2026-03-12T09:45:00+05:30,portfolio_hist,PREMIUM,ENTER,iron_condor,23612.75,22.14,1.0,0.0,0.0,1.039,0.062,0.202,5,9,45,3,0,95,0,95,75,high_vol_range,52.15,75,,,
2026-03-12T10:00:00+05:30,portfolio_hist,TREND,ENTER,debit_spread,23676.75,22.03,1.0,0.0,0.0,1.039,0.333,0.512,5,10,0,3,0,75,0,75,60,high_vol_range,41.01,75,,,
2026-03-12T13:29:00+05:30,portfolio_hist,TREND,EXIT,debit_spread,23764.3,20.98,1.0,0.0,0.0,1.039,0.704,0.344,5,13,29,3,0,0,0,0,0,high_vol_range,0.0,0,Trend stop: lost 15.3%,-471.0,209
2026-03-12T15:15:00+05:30,portfolio_hist,PREMIUM,EXIT,iron_condor,23630.0,21.61,1.0,0.0,0.0,1.039,0.135,0.276,5,15,15,3,0,0,0,0,0,high_vol_range,0.0,0,Time exit,1107.75,330
2026-03-12T09:30:00+05:30,portfolio_hist,PREMIUM,SKIP,idle,23598.05,22.06,1.0,0.0,0.0,1.039,0.0,1.334,5,9,30,3,0,70,0,70,75,trending,0.0,0,,,
2026-03-12T09:35:00+05:30,portfolio_hist,PREMIUM,SKIP,idle,23588.45,22.13,1.0,0.0,0.0,1.039,0.041,1.314,5,9,35,3,0,70,0,70,75,trending,0.0,0,,,
2026-03-12T09:40:00+05:30,portfolio_hist,PREMIUM,SKIP,idle,23575.7,22.35,1.0,0.0,0.0,1.039,0.095,1.314,5,9,40,3,0,70,0,70,75,trending,0.0,0,,,
2026-03-12T09:45:00+05:30,portfolio_hist,PREMIUM,ENTER,iron_condor,23612.75,22.14,1.0,0.0,0.0,1.039,0.062,0.202,5,9,45,3,0,95,0,95,75,high_vol_range,52.15,75,,,
2026-03-12T10:00:00+05:30,portfolio_hist,TREND,ENTER,debit_spread,23676.75,22.03,1.0,0.0,0.0,1.039,0.333,0.512,5,10,0,3,0,75,0,75,60,high_vol_range,41.01,75,,,
2026-03-12T13:29:00+05:30,portfolio_hist,TREND,EXIT,debit_spread,23764.3,20.98,1.0,0.0,0.0,1.039,0.704,0.344,5,13,29,3,0,0,0,0,0,high_vol_range,0.0,0,Trend stop: lost 15.3%,-471.0,209
2026-03-12T15:15:00+05:30,portfolio_hist,PREMIUM,EXIT,iron_condor,23630.0,21.61,1.0,0.0,0.0,1.039,0.135,0.276,5,15,15,3,0,0,0,0,0,high_vol_range,0.0,0,Time exit,1107.75,330
2026-03-12T09:30:00+05:30,portfolio_hist,PREMIUM,SKIP,idle,23598.05,22.06,1.0,0.0,0.0,1.039,0.0,1.334,5,9,30,3,0,70,0,70,75,trending,0.0,0,,,
2026-03-12T09:35:00+05:30,portfolio_hist,PREMIUM,SKIP,idle,23588.45,22.13,1.0,0.0,0.0,1.039,0.041,1.314,5,9,35,3,0,70,0,70,75,trending,0.0,0,,,
2026-03-12T09:40:00+05:30,portfolio_hist,PREMIUM,SKIP,idle,23575.7,22.35,1.0,0.0,0.0,1.039,0.095,1.314,5,9,40,3,0,70,0,70,75,trending,0.0,0,,,
2026-03-12T09:45:00+05:30,portfolio_hist,PREMIUM,ENTER,iron_condor,23612.75,22.14,1.0,0.0,0.0,1.039,0.062,0.202,5,9,45,3,0,95,0,95,75,high_vol_range,52.15,75,,,
2026-03-12T10:00:00+05:30,portfolio_hist,TREND,ENTER,debit_spread,23676.75,22.03,1.0,0.0,0.0,1.039,0.333,0.512,5,10,0,3,0,75,0,75,60,high_vol_range,41.01,75,,,
2026-03-12T13:29:00+05:30,portfolio_hist,TREND,EXIT,debit_spread,23764.3,20.98,1.0,0.0,0.0,1.039,0.704,0.344,5,13,29,3,0,0,0,0,0,high_vol_range,0.0,0,Trend stop: lost 15.3%,-471.0,209
2026-03-12T15:15:00+05:30,portfolio_hist,PREMIUM,EXIT,iron_condor,23630.0,21.61,1.0,0.0,0.0,1.039,0.135,0.276,5,15,15,3,0,0,0,0,0,high_vol_range,0.0,0,Time exit,1107.75,330
2026-03-12T09:30:00+05:30,portfolio_hist,PREMIUM,SKIP,idle,23598.05,22.06,1.0,0.0,0.0,1.039,0.0,1.334,5,9,30,3,0,70,0,70,75,trending,0.0,0,,,
2026-03-12T09:35:00+05:30,portfolio_hist,PREMIUM,SKIP,idle,23588.45,22.13,1.0,0.0,0.0,1.039,0.041,1.314,5,9,35,3,0,70,0,70,75,trending,0.0,0,,,
2026-03-12T09:40:00+05:30,portfolio_hist,PREMIUM,SKIP,idle,23575.7,22.35,1.0,0.0,0.0,1.039,0.095,1.314,5,9,40,3,0,70,0,70,75,trending,0.0,0,,,
2026-03-12T09:45:00+05:30,portfolio_hist,PREMIUM,ENTER,iron_condor,23612.75,22.14,1.0,0.0,0.0,1.039,0.062,0.202,5,9,45,3,0,95,0,95,75,high_vol_range,52.15,75,,,
2026-03-12T10:00:00+05:30,portfolio_hist,TREND,ENTER,debit_spread,23676.75,22.03,1.0,0.0,0.0,1.039,0.333,0.512,5,10,0,3,0,75,0,75,60,high_vol_range,41.01,75,,,
2026-03-12T10:01:00+05:30,portfolio_hist,TREND,EXIT,debit_spread,23676.1,22.02,1.0,0.0,0.0,1.039,0.33,0.512,5,10,1,3,0,0,0,0,0,high_vol_range,0.0,0,Trend profit: spread at 41.0% of max,3.0,1
2026-03-12T15:15:00+05:30,portfolio_hist,PREMIUM,EXIT,iron_condor,23630.0,21.61,1.0,0.0,0.0,1.039,0.135,0.276,5,15,15,3,0,0,0,0,0,high_vol_range,0.0,0,Time exit,1107.75,330
2026-03-12T09:30:00+05:30,portfolio_hist,PREMIUM,SKIP,idle,23598.05,22.06,1.0,0.0,0.0,1.039,0.0,1.334,5,9,30,3,0,70,0,70,75,trending,0.0,0,,,
2026-03-12T09:35:00+05:30,portfolio_hist,PREMIUM,SKIP,idle,23588.45,22.13,1.0,0.0,0.0,1.039,0.041,1.314,5,9,35,3,0,70,0,70,75,trending,0.0,0,,,
2026-03-12T09:40:00+05:30,portfolio_hist,PREMIUM,SKIP,idle,23575.7,22.35,1.0,0.0,0.0,1.039,0.095,1.314,5,9,40,3,0,70,0,70,75,trending,0.0,0,,,
2026-03-12T09:45:00+05:30,portfolio_hist,PREMIUM,ENTER,iron_condor,23612.75,22.14,1.0,0.0,0.0,1.039,0.062,0.202,5,9,45,3,0,95,0,95,75,high_vol_range,52.15,75,,,
2026-03-12T10:00:00+05:30,portfolio_hist,TREND,ENTER,debit_spread,23676.75,22.03,1.0,0.0,0.0,1.039,0.333,0.512,5,10,0,3,0,75,0,75,60,high_vol_range,41.01,75,,,
2026-03-12T10:01:00+05:30,portfolio_hist,TREND,EXIT,debit_spread,23676.1,22.02,1.0,0.0,0.0,1.039,0.33,0.512,5,10,1,3,0,0,0,0,0,high_vol_range,0.0,0,Trend profit: spread at 41.0% of max,3.0,1
2026-03-12T15:15:00+05:30,portfolio_hist,PREMIUM,EXIT,iron_condor,23630.0,21.61,1.0,0.0,0.0,1.039,0.135,0.276,5,15,15,3,0,0,0,0,0,high_vol_range,0.0,0,Time exit,1107.75,330
2026-03-12T09:30:00+05:30,portfolio_hist,PREMIUM,SKIP,idle,23598.05,22.06,1.0,0.0,0.0,1.039,0.0,1.334,5,9,30,3,0,70,0,70,75,trending,0.0,0,,,
2026-03-12T09:35:00+05:30,portfolio_hist,PREMIUM,SKIP,idle,23588.45,22.13,1.0,0.0,0.0,1.039,0.041,1.314,5,9,35,3,0,70,0,70,75,trending,0.0,0,,,
2026-03-12T09:40:00+05:30,portfolio_hist,PREMIUM,SKIP,idle,23575.7,22.35,1.0,0.0,0.0,1.039,0.095,1.314,5,9,40,3,0,70,0,70,75,trending,0.0,0,,,
2026-03-12T09:45:00+05:30,portfolio_hist,PREMIUM,ENTER,iron_condor,23612.75,22.14,1.0,0.0,0.0,1.039,0.062,0.202,5,9,45,3,0,95,0,95,75,high_vol_range,52.15,75,,,
2026-03-12T10:00:00+05:30,portfolio_hist,TREND,ENTER,debit_spread,23676.75,22.03,1.0,0.0,0.0,1.039,0.333,0.512,5,10,0,3,0,75,0,75,60,high_vol_range,41.01,75,,,
2026-03-12T13:33:00+05:30,portfolio_hist,TREND,EXIT,debit_spread,23810.8,20.89,1.0,0.0,0.0,1.039,0.901,0.445,5,13,33,3,0,0,0,0,0,high_vol_range,0.0,0,Trend stop: lost 22.3%,-684.75,213
2026-03-12T15:15:00+05:30,portfolio_hist,PREMIUM,EXIT,iron_condor,23630.0,21.61,1.0,0.0,0.0,1.039,0.135,0.276,5,15,15,3,0,0,0,0,0,high_vol_range,0.0,0,Time exit,1107.75,330
2026-03-12T09:30:00+05:30,portfolio_hist,PREMIUM,SKIP,idle,23598.05,22.06,1.0,0.0,0.0,1.039,0.0,1.334,5,9,30,3,0,70,0,70,75,trending,0.0,0,,,
2026-03-12T09:35:00+05:30,portfolio_hist,PREMIUM,SKIP,idle,23588.45,22.13,1.0,0.0,0.0,1.039,0.041,1.314,5,9,35,3,0,70,0,70,75,trending,0.0,0,,,
2026-03-12T09:40:00+05:30,portfolio_hist,PREMIUM,SKIP,idle,23575.7,22.35,1.0,0.0,0.0,1.039,0.095,1.314,5,9,40,3,0,70,0,70,75,trending,0.0,0,,,
2026-03-12T09:45:00+05:30,portfolio_hist,PREMIUM,ENTER,iron_condor,23612.75,22.14,1.0,0.0,0.0,1.039,0.062,0.202,5,9,45,3,0,95,0,95,75,high_vol_range,52.15,75,,,
2026-03-12T10:00:00+05:30,portfolio_hist,TREND,ENTER,debit_spread,23676.75,22.03,1.0,0.0,0.0,1.039,0.333,0.512,5,10,0,3,0,75,0,75,60,high_vol_range,41.01,75,,,
2026-03-12T13:33:00+05:30,portfolio_hist,TREND,EXIT,debit_spread,23810.8,20.89,1.0,0.0,0.0,1.039,0.901,0.445,5,13,33,3,0,0,0,0,0,high_vol_range,0.0,0,Trend stop: lost 22.3%,-684.75,213
2026-03-12T15:15:00+05:30,portfolio_hist,PREMIUM,EXIT,iron_condor,23630.0,21.61,1.0,0.0,0.0,1.039,0.135,0.276,5,15,15,3,0,0,0,0,0,high_vol_range,0.0,0,Time exit,1107.75,330
2026-03-12T09:30:00+05:30,portfolio_hist,PREMIUM,SKIP,idle,23598.05,22.06,1.0,0.0,0.0,1.039,0.0,1.334,5,9,30,3,0,70,0,70,75,trending,0.0,0,,,
2026-03-12T09:35:00+05:30,portfolio_hist,PREMIUM,SKIP,idle,23588.45,22.13,1.0,0.0,0.0,1.039,0.041,1.314,5,9,35,3,0,70,0,70,75,trending,0.0,0,,,
2026-03-12T09:40:00+05:30,portfolio_hist,PREMIUM,SKIP,idle,23575.7,22.35,1.0,0.0,0.0,1.039,0.095,1.314,5,9,40,3,0,70,0,70,75,trending,0.0,0,,,
2026-03-12T09:45:00+05:30,portfolio_hist,PREMIUM,ENTER,iron_condor,23612.75,22.14,1.0,0.0,0.0,1.039,0.062,0.202,5,9,45,3,0,95,0,95,75,high_vol_range,52.15,75,,,
2026-03-12T10:00:00+05:30,portfolio_hist,TREND,ENTER,debit_spread,23676.75,22.03,1.0,0.0,0.0,1.039,0.333,0.512,5,10,0,3,0,75,0,75,60,high_vol_range,41.01,75,,,
2026-03-12T13:33:00+05:30,portfolio_hist,TREND,EXIT,debit_spread,23810.8,20.89,1.0,0.0,0.0,1.039,0.901,0.445,5,13,33,3,0,0,0,0,0,high_vol_range,0.0,0,Trend stop: lost 22.3%,-684.75,213
2026-03-12T15:15:00+05:30,portfolio_hist,PREMIUM,EXIT,iron_condor,23630.0,21.61,1.0,0.0,0.0,1.039,0.135,0.276,5,15,15,3,0,0,0,0,0,high_vol_range,0.0,0,Time exit,1107.75,330
2026-03-12T09:30:00+05:30,portfolio_hist,PREMIUM,SKIP,idle,23598.05,22.06,1.0,0.0,0.0,1.039,0.0,1.334,5,9,30,3,0,70,0,70,75,trending,0.0,0,,,
2026-03-12T09:35:00+05:30,portfolio_hist,PREMIUM,SKIP,idle,23588.45,22.13,1.0,0.0,0.0,1.039,0.041,1.314,5,9,35,3,0,70,0,70,75,trending,0.0,0,,,
2026-03-12T09:40:00+05:30,portfolio_hist,PREMIUM,SKIP,idle,23575.7,22.35,1.0,0.0,0.0,1.039,0.095,1.314,5,9,40,3,0,70,0,70,75,trending,0.0,0,,,
2026-03-12T09:45:00+05:30,portfolio_hist,PREMIUM,ENTER,iron_condor,23612.75,22.14,1.0,0.0,0.0,1.039,0.062,0.202,5,9,45,3,0,95,0,95,75,high_vol_range,52.15,75,,,
2026-03-12T10:00:00+05:30,portfolio_hist,TREND,ENTER,debit_spread,23676.75,22.03,1.0,0.0,0.0,1.039,0.333,0.512,5,10,0,3,0,75,0,75,60,high_vol_range,41.01,75,,,
2026-03-12T10:01:00+05:30,portfolio_hist,TREND,EXIT,debit_spread,23676.1,22.02,1.0,0.0,0.0,1.039,0.33,0.512,5,10,1,3,0,0,0,0,0,high_vol_range,0.0,0,Trend profit: spread at 41.0% of max,3.0,1
2026-03-12T15:15:00+05:30,portfolio_hist,PREMIUM,EXIT,iron_condor,23630.0,21.61,1.0,0.0,0.0,1.039,0.135,0.276,5,15,15,3,0,0,0,0,0,high_vol_range,0.0,0,Time exit,1107.75,330
2026-03-12T09:30:00+05:30,portfolio_hist,PREMIUM,SKIP,idle,23598.05,22.06,1.0,0.0,0.0,1.039,0.0,1.334,5,9,30,3,0,70,0,70,75,trending,0.0,0,,,
2026-03-12T09:35:00+05:30,portfolio_hist,PREMIUM,SKIP,idle,23588.45,22.13,1.0,0.0,0.0,1.039,0.041,1.314,5,9,35,3,0,70,0,70,75,trending,0.0,0,,,
2026-03-12T09:40:00+05:30,portfolio_hist,PREMIUM,SKIP,idle,23575.7,22.35,1.0,0.0,0.0,1.039,0.095,1.314,5,9,40,3,0,70,0,70,75,trending,0.0,0,,,
2026-03-12T09:45:00+05:30,portfolio_hist,PREMIUM,ENTER,iron_condor,23612.75,22.14,1.0,0.0,0.0,1.039,0.062,0.202,5,9,45,3,0,95,0,95,75,high_vol_range,52.15,75,,,
2026-03-12T10:00:00+05:30,portfolio_hist,TREND,ENTER,debit_spread,23676.75,22.03,1.0,0.0,0.0,1.039,0.333,0.512,5,10,0,3,0,75,0,75,60,high_vol_range,41.01,75,,,
2026-03-12T10:01:00+05:30,portfolio_hist,TREND,EXIT,debit_spread,23676.1,22.02,1.0,0.0,0.0,1.039,0.33,0.512,5,10,1,3,0,0,0,0,0,high_vol_range,0.0,0,Trend profit: spread at 41.0% of max,3.0,1
2026-03-12T15:15:00+05:30,portfolio_hist,PREMIUM,EXIT,iron_condor,23630.0,21.61,1.0,0.0,0.0,1.039,0.135,0.276,5,15,15,3,0,0,0,0,0,high_vol_range,0.0,0,Time exit,1107.75,330
2026-03-12T09:30:00+05:30,portfolio_hist,PREMIUM,SKIP,idle,23598.05,22.06,1.0,0.0,0.0,1.039,0.0,1.334,5,9,30,3,0,70,0,70,75,trending,0.0,0,,,
2026-03-12T09:35:00+05:30,portfolio_hist,PREMIUM,SKIP,idle,23588.45,22.13,1.0,0.0,0.0,1.039,0.041,1.314,5,9,35,3,0,70,0,70,75,trending,0.0,0,,,
2026-03-12T09:40:00+05:30,portfolio_hist,PREMIUM,SKIP,idle,23575.7,22.35,1.0,0.0,0.0,1.039,0.095,1.314,5,9,40,3,0,70,0,70,75,trending,0.0,0,,,
2026-03-12T09:45:00+05:30,portfolio_hist,PREMIUM,ENTER,iron_condor,23612.75,22.14,1.0,0.0,0.0,1.039,0.062,0.202,5,9,45,3,0,95,0,95,75,high_vol_range,52.15,75,,,
2026-03-12T10:00:00+05:30,portfolio_hist,TREND,ENTER,debit_spread,23676.75,22.03,1.0,0.0,0.0,1.039,0.333,0.512,5,10,0,3,0,75,0,75,60,high_vol_range,41.01,75,,,
2026-03-12T15:15:00+05:30,portfolio_hist,PREMIUM,EXIT,iron_condor,23630.0,21.61,1.0,0.0,0.0,1.039,0.135,0.276,5,15,15,3,0,0,0,0,0,high_vol_range,0.0,0,Time exit,1107.75,330
2026-03-12T15:16:00+05:30,portfolio_hist,TREND,EXIT,debit_spread,23625.15,21.64,1.0,0.0,0.0,1.039,0.114,0.276,5,15,16,3,0,0,0,0,0,high_vol_range,0.0,0,Time exit,261.0,316
2026-03-12T09:30:00+05:30,portfolio_hist,PREMIUM,SKIP,idle,23598.05,22.06,1.0,0.0,0.0,1.039,0.0,1.334,5,9,30,3,0,70,0,70,75,trending,0.0,0,,,
2026-03-12T09:35:00+05:30,portfolio_hist,PREMIUM,SKIP,idle,23588.45,22.13,1.0,0.0,0.0,1.039,0.041,1.314,5,9,35,3,0,70,0,70,75,trending,0.0,0,,,
2026-03-12T09:40:00+05:30,portfolio_hist,PREMIUM,SKIP,idle,23575.7,22.35,1.0,0.0,0.0,1.039,0.095,1.314,5,9,40,3,0,70,0,70,75,trending,0.0,0,,,
2026-03-12T09:45:00+05:30,portfolio_hist,PREMIUM,ENTER,iron_condor,23612.75,22.14,1.0,0.0,0.0,1.039,0.062,0.202,5,9,45,3,0,95,0,95,75,high_vol_range,52.15,75,,,
2026-03-12T10:00:00+05:30,portfolio_hist,TREND,ENTER,debit_spread,23676.75,22.03,1.0,0.0,0.0,1.039,0.333,0.512,5,10,0,3,0,75,0,75,60,high_vol_range,41.01,75,,,
2026-03-12T15:15:00+05:30,portfolio_hist,PREMIUM,EXIT,iron_condor,23630.0,21.61,1.0,0.0,0.0,1.039,0.135,0.276,5,15,15,3,0,0,0,0,0,high_vol_range,0.0,0,Time exit,1107.75,330
2026-03-12T15:16:00+05:30,portfolio_hist,TREND,EXIT,debit_spread,23625.15,21.64,1.0,0.0,0.0,1.039,0.114,0.276,5,15,16,3,0,0,0,0,0,high_vol_range,0.0,0,Time exit,261.0,316
2026-03-12T09:30:00+05:30,portfolio_hist,PREMIUM,SKIP,idle,23598.05,22.06,1.0,0.0,0.0,1.039,0.0,1.334,5,9,30,3,0,70,0,70,75,trending,0.0,0,,,
2026-03-12T09:35:00+05:30,portfolio_hist,PREMIUM,SKIP,idle,23588.45,22.13,1.0,0.0,0.0,1.039,0.041,1.314,5,9,35,3,0,70,0,70,75,trending,0.0,0,,,
2026-03-12T09:40:00+05:30,portfolio_hist,PREMIUM,SKIP,idle,23575.7,22.35,1.0,0.0,0.0,1.039,0.095,1.314,5,9,40,3,0,70,0,70,75,trending,0.0,0,,,
2026-03-12T09:45:00+05:30,portfolio_hist,PREMIUM,ENTER,iron_condor,23612.75,22.14,1.0,0.0,0.0,1.039,0.062,0.202,5,9,45,3,0,95,0,95,75,high_vol_range,52.15,75,,,
2026-03-12T10:00:00+05:30,portfolio_hist,TREND,ENTER,debit_spread,23676.75,22.03,1.0,0.0,0.0,1.039,0.333,0.512,5,10,0,3,0,75,0,75,60,high_vol_range,41.01,75,,,
2026-03-12T15:15:00+05:30,portfolio_hist,PREMIUM,EXIT,iron_condor,23630.0,21.61,1.0,0.0,0.0,1.039,0.135,0.276,5,15,15,3,0,0,0,0,0,high_vol_range,0.0,0,Time exit,1107.75,330
2026-03-12T15:16:00+05:30,portfolio_hist,TREND,EXIT,debit_spread,23625.15,21.64,1.0,0.0,0.0,1.039,0.114,0.276,5,15,16,3,0,0,0,0,0,high_vol_range,0.0,0,Time exit,261.0,316
2026-03-12T09:30:00+05:30,portfolio_hist,PREMIUM,SKIP,idle,23598.05,22.06,1.0,0.0,0.0,1.039,0.0,1.334,5,9,30,3,0,70,0,70,75,trending,0.0,0,,,
2026-03-12T09:35:00+05:30,portfolio_hist,PREMIUM,SKIP,idle,23588.45,22.13,1.0,0.0,0.0,1.039,0.041,1.314,5,9,35,3,0,70,0,70,75,trending,0.0,0,,,
2026-03-12T09:40:00+05:30,portfolio_hist,PREMIUM,SKIP,idle,23575.7,22.35,1.0,0.0,0.0,1.039,0.095,1.314,5,9,40,3,0,70,0,70,75,trending,0.0,0,,,
2026-03-12T09:45:00+05:30,portfolio_hist,PREMIUM,ENTER,iron_condor,23612.75,22.14,1.0,0.0,0.0,1.039,0.062,0.202,5,9,45,3,0,95,0,95,75,high_vol_range,52.15,75,,,
2026-03-12T10:00:00+05:30,portfolio_hist,TREND,ENTER,debit_spread,23676.75,22.03,1.0,0.0,0.0,1.039,0.333,0.512,5,10,0,3,0,75,0,75,60,high_vol_range,41.01,75,,,
2026-03-12T10:01:00+05:30,portfolio_hist,TREND,EXIT,debit_spread,23676.1,22.02,1.0,0.0,0.0,1.039,0.33,0.512,5,10,1,3,0,0,0,0,0,high_vol_range,0.0,0,Trend profit: spread at 41.0% of max,3.0,1
2026-03-12T15:15:00+05:30,portfolio_hist,PREMIUM,EXIT,iron_condor,23630.0,21.61,1.0,0.0,0.0,1.039,0.135,0.276,5,15,15,3,0,0,0,0,0,high_vol_range,0.0,0,Time exit,1107.75,330
2026-03-12T09:30:00+05:30,portfolio_hist,PREMIUM,SKIP,idle,23598.05,22.06,1.0,0.0,0.0,1.039,0.0,1.334,5,9,30,3,0,70,0,70,75,trending,0.0,0,,,
2026-03-12T09:35:00+05:30,portfolio_hist,PREMIUM,SKIP,idle,23588.45,22.13,1.0,0.0,0.0,1.039,0.041,1.314,5,9,35,3,0,70,0,70,75,trending,0.0,0,,,
2026-03-12T09:40:00+05:30,portfolio_hist,PREMIUM,SKIP,idle,23575.7,22.35,1.0,0.0,0.0,1.039,0.095,1.314,5,9,40,3,0,70,0,70,75,trending,0.0,0,,,
2026-03-12T09:45:00+05:30,portfolio_hist,PREMIUM,ENTER,iron_condor,23612.75,22.14,1.0,0.0,0.0,1.039,0.062,0.202,5,9,45,3,0,95,0,95,75,high_vol_range,52.15,75,,,
2026-03-12T10:00:00+05:30,portfolio_hist,TREND,ENTER,debit_spread,23676.75,22.03,1.0,0.0,0.0,1.039,0.333,0.512,5,10,0,3,0,75,0,75,60,high_vol_range,41.01,75,,,
2026-03-12T10:01:00+05:30,portfolio_hist,TREND,EXIT,debit_spread,23676.1,22.02,1.0,0.0,0.0,1.039,0.33,0.512,5,10,1,3,0,0,0,0,0,high_vol_range,0.0,0,Trend profit: spread at 41.0% of max,3.0,1
2026-03-12T15:15:00+05:30,portfolio_hist,PREMIUM,EXIT,iron_condor,23630.0,21.61,1.0,0.0,0.0,1.039,0.135,0.276,5,15,15,3,0,0,0,0,0,high_vol_range,0.0,0,Time exit,1107.75,330
2026-03-12T09:30:00+05:30,portfolio_hist,PREMIUM,SKIP,idle,23598.05,22.06,1.0,0.0,0.0,1.039,0.0,1.334,5,9,30,3,0,70,0,70,75,trending,0.0,0,,,
2026-03-12T09:35:00+05:30,portfolio_hist,PREMIUM,SKIP,idle,23588.45,22.13,1.0,0.0,0.0,1.039,0.041,1.314,5,9,35,3,0,70,0,70,75,trending,0.0,0,,,
2026-03-12T09:40:00+05:30,portfolio_hist,PREMIUM,SKIP,idle,23575.7,22.35,1.0,0.0,0.0,1.039,0.095,1.314,5,9,40,3,0,70,0,70,75,trending,0.0,0,,,
2026-03-12T09:45:00+05:30,portfolio_hist,PREMIUM,ENTER,iron_condor,23612.75,22.14,1.0,0.0,0.0,1.039,0.062,0.202,5,9,45,3,0,95,0,95,75,high_vol_range,52.15,75,,,
2026-03-12T10:00:00+05:30,portfolio_hist,TREND,ENTER,debit_spread,23676.75,22.03,1.0,0.0,0.0,1.039,0.333,0.512,5,10,0,3,0,75,0,75,60,high_vol_range,41.01,75,,,
2026-03-12T15:15:00+05:30,portfolio_hist,PREMIUM,EXIT,iron_condor,23630.0,21.61,1.0,0.0,0.0,1.039,0.135,0.276,5,15,15,3,0,0,0,0,0,high_vol_range,0.0,0,Time exit,1107.75,330
2026-03-12T15:16:00+05:30,portfolio_hist,TREND,EXIT,debit_spread,23625.15,21.64,1.0,0.0,0.0,1.039,0.114,0.276,5,15,16,3,0,0,0,0,0,high_vol_range,0.0,0,Time exit,261.0,316
2026-03-12T09:30:00+05:30,portfolio_hist,PREMIUM,SKIP,idle,23598.05,22.06,1.0,0.0,0.0,1.039,0.0,1.334,5,9,30,3,0,70,0,70,75,trending,0.0,0,,,
2026-03-12T09:35:00+05:30,portfolio_hist,PREMIUM,SKIP,idle,23588.45,22.13,1.0,0.0,0.0,1.039,0.041,1.314,5,9,35,3,0,70,0,70,75,trending,0.0,0,,,
2026-03-12T09:40:00+05:30,portfolio_hist,PREMIUM,SKIP,idle,23575.7,22.35,1.0,0.0,0.0,1.039,0.095,1.314,5,9,40,3,0,70,0,70,75,trending,0.0,0,,,
2026-03-12T09:45:00+05:30,portfolio_hist,PREMIUM,ENTER,iron_condor,23612.75,22.14,1.0,0.0,0.0,1.039,0.062,0.202,5,9,45,3,0,95,0,95,75,high_vol_range,52.15,75,,,
2026-03-12T10:00:00+05:30,portfolio_hist,TREND,ENTER,debit_spread,23676.75,22.03,1.0,0.0,0.0,1.039,0.333,0.512,5,10,0,3,0,75,0,75,60,high_vol_range,41.01,75,,,
2026-03-12T15:15:00+05:30,portfolio_hist,PREMIUM,EXIT,iron_condor,23630.0,21.61,1.0,0.0,0.0,1.039,0.135,0.276,5,15,15,3,0,0,0,0,0,high_vol_range,0.0,0,Time exit,1107.75,330
2026-03-12T15:16:00+05:30,portfolio_hist,TREND,EXIT,debit_spread,23625.15,21.64,1.0,0.0,0.0,1.039,0.114,0.276,5,15,16,3,0,0,0,0,0,high_vol_range,0.0,0,Time exit,261.0,316
2026-03-12T09:30:00+05:30,portfolio_hist,PREMIUM,SKIP,idle,23598.05,22.06,1.0,0.0,0.0,1.039,0.0,1.334,5,9,30,3,0,70,0,70,75,trending,0.0,0,,,
2026-03-12T09:35:00+05:30,portfolio_hist,PREMIUM,SKIP,idle,23588.45,22.13,1.0,0.0,0.0,1.039,0.041,1.314,5,9,35,3,0,70,0,70,75,trending,0.0,0,,,
2026-03-12T09:40:00+05:30,portfolio_hist,PREMIUM,SKIP,idle,23575.7,22.35,1.0,0.0,0.0,1.039,0.095,1.314,5,9,40,3,0,70,0,70,75,trending,0.0,0,,,
2026-03-12T09:45:00+05:30,portfolio_hist,PREMIUM,ENTER,iron_condor,23612.75,22.14,1.0,0.0,0.0,1.039,0.062,0.202,5,9,45,3,0,95,0,95,75,high_vol_range,52.15,75,,,
2026-03-12T10:00:00+05:30,portfolio_hist,TREND,ENTER,debit_spread,23676.75,22.03,1.0,0.0,0.0,1.039,0.333,0.512,5,10,0,3,0,75,0,75,60,high_vol_range,41.01,75,,,
2026-03-12T15:15:00+05:30,portfolio_hist,PREMIUM,EXIT,iron_condor,23630.0,21.61,1.0,0.0,0.0,1.039,0.135,0.276,5,15,15,3,0,0,0,0,0,high_vol_range,0.0,0,Time exit,1107.75,330
2026-03-12T15:16:00+05:30,portfolio_hist,TREND,EXIT,debit_spread,23625.15,21.64,1.0,0.0,0.0,1.039,0.114,0.276,5,15,16,3,0,0,0,0,0,high_vol_range,0.0,0,Time exit,261.0,316
2026-03-12T09:30:00+05:30,portfolio_hist,PREMIUM,SKIP,idle,23598.05,22.06,1.0,0.0,0.0,1.039,0.0,1.334,5,9,30,3,0,70,0,70,75,trending,0.0,0,,,
2026-03-12T09:35:00+05:30,portfolio_hist,PREMIUM,SKIP,idle,23588.45,22.13,1.0,0.0,0.0,1.039,0.041,1.314,5,9,35,3,0,70,0,70,75,trending,0.0,0,,,
2026-03-12T09:40:00+05:30,portfolio_hist,PREMIUM,SKIP,idle,23575.7,22.35,1.0,0.0,0.0,1.039,0.095,1.314,5,9,40,3,0,70,0,70,75,trending,0.0,0,,,
2026-03-12T09:45:00+05:30,portfolio_hist,PREMIUM,ENTER,iron_condor,23612.75,22.14,1.0,0.0,0.0,1.039,0.062,0.202,5,9,45,3,0,95,0,95,75,high_vol_range,52.15,75,,,
2026-03-12T10:00:00+05:30,portfolio_hist,TREND,ENTER,debit_spread,23676.75,22.03,1.0,0.0,0.0,1.039,0.333,0.512,5,10,0,3,0,75,0,75,60,high_vol_range,41.01,75,,,
2026-03-12T10:01:00+05:30,portfolio_hist,TREND,EXIT,debit_spread,23676.1,22.02,1.0,0.0,0.0,1.039,0.33,0.512,5,10,1,3,0,0,0,0,0,high_vol_range,0.0,0,Trend profit: spread at 41.0% of max,3.0,1
2026-03-12T15:15:00+05:30,portfolio_hist,PREMIUM,EXIT,iron_condor,23630.0,21.61,1.0,0.0,0.0,1.039,0.135,0.276,5,15,15,3,0,0,0,0,0,high_vol_range,0.0,0,Time exit,1107.75,330
2026-03-12T09:30:00+05:30,portfolio_hist,PREMIUM,SKIP,idle,23598.05,22.06,1.0,0.0,0.0,1.039,0.0,1.334,5,9,30,3,0,70,0,70,75,trending,0.0,0,,,
2026-03-12T09:35:00+05:30,portfolio_hist,PREMIUM,SKIP,idle,23588.45,22.13,1.0,0.0,0.0,1.039,0.041,1.314,5,9,35,3,0,70,0,70,75,trending,0.0,0,,,
2026-03-12T09:40:00+05:30,portfolio_hist,PREMIUM,SKIP,idle,23575.7,22.35,1.0,0.0,0.0,1.039,0.095,1.314,5,9,40,3,0,70,0,70,75,trending,0.0,0,,,
2026-03-12T09:45:00+05:30,portfolio_hist,PREMIUM,ENTER,iron_condor,23612.75,22.14,1.0,0.0,0.0,1.039,0.062,0.202,5,9,45,3,0,95,0,95,75,high_vol_range,52.15,75,,,
2026-03-12T10:00:00+05:30,portfolio_hist,TREND,ENTER,debit_spread,23676.75,22.03,1.0,0.0,0.0,1.039,0.333,0.512,5,10,0,3,0,75,0,75,60,high_vol_range,41.01,75,,,
2026-03-12T10:01:00+05:30,portfolio_hist,TREND,EXIT,debit_spread,23676.1,22.02,1.0,0.0,0.0,1.039,0.33,0.512,5,10,1,3,0,0,0,0,0,high_vol_range,0.0,0,Trend profit: spread at 41.0% of max,3.0,1
2026-03-12T15:15:00+05:30,portfolio_hist,PREMIUM,EXIT,iron_condor,23630.0,21.61,1.0,0.0,0.0,1.039,0.135,0.276,5,15,15,3,0,0,0,0,0,high_vol_range,0.0,0,Time exit,1107.75,330
2026-03-12T09:30:00+05:30,portfolio_hist,PREMIUM,SKIP,idle,23598.05,22.06,1.0,0.0,0.0,1.039,0.0,1.334,5,9,30,3,0,70,0,70,75,trending,0.0,0,,,
2026-03-12T09:35:00+05:30,portfolio_hist,PREMIUM,SKIP,idle,23588.45,22.13,1.0,0.0,0.0,1.039,0.041,1.314,5,9,35,3,0,70,0,70,75,trending,0.0,0,,,
2026-03-12T09:40:00+05:30,portfolio_hist,PREMIUM,SKIP,idle,23575.7,22.35,1.0,0.0,0.0,1.039,0.095,1.314,5,9,40,3,0,70,0,70,75,trending,0.0,0,,,
2026-03-12T09:45:00+05:30,portfolio_hist,PREMIUM,ENTER,iron_condor,23612.75,22.14,1.0,0.0,0.0,1.039,0.062,0.202,5,9,45,3,0,95,0,95,75,high_vol_range,52.15,75,,,
2026-03-12T10:00:00+05:30,portfolio_hist,TREND,ENTER,debit_spread,23676.75,22.03,1.0,0.0,0.0,1.039,0.333,0.512,5,10,0,3,0,75,0,75,60,high_vol_range,41.01,75,,,
2026-03-12T15:15:00+05:30,portfolio_hist,PREMIUM,EXIT,iron_condor,23630.0,21.61,1.0,0.0,0.0,1.039,0.135,0.276,5,15,15,3,0,0,0,0,0,high_vol_range,0.0,0,Time exit,1107.75,330
2026-03-12T15:16:00+05:30,portfolio_hist,TREND,EXIT,debit_spread,23625.15,21.64,1.0,0.0,0.0,1.039,0.114,0.276,5,15,16,3,0,0,0,0,0,high_vol_range,0.0,0,Time exit,261.0,316
2026-03-12T09:30:00+05:30,portfolio_hist,PREMIUM,SKIP,idle,23598.05,22.06,1.0,0.0,0.0,1.039,0.0,1.334,5,9,30,3,0,70,0,70,75,trending,0.0,0,,,
2026-03-12T09:35:00+05:30,portfolio_hist,PREMIUM,SKIP,idle,23588.45,22.13,1.0,0.0,0.0,1.039,0.041,1.314,5,9,35,3,0,70,0,70,75,trending,0.0,0,,,
2026-03-12T09:40:00+05:30,portfolio_hist,PREMIUM,SKIP,idle,23575.7,22.35,1.0,0.0,0.0,1.039,0.095,1.314,5,9,40,3,0,70,0,70,75,trending,0.0,0,,,
2026-03-12T09:45:00+05:30,portfolio_hist,PREMIUM,ENTER,iron_condor,23612.75,22.14,1.0,0.0,0.0,1.039,0.062,0.202,5,9,45,3,0,95,0,95,75,high_vol_range,52.15,75,,,
2026-03-12T10:00:00+05:30,portfolio_hist,TREND,ENTER,debit_spread,23676.75,22.03,1.0,0.0,0.0,1.039,0.333,0.512,5,10,0,3,0,75,0,75,60,high_vol_range,41.01,75,,,
2026-03-12T15:15:00+05:30,portfolio_hist,PREMIUM,EXIT,iron_condor,23630.0,21.61,1.0,0.0,0.0,1.039,0.135,0.276,5,15,15,3,0,0,0,0,0,high_vol_range,0.0,0,Time exit,1107.75,330
2026-03-12T15:16:00+05:30,portfolio_hist,TREND,EXIT,debit_spread,23625.15,21.64,1.0,0.0,0.0,1.039,0.114,0.276,5,15,16,3,0,0,0,0,0,high_vol_range,0.0,0,Time exit,261.0,316
2026-03-12T09:30:00+05:30,portfolio_hist,PREMIUM,SKIP,idle,23598.05,22.06,1.0,0.0,0.0,1.039,0.0,1.334,5,9,30,3,0,70,0,70,75,trending,0.0,0,,,
2026-03-12T09:35:00+05:30,portfolio_hist,PREMIUM,SKIP,idle,23588.45,22.13,1.0,0.0,0.0,1.039,0.041,1.314,5,9,35,3,0,70,0,70,75,trending,0.0,0,,,
2026-03-12T09:40:00+05:30,portfolio_hist,PREMIUM,SKIP,idle,23575.7,22.35,1.0,0.0,0.0,1.039,0.095,1.314,5,9,40,3,0,70,0,70,75,trending,0.0,0,,,
2026-03-12T09:45:00+05:30,portfolio_hist,PREMIUM,ENTER,iron_condor,23612.75,22.14,1.0,0.0,0.0,1.039,0.062,0.202,5,9,45,3,0,95,0,95,75,high_vol_range,52.15,75,,,
2026-03-12T10:00:00+05:30,portfolio_hist,TREND,ENTER,debit_spread,23676.75,22.03,1.0,0.0,0.0,1.039,0.333,0.512,5,10,0,3,0,75,0,75,60,high_vol_range,41.01,75,,,
2026-03-12T15:15:00+05:30,portfolio_hist,PREMIUM,EXIT,iron_condor,23630.0,21.61,1.0,0.0,0.0,1.039,0.135,0.276,5,15,15,3,0,0,0,0,0,high_vol_range,0.0,0,Time exit,1107.75,330
2026-03-12T15:16:00+05:30,portfolio_hist,TREND,EXIT,debit_spread,23625.15,21.64,1.0,0.0,0.0,1.039,0.114,0.276,5,15,16,3,0,0,0,0,0,high_vol_range,0.0,0,Time exit,261.0,316
2026-03-12T09:30:00+05:30,portfolio_hist,PREMIUM,SKIP,idle,23598.05,22.06,1.0,0.0,0.0,1.039,0.0,1.334,5,9,30,3,0,70,0,70,75,trending,0.0,0,,,
2026-03-12T09:35:00+05:30,portfolio_hist,PREMIUM,SKIP,idle,23588.45,22.13,1.0,0.0,0.0,1.039,0.041,1.314,5,9,35,3,0,70,0,70,75,trending,0.0,0,,,
2026-03-12T09:40:00+05:30,portfolio_hist,PREMIUM,SKIP,idle,23575.7,22.35,1.0,0.0,0.0,1.039,0.095,1.314,5,9,40,3,0,70,0,70,75,trending,0.0,0,,,
2026-03-12T09:45:00+05:30,portfolio_hist,PREMIUM,ENTER,iron_condor,23612.75,22.14,1.0,0.0,0.0,1.039,0.062,0.202,5,9,45,3,0,95,0,95,75,high_vol_range,52.15,75,,,
2026-03-12T10:00:00+05:30,portfolio_hist,TREND,ENTER,debit_spread,23676.75,22.03,1.0,0.0,0.0,1.039,0.333,0.512,5,10,0,3,0,75,0,75,60,high_vol_range,41.01,75,,,
2026-03-12T10:01:00+05:30,portfolio_hist,TREND,EXIT,debit_spread,23676.1,22.02,1.0,0.0,0.0,1.039,0.33,0.512,5,10,1,3,0,0,0,0,0,high_vol_range,0.0,0,Trend profit: spread at 41.0% of max,3.0,1
2026-03-12T15:15:00+05:30,portfolio_hist,PREMIUM,EXIT,iron_condor,23630.0,21.61,1.0,0.0,0.0,1.039,0.135,0.276,5,15,15,3,0,0,0,0,0,high_vol_range,0.0,0,Time exit,1107.75,330
2026-03-12T09:30:00+05:30,portfolio_hist,PREMIUM,SKIP,idle,23598.05,22.06,1.0,0.0,0.0,1.039,0.0,1.334,5,9,30,3,0,70,0,70,75,trending,0.0,0,,,
2026-03-12T09:35:00+05:30,portfolio_hist,PREMIUM,SKIP,idle,23588.45,22.13,1.0,0.0,0.0,1.039,0.041,1.314,5,9,35,3,0,70,0,70,75,trending,0.0,0,,,
2026-03-12T09:40:00+05:30,portfolio_hist,PREMIUM,SKIP,idle,23575.7,22.35,1.0,0.0,0.0,1.039,0.095,1.314,5,9,40,3,0,70,0,70,75,trending,0.0,0,,,
2026-03-12T09:45:00+05:30,portfolio_hist,PREMIUM,ENTER,iron_condor,23612.75,22.14,1.0,0.0,0.0,1.039,0.062,0.202,5,9,45,3,0,95,0,95,75,high_vol_range,52.15,75,,,
2026-03-12T10:00:00+05:30,portfolio_hist,TREND,ENTER,debit_spread,23676.75,22.03,1.0,0.0,0.0,1.039,0.333,0.512,5,10,0,3,0,75,0,75,60,high_vol_range,41.01,75,,,
2026-03-12T10:01:00+05:30,portfolio_hist,TREND,EXIT,debit_spread,23676.1,22.02,1.0,0.0,0.0,1.039,0.33,0.512,5,10,1,3,0,0,0,0,0,high_vol_range,0.0,0,Trend profit: spread at 41.0% of max,3.0,1
2026-03-12T15:15:00+05:30,portfolio_hist,PREMIUM,EXIT,iron_condor,23630.0,21.61,1.0,0.0,0.0,1.039,0.135,0.276,5,15,15,3,0,0,0,0,0,high_vol_range,0.0,0,Time exit,1107.75,330
2026-03-12T09:30:00+05:30,portfolio_hist,PREMIUM,SKIP,idle,23598.05,22.06,1.0,0.0,0.0,1.039,0.0,1.334,5,9,30,3,0,70,0,70,75,trending,0.0,0,,,
2026-03-12T09:35:00+05:30,portfolio_hist,PREMIUM,SKIP,idle,23588.45,22.13,1.0,0.0,0.0,1.039,0.041,1.314,5,9,35,3,0,70,0,70,75,trending,0.0,0,,,
2026-03-12T09:40:00+05:30,portfolio_hist,PREMIUM,SKIP,idle,23575.7,22.35,1.0,0.0,0.0,1.039,0.095,1.314,5,9,40,3,0,70,0,70,75,trending,0.0,0,,,
2026-03-12T09:45:00+05:30,portfolio_hist,PREMIUM,ENTER,iron_condor,23612.75,22.14,1.0,0.0,0.0,1.039,0.062,0.202,5,9,45,3,0,95,0,95,75,high_vol_range,52.15,75,,,
2026-03-12T10:00:00+05:30,portfolio_hist,TREND,ENTER,debit_spread,23676.75,22.03,1.0,0.0,0.0,1.039,0.333,0.512,5,10,0,3,0,75,0,75,60,high_vol_range,41.01,75,,,
2026-03-12T15:15:00+05:30,portfolio_hist,PREMIUM,EXIT,iron_condor,23630.0,21.61,1.0,0.0,0.0,1.039,0.135,0.276,5,15,15,3,0,0,0,0,0,high_vol_range,0.0,0,Time exit,1107.75,330
2026-03-12T15:16:00+05:30,portfolio_hist,TREND,EXIT,debit_spread,23625.15,21.64,1.0,0.0,0.0,1.039,0.114,0.276,5,15,16,3,0,0,0,0,0,high_vol_range,0.0,0,Time exit,261.0,316
2026-03-12T09:30:00+05:30,portfolio_hist,PREMIUM,SKIP,idle,23598.05,22.06,1.0,0.0,0.0,1.039,0.0,1.334,5,9,30,3,0,70,0,70,75,trending,0.0,0,,,
2026-03-12T09:35:00+05:30,portfolio_hist,PREMIUM,SKIP,idle,23588.45,22.13,1.0,0.0,0.0,1.039,0.041,1.314,5,9,35,3,0,70,0,70,75,trending,0.0,0,,,
2026-03-12T09:40:00+05:30,portfolio_hist,PREMIUM,SKIP,idle,23575.7,22.35,1.0,0.0,0.0,1.039,0.095,1.314,5,9,40,3,0,70,0,70,75,trending,0.0,0,,,
2026-03-12T09:45:00+05:30,portfolio_hist,PREMIUM,ENTER,iron_condor,23612.75,22.14,1.0,0.0,0.0,1.039,0.062,0.202,5,9,45,3,0,95,0,95,75,high_vol_range,52.15,75,,,
2026-03-12T10:00:00+05:30,portfolio_hist,TREND,ENTER,debit_spread,23676.75,22.03,1.0,0.0,0.0,1.039,0.333,0.512,5,10,0,3,0,75,0,75,60,high_vol_range,41.01,75,,,
2026-03-12T15:15:00+05:30,portfolio_hist,PREMIUM,EXIT,iron_condor,23630.0,21.61,1.0,0.0,0.0,1.039,0.135,0.276,5,15,15,3,0,0,0,0,0,high_vol_range,0.0,0,Time exit,1107.75,330
2026-03-12T15:16:00+05:30,portfolio_hist,TREND,EXIT,debit_spread,23625.15,21.64,1.0,0.0,0.0,1.039,0.114,0.276,5,15,16,3,0,0,0,0,0,high_vol_range,0.0,0,Time exit,261.0,316
2026-03-12T09:30:00+05:30,portfolio_hist,PREMIUM,SKIP,idle,23598.05,22.06,1.0,0.0,0.0,1.039,0.0,1.334,5,9,30,3,0,70,0,70,75,trending,0.0,0,,,
2026-03-12T09:35:00+05:30,portfolio_hist,PREMIUM,SKIP,idle,23588.45,22.13,1.0,0.0,0.0,1.039,0.041,1.314,5,9,35,3,0,70,0,70,75,trending,0.0,0,,,
2026-03-12T09:40:00+05:30,portfolio_hist,PREMIUM,SKIP,idle,23575.7,22.35,1.0,0.0,0.0,1.039,0.095,1.314,5,9,40,3,0,70,0,70,75,trending,0.0,0,,,
2026-03-12T09:45:00+05:30,portfolio_hist,PREMIUM,ENTER,iron_condor,23612.75,22.14,1.0,0.0,0.0,1.039,0.062,0.202,5,9,45,3,0,95,0,95,75,high_vol_range,52.15,75,,,
2026-03-12T10:00:00+05:30,portfolio_hist,TREND,ENTER,debit_spread,23676.75,22.03,1.0,0.0,0.0,1.039,0.333,0.512,5,10,0,3,0,75,0,75,60,high_vol_range,41.01,75,,,
2026-03-12T15:15:00+05:30,portfolio_hist,PREMIUM,EXIT,iron_condor,23630.0,21.61,1.0,0.0,0.0,1.039,0.135,0.276,5,15,15,3,0,0,0,0,0,high_vol_range,0.0,0,Time exit,1107.75,330
2026-03-12T15:16:00+05:30,portfolio_hist,TREND,EXIT,debit_spread,23625.15,21.64,1.0,0.0,0.0,1.039,0.114,0.276,5,15,16,3,0,0,0,0,0,high_vol_range,0.0,0,Time exit,261.0,316
2026-03-12T09:30:00+05:30,portfolio_hist,PREMIUM,SKIP,idle,23598.05,22.06,1.0,0.0,0.0,1.039,0.0,1.334,5,9,30,3,0,70,0,70,75,trending,0.0,0,,,
2026-03-12T09:35:00+05:30,portfolio_hist,PREMIUM,SKIP,idle,23588.45,22.13,1.0,0.0,0.0,1.039,0.041,1.314,5,9,35,3,0,70,0,70,75,trending,0.0,0,,,
2026-03-12T09:40:00+05:30,portfolio_hist,PREMIUM,SKIP,idle,23575.7,22.35,1.0,0.0,0.0,1.039,0.095,1.314,5,9,40,3,0,70,0,70,75,trending,0.0,0,,,
2026-03-12T09:45:00+05:30,portfolio_hist,PREMIUM,ENTER,iron_condor,23612.75,22.14,1.0,0.0,0.0,1.039,0.062,0.202,5,9,45,3,0,95,0,95,75,high_vol_range,52.15,75,,,
2026-03-12T10:00:00+05:30,portfolio_hist,TREND,ENTER,debit_spread,23676.75,22.03,1.0,0.0,0.0,1.039,0.333,0.512,5,10,0,3,0,75,0,75,60,high_vol_range,41.01,75,,,
2026-03-12T13:29:00+05:30,portfolio_hist,TREND,EXIT,debit_spread,23764.3,20.98,1.0,0.0,0.0,1.039,0.704,0.344,5,13,29,3,0,0,0,0,0,high_vol_range,0.0,0,Trend stop: lost 15.3%,-471.0,209
2026-03-12T15:15:00+05:30,portfolio_hist,PREMIUM,EXIT,iron_condor,23630.0,21.61,1.0,0.0,0.0,1.039,0.135,0.276,5,15,15,3,0,0,0,0,0,high_vol_range,0.0,0,Time exit,1107.75,330
2026-03-12T09:30:00+05:30,portfolio_hist,PREMIUM,SKIP,idle,23598.05,22.06,1.0,0.0,0.0,1.039,0.0,1.334,5,9,30,3,0,70,0,70,75,trending,0.0,0,,,
2026-03-12T09:35:00+05:30,portfolio_hist,PREMIUM,SKIP,idle,23588.45,22.13,1.0,0.0,0.0,1.039,0.041,1.314,5,9,35,3,0,70,0,70,75,trending,0.0,0,,,
2026-03-12T09:40:00+05:30,portfolio_hist,PREMIUM,SKIP,idle,23575.7,22.35,1.0,0.0,0.0,1.039,0.095,1.314,5,9,40,3,0,70,0,70,75,trending,0.0,0,,,
2026-03-12T09:45:00+05:30,portfolio_hist,PREMIUM,ENTER,iron_condor,23612.75,22.14,1.0,0.0,0.0,1.039,0.062,0.202,5,9,45,3,0,95,0,95,75,high_vol_range,52.15,75,,,
2026-03-12T10:00:00+05:30,portfolio_hist,TREND,ENTER,debit_spread,23676.75,22.03,1.0,0.0,0.0,1.039,0.333,0.512,5,10,0,3,0,75,0,75,60,high_vol_range,41.01,75,,,
2026-03-12T13:29:00+05:30,portfolio_hist,TREND,EXIT,debit_spread,23764.3,20.98,1.0,0.0,0.0,1.039,0.704,0.344,5,13,29,3,0,0,0,0,0,high_vol_range,0.0,0,Trend stop: lost 15.3%,-471.0,209
2026-03-12T15:15:00+05:30,portfolio_hist,PREMIUM,EXIT,iron_condor,23630.0,21.61,1.0,0.0,0.0,1.039,0.135,0.276,5,15,15,3,0,0,0,0,0,high_vol_range,0.0,0,Time exit,1107.75,330
2026-03-12T09:30:00+05:30,portfolio_hist,PREMIUM,SKIP,idle,23598.05,22.06,1.0,0.0,0.0,1.039,0.0,1.334,5,9,30,3,0,70,0,70,75,trending,0.0,0,,,
2026-03-12T09:35:00+05:30,portfolio_hist,PREMIUM,SKIP,idle,23588.45,22.13,1.0,0.0,0.0,1.039,0.041,1.314,5,9,35,3,0,70,0,70,75,trending,0.0,0,,,
2026-03-12T09:40:00+05:30,portfolio_hist,PREMIUM,SKIP,idle,23575.7,22.35,1.0,0.0,0.0,1.039,0.095,1.314,5,9,40,3,0,70,0,70,75,trending,0.0,0,,,
2026-03-12T09:45:00+05:30,portfolio_hist,PREMIUM,ENTER,iron_condor,23612.75,22.14,1.0,0.0,0.0,1.039,0.062,0.202,5,9,45,3,0,95,0,95,75,high_vol_range,52.15,75,,,
2026-03-12T10:00:00+05:30,portfolio_hist,TREND,ENTER,debit_spread,23676.75,22.03,1.0,0.0,0.0,1.039,0.333,0.512,5,10,0,3,0,75,0,75,60,high_vol_range,41.01,75,,,
2026-03-12T13:29:00+05:30,portfolio_hist,TREND,EXIT,debit_spread,23764.3,20.98,1.0,0.0,0.0,1.039,0.704,0.344,5,13,29,3,0,0,0,0,0,high_vol_range,0.0,0,Trend stop: lost 15.3%,-471.0,209
2026-03-12T15:15:00+05:30,portfolio_hist,PREMIUM,EXIT,iron_condor,23630.0,21.61,1.0,0.0,0.0,1.039,0.135,0.276,5,15,15,3,0,0,0,0,0,high_vol_range,0.0,0,Time exit,1107.75,330
2026-03-12T09:30:00+05:30,portfolio_hist,PREMIUM,SKIP,idle,23598.05,22.06,1.0,0.0,0.0,1.039,0.0,1.334,5,9,30,3,0,70,0,70,75,trending,0.0,0,,,
2026-03-12T09:35:00+05:30,portfolio_hist,PREMIUM,SKIP,idle,23588.45,22.13,1.0,0.0,0.0,1.039,0.041,1.314,5,9,35,3,0,70,0,70,75,trending,0.0,0,,,
2026-03-12T09:40:00+05:30,portfolio_hist,PREMIUM,SKIP,idle,23575.7,22.35,1.0,0.0,0.0,1.039,0.095,1.314,5,9,40,3,0,70,0,70,75,trending,0.0,0,,,
2026-03-12T09:45:00+05:30,portfolio_hist,PREMIUM,ENTER,iron_condor,23612.75,22.14,1.0,0.0,0.0,1.039,0.062,0.202,5,9,45,3,0,95,0,95,75,high_vol_range,52.15,75,,,
2026-03-12T10:00:00+05:30,portfolio_hist,TREND,ENTER,debit_spread,23676.75,22.03,1.0,0.0,0.0,1.039,0.333,0.512,5,10,0,3,0,75,0,75,60,high_vol_range,41.01,75,,,
2026-03-12T13:29:00+05:30,portfolio_hist,TREND,EXIT,debit_spread,23764.3,20.98,1.0,0.0,0.0,1.039,0.704,0.344,5,13,29,3,0,0,0,0,0,high_vol_range,0.0,0,Trend stop: lost 15.3%,-471.0,209
2026-03-12T15:15:00+05:30,portfolio_hist,PREMIUM,EXIT,iron_condor,23630.0,21.61,1.0,0.0,0.0,1.039,0.135,0.276,5,15,15,3,0,0,0,0,0,high_vol_range,0.0,0,Time exit,1107.75,330
2026-03-12T09:30:00+05:30,portfolio_hist,PREMIUM,SKIP,idle,23598.05,22.06,1.0,0.0,0.0,1.039,0.0,1.334,5,9,30,3,0,70,0,70,75,trending,0.0,0,,,
2026-03-12T09:35:00+05:30,portfolio_hist,PREMIUM,SKIP,idle,23588.45,22.13,1.0,0.0,0.0,1.039,0.041,1.314,5,9,35,3,0,70,0,70,75,trending,0.0,0,,,
2026-03-12T09:40:00+05:30,portfolio_hist,PREMIUM,SKIP,idle,23575.7,22.35,1.0,0.0,0.0,1.039,0.095,1.314,5,9,40,3,0,70,0,70,75,trending,0.0,0,,,
2026-03-12T09:45:00+05:30,portfolio_hist,PREMIUM,ENTER,iron_condor,23612.75,22.14,1.0,0.0,0.0,1.039,0.062,0.202,5,9,45,3,0,95,0,95,75,high_vol_range,52.15,75,,,
2026-03-12T10:00:00+05:30,portfolio_hist,TREND,ENTER,debit_spread,23676.75,22.03,1.0,0.0,0.0,1.039,0.333,0.512,5,10,0,3,0,75,0,75,60,high_vol_range,41.01,75,,,
2026-03-12T13:29:00+05:30,portfolio_hist,TREND,EXIT,debit_spread,23764.3,20.98,1.0,0.0,0.0,1.039,0.704,0.344,5,13,29,3,0,0,0,0,0,high_vol_range,0.0,0,Trend stop: lost 15.3%,-471.0,209
2026-03-12T15:15:00+05:30,portfolio_hist,PREMIUM,EXIT,iron_condor,23630.0,21.61,1.0,0.0,0.0,1.039,0.135,0.276,5,15,15,3,0,0,0,0,0,high_vol_range,0.0,0,Time exit,1107.75,330
2026-03-12T09:30:00+05:30,portfolio_hist,PREMIUM,SKIP,idle,23598.05,22.06,1.0,0.0,0.0,1.039,0.0,1.334,5,9,30,3,0,70,0,70,75,trending,0.0,0,,,
2026-03-12T09:35:00+05:30,portfolio_hist,PREMIUM,SKIP,idle,23588.45,22.13,1.0,0.0,0.0,1.039,0.041,1.314,5,9,35,3,0,70,0,70,75,trending,0.0,0,,,
2026-03-12T09:40:00+05:30,portfolio_hist,PREMIUM,SKIP,idle,23575.7,22.35,1.0,0.0,0.0,1.039,0.095,1.314,5,9,40,3,0,70,0,70,75,trending,0.0,0,,,
2026-03-12T09:45:00+05:30,portfolio_hist,PREMIUM,ENTER,iron_condor,23612.75,22.14,1.0,0.0,0.0,1.039,0.062,0.202,5,9,45,3,0,95,0,95,75,high_vol_range,52.15,75,,,
2026-03-12T10:00:00+05:30,portfolio_hist,TREND,ENTER,debit_spread,23676.75,22.03,1.0,0.0,0.0,1.039,0.333,0.512,5,10,0,3,0,75,0,75,60,high_vol_range,41.01,75,,,
2026-03-12T13:29:00+05:30,portfolio_hist,TREND,EXIT,debit_spread,23764.3,20.98,1.0,0.0,0.0,1.039,0.704,0.344,5,13,29,3,0,0,0,0,0,high_vol_range,0.0,0,Trend stop: lost 15.3%,-471.0,209
2026-03-12T15:15:00+05:30,portfolio_hist,PREMIUM,EXIT,iron_condor,23630.0,21.61,1.0,0.0,0.0,1.039,0.135,0.276,5,15,15,3,0,0,0,0,0,high_vol_range,0.0,0,Time exit,1107.75,330
2026-03-12T09:30:00+05:30,portfolio_hist,PREMIUM,SKIP,idle,23598.05,22.06,1.0,0.0,0.0,1.039,0.0,1.334,5,9,30,3,0,70,0,70,75,trending,0.0,0,,,
2026-03-12T09:35:00+05:30,portfolio_hist,PREMIUM,SKIP,idle,23588.45,22.13,1.0,0.0,0.0,1.039,0.041,1.314,5,9,35,3,0,70,0,70,75,trending,0.0,0,,,
2026-03-12T09:40:00+05:30,portfolio_hist,PREMIUM,SKIP,idle,23575.7,22.35,1.0,0.0,0.0,1.039,0.095,1.314,5,9,40,3,0,70,0,70,75,trending,0.0,0,,,
2026-03-12T09:45:00+05:30,portfolio_hist,PREMIUM,ENTER,iron_condor,23612.75,22.14,1.0,0.0,0.0,1.039,0.062,0.202,5,9,45,3,0,95,0,95,75,high_vol_range,52.15,75,,,
2026-03-12T10:00:00+05:30,portfolio_hist,TREND,ENTER,debit_spread,23676.75,22.03,1.0,0.0,0.0,1.039,0.333,0.512,5,10,0,3,0,75,0,75,60,high_vol_range,41.01,75,,,
2026-03-12T13:29:00+05:30,portfolio_hist,TREND,EXIT,debit_spread,23764.3,20.98,1.0,0.0,0.0,1.039,0.704,0.344,5,13,29,3,0,0,0,0,0,high_vol_range,0.0,0,Trend stop: lost 15.3%,-471.0,209
2026-03-12T15:15:00+05:30,portfolio_hist,PREMIUM,EXIT,iron_condor,23630.0,21.61,1.0,0.0,0.0,1.039,0.135,0.276,5,15,15,3,0,0,0,0,0,high_vol_range,0.0,0,Time exit,1107.75,330
2026-03-12T09:30:00+05:30,portfolio_hist,PREMIUM,SKIP,idle,23598.05,22.06,1.0,0.0,0.0,1.039,0.0,1.334,5,9,30,3,0,70,0,70,75,trending,0.0,0,,,
2026-03-12T09:35:00+05:30,portfolio_hist,PREMIUM,SKIP,idle,23588.45,22.13,1.0,0.0,0.0,1.039,0.041,1.314,5,9,35,3,0,70,0,70,75,trending,0.0,0,,,
2026-03-12T09:40:00+05:30,portfolio_hist,PREMIUM,SKIP,idle,23575.7,22.35,1.0,0.0,0.0,1.039,0.095,1.314,5,9,40,3,0,70,0,70,75,trending,0.0,0,,,
2026-03-12T09:45:00+05:30,portfolio_hist,PREMIUM,ENTER,iron_condor,23612.75,22.14,1.0,0.0,0.0,1.039,0.062,0.202,5,9,45,3,0,95,0,95,75,high_vol_range,52.15,75,,,
2026-03-12T10:00:00+05:30,portfolio_hist,TREND,ENTER,debit_spread,23676.75,22.03,1.0,0.0,0.0,1.039,0.333,0.512,5,10,0,3,0,75,0,75,60,high_vol_range,41.01,75,,,
2026-03-12T13:29:00+05:30,portfolio_hist,TREND,EXIT,debit_spread,23764.3,20.98,1.0,0.0,0.0,1.039,0.704,0.344,5,13,29,3,0,0,0,0,0,high_vol_range,0.0,0,Trend stop: lost 15.3%,-471.0,209
2026-03-12T15:15:00+05:30,portfolio_hist,PREMIUM,EXIT,iron_condor,23630.0,21.61,1.0,0.0,0.0,1.039,0.135,0.276,5,15,15,3,0,0,0,0,0,high_vol_range,0.0,0,Time exit,1107.75,330
2026-03-12T09:30:00+05:30,portfolio_hist,PREMIUM,SKIP,idle,23598.05,22.06,1.0,0.0,0.0,1.039,0.0,1.334,5,9,30,3,0,70,0,70,75,trending,0.0,0,,,
2026-03-12T09:35:00+05:30,portfolio_hist,PREMIUM,SKIP,idle,23588.45,22.13,1.0,0.0,0.0,1.039,0.041,1.314,5,9,35,3,0,70,0,70,75,trending,0.0,0,,,
2026-03-12T09:40:00+05:30,portfolio_hist,PREMIUM,SKIP,idle,23575.7,22.35,1.0,0.0,0.0,1.039,0.095,1.314,5,9,40,3,0,70,0,70,75,trending,0.0,0,,,
2026-03-12T09:45:00+05:30,portfolio_hist,PREMIUM,ENTER,iron_condor,23612.75,22.14,1.0,0.0,0.0,1.039,0.062,0.202,5,9,45,3,0,95,0,95,75,high_vol_range,52.15,75,,,
2026-03-12T10:00:00+05:30,portfolio_hist,TREND,ENTER,debit_spread,23676.75,22.03,1.0,0.0,0.0,1.039,0.333,0.512,5,10,0,3,0,75,0,75,60,high_vol_range,41.01,75,,,
2026-03-12T13:29:00+05:30,portfolio_hist,TREND,EXIT,debit_spread,23764.3,20.98,1.0,0.0,0.0,1.039,0.704,0.344,5,13,29,3,0,0,0,0,0,high_vol_range,0.0,0,Trend stop: lost 15.3%,-471.0,209
2026-03-12T15:15:00+05:30,portfolio_hist,PREMIUM,EXIT,iron_condor,23630.0,21.61,1.0,0.0,0.0,1.039,0.135,0.276,5,15,15,3,0,0,0,0,0,high_vol_range,0.0,0,Time exit,1107.75,330
2026-03-12T09:30:00+05:30,portfolio_hist,PREMIUM,SKIP,idle,23598.05,22.06,1.0,0.0,0.0,1.039,0.0,1.334,5,9,30,3,0,70,0,70,75,trending,0.0,0,,,
2026-03-12T09:35:00+05:30,portfolio_hist,PREMIUM,SKIP,idle,23588.45,22.13,1.0,0.0,0.0,1.039,0.041,1.314,5,9,35,3,0,70,0,70,75,trending,0.0,0,,,
2026-03-12T09:40:00+05:30,portfolio_hist,PREMIUM,SKIP,idle,23575.7,22.35,1.0,0.0,0.0,1.039,0.095,1.314,5,9,40,3,0,70,0,70,75,trending,0.0,0,,,
2026-03-12T09:45:00+05:30,portfolio_hist,PREMIUM,ENTER,iron_condor,23612.75,22.14,1.0,0.0,0.0,1.039,0.062,0.202,5,9,45,3,0,95,0,95,75,high_vol_range,52.15,75,,,
2026-03-12T10:00:00+05:30,portfolio_hist,TREND,ENTER,debit_spread,23676.75,22.03,1.0,0.0,0.0,1.039,0.333,0.512,5,10,0,3,0,75,0,75,60,high_vol_range,41.01,75,,,
2026-03-12T13:29:00+05:30,portfolio_hist,TREND,EXIT,debit_spread,23764.3,20.98,1.0,0.0,0.0,1.039,0.704,0.344,5,13,29,3,0,0,0,0,0,high_vol_range,0.0,0,Trend stop: lost 15.3%,-471.0,209
2026-03-12T15:15:00+05:30,portfolio_hist,PREMIUM,EXIT,iron_condor,23630.0,21.61,1.0,0.0,0.0,1.039,0.135,0.276,5,15,15,3,0,0,0,0,0,high_vol_range,0.0,0,Time exit,1107.75,330
2026-03-12T09:30:00+05:30,portfolio_hist,PREMIUM,SKIP,idle,23598.05,22.06,1.0,0.0,0.0,1.039,0.0,1.334,5,9,30,3,0,70,0,70,75,trending,0.0,0,,,
2026-03-12T09:35:00+05:30,portfolio_hist,PREMIUM,SKIP,idle,23588.45,22.13,1.0,0.0,0.0,1.039,0.041,1.314,5,9,35,3,0,70,0,70,75,trending,0.0,0,,,
2026-03-12T09:40:00+05:30,portfolio_hist,PREMIUM,SKIP,idle,23575.7,22.35,1.0,0.0,0.0,1.039,0.095,1.314,5,9,40,3,0,70,0,70,75,trending,0.0,0,,,
2026-03-12T09:45:00+05:30,portfolio_hist,PREMIUM,ENTER,iron_condor,23612.75,22.14,1.0,0.0,0.0,1.039,0.062,0.202,5,9,45,3,0,95,0,95,75,high_vol_range,52.15,75,,,
2026-03-12T10:00:00+05:30,portfolio_hist,TREND,ENTER,debit_spread,23676.75,22.03,1.0,0.0,0.0,1.039,0.333,0.512,5,10,0,3,0,75,0,75,60,high_vol_range,41.01,75,,,
2026-03-12T13:29:00+05:30,portfolio_hist,TREND,EXIT,debit_spread,23764.3,20.98,1.0,0.0,0.0,1.039,0.704,0.344,5,13,29,3,0,0,0,0,0,high_vol_range,0.0,0,Trend stop: lost 15.3%,-471.0,209
2026-03-12T15:15:00+05:30,portfolio_hist,PREMIUM,EXIT,iron_condor,23630.0,21.61,1.0,0.0,0.0,1.039,0.135,0.276,5,15,15,3,0,0,0,0,0,high_vol_range,0.0,0,Time exit,1107.75,330
2026-03-12T09:30:00+05:30,portfolio_hist,PREMIUM,SKIP,idle,23598.05,22.06,1.0,0.0,0.0,1.039,0.0,1.334,5,9,30,3,0,70,0,70,75,trending,0.0,0,,,
2026-03-12T09:35:00+05:30,portfolio_hist,PREMIUM,SKIP,idle,23588.45,22.13,1.0,0.0,0.0,1.039,0.041,1.314,5,9,35,3,0,70,0,70,75,trending,0.0,0,,,
2026-03-12T09:40:00+05:30,portfolio_hist,PREMIUM,SKIP,idle,23575.7,22.35,1.0,0.0,0.0,1.039,0.095,1.314,5,9,40,3,0,70,0,70,75,trending,0.0,0,,,
2026-03-12T09:45:00+05:30,portfolio_hist,PREMIUM,ENTER,iron_condor,23612.75,22.14,1.0,0.0,0.0,1.039,0.062,0.202,5,9,45,3,0,95,0,95,75,high_vol_range,52.15,75,,,
2026-03-12T10:00:00+05:30,portfolio_hist,TREND,ENTER,debit_spread,23676.75,22.03,1.0,0.0,0.0,1.039,0.333,0.512,5,10,0,3,0,75,0,75,60,high_vol_range,41.01,75,,,
2026-03-12T13:29:00+05:30,portfolio_hist,TREND,EXIT,debit_spread,23764.3,20.98,1.0,0.0,0.0,1.039,0.704,0.344,5,13,29,3,0,0,0,0,0,high_vol_range,0.0,0,Trend stop: lost 15.3%,-471.0,209
2026-03-12T15:15:00+05:30,portfolio_hist,PREMIUM,EXIT,iron_condor,23630.0,21.61,1.0,0.0,0.0,1.039,0.135,0.276,5,15,15,3,0,0,0,0,0,high_vol_range,0.0,0,Time exit,1107.75,330
2026-03-12T09:30:00+05:30,portfolio_hist,PREMIUM,SKIP,idle,23598.05,22.06,1.0,0.0,0.0,1.039,0.0,1.334,5,9,30,3,0,70,0,70,75,trending,0.0,0,,,
2026-03-12T09:35:00+05:30,portfolio_hist,PREMIUM,SKIP,idle,23588.45,22.13,1.0,0.0,0.0,1.039,0.041,1.314,5,9,35,3,0,70,0,70,75,trending,0.0,0,,,
2026-03-12T09:40:00+05:30,portfolio_hist,PREMIUM,SKIP,idle,23575.7,22.35,1.0,0.0,0.0,1.039,0.095,1.314,5,9,40,3,0,70,0,70,75,trending,0.0,0,,,
2026-03-12T09:45:00+05:30,portfolio_hist,PREMIUM,ENTER,iron_condor,23612.75,22.14,1.0,0.0,0.0,1.039,0.062,0.202,5,9,45,3,0,95,0,95,75,high_vol_range,52.15,75,,,
2026-03-12T10:00:00+05:30,portfolio_hist,TREND,ENTER,debit_spread,23676.75,22.03,1.0,0.0,0.0,1.039,0.333,0.512,5,10,0,3,0,75,0,75,60,high_vol_range,41.01,75,,,
2026-03-12T13:29:00+05:30,portfolio_hist,TREND,EXIT,debit_spread,23764.3,20.98,1.0,0.0,0.0,1.039,0.704,0.344,5,13,29,3,0,0,0,0,0,high_vol_range,0.0,0,Trend stop: lost 15.3%,-471.0,209
2026-03-12T15:15:00+05:30,portfolio_hist,PREMIUM,EXIT,iron_condor,23630.0,21.61,1.0,0.0,0.0,1.039,0.135,0.276,5,15,15,3,0,0,0,0,0,high_vol_range,0.0,0,Time exit,1107.75,330
2026-03-12T09:30:00+05:30,portfolio_hist,PREMIUM,SKIP,idle,23598.05,22.06,1.0,0.0,0.0,1.039,0.0,1.334,5,9,30,3,0,70,0,70,75,trending,0.0,0,,,
2026-03-12T09:35:00+05:30,portfolio_hist,PREMIUM,SKIP,idle,23588.45,22.13,1.0,0.0,0.0,1.039,0.041,1.314,5,9,35,3,0,70,0,70,75,trending,0.0,0,,,
2026-03-12T09:40:00+05:30,portfolio_hist,PREMIUM,SKIP,idle,23575.7,22.35,1.0,0.0,0.0,1.039,0.095,1.314,5,9,40,3,0,70,0,70,75,trending,0.0,0,,,
2026-03-12T09:45:00+05:30,portfolio_hist,PREMIUM,ENTER,iron_condor,23612.75,22.14,1.0,0.0,0.0,1.039,0.062,0.202,5,9,45,3,0,95,0,95,75,high_vol_range,52.15,75,,,
2026-03-12T10:00:00+05:30,portfolio_hist,TREND,ENTER,debit_spread,23676.75,22.03,1.0,0.0,0.0,1.039,0.333,0.512,5,10,0,3,0,75,0,75,60,high_vol_range,41.01,75,,,
2026-03-12T13:29:00+05:30,portfolio_hist,TREND,EXIT,debit_spread,23764.3,20.98,1.0,0.0,0.0,1.039,0.704,0.344,5,13,29,3,0,0,0,0,0,high_vol_range,0.0,0,Trend stop: lost 15.3%,-471.0,209
2026-03-12T15:15:00+05:30,portfolio_hist,PREMIUM,EXIT,iron_condor,23630.0,21.61,1.0,0.0,0.0,1.039,0.135,0.276,5,15,15,3,0,0,0,0,0,high_vol_range,0.0,0,Time exit,1107.75,330
2026-03-12T09:30:00+05:30,portfolio_hist,PREMIUM,SKIP,idle,23598.05,22.06,1.0,0.0,0.0,1.039,0.0,1.334,5,9,30,3,0,70,0,70,75,trending,0.0,0,,,
2026-03-12T09:35:00+05:30,portfolio_hist,PREMIUM,SKIP,idle,23588.45,22.13,1.0,0.0,0.0,1.039,0.041,1.314,5,9,35,3,0,70,0,70,75,trending,0.0,0,,,
2026-03-12T09:40:00+05:30,portfolio_hist,PREMIUM,SKIP,idle,23575.7,22.35,1.0,0.0,0.0,1.039,0.095,1.314,5,9,40,3,0,70,0,70,75,trending,0.0,0,,,
2026-03-12T09:45:00+05:30,portfolio_hist,PREMIUM,ENTER,iron_condor,23612.75,22.14,1.0,0.0,0.0,1.039,0.062,0.202,5,9,45,3,0,95,0,95,75,high_vol_range,52.15,75,,,
2026-03-12T10:00:00+05:30,portfolio_hist,TREND,ENTER,debit_spread,23676.75,22.03,1.0,0.0,0.0,1.039,0.333,0.512,5,10,0,3,0,75,0,75,60,high_vol_range,41.01,75,,,
2026-03-12T13:29:00+05:30,portfolio_hist,TREND,EXIT,debit_spread,23764.3,20.98,1.0,0.0,0.0,1.039,0.704,0.344,5,13,29,3,0,0,0,0,0,high_vol_range,0.0,0,Trend stop: lost 15.3%,-471.0,209
2026-03-12T15:15:00+05:30,portfolio_hist,PREMIUM,EXIT,iron_condor,23630.0,21.61,1.0,0.0,0.0,1.039,0.135,0.276,5,15,15,3,0,0,0,0,0,high_vol_range,0.0,0,Time exit,1107.75,330
2026-03-12T09:30:00+05:30,portfolio_hist,PREMIUM,SKIP,idle,23598.05,22.06,1.0,0.0,0.0,1.039,0.0,1.334,5,9,30,3,0,70,0,70,75,trending,0.0,0,,,
2026-03-12T09:35:00+05:30,portfolio_hist,PREMIUM,SKIP,idle,23588.45,22.13,1.0,0.0,0.0,1.039,0.041,1.314,5,9,35,3,0,70,0,70,75,trending,0.0,0,,,
2026-03-12T09:40:00+05:30,portfolio_hist,PREMIUM,SKIP,idle,23575.7,22.35,1.0,0.0,0.0,1.039,0.095,1.314,5,9,40,3,0,70,0,70,75,trending,0.0,0,,,
2026-03-12T09:45:00+05:30,portfolio_hist,PREMIUM,ENTER,iron_condor,23612.75,22.14,1.0,0.0,0.0,1.039,0.062,0.202,5,9,45,3,0,95,0,95,75,high_vol_range,52.15,75,,,
2026-03-12T10:00:00+05:30,portfolio_hist,TREND,ENTER,debit_spread,23676.75,22.03,1.0,0.0,0.0,1.039,0.333,0.512,5,10,0,3,0,75,0,75,60,high_vol_range,41.01,75,,,
2026-03-12T13:29:00+05:30,portfolio_hist,TREND,EXIT,debit_spread,23764.3,20.98,1.0,0.0,0.0,1.039,0.704,0.344,5,13,29,3,0,0,0,0,0,high_vol_range,0.0,0,Trend stop: lost 15.3%,-471.0,209
2026-03-12T15:15:00+05:30,portfolio_hist,PREMIUM,EXIT,iron_condor,23630.0,21.61,1.0,0.0,0.0,1.039,0.135,0.276,5,15,15,3,0,0,0,0,0,high_vol_range,0.0,0,Time exit,1107.75,330
2026-03-12T09:30:00+05:30,portfolio_hist,PREMIUM,SKIP,idle,23598.05,22.06,1.0,0.0,0.0,1.039,0.0,1.334,5,9,30,3,0,70,0,70,75,trending,0.0,0,,,
2026-03-12T09:35:00+05:30,portfolio_hist,PREMIUM,SKIP,idle,23588.45,22.13,1.0,0.0,0.0,1.039,0.041,1.314,5,9,35,3,0,70,0,70,75,trending,0.0,0,,,
2026-03-12T09:40:00+05:30,portfolio_hist,PREMIUM,SKIP,idle,23575.7,22.35,1.0,0.0,0.0,1.039,0.095,1.314,5,9,40,3,0,70,0,70,75,trending,0.0,0,,,
2026-03-12T09:45:00+05:30,portfolio_hist,PREMIUM,ENTER,iron_condor,23612.75,22.14,1.0,0.0,0.0,1.039,0.062,0.202,5,9,45,3,0,95,0,95,75,high_vol_range,52.15,75,,,
2026-03-12T10:00:00+05:30,portfolio_hist,TREND,ENTER,debit_spread,23676.75,22.03,1.0,0.0,0.0,1.039,0.333,0.512,5,10,0,3,0,75,0,75,60,high_vol_range,41.01,75,,,
2026-03-12T13:29:00+05:30,portfolio_hist,TREND,EXIT,debit_spread,23764.3,20.98,1.0,0.0,0.0,1.039,0.704,0.344,5,13,29,3,0,0,0,0,0,high_vol_range,0.0,0,Trend stop: lost 15.3%,-471.0,209
2026-03-12T15:15:00+05:30,portfolio_hist,PREMIUM,EXIT,iron_condor,23630.0,21.61,1.0,0.0,0.0,1.039,0.135,0.276,5,15,15,3,0,0,0,0,0,high_vol_range,0.0,0,Time exit,1107.75,330
2026-03-12T09:30:00+05:30,portfolio_hist,PREMIUM,SKIP,idle,23598.05,22.06,1.0,0.0,0.0,1.039,0.0,1.334,5,9,30,3,0,70,0,70,75,trending,0.0,0,,,
2026-03-12T09:35:00+05:30,portfolio_hist,PREMIUM,SKIP,idle,23588.45,22.13,1.0,0.0,0.0,1.039,0.041,1.314,5,9,35,3,0,70,0,70,75,trending,0.0,0,,,
2026-03-12T09:40:00+05:30,portfolio_hist,PREMIUM,SKIP,idle,23575.7,22.35,1.0,0.0,0.0,1.039,0.095,1.314,5,9,40,3,0,70,0,70,75,trending,0.0,0,,,
2026-03-12T09:45:00+05:30,portfolio_hist,PREMIUM,ENTER,iron_condor,23612.75,22.14,1.0,0.0,0.0,1.039,0.062,0.202,5,9,45,3,0,95,0,95,75,high_vol_range,52.15,75,,,
2026-03-12T10:00:00+05:30,portfolio_hist,TREND,ENTER,debit_spread,23676.75,22.03,1.0,0.0,0.0,1.039,0.333,0.512,5,10,0,3,0,75,0,75,60,high_vol_range,41.01,75,,,
2026-03-12T13:29:00+05:30,portfolio_hist,TREND,EXIT,debit_spread,23764.3,20.98,1.0,0.0,0.0,1.039,0.704,0.344,5,13,29,3,0,0,0,0,0,high_vol_range,0.0,0,Trend stop: lost 15.3%,-471.0,209
2026-03-12T15:15:00+05:30,portfolio_hist,PREMIUM,EXIT,iron_condor,23630.0,21.61,1.0,0.0,0.0,1.039,0.135,0.276,5,15,15,3,0,0,0,0,0,high_vol_range,0.0,0,Time exit,1107.75,330
2026-03-12T09:30:00+05:30,portfolio_hist,PREMIUM,SKIP,idle,23598.05,22.06,1.0,0.0,0.0,1.039,0.0,1.334,5,9,30,3,0,70,0,70,75,trending,0.0,0,,,
2026-03-12T09:35:00+05:30,portfolio_hist,PREMIUM,SKIP,idle,23588.45,22.13,1.0,0.0,0.0,1.039,0.041,1.314,5,9,35,3,0,70,0,70,75,trending,0.0,0,,,
2026-03-12T09:40:00+05:30,portfolio_hist,PREMIUM,SKIP,idle,23575.7,22.35,1.0,0.0,0.0,1.039,0.095,1.314,5,9,40,3,0,70,0,70,75,trending,0.0,0,,,
2026-03-12T09:45:00+05:30,portfolio_hist,PREMIUM,ENTER,iron_condor,23612.75,22.14,1.0,0.0,0.0,1.039,0.062,0.202,5,9,45,3,0,95,0,95,75,high_vol_range,52.15,75,,,
2026-03-12T10:00:00+05:30,portfolio_hist,TREND,ENTER,debit_spread,23676.75,22.03,1.0,0.0,0.0,1.039,0.333,0.512,5,10,0,3,0,75,0,75,60,high_vol_range,41.01,75,,,
2026-03-12T13:29:00+05:30,portfolio_hist,TREND,EXIT,debit_spread,23764.3,20.98,1.0,0.0,0.0,1.039,0.704,0.344,5,13,29,3,0,0,0,0,0,high_vol_range,0.0,0,Trend stop: lost 15.3%,-471.0,209
2026-03-12T15:15:00+05:30,portfolio_hist,PREMIUM,EXIT,iron_condor,23630.0,21.61,1.0,0.0,0.0,1.039,0.135,0.276,5,15,15,3,0,0,0,0,0,high_vol_range,0.0,0,Time exit,1107.75,330
2026-03-12T09:30:00+05:30,portfolio_hist,PREMIUM,SKIP,idle,23598.05,22.06,1.0,0.0,0.0,1.039,0.0,1.334,5,9,30,3,0,70,0,70,75,trending,0.0,0,,,
2026-03-12T09:35:00+05:30,portfolio_hist,PREMIUM,SKIP,idle,23588.45,22.13,1.0,0.0,0.0,1.039,0.041,1.314,5,9,35,3,0,70,0,70,75,trending,0.0,0,,,
2026-03-12T09:40:00+05:30,portfolio_hist,PREMIUM,SKIP,idle,23575.7,22.35,1.0,0.0,0.0,1.039,0.095,1.314,5,9,40,3,0,70,0,70,75,trending,0.0,0,,,
2026-03-12T09:45:00+05:30,portfolio_hist,PREMIUM,ENTER,iron_condor,23612.75,22.14,1.0,0.0,0.0,1.039,0.062,0.202,5,9,45,3,0,95,0,95,75,high_vol_range,52.15,75,,,
2026-03-12T10:00:00+05:30,portfolio_hist,TREND,ENTER,debit_spread,23676.75,22.03,1.0,0.0,0.0,1.039,0.333,0.512,5,10,0,3,0,75,0,75,60,high_vol_range,41.01,75,,,
2026-03-12T13:29:00+05:30,portfolio_hist,TREND,EXIT,debit_spread,23764.3,20.98,1.0,0.0,0.0,1.039,0.704,0.344,5,13,29,3,0,0,0,0,0,high_vol_range,0.0,0,Trend stop: lost 15.3%,-471.0,209
2026-03-12T15:15:00+05:30,portfolio_hist,PREMIUM,EXIT,iron_condor,23630.0,21.61,1.0,0.0,0.0,1.039,0.135,0.276,5,15,15,3,0,0,0,0,0,high_vol_range,0.0,0,Time exit,1107.75,330
2026-03-12T09:30:00+05:30,portfolio_hist,PREMIUM,SKIP,idle,23598.05,22.06,1.0,0.0,0.0,1.039,0.0,1.334,5,9,30,3,0,70,0,70,75,trending,0.0,0,,,
2026-03-12T09:35:00+05:30,portfolio_hist,PREMIUM,SKIP,idle,23588.45,22.13,1.0,0.0,0.0,1.039,0.041,1.314,5,9,35,3,0,70,0,70,75,trending,0.0,0,,,
2026-03-12T09:40:00+05:30,portfolio_hist,PREMIUM,SKIP,idle,23575.7,22.35,1.0,0.0,0.0,1.039,0.095,1.314,5,9,40,3,0,70,0,70,75,trending,0.0,0,,,
2026-03-12T09:45:00+05:30,portfolio_hist,PREMIUM,ENTER,iron_condor,23612.75,22.14,1.0,0.0,0.0,1.039,0.062,0.202,5,9,45,3,0,95,0,95,75,high_vol_range,52.15,75,,,
2026-03-12T10:00:00+05:30,portfolio_hist,TREND,ENTER,debit_spread,23676.75,22.03,1.0,0.0,0.0,1.039,0.333,0.512,5,10,0,3,0,75,0,75,60,high_vol_range,41.01,75,,,
2026-03-12T13:29:00+05:30,portfolio_hist,TREND,EXIT,debit_spread,23764.3,20.98,1.0,0.0,0.0,1.039,0.704,0.344,5,13,29,3,0,0,0,0,0,high_vol_range,0.0,0,Trend stop: lost 15.3%,-471.0,209
2026-03-12T15:15:00+05:30,portfolio_hist,PREMIUM,EXIT,iron_condor,23630.0,21.61,1.0,0.0,0.0,1.039,0.135,0.276,5,15,15,3,0,0,0,0,0,high_vol_range,0.0,0,Time exit,1107.75,330
2026-03-12T09:30:00+05:30,portfolio_hist,PREMIUM,SKIP,idle,23598.05,22.06,1.0,0.0,0.0,1.039,0.0,1.334,5,9,30,3,0,70,0,70,75,trending,0.0,0,,,
2026-03-12T09:35:00+05:30,portfolio_hist,PREMIUM,SKIP,idle,23588.45,22.13,1.0,0.0,0.0,1.039,0.041,1.314,5,9,35,3,0,70,0,70,75,trending,0.0,0,,,
2026-03-12T09:40:00+05:30,portfolio_hist,PREMIUM,SKIP,idle,23575.7,22.35,1.0,0.0,0.0,1.039,0.095,1.314,5,9,40,3,0,70,0,70,75,trending,0.0,0,,,
2026-03-12T09:45:00+05:30,portfolio_hist,PREMIUM,ENTER,iron_condor,23612.75,22.14,1.0,0.0,0.0,1.039,0.062,0.202,5,9,45,3,0,95,0,95,75,high_vol_range,52.15,75,,,
2026-03-12T10:00:00+05:30,portfolio_hist,TREND,ENTER,debit_spread,23676.75,22.03,1.0,0.0,0.0,1.039,0.333,0.512,5,10,0,3,0,75,0,75,60,high_vol_range,41.01,75,,,
2026-03-12T13:29:00+05:30,portfolio_hist,TREND,EXIT,debit_spread,23764.3,20.98,1.0,0.0,0.0,1.039,0.704,0.344,5,13,29,3,0,0,0,0,0,high_vol_range,0.0,0,Trend stop: lost 15.3%,-471.0,209
2026-03-12T15:15:00+05:30,portfolio_hist,PREMIUM,EXIT,iron_condor,23630.0,21.61,1.0,0.0,0.0,1.039,0.135,0.276,5,15,15,3,0,0,0,0,0,high_vol_range,0.0,0,Time exit,1107.75,330
2026-03-12T09:30:00+05:30,portfolio_hist,PREMIUM,SKIP,idle,23598.05,22.06,1.0,0.0,0.0,1.039,0.0,1.334,5,9,30,3,0,70,0,70,75,trending,0.0,0,,,
2026-03-12T09:35:00+05:30,portfolio_hist,PREMIUM,SKIP,idle,23588.45,22.13,1.0,0.0,0.0,1.039,0.041,1.314,5,9,35,3,0,70,0,70,75,trending,0.0,0,,,
2026-03-12T09:40:00+05:30,portfolio_hist,PREMIUM,SKIP,idle,23575.7,22.35,1.0,0.0,0.0,1.039,0.095,1.314,5,9,40,3,0,70,0,70,75,trending,0.0,0,,,
2026-03-12T09:45:00+05:30,portfolio_hist,PREMIUM,ENTER,iron_condor,23612.75,22.14,1.0,0.0,0.0,1.039,0.062,0.202,5,9,45,3,0,95,0,95,75,high_vol_range,52.15,75,,,
2026-03-12T10:00:00+05:30,portfolio_hist,TREND,ENTER,debit_spread,23676.75,22.03,1.0,0.0,0.0,1.039,0.333,0.512,5,10,0,3,0,75,0,75,60,high_vol_range,41.01,75,,,
2026-03-12T13:29:00+05:30,portfolio_hist,TREND,EXIT,debit_spread,23764.3,20.98,1.0,0.0,0.0,1.039,0.704,0.344,5,13,29,3,0,0,0,0,0,high_vol_range,0.0,0,Trend stop: lost 15.3%,-471.0,209
2026-03-12T15:15:00+05:30,portfolio_hist,PREMIUM,EXIT,iron_condor,23630.0,21.61,1.0,0.0,0.0,1.039,0.135,0.276,5,15,15,3,0,0,0,0,0,high_vol_range,0.0,0,Time exit,1107.75,330
2026-03-12T09:30:00+05:30,portfolio_hist,PREMIUM,SKIP,idle,23598.05,22.06,1.0,0.0,0.0,1.039,0.0,1.334,5,9,30,3,0,70,0,70,75,trending,0.0,0,,,
2026-03-12T09:35:00+05:30,portfolio_hist,PREMIUM,SKIP,idle,23588.45,22.13,1.0,0.0,0.0,1.039,0.041,1.314,5,9,35,3,0,70,0,70,75,trending,0.0,0,,,
2026-03-12T09:40:00+05:30,portfolio_hist,PREMIUM,SKIP,idle,23575.7,22.35,1.0,0.0,0.0,1.039,0.095,1.314,5,9,40,3,0,70,0,70,75,trending,0.0,0,,,
2026-03-12T09:45:00+05:30,portfolio_hist,PREMIUM,ENTER,iron_condor,23612.75,22.14,1.0,0.0,0.0,1.039,0.062,0.202,5,9,45,3,0,95,0,95,75,high_vol_range,52.15,75,,,
2026-03-12T10:00:00+05:30,portfolio_hist,TREND,ENTER,debit_spread,23676.75,22.03,1.0,0.0,0.0,1.039,0.333,0.512,5,10,0,3,0,75,0,75,60,high_vol_range,41.01,75,,,
2026-03-12T13:29:00+05:30,portfolio_hist,TREND,EXIT,debit_spread,23764.3,20.98,1.0,0.0,0.0,1.039,0.704,0.344,5,13,29,3,0,0,0,0,0,high_vol_range,0.0,0,Trend stop: lost 15.3%,-471.0,209
2026-03-12T15:15:00+05:30,portfolio_hist,PREMIUM,EXIT,iron_condor,23630.0,21.61,1.0,0.0,0.0,1.039,0.135,0.276,5,15,15,3,0,0,0,0,0,high_vol_range,0.0,0,Time exit,1107.75,330
2026-03-12T09:30:00+05:30,portfolio_hist,PREMIUM,SKIP,idle,23598.05,22.06,1.0,0.0,0.0,1.039,0.0,1.334,5,9,30,3,0,70,0,70,75,trending,0.0,0,,,
2026-03-12T09:35:00+05:30,portfolio_hist,PREMIUM,SKIP,idle,23588.45,22.13,1.0,0.0,0.0,1.039,0.041,1.314,5,9,35,3,0,70,0,70,75,trending,0.0,0,,,
2026-03-12T09:40:00+05:30,portfolio_hist,PREMIUM,SKIP,idle,23575.7,22.35,1.0,0.0,0.0,1.039,0.095,1.314,5,9,40,3,0,70,0,70,75,trending,0.0,0,,,
2026-03-12T09:45:00+05:30,portfolio_hist,PREMIUM,ENTER,iron_condor,23612.75,22.14,1.0,0.0,0.0,1.039,0.062,0.202,5,9,45,3,0,95,0,95,75,high_vol_range,52.15,75,,,
2026-03-12T10:00:00+05:30,portfolio_hist,TREND,ENTER,debit_spread,23676.75,22.03,1.0,0.0,0.0,1.039,0.333,0.512,5,10,0,3,0,75,0,75,60,high_vol_range,41.01,75,,,
2026-03-12T13:29:00+05:30,portfolio_hist,TREND,EXIT,debit_spread,23764.3,20.98,1.0,0.0,0.0,1.039,0.704,0.344,5,13,29,3,0,0,0,0,0,high_vol_range,0.0,0,Trend stop: lost 15.3%,-471.0,209
2026-03-12T15:15:00+05:30,portfolio_hist,PREMIUM,EXIT,iron_condor,23630.0,21.61,1.0,0.0,0.0,1.039,0.135,0.276,5,15,15,3,0,0,0,0,0,high_vol_range,0.0,0,Time exit,1107.75,330
2026-03-12T09:30:00+05:30,portfolio_hist,PREMIUM,SKIP,idle,23598.05,22.06,1.0,0.0,0.0,1.039,0.0,1.334,5,9,30,3,0,70,0,70,75,trending,0.0,0,,,
2026-03-12T09:35:00+05:30,portfolio_hist,PREMIUM,SKIP,idle,23588.45,22.13,1.0,0.0,0.0,1.039,0.041,1.314,5,9,35,3,0,70,0,70,75,trending,0.0,0,,,
2026-03-12T09:40:00+05:30,portfolio_hist,PREMIUM,SKIP,idle,23575.7,22.35,1.0,0.0,0.0,1.039,0.095,1.314,5,9,40,3,0,70,0,70,75,trending,0.0,0,,,
2026-03-12T09:45:00+05:30,portfolio_hist,PREMIUM,ENTER,iron_condor,23612.75,22.14,1.0,0.0,0.0,1.039,0.062,0.202,5,9,45,3,0,95,0,95,75,high_vol_range,52.15,75,,,
2026-03-12T10:00:00+05:30,portfolio_hist,TREND,ENTER,debit_spread,23676.75,22.03,1.0,0.0,0.0,1.039,0.333,0.512,5,10,0,3,0,75,0,75,60,high_vol_range,41.01,75,,,
2026-03-12T15:15:00+05:30,portfolio_hist,PREMIUM,EXIT,iron_condor,23630.0,21.61,1.0,0.0,0.0,1.039,0.135,0.276,5,15,15,3,0,0,0,0,0,high_vol_range,0.0,0,Time exit,1107.75,330
2026-03-12T15:16:00+05:30,portfolio_hist,TREND,EXIT,debit_spread,23625.15,21.64,1.0,0.0,0.0,1.039,0.114,0.276,5,15,16,3,0,0,0,0,0,high_vol_range,0.0,0,Time exit,261.0,316
2026-03-12T09:30:00+05:30,portfolio_hist,PREMIUM,SKIP,idle,23598.05,22.06,1.0,0.0,0.0,1.039,0.0,1.334,5,9,30,3,0,70,0,70,75,trending,0.0,0,,,
2026-03-12T09:35:00+05:30,portfolio_hist,PREMIUM,SKIP,idle,23588.45,22.13,1.0,0.0,0.0,1.039,0.041,1.314,5,9,35,3,0,70,0,70,75,trending,0.0,0,,,
2026-03-12T09:40:00+05:30,portfolio_hist,PREMIUM,SKIP,idle,23575.7,22.35,1.0,0.0,0.0,1.039,0.095,1.314,5,9,40,3,0,70,0,70,75,trending,0.0,0,,,
2026-03-12T09:45:00+05:30,portfolio_hist,PREMIUM,ENTER,iron_condor,23612.75,22.14,1.0,0.0,0.0,1.039,0.062,0.202,5,9,45,3,0,95,0,95,75,high_vol_range,52.15,75,,,
2026-03-12T10:00:00+05:30,portfolio_hist,TREND,ENTER,debit_spread,23676.75,22.03,1.0,0.0,0.0,1.039,0.333,0.512,5,10,0,3,0,75,0,75,60,high_vol_range,41.01,75,,,
2026-03-12T13:29:00+05:30,portfolio_hist,TREND,EXIT,debit_spread,23764.3,20.98,1.0,0.0,0.0,1.039,0.704,0.344,5,13,29,3,0,0,0,0,0,high_vol_range,0.0,0,Trend stop: lost 15.3%,-471.0,209
2026-03-12T15:15:00+05:30,portfolio_hist,PREMIUM,EXIT,iron_condor,23630.0,21.61,1.0,0.0,0.0,1.039,0.135,0.276,5,15,15,3,0,0,0,0,0,high_vol_range,0.0,0,Time exit,1107.75,330
2026-03-12T09:30:00+05:30,portfolio_hist,PREMIUM,SKIP,idle,23598.05,22.06,1.0,0.0,0.0,1.039,0.0,1.334,5,9,30,3,0,70,0,70,75,trending,0.0,0,,,
2026-03-12T09:35:00+05:30,portfolio_hist,PREMIUM,SKIP,idle,23588.45,22.13,1.0,0.0,0.0,1.039,0.041,1.314,5,9,35,3,0,70,0,70,75,trending,0.0,0,,,
2026-03-12T09:40:00+05:30,portfolio_hist,PREMIUM,SKIP,idle,23575.7,22.35,1.0,0.0,0.0,1.039,0.095,1.314,5,9,40,3,0,70,0,70,75,trending,0.0,0,,,
2026-03-12T09:45:00+05:30,portfolio_hist,PREMIUM,ENTER,iron_condor,23612.75,22.14,1.0,0.0,0.0,1.039,0.062,0.202,5,9,45,3,0,95,0,95,75,high_vol_range,52.15,75,,,
2026-03-12T10:00:00+05:30,portfolio_hist,TREND,ENTER,debit_spread,23676.75,22.03,1.0,0.0,0.0,1.039,0.333,0.512,5,10,0,3,0,75,0,75,60,high_vol_range,41.01,75,,,
2026-03-12T13:29:00+05:30,portfolio_hist,TREND,EXIT,debit_spread,23764.3,20.98,1.0,0.0,0.0,1.039,0.704,0.344,5,13,29,3,0,0,0,0,0,high_vol_range,0.0,0,Trend stop: lost 15.3%,-471.0,209
2026-03-12T15:15:00+05:30,portfolio_hist,PREMIUM,EXIT,iron_condor,23630.0,21.61,1.0,0.0,0.0,1.039,0.135,0.276,5,15,15,3,0,0,0,0,0,high_vol_range,0.0,0,Time exit,1107.75,330
2026-03-12T09:30:00+05:30,portfolio_hist,PREMIUM,SKIP,idle,23598.05,22.06,1.0,0.0,0.0,1.039,0.0,1.334,5,9,30,3,0,70,0,70,75,trending,0.0,0,,,
2026-03-12T09:35:00+05:30,portfolio_hist,PREMIUM,SKIP,idle,23588.45,22.13,1.0,0.0,0.0,1.039,0.041,1.314,5,9,35,3,0,70,0,70,75,trending,0.0,0,,,
2026-03-12T09:40:00+05:30,portfolio_hist,PREMIUM,SKIP,idle,23575.7,22.35,1.0,0.0,0.0,1.039,0.095,1.314,5,9,40,3,0,70,0,70,75,trending,0.0,0,,,
2026-03-12T09:45:00+05:30,portfolio_hist,PREMIUM,ENTER,iron_condor,23612.75,22.14,1.0,0.0,0.0,1.039,0.062,0.202,5,9,45,3,0,95,0,95,75,high_vol_range,52.15,75,,,
2026-03-12T10:00:00+05:30,portfolio_hist,TREND,ENTER,debit_spread,23676.75,22.03,1.0,0.0,0.0,1.039,0.333,0.512,5,10,0,3,0,75,0,75,60,high_vol_range,41.01,75,,,
2026-03-12T15:15:00+05:30,portfolio_hist,PREMIUM,EXIT,iron_condor,23630.0,21.61,1.0,0.0,0.0,1.039,0.135,0.276,5,15,15,3,0,0,0,0,0,high_vol_range,0.0,0,Time exit,1107.75,330
2026-03-12T15:16:00+05:30,portfolio_hist,TREND,EXIT,debit_spread,23625.15,21.64,1.0,0.0,0.0,1.039,0.114,0.276,5,15,16,3,0,0,0,0,0,high_vol_range,0.0,0,Time exit,261.0,316
2026-03-12T09:30:00+05:30,portfolio_hist,PREMIUM,SKIP,idle,23598.05,22.06,1.0,0.0,0.0,1.039,0.0,1.334,5,9,30,3,0,70,0,70,75,trending,0.0,0,,,
2026-03-12T09:35:00+05:30,portfolio_hist,PREMIUM,SKIP,idle,23588.45,22.13,1.0,0.0,0.0,1.039,0.041,1.314,5,9,35,3,0,70,0,70,75,trending,0.0,0,,,
2026-03-12T09:40:00+05:30,portfolio_hist,PREMIUM,SKIP,idle,23575.7,22.35,1.0,0.0,0.0,1.039,0.095,1.314,5,9,40,3,0,70,0,70,75,trending,0.0,0,,,
2026-03-12T09:45:00+05:30,portfolio_hist,PREMIUM,ENTER,iron_condor,23612.75,22.14,1.0,0.0,0.0,1.039,0.062,0.202,5,9,45,3,0,95,0,95,75,high_vol_range,52.15,75,,,
2026-03-12T10:00:00+05:30,portfolio_hist,TREND,ENTER,debit_spread,23676.75,22.03,1.0,0.0,0.0,1.039,0.333,0.512,5,10,0,3,0,75,0,75,60,high_vol_range,41.01,75,,,
2026-03-12T13:33:00+05:30,portfolio_hist,TREND,EXIT,debit_spread,23810.8,20.89,1.0,0.0,0.0,1.039,0.901,0.445,5,13,33,3,0,0,0,0,0,high_vol_range,0.0,0,Trend stop: lost 22.3%,-684.75,213
2026-03-12T15:15:00+05:30,portfolio_hist,PREMIUM,EXIT,iron_condor,23630.0,21.61,1.0,0.0,0.0,1.039,0.135,0.276,5,15,15,3,0,0,0,0,0,high_vol_range,0.0,0,Time exit,1107.75,330
2026-03-12T09:30:00+05:30,portfolio_hist,PREMIUM,SKIP,idle,23598.05,22.06,1.0,0.0,0.0,1.039,0.0,1.334,5,9,30,3,0,70,0,70,75,trending,0.0,0,,,
2026-03-12T09:35:00+05:30,portfolio_hist,PREMIUM,SKIP,idle,23588.45,22.13,1.0,0.0,0.0,1.039,0.041,1.314,5,9,35,3,0,70,0,70,75,trending,0.0,0,,,
2026-03-12T09:40:00+05:30,portfolio_hist,PREMIUM,SKIP,idle,23575.7,22.35,1.0,0.0,0.0,1.039,0.095,1.314,5,9,40,3,0,70,0,70,75,trending,0.0,0,,,
2026-03-12T09:45:00+05:30,portfolio_hist,PREMIUM,ENTER,iron_condor,23612.75,22.14,1.0,0.0,0.0,1.039,0.062,0.202,5,9,45,3,0,95,0,95,75,high_vol_range,52.15,75,,,
2026-03-12T10:00:00+05:30,portfolio_hist,TREND,ENTER,debit_spread,23676.75,22.03,1.0,0.0,0.0,1.039,0.333,0.512,5,10,0,3,0,75,0,75,60,high_vol_range,41.01,75,,,
2026-03-12T13:33:00+05:30,portfolio_hist,TREND,EXIT,debit_spread,23810.8,20.89,1.0,0.0,0.0,1.039,0.901,0.445,5,13,33,3,0,0,0,0,0,high_vol_range,0.0,0,Trend stop: lost 22.3%,-684.75,213
2026-03-12T15:15:00+05:30,portfolio_hist,PREMIUM,EXIT,iron_condor,23630.0,21.61,1.0,0.0,0.0,1.039,0.135,0.276,5,15,15,3,0,0,0,0,0,high_vol_range,0.0,0,Time exit,1107.75,330
2026-03-12T09:30:00+05:30,portfolio_hist,PREMIUM,SKIP,idle,23598.05,22.06,1.0,0.0,0.0,1.039,0.0,1.334,5,9,30,3,0,70,0,70,75,trending,0.0,0,,,
2026-03-12T09:35:00+05:30,portfolio_hist,PREMIUM,SKIP,idle,23588.45,22.13,1.0,0.0,0.0,1.039,0.041,1.314,5,9,35,3,0,70,0,70,75,trending,0.0,0,,,
2026-03-12T09:40:00+05:30,portfolio_hist,PREMIUM,SKIP,idle,23575.7,22.35,1.0,0.0,0.0,1.039,0.095,1.314,5,9,40,3,0,70,0,70,75,trending,0.0,0,,,
2026-03-12T09:45:00+05:30,portfolio_hist,PREMIUM,ENTER,iron_condor,23612.75,22.14,1.0,0.0,0.0,1.039,0.062,0.202,5,9,45,3,0,95,0,95,75,high_vol_range,52.15,75,,,
2026-03-12T10:00:00+05:30,portfolio_hist,TREND,ENTER,debit_spread,23676.75,22.03,1.0,0.0,0.0,1.039,0.333,0.512,5,10,0,3,0,75,0,75,60,high_vol_range,41.01,75,,,
2026-03-12T15:15:00+05:30,portfolio_hist,PREMIUM,EXIT,iron_condor,23630.0,21.61,1.0,0.0,0.0,1.039,0.135,0.276,5,15,15,3,0,0,0,0,0,high_vol_range,0.0,0,Time exit,1107.75,330
2026-03-12T15:16:00+05:30,portfolio_hist,TREND,EXIT,debit_spread,23625.15,21.64,1.0,0.0,0.0,1.039,0.114,0.276,5,15,16,3,0,0,0,0,0,high_vol_range,0.0,0,Time exit,261.0,316
2026-03-12T09:30:00+05:30,portfolio_hist,PREMIUM,SKIP,idle,23598.05,22.06,1.0,0.0,0.0,1.039,0.0,1.334,5,9,30,3,0,70,0,70,75,trending,0.0,0,,,
2026-03-12T09:35:00+05:30,portfolio_hist,PREMIUM,SKIP,idle,23588.45,22.13,1.0,0.0,0.0,1.039,0.041,1.314,5,9,35,3,0,70,0,70,75,trending,0.0,0,,,
2026-03-12T09:40:00+05:30,portfolio_hist,PREMIUM,SKIP,idle,23575.7,22.35,1.0,0.0,0.0,1.039,0.095,1.314,5,9,40,3,0,70,0,70,75,trending,0.0,0,,,
2026-03-12T09:45:00+05:30,portfolio_hist,PREMIUM,ENTER,iron_condor,23612.75,22.14,1.0,0.0,0.0,1.039,0.062,0.202,5,9,45,3,0,95,0,95,75,high_vol_range,52.15,75,,,
2026-03-12T10:00:00+05:30,portfolio_hist,TREND,ENTER,debit_spread,23676.75,22.03,1.0,0.0,0.0,1.039,0.333,0.512,5,10,0,3,0,75,0,75,60,high_vol_range,41.01,75,,,
2026-03-12T13:33:00+05:30,portfolio_hist,TREND,EXIT,debit_spread,23810.8,20.89,1.0,0.0,0.0,1.039,0.901,0.445,5,13,33,3,0,0,0,0,0,high_vol_range,0.0,0,Trend stop: lost 22.3%,-684.75,213
2026-03-12T15:15:00+05:30,portfolio_hist,PREMIUM,EXIT,iron_condor,23630.0,21.61,1.0,0.0,0.0,1.039,0.135,0.276,5,15,15,3,0,0,0,0,0,high_vol_range,0.0,0,Time exit,1107.75,330
2026-03-12T09:30:00+05:30,portfolio_hist,PREMIUM,SKIP,idle,23598.05,22.06,1.0,0.0,0.0,1.039,0.0,1.334,5,9,30,3,0,70,0,70,75,trending,0.0,0,,,
2026-03-12T09:35:00+05:30,portfolio_hist,PREMIUM,SKIP,idle,23588.45,22.13,1.0,0.0,0.0,1.039,0.041,1.314,5,9,35,3,0,70,0,70,75,trending,0.0,0,,,
2026-03-12T09:40:00+05:30,portfolio_hist,PREMIUM,SKIP,idle,23575.7,22.35,1.0,0.0,0.0,1.039,0.095,1.314,5,9,40,3,0,70,0,70,75,trending,0.0,0,,,
2026-03-12T09:45:00+05:30,portfolio_hist,PREMIUM,ENTER,iron_condor,23612.75,22.14,1.0,0.0,0.0,1.039,0.062,0.202,5,9,45,3,0,95,0,95,75,high_vol_range,52.15,75,,,
2026-03-12T10:00:00+05:30,portfolio_hist,TREND,ENTER,debit_spread,23676.75,22.03,1.0,0.0,0.0,1.039,0.333,0.512,5,10,0,3,0,75,0,75,60,high_vol_range,41.01,75,,,
2026-03-12T13:29:00+05:30,portfolio_hist,TREND,EXIT,debit_spread,23764.3,20.98,1.0,0.0,0.0,1.039,0.704,0.344,5,13,29,3,0,0,0,0,0,high_vol_range,0.0,0,Trend stop: lost 15.3%,-471.0,209
2026-03-12T15:15:00+05:30,portfolio_hist,PREMIUM,EXIT,iron_condor,23630.0,21.61,1.0,0.0,0.0,1.039,0.135,0.276,5,15,15,3,0,0,0,0,0,high_vol_range,0.0,0,Time exit,1107.75,330
2026-03-12T09:30:00+05:30,portfolio_hist,PREMIUM,ENTER,iron_condor,23598.05,22.06,1.0,0.0,0.0,1.039,0.0,1.334,5,9,30,3,0,70,0,70,75,pre_market,52.4,75,,,
2026-03-12T10:00:00+05:30,portfolio_hist,TREND,ENTER,debit_spread,23676.75,22.03,1.0,0.0,0.0,1.039,0.333,0.512,5,10,0,3,0,75,0,75,60,pre_market,41.01,75,,,
2026-03-12T13:33:00+05:30,portfolio_hist,TREND,EXIT,debit_spread,23810.8,20.89,1.0,0.0,0.0,1.039,0.901,0.445,5,13,33,3,0,0,0,0,0,pre_market,0.0,0,Trend stop: lost 22.3%,-684.75,213
2026-03-12T15:15:00+05:30,portfolio_hist,PREMIUM,EXIT,iron_condor,23630.0,21.61,1.0,0.0,0.0,1.039,0.135,0.276,5,15,15,3,0,0,0,0,0,pre_market,0.0,0,Time exit,1121.25,345
2026-03-12T09:30:00+05:30,portfolio_replay,PREMIUM,ENTER,iron_condor,23598.05,22.06,1.0,0.0,0.0,1.333,0.0,1.334,5,9,30,3,0,70,0,70,75,trending,15.39,75,,,
2026-03-12T10:00:00+05:30,portfolio_replay,TREND,ENTER,debit_spread,23676.75,22.03,1.0,0.0,0.0,1.335,0.333,0.512,5,10,0,3,0,50,0,50,60,high_vol_range,38.75,75,,,
2026-03-12T13:33:00+05:30,portfolio_replay,TREND,EXIT,debit_spread,23810.8,20.89,1.0,0.0,0.0,1.338,0.901,0.445,5,13,33,3,0,0,0,0,0,high_vol_range,0.0,0,Trend stop: lost 20.6%,-600.0,213
2026-03-12T15:15:00+05:30,portfolio_replay,PREMIUM,EXIT,iron_condor,23630.0,21.61,1.0,0.0,0.0,1.334,0.135,0.276,5,15,15,3,0,0,0,0,0,high_vol_range,0.0,0,Time exit,578.25,345
2026-03-12T09:30:00+05:30,portfolio_hist,PREMIUM,ENTER,iron_condor,23598.05,22.06,1.0,0.0,0.0,1.039,0.0,1.334,5,9,30,3,0,70,0,70,75,choppy,53.05,75,,,
2026-03-12T10:00:00+05:30,portfolio_hist,TREND,ENTER,debit_spread,23676.75,22.03,1.0,0.0,0.0,1.039,0.333,0.512,5,10,0,3,0,75,0,75,60,high_vol_range,41.01,75,,,
2026-03-12T13:33:00+05:30,portfolio_hist,TREND,EXIT,debit_spread,23810.8,20.89,1.0,0.0,0.0,1.038,0.901,0.445,5,13,33,3,0,0,0,0,0,high_vol_range,0.0,0,Trend stop: lost 22.4%,-688.5,213
2026-03-12T15:15:00+05:30,portfolio_hist,PREMIUM,EXIT,iron_condor,23630.0,21.61,1.0,0.0,0.0,1.039,0.135,0.276,5,15,15,3,0,0,0,0,0,choppy,0.0,0,Time exit,1170.0,345
2026-03-12T09:30:00+05:30,portfolio_hist,PREMIUM,ENTER,iron_condor,23598.05,22.06,1.0,0.0,0.0,1.039,0.0,1.334,5,9,30,3,0,70,0,70,75,choppy,53.05,75,,,
2026-03-12T10:00:00+05:30,portfolio_hist,TREND,ENTER,debit_spread,23676.75,22.03,1.0,0.0,0.0,1.039,0.333,0.512,5,10,0,3,0,75,0,75,60,high_vol_range,41.01,75,,,
2026-03-12T13:33:00+05:30,portfolio_hist,TREND,EXIT,debit_spread,23810.8,20.89,1.0,0.0,0.0,1.038,0.901,0.445,5,13,33,3,0,0,0,0,0,high_vol_range,0.0,0,Trend stop: lost 22.4%,-688.5,213
2026-03-12T15:15:00+05:30,portfolio_hist,PREMIUM,EXIT,iron_condor,23630.0,21.61,1.0,0.0,0.0,1.039,0.135,0.276,5,15,15,3,0,0,0,0,0,choppy,0.0,0,Time exit,1170.0,345
2026-03-12T09:30:00+05:30,portfolio_hist,PREMIUM,ENTER,iron_condor,23598.05,22.06,1.0,0.0,0.0,1.039,0.0,1.334,5,9,30,3,0,70,0,70,75,conflicted,53.05,75,,,
2026-03-12T10:00:00+05:30,portfolio_hist,TREND,ENTER,debit_spread,23676.75,22.03,1.0,0.0,0.0,1.039,0.333,0.512,5,10,0,3,0,75,0,75,60,choppy,41.01,75,,,
2026-03-12T13:33:00+05:30,portfolio_hist,TREND,EXIT,debit_spread,23810.8,20.89,1.0,0.0,0.0,1.038,0.901,0.445,5,13,33,3,0,0,0,0,0,trending,0.0,0,Trend stop: lost 22.4%,-688.5,213
2026-03-12T15:15:00+05:30,portfolio_hist,PREMIUM,EXIT,iron_condor,23630.0,21.61,1.0,0.0,0.0,1.039,0.135,0.276,5,15,15,3,0,0,0,0,0,conflicted,0.0,0,Time exit,1170.0,345
2026-03-12T09:30:00+05:30,portfolio_hist,PREMIUM,ENTER,iron_condor,23598.05,22.06,1.0,0.0,0.0,1.039,0.0,1.334,5,9,30,3,0,70,0,70,75,conflicted,53.05,75,,,
2026-03-12T10:00:00+05:30,portfolio_hist,TREND,ENTER,debit_spread,23676.75,22.03,1.0,0.0,0.0,1.039,0.333,0.512,5,10,0,3,0,75,0,75,60,choppy,41.01,75,,,
2026-03-12T13:33:00+05:30,portfolio_hist,TREND,EXIT,debit_spread,23810.8,20.89,1.0,0.0,0.0,1.038,0.901,0.445,5,13,33,3,0,0,0,0,0,trending,0.0,0,Trend stop: lost 22.4%,-688.5,213
2026-03-12T15:15:00+05:30,portfolio_hist,PREMIUM,EXIT,iron_condor,23630.0,21.61,1.0,0.0,0.0,1.039,0.135,0.276,5,15,15,3,0,0,0,0,0,conflicted,0.0,0,Time exit,1170.0,345
2026-03-12T09:30:00+05:30,portfolio_hist,PREMIUM,ENTER,iron_condor,23598.05,22.06,1.0,0.0,0.0,1.039,0.0,1.334,5,9,30,3,0,70,0,70,75,conflicted,53.05,75,,,
2026-03-12T10:00:00+05:30,portfolio_hist,TREND,ENTER,debit_spread,23676.75,22.03,1.0,0.0,0.0,1.039,0.333,0.512,5,10,0,3,0,75,0,75,60,choppy,41.01,75,,,
2026-03-12T13:33:00+05:30,portfolio_hist,TREND,EXIT,debit_spread,23810.8,20.89,1.0,0.0,0.0,1.038,0.901,0.445,5,13,33,3,0,0,0,0,0,trending,0.0,0,Trend stop: lost 22.4%,-688.5,213
2026-03-12T15:15:00+05:30,portfolio_hist,PREMIUM,EXIT,iron_condor,23630.0,21.61,1.0,0.0,0.0,1.039,0.135,0.276,5,15,15,3,0,0,0,0,0,conflicted,0.0,0,Time exit,1170.0,345
2026-03-12T09:30:00+05:30,portfolio_hist,PREMIUM,ENTER,iron_condor,23598.05,22.06,1.0,0.0,0.0,1.039,0.0,1.334,5,9,30,3,0,70,0,70,75,conflicted,53.05,75,,,
2026-03-12T10:00:00+05:30,portfolio_hist,TREND,ENTER,debit_spread,23676.75,22.03,1.0,0.0,0.0,1.039,0.333,0.512,5,10,0,3,0,75,0,75,60,choppy,41.01,75,,,
2026-03-12T13:33:00+05:30,portfolio_hist,TREND,EXIT,debit_spread,23810.8,20.89,1.0,0.0,0.0,1.038,0.901,0.445,5,13,33,3,0,0,0,0,0,trending,0.0,0,Trend stop: lost 22.4%,-688.5,213
2026-03-12T15:15:00+05:30,portfolio_hist,PREMIUM,EXIT,iron_condor,23630.0,21.61,1.0,0.0,0.0,1.039,0.135,0.276,5,15,15,3,0,0,0,0,0,conflicted,0.0,0,Time exit,1170.0,345
2026-03-12T09:30:00+05:30,portfolio_hist,PREMIUM,ENTER,iron_condor,23598.05,22.06,1.0,0.0,0.0,1.039,0.0,1.334,5,9,30,3,0,70,0,70,75,conflicted,53.05,75,,,
2026-03-12T10:00:00+05:30,portfolio_hist,TREND,ENTER,debit_spread,23676.75,22.03,1.0,0.0,0.0,1.039,0.333,0.512,5,10,0,3,0,75,0,75,60,choppy,41.01,75,,,
2026-03-12T13:33:00+05:30,portfolio_hist,TREND,EXIT,debit_spread,23810.8,20.89,1.0,0.0,0.0,1.038,0.901,0.445,5,13,33,3,0,0,0,0,0,trending,0.0,0,Trend stop: lost 22.4%,-688.5,213
2026-03-12T15:15:00+05:30,portfolio_hist,PREMIUM,EXIT,iron_condor,23630.0,21.61,1.0,0.0,0.0,1.039,0.135,0.276,5,15,15,3,0,0,0,0,0,conflicted,0.0,0,Time exit,1170.0,345
2026-03-12T09:30:00+05:30,portfolio_hist,PREMIUM,ENTER,iron_condor,23598.05,22.06,1.0,0.0,0.0,1.039,0.0,1.334,5,9,30,3,0,70,0,70,75,conflicted,53.05,75,,,
2026-03-12T10:00:00+05:30,portfolio_hist,TREND,ENTER,debit_spread,23676.75,22.03,1.0,0.0,0.0,1.039,0.333,0.512,5,10,0,3,0,75,0,75,60,choppy,41.01,75,,,
2026-03-12T13:33:00+05:30,portfolio_hist,TREND,EXIT,debit_spread,23810.8,20.89,1.0,0.0,0.0,1.038,0.901,0.445,5,13,33,3,0,0,0,0,0,trending,0.0,0,Trend stop: lost 22.4%,-688.5,213
2026-03-12T15:15:00+05:30,portfolio_hist,PREMIUM,EXIT,iron_condor,23630.0,21.61,1.0,0.0,0.0,1.039,0.135,0.276,5,15,15,3,0,0,0,0,0,conflicted,0.0,0,Time exit,1170.0,345
2026-03-12T09:30:00+05:30,portfolio_hist,PREMIUM,ENTER,iron_condor,23598.05,22.06,1.0,0.0,0.0,1.039,0.0,1.334,5,9,30,3,0,70,0,70,75,conflicted,53.05,75,,,
2026-03-12T10:00:00+05:30,portfolio_hist,TREND,ENTER,debit_spread,23676.75,22.03,1.0,0.0,0.0,1.039,0.333,0.512,5,10,0,3,0,75,0,75,60,choppy,41.01,75,,,
2026-03-12T13:33:00+05:30,portfolio_hist,TREND,EXIT,debit_spread,23810.8,20.89,1.0,0.0,0.0,1.038,0.901,0.445,5,13,33,3,0,0,0,0,0,trending,0.0,0,Trend stop: lost 22.4%,-688.5,213
2026-03-12T15:15:00+05:30,portfolio_hist,PREMIUM,EXIT,iron_condor,23630.0,21.61,1.0,0.0,0.0,1.039,0.135,0.276,5,15,15,3,0,0,0,0,0,conflicted,0.0,0,Time exit,1170.0,345
2026-03-12T09:30:00+05:30,portfolio_hist,PREMIUM,ENTER,iron_condor,23598.05,22.06,1.0,0.0,0.0,1.039,0.0,1.334,5,9,30,3,0,70,0,70,75,conflicted,79.98,75,,,
2026-03-12T10:00:00+05:30,portfolio_hist,TREND,ENTER,debit_spread,23676.75,22.03,1.0,0.0,0.0,1.039,0.333,0.512,5,10,0,3,0,75,0,75,60,choppy,41.01,75,,,
2026-03-12T13:33:00+05:30,portfolio_hist,TREND,EXIT,debit_spread,23810.8,20.89,1.0,0.0,0.0,1.038,0.901,0.445,5,13,33,3,0,0,0,0,0,trending,0.0,0,Trend stop: lost 22.4%,-688.5,213
2026-03-12T15:15:00+05:30,portfolio_hist,PREMIUM,EXIT,iron_condor,23630.0,21.61,1.0,0.0,0.0,1.039,0.135,0.276,5,15,15,3,0,0,0,0,0,conflicted,0.0,0,Time exit,1144.5,345
