timestamp,strategy_id,leg,decision,mode,spot,vix,pcr_oi,max_pain,max_pain_dist_pct,iv_skew_ratio,move_from_open_pct,morning_range_pct,dte,hour,minute,day_of_week,is_expiry,rule_score,ai_adj,final_score,threshold,regime,entry_premium,quantity,exit_reason,outcome_pnl,held_minutes
2026-03-04T09:30:00+05:30,portfolio_replay,PREMIUM,SKIP,idle,24353.55,20.37,1.0,0.0,0.0,1.038,0.058,2.351,6,9,30,2,0,70,0,70,75,trending,0.0,0,,,
2026-03-04T09:35:00+05:30,portfolio_replay,PREMIUM,SKIP,idle,24324.5,20.56,1.0,0.0,0.0,1.038,0.062,2.351,6,9,35,2,0,70,0,70,75,trending,0.0,0,,,
2026-03-04T09:40:00+05:30,portfolio_replay,PREMIUM,SKIP,idle,24372.7,20.43,1.0,0.0,0.0,1.038,0.136,2.36,6,9,40,2,0,70,0,70,75,trending,0.0,0,,,
2026-03-04T09:45:00+05:30,portfolio_replay,PREMIUM,SKIP,idle,24413.15,20.32,1.0,0.0,0.0,1.038,0.302,0.347,6,9,45,2,0,62,0,62,75,high_vol_range,0.0,0,,,
2026-03-04T09:47:00+05:30,portfolio_replay,PREMIUM,ENTER,iron_condor,24367.7,20.56,1.0,0.0,0.0,1.038,0.116,0.347,6,9,47,2,0,82,0,82,75,high_vol_range,53.58,75,,,
2026-03-04T10:30:00+05:30,portfolio_replay,TREND,ENTER,debit_spread,24415.0,20.71,1.0,0.0,0.0,1.038,0.31,0.486,6,10,30,2,0,75,0,75,60,high_vol_range,38.69,75,,,
2026-03-04T15:15:00+05:30,portfolio_replay,PREMIUM,EXIT,iron_condor,24455.45,21.11,1.0,0.0,0.0,1.037,0.476,0.527,6,15,15,2,0,0,0,0,0,high_vol_range,0.0,0,Time exit,381.75,328
2026-03-04T15:16:00+05:30,portfolio_replay,TREND,EXIT,debit_spread,24469.8,21.06,1.0,0.0,0.0,1.037,0.535,0.527,6,15,16,2,0,0,0,0,0,high_vol_range,0.0,0,Time exit,-263.25,286
2026-03-04T09:30:00+05:30,portfolio_replay,PREMIUM,SKIP,idle,24353.55,20.37,1.0,0.0,0.0,1.038,0.058,2.351,6,9,30,2,0,70,0,70,75,trending,0.0,0,,,
2026-03-04T09:35:00+05:30,portfolio_replay,PREMIUM,SKIP,idle,24324.5,20.56,1.0,0.0,0.0,1.038,0.062,2.351,6,9,35,2,0,70,0,70,75,trending,0.0,0,,,
2026-03-04T09:40:00+05:30,portfolio_replay,PREMIUM,SKIP,idle,24372.7,20.43,1.0,0.0,0.0,1.038,0.136,2.36,6,9,40,2,0,70,0,70,75,trending,0.0,0,,,
2026-03-04T09:45:00+05:30,portfolio_replay,PREMIUM,SKIP,idle,24413.15,20.32,1.0,0.0,0.0,1.038,0.302,0.347,6,9,45,2,0,62,0,62,75,high_vol_range,0.0,0,,,
2026-03-04T09:47:00+05:30,portfolio_replay,PREMIUM,ENTER,iron_condor,24367.7,20.56,1.0,0.0,0.0,1.038,0.116,0.347,6,9,47,2,0,82,0,82,75,high_vol_range,53.58,75,,,
2026-03-04T10:30:00+05:30,portfolio_replay,TREND,ENTER,debit_spread,24415.0,20.71,1.0,0.0,0.0,1.038,0.31,0.486,6,10,30,2,0,75,0,75,60,high_vol_range,38.69,75,,,
2026-03-04T15:15:00+05:30,portfolio_replay,PREMIUM,EXIT,iron_condor,24455.45,21.11,1.0,0.0,0.0,1.037,0.476,0.527,6,15,15,2,0,0,0,0,0,high_vol_range,0.0,0,Time exit,381.75,328
2026-03-04T15:16:00+05:30,portfolio_replay,TREND,EXIT,debit_spread,24469.8,21.06,1.0,0.0,0.0,1.037,0.535,0.527,6,15,16,2,0,0,0,0,0,high_vol_range,0.0,0,Time exit,-263.25,286
2026-03-04T09:30:00+05:30,portfolio_replay,PREMIUM,SKIP,idle,24353.55,20.37,1.0,0.0,0.0,1.038,0.058,2.351,6,9,30,2,0,70,0,70,75,trending,0.0,0,,,
2026-03-04T09:35:00+05:30,portfolio_replay,PREMIUM,SKIP,idle,24324.5,20.56,1.0,0.0,0.0,1.038,0.062,2.351,6,9,35,2,0,70,0,70,75,trending,0.0,0,,,
2026-03-04T09:40:00+05:30,portfolio_replay,PREMIUM,SKIP,idle,24372.7,20.43,1.0,0.0,0.0,1.038,0.136,2.36,6,9,40,2,0,70,0,70,75,trending,0.0,0,,,
2026-03-04T09:45:00+05:30,portfolio_replay,PREMIUM,SKIP,idle,24413.15,20.32,1.0,0.0,0.0,1.038,0.302,0.347,6,9,45,2,0,62,0,62,75,high_vol_range,0.0,0,,,
2026-03-04T09:47:00+05:30,portfolio_replay,PREMIUM,ENTER,iron_condor,24367.7,20.56,1.0,0.0,0.0,1.038,0.116,0.347,6,9,47,2,0,82,0,82,75,high_vol_range,53.58,75,,,
2026-03-04T10:30:00+05:30,portfolio_replay,TREND,ENTER,debit_spread,24415.0,20.71,1.0,0.0,0.0,1.038,0.31,0.486,6,10,30,2,0,75,0,75,60,high_vol_range,38.69,75,,,
2026-03-04T15:15:00+05:30,portfolio_replay,PREMIUM,EXIT,iron_condor,24455.45,21.11,1.0,0.0,0.0,1.037,0.476,0.527,6,15,15,2,0,0,0,0,0,high_vol_range,0.0,0,Time exit,381.75,328
2026-03-04T15:16:00+05:30,portfolio_replay,TREND,EXIT,debit_spread,24469.8,21.06,1.0,0.0,0.0,1.037,0.535,0.527,6,15,16,2,0,0,0,0,0,high_vol_range,0.0,0,Time exit,-263.25,286
2026-03-04T09:30:00+05:30,portfolio_replay,PREMIUM,SKIP,idle,24353.55,20.37,1.0,0.0,0.0,1.038,0.058,2.351,6,9,30,2,0,70,0,70,75,trending,0.0,0,,,
2026-03-04T09:35:00+05:30,portfolio_replay,PREMIUM,SKIP,idle,24324.5,20.56,1.0,0.0,0.0,1.038,0.062,2.351,6,9,35,2,0,70,0,70,75,trending,0.0,0,,,
2026-03-04T09:40:00+05:30,portfolio_replay,PREMIUM,SKIP,idle,24372.7,20.43,1.0,0.0,0.0,1.038,0.136,2.36,6,9,40,2,0,70,0,70,75,trending,0.0,0,,,
2026-03-04T09:45:00+05:30,portfolio_replay,PREMIUM,SKIP,idle,24413.15,20.32,1.0,0.0,0.0,1.038,0.302,0.347,6,9,45,2,0,62,0,62,75,high_vol_range,0.0,0,,,
2026-03-04T09:47:00+05:30,portfolio_replay,PREMIUM,ENTER,iron_condor,24367.7,20.56,1.0,0.0,0.0,1.038,0.116,0.347,6,9,47,2,0,82,0,82,75,high_vol_range,53.58,75,,,
2026-03-04T10:30:00+05:30,portfolio_replay,TREND,ENTER,debit_spread,24415.0,20.71,1.0,0.0,0.0,1.038,0.31,0.486,6,10,30,2,0,75,0,75,60,high_vol_range,38.69,75,,,
2026-03-04T15:15:00+05:30,portfolio_replay,PREMIUM,EXIT,iron_condor,24455.45,21.11,1.0,0.0,0.0,1.037,0.476,0.527,6,15,15,2,0,0,0,0,0,high_vol_range,0.0,0,Time exit,381.75,328
2026-03-04T15:16:00+05:30,portfolio_replay,TREND,EXIT,debit_spread,24469.8,21.06,1.0,0.0,0.0,1.037,0.535,0.527,6,15,16,2,0,0,0,0,0,high_vol_range,0.0,0,Time exit,-263.25,286
2026-03-04T09:30:00+05:30,portfolio_replay,PREMIUM,SKIP,idle,24353.55,20.37,1.0,0.0,0.0,1.038,0.058,2.351,6,9,30,2,0,70,0,70,75,trending,0.0,0,,,
2026-03-04T09:35:00+05:30,portfolio_replay,PREMIUM,SKIP,idle,24324.5,20.56,1.0,0.0,0.0,1.038,0.062,2.351,6,9,35,2,0,70,0,70,75,trending,0.0,0,,,
2026-03-04T09:40:00+05:30,portfolio_replay,PREMIUM,SKIP,idle,24372.7,20.43,1.0,0.0,0.0,1.038,0.136,2.36,6,9,40,2,0,70,0,70,75,trending,0.0,0,,,
2026-03-04T09:45:00+05:30,portfolio_replay,PREMIUM,SKIP,idle,24413.15,20.32,1.0,0.0,0.0,1.038,0.302,0.347,6,9,45,2,0,62,0,62,75,high_vol_range,0.0,0,,,
2026-03-04T09:47:00+05:30,portfolio_replay,PREMIUM,ENTER,iron_condor,24367.7,20.56,1.0,0.0,0.0,1.038,0.116,0.347,6,9,47,2,0,82,0,82,75,high_vol_range,53.58,75,,,
2026-03-04T10:30:00+05:30,portfolio_replay,TREND,ENTER,debit_spread,24415.0,20.71,1.0,0.0,0.0,1.038,0.31,0.486,6,10,30,2,0,75,0,75,60,high_vol_range,38.69,75,,,
2026-03-04T15:15:00+05:30,portfolio_replay,PREMIUM,EXIT,iron_condor,24455.45,21.11,1.0,0.0,0.0,1.037,0.476,0.527,6,15,15,2,0,0,0,0,0,high_vol_range,0.0,0,Time exit,381.75,328
2026-03-04T15:16:00+05:30,portfolio_replay,TREND,EXIT,debit_spread,24469.8,21.06,1.0,0.0,0.0,1.037,0.535,0.527,6,15,16,2,0,0,0,0,0,high_vol_range,0.0,0,Time exit,-263.25,286
2026-03-04T09:30:00+05:30,portfolio_replay,PREMIUM,SKIP,idle,24353.55,20.37,1.0,0.0,0.0,1.038,0.058,2.351,6,9,30,2,0,70,0,70,75,trending,0.0,0,,,
2026-03-04T09:35:00+05:30,portfolio_replay,PREMIUM,SKIP,idle,24324.5,20.56,1.0,0.0,0.0,1.038,0.062,2.351,6,9,35,2,0,70,0,70,75,trending,0.0,0,,,
2026-03-04T09:40:00+05:30,portfolio_replay,PREMIUM,SKIP,idle,24372.7,20.43,1.0,0.0,0.0,1.038,0.136,2.36,6,9,40,2,0,70,0,70,75,trending,0.0,0,,,
2026-03-04T09:45:00+05:30,portfolio_replay,PREMIUM,SKIP,idle,24413.15,20.32,1.0,0.0,0.0,1.038,0.302,0.347,6,9,45,2,0,62,0,62,75,high_vol_range,0.0,0,,,
2026-03-04T09:47:00+05:30,portfolio_replay,PREMIUM,ENTER,iron_condor,24367.7,20.56,1.0,0.0,0.0,1.038,0.116,0.347,6,9,47,2,0,82,0,82,75,high_vol_range,53.58,75,,,
2026-03-04T10:30:00+05:30,portfolio_replay,TREND,ENTER,debit_spread,24415.0,20.71,1.0,0.0,0.0,1.038,0.31,0.486,6,10,30,2,0,75,0,75,60,high_vol_range,38.69,75,,,
2026-03-04T15:15:00+05:30,portfolio_replay,PREMIUM,EXIT,iron_condor,24455.45,21.11,1.0,0.0,0.0,1.037,0.476,0.527,6,15,15,2,0,0,0,0,0,high_vol_range,0.0,0,Time exit,381.75,328
2026-03-04T15:16:00+05:30,portfolio_replay,TREND,EXIT,debit_spread,24469.8,21.06,1.0,0.0,0.0,1.037,0.535,0.527,6,15,16,2,0,0,0,0,0,high_vol_range,0.0,0,Time exit,-263.25,286
2026-03-04T09:30:00+05:30,portfolio_replay,PREMIUM,ENTER,iron_condor,24353.55,20.37,1.0,0.0,0.0,1.038,0.058,2.351,6,9,30,2,0,70,0,70,65,trending,54.24,75,,,
2026-03-04T10:30:00+05:30,portfolio_replay,TREND,ENTER,debit_spread,24415.0,20.71,1.0,0.0,0.0,1.038,0.31,0.486,6,10,30,2,0,75,0,75,60,high_vol_range,38.69,75,,,
2026-03-04T15:15:00+05:30,portfolio_replay,PREMIUM,EXIT,iron_condor,24455.45,21.11,1.0,0.0,0.0,1.037,0.476,0.527,6,15,15,2,0,0,0,0,0,high_vol_range,0.0,0,Time exit,233.25,345
2026-03-04T15:16:00+05:30,portfolio_replay,TREND,EXIT,debit_spread,24469.8,21.06,1.0,0.0,0.0,1.037,0.535,0.527,6,15,16,2,0,0,0,0,0,high_vol_range,0.0,0,Time exit,-263.25,286
2026-03-04T09:30:00+05:30,portfolio_replay,PREMIUM,ENTER,iron_condor,24353.55,20.37,1.0,0.0,0.0,1.038,0.058,2.351,6,9,30,2,0,70,0,70,70,trending,54.24,75,,,
2026-03-04T10:30:00+05:30,portfolio_replay,TREND,ENTER,debit_spread,24415.0,20.71,1.0,0.0,0.0,1.038,0.31,0.486,6,10,30,2,0,75,0,75,60,high_vol_range,38.69,75,,,
2026-03-04T15:15:00+05:30,portfolio_replay,PREMIUM,EXIT,iron_condor,24455.45,21.11,1.0,0.0,0.0,1.037,0.476,0.527,6,15,15,2,0,0,0,0,0,high_vol_range,0.0,0,Time exit,233.25,345
2026-03-04T15:16:00+05:30,portfolio_replay,TREND,EXIT,debit_spread,24469.8,21.06,1.0,0.0,0.0,1.037,0.535,0.527,6,15,16,2,0,0,0,0,0,high_vol_range,0.0,0,Time exit,-263.25,286
2026-03-04T09:30:00+05:30,portfolio_replay,PREMIUM,SKIP,idle,24353.55,20.37,1.0,0.0,0.0,1.038,0.058,2.351,6,9,30,2,0,70,0,70,75,trending,0.0,0,,,
2026-03-04T09:35:00+05:30,portfolio_replay,PREMIUM,SKIP,idle,24324.5,20.56,1.0,0.0,0.0,1.038,0.062,2.351,6,9,35,2,0,70,0,70,75,trending,0.0,0,,,
2026-03-04T09:40:00+05:30,portfolio_replay,PREMIUM,SKIP,idle,24372.7,20.43,1.0,0.0,0.0,1.038,0.136,2.36,6,9,40,2,0,70,0,70,75,trending,0.0,0,,,
2026-03-04T09:45:00+05:30,portfolio_replay,PREMIUM,SKIP,idle,24413.15,20.32,1.0,0.0,0.0,1.038,0.302,0.347,6,9,45,2,0,62,0,62,75,high_vol_range,0.0,0,,,
2026-03-04T09:47:00+05:30,portfolio_replay,PREMIUM,ENTER,iron_condor,24367.7,20.56,1.0,0.0,0.0,1.038,0.116,0.347,6,9,47,2,0,82,0,82,75,high_vol_range,53.58,75,,,
2026-03-04T10:30:00+05:30,portfolio_replay,TREND,ENTER,debit_spread,24415.0,20.71,1.0,0.0,0.0,1.038,0.31,0.486,6,10,30,2,0,75,0,75,60,high_vol_range,38.69,75,,,
2026-03-04T15:15:00+05:30,portfolio_replay,PREMIUM,EXIT,iron_condor,24455.45,21.11,1.0,0.0,0.0,1.037,0.476,0.527,6,15,15,2,0,0,0,0,0,high_vol_range,0.0,0,Time exit,381.75,328
2026-03-04T15:16:00+05:30,portfolio_replay,TREND,EXIT,debit_spread,24469.8,21.06,1.0,0.0,0.0,1.037,0.535,0.527,6,15,16,2,0,0,0,0,0,high_vol_range,0.0,0,Time exit,-263.25,286
2026-03-04T09:30:00+05:30,portfolio_replay,PREMIUM,ENTER,iron_condor,24353.55,20.37,1.0,0.0,0.0,1.038,0.058,2.351,6,9,30,2,0,70,0,70,65,trending,54.24,75,,,
2026-03-04T10:30:00+05:30,portfolio_replay,TREND,ENTER,debit_spread,24415.0,20.71,1.0,0.0,0.0,1.038,0.31,0.486,6,10,30,2,0,75,0,75,60,high_vol_range,38.69,75,,,
2026-03-04T15:15:00+05:30,portfolio_replay,PREMIUM,EXIT,iron_condor,24455.45,21.11,1.0,0.0,0.0,1.037,0.476,0.527,6,15,15,2,0,0,0,0,0,high_vol_range,0.0,0,Time exit,233.25,345
2026-03-04T15:16:00+05:30,portfolio_replay,TREND,EXIT,debit_spread,24469.8,21.06,1.0,0.0,0.0,1.037,0.535,0.527,6,15,16,2,0,0,0,0,0,high_vol_range,0.0,0,Time exit,-263.25,286
2026-03-04T09:30:00+05:30,portfolio_replay,PREMIUM,ENTER,iron_condor,24353.55,20.37,1.0,0.0,0.0,1.038,0.058,2.351,6,9,30,2,0,70,0,70,70,trending,54.24,75,,,
2026-03-04T10:30:00+05:30,portfolio_replay,TREND,ENTER,debit_spread,24415.0,20.71,1.0,0.0,0.0,1.038,0.31,0.486,6,10,30,2,0,75,0,75,60,high_vol_range,38.69,75,,,
2026-03-04T15:15:00+05:30,portfolio_replay,PREMIUM,EXIT,iron_condor,24455.45,21.11,1.0,0.0,0.0,1.037,0.476,0.527,6,15,15,2,0,0,0,0,0,high_vol_range,0.0,0,Time exit,233.25,345
2026-03-04T15:16:00+05:30,portfolio_replay,TREND,EXIT,debit_spread,24469.8,21.06,1.0,0.0,0.0,1.037,0.535,0.527,6,15,16,2,0,0,0,0,0,high_vol_range,0.0,0,Time exit,-263.25,286
2026-03-04T09:30:00+05:30,portfolio_replay,PREMIUM,ENTER,iron_condor,24353.55,20.37,1.0,0.0,0.0,1.038,0.058,2.351,6,9,30,2,0,70,0,70,65,trending,54.24,75,,,
2026-03-04T10:30:00+05:30,portfolio_replay,TREND,ENTER,debit_spread,24415.0,20.71,1.0,0.0,0.0,1.038,0.31,0.486,6,10,30,2,0,75,0,75,60,high_vol_range,38.69,75,,,
2026-03-04T15:15:00+05:30,portfolio_replay,PREMIUM,EXIT,iron_condor,24455.45,21.11,1.0,0.0,0.0,1.037,0.476,0.527,6,15,15,2,0,0,0,0,0,high_vol_range,0.0,0,Time exit,233.25,345
2026-03-04T15:16:00+05:30,portfolio_replay,TREND,EXIT,debit_spread,24469.8,21.06,1.0,0.0,0.0,1.037,0.535,0.527,6,15,16,2,0,0,0,0,0,high_vol_range,0.0,0,Time exit,-263.25,286
2026-03-04T09:30:00+05:30,portfolio_replay,PREMIUM,SKIP,idle,24353.55,20.37,1.0,0.0,0.0,1.038,0.058,2.351,6,9,30,2,0,70,0,70,75,trending,0.0,0,,,
2026-03-04T09:35:00+05:30,portfolio_replay,PREMIUM,SKIP,idle,24324.5,20.56,1.0,0.0,0.0,1.038,0.062,2.351,6,9,35,2,0,70,0,70,75,trending,0.0,0,,,
2026-03-04T09:40:00+05:30,portfolio_replay,PREMIUM,SKIP,idle,24372.7,20.43,1.0,0.0,0.0,1.038,0.136,2.36,6,9,40,2,0,70,0,70,75,trending,0.0,0,,,
2026-03-04T09:45:00+05:30,portfolio_replay,PREMIUM,SKIP,idle,24413.15,20.32,1.0,0.0,0.0,1.038,0.302,0.347,6,9,45,2,0,62,0,62,75,high_vol_range,0.0,0,,,
2026-03-04T09:47:00+05:30,portfolio_replay,PREMIUM,ENTER,iron_condor,24367.7,20.56,1.0,0.0,0.0,1.038,0.116,0.347,6,9,47,2,0,82,0,82,75,high_vol_range,53.58,75,,,
2026-03-04T10:30:00+05:30,portfolio_replay,TREND,ENTER,debit_spread,24415.0,20.71,1.0,0.0,0.0,1.038,0.31,0.486,6,10,30,2,0,75,0,75,60,high_vol_range,38.69,75,,,
2026-03-04T15:15:00+05:30,portfolio_replay,PREMIUM,EXIT,iron_condor,24455.45,21.11,1.0,0.0,0.0,1.037,0.476,0.527,6,15,15,2,0,0,0,0,0,high_vol_range,0.0,0,Time exit,381.75,328
2026-03-04T15:16:00+05:30,portfolio_replay,TREND,EXIT,debit_spread,24469.8,21.06,1.0,0.0,0.0,1.037,0.535,0.527,6,15,16,2,0,0,0,0,0,high_vol_range,0.0,0,Time exit,-263.25,286
2026-03-04T09:30:00+05:30,portfolio_replay,PREMIUM,SKIP,idle,24353.55,20.37,1.0,0.0,0.0,1.038,0.058,2.351,6,9,30,2,0,70,0,70,75,trending,0.0,0,,,
2026-03-04T09:35:00+05:30,portfolio_replay,PREMIUM,SKIP,idle,24324.5,20.56,1.0,0.0,0.0,1.038,0.062,2.351,6,9,35,2,0,70,0,70,75,trending,0.0,0,,,
2026-03-04T09:40:00+05:30,portfolio_replay,PREMIUM,SKIP,idle,24372.7,20.43,1.0,0.0,0.0,1.038,0.136,2.36,6,9,40,2,0,70,0,70,75,trending,0.0,0,,,
2026-03-04T09:45:00+05:30,portfolio_replay,PREMIUM,SKIP,idle,24413.15,20.32,1.0,0.0,0.0,1.038,0.302,0.347,6,9,45,2,0,62,0,62,75,high_vol_range,0.0,0,,,
2026-03-04T09:47:00+05:30,portfolio_replay,PREMIUM,ENTER,iron_condor,24367.7,20.56,1.0,0.0,0.0,1.038,0.116,0.347,6,9,47,2,0,82,0,82,75,high_vol_range,53.58,75,,,
2026-03-04T10:30:00+05:30,portfolio_replay,TREND,ENTER,debit_spread,24415.0,20.71,1.0,0.0,0.0,1.038,0.31,0.486,6,10,30,2,0,75,0,75,60,high_vol_range,38.69,75,,,
2026-03-04T15:15:00+05:30,portfolio_replay,PREMIUM,EXIT,iron_condor,24455.45,21.11,1.0,0.0,0.0,1.037,0.476,0.527,6,15,15,2,0,0,0,0,0,high_vol_range,0.0,0,Time exit,381.75,328
2026-03-04T15:16:00+05:30,portfolio_replay,TREND,EXIT,debit_spread,24469.8,21.06,1.0,0.0,0.0,1.037,0.535,0.527,6,15,16,2,0,0,0,0,0,high_vol_range,0.0,0,Time exit,-263.25,286
2026-03-04T09:30:00+05:30,portfolio_replay,PREMIUM,SKIP,idle,24353.55,20.37,1.0,0.0,0.0,1.038,0.058,2.351,6,9,30,2,0,70,0,70,75,trending,0.0,0,,,
2026-03-04T09:35:00+05:30,portfolio_replay,PREMIUM,SKIP,idle,24324.5,20.56,1.0,0.0,0.0,1.038,0.062,2.351,6,9,35,2,0,70,0,70,75,trending,0.0,0,,,
2026-03-04T09:40:00+05:30,portfolio_replay,PREMIUM,SKIP,idle,24372.7,20.43,1.0,0.0,0.0,1.038,0.136,2.36,6,9,40,2,0,70,0,70,75,trending,0.0,0,,,
2026-03-04T09:45:00+05:30,portfolio_replay,PREMIUM,SKIP,idle,24413.15,20.32,1.0,0.0,0.0,1.038,0.302,0.347,6,9,45,2,0,62,0,62,75,high_vol_range,0.0,0,,,
2026-03-04T09:47:00+05:30,portfolio_replay,PREMIUM,ENTER,iron_condor,24367.7,20.56,1.0,0.0,0.0,1.038,0.116,0.347,6,9,47,2,0,82,0,82,75,high_vol_range,53.58,75,,,
2026-03-04T10:30:00+05:30,portfolio_replay,TREND,ENTER,debit_spread,24415.0,20.71,1.0,0.0,0.0,1.038,0.31,0.486,6,10,30,2,0,75,0,75,60,high_vol_range,38.69,75,,,
2026-03-04T15:15:00+05:30,portfolio_replay,PREMIUM,EXIT,iron_condor,24455.45,21.11,1.0,0.0,0.0,1.037,0.476,0.527,6,15,15,2,0,0,0,0,0,high_vol_range,0.0,0,Time exit,381.75,328
2026-03-04T15:16:00+05:30,portfolio_replay,TREND,EXIT,debit_spread,24469.8,21.06,1.0,0.0,0.0,1.037,0.535,0.527,6,15,16,2,0,0,0,0,0,high_vol_range,0.0,0,Time exit,-263.25,286
2026-03-04T09:30:00+05:30,portfolio_replay,PREMIUM,SKIP,idle,24353.55,20.37,1.0,0.0,0.0,1.038,0.058,2.351,6,9,30,2,0,70,0,70,75,trending,0.0,0,,,
2026-03-04T09:35:00+05:30,portfolio_replay,PREMIUM,SKIP,idle,24324.5,20.56,1.0,0.0,0.0,1.038,0.062,2.351,6,9,35,2,0,70,0,70,75,trending,0.0,0,,,
2026-03-04T09:40:00+05:30,portfolio_replay,PREMIUM,SKIP,idle,24372.7,20.43,1.0,0.0,0.0,1.038,0.136,2.36,6,9,40,2,0,70,0,70,75,trending,0.0,0,,,
2026-03-04T09:45:00+05:30,portfolio_replay,PREMIUM,SKIP,idle,24413.15,20.32,1.0,0.0,0.0,1.038,0.302,0.347,6,9,45,2,0,62,0,62,75,high_vol_range,0.0,0,,,
2026-03-04T09:47:00+05:30,portfolio_replay,PREMIUM,ENTER,iron_condor,24367.7,20.56,1.0,0.0,0.0,1.038,0.116,0.347,6,9,47,2,0,82,0,82,75,high_vol_range,53.58,75,,,
2026-03-04T10:30:00+05:30,portfolio_replay,TREND,ENTER,debit_spread,24415.0,20.71,1.0,0.0,0.0,1.038,0.31,0.486,6,10,30,2,0,75,0,75,60,high_vol_range,38.69,75,,,
2026-03-04T15:15:00+05:30,portfolio_replay,PREMIUM,EXIT,iron_condor,24455.45,21.11,1.0,0.0,0.0,1.037,0.476,0.527,6,15,15,2,0,0,0,0,0,high_vol_range,0.0,0,Time exit,381.75,328
2026-03-04T15:16:00+05:30,portfolio_replay,TREND,EXIT,debit_spread,24469.8,21.06,1.0,0.0,0.0,1.037,0.535,0.527,6,15,16,2,0,0,0,0,0,high_vol_range,0.0,0,Time exit,-263.25,286
2026-03-04T09:30:00+05:30,portfolio_replay,PREMIUM,SKIP,idle,24353.55,20.37,1.0,0.0,0.0,1.038,0.058,2.351,6,9,30,2,0,70,0,70,75,trending,0.0,0,,,
2026-03-04T09:35:00+05:30,portfolio_replay,PREMIUM,SKIP,idle,24324.5,20.56,1.0,0.0,0.0,1.038,0.062,2.351,6,9,35,2,0,70,0,70,75,trending,0.0,0,,,
2026-03-04T09:40:00+05:30,portfolio_replay,PREMIUM,SKIP,idle,24372.7,20.43,1.0,0.0,0.0,1.038,0.136,2.36,6,9,40,2,0,70,0,70,75,trending,0.0,0,,,
2026-03-04T09:45:00+05:30,portfolio_replay,PREMIUM,SKIP,idle,24413.15,20.32,1.0,0.0,0.0,1.038,0.302,0.347,6,9,45,2,0,62,0,62,75,high_vol_range,0.0,0,,,
2026-03-04T09:47:00+05:30,portfolio_replay,PREMIUM,ENTER,iron_condor,24367.7,20.56,1.0,0.0,0.0,1.038,0.116,0.347,6,9,47,2,0,82,0,82,75,high_vol_range,53.58,75,,,
2026-03-04T10:30:00+05:30,portfolio_replay,TREND,ENTER,debit_spread,24415.0,20.71,1.0,0.0,0.0,1.038,0.31,0.486,6,10,30,2,0,75,0,75,60,high_vol_range,38.69,75,,,
2026-03-04T15:15:00+05:30,portfolio_replay,PREMIUM,EXIT,iron_condor,24455.45,21.11,1.0,0.0,0.0,1.037,0.476,0.527,6,15,15,2,0,0,0,0,0,high_vol_range,0.0,0,Time exit,381.75,328
2026-03-04T15:16:00+05:30,portfolio_replay,TREND,EXIT,debit_spread,24469.8,21.06,1.0,0.0,0.0,1.037,0.535,0.527,6,15,16,2,0,0,0,0,0,high_vol_range,0.0,0,Time exit,-263.25,286
2026-03-04T09:30:00+05:30,portfolio_replay,PREMIUM,SKIP,idle,24353.55,20.37,1.0,0.0,0.0,1.038,0.058,2.351,6,9,30,2,0,70,0,70,75,trending,0.0,0,,,
2026-03-04T09:35:00+05:30,portfolio_replay,PREMIUM,SKIP,idle,24324.5,20.56,1.0,0.0,0.0,1.038,0.062,2.351,6,9,35,2,0,70,0,70,75,trending,0.0,0,,,
2026-03-04T09:40:00+05:30,portfolio_replay,PREMIUM,SKIP,idle,24372.7,20.43,1.0,0.0,0.0,1.038,0.136,2.36,6,9,40,2,0,70,0,70,75,trending,0.0,0,,,
2026-03-04T09:45:00+05:30,portfolio_replay,PREMIUM,SKIP,idle,24413.15,20.32,1.0,0.0,0.0,1.038,0.302,0.347,6,9,45,2,0,62,0,62,75,high_vol_range,0.0,0,,,
2026-03-04T09:47:00+05:30,portfolio_replay,PREMIUM,ENTER,iron_condor,24367.7,20.56,1.0,0.0,0.0,1.038,0.116,0.347,6,9,47,2,0,82,0,82,75,high_vol_range,53.58,75,,,
2026-03-04T10:30:00+05:30,portfolio_replay,TREND,ENTER,debit_spread,24415.0,20.71,1.0,0.0,0.0,1.038,0.31,0.486,6,10,30,2,0,75,0,75,60,high_vol_range,38.69,75,,,
2026-03-04T15:15:00+05:30,portfolio_replay,PREMIUM,EXIT,iron_condor,24455.45,21.11,1.0,0.0,0.0,1.037,0.476,0.527,6,15,15,2,0,0,0,0,0,high_vol_range,0.0,0,Time exit,381.75,328
2026-03-04T15:16:00+05:30,portfolio_replay,TREND,EXIT,debit_spread,24469.8,21.06,1.0,0.0,0.0,1.037,0.535,0.527,6,15,16,2,0,0,0,0,0,high_vol_range,0.0,0,Time exit,-263.25,286
2026-03-04T09:30:00+05:30,portfolio_replay,PREMIUM,SKIP,idle,24353.55,20.37,1.0,0.0,0.0,1.038,0.058,2.351,6,9,30,2,0,70,0,70,75,trending,0.0,0,,,
2026-03-04T09:35:00+05:30,portfolio_replay,PREMIUM,SKIP,idle,24324.5,20.56,1.0,0.0,0.0,1.038,0.062,2.351,6,9,35,2,0,70,0,70,75,trending,0.0,0,,,
2026-03-04T09:40:00+05:30,portfolio_replay,PREMIUM,SKIP,idle,24372.7,20.43,1.0,0.0,0.0,1.038,0.136,2.36,6,9,40,2,0,70,0,70,75,trending,0.0,0,,,
2026-03-04T09:45:00+05:30,portfolio_replay,PREMIUM,SKIP,idle,24413.15,20.32,1.0,0.0,0.0,1.038,0.302,0.347,6,9,45,2,0,62,0,62,75,high_vol_range,0.0,0,,,
2026-03-04T09:47:00+05:30,portfolio_replay,PREMIUM,ENTER,iron_condor,24367.7,20.56,1.0,0.0,0.0,1.038,0.116,0.347,6,9,47,2,0,82,0,82,75,high_vol_range,53.58,75,,,
2026-03-04T10:30:00+05:30,portfolio_replay,TREND,ENTER,debit_spread,24415.0,20.71,1.0,0.0,0.0,1.038,0.31,0.486,6,10,30,2,0,75,0,75,60,high_vol_range,38.69,75,,,
2026-03-04T15:15:00+05:30,portfolio_replay,PREMIUM,EXIT,iron_condor,24455.45,21.11,1.0,0.0,0.0,1.037,0.476,0.527,6,15,15,2,0,0,0,0,0,high_vol_range,0.0,0,Time exit,381.75,328
2026-03-04T15:16:00+05:30,portfolio_replay,TREND,EXIT,debit_spread,24469.8,21.06,1.0,0.0,0.0,1.037,0.535,0.527,6,15,16,2,0,0,0,0,0,high_vol_range,0.0,0,Time exit,-263.25,286
2026-03-04T09:30:00+05:30,portfolio_replay,PREMIUM,SKIP,idle,24353.55,20.37,1.0,0.0,0.0,1.038,0.058,2.351,6,9,30,2,0,70,0,70,75,trending,0.0,0,,,
2026-03-04T09:35:00+05:30,portfolio_replay,PREMIUM,SKIP,idle,24324.5,20.56,1.0,0.0,0.0,1.038,0.062,2.351,6,9,35,2,0,70,0,70,75,trending,0.0,0,,,
2026-03-04T09:40:00+05:30,portfolio_replay,PREMIUM,SKIP,idle,24372.7,20.43,1.0,0.0,0.0,1.038,0.136,2.36,6,9,40,2,0,70,0,70,75,trending,0.0,0,,,
2026-03-04T09:45:00+05:30,portfolio_replay,PREMIUM,SKIP,idle,24413.15,20.32,1.0,0.0,0.0,1.038,0.302,0.347,6,9,45,2,0,62,0,62,75,high_vol_range,0.0,0,,,
2026-03-04T09:47:00+05:30,portfolio_replay,PREMIUM,ENTER,iron_condor,24367.7,20.56,1.0,0.0,0.0,1.038,0.116,0.347,6,9,47,2,0,82,0,82,75,high_vol_range,53.58,75,,,
2026-03-04T10:30:00+05:30,portfolio_replay,TREND,ENTER,debit_spread,24415.0,20.71,1.0,0.0,0.0,1.038,0.31,0.486,6,10,30,2,0,75,0,75,60,high_vol_range,38.69,75,,,
2026-03-04T15:15:00+05:30,portfolio_replay,PREMIUM,EXIT,iron_condor,24455.45,21.11,1.0,0.0,0.0,1.037,0.476,0.527,6,15,15,2,0,0,0,0,0,high_vol_range,0.0,0,Time exit,381.75,328
2026-03-04T15:16:00+05:30,portfolio_replay,TREND,EXIT,debit_spread,24469.8,21.06,1.0,0.0,0.0,1.037,0.535,0.527,6,15,16,2,0,0,0,0,0,high_vol_range,0.0,0,Time exit,-263.25,286
2026-03-04T09:30:00+05:30,portfolio_replay,PREMIUM,SKIP,idle,24353.55,20.37,1.0,0.0,0.0,1.038,0.058,2.351,6,9,30,2,0,70,0,70,75,trending,0.0,0,,,
2026-03-04T09:35:00+05:30,portfolio_replay,PREMIUM,SKIP,idle,24324.5,20.56,1.0,0.0,0.0,1.038,0.062,2.351,6,9,35,2,0,70,0,70,75,trending,0.0,0,,,
2026-03-04T09:40:00+05:30,portfolio_replay,PREMIUM,SKIP,idle,24372.7,20.43,1.0,0.0,0.0,1.038,0.136,2.36,6,9,40,2,0,70,0,70,75,trending,0.0,0,,,
2026-03-04T09:45:00+05:30,portfolio_replay,PREMIUM,SKIP,idle,24413.15,20.32,1.0,0.0,0.0,1.038,0.302,0.347,6,9,45,2,0,62,0,62,75,high_vol_range,0.0,0,,,
2026-03-04T09:47:00+05:30,portfolio_replay,PREMIUM,ENTER,iron_condor,24367.7,20.56,1.0,0.0,0.0,1.038,0.116,0.347,6,9,47,2,0,82,0,82,75,high_vol_range,53.58,75,,,
2026-03-04T10:30:00+05:30,portfolio_replay,TREND,ENTER,debit_spread,24415.0,20.71,1.0,0.0,0.0,1.038,0.31,0.486,6,10,30,2,0,75,0,75,60,high_vol_range,38.69,75,,,
2026-03-04T15:15:00+05:30,portfolio_replay,PREMIUM,EXIT,iron_condor,24455.45,21.11,1.0,0.0,0.0,1.037,0.476,0.527,6,15,15,2,0,0,0,0,0,high_vol_range,0.0,0,Time exit,381.75,328
2026-03-04T15:16:00+05:30,portfolio_replay,TREND,EXIT,debit_spread,24469.8,21.06,1.0,0.0,0.0,1.037,0.535,0.527,6,15,16,2,0,0,0,0,0,high_vol_range,0.0,0,Time exit,-263.25,286
2026-03-04T09:30:00+05:30,portfolio_replay,PREMIUM,SKIP,idle,24353.55,20.37,1.0,0.0,0.0,1.038,0.058,2.351,6,9,30,2,0,70,0,70,75,trending,0.0,0,,,
2026-03-04T09:35:00+05:30,portfolio_replay,PREMIUM,SKIP,idle,24324.5,20.56,1.0,0.0,0.0,1.038,0.062,2.351,6,9,35,2,0,70,0,70,75,trending,0.0,0,,,
2026-03-04T09:40:00+05:30,portfolio_replay,PREMIUM,SKIP,idle,24372.7,20.43,1.0,0.0,0.0,1.038,0.136,2.36,6,9,40,2,0,70,0,70,75,trending,0.0,0,,,
2026-03-04T09:45:00+05:30,portfolio_replay,PREMIUM,SKIP,idle,24413.15,20.32,1.0,0.0,0.0,1.038,0.302,0.347,6,9,45,2,0,62,0,62,75,high_vol_range,0.0,0,,,
2026-03-04T09:47:00+05:30,portfolio_replay,PREMIUM,ENTER,iron_condor,24367.7,20.56,1.0,0.0,0.0,1.038,0.116,0.347,6,9,47,2,0,82,0,82,75,high_vol_range,53.58,75,,,
2026-03-04T10:30:00+05:30,portfolio_replay,TREND,ENTER,debit_spread,24415.0,20.71,1.0,0.0,0.0,1.038,0.31,0.486,6,10,30,2,0,75,0,75,55,high_vol_range,38.69,75,,,
2026-03-04T15:15:00+05:30,portfolio_replay,PREMIUM,EXIT,iron_condor,24455.45,21.11,1.0,0.0,0.0,1.037,0.476,0.527,6,15,15,2,0,0,0,0,0,high_vol_range,0.0,0,Time exit,381.75,328
2026-03-04T15:16:00+05:30,portfolio_replay,TREND,EXIT,debit_spread,24469.8,21.06,1.0,0.0,0.0,1.037,0.535,0.527,6,15,16,2,0,0,0,0,0,high_vol_range,0.0,0,Time exit,-263.25,286
2026-03-04T09:30:00+05:30,portfolio_replay,PREMIUM,SKIP,idle,24353.55,20.37,1.0,0.0,0.0,1.038,0.058,2.351,6,9,30,2,0,70,0,70,75,trending,0.0,0,,,
2026-03-04T09:35:00+05:30,portfolio_replay,PREMIUM,SKIP,idle,24324.5,20.56,1.0,0.0,0.0,1.038,0.062,2.351,6,9,35,2,0,70,0,70,75,trending,0.0,0,,,
2026-03-04T09:40:00+05:30,portfolio_replay,PREMIUM,SKIP,idle,24372.7,20.43,1.0,0.0,0.0,1.038,0.136,2.36,6,9,40,2,0,70,0,70,75,trending,0.0,0,,,
2026-03-04T09:45:00+05:30,portfolio_replay,PREMIUM,SKIP,idle,24413.15,20.32,1.0,0.0,0.0,1.038,0.302,0.347,6,9,45,2,0,62,0,62,75,high_vol_range,0.0,0,,,
2026-03-04T09:47:00+05:30,portfolio_replay,PREMIUM,ENTER,iron_condor,24367.7,20.56,1.0,0.0,0.0,1.038,0.116,0.347,6,9,47,2,0,82,0,82,75,high_vol_range,53.58,75,,,
2026-03-04T10:00:00+05:30,portfolio_replay,TREND,ENTER,debit_spread,24315.45,20.95,1.0,0.0,0.0,1.038,0.099,0.364,6,10,0,2,0,50,0,50,50,high_vol_range,38.74,75,,,
2026-03-04T15:15:00+05:30,portfolio_replay,PREMIUM,EXIT,iron_condor,24455.45,21.11,1.0,0.0,0.0,1.037,0.476,0.527,6,15,15,2,0,0,0,0,0,high_vol_range,0.0,0,Time exit,381.75,328
2026-03-04T15:16:00+05:30,portfolio_replay,TREND,EXIT,debit_spread,24469.8,21.06,1.0,0.0,0.0,1.037,0.535,0.527,6,15,16,2,0,0,0,0,0,high_vol_range,0.0,0,Time exit,-697.5,316
2026-03-04T09:30:00+05:30,portfolio_replay,PREMIUM,SKIP,idle,24353.55,20.37,1.0,0.0,0.0,1.038,0.058,2.351,6,9,30,2,0,70,0,70,75,trending,0.0,0,,,
2026-03-04T09:35:00+05:30,portfolio_replay,PREMIUM,SKIP,idle,24324.5,20.56,1.0,0.0,0.0,1.038,0.062,2.351,6,9,35,2,0,70,0,70,75,trending,0.0,0,,,
2026-03-04T09:40:00+05:30,portfolio_replay,PREMIUM,SKIP,idle,24372.7,20.43,1.0,0.0,0.0,1.038,0.136,2.36,6,9,40,2,0,70,0,70,75,trending,0.0,0,,,
2026-03-04T09:45:00+05:30,portfolio_replay,PREMIUM,SKIP,idle,24413.15,20.32,1.0,0.0,0.0,1.038,0.302,0.347,6,9,45,2,0,62,0,62,75,high_vol_range,0.0,0,,,
2026-03-04T09:47:00+05:30,portfolio_replay,PREMIUM,ENTER,iron_condor,24367.7,20.56,1.0,0.0,0.0,1.038,0.116,0.347,6,9,47,2,0,82,0,82,75,high_vol_range,53.58,75,,,
2026-03-04T10:30:00+05:30,portfolio_replay,TREND,ENTER,debit_spread,24415.0,20.71,1.0,0.0,0.0,1.038,0.31,0.486,6,10,30,2,0,75,0,75,55,high_vol_range,38.69,75,,,
2026-03-04T15:15:00+05:30,portfolio_replay,PREMIUM,EXIT,iron_condor,24455.45,21.11,1.0,0.0,0.0,1.037,0.476,0.527,6,15,15,2,0,0,0,0,0,high_vol_range,0.0,0,Time exit,381.75,328
2026-03-04T15:16:00+05:30,portfolio_replay,TREND,EXIT,debit_spread,24469.8,21.06,1.0,0.0,0.0,1.037,0.535,0.527,6,15,16,2,0,0,0,0,0,high_vol_range,0.0,0,Time exit,-263.25,286
2026-03-04T09:30:00+05:30,portfolio_replay,PREMIUM,SKIP,idle,24353.55,20.37,1.0,0.0,0.0,1.038,0.058,2.351,6,9,30,2,0,70,0,70,75,trending,0.0,0,,,
2026-03-04T09:35:00+05:30,portfolio_replay,PREMIUM,SKIP,idle,24324.5,20.56,1.0,0.0,0.0,1.038,0.062,2.351,6,9,35,2,0,70,0,70,75,trending,0.0,0,,,
2026-03-04T09:40:00+05:30,portfolio_replay,PREMIUM,SKIP,idle,24372.7,20.43,1.0,0.0,0.0,1.038,0.136,2.36,6,9,40,2,0,70,0,70,75,trending,0.0,0,,,
2026-03-04T09:45:00+05:30,portfolio_replay,PREMIUM,SKIP,idle,24413.15,20.32,1.0,0.0,0.0,1.038,0.302,0.347,6,9,45,2,0,62,0,62,75,high_vol_range,0.0,0,,,
2026-03-04T09:47:00+05:30,portfolio_replay,PREMIUM,ENTER,iron_condor,24367.7,20.56,1.0,0.0,0.0,1.038,0.116,0.347,6,9,47,2,0,82,0,82,75,high_vol_range,53.58,75,,,
2026-03-04T10:30:00+05:30,portfolio_replay,TREND,ENTER,debit_spread,24415.0,20.71,1.0,0.0,0.0,1.038,0.31,0.486,6,10,30,2,0,75,0,75,55,high_vol_range,38.69,75,,,
2026-03-04T15:15:00+05:30,portfolio_replay,PREMIUM,EXIT,iron_condor,24455.45,21.11,1.0,0.0,0.0,1.037,0.476,0.527,6,15,15,2,0,0,0,0,0,high_vol_range,0.0,0,Time exit,381.75,328
2026-03-04T15:16:00+05:30,portfolio_replay,TREND,EXIT,debit_spread,24469.8,21.06,1.0,0.0,0.0,1.037,0.535,0.527,6,15,16,2,0,0,0,0,0,high_vol_range,0.0,0,Time exit,-263.25,286
2026-03-04T09:30:00+05:30,portfolio_replay,PREMIUM,SKIP,idle,24353.55,20.37,1.0,0.0,0.0,1.038,0.058,2.351,6,9,30,2,0,70,0,70,75,trending,0.0,0,,,
2026-03-04T09:35:00+05:30,portfolio_replay,PREMIUM,SKIP,idle,24324.5,20.56,1.0,0.0,0.0,1.038,0.062,2.351,6,9,35,2,0,70,0,70,75,trending,0.0,0,,,
2026-03-04T09:40:00+05:30,portfolio_replay,PREMIUM,SKIP,idle,24372.7,20.43,1.0,0.0,0.0,1.038,0.136,2.36,6,9,40,2,0,70,0,70,75,trending,0.0,0,,,
2026-03-04T09:45:00+05:30,portfolio_replay,PREMIUM,SKIP,idle,24413.15,20.32,1.0,0.0,0.0,1.038,0.302,0.347,6,9,45,2,0,62,0,62,75,high_vol_range,0.0,0,,,
2026-03-04T09:47:00+05:30,portfolio_replay,PREMIUM,ENTER,iron_condor,24367.7,20.56,1.0,0.0,0.0,1.038,0.116,0.347,6,9,47,2,0,82,0,82,75,high_vol_range,53.58,75,,,
2026-03-04T10:30:00+05:30,portfolio_replay,TREND,ENTER,debit_spread,24415.0,20.71,1.0,0.0,0.0,1.038,0.31,0.486,6,10,30,2,0,75,0,75,60,high_vol_range,38.69,75,,,
2026-03-04T15:15:00+05:30,portfolio_replay,PREMIUM,EXIT,iron_condor,24455.45,21.11,1.0,0.0,0.0,1.037,0.476,0.527,6,15,15,2,0,0,0,0,0,high_vol_range,0.0,0,Time exit,381.75,328
2026-03-04T15:16:00+05:30,portfolio_replay,TREND,EXIT,debit_spread,24469.8,21.06,1.0,0.0,0.0,1.037,0.535,0.527,6,15,16,2,0,0,0,0,0,high_vol_range,0.0,0,Time exit,-263.25,286
2026-03-04T09:30:00+05:30,portfolio_replay,PREMIUM,SKIP,idle,24353.55,20.37,1.0,0.0,0.0,1.038,0.058,2.351,6,9,30,2,0,70,0,70,75,trending,0.0,0,,,
2026-03-04T09:35:00+05:30,portfolio_replay,PREMIUM,SKIP,idle,24324.5,20.56,1.0,0.0,0.0,1.038,0.062,2.351,6,9,35,2,0,70,0,70,75,trending,0.0,0,,,
2026-03-04T09:40:00+05:30,portfolio_replay,PREMIUM,SKIP,idle,24372.7,20.43,1.0,0.0,0.0,1.038,0.136,2.36,6,9,40,2,0,70,0,70,75,trending,0.0,0,,,
2026-03-04T09:45:00+05:30,portfolio_replay,PREMIUM,SKIP,idle,24413.15,20.32,1.0,0.0,0.0,1.038,0.302,0.347,6,9,45,2,0,62,0,62,75,high_vol_range,0.0,0,,,
2026-03-04T09:47:00+05:30,portfolio_replay,PREMIUM,ENTER,iron_condor,24367.7,20.56,1.0,0.0,0.0,1.038,0.116,0.347,6,9,47,2,0,82,0,82,75,high_vol_range,53.58,75,,,
2026-03-04T10:30:00+05:30,portfolio_replay,TREND,ENTER,debit_spread,24415.0,20.71,1.0,0.0,0.0,1.038,0.31,0.486,6,10,30,2,0,75,0,75,60,high_vol_range,38.69,75,,,
2026-03-04T15:15:00+05:30,portfolio_replay,PREMIUM,EXIT,iron_condor,24455.45,21.11,1.0,0.0,0.0,1.037,0.476,0.527,6,15,15,2,0,0,0,0,0,high_vol_range,0.0,0,Time exit,381.75,328
2026-03-04T15:16:00+05:30,portfolio_replay,TREND,EXIT,debit_spread,24469.8,21.06,1.0,0.0,0.0,1.037,0.535,0.527,6,15,16,2,0,0,0,0,0,high_vol_range,0.0,0,Time exit,-263.25,286
2026-03-04T09:30:00+05:30,portfolio_replay,PREMIUM,SKIP,idle,24353.55,20.37,1.0,0.0,0.0,1.038,0.058,2.351,6,9,30,2,0,70,0,70,75,trending,0.0,0,,,
2026-03-04T09:35:00+05:30,portfolio_replay,PREMIUM,SKIP,idle,24324.5,20.56,1.0,0.0,0.0,1.038,0.062,2.351,6,9,35,2,0,70,0,70,75,trending,0.0,0,,,
2026-03-04T09:40:00+05:30,portfolio_replay,PREMIUM,SKIP,idle,24372.7,20.43,1.0,0.0,0.0,1.038,0.136,2.36,6,9,40,2,0,70,0,70,75,trending,0.0,0,,,
2026-03-04T09:45:00+05:30,portfolio_replay,PREMIUM,SKIP,idle,24413.15,20.32,1.0,0.0,0.0,1.038,0.302,0.347,6,9,45,2,0,62,0,62,75,high_vol_range,0.0,0,,,
2026-03-04T09:47:00+05:30,portfolio_replay,PREMIUM,ENTER,iron_condor,24367.7,20.56,1.0,0.0,0.0,1.038,0.116,0.347,6,9,47,2,0,82,0,82,75,high_vol_range,53.58,75,,,
2026-03-04T10:30:00+05:30,portfolio_replay,TREND,ENTER,debit_spread,24415.0,20.71,1.0,0.0,0.0,1.038,0.31,0.486,6,10,30,2,0,75,0,75,60,high_vol_range,38.69,75,,,
2026-03-04T15:15:00+05:30,portfolio_replay,PREMIUM,EXIT,iron_condor,24455.45,21.11,1.0,0.0,0.0,1.037,0.476,0.527,6,15,15,2,0,0,0,0,0,high_vol_range,0.0,0,Time exit,381.75,328
2026-03-04T15:16:00+05:30,portfolio_replay,TREND,EXIT,debit_spread,24469.8,21.06,1.0,0.0,0.0,1.037,0.535,0.527,6,15,16,2,0,0,0,0,0,high_vol_range,0.0,0,Time exit,-263.25,286
2026-03-04T09:30:00+05:30,portfolio_replay,PREMIUM,SKIP,idle,24353.55,20.37,1.0,0.0,0.0,1.038,0.058,2.351,6,9,30,2,0,70,0,70,75,trending,0.0,0,,,
2026-03-04T09:35:00+05:30,portfolio_replay,PREMIUM,SKIP,idle,24324.5,20.56,1.0,0.0,0.0,1.038,0.062,2.351,6,9,35,2,0,70,0,70,75,trending,0.0,0,,,
2026-03-04T09:40:00+05:30,portfolio_replay,PREMIUM,SKIP,idle,24372.7,20.43,1.0,0.0,0.0,1.038,0.136,2.36,6,9,40,2,0,70,0,70,75,trending,0.0,0,,,
2026-03-04T09:45:00+05:30,portfolio_replay,PREMIUM,SKIP,idle,24413.15,20.32,1.0,0.0,0.0,1.038,0.302,0.347,6,9,45,2,0,62,0,62,75,high_vol_range,0.0,0,,,
2026-03-04T09:47:00+05:30,portfolio_replay,PREMIUM,ENTER,iron_condor,24367.7,20.56,1.0,0.0,0.0,1.038,0.116,0.347,6,9,47,2,0,82,0,82,75,high_vol_range,53.58,75,,,
2026-03-04T10:30:00+05:30,portfolio_replay,TREND,ENTER,debit_spread,24415.0,20.71,1.0,0.0,0.0,1.038,0.31,0.486,6,10,30,2,0,75,0,75,60,high_vol_range,38.69,75,,,
2026-03-04T15:15:00+05:30,portfolio_replay,PREMIUM,EXIT,iron_condor,24455.45,21.11,1.0,0.0,0.0,1.037,0.476,0.527,6,15,15,2,0,0,0,0,0,high_vol_range,0.0,0,Time exit,381.75,328
2026-03-04T15:16:00+05:30,portfolio_replay,TREND,EXIT,debit_spread,24469.8,21.06,1.0,0.0,0.0,1.037,0.535,0.527,6,15,16,2,0,0,0,0,0,high_vol_range,0.0,0,Time exit,-263.25,286
2026-03-04T09:30:00+05:30,portfolio_replay,PREMIUM,SKIP,idle,24353.55,20.37,1.0,0.0,0.0,1.038,0.058,2.351,6,9,30,2,0,70,0,70,75,trending,0.0,0,,,
2026-03-04T09:35:00+05:30,portfolio_replay,PREMIUM,SKIP,idle,24324.5,20.56,1.0,0.0,0.0,1.038,0.062,2.351,6,9,35,2,0,70,0,70,75,trending,0.0,0,,,
2026-03-04T09:40:00+05:30,portfolio_replay,PREMIUM,SKIP,idle,24372.7,20.43,1.0,0.0,0.0,1.038,0.136,2.36,6,9,40,2,0,70,0,70,75,trending,0.0,0,,,
2026-03-04T09:45:00+05:30,portfolio_replay,PREMIUM,SKIP,idle,24413.15,20.32,1.0,0.0,0.0,1.038,0.302,0.347,6,9,45,2,0,62,0,62,75,high_vol_range,0.0,0,,,
2026-03-04T09:47:00+05:30,portfolio_replay,PREMIUM,ENTER,iron_condor,24367.7,20.56,1.0,0.0,0.0,1.038,0.116,0.347,6,9,47,2,0,82,0,82,75,high_vol_range,53.58,75,,,
2026-03-04T10:30:00+05:30,portfolio_replay,TREND,ENTER,debit_spread,24415.0,20.71,1.0,0.0,0.0,1.038,0.31,0.486,6,10,30,2,0,75,0,75,60,high_vol_range,38.69,75,,,
2026-03-04T15:15:00+05:30,portfolio_replay,PREMIUM,EXIT,iron_condor,24455.45,21.11,1.0,0.0,0.0,1.037,0.476,0.527,6,15,15,2,0,0,0,0,0,high_vol_range,0.0,0,Time exit,381.75,328
2026-03-04T15:16:00+05:30,portfolio_replay,TREND,EXIT,debit_spread,24469.8,21.06,1.0,0.0,0.0,1.037,0.535,0.527,6,15,16,2,0,0,0,0,0,high_vol_range,0.0,0,Time exit,-263.25,286
2026-03-04T09:30:00+05:30,portfolio_replay,PREMIUM,SKIP,idle,24353.55,20.37,1.0,0.0,0.0,1.038,0.058,2.351,6,9,30,2,0,70,0,70,75,trending,0.0,0,,,
2026-03-04T09:35:00+05:30,portfolio_replay,PREMIUM,SKIP,idle,24324.5,20.56,1.0,0.0,0.0,1.038,0.062,2.351,6,9,35,2,0,70,0,70,75,trending,0.0,0,,,
2026-03-04T09:40:00+05:30,portfolio_replay,PREMIUM,SKIP,idle,24372.7,20.43,1.0,0.0,0.0,1.038,0.136,2.36,6,9,40,2,0,70,0,70,75,trending,0.0,0,,,
2026-03-04T09:45:00+05:30,portfolio_replay,PREMIUM,SKIP,idle,24413.15,20.32,1.0,0.0,0.0,1.038,0.302,0.347,6,9,45,2,0,62,0,62,75,high_vol_range,0.0,0,,,
2026-03-04T09:47:00+05:30,portfolio_replay,PREMIUM,ENTER,iron_condor,24367.7,20.56,1.0,0.0,0.0,1.038,0.116,0.347,6,9,47,2,0,82,0,82,75,high_vol_range,53.58,75,,,
2026-03-04T10:30:00+05:30,portfolio_replay,TREND,ENTER,debit_spread,24415.0,20.71,1.0,0.0,0.0,1.038,0.31,0.486,6,10,30,2,0,75,0,75,60,high_vol_range,38.69,75,,,
2026-03-04T15:15:00+05:30,portfolio_replay,PREMIUM,EXIT,iron_condor,24455.45,21.11,1.0,0.0,0.0,1.037,0.476,0.527,6,15,15,2,0,0,0,0,0,high_vol_range,0.0,0,Time exit,381.75,328
2026-03-04T15:16:00+05:30,portfolio_replay,TREND,EXIT,debit_spread,24469.8,21.06,1.0,0.0,0.0,1.037,0.535,0.527,6,15,16,2,0,0,0,0,0,high_vol_range,0.0,0,Time exit,-263.25,286
2026-03-04T09:30:00+05:30,portfolio_replay,PREMIUM,SKIP,idle,24353.55,20.37,1.0,0.0,0.0,1.038,0.058,2.351,6,9,30,2,0,70,0,70,75,trending,0.0,0,,,
2026-03-04T09:35:00+05:30,portfolio_replay,PREMIUM,SKIP,idle,24324.5,20.56,1.0,0.0,0.0,1.038,0.062,2.351,6,9,35,2,0,70,0,70,75,trending,0.0,0,,,
2026-03-04T09:40:00+05:30,portfolio_replay,PREMIUM,SKIP,idle,24372.7,20.43,1.0,0.0,0.0,1.038,0.136,2.36,6,9,40,2,0,70,0,70,75,trending,0.0,0,,,
2026-03-04T09:45:00+05:30,portfolio_replay,PREMIUM,SKIP,idle,24413.15,20.32,1.0,0.0,0.0,1.038,0.302,0.347,6,9,45,2,0,62,0,62,75,high_vol_range,0.0,0,,,
2026-03-04T09:47:00+05:30,portfolio_replay,PREMIUM,ENTER,iron_condor,24367.7,20.56,1.0,0.0,0.0,1.038,0.116,0.347,6,9,47,2,0,82,0,82,75,high_vol_range,53.58,75,,,
2026-03-04T10:30:00+05:30,portfolio_replay,TREND,ENTER,debit_spread,24415.0,20.71,1.0,0.0,0.0,1.038,0.31,0.486,6,10,30,2,0,75,0,75,60,high_vol_range,38.69,75,,,
2026-03-04T15:15:00+05:30,portfolio_replay,PREMIUM,EXIT,iron_condor,24455.45,21.11,1.0,0.0,0.0,1.037,0.476,0.527,6,15,15,2,0,0,0,0,0,high_vol_range,0.0,0,Time exit,381.75,328
2026-03-04T15:16:00+05:30,portfolio_replay,TREND,EXIT,debit_spread,24469.8,21.06,1.0,0.0,0.0,1.037,0.535,0.527,6,15,16,2,0,0,0,0,0,high_vol_range,0.0,0,Time exit,-263.25,286
2026-03-04T09:30:00+05:30,portfolio_replay,PREMIUM,SKIP,idle,24353.55,20.37,1.0,0.0,0.0,1.038,0.058,2.351,6,9,30,2,0,70,0,70,75,trending,0.0,0,,,
2026-03-04T09:35:00+05:30,portfolio_replay,PREMIUM,SKIP,idle,24324.5,20.56,1.0,0.0,0.0,1.038,0.062,2.351,6,9,35,2,0,70,0,70,75,trending,0.0,0,,,
2026-03-04T09:40:00+05:30,portfolio_replay,PREMIUM,SKIP,idle,24372.7,20.43,1.0,0.0,0.0,1.038,0.136,2.36,6,9,40,2,0,70,0,70,75,trending,0.0,0,,,
2026-03-04T09:45:00+05:30,portfolio_replay,PREMIUM,SKIP,idle,24413.15,20.32,1.0,0.0,0.0,1.038,0.302,0.347,6,9,45,2,0,62,0,62,75,high_vol_range,0.0,0,,,
2026-03-04T09:47:00+05:30,portfolio_replay,PREMIUM,ENTER,iron_condor,24367.7,20.56,1.0,0.0,0.0,1.038,0.116,0.347,6,9,47,2,0,82,0,82,75,high_vol_range,53.58,75,,,
2026-03-04T10:30:00+05:30,portfolio_replay,TREND,ENTER,debit_spread,24415.0,20.71,1.0,0.0,0.0,1.038,0.31,0.486,6,10,30,2,0,75,0,75,60,high_vol_range,38.69,75,,,
2026-03-04T15:15:00+05:30,portfolio_replay,PREMIUM,EXIT,iron_condor,24455.45,21.11,1.0,0.0,0.0,1.037,0.476,0.527,6,15,15,2,0,0,0,0,0,high_vol_range,0.0,0,Time exit,381.75,328
2026-03-04T15:16:00+05:30,portfolio_replay,TREND,EXIT,debit_spread,24469.8,21.06,1.0,0.0,0.0,1.037,0.535,0.527,6,15,16,2,0,0,0,0,0,high_vol_range,0.0,0,Time exit,-263.25,286
2026-03-04T09:30:00+05:30,portfolio_replay,PREMIUM,SKIP,idle,24353.55,20.37,1.0,0.0,0.0,1.038,0.058,2.351,6,9,30,2,0,70,0,70,75,trending,0.0,0,,,
2026-03-04T09:35:00+05:30,portfolio_replay,PREMIUM,SKIP,idle,24324.5,20.56,1.0,0.0,0.0,1.038,0.062,2.351,6,9,35,2,0,70,0,70,75,trending,0.0,0,,,
2026-03-04T09:40:00+05:30,portfolio_replay,PREMIUM,SKIP,idle,24372.7,20.43,1.0,0.0,0.0,1.038,0.136,2.36,6,9,40,2,0,70,0,70,75,trending,0.0,0,,,
2026-03-04T09:45:00+05:30,portfolio_replay,PREMIUM,SKIP,idle,24413.15,20.32,1.0,0.0,0.0,1.038,0.302,0.347,6,9,45,2,0,62,0,62,75,high_vol_range,0.0,0,,,
2026-03-04T09:47:00+05:30,portfolio_replay,PREMIUM,ENTER,iron_condor,24367.7,20.56,1.0,0.0,0.0,1.038,0.116,0.347,6,9,47,2,0,82,0,82,75,high_vol_range,53.58,75,,,
2026-03-04T10:30:00+05:30,portfolio_replay,TREND,ENTER,debit_spread,24415.0,20.71,1.0,0.0,0.0,1.038,0.31,0.486,6,10,30,2,0,75,0,75,60,high_vol_range,38.69,75,,,
2026-03-04T15:15:00+05:30,portfolio_replay,PREMIUM,EXIT,iron_condor,24455.45,21.11,1.0,0.0,0.0,1.037,0.476,0.527,6,15,15,2,0,0,0,0,0,high_vol_range,0.0,0,Time exit,381.75,328
2026-03-04T15:16:00+05:30,portfolio_replay,TREND,EXIT,debit_spread,24469.8,21.06,1.0,0.0,0.0,1.037,0.535,0.527,6,15,16,2,0,0,0,0,0,high_vol_range,0.0,0,Time exit,-263.25,286
2026-03-04T09:30:00+05:30,portfolio_replay,PREMIUM,SKIP,idle,24353.55,20.37,1.0,0.0,0.0,1.038,0.058,2.351,6,9,30,2,0,70,0,70,75,trending,0.0,0,,,
2026-03-04T09:35:00+05:30,portfolio_replay,PREMIUM,SKIP,idle,24324.5,20.56,1.0,0.0,0.0,1.038,0.062,2.351,6,9,35,2,0,70,0,70,75,trending,0.0,0,,,
2026-03-04T09:40:00+05:30,portfolio_replay,PREMIUM,SKIP,idle,24372.7,20.43,1.0,0.0,0.0,1.038,0.136,2.36,6,9,40,2,0,70,0,70,75,trending,0.0,0,,,
2026-03-04T09:45:00+05:30,portfolio_replay,PREMIUM,SKIP,idle,24413.15,20.32,1.0,0.0,0.0,1.038,0.302,0.347,6,9,45,2,0,62,0,62,75,high_vol_range,0.0,0,,,
2026-03-04T09:47:00+05:30,portfolio_replay,PREMIUM,ENTER,iron_condor,24367.7,20.56,1.0,0.0,0.0,1.038,0.116,0.347,6,9,47,2,0,82,0,82,75,high_vol_range,36.36,75,,,
2026-03-04T10:30:00+05:30,portfolio_replay,TREND,ENTER,debit_spread,24415.0,20.71,1.0,0.0,0.0,1.038,0.31,0.486,6,10,30,2,0,75,0,75,60,high_vol_range,38.69,75,,,
2026-03-04T15:15:00+05:30,portfolio_replay,PREMIUM,EXIT,iron_condor,24455.45,21.11,1.0,0.0,0.0,1.037,0.476,0.527,6,15,15,2,0,0,0,0,0,high_vol_range,0.0,0,Time exit,229.5,328
2026-03-04T15:16:00+05:30,portfolio_replay,TREND,EXIT,debit_spread,24469.8,21.06,1.0,0.0,0.0,1.037,0.535,0.527,6,15,16,2,0,0,0,0,0,high_vol_range,0.0,0,Time exit,-263.25,286
2026-03-04T09:30:00+05:30,portfolio_replay,PREMIUM,SKIP,idle,24353.55,20.37,1.0,0.0,0.0,1.038,0.058,2.351,6,9,30,2,0,70,0,70,75,trending,0.0,0,,,
2026-03-04T09:35:00+05:30,portfolio_replay,PREMIUM,SKIP,idle,24324.5,20.56,1.0,0.0,0.0,1.038,0.062,2.351,6,9,35,2,0,70,0,70,75,trending,0.0,0,,,
2026-03-04T09:40:00+05:30,portfolio_replay,PREMIUM,SKIP,idle,24372.7,20.43,1.0,0.0,0.0,1.038,0.136,2.36,6,9,40,2,0,70,0,70,75,trending,0.0,0,,,
2026-03-04T09:45:00+05:30,portfolio_replay,PREMIUM,SKIP,idle,24413.15,20.32,1.0,0.0,0.0,1.038,0.302,0.347,6,9,45,2,0,62,0,62,75,high_vol_range,0.0,0,,,
2026-03-04T09:47:00+05:30,portfolio_replay,PREMIUM,ENTER,iron_condor,24367.7,20.56,1.0,0.0,0.0,1.038,0.116,0.347,6,9,47,2,0,82,0,82,75,high_vol_range,66.45,75,,,
2026-03-04T10:30:00+05:30,portfolio_replay,TREND,ENTER,debit_spread,24415.0,20.71,1.0,0.0,0.0,1.038,0.31,0.486,6,10,30,2,0,75,0,75,60,high_vol_range,38.69,75,,,
2026-03-04T15:15:00+05:30,portfolio_replay,PREMIUM,EXIT,iron_condor,24455.45,21.11,1.0,0.0,0.0,1.037,0.476,0.527,6,15,15,2,0,0,0,0,0,high_vol_range,0.0,0,Time exit,525.75,328
2026-03-04T15:16:00+05:30,portfolio_replay,TREND,EXIT,debit_spread,24469.8,21.06,1.0,0.0,0.0,1.037,0.535,0.527,6,15,16,2,0,0,0,0,0,high_vol_range,0.0,0,Time exit,-263.25,286
2026-03-04T09:30:00+05:30,portfolio_replay,PREMIUM,SKIP,idle,24353.55,20.37,1.0,0.0,0.0,1.038,0.058,2.351,6,9,30,2,0,70,0,70,75,trending,0.0,0,,,
2026-03-04T09:35:00+05:30,portfolio_replay,PREMIUM,SKIP,idle,24324.5,20.56,1.0,0.0,0.0,1.038,0.062,2.351,6,9,35,2,0,70,0,70,75,trending,0.0,0,,,
2026-03-04T09:40:00+05:30,portfolio_replay,PREMIUM,SKIP,idle,24372.7,20.43,1.0,0.0,0.0,1.038,0.136,2.36,6,9,40,2,0,70,0,70,75,trending,0.0,0,,,
2026-03-04T09:45:00+05:30,portfolio_replay,PREMIUM,SKIP,idle,24413.15,20.32,1.0,0.0,0.0,1.038,0.302,0.347,6,9,45,2,0,62,0,62,75,high_vol_range,0.0,0,,,
2026-03-04T09:47:00+05:30,portfolio_replay,PREMIUM,ENTER,iron_condor,24367.7,20.56,1.0,0.0,0.0,1.038,0.116,0.347,6,9,47,2,0,82,0,82,75,high_vol_range,53.58,75,,,
2026-03-04T10:30:00+05:30,portfolio_replay,TREND,ENTER,debit_spread,24415.0,20.71,1.0,0.0,0.0,1.038,0.31,0.486,6,10,30,2,0,75,0,75,60,high_vol_range,55.89,75,,,
2026-03-04T15:15:00+05:30,portfolio_replay,PREMIUM,EXIT,iron_condor,24455.45,21.11,1.0,0.0,0.0,1.037,0.476,0.527,6,15,15,2,0,0,0,0,0,high_vol_range,0.0,0,Time exit,381.75,328
2026-03-04T15:16:00+05:30,portfolio_replay,TREND,EXIT,debit_spread,24469.8,21.06,1.0,0.0,0.0,1.037,0.535,0.527,6,15,16,2,0,0,0,0,0,high_vol_range,0.0,0,Time exit,-398.25,286
2026-03-04T09:30:00+05:30,portfolio_replay,PREMIUM,SKIP,idle,24353.55,20.37,1.0,0.0,0.0,1.038,0.058,2.351,6,9,30,2,0,70,0,70,75,trending,0.0,0,,,
2026-03-04T09:35:00+05:30,portfolio_replay,PREMIUM,SKIP,idle,24324.5,20.56,1.0,0.0,0.0,1.038,0.062,2.351,6,9,35,2,0,70,0,70,75,trending,0.0,0,,,
2026-03-04T09:40:00+05:30,portfolio_replay,PREMIUM,SKIP,idle,24372.7,20.43,1.0,0.0,0.0,1.038,0.136,2.36,6,9,40,2,0,70,0,70,75,trending,0.0,0,,,
2026-03-04T09:45:00+05:30,portfolio_replay,PREMIUM,SKIP,idle,24413.15,20.32,1.0,0.0,0.0,1.038,0.302,0.347,6,9,45,2,0,62,0,62,75,high_vol_range,0.0,0,,,
2026-03-04T09:47:00+05:30,portfolio_replay,PREMIUM,ENTER,iron_condor,24367.7,20.56,1.0,0.0,0.0,1.038,0.116,0.347,6,9,47,2,0,82,0,82,75,high_vol_range,53.58,75,,,
2026-03-04T10:30:00+05:30,portfolio_replay,TREND,ENTER,debit_spread,24415.0,20.71,1.0,0.0,0.0,1.038,0.31,0.486,6,10,30,2,0,75,0,75,60,high_vol_range,71.72,75,,,
2026-03-04T15:15:00+05:30,portfolio_replay,PREMIUM,EXIT,iron_condor,24455.45,21.11,1.0,0.0,0.0,1.037,0.476,0.527,6,15,15,2,0,0,0,0,0,high_vol_range,0.0,0,Time exit,381.75,328
2026-03-04T15:16:00+05:30,portfolio_replay,TREND,EXIT,debit_spread,24469.8,21.06,1.0,0.0,0.0,1.037,0.535,0.527,6,15,16,2,0,0,0,0,0,high_vol_range,0.0,0,Time exit,-532.5,286
2026-03-04T09:30:00+05:30,portfolio_replay,PREMIUM,SKIP,idle,24353.55,20.37,1.0,0.0,0.0,1.038,0.058,2.351,6,9,30,2,0,70,0,70,75,trending,0.0,0,,,
2026-03-04T09:35:00+05:30,portfolio_replay,PREMIUM,SKIP,idle,24324.5,20.56,1.0,0.0,0.0,1.038,0.062,2.351,6,9,35,2,0,70,0,70,75,trending,0.0,0,,,
2026-03-04T09:40:00+05:30,portfolio_replay,PREMIUM,SKIP,idle,24372.7,20.43,1.0,0.0,0.0,1.038,0.136,2.36,6,9,40,2,0,70,0,70,75,trending,0.0,0,,,
2026-03-04T09:45:00+05:30,portfolio_replay,PREMIUM,SKIP,idle,24413.15,20.32,1.0,0.0,0.0,1.038,0.302,0.347,6,9,45,2,0,62,0,62,75,high_vol_range,0.0,0,,,
2026-03-04T09:47:00+05:30,portfolio_replay,PREMIUM,ENTER,iron_condor,24367.7,20.56,1.0,0.0,0.0,1.038,0.116,0.347,6,9,47,2,0,82,0,82,75,high_vol_range,53.58,75,,,
2026-03-04T10:30:00+05:30,portfolio_replay,TREND,ENTER,debit_spread,24415.0,20.71,1.0,0.0,0.0,1.038,0.31,0.486,6,10,30,2,0,75,0,75,60,high_vol_range,38.69,75,,,
2026-03-04T15:15:00+05:30,portfolio_replay,PREMIUM,EXIT,iron_condor,24455.45,21.11,1.0,0.0,0.0,1.037,0.476,0.527,6,15,15,2,0,0,0,0,0,high_vol_range,0.0,0,Time exit,381.75,328
2026-03-04T15:16:00+05:30,portfolio_replay,TREND,EXIT,debit_spread,24469.8,21.06,1.0,0.0,0.0,1.037,0.535,0.527,6,15,16,2,0,0,0,0,0,high_vol_range,0.0,0,Time exit,-263.25,286
2026-03-04T09:30:00+05:30,portfolio_replay,PREMIUM,SKIP,idle,24353.55,20.37,1.0,0.0,0.0,1.038,0.058,2.351,6,9,30,2,0,70,0,70,75,trending,0.0,0,,,
2026-03-04T09:35:00+05:30,portfolio_replay,PREMIUM,SKIP,idle,24324.5,20.56,1.0,0.0,0.0,1.038,0.062,2.351,6,9,35,2,0,70,0,70,75,trending,0.0,0,,,
2026-03-04T09:40:00+05:30,portfolio_replay,PREMIUM,SKIP,idle,24372.7,20.43,1.0,0.0,0.0,1.038,0.136,2.36,6,9,40,2,0,70,0,70,75,trending,0.0,0,,,
2026-03-04T09:45:00+05:30,portfolio_replay,PREMIUM,SKIP,idle,24413.15,20.32,1.0,0.0,0.0,1.038,0.302,0.347,6,9,45,2,0,62,0,62,75,high_vol_range,0.0,0,,,
2026-03-04T09:47:00+05:30,portfolio_replay,PREMIUM,ENTER,iron_condor,24367.7,20.56,1.0,0.0,0.0,1.038,0.116,0.347,6,9,47,2,0,82,0,82,75,high_vol_range,53.58,75,,,
2026-03-04T10:30:00+05:30,portfolio_replay,TREND,ENTER,debit_spread,24415.0,20.71,1.0,0.0,0.0,1.038,0.31,0.486,6,10,30,2,0,75,0,75,60,high_vol_range,38.69,75,,,
2026-03-04T15:15:00+05:30,portfolio_replay,PREMIUM,EXIT,iron_condor,24455.45,21.11,1.0,0.0,0.0,1.037,0.476,0.527,6,15,15,2,0,0,0,0,0,high_vol_range,0.0,0,Time exit,381.75,328
2026-03-04T15:16:00+05:30,portfolio_replay,TREND,EXIT,debit_spread,24469.8,21.06,1.0,0.0,0.0,1.037,0.535,0.527,6,15,16,2,0,0,0,0,0,high_vol_range,0.0,0,Time exit,-263.25,286
2026-03-04T09:30:00+05:30,portfolio_replay,PREMIUM,SKIP,idle,24353.55,20.37,1.0,0.0,0.0,1.038,0.058,2.351,6,9,30,2,0,70,0,70,75,trending,0.0,0,,,
2026-03-04T09:35:00+05:30,portfolio_replay,PREMIUM,SKIP,idle,24324.5,20.56,1.0,0.0,0.0,1.038,0.062,2.351,6,9,35,2,0,70,0,70,75,trending,0.0,0,,,
2026-03-04T09:40:00+05:30,portfolio_replay,PREMIUM,SKIP,idle,24372.7,20.43,1.0,0.0,0.0,1.038,0.136,2.36,6,9,40,2,0,70,0,70,75,trending,0.0,0,,,
2026-03-04T09:45:00+05:30,portfolio_replay,PREMIUM,SKIP,idle,24413.15,20.32,1.0,0.0,0.0,1.038,0.302,0.347,6,9,45,2,0,62,0,62,75,high_vol_range,0.0,0,,,
2026-03-04T09:47:00+05:30,portfolio_replay,PREMIUM,ENTER,iron_condor,24367.7,20.56,1.0,0.0,0.0,1.038,0.116,0.347,6,9,47,2,0,82,0,82,75,high_vol_range,53.58,75,,,
2026-03-04T10:30:00+05:30,portfolio_replay,TREND,ENTER,debit_spread,24415.0,20.71,1.0,0.0,0.0,1.038,0.31,0.486,6,10,30,2,0,75,0,75,60,high_vol_range,38.69,75,,,
2026-03-04T15:15:00+05:30,portfolio_replay,PREMIUM,EXIT,iron_condor,24455.45,21.11,1.0,0.0,0.0,1.037,0.476,0.527,6,15,15,2,0,0,0,0,0,high_vol_range,0.0,0,Time exit,381.75,328
2026-03-04T15:16:00+05:30,portfolio_replay,TREND,EXIT,debit_spread,24469.8,21.06,1.0,0.0,0.0,1.037,0.535,0.527,6,15,16,2,0,0,0,0,0,high_vol_range,0.0,0,Time exit,-263.25,286
2026-03-04T09:30:00+05:30,portfolio_replay,PREMIUM,SKIP,idle,24353.55,20.37,1.0,0.0,0.0,1.038,0.058,2.351,6,9,30,2,0,70,0,70,75,trending,0.0,0,,,
2026-03-04T09:35:00+05:30,portfolio_replay,PREMIUM,SKIP,idle,24324.5,20.56,1.0,0.0,0.0,1.038,0.062,2.351,6,9,35,2,0,70,0,70,75,trending,0.0,0,,,
2026-03-04T09:40:00+05:30,portfolio_replay,PREMIUM,SKIP,idle,24372.7,20.43,1.0,0.0,0.0,1.038,0.136,2.36,6,9,40,2,0,70,0,70,75,trending,0.0,0,,,
2026-03-04T09:45:00+05:30,portfolio_replay,PREMIUM,SKIP,idle,24413.15,20.32,1.0,0.0,0.0,1.038,0.302,0.347,6,9,45,2,0,62,0,62,75,high_vol_range,0.0,0,,,
2026-03-04T09:47:00+05:30,portfolio_replay,PREMIUM,ENTER,iron_condor,24367.7,20.56,1.0,0.0,0.0,1.038,0.116,0.347,6,9,47,2,0,82,0,82,75,high_vol_range,53.58,75,,,
2026-03-04T10:30:00+05:30,portfolio_replay,TREND,ENTER,debit_spread,24415.0,20.71,1.0,0.0,0.0,1.038,0.31,0.486,6,10,30,2,0,75,0,75,60,high_vol_range,55.89,75,,,
2026-03-04T15:15:00+05:30,portfolio_replay,PREMIUM,EXIT,iron_condor,24455.45,21.11,1.0,0.0,0.0,1.037,0.476,0.527,6,15,15,2,0,0,0,0,0,high_vol_range,0.0,0,Time exit,381.75,328
2026-03-04T15:16:00+05:30,portfolio_replay,TREND,EXIT,debit_spread,24469.8,21.06,1.0,0.0,0.0,1.037,0.535,0.527,6,15,16,2,0,0,0,0,0,high_vol_range,0.0,0,Time exit,-398.25,286
2026-03-04T09:30:00+05:30,portfolio_replay,PREMIUM,SKIP,idle,24353.55,20.37,1.0,0.0,0.0,1.038,0.058,2.351,6,9,30,2,0,70,0,70,75,trending,0.0,0,,,
2026-03-04T09:35:00+05:30,portfolio_replay,PREMIUM,SKIP,idle,24324.5,20.56,1.0,0.0,0.0,1.038,0.062,2.351,6,9,35,2,0,70,0,70,75,trending,0.0,0,,,
2026-03-04T09:40:00+05:30,portfolio_replay,PREMIUM,SKIP,idle,24372.7,20.43,1.0,0.0,0.0,1.038,0.136,2.36,6,9,40,2,0,70,0,70,75,trending,0.0,0,,,
2026-03-04T09:45:00+05:30,portfolio_replay,PREMIUM,SKIP,idle,24413.15,20.32,1.0,0.0,0.0,1.038,0.302,0.347,6,9,45,2,0,62,0,62,75,high_vol_range,0.0,0,,,
2026-03-04T09:47:00+05:30,portfolio_replay,PREMIUM,ENTER,iron_condor,24367.7,20.56,1.0,0.0,0.0,1.038,0.116,0.347,6,9,47,2,0,82,0,82,75,high_vol_range,53.58,75,,,
2026-03-04T10:30:00+05:30,portfolio_replay,TREND,ENTER,debit_spread,24415.0,20.71,1.0,0.0,0.0,1.038,0.31,0.486,6,10,30,2,0,75,0,75,60,high_vol_range,38.69,75,,,
2026-03-04T15:15:00+05:30,portfolio_replay,PREMIUM,EXIT,iron_condor,24455.45,21.11,1.0,0.0,0.0,1.037,0.476,0.527,6,15,15,2,0,0,0,0,0,high_vol_range,0.0,0,Time exit,381.75,328
2026-03-04T15:16:00+05:30,portfolio_replay,TREND,EXIT,debit_spread,24469.8,21.06,1.0,0.0,0.0,1.037,0.535,0.527,6,15,16,2,0,0,0,0,0,high_vol_range,0.0,0,Time exit,-263.25,286
2026-03-04T09:30:00+05:30,portfolio_replay,PREMIUM,SKIP,idle,24353.55,20.37,1.0,0.0,0.0,1.038,0.058,2.351,6,9,30,2,0,70,0,70,75,trending,0.0,0,,,
2026-03-04T09:35:00+05:30,portfolio_replay,PREMIUM,SKIP,idle,24324.5,20.56,1.0,0.0,0.0,1.038,0.062,2.351,6,9,35,2,0,70,0,70,75,trending,0.0,0,,,
2026-03-04T09:40:00+05:30,portfolio_replay,PREMIUM,SKIP,idle,24372.7,20.43,1.0,0.0,0.0,1.038,0.136,2.36,6,9,40,2,0,70,0,70,75,trending,0.0,0,,,
2026-03-04T09:45:00+05:30,portfolio_replay,PREMIUM,SKIP,idle,24413.15,20.32,1.0,0.0,0.0,1.038,0.302,0.347,6,9,45,2,0,62,0,62,75,high_vol_range,0.0,0,,,
2026-03-04T09:47:00+05:30,portfolio_replay,PREMIUM,ENTER,iron_condor,24367.7,20.56,1.0,0.0,0.0,1.038,0.116,0.347,6,9,47,2,0,82,0,82,75,high_vol_range,53.58,75,,,
2026-03-04T10:30:00+05:30,portfolio_replay,TREND,ENTER,debit_spread,24415.0,20.71,1.0,0.0,0.0,1.038,0.31,0.486,6,10,30,2,0,75,0,75,60,high_vol_range,38.69,75,,,
2026-03-04T15:15:00+05:30,portfolio_replay,PREMIUM,EXIT,iron_condor,24455.45,21.11,1.0,0.0,0.0,1.037,0.476,0.527,6,15,15,2,0,0,0,0,0,high_vol_range,0.0,0,Time exit,381.75,328
2026-03-04T15:16:00+05:30,portfolio_replay,TREND,EXIT,debit_spread,24469.8,21.06,1.0,0.0,0.0,1.037,0.535,0.527,6,15,16,2,0,0,0,0,0,high_vol_range,0.0,0,Time exit,-263.25,286
2026-03-04T09:30:00+05:30,portfolio_replay,PREMIUM,SKIP,idle,24353.55,20.37,1.0,0.0,0.0,1.038,0.058,2.351,6,9,30,2,0,70,0,70,75,trending,0.0,0,,,
2026-03-04T09:35:00+05:30,portfolio_replay,PREMIUM,SKIP,idle,24324.5,20.56,1.0,0.0,0.0,1.038,0.062,2.351,6,9,35,2,0,70,0,70,75,trending,0.0,0,,,
2026-03-04T09:40:00+05:30,portfolio_replay,PREMIUM,SKIP,idle,24372.7,20.43,1.0,0.0,0.0,1.038,0.136,2.36,6,9,40,2,0,70,0,70,75,trending,0.0,0,,,
2026-03-04T09:45:00+05:30,portfolio_replay,PREMIUM,SKIP,idle,24413.15,20.32,1.0,0.0,0.0,1.038,0.302,0.347,6,9,45,2,0,62,0,62,75,high_vol_range,0.0,0,,,
2026-03-04T09:47:00+05:30,portfolio_replay,PREMIUM,ENTER,iron_condor,24367.7,20.56,1.0,0.0,0.0,1.038,0.116,0.347,6,9,47,2,0,82,0,82,75,high_vol_range,53.58,75,,,
2026-03-04T10:30:00+05:30,portfolio_replay,TREND,ENTER,debit_spread,24415.0,20.71,1.0,0.0,0.0,1.038,0.31,0.486,6,10,30,2,0,75,0,75,60,high_vol_range,38.69,75,,,
2026-03-04T15:15:00+05:30,portfolio_replay,PREMIUM,EXIT,iron_condor,24455.45,21.11,1.0,0.0,0.0,1.037,0.476,0.527,6,15,15,2,0,0,0,0,0,high_vol_range,0.0,0,Time exit,381.75,328
2026-03-04T15:16:00+05:30,portfolio_replay,TREND,EXIT,debit_spread,24469.8,21.06,1.0,0.0,0.0,1.037,0.535,0.527,6,15,16,2,0,0,0,0,0,high_vol_range,0.0,0,Time exit,-263.25,286
2026-03-04T09:30:00+05:30,portfolio_replay,PREMIUM,SKIP,idle,24353.55,20.37,1.0,0.0,0.0,1.038,0.058,2.351,6,9,30,2,0,70,0,70,75,trending,0.0,0,,,
2026-03-04T09:35:00+05:30,portfolio_replay,PREMIUM,SKIP,idle,24324.5,20.56,1.0,0.0,0.0,1.038,0.062,2.351,6,9,35,2,0,70,0,70,75,trending,0.0,0,,,
2026-03-04T09:40:00+05:30,portfolio_replay,PREMIUM,SKIP,idle,24372.7,20.43,1.0,0.0,0.0,1.038,0.136,2.36,6,9,40,2,0,70,0,70,75,trending,0.0,0,,,
2026-03-04T09:45:00+05:30,portfolio_replay,PREMIUM,SKIP,idle,24413.15,20.32,1.0,0.0,0.0,1.038,0.302,0.347,6,9,45,2,0,62,0,62,75,high_vol_range,0.0,0,,,
2026-03-04T09:47:00+05:30,portfolio_replay,PREMIUM,ENTER,iron_condor,24367.7,20.56,1.0,0.0,0.0,1.038,0.116,0.347,6,9,47,2,0,82,0,82,75,high_vol_range,53.58,75,,,
2026-03-04T10:30:00+05:30,portfolio_replay,TREND,ENTER,debit_spread,24415.0,20.71,1.0,0.0,0.0,1.038,0.31,0.486,6,10,30,2,0,75,0,75,60,high_vol_range,38.69,75,,,
2026-03-04T14:14:00+05:30,portfolio_replay,PREMIUM,EXIT,iron_condor,24554.95,20.88,1.0,0.0,0.0,1.037,0.885,0.316,6,14,14,2,0,0,0,0,0,high_vol_range,0.0,0,Trail stop: bounced 17.6%,-399.0,267
2026-03-04T15:15:00+05:30,portfolio_replay,TREND,EXIT,debit_spread,24455.45,21.11,1.0,0.0,0.0,1.037,0.476,0.527,6,15,15,2,0,0,0,0,0,high_vol_range,0.0,0,Time exit,-199.5,285
2026-03-04T09:30:00+05:30,portfolio_replay,PREMIUM,SKIP,idle,24353.55,20.37,1.0,0.0,0.0,1.038,0.058,2.351,6,9,30,2,0,70,0,70,75,trending,0.0,0,,,
2026-03-04T09:35:00+05:30,portfolio_replay,PREMIUM,SKIP,idle,24324.5,20.56,1.0,0.0,0.0,1.038,0.062,2.351,6,9,35,2,0,70,0,70,75,trending,0.0,0,,,
2026-03-04T09:40:00+05:30,portfolio_replay,PREMIUM,SKIP,idle,24372.7,20.43,1.0,0.0,0.0,1.038,0.136,2.36,6,9,40,2,0,70,0,70,75,trending,0.0,0,,,
2026-03-04T09:45:00+05:30,portfolio_replay,PREMIUM,SKIP,idle,24413.15,20.32,1.0,0.0,0.0,1.038,0.302,0.347,6,9,45,2,0,62,0,62,75,high_vol_range,0.0,0,,,
2026-03-04T09:47:00+05:30,portfolio_replay,PREMIUM,ENTER,iron_condor,24367.7,20.56,1.0,0.0,0.0,1.038,0.116,0.347,6,9,47,2,0,82,0,82,75,high_vol_range,53.58,75,,,
2026-03-04T10:30:00+05:30,portfolio_replay,TREND,ENTER,debit_spread,24415.0,20.71,1.0,0.0,0.0,1.038,0.31,0.486,6,10,30,2,0,75,0,75,60,high_vol_range,38.69,75,,,
2026-03-04T14:14:00+05:30,portfolio_replay,PREMIUM,EXIT,iron_condor,24554.95,20.88,1.0,0.0,0.0,1.037,0.885,0.316,6,14,14,2,0,0,0,0,0,high_vol_range,0.0,0,Trail stop: bounced 17.6%,-399.0,267
2026-03-04T15:15:00+05:30,portfolio_replay,TREND,EXIT,debit_spread,24455.45,21.11,1.0,0.0,0.0,1.037,0.476,0.527,6,15,15,2,0,0,0,0,0,high_vol_range,0.0,0,Time exit,-199.5,285
2026-03-04T09:30:00+05:30,portfolio_replay,PREMIUM,SKIP,idle,24353.55,20.37,1.0,0.0,0.0,1.038,0.058,2.351,6,9,30,2,0,70,0,70,75,trending,0.0,0,,,
2026-03-04T09:35:00+05:30,portfolio_replay,PREMIUM,SKIP,idle,24324.5,20.56,1.0,0.0,0.0,1.038,0.062,2.351,6,9,35,2,0,70,0,70,75,trending,0.0,0,,,
2026-03-04T09:40:00+05:30,portfolio_replay,PREMIUM,SKIP,idle,24372.7,20.43,1.0,0.0,0.0,1.038,0.136,2.36,6,9,40,2,0,70,0,70,75,trending,0.0,0,,,
2026-03-04T09:45:00+05:30,portfolio_replay,PREMIUM,SKIP,idle,24413.15,20.32,1.0,0.0,0.0,1.038,0.302,0.347,6,9,45,2,0,62,0,62,75,high_vol_range,0.0,0,,,
2026-03-04T09:47:00+05:30,portfolio_replay,PREMIUM,ENTER,iron_condor,24367.7,20.56,1.0,0.0,0.0,1.038,0.116,0.347,6,9,47,2,0,82,0,82,75,high_vol_range,53.58,75,,,
2026-03-04T10:30:00+05:30,portfolio_replay,TREND,ENTER,debit_spread,24415.0,20.71,1.0,0.0,0.0,1.038,0.31,0.486,6,10,30,2,0,75,0,75,60,high_vol_range,38.69,75,,,
2026-03-04T15:15:00+05:30,portfolio_replay,PREMIUM,EXIT,iron_condor,24455.45,21.11,1.0,0.0,0.0,1.037,0.476,0.527,6,15,15,2,0,0,0,0,0,high_vol_range,0.0,0,Time exit,381.75,328
2026-03-04T15:16:00+05:30,portfolio_replay,TREND,EXIT,debit_spread,24469.8,21.06,1.0,0.0,0.0,1.037,0.535,0.527,6,15,16,2,0,0,0,0,0,high_vol_range,0.0,0,Time exit,-263.25,286
2026-03-04T09:30:00+05:30,portfolio_replay,PREMIUM,SKIP,idle,24353.55,20.37,1.0,0.0,0.0,1.038,0.058,2.351,6,9,30,2,0,70,0,70,75,trending,0.0,0,,,
2026-03-04T09:35:00+05:30,portfolio_replay,PREMIUM,SKIP,idle,24324.5,20.56,1.0,0.0,0.0,1.038,0.062,2.351,6,9,35,2,0,70,0,70,75,trending,0.0,0,,,
2026-03-04T09:40:00+05:30,portfolio_replay,PREMIUM,SKIP,idle,24372.7,20.43,1.0,0.0,0.0,1.038,0.136,2.36,6,9,40,2,0,70,0,70,75,trending,0.0,0,,,
2026-03-04T09:45:00+05:30,portfolio_replay,PREMIUM,SKIP,idle,24413.15,20.32,1.0,0.0,0.0,1.038,0.302,0.347,6,9,45,2,0,62,0,62,75,high_vol_range,0.0,0,,,
2026-03-04T09:47:00+05:30,portfolio_replay,PREMIUM,ENTER,iron_condor,24367.7,20.56,1.0,0.0,0.0,1.038,0.116,0.347,6,9,47,2,0,82,0,82,75,high_vol_range,53.58,75,,,
2026-03-04T10:30:00+05:30,portfolio_replay,TREND,ENTER,debit_spread,24415.0,20.71,1.0,0.0,0.0,1.038,0.31,0.486,6,10,30,2,0,75,0,75,60,high_vol_range,38.69,75,,,
2026-03-04T15:15:00+05:30,portfolio_replay,PREMIUM,EXIT,iron_condor,24455.45,21.11,1.0,0.0,0.0,1.037,0.476,0.527,6,15,15,2,0,0,0,0,0,high_vol_range,0.0,0,Time exit,381.75,328
2026-03-04T15:16:00+05:30,portfolio_replay,TREND,EXIT,debit_spread,24469.8,21.06,1.0,0.0,0.0,1.037,0.535,0.527,6,15,16,2,0,0,0,0,0,high_vol_range,0.0,0,Time exit,-263.25,286
2026-03-04T09:30:00+05:30,portfolio_replay,PREMIUM,SKIP,idle,24353.55,20.37,1.0,0.0,0.0,1.038,0.058,2.351,6,9,30,2,0,70,0,70,75,trending,0.0,0,,,
2026-03-04T09:35:00+05:30,portfolio_replay,PREMIUM,SKIP,idle,24324.5,20.56,1.0,0.0,0.0,1.038,0.062,2.351,6,9,35,2,0,70,0,70,75,trending,0.0,0,,,
2026-03-04T09:40:00+05:30,portfolio_replay,PREMIUM,SKIP,idle,24372.7,20.43,1.0,0.0,0.0,1.038,0.136,2.36,6,9,40,2,0,70,0,70,75,trending,0.0,0,,,
2026-03-04T09:45:00+05:30,portfolio_replay,PREMIUM,SKIP,idle,24413.15,20.32,1.0,0.0,0.0,1.038,0.302,0.347,6,9,45,2,0,62,0,62,75,high_vol_range,0.0,0,,,
2026-03-04T09:47:00+05:30,portfolio_replay,PREMIUM,ENTER,iron_condor,24367.7,20.56,1.0,0.0,0.0,1.038,0.116,0.347,6,9,47,2,0,82,0,82,75,high_vol_range,53.58,75,,,
2026-03-04T10:30:00+05:30,portfolio_replay,TREND,ENTER,debit_spread,24415.0,20.71,1.0,0.0,0.0,1.038,0.31,0.486,6,10,30,2,0,75,0,75,60,high_vol_range,38.69,75,,,
2026-03-04T15:15:00+05:30,portfolio_replay,PREMIUM,EXIT,iron_condor,24455.45,21.11,1.0,0.0,0.0,1.037,0.476,0.527,6,15,15,2,0,0,0,0,0,high_vol_range,0.0,0,Time exit,381.75,328
2026-03-04T15:16:00+05:30,portfolio_replay,TREND,EXIT,debit_spread,24469.8,21.06,1.0,0.0,0.0,1.037,0.535,0.527,6,15,16,2,0,0,0,0,0,high_vol_range,0.0,0,Time exit,-263.25,286
2026-03-04T09:30:00+05:30,portfolio_replay,PREMIUM,SKIP,idle,24353.55,20.37,1.0,0.0,0.0,1.038,0.058,2.351,6,9,30,2,0,70,0,70,75,trending,0.0,0,,,
2026-03-04T09:35:00+05:30,portfolio_replay,PREMIUM,SKIP,idle,24324.5,20.56,1.0,0.0,0.0,1.038,0.062,2.351,6,9,35,2,0,70,0,70,75,trending,0.0,0,,,
2026-03-04T09:40:00+05:30,portfolio_replay,PREMIUM,SKIP,idle,24372.7,20.43,1.0,0.0,0.0,1.038,0.136,2.36,6,9,40,2,0,70,0,70,75,trending,0.0,0,,,
2026-03-04T09:45:00+05:30,portfolio_replay,PREMIUM,SKIP,idle,24413.15,20.32,1.0,0.0,0.0,1.038,0.302,0.347,6,9,45,2,0,62,0,62,75,high_vol_range,0.0,0,,,
2026-03-04T09:47:00+05:30,portfolio_replay,PREMIUM,ENTER,iron_condor,24367.7,20.56,1.0,0.0,0.0,1.038,0.116,0.347,6,9,47,2,0,82,0,82,75,high_vol_range,53.58,75,,,
2026-03-04T10:30:00+05:30,portfolio_replay,TREND,ENTER,debit_spread,24415.0,20.71,1.0,0.0,0.0,1.038,0.31,0.486,6,10,30,2,0,75,0,75,60,high_vol_range,38.69,75,,,
2026-03-04T15:15:00+05:30,portfolio_replay,PREMIUM,EXIT,iron_condor,24455.45,21.11,1.0,0.0,0.0,1.037,0.476,0.527,6,15,15,2,0,0,0,0,0,high_vol_range,0.0,0,Time exit,381.75,328
2026-03-04T15:16:00+05:30,portfolio_replay,TREND,EXIT,debit_spread,24469.8,21.06,1.0,0.0,0.0,1.037,0.535,0.527,6,15,16,2,0,0,0,0,0,high_vol_range,0.0,0,Time exit,-263.25,286
2026-03-04T09:30:00+05:30,portfolio_replay,PREMIUM,SKIP,idle,24353.55,20.37,1.0,0.0,0.0,1.038,0.058,2.351,6,9,30,2,0,70,0,70,75,trending,0.0,0,,,
2026-03-04T09:35:00+05:30,portfolio_replay,PREMIUM,SKIP,idle,24324.5,20.56,1.0,0.0,0.0,1.038,0.062,2.351,6,9,35,2,0,70,0,70,75,trending,0.0,0,,,
2026-03-04T09:40:00+05:30,portfolio_replay,PREMIUM,SKIP,idle,24372.7,20.43,1.0,0.0,0.0,1.038,0.136,2.36,6,9,40,2,0,70,0,70,75,trending,0.0,0,,,
2026-03-04T09:45:00+05:30,portfolio_replay,PREMIUM,SKIP,idle,24413.15,20.32,1.0,0.0,0.0,1.038,0.302,0.347,6,9,45,2,0,62,0,62,75,high_vol_range,0.0,0,,,
2026-03-04T09:47:00+05:30,portfolio_replay,PREMIUM,ENTER,iron_condor,24367.7,20.56,1.0,0.0,0.0,1.038,0.116,0.347,6,9,47,2,0,82,0,82,75,high_vol_range,53.58,75,,,
2026-03-04T10:30:00+05:30,portfolio_replay,TREND,ENTER,debit_spread,24415.0,20.71,1.0,0.0,0.0,1.038,0.31,0.486,6,10,30,2,0,75,0,75,60,high_vol_range,38.69,75,,,
2026-03-04T15:15:00+05:30,portfolio_replay,PREMIUM,EXIT,iron_condor,24455.45,21.11,1.0,0.0,0.0,1.037,0.476,0.527,6,15,15,2,0,0,0,0,0,high_vol_range,0.0,0,Time exit,381.75,328
2026-03-04T15:16:00+05:30,portfolio_replay,TREND,EXIT,debit_spread,24469.8,21.06,1.0,0.0,0.0,1.037,0.535,0.527,6,15,16,2,0,0,0,0,0,high_vol_range,0.0,0,Time exit,-263.25,286
2026-03-04T09:30:00+05:30,portfolio_replay,PREMIUM,SKIP,idle,24353.55,20.37,1.0,0.0,0.0,1.038,0.058,2.351,6,9,30,2,0,70,0,70,75,trending,0.0,0,,,
2026-03-04T09:35:00+05:30,portfolio_replay,PREMIUM,SKIP,idle,24324.5,20.56,1.0,0.0,0.0,1.038,0.062,2.351,6,9,35,2,0,70,0,70,75,trending,0.0,0,,,
2026-03-04T09:40:00+05:30,portfolio_replay,PREMIUM,SKIP,idle,24372.7,20.43,1.0,0.0,0.0,1.038,0.136,2.36,6,9,40,2,0,70,0,70,75,trending,0.0,0,,,
2026-03-04T09:45:00+05:30,portfolio_replay,PREMIUM,SKIP,idle,24413.15,20.32,1.0,0.0,0.0,1.038,0.302,0.347,6,9,45,2,0,62,0,62,75,high_vol_range,0.0,0,,,
2026-03-04T09:47:00+05:30,portfolio_replay,PREMIUM,ENTER,iron_condor,24367.7,20.56,1.0,0.0,0.0,1.038,0.116,0.347,6,9,47,2,0,82,0,82,75,high_vol_range,53.58,75,,,
2026-03-04T10:30:00+05:30,portfolio_replay,TREND,ENTER,debit_spread,24415.0,20.71,1.0,0.0,0.0,1.038,0.31,0.486,6,10,30,2,0,75,0,75,60,high_vol_range,38.69,75,,,
2026-03-04T15:15:00+05:30,portfolio_replay,PREMIUM,EXIT,iron_condor,24455.45,21.11,1.0,0.0,0.0,1.037,0.476,0.527,6,15,15,2,0,0,0,0,0,high_vol_range,0.0,0,Time exit,381.75,328
2026-03-04T15:16:00+05:30,portfolio_replay,TREND,EXIT,debit_spread,24469.8,21.06,1.0,0.0,0.0,1.037,0.535,0.527,6,15,16,2,0,0,0,0,0,high_vol_range,0.0,0,Time exit,-263.25,286
2026-03-04T09:30:00+05:30,portfolio_hist,PREMIUM,SKIP,idle,24353.55,20.37,1.0,0.0,0.0,1.038,0.058,2.351,6,9,30,2,0,70,0,70,75,trending,0.0,0,,,
2026-03-04T09:35:00+05:30,portfolio_hist,PREMIUM,SKIP,idle,24324.5,20.56,1.0,0.0,0.0,1.038,0.062,2.351,6,9,35,2,0,70,0,70,75,trending,0.0,0,,,
2026-03-04T09:40:00+05:30,portfolio_hist,PREMIUM,SKIP,idle,24372.7,20.43,1.0,0.0,0.0,1.038,0.136,2.36,6,9,40,2,0,70,0,70,75,trending,0.0,0,,,
2026-03-04T09:45:00+05:30,portfolio_hist,PREMIUM,SKIP,idle,24413.15,20.32,1.0,0.0,0.0,1.038,0.302,0.347,6,9,45,2,0,62,0,62,75,high_vol_range,0.0,0,,,
2026-03-04T09:47:00+05:30,portfolio_hist,PREMIUM,ENTER,iron_condor,24367.7,20.56,1.0,0.0,0.0,1.038,0.116,0.347,6,9,47,2,0,82,0,82,75,high_vol_range,53.58,75,,,
2026-03-04T10:30:00+05:30,portfolio_hist,TREND,ENTER,debit_spread,24415.0,20.71,1.0,0.0,0.0,1.038,0.31,0.486,6,10,30,2,0,75,0,75,60,high_vol_range,38.69,75,,,
2026-03-04T15:15:00+05:30,portfolio_hist,PREMIUM,EXIT,iron_condor,24455.45,21.11,1.0,0.0,0.0,1.037,0.476,0.527,6,15,15,2,0,0,0,0,0,high_vol_range,0.0,0,Time exit,381.75,328
2026-03-04T15:16:00+05:30,portfolio_hist,TREND,EXIT,debit_spread,24469.8,21.06,1.0,0.0,0.0,1.037,0.535,0.527,6,15,16,2,0,0,0,0,0,high_vol_range,0.0,0,Time exit,-263.25,286
2026-03-04T09:30:00+05:30,portfolio_hist,PREMIUM,SKIP,idle,24353.55,20.37,1.0,0.0,0.0,1.038,0.058,2.351,6,9,30,2,0,70,0,70,75,trending,0.0,0,,,
2026-03-04T09:35:00+05:30,portfolio_hist,PREMIUM,SKIP,idle,24324.5,20.56,1.0,0.0,0.0,1.038,0.062,2.351,6,9,35,2,0,70,0,70,75,trending,0.0,0,,,
2026-03-04T09:40:00+05:30,portfolio_hist,PREMIUM,SKIP,idle,24372.7,20.43,1.0,0.0,0.0,1.038,0.136,2.36,6,9,40,2,0,70,0,70,75,trending,0.0,0,,,
2026-03-04T09:45:00+05:30,portfolio_hist,PREMIUM,SKIP,idle,24413.15,20.32,1.0,0.0,0.0,1.038,0.302,0.347,6,9,45,2,0,62,0,62,75,high_vol_range,0.0,0,,,
2026-03-04T09:47:00+05:30,portfolio_hist,PREMIUM,ENTER,iron_condor,24367.7,20.56,1.0,0.0,0.0,1.038,0.116,0.347,6,9,47,2,0,82,0,82,75,high_vol_range,53.58,75,,,
2026-03-04T10:30:00+05:30,portfolio_hist,TREND,ENTER,debit_spread,24415.0,20.71,1.0,0.0,0.0,1.038,0.31,0.486,6,10,30,2,0,75,0,75,60,high_vol_range,38.69,75,,,
2026-03-04T15:15:00+05:30,portfolio_hist,PREMIUM,EXIT,iron_condor,24455.45,21.11,1.0,0.0,0.0,1.037,0.476,0.527,6,15,15,2,0,0,0,0,0,high_vol_range,0.0,0,Time exit,381.75,328
2026-03-04T15:16:00+05:30,portfolio_hist,TREND,EXIT,debit_spread,24469.8,21.06,1.0,0.0,0.0,1.037,0.535,0.527,6,15,16,2,0,0,0,0,0,high_vol_range,0.0,0,Time exit,-263.25,286
2026-03-04T09:30:00+05:30,portfolio_hist,PREMIUM,SKIP,idle,24353.55,20.37,1.0,0.0,0.0,1.038,0.058,2.351,6,9,30,2,0,70,0,70,75,trending,0.0,0,,,
2026-03-04T09:35:00+05:30,portfolio_hist,PREMIUM,SKIP,idle,24324.5,20.56,1.0,0.0,0.0,1.038,0.062,2.351,6,9,35,2,0,70,0,70,75,trending,0.0,0,,,
2026-03-04T09:40:00+05:30,portfolio_hist,PREMIUM,SKIP,idle,24372.7,20.43,1.0,0.0,0.0,1.038,0.136,2.36,6,9,40,2,0,70,0,70,75,trending,0.0,0,,,
2026-03-04T09:45:00+05:30,portfolio_hist,PREMIUM,SKIP,idle,24413.15,20.32,1.0,0.0,0.0,1.038,0.302,0.347,6,9,45,2,0,62,0,62,75,high_vol_range,0.0,0,,,
2026-03-04T09:47:00+05:30,portfolio_hist,PREMIUM,ENTER,iron_condor,24367.7,20.56,1.0,0.0,0.0,1.038,0.116,0.347,6,9,47,2,0,82,0,82,75,high_vol_range,53.58,75,,,
2026-03-04T10:30:00+05:30,portfolio_hist,TREND,ENTER,debit_spread,24415.0,20.71,1.0,0.0,0.0,1.038,0.31,0.486,6,10,30,2,0,75,0,75,60,high_vol_range,38.69,75,,,
2026-03-04T15:15:00+05:30,portfolio_hist,PREMIUM,EXIT,iron_condor,24455.45,21.11,1.0,0.0,0.0,1.037,0.476,0.527,6,15,15,2,0,0,0,0,0,high_vol_range,0.0,0,Time exit,381.75,328
2026-03-04T15:16:00+05:30,portfolio_hist,TREND,EXIT,debit_spread,24469.8,21.06,1.0,0.0,0.0,1.037,0.535,0.527,6,15,16,2,0,0,0,0,0,high_vol_range,0.0,0,Time exit,-263.25,286
2026-03-04T09:30:00+05:30,portfolio_hist,PREMIUM,SKIP,idle,24353.55,20.37,1.0,0.0,0.0,1.038,0.058,2.351,6,9,30,2,0,70,0,70,75,trending,0.0,0,,,
2026-03-04T09:35:00+05:30,portfolio_hist,PREMIUM,SKIP,idle,24324.5,20.56,1.0,0.0,0.0,1.038,0.062,2.351,6,9,35,2,0,70,0,70,75,trending,0.0,0,,,
2026-03-04T09:40:00+05:30,portfolio_hist,PREMIUM,SKIP,idle,24372.7,20.43,1.0,0.0,0.0,1.038,0.136,2.36,6,9,40,2,0,70,0,70,75,trending,0.0,0,,,
2026-03-04T09:45:00+05:30,portfolio_hist,PREMIUM,SKIP,idle,24413.15,20.32,1.0,0.0,0.0,1.038,0.302,0.347,6,9,45,2,0,62,0,62,75,high_vol_range,0.0,0,,,
2026-03-04T09:47:00+05:30,portfolio_hist,PREMIUM,ENTER,iron_condor,24367.7,20.56,1.0,0.0,0.0,1.038,0.116,0.347,6,9,47,2,0,82,0,82,75,high_vol_range,53.58,75,,,
2026-03-04T10:30:00+05:30,portfolio_hist,TREND,ENTER,debit_spread,24415.0,20.71,1.0,0.0,0.0,1.038,0.31,0.486,6,10,30,2,0,75,0,75,60,high_vol_range,38.69,75,,,
2026-03-04T15:15:00+05:30,portfolio_hist,PREMIUM,EXIT,iron_condor,24455.45,21.11,1.0,0.0,0.0,1.037,0.476,0.527,6,15,15,2,0,0,0,0,0,high_vol_range,0.0,0,Time exit,381.75,328
2026-03-04T15:16:00+05:30,portfolio_hist,TREND,EXIT,debit_spread,24469.8,21.06,1.0,0.0,0.0,1.037,0.535,0.527,6,15,16,2,0,0,0,0,0,high_vol_range,0.0,0,Time exit,-263.25,286
2026-03-04T09:30:00+05:30,portfolio_hist,PREMIUM,SKIP,idle,24353.55,20.37,1.0,0.0,0.0,1.038,0.058,2.351,6,9,30,2,0,70,0,70,75,trending,0.0,0,,,
2026-03-04T09:35:00+05:30,portfolio_hist,PREMIUM,SKIP,idle,24324.5,20.56,1.0,0.0,0.0,1.038,0.062,2.351,6,9,35,2,0,70,0,70,75,trending,0.0,0,,,
2026-03-04T09:40:00+05:30,portfolio_hist,PREMIUM,SKIP,idle,24372.7,20.43,1.0,0.0,0.0,1.038,0.136,2.36,6,9,40,2,0,70,0,70,75,trending,0.0,0,,,
2026-03-04T09:45:00+05:30,portfolio_hist,PREMIUM,SKIP,idle,24413.15,20.32,1.0,0.0,0.0,1.038,0.302,0.347,6,9,45,2,0,62,0,62,75,high_vol_range,0.0,0,,,
2026-03-04T09:47:00+05:30,portfolio_hist,PREMIUM,ENTER,iron_condor,24367.7,20.56,1.0,0.0,0.0,1.038,0.116,0.347,6,9,47,2,0,82,0,82,75,high_vol_range,53.58,75,,,
2026-03-04T10:30:00+05:30,portfolio_hist,TREND,ENTER,debit_spread,24415.0,20.71,1.0,0.0,0.0,1.038,0.31,0.486,6,10,30,2,0,75,0,75,60,high_vol_range,38.69,75,,,
2026-03-04T15:15:00+05:30,portfolio_hist,PREMIUM,EXIT,iron_condor,24455.45,21.11,1.0,0.0,0.0,1.037,0.476,0.527,6,15,15,2,0,0,0,0,0,high_vol_range,0.0,0,Time exit,381.75,328
2026-03-04T15:16:00+05:30,portfolio_hist,TREND,EXIT,debit_spread,24469.8,21.06,1.0,0.0,0.0,1.037,0.535,0.527,6,15,16,2,0,0,0,0,0,high_vol_range,0.0,0,Time exit,-263.25,286
2026-03-04T09:30:00+05:30,portfolio_hist,PREMIUM,SKIP,idle,24353.55,20.37,1.0,0.0,0.0,1.038,0.058,2.351,6,9,30,2,0,70,0,70,75,trending,0.0,0,,,
2026-03-04T09:35:00+05:30,portfolio_hist,PREMIUM,SKIP,idle,24324.5,20.56,1.0,0.0,0.0,1.038,0.062,2.351,6,9,35,2,0,70,0,70,75,trending,0.0,0,,,
2026-03-04T09:40:00+05:30,portfolio_hist,PREMIUM,SKIP,idle,24372.7,20.43,1.0,0.0,0.0,1.038,0.136,2.36,6,9,40,2,0,70,0,70,75,trending,0.0,0,,,
2026-03-04T09:45:00+05:30,portfolio_hist,PREMIUM,SKIP,idle,24413.15,20.32,1.0,0.0,0.0,1.038,0.302,0.347,6,9,45,2,0,62,0,62,75,high_vol_range,0.0,0,,,
2026-03-04T09:47:00+05:30,portfolio_hist,PREMIUM,ENTER,iron_condor,24367.7,20.56,1.0,0.0,0.0,1.038,0.116,0.347,6,9,47,2,0,82,0,82,75,high_vol_range,53.58,75,,,
2026-03-04T10:30:00+05:30,portfolio_hist,TREND,ENTER,debit_spread,24415.0,20.71,1.0,0.0,0.0,1.038,0.31,0.486,6,10,30,2,0,75,0,75,60,high_vol_range,38.69,75,,,
2026-03-04T15:15:00+05:30,portfolio_hist,PREMIUM,EXIT,iron_condor,24455.45,21.11,1.0,0.0,0.0,1.037,0.476,0.527,6,15,15,2,0,0,0,0,0,high_vol_range,0.0,0,Time exit,381.75,328
2026-03-04T15:16:00+05:30,portfolio_hist,TREND,EXIT,debit_spread,24469.8,21.06,1.0,0.0,0.0,1.037,0.535,0.527,6,15,16,2,0,0,0,0,0,high_vol_range,0.0,0,Time exit,-263.25,286
2026-03-04T09:30:00+05:30,portfolio_hist,PREMIUM,SKIP,idle,24353.55,20.37,1.0,0.0,0.0,1.038,0.058,2.351,6,9,30,2,0,70,0,70,75,trending,0.0,0,,,
2026-03-04T09:35:00+05:30,portfolio_hist,PREMIUM,SKIP,idle,24324.5,20.56,1.0,0.0,0.0,1.038,0.062,2.351,6,9,35,2,0,70,0,70,75,trending,0.0,0,,,
2026-03-04T09:40:00+05:30,portfolio_hist,PREMIUM,SKIP,idle,24372.7,20.43,1.0,0.0,0.0,1.038,0.136,2.36,6,9,40,2,0,70,0,70,75,trending,0.0,0,,,
2026-03-04T09:45:00+05:30,portfolio_hist,PREMIUM,SKIP,idle,24413.15,20.32,1.0,0.0,0.0,1.038,0.302,0.347,6,9,45,2,0,62,0,62,75,high_vol_range,0.0,0,,,
2026-03-04T09:47:00+05:30,portfolio_hist,PREMIUM,ENTER,iron_condor,24367.7,20.56,1.0,0.0,0.0,1.038,0.116,0.347,6,9,47,2,0,82,0,82,75,high_vol_range,53.58,75,,,
2026-03-04T10:30:00+05:30,portfolio_hist,TREND,ENTER,debit_spread,24415.0,20.71,1.0,0.0,0.0,1.038,0.31,0.486,6,10,30,2,0,75,0,75,60,high_vol_range,38.69,75,,,
2026-03-04T15:15:00+05:30,portfolio_hist,PREMIUM,EXIT,iron_condor,24455.45,21.11,1.0,0.0,0.0,1.037,0.476,0.527,6,15,15,2,0,0,0,0,0,high_vol_range,0.0,0,Time exit,381.75,328
2026-03-04T15:16:00+05:30,portfolio_hist,TREND,EXIT,debit_spread,24469.8,21.06,1.0,0.0,0.0,1.037,0.535,0.527,6,15,16,2,0,0,0,0,0,high_vol_range,0.0,0,Time exit,-263.25,286
2026-03-04T09:30:00+05:30,portfolio_hist,PREMIUM,SKIP,idle,24353.55,20.37,1.0,0.0,0.0,1.038,0.058,2.351,6,9,30,2,0,70,0,70,75,trending,0.0,0,,,
2026-03-04T09:35:00+05:30,portfolio_hist,PREMIUM,SKIP,idle,24324.5,20.56,1.0,0.0,0.0,1.038,0.062,2.351,6,9,35,2,0,70,0,70,75,trending,0.0,0,,,
2026-03-04T09:40:00+05:30,portfolio_hist,PREMIUM,SKIP,idle,24372.7,20.43,1.0,0.0,0.0,1.038,0.136,2.36,6,9,40,2,0,70,0,70,75,trending,0.0,0,,,
2026-03-04T09:45:00+05:30,portfolio_hist,PREMIUM,SKIP,idle,24413.15,20.32,1.0,0.0,0.0,1.038,0.302,0.347,6,9,45,2,0,62,0,62,75,high_vol_range,0.0,0,,,
2026-03-04T09:47:00+05:30,portfolio_hist,PREMIUM,ENTER,iron_condor,24367.7,20.56,1.0,0.0,0.0,1.038,0.116,0.347,6,9,47,2,0,82,0,82,75,high_vol_range,53.58,75,,,
2026-03-04T10:30:00+05:30,portfolio_hist,TREND,ENTER,debit_spread,24415.0,20.71,1.0,0.0,0.0,1.038,0.31,0.486,6,10,30,2,0,75,0,75,60,high_vol_range,38.69,75,,,
2026-03-04T15:15:00+05:30,portfolio_hist,PREMIUM,EXIT,iron_condor,24455.45,21.11,1.0,0.0,0.0,1.037,0.476,0.527,6,15,15,2,0,0,0,0,0,high_vol_range,0.0,0,Time exit,381.75,328
2026-03-04T15:16:00+05:30,portfolio_hist,TREND,EXIT,debit_spread,24469.8,21.06,1.0,0.0,0.0,1.037,0.535,0.527,6,15,16,2,0,0,0,0,0,high_vol_range,0.0,0,Time exit,-263.25,286
2026-03-04T09:30:00+05:30,portfolio_hist,PREMIUM,SKIP,idle,24353.55,20.37,1.0,0.0,0.0,1.038,0.058,2.351,6,9,30,2,0,70,0,70,75,trending,0.0,0,,,
2026-03-04T09:35:00+05:30,portfolio_hist,PREMIUM,SKIP,idle,24324.5,20.56,1.0,0.0,0.0,1.038,0.062,2.351,6,9,35,2,0,70,0,70,75,trending,0.0,0,,,
2026-03-04T09:40:00+05:30,portfolio_hist,PREMIUM,SKIP,idle,24372.7,20.43,1.0,0.0,0.0,1.038,0.136,2.36,6,9,40,2,0,70,0,70,75,trending,0.0,0,,,
2026-03-04T09:45:00+05:30,portfolio_hist,PREMIUM,SKIP,idle,24413.15,20.32,1.0,0.0,0.0,1.038,0.302,0.347,6,9,45,2,0,62,0,62,75,high_vol_range,0.0,0,,,
2026-03-04T09:47:00+05:30,portfolio_hist,PREMIUM,ENTER,iron_condor,24367.7,20.56,1.0,0.0,0.0,1.038,0.116,0.347,6,9,47,2,0,82,0,82,75,high_vol_range,53.58,75,,,
2026-03-04T10:30:00+05:30,portfolio_hist,TREND,ENTER,debit_spread,24415.0,20.71,1.0,0.0,0.0,1.038,0.31,0.486,6,10,30,2,0,75,0,75,60,high_vol_range,38.69,75,,,
2026-03-04T15:15:00+05:30,portfolio_hist,PREMIUM,EXIT,iron_condor,24455.45,21.11,1.0,0.0,0.0,1.037,0.476,0.527,6,15,15,2,0,0,0,0,0,high_vol_range,0.0,0,Time exit,381.75,328
2026-03-04T15:16:00+05:30,portfolio_hist,TREND,EXIT,debit_spread,24469.8,21.06,1.0,0.0,0.0,1.037,0.535,0.527,6,15,16,2,0,0,0,0,0,high_vol_range,0.0,0,Time exit,-263.25,286
2026-03-04T09:30:00+05:30,portfolio_hist,PREMIUM,SKIP,idle,24353.55,20.37,1.0,0.0,0.0,1.038,0.058,2.351,6,9,30,2,0,70,0,70,75,trending,0.0,0,,,
2026-03-04T09:35:00+05:30,portfolio_hist,PREMIUM,SKIP,idle,24324.5,20.56,1.0,0.0,0.0,1.038,0.062,2.351,6,9,35,2,0,70,0,70,75,trending,0.0,0,,,
2026-03-04T09:40:00+05:30,portfolio_hist,PREMIUM,SKIP,idle,24372.7,20.43,1.0,0.0,0.0,1.038,0.136,2.36,6,9,40,2,0,70,0,70,75,trending,0.0,0,,,
2026-03-04T09:45:00+05:30,portfolio_hist,PREMIUM,SKIP,idle,24413.15,20.32,1.0,0.0,0.0,1.038,0.302,0.347,6,9,45,2,0,62,0,62,75,high_vol_range,0.0,0,,,
2026-03-04T09:47:00+05:30,portfolio_hist,PREMIUM,ENTER,iron_condor,24367.7,20.56,1.0,0.0,0.0,1.038,0.116,0.347,6,9,47,2,0,82,0,82,75,high_vol_range,53.58,75,,,
2026-03-04T10:30:00+05:30,portfolio_hist,TREND,ENTER,debit_spread,24415.0,20.71,1.0,0.0,0.0,1.038,0.31,0.486,6,10,30,2,0,75,0,75,60,high_vol_range,38.69,75,,,
2026-03-04T15:15:00+05:30,portfolio_hist,PREMIUM,EXIT,iron_condor,24455.45,21.11,1.0,0.0,0.0,1.037,0.476,0.527,6,15,15,2,0,0,0,0,0,high_vol_range,0.0,0,Time exit,381.75,328
2026-03-04T15:16:00+05:30,portfolio_hist,TREND,EXIT,debit_spread,24469.8,21.06,1.0,0.0,0.0,1.037,0.535,0.527,6,15,16,2,0,0,0,0,0,high_vol_range,0.0,0,Time exit,-263.25,286
2026-03-04T09:30:00+05:30,portfolio_hist,PREMIUM,SKIP,idle,24353.55,20.37,1.0,0.0,0.0,1.038,0.058,2.351,6,9,30,2,0,70,0,70,75,trending,0.0,0,,,
2026-03-04T09:35:00+05:30,portfolio_hist,PREMIUM,SKIP,idle,24324.5,20.56,1.0,0.0,0.0,1.038,0.062,2.351,6,9,35,2,0,70,0,70,75,trending,0.0,0,,,
2026-03-04T09:40:00+05:30,portfolio_hist,PREMIUM,SKIP,idle,24372.7,20.43,1.0,0.0,0.0,1.038,0.136,2.36,6,9,40,2,0,70,0,70,75,trending,0.0,0,,,
2026-03-04T09:45:00+05:30,portfolio_hist,PREMIUM,SKIP,idle,24413.15,20.32,1.0,0.0,0.0,1.038,0.302,0.347,6,9,45,2,0,62,0,62,75,high_vol_range,0.0,0,,,
2026-03-04T09:47:00+05:30,portfolio_hist,PREMIUM,ENTER,iron_condor,24367.7,20.56,1.0,0.0,0.0,1.038,0.116,0.347,6,9,47,2,0,82,0,82,75,high_vol_range,53.58,75,,,
2026-03-04T10:30:00+05:30,portfolio_hist,TREND,ENTER,debit_spread,24415.0,20.71,1.0,0.0,0.0,1.038,0.31,0.486,6,10,30,2,0,75,0,75,60,high_vol_range,38.69,75,,,
2026-03-04T15:15:00+05:30,portfolio_hist,PREMIUM,EXIT,iron_condor,24455.45,21.11,1.0,0.0,0.0,1.037,0.476,0.527,6,15,15,2,0,0,0,0,0,high_vol_range,0.0,0,Time exit,381.75,328
2026-03-04T15:16:00+05:30,portfolio_hist,TREND,EXIT,debit_spread,24469.8,21.06,1.0,0.0,0.0,1.037,0.535,0.527,6,15,16,2,0,0,0,0,0,high_vol_range,0.0,0,Time exit,-263.25,286
2026-03-04T09:30:00+05:30,portfolio_hist,PREMIUM,SKIP,idle,24353.55,20.37,1.0,0.0,0.0,1.038,0.058,2.351,6,9,30,2,0,70,0,70,75,trending,0.0,0,,,
2026-03-04T09:35:00+05:30,portfolio_hist,PREMIUM,SKIP,idle,24324.5,20.56,1.0,0.0,0.0,1.038,0.062,2.351,6,9,35,2,0,70,0,70,75,trending,0.0,0,,,
2026-03-04T09:40:00+05:30,portfolio_hist,PREMIUM,SKIP,idle,24372.7,20.43,1.0,0.0,0.0,1.038,0.136,2.36,6,9,40,2,0,70,0,70,75,trending,0.0,0,,,
2026-03-04T09:45:00+05:30,portfolio_hist,PREMIUM,SKIP,idle,24413.15,20.32,1.0,0.0,0.0,1.038,0.302,0.347,6,9,45,2,0,62,0,62,75,high_vol_range,0.0,0,,,
2026-03-04T09:47:00+05:30,portfolio_hist,PREMIUM,ENTER,iron_condor,24367.7,20.56,1.0,0.0,0.0,1.038,0.116,0.347,6,9,47,2,0,82,0,82,75,high_vol_range,53.58,75,,,
2026-03-04T10:30:00+05:30,portfolio_hist,TREND,ENTER,debit_spread,24415.0,20.71,1.0,0.0,0.0,1.038,0.31,0.486,6,10,30,2,0,75,0,75,60,high_vol_range,38.69,75,,,
2026-03-04T15:15:00+05:30,portfolio_hist,PREMIUM,EXIT,iron_condor,24455.45,21.11,1.0,0.0,0.0,1.037,0.476,0.527,6,15,15,2,0,0,0,0,0,high_vol_range,0.0,0,Time exit,381.75,328
2026-03-04T15:16:00+05:30,portfolio_hist,TREND,EXIT,debit_spread,24469.8,21.06,1.0,0.0,0.0,1.037,0.535,0.527,6,15,16,2,0,0,0,0,0,high_vol_range,0.0,0,Time exit,-263.25,286
2026-03-04T09:30:00+05:30,portfolio_hist,PREMIUM,SKIP,idle,24353.55,20.37,1.0,0.0,0.0,1.038,0.058,2.351,6,9,30,2,0,70,0,70,75,trending,0.0,0,,,
2026-03-04T09:35:00+05:30,portfolio_hist,PREMIUM,SKIP,idle,24324.5,20.56,1.0,0.0,0.0,1.038,0.062,2.351,6,9,35,2,0,70,0,70,75,trending,0.0,0,,,
2026-03-04T09:40:00+05:30,portfolio_hist,PREMIUM,SKIP,idle,24372.7,20.43,1.0,0.0,0.0,1.038,0.136,2.36,6,9,40,2,0,70,0,70,75,trending,0.0,0,,,
2026-03-04T09:45:00+05:30,portfolio_hist,PREMIUM,SKIP,idle,24413.15,20.32,1.0,0.0,0.0,1.038,0.302,0.347,6,9,45,2,0,62,0,62,75,high_vol_range,0.0,0,,,
2026-03-04T09:47:00+05:30,portfolio_hist,PREMIUM,ENTER,iron_condor,24367.7,20.56,1.0,0.0,0.0,1.038,0.116,0.347,6,9,47,2,0,82,0,82,75,high_vol_range,53.58,75,,,
2026-03-04T10:30:00+05:30,portfolio_hist,TREND,ENTER,debit_spread,24415.0,20.71,1.0,0.0,0.0,1.038,0.31,0.486,6,10,30,2,0,75,0,75,60,high_vol_range,38.69,75,,,
2026-03-04T15:15:00+05:30,portfolio_hist,PREMIUM,EXIT,iron_condor,24455.45,21.11,1.0,0.0,0.0,1.037,0.476,0.527,6,15,15,2,0,0,0,0,0,high_vol_range,0.0,0,Time exit,381.75,328
2026-03-04T15:16:00+05:30,portfolio_hist,TREND,EXIT,debit_spread,24469.8,21.06,1.0,0.0,0.0,1.037,0.535,0.527,6,15,16,2,0,0,0,0,0,high_vol_range,0.0,0,Time exit,-263.25,286
2026-03-04T09:30:00+05:30,portfolio_hist,PREMIUM,SKIP,idle,24353.55,20.37,1.0,0.0,0.0,1.038,0.058,2.351,6,9,30,2,0,70,0,70,75,trending,0.0,0,,,
2026-03-04T09:35:00+05:30,portfolio_hist,PREMIUM,SKIP,idle,24324.5,20.56,1.0,0.0,0.0,1.038,0.062,2.351,6,9,35,2,0,70,0,70,75,trending,0.0,0,,,
2026-03-04T09:40:00+05:30,portfolio_hist,PREMIUM,SKIP,idle,24372.7,20.43,1.0,0.0,0.0,1.038,0.136,2.36,6,9,40,2,0,70,0,70,75,trending,0.0,0,,,
2026-03-04T09:45:00+05:30,portfolio_hist,PREMIUM,SKIP,idle,24413.15,20.32,1.0,0.0,0.0,1.038,0.302,0.347,6,9,45,2,0,62,0,62,75,high_vol_range,0.0,0,,,
2026-03-04T09:47:00+05:30,portfolio_hist,PREMIUM,ENTER,iron_condor,24367.7,20.56,1.0,0.0,0.0,1.038,0.116,0.347,6,9,47,2,0,82,0,82,75,high_vol_range,53.58,75,,,
2026-03-04T10:30:00+05:30,portfolio_hist,TREND,ENTER,debit_spread,24415.0,20.71,1.0,0.0,0.0,1.038,0.31,0.486,6,10,30,2,0,75,0,75,60,high_vol_range,38.69,75,,,
2026-03-04T15:15:00+05:30,portfolio_hist,PREMIUM,EXIT,iron_condor,24455.45,21.11,1.0,0.0,0.0,1.037,0.476,0.527,6,15,15,2,0,0,0,0,0,high_vol_range,0.0,0,Time exit,381.75,328
2026-03-04T15:16:00+05:30,portfolio_hist,TREND,EXIT,debit_spread,24469.8,21.06,1.0,0.0,0.0,1.037,0.535,0.527,6,15,16,2,0,0,0,0,0,high_vol_range,0.0,0,Time exit,-263.25,286
2026-03-04T09:30:00+05:30,portfolio_hist,PREMIUM,SKIP,idle,24353.55,20.37,1.0,0.0,0.0,1.038,0.058,2.351,6,9,30,2,0,70,0,70,75,trending,0.0,0,,,
2026-03-04T09:35:00+05:30,portfolio_hist,PREMIUM,SKIP,idle,24324.5,20.56,1.0,0.0,0.0,1.038,0.062,2.351,6,9,35,2,0,70,0,70,75,trending,0.0,0,,,
2026-03-04T09:40:00+05:30,portfolio_hist,PREMIUM,SKIP,idle,24372.7,20.43,1.0,0.0,0.0,1.038,0.136,2.36,6,9,40,2,0,70,0,70,75,trending,0.0,0,,,
2026-03-04T09:45:00+05:30,portfolio_hist,PREMIUM,SKIP,idle,24413.15,20.32,1.0,0.0,0.0,1.038,0.302,0.347,6,9,45,2,0,62,0,62,75,high_vol_range,0.0,0,,,
2026-03-04T09:47:00+05:30,portfolio_hist,PREMIUM,ENTER,iron_condor,24367.7,20.56,1.0,0.0,0.0,1.038,0.116,0.347,6,9,47,2,0,82,0,82,75,high_vol_range,53.58,75,,,
2026-03-04T10:30:00+05:30,portfolio_hist,TREND,ENTER,debit_spread,24415.0,20.71,1.0,0.0,0.0,1.038,0.31,0.486,6,10,30,2,0,75,0,75,60,high_vol_range,38.69,75,,,
2026-03-04T15:15:00+05:30,portfolio_hist,PREMIUM,EXIT,iron_condor,24455.45,21.11,1.0,0.0,0.0,1.037,0.476,0.527,6,15,15,2,0,0,0,0,0,high_vol_range,0.0,0,Time exit,381.75,328
2026-03-04T15:16:00+05:30,portfolio_hist,TREND,EXIT,debit_spread,24469.8,21.06,1.0,0.0,0.0,1.037,0.535,0.527,6,15,16,2,0,0,0,0,0,high_vol_range,0.0,0,Time exit,-263.25,286
2026-03-04T09:30:00+05:30,portfolio_hist,PREMIUM,SKIP,idle,24353.55,20.37,1.0,0.0,0.0,1.038,0.058,2.351,6,9,30,2,0,70,0,70,75,trending,0.0,0,,,
2026-03-04T09:35:00+05:30,portfolio_hist,PREMIUM,SKIP,idle,24324.5,20.56,1.0,0.0,0.0,1.038,0.062,2.351,6,9,35,2,0,70,0,70,75,trending,0.0,0,,,
2026-03-04T09:40:00+05:30,portfolio_hist,PREMIUM,SKIP,idle,24372.7,20.43,1.0,0.0,0.0,1.038,0.136,2.36,6,9,40,2,0,70,0,70,75,trending,0.0,0,,,
2026-03-04T09:45:00+05:30,portfolio_hist,PREMIUM,SKIP,idle,24413.15,20.32,1.0,0.0,0.0,1.038,0.302,0.347,6,9,45,2,0,62,0,62,75,high_vol_range,0.0,0,,,
2026-03-04T09:47:00+05:30,portfolio_hist,PREMIUM,ENTER,iron_condor,24367.7,20.56,1.0,0.0,0.0,1.038,0.116,0.347,6,9,47,2,0,82,0,82,75,high_vol_range,53.58,75,,,
2026-03-04T10:30:00+05:30,portfolio_hist,TREND,ENTER,debit_spread,24415.0,20.71,1.0,0.0,0.0,1.038,0.31,0.486,6,10,30,2,0,75,0,75,60,high_vol_range,38.69,75,,,
2026-03-04T15:15:00+05:30,portfolio_hist,PREMIUM,EXIT,iron_condor,24455.45,21.11,1.0,0.0,0.0,1.037,0.476,0.527,6,15,15,2,0,0,0,0,0,high_vol_range,0.0,0,Time exit,381.75,328
2026-03-04T15:16:00+05:30,portfolio_hist,TREND,EXIT,debit_spread,24469.8,21.06,1.0,0.0,0.0,1.037,0.535,0.527,6,15,16,2,0,0,0,0,0,high_vol_range,0.0,0,Time exit,-263.25,286
2026-03-04T09:30:00+05:30,portfolio_hist,PREMIUM,SKIP,idle,24353.55,20.37,1.0,0.0,0.0,1.038,0.058,2.351,6,9,30,2,0,70,0,70,75,trending,0.0,0,,,
2026-03-04T09:35:00+05:30,portfolio_hist,PREMIUM,SKIP,idle,24324.5,20.56,1.0,0.0,0.0,1.038,0.062,2.351,6,9,35,2,0,70,0,70,75,trending,0.0,0,,,
2026-03-04T09:40:00+05:30,portfolio_hist,PREMIUM,SKIP,idle,24372.7,20.43,1.0,0.0,0.0,1.038,0.136,2.36,6,9,40,2,0,70,0,70,75,trending,0.0,0,,,
2026-03-04T09:45:00+05:30,portfolio_hist,PREMIUM,SKIP,idle,24413.15,20.32,1.0,0.0,0.0,1.038,0.302,0.347,6,9,45,2,0,62,0,62,75,high_vol_range,0.0,0,,,
2026-03-04T09:47:00+05:30,portfolio_hist,PREMIUM,ENTER,iron_condor,24367.7,20.56,1.0,0.0,0.0,1.038,0.116,0.347,6,9,47,2,0,82,0,82,75,high_vol_range,53.58,75,,,
2026-03-04T10:30:00+05:30,portfolio_hist,TREND,ENTER,debit_spread,24415.0,20.71,1.0,0.0,0.0,1.038,0.31,0.486,6,10,30,2,0,75,0,75,60,high_vol_range,38.69,75,,,
2026-03-04T15:15:00+05:30,portfolio_hist,PREMIUM,EXIT,iron_condor,24455.45,21.11,1.0,0.0,0.0,1.037,0.476,0.527,6,15,15,2,0,0,0,0,0,high_vol_range,0.0,0,Time exit,381.75,328
2026-03-04T15:16:00+05:30,portfolio_hist,TREND,EXIT,debit_spread,24469.8,21.06,1.0,0.0,0.0,1.037,0.535,0.527,6,15,16,2,0,0,0,0,0,high_vol_range,0.0,0,Time exit,-263.25,286
2026-03-04T09:30:00+05:30,portfolio_hist,PREMIUM,SKIP,idle,24353.55,20.37,1.0,0.0,0.0,1.038,0.058,2.351,6,9,30,2,0,70,0,70,75,trending,0.0,0,,,
2026-03-04T09:35:00+05:30,portfolio_hist,PREMIUM,SKIP,idle,24324.5,20.56,1.0,0.0,0.0,1.038,0.062,2.351,6,9,35,2,0,70,0,70,75,trending,0.0,0,,,
2026-03-04T09:40:00+05:30,portfolio_hist,PREMIUM,SKIP,idle,24372.7,20.43,1.0,0.0,0.0,1.038,0.136,2.36,6,9,40,2,0,70,0,70,75,trending,0.0,0,,,
2026-03-04T09:45:00+05:30,portfolio_hist,PREMIUM,SKIP,idle,24413.15,20.32,1.0,0.0,0.0,1.038,0.302,0.347,6,9,45,2,0,62,0,62,75,high_vol_range,0.0,0,,,
2026-03-04T09:47:00+05:30,portfolio_hist,PREMIUM,ENTER,iron_condor,24367.7,20.56,1.0,0.0,0.0,1.038,0.116,0.347,6,9,47,2,0,82,0,82,75,high_vol_range,53.58,75,,,
2026-03-04T10:30:00+05:30,portfolio_hist,TREND,ENTER,debit_spread,24415.0,20.71,1.0,0.0,0.0,1.038,0.31,0.486,6,10,30,2,0,75,0,75,60,high_vol_range,38.69,75,,,
2026-03-04T15:15:00+05:30,portfolio_hist,PREMIUM,EXIT,iron_condor,24455.45,21.11,1.0,0.0,0.0,1.037,0.476,0.527,6,15,15,2,0,0,0,0,0,high_vol_range,0.0,0,Time exit,381.75,328
2026-03-04T15:16:00+05:30,portfolio_hist,TREND,EXIT,debit_spread,24469.8,21.06,1.0,0.0,0.0,1.037,0.535,0.527,6,15,16,2,0,0,0,0,0,high_vol_range,0.0,0,Time exit,-263.25,286
2026-03-04T09:30:00+05:30,portfolio_hist,PREMIUM,SKIP,idle,24353.55,20.37,1.0,0.0,0.0,1.038,0.058,2.351,6,9,30,2,0,70,0,70,75,trending,0.0,0,,,
2026-03-04T09:35:00+05:30,portfolio_hist,PREMIUM,SKIP,idle,24324.5,20.56,1.0,0.0,0.0,1.038,0.062,2.351,6,9,35,2,0,70,0,70,75,trending,0.0,0,,,
2026-03-04T09:40:00+05:30,portfolio_hist,PREMIUM,SKIP,idle,24372.7,20.43,1.0,0.0,0.0,1.038,0.136,2.36,6,9,40,2,0,70,0,70,75,trending,0.0,0,,,
2026-03-04T09:45:00+05:30,portfolio_hist,PREMIUM,SKIP,idle,24413.15,20.32,1.0,0.0,0.0,1.038,0.302,0.347,6,9,45,2,0,62,0,62,75,high_vol_range,0.0,0,,,
2026-03-04T09:47:00+05:30,portfolio_hist,PREMIUM,ENTER,iron_condor,24367.7,20.56,1.0,0.0,0.0,1.038,0.116,0.347,6,9,47,2,0,82,0,82,75,high_vol_range,53.58,75,,,
2026-03-04T10:30:00+05:30,portfolio_hist,TREND,ENTER,debit_spread,24415.0,20.71,1.0,0.0,0.0,1.038,0.31,0.486,6,10,30,2,0,75,0,75,60,high_vol_range,38.69,75,,,
2026-03-04T15:15:00+05:30,portfolio_hist,PREMIUM,EXIT,iron_condor,24455.45,21.11,1.0,0.0,0.0,1.037,0.476,0.527,6,15,15,2,0,0,0,0,0,high_vol_range,0.0,0,Time exit,381.75,328
2026-03-04T15:16:00+05:30,portfolio_hist,TREND,EXIT,debit_spread,24469.8,21.06,1.0,0.0,0.0,1.037,0.535,0.527,6,15,16,2,0,0,0,0,0,high_vol_range,0.0,0,Time exit,-263.25,286
2026-03-04T09:30:00+05:30,portfolio_hist,PREMIUM,SKIP,idle,24353.55,20.37,1.0,0.0,0.0,1.038,0.058,2.351,6,9,30,2,0,70,0,70,75,trending,0.0,0,,,
2026-03-04T09:35:00+05:30,portfolio_hist,PREMIUM,SKIP,idle,24324.5,20.56,1.0,0.0,0.0,1.038,0.062,2.351,6,9,35,2,0,70,0,70,75,trending,0.0,0,,,
2026-03-04T09:40:00+05:30,portfolio_hist,PREMIUM,SKIP,idle,24372.7,20.43,1.0,0.0,0.0,1.038,0.136,2.36,6,9,40,2,0,70,0,70,75,trending,0.0,0,,,
2026-03-04T09:45:00+05:30,portfolio_hist,PREMIUM,SKIP,idle,24413.15,20.32,1.0,0.0,0.0,1.038,0.302,0.347,6,9,45,2,0,62,0,62,75,high_vol_range,0.0,0,,,
2026-03-04T09:47:00+05:30,portfolio_hist,PREMIUM,ENTER,iron_condor,24367.7,20.56,1.0,0.0,0.0,1.038,0.116,0.347,6,9,47,2,0,82,0,82,75,high_vol_range,53.58,75,,,
2026-03-04T10:30:00+05:30,portfolio_hist,TREND,ENTER,debit_spread,24415.0,20.71,1.0,0.0,0.0,1.038,0.31,0.486,6,10,30,2,0,75,0,75,60,high_vol_range,38.69,75,,,
2026-03-04T15:15:00+05:30,portfolio_hist,PREMIUM,EXIT,iron_condor,24455.45,21.11,1.0,0.0,0.0,1.037,0.476,0.527,6,15,15,2,0,0,0,0,0,high_vol_range,0.0,0,Time exit,381.75,328
2026-03-04T15:16:00+05:30,portfolio_hist,TREND,EXIT,debit_spread,24469.8,21.06,1.0,0.0,0.0,1.037,0.535,0.527,6,15,16,2,0,0,0,0,0,high_vol_range,0.0,0,Time exit,-263.25,286
2026-03-04T09:30:00+05:30,portfolio_hist,PREMIUM,SKIP,idle,24353.55,20.37,1.0,0.0,0.0,1.038,0.058,2.351,6,9,30,2,0,70,0,70,75,trending,0.0,0,,,
2026-03-04T09:35:00+05:30,portfolio_hist,PREMIUM,SKIP,idle,24324.5,20.56,1.0,0.0,0.0,1.038,0.062,2.351,6,9,35,2,0,70,0,70,75,trending,0.0,0,,,
2026-03-04T09:40:00+05:30,portfolio_hist,PREMIUM,SKIP,idle,24372.7,20.43,1.0,0.0,0.0,1.038,0.136,2.36,6,9,40,2,0,70,0,70,75,trending,0.0,0,,,
2026-03-04T09:45:00+05:30,portfolio_hist,PREMIUM,SKIP,idle,24413.15,20.32,1.0,0.0,0.0,1.038,0.302,0.347,6,9,45,2,0,62,0,62,75,high_vol_range,0.0,0,,,
2026-03-04T09:47:00+05:30,portfolio_hist,PREMIUM,ENTER,iron_condor,24367.7,20.56,1.0,0.0,0.0,1.038,0.116,0.347,6,9,47,2,0,82,0,82,75,high_vol_range,53.58,75,,,
2026-03-04T10:30:00+05:30,portfolio_hist,TREND,ENTER,debit_spread,24415.0,20.71,1.0,0.0,0.0,1.038,0.31,0.486,6,10,30,2,0,75,0,75,60,high_vol_range,38.69,75,,,
2026-03-04T15:15:00+05:30,portfolio_hist,PREMIUM,EXIT,iron_condor,24455.45,21.11,1.0,0.0,0.0,1.037,0.476,0.527,6,15,15,2,0,0,0,0,0,high_vol_range,0.0,0,Time exit,381.75,328
2026-03-04T15:16:00+05:30,portfolio_hist,TREND,EXIT,debit_spread,24469.8,21.06,1.0,0.0,0.0,1.037,0.535,0.527,6,15,16,2,0,0,0,0,0,high_vol_range,0.0,0,Time exit,-263.25,286
2026-03-04T09:30:00+05:30,portfolio_hist,PREMIUM,SKIP,idle,24353.55,20.37,1.0,0.0,0.0,1.038,0.058,2.351,6,9,30,2,0,70,0,70,75,trending,0.0,0,,,
2026-03-04T09:35:00+05:30,portfolio_hist,PREMIUM,SKIP,idle,24324.5,20.56,1.0,0.0,0.0,1.038,0.062,2.351,6,9,35,2,0,70,0,70,75,trending,0.0,0,,,
2026-03-04T09:40:00+05:30,portfolio_hist,PREMIUM,SKIP,idle,24372.7,20.43,1.0,0.0,0.0,1.038,0.136,2.36,6,9,40,2,0,70,0,70,75,trending,0.0,0,,,
2026-03-04T09:45:00+05:30,portfolio_hist,PREMIUM,SKIP,idle,24413.15,20.32,1.0,0.0,0.0,1.038,0.302,0.347,6,9,45,2,0,62,0,62,75,high_vol_range,0.0,0,,,
2026-03-04T09:47:00+05:30,portfolio_hist,PREMIUM,ENTER,iron_condor,24367.7,20.56,1.0,0.0,0.0,1.038,0.116,0.347,6,9,47,2,0,82,0,82,75,high_vol_range,53.58,75,,,
2026-03-04T10:30:00+05:30,portfolio_hist,TREND,ENTER,debit_spread,24415.0,20.71,1.0,0.0,0.0,1.038,0.31,0.486,6,10,30,2,0,75,0,75,60,high_vol_range,38.69,75,,,
2026-03-04T15:15:00+05:30,portfolio_hist,PREMIUM,EXIT,iron_condor,24455.45,21.11,1.0,0.0,0.0,1.037,0.476,0.527,6,15,15,2,0,0,0,0,0,high_vol_range,0.0,0,Time exit,381.75,328
2026-03-04T15:16:00+05:30,portfolio_hist,TREND,EXIT,debit_spread,24469.8,21.06,1.0,0.0,0.0,1.037,0.535,0.527,6,15,16,2,0,0,0,0,0,high_vol_range,0.0,0,Time exit,-263.25,286
2026-03-04T09:30:00+05:30,portfolio_hist,PREMIUM,SKIP,idle,24353.55,20.37,1.0,0.0,0.0,1.038,0.058,2.351,6,9,30,2,0,70,0,70,75,trending,0.0,0,,,
2026-03-04T09:35:00+05:30,portfolio_hist,PREMIUM,SKIP,idle,24324.5,20.56,1.0,0.0,0.0,1.038,0.062,2.351,6,9,35,2,0,70,0,70,75,trending,0.0,0,,,
2026-03-04T09:40:00+05:30,portfolio_hist,PREMIUM,SKIP,idle,24372.7,20.43,1.0,0.0,0.0,1.038,0.136,2.36,6,9,40,2,0,70,0,70,75,trending,0.0,0,,,
2026-03-04T09:45:00+05:30,portfolio_hist,PREMIUM,SKIP,idle,24413.15,20.32,1.0,0.0,0.0,1.038,0.302,0.347,6,9,45,2,0,62,0,62,75,high_vol_range,0.0,0,,,
2026-03-04T09:47:00+05:30,portfolio_hist,PREMIUM,ENTER,iron_condor,24367.7,20.56,1.0,0.0,0.0,1.038,0.116,0.347,6,9,47,2,0,82,0,82,75,high_vol_range,53.58,75,,,
2026-03-04T10:30:00+05:30,portfolio_hist,TREND,ENTER,debit_spread,24415.0,20.71,1.0,0.0,0.0,1.038,0.31,0.486,6,10,30,2,0,75,0,75,60,high_vol_range,38.69,75,,,
2026-03-04T15:15:00+05:30,portfolio_hist,PREMIUM,EXIT,iron_condor,24455.45,21.11,1.0,0.0,0.0,1.037,0.476,0.527,6,15,15,2,0,0,0,0,0,high_vol_range,0.0,0,Time exit,381.75,328
2026-03-04T15:16:00+05:30,portfolio_hist,TREND,EXIT,debit_spread,24469.8,21.06,1.0,0.0,0.0,1.037,0.535,0.527,6,15,16,2,0,0,0,0,0,high_vol_range,0.0,0,Time exit,-263.25,286
2026-03-04T09:30:00+05:30,portfolio_hist,PREMIUM,SKIP,idle,24353.55,20.37,1.0,0.0,0.0,1.038,0.058,2.351,6,9,30,2,0,70,0,70,75,trending,0.0,0,,,
2026-03-04T09:35:00+05:30,portfolio_hist,PREMIUM,SKIP,idle,24324.5,20.56,1.0,0.0,0.0,1.038,0.062,2.351,6,9,35,2,0,70,0,70,75,trending,0.0,0,,,
2026-03-04T09:40:00+05:30,portfolio_hist,PREMIUM,SKIP,idle,24372.7,20.43,1.0,0.0,0.0,1.038,0.136,2.36,6,9,40,2,0,70,0,70,75,trending,0.0,0,,,
2026-03-04T09:45:00+05:30,portfolio_hist,PREMIUM,SKIP,idle,24413.15,20.32,1.0,0.0,0.0,1.038,0.302,0.347,6,9,45,2,0,62,0,62,75,high_vol_range,0.0,0,,,
2026-03-04T09:47:00+05:30,portfolio_hist,PREMIUM,ENTER,iron_condor,24367.7,20.56,1.0,0.0,0.0,1.038,0.116,0.347,6,9,47,2,0,82,0,82,75,high_vol_range,53.58,75,,,
2026-03-04T10:30:00+05:30,portfolio_hist,TREND,ENTER,debit_spread,24415.0,20.71,1.0,0.0,0.0,1.038,0.31,0.486,6,10,30,2,0,75,0,75,60,high_vol_range,38.69,75,,,
2026-03-04T15:15:00+05:30,portfolio_hist,PREMIUM,EXIT,iron_condor,24455.45,21.11,1.0,0.0,0.0,1.037,0.476,0.527,6,15,15,2,0,0,0,0,0,high_vol_range,0.0,0,Time exit,381.75,328
2026-03-04T15:16:00+05:30,portfolio_hist,TREND,EXIT,debit_spread,24469.8,21.06,1.0,0.0,0.0,1.037,0.535,0.527,6,15,16,2,0,0,0,0,0,high_vol_range,0.0,0,Time exit,-263.25,286
2026-03-04T09:30:00+05:30,portfolio_hist,PREMIUM,SKIP,idle,24353.55,20.37,1.0,0.0,0.0,1.038,0.058,2.351,6,9,30,2,0,70,0,70,75,trending,0.0,0,,,
2026-03-04T09:35:00+05:30,portfolio_hist,PREMIUM,SKIP,idle,24324.5,20.56,1.0,0.0,0.0,1.038,0.062,2.351,6,9,35,2,0,70,0,70,75,trending,0.0,0,,,
2026-03-04T09:40:00+05:30,portfolio_hist,PREMIUM,SKIP,idle,24372.7,20.43,1.0,0.0,0.0,1.038,0.136,2.36,6,9,40,2,0,70,0,70,75,trending,0.0,0,,,
2026-03-04T09:45:00+05:30,portfolio_hist,PREMIUM,SKIP,idle,24413.15,20.32,1.0,0.0,0.0,1.038,0.302,0.347,6,9,45,2,0,62,0,62,75,high_vol_range,0.0,0,,,
2026-03-04T09:47:00+05:30,portfolio_hist,PREMIUM,ENTER,iron_condor,24367.7,20.56,1.0,0.0,0.0,1.038,0.116,0.347,6,9,47,2,0,82,0,82,75,high_vol_range,53.58,75,,,
2026-03-04T10:30:00+05:30,portfolio_hist,TREND,ENTER,debit_spread,24415.0,20.71,1.0,0.0,0.0,1.038,0.31,0.486,6,10,30,2,0,75,0,75,60,high_vol_range,38.69,75,,,
2026-03-04T15:15:00+05:30,portfolio_hist,PREMIUM,EXIT,iron_condor,24455.45,21.11,1.0,0.0,0.0,1.037,0.476,0.527,6,15,15,2,0,0,0,0,0,high_vol_range,0.0,0,Time exit,381.75,328
2026-03-04T15:16:00+05:30,portfolio_hist,TREND,EXIT,debit_spread,24469.8,21.06,1.0,0.0,0.0,1.037,0.535,0.527,6,15,16,2,0,0,0,0,0,high_vol_range,0.0,0,Time exit,-263.25,286
2026-03-04T09:30:00+05:30,portfolio_hist,PREMIUM,SKIP,idle,24353.55,20.37,1.0,0.0,0.0,1.038,0.058,2.351,6,9,30,2,0,70,0,70,75,trending,0.0,0,,,
2026-03-04T09:35:00+05:30,portfolio_hist,PREMIUM,SKIP,idle,24324.5,20.56,1.0,0.0,0.0,1.038,0.062,2.351,6,9,35,2,0,70,0,70,75,trending,0.0,0,,,
2026-03-04T09:40:00+05:30,portfolio_hist,PREMIUM,SKIP,idle,24372.7,20.43,1.0,0.0,0.0,1.038,0.136,2.36,6,9,40,2,0,70,0,70,75,trending,0.0,0,,,
2026-03-04T09:45:00+05:30,portfolio_hist,PREMIUM,SKIP,idle,24413.15,20.32,1.0,0.0,0.0,1.038,0.302,0.347,6,9,45,2,0,62,0,62,75,high_vol_range,0.0,0,,,
2026-03-04T09:47:00+05:30,portfolio_hist,PREMIUM,ENTER,iron_condor,24367.7,20.56,1.0,0.0,0.0,1.038,0.116,0.347,6,9,47,2,0,82,0,82,75,high_vol_range,53.58,75,,,
2026-03-04T10:30:00+05:30,portfolio_hist,TREND,ENTER,debit_spread,24415.0,20.71,1.0,0.0,0.0,1.038,0.31,0.486,6,10,30,2,0,75,0,75,60,high_vol_range,38.69,75,,,
2026-03-04T15:15:00+05:30,portfolio_hist,PREMIUM,EXIT,iron_condor,24455.45,21.11,1.0,0.0,0.0,1.037,0.476,0.527,6,15,15,2,0,0,0,0,0,high_vol_range,0.0,0,Time exit,381.75,328
2026-03-04T15:16:00+05:30,portfolio_hist,TREND,EXIT,debit_spread,24469.8,21.06,1.0,0.0,0.0,1.037,0.535,0.527,6,15,16,2,0,0,0,0,0,high_vol_range,0.0,0,Time exit,-263.25,286
2026-03-04T09:30:00+05:30,portfolio_hist,PREMIUM,SKIP,idle,24353.55,20.37,1.0,0.0,0.0,1.038,0.058,2.351,6,9,30,2,0,70,0,70,75,trending,0.0,0,,,
2026-03-04T09:35:00+05:30,portfolio_hist,PREMIUM,SKIP,idle,24324.5,20.56,1.0,0.0,0.0,1.038,0.062,2.351,6,9,35,2,0,70,0,70,75,trending,0.0,0,,,
2026-03-04T09:40:00+05:30,portfolio_hist,PREMIUM,SKIP,idle,24372.7,20.43,1.0,0.0,0.0,1.038,0.136,2.36,6,9,40,2,0,70,0,70,75,trending,0.0,0,,,
2026-03-04T09:45:00+05:30,portfolio_hist,PREMIUM,SKIP,idle,24413.15,20.32,1.0,0.0,0.0,1.038,0.302,0.347,6,9,45,2,0,62,0,62,75,high_vol_range,0.0,0,,,
2026-03-04T09:47:00+05:30,portfolio_hist,PREMIUM,ENTER,iron_condor,24367.7,20.56,1.0,0.0,0.0,1.038,0.116,0.347,6,9,47,2,0,82,0,82,75,high_vol_range,53.58,75,,,
2026-03-04T10:30:00+05:30,portfolio_hist,TREND,ENTER,debit_spread,24415.0,20.71,1.0,0.0,0.0,1.038,0.31,0.486,6,10,30,2,0,75,0,75,60,high_vol_range,38.69,75,,,
2026-03-04T15:15:00+05:30,portfolio_hist,PREMIUM,EXIT,iron_condor,24455.45,21.11,1.0,0.0,0.0,1.037,0.476,0.527,6,15,15,2,0,0,0,0,0,high_vol_range,0.0,0,Time exit,381.75,328
2026-03-04T15:16:00+05:30,portfolio_hist,TREND,EXIT,debit_spread,24469.8,21.06,1.0,0.0,0.0,1.037,0.535,0.527,6,15,16,2,0,0,0,0,0,high_vol_range,0.0,0,Time exit,-263.25,286
2026-03-04T09:30:00+05:30,portfolio_hist,PREMIUM,SKIP,idle,24353.55,20.37,1.0,0.0,0.0,1.038,0.058,2.351,6,9,30,2,0,70,0,70,75,trending,0.0,0,,,
2026-03-04T09:35:00+05:30,portfolio_hist,PREMIUM,SKIP,idle,24324.5,20.56,1.0,0.0,0.0,1.038,0.062,2.351,6,9,35,2,0,70,0,70,75,trending,0.0,0,,,
2026-03-04T09:40:00+05:30,portfolio_hist,PREMIUM,SKIP,idle,24372.7,20.43,1.0,0.0,0.0,1.038,0.136,2.36,6,9,40,2,0,70,0,70,75,trending,0.0,0,,,
2026-03-04T09:45:00+05:30,portfolio_hist,PREMIUM,SKIP,idle,24413.15,20.32,1.0,0.0,0.0,1.038,0.302,0.347,6,9,45,2,0,62,0,62,75,high_vol_range,0.0,0,,,
2026-03-04T09:47:00+05:30,portfolio_hist,PREMIUM,ENTER,iron_condor,24367.7,20.56,1.0,0.0,0.0,1.038,0.116,0.347,6,9,47,2,0,82,0,82,75,high_vol_range,53.58,75,,,
2026-03-04T10:30:00+05:30,portfolio_hist,TREND,ENTER,debit_spread,24415.0,20.71,1.0,0.0,0.0,1.038,0.31,0.486,6,10,30,2,0,75,0,75,60,high_vol_range,38.69,75,,,
2026-03-04T15:15:00+05:30,portfolio_hist,PREMIUM,EXIT,iron_condor,24455.45,21.11,1.0,0.0,0.0,1.037,0.476,0.527,6,15,15,2,0,0,0,0,0,high_vol_range,0.0,0,Time exit,381.75,328
2026-03-04T15:16:00+05:30,portfolio_hist,TREND,EXIT,debit_spread,24469.8,21.06,1.0,0.0,0.0,1.037,0.535,0.527,6,15,16,2,0,0,0,0,0,high_vol_range,0.0,0,Time exit,-263.25,286
2026-03-04T09:30:00+05:30,portfolio_hist,PREMIUM,SKIP,idle,24353.55,20.37,1.0,0.0,0.0,1.038,0.058,2.351,6,9,30,2,0,70,0,70,75,trending,0.0,0,,,
2026-03-04T09:35:00+05:30,portfolio_hist,PREMIUM,SKIP,idle,24324.5,20.56,1.0,0.0,0.0,1.038,0.062,2.351,6,9,35,2,0,70,0,70,75,trending,0.0,0,,,
2026-03-04T09:40:00+05:30,portfolio_hist,PREMIUM,SKIP,idle,24372.7,20.43,1.0,0.0,0.0,1.038,0.136,2.36,6,9,40,2,0,70,0,70,75,trending,0.0,0,,,
2026-03-04T09:45:00+05:30,portfolio_hist,PREMIUM,SKIP,idle,24413.15,20.32,1.0,0.0,0.0,1.038,0.302,0.347,6,9,45,2,0,62,0,62,75,high_vol_range,0.0,0,,,
2026-03-04T09:47:00+05:30,portfolio_hist,PREMIUM,ENTER,iron_condor,24367.7,20.56,1.0,0.0,0.0,1.038,0.116,0.347,6,9,47,2,0,82,0,82,75,high_vol_range,53.58,75,,,
2026-03-04T10:30:00+05:30,portfolio_hist,TREND,ENTER,debit_spread,24415.0,20.71,1.0,0.0,0.0,1.038,0.31,0.486,6,10,30,2,0,75,0,75,60,high_vol_range,38.69,75,,,
2026-03-04T15:15:00+05:30,portfolio_hist,PREMIUM,EXIT,iron_condor,24455.45,21.11,1.0,0.0,0.0,1.037,0.476,0.527,6,15,15,2,0,0,0,0,0,high_vol_range,0.0,0,Time exit,381.75,328
2026-03-04T15:16:00+05:30,portfolio_hist,TREND,EXIT,debit_spread,24469.8,21.06,1.0,0.0,0.0,1.037,0.535,0.527,6,15,16,2,0,0,0,0,0,high_vol_range,0.0,0,Time exit,-263.25,286
2026-03-04T09:30:00+05:30,portfolio_hist,PREMIUM,SKIP,idle,24353.55,20.37,1.0,0.0,0.0,1.038,0.058,2.351,6,9,30,2,0,70,0,70,75,trending,0.0,0,,,
2026-03-04T09:35:00+05:30,portfolio_hist,PREMIUM,SKIP,idle,24324.5,20.56,1.0,0.0,0.0,1.038,0.062,2.351,6,9,35,2,0,70,0,70,75,trending,0.0,0,,,
2026-03-04T09:40:00+05:30,portfolio_hist,PREMIUM,SKIP,idle,24372.7,20.43,1.0,0.0,0.0,1.038,0.136,2.36,6,9,40,2,0,70,0,70,75,trending,0.0,0,,,
2026-03-04T09:45:00+05:30,portfolio_hist,PREMIUM,SKIP,idle,24413.15,20.32,1.0,0.0,0.0,1.038,0.302,0.347,6,9,45,2,0,62,0,62,75,high_vol_range,0.0,0,,,
2026-03-04T09:47:00+05:30,portfolio_hist,PREMIUM,ENTER,iron_condor,24367.7,20.56,1.0,0.0,0.0,1.038,0.116,0.347,6,9,47,2,0,82,0,82,75,high_vol_range,53.58,75,,,
2026-03-04T10:30:00+05:30,portfolio_hist,TREND,ENTER,debit_spread,24415.0,20.71,1.0,0.0,0.0,1.038,0.31,0.486,6,10,30,2,0,75,0,75,60,high_vol_range,38.69,75,,,
2026-03-04T15:15:00+05:30,portfolio_hist,PREMIUM,EXIT,iron_condor,24455.45,21.11,1.0,0.0,0.0,1.037,0.476,0.527,6,15,15,2,0,0,0,0,0,high_vol_range,0.0,0,Time exit,381.75,328
2026-03-04T15:16:00+05:30,portfolio_hist,TREND,EXIT,debit_spread,24469.8,21.06,1.0,0.0,0.0,1.037,0.535,0.527,6,15,16,2,0,0,0,0,0,high_vol_range,0.0,0,Time exit,-263.25,286
2026-03-04T09:30:00+05:30,portfolio_hist,PREMIUM,SKIP,idle,24353.55,20.37,1.0,0.0,0.0,1.038,0.058,2.351,6,9,30,2,0,70,0,70,75,trending,0.0,0,,,
2026-03-04T09:35:00+05:30,portfolio_hist,PREMIUM,SKIP,idle,24324.5,20.56,1.0,0.0,0.0,1.038,0.062,2.351,6,9,35,2,0,70,0,70,75,trending,0.0,0,,,
2026-03-04T09:40:00+05:30,portfolio_hist,PREMIUM,SKIP,idle,24372.7,20.43,1.0,0.0,0.0,1.038,0.136,2.36,6,9,40,2,0,70,0,70,75,trending,0.0,0,,,
2026-03-04T09:45:00+05:30,portfolio_hist,PREMIUM,SKIP,idle,24413.15,20.32,1.0,0.0,0.0,1.038,0.302,0.347,6,9,45,2,0,62,0,62,75,high_vol_range,0.0,0,,,
2026-03-04T09:47:00+05:30,portfolio_hist,PREMIUM,ENTER,iron_condor,24367.7,20.56,1.0,0.0,0.0,1.038,0.116,0.347,6,9,47,2,0,82,0,82,75,high_vol_range,53.58,75,,,
2026-03-04T10:30:00+05:30,portfolio_hist,TREND,ENTER,debit_spread,24415.0,20.71,1.0,0.0,0.0,1.038,0.31,0.486,6,10,30,2,0,75,0,75,60,high_vol_range,38.69,75,,,
2026-03-04T15:15:00+05:30,portfolio_hist,PREMIUM,EXIT,iron_condor,24455.45,21.11,1.0,0.0,0.0,1.037,0.476,0.527,6,15,15,2,0,0,0,0,0,high_vol_range,0.0,0,Time exit,381.75,328
2026-03-04T15:16:00+05:30,portfolio_hist,TREND,EXIT,debit_spread,24469.8,21.06,1.0,0.0,0.0,1.037,0.535,0.527,6,15,16,2,0,0,0,0,0,high_vol_range,0.0,0,Time exit,-263.25,286
2026-03-04T09:30:00+05:30,portfolio_hist,PREMIUM,SKIP,idle,24353.55,20.37,1.0,0.0,0.0,1.038,0.058,2.351,6,9,30,2,0,70,0,70,75,trending,0.0,0,,,
2026-03-04T09:35:00+05:30,portfolio_hist,PREMIUM,SKIP,idle,24324.5,20.56,1.0,0.0,0.0,1.038,0.062,2.351,6,9,35,2,0,70,0,70,75,trending,0.0,0,,,
2026-03-04T09:40:00+05:30,portfolio_hist,PREMIUM,SKIP,idle,24372.7,20.43,1.0,0.0,0.0,1.038,0.136,2.36,6,9,40,2,0,70,0,70,75,trending,0.0,0,,,
2026-03-04T09:45:00+05:30,portfolio_hist,PREMIUM,SKIP,idle,24413.15,20.32,1.0,0.0,0.0,1.038,0.302,0.347,6,9,45,2,0,62,0,62,75,high_vol_range,0.0,0,,,
2026-03-04T09:47:00+05:30,portfolio_hist,PREMIUM,ENTER,iron_condor,24367.7,20.56,1.0,0.0,0.0,1.038,0.116,0.347,6,9,47,2,0,82,0,82,75,high_vol_range,53.58,75,,,
2026-03-04T10:30:00+05:30,portfolio_hist,TREND,ENTER,debit_spread,24415.0,20.71,1.0,0.0,0.0,1.038,0.31,0.486,6,10,30,2,0,75,0,75,60,high_vol_range,38.69,75,,,
2026-03-04T15:15:00+05:30,portfolio_hist,PREMIUM,EXIT,iron_condor,24455.45,21.11,1.0,0.0,0.0,1.037,0.476,0.527,6,15,15,2,0,0,0,0,0,high_vol_range,0.0,0,Time exit,381.75,328
2026-03-04T15:16:00+05:30,portfolio_hist,TREND,EXIT,debit_spread,24469.8,21.06,1.0,0.0,0.0,1.037,0.535,0.527,6,15,16,2,0,0,0,0,0,high_vol_range,0.0,0,Time exit,-263.25,286
2026-03-04T09:30:00+05:30,portfolio_hist,PREMIUM,SKIP,idle,24353.55,20.37,1.0,0.0,0.0,1.038,0.058,2.351,6,9,30,2,0,70,0,70,75,trending,0.0,0,,,
2026-03-04T09:35:00+05:30,portfolio_hist,PREMIUM,SKIP,idle,24324.5,20.56,1.0,0.0,0.0,1.038,0.062,2.351,6,9,35,2,0,70,0,70,75,trending,0.0,0,,,
2026-03-04T09:40:00+05:30,portfolio_hist,PREMIUM,SKIP,idle,24372.7,20.43,1.0,0.0,0.0,1.038,0.136,2.36,6,9,40,2,0,70,0,70,75,trending,0.0,0,,,
2026-03-04T09:45:00+05:30,portfolio_hist,PREMIUM,SKIP,idle,24413.15,20.32,1.0,0.0,0.0,1.038,0.302,0.347,6,9,45,2,0,62,0,62,75,high_vol_range,0.0,0,,,
2026-03-04T09:47:00+05:30,portfolio_hist,PREMIUM,ENTER,iron_condor,24367.7,20.56,1.0,0.0,0.0,1.038,0.116,0.347,6,9,47,2,0,82,0,82,75,high_vol_range,53.58,75,,,
2026-03-04T10:30:00+05:30,portfolio_hist,TREND,ENTER,debit_spread,24415.0,20.71,1.0,0.0,0.0,1.038,0.31,0.486,6,10,30,2,0,75,0,75,60,high_vol_range,38.69,75,,,
2026-03-04T15:15:00+05:30,portfolio_hist,PREMIUM,EXIT,iron_condor,24455.45,21.11,1.0,0.0,0.0,1.037,0.476,0.527,6,15,15,2,0,0,0,0,0,high_vol_range,0.0,0,Time exit,381.75,328
2026-03-04T15:16:00+05:30,portfolio_hist,TREND,EXIT,debit_spread,24469.8,21.06,1.0,0.0,0.0,1.037,0.535,0.527,6,15,16,2,0,0,0,0,0,high_vol_range,0.0,0,Time exit,-263.25,286
2026-03-04T09:30:00+05:30,portfolio_hist,PREMIUM,SKIP,idle,24353.55,20.37,1.0,0.0,0.0,1.038,0.058,2.351,6,9,30,2,0,70,0,70,75,trending,0.0,0,,,
2026-03-04T09:35:00+05:30,portfolio_hist,PREMIUM,SKIP,idle,24324.5,20.56,1.0,0.0,0.0,1.038,0.062,2.351,6,9,35,2,0,70,0,70,75,trending,0.0,0,,,
2026-03-04T09:40:00+05:30,portfolio_hist,PREMIUM,SKIP,idle,24372.7,20.43,1.0,0.0,0.0,1.038,0.136,2.36,6,9,40,2,0,70,0,70,75,trending,0.0,0,,,
2026-03-04T09:45:00+05:30,portfolio_hist,PREMIUM,SKIP,idle,24413.15,20.32,1.0,0.0,0.0,1.038,0.302,0.347,6,9,45,2,0,62,0,62,75,high_vol_range,0.0,0,,,
2026-03-04T09:47:00+05:30,portfolio_hist,PREMIUM,ENTER,iron_condor,24367.7,20.56,1.0,0.0,0.0,1.038,0.116,0.347,6,9,47,2,0,82,0,82,75,high_vol_range,53.58,75,,,
2026-03-04T10:30:00+05:30,portfolio_hist,TREND,ENTER,debit_spread,24415.0,20.71,1.0,0.0,0.0,1.038,0.31,0.486,6,10,30,2,0,75,0,75,60,high_vol_range,38.69,75,,,
2026-03-04T15:15:00+05:30,portfolio_hist,PREMIUM,EXIT,iron_condor,24455.45,21.11,1.0,0.0,0.0,1.037,0.476,0.527,6,15,15,2,0,0,0,0,0,high_vol_range,0.0,0,Time exit,381.75,328
2026-03-04T15:16:00+05:30,portfolio_hist,TREND,EXIT,debit_spread,24469.8,21.06,1.0,0.0,0.0,1.037,0.535,0.527,6,15,16,2,0,0,0,0,0,high_vol_range,0.0,0,Time exit,-263.25,286
2026-03-04T09:30:00+05:30,portfolio_hist,PREMIUM,SKIP,idle,24353.55,20.37,1.0,0.0,0.0,1.038,0.058,2.351,6,9,30,2,0,70,0,70,75,trending,0.0,0,,,
2026-03-04T09:35:00+05:30,portfolio_hist,PREMIUM,SKIP,idle,24324.5,20.56,1.0,0.0,0.0,1.038,0.062,2.351,6,9,35,2,0,70,0,70,75,trending,0.0,0,,,
2026-03-04T09:40:00+05:30,portfolio_hist,PREMIUM,SKIP,idle,24372.7,20.43,1.0,0.0,0.0,1.038,0.136,2.36,6,9,40,2,0,70,0,70,75,trending,0.0,0,,,
2026-03-04T09:45:00+05:30,portfolio_hist,PREMIUM,SKIP,idle,24413.15,20.32,1.0,0.0,0.0,1.038,0.302,0.347,6,9,45,2,0,62,0,62,75,high_vol_range,0.0,0,,,
2026-03-04T09:47:00+05:30,portfolio_hist,PREMIUM,ENTER,iron_condor,24367.7,20.56,1.0,0.0,0.0,1.038,0.116,0.347,6,9,47,2,0,82,0,82,75,high_vol_range,53.58,75,,,
2026-03-04T10:30:00+05:30,portfolio_hist,TREND,ENTER,debit_spread,24415.0,20.71,1.0,0.0,0.0,1.038,0.31,0.486,6,10,30,2,0,75,0,75,60,high_vol_range,38.69,75,,,
2026-03-04T15:15:00+05:30,portfolio_hist,PREMIUM,EXIT,iron_condor,24455.45,21.11,1.0,0.0,0.0,1.037,0.476,0.527,6,15,15,2,0,0,0,0,0,high_vol_range,0.0,0,Time exit,381.75,328
2026-03-04T15:16:00+05:30,portfolio_hist,TREND,EXIT,debit_spread,24469.8,21.06,1.0,0.0,0.0,1.037,0.535,0.527,6,15,16,2,0,0,0,0,0,high_vol_range,0.0,0,Time exit,-263.25,286
2026-03-04T09:30:00+05:30,portfolio_hist,PREMIUM,SKIP,idle,24353.55,20.37,1.0,0.0,0.0,1.038,0.058,2.351,6,9,30,2,0,70,0,70,75,trending,0.0,0,,,
2026-03-04T09:35:00+05:30,portfolio_hist,PREMIUM,SKIP,idle,24324.5,20.56,1.0,0.0,0.0,1.038,0.062,2.351,6,9,35,2,0,70,0,70,75,trending,0.0,0,,,
2026-03-04T09:40:00+05:30,portfolio_hist,PREMIUM,SKIP,idle,24372.7,20.43,1.0,0.0,0.0,1.038,0.136,2.36,6,9,40,2,0,70,0,70,75,trending,0.0,0,,,
2026-03-04T09:45:00+05:30,portfolio_hist,PREMIUM,SKIP,idle,24413.15,20.32,1.0,0.0,0.0,1.038,0.302,0.347,6,9,45,2,0,62,0,62,75,high_vol_range,0.0,0,,,
2026-03-04T09:47:00+05:30,portfolio_hist,PREMIUM,ENTER,iron_condor,24367.7,20.56,1.0,0.0,0.0,1.038,0.116,0.347,6,9,47,2,0,82,0,82,75,high_vol_range,53.58,75,,,
2026-03-04T10:30:00+05:30,portfolio_hist,TREND,ENTER,debit_spread,24415.0,20.71,1.0,0.0,0.0,1.038,0.31,0.486,6,10,30,2,0,75,0,75,60,high_vol_range,38.69,75,,,
2026-03-04T15:15:00+05:30,portfolio_hist,PREMIUM,EXIT,iron_condor,24455.45,21.11,1.0,0.0,0.0,1.037,0.476,0.527,6,15,15,2,0,0,0,0,0,high_vol_range,0.0,0,Time exit,381.75,328
2026-03-04T15:16:00+05:30,portfolio_hist,TREND,EXIT,debit_spread,24469.8,21.06,1.0,0.0,0.0,1.037,0.535,0.527,6,15,16,2,0,0,0,0,0,high_vol_range,0.0,0,Time exit,-263.25,286
2026-03-04T09:30:00+05:30,portfolio_hist,PREMIUM,SKIP,idle,24353.55,20.37,1.0,0.0,0.0,1.038,0.058,2.351,6,9,30,2,0,70,0,70,75,trending,0.0,0,,,
2026-03-04T09:35:00+05:30,portfolio_hist,PREMIUM,SKIP,idle,24324.5,20.56,1.0,0.0,0.0,1.038,0.062,2.351,6,9,35,2,0,70,0,70,75,trending,0.0,0,,,
2026-03-04T09:40:00+05:30,portfolio_hist,PREMIUM,SKIP,idle,24372.7,20.43,1.0,0.0,0.0,1.038,0.136,2.36,6,9,40,2,0,70,0,70,75,trending,0.0,0,,,
2026-03-04T09:45:00+05:30,portfolio_hist,PREMIUM,SKIP,idle,24413.15,20.32,1.0,0.0,0.0,1.038,0.302,0.347,6,9,45,2,0,62,0,62,75,high_vol_range,0.0,0,,,
2026-03-04T09:47:00+05:30,portfolio_hist,PREMIUM,ENTER,iron_condor,24367.7,20.56,1.0,0.0,0.0,1.038,0.116,0.347,6,9,47,2,0,82,0,82,75,high_vol_range,53.58,75,,,
2026-03-04T10:30:00+05:30,portfolio_hist,TREND,ENTER,debit_spread,24415.0,20.71,1.0,0.0,0.0,1.038,0.31,0.486,6,10,30,2,0,75,0,75,60,high_vol_range,38.69,75,,,
2026-03-04T15:15:00+05:30,portfolio_hist,PREMIUM,EXIT,iron_condor,24455.45,21.11,1.0,0.0,0.0,1.037,0.476,0.527,6,15,15,2,0,0,0,0,0,high_vol_range,0.0,0,Time exit,381.75,328
2026-03-04T15:16:00+05:30,portfolio_hist,TREND,EXIT,debit_spread,24469.8,21.06,1.0,0.0,0.0,1.037,0.535,0.527,6,15,16,2,0,0,0,0,0,high_vol_range,0.0,0,Time exit,-263.25,286
2026-03-04T09:30:00+05:30,portfolio_hist,PREMIUM,SKIP,idle,24353.55,20.37,1.0,0.0,0.0,1.038,0.058,2.351,6,9,30,2,0,70,0,70,75,trending,0.0,0,,,
2026-03-04T09:35:00+05:30,portfolio_hist,PREMIUM,SKIP,idle,24324.5,20.56,1.0,0.0,0.0,1.038,0.062,2.351,6,9,35,2,0,70,0,70,75,trending,0.0,0,,,
2026-03-04T09:40:00+05:30,portfolio_hist,PREMIUM,SKIP,idle,24372.7,20.43,1.0,0.0,0.0,1.038,0.136,2.36,6,9,40,2,0,70,0,70,75,trending,0.0,0,,,
2026-03-04T09:45:00+05:30,portfolio_hist,PREMIUM,SKIP,idle,24413.15,20.32,1.0,0.0,0.0,1.038,0.302,0.347,6,9,45,2,0,62,0,62,75,high_vol_range,0.0,0,,,
2026-03-04T09:47:00+05:30,portfolio_hist,PREMIUM,ENTER,iron_condor,24367.7,20.56,1.0,0.0,0.0,1.038,0.116,0.347,6,9,47,2,0,82,0,82,75,high_vol_range,53.58,75,,,
2026-03-04T10:30:00+05:30,portfolio_hist,TREND,ENTER,debit_spread,24415.0,20.71,1.0,0.0,0.0,1.038,0.31,0.486,6,10,30,2,0,75,0,75,60,high_vol_range,38.69,75,,,
2026-03-04T15:15:00+05:30,portfolio_hist,PREMIUM,EXIT,iron_condor,24455.45,21.11,1.0,0.0,0.0,1.037,0.476,0.527,6,15,15,2,0,0,0,0,0,high_vol_range,0.0,0,Time exit,381.75,328
2026-03-04T15:16:00+05:30,portfolio_hist,TREND,EXIT,debit_spread,24469.8,21.06,1.0,0.0,0.0,1.037,0.535,0.527,6,15,16,2,0,0,0,0,0,high_vol_range,0.0,0,Time exit,-263.25,286
2026-03-04T09:30:00+05:30,portfolio_hist,PREMIUM,SKIP,idle,24353.55,20.37,1.0,0.0,0.0,1.038,0.058,2.351,6,9,30,2,0,70,0,70,75,trending,0.0,0,,,
2026-03-04T09:35:00+05:30,portfolio_hist,PREMIUM,SKIP,idle,24324.5,20.56,1.0,0.0,0.0,1.038,0.062,2.351,6,9,35,2,0,70,0,70,75,trending,0.0,0,,,
2026-03-04T09:40:00+05:30,portfolio_hist,PREMIUM,SKIP,idle,24372.7,20.43,1.0,0.0,0.0,1.038,0.136,2.36,6,9,40,2,0,70,0,70,75,trending,0.0,0,,,
2026-03-04T09:45:00+05:30,portfolio_hist,PREMIUM,SKIP,idle,24413.15,20.32,1.0,0.0,0.0,1.038,0.302,0.347,6,9,45,2,0,62,0,62,75,high_vol_range,0.0,0,,,
2026-03-04T09:47:00+05:30,portfolio_hist,PREMIUM,ENTER,iron_condor,24367.7,20.56,1.0,0.0,0.0,1.038,0.116,0.347,6,9,47,2,0,82,0,82,75,high_vol_range,53.58,75,,,
2026-03-04T10:30:00+05:30,portfolio_hist,TREND,ENTER,debit_spread,24415.0,20.71,1.0,0.0,0.0,1.038,0.31,0.486,6,10,30,2,0,75,0,75,60,high_vol_range,38.69,75,,,
2026-03-04T15:15:00+05:30,portfolio_hist,PREMIUM,EXIT,iron_condor,24455.45,21.11,1.0,0.0,0.0,1.037,0.476,0.527,6,15,15,2,0,0,0,0,0,high_vol_range,0.0,0,Time exit,381.75,328
2026-03-04T15:16:00+05:30,portfolio_hist,TREND,EXIT,debit_spread,24469.8,21.06,1.0,0.0,0.0,1.037,0.535,0.527,6,15,16,2,0,0,0,0,0,high_vol_range,0.0,0,Time exit,-263.25,286
2026-03-04T09:30:00+05:30,portfolio_hist,PREMIUM,SKIP,idle,24353.55,20.37,1.0,0.0,0.0,1.038,0.058,2.351,6,9,30,2,0,70,0,70,75,trending,0.0,0,,,
2026-03-04T09:35:00+05:30,portfolio_hist,PREMIUM,SKIP,idle,24324.5,20.56,1.0,0.0,0.0,1.038,0.062,2.351,6,9,35,2,0,70,0,70,75,trending,0.0,0,,,
2026-03-04T09:40:00+05:30,portfolio_hist,PREMIUM,SKIP,idle,24372.7,20.43,1.0,0.0,0.0,1.038,0.136,2.36,6,9,40,2,0,70,0,70,75,trending,0.0,0,,,
2026-03-04T09:45:00+05:30,portfolio_hist,PREMIUM,SKIP,idle,24413.15,20.32,1.0,0.0,0.0,1.038,0.302,0.347,6,9,45,2,0,62,0,62,75,high_vol_range,0.0,0,,,
2026-03-04T09:47:00+05:30,portfolio_hist,PREMIUM,ENTER,iron_condor,24367.7,20.56,1.0,0.0,0.0,1.038,0.116,0.347,6,9,47,2,0,82,0,82,75,high_vol_range,53.58,75,,,
2026-03-04T10:30:00+05:30,portfolio_hist,TREND,ENTER,debit_spread,24415.0,20.71,1.0,0.0,0.0,1.038,0.31,0.486,6,10,30,2,0,75,0,75,60,high_vol_range,38.69,75,,,
2026-03-04T15:15:00+05:30,portfolio_hist,PREMIUM,EXIT,iron_condor,24455.45,21.11,1.0,0.0,0.0,1.037,0.476,0.527,6,15,15,2,0,0,0,0,0,high_vol_range,0.0,0,Time exit,381.75,328
2026-03-04T15:16:00+05:30,portfolio_hist,TREND,EXIT,debit_spread,24469.8,21.06,1.0,0.0,0.0,1.037,0.535,0.527,6,15,16,2,0,0,0,0,0,high_vol_range,0.0,0,Time exit,-263.25,286
2026-03-04T09:30:00+05:30,portfolio_hist,PREMIUM,SKIP,idle,24353.55,20.37,1.0,0.0,0.0,1.038,0.058,2.351,6,9,30,2,0,70,0,70,75,trending,0.0,0,,,
2026-03-04T09:35:00+05:30,portfolio_hist,PREMIUM,SKIP,idle,24324.5,20.56,1.0,0.0,0.0,1.038,0.062,2.351,6,9,35,2,0,70,0,70,75,trending,0.0,0,,,
2026-03-04T09:40:00+05:30,portfolio_hist,PREMIUM,SKIP,idle,24372.7,20.43,1.0,0.0,0.0,1.038,0.136,2.36,6,9,40,2,0,70,0,70,75,trending,0.0,0,,,
2026-03-04T09:45:00+05:30,portfolio_hist,PREMIUM,SKIP,idle,24413.15,20.32,1.0,0.0,0.0,1.038,0.302,0.347,6,9,45,2,0,62,0,62,75,high_vol_range,0.0,0,,,
2026-03-04T09:47:00+05:30,portfolio_hist,PREMIUM,ENTER,iron_condor,24367.7,20.56,1.0,0.0,0.0,1.038,0.116,0.347,6,9,47,2,0,82,0,82,75,high_vol_range,53.58,75,,,
2026-03-04T10:30:00+05:30,portfolio_hist,TREND,ENTER,debit_spread,24415.0,20.71,1.0,0.0,0.0,1.038,0.31,0.486,6,10,30,2,0,75,0,75,60,high_vol_range,38.69,75,,,
2026-03-04T15:15:00+05:30,portfolio_hist,PREMIUM,EXIT,iron_condor,24455.45,21.11,1.0,0.0,0.0,1.037,0.476,0.527,6,15,15,2,0,0,0,0,0,high_vol_range,0.0,0,Time exit,381.75,328
2026-03-04T15:16:00+05:30,portfolio_hist,TREND,EXIT,debit_spread,24469.8,21.06,1.0,0.0,0.0,1.037,0.535,0.527,6,15,16,2,0,0,0,0,0,high_vol_range,0.0,0,Time exit,-263.25,286
2026-03-04T09:30:00+05:30,portfolio_hist,PREMIUM,SKIP,idle,24353.55,20.37,1.0,0.0,0.0,1.038,0.058,2.351,6,9,30,2,0,70,0,70,75,trending,0.0,0,,,
2026-03-04T09:35:00+05:30,portfolio_hist,PREMIUM,SKIP,idle,24324.5,20.56,1.0,0.0,0.0,1.038,0.062,2.351,6,9,35,2,0,70,0,70,75,trending,0.0,0,,,
2026-03-04T09:40:00+05:30,portfolio_hist,PREMIUM,SKIP,idle,24372.7,20.43,1.0,0.0,0.0,1.038,0.136,2.36,6,9,40,2,0,70,0,70,75,trending,0.0,0,,,
2026-03-04T09:45:00+05:30,portfolio_hist,PREMIUM,SKIP,idle,24413.15,20.32,1.0,0.0,0.0,1.038,0.302,0.347,6,9,45,2,0,62,0,62,75,high_vol_range,0.0,0,,,
2026-03-04T09:47:00+05:30,portfolio_hist,PREMIUM,ENTER,iron_condor,24367.7,20.56,1.0,0.0,0.0,1.038,0.116,0.347,6,9,47,2,0,82,0,82,75,high_vol_range,53.58,75,,,
2026-03-04T10:30:00+05:30,portfolio_hist,TREND,ENTER,debit_spread,24415.0,20.71,1.0,0.0,0.0,1.038,0.31,0.486,6,10,30,2,0,75,0,75,60,high_vol_range,38.69,75,,,
2026-03-04T15:15:00+05:30,portfolio_hist,PREMIUM,EXIT,iron_condor,24455.45,21.11,1.0,0.0,0.0,1.037,0.476,0.527,6,15,15,2,0,0,0,0,0,high_vol_range,0.0,0,Time exit,381.75,328
2026-03-04T15:16:00+05:30,portfolio_hist,TREND,EXIT,debit_spread,24469.8,21.06,1.0,0.0,0.0,1.037,0.535,0.527,6,15,16,2,0,0,0,0,0,high_vol_range,0.0,0,Time exit,-263.25,286
2026-03-04T09:30:00+05:30,portfolio_hist,PREMIUM,SKIP,idle,24353.55,20.37,1.0,0.0,0.0,1.038,0.058,2.351,6,9,30,2,0,70,0,70,75,trending,0.0,0,,,
2026-03-04T09:35:00+05:30,portfolio_hist,PREMIUM,SKIP,idle,24324.5,20.56,1.0,0.0,0.0,1.038,0.062,2.351,6,9,35,2,0,70,0,70,75,trending,0.0,0,,,
2026-03-04T09:40:00+05:30,portfolio_hist,PREMIUM,SKIP,idle,24372.7,20.43,1.0,0.0,0.0,1.038,0.136,2.36,6,9,40,2,0,70,0,70,75,trending,0.0,0,,,
2026-03-04T09:45:00+05:30,portfolio_hist,PREMIUM,SKIP,idle,24413.15,20.32,1.0,0.0,0.0,1.038,0.302,0.347,6,9,45,2,0,62,0,62,75,high_vol_range,0.0,0,,,
2026-03-04T09:47:00+05:30,portfolio_hist,PREMIUM,ENTER,iron_condor,24367.7,20.56,1.0,0.0,0.0,1.038,0.116,0.347,6,9,47,2,0,82,0,82,75,high_vol_range,53.58,75,,,
2026-03-04T10:30:00+05:30,portfolio_hist,TREND,ENTER,debit_spread,24415.0,20.71,1.0,0.0,0.0,1.038,0.31,0.486,6,10,30,2,0,75,0,75,60,high_vol_range,38.69,75,,,
2026-03-04T15:15:00+05:30,portfolio_hist,PREMIUM,EXIT,iron_condor,24455.45,21.11,1.0,0.0,0.0,1.037,0.476,0.527,6,15,15,2,0,0,0,0,0,high_vol_range,0.0,0,Time exit,381.75,328
2026-03-04T15:16:00+05:30,portfolio_hist,TREND,EXIT,debit_spread,24469.8,21.06,1.0,0.0,0.0,1.037,0.535,0.527,6,15,16,2,0,0,0,0,0,high_vol_range,0.0,0,Time exit,-263.25,286
2026-03-04T09:30:00+05:30,portfolio_hist,PREMIUM,SKIP,idle,24353.55,20.37,1.0,0.0,0.0,1.038,0.058,2.351,6,9,30,2,0,70,0,70,75,trending,0.0,0,,,
2026-03-04T09:35:00+05:30,portfolio_hist,PREMIUM,SKIP,idle,24324.5,20.56,1.0,0.0,0.0,1.038,0.062,2.351,6,9,35,2,0,70,0,70,75,trending,0.0,0,,,
2026-03-04T09:40:00+05:30,portfolio_hist,PREMIUM,SKIP,idle,24372.7,20.43,1.0,0.0,0.0,1.038,0.136,2.36,6,9,40,2,0,70,0,70,75,trending,0.0,0,,,
2026-03-04T09:45:00+05:30,portfolio_hist,PREMIUM,SKIP,idle,24413.15,20.32,1.0,0.0,0.0,1.038,0.302,0.347,6,9,45,2,0,62,0,62,75,high_vol_range,0.0,0,,,
2026-03-04T09:47:00+05:30,portfolio_hist,PREMIUM,ENTER,iron_condor,24367.7,20.56,1.0,0.0,0.0,1.038,0.116,0.347,6,9,47,2,0,82,0,82,75,high_vol_range,53.58,75,,,
2026-03-04T10:30:00+05:30,portfolio_hist,TREND,ENTER,debit_spread,24415.0,20.71,1.0,0.0,0.0,1.038,0.31,0.486,6,10,30,2,0,75,0,75,60,high_vol_range,38.69,75,,,
2026-03-04T15:15:00+05:30,portfolio_hist,PREMIUM,EXIT,iron_condor,24455.45,21.11,1.0,0.0,0.0,1.037,0.476,0.527,6,15,15,2,0,0,0,0,0,high_vol_range,0.0,0,Time exit,381.75,328
2026-03-04T15:16:00+05:30,portfolio_hist,TREND,EXIT,debit_spread,24469.8,21.06,1.0,0.0,0.0,1.037,0.535,0.527,6,15,16,2,0,0,0,0,0,high_vol_range,0.0,0,Time exit,-263.25,286
2026-03-04T09:30:00+05:30,portfolio_hist,PREMIUM,SKIP,idle,24353.55,20.37,1.0,0.0,0.0,1.038,0.058,2.351,6,9,30,2,0,70,0,70,75,trending,0.0,0,,,
2026-03-04T09:35:00+05:30,portfolio_hist,PREMIUM,SKIP,idle,24324.5,20.56,1.0,0.0,0.0,1.038,0.062,2.351,6,9,35,2,0,70,0,70,75,trending,0.0,0,,,
2026-03-04T09:40:00+05:30,portfolio_hist,PREMIUM,SKIP,idle,24372.7,20.43,1.0,0.0,0.0,1.038,0.136,2.36,6,9,40,2,0,70,0,70,75,trending,0.0,0,,,
2026-03-04T09:45:00+05:30,portfolio_hist,PREMIUM,SKIP,idle,24413.15,20.32,1.0,0.0,0.0,1.038,0.302,0.347,6,9,45,2,0,62,0,62,75,high_vol_range,0.0,0,,,
2026-03-04T09:47:00+05:30,portfolio_hist,PREMIUM,ENTER,iron_condor,24367.7,20.56,1.0,0.0,0.0,1.038,0.116,0.347,6,9,47,2,0,82,0,82,75,high_vol_range,53.58,75,,,
2026-03-04T10:30:00+05:30,portfolio_hist,TREND,ENTER,debit_spread,24415.0,20.71,1.0,0.0,0.0,1.038,0.31,0.486,6,10,30,2,0,75,0,75,60,high_vol_range,38.69,75,,,
2026-03-04T15:15:00+05:30,portfolio_hist,PREMIUM,EXIT,iron_condor,24455.45,21.11,1.0,0.0,0.0,1.037,0.476,0.527,6,15,15,2,0,0,0,0,0,high_vol_range,0.0,0,Time exit,381.75,328
2026-03-04T15:16:00+05:30,portfolio_hist,TREND,EXIT,debit_spread,24469.8,21.06,1.0,0.0,0.0,1.037,0.535,0.527,6,15,16,2,0,0,0,0,0,high_vol_range,0.0,0,Time exit,-263.25,286
2026-03-04T09:30:00+05:30,portfolio_hist,PREMIUM,SKIP,idle,24353.55,20.37,1.0,0.0,0.0,1.038,0.058,2.351,6,9,30,2,0,70,0,70,75,trending,0.0,0,,,
2026-03-04T09:35:00+05:30,portfolio_hist,PREMIUM,SKIP,idle,24324.5,20.56,1.0,0.0,0.0,1.038,0.062,2.351,6,9,35,2,0,70,0,70,75,trending,0.0,0,,,
2026-03-04T09:40:00+05:30,portfolio_hist,PREMIUM,SKIP,idle,24372.7,20.43,1.0,0.0,0.0,1.038,0.136,2.36,6,9,40,2,0,70,0,70,75,trending,0.0,0,,,
2026-03-04T09:45:00+05:30,portfolio_hist,PREMIUM,SKIP,idle,24413.15,20.32,1.0,0.0,0.0,1.038,0.302,0.347,6,9,45,2,0,62,0,62,75,high_vol_range,0.0,0,,,
2026-03-04T09:47:00+05:30,portfolio_hist,PREMIUM,ENTER,iron_condor,24367.7,20.56,1.0,0.0,0.0,1.038,0.116,0.347,6,9,47,2,0,82,0,82,75,high_vol_range,53.58,75,,,
2026-03-04T10:30:00+05:30,portfolio_hist,TREND,ENTER,debit_spread,24415.0,20.71,1.0,0.0,0.0,1.038,0.31,0.486,6,10,30,2,0,75,0,75,60,high_vol_range,38.69,75,,,
2026-03-04T15:15:00+05:30,portfolio_hist,PREMIUM,EXIT,iron_condor,24455.45,21.11,1.0,0.0,0.0,1.037,0.476,0.527,6,15,15,2,0,0,0,0,0,high_vol_range,0.0,0,Time exit,381.75,328
2026-03-04T15:16:00+05:30,portfolio_hist,TREND,EXIT,debit_spread,24469.8,21.06,1.0,0.0,0.0,1.037,0.535,0.527,6,15,16,2,0,0,0,0,0,high_vol_range,0.0,0,Time exit,-263.25,286
2026-03-04T09:30:00+05:30,portfolio_hist,PREMIUM,SKIP,idle,24353.55,20.37,1.0,0.0,0.0,1.038,0.058,2.351,6,9,30,2,0,70,0,70,75,trending,0.0,0,,,
2026-03-04T09:35:00+05:30,portfolio_hist,PREMIUM,SKIP,idle,24324.5,20.56,1.0,0.0,0.0,1.038,0.062,2.351,6,9,35,2,0,70,0,70,75,trending,0.0,0,,,
2026-03-04T09:40:00+05:30,portfolio_hist,PREMIUM,SKIP,idle,24372.7,20.43,1.0,0.0,0.0,1.038,0.136,2.36,6,9,40,2,0,70,0,70,75,trending,0.0,0,,,
2026-03-04T09:45:00+05:30,portfolio_hist,PREMIUM,SKIP,idle,24413.15,20.32,1.0,0.0,0.0,1.038,0.302,0.347,6,9,45,2,0,62,0,62,75,high_vol_range,0.0,0,,,
2026-03-04T09:47:00+05:30,portfolio_hist,PREMIUM,ENTER,iron_condor,24367.7,20.56,1.0,0.0,0.0,1.038,0.116,0.347,6,9,47,2,0,82,0,82,75,high_vol_range,53.58,75,,,
2026-03-04T10:30:00+05:30,portfolio_hist,TREND,ENTER,debit_spread,24415.0,20.71,1.0,0.0,0.0,1.038,0.31,0.486,6,10,30,2,0,75,0,75,60,high_vol_range,38.69,75,,,
2026-03-04T15:15:00+05:30,portfolio_hist,PREMIUM,EXIT,iron_condor,24455.45,21.11,1.0,0.0,0.0,1.037,0.476,0.527,6,15,15,2,0,0,0,0,0,high_vol_range,0.0,0,Time exit,381.75,328
2026-03-04T15:16:00+05:30,portfolio_hist,TREND,EXIT,debit_spread,24469.8,21.06,1.0,0.0,0.0,1.037,0.535,0.527,6,15,16,2,0,0,0,0,0,high_vol_range,0.0,0,Time exit,-263.25,286
2026-03-04T09:30:00+05:30,portfolio_hist,PREMIUM,SKIP,idle,24353.55,20.37,1.0,0.0,0.0,1.038,0.058,2.351,6,9,30,2,0,70,0,70,75,trending,0.0,0,,,
2026-03-04T09:35:00+05:30,portfolio_hist,PREMIUM,SKIP,idle,24324.5,20.56,1.0,0.0,0.0,1.038,0.062,2.351,6,9,35,2,0,70,0,70,75,trending,0.0,0,,,
2026-03-04T09:40:00+05:30,portfolio_hist,PREMIUM,SKIP,idle,24372.7,20.43,1.0,0.0,0.0,1.038,0.136,2.36,6,9,40,2,0,70,0,70,75,trending,0.0,0,,,
2026-03-04T09:45:00+05:30,portfolio_hist,PREMIUM,SKIP,idle,24413.15,20.32,1.0,0.0,0.0,1.038,0.302,0.347,6,9,45,2,0,62,0,62,75,high_vol_range,0.0,0,,,
2026-03-04T09:47:00+05:30,portfolio_hist,PREMIUM,ENTER,iron_condor,24367.7,20.56,1.0,0.0,0.0,1.038,0.116,0.347,6,9,47,2,0,82,0,82,75,high_vol_range,53.58,75,,,
2026-03-04T10:30:00+05:30,portfolio_hist,TREND,ENTER,debit_spread,24415.0,20.71,1.0,0.0,0.0,1.038,0.31,0.486,6,10,30,2,0,75,0,75,60,high_vol_range,38.69,75,,,
2026-03-04T15:15:00+05:30,portfolio_hist,PREMIUM,EXIT,iron_condor,24455.45,21.11,1.0,0.0,0.0,1.037,0.476,0.527,6,15,15,2,0,0,0,0,0,high_vol_range,0.0,0,Time exit,381.75,328
2026-03-04T15:16:00+05:30,portfolio_hist,TREND,EXIT,debit_spread,24469.8,21.06,1.0,0.0,0.0,1.037,0.535,0.527,6,15,16,2,0,0,0,0,0,high_vol_range,0.0,0,Time exit,-263.25,286
2026-03-04T09:30:00+05:30,portfolio_hist,PREMIUM,SKIP,idle,24353.55,20.37,1.0,0.0,0.0,1.038,0.058,2.351,6,9,30,2,0,70,0,70,75,trending,0.0,0,,,
2026-03-04T09:35:00+05:30,portfolio_hist,PREMIUM,SKIP,idle,24324.5,20.56,1.0,0.0,0.0,1.038,0.062,2.351,6,9,35,2,0,70,0,70,75,trending,0.0,0,,,
2026-03-04T09:40:00+05:30,portfolio_hist,PREMIUM,SKIP,idle,24372.7,20.43,1.0,0.0,0.0,1.038,0.136,2.36,6,9,40,2,0,70,0,70,75,trending,0.0,0,,,
2026-03-04T09:45:00+05:30,portfolio_hist,PREMIUM,SKIP,idle,24413.15,20.32,1.0,0.0,0.0,1.038,0.302,0.347,6,9,45,2,0,62,0,62,75,high_vol_range,0.0,0,,,
2026-03-04T09:47:00+05:30,portfolio_hist,PREMIUM,ENTER,iron_condor,24367.7,20.56,1.0,0.0,0.0,1.038,0.116,0.347,6,9,47,2,0,82,0,82,75,high_vol_range,53.58,75,,,
2026-03-04T10:30:00+05:30,portfolio_hist,TREND,ENTER,debit_spread,24415.0,20.71,1.0,0.0,0.0,1.038,0.31,0.486,6,10,30,2,0,75,0,75,60,high_vol_range,38.69,75,,,
2026-03-04T15:15:00+05:30,portfolio_hist,PREMIUM,EXIT,iron_condor,24455.45,21.11,1.0,0.0,0.0,1.037,0.476,0.527,6,15,15,2,0,0,0,0,0,high_vol_range,0.0,0,Time exit,381.75,328
2026-03-04T15:16:00+05:30,portfolio_hist,TREND,EXIT,debit_spread,24469.8,21.06,1.0,0.0,0.0,1.037,0.535,0.527,6,15,16,2,0,0,0,0,0,high_vol_range,0.0,0,Time exit,-263.25,286
2026-03-04T09:30:00+05:30,portfolio_hist,PREMIUM,SKIP,idle,24353.55,20.37,1.0,0.0,0.0,1.038,0.058,2.351,6,9,30,2,0,70,0,70,75,trending,0.0,0,,,
2026-03-04T09:35:00+05:30,portfolio_hist,PREMIUM,SKIP,idle,24324.5,20.56,1.0,0.0,0.0,1.038,0.062,2.351,6,9,35,2,0,70,0,70,75,trending,0.0,0,,,
2026-03-04T09:40:00+05:30,portfolio_hist,PREMIUM,SKIP,idle,24372.7,20.43,1.0,0.0,0.0,1.038,0.136,2.36,6,9,40,2,0,70,0,70,75,trending,0.0,0,,,
2026-03-04T09:45:00+05:30,portfolio_hist,PREMIUM,SKIP,idle,24413.15,20.32,1.0,0.0,0.0,1.038,0.302,0.347,6,9,45,2,0,62,0,62,75,high_vol_range,0.0,0,,,
2026-03-04T09:47:00+05:30,portfolio_hist,PREMIUM,ENTER,iron_condor,24367.7,20.56,1.0,0.0,0.0,1.038,0.116,0.347,6,9,47,2,0,82,0,82,75,high_vol_range,53.58,75,,,
2026-03-04T10:30:00+05:30,portfolio_hist,TREND,ENTER,debit_spread,24415.0,20.71,1.0,0.0,0.0,1.038,0.31,0.486,6,10,30,2,0,75,0,75,60,high_vol_range,38.69,75,,,
2026-03-04T15:15:00+05:30,portfolio_hist,PREMIUM,EXIT,iron_condor,24455.45,21.11,1.0,0.0,0.0,1.037,0.476,0.527,6,15,15,2,0,0,0,0,0,high_vol_range,0.0,0,Time exit,381.75,328
2026-03-04T15:16:00+05:30,portfolio_hist,TREND,EXIT,debit_spread,24469.8,21.06,1.0,0.0,0.0,1.037,0.535,0.527,6,15,16,2,0,0,0,0,0,high_vol_range,0.0,0,Time exit,-263.25,286
2026-03-04T09:30:00+05:30,portfolio_hist,PREMIUM,SKIP,idle,24353.55,20.37,1.0,0.0,0.0,1.038,0.058,2.351,6,9,30,2,0,70,0,70,75,trending,0.0,0,,,
2026-03-04T09:35:00+05:30,portfolio_hist,PREMIUM,SKIP,idle,24324.5,20.56,1.0,0.0,0.0,1.038,0.062,2.351,6,9,35,2,0,70,0,70,75,trending,0.0,0,,,
2026-03-04T09:40:00+05:30,portfolio_hist,PREMIUM,SKIP,idle,24372.7,20.43,1.0,0.0,0.0,1.038,0.136,2.36,6,9,40,2,0,70,0,70,75,trending,0.0,0,,,
2026-03-04T09:45:00+05:30,portfolio_hist,PREMIUM,SKIP,idle,24413.15,20.32,1.0,0.0,0.0,1.038,0.302,0.347,6,9,45,2,0,62,0,62,75,high_vol_range,0.0,0,,,
2026-03-04T09:47:00+05:30,portfolio_hist,PREMIUM,ENTER,iron_condor,24367.7,20.56,1.0,0.0,0.0,1.038,0.116,0.347,6,9,47,2,0,82,0,82,75,high_vol_range,53.58,75,,,
2026-03-04T10:30:00+05:30,portfolio_hist,TREND,ENTER,debit_spread,24415.0,20.71,1.0,0.0,0.0,1.038,0.31,0.486,6,10,30,2,0,75,0,75,60,high_vol_range,38.69,75,,,
2026-03-04T10:31:00+05:30,portfolio_hist,TREND,EXIT,debit_spread,24414.1,20.73,1.0,0.0,0.0,1.038,0.306,0.486,6,10,31,2,0,0,0,0,0,high_vol_range,0.0,0,Trend profit: spread at 38.8% of max,4.5,1
2026-03-04T15:15:00+05:30,portfolio_hist,PREMIUM,EXIT,iron_condor,24455.45,21.11,1.0,0.0,0.0,1.037,0.476,0.527,6,15,15,2,0,0,0,0,0,high_vol_range,0.0,0,Time exit,381.75,328
2026-03-04T09:30:00+05:30,portfolio_hist,PREMIUM,SKIP,idle,24353.55,20.37,1.0,0.0,0.0,1.038,0.058,2.351,6,9,30,2,0,70,0,70,75,trending,0.0,0,,,
2026-03-04T09:35:00+05:30,portfolio_hist,PREMIUM,SKIP,idle,24324.5,20.56,1.0,0.0,0.0,1.038,0.062,2.351,6,9,35,2,0,70,0,70,75,trending,0.0,0,,,
2026-03-04T09:40:00+05:30,portfolio_hist,PREMIUM,SKIP,idle,24372.7,20.43,1.0,0.0,0.0,1.038,0.136,2.36,6,9,40,2,0,70,0,70,75,trending,0.0,0,,,
2026-03-04T09:45:00+05:30,portfolio_hist,PREMIUM,SKIP,idle,24413.15,20.32,1.0,0.0,0.0,1.038,0.302,0.347,6,9,45,2,0,62,0,62,75,high_vol_range,0.0,0,,,
2026-03-04T09:47:00+05:30,portfolio_hist,PREMIUM,ENTER,iron_condor,24367.7,20.56,1.0,0.0,0.0,1.038,0.116,0.347,6,9,47,2,0,82,0,82,75,high_vol_range,53.58,75,,,
2026-03-04T10:30:00+05:30,portfolio_hist,TREND,ENTER,debit_spread,24415.0,20.71,1.0,0.0,0.0,1.038,0.31,0.486,6,10,30,2,0,75,0,75,60,high_vol_range,38.69,75,,,
2026-03-04T10:35:00+05:30,portfolio_hist,TREND,EXIT,debit_spread,24384.3,20.84,1.0,0.0,0.0,1.037,0.184,0.412,6,10,35,2,0,0,0,0,0,high_vol_range,0.0,0,Trend profit: spread at 40.5% of max,137.25,5
2026-03-04T15:15:00+05:30,portfolio_hist,PREMIUM,EXIT,iron_condor,24455.45,21.11,1.0,0.0,0.0,1.037,0.476,0.527,6,15,15,2,0,0,0,0,0,high_vol_range,0.0,0,Time exit,381.75,328
2026-03-04T09:30:00+05:30,portfolio_hist,PREMIUM,SKIP,idle,24353.55,20.37,1.0,0.0,0.0,1.038,0.058,2.351,6,9,30,2,0,70,0,70,75,trending,0.0,0,,,
2026-03-04T09:35:00+05:30,portfolio_hist,PREMIUM,SKIP,idle,24324.5,20.56,1.0,0.0,0.0,1.038,0.062,2.351,6,9,35,2,0,70,0,70,75,trending,0.0,0,,,
2026-03-04T09:40:00+05:30,portfolio_hist,PREMIUM,SKIP,idle,24372.7,20.43,1.0,0.0,0.0,1.038,0.136,2.36,6,9,40,2,0,70,0,70,75,trending,0.0,0,,,
2026-03-04T09:45:00+05:30,portfolio_hist,PREMIUM,SKIP,idle,24413.15,20.32,1.0,0.0,0.0,1.038,0.302,0.347,6,9,45,2,0,62,0,62,75,high_vol_range,0.0,0,,,
2026-03-04T09:47:00+05:30,portfolio_hist,PREMIUM,ENTER,iron_condor,24367.7,20.56,1.0,0.0,0.0,1.038,0.116,0.347,6,9,47,2,0,82,0,82,75,high_vol_range,53.58,75,,,
2026-03-04T10:30:00+05:30,portfolio_hist,TREND,ENTER,debit_spread,24415.0,20.71,1.0,0.0,0.0,1.038,0.31,0.486,6,10,30,2,0,75,0,75,60,high_vol_range,38.69,75,,,
2026-03-04T14:12:00+05:30,portfolio_hist,TREND,EXIT,debit_spread,24519.2,20.96,1.0,0.0,0.0,1.037,0.738,0.316,6,14,12,2,0,0,0,0,0,high_vol_range,0.0,0,Trend stop: lost 15.7%,-456.75,222
2026-03-04T15:15:00+05:30,portfolio_hist,PREMIUM,EXIT,iron_condor,24455.45,21.11,1.0,0.0,0.0,1.037,0.476,0.527,6,15,15,2,0,0,0,0,0,high_vol_range,0.0,0,Time exit,381.75,328
2026-03-04T09:30:00+05:30,portfolio_hist,PREMIUM,SKIP,idle,24353.55,20.37,1.0,0.0,0.0,1.038,0.058,2.351,6,9,30,2,0,70,0,70,75,trending,0.0,0,,,
2026-03-04T09:35:00+05:30,portfolio_hist,PREMIUM,SKIP,idle,24324.5,20.56,1.0,0.0,0.0,1.038,0.062,2.351,6,9,35,2,0,70,0,70,75,trending,0.0,0,,,
2026-03-04T09:40:00+05:30,portfolio_hist,PREMIUM,SKIP,idle,24372.7,20.43,1.0,0.0,0.0,1.038,0.136,2.36,6,9,40,2,0,70,0,70,75,trending,0.0,0,,,
2026-03-04T09:45:00+05:30,portfolio_hist,PREMIUM,SKIP,idle,24413.15,20.32,1.0,0.0,0.0,1.038,0.302,0.347,6,9,45,2,0,62,0,62,75,high_vol_range,0.0,0,,,
2026-03-04T09:47:00+05:30,portfolio_hist,PREMIUM,ENTER,iron_condor,24367.7,20.56,1.0,0.0,0.0,1.038,0.116,0.347,6,9,47,2,0,82,0,82,75,high_vol_range,53.58,75,,,
2026-03-04T10:30:00+05:30,portfolio_hist,TREND,ENTER,debit_spread,24415.0,20.71,1.0,0.0,0.0,1.038,0.31,0.486,6,10,30,2,0,75,0,75,60,high_vol_range,38.69,75,,,
2026-03-04T14:12:00+05:30,portfolio_hist,TREND,EXIT,debit_spread,24519.2,20.96,1.0,0.0,0.0,1.037,0.738,0.316,6,14,12,2,0,0,0,0,0,high_vol_range,0.0,0,Trend stop: lost 15.7%,-456.75,222
2026-03-04T15:15:00+05:30,portfolio_hist,PREMIUM,EXIT,iron_condor,24455.45,21.11,1.0,0.0,0.0,1.037,0.476,0.527,6,15,15,2,0,0,0,0,0,high_vol_range,0.0,0,Time exit,381.75,328
2026-03-04T09:30:00+05:30,portfolio_hist,PREMIUM,SKIP,idle,24353.55,20.37,1.0,0.0,0.0,1.038,0.058,2.351,6,9,30,2,0,70,0,70,75,trending,0.0,0,,,
2026-03-04T09:35:00+05:30,portfolio_hist,PREMIUM,SKIP,idle,24324.5,20.56,1.0,0.0,0.0,1.038,0.062,2.351,6,9,35,2,0,70,0,70,75,trending,0.0,0,,,
2026-03-04T09:40:00+05:30,portfolio_hist,PREMIUM,SKIP,idle,24372.7,20.43,1.0,0.0,0.0,1.038,0.136,2.36,6,9,40,2,0,70,0,70,75,trending,0.0,0,,,
2026-03-04T09:45:00+05:30,portfolio_hist,PREMIUM,SKIP,idle,24413.15,20.32,1.0,0.0,0.0,1.038,0.302,0.347,6,9,45,2,0,62,0,62,75,high_vol_range,0.0,0,,,
2026-03-04T09:47:00+05:30,portfolio_hist,PREMIUM,ENTER,iron_condor,24367.7,20.56,1.0,0.0,0.0,1.038,0.116,0.347,6,9,47,2,0,82,0,82,75,high_vol_range,53.58,75,,,
2026-03-04T10:30:00+05:30,portfolio_hist,TREND,ENTER,debit_spread,24415.0,20.71,1.0,0.0,0.0,1.038,0.31,0.486,6,10,30,2,0,75,0,75,60,high_vol_range,38.69,75,,,
2026-03-04T14:12:00+05:30,portfolio_hist,TREND,EXIT,debit_spread,24519.2,20.96,1.0,0.0,0.0,1.037,0.738,0.316,6,14,12,2,0,0,0,0,0,high_vol_range,0.0,0,Trend stop: lost 15.7%,-456.75,222
2026-03-04T15:15:00+05:30,portfolio_hist,PREMIUM,EXIT,iron_condor,24455.45,21.11,1.0,0.0,0.0,1.037,0.476,0.527,6,15,15,2,0,0,0,0,0,high_vol_range,0.0,0,Time exit,381.75,328
2026-03-04T09:30:00+05:30,portfolio_hist,PREMIUM,SKIP,idle,24353.55,20.37,1.0,0.0,0.0,1.038,0.058,2.351,6,9,30,2,0,70,0,70,75,trending,0.0,0,,,
2026-03-04T09:35:00+05:30,portfolio_hist,PREMIUM,SKIP,idle,24324.5,20.56,1.0,0.0,0.0,1.038,0.062,2.351,6,9,35,2,0,70,0,70,75,trending,0.0,0,,,
2026-03-04T09:40:00+05:30,portfolio_hist,PREMIUM,SKIP,idle,24372.7,20.43,1.0,0.0,0.0,1.038,0.136,2.36,6,9,40,2,0,70,0,70,75,trending,0.0,0,,,
2026-03-04T09:45:00+05:30,portfolio_hist,PREMIUM,SKIP,idle,24413.15,20.32,1.0,0.0,0.0,1.038,0.302,0.347,6,9,45,2,0,62,0,62,75,high_vol_range,0.0,0,,,
2026-03-04T09:47:00+05:30,portfolio_hist,PREMIUM,ENTER,iron_condor,24367.7,20.56,1.0,0.0,0.0,1.038,0.116,0.347,6,9,47,2,0,82,0,82,75,high_vol_range,53.58,75,,,
2026-03-04T10:30:00+05:30,portfolio_hist,TREND,ENTER,debit_spread,24415.0,20.71,1.0,0.0,0.0,1.038,0.31,0.486,6,10,30,2,0,75,0,75,60,high_vol_range,38.69,75,,,
2026-03-04T10:31:00+05:30,portfolio_hist,TREND,EXIT,debit_spread,24414.1,20.73,1.0,0.0,0.0,1.038,0.306,0.486,6,10,31,2,0,0,0,0,0,high_vol_range,0.0,0,Trend profit: spread at 38.8% of max,4.5,1
2026-03-04T15:15:00+05:30,portfolio_hist,PREMIUM,EXIT,iron_condor,24455.45,21.11,1.0,0.0,0.0,1.037,0.476,0.527,6,15,15,2,0,0,0,0,0,high_vol_range,0.0,0,Time exit,381.75,328
2026-03-04T09:30:00+05:30,portfolio_hist,PREMIUM,SKIP,idle,24353.55,20.37,1.0,0.0,0.0,1.038,0.058,2.351,6,9,30,2,0,70,0,70,75,trending,0.0,0,,,
2026-03-04T09:35:00+05:30,portfolio_hist,PREMIUM,SKIP,idle,24324.5,20.56,1.0,0.0,0.0,1.038,0.062,2.351,6,9,35,2,0,70,0,70,75,trending,0.0,0,,,
2026-03-04T09:40:00+05:30,portfolio_hist,PREMIUM,SKIP,idle,24372.7,20.43,1.0,0.0,0.0,1.038,0.136,2.36,6,9,40,2,0,70,0,70,75,trending,0.0,0,,,
2026-03-04T09:45:00+05:30,portfolio_hist,PREMIUM,SKIP,idle,24413.15,20.32,1.0,0.0,0.0,1.038,0.302,0.347,6,9,45,2,0,62,0,62,75,high_vol_range,0.0,0,,,
2026-03-04T09:47:00+05:30,portfolio_hist,PREMIUM,ENTER,iron_condor,24367.7,20.56,1.0,0.0,0.0,1.038,0.116,0.347,6,9,47,2,0,82,0,82,75,high_vol_range,53.58,75,,,
2026-03-04T10:30:00+05:30,portfolio_hist,TREND,ENTER,debit_spread,24415.0,20.71,1.0,0.0,0.0,1.038,0.31,0.486,6,10,30,2,0,75,0,75,60,high_vol_range,38.69,75,,,
2026-03-04T10:35:00+05:30,portfolio_hist,TREND,EXIT,debit_spread,24384.3,20.84,1.0,0.0,0.0,1.037,0.184,0.412,6,10,35,2,0,0,0,0,0,high_vol_range,0.0,0,Trend profit: spread at 40.5% of max,137.25,5
2026-03-04T15:15:00+05:30,portfolio_hist,PREMIUM,EXIT,iron_condor,24455.45,21.11,1.0,0.0,0.0,1.037,0.476,0.527,6,15,15,2,0,0,0,0,0,high_vol_range,0.0,0,Time exit,381.75,328
2026-03-04T09:30:00+05:30,portfolio_hist,PREMIUM,SKIP,idle,24353.55,20.37,1.0,0.0,0.0,1.038,0.058,2.351,6,9,30,2,0,70,0,70,75,trending,0.0,0,,,
2026-03-04T09:35:00+05:30,portfolio_hist,PREMIUM,SKIP,idle,24324.5,20.56,1.0,0.0,0.0,1.038,0.062,2.351,6,9,35,2,0,70,0,70,75,trending,0.0,0,,,
2026-03-04T09:40:00+05:30,portfolio_hist,PREMIUM,SKIP,idle,24372.7,20.43,1.0,0.0,0.0,1.038,0.136,2.36,6,9,40,2,0,70,0,70,75,trending,0.0,0,,,
2026-03-04T09:45:00+05:30,portfolio_hist,PREMIUM,SKIP,idle,24413.15,20.32,1.0,0.0,0.0,1.038,0.302,0.347,6,9,45,2,0,62,0,62,75,high_vol_range,0.0,0,,,
2026-03-04T09:47:00+05:30,portfolio_hist,PREMIUM,ENTER,iron_condor,24367.7,20.56,1.0,0.0,0.0,1.038,0.116,0.347,6,9,47,2,0,82,0,82,75,high_vol_range,53.58,75,,,
2026-03-04T10:30:00+05:30,portfolio_hist,TREND,ENTER,debit_spread,24415.0,20.71,1.0,0.0,0.0,1.038,0.31,0.486,6,10,30,2,0,75,0,75,60,high_vol_range,38.69,75,,,
2026-03-04T14:14:00+05:30,portfolio_hist,TREND,EXIT,debit_spread,24554.95,20.88,1.0,0.0,0.0,1.037,0.885,0.316,6,14,14,2,0,0,0,0,0,high_vol_range,0.0,0,Trend stop: lost 20.5%,-594.75,224
2026-03-04T15:15:00+05:30,portfolio_hist,PREMIUM,EXIT,iron_condor,24455.45,21.11,1.0,0.0,0.0,1.037,0.476,0.527,6,15,15,2,0,0,0,0,0,high_vol_range,0.0,0,Time exit,381.75,328
2026-03-04T09:30:00+05:30,portfolio_hist,PREMIUM,SKIP,idle,24353.55,20.37,1.0,0.0,0.0,1.038,0.058,2.351,6,9,30,2,0,70,0,70,75,trending,0.0,0,,,
2026-03-04T09:35:00+05:30,portfolio_hist,PREMIUM,SKIP,idle,24324.5,20.56,1.0,0.0,0.0,1.038,0.062,2.351,6,9,35,2,0,70,0,70,75,trending,0.0,0,,,
2026-03-04T09:40:00+05:30,portfolio_hist,PREMIUM,SKIP,idle,24372.7,20.43,1.0,0.0,0.0,1.038,0.136,2.36,6,9,40,2,0,70,0,70,75,trending,0.0,0,,,
2026-03-04T09:45:00+05:30,portfolio_hist,PREMIUM,SKIP,idle,24413.15,20.32,1.0,0.0,0.0,1.038,0.302,0.347,6,9,45,2,0,62,0,62,75,high_vol_range,0.0,0,,,
2026-03-04T09:47:00+05:30,portfolio_hist,PREMIUM,ENTER,iron_condor,24367.7,20.56,1.0,0.0,0.0,1.038,0.116,0.347,6,9,47,2,0,82,0,82,75,high_vol_range,53.58,75,,,
2026-03-04T10:30:00+05:30,portfolio_hist,TREND,ENTER,debit_spread,24415.0,20.71,1.0,0.0,0.0,1.038,0.31,0.486,6,10,30,2,0,75,0,75,60,high_vol_range,38.69,75,,,
2026-03-04T14:14:00+05:30,portfolio_hist,TREND,EXIT,debit_spread,24554.95,20.88,1.0,0.0,0.0,1.037,0.885,0.316,6,14,14,2,0,0,0,0,0,high_vol_range,0.0,0,Trend stop: lost 20.5%,-594.75,224
2026-03-04T15:15:00+05:30,portfolio_hist,PREMIUM,EXIT,iron_condor,24455.45,21.11,1.0,0.0,0.0,1.037,0.476,0.527,6,15,15,2,0,0,0,0,0,high_vol_range,0.0,0,Time exit,381.75,328
2026-03-04T09:30:00+05:30,portfolio_hist,PREMIUM,SKIP,idle,24353.55,20.37,1.0,0.0,0.0,1.038,0.058,2.351,6,9,30,2,0,70,0,70,75,trending,0.0,0,,,
2026-03-04T09:35:00+05:30,portfolio_hist,PREMIUM,SKIP,idle,24324.5,20.56,1.0,0.0,0.0,1.038,0.062,2.351,6,9,35,2,0,70,0,70,75,trending,0.0,0,,,
2026-03-04T09:40:00+05:30,portfolio_hist,PREMIUM,SKIP,idle,24372.7,20.43,1.0,0.0,0.0,1.038,0.136,2.36,6,9,40,2,0,70,0,70,75,trending,0.0,0,,,
2026-03-04T09:45:00+05:30,portfolio_hist,PREMIUM,SKIP,idle,24413.15,20.32,1.0,0.0,0.0,1.038,0.302,0.347,6,9,45,2,0,62,0,62,75,high_vol_range,0.0,0,,,
2026-03-04T09:47:00+05:30,portfolio_hist,PREMIUM,ENTER,iron_condor,24367.7,20.56,1.0,0.0,0.0,1.038,0.116,0.347,6,9,47,2,0,82,0,82,75,high_vol_range,53.58,75,,,
2026-03-04T10:30:00+05:30,portfolio_hist,TREND,ENTER,debit_spread,24415.0,20.71,1.0,0.0,0.0,1.038,0.31,0.486,6,10,30,2,0,75,0,75,60,high_vol_range,38.69,75,,,
2026-03-04T14:14:00+05:30,portfolio_hist,TREND,EXIT,debit_spread,24554.95,20.88,1.0,0.0,0.0,1.037,0.885,0.316,6,14,14,2,0,0,0,0,0,high_vol_range,0.0,0,Trend stop: lost 20.5%,-594.75,224
2026-03-04T15:15:00+05:30,portfolio_hist,PREMIUM,EXIT,iron_condor,24455.45,21.11,1.0,0.0,0.0,1.037,0.476,0.527,6,15,15,2,0,0,0,0,0,high_vol_range,0.0,0,Time exit,381.75,328
2026-03-04T09:30:00+05:30,portfolio_hist,PREMIUM,SKIP,idle,24353.55,20.37,1.0,0.0,0.0,1.038,0.058,2.351,6,9,30,2,0,70,0,70,75,trending,0.0,0,,,
2026-03-04T09:35:00+05:30,portfolio_hist,PREMIUM,SKIP,idle,24324.5,20.56,1.0,0.0,0.0,1.038,0.062,2.351,6,9,35,2,0,70,0,70,75,trending,0.0,0,,,
2026-03-04T09:40:00+05:30,portfolio_hist,PREMIUM,SKIP,idle,24372.7,20.43,1.0,0.0,0.0,1.038,0.136,2.36,6,9,40,2,0,70,0,70,75,trending,0.0,0,,,
2026-03-04T09:45:00+05:30,portfolio_hist,PREMIUM,SKIP,idle,24413.15,20.32,1.0,0.0,0.0,1.038,0.302,0.347,6,9,45,2,0,62,0,62,75,high_vol_range,0.0,0,,,
2026-03-04T09:47:00+05:30,portfolio_hist,PREMIUM,ENTER,iron_condor,24367.7,20.56,1.0,0.0,0.0,1.038,0.116,0.347,6,9,47,2,0,82,0,82,75,high_vol_range,53.58,75,,,
2026-03-04T10:30:00+05:30,portfolio_hist,TREND,ENTER,debit_spread,24415.0,20.71,1.0,0.0,0.0,1.038,0.31,0.486,6,10,30,2,0,75,0,75,60,high_vol_range,38.69,75,,,
2026-03-04T10:31:00+05:30,portfolio_hist,TREND,EXIT,debit_spread,24414.1,20.73,1.0,0.0,0.0,1.038,0.306,0.486,6,10,31,2,0,0,0,0,0,high_vol_range,0.0,0,Trend profit: spread at 38.8% of max,4.5,1
2026-03-04T15:15:00+05:30,portfolio_hist,PREMIUM,EXIT,iron_condor,24455.45,21.11,1.0,0.0,0.0,1.037,0.476,0.527,6,15,15,2,0,0,0,0,0,high_vol_range,0.0,0,Time exit,381.75,328
2026-03-04T09:30:00+05:30,portfolio_hist,PREMIUM,SKIP,idle,24353.55,20.37,1.0,0.0,0.0,1.038,0.058,2.351,6,9,30,2,0,70,0,70,75,trending,0.0,0,,,
2026-03-04T09:35:00+05:30,portfolio_hist,PREMIUM,SKIP,idle,24324.5,20.56,1.0,0.0,0.0,1.038,0.062,2.351,6,9,35,2,0,70,0,70,75,trending,0.0,0,,,
2026-03-04T09:40:00+05:30,portfolio_hist,PREMIUM,SKIP,idle,24372.7,20.43,1.0,0.0,0.0,1.038,0.136,2.36,6,9,40,2,0,70,0,70,75,trending,0.0,0,,,
2026-03-04T09:45:00+05:30,portfolio_hist,PREMIUM,SKIP,idle,24413.15,20.32,1.0,0.0,0.0,1.038,0.302,0.347,6,9,45,2,0,62,0,62,75,high_vol_range,0.0,0,,,
2026-03-04T09:47:00+05:30,portfolio_hist,PREMIUM,ENTER,iron_condor,24367.7,20.56,1.0,0.0,0.0,1.038,0.116,0.347,6,9,47,2,0,82,0,82,75,high_vol_range,53.58,75,,,
2026-03-04T10:30:00+05:30,portfolio_hist,TREND,ENTER,debit_spread,24415.0,20.71,1.0,0.0,0.0,1.038,0.31,0.486,6,10,30,2,0,75,0,75,60,high_vol_range,38.69,75,,,
2026-03-04T10:35:00+05:30,portfolio_hist,TREND,EXIT,debit_spread,24384.3,20.84,1.0,0.0,0.0,1.037,0.184,0.412,6,10,35,2,0,0,0,0,0,high_vol_range,0.0,0,Trend profit: spread at 40.5% of max,137.25,5
2026-03-04T15:15:00+05:30,portfolio_hist,PREMIUM,EXIT,iron_condor,24455.45,21.11,1.0,0.0,0.0,1.037,0.476,0.527,6,15,15,2,0,0,0,0,0,high_vol_range,0.0,0,Time exit,381.75,328
2026-03-04T09:30:00+05:30,portfolio_hist,PREMIUM,SKIP,idle,24353.55,20.37,1.0,0.0,0.0,1.038,0.058,2.351,6,9,30,2,0,70,0,70,75,trending,0.0,0,,,
2026-03-04T09:35:00+05:30,portfolio_hist,PREMIUM,SKIP,idle,24324.5,20.56,1.0,0.0,0.0,1.038,0.062,2.351,6,9,35,2,0,70,0,70,75,trending,0.0,0,,,
2026-03-04T09:40:00+05:30,portfolio_hist,PREMIUM,SKIP,idle,24372.7,20.43,1.0,0.0,0.0,1.038,0.136,2.36,6,9,40,2,0,70,0,70,75,trending,0.0,0,,,
2026-03-04T09:45:00+05:30,portfolio_hist,PREMIUM,SKIP,idle,24413.15,20.32,1.0,0.0,0.0,1.038,0.302,0.347,6,9,45,2,0,62,0,62,75,high_vol_range,0.0,0,,,
2026-03-04T09:47:00+05:30,portfolio_hist,PREMIUM,ENTER,iron_condor,24367.7,20.56,1.0,0.0,0.0,1.038,0.116,0.347,6,9,47,2,0,82,0,82,75,high_vol_range,53.58,75,,,
2026-03-04T10:30:00+05:30,portfolio_hist,TREND,ENTER,debit_spread,24415.0,20.71,1.0,0.0,0.0,1.038,0.31,0.486,6,10,30,2,0,75,0,75,60,high_vol_range,38.69,75,,,
2026-03-04T15:15:00+05:30,portfolio_hist,PREMIUM,EXIT,iron_condor,24455.45,21.11,1.0,0.0,0.0,1.037,0.476,0.527,6,15,15,2,0,0,0,0,0,high_vol_range,0.0,0,Time exit,381.75,328
2026-03-04T15:16:00+05:30,portfolio_hist,TREND,EXIT,debit_spread,24469.8,21.06,1.0,0.0,0.0,1.037,0.535,0.527,6,15,16,2,0,0,0,0,0,high_vol_range,0.0,0,Time exit,-263.25,286
2026-03-04T09:30:00+05:30,portfolio_hist,PREMIUM,SKIP,idle,24353.55,20.37,1.0,0.0,0.0,1.038,0.058,2.351,6,9,30,2,0,70,0,70,75,trending,0.0,0,,,
2026-03-04T09:35:00+05:30,portfolio_hist,PREMIUM,SKIP,idle,24324.5,20.56,1.0,0.0,0.0,1.038,0.062,2.351,6,9,35,2,0,70,0,70,75,trending,0.0,0,,,
2026-03-04T09:40:00+05:30,portfolio_hist,PREMIUM,SKIP,idle,24372.7,20.43,1.0,0.0,0.0,1.038,0.136,2.36,6,9,40,2,0,70,0,70,75,trending,0.0,0,,,
2026-03-04T09:45:00+05:30,portfolio_hist,PREMIUM,SKIP,idle,24413.15,20.32,1.0,0.0,0.0,1.038,0.302,0.347,6,9,45,2,0,62,0,62,75,high_vol_range,0.0,0,,,
2026-03-04T09:47:00+05:30,portfolio_hist,PREMIUM,ENTER,iron_condor,24367.7,20.56,1.0,0.0,0.0,1.038,0.116,0.347,6,9,47,2,0,82,0,82,75,high_vol_range,53.58,75,,,
2026-03-04T10:30:00+05:30,portfolio_hist,TREND,ENTER,debit_spread,24415.0,20.71,1.0,0.0,0.0,1.038,0.31,0.486,6,10,30,2,0,75,0,75,60,high_vol_range,38.69,75,,,
2026-03-04T15:15:00+05:30,portfolio_hist,PREMIUM,EXIT,iron_condor,24455.45,21.11,1.0,0.0,0.0,1.037,0.476,0.527,6,15,15,2,0,0,0,0,0,high_vol_range,0.0,0,Time exit,381.75,328
2026-03-04T15:16:00+05:30,portfolio_hist,TREND,EXIT,debit_spread,24469.8,21.06,1.0,0.0,0.0,1.037,0.535,0.527,6,15,16,2,0,0,0,0,0,high_vol_range,0.0,0,Time exit,-263.25,286
2026-03-04T09:30:00+05:30,portfolio_hist,PREMIUM,SKIP,idle,24353.55,20.37,1.0,0.0,0.0,1.038,0.058,2.351,6,9,30,2,0,70,0,70,75,trending,0.0,0,,,
2026-03-04T09:35:00+05:30,portfolio_hist,PREMIUM,SKIP,idle,24324.5,20.56,1.0,0.0,0.0,1.038,0.062,2.351,6,9,35,2,0,70,0,70,75,trending,0.0,0,,,
2026-03-04T09:40:00+05:30,portfolio_hist,PREMIUM,SKIP,idle,24372.7,20.43,1.0,0.0,0.0,1.038,0.136,2.36,6,9,40,2,0,70,0,70,75,trending,0.0,0,,,
2026-03-04T09:45:00+05:30,portfolio_hist,PREMIUM,SKIP,idle,24413.15,20.32,1.0,0.0,0.0,1.038,0.302,0.347,6,9,45,2,0,62,0,62,75,high_vol_range,0.0,0,,,
2026-03-04T09:47:00+05:30,portfolio_hist,PREMIUM,ENTER,iron_condor,24367.7,20.56,1.0,0.0,0.0,1.038,0.116,0.347,6,9,47,2,0,82,0,82,75,high_vol_range,53.58,75,,,
2026-03-04T10:30:00+05:30,portfolio_hist,TREND,ENTER,debit_spread,24415.0,20.71,1.0,0.0,0.0,1.038,0.31,0.486,6,10,30,2,0,75,0,75,60,high_vol_range,38.69,75,,,
2026-03-04T15:15:00+05:30,portfolio_hist,PREMIUM,EXIT,iron_condor,24455.45,21.11,1.0,0.0,0.0,1.037,0.476,0.527,6,15,15,2,0,0,0,0,0,high_vol_range,0.0,0,Time exit,381.75,328
2026-03-04T15:16:00+05:30,portfolio_hist,TREND,EXIT,debit_spread,24469.8,21.06,1.0,0.0,0.0,1.037,0.535,0.527,6,15,16,2,0,0,0,0,0,high_vol_range,0.0,0,Time exit,-263.25,286
2026-03-04T09:30:00+05:30,portfolio_hist,PREMIUM,SKIP,idle,24353.55,20.37,1.0,0.0,0.0,1.038,0.058,2.351,6,9,30,2,0,70,0,70,75,trending,0.0,0,,,
2026-03-04T09:35:00+05:30,portfolio_hist,PREMIUM,SKIP,idle,24324.5,20.56,1.0,0.0,0.0,1.038,0.062,2.351,6,9,35,2,0,70,0,70,75,trending,0.0,0,,,
2026-03-04T09:40:00+05:30,portfolio_hist,PREMIUM,SKIP,idle,24372.7,20.43,1.0,0.0,0.0,1.038,0.136,2.36,6,9,40,2,0,70,0,70,75,trending,0.0,0,,,
2026-03-04T09:45:00+05:30,portfolio_hist,PREMIUM,SKIP,idle,24413.15,20.32,1.0,0.0,0.0,1.038,0.302,0.347,6,9,45,2,0,62,0,62,75,high_vol_range,0.0,0,,,
2026-03-04T09:47:00+05:30,portfolio_hist,PREMIUM,ENTER,iron_condor,24367.7,20.56,1.0,0.0,0.0,1.038,0.116,0.347,6,9,47,2,0,82,0,82,75,high_vol_range,53.58,75,,,
2026-03-04T10:30:00+05:30,portfolio_hist,TREND,ENTER,debit_spread,24415.0,20.71,1.0,0.0,0.0,1.038,0.31,0.486,6,10,30,2,0,75,0,75,60,high_vol_range,38.69,75,,,
2026-03-04T10:31:00+05:30,portfolio_hist,TREND,EXIT,debit_spread,24414.1,20.73,1.0,0.0,0.0,1.038,0.306,0.486,6,10,31,2,0,0,0,0,0,high_vol_range,0.0,0,Trend profit: spread at 38.8% of max,4.5,1
2026-03-04T15:15:00+05:30,portfolio_hist,PREMIUM,EXIT,iron_condor,24455.45,21.11,1.0,0.0,0.0,1.037,0.476,0.527,6,15,15,2,0,0,0,0,0,high_vol_range,0.0,0,Time exit,381.75,328
2026-03-04T09:30:00+05:30,portfolio_hist,PREMIUM,SKIP,idle,24353.55,20.37,1.0,0.0,0.0,1.038,0.058,2.351,6,9,30,2,0,70,0,70,75,trending,0.0,0,,,
2026-03-04T09:35:00+05:30,portfolio_hist,PREMIUM,SKIP,idle,24324.5,20.56,1.0,0.0,0.0,1.038,0.062,2.351,6,9,35,2,0,70,0,70,75,trending,0.0,0,,,
2026-03-04T09:40:00+05:30,portfolio_hist,PREMIUM,SKIP,idle,24372.7,20.43,1.0,0.0,0.0,1.038,0.136,2.36,6,9,40,2,0,70,0,70,75,trending,0.0,0,,,
2026-03-04T09:45:00+05:30,portfolio_hist,PREMIUM,SKIP,idle,24413.15,20.32,1.0,0.0,0.0,1.038,0.302,0.347,6,9,45,2,0,62,0,62,75,high_vol_range,0.0,0,,,
2026-03-04T09:47:00+05:30,portfolio_hist,PREMIUM,ENTER,iron_condor,24367.7,20.56,1.0,0.0,0.0,1.038,0.116,0.347,6,9,47,2,0,82,0,82,75,high_vol_range,53.58,75,,,
2026-03-04T10:30:00+05:30,portfolio_hist,TREND,ENTER,debit_spread,24415.0,20.71,1.0,0.0,0.0,1.038,0.31,0.486,6,10,30,2,0,75,0,75,60,high_vol_range,38.69,75,,,
2026-03-04T10:35:00+05:30,portfolio_hist,TREND,EXIT,debit_spread,24384.3,20.84,1.0,0.0,0.0,1.037,0.184,0.412,6,10,35,2,0,0,0,0,0,high_vol_range,0.0,0,Trend profit: spread at 40.5% of max,137.25,5
2026-03-04T15:15:00+05:30,portfolio_hist,PREMIUM,EXIT,iron_condor,24455.45,21.11,1.0,0.0,0.0,1.037,0.476,0.527,6,15,15,2,0,0,0,0,0,high_vol_range,0.0,0,Time exit,381.75,328
2026-03-04T09:30:00+05:30,portfolio_hist,PREMIUM,SKIP,idle,24353.55,20.37,1.0,0.0,0.0,1.038,0.058,2.351,6,9,30,2,0,70,0,70,75,trending,0.0,0,,,
2026-03-04T09:35:00+05:30,portfolio_hist,PREMIUM,SKIP,idle,24324.5,20.56,1.0,0.0,0.0,1.038,0.062,2.351,6,9,35,2,0,70,0,70,75,trending,0.0,0,,,
2026-03-04T09:40:00+05:30,portfolio_hist,PREMIUM,SKIP,idle,24372.7,20.43,1.0,0.0,0.0,1.038,0.136,2.36,6,9,40,2,0,70,0,70,75,trending,0.0,0,,,
2026-03-04T09:45:00+05:30,portfolio_hist,PREMIUM,SKIP,idle,24413.15,20.32,1.0,0.0,0.0,1.038,0.302,0.347,6,9,45,2,0,62,0,62,75,high_vol_range,0.0,0,,,
2026-03-04T09:47:00+05:30,portfolio_hist,PREMIUM,ENTER,iron_condor,24367.7,20.56,1.0,0.0,0.0,1.038,0.116,0.347,6,9,47,2,0,82,0,82,75,high_vol_range,53.58,75,,,
2026-03-04T10:30:00+05:30,portfolio_hist,TREND,ENTER,debit_spread,24415.0,20.71,1.0,0.0,0.0,1.038,0.31,0.486,6,10,30,2,0,75,0,75,60,high_vol_range,38.69,75,,,
2026-03-04T15:15:00+05:30,portfolio_hist,PREMIUM,EXIT,iron_condor,24455.45,21.11,1.0,0.0,0.0,1.037,0.476,0.527,6,15,15,2,0,0,0,0,0,high_vol_range,0.0,0,Time exit,381.75,328
2026-03-04T15:16:00+05:30,portfolio_hist,TREND,EXIT,debit_spread,24469.8,21.06,1.0,0.0,0.0,1.037,0.535,0.527,6,15,16,2,0,0,0,0,0,high_vol_range,0.0,0,Time exit,-263.25,286
2026-03-04T09:30:00+05:30,portfolio_hist,PREMIUM,SKIP,idle,24353.55,20.37,1.0,0.0,0.0,1.038,0.058,2.351,6,9,30,2,0,70,0,70,75,trending,0.0,0,,,
2026-03-04T09:35:00+05:30,portfolio_hist,PREMIUM,SKIP,idle,24324.5,20.56,1.0,0.0,0.0,1.038,0.062,2.351,6,9,35,2,0,70,0,70,75,trending,0.0,0,,,
2026-03-04T09:40:00+05:30,portfolio_hist,PREMIUM,SKIP,idle,24372.7,20.43,1.0,0.0,0.0,1.038,0.136,2.36,6,9,40,2,0,70,0,70,75,trending,0.0,0,,,
2026-03-04T09:45:00+05:30,portfolio_hist,PREMIUM,SKIP,idle,24413.15,20.32,1.0,0.0,0.0,1.038,0.302,0.347,6,9,45,2,0,62,0,62,75,high_vol_range,0.0,0,,,
2026-03-04T09:47:00+05:30,portfolio_hist,PREMIUM,ENTER,iron_condor,24367.7,20.56,1.0,0.0,0.0,1.038,0.116,0.347,6,9,47,2,0,82,0,82,75,high_vol_range,53.58,75,,,
2026-03-04T10:30:00+05:30,portfolio_hist,TREND,ENTER,debit_spread,24415.0,20.71,1.0,0.0,0.0,1.038,0.31,0.486,6,10,30,2,0,75,0,75,60,high_vol_range,38.69,75,,,
2026-03-04T15:15:00+05:30,portfolio_hist,PREMIUM,EXIT,iron_condor,24455.45,21.11,1.0,0.0,0.0,1.037,0.476,0.527,6,15,15,2,0,0,0,0,0,high_vol_range,0.0,0,Time exit,381.75,328
2026-03-04T15:16:00+05:30,portfolio_hist,TREND,EXIT,debit_spread,24469.8,21.06,1.0,0.0,0.0,1.037,0.535,0.527,6,15,16,2,0,0,0,0,0,high_vol_range,0.0,0,Time exit,-263.25,286
2026-03-04T09:30:00+05:30,portfolio_hist,PREMIUM,SKIP,idle,24353.55,20.37,1.0,0.0,0.0,1.038,0.058,2.351,6,9,30,2,0,70,0,70,75,trending,0.0,0,,,
2026-03-04T09:35:00+05:30,portfolio_hist,PREMIUM,SKIP,idle,24324.5,20.56,1.0,0.0,0.0,1.038,0.062,2.351,6,9,35,2,0,70,0,70,75,trending,0.0,0,,,
2026-03-04T09:40:00+05:30,portfolio_hist,PREMIUM,SKIP,idle,24372.7,20.43,1.0,0.0,0.0,1.038,0.136,2.36,6,9,40,2,0,70,0,70,75,trending,0.0,0,,,
2026-03-04T09:45:00+05:30,portfolio_hist,PREMIUM,SKIP,idle,24413.15,20.32,1.0,0.0,0.0,1.038,0.302,0.347,6,9,45,2,0,62,0,62,75,high_vol_range,0.0,0,,,
2026-03-04T09:47:00+05:30,portfolio_hist,PREMIUM,ENTER,iron_condor,24367.7,20.56,1.0,0.0,0.0,1.038,0.116,0.347,6,9,47,2,0,82,0,82,75,high_vol_range,53.58,75,,,
2026-03-04T10:30:00+05:30,portfolio_hist,TREND,ENTER,debit_spread,24415.0,20.71,1.0,0.0,0.0,1.038,0.31,0.486,6,10,30,2,0,75,0,75,60,high_vol_range,38.69,75,,,
2026-03-04T15:15:00+05:30,portfolio_hist,PREMIUM,EXIT,iron_condor,24455.45,21.11,1.0,0.0,0.0,1.037,0.476,0.527,6,15,15,2,0,0,0,0,0,high_vol_range,0.0,0,Time exit,381.75,328
2026-03-04T15:16:00+05:30,portfolio_hist,TREND,EXIT,debit_spread,24469.8,21.06,1.0,0.0,0.0,1.037,0.535,0.527,6,15,16,2,0,0,0,0,0,high_vol_range,0.0,0,Time exit,-263.25,286
2026-03-04T09:30:00+05:30,portfolio_hist,PREMIUM,SKIP,idle,24353.55,20.37,1.0,0.0,0.0,1.038,0.058,2.351,6,9,30,2,0,70,0,70,75,trending,0.0,0,,,
2026-03-04T09:35:00+05:30,portfolio_hist,PREMIUM,SKIP,idle,24324.5,20.56,1.0,0.0,0.0,1.038,0.062,2.351,6,9,35,2,0,70,0,70,75,trending,0.0,0,,,
2026-03-04T09:40:00+05:30,portfolio_hist,PREMIUM,SKIP,idle,24372.7,20.43,1.0,0.0,0.0,1.038,0.136,2.36,6,9,40,2,0,70,0,70,75,trending,0.0,0,,,
2026-03-04T09:45:00+05:30,portfolio_hist,PREMIUM,SKIP,idle,24413.15,20.32,1.0,0.0,0.0,1.038,0.302,0.347,6,9,45,2,0,62,0,62,75,high_vol_range,0.0,0,,,
2026-03-04T09:47:00+05:30,portfolio_hist,PREMIUM,ENTER,iron_condor,24367.7,20.56,1.0,0.0,0.0,1.038,0.116,0.347,6,9,47,2,0,82,0,82,75,high_vol_range,53.58,75,,,
2026-03-04T10:30:00+05:30,portfolio_hist,TREND,ENTER,debit_spread,24415.0,20.71,1.0,0.0,0.0,1.038,0.31,0.486,6,10,30,2,0,75,0,75,60,high_vol_range,38.69,75,,,
2026-03-04T10:31:00+05:30,portfolio_hist,TREND,EXIT,debit_spread,24414.1,20.73,1.0,0.0,0.0,1.038,0.306,0.486,6,10,31,2,0,0,0,0,0,high_vol_range,0.0,0,Trend profit: spread at 38.8% of max,4.5,1
2026-03-04T15:15:00+05:30,portfolio_hist,PREMIUM,EXIT,iron_condor,24455.45,21.11,1.0,0.0,0.0,1.037,0.476,0.527,6,15,15,2,0,0,0,0,0,high_vol_range,0.0,0,Time exit,381.75,328
2026-03-04T09:30:00+05:30,portfolio_hist,PREMIUM,SKIP,idle,24353.55,20.37,1.0,0.0,0.0,1.038,0.058,2.351,6,9,30,2,0,70,0,70,75,trending,0.0,0,,,
2026-03-04T09:35:00+05:30,portfolio_hist,PREMIUM,SKIP,idle,24324.5,20.56,1.0,0.0,0.0,1.038,0.062,2.351,6,9,35,2,0,70,0,70,75,trending,0.0,0,,,
2026-03-04T09:40:00+05:30,portfolio_hist,PREMIUM,SKIP,idle,24372.7,20.43,1.0,0.0,0.0,1.038,0.136,2.36,6,9,40,2,0,70,0,70,75,trending,0.0,0,,,
2026-03-04T09:45:00+05:30,portfolio_hist,PREMIUM,SKIP,idle,24413.15,20.32,1.0,0.0,0.0,1.038,0.302,0.347,6,9,45,2,0,62,0,62,75,high_vol_range,0.0,0,,,
2026-03-04T09:47:00+05:30,portfolio_hist,PREMIUM,ENTER,iron_condor,24367.7,20.56,1.0,0.0,0.0,1.038,0.116,0.347,6,9,47,2,0,82,0,82,75,high_vol_range,53.58,75,,,
2026-03-04T10:30:00+05:30,portfolio_hist,TREND,ENTER,debit_spread,24415.0,20.71,1.0,0.0,0.0,1.038,0.31,0.486,6,10,30,2,0,75,0,75,60,high_vol_range,38.69,75,,,
2026-03-04T10:35:00+05:30,portfolio_hist,TREND,EXIT,debit_spread,24384.3,20.84,1.0,0.0,0.0,1.037,0.184,0.412,6,10,35,2,0,0,0,0,0,high_vol_range,0.0,0,Trend profit: spread at 40.5% of max,137.25,5
2026-03-04T15:15:00+05:30,portfolio_hist,PREMIUM,EXIT,iron_condor,24455.45,21.11,1.0,0.0,0.0,1.037,0.476,0.527,6,15,15,2,0,0,0,0,0,high_vol_range,0.0,0,Time exit,381.75,328
2026-03-04T09:30:00+05:30,portfolio_hist,PREMIUM,SKIP,idle,24353.55,20.37,1.0,0.0,0.0,1.038,0.058,2.351,6,9,30,2,0,70,0,70,75,trending,0.0,0,,,
2026-03-04T09:35:00+05:30,portfolio_hist,PREMIUM,SKIP,idle,24324.5,20.56,1.0,0.0,0.0,1.038,0.062,2.351,6,9,35,2,0,70,0,70,75,trending,0.0,0,,,
2026-03-04T09:40:00+05:30,portfolio_hist,PREMIUM,SKIP,idle,24372.7,20.43,1.0,0.0,0.0,1.038,0.136,2.36,6,9,40,2,0,70,0,70,75,trending,0.0,0,,,
2026-03-04T09:45:00+05:30,portfolio_hist,PREMIUM,SKIP,idle,24413.15,20.32,1.0,0.0,0.0,1.038,0.302,0.347,6,9,45,2,0,62,0,62,75,high_vol_range,0.0,0,,,
2026-03-04T09:47:00+05:30,portfolio_hist,PREMIUM,ENTER,iron_condor,24367.7,20.56,1.0,0.0,0.0,1.038,0.116,0.347,6,9,47,2,0,82,0,82,75,high_vol_range,53.58,75,,,
2026-03-04T10:30:00+05:30,portfolio_hist,TREND,ENTER,debit_spread,24415.0,20.71,1.0,0.0,0.0,1.038,0.31,0.486,6,10,30,2,0,75,0,75,60,high_vol_range,38.69,75,,,
2026-03-04T15:15:00+05:30,portfolio_hist,PREMIUM,EXIT,iron_condor,24455.45,21.11,1.0,0.0,0.0,1.037,0.476,0.527,6,15,15,2,0,0,0,0,0,high_vol_range,0.0,0,Time exit,381.75,328
2026-03-04T15:16:00+05:30,portfolio_hist,TREND,EXIT,debit_spread,24469.8,21.06,1.0,0.0,0.0,1.037,0.535,0.527,6,15,16,2,0,0,0,0,0,high_vol_range,0.0,0,Time exit,-263.25,286
2026-03-04T09:30:00+05:30,portfolio_hist,PREMIUM,SKIP,idle,24353.55,20.37,1.0,0.0,0.0,1.038,0.058,2.351,6,9,30,2,0,70,0,70,75,trending,0.0,0,,,
2026-03-04T09:35:00+05:30,portfolio_hist,PREMIUM,SKIP,idle,24324.5,20.56,1.0,0.0,0.0,1.038,0.062,2.351,6,9,35,2,0,70,0,70,75,trending,0.0,0,,,
2026-03-04T09:40:00+05:30,portfolio_hist,PREMIUM,SKIP,idle,24372.7,20.43,1.0,0.0,0.0,1.038,0.136,2.36,6,9,40,2,0,70,0,70,75,trending,0.0,0,,,
2026-03-04T09:45:00+05:30,portfolio_hist,PREMIUM,SKIP,idle,24413.15,20.32,1.0,0.0,0.0,1.038,0.302,0.347,6,9,45,2,0,62,0,62,75,high_vol_range,0.0,0,,,
2026-03-04T09:47:00+05:30,portfolio_hist,PREMIUM,ENTER,iron_condor,24367.7,20.56,1.0,0.0,0.0,1.038,0.116,0.347,6,9,47,2,0,82,0,82,75,high_vol_range,53.58,75,,,
2026-03-04T10:30:00+05:30,portfolio_hist,TREND,ENTER,debit_spread,24415.0,20.71,1.0,0.0,0.0,1.038,0.31,0.486,6,10,30,2,0,75,0,75,60,high_vol_range,38.69,75,,,
2026-03-04T15:15:00+05:30,portfolio_hist,PREMIUM,EXIT,iron_condor,24455.45,21.11,1.0,0.0,0.0,1.037,0.476,0.527,6,15,15,2,0,0,0,0,0,high_vol_range,0.0,0,Time exit,381.75,328
2026-03-04T15:16:00+05:30,portfolio_hist,TREND,EXIT,debit_spread,24469.8,21.06,1.0,0.0,0.0,1.037,0.535,0.527,6,15,16,2,0,0,0,0,0,high_vol_range,0.0,0,Time exit,-263.25,286
2026-03-04T09:30:00+05:30,portfolio_hist,PREMIUM,SKIP,idle,24353.55,20.37,1.0,0.0,0.0,1.038,0.058,2.351,6,9,30,2,0,70,0,70,75,trending,0.0,0,,,
2026-03-04T09:35:00+05:30,portfolio_hist,PREMIUM,SKIP,idle,24324.5,20.56,1.0,0.0,0.0,1.038,0.062,2.351,6,9,35,2,0,70,0,70,75,trending,0.0,0,,,
2026-03-04T09:40:00+05:30,portfolio_hist,PREMIUM,SKIP,idle,24372.7,20.43,1.0,0.0,0.0,1.038,0.136,2.36,6,9,40,2,0,70,0,70,75,trending,0.0,0,,,
2026-03-04T09:45:00+05:30,portfolio_hist,PREMIUM,SKIP,idle,24413.15,20.32,1.0,0.0,0.0,1.038,0.302,0.347,6,9,45,2,0,62,0,62,75,high_vol_range,0.0,0,,,
2026-03-04T09:47:00+05:30,portfolio_hist,PREMIUM,ENTER,iron_condor,24367.7,20.56,1.0,0.0,0.0,1.038,0.116,0.347,6,9,47,2,0,82,0,82,75,high_vol_range,53.58,75,,,
2026-03-04T10:30:00+05:30,portfolio_hist,TREND,ENTER,debit_spread,24415.0,20.71,1.0,0.0,0.0,1.038,0.31,0.486,6,10,30,2,0,75,0,75,60,high_vol_range,38.69,75,,,
2026-03-04T15:15:00+05:30,portfolio_hist,PREMIUM,EXIT,iron_condor,24455.45,21.11,1.0,0.0,0.0,1.037,0.476,0.527,6,15,15,2,0,0,0,0,0,high_vol_range,0.0,0,Time exit,381.75,328
2026-03-04T15:16:00+05:30,portfolio_hist,TREND,EXIT,debit_spread,24469.8,21.06,1.0,0.0,0.0,1.037,0.535,0.527,6,15,16,2,0,0,0,0,0,high_vol_range,0.0,0,Time exit,-263.25,286
2026-03-04T09:30:00+05:30,portfolio_hist,PREMIUM,SKIP,idle,24353.55,20.37,1.0,0.0,0.0,1.038,0.058,2.351,6,9,30,2,0,70,0,70,75,trending,0.0,0,,,
2026-03-04T09:35:00+05:30,portfolio_hist,PREMIUM,SKIP,idle,24324.5,20.56,1.0,0.0,0.0,1.038,0.062,2.351,6,9,35,2,0,70,0,70,75,trending,0.0,0,,,
2026-03-04T09:40:00+05:30,portfolio_hist,PREMIUM,SKIP,idle,24372.7,20.43,1.0,0.0,0.0,1.038,0.136,2.36,6,9,40,2,0,70,0,70,75,trending,0.0,0,,,
2026-03-04T09:45:00+05:30,portfolio_hist,PREMIUM,SKIP,idle,24413.15,20.32,1.0,0.0,0.0,1.038,0.302,0.347,6,9,45,2,0,62,0,62,75,high_vol_range,0.0,0,,,
2026-03-04T09:47:00+05:30,portfolio_hist,PREMIUM,ENTER,iron_condor,24367.7,20.56,1.0,0.0,0.0,1.038,0.116,0.347,6,9,47,2,0,82,0,82,75,high_vol_range,53.58,75,,,
2026-03-04T10:30:00+05:30,portfolio_hist,TREND,ENTER,debit_spread,24415.0,20.71,1.0,0.0,0.0,1.038,0.31,0.486,6,10,30,2,0,75,0,75,60,high_vol_range,38.69,75,,,
2026-03-04T14:14:00+05:30,portfolio_hist,TREND,EXIT,debit_spread,24554.95,20.88,1.0,0.0,0.0,1.037,0.885,0.316,6,14,14,2,0,0,0,0,0,high_vol_range,0.0,0,Trend stop: lost 20.5%,-594.75,224
2026-03-04T15:15:00+05:30,portfolio_hist,PREMIUM,EXIT,iron_condor,24455.45,21.11,1.0,0.0,0.0,1.037,0.476,0.527,6,15,15,2,0,0,0,0,0,high_vol_range,0.0,0,Time exit,381.75,328
2026-03-04T09:30:00+05:30,portfolio_hist,PREMIUM,SKIP,idle,24353.55,20.37,1.0,0.0,0.0,1.038,0.058,2.351,6,9,30,2,0,70,0,70,75,trending,0.0,0,,,
2026-03-04T09:35:00+05:30,portfolio_hist,PREMIUM,SKIP,idle,24324.5,20.56,1.0,0.0,0.0,1.038,0.062,2.351,6,9,35,2,0,70,0,70,75,trending,0.0,0,,,
2026-03-04T09:40:00+05:30,portfolio_hist,PREMIUM,SKIP,idle,24372.7,20.43,1.0,0.0,0.0,1.038,0.136,2.36,6,9,40,2,0,70,0,70,75,trending,0.0,0,,,
2026-03-04T09:45:00+05:30,portfolio_hist,PREMIUM,SKIP,idle,24413.15,20.32,1.0,0.0,0.0,1.038,0.302,0.347,6,9,45,2,0,62,0,62,75,high_vol_range,0.0,0,,,
2026-03-04T09:47:00+05:30,portfolio_hist,PREMIUM,ENTER,iron_condor,24367.7,20.56,1.0,0.0,0.0,1.038,0.116,0.347,6,9,47,2,0,82,0,82,75,high_vol_range,53.58,75,,,
2026-03-04T10:30:00+05:30,portfolio_hist,TREND,ENTER,debit_spread,24415.0,20.71,1.0,0.0,0.0,1.038,0.31,0.486,6,10,30,2,0,75,0,75,60,high_vol_range,38.69,75,,,
2026-03-04T14:14:00+05:30,portfolio_hist,TREND,EXIT,debit_spread,24554.95,20.88,1.0,0.0,0.0,1.037,0.885,0.316,6,14,14,2,0,0,0,0,0,high_vol_range,0.0,0,Trend stop: lost 20.5%,-594.75,224
2026-03-04T15:15:00+05:30,portfolio_hist,PREMIUM,EXIT,iron_condor,24455.45,21.11,1.0,0.0,0.0,1.037,0.476,0.527,6,15,15,2,0,0,0,0,0,high_vol_range,0.0,0,Time exit,381.75,328
2026-03-04T09:30:00+05:30,portfolio_hist,PREMIUM,SKIP,idle,24353.55,20.37,1.0,0.0,0.0,1.038,0.058,2.351,6,9,30,2,0,70,0,70,75,trending,0.0,0,,,
2026-03-04T09:35:00+05:30,portfolio_hist,PREMIUM,SKIP,idle,24324.5,20.56,1.0,0.0,0.0,1.038,0.062,2.351,6,9,35,2,0,70,0,70,75,trending,0.0,0,,,
2026-03-04T09:40:00+05:30,portfolio_hist,PREMIUM,SKIP,idle,24372.7,20.43,1.0,0.0,0.0,1.038,0.136,2.36,6,9,40,2,0,70,0,70,75,trending,0.0,0,,,
2026-03-04T09:45:00+05:30,portfolio_hist,PREMIUM,SKIP,idle,24413.15,20.32,1.0,0.0,0.0,1.038,0.302,0.347,6,9,45,2,0,62,0,62,75,high_vol_range,0.0,0,,,
2026-03-04T09:47:00+05:30,portfolio_hist,PREMIUM,ENTER,iron_condor,24367.7,20.56,1.0,0.0,0.0,1.038,0.116,0.347,6,9,47,2,0,82,0,82,75,high_vol_range,53.58,75,,,
2026-03-04T10:30:00+05:30,portfolio_hist,TREND,ENTER,debit_spread,24415.0,20.71,1.0,0.0,0.0,1.038,0.31,0.486,6,10,30,2,0,75,0,75,60,high_vol_range,38.69,75,,,
2026-03-04T14:14:00+05:30,portfolio_hist,TREND,EXIT,debit_spread,24554.95,20.88,1.0,0.0,0.0,1.037,0.885,0.316,6,14,14,2,0,0,0,0,0,high_vol_range,0.0,0,Trend stop: lost 20.5%,-594.75,224
2026-03-04T15:15:00+05:30,portfolio_hist,PREMIUM,EXIT,iron_condor,24455.45,21.11,1.0,0.0,0.0,1.037,0.476,0.527,6,15,15,2,0,0,0,0,0,high_vol_range,0.0,0,Time exit,381.75,328
2026-03-04T09:30:00+05:30,portfolio_hist,PREMIUM,SKIP,idle,24353.55,20.37,1.0,0.0,0.0,1.038,0.058,2.351,6,9,30,2,0,70,0,70,75,trending,0.0,0,,,
2026-03-04T09:35:00+05:30,portfolio_hist,PREMIUM,SKIP,idle,24324.5,20.56,1.0,0.0,0.0,1.038,0.062,2.351,6,9,35,2,0,70,0,70,75,trending,0.0,0,,,
2026-03-04T09:40:00+05:30,portfolio_hist,PREMIUM,SKIP,idle,24372.7,20.43,1.0,0.0,0.0,1.038,0.136,2.36,6,9,40,2,0,70,0,70,75,trending,0.0,0,,,
2026-03-04T09:45:00+05:30,portfolio_hist,PREMIUM,SKIP,idle,24413.15,20.32,1.0,0.0,0.0,1.038,0.302,0.347,6,9,45,2,0,62,0,62,75,high_vol_range,0.0,0,,,
2026-03-04T09:47:00+05:30,portfolio_hist,PREMIUM,ENTER,iron_condor,24367.7,20.56,1.0,0.0,0.0,1.038,0.116,0.347,6,9,47,2,0,82,0,82,75,high_vol_range,53.58,75,,,
2026-03-04T10:30:00+05:30,portfolio_hist,TREND,ENTER,debit_spread,24415.0,20.71,1.0,0.0,0.0,1.038,0.31,0.486,6,10,30,2,0,75,0,75,60,high_vol_range,38.69,75,,,
2026-03-04T14:14:00+05:30,portfolio_hist,TREND,EXIT,debit_spread,24554.95,20.88,1.0,0.0,0.0,1.037,0.885,0.316,6,14,14,2,0,0,0,0,0,high_vol_range,0.0,0,Trend stop: lost 20.5%,-594.75,224
2026-03-04T15:15:00+05:30,portfolio_hist,PREMIUM,EXIT,iron_condor,24455.45,21.11,1.0,0.0,0.0,1.037,0.476,0.527,6,15,15,2,0,0,0,0,0,high_vol_range,0.0,0,Time exit,381.75,328
2026-03-04T09:30:00+05:30,portfolio_hist,PREMIUM,SKIP,idle,24353.55,20.37,1.0,0.0,0.0,1.038,0.058,2.351,6,9,30,2,0,70,0,70,75,trending,0.0,0,,,
2026-03-04T09:35:00+05:30,portfolio_hist,PREMIUM,SKIP,idle,24324.5,20.56,1.0,0.0,0.0,1.038,0.062,2.351,6,9,35,2,0,70,0,70,75,trending,0.0,0,,,
2026-03-04T09:40:00+05:30,portfolio_hist,PREMIUM,SKIP,idle,24372.7,20.43,1.0,0.0,0.0,1.038,0.136,2.36,6,9,40,2,0,70,0,70,75,trending,0.0,0,,,
2026-03-04T09:45:00+05:30,portfolio_hist,PREMIUM,SKIP,idle,24413.15,20.32,1.0,0.0,0.0,1.038,0.302,0.347,6,9,45,2,0,62,0,62,75,high_vol_range,0.0,0,,,
2026-03-04T09:47:00+05:30,portfolio_hist,PREMIUM,ENTER,iron_condor,24367.7,20.56,1.0,0.0,0.0,1.038,0.116,0.347,6,9,47,2,0,82,0,82,75,high_vol_range,53.58,75,,,
2026-03-04T10:30:00+05:30,portfolio_hist,TREND,ENTER,debit_spread,24415.0,20.71,1.0,0.0,0.0,1.038,0.31,0.486,6,10,30,2,0,75,0,75,60,high_vol_range,38.69,75,,,
2026-03-04T14:14:00+05:30,portfolio_hist,TREND,EXIT,debit_spread,24554.95,20.88,1.0,0.0,0.0,1.037,0.885,0.316,6,14,14,2,0,0,0,0,0,high_vol_range,0.0,0,Trend stop: lost 20.5%,-594.75,224
2026-03-04T15:15:00+05:30,portfolio_hist,PREMIUM,EXIT,iron_condor,24455.45,21.11,1.0,0.0,0.0,1.037,0.476,0.527,6,15,15,2,0,0,0,0,0,high_vol_range,0.0,0,Time exit,381.75,328
2026-03-04T09:30:00+05:30,portfolio_hist,PREMIUM,SKIP,idle,24353.55,20.37,1.0,0.0,0.0,1.038,0.058,2.351,6,9,30,2,0,70,0,70,75,trending,0.0,0,,,
2026-03-04T09:35:00+05:30,portfolio_hist,PREMIUM,SKIP,idle,24324.5,20.56,1.0,0.0,0.0,1.038,0.062,2.351,6,9,35,2,0,70,0,70,75,trending,0.0,0,,,
2026-03-04T09:40:00+05:30,portfolio_hist,PREMIUM,SKIP,idle,24372.7,20.43,1.0,0.0,0.0,1.038,0.136,2.36,6,9,40,2,0,70,0,70,75,trending,0.0,0,,,
2026-03-04T09:45:00+05:30,portfolio_hist,PREMIUM,SKIP,idle,24413.15,20.32,1.0,0.0,0.0,1.038,0.302,0.347,6,9,45,2,0,62,0,62,75,high_vol_range,0.0,0,,,
2026-03-04T09:47:00+05:30,portfolio_hist,PREMIUM,ENTER,iron_condor,24367.7,20.56,1.0,0.0,0.0,1.038,0.116,0.347,6,9,47,2,0,82,0,82,75,high_vol_range,53.58,75,,,
2026-03-04T10:30:00+05:30,portfolio_hist,TREND,ENTER,debit_spread,24415.0,20.71,1.0,0.0,0.0,1.038,0.31,0.486,6,10,30,2,0,75,0,75,60,high_vol_range,38.69,75,,,
2026-03-04T14:14:00+05:30,portfolio_hist,TREND,EXIT,debit_spread,24554.95,20.88,1.0,0.0,0.0,1.037,0.885,0.316,6,14,14,2,0,0,0,0,0,high_vol_range,0.0,0,Trend stop: lost 20.5%,-594.75,224
2026-03-04T15:15:00+05:30,portfolio_hist,PREMIUM,EXIT,iron_condor,24455.45,21.11,1.0,0.0,0.0,1.037,0.476,0.527,6,15,15,2,0,0,0,0,0,high_vol_range,0.0,0,Time exit,381.75,328
2026-03-04T09:30:00+05:30,portfolio_hist,PREMIUM,SKIP,idle,24353.55,20.37,1.0,0.0,0.0,1.038,0.058,2.351,6,9,30,2,0,70,0,70,75,trending,0.0,0,,,
2026-03-04T09:35:00+05:30,portfolio_hist,PREMIUM,SKIP,idle,24324.5,20.56,1.0,0.0,0.0,1.038,0.062,2.351,6,9,35,2,0,70,0,70,75,trending,0.0,0,,,
2026-03-04T09:40:00+05:30,portfolio_hist,PREMIUM,SKIP,idle,24372.7,20.43,1.0,0.0,0.0,1.038,0.136,2.36,6,9,40,2,0,70,0,70,75,trending,0.0,0,,,
2026-03-04T09:45:00+05:30,portfolio_hist,PREMIUM,SKIP,idle,24413.15,20.32,1.0,0.0,0.0,1.038,0.302,0.347,6,9,45,2,0,62,0,62,75,high_vol_range,0.0,0,,,
2026-03-04T09:47:00+05:30,portfolio_hist,PREMIUM,ENTER,iron_condor,24367.7,20.56,1.0,0.0,0.0,1.038,0.116,0.347,6,9,47,2,0,82,0,82,75,high_vol_range,53.58,75,,,
2026-03-04T10:30:00+05:30,portfolio_hist,TREND,ENTER,debit_spread,24415.0,20.71,1.0,0.0,0.0,1.038,0.31,0.486,6,10,30,2,0,75,0,75,60,high_vol_range,38.69,75,,,
2026-03-04T14:14:00+05:30,portfolio_hist,TREND,EXIT,debit_spread,24554.95,20.88,1.0,0.0,0.0,1.037,0.885,0.316,6,14,14,2,0,0,0,0,0,high_vol_range,0.0,0,Trend stop: lost 20.5%,-594.75,224
2026-03-04T15:15:00+05:30,portfolio_hist,PREMIUM,EXIT,iron_condor,24455.45,21.11,1.0,0.0,0.0,1.037,0.476,0.527,6,15,15,2,0,0,0,0,0,high_vol_range,0.0,0,Time exit,381.75,328
2026-03-04T09:30:00+05:30,portfolio_hist,PREMIUM,SKIP,idle,24353.55,20.37,1.0,0.0,0.0,1.038,0.058,2.351,6,9,30,2,0,70,0,70,75,trending,0.0,0,,,
2026-03-04T09:35:00+05:30,portfolio_hist,PREMIUM,SKIP,idle,24324.5,20.56,1.0,0.0,0.0,1.038,0.062,2.351,6,9,35,2,0,70,0,70,75,trending,0.0,0,,,
2026-03-04T09:40:00+05:30,portfolio_hist,PREMIUM,SKIP,idle,24372.7,20.43,1.0,0.0,0.0,1.038,0.136,2.36,6,9,40,2,0,70,0,70,75,trending,0.0,0,,,
2026-03-04T09:45:00+05:30,portfolio_hist,PREMIUM,SKIP,idle,24413.15,20.32,1.0,0.0,0.0,1.038,0.302,0.347,6,9,45,2,0,62,0,62,75,high_vol_range,0.0,0,,,
2026-03-04T09:47:00+05:30,portfolio_hist,PREMIUM,ENTER,iron_condor,24367.7,20.56,1.0,0.0,0.0,1.038,0.116,0.347,6,9,47,2,0,82,0,82,75,high_vol_range,53.58,75,,,
2026-03-04T10:30:00+05:30,portfolio_hist,TREND,ENTER,debit_spread,24415.0,20.71,1.0,0.0,0.0,1.038,0.31,0.486,6,10,30,2,0,75,0,75,60,high_vol_range,38.69,75,,,
2026-03-04T14:14:00+05:30,portfolio_hist,TREND,EXIT,debit_spread,24554.95,20.88,1.0,0.0,0.0,1.037,0.885,0.316,6,14,14,2,0,0,0,0,0,high_vol_range,0.0,0,Trend stop: lost 20.5%,-594.75,224
2026-03-04T15:15:00+05:30,portfolio_hist,PREMIUM,EXIT,iron_condor,24455.45,21.11,1.0,0.0,0.0,1.037,0.476,0.527,6,15,15,2,0,0,0,0,0,high_vol_range,0.0,0,Time exit,381.75,328
2026-03-04T09:30:00+05:30,portfolio_hist,PREMIUM,SKIP,idle,24353.55,20.37,1.0,0.0,0.0,1.038,0.058,2.351,6,9,30,2,0,70,0,70,75,trending,0.0,0,,,
2026-03-04T09:35:00+05:30,portfolio_hist,PREMIUM,SKIP,idle,24324.5,20.56,1.0,0.0,0.0,1.038,0.062,2.351,6,9,35,2,0,70,0,70,75,trending,0.0,0,,,
2026-03-04T09:40:00+05:30,portfolio_hist,PREMIUM,SKIP,idle,24372.7,20.43,1.0,0.0,0.0,1.038,0.136,2.36,6,9,40,2,0,70,0,70,75,trending,0.0,0,,,
2026-03-04T09:45:00+05:30,portfolio_hist,PREMIUM,SKIP,idle,24413.15,20.32,1.0,0.0,0.0,1.038,0.302,0.347,6,9,45,2,0,62,0,62,75,high_vol_range,0.0,0,,,
2026-03-04T09:47:00+05:30,portfolio_hist,PREMIUM,ENTER,iron_condor,24367.7,20.56,1.0,0.0,0.0,1.038,0.116,0.347,6,9,47,2,0,82,0,82,75,high_vol_range,53.58,75,,,
2026-03-04T10:30:00+05:30,portfolio_hist,TREND,ENTER,debit_spread,24415.0,20.71,1.0,0.0,0.0,1.038,0.31,0.486,6,10,30,2,0,75,0,75,60,high_vol_range,38.69,75,,,
2026-03-04T14:14:00+05:30,portfolio_hist,TREND,EXIT,debit_spread,24554.95,20.88,1.0,0.0,0.0,1.037,0.885,0.316,6,14,14,2,0,0,0,0,0,high_vol_range,0.0,0,Trend stop: lost 20.5%,-594.75,224
2026-03-04T15:15:00+05:30,portfolio_hist,PREMIUM,EXIT,iron_condor,24455.45,21.11,1.0,0.0,0.0,1.037,0.476,0.527,6,15,15,2,0,0,0,0,0,high_vol_range,0.0,0,Time exit,381.75,328
2026-03-04T09:30:00+05:30,portfolio_hist,PREMIUM,SKIP,idle,24353.55,20.37,1.0,0.0,0.0,1.038,0.058,2.351,6,9,30,2,0,70,0,70,75,trending,0.0,0,,,
2026-03-04T09:35:00+05:30,portfolio_hist,PREMIUM,SKIP,idle,24324.5,20.56,1.0,0.0,0.0,1.038,0.062,2.351,6,9,35,2,0,70,0,70,75,trending,0.0,0,,,
2026-03-04T09:40:00+05:30,portfolio_hist,PREMIUM,SKIP,idle,24372.7,20.43,1.0,0.0,0.0,1.038,0.136,2.36,6,9,40,2,0,70,0,70,75,trending,0.0,0,,,
2026-03-04T09:45:00+05:30,portfolio_hist,PREMIUM,SKIP,idle,24413.15,20.32,1.0,0.0,0.0,1.038,0.302,0.347,6,9,45,2,0,62,0,62,75,high_vol_range,0.0,0,,,
2026-03-04T09:47:00+05:30,portfolio_hist,PREMIUM,ENTER,iron_condor,24367.7,20.56,1.0,0.0,0.0,1.038,0.116,0.347,6,9,47,2,0,82,0,82,75,high_vol_range,53.58,75,,,
2026-03-04T10:30:00+05:30,portfolio_hist,TREND,ENTER,debit_spread,24415.0,20.71,1.0,0.0,0.0,1.038,0.31,0.486,6,10,30,2,0,75,0,75,60,high_vol_range,38.69,75,,,
2026-03-04T14:14:00+05:30,portfolio_hist,TREND,EXIT,debit_spread,24554.95,20.88,1.0,0.0,0.0,1.037,0.885,0.316,6,14,14,2,0,0,0,0,0,high_vol_range,0.0,0,Trend stop: lost 20.5%,-594.75,224
2026-03-04T15:15:00+05:30,portfolio_hist,PREMIUM,EXIT,iron_condor,24455.45,21.11,1.0,0.0,0.0,1.037,0.476,0.527,6,15,15,2,0,0,0,0,0,high_vol_range,0.0,0,Time exit,381.75,328
2026-03-04T09:30:00+05:30,portfolio_hist,PREMIUM,SKIP,idle,24353.55,20.37,1.0,0.0,0.0,1.038,0.058,2.351,6,9,30,2,0,70,0,70,75,trending,0.0,0,,,
2026-03-04T09:35:00+05:30,portfolio_hist,PREMIUM,SKIP,idle,24324.5,20.56,1.0,0.0,0.0,1.038,0.062,2.351,6,9,35,2,0,70,0,70,75,trending,0.0,0,,,
2026-03-04T09:40:00+05:30,portfolio_hist,PREMIUM,SKIP,idle,24372.7,20.43,1.0,0.0,0.0,1.038,0.136,2.36,6,9,40,2,0,70,0,70,75,trending,0.0,0,,,
2026-03-04T09:45:00+05:30,portfolio_hist,PREMIUM,SKIP,idle,24413.15,20.32,1.0,0.0,0.0,1.038,0.302,0.347,6,9,45,2,0,62,0,62,75,high_vol_range,0.0,0,,,
2026-03-04T09:47:00+05:30,portfolio_hist,PREMIUM,ENTER,iron_condor,24367.7,20.56,1.0,0.0,0.0,1.038,0.116,0.347,6,9,47,2,0,82,0,82,75,high_vol_range,53.58,75,,,
2026-03-04T10:30:00+05:30,portfolio_hist,TREND,ENTER,debit_spread,24415.0,20.71,1.0,0.0,0.0,1.038,0.31,0.486,6,10,30,2,0,75,0,75,60,high_vol_range,38.69,75,,,
2026-03-04T14:14:00+05:30,portfolio_hist,TREND,EXIT,debit_spread,24554.95,20.88,1.0,0.0,0.0,1.037,0.885,0.316,6,14,14,2,0,0,0,0,0,high_vol_range,0.0,0,Trend stop: lost 20.5%,-594.75,224
2026-03-04T15:15:00+05:30,portfolio_hist,PREMIUM,EXIT,iron_condor,24455.45,21.11,1.0,0.0,0.0,1.037,0.476,0.527,6,15,15,2,0,0,0,0,0,high_vol_range,0.0,0,Time exit,381.75,328
2026-03-04T09:30:00+05:30,portfolio_hist,PREMIUM,SKIP,idle,24353.55,20.37,1.0,0.0,0.0,1.038,0.058,2.351,6,9,30,2,0,70,0,70,75,trending,0.0,0,,,
2026-03-04T09:35:00+05:30,portfolio_hist,PREMIUM,SKIP,idle,24324.5,20.56,1.0,0.0,0.0,1.038,0.062,2.351,6,9,35,2,0,70,0,70,75,trending,0.0,0,,,
2026-03-04T09:40:00+05:30,portfolio_hist,PREMIUM,SKIP,idle,24372.7,20.43,1.0,0.0,0.0,1.038,0.136,2.36,6,9,40,2,0,70,0,70,75,trending,0.0,0,,,
2026-03-04T09:45:00+05:30,portfolio_hist,PREMIUM,SKIP,idle,24413.15,20.32,1.0,0.0,0.0,1.038,0.302,0.347,6,9,45,2,0,62,0,62,75,high_vol_range,0.0,0,,,
2026-03-04T09:47:00+05:30,portfolio_hist,PREMIUM,ENTER,iron_condor,24367.7,20.56,1.0,0.0,0.0,1.038,0.116,0.347,6,9,47,2,0,82,0,82,75,high_vol_range,53.58,75,,,
2026-03-04T10:30:00+05:30,portfolio_hist,TREND,ENTER,debit_spread,24415.0,20.71,1.0,0.0,0.0,1.038,0.31,0.486,6,10,30,2,0,75,0,75,60,high_vol_range,38.69,75,,,
2026-03-04T14:14:00+05:30,portfolio_hist,TREND,EXIT,debit_spread,24554.95,20.88,1.0,0.0,0.0,1.037,0.885,0.316,6,14,14,2,0,0,0,0,0,high_vol_range,0.0,0,Trend stop: lost 20.5%,-594.75,224
2026-03-04T15:15:00+05:30,portfolio_hist,PREMIUM,EXIT,iron_condor,24455.45,21.11,1.0,0.0,0.0,1.037,0.476,0.527,6,15,15,2,0,0,0,0,0,high_vol_range,0.0,0,Time exit,381.75,328
2026-03-04T09:30:00+05:30,portfolio_hist,PREMIUM,SKIP,idle,24353.55,20.37,1.0,0.0,0.0,1.038,0.058,2.351,6,9,30,2,0,70,0,70,75,trending,0.0,0,,,
2026-03-04T09:35:00+05:30,portfolio_hist,PREMIUM,SKIP,idle,24324.5,20.56,1.0,0.0,0.0,1.038,0.062,2.351,6,9,35,2,0,70,0,70,75,trending,0.0,0,,,
2026-03-04T09:40:00+05:30,portfolio_hist,PREMIUM,SKIP,idle,24372.7,20.43,1.0,0.0,0.0,1.038,0.136,2.36,6,9,40,2,0,70,0,70,75,trending,0.0,0,,,
2026-03-04T09:45:00+05:30,portfolio_hist,PREMIUM,SKIP,idle,24413.15,20.32,1.0,0.0,0.0,1.038,0.302,0.347,6,9,45,2,0,62,0,62,75,high_vol_range,0.0,0,,,
2026-03-04T09:47:00+05:30,portfolio_hist,PREMIUM,ENTER,iron_condor,24367.7,20.56,1.0,0.0,0.0,1.038,0.116,0.347,6,9,47,2,0,82,0,82,75,high_vol_range,53.58,75,,,
2026-03-04T10:30:00+05:30,portfolio_hist,TREND,ENTER,debit_spread,24415.0,20.71,1.0,0.0,0.0,1.038,0.31,0.486,6,10,30,2,0,75,0,75,60,high_vol_range,38.69,75,,,
2026-03-04T14:14:00+05:30,portfolio_hist,TREND,EXIT,debit_spread,24554.95,20.88,1.0,0.0,0.0,1.037,0.885,0.316,6,14,14,2,0,0,0,0,0,high_vol_range,0.0,0,Trend stop: lost 20.5%,-594.75,224
2026-03-04T15:15:00+05:30,portfolio_hist,PREMIUM,EXIT,iron_condor,24455.45,21.11,1.0,0.0,0.0,1.037,0.476,0.527,6,15,15,2,0,0,0,0,0,high_vol_range,0.0,0,Time exit,381.75,328
2026-03-04T09:30:00+05:30,portfolio_hist,PREMIUM,SKIP,idle,24353.55,20.37,1.0,0.0,0.0,1.038,0.058,2.351,6,9,30,2,0,70,0,70,75,trending,0.0,0,,,
2026-03-04T09:35:00+05:30,portfolio_hist,PREMIUM,SKIP,idle,24324.5,20.56,1.0,0.0,0.0,1.038,0.062,2.351,6,9,35,2,0,70,0,70,75,trending,0.0,0,,,
2026-03-04T09:40:00+05:30,portfolio_hist,PREMIUM,SKIP,idle,24372.7,20.43,1.0,0.0,0.0,1.038,0.136,2.36,6,9,40,2,0,70,0,70,75,trending,0.0,0,,,
2026-03-04T09:45:00+05:30,portfolio_hist,PREMIUM,SKIP,idle,24413.15,20.32,1.0,0.0,0.0,1.038,0.302,0.347,6,9,45,2,0,62,0,62,75,high_vol_range,0.0,0,,,
2026-03-04T09:47:00+05:30,portfolio_hist,PREMIUM,ENTER,iron_condor,24367.7,20.56,1.0,0.0,0.0,1.038,0.116,0.347,6,9,47,2,0,82,0,82,75,high_vol_range,53.58,75,,,
2026-03-04T10:30:00+05:30,portfolio_hist,TREND,ENTER,debit_spread,24415.0,20.71,1.0,0.0,0.0,1.038,0.31,0.486,6,10,30,2,0,75,0,75,60,high_vol_range,38.69,75,,,
2026-03-04T14:14:00+05:30,portfolio_hist,TREND,EXIT,debit_spread,24554.95,20.88,1.0,0.0,0.0,1.037,0.885,0.316,6,14,14,2,0,0,0,0,0,high_vol_range,0.0,0,Trend stop: lost 20.5%,-594.75,224
2026-03-04T15:15:00+05:30,portfolio_hist,PREMIUM,EXIT,iron_condor,24455.45,21.11,1.0,0.0,0.0,1.037,0.476,0.527,6,15,15,2,0,0,0,0,0,high_vol_range,0.0,0,Time exit,381.75,328
2026-03-04T09:30:00+05:30,portfolio_hist,PREMIUM,SKIP,idle,24353.55,20.37,1.0,0.0,0.0,1.038,0.058,2.351,6,9,30,2,0,70,0,70,75,trending,0.0,0,,,
2026-03-04T09:35:00+05:30,portfolio_hist,PREMIUM,SKIP,idle,24324.5,20.56,1.0,0.0,0.0,1.038,0.062,2.351,6,9,35,2,0,70,0,70,75,trending,0.0,0,,,
2026-03-04T09:40:00+05:30,portfolio_hist,PREMIUM,SKIP,idle,24372.7,20.43,1.0,0.0,0.0,1.038,0.136,2.36,6,9,40,2,0,70,0,70,75,trending,0.0,0,,,
2026-03-04T09:45:00+05:30,portfolio_hist,PREMIUM,SKIP,idle,24413.15,20.32,1.0,0.0,0.0,1.038,0.302,0.347,6,9,45,2,0,62,0,62,75,high_vol_range,0.0,0,,,
2026-03-04T09:47:00+05:30,portfolio_hist,PREMIUM,ENTER,iron_condor,24367.7,20.56,1.0,0.0,0.0,1.038,0.116,0.347,6,9,47,2,0,82,0,82,75,high_vol_range,53.58,75,,,
2026-03-04T10:30:00+05:30,portfolio_hist,TREND,ENTER,debit_spread,24415.0,20.71,1.0,0.0,0.0,1.038,0.31,0.486,6,10,30,2,0,75,0,75,60,high_vol_range,38.69,75,,,
2026-03-04T14:14:00+05:30,portfolio_hist,TREND,EXIT,debit_spread,24554.95,20.88,1.0,0.0,0.0,1.037,0.885,0.316,6,14,14,2,0,0,0,0,0,high_vol_range,0.0,0,Trend stop: lost 20.5%,-594.75,224
2026-03-04T15:15:00+05:30,portfolio_hist,PREMIUM,EXIT,iron_condor,24455.45,21.11,1.0,0.0,0.0,1.037,0.476,0.527,6,15,15,2,0,0,0,0,0,high_vol_range,0.0,0,Time exit,381.75,328
2026-03-04T09:30:00+05:30,portfolio_hist,PREMIUM,SKIP,idle,24353.55,20.37,1.0,0.0,0.0,1.038,0.058,2.351,6,9,30,2,0,70,0,70,75,trending,0.0,0,,,
2026-03-04T09:35:00+05:30,portfolio_hist,PREMIUM,SKIP,idle,24324.5,20.56,1.0,0.0,0.0,1.038,0.062,2.351,6,9,35,2,0,70,0,70,75,trending,0.0,0,,,
2026-03-04T09:40:00+05:30,portfolio_hist,PREMIUM,SKIP,idle,24372.7,20.43,1.0,0.0,0.0,1.038,0.136,2.36,6,9,40,2,0,70,0,70,75,trending,0.0,0,,,
2026-03-04T09:45:00+05:30,portfolio_hist,PREMIUM,SKIP,idle,24413.15,20.32,1.0,0.0,0.0,1.038,0.302,0.347,6,9,45,2,0,62,0,62,75,high_vol_range,0.0,0,,,
2026-03-04T09:47:00+05:30,portfolio_hist,PREMIUM,ENTER,iron_condor,24367.7,20.56,1.0,0.0,0.0,1.038,0.116,0.347,6,9,47,2,0,82,0,82,75,high_vol_range,53.58,75,,,
2026-03-04T10:30:00+05:30,portfolio_hist,TREND,ENTER,debit_spread,24415.0,20.71,1.0,0.0,0.0,1.038,0.31,0.486,6,10,30,2,0,75,0,75,60,high_vol_range,38.69,75,,,
2026-03-04T14:14:00+05:30,portfolio_hist,TREND,EXIT,debit_spread,24554.95,20.88,1.0,0.0,0.0,1.037,0.885,0.316,6,14,14,2,0,0,0,0,0,high_vol_range,0.0,0,Trend stop: lost 20.5%,-594.75,224
2026-03-04T15:15:00+05:30,portfolio_hist,PREMIUM,EXIT,iron_condor,24455.45,21.11,1.0,0.0,0.0,1.037,0.476,0.527,6,15,15,2,0,0,0,0,0,high_vol_range,0.0,0,Time exit,381.75,328
2026-03-04T09:30:00+05:30,portfolio_hist,PREMIUM,SKIP,idle,24353.55,20.37,1.0,0.0,0.0,1.038,0.058,2.351,6,9,30,2,0,70,0,70,75,trending,0.0,0,,,
2026-03-04T09:35:00+05:30,portfolio_hist,PREMIUM,SKIP,idle,24324.5,20.56,1.0,0.0,0.0,1.038,0.062,2.351,6,9,35,2,0,70,0,70,75,trending,0.0,0,,,
2026-03-04T09:40:00+05:30,portfolio_hist,PREMIUM,SKIP,idle,24372.7,20.43,1.0,0.0,0.0,1.038,0.136,2.36,6,9,40,2,0,70,0,70,75,trending,0.0,0,,,
2026-03-04T09:45:00+05:30,portfolio_hist,PREMIUM,SKIP,idle,24413.15,20.32,1.0,0.0,0.0,1.038,0.302,0.347,6,9,45,2,0,62,0,62,75,high_vol_range,0.0,0,,,
2026-03-04T09:47:00+05:30,portfolio_hist,PREMIUM,ENTER,iron_condor,24367.7,20.56,1.0,0.0,0.0,1.038,0.116,0.347,6,9,47,2,0,82,0,82,75,high_vol_range,53.58,75,,,
2026-03-04T10:30:00+05:30,portfolio_hist,TREND,ENTER,debit_spread,24415.0,20.71,1.0,0.0,0.0,1.038,0.31,0.486,6,10,30,2,0,75,0,75,60,high_vol_range,38.69,75,,,
2026-03-04T15:15:00+05:30,portfolio_hist,PREMIUM,EXIT,iron_condor,24455.45,21.11,1.0,0.0,0.0,1.037,0.476,0.527,6,15,15,2,0,0,0,0,0,high_vol_range,0.0,0,Time exit,381.75,328
2026-03-04T15:16:00+05:30,portfolio_hist,TREND,EXIT,debit_spread,24469.8,21.06,1.0,0.0,0.0,1.037,0.535,0.527,6,15,16,2,0,0,0,0,0,high_vol_range,0.0,0,Time exit,-263.25,286
2026-03-04T09:30:00+05:30,portfolio_hist,PREMIUM,SKIP,idle,24353.55,20.37,1.0,0.0,0.0,1.038,0.058,2.351,6,9,30,2,0,70,0,70,75,trending,0.0,0,,,
2026-03-04T09:35:00+05:30,portfolio_hist,PREMIUM,SKIP,idle,24324.5,20.56,1.0,0.0,0.0,1.038,0.062,2.351,6,9,35,2,0,70,0,70,75,trending,0.0,0,,,
2026-03-04T09:40:00+05:30,portfolio_hist,PREMIUM,SKIP,idle,24372.7,20.43,1.0,0.0,0.0,1.038,0.136,2.36,6,9,40,2,0,70,0,70,75,trending,0.0,0,,,
2026-03-04T09:45:00+05:30,portfolio_hist,PREMIUM,SKIP,idle,24413.15,20.32,1.0,0.0,0.0,1.038,0.302,0.347,6,9,45,2,0,62,0,62,75,high_vol_range,0.0,0,,,
2026-03-04T09:47:00+05:30,portfolio_hist,PREMIUM,ENTER,iron_condor,24367.7,20.56,1.0,0.0,0.0,1.038,0.116,0.347,6,9,47,2,0,82,0,82,75,high_vol_range,53.58,75,,,
2026-03-04T10:30:00+05:30,portfolio_hist,TREND,ENTER,debit_spread,24415.0,20.71,1.0,0.0,0.0,1.038,0.31,0.486,6,10,30,2,0,75,0,75,60,high_vol_range,38.69,75,,,
2026-03-04T15:15:00+05:30,portfolio_hist,PREMIUM,EXIT,iron_condor,24455.45,21.11,1.0,0.0,0.0,1.037,0.476,0.527,6,15,15,2,0,0,0,0,0,high_vol_range,0.0,0,Time exit,381.75,328
2026-03-04T15:16:00+05:30,portfolio_hist,TREND,EXIT,debit_spread,24469.8,21.06,1.0,0.0,0.0,1.037,0.535,0.527,6,15,16,2,0,0,0,0,0,high_vol_range,0.0,0,Time exit,-263.25,286
2026-03-04T09:30:00+05:30,portfolio_hist,PREMIUM,SKIP,idle,24353.55,20.37,1.0,0.0,0.0,1.038,0.058,2.351,6,9,30,2,0,70,0,70,75,trending,0.0,0,,,
2026-03-04T09:35:00+05:30,portfolio_hist,PREMIUM,SKIP,idle,24324.5,20.56,1.0,0.0,0.0,1.038,0.062,2.351,6,9,35,2,0,70,0,70,75,trending,0.0,0,,,
2026-03-04T09:40:00+05:30,portfolio_hist,PREMIUM,SKIP,idle,24372.7,20.43,1.0,0.0,0.0,1.038,0.136,2.36,6,9,40,2,0,70,0,70,75,trending,0.0,0,,,
2026-03-04T09:45:00+05:30,portfolio_hist,PREMIUM,SKIP,idle,24413.15,20.32,1.0,0.0,0.0,1.038,0.302,0.347,6,9,45,2,0,62,0,62,75,high_vol_range,0.0,0,,,
2026-03-04T09:47:00+05:30,portfolio_hist,PREMIUM,ENTER,iron_condor,24367.7,20.56,1.0,0.0,0.0,1.038,0.116,0.347,6,9,47,2,0,82,0,82,75,high_vol_range,53.58,75,,,
2026-03-04T10:30:00+05:30,portfolio_hist,TREND,ENTER,debit_spread,24415.0,20.71,1.0,0.0,0.0,1.038,0.31,0.486,6,10,30,2,0,75,0,75,60,high_vol_range,38.69,75,,,
2026-03-04T15:15:00+05:30,portfolio_hist,PREMIUM,EXIT,iron_condor,24455.45,21.11,1.0,0.0,0.0,1.037,0.476,0.527,6,15,15,2,0,0,0,0,0,high_vol_range,0.0,0,Time exit,381.75,328
2026-03-04T15:16:00+05:30,portfolio_hist,TREND,EXIT,debit_spread,24469.8,21.06,1.0,0.0,0.0,1.037,0.535,0.527,6,15,16,2,0,0,0,0,0,high_vol_range,0.0,0,Time exit,-263.25,286
2026-03-04T09:30:00+05:30,portfolio_hist,PREMIUM,SKIP,idle,24353.55,20.37,1.0,0.0,0.0,1.038,0.058,2.351,6,9,30,2,0,70,0,70,75,trending,0.0,0,,,
2026-03-04T09:35:00+05:30,portfolio_hist,PREMIUM,SKIP,idle,24324.5,20.56,1.0,0.0,0.0,1.038,0.062,2.351,6,9,35,2,0,70,0,70,75,trending,0.0,0,,,
2026-03-04T09:40:00+05:30,portfolio_hist,PREMIUM,SKIP,idle,24372.7,20.43,1.0,0.0,0.0,1.038,0.136,2.36,6,9,40,2,0,70,0,70,75,trending,0.0,0,,,
2026-03-04T09:45:00+05:30,portfolio_hist,PREMIUM,SKIP,idle,24413.15,20.32,1.0,0.0,0.0,1.038,0.302,0.347,6,9,45,2,0,62,0,62,75,high_vol_range,0.0,0,,,
2026-03-04T09:47:00+05:30,portfolio_hist,PREMIUM,ENTER,iron_condor,24367.7,20.56,1.0,0.0,0.0,1.038,0.116,0.347,6,9,47,2,0,82,0,82,75,high_vol_range,53.58,75,,,
2026-03-04T10:30:00+05:30,portfolio_hist,TREND,ENTER,debit_spread,24415.0,20.71,1.0,0.0,0.0,1.038,0.31,0.486,6,10,30,2,0,75,0,75,60,high_vol_range,38.69,75,,,
2026-03-04T15:15:00+05:30,portfolio_hist,PREMIUM,EXIT,iron_condor,24455.45,21.11,1.0,0.0,0.0,1.037,0.476,0.527,6,15,15,2,0,0,0,0,0,high_vol_range,0.0,0,Time exit,381.75,328
2026-03-04T15:16:00+05:30,portfolio_hist,TREND,EXIT,debit_spread,24469.8,21.06,1.0,0.0,0.0,1.037,0.535,0.527,6,15,16,2,0,0,0,0,0,high_vol_range,0.0,0,Time exit,-263.25,286
2026-03-04T09:30:00+05:30,portfolio_hist,PREMIUM,SKIP,idle,24353.55,20.37,1.0,0.0,0.0,1.038,0.058,2.351,6,9,30,2,0,70,0,70,75,trending,0.0,0,,,
2026-03-04T09:35:00+05:30,portfolio_hist,PREMIUM,SKIP,idle,24324.5,20.56,1.0,0.0,0.0,1.038,0.062,2.351,6,9,35,2,0,70,0,70,75,trending,0.0,0,,,
2026-03-04T09:40:00+05:30,portfolio_hist,PREMIUM,SKIP,idle,24372.7,20.43,1.0,0.0,0.0,1.038,0.136,2.36,6,9,40,2,0,70,0,70,75,trending,0.0,0,,,
2026-03-04T09:45:00+05:30,portfolio_hist,PREMIUM,SKIP,idle,24413.15,20.32,1.0,0.0,0.0,1.038,0.302,0.347,6,9,45,2,0,62,0,62,75,high_vol_range,0.0,0,,,
2026-03-04T09:47:00+05:30,portfolio_hist,PREMIUM,ENTER,iron_condor,24367.7,20.56,1.0,0.0,0.0,1.038,0.116,0.347,6,9,47,2,0,82,0,82,75,high_vol_range,53.58,75,,,
2026-03-04T10:30:00+05:30,portfolio_hist,TREND,ENTER,debit_spread,24415.0,20.71,1.0,0.0,0.0,1.038,0.31,0.486,6,10,30,2,0,75,0,75,60,high_vol_range,38.69,75,,,
2026-03-04T15:15:00+05:30,portfolio_hist,PREMIUM,EXIT,iron_condor,24455.45,21.11,1.0,0.0,0.0,1.037,0.476,0.527,6,15,15,2,0,0,0,0,0,high_vol_range,0.0,0,Time exit,381.75,328
2026-03-04T15:16:00+05:30,portfolio_hist,TREND,EXIT,debit_spread,24469.8,21.06,1.0,0.0,0.0,1.037,0.535,0.527,6,15,16,2,0,0,0,0,0,high_vol_range,0.0,0,Time exit,-263.25,286
2026-03-04T09:30:00+05:30,portfolio_hist,PREMIUM,SKIP,idle,24353.55,20.37,1.0,0.0,0.0,1.038,0.058,2.351,6,9,30,2,0,70,0,70,75,trending,0.0,0,,,
2026-03-04T09:35:00+05:30,portfolio_hist,PREMIUM,SKIP,idle,24324.5,20.56,1.0,0.0,0.0,1.038,0.062,2.351,6,9,35,2,0,70,0,70,75,trending,0.0,0,,,
2026-03-04T09:40:00+05:30,portfolio_hist,PREMIUM,SKIP,idle,24372.7,20.43,1.0,0.0,0.0,1.038,0.136,2.36,6,9,40,2,0,70,0,70,75,trending,0.0,0,,,
2026-03-04T09:45:00+05:30,portfolio_hist,PREMIUM,SKIP,idle,24413.15,20.32,1.0,0.0,0.0,1.038,0.302,0.347,6,9,45,2,0,62,0,62,75,high_vol_range,0.0,0,,,
2026-03-04T09:47:00+05:30,portfolio_hist,PREMIUM,ENTER,iron_condor,24367.7,20.56,1.0,0.0,0.0,1.038,0.116,0.347,6,9,47,2,0,82,0,82,75,high_vol_range,53.58,75,,,
2026-03-04T10:30:00+05:30,portfolio_hist,TREND,ENTER,debit_spread,24415.0,20.71,1.0,0.0,0.0,1.038,0.31,0.486,6,10,30,2,0,75,0,75,60,high_vol_range,38.69,75,,,
2026-03-04T15:15:00+05:30,portfolio_hist,PREMIUM,EXIT,iron_condor,24455.45,21.11,1.0,0.0,0.0,1.037,0.476,0.527,6,15,15,2,0,0,0,0,0,high_vol_range,0.0,0,Time exit,381.75,328
2026-03-04T15:16:00+05:30,portfolio_hist,TREND,EXIT,debit_spread,24469.8,21.06,1.0,0.0,0.0,1.037,0.535,0.527,6,15,16,2,0,0,0,0,0,high_vol_range,0.0,0,Time exit,-263.25,286
2026-03-04T09:30:00+05:30,portfolio_hist,PREMIUM,SKIP,idle,24353.55,20.37,1.0,0.0,0.0,1.038,0.058,2.351,6,9,30,2,0,70,0,70,75,trending,0.0,0,,,
2026-03-04T09:35:00+05:30,portfolio_hist,PREMIUM,SKIP,idle,24324.5,20.56,1.0,0.0,0.0,1.038,0.062,2.351,6,9,35,2,0,70,0,70,75,trending,0.0,0,,,
2026-03-04T09:40:00+05:30,portfolio_hist,PREMIUM,SKIP,idle,24372.7,20.43,1.0,0.0,0.0,1.038,0.136,2.36,6,9,40,2,0,70,0,70,75,trending,0.0,0,,,
2026-03-04T09:45:00+05:30,portfolio_hist,PREMIUM,SKIP,idle,24413.15,20.32,1.0,0.0,0.0,1.038,0.302,0.347,6,9,45,2,0,62,0,62,75,high_vol_range,0.0,0,,,
2026-03-04T09:47:00+05:30,portfolio_hist,PREMIUM,ENTER,iron_condor,24367.7,20.56,1.0,0.0,0.0,1.038,0.116,0.347,6,9,47,2,0,82,0,82,75,high_vol_range,53.58,75,,,
2026-03-04T10:30:00+05:30,portfolio_hist,TREND,ENTER,debit_spread,24415.0,20.71,1.0,0.0,0.0,1.038,0.31,0.486,6,10,30,2,0,75,0,75,60,high_vol_range,38.69,75,,,
2026-03-04T15:15:00+05:30,portfolio_hist,PREMIUM,EXIT,iron_condor,24455.45,21.11,1.0,0.0,0.0,1.037,0.476,0.527,6,15,15,2,0,0,0,0,0,high_vol_range,0.0,0,Time exit,381.75,328
2026-03-04T15:16:00+05:30,portfolio_hist,TREND,EXIT,debit_spread,24469.8,21.06,1.0,0.0,0.0,1.037,0.535,0.527,6,15,16,2,0,0,0,0,0,high_vol_range,0.0,0,Time exit,-263.25,286
2026-03-04T09:30:00+05:30,portfolio_hist,PREMIUM,SKIP,idle,24353.55,20.37,1.0,0.0,0.0,1.038,0.058,2.351,6,9,30,2,0,70,0,70,75,trending,0.0,0,,,
2026-03-04T09:35:00+05:30,portfolio_hist,PREMIUM,SKIP,idle,24324.5,20.56,1.0,0.0,0.0,1.038,0.062,2.351,6,9,35,2,0,70,0,70,75,trending,0.0,0,,,
2026-03-04T09:40:00+05:30,portfolio_hist,PREMIUM,SKIP,idle,24372.7,20.43,1.0,0.0,0.0,1.038,0.136,2.36,6,9,40,2,0,70,0,70,75,trending,0.0,0,,,
2026-03-04T09:45:00+05:30,portfolio_hist,PREMIUM,SKIP,idle,24413.15,20.32,1.0,0.0,0.0,1.038,0.302,0.347,6,9,45,2,0,62,0,62,75,high_vol_range,0.0,0,,,
2026-03-04T09:47:00+05:30,portfolio_hist,PREMIUM,ENTER,iron_condor,24367.7,20.56,1.0,0.0,0.0,1.038,0.116,0.347,6,9,47,2,0,82,0,82,75,high_vol_range,53.58,75,,,
2026-03-04T10:30:00+05:30,portfolio_hist,TREND,ENTER,debit_spread,24415.0,20.71,1.0,0.0,0.0,1.038,0.31,0.486,6,10,30,2,0,75,0,75,60,high_vol_range,38.69,75,,,
2026-03-04T15:15:00+05:30,portfolio_hist,PREMIUM,EXIT,iron_condor,24455.45,21.11,1.0,0.0,0.0,1.037,0.476,0.527,6,15,15,2,0,0,0,0,0,high_vol_range,0.0,0,Time exit,381.75,328
2026-03-04T15:16:00+05:30,portfolio_hist,TREND,EXIT,debit_spread,24469.8,21.06,1.0,0.0,0.0,1.037,0.535,0.527,6,15,16,2,0,0,0,0,0,high_vol_range,0.0,0,Time exit,-263.25,286
2026-03-04T09:30:00+05:30,portfolio_hist,PREMIUM,SKIP,idle,24353.55,20.37,1.0,0.0,0.0,1.038,0.058,2.351,6,9,30,2,0,70,0,70,75,trending,0.0,0,,,
2026-03-04T09:35:00+05:30,portfolio_hist,PREMIUM,SKIP,idle,24324.5,20.56,1.0,0.0,0.0,1.038,0.062,2.351,6,9,35,2,0,70,0,70,75,trending,0.0,0,,,
2026-03-04T09:40:00+05:30,portfolio_hist,PREMIUM,SKIP,idle,24372.7,20.43,1.0,0.0,0.0,1.038,0.136,2.36,6,9,40,2,0,70,0,70,75,trending,0.0,0,,,
2026-03-04T09:45:00+05:30,portfolio_hist,PREMIUM,SKIP,idle,24413.15,20.32,1.0,0.0,0.0,1.038,0.302,0.347,6,9,45,2,0,62,0,62,75,high_vol_range,0.0,0,,,
2026-03-04T09:47:00+05:30,portfolio_hist,PREMIUM,ENTER,iron_condor,24367.7,20.56,1.0,0.0,0.0,1.038,0.116,0.347,6,9,47,2,0,82,0,82,75,high_vol_range,53.58,75,,,
2026-03-04T10:30:00+05:30,portfolio_hist,TREND,ENTER,debit_spread,24415.0,20.71,1.0,0.0,0.0,1.038,0.31,0.486,6,10,30,2,0,75,0,75,60,high_vol_range,38.69,75,,,
2026-03-04T15:15:00+05:30,portfolio_hist,PREMIUM,EXIT,iron_condor,24455.45,21.11,1.0,0.0,0.0,1.037,0.476,0.527,6,15,15,2,0,0,0,0,0,high_vol_range,0.0,0,Time exit,381.75,328
2026-03-04T15:16:00+05:30,portfolio_hist,TREND,EXIT,debit_spread,24469.8,21.06,1.0,0.0,0.0,1.037,0.535,0.527,6,15,16,2,0,0,0,0,0,high_vol_range,0.0,0,Time exit,-263.25,286
2026-03-04T09:30:00+05:30,portfolio_hist,PREMIUM,SKIP,idle,24353.55,20.37,1.0,0.0,0.0,1.038,0.058,2.351,6,9,30,2,0,70,0,70,75,trending,0.0,0,,,
2026-03-04T09:35:00+05:30,portfolio_hist,PREMIUM,SKIP,idle,24324.5,20.56,1.0,0.0,0.0,1.038,0.062,2.351,6,9,35,2,0,70,0,70,75,trending,0.0,0,,,
2026-03-04T09:40:00+05:30,portfolio_hist,PREMIUM,SKIP,idle,24372.7,20.43,1.0,0.0,0.0,1.038,0.136,2.36,6,9,40,2,0,70,0,70,75,trending,0.0,0,,,
2026-03-04T09:45:00+05:30,portfolio_hist,PREMIUM,SKIP,idle,24413.15,20.32,1.0,0.0,0.0,1.038,0.302,0.347,6,9,45,2,0,62,0,62,75,high_vol_range,0.0,0,,,
2026-03-04T09:47:00+05:30,portfolio_hist,PREMIUM,ENTER,iron_condor,24367.7,20.56,1.0,0.0,0.0,1.038,0.116,0.347,6,9,47,2,0,82,0,82,75,high_vol_range,53.58,75,,,
2026-03-04T10:30:00+05:30,portfolio_hist,TREND,ENTER,debit_spread,24415.0,20.71,1.0,0.0,0.0,1.038,0.31,0.486,6,10,30,2,0,75,0,75,60,high_vol_range,38.69,75,,,
2026-03-04T15:15:00+05:30,portfolio_hist,PREMIUM,EXIT,iron_condor,24455.45,21.11,1.0,0.0,0.0,1.037,0.476,0.527,6,15,15,2,0,0,0,0,0,high_vol_range,0.0,0,Time exit,381.75,328
2026-03-04T15:16:00+05:30,portfolio_hist,TREND,EXIT,debit_spread,24469.8,21.06,1.0,0.0,0.0,1.037,0.535,0.527,6,15,16,2,0,0,0,0,0,high_vol_range,0.0,0,Time exit,-263.25,286
2026-03-04T09:30:00+05:30,portfolio_hist,PREMIUM,SKIP,idle,24353.55,20.37,1.0,0.0,0.0,1.038,0.058,2.351,6,9,30,2,0,70,0,70,75,trending,0.0,0,,,
2026-03-04T09:35:00+05:30,portfolio_hist,PREMIUM,SKIP,idle,24324.5,20.56,1.0,0.0,0.0,1.038,0.062,2.351,6,9,35,2,0,70,0,70,75,trending,0.0,0,,,
2026-03-04T09:40:00+05:30,portfolio_hist,PREMIUM,SKIP,idle,24372.7,20.43,1.0,0.0,0.0,1.038,0.136,2.36,6,9,40,2,0,70,0,70,75,trending,0.0,0,,,
2026-03-04T09:45:00+05:30,portfolio_hist,PREMIUM,SKIP,idle,24413.15,20.32,1.0,0.0,0.0,1.038,0.302,0.347,6,9,45,2,0,62,0,62,75,high_vol_range,0.0,0,,,
2026-03-04T09:47:00+05:30,portfolio_hist,PREMIUM,ENTER,iron_condor,24367.7,20.56,1.0,0.0,0.0,1.038,0.116,0.347,6,9,47,2,0,82,0,82,75,high_vol_range,53.58,75,,,
2026-03-04T10:30:00+05:30,portfolio_hist,TREND,ENTER,debit_spread,24415.0,20.71,1.0,0.0,0.0,1.038,0.31,0.486,6,10,30,2,0,75,0,75,60,high_vol_range,38.69,75,,,
2026-03-04T15:15:00+05:30,portfolio_hist,PREMIUM,EXIT,iron_condor,24455.45,21.11,1.0,0.0,0.0,1.037,0.476,0.527,6,15,15,2,0,0,0,0,0,high_vol_range,0.0,0,Time exit,381.75,328
2026-03-04T15:16:00+05:30,portfolio_hist,TREND,EXIT,debit_spread,24469.8,21.06,1.0,0.0,0.0,1.037,0.535,0.527,6,15,16,2,0,0,0,0,0,high_vol_range,0.0,0,Time exit,-263.25,286
2026-03-04T09:30:00+05:30,portfolio_hist,PREMIUM,SKIP,idle,24353.55,20.37,1.0,0.0,0.0,1.038,0.058,2.351,6,9,30,2,0,70,0,70,75,trending,0.0,0,,,
2026-03-04T09:35:00+05:30,portfolio_hist,PREMIUM,SKIP,idle,24324.5,20.56,1.0,0.0,0.0,1.038,0.062,2.351,6,9,35,2,0,70,0,70,75,trending,0.0,0,,,
2026-03-04T09:40:00+05:30,portfolio_hist,PREMIUM,SKIP,idle,24372.7,20.43,1.0,0.0,0.0,1.038,0.136,2.36,6,9,40,2,0,70,0,70,75,trending,0.0,0,,,
2026-03-04T09:45:00+05:30,portfolio_hist,PREMIUM,SKIP,idle,24413.15,20.32,1.0,0.0,0.0,1.038,0.302,0.347,6,9,45,2,0,62,0,62,75,high_vol_range,0.0,0,,,
2026-03-04T09:47:00+05:30,portfolio_hist,PREMIUM,ENTER,iron_condor,24367.7,20.56,1.0,0.0,0.0,1.038,0.116,0.347,6,9,47,2,0,82,0,82,75,high_vol_range,53.58,75,,,
2026-03-04T10:30:00+05:30,portfolio_hist,TREND,ENTER,debit_spread,24415.0,20.71,1.0,0.0,0.0,1.038,0.31,0.486,6,10,30,2,0,75,0,75,60,high_vol_range,38.69,75,,,
2026-03-04T15:15:00+05:30,portfolio_hist,PREMIUM,EXIT,iron_condor,24455.45,21.11,1.0,0.0,0.0,1.037,0.476,0.527,6,15,15,2,0,0,0,0,0,high_vol_range,0.0,0,Time exit,381.75,328
2026-03-04T15:16:00+05:30,portfolio_hist,TREND,EXIT,debit_spread,24469.8,21.06,1.0,0.0,0.0,1.037,0.535,0.527,6,15,16,2,0,0,0,0,0,high_vol_range,0.0,0,Time exit,-263.25,286
2026-03-04T09:30:00+05:30,portfolio_hist,PREMIUM,SKIP,idle,24353.55,20.37,1.0,0.0,0.0,1.038,0.058,2.351,6,9,30,2,0,70,0,70,75,trending,0.0,0,,,
2026-03-04T09:35:00+05:30,portfolio_hist,PREMIUM,SKIP,idle,24324.5,20.56,1.0,0.0,0.0,1.038,0.062,2.351,6,9,35,2,0,70,0,70,75,trending,0.0,0,,,
2026-03-04T09:40:00+05:30,portfolio_hist,PREMIUM,SKIP,idle,24372.7,20.43,1.0,0.0,0.0,1.038,0.136,2.36,6,9,40,2,0,70,0,70,75,trending,0.0,0,,,
2026-03-04T09:45:00+05:30,portfolio_hist,PREMIUM,SKIP,idle,24413.15,20.32,1.0,0.0,0.0,1.038,0.302,0.347,6,9,45,2,0,62,0,62,75,high_vol_range,0.0,0,,,
2026-03-04T09:47:00+05:30,portfolio_hist,PREMIUM,ENTER,iron_condor,24367.7,20.56,1.0,0.0,0.0,1.038,0.116,0.347,6,9,47,2,0,82,0,82,75,high_vol_range,53.58,75,,,
2026-03-04T10:30:00+05:30,portfolio_hist,TREND,ENTER,debit_spread,24415.0,20.71,1.0,0.0,0.0,1.038,0.31,0.486,6,10,30,2,0,75,0,75,60,high_vol_range,38.69,75,,,
2026-03-04T15:15:00+05:30,portfolio_hist,PREMIUM,EXIT,iron_condor,24455.45,21.11,1.0,0.0,0.0,1.037,0.476,0.527,6,15,15,2,0,0,0,0,0,high_vol_range,0.0,0,Time exit,381.75,328
2026-03-04T15:16:00+05:30,portfolio_hist,TREND,EXIT,debit_spread,24469.8,21.06,1.0,0.0,0.0,1.037,0.535,0.527,6,15,16,2,0,0,0,0,0,high_vol_range,0.0,0,Time exit,-263.25,286
2026-03-04T09:30:00+05:30,portfolio_hist,PREMIUM,SKIP,idle,24353.55,20.37,1.0,0.0,0.0,1.038,0.058,2.351,6,9,30,2,0,70,0,70,75,trending,0.0,0,,,
2026-03-04T09:35:00+05:30,portfolio_hist,PREMIUM,SKIP,idle,24324.5,20.56,1.0,0.0,0.0,1.038,0.062,2.351,6,9,35,2,0,70,0,70,75,trending,0.0,0,,,
2026-03-04T09:40:00+05:30,portfolio_hist,PREMIUM,SKIP,idle,24372.7,20.43,1.0,0.0,0.0,1.038,0.136,2.36,6,9,40,2,0,70,0,70,75,trending,0.0,0,,,
2026-03-04T09:45:00+05:30,portfolio_hist,PREMIUM,SKIP,idle,24413.15,20.32,1.0,0.0,0.0,1.038,0.302,0.347,6,9,45,2,0,62,0,62,75,high_vol_range,0.0,0,,,
2026-03-04T09:47:00+05:30,portfolio_hist,PREMIUM,ENTER,iron_condor,24367.7,20.56,1.0,0.0,0.0,1.038,0.116,0.347,6,9,47,2,0,82,0,82,75,high_vol_range,53.58,75,,,
2026-03-04T10:30:00+05:30,portfolio_hist,TREND,ENTER,debit_spread,24415.0,20.71,1.0,0.0,0.0,1.038,0.31,0.486,6,10,30,2,0,75,0,75,60,high_vol_range,38.69,75,,,
2026-03-04T15:15:00+05:30,portfolio_hist,PREMIUM,EXIT,iron_condor,24455.45,21.11,1.0,0.0,0.0,1.037,0.476,0.527,6,15,15,2,0,0,0,0,0,high_vol_range,0.0,0,Time exit,381.75,328
2026-03-04T15:16:00+05:30,portfolio_hist,TREND,EXIT,debit_spread,24469.8,21.06,1.0,0.0,0.0,1.037,0.535,0.527,6,15,16,2,0,0,0,0,0,high_vol_range,0.0,0,Time exit,-263.25,286
2026-03-04T09:30:00+05:30,portfolio_hist,PREMIUM,SKIP,idle,24353.55,20.37,1.0,0.0,0.0,1.038,0.058,2.351,6,9,30,2,0,70,0,70,75,trending,0.0,0,,,
2026-03-04T09:35:00+05:30,portfolio_hist,PREMIUM,SKIP,idle,24324.5,20.56,1.0,0.0,0.0,1.038,0.062,2.351,6,9,35,2,0,70,0,70,75,trending,0.0,0,,,
2026-03-04T09:40:00+05:30,portfolio_hist,PREMIUM,SKIP,idle,24372.7,20.43,1.0,0.0,0.0,1.038,0.136,2.36,6,9,40,2,0,70,0,70,75,trending,0.0,0,,,
2026-03-04T09:45:00+05:30,portfolio_hist,PREMIUM,SKIP,idle,24413.15,20.32,1.0,0.0,0.0,1.038,0.302,0.347,6,9,45,2,0,62,0,62,75,high_vol_range,0.0,0,,,
2026-03-04T09:47:00+05:30,portfolio_hist,PREMIUM,ENTER,iron_condor,24367.7,20.56,1.0,0.0,0.0,1.038,0.116,0.347,6,9,47,2,0,82,0,82,75,high_vol_range,53.58,75,,,
2026-03-04T10:30:00+05:30,portfolio_hist,TREND,ENTER,debit_spread,24415.0,20.71,1.0,0.0,0.0,1.038,0.31,0.486,6,10,30,2,0,75,0,75,60,high_vol_range,38.69,75,,,
2026-03-04T15:15:00+05:30,portfolio_hist,PREMIUM,EXIT,iron_condor,24455.45,21.11,1.0,0.0,0.0,1.037,0.476,0.527,6,15,15,2,0,0,0,0,0,high_vol_range,0.0,0,Time exit,381.75,328
2026-03-04T15:16:00+05:30,portfolio_hist,TREND,EXIT,debit_spread,24469.8,21.06,1.0,0.0,0.0,1.037,0.535,0.527,6,15,16,2,0,0,0,0,0,high_vol_range,0.0,0,Time exit,-263.25,286
2026-03-04T09:30:00+05:30,portfolio_hist,PREMIUM,SKIP,idle,24353.55,20.37,1.0,0.0,0.0,1.038,0.058,2.351,6,9,30,2,0,70,0,70,75,trending,0.0,0,,,
2026-03-04T09:35:00+05:30,portfolio_hist,PREMIUM,SKIP,idle,24324.5,20.56,1.0,0.0,0.0,1.038,0.062,2.351,6,9,35,2,0,70,0,70,75,trending,0.0,0,,,
2026-03-04T09:40:00+05:30,portfolio_hist,PREMIUM,SKIP,idle,24372.7,20.43,1.0,0.0,0.0,1.038,0.136,2.36,6,9,40,2,0,70,0,70,75,trending,0.0,0,,,
2026-03-04T09:45:00+05:30,portfolio_hist,PREMIUM,SKIP,idle,24413.15,20.32,1.0,0.0,0.0,1.038,0.302,0.347,6,9,45,2,0,62,0,62,75,high_vol_range,0.0,0,,,
2026-03-04T09:47:00+05:30,portfolio_hist,PREMIUM,ENTER,iron_condor,24367.7,20.56,1.0,0.0,0.0,1.038,0.116,0.347,6,9,47,2,0,82,0,82,75,high_vol_range,53.58,75,,,
2026-03-04T10:30:00+05:30,portfolio_hist,TREND,ENTER,debit_spread,24415.0,20.71,1.0,0.0,0.0,1.038,0.31,0.486,6,10,30,2,0,75,0,75,60,high_vol_range,38.69,75,,,
2026-03-04T15:15:00+05:30,portfolio_hist,PREMIUM,EXIT,iron_condor,24455.45,21.11,1.0,0.0,0.0,1.037,0.476,0.527,6,15,15,2,0,0,0,0,0,high_vol_range,0.0,0,Time exit,381.75,328
2026-03-04T15:16:00+05:30,portfolio_hist,TREND,EXIT,debit_spread,24469.8,21.06,1.0,0.0,0.0,1.037,0.535,0.527,6,15,16,2,0,0,0,0,0,high_vol_range,0.0,0,Time exit,-263.25,286
2026-03-04T09:30:00+05:30,portfolio_hist,PREMIUM,SKIP,idle,24353.55,20.37,1.0,0.0,0.0,1.038,0.058,2.351,6,9,30,2,0,70,0,70,75,trending,0.0,0,,,
2026-03-04T09:35:00+05:30,portfolio_hist,PREMIUM,SKIP,idle,24324.5,20.56,1.0,0.0,0.0,1.038,0.062,2.351,6,9,35,2,0,70,0,70,75,trending,0.0,0,,,
2026-03-04T09:40:00+05:30,portfolio_hist,PREMIUM,SKIP,idle,24372.7,20.43,1.0,0.0,0.0,1.038,0.136,2.36,6,9,40,2,0,70,0,70,75,trending,0.0,0,,,
2026-03-04T09:45:00+05:30,portfolio_hist,PREMIUM,SKIP,idle,24413.15,20.32,1.0,0.0,0.0,1.038,0.302,0.347,6,9,45,2,0,62,0,62,75,high_vol_range,0.0,0,,,
2026-03-04T09:47:00+05:30,portfolio_hist,PREMIUM,ENTER,iron_condor,24367.7,20.56,1.0,0.0,0.0,1.038,0.116,0.347,6,9,47,2,0,82,0,82,75,high_vol_range,53.58,75,,,
2026-03-04T10:30:00+05:30,portfolio_hist,TREND,ENTER,debit_spread,24415.0,20.71,1.0,0.0,0.0,1.038,0.31,0.486,6,10,30,2,0,75,0,75,60,high_vol_range,38.69,75,,,
2026-03-04T15:15:00+05:30,portfolio_hist,PREMIUM,EXIT,iron_condor,24455.45,21.11,1.0,0.0,0.0,1.037,0.476,0.527,6,15,15,2,0,0,0,0,0,high_vol_range,0.0,0,Time exit,381.75,328
2026-03-04T15:16:00+05:30,portfolio_hist,TREND,EXIT,debit_spread,24469.8,21.06,1.0,0.0,0.0,1.037,0.535,0.527,6,15,16,2,0,0,0,0,0,high_vol_range,0.0,0,Time exit,-263.25,286
2026-03-04T09:30:00+05:30,portfolio_hist,PREMIUM,SKIP,idle,24353.55,20.37,1.0,0.0,0.0,1.038,0.058,2.351,6,9,30,2,0,70,0,70,75,trending,0.0,0,,,
2026-03-04T09:35:00+05:30,portfolio_hist,PREMIUM,SKIP,idle,24324.5,20.56,1.0,0.0,0.0,1.038,0.062,2.351,6,9,35,2,0,70,0,70,75,trending,0.0,0,,,
2026-03-04T09:40:00+05:30,portfolio_hist,PREMIUM,SKIP,idle,24372.7,20.43,1.0,0.0,0.0,1.038,0.136,2.36,6,9,40,2,0,70,0,70,75,trending,0.0,0,,,
2026-03-04T09:45:00+05:30,portfolio_hist,PREMIUM,SKIP,idle,24413.15,20.32,1.0,0.0,0.0,1.038,0.302,0.347,6,9,45,2,0,62,0,62,75,high_vol_range,0.0,0,,,
2026-03-04T09:47:00+05:30,portfolio_hist,PREMIUM,ENTER,iron_condor,24367.7,20.56,1.0,0.0,0.0,1.038,0.116,0.347,6,9,47,2,0,82,0,82,75,high_vol_range,53.58,75,,,
2026-03-04T10:30:00+05:30,portfolio_hist,TREND,ENTER,debit_spread,24415.0,20.71,1.0,0.0,0.0,1.038,0.31,0.486,6,10,30,2,0,75,0,75,60,high_vol_range,38.69,75,,,
2026-03-04T15:15:00+05:30,portfolio_hist,PREMIUM,EXIT,iron_condor,24455.45,21.11,1.0,0.0,0.0,1.037,0.476,0.527,6,15,15,2,0,0,0,0,0,high_vol_range,0.0,0,Time exit,381.75,328
2026-03-04T15:16:00+05:30,portfolio_hist,TREND,EXIT,debit_spread,24469.8,21.06,1.0,0.0,0.0,1.037,0.535,0.527,6,15,16,2,0,0,0,0,0,high_vol_range,0.0,0,Time exit,-263.25,286
2026-03-04T09:30:00+05:30,portfolio_hist,PREMIUM,SKIP,idle,24353.55,20.37,1.0,0.0,0.0,1.038,0.058,2.351,6,9,30,2,0,70,0,70,75,trending,0.0,0,,,
2026-03-04T09:35:00+05:30,portfolio_hist,PREMIUM,SKIP,idle,24324.5,20.56,1.0,0.0,0.0,1.038,0.062,2.351,6,9,35,2,0,70,0,70,75,trending,0.0,0,,,
2026-03-04T09:40:00+05:30,portfolio_hist,PREMIUM,SKIP,idle,24372.7,20.43,1.0,0.0,0.0,1.038,0.136,2.36,6,9,40,2,0,70,0,70,75,trending,0.0,0,,,
2026-03-04T09:45:00+05:30,portfolio_hist,PREMIUM,SKIP,idle,24413.15,20.32,1.0,0.0,0.0,1.038,0.302,0.347,6,9,45,2,0,62,0,62,75,high_vol_range,0.0,0,,,
2026-03-04T09:47:00+05:30,portfolio_hist,PREMIUM,ENTER,iron_condor,24367.7,20.56,1.0,0.0,0.0,1.038,0.116,0.347,6,9,47,2,0,82,0,82,75,high_vol_range,53.58,75,,,
2026-03-04T10:30:00+05:30,portfolio_hist,TREND,ENTER,debit_spread,24415.0,20.71,1.0,0.0,0.0,1.038,0.31,0.486,6,10,30,2,0,75,0,75,60,high_vol_range,38.69,75,,,
2026-03-04T15:15:00+05:30,portfolio_hist,PREMIUM,EXIT,iron_condor,24455.45,21.11,1.0,0.0,0.0,1.037,0.476,0.527,6,15,15,2,0,0,0,0,0,high_vol_range,0.0,0,Time exit,381.75,328
2026-03-04T15:16:00+05:30,portfolio_hist,TREND,EXIT,debit_spread,24469.8,21.06,1.0,0.0,0.0,1.037,0.535,0.527,6,15,16,2,0,0,0,0,0,high_vol_range,0.0,0,Time exit,-263.25,286
2026-03-04T09:30:00+05:30,portfolio_hist,PREMIUM,SKIP,idle,24353.55,20.37,1.0,0.0,0.0,1.038,0.058,2.351,6,9,30,2,0,70,0,70,75,trending,0.0,0,,,
2026-03-04T09:35:00+05:30,portfolio_hist,PREMIUM,SKIP,idle,24324.5,20.56,1.0,0.0,0.0,1.038,0.062,2.351,6,9,35,2,0,70,0,70,75,trending,0.0,0,,,
2026-03-04T09:40:00+05:30,portfolio_hist,PREMIUM,SKIP,idle,24372.7,20.43,1.0,0.0,0.0,1.038,0.136,2.36,6,9,40,2,0,70,0,70,75,trending,0.0,0,,,
2026-03-04T09:45:00+05:30,portfolio_hist,PREMIUM,SKIP,idle,24413.15,20.32,1.0,0.0,0.0,1.038,0.302,0.347,6,9,45,2,0,62,0,62,75,high_vol_range,0.0,0,,,
2026-03-04T09:47:00+05:30,portfolio_hist,PREMIUM,ENTER,iron_condor,24367.7,20.56,1.0,0.0,0.0,1.038,0.116,0.347,6,9,47,2,0,82,0,82,75,high_vol_range,53.58,75,,,
2026-03-04T10:30:00+05:30,portfolio_hist,TREND,ENTER,debit_spread,24415.0,20.71,1.0,0.0,0.0,1.038,0.31,0.486,6,10,30,2,0,75,0,75,60,high_vol_range,38.69,75,,,
2026-03-04T15:15:00+05:30,portfolio_hist,PREMIUM,EXIT,iron_condor,24455.45,21.11,1.0,0.0,0.0,1.037,0.476,0.527,6,15,15,2,0,0,0,0,0,high_vol_range,0.0,0,Time exit,381.75,328
2026-03-04T15:16:00+05:30,portfolio_hist,TREND,EXIT,debit_spread,24469.8,21.06,1.0,0.0,0.0,1.037,0.535,0.527,6,15,16,2,0,0,0,0,0,high_vol_range,0.0,0,Time exit,-263.25,286
2026-03-04T09:30:00+05:30,portfolio_hist,PREMIUM,SKIP,idle,24353.55,20.37,1.0,0.0,0.0,1.038,0.058,2.351,6,9,30,2,0,70,0,70,75,trending,0.0,0,,,
2026-03-04T09:35:00+05:30,portfolio_hist,PREMIUM,SKIP,idle,24324.5,20.56,1.0,0.0,0.0,1.038,0.062,2.351,6,9,35,2,0,70,0,70,75,trending,0.0,0,,,
2026-03-04T09:40:00+05:30,portfolio_hist,PREMIUM,SKIP,idle,24372.7,20.43,1.0,0.0,0.0,1.038,0.136,2.36,6,9,40,2,0,70,0,70,75,trending,0.0,0,,,
2026-03-04T09:45:00+05:30,portfolio_hist,PREMIUM,SKIP,idle,24413.15,20.32,1.0,0.0,0.0,1.038,0.302,0.347,6,9,45,2,0,62,0,62,75,high_vol_range,0.0,0,,,
2026-03-04T09:47:00+05:30,portfolio_hist,PREMIUM,ENTER,iron_condor,24367.7,20.56,1.0,0.0,0.0,1.038,0.116,0.347,6,9,47,2,0,82,0,82,75,high_vol_range,53.58,75,,,
2026-03-04T10:30:00+05:30,portfolio_hist,TREND,ENTER,debit_spread,24415.0,20.71,1.0,0.0,0.0,1.038,0.31,0.486,6,10,30,2,0,75,0,75,60,high_vol_range,38.69,75,,,
2026-03-04T15:15:00+05:30,portfolio_hist,PREMIUM,EXIT,iron_condor,24455.45,21.11,1.0,0.0,0.0,1.037,0.476,0.527,6,15,15,2,0,0,0,0,0,high_vol_range,0.0,0,Time exit,381.75,328
2026-03-04T15:16:00+05:30,portfolio_hist,TREND,EXIT,debit_spread,24469.8,21.06,1.0,0.0,0.0,1.037,0.535,0.527,6,15,16,2,0,0,0,0,0,high_vol_range,0.0,0,Time exit,-263.25,286
2026-03-04T09:30:00+05:30,portfolio_hist,PREMIUM,SKIP,idle,24353.55,20.37,1.0,0.0,0.0,1.038,0.058,2.351,6,9,30,2,0,70,0,70,75,trending,0.0,0,,,
2026-03-04T09:35:00+05:30,portfolio_hist,PREMIUM,SKIP,idle,24324.5,20.56,1.0,0.0,0.0,1.038,0.062,2.351,6,9,35,2,0,70,0,70,75,trending,0.0,0,,,
2026-03-04T09:40:00+05:30,portfolio_hist,PREMIUM,SKIP,idle,24372.7,20.43,1.0,0.0,0.0,1.038,0.136,2.36,6,9,40,2,0,70,0,70,75,trending,0.0,0,,,
2026-03-04T09:45:00+05:30,portfolio_hist,PREMIUM,SKIP,idle,24413.15,20.32,1.0,0.0,0.0,1.038,0.302,0.347,6,9,45,2,0,62,0,62,75,high_vol_range,0.0,0,,,
2026-03-04T09:47:00+05:30,portfolio_hist,PREMIUM,ENTER,iron_condor,24367.7,20.56,1.0,0.0,0.0,1.038,0.116,0.347,6,9,47,2,0,82,0,82,75,high_vol_range,53.58,75,,,
2026-03-04T10:30:00+05:30,portfolio_hist,TREND,ENTER,debit_spread,24415.0,20.71,1.0,0.0,0.0,1.038,0.31,0.486,6,10,30,2,0,75,0,75,60,high_vol_range,38.69,75,,,
2026-03-04T15:15:00+05:30,portfolio_hist,PREMIUM,EXIT,iron_condor,24455.45,21.11,1.0,0.0,0.0,1.037,0.476,0.527,6,15,15,2,0,0,0,0,0,high_vol_range,0.0,0,Time exit,381.75,328
2026-03-04T15:16:00+05:30,portfolio_hist,TREND,EXIT,debit_spread,24469.8,21.06,1.0,0.0,0.0,1.037,0.535,0.527,6,15,16,2,0,0,0,0,0,high_vol_range,0.0,0,Time exit,-263.25,286
2026-03-04T09:30:00+05:30,portfolio_hist,PREMIUM,SKIP,idle,24353.55,20.37,1.0,0.0,0.0,1.038,0.058,2.351,6,9,30,2,0,70,0,70,75,trending,0.0,0,,,
2026-03-04T09:35:00+05:30,portfolio_hist,PREMIUM,SKIP,idle,24324.5,20.56,1.0,0.0,0.0,1.038,0.062,2.351,6,9,35,2,0,70,0,70,75,trending,0.0,0,,,
2026-03-04T09:40:00+05:30,portfolio_hist,PREMIUM,SKIP,idle,24372.7,20.43,1.0,0.0,0.0,1.038,0.136,2.36,6,9,40,2,0,70,0,70,75,trending,0.0,0,,,
2026-03-04T09:45:00+05:30,portfolio_hist,PREMIUM,SKIP,idle,24413.15,20.32,1.0,0.0,0.0,1.038,0.302,0.347,6,9,45,2,0,62,0,62,75,high_vol_range,0.0,0,,,
2026-03-04T09:47:00+05:30,portfolio_hist,PREMIUM,ENTER,iron_condor,24367.7,20.56,1.0,0.0,0.0,1.038,0.116,0.347,6,9,47,2,0,82,0,82,75,high_vol_range,53.58,75,,,
2026-03-04T10:30:00+05:30,portfolio_hist,TREND,ENTER,debit_spread,24415.0,20.71,1.0,0.0,0.0,1.038,0.31,0.486,6,10,30,2,0,75,0,75,60,high_vol_range,38.69,75,,,
2026-03-04T15:15:00+05:30,portfolio_hist,PREMIUM,EXIT,iron_condor,24455.45,21.11,1.0,0.0,0.0,1.037,0.476,0.527,6,15,15,2,0,0,0,0,0,high_vol_range,0.0,0,Time exit,381.75,328
2026-03-04T15:16:00+05:30,portfolio_hist,TREND,EXIT,debit_spread,24469.8,21.06,1.0,0.0,0.0,1.037,0.535,0.527,6,15,16,2,0,0,0,0,0,high_vol_range,0.0,0,Time exit,-263.25,286
2026-03-04T09:30:00+05:30,portfolio_hist,PREMIUM,SKIP,idle,24353.55,20.37,1.0,0.0,0.0,1.038,0.058,2.351,6,9,30,2,0,70,0,70,75,trending,0.0,0,,,
2026-03-04T09:35:00+05:30,portfolio_hist,PREMIUM,SKIP,idle,24324.5,20.56,1.0,0.0,0.0,1.038,0.062,2.351,6,9,35,2,0,70,0,70,75,trending,0.0,0,,,
2026-03-04T09:40:00+05:30,portfolio_hist,PREMIUM,SKIP,idle,24372.7,20.43,1.0,0.0,0.0,1.038,0.136,2.36,6,9,40,2,0,70,0,70,75,trending,0.0,0,,,
2026-03-04T09:45:00+05:30,portfolio_hist,PREMIUM,SKIP,idle,24413.15,20.32,1.0,0.0,0.0,1.038,0.302,0.347,6,9,45,2,0,62,0,62,75,high_vol_range,0.0,0,,,
2026-03-04T09:47:00+05:30,portfolio_hist,PREMIUM,ENTER,iron_condor,24367.7,20.56,1.0,0.0,0.0,1.038,0.116,0.347,6,9,47,2,0,82,0,82,75,high_vol_range,53.58,75,,,
2026-03-04T10:30:00+05:30,portfolio_hist,TREND,ENTER,debit_spread,24415.0,20.71,1.0,0.0,0.0,1.038,0.31,0.486,6,10,30,2,0,75,0,75,60,high_vol_range,38.69,75,,,
2026-03-04T15:15:00+05:30,portfolio_hist,PREMIUM,EXIT,iron_condor,24455.45,21.11,1.0,0.0,0.0,1.037,0.476,0.527,6,15,15,2,0,0,0,0,0,high_vol_range,0.0,0,Time exit,381.75,328
2026-03-04T15:16:00+05:30,portfolio_hist,TREND,EXIT,debit_spread,24469.8,21.06,1.0,0.0,0.0,1.037,0.535,0.527,6,15,16,2,0,0,0,0,0,high_vol_range,0.0,0,Time exit,-263.25,286
2026-03-04T09:30:00+05:30,portfolio_hist,PREMIUM,SKIP,idle,24353.55,20.37,1.0,0.0,0.0,1.038,0.058,2.351,6,9,30,2,0,70,0,70,75,trending,0.0,0,,,
2026-03-04T09:35:00+05:30,portfolio_hist,PREMIUM,SKIP,idle,24324.5,20.56,1.0,0.0,0.0,1.038,0.062,2.351,6,9,35,2,0,70,0,70,75,trending,0.0,0,,,
2026-03-04T09:40:00+05:30,portfolio_hist,PREMIUM,SKIP,idle,24372.7,20.43,1.0,0.0,0.0,1.038,0.136,2.36,6,9,40,2,0,70,0,70,75,trending,0.0,0,,,
2026-03-04T09:45:00+05:30,portfolio_hist,PREMIUM,SKIP,idle,24413.15,20.32,1.0,0.0,0.0,1.038,0.302,0.347,6,9,45,2,0,62,0,62,75,high_vol_range,0.0,0,,,
2026-03-04T09:47:00+05:30,portfolio_hist,PREMIUM,ENTER,iron_condor,24367.7,20.56,1.0,0.0,0.0,1.038,0.116,0.347,6,9,47,2,0,82,0,82,75,high_vol_range,53.58,75,,,
2026-03-04T10:30:00+05:30,portfolio_hist,TREND,ENTER,debit_spread,24415.0,20.71,1.0,0.0,0.0,1.038,0.31,0.486,6,10,30,2,0,75,0,75,60,high_vol_range,38.69,75,,,
2026-03-04T15:15:00+05:30,portfolio_hist,PREMIUM,EXIT,iron_condor,24455.45,21.11,1.0,0.0,0.0,1.037,0.476,0.527,6,15,15,2,0,0,0,0,0,high_vol_range,0.0,0,Time exit,381.75,328
2026-03-04T15:16:00+05:30,portfolio_hist,TREND,EXIT,debit_spread,24469.8,21.06,1.0,0.0,0.0,1.037,0.535,0.527,6,15,16,2,0,0,0,0,0,high_vol_range,0.0,0,Time exit,-263.25,286
2026-03-04T09:30:00+05:30,portfolio_hist,PREMIUM,SKIP,idle,24353.55,20.37,1.0,0.0,0.0,1.038,0.058,2.351,6,9,30,2,0,70,0,70,75,trending,0.0,0,,,
2026-03-04T09:35:00+05:30,portfolio_hist,PREMIUM,SKIP,idle,24324.5,20.56,1.0,0.0,0.0,1.038,0.062,2.351,6,9,35,2,0,70,0,70,75,trending,0.0,0,,,
2026-03-04T09:40:00+05:30,portfolio_hist,PREMIUM,SKIP,idle,24372.7,20.43,1.0,0.0,0.0,1.038,0.136,2.36,6,9,40,2,0,70,0,70,75,trending,0.0,0,,,
2026-03-04T09:45:00+05:30,portfolio_hist,PREMIUM,SKIP,idle,24413.15,20.32,1.0,0.0,0.0,1.038,0.302,0.347,6,9,45,2,0,62,0,62,75,high_vol_range,0.0,0,,,
2026-03-04T09:47:00+05:30,portfolio_hist,PREMIUM,ENTER,iron_condor,24367.7,20.56,1.0,0.0,0.0,1.038,0.116,0.347,6,9,47,2,0,82,0,82,75,high_vol_range,53.58,75,,,
2026-03-04T10:30:00+05:30,portfolio_hist,TREND,ENTER,debit_spread,24415.0,20.71,1.0,0.0,0.0,1.038,0.31,0.486,6,10,30,2,0,75,0,75,60,high_vol_range,38.69,75,,,
2026-03-04T15:15:00+05:30,portfolio_hist,PREMIUM,EXIT,iron_condor,24455.45,21.11,1.0,0.0,0.0,1.037,0.476,0.527,6,15,15,2,0,0,0,0,0,high_vol_range,0.0,0,Time exit,381.75,328
2026-03-04T15:16:00+05:30,portfolio_hist,TREND,EXIT,debit_spread,24469.8,21.06,1.0,0.0,0.0,1.037,0.535,0.527,6,15,16,2,0,0,0,0,0,high_vol_range,0.0,0,Time exit,-263.25,286
2026-03-04T09:30:00+05:30,portfolio_hist,PREMIUM,SKIP,idle,24353.55,20.37,1.0,0.0,0.0,1.038,0.058,2.351,6,9,30,2,0,70,0,70,75,trending,0.0,0,,,
2026-03-04T09:35:00+05:30,portfolio_hist,PREMIUM,SKIP,idle,24324.5,20.56,1.0,0.0,0.0,1.038,0.062,2.351,6,9,35,2,0,70,0,70,75,trending,0.0,0,,,
2026-03-04T09:40:00+05:30,portfolio_hist,PREMIUM,SKIP,idle,24372.7,20.43,1.0,0.0,0.0,1.038,0.136,2.36,6,9,40,2,0,70,0,70,75,trending,0.0,0,,,
2026-03-04T09:45:00+05:30,portfolio_hist,PREMIUM,SKIP,idle,24413.15,20.32,1.0,0.0,0.0,1.038,0.302,0.347,6,9,45,2,0,62,0,62,75,high_vol_range,0.0,0,,,
2026-03-04T09:47:00+05:30,portfolio_hist,PREMIUM,ENTER,iron_condor,24367.7,20.56,1.0,0.0,0.0,1.038,0.116,0.347,6,9,47,2,0,82,0,82,75,high_vol_range,53.58,75,,,
2026-03-04T10:30:00+05:30,portfolio_hist,TREND,ENTER,debit_spread,24415.0,20.71,1.0,0.0,0.0,1.038,0.31,0.486,6,10,30,2,0,75,0,75,60,high_vol_range,38.69,75,,,
2026-03-04T15:15:00+05:30,portfolio_hist,PREMIUM,EXIT,iron_condor,24455.45,21.11,1.0,0.0,0.0,1.037,0.476,0.527,6,15,15,2,0,0,0,0,0,high_vol_range,0.0,0,Time exit,381.75,328
2026-03-04T15:16:00+05:30,portfolio_hist,TREND,EXIT,debit_spread,24469.8,21.06,1.0,0.0,0.0,1.037,0.535,0.527,6,15,16,2,0,0,0,0,0,high_vol_range,0.0,0,Time exit,-263.25,286
2026-03-04T09:30:00+05:30,portfolio_hist,PREMIUM,SKIP,idle,24353.55,20.37,1.0,0.0,0.0,1.038,0.058,2.351,6,9,30,2,0,70,0,70,75,trending,0.0,0,,,
2026-03-04T09:35:00+05:30,portfolio_hist,PREMIUM,SKIP,idle,24324.5,20.56,1.0,0.0,0.0,1.038,0.062,2.351,6,9,35,2,0,70,0,70,75,trending,0.0,0,,,
2026-03-04T09:40:00+05:30,portfolio_hist,PREMIUM,SKIP,idle,24372.7,20.43,1.0,0.0,0.0,1.038,0.136,2.36,6,9,40,2,0,70,0,70,75,trending,0.0,0,,,
2026-03-04T09:45:00+05:30,portfolio_hist,PREMIUM,SKIP,idle,24413.15,20.32,1.0,0.0,0.0,1.038,0.302,0.347,6,9,45,2,0,62,0,62,75,high_vol_range,0.0,0,,,
2026-03-04T09:47:00+05:30,portfolio_hist,PREMIUM,ENTER,iron_condor,24367.7,20.56,1.0,0.0,0.0,1.038,0.116,0.347,6,9,47,2,0,82,0,82,75,high_vol_range,53.58,75,,,
2026-03-04T10:30:00+05:30,portfolio_hist,TREND,ENTER,debit_spread,24415.0,20.71,1.0,0.0,0.0,1.038,0.31,0.486,6,10,30,2,0,75,0,75,60,high_vol_range,38.69,75,,,
2026-03-04T15:15:00+05:30,portfolio_hist,PREMIUM,EXIT,iron_condor,24455.45,21.11,1.0,0.0,0.0,1.037,0.476,0.527,6,15,15,2,0,0,0,0,0,high_vol_range,0.0,0,Time exit,381.75,328
2026-03-04T15:16:00+05:30,portfolio_hist,TREND,EXIT,debit_spread,24469.8,21.06,1.0,0.0,0.0,1.037,0.535,0.527,6,15,16,2,0,0,0,0,0,high_vol_range,0.0,0,Time exit,-263.25,286
2026-03-04T09:30:00+05:30,portfolio_hist,PREMIUM,SKIP,idle,24353.55,20.37,1.0,0.0,0.0,1.038,0.058,2.351,6,9,30,2,0,70,0,70,75,trending,0.0,0,,,
2026-03-04T09:35:00+05:30,portfolio_hist,PREMIUM,SKIP,idle,24324.5,20.56,1.0,0.0,0.0,1.038,0.062,2.351,6,9,35,2,0,70,0,70,75,trending,0.0,0,,,
2026-03-04T09:40:00+05:30,portfolio_hist,PREMIUM,SKIP,idle,24372.7,20.43,1.0,0.0,0.0,1.038,0.136,2.36,6,9,40,2,0,70,0,70,75,trending,0.0,0,,,
2026-03-04T09:45:00+05:30,portfolio_hist,PREMIUM,SKIP,idle,24413.15,20.32,1.0,0.0,0.0,1.038,0.302,0.347,6,9,45,2,0,62,0,62,75,high_vol_range,0.0,0,,,
2026-03-04T09:47:00+05:30,portfolio_hist,PREMIUM,ENTER,iron_condor,24367.7,20.56,1.0,0.0,0.0,1.038,0.116,0.347,6,9,47,2,0,82,0,82,75,high_vol_range,53.58,75,,,
2026-03-04T10:30:00+05:30,portfolio_hist,TREND,ENTER,debit_spread,24415.0,20.71,1.0,0.0,0.0,1.038,0.31,0.486,6,10,30,2,0,75,0,75,60,high_vol_range,38.69,75,,,
2026-03-04T15:15:00+05:30,portfolio_hist,PREMIUM,EXIT,iron_condor,24455.45,21.11,1.0,0.0,0.0,1.037,0.476,0.527,6,15,15,2,0,0,0,0,0,high_vol_range,0.0,0,Time exit,381.75,328
2026-03-04T15:16:00+05:30,portfolio_hist,TREND,EXIT,debit_spread,24469.8,21.06,1.0,0.0,0.0,1.037,0.535,0.527,6,15,16,2,0,0,0,0,0,high_vol_range,0.0,0,Time exit,-263.25,286
2026-03-04T09:30:00+05:30,portfolio_hist,PREMIUM,SKIP,idle,24353.55,20.37,1.0,0.0,0.0,1.038,0.058,2.351,6,9,30,2,0,70,0,70,75,trending,0.0,0,,,
2026-03-04T09:35:00+05:30,portfolio_hist,PREMIUM,SKIP,idle,24324.5,20.56,1.0,0.0,0.0,1.038,0.062,2.351,6,9,35,2,0,70,0,70,75,trending,0.0,0,,,
2026-03-04T09:40:00+05:30,portfolio_hist,PREMIUM,SKIP,idle,24372.7,20.43,1.0,0.0,0.0,1.038,0.136,2.36,6,9,40,2,0,70,0,70,75,trending,0.0,0,,,
2026-03-04T09:45:00+05:30,portfolio_hist,PREMIUM,SKIP,idle,24413.15,20.32,1.0,0.0,0.0,1.038,0.302,0.347,6,9,45,2,0,62,0,62,75,high_vol_range,0.0,0,,,
2026-03-04T09:47:00+05:30,portfolio_hist,PREMIUM,ENTER,iron_condor,24367.7,20.56,1.0,0.0,0.0,1.038,0.116,0.347,6,9,47,2,0,82,0,82,75,high_vol_range,53.58,75,,,
2026-03-04T10:30:00+05:30,portfolio_hist,TREND,ENTER,debit_spread,24415.0,20.71,1.0,0.0,0.0,1.038,0.31,0.486,6,10,30,2,0,75,0,75,60,high_vol_range,38.69,75,,,
2026-03-04T15:15:00+05:30,portfolio_hist,PREMIUM,EXIT,iron_condor,24455.45,21.11,1.0,0.0,0.0,1.037,0.476,0.527,6,15,15,2,0,0,0,0,0,high_vol_range,0.0,0,Time exit,381.75,328
2026-03-04T15:16:00+05:30,portfolio_hist,TREND,EXIT,debit_spread,24469.8,21.06,1.0,0.0,0.0,1.037,0.535,0.527,6,15,16,2,0,0,0,0,0,high_vol_range,0.0,0,Time exit,-263.25,286
2026-03-04T09:30:00+05:30,portfolio_hist,PREMIUM,SKIP,idle,24353.55,20.37,1.0,0.0,0.0,1.038,0.058,2.351,6,9,30,2,0,70,0,70,75,trending,0.0,0,,,
2026-03-04T09:35:00+05:30,portfolio_hist,PREMIUM,SKIP,idle,24324.5,20.56,1.0,0.0,0.0,1.038,0.062,2.351,6,9,35,2,0,70,0,70,75,trending,0.0,0,,,
2026-03-04T09:40:00+05:30,portfolio_hist,PREMIUM,SKIP,idle,24372.7,20.43,1.0,0.0,0.0,1.038,0.136,2.36,6,9,40,2,0,70,0,70,75,trending,0.0,0,,,
2026-03-04T09:45:00+05:30,portfolio_hist,PREMIUM,SKIP,idle,24413.15,20.32,1.0,0.0,0.0,1.038,0.302,0.347,6,9,45,2,0,62,0,62,75,high_vol_range,0.0,0,,,
2026-03-04T09:47:00+05:30,portfolio_hist,PREMIUM,ENTER,iron_condor,24367.7,20.56,1.0,0.0,0.0,1.038,0.116,0.347,6,9,47,2,0,82,0,82,75,high_vol_range,53.58,75,,,
2026-03-04T10:30:00+05:30,portfolio_hist,TREND,ENTER,debit_spread,24415.0,20.71,1.0,0.0,0.0,1.038,0.31,0.486,6,10,30,2,0,75,0,75,60,high_vol_range,38.69,75,,,
2026-03-04T15:15:00+05:30,portfolio_hist,PREMIUM,EXIT,iron_condor,24455.45,21.11,1.0,0.0,0.0,1.037,0.476,0.527,6,15,15,2,0,0,0,0,0,high_vol_range,0.0,0,Time exit,381.75,328
2026-03-04T15:16:00+05:30,portfolio_hist,TREND,EXIT,debit_spread,24469.8,21.06,1.0,0.0,0.0,1.037,0.535,0.527,6,15,16,2,0,0,0,0,0,high_vol_range,0.0,0,Time exit,-263.25,286
2026-03-04T09:30:00+05:30,portfolio_hist,PREMIUM,SKIP,idle,24353.55,20.37,1.0,0.0,0.0,1.038,0.058,2.351,6,9,30,2,0,70,0,70,75,trending,0.0,0,,,
2026-03-04T09:35:00+05:30,portfolio_hist,PREMIUM,SKIP,idle,24324.5,20.56,1.0,0.0,0.0,1.038,0.062,2.351,6,9,35,2,0,70,0,70,75,trending,0.0,0,,,
2026-03-04T09:40:00+05:30,portfolio_hist,PREMIUM,SKIP,idle,24372.7,20.43,1.0,0.0,0.0,1.038,0.136,2.36,6,9,40,2,0,70,0,70,75,trending,0.0,0,,,
2026-03-04T09:45:00+05:30,portfolio_hist,PREMIUM,SKIP,idle,24413.15,20.32,1.0,0.0,0.0,1.038,0.302,0.347,6,9,45,2,0,62,0,62,75,high_vol_range,0.0,0,,,
2026-03-04T09:47:00+05:30,portfolio_hist,PREMIUM,ENTER,iron_condor,24367.7,20.56,1.0,0.0,0.0,1.038,0.116,0.347,6,9,47,2,0,82,0,82,75,high_vol_range,53.58,75,,,
2026-03-04T10:30:00+05:30,portfolio_hist,TREND,ENTER,debit_spread,24415.0,20.71,1.0,0.0,0.0,1.038,0.31,0.486,6,10,30,2,0,75,0,75,60,high_vol_range,38.69,75,,,
2026-03-04T15:15:00+05:30,portfolio_hist,PREMIUM,EXIT,iron_condor,24455.45,21.11,1.0,0.0,0.0,1.037,0.476,0.527,6,15,15,2,0,0,0,0,0,high_vol_range,0.0,0,Time exit,381.75,328
2026-03-04T15:16:00+05:30,portfolio_hist,TREND,EXIT,debit_spread,24469.8,21.06,1.0,0.0,0.0,1.037,0.535,0.527,6,15,16,2,0,0,0,0,0,high_vol_range,0.0,0,Time exit,-263.25,286
2026-03-04T09:30:00+05:30,portfolio_hist,PREMIUM,SKIP,idle,24353.55,20.37,1.0,0.0,0.0,1.038,0.058,2.351,6,9,30,2,0,70,0,70,75,trending,0.0,0,,,
2026-03-04T09:35:00+05:30,portfolio_hist,PREMIUM,SKIP,idle,24324.5,20.56,1.0,0.0,0.0,1.038,0.062,2.351,6,9,35,2,0,70,0,70,75,trending,0.0,0,,,
2026-03-04T09:40:00+05:30,portfolio_hist,PREMIUM,SKIP,idle,24372.7,20.43,1.0,0.0,0.0,1.038,0.136,2.36,6,9,40,2,0,70,0,70,75,trending,0.0,0,,,
2026-03-04T09:45:00+05:30,portfolio_hist,PREMIUM,SKIP,idle,24413.15,20.32,1.0,0.0,0.0,1.038,0.302,0.347,6,9,45,2,0,62,0,62,75,high_vol_range,0.0,0,,,
2026-03-04T09:47:00+05:30,portfolio_hist,PREMIUM,ENTER,iron_condor,24367.7,20.56,1.0,0.0,0.0,1.038,0.116,0.347,6,9,47,2,0,82,0,82,75,high_vol_range,53.58,75,,,
2026-03-04T10:30:00+05:30,portfolio_hist,TREND,ENTER,debit_spread,24415.0,20.71,1.0,0.0,0.0,1.038,0.31,0.486,6,10,30,2,0,75,0,75,60,high_vol_range,38.69,75,,,
2026-03-04T15:15:00+05:30,portfolio_hist,PREMIUM,EXIT,iron_condor,24455.45,21.11,1.0,0.0,0.0,1.037,0.476,0.527,6,15,15,2,0,0,0,0,0,high_vol_range,0.0,0,Time exit,381.75,328
2026-03-04T15:16:00+05:30,portfolio_hist,TREND,EXIT,debit_spread,24469.8,21.06,1.0,0.0,0.0,1.037,0.535,0.527,6,15,16,2,0,0,0,0,0,high_vol_range,0.0,0,Time exit,-263.25,286
2026-03-04T09:30:00+05:30,portfolio_hist,PREMIUM,SKIP,idle,24353.55,20.37,1.0,0.0,0.0,1.038,0.058,2.351,6,9,30,2,0,70,0,70,75,trending,0.0,0,,,
2026-03-04T09:35:00+05:30,portfolio_hist,PREMIUM,SKIP,idle,24324.5,20.56,1.0,0.0,0.0,1.038,0.062,2.351,6,9,35,2,0,70,0,70,75,trending,0.0,0,,,
2026-03-04T09:40:00+05:30,portfolio_hist,PREMIUM,SKIP,idle,24372.7,20.43,1.0,0.0,0.0,1.038,0.136,2.36,6,9,40,2,0,70,0,70,75,trending,0.0,0,,,
2026-03-04T09:45:00+05:30,portfolio_hist,PREMIUM,SKIP,idle,24413.15,20.32,1.0,0.0,0.0,1.038,0.302,0.347,6,9,45,2,0,62,0,62,75,high_vol_range,0.0,0,,,
2026-03-04T09:47:00+05:30,portfolio_hist,PREMIUM,ENTER,iron_condor,24367.7,20.56,1.0,0.0,0.0,1.038,0.116,0.347,6,9,47,2,0,82,0,82,75,high_vol_range,53.58,75,,,
2026-03-04T10:30:00+05:30,portfolio_hist,TREND,ENTER,debit_spread,24415.0,20.71,1.0,0.0,0.0,1.038,0.31,0.486,6,10,30,2,0,75,0,75,60,high_vol_range,38.69,75,,,
2026-03-04T15:15:00+05:30,portfolio_hist,PREMIUM,EXIT,iron_condor,24455.45,21.11,1.0,0.0,0.0,1.037,0.476,0.527,6,15,15,2,0,0,0,0,0,high_vol_range,0.0,0,Time exit,381.75,328
2026-03-04T15:16:00+05:30,portfolio_hist,TREND,EXIT,debit_spread,24469.8,21.06,1.0,0.0,0.0,1.037,0.535,0.527,6,15,16,2,0,0,0,0,0,high_vol_range,0.0,0,Time exit,-263.25,286
2026-03-04T09:30:00+05:30,portfolio_hist,PREMIUM,SKIP,idle,24353.55,20.37,1.0,0.0,0.0,1.038,0.058,2.351,6,9,30,2,0,70,0,70,75,trending,0.0,0,,,
2026-03-04T09:35:00+05:30,portfolio_hist,PREMIUM,SKIP,idle,24324.5,20.56,1.0,0.0,0.0,1.038,0.062,2.351,6,9,35,2,0,70,0,70,75,trending,0.0,0,,,
2026-03-04T09:40:00+05:30,portfolio_hist,PREMIUM,SKIP,idle,24372.7,20.43,1.0,0.0,0.0,1.038,0.136,2.36,6,9,40,2,0,70,0,70,75,trending,0.0,0,,,
2026-03-04T09:45:00+05:30,portfolio_hist,PREMIUM,SKIP,idle,24413.15,20.32,1.0,0.0,0.0,1.038,0.302,0.347,6,9,45,2,0,62,0,62,75,high_vol_range,0.0,0,,,
2026-03-04T09:47:00+05:30,portfolio_hist,PREMIUM,ENTER,iron_condor,24367.7,20.56,1.0,0.0,0.0,1.038,0.116,0.347,6,9,47,2,0,82,0,82,75,high_vol_range,53.58,75,,,
2026-03-04T10:30:00+05:30,portfolio_hist,TREND,ENTER,debit_spread,24415.0,20.71,1.0,0.0,0.0,1.038,0.31,0.486,6,10,30,2,0,75,0,75,60,high_vol_range,38.69,75,,,
2026-03-04T15:15:00+05:30,portfolio_hist,PREMIUM,EXIT,iron_condor,24455.45,21.11,1.0,0.0,0.0,1.037,0.476,0.527,6,15,15,2,0,0,0,0,0,high_vol_range,0.0,0,Time exit,381.75,328
2026-03-04T15:16:00+05:30,portfolio_hist,TREND,EXIT,debit_spread,24469.8,21.06,1.0,0.0,0.0,1.037,0.535,0.527,6,15,16,2,0,0,0,0,0,high_vol_range,0.0,0,Time exit,-263.25,286
2026-03-04T09:30:00+05:30,portfolio_hist,PREMIUM,SKIP,idle,24353.55,20.37,1.0,0.0,0.0,1.038,0.058,2.351,6,9,30,2,0,70,0,70,75,trending,0.0,0,,,
2026-03-04T09:35:00+05:30,portfolio_hist,PREMIUM,SKIP,idle,24324.5,20.56,1.0,0.0,0.0,1.038,0.062,2.351,6,9,35,2,0,70,0,70,75,trending,0.0,0,,,
2026-03-04T09:40:00+05:30,portfolio_hist,PREMIUM,SKIP,idle,24372.7,20.43,1.0,0.0,0.0,1.038,0.136,2.36,6,9,40,2,0,70,0,70,75,trending,0.0,0,,,
2026-03-04T09:45:00+05:30,portfolio_hist,PREMIUM,SKIP,idle,24413.15,20.32,1.0,0.0,0.0,1.038,0.302,0.347,6,9,45,2,0,62,0,62,75,high_vol_range,0.0,0,,,
2026-03-04T09:47:00+05:30,portfolio_hist,PREMIUM,ENTER,iron_condor,24367.7,20.56,1.0,0.0,0.0,1.038,0.116,0.347,6,9,47,2,0,82,0,82,75,high_vol_range,53.58,75,,,
2026-03-04T10:30:00+05:30,portfolio_hist,TREND,ENTER,debit_spread,24415.0,20.71,1.0,0.0,0.0,1.038,0.31,0.486,6,10,30,2,0,75,0,75,60,high_vol_range,38.69,75,,,
2026-03-04T15:15:00+05:30,portfolio_hist,PREMIUM,EXIT,iron_condor,24455.45,21.11,1.0,0.0,0.0,1.037,0.476,0.527,6,15,15,2,0,0,0,0,0,high_vol_range,0.0,0,Time exit,381.75,328
2026-03-04T15:16:00+05:30,portfolio_hist,TREND,EXIT,debit_spread,24469.8,21.06,1.0,0.0,0.0,1.037,0.535,0.527,6,15,16,2,0,0,0,0,0,high_vol_range,0.0,0,Time exit,-263.25,286
2026-03-04T09:30:00+05:30,portfolio_hist,PREMIUM,SKIP,idle,24353.55,20.37,1.0,0.0,0.0,1.038,0.058,2.351,6,9,30,2,0,70,0,70,75,trending,0.0,0,,,
2026-03-04T09:35:00+05:30,portfolio_hist,PREMIUM,SKIP,idle,24324.5,20.56,1.0,0.0,0.0,1.038,0.062,2.351,6,9,35,2,0,70,0,70,75,trending,0.0,0,,,
2026-03-04T09:40:00+05:30,portfolio_hist,PREMIUM,SKIP,idle,24372.7,20.43,1.0,0.0,0.0,1.038,0.136,2.36,6,9,40,2,0,70,0,70,75,trending,0.0,0,,,
2026-03-04T09:45:00+05:30,portfolio_hist,PREMIUM,SKIP,idle,24413.15,20.32,1.0,0.0,0.0,1.038,0.302,0.347,6,9,45,2,0,62,0,62,75,high_vol_range,0.0,0,,,
2026-03-04T09:47:00+05:30,portfolio_hist,PREMIUM,ENTER,iron_condor,24367.7,20.56,1.0,0.0,0.0,1.038,0.116,0.347,6,9,47,2,0,82,0,82,75,high_vol_range,53.58,75,,,
2026-03-04T10:30:00+05:30,portfolio_hist,TREND,ENTER,debit_spread,24415.0,20.71,1.0,0.0,0.0,1.038,0.31,0.486,6,10,30,2,0,75,0,75,60,high_vol_range,38.69,75,,,
2026-03-04T15:15:00+05:30,portfolio_hist,PREMIUM,EXIT,iron_condor,24455.45,21.11,1.0,0.0,0.0,1.037,0.476,0.527,6,15,15,2,0,0,0,0,0,high_vol_range,0.0,0,Time exit,381.75,328
2026-03-04T15:16:00+05:30,portfolio_hist,TREND,EXIT,debit_spread,24469.8,21.06,1.0,0.0,0.0,1.037,0.535,0.527,6,15,16,2,0,0,0,0,0,high_vol_range,0.0,0,Time exit,-263.25,286
2026-03-04T09:30:00+05:30,portfolio_hist,PREMIUM,SKIP,idle,24353.55,20.37,1.0,0.0,0.0,1.038,0.058,2.351,6,9,30,2,0,70,0,70,75,trending,0.0,0,,,
2026-03-04T09:35:00+05:30,portfolio_hist,PREMIUM,SKIP,idle,24324.5,20.56,1.0,0.0,0.0,1.038,0.062,2.351,6,9,35,2,0,70,0,70,75,trending,0.0,0,,,
2026-03-04T09:40:00+05:30,portfolio_hist,PREMIUM,SKIP,idle,24372.7,20.43,1.0,0.0,0.0,1.038,0.136,2.36,6,9,40,2,0,70,0,70,75,trending,0.0,0,,,
2026-03-04T09:45:00+05:30,portfolio_hist,PREMIUM,SKIP,idle,24413.15,20.32,1.0,0.0,0.0,1.038,0.302,0.347,6,9,45,2,0,62,0,62,75,high_vol_range,0.0,0,,,
2026-03-04T09:47:00+05:30,portfolio_hist,PREMIUM,ENTER,iron_condor,24367.7,20.56,1.0,0.0,0.0,1.038,0.116,0.347,6,9,47,2,0,82,0,82,75,high_vol_range,53.58,75,,,
2026-03-04T10:30:00+05:30,portfolio_hist,TREND,ENTER,debit_spread,24415.0,20.71,1.0,0.0,0.0,1.038,0.31,0.486,6,10,30,2,0,75,0,75,60,high_vol_range,38.69,75,,,
2026-03-04T15:15:00+05:30,portfolio_hist,PREMIUM,EXIT,iron_condor,24455.45,21.11,1.0,0.0,0.0,1.037,0.476,0.527,6,15,15,2,0,0,0,0,0,high_vol_range,0.0,0,Time exit,381.75,328
2026-03-04T15:16:00+05:30,portfolio_hist,TREND,EXIT,debit_spread,24469.8,21.06,1.0,0.0,0.0,1.037,0.535,0.527,6,15,16,2,0,0,0,0,0,high_vol_range,0.0,0,Time exit,-263.25,286
2026-03-04T09:30:00+05:30,portfolio_hist,PREMIUM,SKIP,idle,24353.55,20.37,1.0,0.0,0.0,1.038,0.058,2.351,6,9,30,2,0,70,0,70,75,trending,0.0,0,,,
2026-03-04T09:35:00+05:30,portfolio_hist,PREMIUM,SKIP,idle,24324.5,20.56,1.0,0.0,0.0,1.038,0.062,2.351,6,9,35,2,0,70,0,70,75,trending,0.0,0,,,
2026-03-04T09:40:00+05:30,portfolio_hist,PREMIUM,SKIP,idle,24372.7,20.43,1.0,0.0,0.0,1.038,0.136,2.36,6,9,40,2,0,70,0,70,75,trending,0.0,0,,,
2026-03-04T09:45:00+05:30,portfolio_hist,PREMIUM,SKIP,idle,24413.15,20.32,1.0,0.0,0.0,1.038,0.302,0.347,6,9,45,2,0,62,0,62,75,high_vol_range,0.0,0,,,
2026-03-04T09:47:00+05:30,portfolio_hist,PREMIUM,ENTER,iron_condor,24367.7,20.56,1.0,0.0,0.0,1.038,0.116,0.347,6,9,47,2,0,82,0,82,75,high_vol_range,53.58,75,,,
2026-03-04T10:30:00+05:30,portfolio_hist,TREND,ENTER,debit_spread,24415.0,20.71,1.0,0.0,0.0,1.038,0.31,0.486,6,10,30,2,0,75,0,75,60,high_vol_range,38.69,75,,,
2026-03-04T15:15:00+05:30,portfolio_hist,PREMIUM,EXIT,iron_condor,24455.45,21.11,1.0,0.0,0.0,1.037,0.476,0.527,6,15,15,2,0,0,0,0,0,high_vol_range,0.0,0,Time exit,381.75,328
2026-03-04T15:16:00+05:30,portfolio_hist,TREND,EXIT,debit_spread,24469.8,21.06,1.0,0.0,0.0,1.037,0.535,0.527,6,15,16,2,0,0,0,0,0,high_vol_range,0.0,0,Time exit,-263.25,286
2026-03-04T09:30:00+05:30,portfolio_hist,PREMIUM,SKIP,idle,24353.55,20.37,1.0,0.0,0.0,1.038,0.058,2.351,6,9,30,2,0,70,0,70,75,trending,0.0,0,,,
2026-03-04T09:35:00+05:30,portfolio_hist,PREMIUM,SKIP,idle,24324.5,20.56,1.0,0.0,0.0,1.038,0.062,2.351,6,9,35,2,0,70,0,70,75,trending,0.0,0,,,
2026-03-04T09:40:00+05:30,portfolio_hist,PREMIUM,SKIP,idle,24372.7,20.43,1.0,0.0,0.0,1.038,0.136,2.36,6,9,40,2,0,70,0,70,75,trending,0.0,0,,,
2026-03-04T09:45:00+05:30,portfolio_hist,PREMIUM,SKIP,idle,24413.15,20.32,1.0,0.0,0.0,1.038,0.302,0.347,6,9,45,2,0,62,0,62,75,high_vol_range,0.0,0,,,
2026-03-04T09:47:00+05:30,portfolio_hist,PREMIUM,ENTER,iron_condor,24367.7,20.56,1.0,0.0,0.0,1.038,0.116,0.347,6,9,47,2,0,82,0,82,75,high_vol_range,53.58,75,,,
2026-03-04T10:30:00+05:30,portfolio_hist,TREND,ENTER,debit_spread,24415.0,20.71,1.0,0.0,0.0,1.038,0.31,0.486,6,10,30,2,0,75,0,75,60,high_vol_range,38.69,75,,,
2026-03-04T15:15:00+05:30,portfolio_hist,PREMIUM,EXIT,iron_condor,24455.45,21.11,1.0,0.0,0.0,1.037,0.476,0.527,6,15,15,2,0,0,0,0,0,high_vol_range,0.0,0,Time exit,381.75,328
2026-03-04T15:16:00+05:30,portfolio_hist,TREND,EXIT,debit_spread,24469.8,21.06,1.0,0.0,0.0,1.037,0.535,0.527,6,15,16,2,0,0,0,0,0,high_vol_range,0.0,0,Time exit,-263.25,286
2026-03-04T09:30:00+05:30,portfolio_hist,PREMIUM,SKIP,idle,24353.55,20.37,1.0,0.0,0.0,1.038,0.058,2.351,6,9,30,2,0,70,0,70,75,trending,0.0,0,,,
2026-03-04T09:35:00+05:30,portfolio_hist,PREMIUM,SKIP,idle,24324.5,20.56,1.0,0.0,0.0,1.038,0.062,2.351,6,9,35,2,0,70,0,70,75,trending,0.0,0,,,
2026-03-04T09:40:00+05:30,portfolio_hist,PREMIUM,SKIP,idle,24372.7,20.43,1.0,0.0,0.0,1.038,0.136,2.36,6,9,40,2,0,70,0,70,75,trending,0.0,0,,,
2026-03-04T09:45:00+05:30,portfolio_hist,PREMIUM,SKIP,idle,24413.15,20.32,1.0,0.0,0.0,1.038,0.302,0.347,6,9,45,2,0,62,0,62,75,high_vol_range,0.0,0,,,
2026-03-04T09:47:00+05:30,portfolio_hist,PREMIUM,ENTER,iron_condor,24367.7,20.56,1.0,0.0,0.0,1.038,0.116,0.347,6,9,47,2,0,82,0,82,75,high_vol_range,53.58,75,,,
2026-03-04T10:30:00+05:30,portfolio_hist,TREND,ENTER,debit_spread,24415.0,20.71,1.0,0.0,0.0,1.038,0.31,0.486,6,10,30,2,0,75,0,75,60,high_vol_range,38.69,75,,,
2026-03-04T15:15:00+05:30,portfolio_hist,PREMIUM,EXIT,iron_condor,24455.45,21.11,1.0,0.0,0.0,1.037,0.476,0.527,6,15,15,2,0,0,0,0,0,high_vol_range,0.0,0,Time exit,381.75,328
2026-03-04T15:16:00+05:30,portfolio_hist,TREND,EXIT,debit_spread,24469.8,21.06,1.0,0.0,0.0,1.037,0.535,0.527,6,15,16,2,0,0,0,0,0,high_vol_range,0.0,0,Time exit,-263.25,286
2026-03-04T09:30:00+05:30,portfolio_hist,PREMIUM,SKIP,idle,24353.55,20.37,1.0,0.0,0.0,1.038,0.058,2.351,6,9,30,2,0,70,0,70,75,trending,0.0,0,,,
2026-03-04T09:35:00+05:30,portfolio_hist,PREMIUM,SKIP,idle,24324.5,20.56,1.0,0.0,0.0,1.038,0.062,2.351,6,9,35,2,0,70,0,70,75,trending,0.0,0,,,
2026-03-04T09:40:00+05:30,portfolio_hist,PREMIUM,SKIP,idle,24372.7,20.43,1.0,0.0,0.0,1.038,0.136,2.36,6,9,40,2,0,70,0,70,75,trending,0.0,0,,,
2026-03-04T09:45:00+05:30,portfolio_hist,PREMIUM,SKIP,idle,24413.15,20.32,1.0,0.0,0.0,1.038,0.302,0.347,6,9,45,2,0,62,0,62,75,high_vol_range,0.0,0,,,
2026-03-04T09:47:00+05:30,portfolio_hist,PREMIUM,ENTER,iron_condor,24367.7,20.56,1.0,0.0,0.0,1.038,0.116,0.347,6,9,47,2,0,82,0,82,75,high_vol_range,53.58,75,,,
2026-03-04T10:30:00+05:30,portfolio_hist,TREND,ENTER,debit_spread,24415.0,20.71,1.0,0.0,0.0,1.038,0.31,0.486,6,10,30,2,0,75,0,75,60,high_vol_range,38.69,75,,,
2026-03-04T15:15:00+05:30,portfolio_hist,PREMIUM,EXIT,iron_condor,24455.45,21.11,1.0,0.0,0.0,1.037,0.476,0.527,6,15,15,2,0,0,0,0,0,high_vol_range,0.0,0,Time exit,381.75,328
2026-03-04T15:16:00+05:30,portfolio_hist,TREND,EXIT,debit_spread,24469.8,21.06,1.0,0.0,0.0,1.037,0.535,0.527,6,15,16,2,0,0,0,0,0,high_vol_range,0.0,0,Time exit,-263.25,286
2026-03-04T09:30:00+05:30,portfolio_hist,PREMIUM,SKIP,idle,24353.55,20.37,1.0,0.0,0.0,1.038,0.058,2.351,6,9,30,2,0,70,0,70,75,trending,0.0,0,,,
2026-03-04T09:35:00+05:30,portfolio_hist,PREMIUM,SKIP,idle,24324.5,20.56,1.0,0.0,0.0,1.038,0.062,2.351,6,9,35,2,0,70,0,70,75,trending,0.0,0,,,
2026-03-04T09:40:00+05:30,portfolio_hist,PREMIUM,SKIP,idle,24372.7,20.43,1.0,0.0,0.0,1.038,0.136,2.36,6,9,40,2,0,70,0,70,75,trending,0.0,0,,,
2026-03-04T09:45:00+05:30,portfolio_hist,PREMIUM,SKIP,idle,24413.15,20.32,1.0,0.0,0.0,1.038,0.302,0.347,6,9,45,2,0,62,0,62,75,high_vol_range,0.0,0,,,
2026-03-04T09:47:00+05:30,portfolio_hist,PREMIUM,ENTER,iron_condor,24367.7,20.56,1.0,0.0,0.0,1.038,0.116,0.347,6,9,47,2,0,82,0,82,75,high_vol_range,53.58,75,,,
2026-03-04T10:30:00+05:30,portfolio_hist,TREND,ENTER,debit_spread,24415.0,20.71,1.0,0.0,0.0,1.038,0.31,0.486,6,10,30,2,0,75,0,75,60,high_vol_range,38.69,75,,,
2026-03-04T15:15:00+05:30,portfolio_hist,PREMIUM,EXIT,iron_condor,24455.45,21.11,1.0,0.0,0.0,1.037,0.476,0.527,6,15,15,2,0,0,0,0,0,high_vol_range,0.0,0,Time exit,381.75,328
2026-03-04T15:16:00+05:30,portfolio_hist,TREND,EXIT,debit_spread,24469.8,21.06,1.0,0.0,0.0,1.037,0.535,0.527,6,15,16,2,0,0,0,0,0,high_vol_range,0.0,0,Time exit,-263.25,286
2026-03-04T09:30:00+05:30,portfolio_hist,PREMIUM,SKIP,idle,24353.55,20.37,1.0,0.0,0.0,1.038,0.058,2.351,6,9,30,2,0,70,0,70,75,trending,0.0,0,,,
2026-03-04T09:35:00+05:30,portfolio_hist,PREMIUM,SKIP,idle,24324.5,20.56,1.0,0.0,0.0,1.038,0.062,2.351,6,9,35,2,0,70,0,70,75,trending,0.0,0,,,
2026-03-04T09:40:00+05:30,portfolio_hist,PREMIUM,SKIP,idle,24372.7,20.43,1.0,0.0,0.0,1.038,0.136,2.36,6,9,40,2,0,70,0,70,75,trending,0.0,0,,,
2026-03-04T09:45:00+05:30,portfolio_hist,PREMIUM,SKIP,idle,24413.15,20.32,1.0,0.0,0.0,1.038,0.302,0.347,6,9,45,2,0,62,0,62,75,high_vol_range,0.0,0,,,
2026-03-04T09:47:00+05:30,portfolio_hist,PREMIUM,ENTER,iron_condor,24367.7,20.56,1.0,0.0,0.0,1.038,0.116,0.347,6,9,47,2,0,82,0,82,75,high_vol_range,53.58,75,,,
2026-03-04T10:30:00+05:30,portfolio_hist,TREND,ENTER,debit_spread,24415.0,20.71,1.0,0.0,0.0,1.038,0.31,0.486,6,10,30,2,0,75,0,75,60,high_vol_range,38.69,75,,,
2026-03-04T15:15:00+05:30,portfolio_hist,PREMIUM,EXIT,iron_condor,24455.45,21.11,1.0,0.0,0.0,1.037,0.476,0.527,6,15,15,2,0,0,0,0,0,high_vol_range,0.0,0,Time exit,381.75,328
2026-03-04T15:16:00+05:30,portfolio_hist,TREND,EXIT,debit_spread,24469.8,21.06,1.0,0.0,0.0,1.037,0.535,0.527,6,15,16,2,0,0,0,0,0,high_vol_range,0.0,0,Time exit,-263.25,286
2026-03-04T09:30:00+05:30,portfolio_hist,PREMIUM,SKIP,idle,24353.55,20.37,1.0,0.0,0.0,1.038,0.058,2.351,6,9,30,2,0,70,0,70,75,trending,0.0,0,,,
2026-03-04T09:35:00+05:30,portfolio_hist,PREMIUM,SKIP,idle,24324.5,20.56,1.0,0.0,0.0,1.038,0.062,2.351,6,9,35,2,0,70,0,70,75,trending,0.0,0,,,
2026-03-04T09:40:00+05:30,portfolio_hist,PREMIUM,SKIP,idle,24372.7,20.43,1.0,0.0,0.0,1.038,0.136,2.36,6,9,40,2,0,70,0,70,75,trending,0.0,0,,,
2026-03-04T09:45:00+05:30,portfolio_hist,PREMIUM,SKIP,idle,24413.15,20.32,1.0,0.0,0.0,1.038,0.302,0.347,6,9,45,2,0,62,0,62,75,high_vol_range,0.0,0,,,
2026-03-04T09:47:00+05:30,portfolio_hist,PREMIUM,ENTER,iron_condor,24367.7,20.56,1.0,0.0,0.0,1.038,0.116,0.347,6,9,47,2,0,82,0,82,75,high_vol_range,53.58,75,,,
2026-03-04T10:30:00+05:30,portfolio_hist,TREND,ENTER,debit_spread,24415.0,20.71,1.0,0.0,0.0,1.038,0.31,0.486,6,10,30,2,0,75,0,75,60,high_vol_range,38.69,75,,,
2026-03-04T15:15:00+05:30,portfolio_hist,PREMIUM,EXIT,iron_condor,24455.45,21.11,1.0,0.0,0.0,1.037,0.476,0.527,6,15,15,2,0,0,0,0,0,high_vol_range,0.0,0,Time exit,381.75,328
2026-03-04T15:16:00+05:30,portfolio_hist,TREND,EXIT,debit_spread,24469.8,21.06,1.0,0.0,0.0,1.037,0.535,0.527,6,15,16,2,0,0,0,0,0,high_vol_range,0.0,0,Time exit,-263.25,286
2026-03-04T09:30:00+05:30,portfolio_hist,PREMIUM,SKIP,idle,24353.55,20.37,1.0,0.0,0.0,1.038,0.058,2.351,6,9,30,2,0,70,0,70,75,trending,0.0,0,,,
2026-03-04T09:35:00+05:30,portfolio_hist,PREMIUM,SKIP,idle,24324.5,20.56,1.0,0.0,0.0,1.038,0.062,2.351,6,9,35,2,0,70,0,70,75,trending,0.0,0,,,
2026-03-04T09:40:00+05:30,portfolio_hist,PREMIUM,SKIP,idle,24372.7,20.43,1.0,0.0,0.0,1.038,0.136,2.36,6,9,40,2,0,70,0,70,75,trending,0.0,0,,,
2026-03-04T09:45:00+05:30,portfolio_hist,PREMIUM,SKIP,idle,24413.15,20.32,1.0,0.0,0.0,1.038,0.302,0.347,6,9,45,2,0,62,0,62,75,high_vol_range,0.0,0,,,
2026-03-04T09:47:00+05:30,portfolio_hist,PREMIUM,ENTER,iron_condor,24367.7,20.56,1.0,0.0,0.0,1.038,0.116,0.347,6,9,47,2,0,82,0,82,75,high_vol_range,53.58,75,,,
2026-03-04T10:30:00+05:30,portfolio_hist,TREND,ENTER,debit_spread,24415.0,20.71,1.0,0.0,0.0,1.038,0.31,0.486,6,10,30,2,0,75,0,75,60,high_vol_range,38.69,75,,,
2026-03-04T15:15:00+05:30,portfolio_hist,PREMIUM,EXIT,iron_condor,24455.45,21.11,1.0,0.0,0.0,1.037,0.476,0.527,6,15,15,2,0,0,0,0,0,high_vol_range,0.0,0,Time exit,381.75,328
2026-03-04T15:16:00+05:30,portfolio_hist,TREND,EXIT,debit_spread,24469.8,21.06,1.0,0.0,0.0,1.037,0.535,0.527,6,15,16,2,0,0,0,0,0,high_vol_range,0.0,0,Time exit,-263.25,286
2026-03-04T09:30:00+05:30,portfolio_hist,PREMIUM,SKIP,idle,24353.55,20.37,1.0,0.0,0.0,1.038,0.058,2.351,6,9,30,2,0,70,0,70,75,trending,0.0,0,,,
2026-03-04T09:35:00+05:30,portfolio_hist,PREMIUM,SKIP,idle,24324.5,20.56,1.0,0.0,0.0,1.038,0.062,2.351,6,9,35,2,0,70,0,70,75,trending,0.0,0,,,
2026-03-04T09:40:00+05:30,portfolio_hist,PREMIUM,SKIP,idle,24372.7,20.43,1.0,0.0,0.0,1.038,0.136,2.36,6,9,40,2,0,70,0,70,75,trending,0.0,0,,,
2026-03-04T09:45:00+05:30,portfolio_hist,PREMIUM,SKIP,idle,24413.15,20.32,1.0,0.0,0.0,1.038,0.302,0.347,6,9,45,2,0,62,0,62,75,high_vol_range,0.0,0,,,
2026-03-04T09:47:00+05:30,portfolio_hist,PREMIUM,ENTER,iron_condor,24367.7,20.56,1.0,0.0,0.0,1.038,0.116,0.347,6,9,47,2,0,82,0,82,75,high_vol_range,53.58,75,,,
2026-03-04T10:30:00+05:30,portfolio_hist,TREND,ENTER,debit_spread,24415.0,20.71,1.0,0.0,0.0,1.038,0.31,0.486,6,10,30,2,0,75,0,75,60,high_vol_range,38.69,75,,,
2026-03-04T15:15:00+05:30,portfolio_hist,PREMIUM,EXIT,iron_condor,24455.45,21.11,1.0,0.0,0.0,1.037,0.476,0.527,6,15,15,2,0,0,0,0,0,high_vol_range,0.0,0,Time exit,381.75,328
2026-03-04T15:16:00+05:30,portfolio_hist,TREND,EXIT,debit_spread,24469.8,21.06,1.0,0.0,0.0,1.037,0.535,0.527,6,15,16,2,0,0,0,0,0,high_vol_range,0.0,0,Time exit,-263.25,286
2026-03-04T09:30:00+05:30,portfolio_hist,PREMIUM,SKIP,idle,24353.55,20.37,1.0,0.0,0.0,1.038,0.058,2.351,6,9,30,2,0,70,0,70,75,trending,0.0,0,,,
2026-03-04T09:35:00+05:30,portfolio_hist,PREMIUM,SKIP,idle,24324.5,20.56,1.0,0.0,0.0,1.038,0.062,2.351,6,9,35,2,0,70,0,70,75,trending,0.0,0,,,
2026-03-04T09:40:00+05:30,portfolio_hist,PREMIUM,SKIP,idle,24372.7,20.43,1.0,0.0,0.0,1.038,0.136,2.36,6,9,40,2,0,70,0,70,75,trending,0.0,0,,,
2026-03-04T09:45:00+05:30,portfolio_hist,PREMIUM,SKIP,idle,24413.15,20.32,1.0,0.0,0.0,1.038,0.302,0.347,6,9,45,2,0,62,0,62,75,high_vol_range,0.0,0,,,
2026-03-04T09:47:00+05:30,portfolio_hist,PREMIUM,ENTER,iron_condor,24367.7,20.56,1.0,0.0,0.0,1.038,0.116,0.347,6,9,47,2,0,82,0,82,75,high_vol_range,53.58,75,,,
2026-03-04T10:30:00+05:30,portfolio_hist,TREND,ENTER,debit_spread,24415.0,20.71,1.0,0.0,0.0,1.038,0.31,0.486,6,10,30,2,0,75,0,75,60,high_vol_range,38.69,75,,,
2026-03-04T15:15:00+05:30,portfolio_hist,PREMIUM,EXIT,iron_condor,24455.45,21.11,1.0,0.0,0.0,1.037,0.476,0.527,6,15,15,2,0,0,0,0,0,high_vol_range,0.0,0,Time exit,381.75,328
2026-03-04T15:16:00+05:30,portfolio_hist,TREND,EXIT,debit_spread,24469.8,21.06,1.0,0.0,0.0,1.037,0.535,0.527,6,15,16,2,0,0,0,0,0,high_vol_range,0.0,0,Time exit,-263.25,286
2026-03-04T09:30:00+05:30,portfolio_hist,PREMIUM,SKIP,idle,24353.55,20.37,1.0,0.0,0.0,1.038,0.058,2.351,6,9,30,2,0,70,0,70,75,trending,0.0,0,,,
2026-03-04T09:35:00+05:30,portfolio_hist,PREMIUM,SKIP,idle,24324.5,20.56,1.0,0.0,0.0,1.038,0.062,2.351,6,9,35,2,0,70,0,70,75,trending,0.0,0,,,
2026-03-04T09:40:00+05:30,portfolio_hist,PREMIUM,SKIP,idle,24372.7,20.43,1.0,0.0,0.0,1.038,0.136,2.36,6,9,40,2,0,70,0,70,75,trending,0.0,0,,,
2026-03-04T09:45:00+05:30,portfolio_hist,PREMIUM,SKIP,idle,24413.15,20.32,1.0,0.0,0.0,1.038,0.302,0.347,6,9,45,2,0,62,0,62,75,high_vol_range,0.0,0,,,
2026-03-04T09:47:00+05:30,portfolio_hist,PREMIUM,ENTER,iron_condor,24367.7,20.56,1.0,0.0,0.0,1.038,0.116,0.347,6,9,47,2,0,82,0,82,75,high_vol_range,53.58,75,,,
2026-03-04T10:30:00+05:30,portfolio_hist,TREND,ENTER,debit_spread,24415.0,20.71,1.0,0.0,0.0,1.038,0.31,0.486,6,10,30,2,0,75,0,75,60,high_vol_range,38.69,75,,,
2026-03-04T15:15:00+05:30,portfolio_hist,PREMIUM,EXIT,iron_condor,24455.45,21.11,1.0,0.0,0.0,1.037,0.476,0.527,6,15,15,2,0,0,0,0,0,high_vol_range,0.0,0,Time exit,381.75,328
2026-03-04T15:16:00+05:30,portfolio_hist,TREND,EXIT,debit_spread,24469.8,21.06,1.0,0.0,0.0,1.037,0.535,0.527,6,15,16,2,0,0,0,0,0,high_vol_range,0.0,0,Time exit,-263.25,286
2026-03-04T09:30:00+05:30,portfolio_hist,PREMIUM,SKIP,idle,24353.55,20.37,1.0,0.0,0.0,1.038,0.058,2.351,6,9,30,2,0,70,0,70,75,trending,0.0,0,,,
2026-03-04T09:35:00+05:30,portfolio_hist,PREMIUM,SKIP,idle,24324.5,20.56,1.0,0.0,0.0,1.038,0.062,2.351,6,9,35,2,0,70,0,70,75,trending,0.0,0,,,
2026-03-04T09:40:00+05:30,portfolio_hist,PREMIUM,SKIP,idle,24372.7,20.43,1.0,0.0,0.0,1.038,0.136,2.36,6,9,40,2,0,70,0,70,75,trending,0.0,0,,,
2026-03-04T09:45:00+05:30,portfolio_hist,PREMIUM,SKIP,idle,24413.15,20.32,1.0,0.0,0.0,1.038,0.302,0.347,6,9,45,2,0,62,0,62,75,high_vol_range,0.0,0,,,
2026-03-04T09:47:00+05:30,portfolio_hist,PREMIUM,ENTER,iron_condor,24367.7,20.56,1.0,0.0,0.0,1.038,0.116,0.347,6,9,47,2,0,82,0,82,75,high_vol_range,53.58,75,,,
2026-03-04T10:30:00+05:30,portfolio_hist,TREND,ENTER,debit_spread,24415.0,20.71,1.0,0.0,0.0,1.038,0.31,0.486,6,10,30,2,0,75,0,75,60,high_vol_range,38.69,75,,,
2026-03-04T15:15:00+05:30,portfolio_hist,PREMIUM,EXIT,iron_condor,24455.45,21.11,1.0,0.0,0.0,1.037,0.476,0.527,6,15,15,2,0,0,0,0,0,high_vol_range,0.0,0,Time exit,381.75,328
2026-03-04T15:16:00+05:30,portfolio_hist,TREND,EXIT,debit_spread,24469.8,21.06,1.0,0.0,0.0,1.037,0.535,0.527,6,15,16,2,0,0,0,0,0,high_vol_range,0.0,0,Time exit,-263.25,286
2026-03-04T09:30:00+05:30,portfolio_hist,PREMIUM,SKIP,idle,24353.55,20.37,1.0,0.0,0.0,1.038,0.058,2.351,6,9,30,2,0,70,0,70,75,trending,0.0,0,,,
2026-03-04T09:35:00+05:30,portfolio_hist,PREMIUM,SKIP,idle,24324.5,20.56,1.0,0.0,0.0,1.038,0.062,2.351,6,9,35,2,0,70,0,70,75,trending,0.0,0,,,
2026-03-04T09:40:00+05:30,portfolio_hist,PREMIUM,SKIP,idle,24372.7,20.43,1.0,0.0,0.0,1.038,0.136,2.36,6,9,40,2,0,70,0,70,75,trending,0.0,0,,,
2026-03-04T09:45:00+05:30,portfolio_hist,PREMIUM,SKIP,idle,24413.15,20.32,1.0,0.0,0.0,1.038,0.302,0.347,6,9,45,2,0,62,0,62,75,high_vol_range,0.0,0,,,
2026-03-04T09:47:00+05:30,portfolio_hist,PREMIUM,ENTER,iron_condor,24367.7,20.56,1.0,0.0,0.0,1.038,0.116,0.347,6,9,47,2,0,82,0,82,75,high_vol_range,53.58,75,,,
2026-03-04T10:30:00+05:30,portfolio_hist,TREND,ENTER,debit_spread,24415.0,20.71,1.0,0.0,0.0,1.038,0.31,0.486,6,10,30,2,0,75,0,75,60,high_vol_range,38.69,75,,,
2026-03-04T10:31:00+05:30,portfolio_hist,TREND,EXIT,debit_spread,24414.1,20.73,1.0,0.0,0.0,1.038,0.306,0.486,6,10,31,2,0,0,0,0,0,high_vol_range,0.0,0,Trend profit: spread at 38.8% of max,4.5,1
2026-03-04T15:15:00+05:30,portfolio_hist,PREMIUM,EXIT,iron_condor,24455.45,21.11,1.0,0.0,0.0,1.037,0.476,0.527,6,15,15,2,0,0,0,0,0,high_vol_range,0.0,0,Time exit,381.75,328
2026-03-04T09:30:00+05:30,portfolio_hist,PREMIUM,SKIP,idle,24353.55,20.37,1.0,0.0,0.0,1.038,0.058,2.351,6,9,30,2,0,70,0,70,75,trending,0.0,0,,,
2026-03-04T09:35:00+05:30,portfolio_hist,PREMIUM,SKIP,idle,24324.5,20.56,1.0,0.0,0.0,1.038,0.062,2.351,6,9,35,2,0,70,0,70,75,trending,0.0,0,,,
2026-03-04T09:40:00+05:30,portfolio_hist,PREMIUM,SKIP,idle,24372.7,20.43,1.0,0.0,0.0,1.038,0.136,2.36,6,9,40,2,0,70,0,70,75,trending,0.0,0,,,
2026-03-04T09:45:00+05:30,portfolio_hist,PREMIUM,SKIP,idle,24413.15,20.32,1.0,0.0,0.0,1.038,0.302,0.347,6,9,45,2,0,62,0,62,75,high_vol_range,0.0,0,,,
2026-03-04T09:47:00+05:30,portfolio_hist,PREMIUM,ENTER,iron_condor,24367.7,20.56,1.0,0.0,0.0,1.038,0.116,0.347,6,9,47,2,0,82,0,82,75,high_vol_range,53.58,75,,,
2026-03-04T10:30:00+05:30,portfolio_hist,TREND,ENTER,debit_spread,24415.0,20.71,1.0,0.0,0.0,1.038,0.31,0.486,6,10,30,2,0,75,0,75,60,high_vol_range,38.69,75,,,
2026-03-04T10:35:00+05:30,portfolio_hist,TREND,EXIT,debit_spread,24384.3,20.84,1.0,0.0,0.0,1.037,0.184,0.412,6,10,35,2,0,0,0,0,0,high_vol_range,0.0,0,Trend profit: spread at 40.5% of max,137.25,5
2026-03-04T15:15:00+05:30,portfolio_hist,PREMIUM,EXIT,iron_condor,24455.45,21.11,1.0,0.0,0.0,1.037,0.476,0.527,6,15,15,2,0,0,0,0,0,high_vol_range,0.0,0,Time exit,381.75,328
2026-03-04T09:30:00+05:30,portfolio_hist,PREMIUM,SKIP,idle,24353.55,20.37,1.0,0.0,0.0,1.038,0.058,2.351,6,9,30,2,0,70,0,70,75,trending,0.0,0,,,
2026-03-04T09:35:00+05:30,portfolio_hist,PREMIUM,SKIP,idle,24324.5,20.56,1.0,0.0,0.0,1.038,0.062,2.351,6,9,35,2,0,70,0,70,75,trending,0.0,0,,,
2026-03-04T09:40:00+05:30,portfolio_hist,PREMIUM,SKIP,idle,24372.7,20.43,1.0,0.0,0.0,1.038,0.136,2.36,6,9,40,2,0,70,0,70,75,trending,0.0,0,,,
2026-03-04T09:45:00+05:30,portfolio_hist,PREMIUM,SKIP,idle,24413.15,20.32,1.0,0.0,0.0,1.038,0.302,0.347,6,9,45,2,0,62,0,62,75,high_vol_range,0.0,0,,,
2026-03-04T09:47:00+05:30,portfolio_hist,PREMIUM,ENTER,iron_condor,24367.7,20.56,1.0,0.0,0.0,1.038,0.116,0.347,6,9,47,2,0,82,0,82,75,high_vol_range,53.58,75,,,
2026-03-04T10:30:00+05:30,portfolio_hist,TREND,ENTER,debit_spread,24415.0,20.71,1.0,0.0,0.0,1.038,0.31,0.486,6,10,30,2,0,75,0,75,60,high_vol_range,38.69,75,,,
2026-03-04T14:12:00+05:30,portfolio_hist,TREND,EXIT,debit_spread,24519.2,20.96,1.0,0.0,0.0,1.037,0.738,0.316,6,14,12,2,0,0,0,0,0,high_vol_range,0.0,0,Trend stop: lost 15.7%,-456.75,222
2026-03-04T15:15:00+05:30,portfolio_hist,PREMIUM,EXIT,iron_condor,24455.45,21.11,1.0,0.0,0.0,1.037,0.476,0.527,6,15,15,2,0,0,0,0,0,high_vol_range,0.0,0,Time exit,381.75,328
2026-03-04T09:30:00+05:30,portfolio_hist,PREMIUM,SKIP,idle,24353.55,20.37,1.0,0.0,0.0,1.038,0.058,2.351,6,9,30,2,0,70,0,70,75,trending,0.0,0,,,
2026-03-04T09:35:00+05:30,portfolio_hist,PREMIUM,SKIP,idle,24324.5,20.56,1.0,0.0,0.0,1.038,0.062,2.351,6,9,35,2,0,70,0,70,75,trending,0.0,0,,,
2026-03-04T09:40:00+05:30,portfolio_hist,PREMIUM,SKIP,idle,24372.7,20.43,1.0,0.0,0.0,1.038,0.136,2.36,6,9,40,2,0,70,0,70,75,trending,0.0,0,,,
2026-03-04T09:45:00+05:30,portfolio_hist,PREMIUM,SKIP,idle,24413.15,20.32,1.0,0.0,0.0,1.038,0.302,0.347,6,9,45,2,0,62,0,62,75,high_vol_range,0.0,0,,,
2026-03-04T09:47:00+05:30,portfolio_hist,PREMIUM,ENTER,iron_condor,24367.7,20.56,1.0,0.0,0.0,1.038,0.116,0.347,6,9,47,2,0,82,0,82,75,high_vol_range,53.58,75,,,
2026-03-04T10:30:00+05:30,portfolio_hist,TREND,ENTER,debit_spread,24415.0,20.71,1.0,0.0,0.0,1.038,0.31,0.486,6,10,30,2,0,75,0,75,60,high_vol_range,38.69,75,,,
2026-03-04T14:12:00+05:30,portfolio_hist,TREND,EXIT,debit_spread,24519.2,20.96,1.0,0.0,0.0,1.037,0.738,0.316,6,14,12,2,0,0,0,0,0,high_vol_range,0.0,0,Trend stop: lost 15.7%,-456.75,222
2026-03-04T15:15:00+05:30,portfolio_hist,PREMIUM,EXIT,iron_condor,24455.45,21.11,1.0,0.0,0.0,1.037,0.476,0.527,6,15,15,2,0,0,0,0,0,high_vol_range,0.0,0,Time exit,381.75,328
2026-03-04T09:30:00+05:30,portfolio_hist,PREMIUM,SKIP,idle,24353.55,20.37,1.0,0.0,0.0,1.038,0.058,2.351,6,9,30,2,0,70,0,70,75,trending,0.0,0,,,
2026-03-04T09:35:00+05:30,portfolio_hist,PREMIUM,SKIP,idle,24324.5,20.56,1.0,0.0,0.0,1.038,0.062,2.351,6,9,35,2,0,70,0,70,75,trending,0.0,0,,,
2026-03-04T09:40:00+05:30,portfolio_hist,PREMIUM,SKIP,idle,24372.7,20.43,1.0,0.0,0.0,1.038,0.136,2.36,6,9,40,2,0,70,0,70,75,trending,0.0,0,,,
2026-03-04T09:45:00+05:30,portfolio_hist,PREMIUM,SKIP,idle,24413.15,20.32,1.0,0.0,0.0,1.038,0.302,0.347,6,9,45,2,0,62,0,62,75,high_vol_range,0.0,0,,,
2026-03-04T09:47:00+05:30,portfolio_hist,PREMIUM,ENTER,iron_condor,24367.7,20.56,1.0,0.0,0.0,1.038,0.116,0.347,6,9,47,2,0,82,0,82,75,high_vol_range,53.58,75,,,
2026-03-04T10:30:00+05:30,portfolio_hist,TREND,ENTER,debit_spread,24415.0,20.71,1.0,0.0,0.0,1.038,0.31,0.486,6,10,30,2,0,75,0,75,60,high_vol_range,38.69,75,,,
2026-03-04T14:12:00+05:30,portfolio_hist,TREND,EXIT,debit_spread,24519.2,20.96,1.0,0.0,0.0,1.037,0.738,0.316,6,14,12,2,0,0,0,0,0,high_vol_range,0.0,0,Trend stop: lost 15.7%,-456.75,222
2026-03-04T15:15:00+05:30,portfolio_hist,PREMIUM,EXIT,iron_condor,24455.45,21.11,1.0,0.0,0.0,1.037,0.476,0.527,6,15,15,2,0,0,0,0,0,high_vol_range,0.0,0,Time exit,381.75,328
2026-03-04T09:30:00+05:30,portfolio_hist,PREMIUM,SKIP,idle,24353.55,20.37,1.0,0.0,0.0,1.038,0.058,2.351,6,9,30,2,0,70,0,70,75,trending,0.0,0,,,
2026-03-04T09:35:00+05:30,portfolio_hist,PREMIUM,SKIP,idle,24324.5,20.56,1.0,0.0,0.0,1.038,0.062,2.351,6,9,35,2,0,70,0,70,75,trending,0.0,0,,,
2026-03-04T09:40:00+05:30,portfolio_hist,PREMIUM,SKIP,idle,24372.7,20.43,1.0,0.0,0.0,1.038,0.136,2.36,6,9,40,2,0,70,0,70,75,trending,0.0,0,,,
2026-03-04T09:45:00+05:30,portfolio_hist,PREMIUM,SKIP,idle,24413.15,20.32,1.0,0.0,0.0,1.038,0.302,0.347,6,9,45,2,0,62,0,62,75,high_vol_range,0.0,0,,,
2026-03-04T09:47:00+05:30,portfolio_hist,PREMIUM,ENTER,iron_condor,24367.7,20.56,1.0,0.0,0.0,1.038,0.116,0.347,6,9,47,2,0,82,0,82,75,high_vol_range,53.58,75,,,
2026-03-04T10:30:00+05:30,portfolio_hist,TREND,ENTER,debit_spread,24415.0,20.71,1.0,0.0,0.0,1.038,0.31,0.486,6,10,30,2,0,75,0,75,60,high_vol_range,38.69,75,,,
2026-03-04T10:31:00+05:30,portfolio_hist,TREND,EXIT,debit_spread,24414.1,20.73,1.0,0.0,0.0,1.038,0.306,0.486,6,10,31,2,0,0,0,0,0,high_vol_range,0.0,0,Trend profit: spread at 38.8% of max,4.5,1
2026-03-04T15:15:00+05:30,portfolio_hist,PREMIUM,EXIT,iron_condor,24455.45,21.11,1.0,0.0,0.0,1.037,0.476,0.527,6,15,15,2,0,0,0,0,0,high_vol_range,0.0,0,Time exit,381.75,328
2026-03-04T09:30:00+05:30,portfolio_hist,PREMIUM,SKIP,idle,24353.55,20.37,1.0,0.0,0.0,1.038,0.058,2.351,6,9,30,2,0,70,0,70,75,trending,0.0,0,,,
2026-03-04T09:35:00+05:30,portfolio_hist,PREMIUM,SKIP,idle,24324.5,20.56,1.0,0.0,0.0,1.038,0.062,2.351,6,9,35,2,0,70,0,70,75,trending,0.0,0,,,
2026-03-04T09:40:00+05:30,portfolio_hist,PREMIUM,SKIP,idle,24372.7,20.43,1.0,0.0,0.0,1.038,0.136,2.36,6,9,40,2,0,70,0,70,75,trending,0.0,0,,,
2026-03-04T09:45:00+05:30,portfolio_hist,PREMIUM,SKIP,idle,24413.15,20.32,1.0,0.0,0.0,1.038,0.302,0.347,6,9,45,2,0,62,0,62,75,high_vol_range,0.0,0,,,
2026-03-04T09:47:00+05:30,portfolio_hist,PREMIUM,ENTER,iron_condor,24367.7,20.56,1.0,0.0,0.0,1.038,0.116,0.347,6,9,47,2,0,82,0,82,75,high_vol_range,53.58,75,,,
2026-03-04T10:30:00+05:30,portfolio_hist,TREND,ENTER,debit_spread,24415.0,20.71,1.0,0.0,0.0,1.038,0.31,0.486,6,10,30,2,0,75,0,75,60,high_vol_range,38.69,75,,,
2026-03-04T10:35:00+05:30,portfolio_hist,TREND,EXIT,debit_spread,24384.3,20.84,1.0,0.0,0.0,1.037,0.184,0.412,6,10,35,2,0,0,0,0,0,high_vol_range,0.0,0,Trend profit: spread at 40.5% of max,137.25,5
2026-03-04T15:15:00+05:30,portfolio_hist,PREMIUM,EXIT,iron_condor,24455.45,21.11,1.0,0.0,0.0,1.037,0.476,0.527,6,15,15,2,0,0,0,0,0,high_vol_range,0.0,0,Time exit,381.75,328
2026-03-04T09:30:00+05:30,portfolio_hist,PREMIUM,SKIP,idle,24353.55,20.37,1.0,0.0,0.0,1.038,0.058,2.351,6,9,30,2,0,70,0,70,75,trending,0.0,0,,,
2026-03-04T09:35:00+05:30,portfolio_hist,PREMIUM,SKIP,idle,24324.5,20.56,1.0,0.0,0.0,1.038,0.062,2.351,6,9,35,2,0,70,0,70,75,trending,0.0,0,,,
2026-03-04T09:40:00+05:30,portfolio_hist,PREMIUM,SKIP,idle,24372.7,20.43,1.0,0.0,0.0,1.038,0.136,2.36,6,9,40,2,0,70,0,70,75,trending,0.0,0,,,
2026-03-04T09:45:00+05:30,portfolio_hist,PREMIUM,SKIP,idle,24413.15,20.32,1.0,0.0,0.0,1.038,0.302,0.347,6,9,45,2,0,62,0,62,75,high_vol_range,0.0,0,,,
2026-03-04T09:47:00+05:30,portfolio_hist,PREMIUM,ENTER,iron_condor,24367.7,20.56,1.0,0.0,0.0,1.038,0.116,0.347,6,9,47,2,0,82,0,82,75,high_vol_range,53.58,75,,,
2026-03-04T10:30:00+05:30,portfolio_hist,TREND,ENTER,debit_spread,24415.0,20.71,1.0,0.0,0.0,1.038,0.31,0.486,6,10,30,2,0,75,0,75,60,high_vol_range,38.69,75,,,
2026-03-04T14:14:00+05:30,portfolio_hist,TREND,EXIT,debit_spread,24554.95,20.88,1.0,0.0,0.0,1.037,0.885,0.316,6,14,14,2,0,0,0,0,0,high_vol_range,0.0,0,Trend stop: lost 20.5%,-594.75,224
2026-03-04T15:15:00+05:30,portfolio_hist,PREMIUM,EXIT,iron_condor,24455.45,21.11,1.0,0.0,0.0,1.037,0.476,0.527,6,15,15,2,0,0,0,0,0,high_vol_range,0.0,0,Time exit,381.75,328
2026-03-04T09:30:00+05:30,portfolio_hist,PREMIUM,SKIP,idle,24353.55,20.37,1.0,0.0,0.0,1.038,0.058,2.351,6,9,30,2,0,70,0,70,75,trending,0.0,0,,,
2026-03-04T09:35:00+05:30,portfolio_hist,PREMIUM,SKIP,idle,24324.5,20.56,1.0,0.0,0.0,1.038,0.062,2.351,6,9,35,2,0,70,0,70,75,trending,0.0,0,,,
2026-03-04T09:40:00+05:30,portfolio_hist,PREMIUM,SKIP,idle,24372.7,20.43,1.0,0.0,0.0,1.038,0.136,2.36,6,9,40,2,0,70,0,70,75,trending,0.0,0,,,
2026-03-04T09:45:00+05:30,portfolio_hist,PREMIUM,SKIP,idle,24413.15,20.32,1.0,0.0,0.0,1.038,0.302,0.347,6,9,45,2,0,62,0,62,75,high_vol_range,0.0,0,,,
2026-03-04T09:47:00+05:30,portfolio_hist,PREMIUM,ENTER,iron_condor,24367.7,20.56,1.0,0.0,0.0,1.038,0.116,0.347,6,9,47,2,0,82,0,82,75,high_vol_range,53.58,75,,,
2026-03-04T10:30:00+05:30,portfolio_hist,TREND,ENTER,debit_spread,24415.0,20.71,1.0,0.0,0.0,1.038,0.31,0.486,6,10,30,2,0,75,0,75,60,high_vol_range,38.69,75,,,
2026-03-04T14:14:00+05:30,portfolio_hist,TREND,EXIT,debit_spread,24554.95,20.88,1.0,0.0,0.0,1.037,0.885,0.316,6,14,14,2,0,0,0,0,0,high_vol_range,0.0,0,Trend stop: lost 20.5%,-594.75,224
2026-03-04T15:15:00+05:30,portfolio_hist,PREMIUM,EXIT,iron_condor,24455.45,21.11,1.0,0.0,0.0,1.037,0.476,0.527,6,15,15,2,0,0,0,0,0,high_vol_range,0.0,0,Time exit,381.75,328
2026-03-04T09:30:00+05:30,portfolio_hist,PREMIUM,SKIP,idle,24353.55,20.37,1.0,0.0,0.0,1.038,0.058,2.351,6,9,30,2,0,70,0,70,75,trending,0.0,0,,,
2026-03-04T09:35:00+05:30,portfolio_hist,PREMIUM,SKIP,idle,24324.5,20.56,1.0,0.0,0.0,1.038,0.062,2.351,6,9,35,2,0,70,0,70,75,trending,0.0,0,,,
2026-03-04T09:40:00+05:30,portfolio_hist,PREMIUM,SKIP,idle,24372.7,20.43,1.0,0.0,0.0,1.038,0.136,2.36,6,9,40,2,0,70,0,70,75,trending,0.0,0,,,
2026-03-04T09:45:00+05:30,portfolio_hist,PREMIUM,SKIP,idle,24413.15,20.32,1.0,0.0,0.0,1.038,0.302,0.347,6,9,45,2,0,62,0,62,75,high_vol_range,0.0,0,,,
2026-03-04T09:47:00+05:30,portfolio_hist,PREMIUM,ENTER,iron_condor,24367.7,20.56,1.0,0.0,0.0,1.038,0.116,0.347,6,9,47,2,0,82,0,82,75,high_vol_range,53.58,75,,,
2026-03-04T10:30:00+05:30,portfolio_hist,TREND,ENTER,debit_spread,24415.0,20.71,1.0,0.0,0.0,1.038,0.31,0.486,6,10,30,2,0,75,0,75,60,high_vol_range,38.69,75,,,
2026-03-04T14:14:00+05:30,portfolio_hist,TREND,EXIT,debit_spread,24554.95,20.88,1.0,0.0,0.0,1.037,0.885,0.316,6,14,14,2,0,0,0,0,0,high_vol_range,0.0,0,Trend stop: lost 20.5%,-594.75,224
2026-03-04T15:15:00+05:30,portfolio_hist,PREMIUM,EXIT,iron_condor,24455.45,21.11,1.0,0.0,0.0,1.037,0.476,0.527,6,15,15,2,0,0,0,0,0,high_vol_range,0.0,0,Time exit,381.75,328
2026-03-04T09:30:00+05:30,portfolio_hist,PREMIUM,SKIP,idle,24353.55,20.37,1.0,0.0,0.0,1.038,0.058,2.351,6,9,30,2,0,70,0,70,75,trending,0.0,0,,,
2026-03-04T09:35:00+05:30,portfolio_hist,PREMIUM,SKIP,idle,24324.5,20.56,1.0,0.0,0.0,1.038,0.062,2.351,6,9,35,2,0,70,0,70,75,trending,0.0,0,,,
2026-03-04T09:40:00+05:30,portfolio_hist,PREMIUM,SKIP,idle,24372.7,20.43,1.0,0.0,0.0,1.038,0.136,2.36,6,9,40,2,0,70,0,70,75,trending,0.0,0,,,
2026-03-04T09:45:00+05:30,portfolio_hist,PREMIUM,SKIP,idle,24413.15,20.32,1.0,0.0,0.0,1.038,0.302,0.347,6,9,45,2,0,62,0,62,75,high_vol_range,0.0,0,,,
2026-03-04T09:47:00+05:30,portfolio_hist,PREMIUM,ENTER,iron_condor,24367.7,20.56,1.0,0.0,0.0,1.038,0.116,0.347,6,9,47,2,0,82,0,82,75,high_vol_range,53.58,75,,,
2026-03-04T10:30:00+05:30,portfolio_hist,TREND,ENTER,debit_spread,24415.0,20.71,1.0,0.0,0.0,1.038,0.31,0.486,6,10,30,2,0,75,0,75,60,high_vol_range,38.69,75,,,
2026-03-04T10:31:00+05:30,portfolio_hist,TREND,EXIT,debit_spread,24414.1,20.73,1.0,0.0,0.0,1.038,0.306,0.486,6,10,31,2,0,0,0,0,0,high_vol_range,0.0,0,Trend profit: spread at 38.8% of max,4.5,1
2026-03-04T15:15:00+05:30,portfolio_hist,PREMIUM,EXIT,iron_condor,24455.45,21.11,1.0,0.0,0.0,1.037,0.476,0.527,6,15,15,2,0,0,0,0,0,high_vol_range,0.0,0,Time exit,381.75,328
2026-03-04T09:30:00+05:30,portfolio_hist,PREMIUM,SKIP,idle,24353.55,20.37,1.0,0.0,0.0,1.038,0.058,2.351,6,9,30,2,0,70,0,70,75,trending,0.0,0,,,
2026-03-04T09:35:00+05:30,portfolio_hist,PREMIUM,SKIP,idle,24324.5,20.56,1.0,0.0,0.0,1.038,0.062,2.351,6,9,35,2,0,70,0,70,75,trending,0.0,0,,,
2026-03-04T09:40:00+05:30,portfolio_hist,PREMIUM,SKIP,idle,24372.7,20.43,1.0,0.0,0.0,1.038,0.136,2.36,6,9,40,2,0,70,0,70,75,trending,0.0,0,,,
2026-03-04T09:45:00+05:30,portfolio_hist,PREMIUM,SKIP,idle,24413.15,20.32,1.0,0.0,0.0,1.038,0.302,0.347,6,9,45,2,0,62,0,62,75,high_vol_range,0.0,0,,,
2026-03-04T09:47:00+05:30,portfolio_hist,PREMIUM,ENTER,iron_condor,24367.7,20.56,1.0,0.0,0.0,1.038,0.116,0.347,6,9,47,2,0,82,0,82,75,high_vol_range,53.58,75,,,
2026-03-04T10:30:00+05:30,portfolio_hist,TREND,ENTER,debit_spread,24415.0,20.71,1.0,0.0,0.0,1.038,0.31,0.486,6,10,30,2,0,75,0,75,60,high_vol_range,38.69,75,,,
2026-03-04T10:35:00+05:30,portfolio_hist,TREND,EXIT,debit_spread,24384.3,20.84,1.0,0.0,0.0,1.037,0.184,0.412,6,10,35,2,0,0,0,0,0,high_vol_range,0.0,0,Trend profit: spread at 40.5% of max,137.25,5
2026-03-04T15:15:00+05:30,portfolio_hist,PREMIUM,EXIT,iron_condor,24455.45,21.11,1.0,0.0,0.0,1.037,0.476,0.527,6,15,15,2,0,0,0,0,0,high_vol_range,0.0,0,Time exit,381.75,328
2026-03-04T09:30:00+05:30,portfolio_hist,PREMIUM,SKIP,idle,24353.55,20.37,1.0,0.0,0.0,1.038,0.058,2.351,6,9,30,2,0,70,0,70,75,trending,0.0,0,,,
2026-03-04T09:35:00+05:30,portfolio_hist,PREMIUM,SKIP,idle,24324.5,20.56,1.0,0.0,0.0,1.038,0.062,2.351,6,9,35,2,0,70,0,70,75,trending,0.0,0,,,
2026-03-04T09:40:00+05:30,portfolio_hist,PREMIUM,SKIP,idle,24372.7,20.43,1.0,0.0,0.0,1.038,0.136,2.36,6,9,40,2,0,70,0,70,75,trending,0.0,0,,,
2026-03-04T09:45:00+05:30,portfolio_hist,PREMIUM,SKIP,idle,24413.15,20.32,1.0,0.0,0.0,1.038,0.302,0.347,6,9,45,2,0,62,0,62,75,high_vol_range,0.0,0,,,
2026-03-04T09:47:00+05:30,portfolio_hist,PREMIUM,ENTER,iron_condor,24367.7,20.56,1.0,0.0,0.0,1.038,0.116,0.347,6,9,47,2,0,82,0,82,75,high_vol_range,53.58,75,,,
2026-03-04T10:30:00+05:30,portfolio_hist,TREND,ENTER,debit_spread,24415.0,20.71,1.0,0.0,0.0,1.038,0.31,0.486,6,10,30,2,0,75,0,75,60,high_vol_range,38.69,75,,,
2026-03-04T15:15:00+05:30,portfolio_hist,PREMIUM,EXIT,iron_condor,24455.45,21.11,1.0,0.0,0.0,1.037,0.476,0.527,6,15,15,2,0,0,0,0,0,high_vol_range,0.0,0,Time exit,381.75,328
2026-03-04T15:16:00+05:30,portfolio_hist,TREND,EXIT,debit_spread,24469.8,21.06,1.0,0.0,0.0,1.037,0.535,0.527,6,15,16,2,0,0,0,0,0,high_vol_range,0.0,0,Time exit,-263.25,286
2026-03-04T09:30:00+05:30,portfolio_hist,PREMIUM,SKIP,idle,24353.55,20.37,1.0,0.0,0.0,1.038,0.058,2.351,6,9,30,2,0,70,0,70,75,trending,0.0,0,,,
2026-03-04T09:35:00+05:30,portfolio_hist,PREMIUM,SKIP,idle,24324.5,20.56,1.0,0.0,0.0,1.038,0.062,2.351,6,9,35,2,0,70,0,70,75,trending,0.0,0,,,
2026-03-04T09:40:00+05:30,portfolio_hist,PREMIUM,SKIP,idle,24372.7,20.43,1.0,0.0,0.0,1.038,0.136,2.36,6,9,40,2,0,70,0,70,75,trending,0.0,0,,,
2026-03-04T09:45:00+05:30,portfolio_hist,PREMIUM,SKIP,idle,24413.15,20.32,1.0,0.0,0.0,1.038,0.302,0.347,6,9,45,2,0,62,0,62,75,high_vol_range,0.0,0,,,
2026-03-04T09:47:00+05:30,portfolio_hist,PREMIUM,ENTER,iron_condor,24367.7,20.56,1.0,0.0,0.0,1.038,0.116,0.347,6,9,47,2,0,82,0,82,75,high_vol_range,53.58,75,,,
2026-03-04T10:30:00+05:30,portfolio_hist,TREND,ENTER,debit_spread,24415.0,20.71,1.0,0.0,0.0,1.038,0.31,0.486,6,10,30,2,0,75,0,75,60,high_vol_range,38.69,75,,,
2026-03-04T15:15:00+05:30,portfolio_hist,PREMIUM,EXIT,iron_condor,24455.45,21.11,1.0,0.0,0.0,1.037,0.476,0.527,6,15,15,2,0,0,0,0,0,high_vol_range,0.0,0,Time exit,381.75,328
2026-03-04T15:16:00+05:30,portfolio_hist,TREND,EXIT,debit_spread,24469.8,21.06,1.0,0.0,0.0,1.037,0.535,0.527,6,15,16,2,0,0,0,0,0,high_vol_range,0.0,0,Time exit,-263.25,286
2026-03-04T09:30:00+05:30,portfolio_hist,PREMIUM,SKIP,idle,24353.55,20.37,1.0,0.0,0.0,1.038,0.058,2.351,6,9,30,2,0,70,0,70,75,trending,0.0,0,,,
2026-03-04T09:35:00+05:30,portfolio_hist,PREMIUM,SKIP,idle,24324.5,20.56,1.0,0.0,0.0,1.038,0.062,2.351,6,9,35,2,0,70,0,70,75,trending,0.0,0,,,
2026-03-04T09:40:00+05:30,portfolio_hist,PREMIUM,SKIP,idle,24372.7,20.43,1.0,0.0,0.0,1.038,0.136,2.36,6,9,40,2,0,70,0,70,75,trending,0.0,0,,,
2026-03-04T09:45:00+05:30,portfolio_hist,PREMIUM,SKIP,idle,24413.15,20.32,1.0,0.0,0.0,1.038,0.302,0.347,6,9,45,2,0,62,0,62,75,high_vol_range,0.0,0,,,
2026-03-04T09:47:00+05:30,portfolio_hist,PREMIUM,ENTER,iron_condor,24367.7,20.56,1.0,0.0,0.0,1.038,0.116,0.347,6,9,47,2,0,82,0,82,75,high_vol_range,53.58,75,,,
2026-03-04T10:30:00+05:30,portfolio_hist,TREND,ENTER,debit_spread,24415.0,20.71,1.0,0.0,0.0,1.038,0.31,0.486,6,10,30,2,0,75,0,75,60,high_vol_range,38.69,75,,,
2026-03-04T15:15:00+05:30,portfolio_hist,PREMIUM,EXIT,iron_condor,24455.45,21.11,1.0,0.0,0.0,1.037,0.476,0.527,6,15,15,2,0,0,0,0,0,high_vol_range,0.0,0,Time exit,381.75,328
2026-03-04T15:16:00+05:30,portfolio_hist,TREND,EXIT,debit_spread,24469.8,21.06,1.0,0.0,0.0,1.037,0.535,0.527,6,15,16,2,0,0,0,0,0,high_vol_range,0.0,0,Time exit,-263.25,286
2026-03-04T09:30:00+05:30,portfolio_hist,PREMIUM,SKIP,idle,24353.55,20.37,1.0,0.0,0.0,1.038,0.058,2.351,6,9,30,2,0,70,0,70,75,trending,0.0,0,,,
2026-03-04T09:35:00+05:30,portfolio_hist,PREMIUM,SKIP,idle,24324.5,20.56,1.0,0.0,0.0,1.038,0.062,2.351,6,9,35,2,0,70,0,70,75,trending,0.0,0,,,
2026-03-04T09:40:00+05:30,portfolio_hist,PREMIUM,SKIP,idle,24372.7,20.43,1.0,0.0,0.0,1.038,0.136,2.36,6,9,40,2,0,70,0,70,75,trending,0.0,0,,,
2026-03-04T09:45:00+05:30,portfolio_hist,PREMIUM,SKIP,idle,24413.15,20.32,1.0,0.0,0.0,1.038,0.302,0.347,6,9,45,2,0,62,0,62,75,high_vol_range,0.0,0,,,
2026-03-04T09:47:00+05:30,portfolio_hist,PREMIUM,ENTER,iron_condor,24367.7,20.56,1.0,0.0,0.0,1.038,0.116,0.347,6,9,47,2,0,82,0,82,75,high_vol_range,53.58,75,,,
2026-03-04T10:30:00+05:30,portfolio_hist,TREND,ENTER,debit_spread,24415.0,20.71,1.0,0.0,0.0,1.038,0.31,0.486,6,10,30,2,0,75,0,75,60,high_vol_range,38.69,75,,,
2026-03-04T10:31:00+05:30,portfolio_hist,TREND,EXIT,debit_spread,24414.1,20.73,1.0,0.0,0.0,1.038,0.306,0.486,6,10,31,2,0,0,0,0,0,high_vol_range,0.0,0,Trend profit: spread at 38.8% of max,4.5,1
2026-03-04T15:15:00+05:30,portfolio_hist,PREMIUM,EXIT,iron_condor,24455.45,21.11,1.0,0.0,0.0,1.037,0.476,0.527,6,15,15,2,0,0,0,0,0,high_vol_range,0.0,0,Time exit,381.75,328
2026-03-04T09:30:00+05:30,portfolio_hist,PREMIUM,SKIP,idle,24353.55,20.37,1.0,0.0,0.0,1.038,0.058,2.351,6,9,30,2,0,70,0,70,75,trending,0.0,0,,,
2026-03-04T09:35:00+05:30,portfolio_hist,PREMIUM,SKIP,idle,24324.5,20.56,1.0,0.0,0.0,1.038,0.062,2.351,6,9,35,2,0,70,0,70,75,trending,0.0,0,,,
2026-03-04T09:40:00+05:30,portfolio_hist,PREMIUM,SKIP,idle,24372.7,20.43,1.0,0.0,0.0,1.038,0.136,2.36,6,9,40,2,0,70,0,70,75,trending,0.0,0,,,
2026-03-04T09:45:00+05:30,portfolio_hist,PREMIUM,SKIP,idle,24413.15,20.32,1.0,0.0,0.0,1.038,0.302,0.347,6,9,45,2,0,62,0,62,75,high_vol_range,0.0,0,,,
2026-03-04T09:47:00+05:30,portfolio_hist,PREMIUM,ENTER,iron_condor,24367.7,20.56,1.0,0.0,0.0,1.038,0.116,0.347,6,9,47,2,0,82,0,82,75,high_vol_range,53.58,75,,,
2026-03-04T10:30:00+05:30,portfolio_hist,TREND,ENTER,debit_spread,24415.0,20.71,1.0,0.0,0.0,1.038,0.31,0.486,6,10,30,2,0,75,0,75,60,high_vol_range,38.69,75,,,
2026-03-04T10:35:00+05:30,portfolio_hist,TREND,EXIT,debit_spread,24384.3,20.84,1.0,0.0,0.0,1.037,0.184,0.412,6,10,35,2,0,0,0,0,0,high_vol_range,0.0,0,Trend profit: spread at 40.5% of max,137.25,5
2026-03-04T15:15:00+05:30,portfolio_hist,PREMIUM,EXIT,iron_condor,24455.45,21.11,1.0,0.0,0.0,1.037,0.476,0.527,6,15,15,2,0,0,0,0,0,high_vol_range,0.0,0,Time exit,381.75,328
2026-03-04T09:30:00+05:30,portfolio_hist,PREMIUM,SKIP,idle,24353.55,20.37,1.0,0.0,0.0,1.038,0.058,2.351,6,9,30,2,0,70,0,70,75,trending,0.0,0,,,
2026-03-04T09:35:00+05:30,portfolio_hist,PREMIUM,SKIP,idle,24324.5,20.56,1.0,0.0,0.0,1.038,0.062,2.351,6,9,35,2,0,70,0,70,75,trending,0.0,0,,,
2026-03-04T09:40:00+05:30,portfolio_hist,PREMIUM,SKIP,idle,24372.7,20.43,1.0,0.0,0.0,1.038,0.136,2.36,6,9,40,2,0,70,0,70,75,trending,0.0,0,,,
2026-03-04T09:45:00+05:30,portfolio_hist,PREMIUM,SKIP,idle,24413.15,20.32,1.0,0.0,0.0,1.038,0.302,0.347,6,9,45,2,0,62,0,62,75,high_vol_range,0.0,0,,,
2026-03-04T09:47:00+05:30,portfolio_hist,PREMIUM,ENTER,iron_condor,24367.7,20.56,1.0,0.0,0.0,1.038,0.116,0.347,6,9,47,2,0,82,0,82,75,high_vol_range,53.58,75,,,
2026-03-04T10:30:00+05:30,portfolio_hist,TREND,ENTER,debit_spread,24415.0,20.71,1.0,0.0,0.0,1.038,0.31,0.486,6,10,30,2,0,75,0,75,60,high_vol_range,38.69,75,,,
2026-03-04T15:15:00+05:30,portfolio_hist,PREMIUM,EXIT,iron_condor,24455.45,21.11,1.0,0.0,0.0,1.037,0.476,0.527,6,15,15,2,0,0,0,0,0,high_vol_range,0.0,0,Time exit,381.75,328
2026-03-04T15:16:00+05:30,portfolio_hist,TREND,EXIT,debit_spread,24469.8,21.06,1.0,0.0,0.0,1.037,0.535,0.527,6,15,16,2,0,0,0,0,0,high_vol_range,0.0,0,Time exit,-263.25,286
2026-03-04T09:30:00+05:30,portfolio_hist,PREMIUM,SKIP,idle,24353.55,20.37,1.0,0.0,0.0,1.038,0.058,2.351,6,9,30,2,0,70,0,70,75,trending,0.0,0,,,
2026-03-04T09:35:00+05:30,portfolio_hist,PREMIUM,SKIP,idle,24324.5,20.56,1.0,0.0,0.0,1.038,0.062,2.351,6,9,35,2,0,70,0,70,75,trending,0.0,0,,,
2026-03-04T09:40:00+05:30,portfolio_hist,PREMIUM,SKIP,idle,24372.7,20.43,1.0,0.0,0.0,1.038,0.136,2.36,6,9,40,2,0,70,0,70,75,trending,0.0,0,,,
2026-03-04T09:45:00+05:30,portfolio_hist,PREMIUM,SKIP,idle,24413.15,20.32,1.0,0.0,0.0,1.038,0.302,0.347,6,9,45,2,0,62,0,62,75,high_vol_range,0.0,0,,,
2026-03-04T09:47:00+05:30,portfolio_hist,PREMIUM,ENTER,iron_condor,24367.7,20.56,1.0,0.0,0.0,1.038,0.116,0.347,6,9,47,2,0,82,0,82,75,high_vol_range,53.58,75,,,
2026-03-04T10:30:00+05:30,portfolio_hist,TREND,ENTER,debit_spread,24415.0,20.71,1.0,0.0,0.0,1.038,0.31,0.486,6,10,30,2,0,75,0,75,60,high_vol_range,38.69,75,,,
2026-03-04T15:15:00+05:30,portfolio_hist,PREMIUM,EXIT,iron_condor,24455.45,21.11,1.0,0.0,0.0,1.037,0.476,0.527,6,15,15,2,0,0,0,0,0,high_vol_range,0.0,0,Time exit,381.75,328
2026-03-04T15:16:00+05:30,portfolio_hist,TREND,EXIT,debit_spread,24469.8,21.06,1.0,0.0,0.0,1.037,0.535,0.527,6,15,16,2,0,0,0,0,0,high_vol_range,0.0,0,Time exit,-263.25,286
2026-03-04T09:30:00+05:30,portfolio_hist,PREMIUM,SKIP,idle,24353.55,20.37,1.0,0.0,0.0,1.038,0.058,2.351,6,9,30,2,0,70,0,70,75,trending,0.0,0,,,
2026-03-04T09:35:00+05:30,portfolio_hist,PREMIUM,SKIP,idle,24324.5,20.56,1.0,0.0,0.0,1.038,0.062,2.351,6,9,35,2,0,70,0,70,75,trending,0.0,0,,,
2026-03-04T09:40:00+05:30,portfolio_hist,PREMIUM,SKIP,idle,24372.7,20.43,1.0,0.0,0.0,1.038,0.136,2.36,6,9,40,2,0,70,0,70,75,trending,0.0,0,,,
2026-03-04T09:45:00+05:30,portfolio_hist,PREMIUM,SKIP,idle,24413.15,20.32,1.0,0.0,0.0,1.038,0.302,0.347,6,9,45,2,0,62,0,62,75,high_vol_range,0.0,0,,,
2026-03-04T09:47:00+05:30,portfolio_hist,PREMIUM,ENTER,iron_condor,24367.7,20.56,1.0,0.0,0.0,1.038,0.116,0.347,6,9,47,2,0,82,0,82,75,high_vol_range,53.58,75,,,
2026-03-04T10:30:00+05:30,portfolio_hist,TREND,ENTER,debit_spread,24415.0,20.71,1.0,0.0,0.0,1.038,0.31,0.486,6,10,30,2,0,75,0,75,60,high_vol_range,38.69,75,,,
2026-03-04T15:15:00+05:30,portfolio_hist,PREMIUM,EXIT,iron_condor,24455.45,21.11,1.0,0.0,0.0,1.037,0.476,0.527,6,15,15,2,0,0,0,0,0,high_vol_range,0.0,0,Time exit,381.75,328
2026-03-04T15:16:00+05:30,portfolio_hist,TREND,EXIT,debit_spread,24469.8,21.06,1.0,0.0,0.0,1.037,0.535,0.527,6,15,16,2,0,0,0,0,0,high_vol_range,0.0,0,Time exit,-263.25,286
2026-03-04T09:30:00+05:30,portfolio_hist,PREMIUM,SKIP,idle,24353.55,20.37,1.0,0.0,0.0,1.038,0.058,2.351,6,9,30,2,0,70,0,70,75,trending,0.0,0,,,
2026-03-04T09:35:00+05:30,portfolio_hist,PREMIUM,SKIP,idle,24324.5,20.56,1.0,0.0,0.0,1.038,0.062,2.351,6,9,35,2,0,70,0,70,75,trending,0.0,0,,,
2026-03-04T09:40:00+05:30,portfolio_hist,PREMIUM,SKIP,idle,24372.7,20.43,1.0,0.0,0.0,1.038,0.136,2.36,6,9,40,2,0,70,0,70,75,trending,0.0,0,,,
2026-03-04T09:45:00+05:30,portfolio_hist,PREMIUM,SKIP,idle,24413.15,20.32,1.0,0.0,0.0,1.038,0.302,0.347,6,9,45,2,0,62,0,62,75,high_vol_range,0.0,0,,,
2026-03-04T09:47:00+05:30,portfolio_hist,PREMIUM,ENTER,iron_condor,24367.7,20.56,1.0,0.0,0.0,1.038,0.116,0.347,6,9,47,2,0,82,0,82,75,high_vol_range,53.58,75,,,
2026-03-04T10:30:00+05:30,portfolio_hist,TREND,ENTER,debit_spread,24415.0,20.71,1.0,0.0,0.0,1.038,0.31,0.486,6,10,30,2,0,75,0,75,60,high_vol_range,38.69,75,,,
2026-03-04T10:31:00+05:30,portfolio_hist,TREND,EXIT,debit_spread,24414.1,20.73,1.0,0.0,0.0,1.038,0.306,0.486,6,10,31,2,0,0,0,0,0,high_vol_range,0.0,0,Trend profit: spread at 38.8% of max,4.5,1
2026-03-04T15:15:00+05:30,portfolio_hist,PREMIUM,EXIT,iron_condor,24455.45,21.11,1.0,0.0,0.0,1.037,0.476,0.527,6,15,15,2,0,0,0,0,0,high_vol_range,0.0,0,Time exit,381.75,328
2026-03-04T09:30:00+05:30,portfolio_hist,PREMIUM,SKIP,idle,24353.55,20.37,1.0,0.0,0.0,1.038,0.058,2.351,6,9,30,2,0,70,0,70,75,trending,0.0,0,,,
2026-03-04T09:35:00+05:30,portfolio_hist,PREMIUM,SKIP,idle,24324.5,20.56,1.0,0.0,0.0,1.038,0.062,2.351,6,9,35,2,0,70,0,70,75,trending,0.0,0,,,
2026-03-04T09:40:00+05:30,portfolio_hist,PREMIUM,SKIP,idle,24372.7,20.43,1.0,0.0,0.0,1.038,0.136,2.36,6,9,40,2,0,70,0,70,75,trending,0.0,0,,,
2026-03-04T09:45:00+05:30,portfolio_hist,PREMIUM,SKIP,idle,24413.15,20.32,1.0,0.0,0.0,1.038,0.302,0.347,6,9,45,2,0,62,0,62,75,high_vol_range,0.0,0,,,
2026-03-04T09:47:00+05:30,portfolio_hist,PREMIUM,ENTER,iron_condor,24367.7,20.56,1.0,0.0,0.0,1.038,0.116,0.347,6,9,47,2,0,82,0,82,75,high_vol_range,53.58,75,,,
2026-03-04T10:30:00+05:30,portfolio_hist,TREND,ENTER,debit_spread,24415.0,20.71,1.0,0.0,0.0,1.038,0.31,0.486,6,10,30,2,0,75,0,75,60,high_vol_range,38.69,75,,,
2026-03-04T10:35:00+05:30,portfolio_hist,TREND,EXIT,debit_spread,24384.3,20.84,1.0,0.0,0.0,1.037,0.184,0.412,6,10,35,2,0,0,0,0,0,high_vol_range,0.0,0,Trend profit: spread at 40.5% of max,137.25,5
2026-03-04T15:15:00+05:30,portfolio_hist,PREMIUM,EXIT,iron_condor,24455.45,21.11,1.0,0.0,0.0,1.037,0.476,0.527,6,15,15,2,0,0,0,0,0,high_vol_range,0.0,0,Time exit,381.75,328
2026-03-04T09:30:00+05:30,portfolio_hist,PREMIUM,SKIP,idle,24353.55,20.37,1.0,0.0,0.0,1.038,0.058,2.351,6,9,30,2,0,70,0,70,75,trending,0.0,0,,,
2026-03-04T09:35:00+05:30,portfolio_hist,PREMIUM,SKIP,idle,24324.5,20.56,1.0,0.0,0.0,1.038,0.062,2.351,6,9,35,2,0,70,0,70,75,trending,0.0,0,,,
2026-03-04T09:40:00+05:30,portfolio_hist,PREMIUM,SKIP,idle,24372.7,20.43,1.0,0.0,0.0,1.038,0.136,2.36,6,9,40,2,0,70,0,70,75,trending,0.0,0,,,
2026-03-04T09:45:00+05:30,portfolio_hist,PREMIUM,SKIP,idle,24413.15,20.32,1.0,0.0,0.0,1.038,0.302,0.347,6,9,45,2,0,62,0,62,75,high_vol_range,0.0,0,,,
2026-03-04T09:47:00+05:30,portfolio_hist,PREMIUM,ENTER,iron_condor,24367.7,20.56,1.0,0.0,0.0,1.038,0.116,0.347,6,9,47,2,0,82,0,82,75,high_vol_range,53.58,75,,,
2026-03-04T10:30:00+05:30,portfolio_hist,TREND,ENTER,debit_spread,24415.0,20.71,1.0,0.0,0.0,1.038,0.31,0.486,6,10,30,2,0,75,0,75,60,high_vol_range,38.69,75,,,
2026-03-04T15:15:00+05:30,portfolio_hist,PREMIUM,EXIT,iron_condor,24455.45,21.11,1.0,0.0,0.0,1.037,0.476,0.527,6,15,15,2,0,0,0,0,0,high_vol_range,0.0,0,Time exit,381.75,328
2026-03-04T15:16:00+05:30,portfolio_hist,TREND,EXIT,debit_spread,24469.8,21.06,1.0,0.0,0.0,1.037,0.535,0.527,6,15,16,2,0,0,0,0,0,high_vol_range,0.0,0,Time exit,-263.25,286
2026-03-04T09:30:00+05:30,portfolio_hist,PREMIUM,SKIP,idle,24353.55,20.37,1.0,0.0,0.0,1.038,0.058,2.351,6,9,30,2,0,70,0,70,75,trending,0.0,0,,,
2026-03-04T09:35:00+05:30,portfolio_hist,PREMIUM,SKIP,idle,24324.5,20.56,1.0,0.0,0.0,1.038,0.062,2.351,6,9,35,2,0,70,0,70,75,trending,0.0,0,,,
2026-03-04T09:40:00+05:30,portfolio_hist,PREMIUM,SKIP,idle,24372.7,20.43,1.0,0.0,0.0,1.038,0.136,2.36,6,9,40,2,0,70,0,70,75,trending,0.0,0,,,
2026-03-04T09:45:00+05:30,portfolio_hist,PREMIUM,SKIP,idle,24413.15,20.32,1.0,0.0,0.0,1.038,0.302,0.347,6,9,45,2,0,62,0,62,75,high_vol_range,0.0,0,,,
2026-03-04T09:47:00+05:30,portfolio_hist,PREMIUM,ENTER,iron_condor,24367.7,20.56,1.0,0.0,0.0,1.038,0.116,0.347,6,9,47,2,0,82,0,82,75,high_vol_range,53.58,75,,,
2026-03-04T10:30:00+05:30,portfolio_hist,TREND,ENTER,debit_spread,24415.0,20.71,1.0,0.0,0.0,1.038,0.31,0.486,6,10,30,2,0,75,0,75,60,high_vol_range,38.69,75,,,
2026-03-04T15:15:00+05:30,portfolio_hist,PREMIUM,EXIT,iron_condor,24455.45,21.11,1.0,0.0,0.0,1.037,0.476,0.527,6,15,15,2,0,0,0,0,0,high_vol_range,0.0,0,Time exit,381.75,328
2026-03-04T15:16:00+05:30,portfolio_hist,TREND,EXIT,debit_spread,24469.8,21.06,1.0,0.0,0.0,1.037,0.535,0.527,6,15,16,2,0,0,0,0,0,high_vol_range,0.0,0,Time exit,-263.25,286
2026-03-04T09:30:00+05:30,portfolio_hist,PREMIUM,SKIP,idle,24353.55,20.37,1.0,0.0,0.0,1.038,0.058,2.351,6,9,30,2,0,70,0,70,75,trending,0.0,0,,,
2026-03-04T09:35:00+05:30,portfolio_hist,PREMIUM,SKIP,idle,24324.5,20.56,1.0,0.0,0.0,1.038,0.062,2.351,6,9,35,2,0,70,0,70,75,trending,0.0,0,,,
2026-03-04T09:40:00+05:30,portfolio_hist,PREMIUM,SKIP,idle,24372.7,20.43,1.0,0.0,0.0,1.038,0.136,2.36,6,9,40,2,0,70,0,70,75,trending,0.0,0,,,
2026-03-04T09:45:00+05:30,portfolio_hist,PREMIUM,SKIP,idle,24413.15,20.32,1.0,0.0,0.0,1.038,0.302,0.347,6,9,45,2,0,62,0,62,75,high_vol_range,0.0,0,,,
2026-03-04T09:47:00+05:30,portfolio_hist,PREMIUM,ENTER,iron_condor,24367.7,20.56,1.0,0.0,0.0,1.038,0.116,0.347,6,9,47,2,0,82,0,82,75,high_vol_range,53.58,75,,,
2026-03-04T10:30:00+05:30,portfolio_hist,TREND,ENTER,debit_spread,24415.0,20.71,1.0,0.0,0.0,1.038,0.31,0.486,6,10,30,2,0,75,0,75,60,high_vol_range,38.69,75,,,
2026-03-04T15:15:00+05:30,portfolio_hist,PREMIUM,EXIT,iron_condor,24455.45,21.11,1.0,0.0,0.0,1.037,0.476,0.527,6,15,15,2,0,0,0,0,0,high_vol_range,0.0,0,Time exit,381.75,328
2026-03-04T15:16:00+05:30,portfolio_hist,TREND,EXIT,debit_spread,24469.8,21.06,1.0,0.0,0.0,1.037,0.535,0.527,6,15,16,2,0,0,0,0,0,high_vol_range,0.0,0,Time exit,-263.25,286
2026-03-04T09:30:00+05:30,portfolio_hist,PREMIUM,SKIP,idle,24353.55,20.37,1.0,0.0,0.0,1.038,0.058,2.351,6,9,30,2,0,70,0,70,75,trending,0.0,0,,,
2026-03-04T09:35:00+05:30,portfolio_hist,PREMIUM,SKIP,idle,24324.5,20.56,1.0,0.0,0.0,1.038,0.062,2.351,6,9,35,2,0,70,0,70,75,trending,0.0,0,,,
2026-03-04T09:40:00+05:30,portfolio_hist,PREMIUM,SKIP,idle,24372.7,20.43,1.0,0.0,0.0,1.038,0.136,2.36,6,9,40,2,0,70,0,70,75,trending,0.0,0,,,
2026-03-04T09:45:00+05:30,portfolio_hist,PREMIUM,SKIP,idle,24413.15,20.32,1.0,0.0,0.0,1.038,0.302,0.347,6,9,45,2,0,62,0,62,75,high_vol_range,0.0,0,,,
2026-03-04T09:47:00+05:30,portfolio_hist,PREMIUM,ENTER,iron_condor,24367.7,20.56,1.0,0.0,0.0,1.038,0.116,0.347,6,9,47,2,0,82,0,82,75,high_vol_range,53.58,75,,,
2026-03-04T10:30:00+05:30,portfolio_hist,TREND,ENTER,debit_spread,24415.0,20.71,1.0,0.0,0.0,1.038,0.31,0.486,6,10,30,2,0,75,0,75,60,high_vol_range,38.69,75,,,
2026-03-04T10:31:00+05:30,portfolio_hist,TREND,EXIT,debit_spread,24414.1,20.73,1.0,0.0,0.0,1.038,0.306,0.486,6,10,31,2,0,0,0,0,0,high_vol_range,0.0,0,Trend profit: spread at 38.8% of max,4.5,1
2026-03-04T15:15:00+05:30,portfolio_hist,PREMIUM,EXIT,iron_condor,24455.45,21.11,1.0,0.0,0.0,1.037,0.476,0.527,6,15,15,2,0,0,0,0,0,high_vol_range,0.0,0,Time exit,381.75,328
2026-03-04T09:30:00+05:30,portfolio_hist,PREMIUM,SKIP,idle,24353.55,20.37,1.0,0.0,0.0,1.038,0.058,2.351,6,9,30,2,0,70,0,70,75,trending,0.0,0,,,
2026-03-04T09:35:00+05:30,portfolio_hist,PREMIUM,SKIP,idle,24324.5,20.56,1.0,0.0,0.0,1.038,0.062,2.351,6,9,35,2,0,70,0,70,75,trending,0.0,0,,,
2026-03-04T09:40:00+05:30,portfolio_hist,PREMIUM,SKIP,idle,24372.7,20.43,1.0,0.0,0.0,1.038,0.136,2.36,6,9,40,2,0,70,0,70,75,trending,0.0,0,,,
2026-03-04T09:45:00+05:30,portfolio_hist,PREMIUM,SKIP,idle,24413.15,20.32,1.0,0.0,0.0,1.038,0.302,0.347,6,9,45,2,0,62,0,62,75,high_vol_range,0.0,0,,,
2026-03-04T09:47:00+05:30,portfolio_hist,PREMIUM,ENTER,iron_condor,24367.7,20.56,1.0,0.0,0.0,1.038,0.116,0.347,6,9,47,2,0,82,0,82,75,high_vol_range,53.58,75,,,
2026-03-04T10:30:00+05:30,portfolio_hist,TREND,ENTER,debit_spread,24415.0,20.71,1.0,0.0,0.0,1.038,0.31,0.486,6,10,30,2,0,75,0,75,60,high_vol_range,38.69,75,,,
2026-03-04T10:35:00+05:30,portfolio_hist,TREND,EXIT,debit_spread,24384.3,20.84,1.0,0.0,0.0,1.037,0.184,0.412,6,10,35,2,0,0,0,0,0,high_vol_range,0.0,0,Trend profit: spread at 40.5% of max,137.25,5
2026-03-04T15:15:00+05:30,portfolio_hist,PREMIUM,EXIT,iron_condor,24455.45,21.11,1.0,0.0,0.0,1.037,0.476,0.527,6,15,15,2,0,0,0,0,0,high_vol_range,0.0,0,Time exit,381.75,328
2026-03-04T09:30:00+05:30,portfolio_hist,PREMIUM,SKIP,idle,24353.55,20.37,1.0,0.0,0.0,1.038,0.058,2.351,6,9,30,2,0,70,0,70,75,trending,0.0,0,,,
2026-03-04T09:35:00+05:30,portfolio_hist,PREMIUM,SKIP,idle,24324.5,20.56,1.0,0.0,0.0,1.038,0.062,2.351,6,9,35,2,0,70,0,70,75,trending,0.0,0,,,
2026-03-04T09:40:00+05:30,portfolio_hist,PREMIUM,SKIP,idle,24372.7,20.43,1.0,0.0,0.0,1.038,0.136,2.36,6,9,40,2,0,70,0,70,75,trending,0.0,0,,,
2026-03-04T09:45:00+05:30,portfolio_hist,PREMIUM,SKIP,idle,24413.15,20.32,1.0,0.0,0.0,1.038,0.302,0.347,6,9,45,2,0,62,0,62,75,high_vol_range,0.0,0,,,
2026-03-04T09:47:00+05:30,portfolio_hist,PREMIUM,ENTER,iron_condor,24367.7,20.56,1.0,0.0,0.0,1.038,0.116,0.347,6,9,47,2,0,82,0,82,75,high_vol_range,53.58,75,,,
2026-03-04T10:30:00+05:30,portfolio_hist,TREND,ENTER,debit_spread,24415.0,20.71,1.0,0.0,0.0,1.038,0.31,0.486,6,10,30,2,0,75,0,75,60,high_vol_range,38.69,75,,,
2026-03-04T15:15:00+05:30,portfolio_hist,PREMIUM,EXIT,iron_condor,24455.45,21.11,1.0,0.0,0.0,1.037,0.476,0.527,6,15,15,2,0,0,0,0,0,high_vol_range,0.0,0,Time exit,381.75,328
2026-03-04T15:16:00+05:30,portfolio_hist,TREND,EXIT,debit_spread,24469.8,21.06,1.0,0.0,0.0,1.037,0.535,0.527,6,15,16,2,0,0,0,0,0,high_vol_range,0.0,0,Time exit,-263.25,286
2026-03-04T09:30:00+05:30,portfolio_hist,PREMIUM,SKIP,idle,24353.55,20.37,1.0,0.0,0.0,1.038,0.058,2.351,6,9,30,2,0,70,0,70,75,trending,0.0,0,,,
2026-03-04T09:35:00+05:30,portfolio_hist,PREMIUM,SKIP,idle,24324.5,20.56,1.0,0.0,0.0,1.038,0.062,2.351,6,9,35,2,0,70,0,70,75,trending,0.0,0,,,
2026-03-04T09:40:00+05:30,portfolio_hist,PREMIUM,SKIP,idle,24372.7,20.43,1.0,0.0,0.0,1.038,0.136,2.36,6,9,40,2,0,70,0,70,75,trending,0.0,0,,,
2026-03-04T09:45:00+05:30,portfolio_hist,PREMIUM,SKIP,idle,24413.15,20.32,1.0,0.0,0.0,1.038,0.302,0.347,6,9,45,2,0,62,0,62,75,high_vol_range,0.0,0,,,
2026-03-04T09:47:00+05:30,portfolio_hist,PREMIUM,ENTER,iron_condor,24367.7,20.56,1.0,0.0,0.0,1.038,0.116,0.347,6,9,47,2,0,82,0,82,75,high_vol_range,53.58,75,,,
2026-03-04T10:30:00+05:30,portfolio_hist,TREND,ENTER,debit_spread,24415.0,20.71,1.0,0.0,0.0,1.038,0.31,0.486,6,10,30,2,0,75,0,75,60,high_vol_range,38.69,75,,,
2026-03-04T15:15:00+05:30,portfolio_hist,PREMIUM,EXIT,iron_condor,24455.45,21.11,1.0,0.0,0.0,1.037,0.476,0.527,6,15,15,2,0,0,0,0,0,high_vol_range,0.0,0,Time exit,381.75,328
2026-03-04T15:16:00+05:30,portfolio_hist,TREND,EXIT,debit_spread,24469.8,21.06,1.0,0.0,0.0,1.037,0.535,0.527,6,15,16,2,0,0,0,0,0,high_vol_range,0.0,0,Time exit,-263.25,286
2026-03-04T09:30:00+05:30,portfolio_hist,PREMIUM,SKIP,idle,24353.55,20.37,1.0,0.0,0.0,1.038,0.058,2.351,6,9,30,2,0,70,0,70,75,trending,0.0,0,,,
2026-03-04T09:35:00+05:30,portfolio_hist,PREMIUM,SKIP,idle,24324.5,20.56,1.0,0.0,0.0,1.038,0.062,2.351,6,9,35,2,0,70,0,70,75,trending,0.0,0,,,
2026-03-04T09:40:00+05:30,portfolio_hist,PREMIUM,SKIP,idle,24372.7,20.43,1.0,0.0,0.0,1.038,0.136,2.36,6,9,40,2,0,70,0,70,75,trending,0.0,0,,,
2026-03-04T09:45:00+05:30,portfolio_hist,PREMIUM,SKIP,idle,24413.15,20.32,1.0,0.0,0.0,1.038,0.302,0.347,6,9,45,2,0,62,0,62,75,high_vol_range,0.0,0,,,
2026-03-04T09:47:00+05:30,portfolio_hist,PREMIUM,ENTER,iron_condor,24367.7,20.56,1.0,0.0,0.0,1.038,0.116,0.347,6,9,47,2,0,82,0,82,75,high_vol_range,53.58,75,,,
2026-03-04T10:30:00+05:30,portfolio_hist,TREND,ENTER,debit_spread,24415.0,20.71,1.0,0.0,0.0,1.038,0.31,0.486,6,10,30,2,0,75,0,75,60,high_vol_range,38.69,75,,,
2026-03-04T15:15:00+05:30,portfolio_hist,PREMIUM,EXIT,iron_condor,24455.45,21.11,1.0,0.0,0.0,1.037,0.476,0.527,6,15,15,2,0,0,0,0,0,high_vol_range,0.0,0,Time exit,381.75,328
2026-03-04T15:16:00+05:30,portfolio_hist,TREND,EXIT,debit_spread,24469.8,21.06,1.0,0.0,0.0,1.037,0.535,0.527,6,15,16,2,0,0,0,0,0,high_vol_range,0.0,0,Time exit,-263.25,286
2026-03-04T09:30:00+05:30,portfolio_hist,PREMIUM,SKIP,idle,24353.55,20.37,1.0,0.0,0.0,1.038,0.058,2.351,6,9,30,2,0,70,0,70,75,trending,0.0,0,,,
2026-03-04T09:35:00+05:30,portfolio_hist,PREMIUM,SKIP,idle,24324.5,20.56,1.0,0.0,0.0,1.038,0.062,2.351,6,9,35,2,0,70,0,70,75,trending,0.0,0,,,
2026-03-04T09:40:00+05:30,portfolio_hist,PREMIUM,SKIP,idle,24372.7,20.43,1.0,0.0,0.0,1.038,0.136,2.36,6,9,40,2,0,70,0,70,75,trending,0.0,0,,,
2026-03-04T09:45:00+05:30,portfolio_hist,PREMIUM,SKIP,idle,24413.15,20.32,1.0,0.0,0.0,1.038,0.302,0.347,6,9,45,2,0,62,0,62,75,high_vol_range,0.0,0,,,
2026-03-04T09:47:00+05:30,portfolio_hist,PREMIUM,ENTER,iron_condor,24367.7,20.56,1.0,0.0,0.0,1.038,0.116,0.347,6,9,47,2,0,82,0,82,75,high_vol_range,53.58,75,,,
2026-03-04T10:30:00+05:30,portfolio_hist,TREND,ENTER,debit_spread,24415.0,20.71,1.0,0.0,0.0,1.038,0.31,0.486,6,10,30,2,0,75,0,75,60,high_vol_range,38.69,75,,,
2026-03-04T14:12:00+05:30,portfolio_hist,TREND,EXIT,debit_spread,24519.2,20.96,1.0,0.0,0.0,1.037,0.738,0.316,6,14,12,2,0,0,0,0,0,high_vol_range,0.0,0,Trend stop: lost 15.7%,-456.75,222
2026-03-04T15:15:00+05:30,portfolio_hist,PREMIUM,EXIT,iron_condor,24455.45,21.11,1.0,0.0,0.0,1.037,0.476,0.527,6,15,15,2,0,0,0,0,0,high_vol_range,0.0,0,Time exit,381.75,328
2026-03-04T09:30:00+05:30,portfolio_hist,PREMIUM,SKIP,idle,24353.55,20.37,1.0,0.0,0.0,1.038,0.058,2.351,6,9,30,2,0,70,0,70,75,trending,0.0,0,,,
2026-03-04T09:35:00+05:30,portfolio_hist,PREMIUM,SKIP,idle,24324.5,20.56,1.0,0.0,0.0,1.038,0.062,2.351,6,9,35,2,0,70,0,70,75,trending,0.0,0,,,
2026-03-04T09:40:00+05:30,portfolio_hist,PREMIUM,SKIP,idle,24372.7,20.43,1.0,0.0,0.0,1.038,0.136,2.36,6,9,40,2,0,70,0,70,75,trending,0.0,0,,,
2026-03-04T09:45:00+05:30,portfolio_hist,PREMIUM,SKIP,idle,24413.15,20.32,1.0,0.0,0.0,1.038,0.302,0.347,6,9,45,2,0,62,0,62,75,high_vol_range,0.0,0,,,
2026-03-04T09:47:00+05:30,portfolio_hist,PREMIUM,ENTER,iron_condor,24367.7,20.56,1.0,0.0,0.0,1.038,0.116,0.347,6,9,47,2,0,82,0,82,75,high_vol_range,53.58,75,,,
2026-03-04T10:30:00+05:30,portfolio_hist,TREND,ENTER,debit_spread,24415.0,20.71,1.0,0.0,0.0,1.038,0.31,0.486,6,10,30,2,0,75,0,75,60,high_vol_range,38.69,75,,,
2026-03-04T14:12:00+05:30,portfolio_hist,TREND,EXIT,debit_spread,24519.2,20.96,1.0,0.0,0.0,1.037,0.738,0.316,6,14,12,2,0,0,0,0,0,high_vol_range,0.0,0,Trend stop: lost 15.7%,-456.75,222
2026-03-04T15:15:00+05:30,portfolio_hist,PREMIUM,EXIT,iron_condor,24455.45,21.11,1.0,0.0,0.0,1.037,0.476,0.527,6,15,15,2,0,0,0,0,0,high_vol_range,0.0,0,Time exit,381.75,328
2026-03-04T09:30:00+05:30,portfolio_hist,PREMIUM,SKIP,idle,24353.55,20.37,1.0,0.0,0.0,1.038,0.058,2.351,6,9,30,2,0,70,0,70,75,trending,0.0,0,,,
2026-03-04T09:35:00+05:30,portfolio_hist,PREMIUM,SKIP,idle,24324.5,20.56,1.0,0.0,0.0,1.038,0.062,2.351,6,9,35,2,0,70,0,70,75,trending,0.0,0,,,
2026-03-04T09:40:00+05:30,portfolio_hist,PREMIUM,SKIP,idle,24372.7,20.43,1.0,0.0,0.0,1.038,0.136,2.36,6,9,40,2,0,70,0,70,75,trending,0.0,0,,,
2026-03-04T09:45:00+05:30,portfolio_hist,PREMIUM,SKIP,idle,24413.15,20.32,1.0,0.0,0.0,1.038,0.302,0.347,6,9,45,2,0,62,0,62,75,high_vol_range,0.0,0,,,
2026-03-04T09:47:00+05:30,portfolio_hist,PREMIUM,ENTER,iron_condor,24367.7,20.56,1.0,0.0,0.0,1.038,0.116,0.347,6,9,47,2,0,82,0,82,75,high_vol_range,53.58,75,,,
2026-03-04T10:30:00+05:30,portfolio_hist,TREND,ENTER,debit_spread,24415.0,20.71,1.0,0.0,0.0,1.038,0.31,0.486,6,10,30,2,0,75,0,75,60,high_vol_range,38.69,75,,,
2026-03-04T14:12:00+05:30,portfolio_hist,TREND,EXIT,debit_spread,24519.2,20.96,1.0,0.0,0.0,1.037,0.738,0.316,6,14,12,2,0,0,0,0,0,high_vol_range,0.0,0,Trend stop: lost 15.7%,-456.75,222
2026-03-04T15:15:00+05:30,portfolio_hist,PREMIUM,EXIT,iron_condor,24455.45,21.11,1.0,0.0,0.0,1.037,0.476,0.527,6,15,15,2,0,0,0,0,0,high_vol_range,0.0,0,Time exit,381.75,328
2026-03-04T09:30:00+05:30,portfolio_hist,PREMIUM,SKIP,idle,24353.55,20.37,1.0,0.0,0.0,1.038,0.058,2.351,6,9,30,2,0,70,0,70,75,trending,0.0,0,,,
2026-03-04T09:35:00+05:30,portfolio_hist,PREMIUM,SKIP,idle,24324.5,20.56,1.0,0.0,0.0,1.038,0.062,2.351,6,9,35,2,0,70,0,70,75,trending,0.0,0,,,
2026-03-04T09:40:00+05:30,portfolio_hist,PREMIUM,SKIP,idle,24372.7,20.43,1.0,0.0,0.0,1.038,0.136,2.36,6,9,40,2,0,70,0,70,75,trending,0.0,0,,,
2026-03-04T09:45:00+05:30,portfolio_hist,PREMIUM,SKIP,idle,24413.15,20.32,1.0,0.0,0.0,1.038,0.302,0.347,6,9,45,2,0,62,0,62,75,high_vol_range,0.0,0,,,
2026-03-04T09:47:00+05:30,portfolio_hist,PREMIUM,ENTER,iron_condor,24367.7,20.56,1.0,0.0,0.0,1.038,0.116,0.347,6,9,47,2,0,82,0,82,75,high_vol_range,53.58,75,,,
2026-03-04T10:30:00+05:30,portfolio_hist,TREND,ENTER,debit_spread,24415.0,20.71,1.0,0.0,0.0,1.038,0.31,0.486,6,10,30,2,0,75,0,75,60,high_vol_range,38.69,75,,,
2026-03-04T14:12:00+05:30,portfolio_hist,TREND,EXIT,debit_spread,24519.2,20.96,1.0,0.0,0.0,1.037,0.738,0.316,6,14,12,2,0,0,0,0,0,high_vol_range,0.0,0,Trend stop: lost 15.7%,-456.75,222
2026-03-04T15:15:00+05:30,portfolio_hist,PREMIUM,EXIT,iron_condor,24455.45,21.11,1.0,0.0,0.0,1.037,0.476,0.527,6,15,15,2,0,0,0,0,0,high_vol_range,0.0,0,Time exit,381.75,328
2026-03-04T09:30:00+05:30,portfolio_hist,PREMIUM,SKIP,idle,24353.55,20.37,1.0,0.0,0.0,1.038,0.058,2.351,6,9,30,2,0,70,0,70,75,trending,0.0,0,,,
2026-03-04T09:35:00+05:30,portfolio_hist,PREMIUM,SKIP,idle,24324.5,20.56,1.0,0.0,0.0,1.038,0.062,2.351,6,9,35,2,0,70,0,70,75,trending,0.0,0,,,
2026-03-04T09:40:00+05:30,portfolio_hist,PREMIUM,SKIP,idle,24372.7,20.43,1.0,0.0,0.0,1.038,0.136,2.36,6,9,40,2,0,70,0,70,75,trending,0.0,0,,,
2026-03-04T09:45:00+05:30,portfolio_hist,PREMIUM,SKIP,idle,24413.15,20.32,1.0,0.0,0.0,1.038,0.302,0.347,6,9,45,2,0,62,0,62,75,high_vol_range,0.0,0,,,
2026-03-04T09:47:00+05:30,portfolio_hist,PREMIUM,ENTER,iron_condor,24367.7,20.56,1.0,0.0,0.0,1.038,0.116,0.347,6,9,47,2,0,82,0,82,75,high_vol_range,53.58,75,,,
2026-03-04T10:30:00+05:30,portfolio_hist,TREND,ENTER,debit_spread,24415.0,20.71,1.0,0.0,0.0,1.038,0.31,0.486,6,10,30,2,0,75,0,75,60,high_vol_range,38.69,75,,,
2026-03-04T14:12:00+05:30,portfolio_hist,TREND,EXIT,debit_spread,24519.2,20.96,1.0,0.0,0.0,1.037,0.738,0.316,6,14,12,2,0,0,0,0,0,high_vol_range,0.0,0,Trend stop: lost 15.7%,-456.75,222
2026-03-04T15:15:00+05:30,portfolio_hist,PREMIUM,EXIT,iron_condor,24455.45,21.11,1.0,0.0,0.0,1.037,0.476,0.527,6,15,15,2,0,0,0,0,0,high_vol_range,0.0,0,Time exit,381.75,328
2026-03-04T09:30:00+05:30,portfolio_hist,PREMIUM,SKIP,idle,24353.55,20.37,1.0,0.0,0.0,1.038,0.058,2.351,6,9,30,2,0,70,0,70,75,trending,0.0,0,,,
2026-03-04T09:35:00+05:30,portfolio_hist,PREMIUM,SKIP,idle,24324.5,20.56,1.0,0.0,0.0,1.038,0.062,2.351,6,9,35,2,0,70,0,70,75,trending,0.0,0,,,
2026-03-04T09:40:00+05:30,portfolio_hist,PREMIUM,SKIP,idle,24372.7,20.43,1.0,0.0,0.0,1.038,0.136,2.36,6,9,40,2,0,70,0,70,75,trending,0.0,0,,,
2026-03-04T09:45:00+05:30,portfolio_hist,PREMIUM,SKIP,idle,24413.15,20.32,1.0,0.0,0.0,1.038,0.302,0.347,6,9,45,2,0,62,0,62,75,high_vol_range,0.0,0,,,
2026-03-04T09:47:00+05:30,portfolio_hist,PREMIUM,ENTER,iron_condor,24367.7,20.56,1.0,0.0,0.0,1.038,0.116,0.347,6,9,47,2,0,82,0,82,75,high_vol_range,53.58,75,,,
2026-03-04T10:30:00+05:30,portfolio_hist,TREND,ENTER,debit_spread,24415.0,20.71,1.0,0.0,0.0,1.038,0.31,0.486,6,10,30,2,0,75,0,75,60,high_vol_range,38.69,75,,,
2026-03-04T14:12:00+05:30,portfolio_hist,TREND,EXIT,debit_spread,24519.2,20.96,1.0,0.0,0.0,1.037,0.738,0.316,6,14,12,2,0,0,0,0,0,high_vol_range,0.0,0,Trend stop: lost 15.7%,-456.75,222
2026-03-04T15:15:00+05:30,portfolio_hist,PREMIUM,EXIT,iron_condor,24455.45,21.11,1.0,0.0,0.0,1.037,0.476,0.527,6,15,15,2,0,0,0,0,0,high_vol_range,0.0,0,Time exit,381.75,328
2026-03-04T09:30:00+05:30,portfolio_hist,PREMIUM,SKIP,idle,24353.55,20.37,1.0,0.0,0.0,1.038,0.058,2.351,6,9,30,2,0,70,0,70,75,trending,0.0,0,,,
2026-03-04T09:35:00+05:30,portfolio_hist,PREMIUM,SKIP,idle,24324.5,20.56,1.0,0.0,0.0,1.038,0.062,2.351,6,9,35,2,0,70,0,70,75,trending,0.0,0,,,
2026-03-04T09:40:00+05:30,portfolio_hist,PREMIUM,SKIP,idle,24372.7,20.43,1.0,0.0,0.0,1.038,0.136,2.36,6,9,40,2,0,70,0,70,75,trending,0.0,0,,,
2026-03-04T09:45:00+05:30,portfolio_hist,PREMIUM,SKIP,idle,24413.15,20.32,1.0,0.0,0.0,1.038,0.302,0.347,6,9,45,2,0,62,0,62,75,high_vol_range,0.0,0,,,
2026-03-04T09:47:00+05:30,portfolio_hist,PREMIUM,ENTER,iron_condor,24367.7,20.56,1.0,0.0,0.0,1.038,0.116,0.347,6,9,47,2,0,82,0,82,75,high_vol_range,53.58,75,,,
2026-03-04T10:30:00+05:30,portfolio_hist,TREND,ENTER,debit_spread,24415.0,20.71,1.0,0.0,0.0,1.038,0.31,0.486,6,10,30,2,0,75,0,75,60,high_vol_range,38.69,75,,,
2026-03-04T14:12:00+05:30,portfolio_hist,TREND,EXIT,debit_spread,24519.2,20.96,1.0,0.0,0.0,1.037,0.738,0.316,6,14,12,2,0,0,0,0,0,high_vol_range,0.0,0,Trend stop: lost 15.7%,-456.75,222
2026-03-04T15:15:00+05:30,portfolio_hist,PREMIUM,EXIT,iron_condor,24455.45,21.11,1.0,0.0,0.0,1.037,0.476,0.527,6,15,15,2,0,0,0,0,0,high_vol_range,0.0,0,Time exit,381.75,328
2026-03-04T09:30:00+05:30,portfolio_hist,PREMIUM,SKIP,idle,24353.55,20.37,1.0,0.0,0.0,1.038,0.058,2.351,6,9,30,2,0,70,0,70,75,trending,0.0,0,,,
2026-03-04T09:35:00+05:30,portfolio_hist,PREMIUM,SKIP,idle,24324.5,20.56,1.0,0.0,0.0,1.038,0.062,2.351,6,9,35,2,0,70,0,70,75,trending,0.0,0,,,
2026-03-04T09:40:00+05:30,portfolio_hist,PREMIUM,SKIP,idle,24372.7,20.43,1.0,0.0,0.0,1.038,0.136,2.36,6,9,40,2,0,70,0,70,75,trending,0.0,0,,,
2026-03-04T09:45:00+05:30,portfolio_hist,PREMIUM,SKIP,idle,24413.15,20.32,1.0,0.0,0.0,1.038,0.302,0.347,6,9,45,2,0,62,0,62,75,high_vol_range,0.0,0,,,
2026-03-04T09:47:00+05:30,portfolio_hist,PREMIUM,ENTER,iron_condor,24367.7,20.56,1.0,0.0,0.0,1.038,0.116,0.347,6,9,47,2,0,82,0,82,75,high_vol_range,53.58,75,,,
2026-03-04T10:30:00+05:30,portfolio_hist,TREND,ENTER,debit_spread,24415.0,20.71,1.0,0.0,0.0,1.038,0.31,0.486,6,10,30,2,0,75,0,75,60,high_vol_range,38.69,75,,,
2026-03-04T14:12:00+05:30,portfolio_hist,TREND,EXIT,debit_spread,24519.2,20.96,1.0,0.0,0.0,1.037,0.738,0.316,6,14,12,2,0,0,0,0,0,high_vol_range,0.0,0,Trend stop: lost 15.7%,-456.75,222
2026-03-04T15:15:00+05:30,portfolio_hist,PREMIUM,EXIT,iron_condor,24455.45,21.11,1.0,0.0,0.0,1.037,0.476,0.527,6,15,15,2,0,0,0,0,0,high_vol_range,0.0,0,Time exit,381.75,328
2026-03-04T09:30:00+05:30,portfolio_hist,PREMIUM,SKIP,idle,24353.55,20.37,1.0,0.0,0.0,1.038,0.058,2.351,6,9,30,2,0,70,0,70,75,trending,0.0,0,,,
2026-03-04T09:35:00+05:30,portfolio_hist,PREMIUM,SKIP,idle,24324.5,20.56,1.0,0.0,0.0,1.038,0.062,2.351,6,9,35,2,0,70,0,70,75,trending,0.0,0,,,
2026-03-04T09:40:00+05:30,portfolio_hist,PREMIUM,SKIP,idle,24372.7,20.43,1.0,0.0,0.0,1.038,0.136,2.36,6,9,40,2,0,70,0,70,75,trending,0.0,0,,,
2026-03-04T09:45:00+05:30,portfolio_hist,PREMIUM,SKIP,idle,24413.15,20.32,1.0,0.0,0.0,1.038,0.302,0.347,6,9,45,2,0,62,0,62,75,high_vol_range,0.0,0,,,
2026-03-04T09:47:00+05:30,portfolio_hist,PREMIUM,ENTER,iron_condor,24367.7,20.56,1.0,0.0,0.0,1.038,0.116,0.347,6,9,47,2,0,82,0,82,75,high_vol_range,53.58,75,,,
2026-03-04T10:30:00+05:30,portfolio_hist,TREND,ENTER,debit_spread,24415.0,20.71,1.0,0.0,0.0,1.038,0.31,0.486,6,10,30,2,0,75,0,75,60,high_vol_range,38.69,75,,,
2026-03-04T14:12:00+05:30,portfolio_hist,TREND,EXIT,debit_spread,24519.2,20.96,1.0,0.0,0.0,1.037,0.738,0.316,6,14,12,2,0,0,0,0,0,high_vol_range,0.0,0,Trend stop: lost 15.7%,-456.75,222
2026-03-04T15:15:00+05:30,portfolio_hist,PREMIUM,EXIT,iron_condor,24455.45,21.11,1.0,0.0,0.0,1.037,0.476,0.527,6,15,15,2,0,0,0,0,0,high_vol_range,0.0,0,Time exit,381.75,328
2026-03-04T09:30:00+05:30,portfolio_hist,PREMIUM,SKIP,idle,24353.55,20.37,1.0,0.0,0.0,1.038,0.058,2.351,6,9,30,2,0,70,0,70,75,trending,0.0,0,,,
2026-03-04T09:35:00+05:30,portfolio_hist,PREMIUM,SKIP,idle,24324.5,20.56,1.0,0.0,0.0,1.038,0.062,2.351,6,9,35,2,0,70,0,70,75,trending,0.0,0,,,
2026-03-04T09:40:00+05:30,portfolio_hist,PREMIUM,SKIP,idle,24372.7,20.43,1.0,0.0,0.0,1.038,0.136,2.36,6,9,40,2,0,70,0,70,75,trending,0.0,0,,,
2026-03-04T09:45:00+05:30,portfolio_hist,PREMIUM,SKIP,idle,24413.15,20.32,1.0,0.0,0.0,1.038,0.302,0.347,6,9,45,2,0,62,0,62,75,high_vol_range,0.0,0,,,
2026-03-04T09:47:00+05:30,portfolio_hist,PREMIUM,ENTER,iron_condor,24367.7,20.56,1.0,0.0,0.0,1.038,0.116,0.347,6,9,47,2,0,82,0,82,75,high_vol_range,53.58,75,,,
2026-03-04T10:30:00+05:30,portfolio_hist,TREND,ENTER,debit_spread,24415.0,20.71,1.0,0.0,0.0,1.038,0.31,0.486,6,10,30,2,0,75,0,75,60,high_vol_range,38.69,75,,,
2026-03-04T14:12:00+05:30,portfolio_hist,TREND,EXIT,debit_spread,24519.2,20.96,1.0,0.0,0.0,1.037,0.738,0.316,6,14,12,2,0,0,0,0,0,high_vol_range,0.0,0,Trend stop: lost 15.7%,-456.75,222
2026-03-04T15:15:00+05:30,portfolio_hist,PREMIUM,EXIT,iron_condor,24455.45,21.11,1.0,0.0,0.0,1.037,0.476,0.527,6,15,15,2,0,0,0,0,0,high_vol_range,0.0,0,Time exit,381.75,328
2026-03-04T09:30:00+05:30,portfolio_hist,PREMIUM,SKIP,idle,24353.55,20.37,1.0,0.0,0.0,1.038,0.058,2.351,6,9,30,2,0,70,0,70,75,trending,0.0,0,,,
2026-03-04T09:35:00+05:30,portfolio_hist,PREMIUM,SKIP,idle,24324.5,20.56,1.0,0.0,0.0,1.038,0.062,2.351,6,9,35,2,0,70,0,70,75,trending,0.0,0,,,
2026-03-04T09:40:00+05:30,portfolio_hist,PREMIUM,SKIP,idle,24372.7,20.43,1.0,0.0,0.0,1.038,0.136,2.36,6,9,40,2,0,70,0,70,75,trending,0.0,0,,,
2026-03-04T09:45:00+05:30,portfolio_hist,PREMIUM,SKIP,idle,24413.15,20.32,1.0,0.0,0.0,1.038,0.302,0.347,6,9,45,2,0,62,0,62,75,high_vol_range,0.0,0,,,
2026-03-04T09:47:00+05:30,portfolio_hist,PREMIUM,ENTER,iron_condor,24367.7,20.56,1.0,0.0,0.0,1.038,0.116,0.347,6,9,47,2,0,82,0,82,75,high_vol_range,53.58,75,,,
2026-03-04T10:30:00+05:30,portfolio_hist,TREND,ENTER,debit_spread,24415.0,20.71,1.0,0.0,0.0,1.038,0.31,0.486,6,10,30,2,0,75,0,75,60,high_vol_range,38.69,75,,,
2026-03-04T14:12:00+05:30,portfolio_hist,TREND,EXIT,debit_spread,24519.2,20.96,1.0,0.0,0.0,1.037,0.738,0.316,6,14,12,2,0,0,0,0,0,high_vol_range,0.0,0,Trend stop: lost 15.7%,-456.75,222
2026-03-04T15:15:00+05:30,portfolio_hist,PREMIUM,EXIT,iron_condor,24455.45,21.11,1.0,0.0,0.0,1.037,0.476,0.527,6,15,15,2,0,0,0,0,0,high_vol_range,0.0,0,Time exit,381.75,328
2026-03-04T09:30:00+05:30,portfolio_hist,PREMIUM,SKIP,idle,24353.55,20.37,1.0,0.0,0.0,1.038,0.058,2.351,6,9,30,2,0,70,0,70,75,trending,0.0,0,,,
2026-03-04T09:35:00+05:30,portfolio_hist,PREMIUM,SKIP,idle,24324.5,20.56,1.0,0.0,0.0,1.038,0.062,2.351,6,9,35,2,0,70,0,70,75,trending,0.0,0,,,
2026-03-04T09:40:00+05:30,portfolio_hist,PREMIUM,SKIP,idle,24372.7,20.43,1.0,0.0,0.0,1.038,0.136,2.36,6,9,40,2,0,70,0,70,75,trending,0.0,0,,,
2026-03-04T09:45:00+05:30,portfolio_hist,PREMIUM,SKIP,idle,24413.15,20.32,1.0,0.0,0.0,1.038,0.302,0.347,6,9,45,2,0,62,0,62,75,high_vol_range,0.0,0,,,
2026-03-04T09:47:00+05:30,portfolio_hist,PREMIUM,ENTER,iron_condor,24367.7,20.56,1.0,0.0,0.0,1.038,0.116,0.347,6,9,47,2,0,82,0,82,75,high_vol_range,53.58,75,,,
2026-03-04T10:30:00+05:30,portfolio_hist,TREND,ENTER,debit_spread,24415.0,20.71,1.0,0.0,0.0,1.038,0.31,0.486,6,10,30,2,0,75,0,75,60,high_vol_range,38.69,75,,,
2026-03-04T14:12:00+05:30,portfolio_hist,TREND,EXIT,debit_spread,24519.2,20.96,1.0,0.0,0.0,1.037,0.738,0.316,6,14,12,2,0,0,0,0,0,high_vol_range,0.0,0,Trend stop: lost 15.7%,-456.75,222
2026-03-04T15:15:00+05:30,portfolio_hist,PREMIUM,EXIT,iron_condor,24455.45,21.11,1.0,0.0,0.0,1.037,0.476,0.527,6,15,15,2,0,0,0,0,0,high_vol_range,0.0,0,Time exit,381.75,328
2026-03-04T09:30:00+05:30,portfolio_hist,PREMIUM,SKIP,idle,24353.55,20.37,1.0,0.0,0.0,1.038,0.058,2.351,6,9,30,2,0,70,0,70,75,trending,0.0,0,,,
2026-03-04T09:35:00+05:30,portfolio_hist,PREMIUM,SKIP,idle,24324.5,20.56,1.0,0.0,0.0,1.038,0.062,2.351,6,9,35,2,0,70,0,70,75,trending,0.0,0,,,
2026-03-04T09:40:00+05:30,portfolio_hist,PREMIUM,SKIP,idle,24372.7,20.43,1.0,0.0,0.0,1.038,0.136,2.36,6,9,40,2,0,70,0,70,75,trending,0.0,0,,,
2026-03-04T09:45:00+05:30,portfolio_hist,PREMIUM,SKIP,idle,24413.15,20.32,1.0,0.0,0.0,1.038,0.302,0.347,6,9,45,2,0,62,0,62,75,high_vol_range,0.0,0,,,
2026-03-04T09:47:00+05:30,portfolio_hist,PREMIUM,ENTER,iron_condor,24367.7,20.56,1.0,0.0,0.0,1.038,0.116,0.347,6,9,47,2,0,82,0,82,75,high_vol_range,53.58,75,,,
2026-03-04T10:30:00+05:30,portfolio_hist,TREND,ENTER,debit_spread,24415.0,20.71,1.0,0.0,0.0,1.038,0.31,0.486,6,10,30,2,0,75,0,75,60,high_vol_range,38.69,75,,,
2026-03-04T14:12:00+05:30,portfolio_hist,TREND,EXIT,debit_spread,24519.2,20.96,1.0,0.0,0.0,1.037,0.738,0.316,6,14,12,2,0,0,0,0,0,high_vol_range,0.0,0,Trend stop: lost 15.7%,-456.75,222
2026-03-04T15:15:00+05:30,portfolio_hist,PREMIUM,EXIT,iron_condor,24455.45,21.11,1.0,0.0,0.0,1.037,0.476,0.527,6,15,15,2,0,0,0,0,0,high_vol_range,0.0,0,Time exit,381.75,328
2026-03-04T09:30:00+05:30,portfolio_hist,PREMIUM,SKIP,idle,24353.55,20.37,1.0,0.0,0.0,1.038,0.058,2.351,6,9,30,2,0,70,0,70,75,trending,0.0,0,,,
2026-03-04T09:35:00+05:30,portfolio_hist,PREMIUM,SKIP,idle,24324.5,20.56,1.0,0.0,0.0,1.038,0.062,2.351,6,9,35,2,0,70,0,70,75,trending,0.0,0,,,
2026-03-04T09:40:00+05:30,portfolio_hist,PREMIUM,SKIP,idle,24372.7,20.43,1.0,0.0,0.0,1.038,0.136,2.36,6,9,40,2,0,70,0,70,75,trending,0.0,0,,,
2026-03-04T09:45:00+05:30,portfolio_hist,PREMIUM,SKIP,idle,24413.15,20.32,1.0,0.0,0.0,1.038,0.302,0.347,6,9,45,2,0,62,0,62,75,high_vol_range,0.0,0,,,
2026-03-04T09:47:00+05:30,portfolio_hist,PREMIUM,ENTER,iron_condor,24367.7,20.56,1.0,0.0,0.0,1.038,0.116,0.347,6,9,47,2,0,82,0,82,75,high_vol_range,53.58,75,,,
2026-03-04T10:30:00+05:30,portfolio_hist,TREND,ENTER,debit_spread,24415.0,20.71,1.0,0.0,0.0,1.038,0.31,0.486,6,10,30,2,0,75,0,75,60,high_vol_range,38.69,75,,,
2026-03-04T14:12:00+05:30,portfolio_hist,TREND,EXIT,debit_spread,24519.2,20.96,1.0,0.0,0.0,1.037,0.738,0.316,6,14,12,2,0,0,0,0,0,high_vol_range,0.0,0,Trend stop: lost 15.7%,-456.75,222
2026-03-04T15:15:00+05:30,portfolio_hist,PREMIUM,EXIT,iron_condor,24455.45,21.11,1.0,0.0,0.0,1.037,0.476,0.527,6,15,15,2,0,0,0,0,0,high_vol_range,0.0,0,Time exit,381.75,328
2026-03-04T09:30:00+05:30,portfolio_hist,PREMIUM,SKIP,idle,24353.55,20.37,1.0,0.0,0.0,1.038,0.058,2.351,6,9,30,2,0,70,0,70,75,trending,0.0,0,,,
2026-03-04T09:35:00+05:30,portfolio_hist,PREMIUM,SKIP,idle,24324.5,20.56,1.0,0.0,0.0,1.038,0.062,2.351,6,9,35,2,0,70,0,70,75,trending,0.0,0,,,
2026-03-04T09:40:00+05:30,portfolio_hist,PREMIUM,SKIP,idle,24372.7,20.43,1.0,0.0,0.0,1.038,0.136,2.36,6,9,40,2,0,70,0,70,75,trending,0.0,0,,,
2026-03-04T09:45:00+05:30,portfolio_hist,PREMIUM,SKIP,idle,24413.15,20.32,1.0,0.0,0.0,1.038,0.302,0.347,6,9,45,2,0,62,0,62,75,high_vol_range,0.0,0,,,
2026-03-04T09:47:00+05:30,portfolio_hist,PREMIUM,ENTER,iron_condor,24367.7,20.56,1.0,0.0,0.0,1.038,0.116,0.347,6,9,47,2,0,82,0,82,75,high_vol_range,53.58,75,,,
2026-03-04T10:30:00+05:30,portfolio_hist,TREND,ENTER,debit_spread,24415.0,20.71,1.0,0.0,0.0,1.038,0.31,0.486,6,10,30,2,0,75,0,75,60,high_vol_range,38.69,75,,,
2026-03-04T14:12:00+05:30,portfolio_hist,TREND,EXIT,debit_spread,24519.2,20.96,1.0,0.0,0.0,1.037,0.738,0.316,6,14,12,2,0,0,0,0,0,high_vol_range,0.0,0,Trend stop: lost 15.7%,-456.75,222
2026-03-04T15:15:00+05:30,portfolio_hist,PREMIUM,EXIT,iron_condor,24455.45,21.11,1.0,0.0,0.0,1.037,0.476,0.527,6,15,15,2,0,0,0,0,0,high_vol_range,0.0,0,Time exit,381.75,328
2026-03-04T09:30:00+05:30,portfolio_hist,PREMIUM,SKIP,idle,24353.55,20.37,1.0,0.0,0.0,1.038,0.058,2.351,6,9,30,2,0,70,0,70,75,trending,0.0,0,,,
2026-03-04T09:35:00+05:30,portfolio_hist,PREMIUM,SKIP,idle,24324.5,20.56,1.0,0.0,0.0,1.038,0.062,2.351,6,9,35,2,0,70,0,70,75,trending,0.0,0,,,
2026-03-04T09:40:00+05:30,portfolio_hist,PREMIUM,SKIP,idle,24372.7,20.43,1.0,0.0,0.0,1.038,0.136,2.36,6,9,40,2,0,70,0,70,75,trending,0.0,0,,,
2026-03-04T09:45:00+05:30,portfolio_hist,PREMIUM,SKIP,idle,24413.15,20.32,1.0,0.0,0.0,1.038,0.302,0.347,6,9,45,2,0,62,0,62,75,high_vol_range,0.0,0,,,
2026-03-04T09:47:00+05:30,portfolio_hist,PREMIUM,ENTER,iron_condor,24367.7,20.56,1.0,0.0,0.0,1.038,0.116,0.347,6,9,47,2,0,82,0,82,75,high_vol_range,53.58,75,,,
2026-03-04T10:30:00+05:30,portfolio_hist,TREND,ENTER,debit_spread,24415.0,20.71,1.0,0.0,0.0,1.038,0.31,0.486,6,10,30,2,0,75,0,75,60,high_vol_range,38.69,75,,,
2026-03-04T14:12:00+05:30,portfolio_hist,TREND,EXIT,debit_spread,24519.2,20.96,1.0,0.0,0.0,1.037,0.738,0.316,6,14,12,2,0,0,0,0,0,high_vol_range,0.0,0,Trend stop: lost 15.7%,-456.75,222
2026-03-04T15:15:00+05:30,portfolio_hist,PREMIUM,EXIT,iron_condor,24455.45,21.11,1.0,0.0,0.0,1.037,0.476,0.527,6,15,15,2,0,0,0,0,0,high_vol_range,0.0,0,Time exit,381.75,328
2026-03-04T09:30:00+05:30,portfolio_hist,PREMIUM,SKIP,idle,24353.55,20.37,1.0,0.0,0.0,1.038,0.058,2.351,6,9,30,2,0,70,0,70,75,trending,0.0,0,,,
2026-03-04T09:35:00+05:30,portfolio_hist,PREMIUM,SKIP,idle,24324.5,20.56,1.0,0.0,0.0,1.038,0.062,2.351,6,9,35,2,0,70,0,70,75,trending,0.0,0,,,
2026-03-04T09:40:00+05:30,portfolio_hist,PREMIUM,SKIP,idle,24372.7,20.43,1.0,0.0,0.0,1.038,0.136,2.36,6,9,40,2,0,70,0,70,75,trending,0.0,0,,,
2026-03-04T09:45:00+05:30,portfolio_hist,PREMIUM,SKIP,idle,24413.15,20.32,1.0,0.0,0.0,1.038,0.302,0.347,6,9,45,2,0,62,0,62,75,high_vol_range,0.0,0,,,
2026-03-04T09:47:00+05:30,portfolio_hist,PREMIUM,ENTER,iron_condor,24367.7,20.56,1.0,0.0,0.0,1.038,0.116,0.347,6,9,47,2,0,82,0,82,75,high_vol_range,53.58,75,,,
2026-03-04T10:30:00+05:30,portfolio_hist,TREND,ENTER,debit_spread,24415.0,20.71,1.0,0.0,0.0,1.038,0.31,0.486,6,10,30,2,0,75,0,75,60,high_vol_range,38.69,75,,,
2026-03-04T14:12:00+05:30,portfolio_hist,TREND,EXIT,debit_spread,24519.2,20.96,1.0,0.0,0.0,1.037,0.738,0.316,6,14,12,2,0,0,0,0,0,high_vol_range,0.0,0,Trend stop: lost 15.7%,-456.75,222
2026-03-04T15:15:00+05:30,portfolio_hist,PREMIUM,EXIT,iron_condor,24455.45,21.11,1.0,0.0,0.0,1.037,0.476,0.527,6,15,15,2,0,0,0,0,0,high_vol_range,0.0,0,Time exit,381.75,328
2026-03-04T09:30:00+05:30,portfolio_hist,PREMIUM,SKIP,idle,24353.55,20.37,1.0,0.0,0.0,1.038,0.058,2.351,6,9,30,2,0,70,0,70,75,trending,0.0,0,,,
2026-03-04T09:35:00+05:30,portfolio_hist,PREMIUM,SKIP,idle,24324.5,20.56,1.0,0.0,0.0,1.038,0.062,2.351,6,9,35,2,0,70,0,70,75,trending,0.0,0,,,
2026-03-04T09:40:00+05:30,portfolio_hist,PREMIUM,SKIP,idle,24372.7,20.43,1.0,0.0,0.0,1.038,0.136,2.36,6,9,40,2,0,70,0,70,75,trending,0.0,0,,,
2026-03-04T09:45:00+05:30,portfolio_hist,PREMIUM,SKIP,idle,24413.15,20.32,1.0,0.0,0.0,1.038,0.302,0.347,6,9,45,2,0,62,0,62,75,high_vol_range,0.0,0,,,
2026-03-04T09:47:00+05:30,portfolio_hist,PREMIUM,ENTER,iron_condor,24367.7,20.56,1.0,0.0,0.0,1.038,0.116,0.347,6,9,47,2,0,82,0,82,75,high_vol_range,53.58,75,,,
2026-03-04T10:30:00+05:30,portfolio_hist,TREND,ENTER,debit_spread,24415.0,20.71,1.0,0.0,0.0,1.038,0.31,0.486,6,10,30,2,0,75,0,75,60,high_vol_range,38.69,75,,,
2026-03-04T14:12:00+05:30,portfolio_hist,TREND,EXIT,debit_spread,24519.2,20.96,1.0,0.0,0.0,1.037,0.738,0.316,6,14,12,2,0,0,0,0,0,high_vol_range,0.0,0,Trend stop: lost 15.7%,-456.75,222
2026-03-04T15:15:00+05:30,portfolio_hist,PREMIUM,EXIT,iron_condor,24455.45,21.11,1.0,0.0,0.0,1.037,0.476,0.527,6,15,15,2,0,0,0,0,0,high_vol_range,0.0,0,Time exit,381.75,328
2026-03-04T09:30:00+05:30,portfolio_hist,PREMIUM,SKIP,idle,24353.55,20.37,1.0,0.0,0.0,1.038,0.058,2.351,6,9,30,2,0,70,0,70,75,trending,0.0,0,,,
2026-03-04T09:35:00+05:30,portfolio_hist,PREMIUM,SKIP,idle,24324.5,20.56,1.0,0.0,0.0,1.038,0.062,2.351,6,9,35,2,0,70,0,70,75,trending,0.0,0,,,
2026-03-04T09:40:00+05:30,portfolio_hist,PREMIUM,SKIP,idle,24372.7,20.43,1.0,0.0,0.0,1.038,0.136,2.36,6,9,40,2,0,70,0,70,75,trending,0.0,0,,,
2026-03-04T09:45:00+05:30,portfolio_hist,PREMIUM,SKIP,idle,24413.15,20.32,1.0,0.0,0.0,1.038,0.302,0.347,6,9,45,2,0,62,0,62,75,high_vol_range,0.0,0,,,
2026-03-04T09:47:00+05:30,portfolio_hist,PREMIUM,ENTER,iron_condor,24367.7,20.56,1.0,0.0,0.0,1.038,0.116,0.347,6,9,47,2,0,82,0,82,75,high_vol_range,53.58,75,,,
2026-03-04T10:30:00+05:30,portfolio_hist,TREND,ENTER,debit_spread,24415.0,20.71,1.0,0.0,0.0,1.038,0.31,0.486,6,10,30,2,0,75,0,75,60,high_vol_range,38.69,75,,,
2026-03-04T14:12:00+05:30,portfolio_hist,TREND,EXIT,debit_spread,24519.2,20.96,1.0,0.0,0.0,1.037,0.738,0.316,6,14,12,2,0,0,0,0,0,high_vol_range,0.0,0,Trend stop: lost 15.7%,-456.75,222
2026-03-04T15:15:00+05:30,portfolio_hist,PREMIUM,EXIT,iron_condor,24455.45,21.11,1.0,0.0,0.0,1.037,0.476,0.527,6,15,15,2,0,0,0,0,0,high_vol_range,0.0,0,Time exit,381.75,328
2026-03-04T09:30:00+05:30,portfolio_hist,PREMIUM,SKIP,idle,24353.55,20.37,1.0,0.0,0.0,1.038,0.058,2.351,6,9,30,2,0,70,0,70,75,trending,0.0,0,,,
2026-03-04T09:35:00+05:30,portfolio_hist,PREMIUM,SKIP,idle,24324.5,20.56,1.0,0.0,0.0,1.038,0.062,2.351,6,9,35,2,0,70,0,70,75,trending,0.0,0,,,
2026-03-04T09:40:00+05:30,portfolio_hist,PREMIUM,SKIP,idle,24372.7,20.43,1.0,0.0,0.0,1.038,0.136,2.36,6,9,40,2,0,70,0,70,75,trending,0.0,0,,,
2026-03-04T09:45:00+05:30,portfolio_hist,PREMIUM,SKIP,idle,24413.15,20.32,1.0,0.0,0.0,1.038,0.302,0.347,6,9,45,2,0,62,0,62,75,high_vol_range,0.0,0,,,
2026-03-04T09:47:00+05:30,portfolio_hist,PREMIUM,ENTER,iron_condor,24367.7,20.56,1.0,0.0,0.0,1.038,0.116,0.347,6,9,47,2,0,82,0,82,75,high_vol_range,53.58,75,,,
2026-03-04T10:30:00+05:30,portfolio_hist,TREND,ENTER,debit_spread,24415.0,20.71,1.0,0.0,0.0,1.038,0.31,0.486,6,10,30,2,0,75,0,75,60,high_vol_range,38.69,75,,,
2026-03-04T14:12:00+05:30,portfolio_hist,TREND,EXIT,debit_spread,24519.2,20.96,1.0,0.0,0.0,1.037,0.738,0.316,6,14,12,2,0,0,0,0,0,high_vol_range,0.0,0,Trend stop: lost 15.7%,-456.75,222
2026-03-04T15:15:00+05:30,portfolio_hist,PREMIUM,EXIT,iron_condor,24455.45,21.11,1.0,0.0,0.0,1.037,0.476,0.527,6,15,15,2,0,0,0,0,0,high_vol_range,0.0,0,Time exit,381.75,328
2026-03-04T09:30:00+05:30,portfolio_hist,PREMIUM,SKIP,idle,24353.55,20.37,1.0,0.0,0.0,1.038,0.058,2.351,6,9,30,2,0,70,0,70,75,trending,0.0,0,,,
2026-03-04T09:35:00+05:30,portfolio_hist,PREMIUM,SKIP,idle,24324.5,20.56,1.0,0.0,0.0,1.038,0.062,2.351,6,9,35,2,0,70,0,70,75,trending,0.0,0,,,
2026-03-04T09:40:00+05:30,portfolio_hist,PREMIUM,SKIP,idle,24372.7,20.43,1.0,0.0,0.0,1.038,0.136,2.36,6,9,40,2,0,70,0,70,75,trending,0.0,0,,,
2026-03-04T09:45:00+05:30,portfolio_hist,PREMIUM,SKIP,idle,24413.15,20.32,1.0,0.0,0.0,1.038,0.302,0.347,6,9,45,2,0,62,0,62,75,high_vol_range,0.0,0,,,
2026-03-04T09:47:00+05:30,portfolio_hist,PREMIUM,ENTER,iron_condor,24367.7,20.56,1.0,0.0,0.0,1.038,0.116,0.347,6,9,47,2,0,82,0,82,75,high_vol_range,53.58,75,,,
2026-03-04T10:30:00+05:30,portfolio_hist,TREND,ENTER,debit_spread,24415.0,20.71,1.0,0.0,0.0,1.038,0.31,0.486,6,10,30,2,0,75,0,75,60,high_vol_range,38.69,75,,,
2026-03-04T14:12:00+05:30,portfolio_hist,TREND,EXIT,debit_spread,24519.2,20.96,1.0,0.0,0.0,1.037,0.738,0.316,6,14,12,2,0,0,0,0,0,high_vol_range,0.0,0,Trend stop: lost 15.7%,-456.75,222
2026-03-04T15:15:00+05:30,portfolio_hist,PREMIUM,EXIT,iron_condor,24455.45,21.11,1.0,0.0,0.0,1.037,0.476,0.527,6,15,15,2,0,0,0,0,0,high_vol_range,0.0,0,Time exit,381.75,328
2026-03-04T09:30:00+05:30,portfolio_hist,PREMIUM,SKIP,idle,24353.55,20.37,1.0,0.0,0.0,1.038,0.058,2.351,6,9,30,2,0,70,0,70,75,trending,0.0,0,,,
2026-03-04T09:35:00+05:30,portfolio_hist,PREMIUM,SKIP,idle,24324.5,20.56,1.0,0.0,0.0,1.038,0.062,2.351,6,9,35,2,0,70,0,70,75,trending,0.0,0,,,
2026-03-04T09:40:00+05:30,portfolio_hist,PREMIUM,SKIP,idle,24372.7,20.43,1.0,0.0,0.0,1.038,0.136,2.36,6,9,40,2,0,70,0,70,75,trending,0.0,0,,,
2026-03-04T09:45:00+05:30,portfolio_hist,PREMIUM,SKIP,idle,24413.15,20.32,1.0,0.0,0.0,1.038,0.302,0.347,6,9,45,2,0,62,0,62,75,high_vol_range,0.0,0,,,
2026-03-04T09:47:00+05:30,portfolio_hist,PREMIUM,ENTER,iron_condor,24367.7,20.56,1.0,0.0,0.0,1.038,0.116,0.347,6,9,47,2,0,82,0,82,75,high_vol_range,53.58,75,,,
2026-03-04T10:30:00+05:30,portfolio_hist,TREND,ENTER,debit_spread,24415.0,20.71,1.0,0.0,0.0,1.038,0.31,0.486,6,10,30,2,0,75,0,75,60,high_vol_range,38.69,75,,,
2026-03-04T14:12:00+05:30,portfolio_hist,TREND,EXIT,debit_spread,24519.2,20.96,1.0,0.0,0.0,1.037,0.738,0.316,6,14,12,2,0,0,0,0,0,high_vol_range,0.0,0,Trend stop: lost 15.7%,-456.75,222
2026-03-04T15:15:00+05:30,portfolio_hist,PREMIUM,EXIT,iron_condor,24455.45,21.11,1.0,0.0,0.0,1.037,0.476,0.527,6,15,15,2,0,0,0,0,0,high_vol_range,0.0,0,Time exit,381.75,328
2026-03-04T09:30:00+05:30,portfolio_hist,PREMIUM,SKIP,idle,24353.55,20.37,1.0,0.0,0.0,1.038,0.058,2.351,6,9,30,2,0,70,0,70,75,trending,0.0,0,,,
2026-03-04T09:35:00+05:30,portfolio_hist,PREMIUM,SKIP,idle,24324.5,20.56,1.0,0.0,0.0,1.038,0.062,2.351,6,9,35,2,0,70,0,70,75,trending,0.0,0,,,
2026-03-04T09:40:00+05:30,portfolio_hist,PREMIUM,SKIP,idle,24372.7,20.43,1.0,0.0,0.0,1.038,0.136,2.36,6,9,40,2,0,70,0,70,75,trending,0.0,0,,,
2026-03-04T09:45:00+05:30,portfolio_hist,PREMIUM,SKIP,idle,24413.15,20.32,1.0,0.0,0.0,1.038,0.302,0.347,6,9,45,2,0,62,0,62,75,high_vol_range,0.0,0,,,
2026-03-04T09:47:00+05:30,portfolio_hist,PREMIUM,ENTER,iron_condor,24367.7,20.56,1.0,0.0,0.0,1.038,0.116,0.347,6,9,47,2,0,82,0,82,75,high_vol_range,53.58,75,,,
2026-03-04T10:30:00+05:30,portfolio_hist,TREND,ENTER,debit_spread,24415.0,20.71,1.0,0.0,0.0,1.038,0.31,0.486,6,10,30,2,0,75,0,75,60,high_vol_range,38.69,75,,,
2026-03-04T14:12:00+05:30,portfolio_hist,TREND,EXIT,debit_spread,24519.2,20.96,1.0,0.0,0.0,1.037,0.738,0.316,6,14,12,2,0,0,0,0,0,high_vol_range,0.0,0,Trend stop: lost 15.7%,-456.75,222
2026-03-04T15:15:00+05:30,portfolio_hist,PREMIUM,EXIT,iron_condor,24455.45,21.11,1.0,0.0,0.0,1.037,0.476,0.527,6,15,15,2,0,0,0,0,0,high_vol_range,0.0,0,Time exit,381.75,328
2026-03-04T09:30:00+05:30,portfolio_hist,PREMIUM,SKIP,idle,24353.55,20.37,1.0,0.0,0.0,1.038,0.058,2.351,6,9,30,2,0,70,0,70,75,trending,0.0,0,,,
2026-03-04T09:35:00+05:30,portfolio_hist,PREMIUM,SKIP,idle,24324.5,20.56,1.0,0.0,0.0,1.038,0.062,2.351,6,9,35,2,0,70,0,70,75,trending,0.0,0,,,
2026-03-04T09:40:00+05:30,portfolio_hist,PREMIUM,SKIP,idle,24372.7,20.43,1.0,0.0,0.0,1.038,0.136,2.36,6,9,40,2,0,70,0,70,75,trending,0.0,0,,,
2026-03-04T09:45:00+05:30,portfolio_hist,PREMIUM,SKIP,idle,24413.15,20.32,1.0,0.0,0.0,1.038,0.302,0.347,6,9,45,2,0,62,0,62,75,high_vol_range,0.0,0,,,
2026-03-04T09:47:00+05:30,portfolio_hist,PREMIUM,ENTER,iron_condor,24367.7,20.56,1.0,0.0,0.0,1.038,0.116,0.347,6,9,47,2,0,82,0,82,75,high_vol_range,53.58,75,,,
2026-03-04T10:30:00+05:30,portfolio_hist,TREND,ENTER,debit_spread,24415.0,20.71,1.0,0.0,0.0,1.038,0.31,0.486,6,10,30,2,0,75,0,75,60,high_vol_range,38.69,75,,,
2026-03-04T14:12:00+05:30,portfolio_hist,TREND,EXIT,debit_spread,24519.2,20.96,1.0,0.0,0.0,1.037,0.738,0.316,6,14,12,2,0,0,0,0,0,high_vol_range,0.0,0,Trend stop: lost 15.7%,-456.75,222
2026-03-04T15:15:00+05:30,portfolio_hist,PREMIUM,EXIT,iron_condor,24455.45,21.11,1.0,0.0,0.0,1.037,0.476,0.527,6,15,15,2,0,0,0,0,0,high_vol_range,0.0,0,Time exit,381.75,328
2026-03-04T09:30:00+05:30,portfolio_hist,PREMIUM,SKIP,idle,24353.55,20.37,1.0,0.0,0.0,1.038,0.058,2.351,6,9,30,2,0,70,0,70,75,trending,0.0,0,,,
2026-03-04T09:35:00+05:30,portfolio_hist,PREMIUM,SKIP,idle,24324.5,20.56,1.0,0.0,0.0,1.038,0.062,2.351,6,9,35,2,0,70,0,70,75,trending,0.0,0,,,
2026-03-04T09:40:00+05:30,portfolio_hist,PREMIUM,SKIP,idle,24372.7,20.43,1.0,0.0,0.0,1.038,0.136,2.36,6,9,40,2,0,70,0,70,75,trending,0.0,0,,,
2026-03-04T09:45:00+05:30,portfolio_hist,PREMIUM,SKIP,idle,24413.15,20.32,1.0,0.0,0.0,1.038,0.302,0.347,6,9,45,2,0,62,0,62,75,high_vol_range,0.0,0,,,
2026-03-04T09:47:00+05:30,portfolio_hist,PREMIUM,ENTER,iron_condor,24367.7,20.56,1.0,0.0,0.0,1.038,0.116,0.347,6,9,47,2,0,82,0,82,75,high_vol_range,53.58,75,,,
2026-03-04T10:30:00+05:30,portfolio_hist,TREND,ENTER,debit_spread,24415.0,20.71,1.0,0.0,0.0,1.038,0.31,0.486,6,10,30,2,0,75,0,75,60,high_vol_range,38.69,75,,,
2026-03-04T14:12:00+05:30,portfolio_hist,TREND,EXIT,debit_spread,24519.2,20.96,1.0,0.0,0.0,1.037,0.738,0.316,6,14,12,2,0,0,0,0,0,high_vol_range,0.0,0,Trend stop: lost 15.7%,-456.75,222
2026-03-04T15:15:00+05:30,portfolio_hist,PREMIUM,EXIT,iron_condor,24455.45,21.11,1.0,0.0,0.0,1.037,0.476,0.527,6,15,15,2,0,0,0,0,0,high_vol_range,0.0,0,Time exit,381.75,328
2026-03-04T09:30:00+05:30,portfolio_hist,PREMIUM,SKIP,idle,24353.55,20.37,1.0,0.0,0.0,1.038,0.058,2.351,6,9,30,2,0,70,0,70,75,trending,0.0,0,,,
2026-03-04T09:35:00+05:30,portfolio_hist,PREMIUM,SKIP,idle,24324.5,20.56,1.0,0.0,0.0,1.038,0.062,2.351,6,9,35,2,0,70,0,70,75,trending,0.0,0,,,
2026-03-04T09:40:00+05:30,portfolio_hist,PREMIUM,SKIP,idle,24372.7,20.43,1.0,0.0,0.0,1.038,0.136,2.36,6,9,40,2,0,70,0,70,75,trending,0.0,0,,,
2026-03-04T09:45:00+05:30,portfolio_hist,PREMIUM,SKIP,idle,24413.15,20.32,1.0,0.0,0.0,1.038,0.302,0.347,6,9,45,2,0,62,0,62,75,high_vol_range,0.0,0,,,
2026-03-04T09:47:00+05:30,portfolio_hist,PREMIUM,ENTER,iron_condor,24367.7,20.56,1.0,0.0,0.0,1.038,0.116,0.347,6,9,47,2,0,82,0,82,75,high_vol_range,53.58,75,,,
2026-03-04T10:30:00+05:30,portfolio_hist,TREND,ENTER,debit_spread,24415.0,20.71,1.0,0.0,0.0,1.038,0.31,0.486,6,10,30,2,0,75,0,75,60,high_vol_range,38.69,75,,,
2026-03-04T15:15:00+05:30,portfolio_hist,PREMIUM,EXIT,iron_condor,24455.45,21.11,1.0,0.0,0.0,1.037,0.476,0.527,6,15,15,2,0,0,0,0,0,high_vol_range,0.0,0,Time exit,381.75,328
2026-03-04T15:16:00+05:30,portfolio_hist,TREND,EXIT,debit_spread,24469.8,21.06,1.0,0.0,0.0,1.037,0.535,0.527,6,15,16,2,0,0,0,0,0,high_vol_range,0.0,0,Time exit,-263.25,286
2026-03-04T09:30:00+05:30,portfolio_hist,PREMIUM,SKIP,idle,24353.55,20.37,1.0,0.0,0.0,1.038,0.058,2.351,6,9,30,2,0,70,0,70,75,trending,0.0,0,,,
2026-03-04T09:35:00+05:30,portfolio_hist,PREMIUM,SKIP,idle,24324.5,20.56,1.0,0.0,0.0,1.038,0.062,2.351,6,9,35,2,0,70,0,70,75,trending,0.0,0,,,
2026-03-04T09:40:00+05:30,portfolio_hist,PREMIUM,SKIP,idle,24372.7,20.43,1.0,0.0,0.0,1.038,0.136,2.36,6,9,40,2,0,70,0,70,75,trending,0.0,0,,,
2026-03-04T09:45:00+05:30,portfolio_hist,PREMIUM,SKIP,idle,24413.15,20.32,1.0,0.0,0.0,1.038,0.302,0.347,6,9,45,2,0,62,0,62,75,high_vol_range,0.0,0,,,
2026-03-04T09:47:00+05:30,portfolio_hist,PREMIUM,ENTER,iron_condor,24367.7,20.56,1.0,0.0,0.0,1.038,0.116,0.347,6,9,47,2,0,82,0,82,75,high_vol_range,53.58,75,,,
2026-03-04T10:30:00+05:30,portfolio_hist,TREND,ENTER,debit_spread,24415.0,20.71,1.0,0.0,0.0,1.038,0.31,0.486,6,10,30,2,0,75,0,75,60,high_vol_range,38.69,75,,,
2026-03-04T14:12:00+05:30,portfolio_hist,TREND,EXIT,debit_spread,24519.2,20.96,1.0,0.0,0.0,1.037,0.738,0.316,6,14,12,2,0,0,0,0,0,high_vol_range,0.0,0,Trend stop: lost 15.7%,-456.75,222
2026-03-04T15:15:00+05:30,portfolio_hist,PREMIUM,EXIT,iron_condor,24455.45,21.11,1.0,0.0,0.0,1.037,0.476,0.527,6,15,15,2,0,0,0,0,0,high_vol_range,0.0,0,Time exit,381.75,328
2026-03-04T09:30:00+05:30,portfolio_hist,PREMIUM,SKIP,idle,24353.55,20.37,1.0,0.0,0.0,1.038,0.058,2.351,6,9,30,2,0,70,0,70,75,trending,0.0,0,,,
2026-03-04T09:35:00+05:30,portfolio_hist,PREMIUM,SKIP,idle,24324.5,20.56,1.0,0.0,0.0,1.038,0.062,2.351,6,9,35,2,0,70,0,70,75,trending,0.0,0,,,
2026-03-04T09:40:00+05:30,portfolio_hist,PREMIUM,SKIP,idle,24372.7,20.43,1.0,0.0,0.0,1.038,0.136,2.36,6,9,40,2,0,70,0,70,75,trending,0.0,0,,,
2026-03-04T09:45:00+05:30,portfolio_hist,PREMIUM,SKIP,idle,24413.15,20.32,1.0,0.0,0.0,1.038,0.302,0.347,6,9,45,2,0,62,0,62,75,high_vol_range,0.0,0,,,
2026-03-04T09:47:00+05:30,portfolio_hist,PREMIUM,ENTER,iron_condor,24367.7,20.56,1.0,0.0,0.0,1.038,0.116,0.347,6,9,47,2,0,82,0,82,75,high_vol_range,53.58,75,,,
2026-03-04T10:30:00+05:30,portfolio_hist,TREND,ENTER,debit_spread,24415.0,20.71,1.0,0.0,0.0,1.038,0.31,0.486,6,10,30,2,0,75,0,75,60,high_vol_range,38.69,75,,,
2026-03-04T14:12:00+05:30,portfolio_hist,TREND,EXIT,debit_spread,24519.2,20.96,1.0,0.0,0.0,1.037,0.738,0.316,6,14,12,2,0,0,0,0,0,high_vol_range,0.0,0,Trend stop: lost 15.7%,-456.75,222
2026-03-04T15:15:00+05:30,portfolio_hist,PREMIUM,EXIT,iron_condor,24455.45,21.11,1.0,0.0,0.0,1.037,0.476,0.527,6,15,15,2,0,0,0,0,0,high_vol_range,0.0,0,Time exit,381.75,328
2026-03-04T09:30:00+05:30,portfolio_hist,PREMIUM,SKIP,idle,24353.55,20.37,1.0,0.0,0.0,1.038,0.058,2.351,6,9,30,2,0,70,0,70,75,trending,0.0,0,,,
2026-03-04T09:35:00+05:30,portfolio_hist,PREMIUM,SKIP,idle,24324.5,20.56,1.0,0.0,0.0,1.038,0.062,2.351,6,9,35,2,0,70,0,70,75,trending,0.0,0,,,
2026-03-04T09:40:00+05:30,portfolio_hist,PREMIUM,SKIP,idle,24372.7,20.43,1.0,0.0,0.0,1.038,0.136,2.36,6,9,40,2,0,70,0,70,75,trending,0.0,0,,,
2026-03-04T09:45:00+05:30,portfolio_hist,PREMIUM,SKIP,idle,24413.15,20.32,1.0,0.0,0.0,1.038,0.302,0.347,6,9,45,2,0,62,0,62,75,high_vol_range,0.0,0,,,
2026-03-04T09:47:00+05:30,portfolio_hist,PREMIUM,ENTER,iron_condor,24367.7,20.56,1.0,0.0,0.0,1.038,0.116,0.347,6,9,47,2,0,82,0,82,75,high_vol_range,53.58,75,,,
2026-03-04T10:30:00+05:30,portfolio_hist,TREND,ENTER,debit_spread,24415.0,20.71,1.0,0.0,0.0,1.038,0.31,0.486,6,10,30,2,0,75,0,75,60,high_vol_range,38.69,75,,,
2026-03-04T15:15:00+05:30,portfolio_hist,PREMIUM,EXIT,iron_condor,24455.45,21.11,1.0,0.0,0.0,1.037,0.476,0.527,6,15,15,2,0,0,0,0,0,high_vol_range,0.0,0,Time exit,381.75,328
2026-03-04T15:16:00+05:30,portfolio_hist,TREND,EXIT,debit_spread,24469.8,21.06,1.0,0.0,0.0,1.037,0.535,0.527,6,15,16,2,0,0,0,0,0,high_vol_range,0.0,0,Time exit,-263.25,286
2026-03-04T09:30:00+05:30,portfolio_hist,PREMIUM,SKIP,idle,24353.55,20.37,1.0,0.0,0.0,1.038,0.058,2.351,6,9,30,2,0,70,0,70,75,trending,0.0,0,,,
2026-03-04T09:35:00+05:30,portfolio_hist,PREMIUM,SKIP,idle,24324.5,20.56,1.0,0.0,0.0,1.038,0.062,2.351,6,9,35,2,0,70,0,70,75,trending,0.0,0,,,
2026-03-04T09:40:00+05:30,portfolio_hist,PREMIUM,SKIP,idle,24372.7,20.43,1.0,0.0,0.0,1.038,0.136,2.36,6,9,40,2,0,70,0,70,75,trending,0.0,0,,,
2026-03-04T09:45:00+05:30,portfolio_hist,PREMIUM,SKIP,idle,24413.15,20.32,1.0,0.0,0.0,1.038,0.302,0.347,6,9,45,2,0,62,0,62,75,high_vol_range,0.0,0,,,
2026-03-04T09:47:00+05:30,portfolio_hist,PREMIUM,ENTER,iron_condor,24367.7,20.56,1.0,0.0,0.0,1.038,0.116,0.347,6,9,47,2,0,82,0,82,75,high_vol_range,53.58,75,,,
2026-03-04T10:30:00+05:30,portfolio_hist,TREND,ENTER,debit_spread,24415.0,20.71,1.0,0.0,0.0,1.038,0.31,0.486,6,10,30,2,0,75,0,75,60,high_vol_range,38.69,75,,,
2026-03-04T14:14:00+05:30,portfolio_hist,TREND,EXIT,debit_spread,24554.95,20.88,1.0,0.0,0.0,1.037,0.885,0.316,6,14,14,2,0,0,0,0,0,high_vol_range,0.0,0,Trend stop: lost 20.5%,-594.75,224
2026-03-04T15:15:00+05:30,portfolio_hist,PREMIUM,EXIT,iron_condor,24455.45,21.11,1.0,0.0,0.0,1.037,0.476,0.527,6,15,15,2,0,0,0,0,0,high_vol_range,0.0,0,Time exit,381.75,328
2026-03-04T09:30:00+05:30,portfolio_hist,PREMIUM,SKIP,idle,24353.55,20.37,1.0,0.0,0.0,1.038,0.058,2.351,6,9,30,2,0,70,0,70,75,trending,0.0,0,,,
2026-03-04T09:35:00+05:30,portfolio_hist,PREMIUM,SKIP,idle,24324.5,20.56,1.0,0.0,0.0,1.038,0.062,2.351,6,9,35,2,0,70,0,70,75,trending,0.0,0,,,
2026-03-04T09:40:00+05:30,portfolio_hist,PREMIUM,SKIP,idle,24372.7,20.43,1.0,0.0,0.0,1.038,0.136,2.36,6,9,40,2,0,70,0,70,75,trending,0.0,0,,,
2026-03-04T09:45:00+05:30,portfolio_hist,PREMIUM,SKIP,idle,24413.15,20.32,1.0,0.0,0.0,1.038,0.302,0.347,6,9,45,2,0,62,0,62,75,high_vol_range,0.0,0,,,
2026-03-04T09:47:00+05:30,portfolio_hist,PREMIUM,ENTER,iron_condor,24367.7,20.56,1.0,0.0,0.0,1.038,0.116,0.347,6,9,47,2,0,82,0,82,75,high_vol_range,53.58,75,,,
2026-03-04T10:30:00+05:30,portfolio_hist,TREND,ENTER,debit_spread,24415.0,20.71,1.0,0.0,0.0,1.038,0.31,0.486,6,10,30,2,0,75,0,75,60,high_vol_range,38.69,75,,,
2026-03-04T14:14:00+05:30,portfolio_hist,TREND,EXIT,debit_spread,24554.95,20.88,1.0,0.0,0.0,1.037,0.885,0.316,6,14,14,2,0,0,0,0,0,high_vol_range,0.0,0,Trend stop: lost 20.5%,-594.75,224
2026-03-04T15:15:00+05:30,portfolio_hist,PREMIUM,EXIT,iron_condor,24455.45,21.11,1.0,0.0,0.0,1.037,0.476,0.527,6,15,15,2,0,0,0,0,0,high_vol_range,0.0,0,Time exit,381.75,328
2026-03-04T09:30:00+05:30,portfolio_hist,PREMIUM,SKIP,idle,24353.55,20.37,1.0,0.0,0.0,1.038,0.058,2.351,6,9,30,2,0,70,0,70,75,trending,0.0,0,,,
2026-03-04T09:35:00+05:30,portfolio_hist,PREMIUM,SKIP,idle,24324.5,20.56,1.0,0.0,0.0,1.038,0.062,2.351,6,9,35,2,0,70,0,70,75,trending,0.0,0,,,
2026-03-04T09:40:00+05:30,portfolio_hist,PREMIUM,SKIP,idle,24372.7,20.43,1.0,0.0,0.0,1.038,0.136,2.36,6,9,40,2,0,70,0,70,75,trending,0.0,0,,,
2026-03-04T09:45:00+05:30,portfolio_hist,PREMIUM,SKIP,idle,24413.15,20.32,1.0,0.0,0.0,1.038,0.302,0.347,6,9,45,2,0,62,0,62,75,high_vol_range,0.0,0,,,
2026-03-04T09:47:00+05:30,portfolio_hist,PREMIUM,ENTER,iron_condor,24367.7,20.56,1.0,0.0,0.0,1.038,0.116,0.347,6,9,47,2,0,82,0,82,75,high_vol_range,53.58,75,,,
2026-03-04T10:30:00+05:30,portfolio_hist,TREND,ENTER,debit_spread,24415.0,20.71,1.0,0.0,0.0,1.038,0.31,0.486,6,10,30,2,0,75,0,75,60,high_vol_range,38.69,75,,,
2026-03-04T15:15:00+05:30,portfolio_hist,PREMIUM,EXIT,iron_condor,24455.45,21.11,1.0,0.0,0.0,1.037,0.476,0.527,6,15,15,2,0,0,0,0,0,high_vol_range,0.0,0,Time exit,381.75,328
2026-03-04T15:16:00+05:30,portfolio_hist,TREND,EXIT,debit_spread,24469.8,21.06,1.0,0.0,0.0,1.037,0.535,0.527,6,15,16,2,0,0,0,0,0,high_vol_range,0.0,0,Time exit,-263.25,286
2026-03-04T09:30:00+05:30,portfolio_hist,PREMIUM,SKIP,idle,24353.55,20.37,1.0,0.0,0.0,1.038,0.058,2.351,6,9,30,2,0,70,0,70,75,trending,0.0,0,,,
2026-03-04T09:35:00+05:30,portfolio_hist,PREMIUM,SKIP,idle,24324.5,20.56,1.0,0.0,0.0,1.038,0.062,2.351,6,9,35,2,0,70,0,70,75,trending,0.0,0,,,
2026-03-04T09:40:00+05:30,portfolio_hist,PREMIUM,SKIP,idle,24372.7,20.43,1.0,0.0,0.0,1.038,0.136,2.36,6,9,40,2,0,70,0,70,75,trending,0.0,0,,,
2026-03-04T09:45:00+05:30,portfolio_hist,PREMIUM,SKIP,idle,24413.15,20.32,1.0,0.0,0.0,1.038,0.302,0.347,6,9,45,2,0,62,0,62,75,high_vol_range,0.0,0,,,
2026-03-04T09:47:00+05:30,portfolio_hist,PREMIUM,ENTER,iron_condor,24367.7,20.56,1.0,0.0,0.0,1.038,0.116,0.347,6,9,47,2,0,82,0,82,75,high_vol_range,53.58,75,,,
2026-03-04T10:30:00+05:30,portfolio_hist,TREND,ENTER,debit_spread,24415.0,20.71,1.0,0.0,0.0,1.038,0.31,0.486,6,10,30,2,0,75,0,75,60,high_vol_range,38.69,75,,,
2026-03-04T14:14:00+05:30,portfolio_hist,TREND,EXIT,debit_spread,24554.95,20.88,1.0,0.0,0.0,1.037,0.885,0.316,6,14,14,2,0,0,0,0,0,high_vol_range,0.0,0,Trend stop: lost 20.5%,-594.75,224
2026-03-04T15:15:00+05:30,portfolio_hist,PREMIUM,EXIT,iron_condor,24455.45,21.11,1.0,0.0,0.0,1.037,0.476,0.527,6,15,15,2,0,0,0,0,0,high_vol_range,0.0,0,Time exit,381.75,328
2026-03-04T09:30:00+05:30,portfolio_hist,PREMIUM,SKIP,idle,24353.55,20.37,1.0,0.0,0.0,1.038,0.058,2.351,6,9,30,2,0,70,0,70,75,trending,0.0,0,,,
2026-03-04T09:35:00+05:30,portfolio_hist,PREMIUM,SKIP,idle,24324.5,20.56,1.0,0.0,0.0,1.038,0.062,2.351,6,9,35,2,0,70,0,70,75,trending,0.0,0,,,
2026-03-04T09:40:00+05:30,portfolio_hist,PREMIUM,SKIP,idle,24372.7,20.43,1.0,0.0,0.0,1.038,0.136,2.36,6,9,40,2,0,70,0,70,75,trending,0.0,0,,,
2026-03-04T09:45:00+05:30,portfolio_hist,PREMIUM,SKIP,idle,24413.15,20.32,1.0,0.0,0.0,1.038,0.302,0.347,6,9,45,2,0,62,0,62,75,high_vol_range,0.0,0,,,
2026-03-04T09:47:00+05:30,portfolio_hist,PREMIUM,ENTER,iron_condor,24367.7,20.56,1.0,0.0,0.0,1.038,0.116,0.347,6,9,47,2,0,82,0,82,75,high_vol_range,53.58,75,,,
2026-03-04T10:30:00+05:30,portfolio_hist,TREND,ENTER,debit_spread,24415.0,20.71,1.0,0.0,0.0,1.038,0.31,0.486,6,10,30,2,0,75,0,75,60,high_vol_range,38.69,75,,,
2026-03-04T14:12:00+05:30,portfolio_hist,TREND,EXIT,debit_spread,24519.2,20.96,1.0,0.0,0.0,1.037,0.738,0.316,6,14,12,2,0,0,0,0,0,high_vol_range,0.0,0,Trend stop: lost 15.7%,-456.75,222
2026-03-04T15:15:00+05:30,portfolio_hist,PREMIUM,EXIT,iron_condor,24455.45,21.11,1.0,0.0,0.0,1.037,0.476,0.527,6,15,15,2,0,0,0,0,0,high_vol_range,0.0,0,Time exit,381.75,328
2026-03-04T09:30:00+05:30,portfolio_hist,PREMIUM,ENTER,iron_condor,24353.55,20.37,1.0,0.0,0.0,1.038,0.058,2.351,6,9,30,2,0,70,0,70,75,pre_market,54.24,75,,,
2026-03-04T10:05:00+05:30,portfolio_hist,TREND,ENTER,debit_spread,24341.2,20.78,1.0,0.0,0.0,1.038,0.007,0.401,6,10,5,2,0,50,0,50,60,pre_market,40.12,75,,,
2026-03-04T14:08:00+05:30,portfolio_hist,TREND,EXIT,debit_spread,24478.0,21.15,1.0,0.0,0.0,1.037,0.569,0.185,6,14,8,2,0,0,0,0,0,pre_market,0.0,0,Trend stop: lost 20.1%,-605.25,243
2026-03-04T15:15:00+05:30,portfolio_hist,PREMIUM,EXIT,iron_condor,24455.45,21.11,1.0,0.0,0.0,1.037,0.476,0.527,6,15,15,2,0,0,0,0,0,pre_market,0.0,0,Time exit,228.0,345
2026-03-04T09:30:00+05:30,portfolio_replay,PREMIUM,ENTER,iron_condor,24353.55,20.37,1.0,0.0,0.0,1.32,0.058,2.331,6,9,30,2,0,70,0,70,75,trending,17.86,75,,,
2026-03-04T10:05:00+05:30,portfolio_replay,TREND,ENTER,debit_spread,24341.2,20.78,1.0,0.0,0.0,1.32,0.007,0.401,6,10,5,2,0,50,0,50,60,high_vol_range,35.5,75,,,
2026-03-04T14:10:00+05:30,portfolio_replay,TREND,EXIT,debit_spread,24495.65,21.08,1.0,0.0,0.0,1.323,0.641,0.316,6,14,10,2,0,0,0,0,0,high_vol_range,0.0,0,Trend stop: lost 20.8%,-555.0,245
2026-03-04T15:15:00+05:30,portfolio_replay,PREMIUM,EXIT,iron_condor,24455.45,21.11,1.0,0.0,0.0,1.322,0.476,0.527,6,15,15,2,0,0,0,0,0,high_vol_range,0.0,0,Time exit,351.0,345
2026-03-04T09:30:00+05:30,portfolio_hist,PREMIUM,ENTER,iron_condor,24353.55,20.37,1.0,0.0,0.0,1.038,0.058,2.331,6,9,30,2,0,70,0,70,75,choppy,54.24,75,,,
2026-03-04T10:05:00+05:30,portfolio_hist,TREND,ENTER,debit_spread,24341.2,20.78,1.0,0.0,0.0,1.038,0.007,0.401,6,10,5,2,0,50,0,50,60,choppy,40.12,75,,,
2026-03-04T14:08:00+05:30,portfolio_hist,TREND,EXIT,debit_spread,24478.0,21.15,1.0,0.0,0.0,1.037,0.569,0.185,6,14,8,2,0,0,0,0,0,high_vol_range,0.0,0,Trend stop: lost 20.1%,-605.25,243
2026-03-04T15:15:00+05:30,portfolio_hist,PREMIUM,EXIT,iron_condor,24455.45,21.11,1.0,0.0,0.0,1.037,0.476,0.527,6,15,15,2,0,0,0,0,0,high_vol_range,0.0,0,Time exit,228.0,345
2026-03-04T09:30:00+05:30,portfolio_hist,PREMIUM,ENTER,iron_condor,24353.55,20.37,1.0,0.0,0.0,1.038,0.058,2.331,6,9,30,2,0,70,0,70,75,choppy,54.24,75,,,
2026-03-04T10:05:00+05:30,portfolio_hist,TREND,ENTER,debit_spread,24341.2,20.78,1.0,0.0,0.0,1.038,0.007,0.401,6,10,5,2,0,50,0,50,60,choppy,40.12,75,,,
2026-03-04T14:08:00+05:30,portfolio_hist,TREND,EXIT,debit_spread,24478.0,21.15,1.0,0.0,0.0,1.037,0.569,0.185,6,14,8,2,0,0,0,0,0,high_vol_range,0.0,0,Trend stop: lost 20.1%,-605.25,243
2026-03-04T15:15:00+05:30,portfolio_hist,PREMIUM,EXIT,iron_condor,24455.45,21.11,1.0,0.0,0.0,1.037,0.476,0.527,6,15,15,2,0,0,0,0,0,high_vol_range,0.0,0,Time exit,228.0,345
2026-03-04T09:30:00+05:30,portfolio_hist,PREMIUM,ENTER,iron_condor,24353.55,20.37,1.0,0.0,0.0,1.038,0.058,2.331,6,9,30,2,0,70,0,70,75,conflicted,54.24,75,,,
2026-03-04T10:05:00+05:30,portfolio_hist,TREND,ENTER,debit_spread,24341.2,20.78,1.0,0.0,0.0,1.038,0.007,0.401,6,10,5,2,0,50,0,50,60,conflicted,40.12,75,,,
2026-03-04T14:08:00+05:30,portfolio_hist,TREND,EXIT,debit_spread,24478.0,21.15,1.0,0.0,0.0,1.037,0.569,0.185,6,14,8,2,0,0,0,0,0,trending,0.0,0,Trend stop: lost 20.1%,-605.25,243
2026-03-04T15:15:00+05:30,portfolio_hist,PREMIUM,EXIT,iron_condor,24455.45,21.11,1.0,0.0,0.0,1.037,0.476,0.527,6,15,15,2,0,0,0,0,0,choppy,0.0,0,Time exit,228.0,345
2026-03-04T09:30:00+05:30,portfolio_hist,PREMIUM,ENTER,iron_condor,24353.55,20.37,1.0,0.0,0.0,1.038,0.058,2.331,6,9,30,2,0,70,0,70,75,conflicted,54.24,75,,,
2026-03-04T10:05:00+05:30,portfolio_hist,TREND,ENTER,debit_spread,24341.2,20.78,1.0,0.0,0.0,1.038,0.007,0.401,6,10,5,2,0,50,0,50,60,conflicted,40.12,75,,,
2026-03-04T14:08:00+05:30,portfolio_hist,TREND,EXIT,debit_spread,24478.0,21.15,1.0,0.0,0.0,1.037,0.569,0.185,6,14,8,2,0,0,0,0,0,trending,0.0,0,Trend stop: lost 20.1%,-605.25,243
2026-03-04T15:15:00+05:30,portfolio_hist,PREMIUM,EXIT,iron_condor,24455.45,21.11,1.0,0.0,0.0,1.037,0.476,0.527,6,15,15,2,0,0,0,0,0,choppy,0.0,0,Time exit,228.0,345
2026-03-04T09:30:00+05:30,portfolio_hist,PREMIUM,ENTER,iron_condor,24353.55,20.37,1.0,0.0,0.0,1.038,0.058,2.331,6,9,30,2,0,70,0,70,75,conflicted,54.24,75,,,
2026-03-04T10:05:00+05:30,portfolio_hist,TREND,ENTER,debit_spread,24341.2,20.78,1.0,0.0,0.0,1.038,0.007,0.401,6,10,5,2,0,50,0,50,60,conflicted,40.12,75,,,
2026-03-04T14:08:00+05:30,portfolio_hist,TREND,EXIT,debit_spread,24478.0,21.15,1.0,0.0,0.0,1.037,0.569,0.185,6,14,8,2,0,0,0,0,0,trending,0.0,0,Trend stop: lost 20.1%,-605.25,243
2026-03-04T15:15:00+05:30,portfolio_hist,PREMIUM,EXIT,iron_condor,24455.45,21.11,1.0,0.0,0.0,1.037,0.476,0.527,6,15,15,2,0,0,0,0,0,choppy,0.0,0,Time exit,228.0,345
2026-03-04T09:30:00+05:30,portfolio_hist,PREMIUM,ENTER,iron_condor,24353.55,20.37,1.0,0.0,0.0,1.038,0.058,2.331,6,9,30,2,0,70,0,70,75,conflicted,54.24,75,,,
2026-03-04T10:05:00+05:30,portfolio_hist,TREND,ENTER,debit_spread,24341.2,20.78,1.0,0.0,0.0,1.038,0.007,0.401,6,10,5,2,0,50,0,50,60,conflicted,40.12,75,,,
2026-03-04T14:08:00+05:30,portfolio_hist,TREND,EXIT,debit_spread,24478.0,21.15,1.0,0.0,0.0,1.037,0.569,0.185,6,14,8,2,0,0,0,0,0,trending,0.0,0,Trend stop: lost 20.1%,-605.25,243
2026-03-04T15:15:00+05:30,portfolio_hist,PREMIUM,EXIT,iron_condor,24455.45,21.11,1.0,0.0,0.0,1.037,0.476,0.527,6,15,15,2,0,0,0,0,0,choppy,0.0,0,Time exit,228.0,345
2026-03-04T09:30:00+05:30,portfolio_hist,PREMIUM,ENTER,iron_condor,24353.55,20.37,1.0,0.0,0.0,1.038,0.058,2.331,6,9,30,2,0,70,0,70,75,conflicted,54.24,75,,,
2026-03-04T10:05:00+05:30,portfolio_hist,TREND,ENTER,debit_spread,24341.2,20.78,1.0,0.0,0.0,1.038,0.007,0.401,6,10,5,2,0,50,0,50,60,conflicted,40.12,75,,,
2026-03-04T14:08:00+05:30,portfolio_hist,TREND,EXIT,debit_spread,24478.0,21.15,1.0,0.0,0.0,1.037,0.569,0.185,6,14,8,2,0,0,0,0,0,trending,0.0,0,Trend stop: lost 20.1%,-605.25,243
2026-03-04T15:15:00+05:30,portfolio_hist,PREMIUM,EXIT,iron_condor,24455.45,21.11,1.0,0.0,0.0,1.037,0.476,0.527,6,15,15,2,0,0,0,0,0,choppy,0.0,0,Time exit,228.0,345
2026-03-04T09:30:00+05:30,portfolio_hist,PREMIUM,ENTER,iron_condor,24353.55,20.37,1.0,0.0,0.0,1.038,0.058,2.331,6,9,30,2,0,70,0,70,75,conflicted,54.24,75,,,
2026-03-04T10:05:00+05:30,portfolio_hist,TREND,ENTER,debit_spread,24341.2,20.78,1.0,0.0,0.0,1.038,0.007,0.401,6,10,5,2,0,50,0,50,60,conflicted,40.12,75,,,
2026-03-04T14:08:00+05:30,portfolio_hist,TREND,EXIT,debit_spread,24478.0,21.15,1.0,0.0,0.0,1.037,0.569,0.185,6,14,8,2,0,0,0,0,0,choppy,0.0,0,Trend stop: lost 20.1%,-605.25,243
2026-03-04T15:15:00+05:30,portfolio_hist,PREMIUM,EXIT,iron_condor,24455.45,21.11,1.0,0.0,0.0,1.037,0.476,0.527,6,15,15,2,0,0,0,0,0,choppy,0.0,0,Time exit,228.0,345
2026-03-04T09:30:00+05:30,portfolio_hist,PREMIUM,ENTER,iron_condor,24353.55,20.37,1.0,0.0,0.0,1.038,0.058,2.331,6,9,30,2,0,70,0,70,75,conflicted,54.24,75,,,
2026-03-04T10:05:00+05:30,portfolio_hist,TREND,ENTER,debit_spread,24341.2,20.78,1.0,0.0,0.0,1.038,0.007,0.401,6,10,5,2,0,50,0,50,60,conflicted,40.12,75,,,
2026-03-04T14:08:00+05:30,portfolio_hist,TREND,EXIT,debit_spread,24478.0,21.15,1.0,0.0,0.0,1.037,0.569,0.185,6,14,8,2,0,0,0,0,0,choppy,0.0,0,Trend stop: lost 20.1%,-605.25,243
2026-03-04T15:15:00+05:30,portfolio_hist,PREMIUM,EXIT,iron_condor,24455.45,21.11,1.0,0.0,0.0,1.037,0.476,0.527,6,15,15,2,0,0,0,0,0,choppy,0.0,0,Time exit,228.0,345
2026-03-04T09:30:00+05:30,portfolio_hist,PREMIUM,ENTER,iron_condor,24353.55,20.37,1.0,0.0,0.0,1.038,0.058,2.331,6,9,30,2,0,70,0,70,75,conflicted,81.38,75,,,
2026-03-04T10:05:00+05:30,portfolio_hist,TREND,ENTER,debit_spread,24341.2,20.78,1.0,0.0,0.0,1.038,0.007,0.401,6,10,5,2,0,50,0,50,60,conflicted,40.12,75,,,
2026-03-04T14:08:00+05:30,portfolio_hist,TREND,EXIT,debit_spread,24478.0,21.15,1.0,0.0,0.0,1.037,0.569,0.185,6,14,8,2,0,0,0,0,0,choppy,0.0,0,Trend stop: lost 20.1%,-605.25,243
2026-03-04T15:15:00+05:30,portfolio_hist,PREMIUM,EXIT,iron_condor,24455.45,21.11,1.0,0.0,0.0,1.037,0.476,0.527,6,15,15,2,0,0,0,0,0,choppy,0.0,0,Time exit,569.25,345
