timestamp,strategy_id,leg,decision,mode,spot,vix,pcr_oi,max_pain,max_pain_dist_pct,iv_skew_ratio,move_from_open_pct,morning_range_pct,dte,hour,minute,day_of_week,is_expiry,rule_score,ai_adj,final_score,threshold,regime,entry_premium,quantity,exit_reason,outcome_pnl,held_minutes
2026-03-24T09:30:16.986483+05:30,portfolio_1,PREMIUM,SKIP,idle,22842.9,25.2,0.0,0.0,0.0,0.0,0.0,0.0,0,9,30,1,1,55,0,55,75,high_vol_range,0.0,0,,,
2026-03-24T09:35:00.273937+05:30,portfolio_1,PREMIUM,SKIP,idle,22815.75,25.2,0.0,0.0,0.0,0.0,0.119,0.0,0,9,35,1,1,55,0,55,75,high_vol_range,0.0,0,,,
2026-03-24T09:40:00.576315+05:30,portfolio_1,PREMIUM,SKIP,idle,22763.1,25.27,0.0,0.0,0.0,0.0,0.349,0.163,0,9,40,1,1,35,0,35,75,high_vol_range,0.0,0,,,
2026-03-24T09:45:00.098255+05:30,portfolio_1,PREMIUM,SKIP,idle,22743.4,25.39,0.0,0.0,0.0,0.0,0.436,0.392,0,9,45,1,1,22,0,22,75,high_vol_range,0.0,0,,,
2026-03-24T09:50:00.275405+05:30,portfolio_1,PREMIUM,SKIP,idle,22717.25,25.53,0.0,0.0,0.0,0.0,0.55,0.527,0,9,50,1,1,10,0,10,75,high_vol_range,0.0,0,,,
2026-03-24T09:55:00.372076+05:30,portfolio_1,PREMIUM,SKIP,idle,22731.05,25.48,0.0,0.0,0.0,0.0,0.49,0.638,0,9,55,1,1,15,0,15,75,high_vol_range,0.0,0,,,
2026-03-24T10:00:02.959909+05:30,portfolio_1,PREMIUM,SKIP,idle,22752.5,25.36,0.0,0.0,0.0,0.0,0.396,0.661,0,10,0,1,1,15,0,15,65,high_vol_range,0.0,0,,,
2026-03-24T10:05:00.340923+05:30,portfolio_1,PREMIUM,SKIP,idle,22705.7,25.52,0.0,0.0,0.0,0.0,0.601,0.661,0,10,5,1,1,10,0,10,65,high_vol_range,0.0,0,,,
2026-03-24T10:10:00.369979+05:30,portfolio_1,PREMIUM,SKIP,idle,22683.85,25.58,0.0,0.0,0.0,0.0,0.696,0.554,0,10,10,1,1,10,0,10,65,high_vol_range,0.0,0,,,
2026-03-24T10:15:00.505028+05:30,portfolio_1,PREMIUM,SKIP,idle,22706.6,25.48,0.0,0.0,0.0,0.0,0.597,0.443,0,10,15,1,1,17,0,17,65,high_vol_range,0.0,0,,,
2026-03-24T10:20:00.334995+05:30,portfolio_1,PREMIUM,SKIP,idle,22730.8,25.43,0.0,0.0,0.0,0.0,0.491,0.402,0,10,20,1,1,22,0,22,65,high_vol_range,0.0,0,,,
2026-03-24T10:25:00.367071+05:30,portfolio_1,PREMIUM,SKIP,idle,22760.65,25.31,0.0,0.0,0.0,0.0,0.36,0.402,0,10,25,1,1,22,0,22,65,high_vol_range,0.0,0,,,
2026-03-24T10:30:00.302930+05:30,portfolio_1,PREMIUM,SKIP,idle,22737.15,25.42,0.0,0.0,0.0,0.0,0.463,0.402,0,10,30,1,1,22,0,22,65,high_vol_range,0.0,0,,,
2026-03-24T10:35:00.434966+05:30,portfolio_1,PREMIUM,SKIP,idle,22669.15,25.52,0.0,0.0,0.0,0.0,0.761,0.372,0,10,35,1,1,17,0,17,65,high_vol_range,0.0,0,,,
2026-03-24T10:40:00.048485+05:30,portfolio_1,PREMIUM,SKIP,idle,22631.15,25.76,0.0,0.0,0.0,0.0,0.927,0.436,0,10,40,1,1,17,0,17,65,high_vol_range,0.0,0,,,
2026-03-24T10:45:00.325462+05:30,portfolio_1,PREMIUM,SKIP,idle,22666.35,25.59,0.0,0.0,0.0,0.0,0.773,0.625,0,10,45,1,1,10,0,10,65,high_vol_range,0.0,0,,,
2026-03-24T10:50:00.431121+05:30,portfolio_1,PREMIUM,SKIP,idle,22689.25,25.6,0.0,0.0,0.0,0.0,0.673,0.625,0,10,50,1,1,10,0,10,65,high_vol_range,0.0,0,,,
2026-03-24T10:55:00.026425+05:30,portfolio_1,PREMIUM,SKIP,idle,22666.75,25.67,0.0,0.0,0.0,0.0,0.771,0.625,0,10,55,1,1,10,0,10,65,high_vol_range,0.0,0,,,
2026-03-24T09:30:00+05:30,portfolio_replay,PREMIUM,SKIP,idle,22848.25,25.09,1.0,0.0,0.0,1.04,0.103,1.627,0,9,30,1,1,30,0,30,75,trending,0.0,0,,,
2026-03-24T09:35:00+05:30,portfolio_replay,PREMIUM,SKIP,idle,22819.1,25.18,1.0,0.0,0.0,1.04,0.024,1.627,0,9,35,1,1,30,0,30,75,trending,0.0,0,,,
2026-03-24T09:40:00+05:30,portfolio_replay,PREMIUM,SKIP,idle,22779.75,25.3,1.0,0.0,0.0,1.04,0.197,1.627,0,9,40,1,1,17,0,17,75,trending,0.0,0,,,
2026-03-24T09:45:00+05:30,portfolio_replay,PREMIUM,SKIP,idle,22719.05,25.47,1.0,0.0,0.0,1.04,0.463,0.505,0,9,45,1,1,15,0,15,75,high_vol_range,0.0,0,,,
2026-03-24T09:50:00+05:30,portfolio_replay,PREMIUM,SKIP,idle,22712.55,25.48,1.0,0.0,0.0,1.04,0.491,0.603,0,9,50,1,1,15,0,15,75,high_vol_range,0.0,0,,,
2026-03-24T09:55:00+05:30,portfolio_replay,PREMIUM,SKIP,idle,22755.45,25.34,1.0,0.0,0.0,1.04,0.303,0.603,0,9,55,1,1,15,0,15,75,high_vol_range,0.0,0,,,
2026-03-24T10:00:00+05:30,portfolio_replay,PREMIUM,SKIP,idle,22747.3,25.4,1.0,0.0,0.0,1.04,0.339,0.601,0,10,0,1,1,15,0,15,65,high_vol_range,0.0,0,,,
2026-03-24T10:05:00+05:30,portfolio_replay,PREMIUM,SKIP,idle,22715.0,25.54,1.0,0.0,0.0,1.041,0.48,0.517,0,10,5,1,1,15,0,15,65,high_vol_range,0.0,0,,,
2026-03-24T10:10:00+05:30,portfolio_replay,PREMIUM,SKIP,idle,22693.55,25.53,1.0,0.0,0.0,1.04,0.574,0.429,0,10,10,1,1,17,0,17,65,high_vol_range,0.0,0,,,
2026-03-24T10:15:00+05:30,portfolio_replay,PREMIUM,SKIP,idle,22711.4,25.5,1.0,0.0,0.0,1.04,0.496,0.374,0,10,15,1,1,22,0,22,65,high_vol_range,0.0,0,,,
2026-03-24T10:20:00+05:30,portfolio_replay,PREMIUM,SKIP,idle,22714.0,25.39,1.0,0.0,0.0,1.04,0.485,0.374,0,10,20,1,1,22,0,22,65,high_vol_range,0.0,0,,,
2026-03-24T10:25:00+05:30,portfolio_replay,PREMIUM,SKIP,idle,22760.0,25.4,1.0,0.0,0.0,1.04,0.283,0.374,0,10,25,1,1,29,0,29,65,high_vol_range,0.0,0,,,
2026-03-24T10:25:00+05:30,portfolio_replay,TREND,ENTER,debit_spread,22760.0,25.4,1.0,0.0,0.0,1.04,0.283,0.374,0,10,25,1,1,62,0,62,60,high_vol_range,7.77,75,,,
2026-03-24T10:26:00+05:30,portfolio_replay,TREND,EXIT,debit_spread,22728.7,25.38,1.0,0.0,0.0,1.04,0.42,0.374,0,10,26,1,1,0,0,0,0,high_vol_range,0.0,0,Trend stop: lost 64.2%,-374.25,1
2026-03-24T10:30:00+05:30,portfolio_replay,PREMIUM,SKIP,idle,22721.55,25.43,1.0,0.0,0.0,1.041,0.452,0.344,0,10,30,1,1,22,0,22,65,high_vol_range,0.0,0,,,
2026-03-24T10:35:00+05:30,portfolio_replay,PREMIUM,SKIP,idle,22660.9,25.5,1.0,0.0,0.0,1.04,0.717,0.421,0,10,35,1,1,17,0,17,65,high_vol_range,0.0,0,,,
2026-03-24T10:40:00+05:30,portfolio_replay,PREMIUM,SKIP,idle,22634.35,25.7,1.0,0.0,0.0,1.041,0.834,0.579,0,10,40,1,1,10,0,10,65,high_vol_range,0.0,0,,,
2026-03-24T10:45:00+05:30,portfolio_replay,PREMIUM,SKIP,idle,22665.9,25.59,1.0,0.0,0.0,1.041,0.696,0.579,0,10,45,1,1,10,0,10,65,high_vol_range,0.0,0,,,
2026-03-24T10:50:00+05:30,portfolio_replay,PREMIUM,SKIP,idle,22706.45,25.57,1.0,0.0,0.0,1.041,0.518,0.579,0,10,50,1,1,10,0,10,65,high_vol_range,0.0,0,,,
2026-03-24T10:55:00+05:30,portfolio_replay,PREMIUM,SKIP,idle,22672.8,25.67,1.0,0.0,0.0,1.041,0.665,0.565,0,10,55,1,1,10,0,10,65,high_vol_range,0.0,0,,,
2026-03-24T09:30:00+05:30,portfolio_replay,PREMIUM,SKIP,idle,22848.25,25.09,1.0,0.0,0.0,1.04,0.103,1.627,0,9,30,1,1,50,0,50,75,trending,0.0,0,,,
2026-03-24T09:35:00+05:30,portfolio_replay,PREMIUM,SKIP,idle,22819.1,25.18,1.0,0.0,0.0,1.04,0.024,1.627,0,9,35,1,1,50,0,50,75,trending,0.0,0,,,
2026-03-24T09:40:00+05:30,portfolio_replay,PREMIUM,SKIP,idle,22779.75,25.3,1.0,0.0,0.0,1.04,0.197,1.627,0,9,40,1,1,37,0,37,75,trending,0.0,0,,,
2026-03-24T09:45:00+05:30,portfolio_replay,PREMIUM,SKIP,idle,22719.05,25.47,1.0,0.0,0.0,1.04,0.463,0.505,0,9,45,1,1,35,0,35,75,high_vol_range,0.0,0,,,
2026-03-24T09:50:00+05:30,portfolio_replay,PREMIUM,SKIP,idle,22712.55,25.48,1.0,0.0,0.0,1.04,0.491,0.603,0,9,50,1,1,35,0,35,75,high_vol_range,0.0,0,,,
2026-03-24T09:55:00+05:30,portfolio_replay,PREMIUM,SKIP,idle,22755.45,25.34,1.0,0.0,0.0,1.04,0.303,0.603,0,9,55,1,1,35,0,35,75,high_vol_range,0.0,0,,,
2026-03-24T10:00:00+05:30,portfolio_replay,PREMIUM,SKIP,idle,22747.3,25.4,1.0,0.0,0.0,1.04,0.339,0.601,0,10,0,1,1,35,0,35,65,high_vol_range,0.0,0,,,
2026-03-24T10:05:00+05:30,portfolio_replay,PREMIUM,SKIP,idle,22715.0,25.54,1.0,0.0,0.0,1.041,0.48,0.517,0,10,5,1,1,35,0,35,65,high_vol_range,0.0,0,,,
2026-03-24T10:10:00+05:30,portfolio_replay,PREMIUM,SKIP,idle,22693.55,25.53,1.0,0.0,0.0,1.04,0.574,0.429,0,10,10,1,1,37,0,37,65,high_vol_range,0.0,0,,,
2026-03-24T10:15:00+05:30,portfolio_replay,PREMIUM,SKIP,idle,22711.4,25.5,1.0,0.0,0.0,1.04,0.496,0.374,0,10,15,1,1,42,0,42,65,high_vol_range,0.0,0,,,
2026-03-24T10:20:00+05:30,portfolio_replay,PREMIUM,SKIP,idle,22714.0,25.39,1.0,0.0,0.0,1.04,0.485,0.374,0,10,20,1,1,42,0,42,65,high_vol_range,0.0,0,,,
2026-03-24T10:25:00+05:30,portfolio_replay,PREMIUM,SKIP,idle,22760.0,25.4,1.0,0.0,0.0,1.04,0.283,0.374,0,10,25,1,1,49,0,49,65,high_vol_range,0.0,0,,,
2026-03-24T10:30:00+05:30,portfolio_replay,PREMIUM,SKIP,idle,22721.55,25.43,1.0,0.0,0.0,1.041,0.452,0.344,0,10,30,1,1,42,0,42,65,high_vol_range,0.0,0,,,
2026-03-24T10:35:00+05:30,portfolio_replay,PREMIUM,SKIP,idle,22660.9,25.5,1.0,0.0,0.0,1.04,0.717,0.421,0,10,35,1,1,37,0,37,65,high_vol_range,0.0,0,,,
2026-03-24T10:40:00+05:30,portfolio_replay,PREMIUM,SKIP,idle,22634.35,25.7,1.0,0.0,0.0,1.041,0.834,0.579,0,10,40,1,1,30,0,30,65,high_vol_range,0.0,0,,,
2026-03-24T10:45:00+05:30,portfolio_replay,PREMIUM,SKIP,idle,22665.9,25.59,1.0,0.0,0.0,1.041,0.696,0.579,0,10,45,1,1,30,0,30,65,high_vol_range,0.0,0,,,
2026-03-24T10:50:00+05:30,portfolio_replay,PREMIUM,SKIP,idle,22706.45,25.57,1.0,0.0,0.0,1.041,0.518,0.579,0,10,50,1,1,30,0,30,65,high_vol_range,0.0,0,,,
2026-03-24T10:55:00+05:30,portfolio_replay,PREMIUM,SKIP,idle,22672.8,25.67,1.0,0.0,0.0,1.041,0.665,0.565,0,10,55,1,1,30,0,30,65,high_vol_range,0.0,0,,,
2026-03-24T09:30:00+05:30,portfolio_replay,PREMIUM,SKIP,idle,22848.25,25.09,1.0,0.0,0.0,1.04,0.103,1.627,0,9,30,1,1,50,0,50,75,trending,0.0,0,,,
2026-03-24T09:35:00+05:30,portfolio_replay,PREMIUM,SKIP,idle,22819.1,25.18,1.0,0.0,0.0,1.04,0.024,1.627,0,9,35,1,1,50,0,50,75,trending,0.0,0,,,
2026-03-24T09:40:00+05:30,portfolio_replay,PREMIUM,SKIP,idle,22779.75,25.3,1.0,0.0,0.0,1.04,0.197,1.627,0,9,40,1,1,37,0,37,75,trending,0.0,0,,,
2026-03-24T09:45:00+05:30,portfolio_replay,PREMIUM,SKIP,idle,22719.05,25.47,1.0,0.0,0.0,1.04,0.463,0.505,0,9,45,1,1,35,0,35,75,high_vol_range,0.0,0,,,
2026-03-24T09:50:00+05:30,portfolio_replay,PREMIUM,SKIP,idle,22712.55,25.48,1.0,0.0,0.0,1.04,0.491,0.603,0,9,50,1,1,35,0,35,75,high_vol_range,0.0,0,,,
2026-03-24T09:55:00+05:30,portfolio_replay,PREMIUM,SKIP,idle,22755.45,25.34,1.0,0.0,0.0,1.04,0.303,0.603,0,9,55,1,1,35,0,35,75,high_vol_range,0.0,0,,,
2026-03-24T10:00:00+05:30,portfolio_replay,PREMIUM,SKIP,idle,22747.3,25.4,1.0,0.0,0.0,1.04,0.339,0.601,0,10,0,1,1,35,0,35,65,high_vol_range,0.0,0,,,
2026-03-24T10:05:00+05:30,portfolio_replay,PREMIUM,SKIP,idle,22715.0,25.54,1.0,0.0,0.0,1.041,0.48,0.517,0,10,5,1,1,35,0,35,65,high_vol_range,0.0,0,,,
2026-03-24T10:10:00+05:30,portfolio_replay,PREMIUM,SKIP,idle,22693.55,25.53,1.0,0.0,0.0,1.04,0.574,0.429,0,10,10,1,1,37,0,37,65,high_vol_range,0.0,0,,,
2026-03-24T10:15:00+05:30,portfolio_replay,PREMIUM,SKIP,idle,22711.4,25.5,1.0,0.0,0.0,1.04,0.496,0.374,0,10,15,1,1,42,0,42,65,high_vol_range,0.0,0,,,
2026-03-24T10:20:00+05:30,portfolio_replay,PREMIUM,SKIP,idle,22714.0,25.39,1.0,0.0,0.0,1.04,0.485,0.374,0,10,20,1,1,42,0,42,65,high_vol_range,0.0,0,,,
2026-03-24T10:25:00+05:30,portfolio_replay,PREMIUM,SKIP,idle,22760.0,25.4,1.0,0.0,0.0,1.04,0.283,0.374,0,10,25,1,1,49,0,49,65,high_vol_range,0.0,0,,,
2026-03-24T10:30:00+05:30,portfolio_replay,PREMIUM,SKIP,idle,22721.55,25.43,1.0,0.0,0.0,1.041,0.452,0.344,0,10,30,1,1,42,0,42,65,high_vol_range,0.0,0,,,
2026-03-24T10:35:00+05:30,portfolio_replay,PREMIUM,SKIP,idle,22660.9,25.5,1.0,0.0,0.0,1.04,0.717,0.421,0,10,35,1,1,37,0,37,65,high_vol_range,0.0,0,,,
2026-03-24T10:40:00+05:30,portfolio_replay,PREMIUM,SKIP,idle,22634.35,25.7,1.0,0.0,0.0,1.041,0.834,0.579,0,10,40,1,1,30,0,30,65,high_vol_range,0.0,0,,,
2026-03-24T10:45:00+05:30,portfolio_replay,PREMIUM,SKIP,idle,22665.9,25.59,1.0,0.0,0.0,1.041,0.696,0.579,0,10,45,1,1,30,0,30,65,high_vol_range,0.0,0,,,
2026-03-24T10:50:00+05:30,portfolio_replay,PREMIUM,SKIP,idle,22706.45,25.57,1.0,0.0,0.0,1.041,0.518,0.579,0,10,50,1,1,30,0,30,65,high_vol_range,0.0,0,,,
2026-03-24T10:55:00+05:30,portfolio_replay,PREMIUM,SKIP,idle,22672.8,25.67,1.0,0.0,0.0,1.041,0.665,0.565,0,10,55,1,1,30,0,30,65,high_vol_range,0.0,0,,,
2026-03-24T09:30:00+05:30,portfolio_replay,PREMIUM,SKIP,idle,22848.25,25.09,1.0,0.0,0.0,1.04,0.103,1.627,0,9,30,1,1,50,0,50,75,trending,0.0,0,,,
2026-03-24T09:35:00+05:30,portfolio_replay,PREMIUM,SKIP,idle,22819.1,25.18,1.0,0.0,0.0,1.04,0.024,1.627,0,9,35,1,1,50,0,50,75,trending,0.0,0,,,
2026-03-24T09:40:00+05:30,portfolio_replay,PREMIUM,SKIP,idle,22779.75,25.3,1.0,0.0,0.0,1.04,0.197,1.627,0,9,40,1,1,37,0,37,75,trending,0.0,0,,,
2026-03-24T09:45:00+05:30,portfolio_replay,PREMIUM,SKIP,idle,22719.05,25.47,1.0,0.0,0.0,1.04,0.463,0.505,0,9,45,1,1,35,0,35,75,high_vol_range,0.0,0,,,
2026-03-24T09:50:00+05:30,portfolio_replay,PREMIUM,SKIP,idle,22712.55,25.48,1.0,0.0,0.0,1.04,0.491,0.603,0,9,50,1,1,35,0,35,75,high_vol_range,0.0,0,,,
2026-03-24T09:55:00+05:30,portfolio_replay,PREMIUM,SKIP,idle,22755.45,25.34,1.0,0.0,0.0,1.04,0.303,0.603,0,9,55,1,1,35,0,35,75,high_vol_range,0.0,0,,,
2026-03-24T10:00:00+05:30,portfolio_replay,PREMIUM,SKIP,idle,22747.3,25.4,1.0,0.0,0.0,1.04,0.339,0.601,0,10,0,1,1,35,0,35,65,high_vol_range,0.0,0,,,
2026-03-24T10:05:00+05:30,portfolio_replay,PREMIUM,SKIP,idle,22715.0,25.54,1.0,0.0,0.0,1.041,0.48,0.517,0,10,5,1,1,35,0,35,65,high_vol_range,0.0,0,,,
2026-03-24T10:10:00+05:30,portfolio_replay,PREMIUM,SKIP,idle,22693.55,25.53,1.0,0.0,0.0,1.04,0.574,0.429,0,10,10,1,1,37,0,37,65,high_vol_range,0.0,0,,,
2026-03-24T10:15:00+05:30,portfolio_replay,PREMIUM,SKIP,idle,22711.4,25.5,1.0,0.0,0.0,1.04,0.496,0.374,0,10,15,1,1,42,0,42,65,high_vol_range,0.0,0,,,
2026-03-24T10:20:00+05:30,portfolio_replay,PREMIUM,SKIP,idle,22714.0,25.39,1.0,0.0,0.0,1.04,0.485,0.374,0,10,20,1,1,42,0,42,65,high_vol_range,0.0,0,,,
2026-03-24T10:25:00+05:30,portfolio_replay,PREMIUM,SKIP,idle,22760.0,25.4,1.0,0.0,0.0,1.04,0.283,0.374,0,10,25,1,1,49,0,49,65,high_vol_range,0.0,0,,,
2026-03-24T10:30:00+05:30,portfolio_replay,PREMIUM,SKIP,idle,22721.55,25.43,1.0,0.0,0.0,1.041,0.452,0.344,0,10,30,1,1,42,0,42,65,high_vol_range,0.0,0,,,
2026-03-24T10:35:00+05:30,portfolio_replay,PREMIUM,SKIP,idle,22660.9,25.5,1.0,0.0,0.0,1.04,0.717,0.421,0,10,35,1,1,37,0,37,65,high_vol_range,0.0,0,,,
2026-03-24T10:40:00+05:30,portfolio_replay,PREMIUM,SKIP,idle,22634.35,25.7,1.0,0.0,0.0,1.041,0.834,0.579,0,10,40,1,1,30,0,30,65,high_vol_range,0.0,0,,,
2026-03-24T10:45:00+05:30,portfolio_replay,PREMIUM,SKIP,idle,22665.9,25.59,1.0,0.0,0.0,1.041,0.696,0.579,0,10,45,1,1,30,0,30,65,high_vol_range,0.0,0,,,
2026-03-24T10:50:00+05:30,portfolio_replay,PREMIUM,SKIP,idle,22706.45,25.57,1.0,0.0,0.0,1.041,0.518,0.579,0,10,50,1,1,30,0,30,65,high_vol_range,0.0,0,,,
2026-03-24T10:55:00+05:30,portfolio_replay,PREMIUM,SKIP,idle,22672.8,25.67,1.0,0.0,0.0,1.041,0.665,0.565,0,10,55,1,1,30,0,30,65,high_vol_range,0.0,0,,,
2026-03-24T09:30:00+05:30,portfolio_replay,PREMIUM,SKIP,idle,22848.25,25.09,1.0,0.0,0.0,1.04,0.103,1.627,0,9,30,1,1,50,0,50,75,trending,0.0,0,,,
2026-03-24T09:35:00+05:30,portfolio_replay,PREMIUM,SKIP,idle,22819.1,25.18,1.0,0.0,0.0,1.04,0.024,1.627,0,9,35,1,1,50,0,50,75,trending,0.0,0,,,
2026-03-24T09:40:00+05:30,portfolio_replay,PREMIUM,SKIP,idle,22779.75,25.3,1.0,0.0,0.0,1.04,0.197,1.627,0,9,40,1,1,37,0,37,75,trending,0.0,0,,,
2026-03-24T09:45:00+05:30,portfolio_replay,PREMIUM,SKIP,idle,22719.05,25.47,1.0,0.0,0.0,1.04,0.463,0.505,0,9,45,1,1,35,0,35,75,high_vol_range,0.0,0,,,
2026-03-24T09:50:00+05:30,portfolio_replay,PREMIUM,SKIP,idle,22712.55,25.48,1.0,0.0,0.0,1.04,0.491,0.603,0,9,50,1,1,35,0,35,75,high_vol_range,0.0,0,,,
2026-03-24T09:55:00+05:30,portfolio_replay,PREMIUM,SKIP,idle,22755.45,25.34,1.0,0.0,0.0,1.04,0.303,0.603,0,9,55,1,1,35,0,35,75,high_vol_range,0.0,0,,,
2026-03-24T10:00:00+05:30,portfolio_replay,PREMIUM,SKIP,idle,22747.3,25.4,1.0,0.0,0.0,1.04,0.339,0.601,0,10,0,1,1,35,0,35,65,high_vol_range,0.0,0,,,
2026-03-24T10:05:00+05:30,portfolio_replay,PREMIUM,SKIP,idle,22715.0,25.54,1.0,0.0,0.0,1.041,0.48,0.517,0,10,5,1,1,35,0,35,65,high_vol_range,0.0,0,,,
2026-03-24T10:10:00+05:30,portfolio_replay,PREMIUM,SKIP,idle,22693.55,25.53,1.0,0.0,0.0,1.04,0.574,0.429,0,10,10,1,1,37,0,37,65,high_vol_range,0.0,0,,,
2026-03-24T10:15:00+05:30,portfolio_replay,PREMIUM,SKIP,idle,22711.4,25.5,1.0,0.0,0.0,1.04,0.496,0.374,0,10,15,1,1,42,0,42,65,high_vol_range,0.0,0,,,
2026-03-24T10:20:00+05:30,portfolio_replay,PREMIUM,SKIP,idle,22714.0,25.39,1.0,0.0,0.0,1.04,0.485,0.374,0,10,20,1,1,42,0,42,65,high_vol_range,0.0,0,,,
2026-03-24T10:25:00+05:30,portfolio_replay,PREMIUM,SKIP,idle,22760.0,25.4,1.0,0.0,0.0,1.04,0.283,0.374,0,10,25,1,1,49,0,49,65,high_vol_range,0.0,0,,,
2026-03-24T10:30:00+05:30,portfolio_replay,PREMIUM,SKIP,idle,22721.55,25.43,1.0,0.0,0.0,1.041,0.452,0.344,0,10,30,1,1,42,0,42,65,high_vol_range,0.0,0,,,
2026-03-24T10:35:00+05:30,portfolio_replay,PREMIUM,SKIP,idle,22660.9,25.5,1.0,0.0,0.0,1.04,0.717,0.421,0,10,35,1,1,37,0,37,65,high_vol_range,0.0,0,,,
2026-03-24T10:40:00+05:30,portfolio_replay,PREMIUM,SKIP,idle,22634.35,25.7,1.0,0.0,0.0,1.041,0.834,0.579,0,10,40,1,1,30,0,30,65,high_vol_range,0.0,0,,,
2026-03-24T10:45:00+05:30,portfolio_replay,PREMIUM,SKIP,idle,22665.9,25.59,1.0,0.0,0.0,1.041,0.696,0.579,0,10,45,1,1,30,0,30,65,high_vol_range,0.0,0,,,
2026-03-24T10:50:00+05:30,portfolio_replay,PREMIUM,SKIP,idle,22706.45,25.57,1.0,0.0,0.0,1.041,0.518,0.579,0,10,50,1,1,30,0,30,65,high_vol_range,0.0,0,,,
2026-03-24T10:55:00+05:30,portfolio_replay,PREMIUM,SKIP,idle,22672.8,25.67,1.0,0.0,0.0,1.041,0.665,0.565,0,10,55,1,1,30,0,30,65,high_vol_range,0.0,0,,,
2026-03-24T09:30:00+05:30,portfolio_replay,PREMIUM,SKIP,idle,22848.25,25.09,1.0,0.0,0.0,1.04,0.103,1.627,0,9,30,1,1,50,0,50,75,trending,0.0,0,,,
2026-03-24T09:35:00+05:30,portfolio_replay,PREMIUM,SKIP,idle,22819.1,25.18,1.0,0.0,0.0,1.04,0.024,1.627,0,9,35,1,1,50,0,50,75,trending,0.0,0,,,
2026-03-24T09:40:00+05:30,portfolio_replay,PREMIUM,SKIP,idle,22779.75,25.3,1.0,0.0,0.0,1.04,0.197,1.627,0,9,40,1,1,37,0,37,75,trending,0.0,0,,,
2026-03-24T09:45:00+05:30,portfolio_replay,PREMIUM,SKIP,idle,22719.05,25.47,1.0,0.0,0.0,1.04,0.463,0.505,0,9,45,1,1,35,0,35,75,high_vol_range,0.0,0,,,
2026-03-24T09:50:00+05:30,portfolio_replay,PREMIUM,SKIP,idle,22712.55,25.48,1.0,0.0,0.0,1.04,0.491,0.603,0,9,50,1,1,35,0,35,75,high_vol_range,0.0,0,,,
2026-03-24T09:55:00+05:30,portfolio_replay,PREMIUM,SKIP,idle,22755.45,25.34,1.0,0.0,0.0,1.04,0.303,0.603,0,9,55,1,1,35,0,35,75,high_vol_range,0.0,0,,,
2026-03-24T10:00:00+05:30,portfolio_replay,PREMIUM,SKIP,idle,22747.3,25.4,1.0,0.0,0.0,1.04,0.339,0.601,0,10,0,1,1,35,0,35,65,high_vol_range,0.0,0,,,
2026-03-24T10:05:00+05:30,portfolio_replay,PREMIUM,SKIP,idle,22715.0,25.54,1.0,0.0,0.0,1.041,0.48,0.517,0,10,5,1,1,35,0,35,65,high_vol_range,0.0,0,,,
2026-03-24T10:10:00+05:30,portfolio_replay,PREMIUM,SKIP,idle,22693.55,25.53,1.0,0.0,0.0,1.04,0.574,0.429,0,10,10,1,1,37,0,37,65,high_vol_range,0.0,0,,,
2026-03-24T10:15:00+05:30,portfolio_replay,PREMIUM,SKIP,idle,22711.4,25.5,1.0,0.0,0.0,1.04,0.496,0.374,0,10,15,1,1,42,0,42,65,high_vol_range,0.0,0,,,
2026-03-24T10:20:00+05:30,portfolio_replay,PREMIUM,SKIP,idle,22714.0,25.39,1.0,0.0,0.0,1.04,0.485,0.374,0,10,20,1,1,42,0,42,65,high_vol_range,0.0,0,,,
2026-03-24T10:25:00+05:30,portfolio_replay,PREMIUM,SKIP,idle,22760.0,25.4,1.0,0.0,0.0,1.04,0.283,0.374,0,10,25,1,1,49,0,49,65,high_vol_range,0.0,0,,,
2026-03-24T10:30:00+05:30,portfolio_replay,PREMIUM,SKIP,idle,22721.55,25.43,1.0,0.0,0.0,1.041,0.452,0.344,0,10,30,1,1,42,0,42,65,high_vol_range,0.0,0,,,
2026-03-24T10:35:00+05:30,portfolio_replay,PREMIUM,SKIP,idle,22660.9,25.5,1.0,0.0,0.0,1.04,0.717,0.421,0,10,35,1,1,37,0,37,65,high_vol_range,0.0,0,,,
2026-03-24T10:40:00+05:30,portfolio_replay,PREMIUM,SKIP,idle,22634.35,25.7,1.0,0.0,0.0,1.041,0.834,0.579,0,10,40,1,1,30,0,30,65,high_vol_range,0.0,0,,,
2026-03-24T10:45:00+05:30,portfolio_replay,PREMIUM,SKIP,idle,22665.9,25.59,1.0,0.0,0.0,1.041,0.696,0.579,0,10,45,1,1,30,0,30,65,high_vol_range,0.0,0,,,
2026-03-24T10:50:00+05:30,portfolio_replay,PREMIUM,SKIP,idle,22706.45,25.57,1.0,0.0,0.0,1.041,0.518,0.579,0,10,50,1,1,30,0,30,65,high_vol_range,0.0,0,,,
2026-03-24T10:55:00+05:30,portfolio_replay,PREMIUM,SKIP,idle,22672.8,25.67,1.0,0.0,0.0,1.041,0.665,0.565,0,10,55,1,1,30,0,30,65,high_vol_range,0.0,0,,,
2026-03-24T09:30:00+05:30,portfolio_replay,PREMIUM,SKIP,idle,22848.25,25.09,1.0,0.0,0.0,1.04,0.103,1.627,0,9,30,1,1,50,0,50,75,trending,0.0,0,,,
2026-03-24T09:35:00+05:30,portfolio_replay,PREMIUM,SKIP,idle,22819.1,25.18,1.0,0.0,0.0,1.04,0.024,1.627,0,9,35,1,1,50,0,50,75,trending,0.0,0,,,
2026-03-24T09:40:00+05:30,portfolio_replay,PREMIUM,SKIP,idle,22779.75,25.3,1.0,0.0,0.0,1.04,0.197,1.627,0,9,40,1,1,37,0,37,75,trending,0.0,0,,,
2026-03-24T09:45:00+05:30,portfolio_replay,PREMIUM,SKIP,idle,22719.05,25.47,1.0,0.0,0.0,1.04,0.463,0.505,0,9,45,1,1,35,0,35,75,high_vol_range,0.0,0,,,
2026-03-24T09:50:00+05:30,portfolio_replay,PREMIUM,SKIP,idle,22712.55,25.48,1.0,0.0,0.0,1.04,0.491,0.603,0,9,50,1,1,35,0,35,75,high_vol_range,0.0,0,,,
2026-03-24T09:55:00+05:30,portfolio_replay,PREMIUM,SKIP,idle,22755.45,25.34,1.0,0.0,0.0,1.04,0.303,0.603,0,9,55,1,1,35,0,35,75,high_vol_range,0.0,0,,,
2026-03-24T10:00:00+05:30,portfolio_replay,PREMIUM,SKIP,idle,22747.3,25.4,1.0,0.0,0.0,1.04,0.339,0.601,0,10,0,1,1,35,0,35,65,high_vol_range,0.0,0,,,
2026-03-24T10:05:00+05:30,portfolio_replay,PREMIUM,SKIP,idle,22715.0,25.54,1.0,0.0,0.0,1.041,0.48,0.517,0,10,5,1,1,35,0,35,65,high_vol_range,0.0,0,,,
2026-03-24T10:10:00+05:30,portfolio_replay,PREMIUM,SKIP,idle,22693.55,25.53,1.0,0.0,0.0,1.04,0.574,0.429,0,10,10,1,1,37,0,37,65,high_vol_range,0.0,0,,,
2026-03-24T10:15:00+05:30,portfolio_replay,PREMIUM,SKIP,idle,22711.4,25.5,1.0,0.0,0.0,1.04,0.496,0.374,0,10,15,1,1,42,0,42,65,high_vol_range,0.0,0,,,
2026-03-24T10:20:00+05:30,portfolio_replay,PREMIUM,SKIP,idle,22714.0,25.39,1.0,0.0,0.0,1.04,0.485,0.374,0,10,20,1,1,42,0,42,65,high_vol_range,0.0,0,,,
2026-03-24T10:25:00+05:30,portfolio_replay,PREMIUM,SKIP,idle,22760.0,25.4,1.0,0.0,0.0,1.04,0.283,0.374,0,10,25,1,1,49,0,49,65,high_vol_range,0.0,0,,,
2026-03-24T10:30:00+05:30,portfolio_replay,PREMIUM,SKIP,idle,22721.55,25.43,1.0,0.0,0.0,1.041,0.452,0.344,0,10,30,1,1,42,0,42,65,high_vol_range,0.0,0,,,
2026-03-24T10:35:00+05:30,portfolio_replay,PREMIUM,SKIP,idle,22660.9,25.5,1.0,0.0,0.0,1.04,0.717,0.421,0,10,35,1,1,37,0,37,65,high_vol_range,0.0,0,,,
2026-03-24T10:40:00+05:30,portfolio_replay,PREMIUM,SKIP,idle,22634.35,25.7,1.0,0.0,0.0,1.041,0.834,0.579,0,10,40,1,1,30,0,30,65,high_vol_range,0.0,0,,,
2026-03-24T10:45:00+05:30,portfolio_replay,PREMIUM,SKIP,idle,22665.9,25.59,1.0,0.0,0.0,1.041,0.696,0.579,0,10,45,1,1,30,0,30,65,high_vol_range,0.0,0,,,
2026-03-24T10:50:00+05:30,portfolio_replay,PREMIUM,SKIP,idle,22706.45,25.57,1.0,0.0,0.0,1.041,0.518,0.579,0,10,50,1,1,30,0,30,65,high_vol_range,0.0,0,,,
2026-03-24T10:55:00+05:30,portfolio_replay,PREMIUM,SKIP,idle,22672.8,25.67,1.0,0.0,0.0,1.041,0.665,0.565,0,10,55,1,1,30,0,30,65,high_vol_range,0.0,0,,,
2026-03-24T09:30:00+05:30,portfolio_replay,PREMIUM,SKIP,idle,22848.25,25.09,1.0,0.0,0.0,1.04,0.103,1.627,0,9,30,1,1,50,0,50,75,trending,0.0,0,,,
2026-03-24T09:35:00+05:30,portfolio_replay,PREMIUM,SKIP,idle,22819.1,25.18,1.0,0.0,0.0,1.04,0.024,1.627,0,9,35,1,1,50,0,50,75,trending,0.0,0,,,
2026-03-24T09:40:00+05:30,portfolio_replay,PREMIUM,SKIP,idle,22779.75,25.3,1.0,0.0,0.0,1.04,0.197,1.627,0,9,40,1,1,37,0,37,75,trending,0.0,0,,,
2026-03-24T09:45:00+05:30,portfolio_replay,PREMIUM,SKIP,idle,22719.05,25.47,1.0,0.0,0.0,1.04,0.463,0.505,0,9,45,1,1,35,0,35,75,high_vol_range,0.0,0,,,
2026-03-24T09:50:00+05:30,portfolio_replay,PREMIUM,SKIP,idle,22712.55,25.48,1.0,0.0,0.0,1.04,0.491,0.603,0,9,50,1,1,35,0,35,75,high_vol_range,0.0,0,,,
2026-03-24T09:55:00+05:30,portfolio_replay,PREMIUM,SKIP,idle,22755.45,25.34,1.0,0.0,0.0,1.04,0.303,0.603,0,9,55,1,1,35,0,35,75,high_vol_range,0.0,0,,,
2026-03-24T10:00:00+05:30,portfolio_replay,PREMIUM,SKIP,idle,22747.3,25.4,1.0,0.0,0.0,1.04,0.339,0.601,0,10,0,1,1,35,0,35,65,high_vol_range,0.0,0,,,
2026-03-24T10:05:00+05:30,portfolio_replay,PREMIUM,SKIP,idle,22715.0,25.54,1.0,0.0,0.0,1.041,0.48,0.517,0,10,5,1,1,35,0,35,65,high_vol_range,0.0,0,,,
2026-03-24T10:10:00+05:30,portfolio_replay,PREMIUM,SKIP,idle,22693.55,25.53,1.0,0.0,0.0,1.04,0.574,0.429,0,10,10,1,1,37,0,37,65,high_vol_range,0.0,0,,,
2026-03-24T10:15:00+05:30,portfolio_replay,PREMIUM,SKIP,idle,22711.4,25.5,1.0,0.0,0.0,1.04,0.496,0.374,0,10,15,1,1,42,0,42,65,high_vol_range,0.0,0,,,
2026-03-24T10:20:00+05:30,portfolio_replay,PREMIUM,SKIP,idle,22714.0,25.39,1.0,0.0,0.0,1.04,0.485,0.374,0,10,20,1,1,42,0,42,65,high_vol_range,0.0,0,,,
2026-03-24T10:25:00+05:30,portfolio_replay,PREMIUM,SKIP,idle,22760.0,25.4,1.0,0.0,0.0,1.04,0.283,0.374,0,10,25,1,1,49,0,49,65,high_vol_range,0.0,0,,,
2026-03-24T10:30:00+05:30,portfolio_replay,PREMIUM,SKIP,idle,22721.55,25.43,1.0,0.0,0.0,1.041,0.452,0.344,0,10,30,1,1,42,0,42,65,high_vol_range,0.0,0,,,
2026-03-24T10:35:00+05:30,portfolio_replay,PREMIUM,SKIP,idle,22660.9,25.5,1.0,0.0,0.0,1.04,0.717,0.421,0,10,35,1,1,37,0,37,65,high_vol_range,0.0,0,,,
2026-03-24T10:40:00+05:30,portfolio_replay,PREMIUM,SKIP,idle,22634.35,25.7,1.0,0.0,0.0,1.041,0.834,0.579,0,10,40,1,1,30,0,30,65,high_vol_range,0.0,0,,,
2026-03-24T10:45:00+05:30,portfolio_replay,PREMIUM,SKIP,idle,22665.9,25.59,1.0,0.0,0.0,1.041,0.696,0.579,0,10,45,1,1,30,0,30,65,high_vol_range,0.0,0,,,
2026-03-24T10:50:00+05:30,portfolio_replay,PREMIUM,SKIP,idle,22706.45,25.57,1.0,0.0,0.0,1.041,0.518,0.579,0,10,50,1,1,30,0,30,65,high_vol_range,0.0,0,,,
2026-03-24T10:55:00+05:30,portfolio_replay,PREMIUM,SKIP,idle,22672.8,25.67,1.0,0.0,0.0,1.041,0.665,0.565,0,10,55,1,1,30,0,30,65,high_vol_range,0.0,0,,,
2026-03-24T09:30:00+05:30,portfolio_replay,PREMIUM,SKIP,idle,22848.25,25.09,1.0,0.0,0.0,1.04,0.103,1.627,0,9,30,1,1,50,0,50,75,trending,0.0,0,,,
2026-03-24T09:35:00+05:30,portfolio_replay,PREMIUM,SKIP,idle,22819.1,25.18,1.0,0.0,0.0,1.04,0.024,1.627,0,9,35,1,1,50,0,50,75,trending,0.0,0,,,
2026-03-24T09:40:00+05:30,portfolio_replay,PREMIUM,SKIP,idle,22779.75,25.3,1.0,0.0,0.0,1.04,0.197,1.627,0,9,40,1,1,37,0,37,75,trending,0.0,0,,,
2026-03-24T09:45:00+05:30,portfolio_replay,PREMIUM,SKIP,idle,22719.05,25.47,1.0,0.0,0.0,1.04,0.463,0.505,0,9,45,1,1,35,0,35,75,high_vol_range,0.0,0,,,
2026-03-24T09:50:00+05:30,portfolio_replay,PREMIUM,SKIP,idle,22712.55,25.48,1.0,0.0,0.0,1.04,0.491,0.603,0,9,50,1,1,35,0,35,75,high_vol_range,0.0,0,,,
2026-03-24T09:55:00+05:30,portfolio_replay,PREMIUM,SKIP,idle,22755.45,25.34,1.0,0.0,0.0,1.04,0.303,0.603,0,9,55,1,1,35,0,35,75,high_vol_range,0.0,0,,,
2026-03-24T10:00:00+05:30,portfolio_replay,PREMIUM,SKIP,idle,22747.3,25.4,1.0,0.0,0.0,1.04,0.339,0.601,0,10,0,1,1,35,0,35,65,high_vol_range,0.0,0,,,
2026-03-24T10:05:00+05:30,portfolio_replay,PREMIUM,SKIP,idle,22715.0,25.54,1.0,0.0,0.0,1.041,0.48,0.517,0,10,5,1,1,35,0,35,65,high_vol_range,0.0,0,,,
2026-03-24T10:10:00+05:30,portfolio_replay,PREMIUM,SKIP,idle,22693.55,25.53,1.0,0.0,0.0,1.04,0.574,0.429,0,10,10,1,1,37,0,37,65,high_vol_range,0.0,0,,,
2026-03-24T10:15:00+05:30,portfolio_replay,PREMIUM,SKIP,idle,22711.4,25.5,1.0,0.0,0.0,1.04,0.496,0.374,0,10,15,1,1,42,0,42,65,high_vol_range,0.0,0,,,
2026-03-24T10:20:00+05:30,portfolio_replay,PREMIUM,SKIP,idle,22714.0,25.39,1.0,0.0,0.0,1.04,0.485,0.374,0,10,20,1,1,42,0,42,65,high_vol_range,0.0,0,,,
2026-03-24T10:25:00+05:30,portfolio_replay,PREMIUM,SKIP,idle,22760.0,25.4,1.0,0.0,0.0,1.04,0.283,0.374,0,10,25,1,1,49,0,49,65,high_vol_range,0.0,0,,,
2026-03-24T10:30:00+05:30,portfolio_replay,PREMIUM,SKIP,idle,22721.55,25.43,1.0,0.0,0.0,1.041,0.452,0.344,0,10,30,1,1,42,0,42,65,high_vol_range,0.0,0,,,
2026-03-24T10:35:00+05:30,portfolio_replay,PREMIUM,SKIP,idle,22660.9,25.5,1.0,0.0,0.0,1.04,0.717,0.421,0,10,35,1,1,37,0,37,65,high_vol_range,0.0,0,,,
2026-03-24T10:40:00+05:30,portfolio_replay,PREMIUM,SKIP,idle,22634.35,25.7,1.0,0.0,0.0,1.041,0.834,0.579,0,10,40,1,1,30,0,30,65,high_vol_range,0.0,0,,,
2026-03-24T10:45:00+05:30,portfolio_replay,PREMIUM,SKIP,idle,22665.9,25.59,1.0,0.0,0.0,1.041,0.696,0.579,0,10,45,1,1,30,0,30,65,high_vol_range,0.0,0,,,
2026-03-24T10:50:00+05:30,portfolio_replay,PREMIUM,SKIP,idle,22706.45,25.57,1.0,0.0,0.0,1.041,0.518,0.579,0,10,50,1,1,30,0,30,65,high_vol_range,0.0,0,,,
2026-03-24T10:55:00+05:30,portfolio_replay,PREMIUM,SKIP,idle,22672.8,25.67,1.0,0.0,0.0,1.041,0.665,0.565,0,10,55,1,1,30,0,30,65,high_vol_range,0.0,0,,,
2026-03-24T09:30:00+05:30,portfolio_replay,PREMIUM,SKIP,idle,22848.25,25.09,1.0,0.0,0.0,1.04,0.103,1.627,0,9,30,1,1,50,0,50,65,trending,0.0,0,,,
2026-03-24T09:35:00+05:30,portfolio_replay,PREMIUM,SKIP,idle,22819.1,25.18,1.0,0.0,0.0,1.04,0.024,1.627,0,9,35,1,1,50,0,50,65,trending,0.0,0,,,
2026-03-24T09:40:00+05:30,portfolio_replay,PREMIUM,SKIP,idle,22779.75,25.3,1.0,0.0,0.0,1.04,0.197,1.627,0,9,40,1,1,37,0,37,65,trending,0.0,0,,,
2026-03-24T09:45:00+05:30,portfolio_replay,PREMIUM,SKIP,idle,22719.05,25.47,1.0,0.0,0.0,1.04,0.463,0.505,0,9,45,1,1,35,0,35,65,high_vol_range,0.0,0,,,
2026-03-24T09:50:00+05:30,portfolio_replay,PREMIUM,SKIP,idle,22712.55,25.48,1.0,0.0,0.0,1.04,0.491,0.603,0,9,50,1,1,35,0,35,65,high_vol_range,0.0,0,,,
2026-03-24T09:55:00+05:30,portfolio_replay,PREMIUM,SKIP,idle,22755.45,25.34,1.0,0.0,0.0,1.04,0.303,0.603,0,9,55,1,1,35,0,35,65,high_vol_range,0.0,0,,,
2026-03-24T10:00:00+05:30,portfolio_replay,PREMIUM,SKIP,idle,22747.3,25.4,1.0,0.0,0.0,1.04,0.339,0.601,0,10,0,1,1,35,0,35,65,high_vol_range,0.0,0,,,
2026-03-24T10:05:00+05:30,portfolio_replay,PREMIUM,SKIP,idle,22715.0,25.54,1.0,0.0,0.0,1.041,0.48,0.517,0,10,5,1,1,35,0,35,65,high_vol_range,0.0,0,,,
2026-03-24T10:10:00+05:30,portfolio_replay,PREMIUM,SKIP,idle,22693.55,25.53,1.0,0.0,0.0,1.04,0.574,0.429,0,10,10,1,1,37,0,37,65,high_vol_range,0.0,0,,,
2026-03-24T10:15:00+05:30,portfolio_replay,PREMIUM,SKIP,idle,22711.4,25.5,1.0,0.0,0.0,1.04,0.496,0.374,0,10,15,1,1,42,0,42,65,high_vol_range,0.0,0,,,
2026-03-24T10:20:00+05:30,portfolio_replay,PREMIUM,SKIP,idle,22714.0,25.39,1.0,0.0,0.0,1.04,0.485,0.374,0,10,20,1,1,42,0,42,65,high_vol_range,0.0,0,,,
2026-03-24T10:25:00+05:30,portfolio_replay,PREMIUM,SKIP,idle,22760.0,25.4,1.0,0.0,0.0,1.04,0.283,0.374,0,10,25,1,1,49,0,49,65,high_vol_range,0.0,0,,,
2026-03-24T10:30:00+05:30,portfolio_replay,PREMIUM,SKIP,idle,22721.55,25.43,1.0,0.0,0.0,1.041,0.452,0.344,0,10,30,1,1,42,0,42,65,high_vol_range,0.0,0,,,
2026-03-24T10:35:00+05:30,portfolio_replay,PREMIUM,SKIP,idle,22660.9,25.5,1.0,0.0,0.0,1.04,0.717,0.421,0,10,35,1,1,37,0,37,65,high_vol_range,0.0,0,,,
2026-03-24T10:40:00+05:30,portfolio_replay,PREMIUM,SKIP,idle,22634.35,25.7,1.0,0.0,0.0,1.041,0.834,0.579,0,10,40,1,1,30,0,30,65,high_vol_range,0.0,0,,,
2026-03-24T10:45:00+05:30,portfolio_replay,PREMIUM,SKIP,idle,22665.9,25.59,1.0,0.0,0.0,1.041,0.696,0.579,0,10,45,1,1,30,0,30,65,high_vol_range,0.0,0,,,
2026-03-24T10:50:00+05:30,portfolio_replay,PREMIUM,SKIP,idle,22706.45,25.57,1.0,0.0,0.0,1.041,0.518,0.579,0,10,50,1,1,30,0,30,65,high_vol_range,0.0,0,,,
2026-03-24T10:55:00+05:30,portfolio_replay,PREMIUM,SKIP,idle,22672.8,25.67,1.0,0.0,0.0,1.041,0.665,0.565,0,10,55,1,1,30,0,30,65,high_vol_range,0.0,0,,,
2026-03-24T09:30:00+05:30,portfolio_replay,PREMIUM,SKIP,idle,22848.25,25.09,1.0,0.0,0.0,1.04,0.103,1.627,0,9,30,1,1,50,0,50,70,trending,0.0,0,,,
2026-03-24T09:35:00+05:30,portfolio_replay,PREMIUM,SKIP,idle,22819.1,25.18,1.0,0.0,0.0,1.04,0.024,1.627,0,9,35,1,1,50,0,50,70,trending,0.0,0,,,
2026-03-24T09:40:00+05:30,portfolio_replay,PREMIUM,SKIP,idle,22779.75,25.3,1.0,0.0,0.0,1.04,0.197,1.627,0,9,40,1,1,37,0,37,70,trending,0.0,0,,,
2026-03-24T09:45:00+05:30,portfolio_replay,PREMIUM,SKIP,idle,22719.05,25.47,1.0,0.0,0.0,1.04,0.463,0.505,0,9,45,1,1,35,0,35,70,high_vol_range,0.0,0,,,
2026-03-24T09:50:00+05:30,portfolio_replay,PREMIUM,SKIP,idle,22712.55,25.48,1.0,0.0,0.0,1.04,0.491,0.603,0,9,50,1,1,35,0,35,70,high_vol_range,0.0,0,,,
2026-03-24T09:55:00+05:30,portfolio_replay,PREMIUM,SKIP,idle,22755.45,25.34,1.0,0.0,0.0,1.04,0.303,0.603,0,9,55,1,1,35,0,35,70,high_vol_range,0.0,0,,,
2026-03-24T10:00:00+05:30,portfolio_replay,PREMIUM,SKIP,idle,22747.3,25.4,1.0,0.0,0.0,1.04,0.339,0.601,0,10,0,1,1,35,0,35,65,high_vol_range,0.0,0,,,
2026-03-24T10:05:00+05:30,portfolio_replay,PREMIUM,SKIP,idle,22715.0,25.54,1.0,0.0,0.0,1.041,0.48,0.517,0,10,5,1,1,35,0,35,65,high_vol_range,0.0,0,,,
2026-03-24T10:10:00+05:30,portfolio_replay,PREMIUM,SKIP,idle,22693.55,25.53,1.0,0.0,0.0,1.04,0.574,0.429,0,10,10,1,1,37,0,37,65,high_vol_range,0.0,0,,,
2026-03-24T10:15:00+05:30,portfolio_replay,PREMIUM,SKIP,idle,22711.4,25.5,1.0,0.0,0.0,1.04,0.496,0.374,0,10,15,1,1,42,0,42,65,high_vol_range,0.0,0,,,
2026-03-24T10:20:00+05:30,portfolio_replay,PREMIUM,SKIP,idle,22714.0,25.39,1.0,0.0,0.0,1.04,0.485,0.374,0,10,20,1,1,42,0,42,65,high_vol_range,0.0,0,,,
2026-03-24T10:25:00+05:30,portfolio_replay,PREMIUM,SKIP,idle,22760.0,25.4,1.0,0.0,0.0,1.04,0.283,0.374,0,10,25,1,1,49,0,49,65,high_vol_range,0.0,0,,,
2026-03-24T10:30:00+05:30,portfolio_replay,PREMIUM,SKIP,idle,22721.55,25.43,1.0,0.0,0.0,1.041,0.452,0.344,0,10,30,1,1,42,0,42,65,high_vol_range,0.0,0,,,
2026-03-24T10:35:00+05:30,portfolio_replay,PREMIUM,SKIP,idle,22660.9,25.5,1.0,0.0,0.0,1.04,0.717,0.421,0,10,35,1,1,37,0,37,65,high_vol_range,0.0,0,,,
2026-03-24T10:40:00+05:30,portfolio_replay,PREMIUM,SKIP,idle,22634.35,25.7,1.0,0.0,0.0,1.041,0.834,0.579,0,10,40,1,1,30,0,30,65,high_vol_range,0.0,0,,,
2026-03-24T10:45:00+05:30,portfolio_replay,PREMIUM,SKIP,idle,22665.9,25.59,1.0,0.0,0.0,1.041,0.696,0.579,0,10,45,1,1,30,0,30,65,high_vol_range,0.0,0,,,
2026-03-24T10:50:00+05:30,portfolio_replay,PREMIUM,SKIP,idle,22706.45,25.57,1.0,0.0,0.0,1.041,0.518,0.579,0,10,50,1,1,30,0,30,65,high_vol_range,0.0,0,,,
2026-03-24T10:55:00+05:30,portfolio_replay,PREMIUM,SKIP,idle,22672.8,25.67,1.0,0.0,0.0,1.041,0.665,0.565,0,10,55,1,1,30,0,30,65,high_vol_range,0.0,0,,,
2026-03-24T09:30:00+05:30,portfolio_replay,PREMIUM,SKIP,idle,22848.25,25.09,1.0,0.0,0.0,1.04,0.103,1.627,0,9,30,1,1,50,0,50,75,trending,0.0,0,,,
2026-03-24T09:35:00+05:30,portfolio_replay,PREMIUM,SKIP,idle,22819.1,25.18,1.0,0.0,0.0,1.04,0.024,1.627,0,9,35,1,1,50,0,50,75,trending,0.0,0,,,
2026-03-24T09:40:00+05:30,portfolio_replay,PREMIUM,SKIP,idle,22779.75,25.3,1.0,0.0,0.0,1.04,0.197,1.627,0,9,40,1,1,37,0,37,75,trending,0.0,0,,,
2026-03-24T09:45:00+05:30,portfolio_replay,PREMIUM,SKIP,idle,22719.05,25.47,1.0,0.0,0.0,1.04,0.463,0.505,0,9,45,1,1,35,0,35,75,high_vol_range,0.0,0,,,
2026-03-24T09:50:00+05:30,portfolio_replay,PREMIUM,SKIP,idle,22712.55,25.48,1.0,0.0,0.0,1.04,0.491,0.603,0,9,50,1,1,35,0,35,75,high_vol_range,0.0,0,,,
2026-03-24T09:55:00+05:30,portfolio_replay,PREMIUM,SKIP,idle,22755.45,25.34,1.0,0.0,0.0,1.04,0.303,0.603,0,9,55,1,1,35,0,35,75,high_vol_range,0.0,0,,,
2026-03-24T10:00:00+05:30,portfolio_replay,PREMIUM,SKIP,idle,22747.3,25.4,1.0,0.0,0.0,1.04,0.339,0.601,0,10,0,1,1,35,0,35,65,high_vol_range,0.0,0,,,
2026-03-24T10:05:00+05:30,portfolio_replay,PREMIUM,SKIP,idle,22715.0,25.54,1.0,0.0,0.0,1.041,0.48,0.517,0,10,5,1,1,35,0,35,65,high_vol_range,0.0,0,,,
2026-03-24T10:10:00+05:30,portfolio_replay,PREMIUM,SKIP,idle,22693.55,25.53,1.0,0.0,0.0,1.04,0.574,0.429,0,10,10,1,1,37,0,37,65,high_vol_range,0.0,0,,,
2026-03-24T10:15:00+05:30,portfolio_replay,PREMIUM,SKIP,idle,22711.4,25.5,1.0,0.0,0.0,1.04,0.496,0.374,0,10,15,1,1,42,0,42,65,high_vol_range,0.0,0,,,
2026-03-24T10:20:00+05:30,portfolio_replay,PREMIUM,SKIP,idle,22714.0,25.39,1.0,0.0,0.0,1.04,0.485,0.374,0,10,20,1,1,42,0,42,65,high_vol_range,0.0,0,,,
2026-03-24T10:25:00+05:30,portfolio_replay,PREMIUM,SKIP,idle,22760.0,25.4,1.0,0.0,0.0,1.04,0.283,0.374,0,10,25,1,1,49,0,49,65,high_vol_range,0.0,0,,,
2026-03-24T10:30:00+05:30,portfolio_replay,PREMIUM,SKIP,idle,22721.55,25.43,1.0,0.0,0.0,1.041,0.452,0.344,0,10,30,1,1,42,0,42,65,high_vol_range,0.0,0,,,
2026-03-24T10:35:00+05:30,portfolio_replay,PREMIUM,SKIP,idle,22660.9,25.5,1.0,0.0,0.0,1.04,0.717,0.421,0,10,35,1,1,37,0,37,65,high_vol_range,0.0,0,,,
2026-03-24T10:40:00+05:30,portfolio_replay,PREMIUM,SKIP,idle,22634.35,25.7,1.0,0.0,0.0,1.041,0.834,0.579,0,10,40,1,1,30,0,30,65,high_vol_range,0.0,0,,,
2026-03-24T10:45:00+05:30,portfolio_replay,PREMIUM,SKIP,idle,22665.9,25.59,1.0,0.0,0.0,1.041,0.696,0.579,0,10,45,1,1,30,0,30,65,high_vol_range,0.0,0,,,
2026-03-24T10:50:00+05:30,portfolio_replay,PREMIUM,SKIP,idle,22706.45,25.57,1.0,0.0,0.0,1.041,0.518,0.579,0,10,50,1,1,30,0,30,65,high_vol_range,0.0,0,,,
2026-03-24T10:55:00+05:30,portfolio_replay,PREMIUM,SKIP,idle,22672.8,25.67,1.0,0.0,0.0,1.041,0.665,0.565,0,10,55,1,1,30,0,30,65,high_vol_range,0.0,0,,,
2026-03-24T09:30:00+05:30,portfolio_replay,PREMIUM,SKIP,idle,22848.25,25.09,1.0,0.0,0.0,1.04,0.103,1.627,0,9,30,1,1,50,0,50,65,trending,0.0,0,,,
2026-03-24T09:35:00+05:30,portfolio_replay,PREMIUM,SKIP,idle,22819.1,25.18,1.0,0.0,0.0,1.04,0.024,1.627,0,9,35,1,1,50,0,50,65,trending,0.0,0,,,
2026-03-24T09:40:00+05:30,portfolio_replay,PREMIUM,SKIP,idle,22779.75,25.3,1.0,0.0,0.0,1.04,0.197,1.627,0,9,40,1,1,37,0,37,65,trending,0.0,0,,,
2026-03-24T09:45:00+05:30,portfolio_replay,PREMIUM,SKIP,idle,22719.05,25.47,1.0,0.0,0.0,1.04,0.463,0.505,0,9,45,1,1,35,0,35,65,high_vol_range,0.0,0,,,
2026-03-24T09:50:00+05:30,portfolio_replay,PREMIUM,SKIP,idle,22712.55,25.48,1.0,0.0,0.0,1.04,0.491,0.603,0,9,50,1,1,35,0,35,65,high_vol_range,0.0,0,,,
2026-03-24T09:55:00+05:30,portfolio_replay,PREMIUM,SKIP,idle,22755.45,25.34,1.0,0.0,0.0,1.04,0.303,0.603,0,9,55,1,1,35,0,35,65,high_vol_range,0.0,0,,,
2026-03-24T10:00:00+05:30,portfolio_replay,PREMIUM,SKIP,idle,22747.3,25.4,1.0,0.0,0.0,1.04,0.339,0.601,0,10,0,1,1,35,0,35,65,high_vol_range,0.0,0,,,
2026-03-24T10:05:00+05:30,portfolio_replay,PREMIUM,SKIP,idle,22715.0,25.54,1.0,0.0,0.0,1.041,0.48,0.517,0,10,5,1,1,35,0,35,65,high_vol_range,0.0,0,,,
2026-03-24T10:10:00+05:30,portfolio_replay,PREMIUM,SKIP,idle,22693.55,25.53,1.0,0.0,0.0,1.04,0.574,0.429,0,10,10,1,1,37,0,37,65,high_vol_range,0.0,0,,,
2026-03-24T10:15:00+05:30,portfolio_replay,PREMIUM,SKIP,idle,22711.4,25.5,1.0,0.0,0.0,1.04,0.496,0.374,0,10,15,1,1,42,0,42,65,high_vol_range,0.0,0,,,
2026-03-24T10:20:00+05:30,portfolio_replay,PREMIUM,SKIP,idle,22714.0,25.39,1.0,0.0,0.0,1.04,0.485,0.374,0,10,20,1,1,42,0,42,65,high_vol_range,0.0,0,,,
2026-03-24T10:25:00+05:30,portfolio_replay,PREMIUM,SKIP,idle,22760.0,25.4,1.0,0.0,0.0,1.04,0.283,0.374,0,10,25,1,1,49,0,49,65,high_vol_range,0.0,0,,,
2026-03-24T10:30:00+05:30,portfolio_replay,PREMIUM,SKIP,idle,22721.55,25.43,1.0,0.0,0.0,1.041,0.452,0.344,0,10,30,1,1,42,0,42,65,high_vol_range,0.0,0,,,
2026-03-24T10:35:00+05:30,portfolio_replay,PREMIUM,SKIP,idle,22660.9,25.5,1.0,0.0,0.0,1.04,0.717,0.421,0,10,35,1,1,37,0,37,65,high_vol_range,0.0,0,,,
2026-03-24T10:40:00+05:30,portfolio_replay,PREMIUM,SKIP,idle,22634.35,25.7,1.0,0.0,0.0,1.041,0.834,0.579,0,10,40,1,1,30,0,30,65,high_vol_range,0.0,0,,,
2026-03-24T10:45:00+05:30,portfolio_replay,PREMIUM,SKIP,idle,22665.9,25.59,1.0,0.0,0.0,1.041,0.696,0.579,0,10,45,1,1,30,0,30,65,high_vol_range,0.0,0,,,
2026-03-24T10:50:00+05:30,portfolio_replay,PREMIUM,SKIP,idle,22706.45,25.57,1.0,0.0,0.0,1.041,0.518,0.579,0,10,50,1,1,30,0,30,65,high_vol_range,0.0,0,,,
2026-03-24T10:55:00+05:30,portfolio_replay,PREMIUM,SKIP,idle,22672.8,25.67,1.0,0.0,0.0,1.041,0.665,0.565,0,10,55,1,1,30,0,30,65,high_vol_range,0.0,0,,,
2026-03-24T09:30:00+05:30,portfolio_replay,PREMIUM,SKIP,idle,22848.25,25.09,1.0,0.0,0.0,1.04,0.103,1.627,0,9,30,1,1,50,0,50,70,trending,0.0,0,,,
2026-03-24T09:35:00+05:30,portfolio_replay,PREMIUM,SKIP,idle,22819.1,25.18,1.0,0.0,0.0,1.04,0.024,1.627,0,9,35,1,1,50,0,50,70,trending,0.0,0,,,
2026-03-24T09:40:00+05:30,portfolio_replay,PREMIUM,SKIP,idle,22779.75,25.3,1.0,0.0,0.0,1.04,0.197,1.627,0,9,40,1,1,37,0,37,70,trending,0.0,0,,,
2026-03-24T09:45:00+05:30,portfolio_replay,PREMIUM,SKIP,idle,22719.05,25.47,1.0,0.0,0.0,1.04,0.463,0.505,0,9,45,1,1,35,0,35,70,high_vol_range,0.0,0,,,
2026-03-24T09:50:00+05:30,portfolio_replay,PREMIUM,SKIP,idle,22712.55,25.48,1.0,0.0,0.0,1.04,0.491,0.603,0,9,50,1,1,35,0,35,70,high_vol_range,0.0,0,,,
2026-03-24T09:55:00+05:30,portfolio_replay,PREMIUM,SKIP,idle,22755.45,25.34,1.0,0.0,0.0,1.04,0.303,0.603,0,9,55,1,1,35,0,35,70,high_vol_range,0.0,0,,,
2026-03-24T10:00:00+05:30,portfolio_replay,PREMIUM,SKIP,idle,22747.3,25.4,1.0,0.0,0.0,1.04,0.339,0.601,0,10,0,1,1,35,0,35,65,high_vol_range,0.0,0,,,
2026-03-24T10:05:00+05:30,portfolio_replay,PREMIUM,SKIP,idle,22715.0,25.54,1.0,0.0,0.0,1.041,0.48,0.517,0,10,5,1,1,35,0,35,65,high_vol_range,0.0,0,,,
2026-03-24T10:10:00+05:30,portfolio_replay,PREMIUM,SKIP,idle,22693.55,25.53,1.0,0.0,0.0,1.04,0.574,0.429,0,10,10,1,1,37,0,37,65,high_vol_range,0.0,0,,,
2026-03-24T10:15:00+05:30,portfolio_replay,PREMIUM,SKIP,idle,22711.4,25.5,1.0,0.0,0.0,1.04,0.496,0.374,0,10,15,1,1,42,0,42,65,high_vol_range,0.0,0,,,
2026-03-24T10:20:00+05:30,portfolio_replay,PREMIUM,SKIP,idle,22714.0,25.39,1.0,0.0,0.0,1.04,0.485,0.374,0,10,20,1,1,42,0,42,65,high_vol_range,0.0,0,,,
2026-03-24T10:25:00+05:30,portfolio_replay,PREMIUM,SKIP,idle,22760.0,25.4,1.0,0.0,0.0,1.04,0.283,0.374,0,10,25,1,1,49,0,49,65,high_vol_range,0.0,0,,,
2026-03-24T10:30:00+05:30,portfolio_replay,PREMIUM,SKIP,idle,22721.55,25.43,1.0,0.0,0.0,1.041,0.452,0.344,0,10,30,1,1,42,0,42,65,high_vol_range,0.0,0,,,
2026-03-24T10:35:00+05:30,portfolio_replay,PREMIUM,SKIP,idle,22660.9,25.5,1.0,0.0,0.0,1.04,0.717,0.421,0,10,35,1,1,37,0,37,65,high_vol_range,0.0,0,,,
2026-03-24T10:40:00+05:30,portfolio_replay,PREMIUM,SKIP,idle,22634.35,25.7,1.0,0.0,0.0,1.041,0.834,0.579,0,10,40,1,1,30,0,30,65,high_vol_range,0.0,0,,,
2026-03-24T10:45:00+05:30,portfolio_replay,PREMIUM,SKIP,idle,22665.9,25.59,1.0,0.0,0.0,1.041,0.696,0.579,0,10,45,1,1,30,0,30,65,high_vol_range,0.0,0,,,
2026-03-24T10:50:00+05:30,portfolio_replay,PREMIUM,SKIP,idle,22706.45,25.57,1.0,0.0,0.0,1.041,0.518,0.579,0,10,50,1,1,30,0,30,65,high_vol_range,0.0,0,,,
2026-03-24T10:55:00+05:30,portfolio_replay,PREMIUM,SKIP,idle,22672.8,25.67,1.0,0.0,0.0,1.041,0.665,0.565,0,10,55,1,1,30,0,30,65,high_vol_range,0.0,0,,,
2026-03-24T09:30:00+05:30,portfolio_replay,PREMIUM,SKIP,idle,22848.25,25.09,1.0,0.0,0.0,1.04,0.103,1.627,0,9,30,1,1,50,0,50,65,trending,0.0,0,,,
2026-03-24T09:35:00+05:30,portfolio_replay,PREMIUM,SKIP,idle,22819.1,25.18,1.0,0.0,0.0,1.04,0.024,1.627,0,9,35,1,1,50,0,50,65,trending,0.0,0,,,
2026-03-24T09:40:00+05:30,portfolio_replay,PREMIUM,SKIP,idle,22779.75,25.3,1.0,0.0,0.0,1.04,0.197,1.627,0,9,40,1,1,37,0,37,65,trending,0.0,0,,,
2026-03-24T09:45:00+05:30,portfolio_replay,PREMIUM,SKIP,idle,22719.05,25.47,1.0,0.0,0.0,1.04,0.463,0.505,0,9,45,1,1,35,0,35,65,high_vol_range,0.0,0,,,
2026-03-24T09:50:00+05:30,portfolio_replay,PREMIUM,SKIP,idle,22712.55,25.48,1.0,0.0,0.0,1.04,0.491,0.603,0,9,50,1,1,35,0,35,65,high_vol_range,0.0,0,,,
2026-03-24T09:55:00+05:30,portfolio_replay,PREMIUM,SKIP,idle,22755.45,25.34,1.0,0.0,0.0,1.04,0.303,0.603,0,9,55,1,1,35,0,35,65,high_vol_range,0.0,0,,,
2026-03-24T10:00:00+05:30,portfolio_replay,PREMIUM,SKIP,idle,22747.3,25.4,1.0,0.0,0.0,1.04,0.339,0.601,0,10,0,1,1,35,0,35,65,high_vol_range,0.0,0,,,
2026-03-24T10:05:00+05:30,portfolio_replay,PREMIUM,SKIP,idle,22715.0,25.54,1.0,0.0,0.0,1.041,0.48,0.517,0,10,5,1,1,35,0,35,65,high_vol_range,0.0,0,,,
2026-03-24T10:10:00+05:30,portfolio_replay,PREMIUM,SKIP,idle,22693.55,25.53,1.0,0.0,0.0,1.04,0.574,0.429,0,10,10,1,1,37,0,37,65,high_vol_range,0.0,0,,,
2026-03-24T10:15:00+05:30,portfolio_replay,PREMIUM,SKIP,idle,22711.4,25.5,1.0,0.0,0.0,1.04,0.496,0.374,0,10,15,1,1,42,0,42,65,high_vol_range,0.0,0,,,
2026-03-24T10:20:00+05:30,portfolio_replay,PREMIUM,SKIP,idle,22714.0,25.39,1.0,0.0,0.0,1.04,0.485,0.374,0,10,20,1,1,42,0,42,65,high_vol_range,0.0,0,,,
2026-03-24T10:25:00+05:30,portfolio_replay,PREMIUM,SKIP,idle,22760.0,25.4,1.0,0.0,0.0,1.04,0.283,0.374,0,10,25,1,1,49,0,49,65,high_vol_range,0.0,0,,,
2026-03-24T10:30:00+05:30,portfolio_replay,PREMIUM,SKIP,idle,22721.55,25.43,1.0,0.0,0.0,1.041,0.452,0.344,0,10,30,1,1,42,0,42,65,high_vol_range,0.0,0,,,
2026-03-24T10:35:00+05:30,portfolio_replay,PREMIUM,SKIP,idle,22660.9,25.5,1.0,0.0,0.0,1.04,0.717,0.421,0,10,35,1,1,37,0,37,65,high_vol_range,0.0,0,,,
2026-03-24T10:40:00+05:30,portfolio_replay,PREMIUM,SKIP,idle,22634.35,25.7,1.0,0.0,0.0,1.041,0.834,0.579,0,10,40,1,1,30,0,30,65,high_vol_range,0.0,0,,,
2026-03-24T10:45:00+05:30,portfolio_replay,PREMIUM,SKIP,idle,22665.9,25.59,1.0,0.0,0.0,1.041,0.696,0.579,0,10,45,1,1,30,0,30,65,high_vol_range,0.0,0,,,
2026-03-24T10:50:00+05:30,portfolio_replay,PREMIUM,SKIP,idle,22706.45,25.57,1.0,0.0,0.0,1.041,0.518,0.579,0,10,50,1,1,30,0,30,65,high_vol_range,0.0,0,,,
2026-03-24T10:55:00+05:30,portfolio_replay,PREMIUM,SKIP,idle,22672.8,25.67,1.0,0.0,0.0,1.041,0.665,0.565,0,10,55,1,1,30,0,30,65,high_vol_range,0.0,0,,,
2026-03-24T09:30:00+05:30,portfolio_replay,PREMIUM,SKIP,idle,22848.25,25.09,1.0,0.0,0.0,1.04,0.103,1.627,0,9,30,1,1,50,0,50,75,trending,0.0,0,,,
2026-03-24T09:35:00+05:30,portfolio_replay,PREMIUM,SKIP,idle,22819.1,25.18,1.0,0.0,0.0,1.04,0.024,1.627,0,9,35,1,1,50,0,50,75,trending,0.0,0,,,
2026-03-24T09:40:00+05:30,portfolio_replay,PREMIUM,SKIP,idle,22779.75,25.3,1.0,0.0,0.0,1.04,0.197,1.627,0,9,40,1,1,37,0,37,75,trending,0.0,0,,,
2026-03-24T09:45:00+05:30,portfolio_replay,PREMIUM,SKIP,idle,22719.05,25.47,1.0,0.0,0.0,1.04,0.463,0.505,0,9,45,1,1,35,0,35,75,high_vol_range,0.0,0,,,
2026-03-24T09:50:00+05:30,portfolio_replay,PREMIUM,SKIP,idle,22712.55,25.48,1.0,0.0,0.0,1.04,0.491,0.603,0,9,50,1,1,35,0,35,75,high_vol_range,0.0,0,,,
2026-03-24T09:55:00+05:30,portfolio_replay,PREMIUM,SKIP,idle,22755.45,25.34,1.0,0.0,0.0,1.04,0.303,0.603,0,9,55,1,1,35,0,35,75,high_vol_range,0.0,0,,,
2026-03-24T10:00:00+05:30,portfolio_replay,PREMIUM,SKIP,idle,22747.3,25.4,1.0,0.0,0.0,1.04,0.339,0.601,0,10,0,1,1,35,0,35,65,high_vol_range,0.0,0,,,
2026-03-24T10:05:00+05:30,portfolio_replay,PREMIUM,SKIP,idle,22715.0,25.54,1.0,0.0,0.0,1.041,0.48,0.517,0,10,5,1,1,35,0,35,65,high_vol_range,0.0,0,,,
2026-03-24T10:10:00+05:30,portfolio_replay,PREMIUM,SKIP,idle,22693.55,25.53,1.0,0.0,0.0,1.04,0.574,0.429,0,10,10,1,1,37,0,37,65,high_vol_range,0.0,0,,,
2026-03-24T10:15:00+05:30,portfolio_replay,PREMIUM,SKIP,idle,22711.4,25.5,1.0,0.0,0.0,1.04,0.496,0.374,0,10,15,1,1,42,0,42,65,high_vol_range,0.0,0,,,
2026-03-24T10:20:00+05:30,portfolio_replay,PREMIUM,SKIP,idle,22714.0,25.39,1.0,0.0,0.0,1.04,0.485,0.374,0,10,20,1,1,42,0,42,65,high_vol_range,0.0,0,,,
2026-03-24T10:25:00+05:30,portfolio_replay,PREMIUM,SKIP,idle,22760.0,25.4,1.0,0.0,0.0,1.04,0.283,0.374,0,10,25,1,1,49,0,49,65,high_vol_range,0.0,0,,,
2026-03-24T10:30:00+05:30,portfolio_replay,PREMIUM,SKIP,idle,22721.55,25.43,1.0,0.0,0.0,1.041,0.452,0.344,0,10,30,1,1,42,0,42,65,high_vol_range,0.0,0,,,
2026-03-24T10:35:00+05:30,portfolio_replay,PREMIUM,SKIP,idle,22660.9,25.5,1.0,0.0,0.0,1.04,0.717,0.421,0,10,35,1,1,37,0,37,65,high_vol_range,0.0,0,,,
2026-03-24T10:40:00+05:30,portfolio_replay,PREMIUM,SKIP,idle,22634.35,25.7,1.0,0.0,0.0,1.041,0.834,0.579,0,10,40,1,1,30,0,30,65,high_vol_range,0.0,0,,,
2026-03-24T10:45:00+05:30,portfolio_replay,PREMIUM,SKIP,idle,22665.9,25.59,1.0,0.0,0.0,1.041,0.696,0.579,0,10,45,1,1,30,0,30,65,high_vol_range,0.0,0,,,
2026-03-24T10:50:00+05:30,portfolio_replay,PREMIUM,SKIP,idle,22706.45,25.57,1.0,0.0,0.0,1.041,0.518,0.579,0,10,50,1,1,30,0,30,65,high_vol_range,0.0,0,,,
2026-03-24T10:55:00+05:30,portfolio_replay,PREMIUM,SKIP,idle,22672.8,25.67,1.0,0.0,0.0,1.041,0.665,0.565,0,10,55,1,1,30,0,30,65,high_vol_range,0.0,0,,,
2026-03-24T09:30:00+05:30,portfolio_replay,PREMIUM,SKIP,idle,22848.25,25.09,1.0,0.0,0.0,1.04,0.103,1.627,0,9,30,1,1,50,0,50,75,trending,0.0,0,,,
2026-03-24T09:35:00+05:30,portfolio_replay,PREMIUM,SKIP,idle,22819.1,25.18,1.0,0.0,0.0,1.04,0.024,1.627,0,9,35,1,1,50,0,50,75,trending,0.0,0,,,
2026-03-24T09:40:00+05:30,portfolio_replay,PREMIUM,SKIP,idle,22779.75,25.3,1.0,0.0,0.0,1.04,0.197,1.627,0,9,40,1,1,37,0,37,75,trending,0.0,0,,,
2026-03-24T09:45:00+05:30,portfolio_replay,PREMIUM,SKIP,idle,22719.05,25.47,1.0,0.0,0.0,1.04,0.463,0.505,0,9,45,1,1,35,0,35,75,high_vol_range,0.0,0,,,
2026-03-24T09:50:00+05:30,portfolio_replay,PREMIUM,SKIP,idle,22712.55,25.48,1.0,0.0,0.0,1.04,0.491,0.603,0,9,50,1,1,35,0,35,75,high_vol_range,0.0,0,,,
2026-03-24T09:55:00+05:30,portfolio_replay,PREMIUM,SKIP,idle,22755.45,25.34,1.0,0.0,0.0,1.04,0.303,0.603,0,9,55,1,1,35,0,35,75,high_vol_range,0.0,0,,,
2026-03-24T10:00:00+05:30,portfolio_replay,PREMIUM,SKIP,idle,22747.3,25.4,1.0,0.0,0.0,1.04,0.339,0.601,0,10,0,1,1,35,0,35,65,high_vol_range,0.0,0,,,
2026-03-24T10:05:00+05:30,portfolio_replay,PREMIUM,SKIP,idle,22715.0,25.54,1.0,0.0,0.0,1.041,0.48,0.517,0,10,5,1,1,35,0,35,65,high_vol_range,0.0,0,,,
2026-03-24T10:10:00+05:30,portfolio_replay,PREMIUM,SKIP,idle,22693.55,25.53,1.0,0.0,0.0,1.04,0.574,0.429,0,10,10,1,1,37,0,37,65,high_vol_range,0.0,0,,,
2026-03-24T10:15:00+05:30,portfolio_replay,PREMIUM,SKIP,idle,22711.4,25.5,1.0,0.0,0.0,1.04,0.496,0.374,0,10,15,1,1,42,0,42,65,high_vol_range,0.0,0,,,
2026-03-24T10:20:00+05:30,portfolio_replay,PREMIUM,SKIP,idle,22714.0,25.39,1.0,0.0,0.0,1.04,0.485,0.374,0,10,20,1,1,42,0,42,65,high_vol_range,0.0,0,,,
2026-03-24T10:25:00+05:30,portfolio_replay,PREMIUM,SKIP,idle,22760.0,25.4,1.0,0.0,0.0,1.04,0.283,0.374,0,10,25,1,1,49,0,49,65,high_vol_range,0.0,0,,,
2026-03-24T10:30:00+05:30,portfolio_replay,PREMIUM,SKIP,idle,22721.55,25.43,1.0,0.0,0.0,1.041,0.452,0.344,0,10,30,1,1,42,0,42,65,high_vol_range,0.0,0,,,
2026-03-24T10:35:00+05:30,portfolio_replay,PREMIUM,SKIP,idle,22660.9,25.5,1.0,0.0,0.0,1.04,0.717,0.421,0,10,35,1,1,37,0,37,65,high_vol_range,0.0,0,,,
2026-03-24T10:40:00+05:30,portfolio_replay,PREMIUM,SKIP,idle,22634.35,25.7,1.0,0.0,0.0,1.041,0.834,0.579,0,10,40,1,1,30,0,30,65,high_vol_range,0.0,0,,,
2026-03-24T10:45:00+05:30,portfolio_replay,PREMIUM,SKIP,idle,22665.9,25.59,1.0,0.0,0.0,1.041,0.696,0.579,0,10,45,1,1,30,0,30,65,high_vol_range,0.0,0,,,
2026-03-24T10:50:00+05:30,portfolio_replay,PREMIUM,SKIP,idle,22706.45,25.57,1.0,0.0,0.0,1.041,0.518,0.579,0,10,50,1,1,30,0,30,65,high_vol_range,0.0,0,,,
2026-03-24T10:55:00+05:30,portfolio_replay,PREMIUM,SKIP,idle,22672.8,25.67,1.0,0.0,0.0,1.041,0.665,0.565,0,10,55,1,1,30,0,30,65,high_vol_range,0.0,0,,,
2026-03-24T09:30:00+05:30,portfolio_replay,PREMIUM,SKIP,idle,22848.25,25.09,1.0,0.0,0.0,1.04,0.103,1.627,0,9,30,1,1,50,0,50,75,trending,0.0,0,,,
2026-03-24T09:35:00+05:30,portfolio_replay,PREMIUM,SKIP,idle,22819.1,25.18,1.0,0.0,0.0,1.04,0.024,1.627,0,9,35,1,1,50,0,50,75,trending,0.0,0,,,
2026-03-24T09:40:00+05:30,portfolio_replay,PREMIUM,SKIP,idle,22779.75,25.3,1.0,0.0,0.0,1.04,0.197,1.627,0,9,40,1,1,37,0,37,75,trending,0.0,0,,,
2026-03-24T09:45:00+05:30,portfolio_replay,PREMIUM,SKIP,idle,22719.05,25.47,1.0,0.0,0.0,1.04,0.463,0.505,0,9,45,1,1,35,0,35,75,high_vol_range,0.0,0,,,
2026-03-24T09:50:00+05:30,portfolio_replay,PREMIUM,SKIP,idle,22712.55,25.48,1.0,0.0,0.0,1.04,0.491,0.603,0,9,50,1,1,35,0,35,75,high_vol_range,0.0,0,,,
2026-03-24T09:55:00+05:30,portfolio_replay,PREMIUM,SKIP,idle,22755.45,25.34,1.0,0.0,0.0,1.04,0.303,0.603,0,9,55,1,1,35,0,35,75,high_vol_range,0.0,0,,,
2026-03-24T10:00:00+05:30,portfolio_replay,PREMIUM,SKIP,idle,22747.3,25.4,1.0,0.0,0.0,1.04,0.339,0.601,0,10,0,1,1,35,0,35,65,high_vol_range,0.0,0,,,
2026-03-24T10:05:00+05:30,portfolio_replay,PREMIUM,SKIP,idle,22715.0,25.54,1.0,0.0,0.0,1.041,0.48,0.517,0,10,5,1,1,35,0,35,65,high_vol_range,0.0,0,,,
2026-03-24T10:10:00+05:30,portfolio_replay,PREMIUM,SKIP,idle,22693.55,25.53,1.0,0.0,0.0,1.04,0.574,0.429,0,10,10,1,1,37,0,37,65,high_vol_range,0.0,0,,,
2026-03-24T10:15:00+05:30,portfolio_replay,PREMIUM,SKIP,idle,22711.4,25.5,1.0,0.0,0.0,1.04,0.496,0.374,0,10,15,1,1,42,0,42,65,high_vol_range,0.0,0,,,
2026-03-24T10:20:00+05:30,portfolio_replay,PREMIUM,SKIP,idle,22714.0,25.39,1.0,0.0,0.0,1.04,0.485,0.374,0,10,20,1,1,42,0,42,65,high_vol_range,0.0,0,,,
2026-03-24T10:25:00+05:30,portfolio_replay,PREMIUM,SKIP,idle,22760.0,25.4,1.0,0.0,0.0,1.04,0.283,0.374,0,10,25,1,1,49,0,49,65,high_vol_range,0.0,0,,,
2026-03-24T10:30:00+05:30,portfolio_replay,PREMIUM,SKIP,idle,22721.55,25.43,1.0,0.0,0.0,1.041,0.452,0.344,0,10,30,1,1,42,0,42,65,high_vol_range,0.0,0,,,
2026-03-24T10:35:00+05:30,portfolio_replay,PREMIUM,SKIP,idle,22660.9,25.5,1.0,0.0,0.0,1.04,0.717,0.421,0,10,35,1,1,37,0,37,65,high_vol_range,0.0,0,,,
2026-03-24T10:40:00+05:30,portfolio_replay,PREMIUM,SKIP,idle,22634.35,25.7,1.0,0.0,0.0,1.041,0.834,0.579,0,10,40,1,1,30,0,30,65,high_vol_range,0.0,0,,,
2026-03-24T10:45:00+05:30,portfolio_replay,PREMIUM,SKIP,idle,22665.9,25.59,1.0,0.0,0.0,1.041,0.696,0.579,0,10,45,1,1,30,0,30,65,high_vol_range,0.0,0,,,
2026-03-24T10:50:00+05:30,portfolio_replay,PREMIUM,SKIP,idle,22706.45,25.57,1.0,0.0,0.0,1.041,0.518,0.579,0,10,50,1,1,30,0,30,65,high_vol_range,0.0,0,,,
2026-03-24T10:55:00+05:30,portfolio_replay,PREMIUM,SKIP,idle,22672.8,25.67,1.0,0.0,0.0,1.041,0.665,0.565,0,10,55,1,1,30,0,30,65,high_vol_range,0.0,0,,,
2026-03-24T09:30:00+05:30,portfolio_replay,PREMIUM,SKIP,idle,22848.25,25.09,1.0,0.0,0.0,1.04,0.103,1.627,0,9,30,1,1,50,0,50,75,trending,0.0,0,,,
2026-03-24T09:35:00+05:30,portfolio_replay,PREMIUM,SKIP,idle,22819.1,25.18,1.0,0.0,0.0,1.04,0.024,1.627,0,9,35,1,1,50,0,50,75,trending,0.0,0,,,
2026-03-24T09:40:00+05:30,portfolio_replay,PREMIUM,SKIP,idle,22779.75,25.3,1.0,0.0,0.0,1.04,0.197,1.627,0,9,40,1,1,37,0,37,75,trending,0.0,0,,,
2026-03-24T09:45:00+05:30,portfolio_replay,PREMIUM,SKIP,idle,22719.05,25.47,1.0,0.0,0.0,1.04,0.463,0.505,0,9,45,1,1,35,0,35,75,high_vol_range,0.0,0,,,
2026-03-24T09:50:00+05:30,portfolio_replay,PREMIUM,SKIP,idle,22712.55,25.48,1.0,0.0,0.0,1.04,0.491,0.603,0,9,50,1,1,35,0,35,75,high_vol_range,0.0,0,,,
2026-03-24T09:55:00+05:30,portfolio_replay,PREMIUM,SKIP,idle,22755.45,25.34,1.0,0.0,0.0,1.04,0.303,0.603,0,9,55,1,1,35,0,35,75,high_vol_range,0.0,0,,,
2026-03-24T10:00:00+05:30,portfolio_replay,PREMIUM,SKIP,idle,22747.3,25.4,1.0,0.0,0.0,1.04,0.339,0.601,0,10,0,1,1,35,0,35,65,high_vol_range,0.0,0,,,
2026-03-24T10:05:00+05:30,portfolio_replay,PREMIUM,SKIP,idle,22715.0,25.54,1.0,0.0,0.0,1.041,0.48,0.517,0,10,5,1,1,35,0,35,65,high_vol_range,0.0,0,,,
2026-03-24T10:10:00+05:30,portfolio_replay,PREMIUM,SKIP,idle,22693.55,25.53,1.0,0.0,0.0,1.04,0.574,0.429,0,10,10,1,1,37,0,37,65,high_vol_range,0.0,0,,,
2026-03-24T10:15:00+05:30,portfolio_replay,PREMIUM,SKIP,idle,22711.4,25.5,1.0,0.0,0.0,1.04,0.496,0.374,0,10,15,1,1,42,0,42,65,high_vol_range,0.0,0,,,
2026-03-24T10:20:00+05:30,portfolio_replay,PREMIUM,SKIP,idle,22714.0,25.39,1.0,0.0,0.0,1.04,0.485,0.374,0,10,20,1,1,42,0,42,65,high_vol_range,0.0,0,,,
2026-03-24T10:25:00+05:30,portfolio_replay,PREMIUM,SKIP,idle,22760.0,25.4,1.0,0.0,0.0,1.04,0.283,0.374,0,10,25,1,1,49,0,49,65,high_vol_range,0.0,0,,,
2026-03-24T10:30:00+05:30,portfolio_replay,PREMIUM,SKIP,idle,22721.55,25.43,1.0,0.0,0.0,1.041,0.452,0.344,0,10,30,1,1,42,0,42,65,high_vol_range,0.0,0,,,
2026-03-24T10:35:00+05:30,portfolio_replay,PREMIUM,SKIP,idle,22660.9,25.5,1.0,0.0,0.0,1.04,0.717,0.421,0,10,35,1,1,37,0,37,65,high_vol_range,0.0,0,,,
2026-03-24T10:40:00+05:30,portfolio_replay,PREMIUM,SKIP,idle,22634.35,25.7,1.0,0.0,0.0,1.041,0.834,0.579,0,10,40,1,1,30,0,30,65,high_vol_range,0.0,0,,,
2026-03-24T10:45:00+05:30,portfolio_replay,PREMIUM,SKIP,idle,22665.9,25.59,1.0,0.0,0.0,1.041,0.696,0.579,0,10,45,1,1,30,0,30,65,high_vol_range,0.0,0,,,
2026-03-24T10:50:00+05:30,portfolio_replay,PREMIUM,SKIP,idle,22706.45,25.57,1.0,0.0,0.0,1.041,0.518,0.579,0,10,50,1,1,30,0,30,65,high_vol_range,0.0,0,,,
2026-03-24T10:55:00+05:30,portfolio_replay,PREMIUM,SKIP,idle,22672.8,25.67,1.0,0.0,0.0,1.041,0.665,0.565,0,10,55,1,1,30,0,30,65,high_vol_range,0.0,0,,,
2026-03-24T09:30:00+05:30,portfolio_replay,PREMIUM,SKIP,idle,22848.25,25.09,1.0,0.0,0.0,1.04,0.103,1.627,0,9,30,1,1,50,0,50,75,trending,0.0,0,,,
2026-03-24T09:35:00+05:30,portfolio_replay,PREMIUM,SKIP,idle,22819.1,25.18,1.0,0.0,0.0,1.04,0.024,1.627,0,9,35,1,1,50,0,50,75,trending,0.0,0,,,
2026-03-24T09:40:00+05:30,portfolio_replay,PREMIUM,SKIP,idle,22779.75,25.3,1.0,0.0,0.0,1.04,0.197,1.627,0,9,40,1,1,37,0,37,75,trending,0.0,0,,,
2026-03-24T09:45:00+05:30,portfolio_replay,PREMIUM,SKIP,idle,22719.05,25.47,1.0,0.0,0.0,1.04,0.463,0.505,0,9,45,1,1,35,0,35,75,high_vol_range,0.0,0,,,
2026-03-24T09:50:00+05:30,portfolio_replay,PREMIUM,SKIP,idle,22712.55,25.48,1.0,0.0,0.0,1.04,0.491,0.603,0,9,50,1,1,35,0,35,75,high_vol_range,0.0,0,,,
2026-03-24T09:55:00+05:30,portfolio_replay,PREMIUM,SKIP,idle,22755.45,25.34,1.0,0.0,0.0,1.04,0.303,0.603,0,9,55,1,1,35,0,35,75,high_vol_range,0.0,0,,,
2026-03-24T10:00:00+05:30,portfolio_replay,PREMIUM,SKIP,idle,22747.3,25.4,1.0,0.0,0.0,1.04,0.339,0.601,0,10,0,1,1,35,0,35,65,high_vol_range,0.0,0,,,
2026-03-24T10:05:00+05:30,portfolio_replay,PREMIUM,SKIP,idle,22715.0,25.54,1.0,0.0,0.0,1.041,0.48,0.517,0,10,5,1,1,35,0,35,65,high_vol_range,0.0,0,,,
2026-03-24T10:10:00+05:30,portfolio_replay,PREMIUM,SKIP,idle,22693.55,25.53,1.0,0.0,0.0,1.04,0.574,0.429,0,10,10,1,1,37,0,37,65,high_vol_range,0.0,0,,,
2026-03-24T10:15:00+05:30,portfolio_replay,PREMIUM,SKIP,idle,22711.4,25.5,1.0,0.0,0.0,1.04,0.496,0.374,0,10,15,1,1,42,0,42,65,high_vol_range,0.0,0,,,
2026-03-24T10:20:00+05:30,portfolio_replay,PREMIUM,SKIP,idle,22714.0,25.39,1.0,0.0,0.0,1.04,0.485,0.374,0,10,20,1,1,42,0,42,65,high_vol_range,0.0,0,,,
2026-03-24T10:25:00+05:30,portfolio_replay,PREMIUM,SKIP,idle,22760.0,25.4,1.0,0.0,0.0,1.04,0.283,0.374,0,10,25,1,1,49,0,49,65,high_vol_range,0.0,0,,,
2026-03-24T10:30:00+05:30,portfolio_replay,PREMIUM,SKIP,idle,22721.55,25.43,1.0,0.0,0.0,1.041,0.452,0.344,0,10,30,1,1,42,0,42,65,high_vol_range,0.0,0,,,
2026-03-24T10:35:00+05:30,portfolio_replay,PREMIUM,SKIP,idle,22660.9,25.5,1.0,0.0,0.0,1.04,0.717,0.421,0,10,35,1,1,37,0,37,65,high_vol_range,0.0,0,,,
2026-03-24T10:40:00+05:30,portfolio_replay,PREMIUM,SKIP,idle,22634.35,25.7,1.0,0.0,0.0,1.041,0.834,0.579,0,10,40,1,1,30,0,30,65,high_vol_range,0.0,0,,,
2026-03-24T10:45:00+05:30,portfolio_replay,PREMIUM,SKIP,idle,22665.9,25.59,1.0,0.0,0.0,1.041,0.696,0.579,0,10,45,1,1,30,0,30,65,high_vol_range,0.0,0,,,
2026-03-24T10:50:00+05:30,portfolio_replay,PREMIUM,SKIP,idle,22706.45,25.57,1.0,0.0,0.0,1.041,0.518,0.579,0,10,50,1,1,30,0,30,65,high_vol_range,0.0,0,,,
2026-03-24T10:55:00+05:30,portfolio_replay,PREMIUM,SKIP,idle,22672.8,25.67,1.0,0.0,0.0,1.041,0.665,0.565,0,10,55,1,1,30,0,30,65,high_vol_range,0.0,0,,,
2026-03-24T09:30:00+05:30,portfolio_replay,PREMIUM,SKIP,idle,22848.25,25.09,1.0,0.0,0.0,1.04,0.103,1.627,0,9,30,1,1,50,0,50,75,trending,0.0,0,,,
2026-03-24T09:35:00+05:30,portfolio_replay,PREMIUM,SKIP,idle,22819.1,25.18,1.0,0.0,0.0,1.04,0.024,1.627,0,9,35,1,1,50,0,50,75,trending,0.0,0,,,
2026-03-24T09:40:00+05:30,portfolio_replay,PREMIUM,SKIP,idle,22779.75,25.3,1.0,0.0,0.0,1.04,0.197,1.627,0,9,40,1,1,37,0,37,75,trending,0.0,0,,,
2026-03-24T09:45:00+05:30,portfolio_replay,PREMIUM,SKIP,idle,22719.05,25.47,1.0,0.0,0.0,1.04,0.463,0.505,0,9,45,1,1,35,0,35,75,high_vol_range,0.0,0,,,
2026-03-24T09:50:00+05:30,portfolio_replay,PREMIUM,SKIP,idle,22712.55,25.48,1.0,0.0,0.0,1.04,0.491,0.603,0,9,50,1,1,35,0,35,75,high_vol_range,0.0,0,,,
2026-03-24T09:55:00+05:30,portfolio_replay,PREMIUM,SKIP,idle,22755.45,25.34,1.0,0.0,0.0,1.04,0.303,0.603,0,9,55,1,1,35,0,35,75,high_vol_range,0.0,0,,,
2026-03-24T10:00:00+05:30,portfolio_replay,PREMIUM,SKIP,idle,22747.3,25.4,1.0,0.0,0.0,1.04,0.339,0.601,0,10,0,1,1,35,0,35,65,high_vol_range,0.0,0,,,
2026-03-24T10:05:00+05:30,portfolio_replay,PREMIUM,SKIP,idle,22715.0,25.54,1.0,0.0,0.0,1.041,0.48,0.517,0,10,5,1,1,35,0,35,65,high_vol_range,0.0,0,,,
2026-03-24T10:10:00+05:30,portfolio_replay,PREMIUM,SKIP,idle,22693.55,25.53,1.0,0.0,0.0,1.04,0.574,0.429,0,10,10,1,1,37,0,37,65,high_vol_range,0.0,0,,,
2026-03-24T10:15:00+05:30,portfolio_replay,PREMIUM,SKIP,idle,22711.4,25.5,1.0,0.0,0.0,1.04,0.496,0.374,0,10,15,1,1,42,0,42,65,high_vol_range,0.0,0,,,
2026-03-24T10:20:00+05:30,portfolio_replay,PREMIUM,SKIP,idle,22714.0,25.39,1.0,0.0,0.0,1.04,0.485,0.374,0,10,20,1,1,42,0,42,65,high_vol_range,0.0,0,,,
2026-03-24T10:25:00+05:30,portfolio_replay,PREMIUM,SKIP,idle,22760.0,25.4,1.0,0.0,0.0,1.04,0.283,0.374,0,10,25,1,1,49,0,49,65,high_vol_range,0.0,0,,,
2026-03-24T10:30:00+05:30,portfolio_replay,PREMIUM,SKIP,idle,22721.55,25.43,1.0,0.0,0.0,1.041,0.452,0.344,0,10,30,1,1,42,0,42,65,high_vol_range,0.0,0,,,
2026-03-24T10:35:00+05:30,portfolio_replay,PREMIUM,SKIP,idle,22660.9,25.5,1.0,0.0,0.0,1.04,0.717,0.421,0,10,35,1,1,37,0,37,65,high_vol_range,0.0,0,,,
2026-03-24T10:40:00+05:30,portfolio_replay,PREMIUM,SKIP,idle,22634.35,25.7,1.0,0.0,0.0,1.041,0.834,0.579,0,10,40,1,1,30,0,30,65,high_vol_range,0.0,0,,,
2026-03-24T10:45:00+05:30,portfolio_replay,PREMIUM,SKIP,idle,22665.9,25.59,1.0,0.0,0.0,1.041,0.696,0.579,0,10,45,1,1,30,0,30,65,high_vol_range,0.0,0,,,
2026-03-24T10:50:00+05:30,portfolio_replay,PREMIUM,SKIP,idle,22706.45,25.57,1.0,0.0,0.0,1.041,0.518,0.579,0,10,50,1,1,30,0,30,65,high_vol_range,0.0,0,,,
2026-03-24T10:55:00+05:30,portfolio_replay,PREMIUM,SKIP,idle,22672.8,25.67,1.0,0.0,0.0,1.041,0.665,0.565,0,10,55,1,1,30,0,30,65,high_vol_range,0.0,0,,,
2026-03-24T09:30:00+05:30,portfolio_replay,PREMIUM,SKIP,idle,22848.25,25.09,1.0,0.0,0.0,1.04,0.103,1.627,0,9,30,1,1,50,0,50,75,trending,0.0,0,,,
2026-03-24T09:35:00+05:30,portfolio_replay,PREMIUM,SKIP,idle,22819.1,25.18,1.0,0.0,0.0,1.04,0.024,1.627,0,9,35,1,1,50,0,50,75,trending,0.0,0,,,
2026-03-24T09:40:00+05:30,portfolio_replay,PREMIUM,SKIP,idle,22779.75,25.3,1.0,0.0,0.0,1.04,0.197,1.627,0,9,40,1,1,37,0,37,75,trending,0.0,0,,,
2026-03-24T09:45:00+05:30,portfolio_replay,PREMIUM,SKIP,idle,22719.05,25.47,1.0,0.0,0.0,1.04,0.463,0.505,0,9,45,1,1,35,0,35,75,high_vol_range,0.0,0,,,
2026-03-24T09:50:00+05:30,portfolio_replay,PREMIUM,SKIP,idle,22712.55,25.48,1.0,0.0,0.0,1.04,0.491,0.603,0,9,50,1,1,35,0,35,75,high_vol_range,0.0,0,,,
2026-03-24T09:55:00+05:30,portfolio_replay,PREMIUM,SKIP,idle,22755.45,25.34,1.0,0.0,0.0,1.04,0.303,0.603,0,9,55,1,1,35,0,35,75,high_vol_range,0.0,0,,,
2026-03-24T10:00:00+05:30,portfolio_replay,PREMIUM,SKIP,idle,22747.3,25.4,1.0,0.0,0.0,1.04,0.339,0.601,0,10,0,1,1,35,0,35,65,high_vol_range,0.0,0,,,
2026-03-24T10:05:00+05:30,portfolio_replay,PREMIUM,SKIP,idle,22715.0,25.54,1.0,0.0,0.0,1.041,0.48,0.517,0,10,5,1,1,35,0,35,65,high_vol_range,0.0,0,,,
2026-03-24T10:10:00+05:30,portfolio_replay,PREMIUM,SKIP,idle,22693.55,25.53,1.0,0.0,0.0,1.04,0.574,0.429,0,10,10,1,1,37,0,37,65,high_vol_range,0.0,0,,,
2026-03-24T10:15:00+05:30,portfolio_replay,PREMIUM,SKIP,idle,22711.4,25.5,1.0,0.0,0.0,1.04,0.496,0.374,0,10,15,1,1,42,0,42,65,high_vol_range,0.0,0,,,
2026-03-24T10:20:00+05:30,portfolio_replay,PREMIUM,SKIP,idle,22714.0,25.39,1.0,0.0,0.0,1.04,0.485,0.374,0,10,20,1,1,42,0,42,65,high_vol_range,0.0,0,,,
2026-03-24T10:25:00+05:30,portfolio_replay,PREMIUM,SKIP,idle,22760.0,25.4,1.0,0.0,0.0,1.04,0.283,0.374,0,10,25,1,1,49,0,49,65,high_vol_range,0.0,0,,,
2026-03-24T10:30:00+05:30,portfolio_replay,PREMIUM,SKIP,idle,22721.55,25.43,1.0,0.0,0.0,1.041,0.452,0.344,0,10,30,1,1,42,0,42,65,high_vol_range,0.0,0,,,
2026-03-24T10:35:00+05:30,portfolio_replay,PREMIUM,SKIP,idle,22660.9,25.5,1.0,0.0,0.0,1.04,0.717,0.421,0,10,35,1,1,37,0,37,65,high_vol_range,0.0,0,,,
2026-03-24T10:40:00+05:30,portfolio_replay,PREMIUM,SKIP,idle,22634.35,25.7,1.0,0.0,0.0,1.041,0.834,0.579,0,10,40,1,1,30,0,30,65,high_vol_range,0.0,0,,,
2026-03-24T10:45:00+05:30,portfolio_replay,PREMIUM,SKIP,idle,22665.9,25.59,1.0,0.0,0.0,1.041,0.696,0.579,0,10,45,1,1,30,0,30,65,high_vol_range,0.0,0,,,
2026-03-24T10:50:00+05:30,portfolio_replay,PREMIUM,SKIP,idle,22706.45,25.57,1.0,0.0,0.0,1.041,0.518,0.579,0,10,50,1,1,30,0,30,65,high_vol_range,0.0,0,,,
2026-03-24T10:55:00+05:30,portfolio_replay,PREMIUM,SKIP,idle,22672.8,25.67,1.0,0.0,0.0,1.041,0.665,0.565,0,10,55,1,1,30,0,30,65,high_vol_range,0.0,0,,,
2026-03-24T09:30:00+05:30,portfolio_replay,PREMIUM,SKIP,idle,22848.25,25.09,1.0,0.0,0.0,1.04,0.103,1.627,0,9,30,1,1,50,0,50,75,trending,0.0,0,,,
2026-03-24T09:35:00+05:30,portfolio_replay,PREMIUM,SKIP,idle,22819.1,25.18,1.0,0.0,0.0,1.04,0.024,1.627,0,9,35,1,1,50,0,50,75,trending,0.0,0,,,
2026-03-24T09:40:00+05:30,portfolio_replay,PREMIUM,SKIP,idle,22779.75,25.3,1.0,0.0,0.0,1.04,0.197,1.627,0,9,40,1,1,37,0,37,75,trending,0.0,0,,,
2026-03-24T09:45:00+05:30,portfolio_replay,PREMIUM,SKIP,idle,22719.05,25.47,1.0,0.0,0.0,1.04,0.463,0.505,0,9,45,1,1,35,0,35,75,high_vol_range,0.0,0,,,
2026-03-24T09:50:00+05:30,portfolio_replay,PREMIUM,SKIP,idle,22712.55,25.48,1.0,0.0,0.0,1.04,0.491,0.603,0,9,50,1,1,35,0,35,75,high_vol_range,0.0,0,,,
2026-03-24T09:55:00+05:30,portfolio_replay,PREMIUM,SKIP,idle,22755.45,25.34,1.0,0.0,0.0,1.04,0.303,0.603,0,9,55,1,1,35,0,35,75,high_vol_range,0.0,0,,,
2026-03-24T10:00:00+05:30,portfolio_replay,PREMIUM,SKIP,idle,22747.3,25.4,1.0,0.0,0.0,1.04,0.339,0.601,0,10,0,1,1,35,0,35,65,high_vol_range,0.0,0,,,
2026-03-24T10:05:00+05:30,portfolio_replay,PREMIUM,SKIP,idle,22715.0,25.54,1.0,0.0,0.0,1.041,0.48,0.517,0,10,5,1,1,35,0,35,65,high_vol_range,0.0,0,,,
2026-03-24T10:10:00+05:30,portfolio_replay,PREMIUM,SKIP,idle,22693.55,25.53,1.0,0.0,0.0,1.04,0.574,0.429,0,10,10,1,1,37,0,37,65,high_vol_range,0.0,0,,,
2026-03-24T10:15:00+05:30,portfolio_replay,PREMIUM,SKIP,idle,22711.4,25.5,1.0,0.0,0.0,1.04,0.496,0.374,0,10,15,1,1,42,0,42,65,high_vol_range,0.0,0,,,
2026-03-24T10:20:00+05:30,portfolio_replay,PREMIUM,SKIP,idle,22714.0,25.39,1.0,0.0,0.0,1.04,0.485,0.374,0,10,20,1,1,42,0,42,65,high_vol_range,0.0,0,,,
2026-03-24T10:25:00+05:30,portfolio_replay,PREMIUM,SKIP,idle,22760.0,25.4,1.0,0.0,0.0,1.04,0.283,0.374,0,10,25,1,1,49,0,49,65,high_vol_range,0.0,0,,,
2026-03-24T10:30:00+05:30,portfolio_replay,PREMIUM,SKIP,idle,22721.55,25.43,1.0,0.0,0.0,1.041,0.452,0.344,0,10,30,1,1,42,0,42,65,high_vol_range,0.0,0,,,
2026-03-24T10:35:00+05:30,portfolio_replay,PREMIUM,SKIP,idle,22660.9,25.5,1.0,0.0,0.0,1.04,0.717,0.421,0,10,35,1,1,37,0,37,65,high_vol_range,0.0,0,,,
2026-03-24T10:40:00+05:30,portfolio_replay,PREMIUM,SKIP,idle,22634.35,25.7,1.0,0.0,0.0,1.041,0.834,0.579,0,10,40,1,1,30,0,30,65,high_vol_range,0.0,0,,,
2026-03-24T10:45:00+05:30,portfolio_replay,PREMIUM,SKIP,idle,22665.9,25.59,1.0,0.0,0.0,1.041,0.696,0.579,0,10,45,1,1,30,0,30,65,high_vol_range,0.0,0,,,
2026-03-24T10:50:00+05:30,portfolio_replay,PREMIUM,SKIP,idle,22706.45,25.57,1.0,0.0,0.0,1.041,0.518,0.579,0,10,50,1,1,30,0,30,65,high_vol_range,0.0,0,,,
2026-03-24T10:55:00+05:30,portfolio_replay,PREMIUM,SKIP,idle,22672.8,25.67,1.0,0.0,0.0,1.041,0.665,0.565,0,10,55,1,1,30,0,30,65,high_vol_range,0.0,0,,,
2026-03-24T09:30:00+05:30,portfolio_replay,PREMIUM,SKIP,idle,22848.25,25.09,1.0,0.0,0.0,1.04,0.103,1.627,0,9,30,1,1,50,0,50,75,trending,0.0,0,,,
2026-03-24T09:35:00+05:30,portfolio_replay,PREMIUM,SKIP,idle,22819.1,25.18,1.0,0.0,0.0,1.04,0.024,1.627,0,9,35,1,1,50,0,50,75,trending,0.0,0,,,
2026-03-24T09:40:00+05:30,portfolio_replay,PREMIUM,SKIP,idle,22779.75,25.3,1.0,0.0,0.0,1.04,0.197,1.627,0,9,40,1,1,37,0,37,75,trending,0.0,0,,,
2026-03-24T09:45:00+05:30,portfolio_replay,PREMIUM,SKIP,idle,22719.05,25.47,1.0,0.0,0.0,1.04,0.463,0.505,0,9,45,1,1,35,0,35,75,high_vol_range,0.0,0,,,
2026-03-24T09:50:00+05:30,portfolio_replay,PREMIUM,SKIP,idle,22712.55,25.48,1.0,0.0,0.0,1.04,0.491,0.603,0,9,50,1,1,35,0,35,75,high_vol_range,0.0,0,,,
2026-03-24T09:55:00+05:30,portfolio_replay,PREMIUM,SKIP,idle,22755.45,25.34,1.0,0.0,0.0,1.04,0.303,0.603,0,9,55,1,1,35,0,35,75,high_vol_range,0.0,0,,,
2026-03-24T10:00:00+05:30,portfolio_replay,PREMIUM,SKIP,idle,22747.3,25.4,1.0,0.0,0.0,1.04,0.339,0.601,0,10,0,1,1,35,0,35,65,high_vol_range,0.0,0,,,
2026-03-24T10:05:00+05:30,portfolio_replay,PREMIUM,SKIP,idle,22715.0,25.54,1.0,0.0,0.0,1.041,0.48,0.517,0,10,5,1,1,35,0,35,65,high_vol_range,0.0,0,,,
2026-03-24T10:10:00+05:30,portfolio_replay,PREMIUM,SKIP,idle,22693.55,25.53,1.0,0.0,0.0,1.04,0.574,0.429,0,10,10,1,1,37,0,37,65,high_vol_range,0.0,0,,,
2026-03-24T10:15:00+05:30,portfolio_replay,PREMIUM,SKIP,idle,22711.4,25.5,1.0,0.0,0.0,1.04,0.496,0.374,0,10,15,1,1,42,0,42,65,high_vol_range,0.0,0,,,
2026-03-24T10:20:00+05:30,portfolio_replay,PREMIUM,SKIP,idle,22714.0,25.39,1.0,0.0,0.0,1.04,0.485,0.374,0,10,20,1,1,42,0,42,65,high_vol_range,0.0,0,,,
2026-03-24T10:25:00+05:30,portfolio_replay,PREMIUM,SKIP,idle,22760.0,25.4,1.0,0.0,0.0,1.04,0.283,0.374,0,10,25,1,1,49,0,49,65,high_vol_range,0.0,0,,,
2026-03-24T10:30:00+05:30,portfolio_replay,PREMIUM,SKIP,idle,22721.55,25.43,1.0,0.0,0.0,1.041,0.452,0.344,0,10,30,1,1,42,0,42,65,high_vol_range,0.0,0,,,
2026-03-24T10:35:00+05:30,portfolio_replay,PREMIUM,SKIP,idle,22660.9,25.5,1.0,0.0,0.0,1.04,0.717,0.421,0,10,35,1,1,37,0,37,65,high_vol_range,0.0,0,,,
2026-03-24T10:40:00+05:30,portfolio_replay,PREMIUM,SKIP,idle,22634.35,25.7,1.0,0.0,0.0,1.041,0.834,0.579,0,10,40,1,1,30,0,30,65,high_vol_range,0.0,0,,,
2026-03-24T10:45:00+05:30,portfolio_replay,PREMIUM,SKIP,idle,22665.9,25.59,1.0,0.0,0.0,1.041,0.696,0.579,0,10,45,1,1,30,0,30,65,high_vol_range,0.0,0,,,
2026-03-24T10:50:00+05:30,portfolio_replay,PREMIUM,SKIP,idle,22706.45,25.57,1.0,0.0,0.0,1.041,0.518,0.579,0,10,50,1,1,30,0,30,65,high_vol_range,0.0,0,,,
2026-03-24T10:55:00+05:30,portfolio_replay,PREMIUM,SKIP,idle,22672.8,25.67,1.0,0.0,0.0,1.041,0.665,0.565,0,10,55,1,1,30,0,30,65,high_vol_range,0.0,0,,,
2026-03-24T09:30:00+05:30,portfolio_replay,PREMIUM,SKIP,idle,22848.25,25.09,1.0,0.0,0.0,1.04,0.103,1.627,0,9,30,1,1,50,0,50,75,trending,0.0,0,,,
2026-03-24T09:35:00+05:30,portfolio_replay,PREMIUM,SKIP,idle,22819.1,25.18,1.0,0.0,0.0,1.04,0.024,1.627,0,9,35,1,1,50,0,50,75,trending,0.0,0,,,
2026-03-24T09:40:00+05:30,portfolio_replay,PREMIUM,SKIP,idle,22779.75,25.3,1.0,0.0,0.0,1.04,0.197,1.627,0,9,40,1,1,37,0,37,75,trending,0.0,0,,,
2026-03-24T09:45:00+05:30,portfolio_replay,PREMIUM,SKIP,idle,22719.05,25.47,1.0,0.0,0.0,1.04,0.463,0.505,0,9,45,1,1,35,0,35,75,high_vol_range,0.0,0,,,
2026-03-24T09:50:00+05:30,portfolio_replay,PREMIUM,SKIP,idle,22712.55,25.48,1.0,0.0,0.0,1.04,0.491,0.603,0,9,50,1,1,35,0,35,75,high_vol_range,0.0,0,,,
2026-03-24T09:55:00+05:30,portfolio_replay,PREMIUM,SKIP,idle,22755.45,25.34,1.0,0.0,0.0,1.04,0.303,0.603,0,9,55,1,1,35,0,35,75,high_vol_range,0.0,0,,,
2026-03-24T10:00:00+05:30,portfolio_replay,PREMIUM,SKIP,idle,22747.3,25.4,1.0,0.0,0.0,1.04,0.339,0.601,0,10,0,1,1,35,0,35,65,high_vol_range,0.0,0,,,
2026-03-24T10:05:00+05:30,portfolio_replay,PREMIUM,SKIP,idle,22715.0,25.54,1.0,0.0,0.0,1.041,0.48,0.517,0,10,5,1,1,35,0,35,65,high_vol_range,0.0,0,,,
2026-03-24T10:10:00+05:30,portfolio_replay,PREMIUM,SKIP,idle,22693.55,25.53,1.0,0.0,0.0,1.04,0.574,0.429,0,10,10,1,1,37,0,37,65,high_vol_range,0.0,0,,,
2026-03-24T10:15:00+05:30,portfolio_replay,PREMIUM,SKIP,idle,22711.4,25.5,1.0,0.0,0.0,1.04,0.496,0.374,0,10,15,1,1,42,0,42,65,high_vol_range,0.0,0,,,
2026-03-24T10:20:00+05:30,portfolio_replay,PREMIUM,SKIP,idle,22714.0,25.39,1.0,0.0,0.0,1.04,0.485,0.374,0,10,20,1,1,42,0,42,65,high_vol_range,0.0,0,,,
2026-03-24T10:25:00+05:30,portfolio_replay,PREMIUM,SKIP,idle,22760.0,25.4,1.0,0.0,0.0,1.04,0.283,0.374,0,10,25,1,1,49,0,49,65,high_vol_range,0.0,0,,,
2026-03-24T10:30:00+05:30,portfolio_replay,PREMIUM,SKIP,idle,22721.55,25.43,1.0,0.0,0.0,1.041,0.452,0.344,0,10,30,1,1,42,0,42,65,high_vol_range,0.0,0,,,
2026-03-24T10:35:00+05:30,portfolio_replay,PREMIUM,SKIP,idle,22660.9,25.5,1.0,0.0,0.0,1.04,0.717,0.421,0,10,35,1,1,37,0,37,65,high_vol_range,0.0,0,,,
2026-03-24T10:40:00+05:30,portfolio_replay,PREMIUM,SKIP,idle,22634.35,25.7,1.0,0.0,0.0,1.041,0.834,0.579,0,10,40,1,1,30,0,30,65,high_vol_range,0.0,0,,,
2026-03-24T10:45:00+05:30,portfolio_replay,PREMIUM,SKIP,idle,22665.9,25.59,1.0,0.0,0.0,1.041,0.696,0.579,0,10,45,1,1,30,0,30,65,high_vol_range,0.0,0,,,
2026-03-24T10:50:00+05:30,portfolio_replay,PREMIUM,SKIP,idle,22706.45,25.57,1.0,0.0,0.0,1.041,0.518,0.579,0,10,50,1,1,30,0,30,65,high_vol_range,0.0,0,,,
2026-03-24T10:55:00+05:30,portfolio_replay,PREMIUM,SKIP,idle,22672.8,25.67,1.0,0.0,0.0,1.041,0.665,0.565,0,10,55,1,1,30,0,30,65,high_vol_range,0.0,0,,,
2026-03-24T09:30:00+05:30,portfolio_replay,PREMIUM,SKIP,idle,22848.25,25.09,1.0,0.0,0.0,1.04,0.103,1.627,0,9,30,1,1,50,0,50,75,trending,0.0,0,,,
2026-03-24T09:35:00+05:30,portfolio_replay,PREMIUM,SKIP,idle,22819.1,25.18,1.0,0.0,0.0,1.04,0.024,1.627,0,9,35,1,1,50,0,50,75,trending,0.0,0,,,
2026-03-24T09:40:00+05:30,portfolio_replay,PREMIUM,SKIP,idle,22779.75,25.3,1.0,0.0,0.0,1.04,0.197,1.627,0,9,40,1,1,37,0,37,75,trending,0.0,0,,,
2026-03-24T09:45:00+05:30,portfolio_replay,PREMIUM,SKIP,idle,22719.05,25.47,1.0,0.0,0.0,1.04,0.463,0.505,0,9,45,1,1,35,0,35,75,high_vol_range,0.0,0,,,
2026-03-24T09:50:00+05:30,portfolio_replay,PREMIUM,SKIP,idle,22712.55,25.48,1.0,0.0,0.0,1.04,0.491,0.603,0,9,50,1,1,35,0,35,75,high_vol_range,0.0,0,,,
2026-03-24T09:55:00+05:30,portfolio_replay,PREMIUM,SKIP,idle,22755.45,25.34,1.0,0.0,0.0,1.04,0.303,0.603,0,9,55,1,1,35,0,35,75,high_vol_range,0.0,0,,,
2026-03-24T10:00:00+05:30,portfolio_replay,PREMIUM,SKIP,idle,22747.3,25.4,1.0,0.0,0.0,1.04,0.339,0.601,0,10,0,1,1,35,0,35,65,high_vol_range,0.0,0,,,
2026-03-24T10:05:00+05:30,portfolio_replay,PREMIUM,SKIP,idle,22715.0,25.54,1.0,0.0,0.0,1.041,0.48,0.517,0,10,5,1,1,35,0,35,65,high_vol_range,0.0,0,,,
2026-03-24T10:10:00+05:30,portfolio_replay,PREMIUM,SKIP,idle,22693.55,25.53,1.0,0.0,0.0,1.04,0.574,0.429,0,10,10,1,1,37,0,37,65,high_vol_range,0.0,0,,,
2026-03-24T10:15:00+05:30,portfolio_replay,PREMIUM,SKIP,idle,22711.4,25.5,1.0,0.0,0.0,1.04,0.496,0.374,0,10,15,1,1,42,0,42,65,high_vol_range,0.0,0,,,
2026-03-24T10:20:00+05:30,portfolio_replay,PREMIUM,SKIP,idle,22714.0,25.39,1.0,0.0,0.0,1.04,0.485,0.374,0,10,20,1,1,42,0,42,65,high_vol_range,0.0,0,,,
2026-03-24T10:25:00+05:30,portfolio_replay,PREMIUM,SKIP,idle,22760.0,25.4,1.0,0.0,0.0,1.04,0.283,0.374,0,10,25,1,1,49,0,49,65,high_vol_range,0.0,0,,,
2026-03-24T10:30:00+05:30,portfolio_replay,PREMIUM,SKIP,idle,22721.55,25.43,1.0,0.0,0.0,1.041,0.452,0.344,0,10,30,1,1,42,0,42,65,high_vol_range,0.0,0,,,
2026-03-24T10:35:00+05:30,portfolio_replay,PREMIUM,SKIP,idle,22660.9,25.5,1.0,0.0,0.0,1.04,0.717,0.421,0,10,35,1,1,37,0,37,65,high_vol_range,0.0,0,,,
2026-03-24T10:40:00+05:30,portfolio_replay,PREMIUM,SKIP,idle,22634.35,25.7,1.0,0.0,0.0,1.041,0.834,0.579,0,10,40,1,1,30,0,30,65,high_vol_range,0.0,0,,,
2026-03-24T10:45:00+05:30,portfolio_replay,PREMIUM,SKIP,idle,22665.9,25.59,1.0,0.0,0.0,1.041,0.696,0.579,0,10,45,1,1,30,0,30,65,high_vol_range,0.0,0,,,
2026-03-24T10:50:00+05:30,portfolio_replay,PREMIUM,SKIP,idle,22706.45,25.57,1.0,0.0,0.0,1.041,0.518,0.579,0,10,50,1,1,30,0,30,65,high_vol_range,0.0,0,,,
2026-03-24T10:55:00+05:30,portfolio_replay,PREMIUM,SKIP,idle,22672.8,25.67,1.0,0.0,0.0,1.041,0.665,0.565,0,10,55,1,1,30,0,30,65,high_vol_range,0.0,0,,,
2026-03-24T09:30:00+05:30,portfolio_replay,PREMIUM,SKIP,idle,22848.25,25.09,1.0,0.0,0.0,1.04,0.103,1.627,0,9,30,1,1,50,0,50,75,trending,0.0,0,,,
2026-03-24T09:35:00+05:30,portfolio_replay,PREMIUM,SKIP,idle,22819.1,25.18,1.0,0.0,0.0,1.04,0.024,1.627,0,9,35,1,1,50,0,50,75,trending,0.0,0,,,
2026-03-24T09:40:00+05:30,portfolio_replay,PREMIUM,SKIP,idle,22779.75,25.3,1.0,0.0,0.0,1.04,0.197,1.627,0,9,40,1,1,37,0,37,75,trending,0.0,0,,,
2026-03-24T09:45:00+05:30,portfolio_replay,PREMIUM,SKIP,idle,22719.05,25.47,1.0,0.0,0.0,1.04,0.463,0.505,0,9,45,1,1,35,0,35,75,high_vol_range,0.0,0,,,
2026-03-24T09:50:00+05:30,portfolio_replay,PREMIUM,SKIP,idle,22712.55,25.48,1.0,0.0,0.0,1.04,0.491,0.603,0,9,50,1,1,35,0,35,75,high_vol_range,0.0,0,,,
2026-03-24T09:55:00+05:30,portfolio_replay,PREMIUM,SKIP,idle,22755.45,25.34,1.0,0.0,0.0,1.04,0.303,0.603,0,9,55,1,1,35,0,35,75,high_vol_range,0.0,0,,,
2026-03-24T10:00:00+05:30,portfolio_replay,PREMIUM,SKIP,idle,22747.3,25.4,1.0,0.0,0.0,1.04,0.339,0.601,0,10,0,1,1,35,0,35,65,high_vol_range,0.0,0,,,
2026-03-24T10:05:00+05:30,portfolio_replay,PREMIUM,SKIP,idle,22715.0,25.54,1.0,0.0,0.0,1.041,0.48,0.517,0,10,5,1,1,35,0,35,65,high_vol_range,0.0,0,,,
2026-03-24T10:10:00+05:30,portfolio_replay,PREMIUM,SKIP,idle,22693.55,25.53,1.0,0.0,0.0,1.04,0.574,0.429,0,10,10,1,1,37,0,37,65,high_vol_range,0.0,0,,,
2026-03-24T10:15:00+05:30,portfolio_replay,PREMIUM,SKIP,idle,22711.4,25.5,1.0,0.0,0.0,1.04,0.496,0.374,0,10,15,1,1,42,0,42,65,high_vol_range,0.0,0,,,
2026-03-24T10:20:00+05:30,portfolio_replay,PREMIUM,SKIP,idle,22714.0,25.39,1.0,0.0,0.0,1.04,0.485,0.374,0,10,20,1,1,42,0,42,65,high_vol_range,0.0,0,,,
2026-03-24T10:25:00+05:30,portfolio_replay,PREMIUM,SKIP,idle,22760.0,25.4,1.0,0.0,0.0,1.04,0.283,0.374,0,10,25,1,1,49,0,49,65,high_vol_range,0.0,0,,,
2026-03-24T10:30:00+05:30,portfolio_replay,PREMIUM,SKIP,idle,22721.55,25.43,1.0,0.0,0.0,1.041,0.452,0.344,0,10,30,1,1,42,0,42,65,high_vol_range,0.0,0,,,
2026-03-24T10:35:00+05:30,portfolio_replay,PREMIUM,SKIP,idle,22660.9,25.5,1.0,0.0,0.0,1.04,0.717,0.421,0,10,35,1,1,37,0,37,65,high_vol_range,0.0,0,,,
2026-03-24T10:40:00+05:30,portfolio_replay,PREMIUM,SKIP,idle,22634.35,25.7,1.0,0.0,0.0,1.041,0.834,0.579,0,10,40,1,1,30,0,30,65,high_vol_range,0.0,0,,,
2026-03-24T10:45:00+05:30,portfolio_replay,PREMIUM,SKIP,idle,22665.9,25.59,1.0,0.0,0.0,1.041,0.696,0.579,0,10,45,1,1,30,0,30,65,high_vol_range,0.0,0,,,
2026-03-24T10:50:00+05:30,portfolio_replay,PREMIUM,SKIP,idle,22706.45,25.57,1.0,0.0,0.0,1.041,0.518,0.579,0,10,50,1,1,30,0,30,65,high_vol_range,0.0,0,,,
2026-03-24T10:55:00+05:30,portfolio_replay,PREMIUM,SKIP,idle,22672.8,25.67,1.0,0.0,0.0,1.041,0.665,0.565,0,10,55,1,1,30,0,30,65,high_vol_range,0.0,0,,,
2026-03-24T09:30:00+05:30,portfolio_replay,PREMIUM,SKIP,idle,22848.25,25.09,1.0,0.0,0.0,1.04,0.103,1.627,0,9,30,1,1,50,0,50,75,trending,0.0,0,,,
2026-03-24T09:35:00+05:30,portfolio_replay,PREMIUM,SKIP,idle,22819.1,25.18,1.0,0.0,0.0,1.04,0.024,1.627,0,9,35,1,1,50,0,50,75,trending,0.0,0,,,
2026-03-24T09:40:00+05:30,portfolio_replay,PREMIUM,SKIP,idle,22779.75,25.3,1.0,0.0,0.0,1.04,0.197,1.627,0,9,40,1,1,37,0,37,75,trending,0.0,0,,,
2026-03-24T09:45:00+05:30,portfolio_replay,PREMIUM,SKIP,idle,22719.05,25.47,1.0,0.0,0.0,1.04,0.463,0.505,0,9,45,1,1,35,0,35,75,high_vol_range,0.0,0,,,
2026-03-24T09:50:00+05:30,portfolio_replay,PREMIUM,SKIP,idle,22712.55,25.48,1.0,0.0,0.0,1.04,0.491,0.603,0,9,50,1,1,35,0,35,75,high_vol_range,0.0,0,,,
2026-03-24T09:55:00+05:30,portfolio_replay,PREMIUM,SKIP,idle,22755.45,25.34,1.0,0.0,0.0,1.04,0.303,0.603,0,9,55,1,1,35,0,35,75,high_vol_range,0.0,0,,,
2026-03-24T10:00:00+05:30,portfolio_replay,PREMIUM,SKIP,idle,22747.3,25.4,1.0,0.0,0.0,1.04,0.339,0.601,0,10,0,1,1,35,0,35,65,high_vol_range,0.0,0,,,
2026-03-24T10:05:00+05:30,portfolio_replay,PREMIUM,SKIP,idle,22715.0,25.54,1.0,0.0,0.0,1.041,0.48,0.517,0,10,5,1,1,35,0,35,65,high_vol_range,0.0,0,,,
2026-03-24T10:10:00+05:30,portfolio_replay,PREMIUM,SKIP,idle,22693.55,25.53,1.0,0.0,0.0,1.04,0.574,0.429,0,10,10,1,1,37,0,37,65,high_vol_range,0.0,0,,,
2026-03-24T10:15:00+05:30,portfolio_replay,PREMIUM,SKIP,idle,22711.4,25.5,1.0,0.0,0.0,1.04,0.496,0.374,0,10,15,1,1,42,0,42,65,high_vol_range,0.0,0,,,
2026-03-24T10:20:00+05:30,portfolio_replay,PREMIUM,SKIP,idle,22714.0,25.39,1.0,0.0,0.0,1.04,0.485,0.374,0,10,20,1,1,42,0,42,65,high_vol_range,0.0,0,,,
2026-03-24T10:25:00+05:30,portfolio_replay,PREMIUM,SKIP,idle,22760.0,25.4,1.0,0.0,0.0,1.04,0.283,0.374,0,10,25,1,1,49,0,49,65,high_vol_range,0.0,0,,,
2026-03-24T10:30:00+05:30,portfolio_replay,PREMIUM,SKIP,idle,22721.55,25.43,1.0,0.0,0.0,1.041,0.452,0.344,0,10,30,1,1,42,0,42,65,high_vol_range,0.0,0,,,
2026-03-24T10:35:00+05:30,portfolio_replay,PREMIUM,SKIP,idle,22660.9,25.5,1.0,0.0,0.0,1.04,0.717,0.421,0,10,35,1,1,37,0,37,65,high_vol_range,0.0,0,,,
2026-03-24T10:40:00+05:30,portfolio_replay,PREMIUM,SKIP,idle,22634.35,25.7,1.0,0.0,0.0,1.041,0.834,0.579,0,10,40,1,1,30,0,30,65,high_vol_range,0.0,0,,,
2026-03-24T10:45:00+05:30,portfolio_replay,PREMIUM,SKIP,idle,22665.9,25.59,1.0,0.0,0.0,1.041,0.696,0.579,0,10,45,1,1,30,0,30,65,high_vol_range,0.0,0,,,
2026-03-24T10:50:00+05:30,portfolio_replay,PREMIUM,SKIP,idle,22706.45,25.57,1.0,0.0,0.0,1.041,0.518,0.579,0,10,50,1,1,30,0,30,65,high_vol_range,0.0,0,,,
2026-03-24T10:55:00+05:30,portfolio_replay,PREMIUM,SKIP,idle,22672.8,25.67,1.0,0.0,0.0,1.041,0.665,0.565,0,10,55,1,1,30,0,30,65,high_vol_range,0.0,0,,,
2026-03-24T09:30:00+05:30,portfolio_replay,PREMIUM,SKIP,idle,22848.25,25.09,1.0,0.0,0.0,1.04,0.103,1.627,0,9,30,1,1,50,0,50,75,trending,0.0,0,,,
2026-03-24T09:35:00+05:30,portfolio_replay,PREMIUM,SKIP,idle,22819.1,25.18,1.0,0.0,0.0,1.04,0.024,1.627,0,9,35,1,1,50,0,50,75,trending,0.0,0,,,
2026-03-24T09:40:00+05:30,portfolio_replay,PREMIUM,SKIP,idle,22779.75,25.3,1.0,0.0,0.0,1.04,0.197,1.627,0,9,40,1,1,37,0,37,75,trending,0.0,0,,,
2026-03-24T09:45:00+05:30,portfolio_replay,PREMIUM,SKIP,idle,22719.05,25.47,1.0,0.0,0.0,1.04,0.463,0.505,0,9,45,1,1,35,0,35,75,high_vol_range,0.0,0,,,
2026-03-24T09:50:00+05:30,portfolio_replay,PREMIUM,SKIP,idle,22712.55,25.48,1.0,0.0,0.0,1.04,0.491,0.603,0,9,50,1,1,35,0,35,75,high_vol_range,0.0,0,,,
2026-03-24T09:55:00+05:30,portfolio_replay,PREMIUM,SKIP,idle,22755.45,25.34,1.0,0.0,0.0,1.04,0.303,0.603,0,9,55,1,1,35,0,35,75,high_vol_range,0.0,0,,,
2026-03-24T10:00:00+05:30,portfolio_replay,PREMIUM,SKIP,idle,22747.3,25.4,1.0,0.0,0.0,1.04,0.339,0.601,0,10,0,1,1,35,0,35,65,high_vol_range,0.0,0,,,
2026-03-24T10:05:00+05:30,portfolio_replay,PREMIUM,SKIP,idle,22715.0,25.54,1.0,0.0,0.0,1.041,0.48,0.517,0,10,5,1,1,35,0,35,65,high_vol_range,0.0,0,,,
2026-03-24T10:10:00+05:30,portfolio_replay,PREMIUM,SKIP,idle,22693.55,25.53,1.0,0.0,0.0,1.04,0.574,0.429,0,10,10,1,1,37,0,37,65,high_vol_range,0.0,0,,,
2026-03-24T10:15:00+05:30,portfolio_replay,PREMIUM,SKIP,idle,22711.4,25.5,1.0,0.0,0.0,1.04,0.496,0.374,0,10,15,1,1,42,0,42,65,high_vol_range,0.0,0,,,
2026-03-24T10:20:00+05:30,portfolio_replay,PREMIUM,SKIP,idle,22714.0,25.39,1.0,0.0,0.0,1.04,0.485,0.374,0,10,20,1,1,42,0,42,65,high_vol_range,0.0,0,,,
2026-03-24T10:25:00+05:30,portfolio_replay,PREMIUM,SKIP,idle,22760.0,25.4,1.0,0.0,0.0,1.04,0.283,0.374,0,10,25,1,1,49,0,49,65,high_vol_range,0.0,0,,,
2026-03-24T10:30:00+05:30,portfolio_replay,PREMIUM,SKIP,idle,22721.55,25.43,1.0,0.0,0.0,1.041,0.452,0.344,0,10,30,1,1,42,0,42,65,high_vol_range,0.0,0,,,
2026-03-24T10:35:00+05:30,portfolio_replay,PREMIUM,SKIP,idle,22660.9,25.5,1.0,0.0,0.0,1.04,0.717,0.421,0,10,35,1,1,37,0,37,65,high_vol_range,0.0,0,,,
2026-03-24T10:40:00+05:30,portfolio_replay,PREMIUM,SKIP,idle,22634.35,25.7,1.0,0.0,0.0,1.041,0.834,0.579,0,10,40,1,1,30,0,30,65,high_vol_range,0.0,0,,,
2026-03-24T10:45:00+05:30,portfolio_replay,PREMIUM,SKIP,idle,22665.9,25.59,1.0,0.0,0.0,1.041,0.696,0.579,0,10,45,1,1,30,0,30,65,high_vol_range,0.0,0,,,
2026-03-24T10:50:00+05:30,portfolio_replay,PREMIUM,SKIP,idle,22706.45,25.57,1.0,0.0,0.0,1.041,0.518,0.579,0,10,50,1,1,30,0,30,65,high_vol_range,0.0,0,,,
2026-03-24T10:55:00+05:30,portfolio_replay,PREMIUM,SKIP,idle,22672.8,25.67,1.0,0.0,0.0,1.041,0.665,0.565,0,10,55,1,1,30,0,30,65,high_vol_range,0.0,0,,,
2026-03-24T09:30:00+05:30,portfolio_replay,PREMIUM,SKIP,idle,22848.25,25.09,1.0,0.0,0.0,1.04,0.103,1.627,0,9,30,1,1,50,0,50,75,trending,0.0,0,,,
2026-03-24T09:35:00+05:30,portfolio_replay,PREMIUM,SKIP,idle,22819.1,25.18,1.0,0.0,0.0,1.04,0.024,1.627,0,9,35,1,1,50,0,50,75,trending,0.0,0,,,
2026-03-24T09:40:00+05:30,portfolio_replay,PREMIUM,SKIP,idle,22779.75,25.3,1.0,0.0,0.0,1.04,0.197,1.627,0,9,40,1,1,37,0,37,75,trending,0.0,0,,,
2026-03-24T09:45:00+05:30,portfolio_replay,PREMIUM,SKIP,idle,22719.05,25.47,1.0,0.0,0.0,1.04,0.463,0.505,0,9,45,1,1,35,0,35,75,high_vol_range,0.0,0,,,
2026-03-24T09:50:00+05:30,portfolio_replay,PREMIUM,SKIP,idle,22712.55,25.48,1.0,0.0,0.0,1.04,0.491,0.603,0,9,50,1,1,35,0,35,75,high_vol_range,0.0,0,,,
2026-03-24T09:55:00+05:30,portfolio_replay,PREMIUM,SKIP,idle,22755.45,25.34,1.0,0.0,0.0,1.04,0.303,0.603,0,9,55,1,1,35,0,35,75,high_vol_range,0.0,0,,,
2026-03-24T10:00:00+05:30,portfolio_replay,PREMIUM,SKIP,idle,22747.3,25.4,1.0,0.0,0.0,1.04,0.339,0.601,0,10,0,1,1,35,0,35,65,high_vol_range,0.0,0,,,
2026-03-24T10:05:00+05:30,portfolio_replay,PREMIUM,SKIP,idle,22715.0,25.54,1.0,0.0,0.0,1.041,0.48,0.517,0,10,5,1,1,35,0,35,65,high_vol_range,0.0,0,,,
2026-03-24T10:10:00+05:30,portfolio_replay,PREMIUM,SKIP,idle,22693.55,25.53,1.0,0.0,0.0,1.04,0.574,0.429,0,10,10,1,1,37,0,37,65,high_vol_range,0.0,0,,,
2026-03-24T10:15:00+05:30,portfolio_replay,PREMIUM,SKIP,idle,22711.4,25.5,1.0,0.0,0.0,1.04,0.496,0.374,0,10,15,1,1,42,0,42,65,high_vol_range,0.0,0,,,
2026-03-24T10:20:00+05:30,portfolio_replay,PREMIUM,SKIP,idle,22714.0,25.39,1.0,0.0,0.0,1.04,0.485,0.374,0,10,20,1,1,42,0,42,65,high_vol_range,0.0,0,,,
2026-03-24T10:25:00+05:30,portfolio_replay,PREMIUM,SKIP,idle,22760.0,25.4,1.0,0.0,0.0,1.04,0.283,0.374,0,10,25,1,1,49,0,49,65,high_vol_range,0.0,0,,,
2026-03-24T10:30:00+05:30,portfolio_replay,PREMIUM,SKIP,idle,22721.55,25.43,1.0,0.0,0.0,1.041,0.452,0.344,0,10,30,1,1,42,0,42,65,high_vol_range,0.0,0,,,
2026-03-24T10:35:00+05:30,portfolio_replay,PREMIUM,SKIP,idle,22660.9,25.5,1.0,0.0,0.0,1.04,0.717,0.421,0,10,35,1,1,37,0,37,65,high_vol_range,0.0,0,,,
2026-03-24T10:40:00+05:30,portfolio_replay,PREMIUM,SKIP,idle,22634.35,25.7,1.0,0.0,0.0,1.041,0.834,0.579,0,10,40,1,1,30,0,30,65,high_vol_range,0.0,0,,,
2026-03-24T10:45:00+05:30,portfolio_replay,PREMIUM,SKIP,idle,22665.9,25.59,1.0,0.0,0.0,1.041,0.696,0.579,0,10,45,1,1,30,0,30,65,high_vol_range,0.0,0,,,
2026-03-24T10:50:00+05:30,portfolio_replay,PREMIUM,SKIP,idle,22706.45,25.57,1.0,0.0,0.0,1.041,0.518,0.579,0,10,50,1,1,30,0,30,65,high_vol_range,0.0,0,,,
2026-03-24T10:55:00+05:30,portfolio_replay,PREMIUM,SKIP,idle,22672.8,25.67,1.0,0.0,0.0,1.041,0.665,0.565,0,10,55,1,1,30,0,30,65,high_vol_range,0.0,0,,,
2026-03-24T09:30:00+05:30,portfolio_replay,PREMIUM,SKIP,idle,22848.25,25.09,1.0,0.0,0.0,1.04,0.103,1.627,0,9,30,1,1,50,0,50,75,trending,0.0,0,,,
2026-03-24T09:35:00+05:30,portfolio_replay,PREMIUM,SKIP,idle,22819.1,25.18,1.0,0.0,0.0,1.04,0.024,1.627,0,9,35,1,1,50,0,50,75,trending,0.0,0,,,
2026-03-24T09:40:00+05:30,portfolio_replay,PREMIUM,SKIP,idle,22779.75,25.3,1.0,0.0,0.0,1.04,0.197,1.627,0,9,40,1,1,37,0,37,75,trending,0.0,0,,,
2026-03-24T09:45:00+05:30,portfolio_replay,PREMIUM,SKIP,idle,22719.05,25.47,1.0,0.0,0.0,1.04,0.463,0.505,0,9,45,1,1,35,0,35,75,high_vol_range,0.0,0,,,
2026-03-24T09:50:00+05:30,portfolio_replay,PREMIUM,SKIP,idle,22712.55,25.48,1.0,0.0,0.0,1.04,0.491,0.603,0,9,50,1,1,35,0,35,75,high_vol_range,0.0,0,,,
2026-03-24T09:55:00+05:30,portfolio_replay,PREMIUM,SKIP,idle,22755.45,25.34,1.0,0.0,0.0,1.04,0.303,0.603,0,9,55,1,1,35,0,35,75,high_vol_range,0.0,0,,,
2026-03-24T10:00:00+05:30,portfolio_replay,PREMIUM,SKIP,idle,22747.3,25.4,1.0,0.0,0.0,1.04,0.339,0.601,0,10,0,1,1,35,0,35,65,high_vol_range,0.0,0,,,
2026-03-24T10:05:00+05:30,portfolio_replay,PREMIUM,SKIP,idle,22715.0,25.54,1.0,0.0,0.0,1.041,0.48,0.517,0,10,5,1,1,35,0,35,65,high_vol_range,0.0,0,,,
2026-03-24T10:10:00+05:30,portfolio_replay,PREMIUM,SKIP,idle,22693.55,25.53,1.0,0.0,0.0,1.04,0.574,0.429,0,10,10,1,1,37,0,37,65,high_vol_range,0.0,0,,,
2026-03-24T10:15:00+05:30,portfolio_replay,PREMIUM,SKIP,idle,22711.4,25.5,1.0,0.0,0.0,1.04,0.496,0.374,0,10,15,1,1,42,0,42,65,high_vol_range,0.0,0,,,
2026-03-24T10:20:00+05:30,portfolio_replay,PREMIUM,SKIP,idle,22714.0,25.39,1.0,0.0,0.0,1.04,0.485,0.374,0,10,20,1,1,42,0,42,65,high_vol_range,0.0,0,,,
2026-03-24T10:25:00+05:30,portfolio_replay,PREMIUM,SKIP,idle,22760.0,25.4,1.0,0.0,0.0,1.04,0.283,0.374,0,10,25,1,1,49,0,49,65,high_vol_range,0.0,0,,,
2026-03-24T10:30:00+05:30,portfolio_replay,PREMIUM,SKIP,idle,22721.55,25.43,1.0,0.0,0.0,1.041,0.452,0.344,0,10,30,1,1,42,0,42,65,high_vol_range,0.0,0,,,
2026-03-24T10:35:00+05:30,portfolio_replay,PREMIUM,SKIP,idle,22660.9,25.5,1.0,0.0,0.0,1.04,0.717,0.421,0,10,35,1,1,37,0,37,65,high_vol_range,0.0,0,,,
2026-03-24T10:40:00+05:30,portfolio_replay,PREMIUM,SKIP,idle,22634.35,25.7,1.0,0.0,0.0,1.041,0.834,0.579,0,10,40,1,1,30,0,30,65,high_vol_range,0.0,0,,,
2026-03-24T10:45:00+05:30,portfolio_replay,PREMIUM,SKIP,idle,22665.9,25.59,1.0,0.0,0.0,1.041,0.696,0.579,0,10,45,1,1,30,0,30,65,high_vol_range,0.0,0,,,
2026-03-24T10:50:00+05:30,portfolio_replay,PREMIUM,SKIP,idle,22706.45,25.57,1.0,0.0,0.0,1.041,0.518,0.579,0,10,50,1,1,30,0,30,65,high_vol_range,0.0,0,,,
2026-03-24T10:55:00+05:30,portfolio_replay,PREMIUM,SKIP,idle,22672.8,25.67,1.0,0.0,0.0,1.041,0.665,0.565,0,10,55,1,1,30,0,30,65,high_vol_range,0.0,0,,,
2026-03-24T09:30:00+05:30,portfolio_replay,PREMIUM,SKIP,idle,22848.25,25.09,1.0,0.0,0.0,1.04,0.103,1.627,0,9,30,1,1,50,0,50,75,trending,0.0,0,,,
2026-03-24T09:35:00+05:30,portfolio_replay,PREMIUM,SKIP,idle,22819.1,25.18,1.0,0.0,0.0,1.04,0.024,1.627,0,9,35,1,1,50,0,50,75,trending,0.0,0,,,
2026-03-24T09:40:00+05:30,portfolio_replay,PREMIUM,SKIP,idle,22779.75,25.3,1.0,0.0,0.0,1.04,0.197,1.627,0,9,40,1,1,37,0,37,75,trending,0.0,0,,,
2026-03-24T09:45:00+05:30,portfolio_replay,PREMIUM,SKIP,idle,22719.05,25.47,1.0,0.0,0.0,1.04,0.463,0.505,0,9,45,1,1,35,0,35,75,high_vol_range,0.0,0,,,
2026-03-24T09:50:00+05:30,portfolio_replay,PREMIUM,SKIP,idle,22712.55,25.48,1.0,0.0,0.0,1.04,0.491,0.603,0,9,50,1,1,35,0,35,75,high_vol_range,0.0,0,,,
2026-03-24T09:55:00+05:30,portfolio_replay,PREMIUM,SKIP,idle,22755.45,25.34,1.0,0.0,0.0,1.04,0.303,0.603,0,9,55,1,1,35,0,35,75,high_vol_range,0.0,0,,,
2026-03-24T10:00:00+05:30,portfolio_replay,PREMIUM,SKIP,idle,22747.3,25.4,1.0,0.0,0.0,1.04,0.339,0.601,0,10,0,1,1,35,0,35,65,high_vol_range,0.0,0,,,
2026-03-24T10:05:00+05:30,portfolio_replay,PREMIUM,SKIP,idle,22715.0,25.54,1.0,0.0,0.0,1.041,0.48,0.517,0,10,5,1,1,35,0,35,65,high_vol_range,0.0,0,,,
2026-03-24T10:10:00+05:30,portfolio_replay,PREMIUM,SKIP,idle,22693.55,25.53,1.0,0.0,0.0,1.04,0.574,0.429,0,10,10,1,1,37,0,37,65,high_vol_range,0.0,0,,,
2026-03-24T10:15:00+05:30,portfolio_replay,PREMIUM,SKIP,idle,22711.4,25.5,1.0,0.0,0.0,1.04,0.496,0.374,0,10,15,1,1,42,0,42,65,high_vol_range,0.0,0,,,
2026-03-24T10:20:00+05:30,portfolio_replay,PREMIUM,SKIP,idle,22714.0,25.39,1.0,0.0,0.0,1.04,0.485,0.374,0,10,20,1,1,42,0,42,65,high_vol_range,0.0,0,,,
2026-03-24T10:25:00+05:30,portfolio_replay,PREMIUM,SKIP,idle,22760.0,25.4,1.0,0.0,0.0,1.04,0.283,0.374,0,10,25,1,1,49,0,49,65,high_vol_range,0.0,0,,,
2026-03-24T10:30:00+05:30,portfolio_replay,PREMIUM,SKIP,idle,22721.55,25.43,1.0,0.0,0.0,1.041,0.452,0.344,0,10,30,1,1,42,0,42,65,high_vol_range,0.0,0,,,
2026-03-24T10:35:00+05:30,portfolio_replay,PREMIUM,SKIP,idle,22660.9,25.5,1.0,0.0,0.0,1.04,0.717,0.421,0,10,35,1,1,37,0,37,65,high_vol_range,0.0,0,,,
2026-03-24T10:40:00+05:30,portfolio_replay,PREMIUM,SKIP,idle,22634.35,25.7,1.0,0.0,0.0,1.041,0.834,0.579,0,10,40,1,1,30,0,30,65,high_vol_range,0.0,0,,,
2026-03-24T10:45:00+05:30,portfolio_replay,PREMIUM,SKIP,idle,22665.9,25.59,1.0,0.0,0.0,1.041,0.696,0.579,0,10,45,1,1,30,0,30,65,high_vol_range,0.0,0,,,
2026-03-24T10:50:00+05:30,portfolio_replay,PREMIUM,SKIP,idle,22706.45,25.57,1.0,0.0,0.0,1.041,0.518,0.579,0,10,50,1,1,30,0,30,65,high_vol_range,0.0,0,,,
2026-03-24T10:55:00+05:30,portfolio_replay,PREMIUM,SKIP,idle,22672.8,25.67,1.0,0.0,0.0,1.041,0.665,0.565,0,10,55,1,1,30,0,30,65,high_vol_range,0.0,0,,,
2026-03-24T09:30:00+05:30,portfolio_replay,PREMIUM,SKIP,idle,22848.25,25.09,1.0,0.0,0.0,1.04,0.103,1.627,0,9,30,1,1,50,0,50,75,trending,0.0,0,,,
2026-03-24T09:35:00+05:30,portfolio_replay,PREMIUM,SKIP,idle,22819.1,25.18,1.0,0.0,0.0,1.04,0.024,1.627,0,9,35,1,1,50,0,50,75,trending,0.0,0,,,
2026-03-24T09:40:00+05:30,portfolio_replay,PREMIUM,SKIP,idle,22779.75,25.3,1.0,0.0,0.0,1.04,0.197,1.627,0,9,40,1,1,37,0,37,75,trending,0.0,0,,,
2026-03-24T09:45:00+05:30,portfolio_replay,PREMIUM,SKIP,idle,22719.05,25.47,1.0,0.0,0.0,1.04,0.463,0.505,0,9,45,1,1,35,0,35,75,high_vol_range,0.0,0,,,
2026-03-24T09:50:00+05:30,portfolio_replay,PREMIUM,SKIP,idle,22712.55,25.48,1.0,0.0,0.0,1.04,0.491,0.603,0,9,50,1,1,35,0,35,75,high_vol_range,0.0,0,,,
2026-03-24T09:55:00+05:30,portfolio_replay,PREMIUM,SKIP,idle,22755.45,25.34,1.0,0.0,0.0,1.04,0.303,0.603,0,9,55,1,1,35,0,35,75,high_vol_range,0.0,0,,,
2026-03-24T10:00:00+05:30,portfolio_replay,PREMIUM,SKIP,idle,22747.3,25.4,1.0,0.0,0.0,1.04,0.339,0.601,0,10,0,1,1,35,0,35,65,high_vol_range,0.0,0,,,
2026-03-24T10:05:00+05:30,portfolio_replay,PREMIUM,SKIP,idle,22715.0,25.54,1.0,0.0,0.0,1.041,0.48,0.517,0,10,5,1,1,35,0,35,65,high_vol_range,0.0,0,,,
2026-03-24T10:10:00+05:30,portfolio_replay,PREMIUM,SKIP,idle,22693.55,25.53,1.0,0.0,0.0,1.04,0.574,0.429,0,10,10,1,1,37,0,37,65,high_vol_range,0.0,0,,,
2026-03-24T10:15:00+05:30,portfolio_replay,PREMIUM,SKIP,idle,22711.4,25.5,1.0,0.0,0.0,1.04,0.496,0.374,0,10,15,1,1,42,0,42,65,high_vol_range,0.0,0,,,
2026-03-24T10:20:00+05:30,portfolio_replay,PREMIUM,SKIP,idle,22714.0,25.39,1.0,0.0,0.0,1.04,0.485,0.374,0,10,20,1,1,42,0,42,65,high_vol_range,0.0,0,,,
2026-03-24T10:25:00+05:30,portfolio_replay,PREMIUM,SKIP,idle,22760.0,25.4,1.0,0.0,0.0,1.04,0.283,0.374,0,10,25,1,1,49,0,49,65,high_vol_range,0.0,0,,,
2026-03-24T10:30:00+05:30,portfolio_replay,PREMIUM,SKIP,idle,22721.55,25.43,1.0,0.0,0.0,1.041,0.452,0.344,0,10,30,1,1,42,0,42,65,high_vol_range,0.0,0,,,
2026-03-24T10:35:00+05:30,portfolio_replay,PREMIUM,SKIP,idle,22660.9,25.5,1.0,0.0,0.0,1.04,0.717,0.421,0,10,35,1,1,37,0,37,65,high_vol_range,0.0,0,,,
2026-03-24T10:40:00+05:30,portfolio_replay,PREMIUM,SKIP,idle,22634.35,25.7,1.0,0.0,0.0,1.041,0.834,0.579,0,10,40,1,1,30,0,30,65,high_vol_range,0.0,0,,,
2026-03-24T10:45:00+05:30,portfolio_replay,PREMIUM,SKIP,idle,22665.9,25.59,1.0,0.0,0.0,1.041,0.696,0.579,0,10,45,1,1,30,0,30,65,high_vol_range,0.0,0,,,
2026-03-24T10:50:00+05:30,portfolio_replay,PREMIUM,SKIP,idle,22706.45,25.57,1.0,0.0,0.0,1.041,0.518,0.579,0,10,50,1,1,30,0,30,65,high_vol_range,0.0,0,,,
2026-03-24T10:55:00+05:30,portfolio_replay,PREMIUM,SKIP,idle,22672.8,25.67,1.0,0.0,0.0,1.041,0.665,0.565,0,10,55,1,1,30,0,30,65,high_vol_range,0.0,0,,,
2026-03-24T09:30:00+05:30,portfolio_replay,PREMIUM,SKIP,idle,22848.25,25.09,1.0,0.0,0.0,1.04,0.103,1.627,0,9,30,1,1,50,0,50,75,trending,0.0,0,,,
2026-03-24T09:35:00+05:30,portfolio_replay,PREMIUM,SKIP,idle,22819.1,25.18,1.0,0.0,0.0,1.04,0.024,1.627,0,9,35,1,1,50,0,50,75,trending,0.0,0,,,
2026-03-24T09:40:00+05:30,portfolio_replay,PREMIUM,SKIP,idle,22779.75,25.3,1.0,0.0,0.0,1.04,0.197,1.627,0,9,40,1,1,37,0,37,75,trending,0.0,0,,,
2026-03-24T09:45:00+05:30,portfolio_replay,PREMIUM,SKIP,idle,22719.05,25.47,1.0,0.0,0.0,1.04,0.463,0.505,0,9,45,1,1,35,0,35,75,high_vol_range,0.0,0,,,
2026-03-24T09:50:00+05:30,portfolio_replay,PREMIUM,SKIP,idle,22712.55,25.48,1.0,0.0,0.0,1.04,0.491,0.603,0,9,50,1,1,35,0,35,75,high_vol_range,0.0,0,,,
2026-03-24T09:55:00+05:30,portfolio_replay,PREMIUM,SKIP,idle,22755.45,25.34,1.0,0.0,0.0,1.04,0.303,0.603,0,9,55,1,1,35,0,35,75,high_vol_range,0.0,0,,,
2026-03-24T10:00:00+05:30,portfolio_replay,PREMIUM,SKIP,idle,22747.3,25.4,1.0,0.0,0.0,1.04,0.339,0.601,0,10,0,1,1,35,0,35,65,high_vol_range,0.0,0,,,
2026-03-24T10:05:00+05:30,portfolio_replay,PREMIUM,SKIP,idle,22715.0,25.54,1.0,0.0,0.0,1.041,0.48,0.517,0,10,5,1,1,35,0,35,65,high_vol_range,0.0,0,,,
2026-03-24T10:10:00+05:30,portfolio_replay,PREMIUM,SKIP,idle,22693.55,25.53,1.0,0.0,0.0,1.04,0.574,0.429,0,10,10,1,1,37,0,37,65,high_vol_range,0.0,0,,,
2026-03-24T10:15:00+05:30,portfolio_replay,PREMIUM,SKIP,idle,22711.4,25.5,1.0,0.0,0.0,1.04,0.496,0.374,0,10,15,1,1,42,0,42,65,high_vol_range,0.0,0,,,
2026-03-24T10:20:00+05:30,portfolio_replay,PREMIUM,SKIP,idle,22714.0,25.39,1.0,0.0,0.0,1.04,0.485,0.374,0,10,20,1,1,42,0,42,65,high_vol_range,0.0,0,,,
2026-03-24T10:25:00+05:30,portfolio_replay,PREMIUM,SKIP,idle,22760.0,25.4,1.0,0.0,0.0,1.04,0.283,0.374,0,10,25,1,1,49,0,49,65,high_vol_range,0.0,0,,,
2026-03-24T10:30:00+05:30,portfolio_replay,PREMIUM,SKIP,idle,22721.55,25.43,1.0,0.0,0.0,1.041,0.452,0.344,0,10,30,1,1,42,0,42,65,high_vol_range,0.0,0,,,
2026-03-24T10:35:00+05:30,portfolio_replay,PREMIUM,SKIP,idle,22660.9,25.5,1.0,0.0,0.0,1.04,0.717,0.421,0,10,35,1,1,37,0,37,65,high_vol_range,0.0,0,,,
2026-03-24T10:40:00+05:30,portfolio_replay,PREMIUM,SKIP,idle,22634.35,25.7,1.0,0.0,0.0,1.041,0.834,0.579,0,10,40,1,1,30,0,30,65,high_vol_range,0.0,0,,,
2026-03-24T10:45:00+05:30,portfolio_replay,PREMIUM,SKIP,idle,22665.9,25.59,1.0,0.0,0.0,1.041,0.696,0.579,0,10,45,1,1,30,0,30,65,high_vol_range,0.0,0,,,
2026-03-24T10:50:00+05:30,portfolio_replay,PREMIUM,SKIP,idle,22706.45,25.57,1.0,0.0,0.0,1.041,0.518,0.579,0,10,50,1,1,30,0,30,65,high_vol_range,0.0,0,,,
2026-03-24T10:55:00+05:30,portfolio_replay,PREMIUM,SKIP,idle,22672.8,25.67,1.0,0.0,0.0,1.041,0.665,0.565,0,10,55,1,1,30,0,30,65,high_vol_range,0.0,0,,,
2026-03-24T09:30:00+05:30,portfolio_replay,PREMIUM,SKIP,idle,22848.25,25.09,1.0,0.0,0.0,1.04,0.103,1.627,0,9,30,1,1,50,0,50,75,trending,0.0,0,,,
2026-03-24T09:35:00+05:30,portfolio_replay,PREMIUM,SKIP,idle,22819.1,25.18,1.0,0.0,0.0,1.04,0.024,1.627,0,9,35,1,1,50,0,50,75,trending,0.0,0,,,
2026-03-24T09:40:00+05:30,portfolio_replay,PREMIUM,SKIP,idle,22779.75,25.3,1.0,0.0,0.0,1.04,0.197,1.627,0,9,40,1,1,37,0,37,75,trending,0.0,0,,,
2026-03-24T09:45:00+05:30,portfolio_replay,PREMIUM,SKIP,idle,22719.05,25.47,1.0,0.0,0.0,1.04,0.463,0.505,0,9,45,1,1,35,0,35,75,high_vol_range,0.0,0,,,
2026-03-24T09:50:00+05:30,portfolio_replay,PREMIUM,SKIP,idle,22712.55,25.48,1.0,0.0,0.0,1.04,0.491,0.603,0,9,50,1,1,35,0,35,75,high_vol_range,0.0,0,,,
2026-03-24T09:55:00+05:30,portfolio_replay,PREMIUM,SKIP,idle,22755.45,25.34,1.0,0.0,0.0,1.04,0.303,0.603,0,9,55,1,1,35,0,35,75,high_vol_range,0.0,0,,,
2026-03-24T10:00:00+05:30,portfolio_replay,PREMIUM,SKIP,idle,22747.3,25.4,1.0,0.0,0.0,1.04,0.339,0.601,0,10,0,1,1,35,0,35,65,high_vol_range,0.0,0,,,
2026-03-24T10:05:00+05:30,portfolio_replay,PREMIUM,SKIP,idle,22715.0,25.54,1.0,0.0,0.0,1.041,0.48,0.517,0,10,5,1,1,35,0,35,65,high_vol_range,0.0,0,,,
2026-03-24T10:10:00+05:30,portfolio_replay,PREMIUM,SKIP,idle,22693.55,25.53,1.0,0.0,0.0,1.04,0.574,0.429,0,10,10,1,1,37,0,37,65,high_vol_range,0.0,0,,,
2026-03-24T10:15:00+05:30,portfolio_replay,PREMIUM,SKIP,idle,22711.4,25.5,1.0,0.0,0.0,1.04,0.496,0.374,0,10,15,1,1,42,0,42,65,high_vol_range,0.0,0,,,
2026-03-24T10:20:00+05:30,portfolio_replay,PREMIUM,SKIP,idle,22714.0,25.39,1.0,0.0,0.0,1.04,0.485,0.374,0,10,20,1,1,42,0,42,65,high_vol_range,0.0,0,,,
2026-03-24T10:25:00+05:30,portfolio_replay,PREMIUM,SKIP,idle,22760.0,25.4,1.0,0.0,0.0,1.04,0.283,0.374,0,10,25,1,1,49,0,49,65,high_vol_range,0.0,0,,,
2026-03-24T10:30:00+05:30,portfolio_replay,PREMIUM,SKIP,idle,22721.55,25.43,1.0,0.0,0.0,1.041,0.452,0.344,0,10,30,1,1,42,0,42,65,high_vol_range,0.0,0,,,
2026-03-24T10:35:00+05:30,portfolio_replay,PREMIUM,SKIP,idle,22660.9,25.5,1.0,0.0,0.0,1.04,0.717,0.421,0,10,35,1,1,37,0,37,65,high_vol_range,0.0,0,,,
2026-03-24T10:40:00+05:30,portfolio_replay,PREMIUM,SKIP,idle,22634.35,25.7,1.0,0.0,0.0,1.041,0.834,0.579,0,10,40,1,1,30,0,30,65,high_vol_range,0.0,0,,,
2026-03-24T10:45:00+05:30,portfolio_replay,PREMIUM,SKIP,idle,22665.9,25.59,1.0,0.0,0.0,1.041,0.696,0.579,0,10,45,1,1,30,0,30,65,high_vol_range,0.0,0,,,
2026-03-24T10:50:00+05:30,portfolio_replay,PREMIUM,SKIP,idle,22706.45,25.57,1.0,0.0,0.0,1.041,0.518,0.579,0,10,50,1,1,30,0,30,65,high_vol_range,0.0,0,,,
2026-03-24T10:55:00+05:30,portfolio_replay,PREMIUM,SKIP,idle,22672.8,25.67,1.0,0.0,0.0,1.041,0.665,0.565,0,10,55,1,1,30,0,30,65,high_vol_range,0.0,0,,,
2026-03-24T09:30:00+05:30,portfolio_replay,PREMIUM,SKIP,idle,22848.25,25.09,1.0,0.0,0.0,1.04,0.103,1.627,0,9,30,1,1,50,0,50,75,trending,0.0,0,,,
2026-03-24T09:35:00+05:30,portfolio_replay,PREMIUM,SKIP,idle,22819.1,25.18,1.0,0.0,0.0,1.04,0.024,1.627,0,9,35,1,1,50,0,50,75,trending,0.0,0,,,
2026-03-24T09:40:00+05:30,portfolio_replay,PREMIUM,SKIP,idle,22779.75,25.3,1.0,0.0,0.0,1.04,0.197,1.627,0,9,40,1,1,37,0,37,75,trending,0.0,0,,,
2026-03-24T09:45:00+05:30,portfolio_replay,PREMIUM,SKIP,idle,22719.05,25.47,1.0,0.0,0.0,1.04,0.463,0.505,0,9,45,1,1,35,0,35,75,high_vol_range,0.0,0,,,
2026-03-24T09:50:00+05:30,portfolio_replay,PREMIUM,SKIP,idle,22712.55,25.48,1.0,0.0,0.0,1.04,0.491,0.603,0,9,50,1,1,35,0,35,75,high_vol_range,0.0,0,,,
2026-03-24T09:55:00+05:30,portfolio_replay,PREMIUM,SKIP,idle,22755.45,25.34,1.0,0.0,0.0,1.04,0.303,0.603,0,9,55,1,1,35,0,35,75,high_vol_range,0.0,0,,,
2026-03-24T10:00:00+05:30,portfolio_replay,PREMIUM,SKIP,idle,22747.3,25.4,1.0,0.0,0.0,1.04,0.339,0.601,0,10,0,1,1,35,0,35,65,high_vol_range,0.0,0,,,
2026-03-24T10:05:00+05:30,portfolio_replay,PREMIUM,SKIP,idle,22715.0,25.54,1.0,0.0,0.0,1.041,0.48,0.517,0,10,5,1,1,35,0,35,65,high_vol_range,0.0,0,,,
2026-03-24T10:10:00+05:30,portfolio_replay,PREMIUM,SKIP,idle,22693.55,25.53,1.0,0.0,0.0,1.04,0.574,0.429,0,10,10,1,1,37,0,37,65,high_vol_range,0.0,0,,,
2026-03-24T10:15:00+05:30,portfolio_replay,PREMIUM,SKIP,idle,22711.4,25.5,1.0,0.0,0.0,1.04,0.496,0.374,0,10,15,1,1,42,0,42,65,high_vol_range,0.0,0,,,
2026-03-24T10:20:00+05:30,portfolio_replay,PREMIUM,SKIP,idle,22714.0,25.39,1.0,0.0,0.0,1.04,0.485,0.374,0,10,20,1,1,42,0,42,65,high_vol_range,0.0,0,,,
2026-03-24T10:25:00+05:30,portfolio_replay,PREMIUM,SKIP,idle,22760.0,25.4,1.0,0.0,0.0,1.04,0.283,0.374,0,10,25,1,1,49,0,49,65,high_vol_range,0.0,0,,,
2026-03-24T10:30:00+05:30,portfolio_replay,PREMIUM,SKIP,idle,22721.55,25.43,1.0,0.0,0.0,1.041,0.452,0.344,0,10,30,1,1,42,0,42,65,high_vol_range,0.0,0,,,
2026-03-24T10:35:00+05:30,portfolio_replay,PREMIUM,SKIP,idle,22660.9,25.5,1.0,0.0,0.0,1.04,0.717,0.421,0,10,35,1,1,37,0,37,65,high_vol_range,0.0,0,,,
2026-03-24T10:40:00+05:30,portfolio_replay,PREMIUM,SKIP,idle,22634.35,25.7,1.0,0.0,0.0,1.041,0.834,0.579,0,10,40,1,1,30,0,30,65,high_vol_range,0.0,0,,,
2026-03-24T10:45:00+05:30,portfolio_replay,PREMIUM,SKIP,idle,22665.9,25.59,1.0,0.0,0.0,1.041,0.696,0.579,0,10,45,1,1,30,0,30,65,high_vol_range,0.0,0,,,
2026-03-24T10:50:00+05:30,portfolio_replay,PREMIUM,SKIP,idle,22706.45,25.57,1.0,0.0,0.0,1.041,0.518,0.579,0,10,50,1,1,30,0,30,65,high_vol_range,0.0,0,,,
2026-03-24T10:55:00+05:30,portfolio_replay,PREMIUM,SKIP,idle,22672.8,25.67,1.0,0.0,0.0,1.041,0.665,0.565,0,10,55,1,1,30,0,30,65,high_vol_range,0.0,0,,,
2026-03-24T09:30:00+05:30,portfolio_replay,PREMIUM,SKIP,idle,22848.25,25.09,1.0,0.0,0.0,1.04,0.103,1.627,0,9,30,1,1,50,0,50,75,trending,0.0,0,,,
2026-03-24T09:35:00+05:30,portfolio_replay,PREMIUM,SKIP,idle,22819.1,25.18,1.0,0.0,0.0,1.04,0.024,1.627,0,9,35,1,1,50,0,50,75,trending,0.0,0,,,
2026-03-24T09:40:00+05:30,portfolio_replay,PREMIUM,SKIP,idle,22779.75,25.3,1.0,0.0,0.0,1.04,0.197,1.627,0,9,40,1,1,37,0,37,75,trending,0.0,0,,,
2026-03-24T09:45:00+05:30,portfolio_replay,PREMIUM,SKIP,idle,22719.05,25.47,1.0,0.0,0.0,1.04,0.463,0.505,0,9,45,1,1,35,0,35,75,high_vol_range,0.0,0,,,
2026-03-24T09:50:00+05:30,portfolio_replay,PREMIUM,SKIP,idle,22712.55,25.48,1.0,0.0,0.0,1.04,0.491,0.603,0,9,50,1,1,35,0,35,75,high_vol_range,0.0,0,,,
2026-03-24T09:55:00+05:30,portfolio_replay,PREMIUM,SKIP,idle,22755.45,25.34,1.0,0.0,0.0,1.04,0.303,0.603,0,9,55,1,1,35,0,35,75,high_vol_range,0.0,0,,,
2026-03-24T10:00:00+05:30,portfolio_replay,PREMIUM,SKIP,idle,22747.3,25.4,1.0,0.0,0.0,1.04,0.339,0.601,0,10,0,1,1,35,0,35,65,high_vol_range,0.0,0,,,
2026-03-24T10:05:00+05:30,portfolio_replay,PREMIUM,SKIP,idle,22715.0,25.54,1.0,0.0,0.0,1.041,0.48,0.517,0,10,5,1,1,35,0,35,65,high_vol_range,0.0,0,,,
2026-03-24T10:10:00+05:30,portfolio_replay,PREMIUM,SKIP,idle,22693.55,25.53,1.0,0.0,0.0,1.04,0.574,0.429,0,10,10,1,1,37,0,37,65,high_vol_range,0.0,0,,,
2026-03-24T10:15:00+05:30,portfolio_replay,PREMIUM,SKIP,idle,22711.4,25.5,1.0,0.0,0.0,1.04,0.496,0.374,0,10,15,1,1,42,0,42,65,high_vol_range,0.0,0,,,
2026-03-24T10:20:00+05:30,portfolio_replay,PREMIUM,SKIP,idle,22714.0,25.39,1.0,0.0,0.0,1.04,0.485,0.374,0,10,20,1,1,42,0,42,65,high_vol_range,0.0,0,,,
2026-03-24T10:25:00+05:30,portfolio_replay,PREMIUM,SKIP,idle,22760.0,25.4,1.0,0.0,0.0,1.04,0.283,0.374,0,10,25,1,1,49,0,49,65,high_vol_range,0.0,0,,,
2026-03-24T10:30:00+05:30,portfolio_replay,PREMIUM,SKIP,idle,22721.55,25.43,1.0,0.0,0.0,1.041,0.452,0.344,0,10,30,1,1,42,0,42,65,high_vol_range,0.0,0,,,
2026-03-24T10:35:00+05:30,portfolio_replay,PREMIUM,SKIP,idle,22660.9,25.5,1.0,0.0,0.0,1.04,0.717,0.421,0,10,35,1,1,37,0,37,65,high_vol_range,0.0,0,,,
2026-03-24T10:40:00+05:30,portfolio_replay,PREMIUM,SKIP,idle,22634.35,25.7,1.0,0.0,0.0,1.041,0.834,0.579,0,10,40,1,1,30,0,30,65,high_vol_range,0.0,0,,,
2026-03-24T10:45:00+05:30,portfolio_replay,PREMIUM,SKIP,idle,22665.9,25.59,1.0,0.0,0.0,1.041,0.696,0.579,0,10,45,1,1,30,0,30,65,high_vol_range,0.0,0,,,
2026-03-24T10:50:00+05:30,portfolio_replay,PREMIUM,SKIP,idle,22706.45,25.57,1.0,0.0,0.0,1.041,0.518,0.579,0,10,50,1,1,30,0,30,65,high_vol_range,0.0,0,,,
2026-03-24T10:55:00+05:30,portfolio_replay,PREMIUM,SKIP,idle,22672.8,25.67,1.0,0.0,0.0,1.041,0.665,0.565,0,10,55,1,1,30,0,30,65,high_vol_range,0.0,0,,,
2026-03-24T09:30:00+05:30,portfolio_replay,PREMIUM,SKIP,idle,22848.25,25.09,1.0,0.0,0.0,1.04,0.103,1.627,0,9,30,1,1,50,0,50,75,trending,0.0,0,,,
2026-03-24T09:35:00+05:30,portfolio_replay,PREMIUM,SKIP,idle,22819.1,25.18,1.0,0.0,0.0,1.04,0.024,1.627,0,9,35,1,1,50,0,50,75,trending,0.0,0,,,
2026-03-24T09:40:00+05:30,portfolio_replay,PREMIUM,SKIP,idle,22779.75,25.3,1.0,0.0,0.0,1.04,0.197,1.627,0,9,40,1,1,37,0,37,75,trending,0.0,0,,,
2026-03-24T09:45:00+05:30,portfolio_replay,PREMIUM,SKIP,idle,22719.05,25.47,1.0,0.0,0.0,1.04,0.463,0.505,0,9,45,1,1,35,0,35,75,high_vol_range,0.0,0,,,
2026-03-24T09:50:00+05:30,portfolio_replay,PREMIUM,SKIP,idle,22712.55,25.48,1.0,0.0,0.0,1.04,0.491,0.603,0,9,50,1,1,35,0,35,75,high_vol_range,0.0,0,,,
2026-03-24T09:55:00+05:30,portfolio_replay,PREMIUM,SKIP,idle,22755.45,25.34,1.0,0.0,0.0,1.04,0.303,0.603,0,9,55,1,1,35,0,35,75,high_vol_range,0.0,0,,,
2026-03-24T10:00:00+05:30,portfolio_replay,PREMIUM,SKIP,idle,22747.3,25.4,1.0,0.0,0.0,1.04,0.339,0.601,0,10,0,1,1,35,0,35,65,high_vol_range,0.0,0,,,
2026-03-24T10:05:00+05:30,portfolio_replay,PREMIUM,SKIP,idle,22715.0,25.54,1.0,0.0,0.0,1.041,0.48,0.517,0,10,5,1,1,35,0,35,65,high_vol_range,0.0,0,,,
2026-03-24T10:10:00+05:30,portfolio_replay,PREMIUM,SKIP,idle,22693.55,25.53,1.0,0.0,0.0,1.04,0.574,0.429,0,10,10,1,1,37,0,37,65,high_vol_range,0.0,0,,,
2026-03-24T10:15:00+05:30,portfolio_replay,PREMIUM,SKIP,idle,22711.4,25.5,1.0,0.0,0.0,1.04,0.496,0.374,0,10,15,1,1,42,0,42,65,high_vol_range,0.0,0,,,
2026-03-24T10:20:00+05:30,portfolio_replay,PREMIUM,SKIP,idle,22714.0,25.39,1.0,0.0,0.0,1.04,0.485,0.374,0,10,20,1,1,42,0,42,65,high_vol_range,0.0,0,,,
2026-03-24T10:25:00+05:30,portfolio_replay,PREMIUM,SKIP,idle,22760.0,25.4,1.0,0.0,0.0,1.04,0.283,0.374,0,10,25,1,1,49,0,49,65,high_vol_range,0.0,0,,,
2026-03-24T10:30:00+05:30,portfolio_replay,PREMIUM,SKIP,idle,22721.55,25.43,1.0,0.0,0.0,1.041,0.452,0.344,0,10,30,1,1,42,0,42,65,high_vol_range,0.0,0,,,
2026-03-24T10:35:00+05:30,portfolio_replay,PREMIUM,SKIP,idle,22660.9,25.5,1.0,0.0,0.0,1.04,0.717,0.421,0,10,35,1,1,37,0,37,65,high_vol_range,0.0,0,,,
2026-03-24T10:40:00+05:30,portfolio_replay,PREMIUM,SKIP,idle,22634.35,25.7,1.0,0.0,0.0,1.041,0.834,0.579,0,10,40,1,1,30,0,30,65,high_vol_range,0.0,0,,,
2026-03-24T10:45:00+05:30,portfolio_replay,PREMIUM,SKIP,idle,22665.9,25.59,1.0,0.0,0.0,1.041,0.696,0.579,0,10,45,1,1,30,0,30,65,high_vol_range,0.0,0,,,
2026-03-24T10:50:00+05:30,portfolio_replay,PREMIUM,SKIP,idle,22706.45,25.57,1.0,0.0,0.0,1.041,0.518,0.579,0,10,50,1,1,30,0,30,65,high_vol_range,0.0,0,,,
2026-03-24T10:55:00+05:30,portfolio_replay,PREMIUM,SKIP,idle,22672.8,25.67,1.0,0.0,0.0,1.041,0.665,0.565,0,10,55,1,1,30,0,30,65,high_vol_range,0.0,0,,,
2026-03-24T09:30:00+05:30,portfolio_replay,PREMIUM,SKIP,idle,22848.25,25.09,1.0,0.0,0.0,1.04,0.103,1.627,0,9,30,1,1,50,0,50,75,trending,0.0,0,,,
2026-03-24T09:35:00+05:30,portfolio_replay,PREMIUM,SKIP,idle,22819.1,25.18,1.0,0.0,0.0,1.04,0.024,1.627,0,9,35,1,1,50,0,50,75,trending,0.0,0,,,
2026-03-24T09:40:00+05:30,portfolio_replay,PREMIUM,SKIP,idle,22779.75,25.3,1.0,0.0,0.0,1.04,0.197,1.627,0,9,40,1,1,37,0,37,75,trending,0.0,0,,,
2026-03-24T09:45:00+05:30,portfolio_replay,PREMIUM,SKIP,idle,22719.05,25.47,1.0,0.0,0.0,1.04,0.463,0.505,0,9,45,1,1,35,0,35,75,high_vol_range,0.0,0,,,
2026-03-24T09:50:00+05:30,portfolio_replay,PREMIUM,SKIP,idle,22712.55,25.48,1.0,0.0,0.0,1.04,0.491,0.603,0,9,50,1,1,35,0,35,75,high_vol_range,0.0,0,,,
2026-03-24T09:55:00+05:30,portfolio_replay,PREMIUM,SKIP,idle,22755.45,25.34,1.0,0.0,0.0,1.04,0.303,0.603,0,9,55,1,1,35,0,35,75,high_vol_range,0.0,0,,,
2026-03-24T10:00:00+05:30,portfolio_replay,PREMIUM,SKIP,idle,22747.3,25.4,1.0,0.0,0.0,1.04,0.339,0.601,0,10,0,1,1,35,0,35,65,high_vol_range,0.0,0,,,
2026-03-24T10:05:00+05:30,portfolio_replay,PREMIUM,SKIP,idle,22715.0,25.54,1.0,0.0,0.0,1.041,0.48,0.517,0,10,5,1,1,35,0,35,65,high_vol_range,0.0,0,,,
2026-03-24T10:10:00+05:30,portfolio_replay,PREMIUM,SKIP,idle,22693.55,25.53,1.0,0.0,0.0,1.04,0.574,0.429,0,10,10,1,1,37,0,37,65,high_vol_range,0.0,0,,,
2026-03-24T10:15:00+05:30,portfolio_replay,PREMIUM,SKIP,idle,22711.4,25.5,1.0,0.0,0.0,1.04,0.496,0.374,0,10,15,1,1,42,0,42,65,high_vol_range,0.0,0,,,
2026-03-24T10:20:00+05:30,portfolio_replay,PREMIUM,SKIP,idle,22714.0,25.39,1.0,0.0,0.0,1.04,0.485,0.374,0,10,20,1,1,42,0,42,65,high_vol_range,0.0,0,,,
2026-03-24T10:25:00+05:30,portfolio_replay,PREMIUM,SKIP,idle,22760.0,25.4,1.0,0.0,0.0,1.04,0.283,0.374,0,10,25,1,1,49,0,49,65,high_vol_range,0.0,0,,,
2026-03-24T10:30:00+05:30,portfolio_replay,PREMIUM,SKIP,idle,22721.55,25.43,1.0,0.0,0.0,1.041,0.452,0.344,0,10,30,1,1,42,0,42,65,high_vol_range,0.0,0,,,
2026-03-24T10:35:00+05:30,portfolio_replay,PREMIUM,SKIP,idle,22660.9,25.5,1.0,0.0,0.0,1.04,0.717,0.421,0,10,35,1,1,37,0,37,65,high_vol_range,0.0,0,,,
2026-03-24T10:40:00+05:30,portfolio_replay,PREMIUM,SKIP,idle,22634.35,25.7,1.0,0.0,0.0,1.041,0.834,0.579,0,10,40,1,1,30,0,30,65,high_vol_range,0.0,0,,,
2026-03-24T10:45:00+05:30,portfolio_replay,PREMIUM,SKIP,idle,22665.9,25.59,1.0,0.0,0.0,1.041,0.696,0.579,0,10,45,1,1,30,0,30,65,high_vol_range,0.0,0,,,
2026-03-24T10:50:00+05:30,portfolio_replay,PREMIUM,SKIP,idle,22706.45,25.57,1.0,0.0,0.0,1.041,0.518,0.579,0,10,50,1,1,30,0,30,65,high_vol_range,0.0,0,,,
2026-03-24T10:55:00+05:30,portfolio_replay,PREMIUM,SKIP,idle,22672.8,25.67,1.0,0.0,0.0,1.041,0.665,0.565,0,10,55,1,1,30,0,30,65,high_vol_range,0.0,0,,,
2026-03-24T09:30:00+05:30,portfolio_replay,PREMIUM,SKIP,idle,22848.25,25.09,1.0,0.0,0.0,1.04,0.103,1.627,0,9,30,1,1,50,0,50,75,trending,0.0,0,,,
2026-03-24T09:35:00+05:30,portfolio_replay,PREMIUM,SKIP,idle,22819.1,25.18,1.0,0.0,0.0,1.04,0.024,1.627,0,9,35,1,1,50,0,50,75,trending,0.0,0,,,
2026-03-24T09:40:00+05:30,portfolio_replay,PREMIUM,SKIP,idle,22779.75,25.3,1.0,0.0,0.0,1.04,0.197,1.627,0,9,40,1,1,37,0,37,75,trending,0.0,0,,,
2026-03-24T09:45:00+05:30,portfolio_replay,PREMIUM,SKIP,idle,22719.05,25.47,1.0,0.0,0.0,1.04,0.463,0.505,0,9,45,1,1,35,0,35,75,high_vol_range,0.0,0,,,
2026-03-24T09:50:00+05:30,portfolio_replay,PREMIUM,SKIP,idle,22712.55,25.48,1.0,0.0,0.0,1.04,0.491,0.603,0,9,50,1,1,35,0,35,75,high_vol_range,0.0,0,,,
2026-03-24T09:55:00+05:30,portfolio_replay,PREMIUM,SKIP,idle,22755.45,25.34,1.0,0.0,0.0,1.04,0.303,0.603,0,9,55,1,1,35,0,35,75,high_vol_range,0.0,0,,,
2026-03-24T10:00:00+05:30,portfolio_replay,PREMIUM,SKIP,idle,22747.3,25.4,1.0,0.0,0.0,1.04,0.339,0.601,0,10,0,1,1,35,0,35,65,high_vol_range,0.0,0,,,
2026-03-24T10:05:00+05:30,portfolio_replay,PREMIUM,SKIP,idle,22715.0,25.54,1.0,0.0,0.0,1.041,0.48,0.517,0,10,5,1,1,35,0,35,65,high_vol_range,0.0,0,,,
2026-03-24T10:10:00+05:30,portfolio_replay,PREMIUM,SKIP,idle,22693.55,25.53,1.0,0.0,0.0,1.04,0.574,0.429,0,10,10,1,1,37,0,37,65,high_vol_range,0.0,0,,,
2026-03-24T10:15:00+05:30,portfolio_replay,PREMIUM,SKIP,idle,22711.4,25.5,1.0,0.0,0.0,1.04,0.496,0.374,0,10,15,1,1,42,0,42,65,high_vol_range,0.0,0,,,
2026-03-24T10:20:00+05:30,portfolio_replay,PREMIUM,SKIP,idle,22714.0,25.39,1.0,0.0,0.0,1.04,0.485,0.374,0,10,20,1,1,42,0,42,65,high_vol_range,0.0,0,,,
2026-03-24T10:25:00+05:30,portfolio_replay,PREMIUM,SKIP,idle,22760.0,25.4,1.0,0.0,0.0,1.04,0.283,0.374,0,10,25,1,1,49,0,49,65,high_vol_range,0.0,0,,,
2026-03-24T10:30:00+05:30,portfolio_replay,PREMIUM,SKIP,idle,22721.55,25.43,1.0,0.0,0.0,1.041,0.452,0.344,0,10,30,1,1,42,0,42,65,high_vol_range,0.0,0,,,
2026-03-24T10:35:00+05:30,portfolio_replay,PREMIUM,SKIP,idle,22660.9,25.5,1.0,0.0,0.0,1.04,0.717,0.421,0,10,35,1,1,37,0,37,65,high_vol_range,0.0,0,,,
2026-03-24T10:40:00+05:30,portfolio_replay,PREMIUM,SKIP,idle,22634.35,25.7,1.0,0.0,0.0,1.041,0.834,0.579,0,10,40,1,1,30,0,30,65,high_vol_range,0.0,0,,,
2026-03-24T10:45:00+05:30,portfolio_replay,PREMIUM,SKIP,idle,22665.9,25.59,1.0,0.0,0.0,1.041,0.696,0.579,0,10,45,1,1,30,0,30,65,high_vol_range,0.0,0,,,
2026-03-24T10:50:00+05:30,portfolio_replay,PREMIUM,SKIP,idle,22706.45,25.57,1.0,0.0,0.0,1.041,0.518,0.579,0,10,50,1,1,30,0,30,65,high_vol_range,0.0,0,,,
2026-03-24T10:55:00+05:30,portfolio_replay,PREMIUM,SKIP,idle,22672.8,25.67,1.0,0.0,0.0,1.041,0.665,0.565,0,10,55,1,1,30,0,30,65,high_vol_range,0.0,0,,,
2026-03-24T09:30:00+05:30,portfolio_replay,PREMIUM,SKIP,idle,22848.25,25.09,1.0,0.0,0.0,1.04,0.103,1.627,0,9,30,1,1,50,0,50,75,trending,0.0,0,,,
2026-03-24T09:35:00+05:30,portfolio_replay,PREMIUM,SKIP,idle,22819.1,25.18,1.0,0.0,0.0,1.04,0.024,1.627,0,9,35,1,1,50,0,50,75,trending,0.0,0,,,
2026-03-24T09:40:00+05:30,portfolio_replay,PREMIUM,SKIP,idle,22779.75,25.3,1.0,0.0,0.0,1.04,0.197,1.627,0,9,40,1,1,37,0,37,75,trending,0.0,0,,,
2026-03-24T09:45:00+05:30,portfolio_replay,PREMIUM,SKIP,idle,22719.05,25.47,1.0,0.0,0.0,1.04,0.463,0.505,0,9,45,1,1,35,0,35,75,high_vol_range,0.0,0,,,
2026-03-24T09:50:00+05:30,portfolio_replay,PREMIUM,SKIP,idle,22712.55,25.48,1.0,0.0,0.0,1.04,0.491,0.603,0,9,50,1,1,35,0,35,75,high_vol_range,0.0,0,,,
2026-03-24T09:55:00+05:30,portfolio_replay,PREMIUM,SKIP,idle,22755.45,25.34,1.0,0.0,0.0,1.04,0.303,0.603,0,9,55,1,1,35,0,35,75,high_vol_range,0.0,0,,,
2026-03-24T10:00:00+05:30,portfolio_replay,PREMIUM,SKIP,idle,22747.3,25.4,1.0,0.0,0.0,1.04,0.339,0.601,0,10,0,1,1,35,0,35,65,high_vol_range,0.0,0,,,
2026-03-24T10:05:00+05:30,portfolio_replay,PREMIUM,SKIP,idle,22715.0,25.54,1.0,0.0,0.0,1.041,0.48,0.517,0,10,5,1,1,35,0,35,65,high_vol_range,0.0,0,,,
2026-03-24T10:10:00+05:30,portfolio_replay,PREMIUM,SKIP,idle,22693.55,25.53,1.0,0.0,0.0,1.04,0.574,0.429,0,10,10,1,1,37,0,37,65,high_vol_range,0.0,0,,,
2026-03-24T10:15:00+05:30,portfolio_replay,PREMIUM,SKIP,idle,22711.4,25.5,1.0,0.0,0.0,1.04,0.496,0.374,0,10,15,1,1,42,0,42,65,high_vol_range,0.0,0,,,
2026-03-24T10:20:00+05:30,portfolio_replay,PREMIUM,SKIP,idle,22714.0,25.39,1.0,0.0,0.0,1.04,0.485,0.374,0,10,20,1,1,42,0,42,65,high_vol_range,0.0,0,,,
2026-03-24T10:25:00+05:30,portfolio_replay,PREMIUM,SKIP,idle,22760.0,25.4,1.0,0.0,0.0,1.04,0.283,0.374,0,10,25,1,1,49,0,49,65,high_vol_range,0.0,0,,,
2026-03-24T10:30:00+05:30,portfolio_replay,PREMIUM,SKIP,idle,22721.55,25.43,1.0,0.0,0.0,1.041,0.452,0.344,0,10,30,1,1,42,0,42,65,high_vol_range,0.0,0,,,
2026-03-24T10:35:00+05:30,portfolio_replay,PREMIUM,SKIP,idle,22660.9,25.5,1.0,0.0,0.0,1.04,0.717,0.421,0,10,35,1,1,37,0,37,65,high_vol_range,0.0,0,,,
2026-03-24T10:40:00+05:30,portfolio_replay,PREMIUM,SKIP,idle,22634.35,25.7,1.0,0.0,0.0,1.041,0.834,0.579,0,10,40,1,1,30,0,30,65,high_vol_range,0.0,0,,,
2026-03-24T10:45:00+05:30,portfolio_replay,PREMIUM,SKIP,idle,22665.9,25.59,1.0,0.0,0.0,1.041,0.696,0.579,0,10,45,1,1,30,0,30,65,high_vol_range,0.0,0,,,
2026-03-24T10:50:00+05:30,portfolio_replay,PREMIUM,SKIP,idle,22706.45,25.57,1.0,0.0,0.0,1.041,0.518,0.579,0,10,50,1,1,30,0,30,65,high_vol_range,0.0,0,,,
2026-03-24T10:55:00+05:30,portfolio_replay,PREMIUM,SKIP,idle,22672.8,25.67,1.0,0.0,0.0,1.041,0.665,0.565,0,10,55,1,1,30,0,30,65,high_vol_range,0.0,0,,,
2026-03-24T09:30:00+05:30,portfolio_replay,PREMIUM,SKIP,idle,22848.25,25.09,1.0,0.0,0.0,1.04,0.103,1.627,0,9,30,1,1,50,0,50,75,trending,0.0,0,,,
2026-03-24T09:35:00+05:30,portfolio_replay,PREMIUM,SKIP,idle,22819.1,25.18,1.0,0.0,0.0,1.04,0.024,1.627,0,9,35,1,1,50,0,50,75,trending,0.0,0,,,
2026-03-24T09:40:00+05:30,portfolio_replay,PREMIUM,SKIP,idle,22779.75,25.3,1.0,0.0,0.0,1.04,0.197,1.627,0,9,40,1,1,37,0,37,75,trending,0.0,0,,,
2026-03-24T09:45:00+05:30,portfolio_replay,PREMIUM,SKIP,idle,22719.05,25.47,1.0,0.0,0.0,1.04,0.463,0.505,0,9,45,1,1,35,0,35,75,high_vol_range,0.0,0,,,
2026-03-24T09:50:00+05:30,portfolio_replay,PREMIUM,SKIP,idle,22712.55,25.48,1.0,0.0,0.0,1.04,0.491,0.603,0,9,50,1,1,35,0,35,75,high_vol_range,0.0,0,,,
2026-03-24T09:55:00+05:30,portfolio_replay,PREMIUM,SKIP,idle,22755.45,25.34,1.0,0.0,0.0,1.04,0.303,0.603,0,9,55,1,1,35,0,35,75,high_vol_range,0.0,0,,,
2026-03-24T10:00:00+05:30,portfolio_replay,PREMIUM,SKIP,idle,22747.3,25.4,1.0,0.0,0.0,1.04,0.339,0.601,0,10,0,1,1,35,0,35,65,high_vol_range,0.0,0,,,
2026-03-24T10:05:00+05:30,portfolio_replay,PREMIUM,SKIP,idle,22715.0,25.54,1.0,0.0,0.0,1.041,0.48,0.517,0,10,5,1,1,35,0,35,65,high_vol_range,0.0,0,,,
2026-03-24T10:10:00+05:30,portfolio_replay,PREMIUM,SKIP,idle,22693.55,25.53,1.0,0.0,0.0,1.04,0.574,0.429,0,10,10,1,1,37,0,37,65,high_vol_range,0.0,0,,,
2026-03-24T10:15:00+05:30,portfolio_replay,PREMIUM,SKIP,idle,22711.4,25.5,1.0,0.0,0.0,1.04,0.496,0.374,0,10,15,1,1,42,0,42,65,high_vol_range,0.0,0,,,
2026-03-24T10:20:00+05:30,portfolio_replay,PREMIUM,SKIP,idle,22714.0,25.39,1.0,0.0,0.0,1.04,0.485,0.374,0,10,20,1,1,42,0,42,65,high_vol_range,0.0,0,,,
2026-03-24T10:25:00+05:30,portfolio_replay,PREMIUM,SKIP,idle,22760.0,25.4,1.0,0.0,0.0,1.04,0.283,0.374,0,10,25,1,1,49,0,49,65,high_vol_range,0.0,0,,,
2026-03-24T10:30:00+05:30,portfolio_replay,PREMIUM,SKIP,idle,22721.55,25.43,1.0,0.0,0.0,1.041,0.452,0.344,0,10,30,1,1,42,0,42,65,high_vol_range,0.0,0,,,
2026-03-24T10:35:00+05:30,portfolio_replay,PREMIUM,SKIP,idle,22660.9,25.5,1.0,0.0,0.0,1.04,0.717,0.421,0,10,35,1,1,37,0,37,65,high_vol_range,0.0,0,,,
2026-03-24T10:40:00+05:30,portfolio_replay,PREMIUM,SKIP,idle,22634.35,25.7,1.0,0.0,0.0,1.041,0.834,0.579,0,10,40,1,1,30,0,30,65,high_vol_range,0.0,0,,,
2026-03-24T10:45:00+05:30,portfolio_replay,PREMIUM,SKIP,idle,22665.9,25.59,1.0,0.0,0.0,1.041,0.696,0.579,0,10,45,1,1,30,0,30,65,high_vol_range,0.0,0,,,
2026-03-24T10:50:00+05:30,portfolio_replay,PREMIUM,SKIP,idle,22706.45,25.57,1.0,0.0,0.0,1.041,0.518,0.579,0,10,50,1,1,30,0,30,65,high_vol_range,0.0,0,,,
2026-03-24T10:55:00+05:30,portfolio_replay,PREMIUM,SKIP,idle,22672.8,25.67,1.0,0.0,0.0,1.041,0.665,0.565,0,10,55,1,1,30,0,30,65,high_vol_range,0.0,0,,,
2026-03-24T09:30:00+05:30,portfolio_replay,PREMIUM,SKIP,idle,22848.25,25.09,1.0,0.0,0.0,1.04,0.103,1.627,0,9,30,1,1,50,0,50,75,trending,0.0,0,,,
2026-03-24T09:35:00+05:30,portfolio_replay,PREMIUM,SKIP,idle,22819.1,25.18,1.0,0.0,0.0,1.04,0.024,1.627,0,9,35,1,1,50,0,50,75,trending,0.0,0,,,
2026-03-24T09:40:00+05:30,portfolio_replay,PREMIUM,SKIP,idle,22779.75,25.3,1.0,0.0,0.0,1.04,0.197,1.627,0,9,40,1,1,37,0,37,75,trending,0.0,0,,,
2026-03-24T09:45:00+05:30,portfolio_replay,PREMIUM,SKIP,idle,22719.05,25.47,1.0,0.0,0.0,1.04,0.463,0.505,0,9,45,1,1,35,0,35,75,high_vol_range,0.0,0,,,
2026-03-24T09:50:00+05:30,portfolio_replay,PREMIUM,SKIP,idle,22712.55,25.48,1.0,0.0,0.0,1.04,0.491,0.603,0,9,50,1,1,35,0,35,75,high_vol_range,0.0,0,,,
2026-03-24T09:55:00+05:30,portfolio_replay,PREMIUM,SKIP,idle,22755.45,25.34,1.0,0.0,0.0,1.04,0.303,0.603,0,9,55,1,1,35,0,35,75,high_vol_range,0.0,0,,,
2026-03-24T10:00:00+05:30,portfolio_replay,PREMIUM,SKIP,idle,22747.3,25.4,1.0,0.0,0.0,1.04,0.339,0.601,0,10,0,1,1,35,0,35,65,high_vol_range,0.0,0,,,
2026-03-24T10:05:00+05:30,portfolio_replay,PREMIUM,SKIP,idle,22715.0,25.54,1.0,0.0,0.0,1.041,0.48,0.517,0,10,5,1,1,35,0,35,65,high_vol_range,0.0,0,,,
2026-03-24T10:10:00+05:30,portfolio_replay,PREMIUM,SKIP,idle,22693.55,25.53,1.0,0.0,0.0,1.04,0.574,0.429,0,10,10,1,1,37,0,37,65,high_vol_range,0.0,0,,,
2026-03-24T10:15:00+05:30,portfolio_replay,PREMIUM,SKIP,idle,22711.4,25.5,1.0,0.0,0.0,1.04,0.496,0.374,0,10,15,1,1,42,0,42,65,high_vol_range,0.0,0,,,
2026-03-24T10:20:00+05:30,portfolio_replay,PREMIUM,SKIP,idle,22714.0,25.39,1.0,0.0,0.0,1.04,0.485,0.374,0,10,20,1,1,42,0,42,65,high_vol_range,0.0,0,,,
2026-03-24T10:25:00+05:30,portfolio_replay,PREMIUM,SKIP,idle,22760.0,25.4,1.0,0.0,0.0,1.04,0.283,0.374,0,10,25,1,1,49,0,49,65,high_vol_range,0.0,0,,,
2026-03-24T10:30:00+05:30,portfolio_replay,PREMIUM,SKIP,idle,22721.55,25.43,1.0,0.0,0.0,1.041,0.452,0.344,0,10,30,1,1,42,0,42,65,high_vol_range,0.0,0,,,
2026-03-24T10:35:00+05:30,portfolio_replay,PREMIUM,SKIP,idle,22660.9,25.5,1.0,0.0,0.0,1.04,0.717,0.421,0,10,35,1,1,37,0,37,65,high_vol_range,0.0,0,,,
2026-03-24T10:40:00+05:30,portfolio_replay,PREMIUM,SKIP,idle,22634.35,25.7,1.0,0.0,0.0,1.041,0.834,0.579,0,10,40,1,1,30,0,30,65,high_vol_range,0.0,0,,,
2026-03-24T10:45:00+05:30,portfolio_replay,PREMIUM,SKIP,idle,22665.9,25.59,1.0,0.0,0.0,1.041,0.696,0.579,0,10,45,1,1,30,0,30,65,high_vol_range,0.0,0,,,
2026-03-24T10:50:00+05:30,portfolio_replay,PREMIUM,SKIP,idle,22706.45,25.57,1.0,0.0,0.0,1.041,0.518,0.579,0,10,50,1,1,30,0,30,65,high_vol_range,0.0,0,,,
2026-03-24T10:55:00+05:30,portfolio_replay,PREMIUM,SKIP,idle,22672.8,25.67,1.0,0.0,0.0,1.041,0.665,0.565,0,10,55,1,1,30,0,30,65,high_vol_range,0.0,0,,,
2026-03-24T09:30:00+05:30,portfolio_replay,PREMIUM,SKIP,idle,22848.25,25.09,1.0,0.0,0.0,1.04,0.103,1.627,0,9,30,1,1,50,0,50,75,trending,0.0,0,,,
2026-03-24T09:35:00+05:30,portfolio_replay,PREMIUM,SKIP,idle,22819.1,25.18,1.0,0.0,0.0,1.04,0.024,1.627,0,9,35,1,1,50,0,50,75,trending,0.0,0,,,
2026-03-24T09:40:00+05:30,portfolio_replay,PREMIUM,SKIP,idle,22779.75,25.3,1.0,0.0,0.0,1.04,0.197,1.627,0,9,40,1,1,37,0,37,75,trending,0.0,0,,,
2026-03-24T09:45:00+05:30,portfolio_replay,PREMIUM,SKIP,idle,22719.05,25.47,1.0,0.0,0.0,1.04,0.463,0.505,0,9,45,1,1,35,0,35,75,high_vol_range,0.0,0,,,
2026-03-24T09:50:00+05:30,portfolio_replay,PREMIUM,SKIP,idle,22712.55,25.48,1.0,0.0,0.0,1.04,0.491,0.603,0,9,50,1,1,35,0,35,75,high_vol_range,0.0,0,,,
2026-03-24T09:55:00+05:30,portfolio_replay,PREMIUM,SKIP,idle,22755.45,25.34,1.0,0.0,0.0,1.04,0.303,0.603,0,9,55,1,1,35,0,35,75,high_vol_range,0.0,0,,,
2026-03-24T10:00:00+05:30,portfolio_replay,PREMIUM,SKIP,idle,22747.3,25.4,1.0,0.0,0.0,1.04,0.339,0.601,0,10,0,1,1,35,0,35,65,high_vol_range,0.0,0,,,
2026-03-24T10:05:00+05:30,portfolio_replay,PREMIUM,SKIP,idle,22715.0,25.54,1.0,0.0,0.0,1.041,0.48,0.517,0,10,5,1,1,35,0,35,65,high_vol_range,0.0,0,,,
2026-03-24T10:10:00+05:30,portfolio_replay,PREMIUM,SKIP,idle,22693.55,25.53,1.0,0.0,0.0,1.04,0.574,0.429,0,10,10,1,1,37,0,37,65,high_vol_range,0.0,0,,,
2026-03-24T10:15:00+05:30,portfolio_replay,PREMIUM,SKIP,idle,22711.4,25.5,1.0,0.0,0.0,1.04,0.496,0.374,0,10,15,1,1,42,0,42,65,high_vol_range,0.0,0,,,
2026-03-24T10:20:00+05:30,portfolio_replay,PREMIUM,SKIP,idle,22714.0,25.39,1.0,0.0,0.0,1.04,0.485,0.374,0,10,20,1,1,42,0,42,65,high_vol_range,0.0,0,,,
2026-03-24T10:25:00+05:30,portfolio_replay,PREMIUM,SKIP,idle,22760.0,25.4,1.0,0.0,0.0,1.04,0.283,0.374,0,10,25,1,1,49,0,49,65,high_vol_range,0.0,0,,,
2026-03-24T10:30:00+05:30,portfolio_replay,PREMIUM,SKIP,idle,22721.55,25.43,1.0,0.0,0.0,1.041,0.452,0.344,0,10,30,1,1,42,0,42,65,high_vol_range,0.0,0,,,
2026-03-24T10:35:00+05:30,portfolio_replay,PREMIUM,SKIP,idle,22660.9,25.5,1.0,0.0,0.0,1.04,0.717,0.421,0,10,35,1,1,37,0,37,65,high_vol_range,0.0,0,,,
2026-03-24T10:40:00+05:30,portfolio_replay,PREMIUM,SKIP,idle,22634.35,25.7,1.0,0.0,0.0,1.041,0.834,0.579,0,10,40,1,1,30,0,30,65,high_vol_range,0.0,0,,,
2026-03-24T10:45:00+05:30,portfolio_replay,PREMIUM,SKIP,idle,22665.9,25.59,1.0,0.0,0.0,1.041,0.696,0.579,0,10,45,1,1,30,0,30,65,high_vol_range,0.0,0,,,
2026-03-24T10:50:00+05:30,portfolio_replay,PREMIUM,SKIP,idle,22706.45,25.57,1.0,0.0,0.0,1.041,0.518,0.579,0,10,50,1,1,30,0,30,65,high_vol_range,0.0,0,,,
2026-03-24T10:55:00+05:30,portfolio_replay,PREMIUM,SKIP,idle,22672.8,25.67,1.0,0.0,0.0,1.041,0.665,0.565,0,10,55,1,1,30,0,30,65,high_vol_range,0.0,0,,,
2026-03-24T09:30:00+05:30,portfolio_replay,PREMIUM,SKIP,idle,22848.25,25.09,1.0,0.0,0.0,1.04,0.103,1.627,0,9,30,1,1,50,0,50,75,trending,0.0,0,,,
2026-03-24T09:35:00+05:30,portfolio_replay,PREMIUM,SKIP,idle,22819.1,25.18,1.0,0.0,0.0,1.04,0.024,1.627,0,9,35,1,1,50,0,50,75,trending,0.0,0,,,
2026-03-24T09:40:00+05:30,portfolio_replay,PREMIUM,SKIP,idle,22779.75,25.3,1.0,0.0,0.0,1.04,0.197,1.627,0,9,40,1,1,37,0,37,75,trending,0.0,0,,,
2026-03-24T09:45:00+05:30,portfolio_replay,PREMIUM,SKIP,idle,22719.05,25.47,1.0,0.0,0.0,1.04,0.463,0.505,0,9,45,1,1,35,0,35,75,high_vol_range,0.0,0,,,
2026-03-24T09:50:00+05:30,portfolio_replay,PREMIUM,SKIP,idle,22712.55,25.48,1.0,0.0,0.0,1.04,0.491,0.603,0,9,50,1,1,35,0,35,75,high_vol_range,0.0,0,,,
2026-03-24T09:55:00+05:30,portfolio_replay,PREMIUM,SKIP,idle,22755.45,25.34,1.0,0.0,0.0,1.04,0.303,0.603,0,9,55,1,1,35,0,35,75,high_vol_range,0.0,0,,,
2026-03-24T10:00:00+05:30,portfolio_replay,PREMIUM,SKIP,idle,22747.3,25.4,1.0,0.0,0.0,1.04,0.339,0.601,0,10,0,1,1,35,0,35,65,high_vol_range,0.0,0,,,
2026-03-24T10:05:00+05:30,portfolio_replay,PREMIUM,SKIP,idle,22715.0,25.54,1.0,0.0,0.0,1.041,0.48,0.517,0,10,5,1,1,35,0,35,65,high_vol_range,0.0,0,,,
2026-03-24T10:10:00+05:30,portfolio_replay,PREMIUM,SKIP,idle,22693.55,25.53,1.0,0.0,0.0,1.04,0.574,0.429,0,10,10,1,1,37,0,37,65,high_vol_range,0.0,0,,,
2026-03-24T10:15:00+05:30,portfolio_replay,PREMIUM,SKIP,idle,22711.4,25.5,1.0,0.0,0.0,1.04,0.496,0.374,0,10,15,1,1,42,0,42,65,high_vol_range,0.0,0,,,
2026-03-24T10:20:00+05:30,portfolio_replay,PREMIUM,SKIP,idle,22714.0,25.39,1.0,0.0,0.0,1.04,0.485,0.374,0,10,20,1,1,42,0,42,65,high_vol_range,0.0,0,,,
2026-03-24T10:25:00+05:30,portfolio_replay,PREMIUM,SKIP,idle,22760.0,25.4,1.0,0.0,0.0,1.04,0.283,0.374,0,10,25,1,1,49,0,49,65,high_vol_range,0.0,0,,,
2026-03-24T10:30:00+05:30,portfolio_replay,PREMIUM,SKIP,idle,22721.55,25.43,1.0,0.0,0.0,1.041,0.452,0.344,0,10,30,1,1,42,0,42,65,high_vol_range,0.0,0,,,
2026-03-24T10:35:00+05:30,portfolio_replay,PREMIUM,SKIP,idle,22660.9,25.5,1.0,0.0,0.0,1.04,0.717,0.421,0,10,35,1,1,37,0,37,65,high_vol_range,0.0,0,,,
2026-03-24T10:40:00+05:30,portfolio_replay,PREMIUM,SKIP,idle,22634.35,25.7,1.0,0.0,0.0,1.041,0.834,0.579,0,10,40,1,1,30,0,30,65,high_vol_range,0.0,0,,,
2026-03-24T10:45:00+05:30,portfolio_replay,PREMIUM,SKIP,idle,22665.9,25.59,1.0,0.0,0.0,1.041,0.696,0.579,0,10,45,1,1,30,0,30,65,high_vol_range,0.0,0,,,
2026-03-24T10:50:00+05:30,portfolio_replay,PREMIUM,SKIP,idle,22706.45,25.57,1.0,0.0,0.0,1.041,0.518,0.579,0,10,50,1,1,30,0,30,65,high_vol_range,0.0,0,,,
2026-03-24T10:55:00+05:30,portfolio_replay,PREMIUM,SKIP,idle,22672.8,25.67,1.0,0.0,0.0,1.041,0.665,0.565,0,10,55,1,1,30,0,30,65,high_vol_range,0.0,0,,,
2026-03-24T09:30:00+05:30,portfolio_replay,PREMIUM,SKIP,idle,22848.25,25.09,1.0,0.0,0.0,1.04,0.103,1.627,0,9,30,1,1,50,0,50,75,trending,0.0,0,,,
2026-03-24T09:35:00+05:30,portfolio_replay,PREMIUM,SKIP,idle,22819.1,25.18,1.0,0.0,0.0,1.04,0.024,1.627,0,9,35,1,1,50,0,50,75,trending,0.0,0,,,
2026-03-24T09:40:00+05:30,portfolio_replay,PREMIUM,SKIP,idle,22779.75,25.3,1.0,0.0,0.0,1.04,0.197,1.627,0,9,40,1,1,37,0,37,75,trending,0.0,0,,,
2026-03-24T09:45:00+05:30,portfolio_replay,PREMIUM,SKIP,idle,22719.05,25.47,1.0,0.0,0.0,1.04,0.463,0.505,0,9,45,1,1,35,0,35,75,high_vol_range,0.0,0,,,
2026-03-24T09:50:00+05:30,portfolio_replay,PREMIUM,SKIP,idle,22712.55,25.48,1.0,0.0,0.0,1.04,0.491,0.603,0,9,50,1,1,35,0,35,75,high_vol_range,0.0,0,,,
2026-03-24T09:55:00+05:30,portfolio_replay,PREMIUM,SKIP,idle,22755.45,25.34,1.0,0.0,0.0,1.04,0.303,0.603,0,9,55,1,1,35,0,35,75,high_vol_range,0.0,0,,,
2026-03-24T10:00:00+05:30,portfolio_replay,PREMIUM,SKIP,idle,22747.3,25.4,1.0,0.0,0.0,1.04,0.339,0.601,0,10,0,1,1,35,0,35,65,high_vol_range,0.0,0,,,
2026-03-24T10:05:00+05:30,portfolio_replay,PREMIUM,SKIP,idle,22715.0,25.54,1.0,0.0,0.0,1.041,0.48,0.517,0,10,5,1,1,35,0,35,65,high_vol_range,0.0,0,,,
2026-03-24T10:10:00+05:30,portfolio_replay,PREMIUM,SKIP,idle,22693.55,25.53,1.0,0.0,0.0,1.04,0.574,0.429,0,10,10,1,1,37,0,37,65,high_vol_range,0.0,0,,,
2026-03-24T10:15:00+05:30,portfolio_replay,PREMIUM,SKIP,idle,22711.4,25.5,1.0,0.0,0.0,1.04,0.496,0.374,0,10,15,1,1,42,0,42,65,high_vol_range,0.0,0,,,
2026-03-24T10:20:00+05:30,portfolio_replay,PREMIUM,SKIP,idle,22714.0,25.39,1.0,0.0,0.0,1.04,0.485,0.374,0,10,20,1,1,42,0,42,65,high_vol_range,0.0,0,,,
2026-03-24T10:25:00+05:30,portfolio_replay,PREMIUM,SKIP,idle,22760.0,25.4,1.0,0.0,0.0,1.04,0.283,0.374,0,10,25,1,1,49,0,49,65,high_vol_range,0.0,0,,,
2026-03-24T10:30:00+05:30,portfolio_replay,PREMIUM,SKIP,idle,22721.55,25.43,1.0,0.0,0.0,1.041,0.452,0.344,0,10,30,1,1,42,0,42,65,high_vol_range,0.0,0,,,
2026-03-24T10:35:00+05:30,portfolio_replay,PREMIUM,SKIP,idle,22660.9,25.5,1.0,0.0,0.0,1.04,0.717,0.421,0,10,35,1,1,37,0,37,65,high_vol_range,0.0,0,,,
2026-03-24T10:40:00+05:30,portfolio_replay,PREMIUM,SKIP,idle,22634.35,25.7,1.0,0.0,0.0,1.041,0.834,0.579,0,10,40,1,1,30,0,30,65,high_vol_range,0.0,0,,,
2026-03-24T10:45:00+05:30,portfolio_replay,PREMIUM,SKIP,idle,22665.9,25.59,1.0,0.0,0.0,1.041,0.696,0.579,0,10,45,1,1,30,0,30,65,high_vol_range,0.0,0,,,
2026-03-24T10:50:00+05:30,portfolio_replay,PREMIUM,SKIP,idle,22706.45,25.57,1.0,0.0,0.0,1.041,0.518,0.579,0,10,50,1,1,30,0,30,65,high_vol_range,0.0,0,,,
2026-03-24T10:55:00+05:30,portfolio_replay,PREMIUM,SKIP,idle,22672.8,25.67,1.0,0.0,0.0,1.041,0.665,0.565,0,10,55,1,1,30,0,30,65,high_vol_range,0.0,0,,,
2026-03-24T09:30:00+05:30,portfolio_replay,PREMIUM,SKIP,idle,22848.25,25.09,1.0,0.0,0.0,1.04,0.103,1.627,0,9,30,1,1,50,0,50,75,trending,0.0,0,,,
2026-03-24T09:35:00+05:30,portfolio_replay,PREMIUM,SKIP,idle,22819.1,25.18,1.0,0.0,0.0,1.04,0.024,1.627,0,9,35,1,1,50,0,50,75,trending,0.0,0,,,
2026-03-24T09:40:00+05:30,portfolio_replay,PREMIUM,SKIP,idle,22779.75,25.3,1.0,0.0,0.0,1.04,0.197,1.627,0,9,40,1,1,37,0,37,75,trending,0.0,0,,,
2026-03-24T09:45:00+05:30,portfolio_replay,PREMIUM,SKIP,idle,22719.05,25.47,1.0,0.0,0.0,1.04,0.463,0.505,0,9,45,1,1,35,0,35,75,high_vol_range,0.0,0,,,
2026-03-24T09:50:00+05:30,portfolio_replay,PREMIUM,SKIP,idle,22712.55,25.48,1.0,0.0,0.0,1.04,0.491,0.603,0,9,50,1,1,35,0,35,75,high_vol_range,0.0,0,,,
2026-03-24T09:55:00+05:30,portfolio_replay,PREMIUM,SKIP,idle,22755.45,25.34,1.0,0.0,0.0,1.04,0.303,0.603,0,9,55,1,1,35,0,35,75,high_vol_range,0.0,0,,,
2026-03-24T10:00:00+05:30,portfolio_replay,PREMIUM,SKIP,idle,22747.3,25.4,1.0,0.0,0.0,1.04,0.339,0.601,0,10,0,1,1,35,0,35,65,high_vol_range,0.0,0,,,
2026-03-24T10:05:00+05:30,portfolio_replay,PREMIUM,SKIP,idle,22715.0,25.54,1.0,0.0,0.0,1.041,0.48,0.517,0,10,5,1,1,35,0,35,65,high_vol_range,0.0,0,,,
2026-03-24T10:10:00+05:30,portfolio_replay,PREMIUM,SKIP,idle,22693.55,25.53,1.0,0.0,0.0,1.04,0.574,0.429,0,10,10,1,1,37,0,37,65,high_vol_range,0.0,0,,,
2026-03-24T10:15:00+05:30,portfolio_replay,PREMIUM,SKIP,idle,22711.4,25.5,1.0,0.0,0.0,1.04,0.496,0.374,0,10,15,1,1,42,0,42,65,high_vol_range,0.0,0,,,
2026-03-24T10:20:00+05:30,portfolio_replay,PREMIUM,SKIP,idle,22714.0,25.39,1.0,0.0,0.0,1.04,0.485,0.374,0,10,20,1,1,42,0,42,65,high_vol_range,0.0,0,,,
2026-03-24T10:25:00+05:30,portfolio_replay,PREMIUM,SKIP,idle,22760.0,25.4,1.0,0.0,0.0,1.04,0.283,0.374,0,10,25,1,1,49,0,49,65,high_vol_range,0.0,0,,,
2026-03-24T10:30:00+05:30,portfolio_replay,PREMIUM,SKIP,idle,22721.55,25.43,1.0,0.0,0.0,1.041,0.452,0.344,0,10,30,1,1,42,0,42,65,high_vol_range,0.0,0,,,
2026-03-24T10:35:00+05:30,portfolio_replay,PREMIUM,SKIP,idle,22660.9,25.5,1.0,0.0,0.0,1.04,0.717,0.421,0,10,35,1,1,37,0,37,65,high_vol_range,0.0,0,,,
2026-03-24T10:40:00+05:30,portfolio_replay,PREMIUM,SKIP,idle,22634.35,25.7,1.0,0.0,0.0,1.041,0.834,0.579,0,10,40,1,1,30,0,30,65,high_vol_range,0.0,0,,,
2026-03-24T10:45:00+05:30,portfolio_replay,PREMIUM,SKIP,idle,22665.9,25.59,1.0,0.0,0.0,1.041,0.696,0.579,0,10,45,1,1,30,0,30,65,high_vol_range,0.0,0,,,
2026-03-24T10:50:00+05:30,portfolio_replay,PREMIUM,SKIP,idle,22706.45,25.57,1.0,0.0,0.0,1.041,0.518,0.579,0,10,50,1,1,30,0,30,65,high_vol_range,0.0,0,,,
2026-03-24T10:55:00+05:30,portfolio_replay,PREMIUM,SKIP,idle,22672.8,25.67,1.0,0.0,0.0,1.041,0.665,0.565,0,10,55,1,1,30,0,30,65,high_vol_range,0.0,0,,,
2026-03-24T09:30:00+05:30,portfolio_replay,PREMIUM,SKIP,idle,22848.25,25.09,1.0,0.0,0.0,1.04,0.103,1.627,0,9,30,1,1,50,0,50,75,trending,0.0,0,,,
2026-03-24T09:35:00+05:30,portfolio_replay,PREMIUM,SKIP,idle,22819.1,25.18,1.0,0.0,0.0,1.04,0.024,1.627,0,9,35,1,1,50,0,50,75,trending,0.0,0,,,
2026-03-24T09:40:00+05:30,portfolio_replay,PREMIUM,SKIP,idle,22779.75,25.3,1.0,0.0,0.0,1.04,0.197,1.627,0,9,40,1,1,37,0,37,75,trending,0.0,0,,,
2026-03-24T09:45:00+05:30,portfolio_replay,PREMIUM,SKIP,idle,22719.05,25.47,1.0,0.0,0.0,1.04,0.463,0.505,0,9,45,1,1,35,0,35,75,high_vol_range,0.0,0,,,
2026-03-24T09:50:00+05:30,portfolio_replay,PREMIUM,SKIP,idle,22712.55,25.48,1.0,0.0,0.0,1.04,0.491,0.603,0,9,50,1,1,35,0,35,75,high_vol_range,0.0,0,,,
2026-03-24T09:55:00+05:30,portfolio_replay,PREMIUM,SKIP,idle,22755.45,25.34,1.0,0.0,0.0,1.04,0.303,0.603,0,9,55,1,1,35,0,35,75,high_vol_range,0.0,0,,,
2026-03-24T10:00:00+05:30,portfolio_replay,PREMIUM,SKIP,idle,22747.3,25.4,1.0,0.0,0.0,1.04,0.339,0.601,0,10,0,1,1,35,0,35,65,high_vol_range,0.0,0,,,
2026-03-24T10:05:00+05:30,portfolio_replay,PREMIUM,SKIP,idle,22715.0,25.54,1.0,0.0,0.0,1.041,0.48,0.517,0,10,5,1,1,35,0,35,65,high_vol_range,0.0,0,,,
2026-03-24T10:10:00+05:30,portfolio_replay,PREMIUM,SKIP,idle,22693.55,25.53,1.0,0.0,0.0,1.04,0.574,0.429,0,10,10,1,1,37,0,37,65,high_vol_range,0.0,0,,,
2026-03-24T10:15:00+05:30,portfolio_replay,PREMIUM,SKIP,idle,22711.4,25.5,1.0,0.0,0.0,1.04,0.496,0.374,0,10,15,1,1,42,0,42,65,high_vol_range,0.0,0,,,
2026-03-24T10:20:00+05:30,portfolio_replay,PREMIUM,SKIP,idle,22714.0,25.39,1.0,0.0,0.0,1.04,0.485,0.374,0,10,20,1,1,42,0,42,65,high_vol_range,0.0,0,,,
2026-03-24T10:25:00+05:30,portfolio_replay,PREMIUM,SKIP,idle,22760.0,25.4,1.0,0.0,0.0,1.04,0.283,0.374,0,10,25,1,1,49,0,49,65,high_vol_range,0.0,0,,,
2026-03-24T10:30:00+05:30,portfolio_replay,PREMIUM,SKIP,idle,22721.55,25.43,1.0,0.0,0.0,1.041,0.452,0.344,0,10,30,1,1,42,0,42,65,high_vol_range,0.0,0,,,
2026-03-24T10:35:00+05:30,portfolio_replay,PREMIUM,SKIP,idle,22660.9,25.5,1.0,0.0,0.0,1.04,0.717,0.421,0,10,35,1,1,37,0,37,65,high_vol_range,0.0,0,,,
2026-03-24T10:40:00+05:30,portfolio_replay,PREMIUM,SKIP,idle,22634.35,25.7,1.0,0.0,0.0,1.041,0.834,0.579,0,10,40,1,1,30,0,30,65,high_vol_range,0.0,0,,,
2026-03-24T10:45:00+05:30,portfolio_replay,PREMIUM,SKIP,idle,22665.9,25.59,1.0,0.0,0.0,1.041,0.696,0.579,0,10,45,1,1,30,0,30,65,high_vol_range,0.0,0,,,
2026-03-24T10:50:00+05:30,portfolio_replay,PREMIUM,SKIP,idle,22706.45,25.57,1.0,0.0,0.0,1.041,0.518,0.579,0,10,50,1,1,30,0,30,65,high_vol_range,0.0,0,,,
2026-03-24T10:55:00+05:30,portfolio_replay,PREMIUM,SKIP,idle,22672.8,25.67,1.0,0.0,0.0,1.041,0.665,0.565,0,10,55,1,1,30,0,30,65,high_vol_range,0.0,0,,,
2026-03-24T09:30:00+05:30,portfolio_replay,PREMIUM,SKIP,idle,22848.25,25.09,1.0,0.0,0.0,1.04,0.103,1.627,0,9,30,1,1,50,0,50,75,trending,0.0,0,,,
2026-03-24T09:35:00+05:30,portfolio_replay,PREMIUM,SKIP,idle,22819.1,25.18,1.0,0.0,0.0,1.04,0.024,1.627,0,9,35,1,1,50,0,50,75,trending,0.0,0,,,
2026-03-24T09:40:00+05:30,portfolio_replay,PREMIUM,SKIP,idle,22779.75,25.3,1.0,0.0,0.0,1.04,0.197,1.627,0,9,40,1,1,37,0,37,75,trending,0.0,0,,,
2026-03-24T09:45:00+05:30,portfolio_replay,PREMIUM,SKIP,idle,22719.05,25.47,1.0,0.0,0.0,1.04,0.463,0.505,0,9,45,1,1,35,0,35,75,high_vol_range,0.0,0,,,
2026-03-24T09:50:00+05:30,portfolio_replay,PREMIUM,SKIP,idle,22712.55,25.48,1.0,0.0,0.0,1.04,0.491,0.603,0,9,50,1,1,35,0,35,75,high_vol_range,0.0,0,,,
2026-03-24T09:55:00+05:30,portfolio_replay,PREMIUM,SKIP,idle,22755.45,25.34,1.0,0.0,0.0,1.04,0.303,0.603,0,9,55,1,1,35,0,35,75,high_vol_range,0.0,0,,,
2026-03-24T10:00:00+05:30,portfolio_replay,PREMIUM,SKIP,idle,22747.3,25.4,1.0,0.0,0.0,1.04,0.339,0.601,0,10,0,1,1,35,0,35,65,high_vol_range,0.0,0,,,
2026-03-24T10:05:00+05:30,portfolio_replay,PREMIUM,SKIP,idle,22715.0,25.54,1.0,0.0,0.0,1.041,0.48,0.517,0,10,5,1,1,35,0,35,65,high_vol_range,0.0,0,,,
2026-03-24T10:10:00+05:30,portfolio_replay,PREMIUM,SKIP,idle,22693.55,25.53,1.0,0.0,0.0,1.04,0.574,0.429,0,10,10,1,1,37,0,37,65,high_vol_range,0.0,0,,,
2026-03-24T10:15:00+05:30,portfolio_replay,PREMIUM,SKIP,idle,22711.4,25.5,1.0,0.0,0.0,1.04,0.496,0.374,0,10,15,1,1,42,0,42,65,high_vol_range,0.0,0,,,
2026-03-24T10:20:00+05:30,portfolio_replay,PREMIUM,SKIP,idle,22714.0,25.39,1.0,0.0,0.0,1.04,0.485,0.374,0,10,20,1,1,42,0,42,65,high_vol_range,0.0,0,,,
2026-03-24T10:25:00+05:30,portfolio_replay,PREMIUM,SKIP,idle,22760.0,25.4,1.0,0.0,0.0,1.04,0.283,0.374,0,10,25,1,1,49,0,49,65,high_vol_range,0.0,0,,,
2026-03-24T10:30:00+05:30,portfolio_replay,PREMIUM,SKIP,idle,22721.55,25.43,1.0,0.0,0.0,1.041,0.452,0.344,0,10,30,1,1,42,0,42,65,high_vol_range,0.0,0,,,
2026-03-24T10:35:00+05:30,portfolio_replay,PREMIUM,SKIP,idle,22660.9,25.5,1.0,0.0,0.0,1.04,0.717,0.421,0,10,35,1,1,37,0,37,65,high_vol_range,0.0,0,,,
2026-03-24T10:40:00+05:30,portfolio_replay,PREMIUM,SKIP,idle,22634.35,25.7,1.0,0.0,0.0,1.041,0.834,0.579,0,10,40,1,1,30,0,30,65,high_vol_range,0.0,0,,,
2026-03-24T10:45:00+05:30,portfolio_replay,PREMIUM,SKIP,idle,22665.9,25.59,1.0,0.0,0.0,1.041,0.696,0.579,0,10,45,1,1,30,0,30,65,high_vol_range,0.0,0,,,
2026-03-24T10:50:00+05:30,portfolio_replay,PREMIUM,SKIP,idle,22706.45,25.57,1.0,0.0,0.0,1.041,0.518,0.579,0,10,50,1,1,30,0,30,65,high_vol_range,0.0,0,,,
2026-03-24T10:55:00+05:30,portfolio_replay,PREMIUM,SKIP,idle,22672.8,25.67,1.0,0.0,0.0,1.041,0.665,0.565,0,10,55,1,1,30,0,30,65,high_vol_range,0.0,0,,,
2026-03-24T09:30:00+05:30,portfolio_replay,PREMIUM,SKIP,idle,22848.25,25.09,1.0,0.0,0.0,1.04,0.103,1.627,0,9,30,1,1,50,0,50,75,trending,0.0,0,,,
2026-03-24T09:35:00+05:30,portfolio_replay,PREMIUM,SKIP,idle,22819.1,25.18,1.0,0.0,0.0,1.04,0.024,1.627,0,9,35,1,1,50,0,50,75,trending,0.0,0,,,
2026-03-24T09:40:00+05:30,portfolio_replay,PREMIUM,SKIP,idle,22779.75,25.3,1.0,0.0,0.0,1.04,0.197,1.627,0,9,40,1,1,37,0,37,75,trending,0.0,0,,,
2026-03-24T09:45:00+05:30,portfolio_replay,PREMIUM,SKIP,idle,22719.05,25.47,1.0,0.0,0.0,1.04,0.463,0.505,0,9,45,1,1,35,0,35,75,high_vol_range,0.0,0,,,
2026-03-24T09:50:00+05:30,portfolio_replay,PREMIUM,SKIP,idle,22712.55,25.48,1.0,0.0,0.0,1.04,0.491,0.603,0,9,50,1,1,35,0,35,75,high_vol_range,0.0,0,,,
2026-03-24T09:55:00+05:30,portfolio_replay,PREMIUM,SKIP,idle,22755.45,25.34,1.0,0.0,0.0,1.04,0.303,0.603,0,9,55,1,1,35,0,35,75,high_vol_range,0.0,0,,,
2026-03-24T10:00:00+05:30,portfolio_replay,PREMIUM,SKIP,idle,22747.3,25.4,1.0,0.0,0.0,1.04,0.339,0.601,0,10,0,1,1,35,0,35,65,high_vol_range,0.0,0,,,
2026-03-24T10:05:00+05:30,portfolio_replay,PREMIUM,SKIP,idle,22715.0,25.54,1.0,0.0,0.0,1.041,0.48,0.517,0,10,5,1,1,35,0,35,65,high_vol_range,0.0,0,,,
2026-03-24T10:10:00+05:30,portfolio_replay,PREMIUM,SKIP,idle,22693.55,25.53,1.0,0.0,0.0,1.04,0.574,0.429,0,10,10,1,1,37,0,37,65,high_vol_range,0.0,0,,,
2026-03-24T10:15:00+05:30,portfolio_replay,PREMIUM,SKIP,idle,22711.4,25.5,1.0,0.0,0.0,1.04,0.496,0.374,0,10,15,1,1,42,0,42,65,high_vol_range,0.0,0,,,
2026-03-24T10:20:00+05:30,portfolio_replay,PREMIUM,SKIP,idle,22714.0,25.39,1.0,0.0,0.0,1.04,0.485,0.374,0,10,20,1,1,42,0,42,65,high_vol_range,0.0,0,,,
2026-03-24T10:25:00+05:30,portfolio_replay,PREMIUM,SKIP,idle,22760.0,25.4,1.0,0.0,0.0,1.04,0.283,0.374,0,10,25,1,1,49,0,49,65,high_vol_range,0.0,0,,,
2026-03-24T10:30:00+05:30,portfolio_replay,PREMIUM,SKIP,idle,22721.55,25.43,1.0,0.0,0.0,1.041,0.452,0.344,0,10,30,1,1,42,0,42,65,high_vol_range,0.0,0,,,
2026-03-24T10:35:00+05:30,portfolio_replay,PREMIUM,SKIP,idle,22660.9,25.5,1.0,0.0,0.0,1.04,0.717,0.421,0,10,35,1,1,37,0,37,65,high_vol_range,0.0,0,,,
2026-03-24T10:40:00+05:30,portfolio_replay,PREMIUM,SKIP,idle,22634.35,25.7,1.0,0.0,0.0,1.041,0.834,0.579,0,10,40,1,1,30,0,30,65,high_vol_range,0.0,0,,,
2026-03-24T10:45:00+05:30,portfolio_replay,PREMIUM,SKIP,idle,22665.9,25.59,1.0,0.0,0.0,1.041,0.696,0.579,0,10,45,1,1,30,0,30,65,high_vol_range,0.0,0,,,
2026-03-24T10:50:00+05:30,portfolio_replay,PREMIUM,SKIP,idle,22706.45,25.57,1.0,0.0,0.0,1.041,0.518,0.579,0,10,50,1,1,30,0,30,65,high_vol_range,0.0,0,,,
2026-03-24T10:55:00+05:30,portfolio_replay,PREMIUM,SKIP,idle,22672.8,25.67,1.0,0.0,0.0,1.041,0.665,0.565,0,10,55,1,1,30,0,30,65,high_vol_range,0.0,0,,,
2026-03-24T09:30:00+05:30,portfolio_replay,PREMIUM,SKIP,idle,22848.25,25.09,1.0,0.0,0.0,1.04,0.103,1.627,0,9,30,1,1,50,0,50,75,trending,0.0,0,,,
2026-03-24T09:35:00+05:30,portfolio_replay,PREMIUM,SKIP,idle,22819.1,25.18,1.0,0.0,0.0,1.04,0.024,1.627,0,9,35,1,1,50,0,50,75,trending,0.0,0,,,
2026-03-24T09:40:00+05:30,portfolio_replay,PREMIUM,SKIP,idle,22779.75,25.3,1.0,0.0,0.0,1.04,0.197,1.627,0,9,40,1,1,37,0,37,75,trending,0.0,0,,,
2026-03-24T09:45:00+05:30,portfolio_replay,PREMIUM,SKIP,idle,22719.05,25.47,1.0,0.0,0.0,1.04,0.463,0.505,0,9,45,1,1,35,0,35,75,high_vol_range,0.0,0,,,
2026-03-24T09:50:00+05:30,portfolio_replay,PREMIUM,SKIP,idle,22712.55,25.48,1.0,0.0,0.0,1.04,0.491,0.603,0,9,50,1,1,35,0,35,75,high_vol_range,0.0,0,,,
2026-03-24T09:55:00+05:30,portfolio_replay,PREMIUM,SKIP,idle,22755.45,25.34,1.0,0.0,0.0,1.04,0.303,0.603,0,9,55,1,1,35,0,35,75,high_vol_range,0.0,0,,,
2026-03-24T10:00:00+05:30,portfolio_replay,PREMIUM,SKIP,idle,22747.3,25.4,1.0,0.0,0.0,1.04,0.339,0.601,0,10,0,1,1,35,0,35,65,high_vol_range,0.0,0,,,
2026-03-24T10:05:00+05:30,portfolio_replay,PREMIUM,SKIP,idle,22715.0,25.54,1.0,0.0,0.0,1.041,0.48,0.517,0,10,5,1,1,35,0,35,65,high_vol_range,0.0,0,,,
2026-03-24T10:10:00+05:30,portfolio_replay,PREMIUM,SKIP,idle,22693.55,25.53,1.0,0.0,0.0,1.04,0.574,0.429,0,10,10,1,1,37,0,37,65,high_vol_range,0.0,0,,,
2026-03-24T10:15:00+05:30,portfolio_replay,PREMIUM,SKIP,idle,22711.4,25.5,1.0,0.0,0.0,1.04,0.496,0.374,0,10,15,1,1,42,0,42,65,high_vol_range,0.0,0,,,
2026-03-24T10:20:00+05:30,portfolio_replay,PREMIUM,SKIP,idle,22714.0,25.39,1.0,0.0,0.0,1.04,0.485,0.374,0,10,20,1,1,42,0,42,65,high_vol_range,0.0,0,,,
2026-03-24T10:25:00+05:30,portfolio_replay,PREMIUM,SKIP,idle,22760.0,25.4,1.0,0.0,0.0,1.04,0.283,0.374,0,10,25,1,1,49,0,49,65,high_vol_range,0.0,0,,,
2026-03-24T10:30:00+05:30,portfolio_replay,PREMIUM,SKIP,idle,22721.55,25.43,1.0,0.0,0.0,1.041,0.452,0.344,0,10,30,1,1,42,0,42,65,high_vol_range,0.0,0,,,
2026-03-24T10:35:00+05:30,portfolio_replay,PREMIUM,SKIP,idle,22660.9,25.5,1.0,0.0,0.0,1.04,0.717,0.421,0,10,35,1,1,37,0,37,65,high_vol_range,0.0,0,,,
2026-03-24T10:40:00+05:30,portfolio_replay,PREMIUM,SKIP,idle,22634.35,25.7,1.0,0.0,0.0,1.041,0.834,0.579,0,10,40,1,1,30,0,30,65,high_vol_range,0.0,0,,,
2026-03-24T10:45:00+05:30,portfolio_replay,PREMIUM,SKIP,idle,22665.9,25.59,1.0,0.0,0.0,1.041,0.696,0.579,0,10,45,1,1,30,0,30,65,high_vol_range,0.0,0,,,
2026-03-24T10:50:00+05:30,portfolio_replay,PREMIUM,SKIP,idle,22706.45,25.57,1.0,0.0,0.0,1.041,0.518,0.579,0,10,50,1,1,30,0,30,65,high_vol_range,0.0,0,,,
2026-03-24T10:55:00+05:30,portfolio_replay,PREMIUM,SKIP,idle,22672.8,25.67,1.0,0.0,0.0,1.041,0.665,0.565,0,10,55,1,1,30,0,30,65,high_vol_range,0.0,0,,,
2026-03-24T09:30:00+05:30,portfolio_replay,PREMIUM,SKIP,idle,22848.25,25.09,1.0,0.0,0.0,1.04,0.103,1.627,0,9,30,1,1,50,0,50,75,trending,0.0,0,,,
2026-03-24T09:35:00+05:30,portfolio_replay,PREMIUM,SKIP,idle,22819.1,25.18,1.0,0.0,0.0,1.04,0.024,1.627,0,9,35,1,1,50,0,50,75,trending,0.0,0,,,
2026-03-24T09:40:00+05:30,portfolio_replay,PREMIUM,SKIP,idle,22779.75,25.3,1.0,0.0,0.0,1.04,0.197,1.627,0,9,40,1,1,37,0,37,75,trending,0.0,0,,,
2026-03-24T09:45:00+05:30,portfolio_replay,PREMIUM,SKIP,idle,22719.05,25.47,1.0,0.0,0.0,1.04,0.463,0.505,0,9,45,1,1,35,0,35,75,high_vol_range,0.0,0,,,
2026-03-24T09:50:00+05:30,portfolio_replay,PREMIUM,SKIP,idle,22712.55,25.48,1.0,0.0,0.0,1.04,0.491,0.603,0,9,50,1,1,35,0,35,75,high_vol_range,0.0,0,,,
2026-03-24T09:55:00+05:30,portfolio_replay,PREMIUM,SKIP,idle,22755.45,25.34,1.0,0.0,0.0,1.04,0.303,0.603,0,9,55,1,1,35,0,35,75,high_vol_range,0.0,0,,,
2026-03-24T10:00:00+05:30,portfolio_replay,PREMIUM,SKIP,idle,22747.3,25.4,1.0,0.0,0.0,1.04,0.339,0.601,0,10,0,1,1,35,0,35,65,high_vol_range,0.0,0,,,
2026-03-24T10:05:00+05:30,portfolio_replay,PREMIUM,SKIP,idle,22715.0,25.54,1.0,0.0,0.0,1.041,0.48,0.517,0,10,5,1,1,35,0,35,65,high_vol_range,0.0,0,,,
2026-03-24T10:10:00+05:30,portfolio_replay,PREMIUM,SKIP,idle,22693.55,25.53,1.0,0.0,0.0,1.04,0.574,0.429,0,10,10,1,1,37,0,37,65,high_vol_range,0.0,0,,,
2026-03-24T10:15:00+05:30,portfolio_replay,PREMIUM,SKIP,idle,22711.4,25.5,1.0,0.0,0.0,1.04,0.496,0.374,0,10,15,1,1,42,0,42,65,high_vol_range,0.0,0,,,
2026-03-24T10:20:00+05:30,portfolio_replay,PREMIUM,SKIP,idle,22714.0,25.39,1.0,0.0,0.0,1.04,0.485,0.374,0,10,20,1,1,42,0,42,65,high_vol_range,0.0,0,,,
2026-03-24T10:25:00+05:30,portfolio_replay,PREMIUM,SKIP,idle,22760.0,25.4,1.0,0.0,0.0,1.04,0.283,0.374,0,10,25,1,1,49,0,49,65,high_vol_range,0.0,0,,,
2026-03-24T10:30:00+05:30,portfolio_replay,PREMIUM,SKIP,idle,22721.55,25.43,1.0,0.0,0.0,1.041,0.452,0.344,0,10,30,1,1,42,0,42,65,high_vol_range,0.0,0,,,
2026-03-24T10:35:00+05:30,portfolio_replay,PREMIUM,SKIP,idle,22660.9,25.5,1.0,0.0,0.0,1.04,0.717,0.421,0,10,35,1,1,37,0,37,65,high_vol_range,0.0,0,,,
2026-03-24T10:40:00+05:30,portfolio_replay,PREMIUM,SKIP,idle,22634.35,25.7,1.0,0.0,0.0,1.041,0.834,0.579,0,10,40,1,1,30,0,30,65,high_vol_range,0.0,0,,,
2026-03-24T10:45:00+05:30,portfolio_replay,PREMIUM,SKIP,idle,22665.9,25.59,1.0,0.0,0.0,1.041,0.696,0.579,0,10,45,1,1,30,0,30,65,high_vol_range,0.0,0,,,
2026-03-24T10:50:00+05:30,portfolio_replay,PREMIUM,SKIP,idle,22706.45,25.57,1.0,0.0,0.0,1.041,0.518,0.579,0,10,50,1,1,30,0,30,65,high_vol_range,0.0,0,,,
2026-03-24T10:55:00+05:30,portfolio_replay,PREMIUM,SKIP,idle,22672.8,25.67,1.0,0.0,0.0,1.041,0.665,0.565,0,10,55,1,1,30,0,30,65,high_vol_range,0.0,0,,,
2026-03-24T09:30:00+05:30,portfolio_replay,PREMIUM,SKIP,idle,22848.25,25.09,1.0,0.0,0.0,1.04,0.103,1.627,0,9,30,1,1,50,0,50,75,trending,0.0,0,,,
2026-03-24T09:35:00+05:30,portfolio_replay,PREMIUM,SKIP,idle,22819.1,25.18,1.0,0.0,0.0,1.04,0.024,1.627,0,9,35,1,1,50,0,50,75,trending,0.0,0,,,
2026-03-24T09:40:00+05:30,portfolio_replay,PREMIUM,SKIP,idle,22779.75,25.3,1.0,0.0,0.0,1.04,0.197,1.627,0,9,40,1,1,37,0,37,75,trending,0.0,0,,,
2026-03-24T09:45:00+05:30,portfolio_replay,PREMIUM,SKIP,idle,22719.05,25.47,1.0,0.0,0.0,1.04,0.463,0.505,0,9,45,1,1,35,0,35,75,high_vol_range,0.0,0,,,
2026-03-24T09:50:00+05:30,portfolio_replay,PREMIUM,SKIP,idle,22712.55,25.48,1.0,0.0,0.0,1.04,0.491,0.603,0,9,50,1,1,35,0,35,75,high_vol_range,0.0,0,,,
2026-03-24T09:55:00+05:30,portfolio_replay,PREMIUM,SKIP,idle,22755.45,25.34,1.0,0.0,0.0,1.04,0.303,0.603,0,9,55,1,1,35,0,35,75,high_vol_range,0.0,0,,,
2026-03-24T10:00:00+05:30,portfolio_replay,PREMIUM,SKIP,idle,22747.3,25.4,1.0,0.0,0.0,1.04,0.339,0.601,0,10,0,1,1,35,0,35,65,high_vol_range,0.0,0,,,
2026-03-24T10:05:00+05:30,portfolio_replay,PREMIUM,SKIP,idle,22715.0,25.54,1.0,0.0,0.0,1.041,0.48,0.517,0,10,5,1,1,35,0,35,65,high_vol_range,0.0,0,,,
2026-03-24T10:10:00+05:30,portfolio_replay,PREMIUM,SKIP,idle,22693.55,25.53,1.0,0.0,0.0,1.04,0.574,0.429,0,10,10,1,1,37,0,37,65,high_vol_range,0.0,0,,,
2026-03-24T10:15:00+05:30,portfolio_replay,PREMIUM,SKIP,idle,22711.4,25.5,1.0,0.0,0.0,1.04,0.496,0.374,0,10,15,1,1,42,0,42,65,high_vol_range,0.0,0,,,
2026-03-24T10:20:00+05:30,portfolio_replay,PREMIUM,SKIP,idle,22714.0,25.39,1.0,0.0,0.0,1.04,0.485,0.374,0,10,20,1,1,42,0,42,65,high_vol_range,0.0,0,,,
2026-03-24T10:25:00+05:30,portfolio_replay,PREMIUM,SKIP,idle,22760.0,25.4,1.0,0.0,0.0,1.04,0.283,0.374,0,10,25,1,1,49,0,49,65,high_vol_range,0.0,0,,,
2026-03-24T10:30:00+05:30,portfolio_replay,PREMIUM,SKIP,idle,22721.55,25.43,1.0,0.0,0.0,1.041,0.452,0.344,0,10,30,1,1,42,0,42,65,high_vol_range,0.0,0,,,
2026-03-24T10:35:00+05:30,portfolio_replay,PREMIUM,SKIP,idle,22660.9,25.5,1.0,0.0,0.0,1.04,0.717,0.421,0,10,35,1,1,37,0,37,65,high_vol_range,0.0,0,,,
2026-03-24T10:40:00+05:30,portfolio_replay,PREMIUM,SKIP,idle,22634.35,25.7,1.0,0.0,0.0,1.041,0.834,0.579,0,10,40,1,1,30,0,30,65,high_vol_range,0.0,0,,,
2026-03-24T10:45:00+05:30,portfolio_replay,PREMIUM,SKIP,idle,22665.9,25.59,1.0,0.0,0.0,1.041,0.696,0.579,0,10,45,1,1,30,0,30,65,high_vol_range,0.0,0,,,
2026-03-24T10:50:00+05:30,portfolio_replay,PREMIUM,SKIP,idle,22706.45,25.57,1.0,0.0,0.0,1.041,0.518,0.579,0,10,50,1,1,30,0,30,65,high_vol_range,0.0,0,,,
2026-03-24T10:55:00+05:30,portfolio_replay,PREMIUM,SKIP,idle,22672.8,25.67,1.0,0.0,0.0,1.041,0.665,0.565,0,10,55,1,1,30,0,30,65,high_vol_range,0.0,0,,,
2026-03-24T09:30:00+05:30,portfolio_replay,PREMIUM,SKIP,idle,22848.25,25.09,1.0,0.0,0.0,1.04,0.103,1.627,0,9,30,1,1,50,0,50,75,trending,0.0,0,,,
2026-03-24T09:35:00+05:30,portfolio_replay,PREMIUM,SKIP,idle,22819.1,25.18,1.0,0.0,0.0,1.04,0.024,1.627,0,9,35,1,1,50,0,50,75,trending,0.0,0,,,
2026-03-24T09:40:00+05:30,portfolio_replay,PREMIUM,SKIP,idle,22779.75,25.3,1.0,0.0,0.0,1.04,0.197,1.627,0,9,40,1,1,37,0,37,75,trending,0.0,0,,,
2026-03-24T09:45:00+05:30,portfolio_replay,PREMIUM,SKIP,idle,22719.05,25.47,1.0,0.0,0.0,1.04,0.463,0.505,0,9,45,1,1,35,0,35,75,high_vol_range,0.0,0,,,
2026-03-24T09:50:00+05:30,portfolio_replay,PREMIUM,SKIP,idle,22712.55,25.48,1.0,0.0,0.0,1.04,0.491,0.603,0,9,50,1,1,35,0,35,75,high_vol_range,0.0,0,,,
2026-03-24T09:55:00+05:30,portfolio_replay,PREMIUM,SKIP,idle,22755.45,25.34,1.0,0.0,0.0,1.04,0.303,0.603,0,9,55,1,1,35,0,35,75,high_vol_range,0.0,0,,,
2026-03-24T10:00:00+05:30,portfolio_replay,PREMIUM,SKIP,idle,22747.3,25.4,1.0,0.0,0.0,1.04,0.339,0.601,0,10,0,1,1,35,0,35,65,high_vol_range,0.0,0,,,
2026-03-24T10:05:00+05:30,portfolio_replay,PREMIUM,SKIP,idle,22715.0,25.54,1.0,0.0,0.0,1.041,0.48,0.517,0,10,5,1,1,35,0,35,65,high_vol_range,0.0,0,,,
2026-03-24T10:10:00+05:30,portfolio_replay,PREMIUM,SKIP,idle,22693.55,25.53,1.0,0.0,0.0,1.04,0.574,0.429,0,10,10,1,1,37,0,37,65,high_vol_range,0.0,0,,,
2026-03-24T10:15:00+05:30,portfolio_replay,PREMIUM,SKIP,idle,22711.4,25.5,1.0,0.0,0.0,1.04,0.496,0.374,0,10,15,1,1,42,0,42,65,high_vol_range,0.0,0,,,
2026-03-24T10:20:00+05:30,portfolio_replay,PREMIUM,SKIP,idle,22714.0,25.39,1.0,0.0,0.0,1.04,0.485,0.374,0,10,20,1,1,42,0,42,65,high_vol_range,0.0,0,,,
2026-03-24T10:25:00+05:30,portfolio_replay,PREMIUM,SKIP,idle,22760.0,25.4,1.0,0.0,0.0,1.04,0.283,0.374,0,10,25,1,1,49,0,49,65,high_vol_range,0.0,0,,,
2026-03-24T10:30:00+05:30,portfolio_replay,PREMIUM,SKIP,idle,22721.55,25.43,1.0,0.0,0.0,1.041,0.452,0.344,0,10,30,1,1,42,0,42,65,high_vol_range,0.0,0,,,
2026-03-24T10:35:00+05:30,portfolio_replay,PREMIUM,SKIP,idle,22660.9,25.5,1.0,0.0,0.0,1.04,0.717,0.421,0,10,35,1,1,37,0,37,65,high_vol_range,0.0,0,,,
2026-03-24T10:40:00+05:30,portfolio_replay,PREMIUM,SKIP,idle,22634.35,25.7,1.0,0.0,0.0,1.041,0.834,0.579,0,10,40,1,1,30,0,30,65,high_vol_range,0.0,0,,,
2026-03-24T10:45:00+05:30,portfolio_replay,PREMIUM,SKIP,idle,22665.9,25.59,1.0,0.0,0.0,1.041,0.696,0.579,0,10,45,1,1,30,0,30,65,high_vol_range,0.0,0,,,
2026-03-24T10:50:00+05:30,portfolio_replay,PREMIUM,SKIP,idle,22706.45,25.57,1.0,0.0,0.0,1.041,0.518,0.579,0,10,50,1,1,30,0,30,65,high_vol_range,0.0,0,,,
2026-03-24T10:55:00+05:30,portfolio_replay,PREMIUM,SKIP,idle,22672.8,25.67,1.0,0.0,0.0,1.041,0.665,0.565,0,10,55,1,1,30,0,30,65,high_vol_range,0.0,0,,,
2026-03-24T09:30:00+05:30,portfolio_replay,PREMIUM,SKIP,idle,22848.25,25.09,1.0,0.0,0.0,1.04,0.103,1.627,0,9,30,1,1,50,0,50,75,trending,0.0,0,,,
2026-03-24T09:35:00+05:30,portfolio_replay,PREMIUM,SKIP,idle,22819.1,25.18,1.0,0.0,0.0,1.04,0.024,1.627,0,9,35,1,1,50,0,50,75,trending,0.0,0,,,
2026-03-24T09:40:00+05:30,portfolio_replay,PREMIUM,SKIP,idle,22779.75,25.3,1.0,0.0,0.0,1.04,0.197,1.627,0,9,40,1,1,37,0,37,75,trending,0.0,0,,,
2026-03-24T09:45:00+05:30,portfolio_replay,PREMIUM,SKIP,idle,22719.05,25.47,1.0,0.0,0.0,1.04,0.463,0.505,0,9,45,1,1,35,0,35,75,high_vol_range,0.0,0,,,
2026-03-24T09:50:00+05:30,portfolio_replay,PREMIUM,SKIP,idle,22712.55,25.48,1.0,0.0,0.0,1.04,0.491,0.603,0,9,50,1,1,35,0,35,75,high_vol_range,0.0,0,,,
2026-03-24T09:55:00+05:30,portfolio_replay,PREMIUM,SKIP,idle,22755.45,25.34,1.0,0.0,0.0,1.04,0.303,0.603,0,9,55,1,1,35,0,35,75,high_vol_range,0.0,0,,,
2026-03-24T10:00:00+05:30,portfolio_replay,PREMIUM,SKIP,idle,22747.3,25.4,1.0,0.0,0.0,1.04,0.339,0.601,0,10,0,1,1,35,0,35,65,high_vol_range,0.0,0,,,
2026-03-24T10:05:00+05:30,portfolio_replay,PREMIUM,SKIP,idle,22715.0,25.54,1.0,0.0,0.0,1.041,0.48,0.517,0,10,5,1,1,35,0,35,65,high_vol_range,0.0,0,,,
2026-03-24T10:10:00+05:30,portfolio_replay,PREMIUM,SKIP,idle,22693.55,25.53,1.0,0.0,0.0,1.04,0.574,0.429,0,10,10,1,1,37,0,37,65,high_vol_range,0.0,0,,,
2026-03-24T10:15:00+05:30,portfolio_replay,PREMIUM,SKIP,idle,22711.4,25.5,1.0,0.0,0.0,1.04,0.496,0.374,0,10,15,1,1,42,0,42,65,high_vol_range,0.0,0,,,
2026-03-24T10:20:00+05:30,portfolio_replay,PREMIUM,SKIP,idle,22714.0,25.39,1.0,0.0,0.0,1.04,0.485,0.374,0,10,20,1,1,42,0,42,65,high_vol_range,0.0,0,,,
2026-03-24T10:25:00+05:30,portfolio_replay,PREMIUM,SKIP,idle,22760.0,25.4,1.0,0.0,0.0,1.04,0.283,0.374,0,10,25,1,1,49,0,49,65,high_vol_range,0.0,0,,,
2026-03-24T10:30:00+05:30,portfolio_replay,PREMIUM,SKIP,idle,22721.55,25.43,1.0,0.0,0.0,1.041,0.452,0.344,0,10,30,1,1,42,0,42,65,high_vol_range,0.0,0,,,
2026-03-24T10:35:00+05:30,portfolio_replay,PREMIUM,SKIP,idle,22660.9,25.5,1.0,0.0,0.0,1.04,0.717,0.421,0,10,35,1,1,37,0,37,65,high_vol_range,0.0,0,,,
2026-03-24T10:40:00+05:30,portfolio_replay,PREMIUM,SKIP,idle,22634.35,25.7,1.0,0.0,0.0,1.041,0.834,0.579,0,10,40,1,1,30,0,30,65,high_vol_range,0.0,0,,,
2026-03-24T10:45:00+05:30,portfolio_replay,PREMIUM,SKIP,idle,22665.9,25.59,1.0,0.0,0.0,1.041,0.696,0.579,0,10,45,1,1,30,0,30,65,high_vol_range,0.0,0,,,
2026-03-24T10:50:00+05:30,portfolio_replay,PREMIUM,SKIP,idle,22706.45,25.57,1.0,0.0,0.0,1.041,0.518,0.579,0,10,50,1,1,30,0,30,65,high_vol_range,0.0,0,,,
2026-03-24T10:55:00+05:30,portfolio_replay,PREMIUM,SKIP,idle,22672.8,25.67,1.0,0.0,0.0,1.041,0.665,0.565,0,10,55,1,1,30,0,30,65,high_vol_range,0.0,0,,,
2026-03-24T09:30:00+05:30,portfolio_replay,PREMIUM,SKIP,idle,22848.25,25.09,1.0,0.0,0.0,1.04,0.103,1.627,0,9,30,1,1,50,0,50,75,trending,0.0,0,,,
2026-03-24T09:35:00+05:30,portfolio_replay,PREMIUM,SKIP,idle,22819.1,25.18,1.0,0.0,0.0,1.04,0.024,1.627,0,9,35,1,1,50,0,50,75,trending,0.0,0,,,
2026-03-24T09:40:00+05:30,portfolio_replay,PREMIUM,SKIP,idle,22779.75,25.3,1.0,0.0,0.0,1.04,0.197,1.627,0,9,40,1,1,37,0,37,75,trending,0.0,0,,,
2026-03-24T09:45:00+05:30,portfolio_replay,PREMIUM,SKIP,idle,22719.05,25.47,1.0,0.0,0.0,1.04,0.463,0.505,0,9,45,1,1,35,0,35,75,high_vol_range,0.0,0,,,
2026-03-24T09:50:00+05:30,portfolio_replay,PREMIUM,SKIP,idle,22712.55,25.48,1.0,0.0,0.0,1.04,0.491,0.603,0,9,50,1,1,35,0,35,75,high_vol_range,0.0,0,,,
2026-03-24T09:55:00+05:30,portfolio_replay,PREMIUM,SKIP,idle,22755.45,25.34,1.0,0.0,0.0,1.04,0.303,0.603,0,9,55,1,1,35,0,35,75,high_vol_range,0.0,0,,,
2026-03-24T10:00:00+05:30,portfolio_replay,PREMIUM,SKIP,idle,22747.3,25.4,1.0,0.0,0.0,1.04,0.339,0.601,0,10,0,1,1,35,0,35,65,high_vol_range,0.0,0,,,
2026-03-24T10:05:00+05:30,portfolio_replay,PREMIUM,SKIP,idle,22715.0,25.54,1.0,0.0,0.0,1.041,0.48,0.517,0,10,5,1,1,35,0,35,65,high_vol_range,0.0,0,,,
2026-03-24T10:10:00+05:30,portfolio_replay,PREMIUM,SKIP,idle,22693.55,25.53,1.0,0.0,0.0,1.04,0.574,0.429,0,10,10,1,1,37,0,37,65,high_vol_range,0.0,0,,,
2026-03-24T10:15:00+05:30,portfolio_replay,PREMIUM,SKIP,idle,22711.4,25.5,1.0,0.0,0.0,1.04,0.496,0.374,0,10,15,1,1,42,0,42,65,high_vol_range,0.0,0,,,
2026-03-24T10:20:00+05:30,portfolio_replay,PREMIUM,SKIP,idle,22714.0,25.39,1.0,0.0,0.0,1.04,0.485,0.374,0,10,20,1,1,42,0,42,65,high_vol_range,0.0,0,,,
2026-03-24T10:25:00+05:30,portfolio_replay,PREMIUM,SKIP,idle,22760.0,25.4,1.0,0.0,0.0,1.04,0.283,0.374,0,10,25,1,1,49,0,49,65,high_vol_range,0.0,0,,,
2026-03-24T10:30:00+05:30,portfolio_replay,PREMIUM,SKIP,idle,22721.55,25.43,1.0,0.0,0.0,1.041,0.452,0.344,0,10,30,1,1,42,0,42,65,high_vol_range,0.0,0,,,
2026-03-24T10:35:00+05:30,portfolio_replay,PREMIUM,SKIP,idle,22660.9,25.5,1.0,0.0,0.0,1.04,0.717,0.421,0,10,35,1,1,37,0,37,65,high_vol_range,0.0,0,,,
2026-03-24T10:40:00+05:30,portfolio_replay,PREMIUM,SKIP,idle,22634.35,25.7,1.0,0.0,0.0,1.041,0.834,0.579,0,10,40,1,1,30,0,30,65,high_vol_range,0.0,0,,,
2026-03-24T10:45:00+05:30,portfolio_replay,PREMIUM,SKIP,idle,22665.9,25.59,1.0,0.0,0.0,1.041,0.696,0.579,0,10,45,1,1,30,0,30,65,high_vol_range,0.0,0,,,
2026-03-24T10:50:00+05:30,portfolio_replay,PREMIUM,SKIP,idle,22706.45,25.57,1.0,0.0,0.0,1.041,0.518,0.579,0,10,50,1,1,30,0,30,65,high_vol_range,0.0,0,,,
2026-03-24T10:55:00+05:30,portfolio_replay,PREMIUM,SKIP,idle,22672.8,25.67,1.0,0.0,0.0,1.041,0.665,0.565,0,10,55,1,1,30,0,30,65,high_vol_range,0.0,0,,,
2026-03-24T09:30:00+05:30,portfolio_hist,PREMIUM,SKIP,idle,22848.25,25.09,1.0,0.0,0.0,1.04,0.103,1.627,0,9,30,1,1,50,0,50,75,trending,0.0,0,,,
2026-03-24T09:35:00+05:30,portfolio_hist,PREMIUM,SKIP,idle,22819.1,25.18,1.0,0.0,0.0,1.04,0.024,1.627,0,9,35,1,1,50,0,50,75,trending,0.0,0,,,
2026-03-24T09:40:00+05:30,portfolio_hist,PREMIUM,SKIP,idle,22779.75,25.3,1.0,0.0,0.0,1.04,0.197,1.627,0,9,40,1,1,37,0,37,75,trending,0.0,0,,,
2026-03-24T09:45:00+05:30,portfolio_hist,PREMIUM,SKIP,idle,22719.05,25.47,1.0,0.0,0.0,1.04,0.463,0.505,0,9,45,1,1,35,0,35,75,high_vol_range,0.0,0,,,
2026-03-24T09:50:00+05:30,portfolio_hist,PREMIUM,SKIP,idle,22712.55,25.48,1.0,0.0,0.0,1.04,0.491,0.603,0,9,50,1,1,35,0,35,75,high_vol_range,0.0,0,,,
2026-03-24T09:55:00+05:30,portfolio_hist,PREMIUM,SKIP,idle,22755.45,25.34,1.0,0.0,0.0,1.04,0.303,0.603,0,9,55,1,1,35,0,35,75,high_vol_range,0.0,0,,,
2026-03-24T10:00:00+05:30,portfolio_hist,PREMIUM,SKIP,idle,22747.3,25.4,1.0,0.0,0.0,1.04,0.339,0.601,0,10,0,1,1,35,0,35,65,high_vol_range,0.0,0,,,
2026-03-24T10:05:00+05:30,portfolio_hist,PREMIUM,SKIP,idle,22715.0,25.54,1.0,0.0,0.0,1.041,0.48,0.517,0,10,5,1,1,35,0,35,65,high_vol_range,0.0,0,,,
2026-03-24T10:10:00+05:30,portfolio_hist,PREMIUM,SKIP,idle,22693.55,25.53,1.0,0.0,0.0,1.04,0.574,0.429,0,10,10,1,1,37,0,37,65,high_vol_range,0.0,0,,,
2026-03-24T10:15:00+05:30,portfolio_hist,PREMIUM,SKIP,idle,22711.4,25.5,1.0,0.0,0.0,1.04,0.496,0.374,0,10,15,1,1,42,0,42,65,high_vol_range,0.0,0,,,
2026-03-24T10:20:00+05:30,portfolio_hist,PREMIUM,SKIP,idle,22714.0,25.39,1.0,0.0,0.0,1.04,0.485,0.374,0,10,20,1,1,42,0,42,65,high_vol_range,0.0,0,,,
2026-03-24T10:25:00+05:30,portfolio_hist,PREMIUM,SKIP,idle,22760.0,25.4,1.0,0.0,0.0,1.04,0.283,0.374,0,10,25,1,1,49,0,49,65,high_vol_range,0.0,0,,,
2026-03-24T10:30:00+05:30,portfolio_hist,PREMIUM,SKIP,idle,22721.55,25.43,1.0,0.0,0.0,1.041,0.452,0.344,0,10,30,1,1,42,0,42,65,high_vol_range,0.0,0,,,
2026-03-24T10:35:00+05:30,portfolio_hist,PREMIUM,SKIP,idle,22660.9,25.5,1.0,0.0,0.0,1.04,0.717,0.421,0,10,35,1,1,37,0,37,65,high_vol_range,0.0,0,,,
2026-03-24T10:40:00+05:30,portfolio_hist,PREMIUM,SKIP,idle,22634.35,25.7,1.0,0.0,0.0,1.041,0.834,0.579,0,10,40,1,1,30,0,30,65,high_vol_range,0.0,0,,,
2026-03-24T10:45:00+05:30,portfolio_hist,PREMIUM,SKIP,idle,22665.9,25.59,1.0,0.0,0.0,1.041,0.696,0.579,0,10,45,1,1,30,0,30,65,high_vol_range,0.0,0,,,
2026-03-24T10:50:00+05:30,portfolio_hist,PREMIUM,SKIP,idle,22706.45,25.57,1.0,0.0,0.0,1.041,0.518,0.579,0,10,50,1,1,30,0,30,65,high_vol_range,0.0,0,,,
2026-03-24T10:55:00+05:30,portfolio_hist,PREMIUM,SKIP,idle,22672.8,25.67,1.0,0.0,0.0,1.041,0.665,0.565,0,10,55,1,1,30,0,30,65,high_vol_range,0.0,0,,,
2026-03-24T09:30:00+05:30,portfolio_hist,PREMIUM,SKIP,idle,22848.25,25.09,1.0,0.0,0.0,1.04,0.103,1.627,0,9,30,1,1,50,0,50,75,trending,0.0,0,,,
2026-03-24T09:35:00+05:30,portfolio_hist,PREMIUM,SKIP,idle,22819.1,25.18,1.0,0.0,0.0,1.04,0.024,1.627,0,9,35,1,1,50,0,50,75,trending,0.0,0,,,
2026-03-24T09:40:00+05:30,portfolio_hist,PREMIUM,SKIP,idle,22779.75,25.3,1.0,0.0,0.0,1.04,0.197,1.627,0,9,40,1,1,37,0,37,75,trending,0.0,0,,,
2026-03-24T09:45:00+05:30,portfolio_hist,PREMIUM,SKIP,idle,22719.05,25.47,1.0,0.0,0.0,1.04,0.463,0.505,0,9,45,1,1,35,0,35,75,high_vol_range,0.0,0,,,
2026-03-24T09:50:00+05:30,portfolio_hist,PREMIUM,SKIP,idle,22712.55,25.48,1.0,0.0,0.0,1.04,0.491,0.603,0,9,50,1,1,35,0,35,75,high_vol_range,0.0,0,,,
2026-03-24T09:55:00+05:30,portfolio_hist,PREMIUM,SKIP,idle,22755.45,25.34,1.0,0.0,0.0,1.04,0.303,0.603,0,9,55,1,1,35,0,35,75,high_vol_range,0.0,0,,,
2026-03-24T10:00:00+05:30,portfolio_hist,PREMIUM,SKIP,idle,22747.3,25.4,1.0,0.0,0.0,1.04,0.339,0.601,0,10,0,1,1,35,0,35,65,high_vol_range,0.0,0,,,
2026-03-24T10:05:00+05:30,portfolio_hist,PREMIUM,SKIP,idle,22715.0,25.54,1.0,0.0,0.0,1.041,0.48,0.517,0,10,5,1,1,35,0,35,65,high_vol_range,0.0,0,,,
2026-03-24T10:10:00+05:30,portfolio_hist,PREMIUM,SKIP,idle,22693.55,25.53,1.0,0.0,0.0,1.04,0.574,0.429,0,10,10,1,1,37,0,37,65,high_vol_range,0.0,0,,,
2026-03-24T10:15:00+05:30,portfolio_hist,PREMIUM,SKIP,idle,22711.4,25.5,1.0,0.0,0.0,1.04,0.496,0.374,0,10,15,1,1,42,0,42,65,high_vol_range,0.0,0,,,
2026-03-24T10:20:00+05:30,portfolio_hist,PREMIUM,SKIP,idle,22714.0,25.39,1.0,0.0,0.0,1.04,0.485,0.374,0,10,20,1,1,42,0,42,65,high_vol_range,0.0,0,,,
2026-03-24T10:25:00+05:30,portfolio_hist,PREMIUM,SKIP,idle,22760.0,25.4,1.0,0.0,0.0,1.04,0.283,0.374,0,10,25,1,1,49,0,49,65,high_vol_range,0.0,0,,,
2026-03-24T10:30:00+05:30,portfolio_hist,PREMIUM,SKIP,idle,22721.55,25.43,1.0,0.0,0.0,1.041,0.452,0.344,0,10,30,1,1,42,0,42,65,high_vol_range,0.0,0,,,
2026-03-24T10:35:00+05:30,portfolio_hist,PREMIUM,SKIP,idle,22660.9,25.5,1.0,0.0,0.0,1.04,0.717,0.421,0,10,35,1,1,37,0,37,65,high_vol_range,0.0,0,,,
2026-03-24T10:40:00+05:30,portfolio_hist,PREMIUM,SKIP,idle,22634.35,25.7,1.0,0.0,0.0,1.041,0.834,0.579,0,10,40,1,1,30,0,30,65,high_vol_range,0.0,0,,,
2026-03-24T10:45:00+05:30,portfolio_hist,PREMIUM,SKIP,idle,22665.9,25.59,1.0,0.0,0.0,1.041,0.696,0.579,0,10,45,1,1,30,0,30,65,high_vol_range,0.0,0,,,
2026-03-24T10:50:00+05:30,portfolio_hist,PREMIUM,SKIP,idle,22706.45,25.57,1.0,0.0,0.0,1.041,0.518,0.579,0,10,50,1,1,30,0,30,65,high_vol_range,0.0,0,,,
2026-03-24T10:55:00+05:30,portfolio_hist,PREMIUM,SKIP,idle,22672.8,25.67,1.0,0.0,0.0,1.041,0.665,0.565,0,10,55,1,1,30,0,30,65,high_vol_range,0.0,0,,,
2026-03-24T09:30:00+05:30,portfolio_hist,PREMIUM,SKIP,idle,22848.25,25.09,1.0,0.0,0.0,1.04,0.103,1.627,0,9,30,1,1,50,0,50,75,trending,0.0,0,,,
2026-03-24T09:35:00+05:30,portfolio_hist,PREMIUM,SKIP,idle,22819.1,25.18,1.0,0.0,0.0,1.04,0.024,1.627,0,9,35,1,1,50,0,50,75,trending,0.0,0,,,
2026-03-24T09:40:00+05:30,portfolio_hist,PREMIUM,SKIP,idle,22779.75,25.3,1.0,0.0,0.0,1.04,0.197,1.627,0,9,40,1,1,37,0,37,75,trending,0.0,0,,,
2026-03-24T09:45:00+05:30,portfolio_hist,PREMIUM,SKIP,idle,22719.05,25.47,1.0,0.0,0.0,1.04,0.463,0.505,0,9,45,1,1,35,0,35,75,high_vol_range,0.0,0,,,
2026-03-24T09:50:00+05:30,portfolio_hist,PREMIUM,SKIP,idle,22712.55,25.48,1.0,0.0,0.0,1.04,0.491,0.603,0,9,50,1,1,35,0,35,75,high_vol_range,0.0,0,,,
2026-03-24T09:55:00+05:30,portfolio_hist,PREMIUM,SKIP,idle,22755.45,25.34,1.0,0.0,0.0,1.04,0.303,0.603,0,9,55,1,1,35,0,35,75,high_vol_range,0.0,0,,,
2026-03-24T10:00:00+05:30,portfolio_hist,PREMIUM,SKIP,idle,22747.3,25.4,1.0,0.0,0.0,1.04,0.339,0.601,0,10,0,1,1,35,0,35,65,high_vol_range,0.0,0,,,
2026-03-24T10:05:00+05:30,portfolio_hist,PREMIUM,SKIP,idle,22715.0,25.54,1.0,0.0,0.0,1.041,0.48,0.517,0,10,5,1,1,35,0,35,65,high_vol_range,0.0,0,,,
2026-03-24T10:10:00+05:30,portfolio_hist,PREMIUM,SKIP,idle,22693.55,25.53,1.0,0.0,0.0,1.04,0.574,0.429,0,10,10,1,1,37,0,37,65,high_vol_range,0.0,0,,,
2026-03-24T10:15:00+05:30,portfolio_hist,PREMIUM,SKIP,idle,22711.4,25.5,1.0,0.0,0.0,1.04,0.496,0.374,0,10,15,1,1,42,0,42,65,high_vol_range,0.0,0,,,
2026-03-24T10:20:00+05:30,portfolio_hist,PREMIUM,SKIP,idle,22714.0,25.39,1.0,0.0,0.0,1.04,0.485,0.374,0,10,20,1,1,42,0,42,65,high_vol_range,0.0,0,,,
2026-03-24T10:25:00+05:30,portfolio_hist,PREMIUM,SKIP,idle,22760.0,25.4,1.0,0.0,0.0,1.04,0.283,0.374,0,10,25,1,1,49,0,49,65,high_vol_range,0.0,0,,,
2026-03-24T10:30:00+05:30,portfolio_hist,PREMIUM,SKIP,idle,22721.55,25.43,1.0,0.0,0.0,1.041,0.452,0.344,0,10,30,1,1,42,0,42,65,high_vol_range,0.0,0,,,
2026-03-24T10:35:00+05:30,portfolio_hist,PREMIUM,SKIP,idle,22660.9,25.5,1.0,0.0,0.0,1.04,0.717,0.421,0,10,35,1,1,37,0,37,65,high_vol_range,0.0,0,,,
2026-03-24T10:40:00+05:30,portfolio_hist,PREMIUM,SKIP,idle,22634.35,25.7,1.0,0.0,0.0,1.041,0.834,0.579,0,10,40,1,1,30,0,30,65,high_vol_range,0.0,0,,,
2026-03-24T10:45:00+05:30,portfolio_hist,PREMIUM,SKIP,idle,22665.9,25.59,1.0,0.0,0.0,1.041,0.696,0.579,0,10,45,1,1,30,0,30,65,high_vol_range,0.0,0,,,
2026-03-24T10:50:00+05:30,portfolio_hist,PREMIUM,SKIP,idle,22706.45,25.57,1.0,0.0,0.0,1.041,0.518,0.579,0,10,50,1,1,30,0,30,65,high_vol_range,0.0,0,,,
2026-03-24T10:55:00+05:30,portfolio_hist,PREMIUM,SKIP,idle,22672.8,25.67,1.0,0.0,0.0,1.041,0.665,0.565,0,10,55,1,1,30,0,30,65,high_vol_range,0.0,0,,,
2026-03-24T09:30:00+05:30,portfolio_hist,PREMIUM,SKIP,idle,22848.25,25.09,1.0,0.0,0.0,1.04,0.103,1.627,0,9,30,1,1,50,0,50,75,trending,0.0,0,,,
2026-03-24T09:35:00+05:30,portfolio_hist,PREMIUM,SKIP,idle,22819.1,25.18,1.0,0.0,0.0,1.04,0.024,1.627,0,9,35,1,1,50,0,50,75,trending,0.0,0,,,
2026-03-24T09:40:00+05:30,portfolio_hist,PREMIUM,SKIP,idle,22779.75,25.3,1.0,0.0,0.0,1.04,0.197,1.627,0,9,40,1,1,37,0,37,75,trending,0.0,0,,,
2026-03-24T09:45:00+05:30,portfolio_hist,PREMIUM,SKIP,idle,22719.05,25.47,1.0,0.0,0.0,1.04,0.463,0.505,0,9,45,1,1,35,0,35,75,high_vol_range,0.0,0,,,
2026-03-24T09:50:00+05:30,portfolio_hist,PREMIUM,SKIP,idle,22712.55,25.48,1.0,0.0,0.0,1.04,0.491,0.603,0,9,50,1,1,35,0,35,75,high_vol_range,0.0,0,,,
2026-03-24T09:55:00+05:30,portfolio_hist,PREMIUM,SKIP,idle,22755.45,25.34,1.0,0.0,0.0,1.04,0.303,0.603,0,9,55,1,1,35,0,35,75,high_vol_range,0.0,0,,,
2026-03-24T10:00:00+05:30,portfolio_hist,PREMIUM,SKIP,idle,22747.3,25.4,1.0,0.0,0.0,1.04,0.339,0.601,0,10,0,1,1,35,0,35,65,high_vol_range,0.0,0,,,
2026-03-24T10:05:00+05:30,portfolio_hist,PREMIUM,SKIP,idle,22715.0,25.54,1.0,0.0,0.0,1.041,0.48,0.517,0,10,5,1,1,35,0,35,65,high_vol_range,0.0,0,,,
2026-03-24T10:10:00+05:30,portfolio_hist,PREMIUM,SKIP,idle,22693.55,25.53,1.0,0.0,0.0,1.04,0.574,0.429,0,10,10,1,1,37,0,37,65,high_vol_range,0.0,0,,,
2026-03-24T10:15:00+05:30,portfolio_hist,PREMIUM,SKIP,idle,22711.4,25.5,1.0,0.0,0.0,1.04,0.496,0.374,0,10,15,1,1,42,0,42,65,high_vol_range,0.0,0,,,
2026-03-24T10:20:00+05:30,portfolio_hist,PREMIUM,SKIP,idle,22714.0,25.39,1.0,0.0,0.0,1.04,0.485,0.374,0,10,20,1,1,42,0,42,65,high_vol_range,0.0,0,,,
2026-03-24T10:25:00+05:30,portfolio_hist,PREMIUM,SKIP,idle,22760.0,25.4,1.0,0.0,0.0,1.04,0.283,0.374,0,10,25,1,1,49,0,49,65,high_vol_range,0.0,0,,,
2026-03-24T10:30:00+05:30,portfolio_hist,PREMIUM,SKIP,idle,22721.55,25.43,1.0,0.0,0.0,1.041,0.452,0.344,0,10,30,1,1,42,0,42,65,high_vol_range,0.0,0,,,
2026-03-24T10:35:00+05:30,portfolio_hist,PREMIUM,SKIP,idle,22660.9,25.5,1.0,0.0,0.0,1.04,0.717,0.421,0,10,35,1,1,37,0,37,65,high_vol_range,0.0,0,,,
2026-03-24T10:40:00+05:30,portfolio_hist,PREMIUM,SKIP,idle,22634.35,25.7,1.0,0.0,0.0,1.041,0.834,0.579,0,10,40,1,1,30,0,30,65,high_vol_range,0.0,0,,,
2026-03-24T10:45:00+05:30,portfolio_hist,PREMIUM,SKIP,idle,22665.9,25.59,1.0,0.0,0.0,1.041,0.696,0.579,0,10,45,1,1,30,0,30,65,high_vol_range,0.0,0,,,
2026-03-24T10:50:00+05:30,portfolio_hist,PREMIUM,SKIP,idle,22706.45,25.57,1.0,0.0,0.0,1.041,0.518,0.579,0,10,50,1,1,30,0,30,65,high_vol_range,0.0,0,,,
2026-03-24T10:55:00+05:30,portfolio_hist,PREMIUM,SKIP,idle,22672.8,25.67,1.0,0.0,0.0,1.041,0.665,0.565,0,10,55,1,1,30,0,30,65,high_vol_range,0.0,0,,,
2026-03-24T09:30:00+05:30,portfolio_hist,PREMIUM,SKIP,idle,22848.25,25.09,1.0,0.0,0.0,1.04,0.103,1.627,0,9,30,1,1,50,0,50,75,trending,0.0,0,,,
2026-03-24T09:35:00+05:30,portfolio_hist,PREMIUM,SKIP,idle,22819.1,25.18,1.0,0.0,0.0,1.04,0.024,1.627,0,9,35,1,1,50,0,50,75,trending,0.0,0,,,
2026-03-24T09:40:00+05:30,portfolio_hist,PREMIUM,SKIP,idle,22779.75,25.3,1.0,0.0,0.0,1.04,0.197,1.627,0,9,40,1,1,37,0,37,75,trending,0.0,0,,,
2026-03-24T09:45:00+05:30,portfolio_hist,PREMIUM,SKIP,idle,22719.05,25.47,1.0,0.0,0.0,1.04,0.463,0.505,0,9,45,1,1,35,0,35,75,high_vol_range,0.0,0,,,
2026-03-24T09:50:00+05:30,portfolio_hist,PREMIUM,SKIP,idle,22712.55,25.48,1.0,0.0,0.0,1.04,0.491,0.603,0,9,50,1,1,35,0,35,75,high_vol_range,0.0,0,,,
2026-03-24T09:55:00+05:30,portfolio_hist,PREMIUM,SKIP,idle,22755.45,25.34,1.0,0.0,0.0,1.04,0.303,0.603,0,9,55,1,1,35,0,35,75,high_vol_range,0.0,0,,,
2026-03-24T10:00:00+05:30,portfolio_hist,PREMIUM,SKIP,idle,22747.3,25.4,1.0,0.0,0.0,1.04,0.339,0.601,0,10,0,1,1,35,0,35,65,high_vol_range,0.0,0,,,
2026-03-24T10:05:00+05:30,portfolio_hist,PREMIUM,SKIP,idle,22715.0,25.54,1.0,0.0,0.0,1.041,0.48,0.517,0,10,5,1,1,35,0,35,65,high_vol_range,0.0,0,,,
2026-03-24T10:10:00+05:30,portfolio_hist,PREMIUM,SKIP,idle,22693.55,25.53,1.0,0.0,0.0,1.04,0.574,0.429,0,10,10,1,1,37,0,37,65,high_vol_range,0.0,0,,,
2026-03-24T10:15:00+05:30,portfolio_hist,PREMIUM,SKIP,idle,22711.4,25.5,1.0,0.0,0.0,1.04,0.496,0.374,0,10,15,1,1,42,0,42,65,high_vol_range,0.0,0,,,
2026-03-24T10:20:00+05:30,portfolio_hist,PREMIUM,SKIP,idle,22714.0,25.39,1.0,0.0,0.0,1.04,0.485,0.374,0,10,20,1,1,42,0,42,65,high_vol_range,0.0,0,,,
2026-03-24T10:25:00+05:30,portfolio_hist,PREMIUM,SKIP,idle,22760.0,25.4,1.0,0.0,0.0,1.04,0.283,0.374,0,10,25,1,1,49,0,49,65,high_vol_range,0.0,0,,,
2026-03-24T10:30:00+05:30,portfolio_hist,PREMIUM,SKIP,idle,22721.55,25.43,1.0,0.0,0.0,1.041,0.452,0.344,0,10,30,1,1,42,0,42,65,high_vol_range,0.0,0,,,
2026-03-24T10:35:00+05:30,portfolio_hist,PREMIUM,SKIP,idle,22660.9,25.5,1.0,0.0,0.0,1.04,0.717,0.421,0,10,35,1,1,37,0,37,65,high_vol_range,0.0,0,,,
2026-03-24T10:40:00+05:30,portfolio_hist,PREMIUM,SKIP,idle,22634.35,25.7,1.0,0.0,0.0,1.041,0.834,0.579,0,10,40,1,1,30,0,30,65,high_vol_range,0.0,0,,,
2026-03-24T10:45:00+05:30,portfolio_hist,PREMIUM,SKIP,idle,22665.9,25.59,1.0,0.0,0.0,1.041,0.696,0.579,0,10,45,1,1,30,0,30,65,high_vol_range,0.0,0,,,
2026-03-24T10:50:00+05:30,portfolio_hist,PREMIUM,SKIP,idle,22706.45,25.57,1.0,0.0,0.0,1.041,0.518,0.579,0,10,50,1,1,30,0,30,65,high_vol_range,0.0,0,,,
2026-03-24T10:55:00+05:30,portfolio_hist,PREMIUM,SKIP,idle,22672.8,25.67,1.0,0.0,0.0,1.041,0.665,0.565,0,10,55,1,1,30,0,30,65,high_vol_range,0.0,0,,,
2026-03-24T09:30:00+05:30,portfolio_hist,PREMIUM,SKIP,idle,22848.25,25.09,1.0,0.0,0.0,1.04,0.103,1.627,0,9,30,1,1,50,0,50,75,trending,0.0,0,,,
2026-03-24T09:35:00+05:30,portfolio_hist,PREMIUM,SKIP,idle,22819.1,25.18,1.0,0.0,0.0,1.04,0.024,1.627,0,9,35,1,1,50,0,50,75,trending,0.0,0,,,
2026-03-24T09:40:00+05:30,portfolio_hist,PREMIUM,SKIP,idle,22779.75,25.3,1.0,0.0,0.0,1.04,0.197,1.627,0,9,40,1,1,37,0,37,75,trending,0.0,0,,,
2026-03-24T09:45:00+05:30,portfolio_hist,PREMIUM,SKIP,idle,22719.05,25.47,1.0,0.0,0.0,1.04,0.463,0.505,0,9,45,1,1,35,0,35,75,high_vol_range,0.0,0,,,
2026-03-24T09:50:00+05:30,portfolio_hist,PREMIUM,SKIP,idle,22712.55,25.48,1.0,0.0,0.0,1.04,0.491,0.603,0,9,50,1,1,35,0,35,75,high_vol_range,0.0,0,,,
2026-03-24T09:55:00+05:30,portfolio_hist,PREMIUM,SKIP,idle,22755.45,25.34,1.0,0.0,0.0,1.04,0.303,0.603,0,9,55,1,1,35,0,35,75,high_vol_range,0.0,0,,,
2026-03-24T10:00:00+05:30,portfolio_hist,PREMIUM,SKIP,idle,22747.3,25.4,1.0,0.0,0.0,1.04,0.339,0.601,0,10,0,1,1,35,0,35,65,high_vol_range,0.0,0,,,
2026-03-24T10:05:00+05:30,portfolio_hist,PREMIUM,SKIP,idle,22715.0,25.54,1.0,0.0,0.0,1.041,0.48,0.517,0,10,5,1,1,35,0,35,65,high_vol_range,0.0,0,,,
2026-03-24T10:10:00+05:30,portfolio_hist,PREMIUM,SKIP,idle,22693.55,25.53,1.0,0.0,0.0,1.04,0.574,0.429,0,10,10,1,1,37,0,37,65,high_vol_range,0.0,0,,,
2026-03-24T10:15:00+05:30,portfolio_hist,PREMIUM,SKIP,idle,22711.4,25.5,1.0,0.0,0.0,1.04,0.496,0.374,0,10,15,1,1,42,0,42,65,high_vol_range,0.0,0,,,
2026-03-24T10:20:00+05:30,portfolio_hist,PREMIUM,SKIP,idle,22714.0,25.39,1.0,0.0,0.0,1.04,0.485,0.374,0,10,20,1,1,42,0,42,65,high_vol_range,0.0,0,,,
2026-03-24T10:25:00+05:30,portfolio_hist,PREMIUM,SKIP,idle,22760.0,25.4,1.0,0.0,0.0,1.04,0.283,0.374,0,10,25,1,1,49,0,49,65,high_vol_range,0.0,0,,,
2026-03-24T10:30:00+05:30,portfolio_hist,PREMIUM,SKIP,idle,22721.55,25.43,1.0,0.0,0.0,1.041,0.452,0.344,0,10,30,1,1,42,0,42,65,high_vol_range,0.0,0,,,
2026-03-24T10:35:00+05:30,portfolio_hist,PREMIUM,SKIP,idle,22660.9,25.5,1.0,0.0,0.0,1.04,0.717,0.421,0,10,35,1,1,37,0,37,65,high_vol_range,0.0,0,,,
2026-03-24T10:40:00+05:30,portfolio_hist,PREMIUM,SKIP,idle,22634.35,25.7,1.0,0.0,0.0,1.041,0.834,0.579,0,10,40,1,1,30,0,30,65,high_vol_range,0.0,0,,,
2026-03-24T10:45:00+05:30,portfolio_hist,PREMIUM,SKIP,idle,22665.9,25.59,1.0,0.0,0.0,1.041,0.696,0.579,0,10,45,1,1,30,0,30,65,high_vol_range,0.0,0,,,
2026-03-24T10:50:00+05:30,portfolio_hist,PREMIUM,SKIP,idle,22706.45,25.57,1.0,0.0,0.0,1.041,0.518,0.579,0,10,50,1,1,30,0,30,65,high_vol_range,0.0,0,,,
2026-03-24T10:55:00+05:30,portfolio_hist,PREMIUM,SKIP,idle,22672.8,25.67,1.0,0.0,0.0,1.041,0.665,0.565,0,10,55,1,1,30,0,30,65,high_vol_range,0.0,0,,,
2026-03-24T09:30:00+05:30,portfolio_hist,PREMIUM,SKIP,idle,22848.25,25.09,1.0,0.0,0.0,1.04,0.103,1.627,0,9,30,1,1,50,0,50,75,trending,0.0,0,,,
2026-03-24T09:35:00+05:30,portfolio_hist,PREMIUM,SKIP,idle,22819.1,25.18,1.0,0.0,0.0,1.04,0.024,1.627,0,9,35,1,1,50,0,50,75,trending,0.0,0,,,
2026-03-24T09:40:00+05:30,portfolio_hist,PREMIUM,SKIP,idle,22779.75,25.3,1.0,0.0,0.0,1.04,0.197,1.627,0,9,40,1,1,37,0,37,75,trending,0.0,0,,,
2026-03-24T09:45:00+05:30,portfolio_hist,PREMIUM,SKIP,idle,22719.05,25.47,1.0,0.0,0.0,1.04,0.463,0.505,0,9,45,1,1,35,0,35,75,high_vol_range,0.0,0,,,
2026-03-24T09:50:00+05:30,portfolio_hist,PREMIUM,SKIP,idle,22712.55,25.48,1.0,0.0,0.0,1.04,0.491,0.603,0,9,50,1,1,35,0,35,75,high_vol_range,0.0,0,,,
2026-03-24T09:55:00+05:30,portfolio_hist,PREMIUM,SKIP,idle,22755.45,25.34,1.0,0.0,0.0,1.04,0.303,0.603,0,9,55,1,1,35,0,35,75,high_vol_range,0.0,0,,,
2026-03-24T10:00:00+05:30,portfolio_hist,PREMIUM,SKIP,idle,22747.3,25.4,1.0,0.0,0.0,1.04,0.339,0.601,0,10,0,1,1,35,0,35,65,high_vol_range,0.0,0,,,
2026-03-24T10:05:00+05:30,portfolio_hist,PREMIUM,SKIP,idle,22715.0,25.54,1.0,0.0,0.0,1.041,0.48,0.517,0,10,5,1,1,35,0,35,65,high_vol_range,0.0,0,,,
2026-03-24T10:10:00+05:30,portfolio_hist,PREMIUM,SKIP,idle,22693.55,25.53,1.0,0.0,0.0,1.04,0.574,0.429,0,10,10,1,1,37,0,37,65,high_vol_range,0.0,0,,,
2026-03-24T10:15:00+05:30,portfolio_hist,PREMIUM,SKIP,idle,22711.4,25.5,1.0,0.0,0.0,1.04,0.496,0.374,0,10,15,1,1,42,0,42,65,high_vol_range,0.0,0,,,
2026-03-24T10:20:00+05:30,portfolio_hist,PREMIUM,SKIP,idle,22714.0,25.39,1.0,0.0,0.0,1.04,0.485,0.374,0,10,20,1,1,42,0,42,65,high_vol_range,0.0,0,,,
2026-03-24T10:25:00+05:30,portfolio_hist,PREMIUM,SKIP,idle,22760.0,25.4,1.0,0.0,0.0,1.04,0.283,0.374,0,10,25,1,1,49,0,49,65,high_vol_range,0.0,0,,,
2026-03-24T10:30:00+05:30,portfolio_hist,PREMIUM,SKIP,idle,22721.55,25.43,1.0,0.0,0.0,1.041,0.452,0.344,0,10,30,1,1,42,0,42,65,high_vol_range,0.0,0,,,
2026-03-24T10:35:00+05:30,portfolio_hist,PREMIUM,SKIP,idle,22660.9,25.5,1.0,0.0,0.0,1.04,0.717,0.421,0,10,35,1,1,37,0,37,65,high_vol_range,0.0,0,,,
2026-03-24T10:40:00+05:30,portfolio_hist,PREMIUM,SKIP,idle,22634.35,25.7,1.0,0.0,0.0,1.041,0.834,0.579,0,10,40,1,1,30,0,30,65,high_vol_range,0.0,0,,,
2026-03-24T10:45:00+05:30,portfolio_hist,PREMIUM,SKIP,idle,22665.9,25.59,1.0,0.0,0.0,1.041,0.696,0.579,0,10,45,1,1,30,0,30,65,high_vol_range,0.0,0,,,
2026-03-24T10:50:00+05:30,portfolio_hist,PREMIUM,SKIP,idle,22706.45,25.57,1.0,0.0,0.0,1.041,0.518,0.579,0,10,50,1,1,30,0,30,65,high_vol_range,0.0,0,,,
2026-03-24T10:55:00+05:30,portfolio_hist,PREMIUM,SKIP,idle,22672.8,25.67,1.0,0.0,0.0,1.041,0.665,0.565,0,10,55,1,1,30,0,30,65,high_vol_range,0.0,0,,,
2026-03-24T09:30:00+05:30,portfolio_hist,PREMIUM,SKIP,idle,22848.25,25.09,1.0,0.0,0.0,1.04,0.103,1.627,0,9,30,1,1,50,0,50,75,trending,0.0,0,,,
2026-03-24T09:35:00+05:30,portfolio_hist,PREMIUM,SKIP,idle,22819.1,25.18,1.0,0.0,0.0,1.04,0.024,1.627,0,9,35,1,1,50,0,50,75,trending,0.0,0,,,
2026-03-24T09:40:00+05:30,portfolio_hist,PREMIUM,SKIP,idle,22779.75,25.3,1.0,0.0,0.0,1.04,0.197,1.627,0,9,40,1,1,37,0,37,75,trending,0.0,0,,,
2026-03-24T09:45:00+05:30,portfolio_hist,PREMIUM,SKIP,idle,22719.05,25.47,1.0,0.0,0.0,1.04,0.463,0.505,0,9,45,1,1,35,0,35,75,high_vol_range,0.0,0,,,
2026-03-24T09:50:00+05:30,portfolio_hist,PREMIUM,SKIP,idle,22712.55,25.48,1.0,0.0,0.0,1.04,0.491,0.603,0,9,50,1,1,35,0,35,75,high_vol_range,0.0,0,,,
2026-03-24T09:55:00+05:30,portfolio_hist,PREMIUM,SKIP,idle,22755.45,25.34,1.0,0.0,0.0,1.04,0.303,0.603,0,9,55,1,1,35,0,35,75,high_vol_range,0.0,0,,,
2026-03-24T10:00:00+05:30,portfolio_hist,PREMIUM,SKIP,idle,22747.3,25.4,1.0,0.0,0.0,1.04,0.339,0.601,0,10,0,1,1,35,0,35,65,high_vol_range,0.0,0,,,
2026-03-24T10:05:00+05:30,portfolio_hist,PREMIUM,SKIP,idle,22715.0,25.54,1.0,0.0,0.0,1.041,0.48,0.517,0,10,5,1,1,35,0,35,65,high_vol_range,0.0,0,,,
2026-03-24T10:10:00+05:30,portfolio_hist,PREMIUM,SKIP,idle,22693.55,25.53,1.0,0.0,0.0,1.04,0.574,0.429,0,10,10,1,1,37,0,37,65,high_vol_range,0.0,0,,,
2026-03-24T10:15:00+05:30,portfolio_hist,PREMIUM,SKIP,idle,22711.4,25.5,1.0,0.0,0.0,1.04,0.496,0.374,0,10,15,1,1,42,0,42,65,high_vol_range,0.0,0,,,
2026-03-24T10:20:00+05:30,portfolio_hist,PREMIUM,SKIP,idle,22714.0,25.39,1.0,0.0,0.0,1.04,0.485,0.374,0,10,20,1,1,42,0,42,65,high_vol_range,0.0,0,,,
2026-03-24T10:25:00+05:30,portfolio_hist,PREMIUM,SKIP,idle,22760.0,25.4,1.0,0.0,0.0,1.04,0.283,0.374,0,10,25,1,1,49,0,49,65,high_vol_range,0.0,0,,,
2026-03-24T10:30:00+05:30,portfolio_hist,PREMIUM,SKIP,idle,22721.55,25.43,1.0,0.0,0.0,1.041,0.452,0.344,0,10,30,1,1,42,0,42,65,high_vol_range,0.0,0,,,
2026-03-24T10:35:00+05:30,portfolio_hist,PREMIUM,SKIP,idle,22660.9,25.5,1.0,0.0,0.0,1.04,0.717,0.421,0,10,35,1,1,37,0,37,65,high_vol_range,0.0,0,,,
2026-03-24T10:40:00+05:30,portfolio_hist,PREMIUM,SKIP,idle,22634.35,25.7,1.0,0.0,0.0,1.041,0.834,0.579,0,10,40,1,1,30,0,30,65,high_vol_range,0.0,0,,,
2026-03-24T10:45:00+05:30,portfolio_hist,PREMIUM,SKIP,idle,22665.9,25.59,1.0,0.0,0.0,1.041,0.696,0.579,0,10,45,1,1,30,0,30,65,high_vol_range,0.0,0,,,
2026-03-24T10:50:00+05:30,portfolio_hist,PREMIUM,SKIP,idle,22706.45,25.57,1.0,0.0,0.0,1.041,0.518,0.579,0,10,50,1,1,30,0,30,65,high_vol_range,0.0,0,,,
2026-03-24T10:55:00+05:30,portfolio_hist,PREMIUM,SKIP,idle,22672.8,25.67,1.0,0.0,0.0,1.041,0.665,0.565,0,10,55,1,1,30,0,30,65,high_vol_range,0.0,0,,,
2026-03-24T09:30:00+05:30,portfolio_hist,PREMIUM,SKIP,idle,22848.25,25.09,1.0,0.0,0.0,1.04,0.103,1.627,0,9,30,1,1,50,0,50,75,trending,0.0,0,,,
2026-03-24T09:35:00+05:30,portfolio_hist,PREMIUM,SKIP,idle,22819.1,25.18,1.0,0.0,0.0,1.04,0.024,1.627,0,9,35,1,1,50,0,50,75,trending,0.0,0,,,
2026-03-24T09:40:00+05:30,portfolio_hist,PREMIUM,SKIP,idle,22779.75,25.3,1.0,0.0,0.0,1.04,0.197,1.627,0,9,40,1,1,37,0,37,75,trending,0.0,0,,,
2026-03-24T09:45:00+05:30,portfolio_hist,PREMIUM,SKIP,idle,22719.05,25.47,1.0,0.0,0.0,1.04,0.463,0.505,0,9,45,1,1,35,0,35,75,high_vol_range,0.0,0,,,
2026-03-24T09:50:00+05:30,portfolio_hist,PREMIUM,SKIP,idle,22712.55,25.48,1.0,0.0,0.0,1.04,0.491,0.603,0,9,50,1,1,35,0,35,75,high_vol_range,0.0,0,,,
2026-03-24T09:55:00+05:30,portfolio_hist,PREMIUM,SKIP,idle,22755.45,25.34,1.0,0.0,0.0,1.04,0.303,0.603,0,9,55,1,1,35,0,35,75,high_vol_range,0.0,0,,,
2026-03-24T10:00:00+05:30,portfolio_hist,PREMIUM,SKIP,idle,22747.3,25.4,1.0,0.0,0.0,1.04,0.339,0.601,0,10,0,1,1,35,0,35,65,high_vol_range,0.0,0,,,
2026-03-24T10:05:00+05:30,portfolio_hist,PREMIUM,SKIP,idle,22715.0,25.54,1.0,0.0,0.0,1.041,0.48,0.517,0,10,5,1,1,35,0,35,65,high_vol_range,0.0,0,,,
2026-03-24T10:10:00+05:30,portfolio_hist,PREMIUM,SKIP,idle,22693.55,25.53,1.0,0.0,0.0,1.04,0.574,0.429,0,10,10,1,1,37,0,37,65,high_vol_range,0.0,0,,,
2026-03-24T10:15:00+05:30,portfolio_hist,PREMIUM,SKIP,idle,22711.4,25.5,1.0,0.0,0.0,1.04,0.496,0.374,0,10,15,1,1,42,0,42,65,high_vol_range,0.0,0,,,
2026-03-24T10:20:00+05:30,portfolio_hist,PREMIUM,SKIP,idle,22714.0,25.39,1.0,0.0,0.0,1.04,0.485,0.374,0,10,20,1,1,42,0,42,65,high_vol_range,0.0,0,,,
2026-03-24T10:25:00+05:30,portfolio_hist,PREMIUM,SKIP,idle,22760.0,25.4,1.0,0.0,0.0,1.04,0.283,0.374,0,10,25,1,1,49,0,49,65,high_vol_range,0.0,0,,,
2026-03-24T10:30:00+05:30,portfolio_hist,PREMIUM,SKIP,idle,22721.55,25.43,1.0,0.0,0.0,1.041,0.452,0.344,0,10,30,1,1,42,0,42,65,high_vol_range,0.0,0,,,
2026-03-24T10:35:00+05:30,portfolio_hist,PREMIUM,SKIP,idle,22660.9,25.5,1.0,0.0,0.0,1.04,0.717,0.421,0,10,35,1,1,37,0,37,65,high_vol_range,0.0,0,,,
2026-03-24T10:40:00+05:30,portfolio_hist,PREMIUM,SKIP,idle,22634.35,25.7,1.0,0.0,0.0,1.041,0.834,0.579,0,10,40,1,1,30,0,30,65,high_vol_range,0.0,0,,,
2026-03-24T10:45:00+05:30,portfolio_hist,PREMIUM,SKIP,idle,22665.9,25.59,1.0,0.0,0.0,1.041,0.696,0.579,0,10,45,1,1,30,0,30,65,high_vol_range,0.0,0,,,
2026-03-24T10:50:00+05:30,portfolio_hist,PREMIUM,SKIP,idle,22706.45,25.57,1.0,0.0,0.0,1.041,0.518,0.579,0,10,50,1,1,30,0,30,65,high_vol_range,0.0,0,,,
2026-03-24T10:55:00+05:30,portfolio_hist,PREMIUM,SKIP,idle,22672.8,25.67,1.0,0.0,0.0,1.041,0.665,0.565,0,10,55,1,1,30,0,30,65,high_vol_range,0.0,0,,,
2026-03-24T09:30:00+05:30,portfolio_hist,PREMIUM,SKIP,idle,22848.25,25.09,1.0,0.0,0.0,1.04,0.103,1.627,0,9,30,1,1,50,0,50,75,trending,0.0,0,,,
2026-03-24T09:35:00+05:30,portfolio_hist,PREMIUM,SKIP,idle,22819.1,25.18,1.0,0.0,0.0,1.04,0.024,1.627,0,9,35,1,1,50,0,50,75,trending,0.0,0,,,
2026-03-24T09:40:00+05:30,portfolio_hist,PREMIUM,SKIP,idle,22779.75,25.3,1.0,0.0,0.0,1.04,0.197,1.627,0,9,40,1,1,37,0,37,75,trending,0.0,0,,,
2026-03-24T09:45:00+05:30,portfolio_hist,PREMIUM,SKIP,idle,22719.05,25.47,1.0,0.0,0.0,1.04,0.463,0.505,0,9,45,1,1,35,0,35,75,high_vol_range,0.0,0,,,
2026-03-24T09:50:00+05:30,portfolio_hist,PREMIUM,SKIP,idle,22712.55,25.48,1.0,0.0,0.0,1.04,0.491,0.603,0,9,50,1,1,35,0,35,75,high_vol_range,0.0,0,,,
2026-03-24T09:55:00+05:30,portfolio_hist,PREMIUM,SKIP,idle,22755.45,25.34,1.0,0.0,0.0,1.04,0.303,0.603,0,9,55,1,1,35,0,35,75,high_vol_range,0.0,0,,,
2026-03-24T10:00:00+05:30,portfolio_hist,PREMIUM,SKIP,idle,22747.3,25.4,1.0,0.0,0.0,1.04,0.339,0.601,0,10,0,1,1,35,0,35,65,high_vol_range,0.0,0,,,
2026-03-24T10:05:00+05:30,portfolio_hist,PREMIUM,SKIP,idle,22715.0,25.54,1.0,0.0,0.0,1.041,0.48,0.517,0,10,5,1,1,35,0,35,65,high_vol_range,0.0,0,,,
2026-03-24T10:10:00+05:30,portfolio_hist,PREMIUM,SKIP,idle,22693.55,25.53,1.0,0.0,0.0,1.04,0.574,0.429,0,10,10,1,1,37,0,37,65,high_vol_range,0.0,0,,,
2026-03-24T10:15:00+05:30,portfolio_hist,PREMIUM,SKIP,idle,22711.4,25.5,1.0,0.0,0.0,1.04,0.496,0.374,0,10,15,1,1,42,0,42,65,high_vol_range,0.0,0,,,
2026-03-24T10:20:00+05:30,portfolio_hist,PREMIUM,SKIP,idle,22714.0,25.39,1.0,0.0,0.0,1.04,0.485,0.374,0,10,20,1,1,42,0,42,65,high_vol_range,0.0,0,,,
2026-03-24T10:25:00+05:30,portfolio_hist,PREMIUM,SKIP,idle,22760.0,25.4,1.0,0.0,0.0,1.04,0.283,0.374,0,10,25,1,1,49,0,49,65,high_vol_range,0.0,0,,,
2026-03-24T10:30:00+05:30,portfolio_hist,PREMIUM,SKIP,idle,22721.55,25.43,1.0,0.0,0.0,1.041,0.452,0.344,0,10,30,1,1,42,0,42,65,high_vol_range,0.0,0,,,
2026-03-24T10:35:00+05:30,portfolio_hist,PREMIUM,SKIP,idle,22660.9,25.5,1.0,0.0,0.0,1.04,0.717,0.421,0,10,35,1,1,37,0,37,65,high_vol_range,0.0,0,,,
2026-03-24T10:40:00+05:30,portfolio_hist,PREMIUM,SKIP,idle,22634.35,25.7,1.0,0.0,0.0,1.041,0.834,0.579,0,10,40,1,1,30,0,30,65,high_vol_range,0.0,0,,,
2026-03-24T10:45:00+05:30,portfolio_hist,PREMIUM,SKIP,idle,22665.9,25.59,1.0,0.0,0.0,1.041,0.696,0.579,0,10,45,1,1,30,0,30,65,high_vol_range,0.0,0,,,
2026-03-24T10:50:00+05:30,portfolio_hist,PREMIUM,SKIP,idle,22706.45,25.57,1.0,0.0,0.0,1.041,0.518,0.579,0,10,50,1,1,30,0,30,65,high_vol_range,0.0,0,,,
2026-03-24T10:55:00+05:30,portfolio_hist,PREMIUM,SKIP,idle,22672.8,25.67,1.0,0.0,0.0,1.041,0.665,0.565,0,10,55,1,1,30,0,30,65,high_vol_range,0.0,0,,,
2026-03-24T09:30:00+05:30,portfolio_hist,PREMIUM,SKIP,idle,22848.25,25.09,1.0,0.0,0.0,1.04,0.103,1.627,0,9,30,1,1,50,0,50,75,trending,0.0,0,,,
2026-03-24T09:35:00+05:30,portfolio_hist,PREMIUM,SKIP,idle,22819.1,25.18,1.0,0.0,0.0,1.04,0.024,1.627,0,9,35,1,1,50,0,50,75,trending,0.0,0,,,
2026-03-24T09:40:00+05:30,portfolio_hist,PREMIUM,SKIP,idle,22779.75,25.3,1.0,0.0,0.0,1.04,0.197,1.627,0,9,40,1,1,37,0,37,75,trending,0.0,0,,,
2026-03-24T09:45:00+05:30,portfolio_hist,PREMIUM,SKIP,idle,22719.05,25.47,1.0,0.0,0.0,1.04,0.463,0.505,0,9,45,1,1,35,0,35,75,high_vol_range,0.0,0,,,
2026-03-24T09:50:00+05:30,portfolio_hist,PREMIUM,SKIP,idle,22712.55,25.48,1.0,0.0,0.0,1.04,0.491,0.603,0,9,50,1,1,35,0,35,75,high_vol_range,0.0,0,,,
2026-03-24T09:55:00+05:30,portfolio_hist,PREMIUM,SKIP,idle,22755.45,25.34,1.0,0.0,0.0,1.04,0.303,0.603,0,9,55,1,1,35,0,35,75,high_vol_range,0.0,0,,,
2026-03-24T10:00:00+05:30,portfolio_hist,PREMIUM,SKIP,idle,22747.3,25.4,1.0,0.0,0.0,1.04,0.339,0.601,0,10,0,1,1,35,0,35,65,high_vol_range,0.0,0,,,
2026-03-24T10:05:00+05:30,portfolio_hist,PREMIUM,SKIP,idle,22715.0,25.54,1.0,0.0,0.0,1.041,0.48,0.517,0,10,5,1,1,35,0,35,65,high_vol_range,0.0,0,,,
2026-03-24T10:10:00+05:30,portfolio_hist,PREMIUM,SKIP,idle,22693.55,25.53,1.0,0.0,0.0,1.04,0.574,0.429,0,10,10,1,1,37,0,37,65,high_vol_range,0.0,0,,,
2026-03-24T10:15:00+05:30,portfolio_hist,PREMIUM,SKIP,idle,22711.4,25.5,1.0,0.0,0.0,1.04,0.496,0.374,0,10,15,1,1,42,0,42,65,high_vol_range,0.0,0,,,
2026-03-24T10:20:00+05:30,portfolio_hist,PREMIUM,SKIP,idle,22714.0,25.39,1.0,0.0,0.0,1.04,0.485,0.374,0,10,20,1,1,42,0,42,65,high_vol_range,0.0,0,,,
2026-03-24T10:25:00+05:30,portfolio_hist,PREMIUM,SKIP,idle,22760.0,25.4,1.0,0.0,0.0,1.04,0.283,0.374,0,10,25,1,1,49,0,49,65,high_vol_range,0.0,0,,,
2026-03-24T10:30:00+05:30,portfolio_hist,PREMIUM,SKIP,idle,22721.55,25.43,1.0,0.0,0.0,1.041,0.452,0.344,0,10,30,1,1,42,0,42,65,high_vol_range,0.0,0,,,
2026-03-24T10:35:00+05:30,portfolio_hist,PREMIUM,SKIP,idle,22660.9,25.5,1.0,0.0,0.0,1.04,0.717,0.421,0,10,35,1,1,37,0,37,65,high_vol_range,0.0,0,,,
2026-03-24T10:40:00+05:30,portfolio_hist,PREMIUM,SKIP,idle,22634.35,25.7,1.0,0.0,0.0,1.041,0.834,0.579,0,10,40,1,1,30,0,30,65,high_vol_range,0.0,0,,,
2026-03-24T10:45:00+05:30,portfolio_hist,PREMIUM,SKIP,idle,22665.9,25.59,1.0,0.0,0.0,1.041,0.696,0.579,0,10,45,1,1,30,0,30,65,high_vol_range,0.0,0,,,
2026-03-24T10:50:00+05:30,portfolio_hist,PREMIUM,SKIP,idle,22706.45,25.57,1.0,0.0,0.0,1.041,0.518,0.579,0,10,50,1,1,30,0,30,65,high_vol_range,0.0,0,,,
2026-03-24T10:55:00+05:30,portfolio_hist,PREMIUM,SKIP,idle,22672.8,25.67,1.0,0.0,0.0,1.041,0.665,0.565,0,10,55,1,1,30,0,30,65,high_vol_range,0.0,0,,,
2026-03-24T09:30:00+05:30,portfolio_hist,PREMIUM,SKIP,idle,22848.25,25.09,1.0,0.0,0.0,1.04,0.103,1.627,0,9,30,1,1,50,0,50,75,trending,0.0,0,,,
2026-03-24T09:35:00+05:30,portfolio_hist,PREMIUM,SKIP,idle,22819.1,25.18,1.0,0.0,0.0,1.04,0.024,1.627,0,9,35,1,1,50,0,50,75,trending,0.0,0,,,
2026-03-24T09:40:00+05:30,portfolio_hist,PREMIUM,SKIP,idle,22779.75,25.3,1.0,0.0,0.0,1.04,0.197,1.627,0,9,40,1,1,37,0,37,75,trending,0.0,0,,,
2026-03-24T09:45:00+05:30,portfolio_hist,PREMIUM,SKIP,idle,22719.05,25.47,1.0,0.0,0.0,1.04,0.463,0.505,0,9,45,1,1,35,0,35,75,high_vol_range,0.0,0,,,
2026-03-24T09:50:00+05:30,portfolio_hist,PREMIUM,SKIP,idle,22712.55,25.48,1.0,0.0,0.0,1.04,0.491,0.603,0,9,50,1,1,35,0,35,75,high_vol_range,0.0,0,,,
2026-03-24T09:55:00+05:30,portfolio_hist,PREMIUM,SKIP,idle,22755.45,25.34,1.0,0.0,0.0,1.04,0.303,0.603,0,9,55,1,1,35,0,35,75,high_vol_range,0.0,0,,,
2026-03-24T10:00:00+05:30,portfolio_hist,PREMIUM,SKIP,idle,22747.3,25.4,1.0,0.0,0.0,1.04,0.339,0.601,0,10,0,1,1,35,0,35,65,high_vol_range,0.0,0,,,
2026-03-24T10:05:00+05:30,portfolio_hist,PREMIUM,SKIP,idle,22715.0,25.54,1.0,0.0,0.0,1.041,0.48,0.517,0,10,5,1,1,35,0,35,65,high_vol_range,0.0,0,,,
2026-03-24T10:10:00+05:30,portfolio_hist,PREMIUM,SKIP,idle,22693.55,25.53,1.0,0.0,0.0,1.04,0.574,0.429,0,10,10,1,1,37,0,37,65,high_vol_range,0.0,0,,,
2026-03-24T10:15:00+05:30,portfolio_hist,PREMIUM,SKIP,idle,22711.4,25.5,1.0,0.0,0.0,1.04,0.496,0.374,0,10,15,1,1,42,0,42,65,high_vol_range,0.0,0,,,
2026-03-24T10:20:00+05:30,portfolio_hist,PREMIUM,SKIP,idle,22714.0,25.39,1.0,0.0,0.0,1.04,0.485,0.374,0,10,20,1,1,42,0,42,65,high_vol_range,0.0,0,,,
2026-03-24T10:25:00+05:30,portfolio_hist,PREMIUM,SKIP,idle,22760.0,25.4,1.0,0.0,0.0,1.04,0.283,0.374,0,10,25,1,1,49,0,49,65,high_vol_range,0.0,0,,,
2026-03-24T10:30:00+05:30,portfolio_hist,PREMIUM,SKIP,idle,22721.55,25.43,1.0,0.0,0.0,1.041,0.452,0.344,0,10,30,1,1,42,0,42,65,high_vol_range,0.0,0,,,
2026-03-24T10:35:00+05:30,portfolio_hist,PREMIUM,SKIP,idle,22660.9,25.5,1.0,0.0,0.0,1.04,0.717,0.421,0,10,35,1,1,37,0,37,65,high_vol_range,0.0,0,,,
2026-03-24T10:40:00+05:30,portfolio_hist,PREMIUM,SKIP,idle,22634.35,25.7,1.0,0.0,0.0,1.041,0.834,0.579,0,10,40,1,1,30,0,30,65,high_vol_range,0.0,0,,,
2026-03-24T10:45:00+05:30,portfolio_hist,PREMIUM,SKIP,idle,22665.9,25.59,1.0,0.0,0.0,1.041,0.696,0.579,0,10,45,1,1,30,0,30,65,high_vol_range,0.0,0,,,
2026-03-24T10:50:00+05:30,portfolio_hist,PREMIUM,SKIP,idle,22706.45,25.57,1.0,0.0,0.0,1.041,0.518,0.579,0,10,50,1,1,30,0,30,65,high_vol_range,0.0,0,,,
2026-03-24T10:55:00+05:30,portfolio_hist,PREMIUM,SKIP,idle,22672.8,25.67,1.0,0.0,0.0,1.041,0.665,0.565,0,10,55,1,1,30,0,30,65,high_vol_range,0.0,0,,,
2026-03-24T09:30:00+05:30,portfolio_hist,PREMIUM,SKIP,idle,22848.25,25.09,1.0,0.0,0.0,1.04,0.103,1.627,0,9,30,1,1,50,0,50,75,trending,0.0,0,,,
2026-03-24T09:35:00+05:30,portfolio_hist,PREMIUM,SKIP,idle,22819.1,25.18,1.0,0.0,0.0,1.04,0.024,1.627,0,9,35,1,1,50,0,50,75,trending,0.0,0,,,
2026-03-24T09:40:00+05:30,portfolio_hist,PREMIUM,SKIP,idle,22779.75,25.3,1.0,0.0,0.0,1.04,0.197,1.627,0,9,40,1,1,37,0,37,75,trending,0.0,0,,,
2026-03-24T09:45:00+05:30,portfolio_hist,PREMIUM,SKIP,idle,22719.05,25.47,1.0,0.0,0.0,1.04,0.463,0.505,0,9,45,1,1,35,0,35,75,high_vol_range,0.0,0,,,
2026-03-24T09:50:00+05:30,portfolio_hist,PREMIUM,SKIP,idle,22712.55,25.48,1.0,0.0,0.0,1.04,0.491,0.603,0,9,50,1,1,35,0,35,75,high_vol_range,0.0,0,,,
2026-03-24T09:55:00+05:30,portfolio_hist,PREMIUM,SKIP,idle,22755.45,25.34,1.0,0.0,0.0,1.04,0.303,0.603,0,9,55,1,1,35,0,35,75,high_vol_range,0.0,0,,,
2026-03-24T10:00:00+05:30,portfolio_hist,PREMIUM,SKIP,idle,22747.3,25.4,1.0,0.0,0.0,1.04,0.339,0.601,0,10,0,1,1,35,0,35,65,high_vol_range,0.0,0,,,
2026-03-24T10:05:00+05:30,portfolio_hist,PREMIUM,SKIP,idle,22715.0,25.54,1.0,0.0,0.0,1.041,0.48,0.517,0,10,5,1,1,35,0,35,65,high_vol_range,0.0,0,,,
2026-03-24T10:10:00+05:30,portfolio_hist,PREMIUM,SKIP,idle,22693.55,25.53,1.0,0.0,0.0,1.04,0.574,0.429,0,10,10,1,1,37,0,37,65,high_vol_range,0.0,0,,,
2026-03-24T10:15:00+05:30,portfolio_hist,PREMIUM,SKIP,idle,22711.4,25.5,1.0,0.0,0.0,1.04,0.496,0.374,0,10,15,1,1,42,0,42,65,high_vol_range,0.0,0,,,
2026-03-24T10:20:00+05:30,portfolio_hist,PREMIUM,SKIP,idle,22714.0,25.39,1.0,0.0,0.0,1.04,0.485,0.374,0,10,20,1,1,42,0,42,65,high_vol_range,0.0,0,,,
2026-03-24T10:25:00+05:30,portfolio_hist,PREMIUM,SKIP,idle,22760.0,25.4,1.0,0.0,0.0,1.04,0.283,0.374,0,10,25,1,1,49,0,49,65,high_vol_range,0.0,0,,,
2026-03-24T10:30:00+05:30,portfolio_hist,PREMIUM,SKIP,idle,22721.55,25.43,1.0,0.0,0.0,1.041,0.452,0.344,0,10,30,1,1,42,0,42,65,high_vol_range,0.0,0,,,
2026-03-24T10:35:00+05:30,portfolio_hist,PREMIUM,SKIP,idle,22660.9,25.5,1.0,0.0,0.0,1.04,0.717,0.421,0,10,35,1,1,37,0,37,65,high_vol_range,0.0,0,,,
2026-03-24T10:40:00+05:30,portfolio_hist,PREMIUM,SKIP,idle,22634.35,25.7,1.0,0.0,0.0,1.041,0.834,0.579,0,10,40,1,1,30,0,30,65,high_vol_range,0.0,0,,,
2026-03-24T10:45:00+05:30,portfolio_hist,PREMIUM,SKIP,idle,22665.9,25.59,1.0,0.0,0.0,1.041,0.696,0.579,0,10,45,1,1,30,0,30,65,high_vol_range,0.0,0,,,
2026-03-24T10:50:00+05:30,portfolio_hist,PREMIUM,SKIP,idle,22706.45,25.57,1.0,0.0,0.0,1.041,0.518,0.579,0,10,50,1,1,30,0,30,65,high_vol_range,0.0,0,,,
2026-03-24T10:55:00+05:30,portfolio_hist,PREMIUM,SKIP,idle,22672.8,25.67,1.0,0.0,0.0,1.041,0.665,0.565,0,10,55,1,1,30,0,30,65,high_vol_range,0.0,0,,,
2026-03-24T09:30:00+05:30,portfolio_hist,PREMIUM,SKIP,idle,22848.25,25.09,1.0,0.0,0.0,1.04,0.103,1.627,0,9,30,1,1,50,0,50,75,trending,0.0,0,,,
2026-03-24T09:35:00+05:30,portfolio_hist,PREMIUM,SKIP,idle,22819.1,25.18,1.0,0.0,0.0,1.04,0.024,1.627,0,9,35,1,1,50,0,50,75,trending,0.0,0,,,
2026-03-24T09:40:00+05:30,portfolio_hist,PREMIUM,SKIP,idle,22779.75,25.3,1.0,0.0,0.0,1.04,0.197,1.627,0,9,40,1,1,37,0,37,75,trending,0.0,0,,,
2026-03-24T09:45:00+05:30,portfolio_hist,PREMIUM,SKIP,idle,22719.05,25.47,1.0,0.0,0.0,1.04,0.463,0.505,0,9,45,1,1,35,0,35,75,high_vol_range,0.0,0,,,
2026-03-24T09:50:00+05:30,portfolio_hist,PREMIUM,SKIP,idle,22712.55,25.48,1.0,0.0,0.0,1.04,0.491,0.603,0,9,50,1,1,35,0,35,75,high_vol_range,0.0,0,,,
2026-03-24T09:55:00+05:30,portfolio_hist,PREMIUM,SKIP,idle,22755.45,25.34,1.0,0.0,0.0,1.04,0.303,0.603,0,9,55,1,1,35,0,35,75,high_vol_range,0.0,0,,,
2026-03-24T10:00:00+05:30,portfolio_hist,PREMIUM,SKIP,idle,22747.3,25.4,1.0,0.0,0.0,1.04,0.339,0.601,0,10,0,1,1,35,0,35,65,high_vol_range,0.0,0,,,
2026-03-24T10:05:00+05:30,portfolio_hist,PREMIUM,SKIP,idle,22715.0,25.54,1.0,0.0,0.0,1.041,0.48,0.517,0,10,5,1,1,35,0,35,65,high_vol_range,0.0,0,,,
2026-03-24T10:10:00+05:30,portfolio_hist,PREMIUM,SKIP,idle,22693.55,25.53,1.0,0.0,0.0,1.04,0.574,0.429,0,10,10,1,1,37,0,37,65,high_vol_range,0.0,0,,,
2026-03-24T10:15:00+05:30,portfolio_hist,PREMIUM,SKIP,idle,22711.4,25.5,1.0,0.0,0.0,1.04,0.496,0.374,0,10,15,1,1,42,0,42,65,high_vol_range,0.0,0,,,
2026-03-24T10:20:00+05:30,portfolio_hist,PREMIUM,SKIP,idle,22714.0,25.39,1.0,0.0,0.0,1.04,0.485,0.374,0,10,20,1,1,42,0,42,65,high_vol_range,0.0,0,,,
2026-03-24T10:25:00+05:30,portfolio_hist,PREMIUM,SKIP,idle,22760.0,25.4,1.0,0.0,0.0,1.04,0.283,0.374,0,10,25,1,1,49,0,49,65,high_vol_range,0.0,0,,,
2026-03-24T10:30:00+05:30,portfolio_hist,PREMIUM,SKIP,idle,22721.55,25.43,1.0,0.0,0.0,1.041,0.452,0.344,0,10,30,1,1,42,0,42,65,high_vol_range,0.0,0,,,
2026-03-24T10:35:00+05:30,portfolio_hist,PREMIUM,SKIP,idle,22660.9,25.5,1.0,0.0,0.0,1.04,0.717,0.421,0,10,35,1,1,37,0,37,65,high_vol_range,0.0,0,,,
2026-03-24T10:40:00+05:30,portfolio_hist,PREMIUM,SKIP,idle,22634.35,25.7,1.0,0.0,0.0,1.041,0.834,0.579,0,10,40,1,1,30,0,30,65,high_vol_range,0.0,0,,,
2026-03-24T10:45:00+05:30,portfolio_hist,PREMIUM,SKIP,idle,22665.9,25.59,1.0,0.0,0.0,1.041,0.696,0.579,0,10,45,1,1,30,0,30,65,high_vol_range,0.0,0,,,
2026-03-24T10:50:00+05:30,portfolio_hist,PREMIUM,SKIP,idle,22706.45,25.57,1.0,0.0,0.0,1.041,0.518,0.579,0,10,50,1,1,30,0,30,65,high_vol_range,0.0,0,,,
2026-03-24T10:55:00+05:30,portfolio_hist,PREMIUM,SKIP,idle,22672.8,25.67,1.0,0.0,0.0,1.041,0.665,0.565,0,10,55,1,1,30,0,30,65,high_vol_range,0.0,0,,,
2026-03-24T09:30:00+05:30,portfolio_hist,PREMIUM,SKIP,idle,22848.25,25.09,1.0,0.0,0.0,1.04,0.103,1.627,0,9,30,1,1,50,0,50,75,trending,0.0,0,,,
2026-03-24T09:35:00+05:30,portfolio_hist,PREMIUM,SKIP,idle,22819.1,25.18,1.0,0.0,0.0,1.04,0.024,1.627,0,9,35,1,1,50,0,50,75,trending,0.0,0,,,
2026-03-24T09:40:00+05:30,portfolio_hist,PREMIUM,SKIP,idle,22779.75,25.3,1.0,0.0,0.0,1.04,0.197,1.627,0,9,40,1,1,37,0,37,75,trending,0.0,0,,,
2026-03-24T09:45:00+05:30,portfolio_hist,PREMIUM,SKIP,idle,22719.05,25.47,1.0,0.0,0.0,1.04,0.463,0.505,0,9,45,1,1,35,0,35,75,high_vol_range,0.0,0,,,
2026-03-24T09:50:00+05:30,portfolio_hist,PREMIUM,SKIP,idle,22712.55,25.48,1.0,0.0,0.0,1.04,0.491,0.603,0,9,50,1,1,35,0,35,75,high_vol_range,0.0,0,,,
2026-03-24T09:55:00+05:30,portfolio_hist,PREMIUM,SKIP,idle,22755.45,25.34,1.0,0.0,0.0,1.04,0.303,0.603,0,9,55,1,1,35,0,35,75,high_vol_range,0.0,0,,,
2026-03-24T10:00:00+05:30,portfolio_hist,PREMIUM,SKIP,idle,22747.3,25.4,1.0,0.0,0.0,1.04,0.339,0.601,0,10,0,1,1,35,0,35,65,high_vol_range,0.0,0,,,
2026-03-24T10:05:00+05:30,portfolio_hist,PREMIUM,SKIP,idle,22715.0,25.54,1.0,0.0,0.0,1.041,0.48,0.517,0,10,5,1,1,35,0,35,65,high_vol_range,0.0,0,,,
2026-03-24T10:10:00+05:30,portfolio_hist,PREMIUM,SKIP,idle,22693.55,25.53,1.0,0.0,0.0,1.04,0.574,0.429,0,10,10,1,1,37,0,37,65,high_vol_range,0.0,0,,,
2026-03-24T10:15:00+05:30,portfolio_hist,PREMIUM,SKIP,idle,22711.4,25.5,1.0,0.0,0.0,1.04,0.496,0.374,0,10,15,1,1,42,0,42,65,high_vol_range,0.0,0,,,
2026-03-24T10:20:00+05:30,portfolio_hist,PREMIUM,SKIP,idle,22714.0,25.39,1.0,0.0,0.0,1.04,0.485,0.374,0,10,20,1,1,42,0,42,65,high_vol_range,0.0,0,,,
2026-03-24T10:25:00+05:30,portfolio_hist,PREMIUM,SKIP,idle,22760.0,25.4,1.0,0.0,0.0,1.04,0.283,0.374,0,10,25,1,1,49,0,49,65,high_vol_range,0.0,0,,,
2026-03-24T10:30:00+05:30,portfolio_hist,PREMIUM,SKIP,idle,22721.55,25.43,1.0,0.0,0.0,1.041,0.452,0.344,0,10,30,1,1,42,0,42,65,high_vol_range,0.0,0,,,
2026-03-24T10:35:00+05:30,portfolio_hist,PREMIUM,SKIP,idle,22660.9,25.5,1.0,0.0,0.0,1.04,0.717,0.421,0,10,35,1,1,37,0,37,65,high_vol_range,0.0,0,,,
2026-03-24T10:40:00+05:30,portfolio_hist,PREMIUM,SKIP,idle,22634.35,25.7,1.0,0.0,0.0,1.041,0.834,0.579,0,10,40,1,1,30,0,30,65,high_vol_range,0.0,0,,,
2026-03-24T10:45:00+05:30,portfolio_hist,PREMIUM,SKIP,idle,22665.9,25.59,1.0,0.0,0.0,1.041,0.696,0.579,0,10,45,1,1,30,0,30,65,high_vol_range,0.0,0,,,
2026-03-24T10:50:00+05:30,portfolio_hist,PREMIUM,SKIP,idle,22706.45,25.57,1.0,0.0,0.0,1.041,0.518,0.579,0,10,50,1,1,30,0,30,65,high_vol_range,0.0,0,,,
2026-03-24T10:55:00+05:30,portfolio_hist,PREMIUM,SKIP,idle,22672.8,25.67,1.0,0.0,0.0,1.041,0.665,0.565,0,10,55,1,1,30,0,30,65,high_vol_range,0.0,0,,,
2026-03-24T09:30:00+05:30,portfolio_hist,PREMIUM,SKIP,idle,22848.25,25.09,1.0,0.0,0.0,1.04,0.103,1.627,0,9,30,1,1,50,0,50,75,trending,0.0,0,,,
2026-03-24T09:35:00+05:30,portfolio_hist,PREMIUM,SKIP,idle,22819.1,25.18,1.0,0.0,0.0,1.04,0.024,1.627,0,9,35,1,1,50,0,50,75,trending,0.0,0,,,
2026-03-24T09:40:00+05:30,portfolio_hist,PREMIUM,SKIP,idle,22779.75,25.3,1.0,0.0,0.0,1.04,0.197,1.627,0,9,40,1,1,37,0,37,75,trending,0.0,0,,,
2026-03-24T09:45:00+05:30,portfolio_hist,PREMIUM,SKIP,idle,22719.05,25.47,1.0,0.0,0.0,1.04,0.463,0.505,0,9,45,1,1,35,0,35,75,high_vol_range,0.0,0,,,
2026-03-24T09:50:00+05:30,portfolio_hist,PREMIUM,SKIP,idle,22712.55,25.48,1.0,0.0,0.0,1.04,0.491,0.603,0,9,50,1,1,35,0,35,75,high_vol_range,0.0,0,,,
2026-03-24T09:55:00+05:30,portfolio_hist,PREMIUM,SKIP,idle,22755.45,25.34,1.0,0.0,0.0,1.04,0.303,0.603,0,9,55,1,1,35,0,35,75,high_vol_range,0.0,0,,,
2026-03-24T10:00:00+05:30,portfolio_hist,PREMIUM,SKIP,idle,22747.3,25.4,1.0,0.0,0.0,1.04,0.339,0.601,0,10,0,1,1,35,0,35,65,high_vol_range,0.0,0,,,
2026-03-24T10:05:00+05:30,portfolio_hist,PREMIUM,SKIP,idle,22715.0,25.54,1.0,0.0,0.0,1.041,0.48,0.517,0,10,5,1,1,35,0,35,65,high_vol_range,0.0,0,,,
2026-03-24T10:10:00+05:30,portfolio_hist,PREMIUM,SKIP,idle,22693.55,25.53,1.0,0.0,0.0,1.04,0.574,0.429,0,10,10,1,1,37,0,37,65,high_vol_range,0.0,0,,,
2026-03-24T10:15:00+05:30,portfolio_hist,PREMIUM,SKIP,idle,22711.4,25.5,1.0,0.0,0.0,1.04,0.496,0.374,0,10,15,1,1,42,0,42,65,high_vol_range,0.0,0,,,
2026-03-24T10:20:00+05:30,portfolio_hist,PREMIUM,SKIP,idle,22714.0,25.39,1.0,0.0,0.0,1.04,0.485,0.374,0,10,20,1,1,42,0,42,65,high_vol_range,0.0,0,,,
2026-03-24T10:25:00+05:30,portfolio_hist,PREMIUM,SKIP,idle,22760.0,25.4,1.0,0.0,0.0,1.04,0.283,0.374,0,10,25,1,1,49,0,49,65,high_vol_range,0.0,0,,,
2026-03-24T10:30:00+05:30,portfolio_hist,PREMIUM,SKIP,idle,22721.55,25.43,1.0,0.0,0.0,1.041,0.452,0.344,0,10,30,1,1,42,0,42,65,high_vol_range,0.0,0,,,
2026-03-24T10:35:00+05:30,portfolio_hist,PREMIUM,SKIP,idle,22660.9,25.5,1.0,0.0,0.0,1.04,0.717,0.421,0,10,35,1,1,37,0,37,65,high_vol_range,0.0,0,,,
2026-03-24T10:40:00+05:30,portfolio_hist,PREMIUM,SKIP,idle,22634.35,25.7,1.0,0.0,0.0,1.041,0.834,0.579,0,10,40,1,1,30,0,30,65,high_vol_range,0.0,0,,,
2026-03-24T10:45:00+05:30,portfolio_hist,PREMIUM,SKIP,idle,22665.9,25.59,1.0,0.0,0.0,1.041,0.696,0.579,0,10,45,1,1,30,0,30,65,high_vol_range,0.0,0,,,
2026-03-24T10:50:00+05:30,portfolio_hist,PREMIUM,SKIP,idle,22706.45,25.57,1.0,0.0,0.0,1.041,0.518,0.579,0,10,50,1,1,30,0,30,65,high_vol_range,0.0,0,,,
2026-03-24T10:55:00+05:30,portfolio_hist,PREMIUM,SKIP,idle,22672.8,25.67,1.0,0.0,0.0,1.041,0.665,0.565,0,10,55,1,1,30,0,30,65,high_vol_range,0.0,0,,,
2026-03-24T09:30:00+05:30,portfolio_hist,PREMIUM,SKIP,idle,22848.25,25.09,1.0,0.0,0.0,1.04,0.103,1.627,0,9,30,1,1,50,0,50,75,trending,0.0,0,,,
2026-03-24T09:35:00+05:30,portfolio_hist,PREMIUM,SKIP,idle,22819.1,25.18,1.0,0.0,0.0,1.04,0.024,1.627,0,9,35,1,1,50,0,50,75,trending,0.0,0,,,
2026-03-24T09:40:00+05:30,portfolio_hist,PREMIUM,SKIP,idle,22779.75,25.3,1.0,0.0,0.0,1.04,0.197,1.627,0,9,40,1,1,37,0,37,75,trending,0.0,0,,,
2026-03-24T09:45:00+05:30,portfolio_hist,PREMIUM,SKIP,idle,22719.05,25.47,1.0,0.0,0.0,1.04,0.463,0.505,0,9,45,1,1,35,0,35,75,high_vol_range,0.0,0,,,
2026-03-24T09:50:00+05:30,portfolio_hist,PREMIUM,SKIP,idle,22712.55,25.48,1.0,0.0,0.0,1.04,0.491,0.603,0,9,50,1,1,35,0,35,75,high_vol_range,0.0,0,,,
2026-03-24T09:55:00+05:30,portfolio_hist,PREMIUM,SKIP,idle,22755.45,25.34,1.0,0.0,0.0,1.04,0.303,0.603,0,9,55,1,1,35,0,35,75,high_vol_range,0.0,0,,,
2026-03-24T10:00:00+05:30,portfolio_hist,PREMIUM,SKIP,idle,22747.3,25.4,1.0,0.0,0.0,1.04,0.339,0.601,0,10,0,1,1,35,0,35,65,high_vol_range,0.0,0,,,
2026-03-24T10:05:00+05:30,portfolio_hist,PREMIUM,SKIP,idle,22715.0,25.54,1.0,0.0,0.0,1.041,0.48,0.517,0,10,5,1,1,35,0,35,65,high_vol_range,0.0,0,,,
2026-03-24T10:10:00+05:30,portfolio_hist,PREMIUM,SKIP,idle,22693.55,25.53,1.0,0.0,0.0,1.04,0.574,0.429,0,10,10,1,1,37,0,37,65,high_vol_range,0.0,0,,,
2026-03-24T10:15:00+05:30,portfolio_hist,PREMIUM,SKIP,idle,22711.4,25.5,1.0,0.0,0.0,1.04,0.496,0.374,0,10,15,1,1,42,0,42,65,high_vol_range,0.0,0,,,
2026-03-24T10:20:00+05:30,portfolio_hist,PREMIUM,SKIP,idle,22714.0,25.39,1.0,0.0,0.0,1.04,0.485,0.374,0,10,20,1,1,42,0,42,65,high_vol_range,0.0,0,,,
2026-03-24T10:25:00+05:30,portfolio_hist,PREMIUM,SKIP,idle,22760.0,25.4,1.0,0.0,0.0,1.04,0.283,0.374,0,10,25,1,1,49,0,49,65,high_vol_range,0.0,0,,,
2026-03-24T10:30:00+05:30,portfolio_hist,PREMIUM,SKIP,idle,22721.55,25.43,1.0,0.0,0.0,1.041,0.452,0.344,0,10,30,1,1,42,0,42,65,high_vol_range,0.0,0,,,
2026-03-24T10:35:00+05:30,portfolio_hist,PREMIUM,SKIP,idle,22660.9,25.5,1.0,0.0,0.0,1.04,0.717,0.421,0,10,35,1,1,37,0,37,65,high_vol_range,0.0,0,,,
2026-03-24T10:40:00+05:30,portfolio_hist,PREMIUM,SKIP,idle,22634.35,25.7,1.0,0.0,0.0,1.041,0.834,0.579,0,10,40,1,1,30,0,30,65,high_vol_range,0.0,0,,,
2026-03-24T10:45:00+05:30,portfolio_hist,PREMIUM,SKIP,idle,22665.9,25.59,1.0,0.0,0.0,1.041,0.696,0.579,0,10,45,1,1,30,0,30,65,high_vol_range,0.0,0,,,
2026-03-24T10:50:00+05:30,portfolio_hist,PREMIUM,SKIP,idle,22706.45,25.57,1.0,0.0,0.0,1.041,0.518,0.579,0,10,50,1,1,30,0,30,65,high_vol_range,0.0,0,,,
2026-03-24T10:55:00+05:30,portfolio_hist,PREMIUM,SKIP,idle,22672.8,25.67,1.0,0.0,0.0,1.041,0.665,0.565,0,10,55,1,1,30,0,30,65,high_vol_range,0.0,0,,,
2026-03-24T09:30:00+05:30,portfolio_hist,PREMIUM,SKIP,idle,22848.25,25.09,1.0,0.0,0.0,1.04,0.103,1.627,0,9,30,1,1,50,0,50,75,trending,0.0,0,,,
2026-03-24T09:35:00+05:30,portfolio_hist,PREMIUM,SKIP,idle,22819.1,25.18,1.0,0.0,0.0,1.04,0.024,1.627,0,9,35,1,1,50,0,50,75,trending,0.0,0,,,
2026-03-24T09:40:00+05:30,portfolio_hist,PREMIUM,SKIP,idle,22779.75,25.3,1.0,0.0,0.0,1.04,0.197,1.627,0,9,40,1,1,37,0,37,75,trending,0.0,0,,,
2026-03-24T09:45:00+05:30,portfolio_hist,PREMIUM,SKIP,idle,22719.05,25.47,1.0,0.0,0.0,1.04,0.463,0.505,0,9,45,1,1,35,0,35,75,high_vol_range,0.0,0,,,
2026-03-24T09:50:00+05:30,portfolio_hist,PREMIUM,SKIP,idle,22712.55,25.48,1.0,0.0,0.0,1.04,0.491,0.603,0,9,50,1,1,35,0,35,75,high_vol_range,0.0,0,,,
2026-03-24T09:55:00+05:30,portfolio_hist,PREMIUM,SKIP,idle,22755.45,25.34,1.0,0.0,0.0,1.04,0.303,0.603,0,9,55,1,1,35,0,35,75,high_vol_range,0.0,0,,,
2026-03-24T10:00:00+05:30,portfolio_hist,PREMIUM,SKIP,idle,22747.3,25.4,1.0,0.0,0.0,1.04,0.339,0.601,0,10,0,1,1,35,0,35,65,high_vol_range,0.0,0,,,
2026-03-24T10:05:00+05:30,portfolio_hist,PREMIUM,SKIP,idle,22715.0,25.54,1.0,0.0,0.0,1.041,0.48,0.517,0,10,5,1,1,35,0,35,65,high_vol_range,0.0,0,,,
2026-03-24T10:10:00+05:30,portfolio_hist,PREMIUM,SKIP,idle,22693.55,25.53,1.0,0.0,0.0,1.04,0.574,0.429,0,10,10,1,1,37,0,37,65,high_vol_range,0.0,0,,,
2026-03-24T10:15:00+05:30,portfolio_hist,PREMIUM,SKIP,idle,22711.4,25.5,1.0,0.0,0.0,1.04,0.496,0.374,0,10,15,1,1,42,0,42,65,high_vol_range,0.0,0,,,
2026-03-24T10:20:00+05:30,portfolio_hist,PREMIUM,SKIP,idle,22714.0,25.39,1.0,0.0,0.0,1.04,0.485,0.374,0,10,20,1,1,42,0,42,65,high_vol_range,0.0,0,,,
2026-03-24T10:25:00+05:30,portfolio_hist,PREMIUM,SKIP,idle,22760.0,25.4,1.0,0.0,0.0,1.04,0.283,0.374,0,10,25,1,1,49,0,49,65,high_vol_range,0.0,0,,,
2026-03-24T10:30:00+05:30,portfolio_hist,PREMIUM,SKIP,idle,22721.55,25.43,1.0,0.0,0.0,1.041,0.452,0.344,0,10,30,1,1,42,0,42,65,high_vol_range,0.0,0,,,
2026-03-24T10:35:00+05:30,portfolio_hist,PREMIUM,SKIP,idle,22660.9,25.5,1.0,0.0,0.0,1.04,0.717,0.421,0,10,35,1,1,37,0,37,65,high_vol_range,0.0,0,,,
2026-03-24T10:40:00+05:30,portfolio_hist,PREMIUM,SKIP,idle,22634.35,25.7,1.0,0.0,0.0,1.041,0.834,0.579,0,10,40,1,1,30,0,30,65,high_vol_range,0.0,0,,,
2026-03-24T10:45:00+05:30,portfolio_hist,PREMIUM,SKIP,idle,22665.9,25.59,1.0,0.0,0.0,1.041,0.696,0.579,0,10,45,1,1,30,0,30,65,high_vol_range,0.0,0,,,
2026-03-24T10:50:00+05:30,portfolio_hist,PREMIUM,SKIP,idle,22706.45,25.57,1.0,0.0,0.0,1.041,0.518,0.579,0,10,50,1,1,30,0,30,65,high_vol_range,0.0,0,,,
2026-03-24T10:55:00+05:30,portfolio_hist,PREMIUM,SKIP,idle,22672.8,25.67,1.0,0.0,0.0,1.041,0.665,0.565,0,10,55,1,1,30,0,30,65,high_vol_range,0.0,0,,,
2026-03-24T09:30:00+05:30,portfolio_hist,PREMIUM,SKIP,idle,22848.25,25.09,1.0,0.0,0.0,1.04,0.103,1.627,0,9,30,1,1,50,0,50,75,trending,0.0,0,,,
2026-03-24T09:35:00+05:30,portfolio_hist,PREMIUM,SKIP,idle,22819.1,25.18,1.0,0.0,0.0,1.04,0.024,1.627,0,9,35,1,1,50,0,50,75,trending,0.0,0,,,
2026-03-24T09:40:00+05:30,portfolio_hist,PREMIUM,SKIP,idle,22779.75,25.3,1.0,0.0,0.0,1.04,0.197,1.627,0,9,40,1,1,37,0,37,75,trending,0.0,0,,,
2026-03-24T09:45:00+05:30,portfolio_hist,PREMIUM,SKIP,idle,22719.05,25.47,1.0,0.0,0.0,1.04,0.463,0.505,0,9,45,1,1,35,0,35,75,high_vol_range,0.0,0,,,
2026-03-24T09:50:00+05:30,portfolio_hist,PREMIUM,SKIP,idle,22712.55,25.48,1.0,0.0,0.0,1.04,0.491,0.603,0,9,50,1,1,35,0,35,75,high_vol_range,0.0,0,,,
2026-03-24T09:55:00+05:30,portfolio_hist,PREMIUM,SKIP,idle,22755.45,25.34,1.0,0.0,0.0,1.04,0.303,0.603,0,9,55,1,1,35,0,35,75,high_vol_range,0.0,0,,,
2026-03-24T10:00:00+05:30,portfolio_hist,PREMIUM,SKIP,idle,22747.3,25.4,1.0,0.0,0.0,1.04,0.339,0.601,0,10,0,1,1,35,0,35,65,high_vol_range,0.0,0,,,
2026-03-24T10:05:00+05:30,portfolio_hist,PREMIUM,SKIP,idle,22715.0,25.54,1.0,0.0,0.0,1.041,0.48,0.517,0,10,5,1,1,35,0,35,65,high_vol_range,0.0,0,,,
2026-03-24T10:10:00+05:30,portfolio_hist,PREMIUM,SKIP,idle,22693.55,25.53,1.0,0.0,0.0,1.04,0.574,0.429,0,10,10,1,1,37,0,37,65,high_vol_range,0.0,0,,,
2026-03-24T10:15:00+05:30,portfolio_hist,PREMIUM,SKIP,idle,22711.4,25.5,1.0,0.0,0.0,1.04,0.496,0.374,0,10,15,1,1,42,0,42,65,high_vol_range,0.0,0,,,
2026-03-24T10:20:00+05:30,portfolio_hist,PREMIUM,SKIP,idle,22714.0,25.39,1.0,0.0,0.0,1.04,0.485,0.374,0,10,20,1,1,42,0,42,65,high_vol_range,0.0,0,,,
2026-03-24T10:25:00+05:30,portfolio_hist,PREMIUM,SKIP,idle,22760.0,25.4,1.0,0.0,0.0,1.04,0.283,0.374,0,10,25,1,1,49,0,49,65,high_vol_range,0.0,0,,,
2026-03-24T10:30:00+05:30,portfolio_hist,PREMIUM,SKIP,idle,22721.55,25.43,1.0,0.0,0.0,1.041,0.452,0.344,0,10,30,1,1,42,0,42,65,high_vol_range,0.0,0,,,
2026-03-24T10:35:00+05:30,portfolio_hist,PREMIUM,SKIP,idle,22660.9,25.5,1.0,0.0,0.0,1.04,0.717,0.421,0,10,35,1,1,37,0,37,65,high_vol_range,0.0,0,,,
2026-03-24T10:40:00+05:30,portfolio_hist,PREMIUM,SKIP,idle,22634.35,25.7,1.0,0.0,0.0,1.041,0.834,0.579,0,10,40,1,1,30,0,30,65,high_vol_range,0.0,0,,,
2026-03-24T10:45:00+05:30,portfolio_hist,PREMIUM,SKIP,idle,22665.9,25.59,1.0,0.0,0.0,1.041,0.696,0.579,0,10,45,1,1,30,0,30,65,high_vol_range,0.0,0,,,
2026-03-24T10:50:00+05:30,portfolio_hist,PREMIUM,SKIP,idle,22706.45,25.57,1.0,0.0,0.0,1.041,0.518,0.579,0,10,50,1,1,30,0,30,65,high_vol_range,0.0,0,,,
2026-03-24T10:55:00+05:30,portfolio_hist,PREMIUM,SKIP,idle,22672.8,25.67,1.0,0.0,0.0,1.041,0.665,0.565,0,10,55,1,1,30,0,30,65,high_vol_range,0.0,0,,,
2026-03-24T09:30:00+05:30,portfolio_hist,PREMIUM,SKIP,idle,22848.25,25.09,1.0,0.0,0.0,1.04,0.103,1.627,0,9,30,1,1,50,0,50,75,trending,0.0,0,,,
2026-03-24T09:35:00+05:30,portfolio_hist,PREMIUM,SKIP,idle,22819.1,25.18,1.0,0.0,0.0,1.04,0.024,1.627,0,9,35,1,1,50,0,50,75,trending,0.0,0,,,
2026-03-24T09:40:00+05:30,portfolio_hist,PREMIUM,SKIP,idle,22779.75,25.3,1.0,0.0,0.0,1.04,0.197,1.627,0,9,40,1,1,37,0,37,75,trending,0.0,0,,,
2026-03-24T09:45:00+05:30,portfolio_hist,PREMIUM,SKIP,idle,22719.05,25.47,1.0,0.0,0.0,1.04,0.463,0.505,0,9,45,1,1,35,0,35,75,high_vol_range,0.0,0,,,
2026-03-24T09:50:00+05:30,portfolio_hist,PREMIUM,SKIP,idle,22712.55,25.48,1.0,0.0,0.0,1.04,0.491,0.603,0,9,50,1,1,35,0,35,75,high_vol_range,0.0,0,,,
2026-03-24T09:55:00+05:30,portfolio_hist,PREMIUM,SKIP,idle,22755.45,25.34,1.0,0.0,0.0,1.04,0.303,0.603,0,9,55,1,1,35,0,35,75,high_vol_range,0.0,0,,,
2026-03-24T10:00:00+05:30,portfolio_hist,PREMIUM,SKIP,idle,22747.3,25.4,1.0,0.0,0.0,1.04,0.339,0.601,0,10,0,1,1,35,0,35,65,high_vol_range,0.0,0,,,
2026-03-24T10:05:00+05:30,portfolio_hist,PREMIUM,SKIP,idle,22715.0,25.54,1.0,0.0,0.0,1.041,0.48,0.517,0,10,5,1,1,35,0,35,65,high_vol_range,0.0,0,,,
2026-03-24T10:10:00+05:30,portfolio_hist,PREMIUM,SKIP,idle,22693.55,25.53,1.0,0.0,0.0,1.04,0.574,0.429,0,10,10,1,1,37,0,37,65,high_vol_range,0.0,0,,,
2026-03-24T10:15:00+05:30,portfolio_hist,PREMIUM,SKIP,idle,22711.4,25.5,1.0,0.0,0.0,1.04,0.496,0.374,0,10,15,1,1,42,0,42,65,high_vol_range,0.0,0,,,
2026-03-24T10:20:00+05:30,portfolio_hist,PREMIUM,SKIP,idle,22714.0,25.39,1.0,0.0,0.0,1.04,0.485,0.374,0,10,20,1,1,42,0,42,65,high_vol_range,0.0,0,,,
2026-03-24T10:25:00+05:30,portfolio_hist,PREMIUM,SKIP,idle,22760.0,25.4,1.0,0.0,0.0,1.04,0.283,0.374,0,10,25,1,1,49,0,49,65,high_vol_range,0.0,0,,,
2026-03-24T10:30:00+05:30,portfolio_hist,PREMIUM,SKIP,idle,22721.55,25.43,1.0,0.0,0.0,1.041,0.452,0.344,0,10,30,1,1,42,0,42,65,high_vol_range,0.0,0,,,
2026-03-24T10:35:00+05:30,portfolio_hist,PREMIUM,SKIP,idle,22660.9,25.5,1.0,0.0,0.0,1.04,0.717,0.421,0,10,35,1,1,37,0,37,65,high_vol_range,0.0,0,,,
2026-03-24T10:40:00+05:30,portfolio_hist,PREMIUM,SKIP,idle,22634.35,25.7,1.0,0.0,0.0,1.041,0.834,0.579,0,10,40,1,1,30,0,30,65,high_vol_range,0.0,0,,,
2026-03-24T10:45:00+05:30,portfolio_hist,PREMIUM,SKIP,idle,22665.9,25.59,1.0,0.0,0.0,1.041,0.696,0.579,0,10,45,1,1,30,0,30,65,high_vol_range,0.0,0,,,
2026-03-24T10:50:00+05:30,portfolio_hist,PREMIUM,SKIP,idle,22706.45,25.57,1.0,0.0,0.0,1.041,0.518,0.579,0,10,50,1,1,30,0,30,65,high_vol_range,0.0,0,,,
2026-03-24T10:55:00+05:30,portfolio_hist,PREMIUM,SKIP,idle,22672.8,25.67,1.0,0.0,0.0,1.041,0.665,0.565,0,10,55,1,1,30,0,30,65,high_vol_range,0.0,0,,,
2026-03-24T09:30:00+05:30,portfolio_hist,PREMIUM,SKIP,idle,22848.25,25.09,1.0,0.0,0.0,1.04,0.103,1.627,0,9,30,1,1,50,0,50,75,trending,0.0,0,,,
2026-03-24T09:35:00+05:30,portfolio_hist,PREMIUM,SKIP,idle,22819.1,25.18,1.0,0.0,0.0,1.04,0.024,1.627,0,9,35,1,1,50,0,50,75,trending,0.0,0,,,
2026-03-24T09:40:00+05:30,portfolio_hist,PREMIUM,SKIP,idle,22779.75,25.3,1.0,0.0,0.0,1.04,0.197,1.627,0,9,40,1,1,37,0,37,75,trending,0.0,0,,,
2026-03-24T09:45:00+05:30,portfolio_hist,PREMIUM,SKIP,idle,22719.05,25.47,1.0,0.0,0.0,1.04,0.463,0.505,0,9,45,1,1,35,0,35,75,high_vol_range,0.0,0,,,
2026-03-24T09:50:00+05:30,portfolio_hist,PREMIUM,SKIP,idle,22712.55,25.48,1.0,0.0,0.0,1.04,0.491,0.603,0,9,50,1,1,35,0,35,75,high_vol_range,0.0,0,,,
2026-03-24T09:55:00+05:30,portfolio_hist,PREMIUM,SKIP,idle,22755.45,25.34,1.0,0.0,0.0,1.04,0.303,0.603,0,9,55,1,1,35,0,35,75,high_vol_range,0.0,0,,,
2026-03-24T10:00:00+05:30,portfolio_hist,PREMIUM,SKIP,idle,22747.3,25.4,1.0,0.0,0.0,1.04,0.339,0.601,0,10,0,1,1,35,0,35,65,high_vol_range,0.0,0,,,
2026-03-24T10:05:00+05:30,portfolio_hist,PREMIUM,SKIP,idle,22715.0,25.54,1.0,0.0,0.0,1.041,0.48,0.517,0,10,5,1,1,35,0,35,65,high_vol_range,0.0,0,,,
2026-03-24T10:10:00+05:30,portfolio_hist,PREMIUM,SKIP,idle,22693.55,25.53,1.0,0.0,0.0,1.04,0.574,0.429,0,10,10,1,1,37,0,37,65,high_vol_range,0.0,0,,,
2026-03-24T10:15:00+05:30,portfolio_hist,PREMIUM,SKIP,idle,22711.4,25.5,1.0,0.0,0.0,1.04,0.496,0.374,0,10,15,1,1,42,0,42,65,high_vol_range,0.0,0,,,
2026-03-24T10:20:00+05:30,portfolio_hist,PREMIUM,SKIP,idle,22714.0,25.39,1.0,0.0,0.0,1.04,0.485,0.374,0,10,20,1,1,42,0,42,65,high_vol_range,0.0,0,,,
2026-03-24T10:25:00+05:30,portfolio_hist,PREMIUM,SKIP,idle,22760.0,25.4,1.0,0.0,0.0,1.04,0.283,0.374,0,10,25,1,1,49,0,49,65,high_vol_range,0.0,0,,,
2026-03-24T10:30:00+05:30,portfolio_hist,PREMIUM,SKIP,idle,22721.55,25.43,1.0,0.0,0.0,1.041,0.452,0.344,0,10,30,1,1,42,0,42,65,high_vol_range,0.0,0,,,
2026-03-24T10:35:00+05:30,portfolio_hist,PREMIUM,SKIP,idle,22660.9,25.5,1.0,0.0,0.0,1.04,0.717,0.421,0,10,35,1,1,37,0,37,65,high_vol_range,0.0,0,,,
2026-03-24T10:40:00+05:30,portfolio_hist,PREMIUM,SKIP,idle,22634.35,25.7,1.0,0.0,0.0,1.041,0.834,0.579,0,10,40,1,1,30,0,30,65,high_vol_range,0.0,0,,,
2026-03-24T10:45:00+05:30,portfolio_hist,PREMIUM,SKIP,idle,22665.9,25.59,1.0,0.0,0.0,1.041,0.696,0.579,0,10,45,1,1,30,0,30,65,high_vol_range,0.0,0,,,
2026-03-24T10:50:00+05:30,portfolio_hist,PREMIUM,SKIP,idle,22706.45,25.57,1.0,0.0,0.0,1.041,0.518,0.579,0,10,50,1,1,30,0,30,65,high_vol_range,0.0,0,,,
2026-03-24T10:55:00+05:30,portfolio_hist,PREMIUM,SKIP,idle,22672.8,25.67,1.0,0.0,0.0,1.041,0.665,0.565,0,10,55,1,1,30,0,30,65,high_vol_range,0.0,0,,,
2026-03-24T09:30:00+05:30,portfolio_hist,PREMIUM,SKIP,idle,22848.25,25.09,1.0,0.0,0.0,1.04,0.103,1.627,0,9,30,1,1,50,0,50,75,trending,0.0,0,,,
2026-03-24T09:35:00+05:30,portfolio_hist,PREMIUM,SKIP,idle,22819.1,25.18,1.0,0.0,0.0,1.04,0.024,1.627,0,9,35,1,1,50,0,50,75,trending,0.0,0,,,
2026-03-24T09:40:00+05:30,portfolio_hist,PREMIUM,SKIP,idle,22779.75,25.3,1.0,0.0,0.0,1.04,0.197,1.627,0,9,40,1,1,37,0,37,75,trending,0.0,0,,,
2026-03-24T09:45:00+05:30,portfolio_hist,PREMIUM,SKIP,idle,22719.05,25.47,1.0,0.0,0.0,1.04,0.463,0.505,0,9,45,1,1,35,0,35,75,high_vol_range,0.0,0,,,
2026-03-24T09:50:00+05:30,portfolio_hist,PREMIUM,SKIP,idle,22712.55,25.48,1.0,0.0,0.0,1.04,0.491,0.603,0,9,50,1,1,35,0,35,75,high_vol_range,0.0,0,,,
2026-03-24T09:55:00+05:30,portfolio_hist,PREMIUM,SKIP,idle,22755.45,25.34,1.0,0.0,0.0,1.04,0.303,0.603,0,9,55,1,1,35,0,35,75,high_vol_range,0.0,0,,,
2026-03-24T10:00:00+05:30,portfolio_hist,PREMIUM,SKIP,idle,22747.3,25.4,1.0,0.0,0.0,1.04,0.339,0.601,0,10,0,1,1,35,0,35,65,high_vol_range,0.0,0,,,
2026-03-24T10:05:00+05:30,portfolio_hist,PREMIUM,SKIP,idle,22715.0,25.54,1.0,0.0,0.0,1.041,0.48,0.517,0,10,5,1,1,35,0,35,65,high_vol_range,0.0,0,,,
2026-03-24T10:10:00+05:30,portfolio_hist,PREMIUM,SKIP,idle,22693.55,25.53,1.0,0.0,0.0,1.04,0.574,0.429,0,10,10,1,1,37,0,37,65,high_vol_range,0.0,0,,,
2026-03-24T10:15:00+05:30,portfolio_hist,PREMIUM,SKIP,idle,22711.4,25.5,1.0,0.0,0.0,1.04,0.496,0.374,0,10,15,1,1,42,0,42,65,high_vol_range,0.0,0,,,
2026-03-24T10:20:00+05:30,portfolio_hist,PREMIUM,SKIP,idle,22714.0,25.39,1.0,0.0,0.0,1.04,0.485,0.374,0,10,20,1,1,42,0,42,65,high_vol_range,0.0,0,,,
2026-03-24T10:25:00+05:30,portfolio_hist,PREMIUM,SKIP,idle,22760.0,25.4,1.0,0.0,0.0,1.04,0.283,0.374,0,10,25,1,1,49,0,49,65,high_vol_range,0.0,0,,,
2026-03-24T10:30:00+05:30,portfolio_hist,PREMIUM,SKIP,idle,22721.55,25.43,1.0,0.0,0.0,1.041,0.452,0.344,0,10,30,1,1,42,0,42,65,high_vol_range,0.0,0,,,
2026-03-24T10:35:00+05:30,portfolio_hist,PREMIUM,SKIP,idle,22660.9,25.5,1.0,0.0,0.0,1.04,0.717,0.421,0,10,35,1,1,37,0,37,65,high_vol_range,0.0,0,,,
2026-03-24T10:40:00+05:30,portfolio_hist,PREMIUM,SKIP,idle,22634.35,25.7,1.0,0.0,0.0,1.041,0.834,0.579,0,10,40,1,1,30,0,30,65,high_vol_range,0.0,0,,,
2026-03-24T10:45:00+05:30,portfolio_hist,PREMIUM,SKIP,idle,22665.9,25.59,1.0,0.0,0.0,1.041,0.696,0.579,0,10,45,1,1,30,0,30,65,high_vol_range,0.0,0,,,
2026-03-24T10:50:00+05:30,portfolio_hist,PREMIUM,SKIP,idle,22706.45,25.57,1.0,0.0,0.0,1.041,0.518,0.579,0,10,50,1,1,30,0,30,65,high_vol_range,0.0,0,,,
2026-03-24T10:55:00+05:30,portfolio_hist,PREMIUM,SKIP,idle,22672.8,25.67,1.0,0.0,0.0,1.041,0.665,0.565,0,10,55,1,1,30,0,30,65,high_vol_range,0.0,0,,,
2026-03-24T09:30:00+05:30,portfolio_hist,PREMIUM,SKIP,idle,22848.25,25.09,1.0,0.0,0.0,1.04,0.103,1.627,0,9,30,1,1,50,0,50,75,trending,0.0,0,,,
2026-03-24T09:35:00+05:30,portfolio_hist,PREMIUM,SKIP,idle,22819.1,25.18,1.0,0.0,0.0,1.04,0.024,1.627,0,9,35,1,1,50,0,50,75,trending,0.0,0,,,
2026-03-24T09:40:00+05:30,portfolio_hist,PREMIUM,SKIP,idle,22779.75,25.3,1.0,0.0,0.0,1.04,0.197,1.627,0,9,40,1,1,37,0,37,75,trending,0.0,0,,,
2026-03-24T09:45:00+05:30,portfolio_hist,PREMIUM,SKIP,idle,22719.05,25.47,1.0,0.0,0.0,1.04,0.463,0.505,0,9,45,1,1,35,0,35,75,high_vol_range,0.0,0,,,
2026-03-24T09:50:00+05:30,portfolio_hist,PREMIUM,SKIP,idle,22712.55,25.48,1.0,0.0,0.0,1.04,0.491,0.603,0,9,50,1,1,35,0,35,75,high_vol_range,0.0,0,,,
2026-03-24T09:55:00+05:30,portfolio_hist,PREMIUM,SKIP,idle,22755.45,25.34,1.0,0.0,0.0,1.04,0.303,0.603,0,9,55,1,1,35,0,35,75,high_vol_range,0.0,0,,,
2026-03-24T10:00:00+05:30,portfolio_hist,PREMIUM,SKIP,idle,22747.3,25.4,1.0,0.0,0.0,1.04,0.339,0.601,0,10,0,1,1,35,0,35,65,high_vol_range,0.0,0,,,
2026-03-24T10:05:00+05:30,portfolio_hist,PREMIUM,SKIP,idle,22715.0,25.54,1.0,0.0,0.0,1.041,0.48,0.517,0,10,5,1,1,35,0,35,65,high_vol_range,0.0,0,,,
2026-03-24T10:10:00+05:30,portfolio_hist,PREMIUM,SKIP,idle,22693.55,25.53,1.0,0.0,0.0,1.04,0.574,0.429,0,10,10,1,1,37,0,37,65,high_vol_range,0.0,0,,,
2026-03-24T10:15:00+05:30,portfolio_hist,PREMIUM,SKIP,idle,22711.4,25.5,1.0,0.0,0.0,1.04,0.496,0.374,0,10,15,1,1,42,0,42,65,high_vol_range,0.0,0,,,
2026-03-24T10:20:00+05:30,portfolio_hist,PREMIUM,SKIP,idle,22714.0,25.39,1.0,0.0,0.0,1.04,0.485,0.374,0,10,20,1,1,42,0,42,65,high_vol_range,0.0,0,,,
2026-03-24T10:25:00+05:30,portfolio_hist,PREMIUM,SKIP,idle,22760.0,25.4,1.0,0.0,0.0,1.04,0.283,0.374,0,10,25,1,1,49,0,49,65,high_vol_range,0.0,0,,,
2026-03-24T10:30:00+05:30,portfolio_hist,PREMIUM,SKIP,idle,22721.55,25.43,1.0,0.0,0.0,1.041,0.452,0.344,0,10,30,1,1,42,0,42,65,high_vol_range,0.0,0,,,
2026-03-24T10:35:00+05:30,portfolio_hist,PREMIUM,SKIP,idle,22660.9,25.5,1.0,0.0,0.0,1.04,0.717,0.421,0,10,35,1,1,37,0,37,65,high_vol_range,0.0,0,,,
2026-03-24T10:40:00+05:30,portfolio_hist,PREMIUM,SKIP,idle,22634.35,25.7,1.0,0.0,0.0,1.041,0.834,0.579,0,10,40,1,1,30,0,30,65,high_vol_range,0.0,0,,,
2026-03-24T10:45:00+05:30,portfolio_hist,PREMIUM,SKIP,idle,22665.9,25.59,1.0,0.0,0.0,1.041,0.696,0.579,0,10,45,1,1,30,0,30,65,high_vol_range,0.0,0,,,
2026-03-24T10:50:00+05:30,portfolio_hist,PREMIUM,SKIP,idle,22706.45,25.57,1.0,0.0,0.0,1.041,0.518,0.579,0,10,50,1,1,30,0,30,65,high_vol_range,0.0,0,,,
2026-03-24T10:55:00+05:30,portfolio_hist,PREMIUM,SKIP,idle,22672.8,25.67,1.0,0.0,0.0,1.041,0.665,0.565,0,10,55,1,1,30,0,30,65,high_vol_range,0.0,0,,,
2026-03-24T09:30:00+05:30,portfolio_hist,PREMIUM,SKIP,idle,22848.25,25.09,1.0,0.0,0.0,1.04,0.103,1.627,0,9,30,1,1,50,0,50,75,trending,0.0,0,,,
2026-03-24T09:35:00+05:30,portfolio_hist,PREMIUM,SKIP,idle,22819.1,25.18,1.0,0.0,0.0,1.04,0.024,1.627,0,9,35,1,1,50,0,50,75,trending,0.0,0,,,
2026-03-24T09:40:00+05:30,portfolio_hist,PREMIUM,SKIP,idle,22779.75,25.3,1.0,0.0,0.0,1.04,0.197,1.627,0,9,40,1,1,37,0,37,75,trending,0.0,0,,,
2026-03-24T09:45:00+05:30,portfolio_hist,PREMIUM,SKIP,idle,22719.05,25.47,1.0,0.0,0.0,1.04,0.463,0.505,0,9,45,1,1,35,0,35,75,high_vol_range,0.0,0,,,
2026-03-24T09:50:00+05:30,portfolio_hist,PREMIUM,SKIP,idle,22712.55,25.48,1.0,0.0,0.0,1.04,0.491,0.603,0,9,50,1,1,35,0,35,75,high_vol_range,0.0,0,,,
2026-03-24T09:55:00+05:30,portfolio_hist,PREMIUM,SKIP,idle,22755.45,25.34,1.0,0.0,0.0,1.04,0.303,0.603,0,9,55,1,1,35,0,35,75,high_vol_range,0.0,0,,,
2026-03-24T10:00:00+05:30,portfolio_hist,PREMIUM,SKIP,idle,22747.3,25.4,1.0,0.0,0.0,1.04,0.339,0.601,0,10,0,1,1,35,0,35,65,high_vol_range,0.0,0,,,
2026-03-24T10:05:00+05:30,portfolio_hist,PREMIUM,SKIP,idle,22715.0,25.54,1.0,0.0,0.0,1.041,0.48,0.517,0,10,5,1,1,35,0,35,65,high_vol_range,0.0,0,,,
2026-03-24T10:10:00+05:30,portfolio_hist,PREMIUM,SKIP,idle,22693.55,25.53,1.0,0.0,0.0,1.04,0.574,0.429,0,10,10,1,1,37,0,37,65,high_vol_range,0.0,0,,,
2026-03-24T10:15:00+05:30,portfolio_hist,PREMIUM,SKIP,idle,22711.4,25.5,1.0,0.0,0.0,1.04,0.496,0.374,0,10,15,1,1,42,0,42,65,high_vol_range,0.0,0,,,
2026-03-24T10:20:00+05:30,portfolio_hist,PREMIUM,SKIP,idle,22714.0,25.39,1.0,0.0,0.0,1.04,0.485,0.374,0,10,20,1,1,42,0,42,65,high_vol_range,0.0,0,,,
2026-03-24T10:25:00+05:30,portfolio_hist,PREMIUM,SKIP,idle,22760.0,25.4,1.0,0.0,0.0,1.04,0.283,0.374,0,10,25,1,1,49,0,49,65,high_vol_range,0.0,0,,,
2026-03-24T10:30:00+05:30,portfolio_hist,PREMIUM,SKIP,idle,22721.55,25.43,1.0,0.0,0.0,1.041,0.452,0.344,0,10,30,1,1,42,0,42,65,high_vol_range,0.0,0,,,
2026-03-24T10:35:00+05:30,portfolio_hist,PREMIUM,SKIP,idle,22660.9,25.5,1.0,0.0,0.0,1.04,0.717,0.421,0,10,35,1,1,37,0,37,65,high_vol_range,0.0,0,,,
2026-03-24T10:40:00+05:30,portfolio_hist,PREMIUM,SKIP,idle,22634.35,25.7,1.0,0.0,0.0,1.041,0.834,0.579,0,10,40,1,1,30,0,30,65,high_vol_range,0.0,0,,,
2026-03-24T10:45:00+05:30,portfolio_hist,PREMIUM,SKIP,idle,22665.9,25.59,1.0,0.0,0.0,1.041,0.696,0.579,0,10,45,1,1,30,0,30,65,high_vol_range,0.0,0,,,
2026-03-24T10:50:00+05:30,portfolio_hist,PREMIUM,SKIP,idle,22706.45,25.57,1.0,0.0,0.0,1.041,0.518,0.579,0,10,50,1,1,30,0,30,65,high_vol_range,0.0,0,,,
2026-03-24T10:55:00+05:30,portfolio_hist,PREMIUM,SKIP,idle,22672.8,25.67,1.0,0.0,0.0,1.041,0.665,0.565,0,10,55,1,1,30,0,30,65,high_vol_range,0.0,0,,,
2026-03-24T09:30:00+05:30,portfolio_hist,PREMIUM,SKIP,idle,22848.25,25.09,1.0,0.0,0.0,1.04,0.103,1.627,0,9,30,1,1,50,0,50,75,trending,0.0,0,,,
2026-03-24T09:35:00+05:30,portfolio_hist,PREMIUM,SKIP,idle,22819.1,25.18,1.0,0.0,0.0,1.04,0.024,1.627,0,9,35,1,1,50,0,50,75,trending,0.0,0,,,
2026-03-24T09:40:00+05:30,portfolio_hist,PREMIUM,SKIP,idle,22779.75,25.3,1.0,0.0,0.0,1.04,0.197,1.627,0,9,40,1,1,37,0,37,75,trending,0.0,0,,,
2026-03-24T09:45:00+05:30,portfolio_hist,PREMIUM,SKIP,idle,22719.05,25.47,1.0,0.0,0.0,1.04,0.463,0.505,0,9,45,1,1,35,0,35,75,high_vol_range,0.0,0,,,
2026-03-24T09:50:00+05:30,portfolio_hist,PREMIUM,SKIP,idle,22712.55,25.48,1.0,0.0,0.0,1.04,0.491,0.603,0,9,50,1,1,35,0,35,75,high_vol_range,0.0,0,,,
2026-03-24T09:55:00+05:30,portfolio_hist,PREMIUM,SKIP,idle,22755.45,25.34,1.0,0.0,0.0,1.04,0.303,0.603,0,9,55,1,1,35,0,35,75,high_vol_range,0.0,0,,,
2026-03-24T10:00:00+05:30,portfolio_hist,PREMIUM,SKIP,idle,22747.3,25.4,1.0,0.0,0.0,1.04,0.339,0.601,0,10,0,1,1,35,0,35,65,high_vol_range,0.0,0,,,
2026-03-24T10:05:00+05:30,portfolio_hist,PREMIUM,SKIP,idle,22715.0,25.54,1.0,0.0,0.0,1.041,0.48,0.517,0,10,5,1,1,35,0,35,65,high_vol_range,0.0,0,,,
2026-03-24T10:10:00+05:30,portfolio_hist,PREMIUM,SKIP,idle,22693.55,25.53,1.0,0.0,0.0,1.04,0.574,0.429,0,10,10,1,1,37,0,37,65,high_vol_range,0.0,0,,,
2026-03-24T10:15:00+05:30,portfolio_hist,PREMIUM,SKIP,idle,22711.4,25.5,1.0,0.0,0.0,1.04,0.496,0.374,0,10,15,1,1,42,0,42,65,high_vol_range,0.0,0,,,
2026-03-24T10:20:00+05:30,portfolio_hist,PREMIUM,SKIP,idle,22714.0,25.39,1.0,0.0,0.0,1.04,0.485,0.374,0,10,20,1,1,42,0,42,65,high_vol_range,0.0,0,,,
2026-03-24T10:25:00+05:30,portfolio_hist,PREMIUM,SKIP,idle,22760.0,25.4,1.0,0.0,0.0,1.04,0.283,0.374,0,10,25,1,1,49,0,49,65,high_vol_range,0.0,0,,,
2026-03-24T10:30:00+05:30,portfolio_hist,PREMIUM,SKIP,idle,22721.55,25.43,1.0,0.0,0.0,1.041,0.452,0.344,0,10,30,1,1,42,0,42,65,high_vol_range,0.0,0,,,
2026-03-24T10:35:00+05:30,portfolio_hist,PREMIUM,SKIP,idle,22660.9,25.5,1.0,0.0,0.0,1.04,0.717,0.421,0,10,35,1,1,37,0,37,65,high_vol_range,0.0,0,,,
2026-03-24T10:40:00+05:30,portfolio_hist,PREMIUM,SKIP,idle,22634.35,25.7,1.0,0.0,0.0,1.041,0.834,0.579,0,10,40,1,1,30,0,30,65,high_vol_range,0.0,0,,,
2026-03-24T10:45:00+05:30,portfolio_hist,PREMIUM,SKIP,idle,22665.9,25.59,1.0,0.0,0.0,1.041,0.696,0.579,0,10,45,1,1,30,0,30,65,high_vol_range,0.0,0,,,
2026-03-24T10:50:00+05:30,portfolio_hist,PREMIUM,SKIP,idle,22706.45,25.57,1.0,0.0,0.0,1.041,0.518,0.579,0,10,50,1,1,30,0,30,65,high_vol_range,0.0,0,,,
2026-03-24T10:55:00+05:30,portfolio_hist,PREMIUM,SKIP,idle,22672.8,25.67,1.0,0.0,0.0,1.041,0.665,0.565,0,10,55,1,1,30,0,30,65,high_vol_range,0.0,0,,,
2026-03-24T09:30:00+05:30,portfolio_hist,PREMIUM,SKIP,idle,22848.25,25.09,1.0,0.0,0.0,1.04,0.103,1.627,0,9,30,1,1,50,0,50,75,trending,0.0,0,,,
2026-03-24T09:35:00+05:30,portfolio_hist,PREMIUM,SKIP,idle,22819.1,25.18,1.0,0.0,0.0,1.04,0.024,1.627,0,9,35,1,1,50,0,50,75,trending,0.0,0,,,
2026-03-24T09:40:00+05:30,portfolio_hist,PREMIUM,SKIP,idle,22779.75,25.3,1.0,0.0,0.0,1.04,0.197,1.627,0,9,40,1,1,37,0,37,75,trending,0.0,0,,,
2026-03-24T09:45:00+05:30,portfolio_hist,PREMIUM,SKIP,idle,22719.05,25.47,1.0,0.0,0.0,1.04,0.463,0.505,0,9,45,1,1,35,0,35,75,high_vol_range,0.0,0,,,
2026-03-24T09:50:00+05:30,portfolio_hist,PREMIUM,SKIP,idle,22712.55,25.48,1.0,0.0,0.0,1.04,0.491,0.603,0,9,50,1,1,35,0,35,75,high_vol_range,0.0,0,,,
2026-03-24T09:55:00+05:30,portfolio_hist,PREMIUM,SKIP,idle,22755.45,25.34,1.0,0.0,0.0,1.04,0.303,0.603,0,9,55,1,1,35,0,35,75,high_vol_range,0.0,0,,,
2026-03-24T10:00:00+05:30,portfolio_hist,PREMIUM,SKIP,idle,22747.3,25.4,1.0,0.0,0.0,1.04,0.339,0.601,0,10,0,1,1,35,0,35,65,high_vol_range,0.0,0,,,
2026-03-24T10:05:00+05:30,portfolio_hist,PREMIUM,SKIP,idle,22715.0,25.54,1.0,0.0,0.0,1.041,0.48,0.517,0,10,5,1,1,35,0,35,65,high_vol_range,0.0,0,,,
2026-03-24T10:10:00+05:30,portfolio_hist,PREMIUM,SKIP,idle,22693.55,25.53,1.0,0.0,0.0,1.04,0.574,0.429,0,10,10,1,1,37,0,37,65,high_vol_range,0.0,0,,,
2026-03-24T10:15:00+05:30,portfolio_hist,PREMIUM,SKIP,idle,22711.4,25.5,1.0,0.0,0.0,1.04,0.496,0.374,0,10,15,1,1,42,0,42,65,high_vol_range,0.0,0,,,
2026-03-24T10:20:00+05:30,portfolio_hist,PREMIUM,SKIP,idle,22714.0,25.39,1.0,0.0,0.0,1.04,0.485,0.374,0,10,20,1,1,42,0,42,65,high_vol_range,0.0,0,,,
2026-03-24T10:25:00+05:30,portfolio_hist,PREMIUM,SKIP,idle,22760.0,25.4,1.0,0.0,0.0,1.04,0.283,0.374,0,10,25,1,1,49,0,49,65,high_vol_range,0.0,0,,,
2026-03-24T10:30:00+05:30,portfolio_hist,PREMIUM,SKIP,idle,22721.55,25.43,1.0,0.0,0.0,1.041,0.452,0.344,0,10,30,1,1,42,0,42,65,high_vol_range,0.0,0,,,
2026-03-24T10:35:00+05:30,portfolio_hist,PREMIUM,SKIP,idle,22660.9,25.5,1.0,0.0,0.0,1.04,0.717,0.421,0,10,35,1,1,37,0,37,65,high_vol_range,0.0,0,,,
2026-03-24T10:40:00+05:30,portfolio_hist,PREMIUM,SKIP,idle,22634.35,25.7,1.0,0.0,0.0,1.041,0.834,0.579,0,10,40,1,1,30,0,30,65,high_vol_range,0.0,0,,,
2026-03-24T10:45:00+05:30,portfolio_hist,PREMIUM,SKIP,idle,22665.9,25.59,1.0,0.0,0.0,1.041,0.696,0.579,0,10,45,1,1,30,0,30,65,high_vol_range,0.0,0,,,
2026-03-24T10:50:00+05:30,portfolio_hist,PREMIUM,SKIP,idle,22706.45,25.57,1.0,0.0,0.0,1.041,0.518,0.579,0,10,50,1,1,30,0,30,65,high_vol_range,0.0,0,,,
2026-03-24T10:55:00+05:30,portfolio_hist,PREMIUM,SKIP,idle,22672.8,25.67,1.0,0.0,0.0,1.041,0.665,0.565,0,10,55,1,1,30,0,30,65,high_vol_range,0.0,0,,,
2026-03-24T09:30:00+05:30,portfolio_hist,PREMIUM,SKIP,idle,22848.25,25.09,1.0,0.0,0.0,1.04,0.103,1.627,0,9,30,1,1,50,0,50,75,trending,0.0,0,,,
2026-03-24T09:35:00+05:30,portfolio_hist,PREMIUM,SKIP,idle,22819.1,25.18,1.0,0.0,0.0,1.04,0.024,1.627,0,9,35,1,1,50,0,50,75,trending,0.0,0,,,
2026-03-24T09:40:00+05:30,portfolio_hist,PREMIUM,SKIP,idle,22779.75,25.3,1.0,0.0,0.0,1.04,0.197,1.627,0,9,40,1,1,37,0,37,75,trending,0.0,0,,,
2026-03-24T09:45:00+05:30,portfolio_hist,PREMIUM,SKIP,idle,22719.05,25.47,1.0,0.0,0.0,1.04,0.463,0.505,0,9,45,1,1,35,0,35,75,high_vol_range,0.0,0,,,
2026-03-24T09:50:00+05:30,portfolio_hist,PREMIUM,SKIP,idle,22712.55,25.48,1.0,0.0,0.0,1.04,0.491,0.603,0,9,50,1,1,35,0,35,75,high_vol_range,0.0,0,,,
2026-03-24T09:55:00+05:30,portfolio_hist,PREMIUM,SKIP,idle,22755.45,25.34,1.0,0.0,0.0,1.04,0.303,0.603,0,9,55,1,1,35,0,35,75,high_vol_range,0.0,0,,,
2026-03-24T10:00:00+05:30,portfolio_hist,PREMIUM,SKIP,idle,22747.3,25.4,1.0,0.0,0.0,1.04,0.339,0.601,0,10,0,1,1,35,0,35,65,high_vol_range,0.0,0,,,
2026-03-24T10:05:00+05:30,portfolio_hist,PREMIUM,SKIP,idle,22715.0,25.54,1.0,0.0,0.0,1.041,0.48,0.517,0,10,5,1,1,35,0,35,65,high_vol_range,0.0,0,,,
2026-03-24T10:10:00+05:30,portfolio_hist,PREMIUM,SKIP,idle,22693.55,25.53,1.0,0.0,0.0,1.04,0.574,0.429,0,10,10,1,1,37,0,37,65,high_vol_range,0.0,0,,,
2026-03-24T10:15:00+05:30,portfolio_hist,PREMIUM,SKIP,idle,22711.4,25.5,1.0,0.0,0.0,1.04,0.496,0.374,0,10,15,1,1,42,0,42,65,high_vol_range,0.0,0,,,
2026-03-24T10:20:00+05:30,portfolio_hist,PREMIUM,SKIP,idle,22714.0,25.39,1.0,0.0,0.0,1.04,0.485,0.374,0,10,20,1,1,42,0,42,65,high_vol_range,0.0,0,,,
2026-03-24T10:25:00+05:30,portfolio_hist,PREMIUM,SKIP,idle,22760.0,25.4,1.0,0.0,0.0,1.04,0.283,0.374,0,10,25,1,1,49,0,49,65,high_vol_range,0.0,0,,,
2026-03-24T10:30:00+05:30,portfolio_hist,PREMIUM,SKIP,idle,22721.55,25.43,1.0,0.0,0.0,1.041,0.452,0.344,0,10,30,1,1,42,0,42,65,high_vol_range,0.0,0,,,
2026-03-24T10:35:00+05:30,portfolio_hist,PREMIUM,SKIP,idle,22660.9,25.5,1.0,0.0,0.0,1.04,0.717,0.421,0,10,35,1,1,37,0,37,65,high_vol_range,0.0,0,,,
2026-03-24T10:40:00+05:30,portfolio_hist,PREMIUM,SKIP,idle,22634.35,25.7,1.0,0.0,0.0,1.041,0.834,0.579,0,10,40,1,1,30,0,30,65,high_vol_range,0.0,0,,,
2026-03-24T10:45:00+05:30,portfolio_hist,PREMIUM,SKIP,idle,22665.9,25.59,1.0,0.0,0.0,1.041,0.696,0.579,0,10,45,1,1,30,0,30,65,high_vol_range,0.0,0,,,
2026-03-24T10:50:00+05:30,portfolio_hist,PREMIUM,SKIP,idle,22706.45,25.57,1.0,0.0,0.0,1.041,0.518,0.579,0,10,50,1,1,30,0,30,65,high_vol_range,0.0,0,,,
2026-03-24T10:55:00+05:30,portfolio_hist,PREMIUM,SKIP,idle,22672.8,25.67,1.0,0.0,0.0,1.041,0.665,0.565,0,10,55,1,1,30,0,30,65,high_vol_range,0.0,0,,,
2026-03-24T09:30:00+05:30,portfolio_hist,PREMIUM,SKIP,idle,22848.25,25.09,1.0,0.0,0.0,1.04,0.103,1.627,0,9,30,1,1,50,0,50,75,trending,0.0,0,,,
2026-03-24T09:35:00+05:30,portfolio_hist,PREMIUM,SKIP,idle,22819.1,25.18,1.0,0.0,0.0,1.04,0.024,1.627,0,9,35,1,1,50,0,50,75,trending,0.0,0,,,
2026-03-24T09:40:00+05:30,portfolio_hist,PREMIUM,SKIP,idle,22779.75,25.3,1.0,0.0,0.0,1.04,0.197,1.627,0,9,40,1,1,37,0,37,75,trending,0.0,0,,,
2026-03-24T09:45:00+05:30,portfolio_hist,PREMIUM,SKIP,idle,22719.05,25.47,1.0,0.0,0.0,1.04,0.463,0.505,0,9,45,1,1,35,0,35,75,high_vol_range,0.0,0,,,
2026-03-24T09:50:00+05:30,portfolio_hist,PREMIUM,SKIP,idle,22712.55,25.48,1.0,0.0,0.0,1.04,0.491,0.603,0,9,50,1,1,35,0,35,75,high_vol_range,0.0,0,,,
2026-03-24T09:55:00+05:30,portfolio_hist,PREMIUM,SKIP,idle,22755.45,25.34,1.0,0.0,0.0,1.04,0.303,0.603,0,9,55,1,1,35,0,35,75,high_vol_range,0.0,0,,,
2026-03-24T10:00:00+05:30,portfolio_hist,PREMIUM,SKIP,idle,22747.3,25.4,1.0,0.0,0.0,1.04,0.339,0.601,0,10,0,1,1,35,0,35,65,high_vol_range,0.0,0,,,
2026-03-24T10:05:00+05:30,portfolio_hist,PREMIUM,SKIP,idle,22715.0,25.54,1.0,0.0,0.0,1.041,0.48,0.517,0,10,5,1,1,35,0,35,65,high_vol_range,0.0,0,,,
2026-03-24T10:10:00+05:30,portfolio_hist,PREMIUM,SKIP,idle,22693.55,25.53,1.0,0.0,0.0,1.04,0.574,0.429,0,10,10,1,1,37,0,37,65,high_vol_range,0.0,0,,,
2026-03-24T10:15:00+05:30,portfolio_hist,PREMIUM,SKIP,idle,22711.4,25.5,1.0,0.0,0.0,1.04,0.496,0.374,0,10,15,1,1,42,0,42,65,high_vol_range,0.0,0,,,
2026-03-24T10:20:00+05:30,portfolio_hist,PREMIUM,SKIP,idle,22714.0,25.39,1.0,0.0,0.0,1.04,0.485,0.374,0,10,20,1,1,42,0,42,65,high_vol_range,0.0,0,,,
2026-03-24T10:25:00+05:30,portfolio_hist,PREMIUM,SKIP,idle,22760.0,25.4,1.0,0.0,0.0,1.04,0.283,0.374,0,10,25,1,1,49,0,49,65,high_vol_range,0.0,0,,,
2026-03-24T10:30:00+05:30,portfolio_hist,PREMIUM,SKIP,idle,22721.55,25.43,1.0,0.0,0.0,1.041,0.452,0.344,0,10,30,1,1,42,0,42,65,high_vol_range,0.0,0,,,
2026-03-24T10:35:00+05:30,portfolio_hist,PREMIUM,SKIP,idle,22660.9,25.5,1.0,0.0,0.0,1.04,0.717,0.421,0,10,35,1,1,37,0,37,65,high_vol_range,0.0,0,,,
2026-03-24T10:40:00+05:30,portfolio_hist,PREMIUM,SKIP,idle,22634.35,25.7,1.0,0.0,0.0,1.041,0.834,0.579,0,10,40,1,1,30,0,30,65,high_vol_range,0.0,0,,,
2026-03-24T10:45:00+05:30,portfolio_hist,PREMIUM,SKIP,idle,22665.9,25.59,1.0,0.0,0.0,1.041,0.696,0.579,0,10,45,1,1,30,0,30,65,high_vol_range,0.0,0,,,
2026-03-24T10:50:00+05:30,portfolio_hist,PREMIUM,SKIP,idle,22706.45,25.57,1.0,0.0,0.0,1.041,0.518,0.579,0,10,50,1,1,30,0,30,65,high_vol_range,0.0,0,,,
2026-03-24T10:55:00+05:30,portfolio_hist,PREMIUM,SKIP,idle,22672.8,25.67,1.0,0.0,0.0,1.041,0.665,0.565,0,10,55,1,1,30,0,30,65,high_vol_range,0.0,0,,,
2026-03-24T09:30:00+05:30,portfolio_hist,PREMIUM,SKIP,idle,22848.25,25.09,1.0,0.0,0.0,1.04,0.103,1.627,0,9,30,1,1,50,0,50,75,trending,0.0,0,,,
2026-03-24T09:35:00+05:30,portfolio_hist,PREMIUM,SKIP,idle,22819.1,25.18,1.0,0.0,0.0,1.04,0.024,1.627,0,9,35,1,1,50,0,50,75,trending,0.0,0,,,
2026-03-24T09:40:00+05:30,portfolio_hist,PREMIUM,SKIP,idle,22779.75,25.3,1.0,0.0,0.0,1.04,0.197,1.627,0,9,40,1,1,37,0,37,75,trending,0.0,0,,,
2026-03-24T09:45:00+05:30,portfolio_hist,PREMIUM,SKIP,idle,22719.05,25.47,1.0,0.0,0.0,1.04,0.463,0.505,0,9,45,1,1,35,0,35,75,high_vol_range,0.0,0,,,
2026-03-24T09:50:00+05:30,portfolio_hist,PREMIUM,SKIP,idle,22712.55,25.48,1.0,0.0,0.0,1.04,0.491,0.603,0,9,50,1,1,35,0,35,75,high_vol_range,0.0,0,,,
2026-03-24T09:55:00+05:30,portfolio_hist,PREMIUM,SKIP,idle,22755.45,25.34,1.0,0.0,0.0,1.04,0.303,0.603,0,9,55,1,1,35,0,35,75,high_vol_range,0.0,0,,,
2026-03-24T10:00:00+05:30,portfolio_hist,PREMIUM,SKIP,idle,22747.3,25.4,1.0,0.0,0.0,1.04,0.339,0.601,0,10,0,1,1,35,0,35,65,high_vol_range,0.0,0,,,
2026-03-24T10:05:00+05:30,portfolio_hist,PREMIUM,SKIP,idle,22715.0,25.54,1.0,0.0,0.0,1.041,0.48,0.517,0,10,5,1,1,35,0,35,65,high_vol_range,0.0,0,,,
2026-03-24T10:10:00+05:30,portfolio_hist,PREMIUM,SKIP,idle,22693.55,25.53,1.0,0.0,0.0,1.04,0.574,0.429,0,10,10,1,1,37,0,37,65,high_vol_range,0.0,0,,,
2026-03-24T10:15:00+05:30,portfolio_hist,PREMIUM,SKIP,idle,22711.4,25.5,1.0,0.0,0.0,1.04,0.496,0.374,0,10,15,1,1,42,0,42,65,high_vol_range,0.0,0,,,
2026-03-24T10:20:00+05:30,portfolio_hist,PREMIUM,SKIP,idle,22714.0,25.39,1.0,0.0,0.0,1.04,0.485,0.374,0,10,20,1,1,42,0,42,65,high_vol_range,0.0,0,,,
2026-03-24T10:25:00+05:30,portfolio_hist,PREMIUM,SKIP,idle,22760.0,25.4,1.0,0.0,0.0,1.04,0.283,0.374,0,10,25,1,1,49,0,49,65,high_vol_range,0.0,0,,,
2026-03-24T10:30:00+05:30,portfolio_hist,PREMIUM,SKIP,idle,22721.55,25.43,1.0,0.0,0.0,1.041,0.452,0.344,0,10,30,1,1,42,0,42,65,high_vol_range,0.0,0,,,
2026-03-24T10:35:00+05:30,portfolio_hist,PREMIUM,SKIP,idle,22660.9,25.5,1.0,0.0,0.0,1.04,0.717,0.421,0,10,35,1,1,37,0,37,65,high_vol_range,0.0,0,,,
2026-03-24T10:40:00+05:30,portfolio_hist,PREMIUM,SKIP,idle,22634.35,25.7,1.0,0.0,0.0,1.041,0.834,0.579,0,10,40,1,1,30,0,30,65,high_vol_range,0.0,0,,,
2026-03-24T10:45:00+05:30,portfolio_hist,PREMIUM,SKIP,idle,22665.9,25.59,1.0,0.0,0.0,1.041,0.696,0.579,0,10,45,1,1,30,0,30,65,high_vol_range,0.0,0,,,
2026-03-24T10:50:00+05:30,portfolio_hist,PREMIUM,SKIP,idle,22706.45,25.57,1.0,0.0,0.0,1.041,0.518,0.579,0,10,50,1,1,30,0,30,65,high_vol_range,0.0,0,,,
2026-03-24T10:55:00+05:30,portfolio_hist,PREMIUM,SKIP,idle,22672.8,25.67,1.0,0.0,0.0,1.041,0.665,0.565,0,10,55,1,1,30,0,30,65,high_vol_range,0.0,0,,,
2026-03-24T09:30:00+05:30,portfolio_hist,PREMIUM,SKIP,idle,22848.25,25.09,1.0,0.0,0.0,1.04,0.103,1.627,0,9,30,1,1,50,0,50,75,trending,0.0,0,,,
2026-03-24T09:35:00+05:30,portfolio_hist,PREMIUM,SKIP,idle,22819.1,25.18,1.0,0.0,0.0,1.04,0.024,1.627,0,9,35,1,1,50,0,50,75,trending,0.0,0,,,
2026-03-24T09:40:00+05:30,portfolio_hist,PREMIUM,SKIP,idle,22779.75,25.3,1.0,0.0,0.0,1.04,0.197,1.627,0,9,40,1,1,37,0,37,75,trending,0.0,0,,,
2026-03-24T09:45:00+05:30,portfolio_hist,PREMIUM,SKIP,idle,22719.05,25.47,1.0,0.0,0.0,1.04,0.463,0.505,0,9,45,1,1,35,0,35,75,high_vol_range,0.0,0,,,
2026-03-24T09:50:00+05:30,portfolio_hist,PREMIUM,SKIP,idle,22712.55,25.48,1.0,0.0,0.0,1.04,0.491,0.603,0,9,50,1,1,35,0,35,75,high_vol_range,0.0,0,,,
2026-03-24T09:55:00+05:30,portfolio_hist,PREMIUM,SKIP,idle,22755.45,25.34,1.0,0.0,0.0,1.04,0.303,0.603,0,9,55,1,1,35,0,35,75,high_vol_range,0.0,0,,,
2026-03-24T10:00:00+05:30,portfolio_hist,PREMIUM,SKIP,idle,22747.3,25.4,1.0,0.0,0.0,1.04,0.339,0.601,0,10,0,1,1,35,0,35,65,high_vol_range,0.0,0,,,
2026-03-24T10:05:00+05:30,portfolio_hist,PREMIUM,SKIP,idle,22715.0,25.54,1.0,0.0,0.0,1.041,0.48,0.517,0,10,5,1,1,35,0,35,65,high_vol_range,0.0,0,,,
2026-03-24T10:10:00+05:30,portfolio_hist,PREMIUM,SKIP,idle,22693.55,25.53,1.0,0.0,0.0,1.04,0.574,0.429,0,10,10,1,1,37,0,37,65,high_vol_range,0.0,0,,,
2026-03-24T10:15:00+05:30,portfolio_hist,PREMIUM,SKIP,idle,22711.4,25.5,1.0,0.0,0.0,1.04,0.496,0.374,0,10,15,1,1,42,0,42,65,high_vol_range,0.0,0,,,
2026-03-24T10:20:00+05:30,portfolio_hist,PREMIUM,SKIP,idle,22714.0,25.39,1.0,0.0,0.0,1.04,0.485,0.374,0,10,20,1,1,42,0,42,65,high_vol_range,0.0,0,,,
2026-03-24T10:25:00+05:30,portfolio_hist,PREMIUM,SKIP,idle,22760.0,25.4,1.0,0.0,0.0,1.04,0.283,0.374,0,10,25,1,1,49,0,49,65,high_vol_range,0.0,0,,,
2026-03-24T10:30:00+05:30,portfolio_hist,PREMIUM,SKIP,idle,22721.55,25.43,1.0,0.0,0.0,1.041,0.452,0.344,0,10,30,1,1,42,0,42,65,high_vol_range,0.0,0,,,
2026-03-24T10:35:00+05:30,portfolio_hist,PREMIUM,SKIP,idle,22660.9,25.5,1.0,0.0,0.0,1.04,0.717,0.421,0,10,35,1,1,37,0,37,65,high_vol_range,0.0,0,,,
2026-03-24T10:40:00+05:30,portfolio_hist,PREMIUM,SKIP,idle,22634.35,25.7,1.0,0.0,0.0,1.041,0.834,0.579,0,10,40,1,1,30,0,30,65,high_vol_range,0.0,0,,,
2026-03-24T10:45:00+05:30,portfolio_hist,PREMIUM,SKIP,idle,22665.9,25.59,1.0,0.0,0.0,1.041,0.696,0.579,0,10,45,1,1,30,0,30,65,high_vol_range,0.0,0,,,
2026-03-24T10:50:00+05:30,portfolio_hist,PREMIUM,SKIP,idle,22706.45,25.57,1.0,0.0,0.0,1.041,0.518,0.579,0,10,50,1,1,30,0,30,65,high_vol_range,0.0,0,,,
2026-03-24T10:55:00+05:30,portfolio_hist,PREMIUM,SKIP,idle,22672.8,25.67,1.0,0.0,0.0,1.041,0.665,0.565,0,10,55,1,1,30,0,30,65,high_vol_range,0.0,0,,,
2026-03-24T09:30:00+05:30,portfolio_hist,PREMIUM,SKIP,idle,22848.25,25.09,1.0,0.0,0.0,1.04,0.103,1.627,0,9,30,1,1,50,0,50,75,trending,0.0,0,,,
2026-03-24T09:35:00+05:30,portfolio_hist,PREMIUM,SKIP,idle,22819.1,25.18,1.0,0.0,0.0,1.04,0.024,1.627,0,9,35,1,1,50,0,50,75,trending,0.0,0,,,
2026-03-24T09:40:00+05:30,portfolio_hist,PREMIUM,SKIP,idle,22779.75,25.3,1.0,0.0,0.0,1.04,0.197,1.627,0,9,40,1,1,37,0,37,75,trending,0.0,0,,,
2026-03-24T09:45:00+05:30,portfolio_hist,PREMIUM,SKIP,idle,22719.05,25.47,1.0,0.0,0.0,1.04,0.463,0.505,0,9,45,1,1,35,0,35,75,high_vol_range,0.0,0,,,
2026-03-24T09:50:00+05:30,portfolio_hist,PREMIUM,SKIP,idle,22712.55,25.48,1.0,0.0,0.0,1.04,0.491,0.603,0,9,50,1,1,35,0,35,75,high_vol_range,0.0,0,,,
2026-03-24T09:55:00+05:30,portfolio_hist,PREMIUM,SKIP,idle,22755.45,25.34,1.0,0.0,0.0,1.04,0.303,0.603,0,9,55,1,1,35,0,35,75,high_vol_range,0.0,0,,,
2026-03-24T10:00:00+05:30,portfolio_hist,PREMIUM,SKIP,idle,22747.3,25.4,1.0,0.0,0.0,1.04,0.339,0.601,0,10,0,1,1,35,0,35,65,high_vol_range,0.0,0,,,
2026-03-24T10:05:00+05:30,portfolio_hist,PREMIUM,SKIP,idle,22715.0,25.54,1.0,0.0,0.0,1.041,0.48,0.517,0,10,5,1,1,35,0,35,65,high_vol_range,0.0,0,,,
2026-03-24T10:10:00+05:30,portfolio_hist,PREMIUM,SKIP,idle,22693.55,25.53,1.0,0.0,0.0,1.04,0.574,0.429,0,10,10,1,1,37,0,37,65,high_vol_range,0.0,0,,,
2026-03-24T10:15:00+05:30,portfolio_hist,PREMIUM,SKIP,idle,22711.4,25.5,1.0,0.0,0.0,1.04,0.496,0.374,0,10,15,1,1,42,0,42,65,high_vol_range,0.0,0,,,
2026-03-24T10:20:00+05:30,portfolio_hist,PREMIUM,SKIP,idle,22714.0,25.39,1.0,0.0,0.0,1.04,0.485,0.374,0,10,20,1,1,42,0,42,65,high_vol_range,0.0,0,,,
2026-03-24T10:25:00+05:30,portfolio_hist,PREMIUM,SKIP,idle,22760.0,25.4,1.0,0.0,0.0,1.04,0.283,0.374,0,10,25,1,1,49,0,49,65,high_vol_range,0.0,0,,,
2026-03-24T10:30:00+05:30,portfolio_hist,PREMIUM,SKIP,idle,22721.55,25.43,1.0,0.0,0.0,1.041,0.452,0.344,0,10,30,1,1,42,0,42,65,high_vol_range,0.0,0,,,
2026-03-24T10:35:00+05:30,portfolio_hist,PREMIUM,SKIP,idle,22660.9,25.5,1.0,0.0,0.0,1.04,0.717,0.421,0,10,35,1,1,37,0,37,65,high_vol_range,0.0,0,,,
2026-03-24T10:40:00+05:30,portfolio_hist,PREMIUM,SKIP,idle,22634.35,25.7,1.0,0.0,0.0,1.041,0.834,0.579,0,10,40,1,1,30,0,30,65,high_vol_range,0.0,0,,,
2026-03-24T10:45:00+05:30,portfolio_hist,PREMIUM,SKIP,idle,22665.9,25.59,1.0,0.0,0.0,1.041,0.696,0.579,0,10,45,1,1,30,0,30,65,high_vol_range,0.0,0,,,
2026-03-24T10:50:00+05:30,portfolio_hist,PREMIUM,SKIP,idle,22706.45,25.57,1.0,0.0,0.0,1.041,0.518,0.579,0,10,50,1,1,30,0,30,65,high_vol_range,0.0,0,,,
2026-03-24T10:55:00+05:30,portfolio_hist,PREMIUM,SKIP,idle,22672.8,25.67,1.0,0.0,0.0,1.041,0.665,0.565,0,10,55,1,1,30,0,30,65,high_vol_range,0.0,0,,,
2026-03-24T09:30:00+05:30,portfolio_hist,PREMIUM,SKIP,idle,22848.25,25.09,1.0,0.0,0.0,1.04,0.103,1.627,0,9,30,1,1,50,0,50,75,trending,0.0,0,,,
2026-03-24T09:35:00+05:30,portfolio_hist,PREMIUM,SKIP,idle,22819.1,25.18,1.0,0.0,0.0,1.04,0.024,1.627,0,9,35,1,1,50,0,50,75,trending,0.0,0,,,
2026-03-24T09:40:00+05:30,portfolio_hist,PREMIUM,SKIP,idle,22779.75,25.3,1.0,0.0,0.0,1.04,0.197,1.627,0,9,40,1,1,37,0,37,75,trending,0.0,0,,,
2026-03-24T09:45:00+05:30,portfolio_hist,PREMIUM,SKIP,idle,22719.05,25.47,1.0,0.0,0.0,1.04,0.463,0.505,0,9,45,1,1,35,0,35,75,high_vol_range,0.0,0,,,
2026-03-24T09:50:00+05:30,portfolio_hist,PREMIUM,SKIP,idle,22712.55,25.48,1.0,0.0,0.0,1.04,0.491,0.603,0,9,50,1,1,35,0,35,75,high_vol_range,0.0,0,,,
2026-03-24T09:55:00+05:30,portfolio_hist,PREMIUM,SKIP,idle,22755.45,25.34,1.0,0.0,0.0,1.04,0.303,0.603,0,9,55,1,1,35,0,35,75,high_vol_range,0.0,0,,,
2026-03-24T10:00:00+05:30,portfolio_hist,PREMIUM,SKIP,idle,22747.3,25.4,1.0,0.0,0.0,1.04,0.339,0.601,0,10,0,1,1,35,0,35,65,high_vol_range,0.0,0,,,
2026-03-24T10:05:00+05:30,portfolio_hist,PREMIUM,SKIP,idle,22715.0,25.54,1.0,0.0,0.0,1.041,0.48,0.517,0,10,5,1,1,35,0,35,65,high_vol_range,0.0,0,,,
2026-03-24T10:10:00+05:30,portfolio_hist,PREMIUM,SKIP,idle,22693.55,25.53,1.0,0.0,0.0,1.04,0.574,0.429,0,10,10,1,1,37,0,37,65,high_vol_range,0.0,0,,,
2026-03-24T10:15:00+05:30,portfolio_hist,PREMIUM,SKIP,idle,22711.4,25.5,1.0,0.0,0.0,1.04,0.496,0.374,0,10,15,1,1,42,0,42,65,high_vol_range,0.0,0,,,
2026-03-24T10:20:00+05:30,portfolio_hist,PREMIUM,SKIP,idle,22714.0,25.39,1.0,0.0,0.0,1.04,0.485,0.374,0,10,20,1,1,42,0,42,65,high_vol_range,0.0,0,,,
2026-03-24T10:25:00+05:30,portfolio_hist,PREMIUM,SKIP,idle,22760.0,25.4,1.0,0.0,0.0,1.04,0.283,0.374,0,10,25,1,1,49,0,49,65,high_vol_range,0.0,0,,,
2026-03-24T10:30:00+05:30,portfolio_hist,PREMIUM,SKIP,idle,22721.55,25.43,1.0,0.0,0.0,1.041,0.452,0.344,0,10,30,1,1,42,0,42,65,high_vol_range,0.0,0,,,
2026-03-24T10:35:00+05:30,portfolio_hist,PREMIUM,SKIP,idle,22660.9,25.5,1.0,0.0,0.0,1.04,0.717,0.421,0,10,35,1,1,37,0,37,65,high_vol_range,0.0,0,,,
2026-03-24T10:40:00+05:30,portfolio_hist,PREMIUM,SKIP,idle,22634.35,25.7,1.0,0.0,0.0,1.041,0.834,0.579,0,10,40,1,1,30,0,30,65,high_vol_range,0.0,0,,,
2026-03-24T10:45:00+05:30,portfolio_hist,PREMIUM,SKIP,idle,22665.9,25.59,1.0,0.0,0.0,1.041,0.696,0.579,0,10,45,1,1,30,0,30,65,high_vol_range,0.0,0,,,
2026-03-24T10:50:00+05:30,portfolio_hist,PREMIUM,SKIP,idle,22706.45,25.57,1.0,0.0,0.0,1.041,0.518,0.579,0,10,50,1,1,30,0,30,65,high_vol_range,0.0,0,,,
2026-03-24T10:55:00+05:30,portfolio_hist,PREMIUM,SKIP,idle,22672.8,25.67,1.0,0.0,0.0,1.041,0.665,0.565,0,10,55,1,1,30,0,30,65,high_vol_range,0.0,0,,,
2026-03-24T09:30:00+05:30,portfolio_hist,PREMIUM,SKIP,idle,22848.25,25.09,1.0,0.0,0.0,1.04,0.103,1.627,0,9,30,1,1,50,0,50,75,trending,0.0,0,,,
2026-03-24T09:35:00+05:30,portfolio_hist,PREMIUM,SKIP,idle,22819.1,25.18,1.0,0.0,0.0,1.04,0.024,1.627,0,9,35,1,1,50,0,50,75,trending,0.0,0,,,
2026-03-24T09:40:00+05:30,portfolio_hist,PREMIUM,SKIP,idle,22779.75,25.3,1.0,0.0,0.0,1.04,0.197,1.627,0,9,40,1,1,37,0,37,75,trending,0.0,0,,,
2026-03-24T09:45:00+05:30,portfolio_hist,PREMIUM,SKIP,idle,22719.05,25.47,1.0,0.0,0.0,1.04,0.463,0.505,0,9,45,1,1,35,0,35,75,high_vol_range,0.0,0,,,
2026-03-24T09:50:00+05:30,portfolio_hist,PREMIUM,SKIP,idle,22712.55,25.48,1.0,0.0,0.0,1.04,0.491,0.603,0,9,50,1,1,35,0,35,75,high_vol_range,0.0,0,,,
2026-03-24T09:55:00+05:30,portfolio_hist,PREMIUM,SKIP,idle,22755.45,25.34,1.0,0.0,0.0,1.04,0.303,0.603,0,9,55,1,1,35,0,35,75,high_vol_range,0.0,0,,,
2026-03-24T10:00:00+05:30,portfolio_hist,PREMIUM,SKIP,idle,22747.3,25.4,1.0,0.0,0.0,1.04,0.339,0.601,0,10,0,1,1,35,0,35,65,high_vol_range,0.0,0,,,
2026-03-24T10:05:00+05:30,portfolio_hist,PREMIUM,SKIP,idle,22715.0,25.54,1.0,0.0,0.0,1.041,0.48,0.517,0,10,5,1,1,35,0,35,65,high_vol_range,0.0,0,,,
2026-03-24T10:10:00+05:30,portfolio_hist,PREMIUM,SKIP,idle,22693.55,25.53,1.0,0.0,0.0,1.04,0.574,0.429,0,10,10,1,1,37,0,37,65,high_vol_range,0.0,0,,,
2026-03-24T10:15:00+05:30,portfolio_hist,PREMIUM,SKIP,idle,22711.4,25.5,1.0,0.0,0.0,1.04,0.496,0.374,0,10,15,1,1,42,0,42,65,high_vol_range,0.0,0,,,
2026-03-24T10:20:00+05:30,portfolio_hist,PREMIUM,SKIP,idle,22714.0,25.39,1.0,0.0,0.0,1.04,0.485,0.374,0,10,20,1,1,42,0,42,65,high_vol_range,0.0,0,,,
2026-03-24T10:25:00+05:30,portfolio_hist,PREMIUM,SKIP,idle,22760.0,25.4,1.0,0.0,0.0,1.04,0.283,0.374,0,10,25,1,1,49,0,49,65,high_vol_range,0.0,0,,,
2026-03-24T10:30:00+05:30,portfolio_hist,PREMIUM,SKIP,idle,22721.55,25.43,1.0,0.0,0.0,1.041,0.452,0.344,0,10,30,1,1,42,0,42,65,high_vol_range,0.0,0,,,
2026-03-24T10:35:00+05:30,portfolio_hist,PREMIUM,SKIP,idle,22660.9,25.5,1.0,0.0,0.0,1.04,0.717,0.421,0,10,35,1,1,37,0,37,65,high_vol_range,0.0,0,,,
2026-03-24T10:40:00+05:30,portfolio_hist,PREMIUM,SKIP,idle,22634.35,25.7,1.0,0.0,0.0,1.041,0.834,0.579,0,10,40,1,1,30,0,30,65,high_vol_range,0.0,0,,,
2026-03-24T10:45:00+05:30,portfolio_hist,PREMIUM,SKIP,idle,22665.9,25.59,1.0,0.0,0.0,1.041,0.696,0.579,0,10,45,1,1,30,0,30,65,high_vol_range,0.0,0,,,
2026-03-24T10:50:00+05:30,portfolio_hist,PREMIUM,SKIP,idle,22706.45,25.57,1.0,0.0,0.0,1.041,0.518,0.579,0,10,50,1,1,30,0,30,65,high_vol_range,0.0,0,,,
2026-03-24T10:55:00+05:30,portfolio_hist,PREMIUM,SKIP,idle,22672.8,25.67,1.0,0.0,0.0,1.041,0.665,0.565,0,10,55,1,1,30,0,30,65,high_vol_range,0.0,0,,,
2026-03-24T09:30:00+05:30,portfolio_hist,PREMIUM,SKIP,idle,22848.25,25.09,1.0,0.0,0.0,1.04,0.103,1.627,0,9,30,1,1,50,0,50,75,trending,0.0,0,,,
2026-03-24T09:35:00+05:30,portfolio_hist,PREMIUM,SKIP,idle,22819.1,25.18,1.0,0.0,0.0,1.04,0.024,1.627,0,9,35,1,1,50,0,50,75,trending,0.0,0,,,
2026-03-24T09:40:00+05:30,portfolio_hist,PREMIUM,SKIP,idle,22779.75,25.3,1.0,0.0,0.0,1.04,0.197,1.627,0,9,40,1,1,37,0,37,75,trending,0.0,0,,,
2026-03-24T09:45:00+05:30,portfolio_hist,PREMIUM,SKIP,idle,22719.05,25.47,1.0,0.0,0.0,1.04,0.463,0.505,0,9,45,1,1,35,0,35,75,high_vol_range,0.0,0,,,
2026-03-24T09:50:00+05:30,portfolio_hist,PREMIUM,SKIP,idle,22712.55,25.48,1.0,0.0,0.0,1.04,0.491,0.603,0,9,50,1,1,35,0,35,75,high_vol_range,0.0,0,,,
2026-03-24T09:55:00+05:30,portfolio_hist,PREMIUM,SKIP,idle,22755.45,25.34,1.0,0.0,0.0,1.04,0.303,0.603,0,9,55,1,1,35,0,35,75,high_vol_range,0.0,0,,,
2026-03-24T10:00:00+05:30,portfolio_hist,PREMIUM,SKIP,idle,22747.3,25.4,1.0,0.0,0.0,1.04,0.339,0.601,0,10,0,1,1,35,0,35,65,high_vol_range,0.0,0,,,
2026-03-24T10:05:00+05:30,portfolio_hist,PREMIUM,SKIP,idle,22715.0,25.54,1.0,0.0,0.0,1.041,0.48,0.517,0,10,5,1,1,35,0,35,65,high_vol_range,0.0,0,,,
2026-03-24T10:10:00+05:30,portfolio_hist,PREMIUM,SKIP,idle,22693.55,25.53,1.0,0.0,0.0,1.04,0.574,0.429,0,10,10,1,1,37,0,37,65,high_vol_range,0.0,0,,,
2026-03-24T10:15:00+05:30,portfolio_hist,PREMIUM,SKIP,idle,22711.4,25.5,1.0,0.0,0.0,1.04,0.496,0.374,0,10,15,1,1,42,0,42,65,high_vol_range,0.0,0,,,
2026-03-24T10:20:00+05:30,portfolio_hist,PREMIUM,SKIP,idle,22714.0,25.39,1.0,0.0,0.0,1.04,0.485,0.374,0,10,20,1,1,42,0,42,65,high_vol_range,0.0,0,,,
2026-03-24T10:25:00+05:30,portfolio_hist,PREMIUM,SKIP,idle,22760.0,25.4,1.0,0.0,0.0,1.04,0.283,0.374,0,10,25,1,1,49,0,49,65,high_vol_range,0.0,0,,,
2026-03-24T10:30:00+05:30,portfolio_hist,PREMIUM,SKIP,idle,22721.55,25.43,1.0,0.0,0.0,1.041,0.452,0.344,0,10,30,1,1,42,0,42,65,high_vol_range,0.0,0,,,
2026-03-24T10:35:00+05:30,portfolio_hist,PREMIUM,SKIP,idle,22660.9,25.5,1.0,0.0,0.0,1.04,0.717,0.421,0,10,35,1,1,37,0,37,65,high_vol_range,0.0,0,,,
2026-03-24T10:40:00+05:30,portfolio_hist,PREMIUM,SKIP,idle,22634.35,25.7,1.0,0.0,0.0,1.041,0.834,0.579,0,10,40,1,1,30,0,30,65,high_vol_range,0.0,0,,,
2026-03-24T10:45:00+05:30,portfolio_hist,PREMIUM,SKIP,idle,22665.9,25.59,1.0,0.0,0.0,1.041,0.696,0.579,0,10,45,1,1,30,0,30,65,high_vol_range,0.0,0,,,
2026-03-24T10:50:00+05:30,portfolio_hist,PREMIUM,SKIP,idle,22706.45,25.57,1.0,0.0,0.0,1.041,0.518,0.579,0,10,50,1,1,30,0,30,65,high_vol_range,0.0,0,,,
2026-03-24T10:55:00+05:30,portfolio_hist,PREMIUM,SKIP,idle,22672.8,25.67,1.0,0.0,0.0,1.041,0.665,0.565,0,10,55,1,1,30,0,30,65,high_vol_range,0.0,0,,,
2026-03-24T09:30:00+05:30,portfolio_hist,PREMIUM,SKIP,idle,22848.25,25.09,1.0,0.0,0.0,1.04,0.103,1.627,0,9,30,1,1,50,0,50,75,trending,0.0,0,,,
2026-03-24T09:35:00+05:30,portfolio_hist,PREMIUM,SKIP,idle,22819.1,25.18,1.0,0.0,0.0,1.04,0.024,1.627,0,9,35,1,1,50,0,50,75,trending,0.0,0,,,
2026-03-24T09:40:00+05:30,portfolio_hist,PREMIUM,SKIP,idle,22779.75,25.3,1.0,0.0,0.0,1.04,0.197,1.627,0,9,40,1,1,37,0,37,75,trending,0.0,0,,,
2026-03-24T09:45:00+05:30,portfolio_hist,PREMIUM,SKIP,idle,22719.05,25.47,1.0,0.0,0.0,1.04,0.463,0.505,0,9,45,1,1,35,0,35,75,high_vol_range,0.0,0,,,
2026-03-24T09:50:00+05:30,portfolio_hist,PREMIUM,SKIP,idle,22712.55,25.48,1.0,0.0,0.0,1.04,0.491,0.603,0,9,50,1,1,35,0,35,75,high_vol_range,0.0,0,,,
2026-03-24T09:55:00+05:30,portfolio_hist,PREMIUM,SKIP,idle,22755.45,25.34,1.0,0.0,0.0,1.04,0.303,0.603,0,9,55,1,1,35,0,35,75,high_vol_range,0.0,0,,,
2026-03-24T10:00:00+05:30,portfolio_hist,PREMIUM,SKIP,idle,22747.3,25.4,1.0,0.0,0.0,1.04,0.339,0.601,0,10,0,1,1,35,0,35,65,high_vol_range,0.0,0,,,
2026-03-24T10:05:00+05:30,portfolio_hist,PREMIUM,SKIP,idle,22715.0,25.54,1.0,0.0,0.0,1.041,0.48,0.517,0,10,5,1,1,35,0,35,65,high_vol_range,0.0,0,,,
2026-03-24T10:10:00+05:30,portfolio_hist,PREMIUM,SKIP,idle,22693.55,25.53,1.0,0.0,0.0,1.04,0.574,0.429,0,10,10,1,1,37,0,37,65,high_vol_range,0.0,0,,,
2026-03-24T10:15:00+05:30,portfolio_hist,PREMIUM,SKIP,idle,22711.4,25.5,1.0,0.0,0.0,1.04,0.496,0.374,0,10,15,1,1,42,0,42,65,high_vol_range,0.0,0,,,
2026-03-24T10:20:00+05:30,portfolio_hist,PREMIUM,SKIP,idle,22714.0,25.39,1.0,0.0,0.0,1.04,0.485,0.374,0,10,20,1,1,42,0,42,65,high_vol_range,0.0,0,,,
2026-03-24T10:25:00+05:30,portfolio_hist,PREMIUM,SKIP,idle,22760.0,25.4,1.0,0.0,0.0,1.04,0.283,0.374,0,10,25,1,1,49,0,49,65,high_vol_range,0.0,0,,,
2026-03-24T10:30:00+05:30,portfolio_hist,PREMIUM,SKIP,idle,22721.55,25.43,1.0,0.0,0.0,1.041,0.452,0.344,0,10,30,1,1,42,0,42,65,high_vol_range,0.0,0,,,
2026-03-24T10:35:00+05:30,portfolio_hist,PREMIUM,SKIP,idle,22660.9,25.5,1.0,0.0,0.0,1.04,0.717,0.421,0,10,35,1,1,37,0,37,65,high_vol_range,0.0,0,,,
2026-03-24T10:40:00+05:30,portfolio_hist,PREMIUM,SKIP,idle,22634.35,25.7,1.0,0.0,0.0,1.041,0.834,0.579,0,10,40,1,1,30,0,30,65,high_vol_range,0.0,0,,,
2026-03-24T10:45:00+05:30,portfolio_hist,PREMIUM,SKIP,idle,22665.9,25.59,1.0,0.0,0.0,1.041,0.696,0.579,0,10,45,1,1,30,0,30,65,high_vol_range,0.0,0,,,
2026-03-24T10:50:00+05:30,portfolio_hist,PREMIUM,SKIP,idle,22706.45,25.57,1.0,0.0,0.0,1.041,0.518,0.579,0,10,50,1,1,30,0,30,65,high_vol_range,0.0,0,,,
2026-03-24T10:55:00+05:30,portfolio_hist,PREMIUM,SKIP,idle,22672.8,25.67,1.0,0.0,0.0,1.041,0.665,0.565,0,10,55,1,1,30,0,30,65,high_vol_range,0.0,0,,,
2026-03-24T09:30:00+05:30,portfolio_hist,PREMIUM,SKIP,idle,22848.25,25.09,1.0,0.0,0.0,1.04,0.103,1.627,0,9,30,1,1,50,0,50,75,trending,0.0,0,,,
2026-03-24T09:35:00+05:30,portfolio_hist,PREMIUM,SKIP,idle,22819.1,25.18,1.0,0.0,0.0,1.04,0.024,1.627,0,9,35,1,1,50,0,50,75,trending,0.0,0,,,
2026-03-24T09:40:00+05:30,portfolio_hist,PREMIUM,SKIP,idle,22779.75,25.3,1.0,0.0,0.0,1.04,0.197,1.627,0,9,40,1,1,37,0,37,75,trending,0.0,0,,,
2026-03-24T09:45:00+05:30,portfolio_hist,PREMIUM,SKIP,idle,22719.05,25.47,1.0,0.0,0.0,1.04,0.463,0.505,0,9,45,1,1,35,0,35,75,high_vol_range,0.0,0,,,
2026-03-24T09:50:00+05:30,portfolio_hist,PREMIUM,SKIP,idle,22712.55,25.48,1.0,0.0,0.0,1.04,0.491,0.603,0,9,50,1,1,35,0,35,75,high_vol_range,0.0,0,,,
2026-03-24T09:55:00+05:30,portfolio_hist,PREMIUM,SKIP,idle,22755.45,25.34,1.0,0.0,0.0,1.04,0.303,0.603,0,9,55,1,1,35,0,35,75,high_vol_range,0.0,0,,,
2026-03-24T10:00:00+05:30,portfolio_hist,PREMIUM,SKIP,idle,22747.3,25.4,1.0,0.0,0.0,1.04,0.339,0.601,0,10,0,1,1,35,0,35,65,high_vol_range,0.0,0,,,
2026-03-24T10:05:00+05:30,portfolio_hist,PREMIUM,SKIP,idle,22715.0,25.54,1.0,0.0,0.0,1.041,0.48,0.517,0,10,5,1,1,35,0,35,65,high_vol_range,0.0,0,,,
2026-03-24T10:10:00+05:30,portfolio_hist,PREMIUM,SKIP,idle,22693.55,25.53,1.0,0.0,0.0,1.04,0.574,0.429,0,10,10,1,1,37,0,37,65,high_vol_range,0.0,0,,,
2026-03-24T10:15:00+05:30,portfolio_hist,PREMIUM,SKIP,idle,22711.4,25.5,1.0,0.0,0.0,1.04,0.496,0.374,0,10,15,1,1,42,0,42,65,high_vol_range,0.0,0,,,
2026-03-24T10:20:00+05:30,portfolio_hist,PREMIUM,SKIP,idle,22714.0,25.39,1.0,0.0,0.0,1.04,0.485,0.374,0,10,20,1,1,42,0,42,65,high_vol_range,0.0,0,,,
2026-03-24T10:25:00+05:30,portfolio_hist,PREMIUM,SKIP,idle,22760.0,25.4,1.0,0.0,0.0,1.04,0.283,0.374,0,10,25,1,1,49,0,49,65,high_vol_range,0.0,0,,,
2026-03-24T10:30:00+05:30,portfolio_hist,PREMIUM,SKIP,idle,22721.55,25.43,1.0,0.0,0.0,1.041,0.452,0.344,0,10,30,1,1,42,0,42,65,high_vol_range,0.0,0,,,
2026-03-24T10:35:00+05:30,portfolio_hist,PREMIUM,SKIP,idle,22660.9,25.5,1.0,0.0,0.0,1.04,0.717,0.421,0,10,35,1,1,37,0,37,65,high_vol_range,0.0,0,,,
2026-03-24T10:40:00+05:30,portfolio_hist,PREMIUM,SKIP,idle,22634.35,25.7,1.0,0.0,0.0,1.041,0.834,0.579,0,10,40,1,1,30,0,30,65,high_vol_range,0.0,0,,,
2026-03-24T10:45:00+05:30,portfolio_hist,PREMIUM,SKIP,idle,22665.9,25.59,1.0,0.0,0.0,1.041,0.696,0.579,0,10,45,1,1,30,0,30,65,high_vol_range,0.0,0,,,
2026-03-24T10:50:00+05:30,portfolio_hist,PREMIUM,SKIP,idle,22706.45,25.57,1.0,0.0,0.0,1.041,0.518,0.579,0,10,50,1,1,30,0,30,65,high_vol_range,0.0,0,,,
2026-03-24T10:55:00+05:30,portfolio_hist,PREMIUM,SKIP,idle,22672.8,25.67,1.0,0.0,0.0,1.041,0.665,0.565,0,10,55,1,1,30,0,30,65,high_vol_range,0.0,0,,,
2026-03-24T09:30:00+05:30,portfolio_hist,PREMIUM,SKIP,idle,22848.25,25.09,1.0,0.0,0.0,1.04,0.103,1.627,0,9,30,1,1,50,0,50,75,trending,0.0,0,,,
2026-03-24T09:35:00+05:30,portfolio_hist,PREMIUM,SKIP,idle,22819.1,25.18,1.0,0.0,0.0,1.04,0.024,1.627,0,9,35,1,1,50,0,50,75,trending,0.0,0,,,
2026-03-24T09:40:00+05:30,portfolio_hist,PREMIUM,SKIP,idle,22779.75,25.3,1.0,0.0,0.0,1.04,0.197,1.627,0,9,40,1,1,37,0,37,75,trending,0.0,0,,,
2026-03-24T09:45:00+05:30,portfolio_hist,PREMIUM,SKIP,idle,22719.05,25.47,1.0,0.0,0.0,1.04,0.463,0.505,0,9,45,1,1,35,0,35,75,high_vol_range,0.0,0,,,
2026-03-24T09:50:00+05:30,portfolio_hist,PREMIUM,SKIP,idle,22712.55,25.48,1.0,0.0,0.0,1.04,0.491,0.603,0,9,50,1,1,35,0,35,75,high_vol_range,0.0,0,,,
2026-03-24T09:55:00+05:30,portfolio_hist,PREMIUM,SKIP,idle,22755.45,25.34,1.0,0.0,0.0,1.04,0.303,0.603,0,9,55,1,1,35,0,35,75,high_vol_range,0.0,0,,,
2026-03-24T10:00:00+05:30,portfolio_hist,PREMIUM,SKIP,idle,22747.3,25.4,1.0,0.0,0.0,1.04,0.339,0.601,0,10,0,1,1,35,0,35,65,high_vol_range,0.0,0,,,
2026-03-24T10:05:00+05:30,portfolio_hist,PREMIUM,SKIP,idle,22715.0,25.54,1.0,0.0,0.0,1.041,0.48,0.517,0,10,5,1,1,35,0,35,65,high_vol_range,0.0,0,,,
2026-03-24T10:10:00+05:30,portfolio_hist,PREMIUM,SKIP,idle,22693.55,25.53,1.0,0.0,0.0,1.04,0.574,0.429,0,10,10,1,1,37,0,37,65,high_vol_range,0.0,0,,,
2026-03-24T10:15:00+05:30,portfolio_hist,PREMIUM,SKIP,idle,22711.4,25.5,1.0,0.0,0.0,1.04,0.496,0.374,0,10,15,1,1,42,0,42,65,high_vol_range,0.0,0,,,
2026-03-24T10:20:00+05:30,portfolio_hist,PREMIUM,SKIP,idle,22714.0,25.39,1.0,0.0,0.0,1.04,0.485,0.374,0,10,20,1,1,42,0,42,65,high_vol_range,0.0,0,,,
2026-03-24T10:25:00+05:30,portfolio_hist,PREMIUM,SKIP,idle,22760.0,25.4,1.0,0.0,0.0,1.04,0.283,0.374,0,10,25,1,1,49,0,49,65,high_vol_range,0.0,0,,,
2026-03-24T10:30:00+05:30,portfolio_hist,PREMIUM,SKIP,idle,22721.55,25.43,1.0,0.0,0.0,1.041,0.452,0.344,0,10,30,1,1,42,0,42,65,high_vol_range,0.0,0,,,
2026-03-24T10:35:00+05:30,portfolio_hist,PREMIUM,SKIP,idle,22660.9,25.5,1.0,0.0,0.0,1.04,0.717,0.421,0,10,35,1,1,37,0,37,65,high_vol_range,0.0,0,,,
2026-03-24T10:40:00+05:30,portfolio_hist,PREMIUM,SKIP,idle,22634.35,25.7,1.0,0.0,0.0,1.041,0.834,0.579,0,10,40,1,1,30,0,30,65,high_vol_range,0.0,0,,,
2026-03-24T10:45:00+05:30,portfolio_hist,PREMIUM,SKIP,idle,22665.9,25.59,1.0,0.0,0.0,1.041,0.696,0.579,0,10,45,1,1,30,0,30,65,high_vol_range,0.0,0,,,
2026-03-24T10:50:00+05:30,portfolio_hist,PREMIUM,SKIP,idle,22706.45,25.57,1.0,0.0,0.0,1.041,0.518,0.579,0,10,50,1,1,30,0,30,65,high_vol_range,0.0,0,,,
2026-03-24T10:55:00+05:30,portfolio_hist,PREMIUM,SKIP,idle,22672.8,25.67,1.0,0.0,0.0,1.041,0.665,0.565,0,10,55,1,1,30,0,30,65,high_vol_range,0.0,0,,,
2026-03-24T09:30:00+05:30,portfolio_hist,PREMIUM,SKIP,idle,22848.25,25.09,1.0,0.0,0.0,1.04,0.103,1.627,0,9,30,1,1,50,0,50,75,trending,0.0,0,,,
2026-03-24T09:35:00+05:30,portfolio_hist,PREMIUM,SKIP,idle,22819.1,25.18,1.0,0.0,0.0,1.04,0.024,1.627,0,9,35,1,1,50,0,50,75,trending,0.0,0,,,
2026-03-24T09:40:00+05:30,portfolio_hist,PREMIUM,SKIP,idle,22779.75,25.3,1.0,0.0,0.0,1.04,0.197,1.627,0,9,40,1,1,37,0,37,75,trending,0.0,0,,,
2026-03-24T09:45:00+05:30,portfolio_hist,PREMIUM,SKIP,idle,22719.05,25.47,1.0,0.0,0.0,1.04,0.463,0.505,0,9,45,1,1,35,0,35,75,high_vol_range,0.0,0,,,
2026-03-24T09:50:00+05:30,portfolio_hist,PREMIUM,SKIP,idle,22712.55,25.48,1.0,0.0,0.0,1.04,0.491,0.603,0,9,50,1,1,35,0,35,75,high_vol_range,0.0,0,,,
2026-03-24T09:55:00+05:30,portfolio_hist,PREMIUM,SKIP,idle,22755.45,25.34,1.0,0.0,0.0,1.04,0.303,0.603,0,9,55,1,1,35,0,35,75,high_vol_range,0.0,0,,,
2026-03-24T10:00:00+05:30,portfolio_hist,PREMIUM,SKIP,idle,22747.3,25.4,1.0,0.0,0.0,1.04,0.339,0.601,0,10,0,1,1,35,0,35,65,high_vol_range,0.0,0,,,
2026-03-24T10:05:00+05:30,portfolio_hist,PREMIUM,SKIP,idle,22715.0,25.54,1.0,0.0,0.0,1.041,0.48,0.517,0,10,5,1,1,35,0,35,65,high_vol_range,0.0,0,,,
2026-03-24T10:10:00+05:30,portfolio_hist,PREMIUM,SKIP,idle,22693.55,25.53,1.0,0.0,0.0,1.04,0.574,0.429,0,10,10,1,1,37,0,37,65,high_vol_range,0.0,0,,,
2026-03-24T10:15:00+05:30,portfolio_hist,PREMIUM,SKIP,idle,22711.4,25.5,1.0,0.0,0.0,1.04,0.496,0.374,0,10,15,1,1,42,0,42,65,high_vol_range,0.0,0,,,
2026-03-24T10:20:00+05:30,portfolio_hist,PREMIUM,SKIP,idle,22714.0,25.39,1.0,0.0,0.0,1.04,0.485,0.374,0,10,20,1,1,42,0,42,65,high_vol_range,0.0,0,,,
2026-03-24T10:25:00+05:30,portfolio_hist,PREMIUM,SKIP,idle,22760.0,25.4,1.0,0.0,0.0,1.04,0.283,0.374,0,10,25,1,1,49,0,49,65,high_vol_range,0.0,0,,,
2026-03-24T10:30:00+05:30,portfolio_hist,PREMIUM,SKIP,idle,22721.55,25.43,1.0,0.0,0.0,1.041,0.452,0.344,0,10,30,1,1,42,0,42,65,high_vol_range,0.0,0,,,
2026-03-24T10:35:00+05:30,portfolio_hist,PREMIUM,SKIP,idle,22660.9,25.5,1.0,0.0,0.0,1.04,0.717,0.421,0,10,35,1,1,37,0,37,65,high_vol_range,0.0,0,,,
2026-03-24T10:40:00+05:30,portfolio_hist,PREMIUM,SKIP,idle,22634.35,25.7,1.0,0.0,0.0,1.041,0.834,0.579,0,10,40,1,1,30,0,30,65,high_vol_range,0.0,0,,,
2026-03-24T10:45:00+05:30,portfolio_hist,PREMIUM,SKIP,idle,22665.9,25.59,1.0,0.0,0.0,1.041,0.696,0.579,0,10,45,1,1,30,0,30,65,high_vol_range,0.0,0,,,
2026-03-24T10:50:00+05:30,portfolio_hist,PREMIUM,SKIP,idle,22706.45,25.57,1.0,0.0,0.0,1.041,0.518,0.579,0,10,50,1,1,30,0,30,65,high_vol_range,0.0,0,,,
2026-03-24T10:55:00+05:30,portfolio_hist,PREMIUM,SKIP,idle,22672.8,25.67,1.0,0.0,0.0,1.041,0.665,0.565,0,10,55,1,1,30,0,30,65,high_vol_range,0.0,0,,,
2026-03-24T09:30:00+05:30,portfolio_hist,PREMIUM,SKIP,idle,22848.25,25.09,1.0,0.0,0.0,1.04,0.103,1.627,0,9,30,1,1,50,0,50,75,trending,0.0,0,,,
2026-03-24T09:35:00+05:30,portfolio_hist,PREMIUM,SKIP,idle,22819.1,25.18,1.0,0.0,0.0,1.04,0.024,1.627,0,9,35,1,1,50,0,50,75,trending,0.0,0,,,
2026-03-24T09:40:00+05:30,portfolio_hist,PREMIUM,SKIP,idle,22779.75,25.3,1.0,0.0,0.0,1.04,0.197,1.627,0,9,40,1,1,37,0,37,75,trending,0.0,0,,,
2026-03-24T09:45:00+05:30,portfolio_hist,PREMIUM,SKIP,idle,22719.05,25.47,1.0,0.0,0.0,1.04,0.463,0.505,0,9,45,1,1,35,0,35,75,high_vol_range,0.0,0,,,
2026-03-24T09:50:00+05:30,portfolio_hist,PREMIUM,SKIP,idle,22712.55,25.48,1.0,0.0,0.0,1.04,0.491,0.603,0,9,50,1,1,35,0,35,75,high_vol_range,0.0,0,,,
2026-03-24T09:55:00+05:30,portfolio_hist,PREMIUM,SKIP,idle,22755.45,25.34,1.0,0.0,0.0,1.04,0.303,0.603,0,9,55,1,1,35,0,35,75,high_vol_range,0.0,0,,,
2026-03-24T10:00:00+05:30,portfolio_hist,PREMIUM,SKIP,idle,22747.3,25.4,1.0,0.0,0.0,1.04,0.339,0.601,0,10,0,1,1,35,0,35,65,high_vol_range,0.0,0,,,
2026-03-24T10:05:00+05:30,portfolio_hist,PREMIUM,SKIP,idle,22715.0,25.54,1.0,0.0,0.0,1.041,0.48,0.517,0,10,5,1,1,35,0,35,65,high_vol_range,0.0,0,,,
2026-03-24T10:10:00+05:30,portfolio_hist,PREMIUM,SKIP,idle,22693.55,25.53,1.0,0.0,0.0,1.04,0.574,0.429,0,10,10,1,1,37,0,37,65,high_vol_range,0.0,0,,,
2026-03-24T10:15:00+05:30,portfolio_hist,PREMIUM,SKIP,idle,22711.4,25.5,1.0,0.0,0.0,1.04,0.496,0.374,0,10,15,1,1,42,0,42,65,high_vol_range,0.0,0,,,
2026-03-24T10:20:00+05:30,portfolio_hist,PREMIUM,SKIP,idle,22714.0,25.39,1.0,0.0,0.0,1.04,0.485,0.374,0,10,20,1,1,42,0,42,65,high_vol_range,0.0,0,,,
2026-03-24T10:25:00+05:30,portfolio_hist,PREMIUM,SKIP,idle,22760.0,25.4,1.0,0.0,0.0,1.04,0.283,0.374,0,10,25,1,1,49,0,49,65,high_vol_range,0.0,0,,,
2026-03-24T10:30:00+05:30,portfolio_hist,PREMIUM,SKIP,idle,22721.55,25.43,1.0,0.0,0.0,1.041,0.452,0.344,0,10,30,1,1,42,0,42,65,high_vol_range,0.0,0,,,
2026-03-24T10:35:00+05:30,portfolio_hist,PREMIUM,SKIP,idle,22660.9,25.5,1.0,0.0,0.0,1.04,0.717,0.421,0,10,35,1,1,37,0,37,65,high_vol_range,0.0,0,,,
2026-03-24T10:40:00+05:30,portfolio_hist,PREMIUM,SKIP,idle,22634.35,25.7,1.0,0.0,0.0,1.041,0.834,0.579,0,10,40,1,1,30,0,30,65,high_vol_range,0.0,0,,,
2026-03-24T10:45:00+05:30,portfolio_hist,PREMIUM,SKIP,idle,22665.9,25.59,1.0,0.0,0.0,1.041,0.696,0.579,0,10,45,1,1,30,0,30,65,high_vol_range,0.0,0,,,
2026-03-24T10:50:00+05:30,portfolio_hist,PREMIUM,SKIP,idle,22706.45,25.57,1.0,0.0,0.0,1.041,0.518,0.579,0,10,50,1,1,30,0,30,65,high_vol_range,0.0,0,,,
2026-03-24T10:55:00+05:30,portfolio_hist,PREMIUM,SKIP,idle,22672.8,25.67,1.0,0.0,0.0,1.041,0.665,0.565,0,10,55,1,1,30,0,30,65,high_vol_range,0.0,0,,,
2026-03-24T09:30:00+05:30,portfolio_hist,PREMIUM,SKIP,idle,22848.25,25.09,1.0,0.0,0.0,1.04,0.103,1.627,0,9,30,1,1,50,0,50,75,trending,0.0,0,,,
2026-03-24T09:35:00+05:30,portfolio_hist,PREMIUM,SKIP,idle,22819.1,25.18,1.0,0.0,0.0,1.04,0.024,1.627,0,9,35,1,1,50,0,50,75,trending,0.0,0,,,
2026-03-24T09:40:00+05:30,portfolio_hist,PREMIUM,SKIP,idle,22779.75,25.3,1.0,0.0,0.0,1.04,0.197,1.627,0,9,40,1,1,37,0,37,75,trending,0.0,0,,,
2026-03-24T09:45:00+05:30,portfolio_hist,PREMIUM,SKIP,idle,22719.05,25.47,1.0,0.0,0.0,1.04,0.463,0.505,0,9,45,1,1,35,0,35,75,high_vol_range,0.0,0,,,
2026-03-24T09:50:00+05:30,portfolio_hist,PREMIUM,SKIP,idle,22712.55,25.48,1.0,0.0,0.0,1.04,0.491,0.603,0,9,50,1,1,35,0,35,75,high_vol_range,0.0,0,,,
2026-03-24T09:55:00+05:30,portfolio_hist,PREMIUM,SKIP,idle,22755.45,25.34,1.0,0.0,0.0,1.04,0.303,0.603,0,9,55,1,1,35,0,35,75,high_vol_range,0.0,0,,,
2026-03-24T10:00:00+05:30,portfolio_hist,PREMIUM,SKIP,idle,22747.3,25.4,1.0,0.0,0.0,1.04,0.339,0.601,0,10,0,1,1,35,0,35,65,high_vol_range,0.0,0,,,
2026-03-24T10:05:00+05:30,portfolio_hist,PREMIUM,SKIP,idle,22715.0,25.54,1.0,0.0,0.0,1.041,0.48,0.517,0,10,5,1,1,35,0,35,65,high_vol_range,0.0,0,,,
2026-03-24T10:10:00+05:30,portfolio_hist,PREMIUM,SKIP,idle,22693.55,25.53,1.0,0.0,0.0,1.04,0.574,0.429,0,10,10,1,1,37,0,37,65,high_vol_range,0.0,0,,,
2026-03-24T10:15:00+05:30,portfolio_hist,PREMIUM,SKIP,idle,22711.4,25.5,1.0,0.0,0.0,1.04,0.496,0.374,0,10,15,1,1,42,0,42,65,high_vol_range,0.0,0,,,
2026-03-24T10:20:00+05:30,portfolio_hist,PREMIUM,SKIP,idle,22714.0,25.39,1.0,0.0,0.0,1.04,0.485,0.374,0,10,20,1,1,42,0,42,65,high_vol_range,0.0,0,,,
2026-03-24T10:25:00+05:30,portfolio_hist,PREMIUM,SKIP,idle,22760.0,25.4,1.0,0.0,0.0,1.04,0.283,0.374,0,10,25,1,1,49,0,49,65,high_vol_range,0.0,0,,,
2026-03-24T10:30:00+05:30,portfolio_hist,PREMIUM,SKIP,idle,22721.55,25.43,1.0,0.0,0.0,1.041,0.452,0.344,0,10,30,1,1,42,0,42,65,high_vol_range,0.0,0,,,
2026-03-24T10:35:00+05:30,portfolio_hist,PREMIUM,SKIP,idle,22660.9,25.5,1.0,0.0,0.0,1.04,0.717,0.421,0,10,35,1,1,37,0,37,65,high_vol_range,0.0,0,,,
2026-03-24T10:40:00+05:30,portfolio_hist,PREMIUM,SKIP,idle,22634.35,25.7,1.0,0.0,0.0,1.041,0.834,0.579,0,10,40,1,1,30,0,30,65,high_vol_range,0.0,0,,,
2026-03-24T10:45:00+05:30,portfolio_hist,PREMIUM,SKIP,idle,22665.9,25.59,1.0,0.0,0.0,1.041,0.696,0.579,0,10,45,1,1,30,0,30,65,high_vol_range,0.0,0,,,
2026-03-24T10:50:00+05:30,portfolio_hist,PREMIUM,SKIP,idle,22706.45,25.57,1.0,0.0,0.0,1.041,0.518,0.579,0,10,50,1,1,30,0,30,65,high_vol_range,0.0,0,,,
2026-03-24T10:55:00+05:30,portfolio_hist,PREMIUM,SKIP,idle,22672.8,25.67,1.0,0.0,0.0,1.041,0.665,0.565,0,10,55,1,1,30,0,30,65,high_vol_range,0.0,0,,,
2026-03-24T09:30:00+05:30,portfolio_hist,PREMIUM,SKIP,idle,22848.25,25.09,1.0,0.0,0.0,1.04,0.103,1.627,0,9,30,1,1,50,0,50,75,trending,0.0,0,,,
2026-03-24T09:35:00+05:30,portfolio_hist,PREMIUM,SKIP,idle,22819.1,25.18,1.0,0.0,0.0,1.04,0.024,1.627,0,9,35,1,1,50,0,50,75,trending,0.0,0,,,
2026-03-24T09:40:00+05:30,portfolio_hist,PREMIUM,SKIP,idle,22779.75,25.3,1.0,0.0,0.0,1.04,0.197,1.627,0,9,40,1,1,37,0,37,75,trending,0.0,0,,,
2026-03-24T09:45:00+05:30,portfolio_hist,PREMIUM,SKIP,idle,22719.05,25.47,1.0,0.0,0.0,1.04,0.463,0.505,0,9,45,1,1,35,0,35,75,high_vol_range,0.0,0,,,
2026-03-24T09:50:00+05:30,portfolio_hist,PREMIUM,SKIP,idle,22712.55,25.48,1.0,0.0,0.0,1.04,0.491,0.603,0,9,50,1,1,35,0,35,75,high_vol_range,0.0,0,,,
2026-03-24T09:55:00+05:30,portfolio_hist,PREMIUM,SKIP,idle,22755.45,25.34,1.0,0.0,0.0,1.04,0.303,0.603,0,9,55,1,1,35,0,35,75,high_vol_range,0.0,0,,,
2026-03-24T10:00:00+05:30,portfolio_hist,PREMIUM,SKIP,idle,22747.3,25.4,1.0,0.0,0.0,1.04,0.339,0.601,0,10,0,1,1,35,0,35,65,high_vol_range,0.0,0,,,
2026-03-24T10:05:00+05:30,portfolio_hist,PREMIUM,SKIP,idle,22715.0,25.54,1.0,0.0,0.0,1.041,0.48,0.517,0,10,5,1,1,35,0,35,65,high_vol_range,0.0,0,,,
2026-03-24T10:10:00+05:30,portfolio_hist,PREMIUM,SKIP,idle,22693.55,25.53,1.0,0.0,0.0,1.04,0.574,0.429,0,10,10,1,1,37,0,37,65,high_vol_range,0.0,0,,,
2026-03-24T10:15:00+05:30,portfolio_hist,PREMIUM,SKIP,idle,22711.4,25.5,1.0,0.0,0.0,1.04,0.496,0.374,0,10,15,1,1,42,0,42,65,high_vol_range,0.0,0,,,
2026-03-24T10:20:00+05:30,portfolio_hist,PREMIUM,SKIP,idle,22714.0,25.39,1.0,0.0,0.0,1.04,0.485,0.374,0,10,20,1,1,42,0,42,65,high_vol_range,0.0,0,,,
2026-03-24T10:25:00+05:30,portfolio_hist,PREMIUM,SKIP,idle,22760.0,25.4,1.0,0.0,0.0,1.04,0.283,0.374,0,10,25,1,1,49,0,49,65,high_vol_range,0.0,0,,,
2026-03-24T10:30:00+05:30,portfolio_hist,PREMIUM,SKIP,idle,22721.55,25.43,1.0,0.0,0.0,1.041,0.452,0.344,0,10,30,1,1,42,0,42,65,high_vol_range,0.0,0,,,
2026-03-24T10:35:00+05:30,portfolio_hist,PREMIUM,SKIP,idle,22660.9,25.5,1.0,0.0,0.0,1.04,0.717,0.421,0,10,35,1,1,37,0,37,65,high_vol_range,0.0,0,,,
2026-03-24T10:40:00+05:30,portfolio_hist,PREMIUM,SKIP,idle,22634.35,25.7,1.0,0.0,0.0,1.041,0.834,0.579,0,10,40,1,1,30,0,30,65,high_vol_range,0.0,0,,,
2026-03-24T10:45:00+05:30,portfolio_hist,PREMIUM,SKIP,idle,22665.9,25.59,1.0,0.0,0.0,1.041,0.696,0.579,0,10,45,1,1,30,0,30,65,high_vol_range,0.0,0,,,
2026-03-24T10:50:00+05:30,portfolio_hist,PREMIUM,SKIP,idle,22706.45,25.57,1.0,0.0,0.0,1.041,0.518,0.579,0,10,50,1,1,30,0,30,65,high_vol_range,0.0,0,,,
2026-03-24T10:55:00+05:30,portfolio_hist,PREMIUM,SKIP,idle,22672.8,25.67,1.0,0.0,0.0,1.041,0.665,0.565,0,10,55,1,1,30,0,30,65,high_vol_range,0.0,0,,,
2026-03-24T09:30:00+05:30,portfolio_hist,PREMIUM,SKIP,idle,22848.25,25.09,1.0,0.0,0.0,1.04,0.103,1.627,0,9,30,1,1,50,0,50,75,trending,0.0,0,,,
2026-03-24T09:35:00+05:30,portfolio_hist,PREMIUM,SKIP,idle,22819.1,25.18,1.0,0.0,0.0,1.04,0.024,1.627,0,9,35,1,1,50,0,50,75,trending,0.0,0,,,
2026-03-24T09:40:00+05:30,portfolio_hist,PREMIUM,SKIP,idle,22779.75,25.3,1.0,0.0,0.0,1.04,0.197,1.627,0,9,40,1,1,37,0,37,75,trending,0.0,0,,,
2026-03-24T09:45:00+05:30,portfolio_hist,PREMIUM,SKIP,idle,22719.05,25.47,1.0,0.0,0.0,1.04,0.463,0.505,0,9,45,1,1,35,0,35,75,high_vol_range,0.0,0,,,
2026-03-24T09:50:00+05:30,portfolio_hist,PREMIUM,SKIP,idle,22712.55,25.48,1.0,0.0,0.0,1.04,0.491,0.603,0,9,50,1,1,35,0,35,75,high_vol_range,0.0,0,,,
2026-03-24T09:55:00+05:30,portfolio_hist,PREMIUM,SKIP,idle,22755.45,25.34,1.0,0.0,0.0,1.04,0.303,0.603,0,9,55,1,1,35,0,35,75,high_vol_range,0.0,0,,,
2026-03-24T10:00:00+05:30,portfolio_hist,PREMIUM,SKIP,idle,22747.3,25.4,1.0,0.0,0.0,1.04,0.339,0.601,0,10,0,1,1,35,0,35,65,high_vol_range,0.0,0,,,
2026-03-24T10:05:00+05:30,portfolio_hist,PREMIUM,SKIP,idle,22715.0,25.54,1.0,0.0,0.0,1.041,0.48,0.517,0,10,5,1,1,35,0,35,65,high_vol_range,0.0,0,,,
2026-03-24T10:10:00+05:30,portfolio_hist,PREMIUM,SKIP,idle,22693.55,25.53,1.0,0.0,0.0,1.04,0.574,0.429,0,10,10,1,1,37,0,37,65,high_vol_range,0.0,0,,,
2026-03-24T10:15:00+05:30,portfolio_hist,PREMIUM,SKIP,idle,22711.4,25.5,1.0,0.0,0.0,1.04,0.496,0.374,0,10,15,1,1,42,0,42,65,high_vol_range,0.0,0,,,
2026-03-24T10:20:00+05:30,portfolio_hist,PREMIUM,SKIP,idle,22714.0,25.39,1.0,0.0,0.0,1.04,0.485,0.374,0,10,20,1,1,42,0,42,65,high_vol_range,0.0,0,,,
2026-03-24T10:25:00+05:30,portfolio_hist,PREMIUM,SKIP,idle,22760.0,25.4,1.0,0.0,0.0,1.04,0.283,0.374,0,10,25,1,1,49,0,49,65,high_vol_range,0.0,0,,,
2026-03-24T10:30:00+05:30,portfolio_hist,PREMIUM,SKIP,idle,22721.55,25.43,1.0,0.0,0.0,1.041,0.452,0.344,0,10,30,1,1,42,0,42,65,high_vol_range,0.0,0,,,
2026-03-24T10:35:00+05:30,portfolio_hist,PREMIUM,SKIP,idle,22660.9,25.5,1.0,0.0,0.0,1.04,0.717,0.421,0,10,35,1,1,37,0,37,65,high_vol_range,0.0,0,,,
2026-03-24T10:40:00+05:30,portfolio_hist,PREMIUM,SKIP,idle,22634.35,25.7,1.0,0.0,0.0,1.041,0.834,0.579,0,10,40,1,1,30,0,30,65,high_vol_range,0.0,0,,,
2026-03-24T10:45:00+05:30,portfolio_hist,PREMIUM,SKIP,idle,22665.9,25.59,1.0,0.0,0.0,1.041,0.696,0.579,0,10,45,1,1,30,0,30,65,high_vol_range,0.0,0,,,
2026-03-24T10:50:00+05:30,portfolio_hist,PREMIUM,SKIP,idle,22706.45,25.57,1.0,0.0,0.0,1.041,0.518,0.579,0,10,50,1,1,30,0,30,65,high_vol_range,0.0,0,,,
2026-03-24T10:55:00+05:30,portfolio_hist,PREMIUM,SKIP,idle,22672.8,25.67,1.0,0.0,0.0,1.041,0.665,0.565,0,10,55,1,1,30,0,30,65,high_vol_range,0.0,0,,,
2026-03-24T09:30:00+05:30,portfolio_hist,PREMIUM,SKIP,idle,22848.25,25.09,1.0,0.0,0.0,1.04,0.103,1.627,0,9,30,1,1,50,0,50,75,trending,0.0,0,,,
2026-03-24T09:35:00+05:30,portfolio_hist,PREMIUM,SKIP,idle,22819.1,25.18,1.0,0.0,0.0,1.04,0.024,1.627,0,9,35,1,1,50,0,50,75,trending,0.0,0,,,
2026-03-24T09:40:00+05:30,portfolio_hist,PREMIUM,SKIP,idle,22779.75,25.3,1.0,0.0,0.0,1.04,0.197,1.627,0,9,40,1,1,37,0,37,75,trending,0.0,0,,,
2026-03-24T09:45:00+05:30,portfolio_hist,PREMIUM,SKIP,idle,22719.05,25.47,1.0,0.0,0.0,1.04,0.463,0.505,0,9,45,1,1,35,0,35,75,high_vol_range,0.0,0,,,
2026-03-24T09:50:00+05:30,portfolio_hist,PREMIUM,SKIP,idle,22712.55,25.48,1.0,0.0,0.0,1.04,0.491,0.603,0,9,50,1,1,35,0,35,75,high_vol_range,0.0,0,,,
2026-03-24T09:55:00+05:30,portfolio_hist,PREMIUM,SKIP,idle,22755.45,25.34,1.0,0.0,0.0,1.04,0.303,0.603,0,9,55,1,1,35,0,35,75,high_vol_range,0.0,0,,,
2026-03-24T10:00:00+05:30,portfolio_hist,PREMIUM,SKIP,idle,22747.3,25.4,1.0,0.0,0.0,1.04,0.339,0.601,0,10,0,1,1,35,0,35,65,high_vol_range,0.0,0,,,
2026-03-24T10:05:00+05:30,portfolio_hist,PREMIUM,SKIP,idle,22715.0,25.54,1.0,0.0,0.0,1.041,0.48,0.517,0,10,5,1,1,35,0,35,65,high_vol_range,0.0,0,,,
2026-03-24T10:10:00+05:30,portfolio_hist,PREMIUM,SKIP,idle,22693.55,25.53,1.0,0.0,0.0,1.04,0.574,0.429,0,10,10,1,1,37,0,37,65,high_vol_range,0.0,0,,,
2026-03-24T10:15:00+05:30,portfolio_hist,PREMIUM,SKIP,idle,22711.4,25.5,1.0,0.0,0.0,1.04,0.496,0.374,0,10,15,1,1,42,0,42,65,high_vol_range,0.0,0,,,
2026-03-24T10:20:00+05:30,portfolio_hist,PREMIUM,SKIP,idle,22714.0,25.39,1.0,0.0,0.0,1.04,0.485,0.374,0,10,20,1,1,42,0,42,65,high_vol_range,0.0,0,,,
2026-03-24T10:25:00+05:30,portfolio_hist,PREMIUM,SKIP,idle,22760.0,25.4,1.0,0.0,0.0,1.04,0.283,0.374,0,10,25,1,1,49,0,49,65,high_vol_range,0.0,0,,,
2026-03-24T10:30:00+05:30,portfolio_hist,PREMIUM,SKIP,idle,22721.55,25.43,1.0,0.0,0.0,1.041,0.452,0.344,0,10,30,1,1,42,0,42,65,high_vol_range,0.0,0,,,
2026-03-24T10:35:00+05:30,portfolio_hist,PREMIUM,SKIP,idle,22660.9,25.5,1.0,0.0,0.0,1.04,0.717,0.421,0,10,35,1,1,37,0,37,65,high_vol_range,0.0,0,,,
2026-03-24T10:40:00+05:30,portfolio_hist,PREMIUM,SKIP,idle,22634.35,25.7,1.0,0.0,0.0,1.041,0.834,0.579,0,10,40,1,1,30,0,30,65,high_vol_range,0.0,0,,,
2026-03-24T10:45:00+05:30,portfolio_hist,PREMIUM,SKIP,idle,22665.9,25.59,1.0,0.0,0.0,1.041,0.696,0.579,0,10,45,1,1,30,0,30,65,high_vol_range,0.0,0,,,
2026-03-24T10:50:00+05:30,portfolio_hist,PREMIUM,SKIP,idle,22706.45,25.57,1.0,0.0,0.0,1.041,0.518,0.579,0,10,50,1,1,30,0,30,65,high_vol_range,0.0,0,,,
2026-03-24T10:55:00+05:30,portfolio_hist,PREMIUM,SKIP,idle,22672.8,25.67,1.0,0.0,0.0,1.041,0.665,0.565,0,10,55,1,1,30,0,30,65,high_vol_range,0.0,0,,,
2026-03-24T09:30:00+05:30,portfolio_hist,PREMIUM,SKIP,idle,22848.25,25.09,1.0,0.0,0.0,1.04,0.103,1.627,0,9,30,1,1,50,0,50,75,trending,0.0,0,,,
2026-03-24T09:35:00+05:30,portfolio_hist,PREMIUM,SKIP,idle,22819.1,25.18,1.0,0.0,0.0,1.04,0.024,1.627,0,9,35,1,1,50,0,50,75,trending,0.0,0,,,
2026-03-24T09:40:00+05:30,portfolio_hist,PREMIUM,SKIP,idle,22779.75,25.3,1.0,0.0,0.0,1.04,0.197,1.627,0,9,40,1,1,37,0,37,75,trending,0.0,0,,,
2026-03-24T09:45:00+05:30,portfolio_hist,PREMIUM,SKIP,idle,22719.05,25.47,1.0,0.0,0.0,1.04,0.463,0.505,0,9,45,1,1,35,0,35,75,high_vol_range,0.0,0,,,
2026-03-24T09:50:00+05:30,portfolio_hist,PREMIUM,SKIP,idle,22712.55,25.48,1.0,0.0,0.0,1.04,0.491,0.603,0,9,50,1,1,35,0,35,75,high_vol_range,0.0,0,,,
2026-03-24T09:55:00+05:30,portfolio_hist,PREMIUM,SKIP,idle,22755.45,25.34,1.0,0.0,0.0,1.04,0.303,0.603,0,9,55,1,1,35,0,35,75,high_vol_range,0.0,0,,,
2026-03-24T10:00:00+05:30,portfolio_hist,PREMIUM,SKIP,idle,22747.3,25.4,1.0,0.0,0.0,1.04,0.339,0.601,0,10,0,1,1,35,0,35,65,high_vol_range,0.0,0,,,
2026-03-24T10:05:00+05:30,portfolio_hist,PREMIUM,SKIP,idle,22715.0,25.54,1.0,0.0,0.0,1.041,0.48,0.517,0,10,5,1,1,35,0,35,65,high_vol_range,0.0,0,,,
2026-03-24T10:10:00+05:30,portfolio_hist,PREMIUM,SKIP,idle,22693.55,25.53,1.0,0.0,0.0,1.04,0.574,0.429,0,10,10,1,1,37,0,37,65,high_vol_range,0.0,0,,,
2026-03-24T10:15:00+05:30,portfolio_hist,PREMIUM,SKIP,idle,22711.4,25.5,1.0,0.0,0.0,1.04,0.496,0.374,0,10,15,1,1,42,0,42,65,high_vol_range,0.0,0,,,
2026-03-24T10:20:00+05:30,portfolio_hist,PREMIUM,SKIP,idle,22714.0,25.39,1.0,0.0,0.0,1.04,0.485,0.374,0,10,20,1,1,42,0,42,65,high_vol_range,0.0,0,,,
2026-03-24T10:25:00+05:30,portfolio_hist,PREMIUM,SKIP,idle,22760.0,25.4,1.0,0.0,0.0,1.04,0.283,0.374,0,10,25,1,1,49,0,49,65,high_vol_range,0.0,0,,,
2026-03-24T10:30:00+05:30,portfolio_hist,PREMIUM,SKIP,idle,22721.55,25.43,1.0,0.0,0.0,1.041,0.452,0.344,0,10,30,1,1,42,0,42,65,high_vol_range,0.0,0,,,
2026-03-24T10:35:00+05:30,portfolio_hist,PREMIUM,SKIP,idle,22660.9,25.5,1.0,0.0,0.0,1.04,0.717,0.421,0,10,35,1,1,37,0,37,65,high_vol_range,0.0,0,,,
2026-03-24T10:40:00+05:30,portfolio_hist,PREMIUM,SKIP,idle,22634.35,25.7,1.0,0.0,0.0,1.041,0.834,0.579,0,10,40,1,1,30,0,30,65,high_vol_range,0.0,0,,,
2026-03-24T10:45:00+05:30,portfolio_hist,PREMIUM,SKIP,idle,22665.9,25.59,1.0,0.0,0.0,1.041,0.696,0.579,0,10,45,1,1,30,0,30,65,high_vol_range,0.0,0,,,
2026-03-24T10:50:00+05:30,portfolio_hist,PREMIUM,SKIP,idle,22706.45,25.57,1.0,0.0,0.0,1.041,0.518,0.579,0,10,50,1,1,30,0,30,65,high_vol_range,0.0,0,,,
2026-03-24T10:55:00+05:30,portfolio_hist,PREMIUM,SKIP,idle,22672.8,25.67,1.0,0.0,0.0,1.041,0.665,0.565,0,10,55,1,1,30,0,30,65,high_vol_range,0.0,0,,,
2026-03-24T09:30:00+05:30,portfolio_hist,PREMIUM,SKIP,idle,22848.25,25.09,1.0,0.0,0.0,1.04,0.103,1.627,0,9,30,1,1,50,0,50,75,trending,0.0,0,,,
2026-03-24T09:35:00+05:30,portfolio_hist,PREMIUM,SKIP,idle,22819.1,25.18,1.0,0.0,0.0,1.04,0.024,1.627,0,9,35,1,1,50,0,50,75,trending,0.0,0,,,
2026-03-24T09:40:00+05:30,portfolio_hist,PREMIUM,SKIP,idle,22779.75,25.3,1.0,0.0,0.0,1.04,0.197,1.627,0,9,40,1,1,37,0,37,75,trending,0.0,0,,,
2026-03-24T09:45:00+05:30,portfolio_hist,PREMIUM,SKIP,idle,22719.05,25.47,1.0,0.0,0.0,1.04,0.463,0.505,0,9,45,1,1,35,0,35,75,high_vol_range,0.0,0,,,
2026-03-24T09:50:00+05:30,portfolio_hist,PREMIUM,SKIP,idle,22712.55,25.48,1.0,0.0,0.0,1.04,0.491,0.603,0,9,50,1,1,35,0,35,75,high_vol_range,0.0,0,,,
2026-03-24T09:55:00+05:30,portfolio_hist,PREMIUM,SKIP,idle,22755.45,25.34,1.0,0.0,0.0,1.04,0.303,0.603,0,9,55,1,1,35,0,35,75,high_vol_range,0.0,0,,,
2026-03-24T10:00:00+05:30,portfolio_hist,PREMIUM,SKIP,idle,22747.3,25.4,1.0,0.0,0.0,1.04,0.339,0.601,0,10,0,1,1,35,0,35,65,high_vol_range,0.0,0,,,
2026-03-24T10:05:00+05:30,portfolio_hist,PREMIUM,SKIP,idle,22715.0,25.54,1.0,0.0,0.0,1.041,0.48,0.517,0,10,5,1,1,35,0,35,65,high_vol_range,0.0,0,,,
2026-03-24T10:10:00+05:30,portfolio_hist,PREMIUM,SKIP,idle,22693.55,25.53,1.0,0.0,0.0,1.04,0.574,0.429,0,10,10,1,1,37,0,37,65,high_vol_range,0.0,0,,,
2026-03-24T10:15:00+05:30,portfolio_hist,PREMIUM,SKIP,idle,22711.4,25.5,1.0,0.0,0.0,1.04,0.496,0.374,0,10,15,1,1,42,0,42,65,high_vol_range,0.0,0,,,
2026-03-24T10:20:00+05:30,portfolio_hist,PREMIUM,SKIP,idle,22714.0,25.39,1.0,0.0,0.0,1.04,0.485,0.374,0,10,20,1,1,42,0,42,65,high_vol_range,0.0,0,,,
2026-03-24T10:25:00+05:30,portfolio_hist,PREMIUM,SKIP,idle,22760.0,25.4,1.0,0.0,0.0,1.04,0.283,0.374,0,10,25,1,1,49,0,49,65,high_vol_range,0.0,0,,,
2026-03-24T10:30:00+05:30,portfolio_hist,PREMIUM,SKIP,idle,22721.55,25.43,1.0,0.0,0.0,1.041,0.452,0.344,0,10,30,1,1,42,0,42,65,high_vol_range,0.0,0,,,
2026-03-24T10:35:00+05:30,portfolio_hist,PREMIUM,SKIP,idle,22660.9,25.5,1.0,0.0,0.0,1.04,0.717,0.421,0,10,35,1,1,37,0,37,65,high_vol_range,0.0,0,,,
2026-03-24T10:40:00+05:30,portfolio_hist,PREMIUM,SKIP,idle,22634.35,25.7,1.0,0.0,0.0,1.041,0.834,0.579,0,10,40,1,1,30,0,30,65,high_vol_range,0.0,0,,,
2026-03-24T10:45:00+05:30,portfolio_hist,PREMIUM,SKIP,idle,22665.9,25.59,1.0,0.0,0.0,1.041,0.696,0.579,0,10,45,1,1,30,0,30,65,high_vol_range,0.0,0,,,
2026-03-24T10:50:00+05:30,portfolio_hist,PREMIUM,SKIP,idle,22706.45,25.57,1.0,0.0,0.0,1.041,0.518,0.579,0,10,50,1,1,30,0,30,65,high_vol_range,0.0,0,,,
2026-03-24T10:55:00+05:30,portfolio_hist,PREMIUM,SKIP,idle,22672.8,25.67,1.0,0.0,0.0,1.041,0.665,0.565,0,10,55,1,1,30,0,30,65,high_vol_range,0.0,0,,,
2026-03-24T09:30:00+05:30,portfolio_hist,PREMIUM,SKIP,idle,22848.25,25.09,1.0,0.0,0.0,1.04,0.103,1.627,0,9,30,1,1,50,0,50,75,trending,0.0,0,,,
2026-03-24T09:35:00+05:30,portfolio_hist,PREMIUM,SKIP,idle,22819.1,25.18,1.0,0.0,0.0,1.04,0.024,1.627,0,9,35,1,1,50,0,50,75,trending,0.0,0,,,
2026-03-24T09:40:00+05:30,portfolio_hist,PREMIUM,SKIP,idle,22779.75,25.3,1.0,0.0,0.0,1.04,0.197,1.627,0,9,40,1,1,37,0,37,75,trending,0.0,0,,,
2026-03-24T09:45:00+05:30,portfolio_hist,PREMIUM,SKIP,idle,22719.05,25.47,1.0,0.0,0.0,1.04,0.463,0.505,0,9,45,1,1,35,0,35,75,high_vol_range,0.0,0,,,
2026-03-24T09:50:00+05:30,portfolio_hist,PREMIUM,SKIP,idle,22712.55,25.48,1.0,0.0,0.0,1.04,0.491,0.603,0,9,50,1,1,35,0,35,75,high_vol_range,0.0,0,,,
2026-03-24T09:55:00+05:30,portfolio_hist,PREMIUM,SKIP,idle,22755.45,25.34,1.0,0.0,0.0,1.04,0.303,0.603,0,9,55,1,1,35,0,35,75,high_vol_range,0.0,0,,,
2026-03-24T10:00:00+05:30,portfolio_hist,PREMIUM,SKIP,idle,22747.3,25.4,1.0,0.0,0.0,1.04,0.339,0.601,0,10,0,1,1,35,0,35,65,high_vol_range,0.0,0,,,
2026-03-24T10:05:00+05:30,portfolio_hist,PREMIUM,SKIP,idle,22715.0,25.54,1.0,0.0,0.0,1.041,0.48,0.517,0,10,5,1,1,35,0,35,65,high_vol_range,0.0,0,,,
2026-03-24T10:10:00+05:30,portfolio_hist,PREMIUM,SKIP,idle,22693.55,25.53,1.0,0.0,0.0,1.04,0.574,0.429,0,10,10,1,1,37,0,37,65,high_vol_range,0.0,0,,,
2026-03-24T10:15:00+05:30,portfolio_hist,PREMIUM,SKIP,idle,22711.4,25.5,1.0,0.0,0.0,1.04,0.496,0.374,0,10,15,1,1,42,0,42,65,high_vol_range,0.0,0,,,
2026-03-24T10:20:00+05:30,portfolio_hist,PREMIUM,SKIP,idle,22714.0,25.39,1.0,0.0,0.0,1.04,0.485,0.374,0,10,20,1,1,42,0,42,65,high_vol_range,0.0,0,,,
2026-03-24T10:25:00+05:30,portfolio_hist,PREMIUM,SKIP,idle,22760.0,25.4,1.0,0.0,0.0,1.04,0.283,0.374,0,10,25,1,1,49,0,49,65,high_vol_range,0.0,0,,,
2026-03-24T10:30:00+05:30,portfolio_hist,PREMIUM,SKIP,idle,22721.55,25.43,1.0,0.0,0.0,1.041,0.452,0.344,0,10,30,1,1,42,0,42,65,high_vol_range,0.0,0,,,
2026-03-24T10:35:00+05:30,portfolio_hist,PREMIUM,SKIP,idle,22660.9,25.5,1.0,0.0,0.0,1.04,0.717,0.421,0,10,35,1,1,37,0,37,65,high_vol_range,0.0,0,,,
2026-03-24T10:40:00+05:30,portfolio_hist,PREMIUM,SKIP,idle,22634.35,25.7,1.0,0.0,0.0,1.041,0.834,0.579,0,10,40,1,1,30,0,30,65,high_vol_range,0.0,0,,,
2026-03-24T10:45:00+05:30,portfolio_hist,PREMIUM,SKIP,idle,22665.9,25.59,1.0,0.0,0.0,1.041,0.696,0.579,0,10,45,1,1,30,0,30,65,high_vol_range,0.0,0,,,
2026-03-24T10:50:00+05:30,portfolio_hist,PREMIUM,SKIP,idle,22706.45,25.57,1.0,0.0,0.0,1.041,0.518,0.579,0,10,50,1,1,30,0,30,65,high_vol_range,0.0,0,,,
2026-03-24T10:55:00+05:30,portfolio_hist,PREMIUM,SKIP,idle,22672.8,25.67,1.0,0.0,0.0,1.041,0.665,0.565,0,10,55,1,1,30,0,30,65,high_vol_range,0.0,0,,,
2026-03-24T09:30:00+05:30,portfolio_hist,PREMIUM,SKIP,idle,22848.25,25.09,1.0,0.0,0.0,1.04,0.103,1.627,0,9,30,1,1,50,0,50,75,trending,0.0,0,,,
2026-03-24T09:35:00+05:30,portfolio_hist,PREMIUM,SKIP,idle,22819.1,25.18,1.0,0.0,0.0,1.04,0.024,1.627,0,9,35,1,1,50,0,50,75,trending,0.0,0,,,
2026-03-24T09:40:00+05:30,portfolio_hist,PREMIUM,SKIP,idle,22779.75,25.3,1.0,0.0,0.0,1.04,0.197,1.627,0,9,40,1,1,37,0,37,75,trending,0.0,0,,,
2026-03-24T09:45:00+05:30,portfolio_hist,PREMIUM,SKIP,idle,22719.05,25.47,1.0,0.0,0.0,1.04,0.463,0.505,0,9,45,1,1,35,0,35,75,high_vol_range,0.0,0,,,
2026-03-24T09:50:00+05:30,portfolio_hist,PREMIUM,SKIP,idle,22712.55,25.48,1.0,0.0,0.0,1.04,0.491,0.603,0,9,50,1,1,35,0,35,75,high_vol_range,0.0,0,,,
2026-03-24T09:55:00+05:30,portfolio_hist,PREMIUM,SKIP,idle,22755.45,25.34,1.0,0.0,0.0,1.04,0.303,0.603,0,9,55,1,1,35,0,35,75,high_vol_range,0.0,0,,,
2026-03-24T10:00:00+05:30,portfolio_hist,PREMIUM,SKIP,idle,22747.3,25.4,1.0,0.0,0.0,1.04,0.339,0.601,0,10,0,1,1,35,0,35,65,high_vol_range,0.0,0,,,
2026-03-24T10:05:00+05:30,portfolio_hist,PREMIUM,SKIP,idle,22715.0,25.54,1.0,0.0,0.0,1.041,0.48,0.517,0,10,5,1,1,35,0,35,65,high_vol_range,0.0,0,,,
2026-03-24T10:10:00+05:30,portfolio_hist,PREMIUM,SKIP,idle,22693.55,25.53,1.0,0.0,0.0,1.04,0.574,0.429,0,10,10,1,1,37,0,37,65,high_vol_range,0.0,0,,,
2026-03-24T10:15:00+05:30,portfolio_hist,PREMIUM,SKIP,idle,22711.4,25.5,1.0,0.0,0.0,1.04,0.496,0.374,0,10,15,1,1,42,0,42,65,high_vol_range,0.0,0,,,
2026-03-24T10:20:00+05:30,portfolio_hist,PREMIUM,SKIP,idle,22714.0,25.39,1.0,0.0,0.0,1.04,0.485,0.374,0,10,20,1,1,42,0,42,65,high_vol_range,0.0,0,,,
2026-03-24T10:25:00+05:30,portfolio_hist,PREMIUM,SKIP,idle,22760.0,25.4,1.0,0.0,0.0,1.04,0.283,0.374,0,10,25,1,1,49,0,49,65,high_vol_range,0.0,0,,,
2026-03-24T10:30:00+05:30,portfolio_hist,PREMIUM,SKIP,idle,22721.55,25.43,1.0,0.0,0.0,1.041,0.452,0.344,0,10,30,1,1,42,0,42,65,high_vol_range,0.0,0,,,
2026-03-24T10:35:00+05:30,portfolio_hist,PREMIUM,SKIP,idle,22660.9,25.5,1.0,0.0,0.0,1.04,0.717,0.421,0,10,35,1,1,37,0,37,65,high_vol_range,0.0,0,,,
2026-03-24T10:40:00+05:30,portfolio_hist,PREMIUM,SKIP,idle,22634.35,25.7,1.0,0.0,0.0,1.041,0.834,0.579,0,10,40,1,1,30,0,30,65,high_vol_range,0.0,0,,,
2026-03-24T10:45:00+05:30,portfolio_hist,PREMIUM,SKIP,idle,22665.9,25.59,1.0,0.0,0.0,1.041,0.696,0.579,0,10,45,1,1,30,0,30,65,high_vol_range,0.0,0,,,
2026-03-24T10:50:00+05:30,portfolio_hist,PREMIUM,SKIP,idle,22706.45,25.57,1.0,0.0,0.0,1.041,0.518,0.579,0,10,50,1,1,30,0,30,65,high_vol_range,0.0,0,,,
2026-03-24T10:55:00+05:30,portfolio_hist,PREMIUM,SKIP,idle,22672.8,25.67,1.0,0.0,0.0,1.041,0.665,0.565,0,10,55,1,1,30,0,30,65,high_vol_range,0.0,0,,,
2026-03-24T09:30:00+05:30,portfolio_hist,PREMIUM,SKIP,idle,22848.25,25.09,1.0,0.0,0.0,1.04,0.103,1.627,0,9,30,1,1,50,0,50,75,trending,0.0,0,,,
2026-03-24T09:35:00+05:30,portfolio_hist,PREMIUM,SKIP,idle,22819.1,25.18,1.0,0.0,0.0,1.04,0.024,1.627,0,9,35,1,1,50,0,50,75,trending,0.0,0,,,
2026-03-24T09:40:00+05:30,portfolio_hist,PREMIUM,SKIP,idle,22779.75,25.3,1.0,0.0,0.0,1.04,0.197,1.627,0,9,40,1,1,37,0,37,75,trending,0.0,0,,,
2026-03-24T09:45:00+05:30,portfolio_hist,PREMIUM,SKIP,idle,22719.05,25.47,1.0,0.0,0.0,1.04,0.463,0.505,0,9,45,1,1,35,0,35,75,high_vol_range,0.0,0,,,
2026-03-24T09:50:00+05:30,portfolio_hist,PREMIUM,SKIP,idle,22712.55,25.48,1.0,0.0,0.0,1.04,0.491,0.603,0,9,50,1,1,35,0,35,75,high_vol_range,0.0,0,,,
2026-03-24T09:55:00+05:30,portfolio_hist,PREMIUM,SKIP,idle,22755.45,25.34,1.0,0.0,0.0,1.04,0.303,0.603,0,9,55,1,1,35,0,35,75,high_vol_range,0.0,0,,,
2026-03-24T10:00:00+05:30,portfolio_hist,PREMIUM,SKIP,idle,22747.3,25.4,1.0,0.0,0.0,1.04,0.339,0.601,0,10,0,1,1,35,0,35,65,high_vol_range,0.0,0,,,
2026-03-24T10:05:00+05:30,portfolio_hist,PREMIUM,SKIP,idle,22715.0,25.54,1.0,0.0,0.0,1.041,0.48,0.517,0,10,5,1,1,35,0,35,65,high_vol_range,0.0,0,,,
2026-03-24T10:10:00+05:30,portfolio_hist,PREMIUM,SKIP,idle,22693.55,25.53,1.0,0.0,0.0,1.04,0.574,0.429,0,10,10,1,1,37,0,37,65,high_vol_range,0.0,0,,,
2026-03-24T10:15:00+05:30,portfolio_hist,PREMIUM,SKIP,idle,22711.4,25.5,1.0,0.0,0.0,1.04,0.496,0.374,0,10,15,1,1,42,0,42,65,high_vol_range,0.0,0,,,
2026-03-24T10:20:00+05:30,portfolio_hist,PREMIUM,SKIP,idle,22714.0,25.39,1.0,0.0,0.0,1.04,0.485,0.374,0,10,20,1,1,42,0,42,65,high_vol_range,0.0,0,,,
2026-03-24T10:25:00+05:30,portfolio_hist,PREMIUM,SKIP,idle,22760.0,25.4,1.0,0.0,0.0,1.04,0.283,0.374,0,10,25,1,1,49,0,49,65,high_vol_range,0.0,0,,,
2026-03-24T10:30:00+05:30,portfolio_hist,PREMIUM,SKIP,idle,22721.55,25.43,1.0,0.0,0.0,1.041,0.452,0.344,0,10,30,1,1,42,0,42,65,high_vol_range,0.0,0,,,
2026-03-24T10:35:00+05:30,portfolio_hist,PREMIUM,SKIP,idle,22660.9,25.5,1.0,0.0,0.0,1.04,0.717,0.421,0,10,35,1,1,37,0,37,65,high_vol_range,0.0,0,,,
2026-03-24T10:40:00+05:30,portfolio_hist,PREMIUM,SKIP,idle,22634.35,25.7,1.0,0.0,0.0,1.041,0.834,0.579,0,10,40,1,1,30,0,30,65,high_vol_range,0.0,0,,,
2026-03-24T10:45:00+05:30,portfolio_hist,PREMIUM,SKIP,idle,22665.9,25.59,1.0,0.0,0.0,1.041,0.696,0.579,0,10,45,1,1,30,0,30,65,high_vol_range,0.0,0,,,
2026-03-24T10:50:00+05:30,portfolio_hist,PREMIUM,SKIP,idle,22706.45,25.57,1.0,0.0,0.0,1.041,0.518,0.579,0,10,50,1,1,30,0,30,65,high_vol_range,0.0,0,,,
2026-03-24T10:55:00+05:30,portfolio_hist,PREMIUM,SKIP,idle,22672.8,25.67,1.0,0.0,0.0,1.041,0.665,0.565,0,10,55,1,1,30,0,30,65,high_vol_range,0.0,0,,,
2026-03-24T09:30:00+05:30,portfolio_hist,PREMIUM,SKIP,idle,22848.25,25.09,1.0,0.0,0.0,1.04,0.103,1.627,0,9,30,1,1,50,0,50,75,trending,0.0,0,,,
2026-03-24T09:35:00+05:30,portfolio_hist,PREMIUM,SKIP,idle,22819.1,25.18,1.0,0.0,0.0,1.04,0.024,1.627,0,9,35,1,1,50,0,50,75,trending,0.0,0,,,
2026-03-24T09:40:00+05:30,portfolio_hist,PREMIUM,SKIP,idle,22779.75,25.3,1.0,0.0,0.0,1.04,0.197,1.627,0,9,40,1,1,37,0,37,75,trending,0.0,0,,,
2026-03-24T09:45:00+05:30,portfolio_hist,PREMIUM,SKIP,idle,22719.05,25.47,1.0,0.0,0.0,1.04,0.463,0.505,0,9,45,1,1,35,0,35,75,high_vol_range,0.0,0,,,
2026-03-24T09:50:00+05:30,portfolio_hist,PREMIUM,SKIP,idle,22712.55,25.48,1.0,0.0,0.0,1.04,0.491,0.603,0,9,50,1,1,35,0,35,75,high_vol_range,0.0,0,,,
2026-03-24T09:55:00+05:30,portfolio_hist,PREMIUM,SKIP,idle,22755.45,25.34,1.0,0.0,0.0,1.04,0.303,0.603,0,9,55,1,1,35,0,35,75,high_vol_range,0.0,0,,,
2026-03-24T10:00:00+05:30,portfolio_hist,PREMIUM,SKIP,idle,22747.3,25.4,1.0,0.0,0.0,1.04,0.339,0.601,0,10,0,1,1,35,0,35,65,high_vol_range,0.0,0,,,
2026-03-24T10:05:00+05:30,portfolio_hist,PREMIUM,SKIP,idle,22715.0,25.54,1.0,0.0,0.0,1.041,0.48,0.517,0,10,5,1,1,35,0,35,65,high_vol_range,0.0,0,,,
2026-03-24T10:10:00+05:30,portfolio_hist,PREMIUM,SKIP,idle,22693.55,25.53,1.0,0.0,0.0,1.04,0.574,0.429,0,10,10,1,1,37,0,37,65,high_vol_range,0.0,0,,,
2026-03-24T10:15:00+05:30,portfolio_hist,PREMIUM,SKIP,idle,22711.4,25.5,1.0,0.0,0.0,1.04,0.496,0.374,0,10,15,1,1,42,0,42,65,high_vol_range,0.0,0,,,
2026-03-24T10:20:00+05:30,portfolio_hist,PREMIUM,SKIP,idle,22714.0,25.39,1.0,0.0,0.0,1.04,0.485,0.374,0,10,20,1,1,42,0,42,65,high_vol_range,0.0,0,,,
2026-03-24T10:25:00+05:30,portfolio_hist,PREMIUM,SKIP,idle,22760.0,25.4,1.0,0.0,0.0,1.04,0.283,0.374,0,10,25,1,1,49,0,49,65,high_vol_range,0.0,0,,,
2026-03-24T10:30:00+05:30,portfolio_hist,PREMIUM,SKIP,idle,22721.55,25.43,1.0,0.0,0.0,1.041,0.452,0.344,0,10,30,1,1,42,0,42,65,high_vol_range,0.0,0,,,
2026-03-24T10:35:00+05:30,portfolio_hist,PREMIUM,SKIP,idle,22660.9,25.5,1.0,0.0,0.0,1.04,0.717,0.421,0,10,35,1,1,37,0,37,65,high_vol_range,0.0,0,,,
2026-03-24T10:40:00+05:30,portfolio_hist,PREMIUM,SKIP,idle,22634.35,25.7,1.0,0.0,0.0,1.041,0.834,0.579,0,10,40,1,1,30,0,30,65,high_vol_range,0.0,0,,,
2026-03-24T10:45:00+05:30,portfolio_hist,PREMIUM,SKIP,idle,22665.9,25.59,1.0,0.0,0.0,1.041,0.696,0.579,0,10,45,1,1,30,0,30,65,high_vol_range,0.0,0,,,
2026-03-24T10:50:00+05:30,portfolio_hist,PREMIUM,SKIP,idle,22706.45,25.57,1.0,0.0,0.0,1.041,0.518,0.579,0,10,50,1,1,30,0,30,65,high_vol_range,0.0,0,,,
2026-03-24T10:55:00+05:30,portfolio_hist,PREMIUM,SKIP,idle,22672.8,25.67,1.0,0.0,0.0,1.041,0.665,0.565,0,10,55,1,1,30,0,30,65,high_vol_range,0.0,0,,,
2026-03-24T09:30:00+05:30,portfolio_hist,PREMIUM,SKIP,idle,22848.25,25.09,1.0,0.0,0.0,1.04,0.103,1.627,0,9,30,1,1,50,0,50,75,trending,0.0,0,,,
2026-03-24T09:35:00+05:30,portfolio_hist,PREMIUM,SKIP,idle,22819.1,25.18,1.0,0.0,0.0,1.04,0.024,1.627,0,9,35,1,1,50,0,50,75,trending,0.0,0,,,
2026-03-24T09:40:00+05:30,portfolio_hist,PREMIUM,SKIP,idle,22779.75,25.3,1.0,0.0,0.0,1.04,0.197,1.627,0,9,40,1,1,37,0,37,75,trending,0.0,0,,,
2026-03-24T09:45:00+05:30,portfolio_hist,PREMIUM,SKIP,idle,22719.05,25.47,1.0,0.0,0.0,1.04,0.463,0.505,0,9,45,1,1,35,0,35,75,high_vol_range,0.0,0,,,
2026-03-24T09:50:00+05:30,portfolio_hist,PREMIUM,SKIP,idle,22712.55,25.48,1.0,0.0,0.0,1.04,0.491,0.603,0,9,50,1,1,35,0,35,75,high_vol_range,0.0,0,,,
2026-03-24T09:55:00+05:30,portfolio_hist,PREMIUM,SKIP,idle,22755.45,25.34,1.0,0.0,0.0,1.04,0.303,0.603,0,9,55,1,1,35,0,35,75,high_vol_range,0.0,0,,,
2026-03-24T10:00:00+05:30,portfolio_hist,PREMIUM,SKIP,idle,22747.3,25.4,1.0,0.0,0.0,1.04,0.339,0.601,0,10,0,1,1,35,0,35,65,high_vol_range,0.0,0,,,
2026-03-24T10:05:00+05:30,portfolio_hist,PREMIUM,SKIP,idle,22715.0,25.54,1.0,0.0,0.0,1.041,0.48,0.517,0,10,5,1,1,35,0,35,65,high_vol_range,0.0,0,,,
2026-03-24T10:10:00+05:30,portfolio_hist,PREMIUM,SKIP,idle,22693.55,25.53,1.0,0.0,0.0,1.04,0.574,0.429,0,10,10,1,1,37,0,37,65,high_vol_range,0.0,0,,,
2026-03-24T10:15:00+05:30,portfolio_hist,PREMIUM,SKIP,idle,22711.4,25.5,1.0,0.0,0.0,1.04,0.496,0.374,0,10,15,1,1,42,0,42,65,high_vol_range,0.0,0,,,
2026-03-24T10:20:00+05:30,portfolio_hist,PREMIUM,SKIP,idle,22714.0,25.39,1.0,0.0,0.0,1.04,0.485,0.374,0,10,20,1,1,42,0,42,65,high_vol_range,0.0,0,,,
2026-03-24T10:25:00+05:30,portfolio_hist,PREMIUM,SKIP,idle,22760.0,25.4,1.0,0.0,0.0,1.04,0.283,0.374,0,10,25,1,1,49,0,49,65,high_vol_range,0.0,0,,,
2026-03-24T10:30:00+05:30,portfolio_hist,PREMIUM,SKIP,idle,22721.55,25.43,1.0,0.0,0.0,1.041,0.452,0.344,0,10,30,1,1,42,0,42,65,high_vol_range,0.0,0,,,
2026-03-24T10:35:00+05:30,portfolio_hist,PREMIUM,SKIP,idle,22660.9,25.5,1.0,0.0,0.0,1.04,0.717,0.421,0,10,35,1,1,37,0,37,65,high_vol_range,0.0,0,,,
2026-03-24T10:40:00+05:30,portfolio_hist,PREMIUM,SKIP,idle,22634.35,25.7,1.0,0.0,0.0,1.041,0.834,0.579,0,10,40,1,1,30,0,30,65,high_vol_range,0.0,0,,,
2026-03-24T10:45:00+05:30,portfolio_hist,PREMIUM,SKIP,idle,22665.9,25.59,1.0,0.0,0.0,1.041,0.696,0.579,0,10,45,1,1,30,0,30,65,high_vol_range,0.0,0,,,
2026-03-24T10:50:00+05:30,portfolio_hist,PREMIUM,SKIP,idle,22706.45,25.57,1.0,0.0,0.0,1.041,0.518,0.579,0,10,50,1,1,30,0,30,65,high_vol_range,0.0,0,,,
2026-03-24T10:55:00+05:30,portfolio_hist,PREMIUM,SKIP,idle,22672.8,25.67,1.0,0.0,0.0,1.041,0.665,0.565,0,10,55,1,1,30,0,30,65,high_vol_range,0.0,0,,,
2026-03-24T09:30:00+05:30,portfolio_hist,PREMIUM,SKIP,idle,22848.25,25.09,1.0,0.0,0.0,1.04,0.103,1.627,0,9,30,1,1,50,0,50,75,trending,0.0,0,,,
2026-03-24T09:35:00+05:30,portfolio_hist,PREMIUM,SKIP,idle,22819.1,25.18,1.0,0.0,0.0,1.04,0.024,1.627,0,9,35,1,1,50,0,50,75,trending,0.0,0,,,
2026-03-24T09:40:00+05:30,portfolio_hist,PREMIUM,SKIP,idle,22779.75,25.3,1.0,0.0,0.0,1.04,0.197,1.627,0,9,40,1,1,37,0,37,75,trending,0.0,0,,,
2026-03-24T09:45:00+05:30,portfolio_hist,PREMIUM,SKIP,idle,22719.05,25.47,1.0,0.0,0.0,1.04,0.463,0.505,0,9,45,1,1,35,0,35,75,high_vol_range,0.0,0,,,
2026-03-24T09:50:00+05:30,portfolio_hist,PREMIUM,SKIP,idle,22712.55,25.48,1.0,0.0,0.0,1.04,0.491,0.603,0,9,50,1,1,35,0,35,75,high_vol_range,0.0,0,,,
2026-03-24T09:55:00+05:30,portfolio_hist,PREMIUM,SKIP,idle,22755.45,25.34,1.0,0.0,0.0,1.04,0.303,0.603,0,9,55,1,1,35,0,35,75,high_vol_range,0.0,0,,,
2026-03-24T10:00:00+05:30,portfolio_hist,PREMIUM,SKIP,idle,22747.3,25.4,1.0,0.0,0.0,1.04,0.339,0.601,0,10,0,1,1,35,0,35,65,high_vol_range,0.0,0,,,
2026-03-24T10:05:00+05:30,portfolio_hist,PREMIUM,SKIP,idle,22715.0,25.54,1.0,0.0,0.0,1.041,0.48,0.517,0,10,5,1,1,35,0,35,65,high_vol_range,0.0,0,,,
2026-03-24T10:10:00+05:30,portfolio_hist,PREMIUM,SKIP,idle,22693.55,25.53,1.0,0.0,0.0,1.04,0.574,0.429,0,10,10,1,1,37,0,37,65,high_vol_range,0.0,0,,,
2026-03-24T10:15:00+05:30,portfolio_hist,PREMIUM,SKIP,idle,22711.4,25.5,1.0,0.0,0.0,1.04,0.496,0.374,0,10,15,1,1,42,0,42,65,high_vol_range,0.0,0,,,
2026-03-24T10:20:00+05:30,portfolio_hist,PREMIUM,SKIP,idle,22714.0,25.39,1.0,0.0,0.0,1.04,0.485,0.374,0,10,20,1,1,42,0,42,65,high_vol_range,0.0,0,,,
2026-03-24T10:25:00+05:30,portfolio_hist,PREMIUM,SKIP,idle,22760.0,25.4,1.0,0.0,0.0,1.04,0.283,0.374,0,10,25,1,1,49,0,49,65,high_vol_range,0.0,0,,,
2026-03-24T10:30:00+05:30,portfolio_hist,PREMIUM,SKIP,idle,22721.55,25.43,1.0,0.0,0.0,1.041,0.452,0.344,0,10,30,1,1,42,0,42,65,high_vol_range,0.0,0,,,
2026-03-24T10:35:00+05:30,portfolio_hist,PREMIUM,SKIP,idle,22660.9,25.5,1.0,0.0,0.0,1.04,0.717,0.421,0,10,35,1,1,37,0,37,65,high_vol_range,0.0,0,,,
2026-03-24T10:40:00+05:30,portfolio_hist,PREMIUM,SKIP,idle,22634.35,25.7,1.0,0.0,0.0,1.041,0.834,0.579,0,10,40,1,1,30,0,30,65,high_vol_range,0.0,0,,,
2026-03-24T10:45:00+05:30,portfolio_hist,PREMIUM,SKIP,idle,22665.9,25.59,1.0,0.0,0.0,1.041,0.696,0.579,0,10,45,1,1,30,0,30,65,high_vol_range,0.0,0,,,
2026-03-24T10:50:00+05:30,portfolio_hist,PREMIUM,SKIP,idle,22706.45,25.57,1.0,0.0,0.0,1.041,0.518,0.579,0,10,50,1,1,30,0,30,65,high_vol_range,0.0,0,,,
2026-03-24T10:55:00+05:30,portfolio_hist,PREMIUM,SKIP,idle,22672.8,25.67,1.0,0.0,0.0,1.041,0.665,0.565,0,10,55,1,1,30,0,30,65,high_vol_range,0.0,0,,,
2026-03-24T09:30:00+05:30,portfolio_hist,PREMIUM,SKIP,idle,22848.25,25.09,1.0,0.0,0.0,1.04,0.103,1.627,0,9,30,1,1,50,0,50,75,trending,0.0,0,,,
2026-03-24T09:35:00+05:30,portfolio_hist,PREMIUM,SKIP,idle,22819.1,25.18,1.0,0.0,0.0,1.04,0.024,1.627,0,9,35,1,1,50,0,50,75,trending,0.0,0,,,
2026-03-24T09:40:00+05:30,portfolio_hist,PREMIUM,SKIP,idle,22779.75,25.3,1.0,0.0,0.0,1.04,0.197,1.627,0,9,40,1,1,37,0,37,75,trending,0.0,0,,,
2026-03-24T09:45:00+05:30,portfolio_hist,PREMIUM,SKIP,idle,22719.05,25.47,1.0,0.0,0.0,1.04,0.463,0.505,0,9,45,1,1,35,0,35,75,high_vol_range,0.0,0,,,
2026-03-24T09:50:00+05:30,portfolio_hist,PREMIUM,SKIP,idle,22712.55,25.48,1.0,0.0,0.0,1.04,0.491,0.603,0,9,50,1,1,35,0,35,75,high_vol_range,0.0,0,,,
2026-03-24T09:55:00+05:30,portfolio_hist,PREMIUM,SKIP,idle,22755.45,25.34,1.0,0.0,0.0,1.04,0.303,0.603,0,9,55,1,1,35,0,35,75,high_vol_range,0.0,0,,,
2026-03-24T10:00:00+05:30,portfolio_hist,PREMIUM,SKIP,idle,22747.3,25.4,1.0,0.0,0.0,1.04,0.339,0.601,0,10,0,1,1,35,0,35,65,high_vol_range,0.0,0,,,
2026-03-24T10:05:00+05:30,portfolio_hist,PREMIUM,SKIP,idle,22715.0,25.54,1.0,0.0,0.0,1.041,0.48,0.517,0,10,5,1,1,35,0,35,65,high_vol_range,0.0,0,,,
2026-03-24T10:10:00+05:30,portfolio_hist,PREMIUM,SKIP,idle,22693.55,25.53,1.0,0.0,0.0,1.04,0.574,0.429,0,10,10,1,1,37,0,37,65,high_vol_range,0.0,0,,,
2026-03-24T10:15:00+05:30,portfolio_hist,PREMIUM,SKIP,idle,22711.4,25.5,1.0,0.0,0.0,1.04,0.496,0.374,0,10,15,1,1,42,0,42,65,high_vol_range,0.0,0,,,
2026-03-24T10:20:00+05:30,portfolio_hist,PREMIUM,SKIP,idle,22714.0,25.39,1.0,0.0,0.0,1.04,0.485,0.374,0,10,20,1,1,42,0,42,65,high_vol_range,0.0,0,,,
2026-03-24T10:25:00+05:30,portfolio_hist,PREMIUM,SKIP,idle,22760.0,25.4,1.0,0.0,0.0,1.04,0.283,0.374,0,10,25,1,1,49,0,49,65,high_vol_range,0.0,0,,,
2026-03-24T10:30:00+05:30,portfolio_hist,PREMIUM,SKIP,idle,22721.55,25.43,1.0,0.0,0.0,1.041,0.452,0.344,0,10,30,1,1,42,0,42,65,high_vol_range,0.0,0,,,
2026-03-24T10:35:00+05:30,portfolio_hist,PREMIUM,SKIP,idle,22660.9,25.5,1.0,0.0,0.0,1.04,0.717,0.421,0,10,35,1,1,37,0,37,65,high_vol_range,0.0,0,,,
2026-03-24T10:40:00+05:30,portfolio_hist,PREMIUM,SKIP,idle,22634.35,25.7,1.0,0.0,0.0,1.041,0.834,0.579,0,10,40,1,1,30,0,30,65,high_vol_range,0.0,0,,,
2026-03-24T10:45:00+05:30,portfolio_hist,PREMIUM,SKIP,idle,22665.9,25.59,1.0,0.0,0.0,1.041,0.696,0.579,0,10,45,1,1,30,0,30,65,high_vol_range,0.0,0,,,
2026-03-24T10:50:00+05:30,portfolio_hist,PREMIUM,SKIP,idle,22706.45,25.57,1.0,0.0,0.0,1.041,0.518,0.579,0,10,50,1,1,30,0,30,65,high_vol_range,0.0,0,,,
2026-03-24T10:55:00+05:30,portfolio_hist,PREMIUM,SKIP,idle,22672.8,25.67,1.0,0.0,0.0,1.041,0.665,0.565,0,10,55,1,1,30,0,30,65,high_vol_range,0.0,0,,,
2026-03-24T09:30:00+05:30,portfolio_hist,PREMIUM,SKIP,idle,22848.25,25.09,1.0,0.0,0.0,1.04,0.103,1.627,0,9,30,1,1,50,0,50,75,trending,0.0,0,,,
2026-03-24T09:35:00+05:30,portfolio_hist,PREMIUM,SKIP,idle,22819.1,25.18,1.0,0.0,0.0,1.04,0.024,1.627,0,9,35,1,1,50,0,50,75,trending,0.0,0,,,
2026-03-24T09:40:00+05:30,portfolio_hist,PREMIUM,SKIP,idle,22779.75,25.3,1.0,0.0,0.0,1.04,0.197,1.627,0,9,40,1,1,37,0,37,75,trending,0.0,0,,,
2026-03-24T09:45:00+05:30,portfolio_hist,PREMIUM,SKIP,idle,22719.05,25.47,1.0,0.0,0.0,1.04,0.463,0.505,0,9,45,1,1,35,0,35,75,high_vol_range,0.0,0,,,
2026-03-24T09:50:00+05:30,portfolio_hist,PREMIUM,SKIP,idle,22712.55,25.48,1.0,0.0,0.0,1.04,0.491,0.603,0,9,50,1,1,35,0,35,75,high_vol_range,0.0,0,,,
2026-03-24T09:55:00+05:30,portfolio_hist,PREMIUM,SKIP,idle,22755.45,25.34,1.0,0.0,0.0,1.04,0.303,0.603,0,9,55,1,1,35,0,35,75,high_vol_range,0.0,0,,,
2026-03-24T10:00:00+05:30,portfolio_hist,PREMIUM,SKIP,idle,22747.3,25.4,1.0,0.0,0.0,1.04,0.339,0.601,0,10,0,1,1,35,0,35,65,high_vol_range,0.0,0,,,
2026-03-24T10:05:00+05:30,portfolio_hist,PREMIUM,SKIP,idle,22715.0,25.54,1.0,0.0,0.0,1.041,0.48,0.517,0,10,5,1,1,35,0,35,65,high_vol_range,0.0,0,,,
2026-03-24T10:10:00+05:30,portfolio_hist,PREMIUM,SKIP,idle,22693.55,25.53,1.0,0.0,0.0,1.04,0.574,0.429,0,10,10,1,1,37,0,37,65,high_vol_range,0.0,0,,,
2026-03-24T10:15:00+05:30,portfolio_hist,PREMIUM,SKIP,idle,22711.4,25.5,1.0,0.0,0.0,1.04,0.496,0.374,0,10,15,1,1,42,0,42,65,high_vol_range,0.0,0,,,
2026-03-24T10:20:00+05:30,portfolio_hist,PREMIUM,SKIP,idle,22714.0,25.39,1.0,0.0,0.0,1.04,0.485,0.374,0,10,20,1,1,42,0,42,65,high_vol_range,0.0,0,,,
2026-03-24T10:25:00+05:30,portfolio_hist,PREMIUM,SKIP,idle,22760.0,25.4,1.0,0.0,0.0,1.04,0.283,0.374,0,10,25,1,1,49,0,49,65,high_vol_range,0.0,0,,,
2026-03-24T10:30:00+05:30,portfolio_hist,PREMIUM,SKIP,idle,22721.55,25.43,1.0,0.0,0.0,1.041,0.452,0.344,0,10,30,1,1,42,0,42,65,high_vol_range,0.0,0,,,
2026-03-24T10:35:00+05:30,portfolio_hist,PREMIUM,SKIP,idle,22660.9,25.5,1.0,0.0,0.0,1.04,0.717,0.421,0,10,35,1,1,37,0,37,65,high_vol_range,0.0,0,,,
2026-03-24T10:40:00+05:30,portfolio_hist,PREMIUM,SKIP,idle,22634.35,25.7,1.0,0.0,0.0,1.041,0.834,0.579,0,10,40,1,1,30,0,30,65,high_vol_range,0.0,0,,,
2026-03-24T10:45:00+05:30,portfolio_hist,PREMIUM,SKIP,idle,22665.9,25.59,1.0,0.0,0.0,1.041,0.696,0.579,0,10,45,1,1,30,0,30,65,high_vol_range,0.0,0,,,
2026-03-24T10:50:00+05:30,portfolio_hist,PREMIUM,SKIP,idle,22706.45,25.57,1.0,0.0,0.0,1.041,0.518,0.579,0,10,50,1,1,30,0,30,65,high_vol_range,0.0,0,,,
2026-03-24T10:55:00+05:30,portfolio_hist,PREMIUM,SKIP,idle,22672.8,25.67,1.0,0.0,0.0,1.041,0.665,0.565,0,10,55,1,1,30,0,30,65,high_vol_range,0.0,0,,,
2026-03-24T09:30:00+05:30,portfolio_hist,PREMIUM,SKIP,idle,22848.25,25.09,1.0,0.0,0.0,1.04,0.103,1.627,0,9,30,1,1,50,0,50,75,trending,0.0,0,,,
2026-03-24T09:35:00+05:30,portfolio_hist,PREMIUM,SKIP,idle,22819.1,25.18,1.0,0.0,0.0,1.04,0.024,1.627,0,9,35,1,1,50,0,50,75,trending,0.0,0,,,
2026-03-24T09:40:00+05:30,portfolio_hist,PREMIUM,SKIP,idle,22779.75,25.3,1.0,0.0,0.0,1.04,0.197,1.627,0,9,40,1,1,37,0,37,75,trending,0.0,0,,,
2026-03-24T09:45:00+05:30,portfolio_hist,PREMIUM,SKIP,idle,22719.05,25.47,1.0,0.0,0.0,1.04,0.463,0.505,0,9,45,1,1,35,0,35,75,high_vol_range,0.0,0,,,
2026-03-24T09:50:00+05:30,portfolio_hist,PREMIUM,SKIP,idle,22712.55,25.48,1.0,0.0,0.0,1.04,0.491,0.603,0,9,50,1,1,35,0,35,75,high_vol_range,0.0,0,,,
2026-03-24T09:55:00+05:30,portfolio_hist,PREMIUM,SKIP,idle,22755.45,25.34,1.0,0.0,0.0,1.04,0.303,0.603,0,9,55,1,1,35,0,35,75,high_vol_range,0.0,0,,,
2026-03-24T10:00:00+05:30,portfolio_hist,PREMIUM,SKIP,idle,22747.3,25.4,1.0,0.0,0.0,1.04,0.339,0.601,0,10,0,1,1,35,0,35,65,high_vol_range,0.0,0,,,
2026-03-24T10:05:00+05:30,portfolio_hist,PREMIUM,SKIP,idle,22715.0,25.54,1.0,0.0,0.0,1.041,0.48,0.517,0,10,5,1,1,35,0,35,65,high_vol_range,0.0,0,,,
2026-03-24T10:10:00+05:30,portfolio_hist,PREMIUM,SKIP,idle,22693.55,25.53,1.0,0.0,0.0,1.04,0.574,0.429,0,10,10,1,1,37,0,37,65,high_vol_range,0.0,0,,,
2026-03-24T10:15:00+05:30,portfolio_hist,PREMIUM,SKIP,idle,22711.4,25.5,1.0,0.0,0.0,1.04,0.496,0.374,0,10,15,1,1,42,0,42,65,high_vol_range,0.0,0,,,
2026-03-24T10:20:00+05:30,portfolio_hist,PREMIUM,SKIP,idle,22714.0,25.39,1.0,0.0,0.0,1.04,0.485,0.374,0,10,20,1,1,42,0,42,65,high_vol_range,0.0,0,,,
2026-03-24T10:25:00+05:30,portfolio_hist,PREMIUM,SKIP,idle,22760.0,25.4,1.0,0.0,0.0,1.04,0.283,0.374,0,10,25,1,1,49,0,49,65,high_vol_range,0.0,0,,,
2026-03-24T10:30:00+05:30,portfolio_hist,PREMIUM,SKIP,idle,22721.55,25.43,1.0,0.0,0.0,1.041,0.452,0.344,0,10,30,1,1,42,0,42,65,high_vol_range,0.0,0,,,
2026-03-24T10:35:00+05:30,portfolio_hist,PREMIUM,SKIP,idle,22660.9,25.5,1.0,0.0,0.0,1.04,0.717,0.421,0,10,35,1,1,37,0,37,65,high_vol_range,0.0,0,,,
2026-03-24T10:40:00+05:30,portfolio_hist,PREMIUM,SKIP,idle,22634.35,25.7,1.0,0.0,0.0,1.041,0.834,0.579,0,10,40,1,1,30,0,30,65,high_vol_range,0.0,0,,,
2026-03-24T10:45:00+05:30,portfolio_hist,PREMIUM,SKIP,idle,22665.9,25.59,1.0,0.0,0.0,1.041,0.696,0.579,0,10,45,1,1,30,0,30,65,high_vol_range,0.0,0,,,
2026-03-24T10:50:00+05:30,portfolio_hist,PREMIUM,SKIP,idle,22706.45,25.57,1.0,0.0,0.0,1.041,0.518,0.579,0,10,50,1,1,30,0,30,65,high_vol_range,0.0,0,,,
2026-03-24T10:55:00+05:30,portfolio_hist,PREMIUM,SKIP,idle,22672.8,25.67,1.0,0.0,0.0,1.041,0.665,0.565,0,10,55,1,1,30,0,30,65,high_vol_range,0.0,0,,,
2026-03-24T09:30:00+05:30,portfolio_hist,PREMIUM,SKIP,idle,22848.25,25.09,1.0,0.0,0.0,1.04,0.103,1.627,0,9,30,1,1,50,0,50,75,trending,0.0,0,,,
2026-03-24T09:35:00+05:30,portfolio_hist,PREMIUM,SKIP,idle,22819.1,25.18,1.0,0.0,0.0,1.04,0.024,1.627,0,9,35,1,1,50,0,50,75,trending,0.0,0,,,
2026-03-24T09:40:00+05:30,portfolio_hist,PREMIUM,SKIP,idle,22779.75,25.3,1.0,0.0,0.0,1.04,0.197,1.627,0,9,40,1,1,37,0,37,75,trending,0.0,0,,,
2026-03-24T09:45:00+05:30,portfolio_hist,PREMIUM,SKIP,idle,22719.05,25.47,1.0,0.0,0.0,1.04,0.463,0.505,0,9,45,1,1,35,0,35,75,high_vol_range,0.0,0,,,
2026-03-24T09:50:00+05:30,portfolio_hist,PREMIUM,SKIP,idle,22712.55,25.48,1.0,0.0,0.0,1.04,0.491,0.603,0,9,50,1,1,35,0,35,75,high_vol_range,0.0,0,,,
2026-03-24T09:55:00+05:30,portfolio_hist,PREMIUM,SKIP,idle,22755.45,25.34,1.0,0.0,0.0,1.04,0.303,0.603,0,9,55,1,1,35,0,35,75,high_vol_range,0.0,0,,,
2026-03-24T10:00:00+05:30,portfolio_hist,PREMIUM,SKIP,idle,22747.3,25.4,1.0,0.0,0.0,1.04,0.339,0.601,0,10,0,1,1,35,0,35,65,high_vol_range,0.0,0,,,
2026-03-24T10:05:00+05:30,portfolio_hist,PREMIUM,SKIP,idle,22715.0,25.54,1.0,0.0,0.0,1.041,0.48,0.517,0,10,5,1,1,35,0,35,65,high_vol_range,0.0,0,,,
2026-03-24T10:10:00+05:30,portfolio_hist,PREMIUM,SKIP,idle,22693.55,25.53,1.0,0.0,0.0,1.04,0.574,0.429,0,10,10,1,1,37,0,37,65,high_vol_range,0.0,0,,,
2026-03-24T10:15:00+05:30,portfolio_hist,PREMIUM,SKIP,idle,22711.4,25.5,1.0,0.0,0.0,1.04,0.496,0.374,0,10,15,1,1,42,0,42,65,high_vol_range,0.0,0,,,
2026-03-24T10:20:00+05:30,portfolio_hist,PREMIUM,SKIP,idle,22714.0,25.39,1.0,0.0,0.0,1.04,0.485,0.374,0,10,20,1,1,42,0,42,65,high_vol_range,0.0,0,,,
2026-03-24T10:25:00+05:30,portfolio_hist,PREMIUM,SKIP,idle,22760.0,25.4,1.0,0.0,0.0,1.04,0.283,0.374,0,10,25,1,1,49,0,49,65,high_vol_range,0.0,0,,,
2026-03-24T10:30:00+05:30,portfolio_hist,PREMIUM,SKIP,idle,22721.55,25.43,1.0,0.0,0.0,1.041,0.452,0.344,0,10,30,1,1,42,0,42,65,high_vol_range,0.0,0,,,
2026-03-24T10:35:00+05:30,portfolio_hist,PREMIUM,SKIP,idle,22660.9,25.5,1.0,0.0,0.0,1.04,0.717,0.421,0,10,35,1,1,37,0,37,65,high_vol_range,0.0,0,,,
2026-03-24T10:40:00+05:30,portfolio_hist,PREMIUM,SKIP,idle,22634.35,25.7,1.0,0.0,0.0,1.041,0.834,0.579,0,10,40,1,1,30,0,30,65,high_vol_range,0.0,0,,,
2026-03-24T10:45:00+05:30,portfolio_hist,PREMIUM,SKIP,idle,22665.9,25.59,1.0,0.0,0.0,1.041,0.696,0.579,0,10,45,1,1,30,0,30,65,high_vol_range,0.0,0,,,
2026-03-24T10:50:00+05:30,portfolio_hist,PREMIUM,SKIP,idle,22706.45,25.57,1.0,0.0,0.0,1.041,0.518,0.579,0,10,50,1,1,30,0,30,65,high_vol_range,0.0,0,,,
2026-03-24T10:55:00+05:30,portfolio_hist,PREMIUM,SKIP,idle,22672.8,25.67,1.0,0.0,0.0,1.041,0.665,0.565,0,10,55,1,1,30,0,30,65,high_vol_range,0.0,0,,,
2026-03-24T09:30:00+05:30,portfolio_hist,PREMIUM,SKIP,idle,22848.25,25.09,1.0,0.0,0.0,1.04,0.103,1.627,0,9,30,1,1,50,0,50,75,trending,0.0,0,,,
2026-03-24T09:35:00+05:30,portfolio_hist,PREMIUM,SKIP,idle,22819.1,25.18,1.0,0.0,0.0,1.04,0.024,1.627,0,9,35,1,1,50,0,50,75,trending,0.0,0,,,
2026-03-24T09:40:00+05:30,portfolio_hist,PREMIUM,SKIP,idle,22779.75,25.3,1.0,0.0,0.0,1.04,0.197,1.627,0,9,40,1,1,37,0,37,75,trending,0.0,0,,,
2026-03-24T09:45:00+05:30,portfolio_hist,PREMIUM,SKIP,idle,22719.05,25.47,1.0,0.0,0.0,1.04,0.463,0.505,0,9,45,1,1,35,0,35,75,high_vol_range,0.0,0,,,
2026-03-24T09:50:00+05:30,portfolio_hist,PREMIUM,SKIP,idle,22712.55,25.48,1.0,0.0,0.0,1.04,0.491,0.603,0,9,50,1,1,35,0,35,75,high_vol_range,0.0,0,,,
2026-03-24T09:55:00+05:30,portfolio_hist,PREMIUM,SKIP,idle,22755.45,25.34,1.0,0.0,0.0,1.04,0.303,0.603,0,9,55,1,1,35,0,35,75,high_vol_range,0.0,0,,,
2026-03-24T10:00:00+05:30,portfolio_hist,PREMIUM,SKIP,idle,22747.3,25.4,1.0,0.0,0.0,1.04,0.339,0.601,0,10,0,1,1,35,0,35,65,high_vol_range,0.0,0,,,
2026-03-24T10:05:00+05:30,portfolio_hist,PREMIUM,SKIP,idle,22715.0,25.54,1.0,0.0,0.0,1.041,0.48,0.517,0,10,5,1,1,35,0,35,65,high_vol_range,0.0,0,,,
2026-03-24T10:10:00+05:30,portfolio_hist,PREMIUM,SKIP,idle,22693.55,25.53,1.0,0.0,0.0,1.04,0.574,0.429,0,10,10,1,1,37,0,37,65,high_vol_range,0.0,0,,,
2026-03-24T10:15:00+05:30,portfolio_hist,PREMIUM,SKIP,idle,22711.4,25.5,1.0,0.0,0.0,1.04,0.496,0.374,0,10,15,1,1,42,0,42,65,high_vol_range,0.0,0,,,
2026-03-24T10:20:00+05:30,portfolio_hist,PREMIUM,SKIP,idle,22714.0,25.39,1.0,0.0,0.0,1.04,0.485,0.374,0,10,20,1,1,42,0,42,65,high_vol_range,0.0,0,,,
2026-03-24T10:25:00+05:30,portfolio_hist,PREMIUM,SKIP,idle,22760.0,25.4,1.0,0.0,0.0,1.04,0.283,0.374,0,10,25,1,1,49,0,49,65,high_vol_range,0.0,0,,,
2026-03-24T10:30:00+05:30,portfolio_hist,PREMIUM,SKIP,idle,22721.55,25.43,1.0,0.0,0.0,1.041,0.452,0.344,0,10,30,1,1,42,0,42,65,high_vol_range,0.0,0,,,
2026-03-24T10:35:00+05:30,portfolio_hist,PREMIUM,SKIP,idle,22660.9,25.5,1.0,0.0,0.0,1.04,0.717,0.421,0,10,35,1,1,37,0,37,65,high_vol_range,0.0,0,,,
2026-03-24T10:40:00+05:30,portfolio_hist,PREMIUM,SKIP,idle,22634.35,25.7,1.0,0.0,0.0,1.041,0.834,0.579,0,10,40,1,1,30,0,30,65,high_vol_range,0.0,0,,,
2026-03-24T10:45:00+05:30,portfolio_hist,PREMIUM,SKIP,idle,22665.9,25.59,1.0,0.0,0.0,1.041,0.696,0.579,0,10,45,1,1,30,0,30,65,high_vol_range,0.0,0,,,
2026-03-24T10:50:00+05:30,portfolio_hist,PREMIUM,SKIP,idle,22706.45,25.57,1.0,0.0,0.0,1.041,0.518,0.579,0,10,50,1,1,30,0,30,65,high_vol_range,0.0,0,,,
2026-03-24T10:55:00+05:30,portfolio_hist,PREMIUM,SKIP,idle,22672.8,25.67,1.0,0.0,0.0,1.041,0.665,0.565,0,10,55,1,1,30,0,30,65,high_vol_range,0.0,0,,,
2026-03-24T09:30:00+05:30,portfolio_hist,PREMIUM,SKIP,idle,22848.25,25.09,1.0,0.0,0.0,1.04,0.103,1.627,0,9,30,1,1,50,0,50,75,trending,0.0,0,,,
2026-03-24T09:35:00+05:30,portfolio_hist,PREMIUM,SKIP,idle,22819.1,25.18,1.0,0.0,0.0,1.04,0.024,1.627,0,9,35,1,1,50,0,50,75,trending,0.0,0,,,
2026-03-24T09:40:00+05:30,portfolio_hist,PREMIUM,SKIP,idle,22779.75,25.3,1.0,0.0,0.0,1.04,0.197,1.627,0,9,40,1,1,37,0,37,75,trending,0.0,0,,,
2026-03-24T09:45:00+05:30,portfolio_hist,PREMIUM,SKIP,idle,22719.05,25.47,1.0,0.0,0.0,1.04,0.463,0.505,0,9,45,1,1,35,0,35,75,high_vol_range,0.0,0,,,
2026-03-24T09:50:00+05:30,portfolio_hist,PREMIUM,SKIP,idle,22712.55,25.48,1.0,0.0,0.0,1.04,0.491,0.603,0,9,50,1,1,35,0,35,75,high_vol_range,0.0,0,,,
2026-03-24T09:55:00+05:30,portfolio_hist,PREMIUM,SKIP,idle,22755.45,25.34,1.0,0.0,0.0,1.04,0.303,0.603,0,9,55,1,1,35,0,35,75,high_vol_range,0.0,0,,,
2026-03-24T10:00:00+05:30,portfolio_hist,PREMIUM,SKIP,idle,22747.3,25.4,1.0,0.0,0.0,1.04,0.339,0.601,0,10,0,1,1,35,0,35,65,high_vol_range,0.0,0,,,
2026-03-24T10:05:00+05:30,portfolio_hist,PREMIUM,SKIP,idle,22715.0,25.54,1.0,0.0,0.0,1.041,0.48,0.517,0,10,5,1,1,35,0,35,65,high_vol_range,0.0,0,,,
2026-03-24T10:10:00+05:30,portfolio_hist,PREMIUM,SKIP,idle,22693.55,25.53,1.0,0.0,0.0,1.04,0.574,0.429,0,10,10,1,1,37,0,37,65,high_vol_range,0.0,0,,,
2026-03-24T10:15:00+05:30,portfolio_hist,PREMIUM,SKIP,idle,22711.4,25.5,1.0,0.0,0.0,1.04,0.496,0.374,0,10,15,1,1,42,0,42,65,high_vol_range,0.0,0,,,
2026-03-24T10:20:00+05:30,portfolio_hist,PREMIUM,SKIP,idle,22714.0,25.39,1.0,0.0,0.0,1.04,0.485,0.374,0,10,20,1,1,42,0,42,65,high_vol_range,0.0,0,,,
2026-03-24T10:25:00+05:30,portfolio_hist,PREMIUM,SKIP,idle,22760.0,25.4,1.0,0.0,0.0,1.04,0.283,0.374,0,10,25,1,1,49,0,49,65,high_vol_range,0.0,0,,,
2026-03-24T10:30:00+05:30,portfolio_hist,PREMIUM,SKIP,idle,22721.55,25.43,1.0,0.0,0.0,1.041,0.452,0.344,0,10,30,1,1,42,0,42,65,high_vol_range,0.0,0,,,
2026-03-24T10:35:00+05:30,portfolio_hist,PREMIUM,SKIP,idle,22660.9,25.5,1.0,0.0,0.0,1.04,0.717,0.421,0,10,35,1,1,37,0,37,65,high_vol_range,0.0,0,,,
2026-03-24T10:40:00+05:30,portfolio_hist,PREMIUM,SKIP,idle,22634.35,25.7,1.0,0.0,0.0,1.041,0.834,0.579,0,10,40,1,1,30,0,30,65,high_vol_range,0.0,0,,,
2026-03-24T10:45:00+05:30,portfolio_hist,PREMIUM,SKIP,idle,22665.9,25.59,1.0,0.0,0.0,1.041,0.696,0.579,0,10,45,1,1,30,0,30,65,high_vol_range,0.0,0,,,
2026-03-24T10:50:00+05:30,portfolio_hist,PREMIUM,SKIP,idle,22706.45,25.57,1.0,0.0,0.0,1.041,0.518,0.579,0,10,50,1,1,30,0,30,65,high_vol_range,0.0,0,,,
2026-03-24T10:55:00+05:30,portfolio_hist,PREMIUM,SKIP,idle,22672.8,25.67,1.0,0.0,0.0,1.041,0.665,0.565,0,10,55,1,1,30,0,30,65,high_vol_range,0.0,0,,,
2026-03-24T09:30:00+05:30,portfolio_hist,PREMIUM,SKIP,idle,22848.25,25.09,1.0,0.0,0.0,1.04,0.103,1.627,0,9,30,1,1,50,0,50,75,trending,0.0,0,,,
2026-03-24T09:35:00+05:30,portfolio_hist,PREMIUM,SKIP,idle,22819.1,25.18,1.0,0.0,0.0,1.04,0.024,1.627,0,9,35,1,1,50,0,50,75,trending,0.0,0,,,
2026-03-24T09:40:00+05:30,portfolio_hist,PREMIUM,SKIP,idle,22779.75,25.3,1.0,0.0,0.0,1.04,0.197,1.627,0,9,40,1,1,37,0,37,75,trending,0.0,0,,,
2026-03-24T09:45:00+05:30,portfolio_hist,PREMIUM,SKIP,idle,22719.05,25.47,1.0,0.0,0.0,1.04,0.463,0.505,0,9,45,1,1,35,0,35,75,high_vol_range,0.0,0,,,
2026-03-24T09:50:00+05:30,portfolio_hist,PREMIUM,SKIP,idle,22712.55,25.48,1.0,0.0,0.0,1.04,0.491,0.603,0,9,50,1,1,35,0,35,75,high_vol_range,0.0,0,,,
2026-03-24T09:55:00+05:30,portfolio_hist,PREMIUM,SKIP,idle,22755.45,25.34,1.0,0.0,0.0,1.04,0.303,0.603,0,9,55,1,1,35,0,35,75,high_vol_range,0.0,0,,,
2026-03-24T10:00:00+05:30,portfolio_hist,PREMIUM,SKIP,idle,22747.3,25.4,1.0,0.0,0.0,1.04,0.339,0.601,0,10,0,1,1,35,0,35,65,high_vol_range,0.0,0,,,
2026-03-24T10:05:00+05:30,portfolio_hist,PREMIUM,SKIP,idle,22715.0,25.54,1.0,0.0,0.0,1.041,0.48,0.517,0,10,5,1,1,35,0,35,65,high_vol_range,0.0,0,,,
2026-03-24T10:10:00+05:30,portfolio_hist,PREMIUM,SKIP,idle,22693.55,25.53,1.0,0.0,0.0,1.04,0.574,0.429,0,10,10,1,1,37,0,37,65,high_vol_range,0.0,0,,,
2026-03-24T10:15:00+05:30,portfolio_hist,PREMIUM,SKIP,idle,22711.4,25.5,1.0,0.0,0.0,1.04,0.496,0.374,0,10,15,1,1,42,0,42,65,high_vol_range,0.0,0,,,
2026-03-24T10:20:00+05:30,portfolio_hist,PREMIUM,SKIP,idle,22714.0,25.39,1.0,0.0,0.0,1.04,0.485,0.374,0,10,20,1,1,42,0,42,65,high_vol_range,0.0,0,,,
2026-03-24T10:25:00+05:30,portfolio_hist,PREMIUM,SKIP,idle,22760.0,25.4,1.0,0.0,0.0,1.04,0.283,0.374,0,10,25,1,1,49,0,49,65,high_vol_range,0.0,0,,,
2026-03-24T10:30:00+05:30,portfolio_hist,PREMIUM,SKIP,idle,22721.55,25.43,1.0,0.0,0.0,1.041,0.452,0.344,0,10,30,1,1,42,0,42,65,high_vol_range,0.0,0,,,
2026-03-24T10:35:00+05:30,portfolio_hist,PREMIUM,SKIP,idle,22660.9,25.5,1.0,0.0,0.0,1.04,0.717,0.421,0,10,35,1,1,37,0,37,65,high_vol_range,0.0,0,,,
2026-03-24T10:40:00+05:30,portfolio_hist,PREMIUM,SKIP,idle,22634.35,25.7,1.0,0.0,0.0,1.041,0.834,0.579,0,10,40,1,1,30,0,30,65,high_vol_range,0.0,0,,,
2026-03-24T10:45:00+05:30,portfolio_hist,PREMIUM,SKIP,idle,22665.9,25.59,1.0,0.0,0.0,1.041,0.696,0.579,0,10,45,1,1,30,0,30,65,high_vol_range,0.0,0,,,
2026-03-24T10:50:00+05:30,portfolio_hist,PREMIUM,SKIP,idle,22706.45,25.57,1.0,0.0,0.0,1.041,0.518,0.579,0,10,50,1,1,30,0,30,65,high_vol_range,0.0,0,,,
2026-03-24T10:55:00+05:30,portfolio_hist,PREMIUM,SKIP,idle,22672.8,25.67,1.0,0.0,0.0,1.041,0.665,0.565,0,10,55,1,1,30,0,30,65,high_vol_range,0.0,0,,,
2026-03-24T09:30:00+05:30,portfolio_hist,PREMIUM,SKIP,idle,22848.25,25.09,1.0,0.0,0.0,1.04,0.103,1.627,0,9,30,1,1,50,0,50,75,trending,0.0,0,,,
2026-03-24T09:35:00+05:30,portfolio_hist,PREMIUM,SKIP,idle,22819.1,25.18,1.0,0.0,0.0,1.04,0.024,1.627,0,9,35,1,1,50,0,50,75,trending,0.0,0,,,
2026-03-24T09:40:00+05:30,portfolio_hist,PREMIUM,SKIP,idle,22779.75,25.3,1.0,0.0,0.0,1.04,0.197,1.627,0,9,40,1,1,37,0,37,75,trending,0.0,0,,,
2026-03-24T09:45:00+05:30,portfolio_hist,PREMIUM,SKIP,idle,22719.05,25.47,1.0,0.0,0.0,1.04,0.463,0.505,0,9,45,1,1,35,0,35,75,high_vol_range,0.0,0,,,
2026-03-24T09:50:00+05:30,portfolio_hist,PREMIUM,SKIP,idle,22712.55,25.48,1.0,0.0,0.0,1.04,0.491,0.603,0,9,50,1,1,35,0,35,75,high_vol_range,0.0,0,,,
2026-03-24T09:55:00+05:30,portfolio_hist,PREMIUM,SKIP,idle,22755.45,25.34,1.0,0.0,0.0,1.04,0.303,0.603,0,9,55,1,1,35,0,35,75,high_vol_range,0.0,0,,,
2026-03-24T10:00:00+05:30,portfolio_hist,PREMIUM,SKIP,idle,22747.3,25.4,1.0,0.0,0.0,1.04,0.339,0.601,0,10,0,1,1,35,0,35,65,high_vol_range,0.0,0,,,
2026-03-24T10:05:00+05:30,portfolio_hist,PREMIUM,SKIP,idle,22715.0,25.54,1.0,0.0,0.0,1.041,0.48,0.517,0,10,5,1,1,35,0,35,65,high_vol_range,0.0,0,,,
2026-03-24T10:10:00+05:30,portfolio_hist,PREMIUM,SKIP,idle,22693.55,25.53,1.0,0.0,0.0,1.04,0.574,0.429,0,10,10,1,1,37,0,37,65,high_vol_range,0.0,0,,,
2026-03-24T10:15:00+05:30,portfolio_hist,PREMIUM,SKIP,idle,22711.4,25.5,1.0,0.0,0.0,1.04,0.496,0.374,0,10,15,1,1,42,0,42,65,high_vol_range,0.0,0,,,
2026-03-24T10:20:00+05:30,portfolio_hist,PREMIUM,SKIP,idle,22714.0,25.39,1.0,0.0,0.0,1.04,0.485,0.374,0,10,20,1,1,42,0,42,65,high_vol_range,0.0,0,,,
2026-03-24T10:25:00+05:30,portfolio_hist,PREMIUM,SKIP,idle,22760.0,25.4,1.0,0.0,0.0,1.04,0.283,0.374,0,10,25,1,1,49,0,49,65,high_vol_range,0.0,0,,,
2026-03-24T10:30:00+05:30,portfolio_hist,PREMIUM,SKIP,idle,22721.55,25.43,1.0,0.0,0.0,1.041,0.452,0.344,0,10,30,1,1,42,0,42,65,high_vol_range,0.0,0,,,
2026-03-24T10:35:00+05:30,portfolio_hist,PREMIUM,SKIP,idle,22660.9,25.5,1.0,0.0,0.0,1.04,0.717,0.421,0,10,35,1,1,37,0,37,65,high_vol_range,0.0,0,,,
2026-03-24T10:40:00+05:30,portfolio_hist,PREMIUM,SKIP,idle,22634.35,25.7,1.0,0.0,0.0,1.041,0.834,0.579,0,10,40,1,1,30,0,30,65,high_vol_range,0.0,0,,,
2026-03-24T10:45:00+05:30,portfolio_hist,PREMIUM,SKIP,idle,22665.9,25.59,1.0,0.0,0.0,1.041,0.696,0.579,0,10,45,1,1,30,0,30,65,high_vol_range,0.0,0,,,
2026-03-24T10:50:00+05:30,portfolio_hist,PREMIUM,SKIP,idle,22706.45,25.57,1.0,0.0,0.0,1.041,0.518,0.579,0,10,50,1,1,30,0,30,65,high_vol_range,0.0,0,,,
2026-03-24T10:55:00+05:30,portfolio_hist,PREMIUM,SKIP,idle,22672.8,25.67,1.0,0.0,0.0,1.041,0.665,0.565,0,10,55,1,1,30,0,30,65,high_vol_range,0.0,0,,,
2026-03-24T09:30:00+05:30,portfolio_hist,PREMIUM,SKIP,idle,22848.25,25.09,1.0,0.0,0.0,1.04,0.103,1.627,0,9,30,1,1,50,0,50,75,trending,0.0,0,,,
2026-03-24T09:35:00+05:30,portfolio_hist,PREMIUM,SKIP,idle,22819.1,25.18,1.0,0.0,0.0,1.04,0.024,1.627,0,9,35,1,1,50,0,50,75,trending,0.0,0,,,
2026-03-24T09:40:00+05:30,portfolio_hist,PREMIUM,SKIP,idle,22779.75,25.3,1.0,0.0,0.0,1.04,0.197,1.627,0,9,40,1,1,37,0,37,75,trending,0.0,0,,,
2026-03-24T09:45:00+05:30,portfolio_hist,PREMIUM,SKIP,idle,22719.05,25.47,1.0,0.0,0.0,1.04,0.463,0.505,0,9,45,1,1,35,0,35,75,high_vol_range,0.0,0,,,
2026-03-24T09:50:00+05:30,portfolio_hist,PREMIUM,SKIP,idle,22712.55,25.48,1.0,0.0,0.0,1.04,0.491,0.603,0,9,50,1,1,35,0,35,75,high_vol_range,0.0,0,,,
2026-03-24T09:55:00+05:30,portfolio_hist,PREMIUM,SKIP,idle,22755.45,25.34,1.0,0.0,0.0,1.04,0.303,0.603,0,9,55,1,1,35,0,35,75,high_vol_range,0.0,0,,,
2026-03-24T10:00:00+05:30,portfolio_hist,PREMIUM,SKIP,idle,22747.3,25.4,1.0,0.0,0.0,1.04,0.339,0.601,0,10,0,1,1,35,0,35,65,high_vol_range,0.0,0,,,
2026-03-24T10:05:00+05:30,portfolio_hist,PREMIUM,SKIP,idle,22715.0,25.54,1.0,0.0,0.0,1.041,0.48,0.517,0,10,5,1,1,35,0,35,65,high_vol_range,0.0,0,,,
2026-03-24T10:10:00+05:30,portfolio_hist,PREMIUM,SKIP,idle,22693.55,25.53,1.0,0.0,0.0,1.04,0.574,0.429,0,10,10,1,1,37,0,37,65,high_vol_range,0.0,0,,,
2026-03-24T10:15:00+05:30,portfolio_hist,PREMIUM,SKIP,idle,22711.4,25.5,1.0,0.0,0.0,1.04,0.496,0.374,0,10,15,1,1,42,0,42,65,high_vol_range,0.0,0,,,
2026-03-24T10:20:00+05:30,portfolio_hist,PREMIUM,SKIP,idle,22714.0,25.39,1.0,0.0,0.0,1.04,0.485,0.374,0,10,20,1,1,42,0,42,65,high_vol_range,0.0,0,,,
2026-03-24T10:25:00+05:30,portfolio_hist,PREMIUM,SKIP,idle,22760.0,25.4,1.0,0.0,0.0,1.04,0.283,0.374,0,10,25,1,1,49,0,49,65,high_vol_range,0.0,0,,,
2026-03-24T10:30:00+05:30,portfolio_hist,PREMIUM,SKIP,idle,22721.55,25.43,1.0,0.0,0.0,1.041,0.452,0.344,0,10,30,1,1,42,0,42,65,high_vol_range,0.0,0,,,
2026-03-24T10:35:00+05:30,portfolio_hist,PREMIUM,SKIP,idle,22660.9,25.5,1.0,0.0,0.0,1.04,0.717,0.421,0,10,35,1,1,37,0,37,65,high_vol_range,0.0,0,,,
2026-03-24T10:40:00+05:30,portfolio_hist,PREMIUM,SKIP,idle,22634.35,25.7,1.0,0.0,0.0,1.041,0.834,0.579,0,10,40,1,1,30,0,30,65,high_vol_range,0.0,0,,,
2026-03-24T10:45:00+05:30,portfolio_hist,PREMIUM,SKIP,idle,22665.9,25.59,1.0,0.0,0.0,1.041,0.696,0.579,0,10,45,1,1,30,0,30,65,high_vol_range,0.0,0,,,
2026-03-24T10:50:00+05:30,portfolio_hist,PREMIUM,SKIP,idle,22706.45,25.57,1.0,0.0,0.0,1.041,0.518,0.579,0,10,50,1,1,30,0,30,65,high_vol_range,0.0,0,,,
2026-03-24T10:55:00+05:30,portfolio_hist,PREMIUM,SKIP,idle,22672.8,25.67,1.0,0.0,0.0,1.041,0.665,0.565,0,10,55,1,1,30,0,30,65,high_vol_range,0.0,0,,,
2026-03-24T09:30:00+05:30,portfolio_hist,PREMIUM,SKIP,idle,22848.25,25.09,1.0,0.0,0.0,1.04,0.103,1.627,0,9,30,1,1,50,0,50,75,trending,0.0,0,,,
2026-03-24T09:35:00+05:30,portfolio_hist,PREMIUM,SKIP,idle,22819.1,25.18,1.0,0.0,0.0,1.04,0.024,1.627,0,9,35,1,1,50,0,50,75,trending,0.0,0,,,
2026-03-24T09:40:00+05:30,portfolio_hist,PREMIUM,SKIP,idle,22779.75,25.3,1.0,0.0,0.0,1.04,0.197,1.627,0,9,40,1,1,37,0,37,75,trending,0.0,0,,,
2026-03-24T09:45:00+05:30,portfolio_hist,PREMIUM,SKIP,idle,22719.05,25.47,1.0,0.0,0.0,1.04,0.463,0.505,0,9,45,1,1,35,0,35,75,high_vol_range,0.0,0,,,
2026-03-24T09:50:00+05:30,portfolio_hist,PREMIUM,SKIP,idle,22712.55,25.48,1.0,0.0,0.0,1.04,0.491,0.603,0,9,50,1,1,35,0,35,75,high_vol_range,0.0,0,,,
2026-03-24T09:55:00+05:30,portfolio_hist,PREMIUM,SKIP,idle,22755.45,25.34,1.0,0.0,0.0,1.04,0.303,0.603,0,9,55,1,1,35,0,35,75,high_vol_range,0.0,0,,,
2026-03-24T10:00:00+05:30,portfolio_hist,PREMIUM,SKIP,idle,22747.3,25.4,1.0,0.0,0.0,1.04,0.339,0.601,0,10,0,1,1,35,0,35,65,high_vol_range,0.0,0,,,
2026-03-24T10:05:00+05:30,portfolio_hist,PREMIUM,SKIP,idle,22715.0,25.54,1.0,0.0,0.0,1.041,0.48,0.517,0,10,5,1,1,35,0,35,65,high_vol_range,0.0,0,,,
2026-03-24T10:10:00+05:30,portfolio_hist,PREMIUM,SKIP,idle,22693.55,25.53,1.0,0.0,0.0,1.04,0.574,0.429,0,10,10,1,1,37,0,37,65,high_vol_range,0.0,0,,,
2026-03-24T10:15:00+05:30,portfolio_hist,PREMIUM,SKIP,idle,22711.4,25.5,1.0,0.0,0.0,1.04,0.496,0.374,0,10,15,1,1,42,0,42,65,high_vol_range,0.0,0,,,
2026-03-24T10:20:00+05:30,portfolio_hist,PREMIUM,SKIP,idle,22714.0,25.39,1.0,0.0,0.0,1.04,0.485,0.374,0,10,20,1,1,42,0,42,65,high_vol_range,0.0,0,,,
2026-03-24T10:25:00+05:30,portfolio_hist,PREMIUM,SKIP,idle,22760.0,25.4,1.0,0.0,0.0,1.04,0.283,0.374,0,10,25,1,1,49,0,49,65,high_vol_range,0.0,0,,,
2026-03-24T10:30:00+05:30,portfolio_hist,PREMIUM,SKIP,idle,22721.55,25.43,1.0,0.0,0.0,1.041,0.452,0.344,0,10,30,1,1,42,0,42,65,high_vol_range,0.0,0,,,
2026-03-24T10:35:00+05:30,portfolio_hist,PREMIUM,SKIP,idle,22660.9,25.5,1.0,0.0,0.0,1.04,0.717,0.421,0,10,35,1,1,37,0,37,65,high_vol_range,0.0,0,,,
2026-03-24T10:40:00+05:30,portfolio_hist,PREMIUM,SKIP,idle,22634.35,25.7,1.0,0.0,0.0,1.041,0.834,0.579,0,10,40,1,1,30,0,30,65,high_vol_range,0.0,0,,,
2026-03-24T10:45:00+05:30,portfolio_hist,PREMIUM,SKIP,idle,22665.9,25.59,1.0,0.0,0.0,1.041,0.696,0.579,0,10,45,1,1,30,0,30,65,high_vol_range,0.0,0,,,
2026-03-24T10:50:00+05:30,portfolio_hist,PREMIUM,SKIP,idle,22706.45,25.57,1.0,0.0,0.0,1.041,0.518,0.579,0,10,50,1,1,30,0,30,65,high_vol_range,0.0,0,,,
2026-03-24T10:55:00+05:30,portfolio_hist,PREMIUM,SKIP,idle,22672.8,25.67,1.0,0.0,0.0,1.041,0.665,0.565,0,10,55,1,1,30,0,30,65,high_vol_range,0.0,0,,,
2026-03-24T09:30:00+05:30,portfolio_hist,PREMIUM,SKIP,idle,22848.25,25.09,1.0,0.0,0.0,1.04,0.103,1.627,0,9,30,1,1,50,0,50,75,trending,0.0,0,,,
2026-03-24T09:35:00+05:30,portfolio_hist,PREMIUM,SKIP,idle,22819.1,25.18,1.0,0.0,0.0,1.04,0.024,1.627,0,9,35,1,1,50,0,50,75,trending,0.0,0,,,
2026-03-24T09:40:00+05:30,portfolio_hist,PREMIUM,SKIP,idle,22779.75,25.3,1.0,0.0,0.0,1.04,0.197,1.627,0,9,40,1,1,37,0,37,75,trending,0.0,0,,,
2026-03-24T09:45:00+05:30,portfolio_hist,PREMIUM,SKIP,idle,22719.05,25.47,1.0,0.0,0.0,1.04,0.463,0.505,0,9,45,1,1,35,0,35,75,high_vol_range,0.0,0,,,
2026-03-24T09:50:00+05:30,portfolio_hist,PREMIUM,SKIP,idle,22712.55,25.48,1.0,0.0,0.0,1.04,0.491,0.603,0,9,50,1,1,35,0,35,75,high_vol_range,0.0,0,,,
2026-03-24T09:55:00+05:30,portfolio_hist,PREMIUM,SKIP,idle,22755.45,25.34,1.0,0.0,0.0,1.04,0.303,0.603,0,9,55,1,1,35,0,35,75,high_vol_range,0.0,0,,,
2026-03-24T10:00:00+05:30,portfolio_hist,PREMIUM,SKIP,idle,22747.3,25.4,1.0,0.0,0.0,1.04,0.339,0.601,0,10,0,1,1,35,0,35,65,high_vol_range,0.0,0,,,
2026-03-24T10:05:00+05:30,portfolio_hist,PREMIUM,SKIP,idle,22715.0,25.54,1.0,0.0,0.0,1.041,0.48,0.517,0,10,5,1,1,35,0,35,65,high_vol_range,0.0,0,,,
2026-03-24T10:10:00+05:30,portfolio_hist,PREMIUM,SKIP,idle,22693.55,25.53,1.0,0.0,0.0,1.04,0.574,0.429,0,10,10,1,1,37,0,37,65,high_vol_range,0.0,0,,,
2026-03-24T10:15:00+05:30,portfolio_hist,PREMIUM,SKIP,idle,22711.4,25.5,1.0,0.0,0.0,1.04,0.496,0.374,0,10,15,1,1,42,0,42,65,high_vol_range,0.0,0,,,
2026-03-24T10:20:00+05:30,portfolio_hist,PREMIUM,SKIP,idle,22714.0,25.39,1.0,0.0,0.0,1.04,0.485,0.374,0,10,20,1,1,42,0,42,65,high_vol_range,0.0,0,,,
2026-03-24T10:25:00+05:30,portfolio_hist,PREMIUM,SKIP,idle,22760.0,25.4,1.0,0.0,0.0,1.04,0.283,0.374,0,10,25,1,1,49,0,49,65,high_vol_range,0.0,0,,,
2026-03-24T10:30:00+05:30,portfolio_hist,PREMIUM,SKIP,idle,22721.55,25.43,1.0,0.0,0.0,1.041,0.452,0.344,0,10,30,1,1,42,0,42,65,high_vol_range,0.0,0,,,
2026-03-24T10:35:00+05:30,portfolio_hist,PREMIUM,SKIP,idle,22660.9,25.5,1.0,0.0,0.0,1.04,0.717,0.421,0,10,35,1,1,37,0,37,65,high_vol_range,0.0,0,,,
2026-03-24T10:40:00+05:30,portfolio_hist,PREMIUM,SKIP,idle,22634.35,25.7,1.0,0.0,0.0,1.041,0.834,0.579,0,10,40,1,1,30,0,30,65,high_vol_range,0.0,0,,,
2026-03-24T10:45:00+05:30,portfolio_hist,PREMIUM,SKIP,idle,22665.9,25.59,1.0,0.0,0.0,1.041,0.696,0.579,0,10,45,1,1,30,0,30,65,high_vol_range,0.0,0,,,
2026-03-24T10:50:00+05:30,portfolio_hist,PREMIUM,SKIP,idle,22706.45,25.57,1.0,0.0,0.0,1.041,0.518,0.579,0,10,50,1,1,30,0,30,65,high_vol_range,0.0,0,,,
2026-03-24T10:55:00+05:30,portfolio_hist,PREMIUM,SKIP,idle,22672.8,25.67,1.0,0.0,0.0,1.041,0.665,0.565,0,10,55,1,1,30,0,30,65,high_vol_range,0.0,0,,,
2026-03-24T09:30:00+05:30,portfolio_hist,PREMIUM,SKIP,idle,22848.25,25.09,1.0,0.0,0.0,1.04,0.103,1.627,0,9,30,1,1,50,0,50,75,trending,0.0,0,,,
2026-03-24T09:35:00+05:30,portfolio_hist,PREMIUM,SKIP,idle,22819.1,25.18,1.0,0.0,0.0,1.04,0.024,1.627,0,9,35,1,1,50,0,50,75,trending,0.0,0,,,
2026-03-24T09:40:00+05:30,portfolio_hist,PREMIUM,SKIP,idle,22779.75,25.3,1.0,0.0,0.0,1.04,0.197,1.627,0,9,40,1,1,37,0,37,75,trending,0.0,0,,,
2026-03-24T09:45:00+05:30,portfolio_hist,PREMIUM,SKIP,idle,22719.05,25.47,1.0,0.0,0.0,1.04,0.463,0.505,0,9,45,1,1,35,0,35,75,high_vol_range,0.0,0,,,
2026-03-24T09:50:00+05:30,portfolio_hist,PREMIUM,SKIP,idle,22712.55,25.48,1.0,0.0,0.0,1.04,0.491,0.603,0,9,50,1,1,35,0,35,75,high_vol_range,0.0,0,,,
2026-03-24T09:55:00+05:30,portfolio_hist,PREMIUM,SKIP,idle,22755.45,25.34,1.0,0.0,0.0,1.04,0.303,0.603,0,9,55,1,1,35,0,35,75,high_vol_range,0.0,0,,,
2026-03-24T10:00:00+05:30,portfolio_hist,PREMIUM,SKIP,idle,22747.3,25.4,1.0,0.0,0.0,1.04,0.339,0.601,0,10,0,1,1,35,0,35,65,high_vol_range,0.0,0,,,
2026-03-24T10:05:00+05:30,portfolio_hist,PREMIUM,SKIP,idle,22715.0,25.54,1.0,0.0,0.0,1.041,0.48,0.517,0,10,5,1,1,35,0,35,65,high_vol_range,0.0,0,,,
2026-03-24T10:10:00+05:30,portfolio_hist,PREMIUM,SKIP,idle,22693.55,25.53,1.0,0.0,0.0,1.04,0.574,0.429,0,10,10,1,1,37,0,37,65,high_vol_range,0.0,0,,,
2026-03-24T10:15:00+05:30,portfolio_hist,PREMIUM,SKIP,idle,22711.4,25.5,1.0,0.0,0.0,1.04,0.496,0.374,0,10,15,1,1,42,0,42,65,high_vol_range,0.0,0,,,
2026-03-24T10:20:00+05:30,portfolio_hist,PREMIUM,SKIP,idle,22714.0,25.39,1.0,0.0,0.0,1.04,0.485,0.374,0,10,20,1,1,42,0,42,65,high_vol_range,0.0,0,,,
2026-03-24T10:25:00+05:30,portfolio_hist,PREMIUM,SKIP,idle,22760.0,25.4,1.0,0.0,0.0,1.04,0.283,0.374,0,10,25,1,1,49,0,49,65,high_vol_range,0.0,0,,,
2026-03-24T10:30:00+05:30,portfolio_hist,PREMIUM,SKIP,idle,22721.55,25.43,1.0,0.0,0.0,1.041,0.452,0.344,0,10,30,1,1,42,0,42,65,high_vol_range,0.0,0,,,
2026-03-24T10:35:00+05:30,portfolio_hist,PREMIUM,SKIP,idle,22660.9,25.5,1.0,0.0,0.0,1.04,0.717,0.421,0,10,35,1,1,37,0,37,65,high_vol_range,0.0,0,,,
2026-03-24T10:40:00+05:30,portfolio_hist,PREMIUM,SKIP,idle,22634.35,25.7,1.0,0.0,0.0,1.041,0.834,0.579,0,10,40,1,1,30,0,30,65,high_vol_range,0.0,0,,,
2026-03-24T10:45:00+05:30,portfolio_hist,PREMIUM,SKIP,idle,22665.9,25.59,1.0,0.0,0.0,1.041,0.696,0.579,0,10,45,1,1,30,0,30,65,high_vol_range,0.0,0,,,
2026-03-24T10:50:00+05:30,portfolio_hist,PREMIUM,SKIP,idle,22706.45,25.57,1.0,0.0,0.0,1.041,0.518,0.579,0,10,50,1,1,30,0,30,65,high_vol_range,0.0,0,,,
2026-03-24T10:55:00+05:30,portfolio_hist,PREMIUM,SKIP,idle,22672.8,25.67,1.0,0.0,0.0,1.041,0.665,0.565,0,10,55,1,1,30,0,30,65,high_vol_range,0.0,0,,,
2026-03-24T09:30:00+05:30,portfolio_hist,PREMIUM,SKIP,idle,22848.25,25.09,1.0,0.0,0.0,1.04,0.103,1.627,0,9,30,1,1,50,0,50,75,trending,0.0,0,,,
2026-03-24T09:35:00+05:30,portfolio_hist,PREMIUM,SKIP,idle,22819.1,25.18,1.0,0.0,0.0,1.04,0.024,1.627,0,9,35,1,1,50,0,50,75,trending,0.0,0,,,
2026-03-24T09:40:00+05:30,portfolio_hist,PREMIUM,SKIP,idle,22779.75,25.3,1.0,0.0,0.0,1.04,0.197,1.627,0,9,40,1,1,37,0,37,75,trending,0.0,0,,,
2026-03-24T09:45:00+05:30,portfolio_hist,PREMIUM,SKIP,idle,22719.05,25.47,1.0,0.0,0.0,1.04,0.463,0.505,0,9,45,1,1,35,0,35,75,high_vol_range,0.0,0,,,
2026-03-24T09:50:00+05:30,portfolio_hist,PREMIUM,SKIP,idle,22712.55,25.48,1.0,0.0,0.0,1.04,0.491,0.603,0,9,50,1,1,35,0,35,75,high_vol_range,0.0,0,,,
2026-03-24T09:55:00+05:30,portfolio_hist,PREMIUM,SKIP,idle,22755.45,25.34,1.0,0.0,0.0,1.04,0.303,0.603,0,9,55,1,1,35,0,35,75,high_vol_range,0.0,0,,,
2026-03-24T10:00:00+05:30,portfolio_hist,PREMIUM,SKIP,idle,22747.3,25.4,1.0,0.0,0.0,1.04,0.339,0.601,0,10,0,1,1,35,0,35,65,high_vol_range,0.0,0,,,
2026-03-24T10:05:00+05:30,portfolio_hist,PREMIUM,SKIP,idle,22715.0,25.54,1.0,0.0,0.0,1.041,0.48,0.517,0,10,5,1,1,35,0,35,65,high_vol_range,0.0,0,,,
2026-03-24T10:10:00+05:30,portfolio_hist,PREMIUM,SKIP,idle,22693.55,25.53,1.0,0.0,0.0,1.04,0.574,0.429,0,10,10,1,1,37,0,37,65,high_vol_range,0.0,0,,,
2026-03-24T10:15:00+05:30,portfolio_hist,PREMIUM,SKIP,idle,22711.4,25.5,1.0,0.0,0.0,1.04,0.496,0.374,0,10,15,1,1,42,0,42,65,high_vol_range,0.0,0,,,
2026-03-24T10:20:00+05:30,portfolio_hist,PREMIUM,SKIP,idle,22714.0,25.39,1.0,0.0,0.0,1.04,0.485,0.374,0,10,20,1,1,42,0,42,65,high_vol_range,0.0,0,,,
2026-03-24T10:25:00+05:30,portfolio_hist,PREMIUM,SKIP,idle,22760.0,25.4,1.0,0.0,0.0,1.04,0.283,0.374,0,10,25,1,1,49,0,49,65,high_vol_range,0.0,0,,,
2026-03-24T10:30:00+05:30,portfolio_hist,PREMIUM,SKIP,idle,22721.55,25.43,1.0,0.0,0.0,1.041,0.452,0.344,0,10,30,1,1,42,0,42,65,high_vol_range,0.0,0,,,
2026-03-24T10:35:00+05:30,portfolio_hist,PREMIUM,SKIP,idle,22660.9,25.5,1.0,0.0,0.0,1.04,0.717,0.421,0,10,35,1,1,37,0,37,65,high_vol_range,0.0,0,,,
2026-03-24T10:40:00+05:30,portfolio_hist,PREMIUM,SKIP,idle,22634.35,25.7,1.0,0.0,0.0,1.041,0.834,0.579,0,10,40,1,1,30,0,30,65,high_vol_range,0.0,0,,,
2026-03-24T10:45:00+05:30,portfolio_hist,PREMIUM,SKIP,idle,22665.9,25.59,1.0,0.0,0.0,1.041,0.696,0.579,0,10,45,1,1,30,0,30,65,high_vol_range,0.0,0,,,
2026-03-24T10:50:00+05:30,portfolio_hist,PREMIUM,SKIP,idle,22706.45,25.57,1.0,0.0,0.0,1.041,0.518,0.579,0,10,50,1,1,30,0,30,65,high_vol_range,0.0,0,,,
2026-03-24T10:55:00+05:30,portfolio_hist,PREMIUM,SKIP,idle,22672.8,25.67,1.0,0.0,0.0,1.041,0.665,0.565,0,10,55,1,1,30,0,30,65,high_vol_range,0.0,0,,,
2026-03-24T09:30:00+05:30,portfolio_hist,PREMIUM,SKIP,idle,22848.25,25.09,1.0,0.0,0.0,1.04,0.103,1.627,0,9,30,1,1,50,0,50,75,trending,0.0,0,,,
2026-03-24T09:35:00+05:30,portfolio_hist,PREMIUM,SKIP,idle,22819.1,25.18,1.0,0.0,0.0,1.04,0.024,1.627,0,9,35,1,1,50,0,50,75,trending,0.0,0,,,
2026-03-24T09:40:00+05:30,portfolio_hist,PREMIUM,SKIP,idle,22779.75,25.3,1.0,0.0,0.0,1.04,0.197,1.627,0,9,40,1,1,37,0,37,75,trending,0.0,0,,,
2026-03-24T09:45:00+05:30,portfolio_hist,PREMIUM,SKIP,idle,22719.05,25.47,1.0,0.0,0.0,1.04,0.463,0.505,0,9,45,1,1,35,0,35,75,high_vol_range,0.0,0,,,
2026-03-24T09:50:00+05:30,portfolio_hist,PREMIUM,SKIP,idle,22712.55,25.48,1.0,0.0,0.0,1.04,0.491,0.603,0,9,50,1,1,35,0,35,75,high_vol_range,0.0,0,,,
2026-03-24T09:55:00+05:30,portfolio_hist,PREMIUM,SKIP,idle,22755.45,25.34,1.0,0.0,0.0,1.04,0.303,0.603,0,9,55,1,1,35,0,35,75,high_vol_range,0.0,0,,,
2026-03-24T10:00:00+05:30,portfolio_hist,PREMIUM,SKIP,idle,22747.3,25.4,1.0,0.0,0.0,1.04,0.339,0.601,0,10,0,1,1,35,0,35,65,high_vol_range,0.0,0,,,
2026-03-24T10:05:00+05:30,portfolio_hist,PREMIUM,SKIP,idle,22715.0,25.54,1.0,0.0,0.0,1.041,0.48,0.517,0,10,5,1,1,35,0,35,65,high_vol_range,0.0,0,,,
2026-03-24T10:10:00+05:30,portfolio_hist,PREMIUM,SKIP,idle,22693.55,25.53,1.0,0.0,0.0,1.04,0.574,0.429,0,10,10,1,1,37,0,37,65,high_vol_range,0.0,0,,,
2026-03-24T10:15:00+05:30,portfolio_hist,PREMIUM,SKIP,idle,22711.4,25.5,1.0,0.0,0.0,1.04,0.496,0.374,0,10,15,1,1,42,0,42,65,high_vol_range,0.0,0,,,
2026-03-24T10:20:00+05:30,portfolio_hist,PREMIUM,SKIP,idle,22714.0,25.39,1.0,0.0,0.0,1.04,0.485,0.374,0,10,20,1,1,42,0,42,65,high_vol_range,0.0,0,,,
2026-03-24T10:25:00+05:30,portfolio_hist,PREMIUM,SKIP,idle,22760.0,25.4,1.0,0.0,0.0,1.04,0.283,0.374,0,10,25,1,1,49,0,49,65,high_vol_range,0.0,0,,,
2026-03-24T10:30:00+05:30,portfolio_hist,PREMIUM,SKIP,idle,22721.55,25.43,1.0,0.0,0.0,1.041,0.452,0.344,0,10,30,1,1,42,0,42,65,high_vol_range,0.0,0,,,
2026-03-24T10:35:00+05:30,portfolio_hist,PREMIUM,SKIP,idle,22660.9,25.5,1.0,0.0,0.0,1.04,0.717,0.421,0,10,35,1,1,37,0,37,65,high_vol_range,0.0,0,,,
2026-03-24T10:40:00+05:30,portfolio_hist,PREMIUM,SKIP,idle,22634.35,25.7,1.0,0.0,0.0,1.041,0.834,0.579,0,10,40,1,1,30,0,30,65,high_vol_range,0.0,0,,,
2026-03-24T10:45:00+05:30,portfolio_hist,PREMIUM,SKIP,idle,22665.9,25.59,1.0,0.0,0.0,1.041,0.696,0.579,0,10,45,1,1,30,0,30,65,high_vol_range,0.0,0,,,
2026-03-24T10:50:00+05:30,portfolio_hist,PREMIUM,SKIP,idle,22706.45,25.57,1.0,0.0,0.0,1.041,0.518,0.579,0,10,50,1,1,30,0,30,65,high_vol_range,0.0,0,,,
2026-03-24T10:55:00+05:30,portfolio_hist,PREMIUM,SKIP,idle,22672.8,25.67,1.0,0.0,0.0,1.041,0.665,0.565,0,10,55,1,1,30,0,30,65,high_vol_range,0.0,0,,,
2026-03-24T09:30:00+05:30,portfolio_hist,PREMIUM,SKIP,idle,22848.25,25.09,1.0,0.0,0.0,1.04,0.103,1.627,0,9,30,1,1,50,0,50,75,trending,0.0,0,,,
2026-03-24T09:35:00+05:30,portfolio_hist,PREMIUM,SKIP,idle,22819.1,25.18,1.0,0.0,0.0,1.04,0.024,1.627,0,9,35,1,1,50,0,50,75,trending,0.0,0,,,
2026-03-24T09:40:00+05:30,portfolio_hist,PREMIUM,SKIP,idle,22779.75,25.3,1.0,0.0,0.0,1.04,0.197,1.627,0,9,40,1,1,37,0,37,75,trending,0.0,0,,,
2026-03-24T09:45:00+05:30,portfolio_hist,PREMIUM,SKIP,idle,22719.05,25.47,1.0,0.0,0.0,1.04,0.463,0.505,0,9,45,1,1,35,0,35,75,high_vol_range,0.0,0,,,
2026-03-24T09:50:00+05:30,portfolio_hist,PREMIUM,SKIP,idle,22712.55,25.48,1.0,0.0,0.0,1.04,0.491,0.603,0,9,50,1,1,35,0,35,75,high_vol_range,0.0,0,,,
2026-03-24T09:55:00+05:30,portfolio_hist,PREMIUM,SKIP,idle,22755.45,25.34,1.0,0.0,0.0,1.04,0.303,0.603,0,9,55,1,1,35,0,35,75,high_vol_range,0.0,0,,,
2026-03-24T10:00:00+05:30,portfolio_hist,PREMIUM,SKIP,idle,22747.3,25.4,1.0,0.0,0.0,1.04,0.339,0.601,0,10,0,1,1,35,0,35,65,high_vol_range,0.0,0,,,
2026-03-24T10:05:00+05:30,portfolio_hist,PREMIUM,SKIP,idle,22715.0,25.54,1.0,0.0,0.0,1.041,0.48,0.517,0,10,5,1,1,35,0,35,65,high_vol_range,0.0,0,,,
2026-03-24T10:10:00+05:30,portfolio_hist,PREMIUM,SKIP,idle,22693.55,25.53,1.0,0.0,0.0,1.04,0.574,0.429,0,10,10,1,1,37,0,37,65,high_vol_range,0.0,0,,,
2026-03-24T10:15:00+05:30,portfolio_hist,PREMIUM,SKIP,idle,22711.4,25.5,1.0,0.0,0.0,1.04,0.496,0.374,0,10,15,1,1,42,0,42,65,high_vol_range,0.0,0,,,
2026-03-24T10:20:00+05:30,portfolio_hist,PREMIUM,SKIP,idle,22714.0,25.39,1.0,0.0,0.0,1.04,0.485,0.374,0,10,20,1,1,42,0,42,65,high_vol_range,0.0,0,,,
2026-03-24T10:25:00+05:30,portfolio_hist,PREMIUM,SKIP,idle,22760.0,25.4,1.0,0.0,0.0,1.04,0.283,0.374,0,10,25,1,1,49,0,49,65,high_vol_range,0.0,0,,,
2026-03-24T10:30:00+05:30,portfolio_hist,PREMIUM,SKIP,idle,22721.55,25.43,1.0,0.0,0.0,1.041,0.452,0.344,0,10,30,1,1,42,0,42,65,high_vol_range,0.0,0,,,
2026-03-24T10:35:00+05:30,portfolio_hist,PREMIUM,SKIP,idle,22660.9,25.5,1.0,0.0,0.0,1.04,0.717,0.421,0,10,35,1,1,37,0,37,65,high_vol_range,0.0,0,,,
2026-03-24T10:40:00+05:30,portfolio_hist,PREMIUM,SKIP,idle,22634.35,25.7,1.0,0.0,0.0,1.041,0.834,0.579,0,10,40,1,1,30,0,30,65,high_vol_range,0.0,0,,,
2026-03-24T10:45:00+05:30,portfolio_hist,PREMIUM,SKIP,idle,22665.9,25.59,1.0,0.0,0.0,1.041,0.696,0.579,0,10,45,1,1,30,0,30,65,high_vol_range,0.0,0,,,
2026-03-24T10:50:00+05:30,portfolio_hist,PREMIUM,SKIP,idle,22706.45,25.57,1.0,0.0,0.0,1.041,0.518,0.579,0,10,50,1,1,30,0,30,65,high_vol_range,0.0,0,,,
2026-03-24T10:55:00+05:30,portfolio_hist,PREMIUM,SKIP,idle,22672.8,25.67,1.0,0.0,0.0,1.041,0.665,0.565,0,10,55,1,1,30,0,30,65,high_vol_range,0.0,0,,,
2026-03-24T09:30:00+05:30,portfolio_hist,PREMIUM,SKIP,idle,22848.25,25.09,1.0,0.0,0.0,1.04,0.103,1.627,0,9,30,1,1,50,0,50,75,trending,0.0,0,,,
2026-03-24T09:35:00+05:30,portfolio_hist,PREMIUM,SKIP,idle,22819.1,25.18,1.0,0.0,0.0,1.04,0.024,1.627,0,9,35,1,1,50,0,50,75,trending,0.0,0,,,
2026-03-24T09:40:00+05:30,portfolio_hist,PREMIUM,SKIP,idle,22779.75,25.3,1.0,0.0,0.0,1.04,0.197,1.627,0,9,40,1,1,37,0,37,75,trending,0.0,0,,,
2026-03-24T09:45:00+05:30,portfolio_hist,PREMIUM,SKIP,idle,22719.05,25.47,1.0,0.0,0.0,1.04,0.463,0.505,0,9,45,1,1,35,0,35,75,high_vol_range,0.0,0,,,
2026-03-24T09:50:00+05:30,portfolio_hist,PREMIUM,SKIP,idle,22712.55,25.48,1.0,0.0,0.0,1.04,0.491,0.603,0,9,50,1,1,35,0,35,75,high_vol_range,0.0,0,,,
2026-03-24T09:55:00+05:30,portfolio_hist,PREMIUM,SKIP,idle,22755.45,25.34,1.0,0.0,0.0,1.04,0.303,0.603,0,9,55,1,1,35,0,35,75,high_vol_range,0.0,0,,,
2026-03-24T10:00:00+05:30,portfolio_hist,PREMIUM,SKIP,idle,22747.3,25.4,1.0,0.0,0.0,1.04,0.339,0.601,0,10,0,1,1,35,0,35,65,high_vol_range,0.0,0,,,
2026-03-24T10:05:00+05:30,portfolio_hist,PREMIUM,SKIP,idle,22715.0,25.54,1.0,0.0,0.0,1.041,0.48,0.517,0,10,5,1,1,35,0,35,65,high_vol_range,0.0,0,,,
2026-03-24T10:10:00+05:30,portfolio_hist,PREMIUM,SKIP,idle,22693.55,25.53,1.0,0.0,0.0,1.04,0.574,0.429,0,10,10,1,1,37,0,37,65,high_vol_range,0.0,0,,,
2026-03-24T10:15:00+05:30,portfolio_hist,PREMIUM,SKIP,idle,22711.4,25.5,1.0,0.0,0.0,1.04,0.496,0.374,0,10,15,1,1,42,0,42,65,high_vol_range,0.0,0,,,
2026-03-24T10:20:00+05:30,portfolio_hist,PREMIUM,SKIP,idle,22714.0,25.39,1.0,0.0,0.0,1.04,0.485,0.374,0,10,20,1,1,42,0,42,65,high_vol_range,0.0,0,,,
2026-03-24T10:25:00+05:30,portfolio_hist,PREMIUM,SKIP,idle,22760.0,25.4,1.0,0.0,0.0,1.04,0.283,0.374,0,10,25,1,1,49,0,49,65,high_vol_range,0.0,0,,,
2026-03-24T10:30:00+05:30,portfolio_hist,PREMIUM,SKIP,idle,22721.55,25.43,1.0,0.0,0.0,1.041,0.452,0.344,0,10,30,1,1,42,0,42,65,high_vol_range,0.0,0,,,
2026-03-24T10:35:00+05:30,portfolio_hist,PREMIUM,SKIP,idle,22660.9,25.5,1.0,0.0,0.0,1.04,0.717,0.421,0,10,35,1,1,37,0,37,65,high_vol_range,0.0,0,,,
2026-03-24T10:40:00+05:30,portfolio_hist,PREMIUM,SKIP,idle,22634.35,25.7,1.0,0.0,0.0,1.041,0.834,0.579,0,10,40,1,1,30,0,30,65,high_vol_range,0.0,0,,,
2026-03-24T10:45:00+05:30,portfolio_hist,PREMIUM,SKIP,idle,22665.9,25.59,1.0,0.0,0.0,1.041,0.696,0.579,0,10,45,1,1,30,0,30,65,high_vol_range,0.0,0,,,
2026-03-24T10:50:00+05:30,portfolio_hist,PREMIUM,SKIP,idle,22706.45,25.57,1.0,0.0,0.0,1.041,0.518,0.579,0,10,50,1,1,30,0,30,65,high_vol_range,0.0,0,,,
2026-03-24T10:55:00+05:30,portfolio_hist,PREMIUM,SKIP,idle,22672.8,25.67,1.0,0.0,0.0,1.041,0.665,0.565,0,10,55,1,1,30,0,30,65,high_vol_range,0.0,0,,,
2026-03-24T09:30:00+05:30,portfolio_hist,PREMIUM,SKIP,idle,22848.25,25.09,1.0,0.0,0.0,1.04,0.103,1.627,0,9,30,1,1,50,0,50,75,trending,0.0,0,,,
2026-03-24T09:35:00+05:30,portfolio_hist,PREMIUM,SKIP,idle,22819.1,25.18,1.0,0.0,0.0,1.04,0.024,1.627,0,9,35,1,1,50,0,50,75,trending,0.0,0,,,
2026-03-24T09:40:00+05:30,portfolio_hist,PREMIUM,SKIP,idle,22779.75,25.3,1.0,0.0,0.0,1.04,0.197,1.627,0,9,40,1,1,37,0,37,75,trending,0.0,0,,,
2026-03-24T09:45:00+05:30,portfolio_hist,PREMIUM,SKIP,idle,22719.05,25.47,1.0,0.0,0.0,1.04,0.463,0.505,0,9,45,1,1,35,0,35,75,high_vol_range,0.0,0,,,
2026-03-24T09:50:00+05:30,portfolio_hist,PREMIUM,SKIP,idle,22712.55,25.48,1.0,0.0,0.0,1.04,0.491,0.603,0,9,50,1,1,35,0,35,75,high_vol_range,0.0,0,,,
2026-03-24T09:55:00+05:30,portfolio_hist,PREMIUM,SKIP,idle,22755.45,25.34,1.0,0.0,0.0,1.04,0.303,0.603,0,9,55,1,1,35,0,35,75,high_vol_range,0.0,0,,,
2026-03-24T10:00:00+05:30,portfolio_hist,PREMIUM,SKIP,idle,22747.3,25.4,1.0,0.0,0.0,1.04,0.339,0.601,0,10,0,1,1,35,0,35,65,high_vol_range,0.0,0,,,
2026-03-24T10:05:00+05:30,portfolio_hist,PREMIUM,SKIP,idle,22715.0,25.54,1.0,0.0,0.0,1.041,0.48,0.517,0,10,5,1,1,35,0,35,65,high_vol_range,0.0,0,,,
2026-03-24T10:10:00+05:30,portfolio_hist,PREMIUM,SKIP,idle,22693.55,25.53,1.0,0.0,0.0,1.04,0.574,0.429,0,10,10,1,1,37,0,37,65,high_vol_range,0.0,0,,,
2026-03-24T10:15:00+05:30,portfolio_hist,PREMIUM,SKIP,idle,22711.4,25.5,1.0,0.0,0.0,1.04,0.496,0.374,0,10,15,1,1,42,0,42,65,high_vol_range,0.0,0,,,
2026-03-24T10:20:00+05:30,portfolio_hist,PREMIUM,SKIP,idle,22714.0,25.39,1.0,0.0,0.0,1.04,0.485,0.374,0,10,20,1,1,42,0,42,65,high_vol_range,0.0,0,,,
2026-03-24T10:25:00+05:30,portfolio_hist,PREMIUM,SKIP,idle,22760.0,25.4,1.0,0.0,0.0,1.04,0.283,0.374,0,10,25,1,1,49,0,49,65,high_vol_range,0.0,0,,,
2026-03-24T10:30:00+05:30,portfolio_hist,PREMIUM,SKIP,idle,22721.55,25.43,1.0,0.0,0.0,1.041,0.452,0.344,0,10,30,1,1,42,0,42,65,high_vol_range,0.0,0,,,
2026-03-24T10:35:00+05:30,portfolio_hist,PREMIUM,SKIP,idle,22660.9,25.5,1.0,0.0,0.0,1.04,0.717,0.421,0,10,35,1,1,37,0,37,65,high_vol_range,0.0,0,,,
2026-03-24T10:40:00+05:30,portfolio_hist,PREMIUM,SKIP,idle,22634.35,25.7,1.0,0.0,0.0,1.041,0.834,0.579,0,10,40,1,1,30,0,30,65,high_vol_range,0.0,0,,,
2026-03-24T10:45:00+05:30,portfolio_hist,PREMIUM,SKIP,idle,22665.9,25.59,1.0,0.0,0.0,1.041,0.696,0.579,0,10,45,1,1,30,0,30,65,high_vol_range,0.0,0,,,
2026-03-24T10:50:00+05:30,portfolio_hist,PREMIUM,SKIP,idle,22706.45,25.57,1.0,0.0,0.0,1.041,0.518,0.579,0,10,50,1,1,30,0,30,65,high_vol_range,0.0,0,,,
2026-03-24T10:55:00+05:30,portfolio_hist,PREMIUM,SKIP,idle,22672.8,25.67,1.0,0.0,0.0,1.041,0.665,0.565,0,10,55,1,1,30,0,30,65,high_vol_range,0.0,0,,,
2026-03-24T09:30:00+05:30,portfolio_hist,PREMIUM,SKIP,idle,22848.25,25.09,1.0,0.0,0.0,1.04,0.103,1.627,0,9,30,1,1,50,0,50,75,trending,0.0,0,,,
2026-03-24T09:35:00+05:30,portfolio_hist,PREMIUM,SKIP,idle,22819.1,25.18,1.0,0.0,0.0,1.04,0.024,1.627,0,9,35,1,1,50,0,50,75,trending,0.0,0,,,
2026-03-24T09:40:00+05:30,portfolio_hist,PREMIUM,SKIP,idle,22779.75,25.3,1.0,0.0,0.0,1.04,0.197,1.627,0,9,40,1,1,37,0,37,75,trending,0.0,0,,,
2026-03-24T09:45:00+05:30,portfolio_hist,PREMIUM,SKIP,idle,22719.05,25.47,1.0,0.0,0.0,1.04,0.463,0.505,0,9,45,1,1,35,0,35,75,high_vol_range,0.0,0,,,
2026-03-24T09:50:00+05:30,portfolio_hist,PREMIUM,SKIP,idle,22712.55,25.48,1.0,0.0,0.0,1.04,0.491,0.603,0,9,50,1,1,35,0,35,75,high_vol_range,0.0,0,,,
2026-03-24T09:55:00+05:30,portfolio_hist,PREMIUM,SKIP,idle,22755.45,25.34,1.0,0.0,0.0,1.04,0.303,0.603,0,9,55,1,1,35,0,35,75,high_vol_range,0.0,0,,,
2026-03-24T10:00:00+05:30,portfolio_hist,PREMIUM,SKIP,idle,22747.3,25.4,1.0,0.0,0.0,1.04,0.339,0.601,0,10,0,1,1,35,0,35,65,high_vol_range,0.0,0,,,
2026-03-24T10:05:00+05:30,portfolio_hist,PREMIUM,SKIP,idle,22715.0,25.54,1.0,0.0,0.0,1.041,0.48,0.517,0,10,5,1,1,35,0,35,65,high_vol_range,0.0,0,,,
2026-03-24T10:10:00+05:30,portfolio_hist,PREMIUM,SKIP,idle,22693.55,25.53,1.0,0.0,0.0,1.04,0.574,0.429,0,10,10,1,1,37,0,37,65,high_vol_range,0.0,0,,,
2026-03-24T10:15:00+05:30,portfolio_hist,PREMIUM,SKIP,idle,22711.4,25.5,1.0,0.0,0.0,1.04,0.496,0.374,0,10,15,1,1,42,0,42,65,high_vol_range,0.0,0,,,
2026-03-24T10:20:00+05:30,portfolio_hist,PREMIUM,SKIP,idle,22714.0,25.39,1.0,0.0,0.0,1.04,0.485,0.374,0,10,20,1,1,42,0,42,65,high_vol_range,0.0,0,,,
2026-03-24T10:25:00+05:30,portfolio_hist,PREMIUM,SKIP,idle,22760.0,25.4,1.0,0.0,0.0,1.04,0.283,0.374,0,10,25,1,1,49,0,49,65,high_vol_range,0.0,0,,,
2026-03-24T10:30:00+05:30,portfolio_hist,PREMIUM,SKIP,idle,22721.55,25.43,1.0,0.0,0.0,1.041,0.452,0.344,0,10,30,1,1,42,0,42,65,high_vol_range,0.0,0,,,
2026-03-24T10:35:00+05:30,portfolio_hist,PREMIUM,SKIP,idle,22660.9,25.5,1.0,0.0,0.0,1.04,0.717,0.421,0,10,35,1,1,37,0,37,65,high_vol_range,0.0,0,,,
2026-03-24T10:40:00+05:30,portfolio_hist,PREMIUM,SKIP,idle,22634.35,25.7,1.0,0.0,0.0,1.041,0.834,0.579,0,10,40,1,1,30,0,30,65,high_vol_range,0.0,0,,,
2026-03-24T10:45:00+05:30,portfolio_hist,PREMIUM,SKIP,idle,22665.9,25.59,1.0,0.0,0.0,1.041,0.696,0.579,0,10,45,1,1,30,0,30,65,high_vol_range,0.0,0,,,
2026-03-24T10:50:00+05:30,portfolio_hist,PREMIUM,SKIP,idle,22706.45,25.57,1.0,0.0,0.0,1.041,0.518,0.579,0,10,50,1,1,30,0,30,65,high_vol_range,0.0,0,,,
2026-03-24T10:55:00+05:30,portfolio_hist,PREMIUM,SKIP,idle,22672.8,25.67,1.0,0.0,0.0,1.041,0.665,0.565,0,10,55,1,1,30,0,30,65,high_vol_range,0.0,0,,,
2026-03-24T09:30:00+05:30,portfolio_hist,PREMIUM,SKIP,idle,22848.25,25.09,1.0,0.0,0.0,1.04,0.103,1.627,0,9,30,1,1,50,0,50,75,trending,0.0,0,,,
2026-03-24T09:35:00+05:30,portfolio_hist,PREMIUM,SKIP,idle,22819.1,25.18,1.0,0.0,0.0,1.04,0.024,1.627,0,9,35,1,1,50,0,50,75,trending,0.0,0,,,
2026-03-24T09:40:00+05:30,portfolio_hist,PREMIUM,SKIP,idle,22779.75,25.3,1.0,0.0,0.0,1.04,0.197,1.627,0,9,40,1,1,37,0,37,75,trending,0.0,0,,,
2026-03-24T09:45:00+05:30,portfolio_hist,PREMIUM,SKIP,idle,22719.05,25.47,1.0,0.0,0.0,1.04,0.463,0.505,0,9,45,1,1,35,0,35,75,high_vol_range,0.0,0,,,
2026-03-24T09:50:00+05:30,portfolio_hist,PREMIUM,SKIP,idle,22712.55,25.48,1.0,0.0,0.0,1.04,0.491,0.603,0,9,50,1,1,35,0,35,75,high_vol_range,0.0,0,,,
2026-03-24T09:55:00+05:30,portfolio_hist,PREMIUM,SKIP,idle,22755.45,25.34,1.0,0.0,0.0,1.04,0.303,0.603,0,9,55,1,1,35,0,35,75,high_vol_range,0.0,0,,,
2026-03-24T10:00:00+05:30,portfolio_hist,PREMIUM,SKIP,idle,22747.3,25.4,1.0,0.0,0.0,1.04,0.339,0.601,0,10,0,1,1,35,0,35,65,high_vol_range,0.0,0,,,
2026-03-24T10:05:00+05:30,portfolio_hist,PREMIUM,SKIP,idle,22715.0,25.54,1.0,0.0,0.0,1.041,0.48,0.517,0,10,5,1,1,35,0,35,65,high_vol_range,0.0,0,,,
2026-03-24T10:10:00+05:30,portfolio_hist,PREMIUM,SKIP,idle,22693.55,25.53,1.0,0.0,0.0,1.04,0.574,0.429,0,10,10,1,1,37,0,37,65,high_vol_range,0.0,0,,,
2026-03-24T10:15:00+05:30,portfolio_hist,PREMIUM,SKIP,idle,22711.4,25.5,1.0,0.0,0.0,1.04,0.496,0.374,0,10,15,1,1,42,0,42,65,high_vol_range,0.0,0,,,
2026-03-24T10:20:00+05:30,portfolio_hist,PREMIUM,SKIP,idle,22714.0,25.39,1.0,0.0,0.0,1.04,0.485,0.374,0,10,20,1,1,42,0,42,65,high_vol_range,0.0,0,,,
2026-03-24T10:25:00+05:30,portfolio_hist,PREMIUM,SKIP,idle,22760.0,25.4,1.0,0.0,0.0,1.04,0.283,0.374,0,10,25,1,1,49,0,49,65,high_vol_range,0.0,0,,,
2026-03-24T10:30:00+05:30,portfolio_hist,PREMIUM,SKIP,idle,22721.55,25.43,1.0,0.0,0.0,1.041,0.452,0.344,0,10,30,1,1,42,0,42,65,high_vol_range,0.0,0,,,
2026-03-24T10:35:00+05:30,portfolio_hist,PREMIUM,SKIP,idle,22660.9,25.5,1.0,0.0,0.0,1.04,0.717,0.421,0,10,35,1,1,37,0,37,65,high_vol_range,0.0,0,,,
2026-03-24T10:40:00+05:30,portfolio_hist,PREMIUM,SKIP,idle,22634.35,25.7,1.0,0.0,0.0,1.041,0.834,0.579,0,10,40,1,1,30,0,30,65,high_vol_range,0.0,0,,,
2026-03-24T10:45:00+05:30,portfolio_hist,PREMIUM,SKIP,idle,22665.9,25.59,1.0,0.0,0.0,1.041,0.696,0.579,0,10,45,1,1,30,0,30,65,high_vol_range,0.0,0,,,
2026-03-24T10:50:00+05:30,portfolio_hist,PREMIUM,SKIP,idle,22706.45,25.57,1.0,0.0,0.0,1.041,0.518,0.579,0,10,50,1,1,30,0,30,65,high_vol_range,0.0,0,,,
2026-03-24T10:55:00+05:30,portfolio_hist,PREMIUM,SKIP,idle,22672.8,25.67,1.0,0.0,0.0,1.041,0.665,0.565,0,10,55,1,1,30,0,30,65,high_vol_range,0.0,0,,,
2026-03-24T09:30:00+05:30,portfolio_hist,PREMIUM,SKIP,idle,22848.25,25.09,1.0,0.0,0.0,1.04,0.103,1.627,0,9,30,1,1,50,0,50,75,trending,0.0,0,,,
2026-03-24T09:35:00+05:30,portfolio_hist,PREMIUM,SKIP,idle,22819.1,25.18,1.0,0.0,0.0,1.04,0.024,1.627,0,9,35,1,1,50,0,50,75,trending,0.0,0,,,
2026-03-24T09:40:00+05:30,portfolio_hist,PREMIUM,SKIP,idle,22779.75,25.3,1.0,0.0,0.0,1.04,0.197,1.627,0,9,40,1,1,37,0,37,75,trending,0.0,0,,,
2026-03-24T09:45:00+05:30,portfolio_hist,PREMIUM,SKIP,idle,22719.05,25.47,1.0,0.0,0.0,1.04,0.463,0.505,0,9,45,1,1,35,0,35,75,high_vol_range,0.0,0,,,
2026-03-24T09:50:00+05:30,portfolio_hist,PREMIUM,SKIP,idle,22712.55,25.48,1.0,0.0,0.0,1.04,0.491,0.603,0,9,50,1,1,35,0,35,75,high_vol_range,0.0,0,,,
2026-03-24T09:55:00+05:30,portfolio_hist,PREMIUM,SKIP,idle,22755.45,25.34,1.0,0.0,0.0,1.04,0.303,0.603,0,9,55,1,1,35,0,35,75,high_vol_range,0.0,0,,,
2026-03-24T10:00:00+05:30,portfolio_hist,PREMIUM,SKIP,idle,22747.3,25.4,1.0,0.0,0.0,1.04,0.339,0.601,0,10,0,1,1,35,0,35,65,high_vol_range,0.0,0,,,
2026-03-24T10:05:00+05:30,portfolio_hist,PREMIUM,SKIP,idle,22715.0,25.54,1.0,0.0,0.0,1.041,0.48,0.517,0,10,5,1,1,35,0,35,65,high_vol_range,0.0,0,,,
2026-03-24T10:10:00+05:30,portfolio_hist,PREMIUM,SKIP,idle,22693.55,25.53,1.0,0.0,0.0,1.04,0.574,0.429,0,10,10,1,1,37,0,37,65,high_vol_range,0.0,0,,,
2026-03-24T10:15:00+05:30,portfolio_hist,PREMIUM,SKIP,idle,22711.4,25.5,1.0,0.0,0.0,1.04,0.496,0.374,0,10,15,1,1,42,0,42,65,high_vol_range,0.0,0,,,
2026-03-24T10:20:00+05:30,portfolio_hist,PREMIUM,SKIP,idle,22714.0,25.39,1.0,0.0,0.0,1.04,0.485,0.374,0,10,20,1,1,42,0,42,65,high_vol_range,0.0,0,,,
2026-03-24T10:25:00+05:30,portfolio_hist,PREMIUM,SKIP,idle,22760.0,25.4,1.0,0.0,0.0,1.04,0.283,0.374,0,10,25,1,1,49,0,49,65,high_vol_range,0.0,0,,,
2026-03-24T10:30:00+05:30,portfolio_hist,PREMIUM,SKIP,idle,22721.55,25.43,1.0,0.0,0.0,1.041,0.452,0.344,0,10,30,1,1,42,0,42,65,high_vol_range,0.0,0,,,
2026-03-24T10:35:00+05:30,portfolio_hist,PREMIUM,SKIP,idle,22660.9,25.5,1.0,0.0,0.0,1.04,0.717,0.421,0,10,35,1,1,37,0,37,65,high_vol_range,0.0,0,,,
2026-03-24T10:40:00+05:30,portfolio_hist,PREMIUM,SKIP,idle,22634.35,25.7,1.0,0.0,0.0,1.041,0.834,0.579,0,10,40,1,1,30,0,30,65,high_vol_range,0.0,0,,,
2026-03-24T10:45:00+05:30,portfolio_hist,PREMIUM,SKIP,idle,22665.9,25.59,1.0,0.0,0.0,1.041,0.696,0.579,0,10,45,1,1,30,0,30,65,high_vol_range,0.0,0,,,
2026-03-24T10:50:00+05:30,portfolio_hist,PREMIUM,SKIP,idle,22706.45,25.57,1.0,0.0,0.0,1.041,0.518,0.579,0,10,50,1,1,30,0,30,65,high_vol_range,0.0,0,,,
2026-03-24T10:55:00+05:30,portfolio_hist,PREMIUM,SKIP,idle,22672.8,25.67,1.0,0.0,0.0,1.041,0.665,0.565,0,10,55,1,1,30,0,30,65,high_vol_range,0.0,0,,,
2026-03-24T09:30:00+05:30,portfolio_hist,PREMIUM,SKIP,idle,22848.25,25.09,1.0,0.0,0.0,1.04,0.103,1.627,0,9,30,1,1,50,0,50,75,trending,0.0,0,,,
2026-03-24T09:35:00+05:30,portfolio_hist,PREMIUM,SKIP,idle,22819.1,25.18,1.0,0.0,0.0,1.04,0.024,1.627,0,9,35,1,1,50,0,50,75,trending,0.0,0,,,
2026-03-24T09:40:00+05:30,portfolio_hist,PREMIUM,SKIP,idle,22779.75,25.3,1.0,0.0,0.0,1.04,0.197,1.627,0,9,40,1,1,37,0,37,75,trending,0.0,0,,,
2026-03-24T09:45:00+05:30,portfolio_hist,PREMIUM,SKIP,idle,22719.05,25.47,1.0,0.0,0.0,1.04,0.463,0.505,0,9,45,1,1,35,0,35,75,high_vol_range,0.0,0,,,
2026-03-24T09:50:00+05:30,portfolio_hist,PREMIUM,SKIP,idle,22712.55,25.48,1.0,0.0,0.0,1.04,0.491,0.603,0,9,50,1,1,35,0,35,75,high_vol_range,0.0,0,,,
2026-03-24T09:55:00+05:30,portfolio_hist,PREMIUM,SKIP,idle,22755.45,25.34,1.0,0.0,0.0,1.04,0.303,0.603,0,9,55,1,1,35,0,35,75,high_vol_range,0.0,0,,,
2026-03-24T10:00:00+05:30,portfolio_hist,PREMIUM,SKIP,idle,22747.3,25.4,1.0,0.0,0.0,1.04,0.339,0.601,0,10,0,1,1,35,0,35,65,high_vol_range,0.0,0,,,
2026-03-24T10:05:00+05:30,portfolio_hist,PREMIUM,SKIP,idle,22715.0,25.54,1.0,0.0,0.0,1.041,0.48,0.517,0,10,5,1,1,35,0,35,65,high_vol_range,0.0,0,,,
2026-03-24T10:10:00+05:30,portfolio_hist,PREMIUM,SKIP,idle,22693.55,25.53,1.0,0.0,0.0,1.04,0.574,0.429,0,10,10,1,1,37,0,37,65,high_vol_range,0.0,0,,,
2026-03-24T10:15:00+05:30,portfolio_hist,PREMIUM,SKIP,idle,22711.4,25.5,1.0,0.0,0.0,1.04,0.496,0.374,0,10,15,1,1,42,0,42,65,high_vol_range,0.0,0,,,
2026-03-24T10:20:00+05:30,portfolio_hist,PREMIUM,SKIP,idle,22714.0,25.39,1.0,0.0,0.0,1.04,0.485,0.374,0,10,20,1,1,42,0,42,65,high_vol_range,0.0,0,,,
2026-03-24T10:25:00+05:30,portfolio_hist,PREMIUM,SKIP,idle,22760.0,25.4,1.0,0.0,0.0,1.04,0.283,0.374,0,10,25,1,1,49,0,49,65,high_vol_range,0.0,0,,,
2026-03-24T10:30:00+05:30,portfolio_hist,PREMIUM,SKIP,idle,22721.55,25.43,1.0,0.0,0.0,1.041,0.452,0.344,0,10,30,1,1,42,0,42,65,high_vol_range,0.0,0,,,
2026-03-24T10:35:00+05:30,portfolio_hist,PREMIUM,SKIP,idle,22660.9,25.5,1.0,0.0,0.0,1.04,0.717,0.421,0,10,35,1,1,37,0,37,65,high_vol_range,0.0,0,,,
2026-03-24T10:40:00+05:30,portfolio_hist,PREMIUM,SKIP,idle,22634.35,25.7,1.0,0.0,0.0,1.041,0.834,0.579,0,10,40,1,1,30,0,30,65,high_vol_range,0.0,0,,,
2026-03-24T10:45:00+05:30,portfolio_hist,PREMIUM,SKIP,idle,22665.9,25.59,1.0,0.0,0.0,1.041,0.696,0.579,0,10,45,1,1,30,0,30,65,high_vol_range,0.0,0,,,
2026-03-24T10:50:00+05:30,portfolio_hist,PREMIUM,SKIP,idle,22706.45,25.57,1.0,0.0,0.0,1.041,0.518,0.579,0,10,50,1,1,30,0,30,65,high_vol_range,0.0,0,,,
2026-03-24T10:55:00+05:30,portfolio_hist,PREMIUM,SKIP,idle,22672.8,25.67,1.0,0.0,0.0,1.041,0.665,0.565,0,10,55,1,1,30,0,30,65,high_vol_range,0.0,0,,,
2026-03-24T09:30:00+05:30,portfolio_hist,PREMIUM,SKIP,idle,22848.25,25.09,1.0,0.0,0.0,1.04,0.103,1.627,0,9,30,1,1,50,0,50,75,trending,0.0,0,,,
2026-03-24T09:35:00+05:30,portfolio_hist,PREMIUM,SKIP,idle,22819.1,25.18,1.0,0.0,0.0,1.04,0.024,1.627,0,9,35,1,1,50,0,50,75,trending,0.0,0,,,
2026-03-24T09:40:00+05:30,portfolio_hist,PREMIUM,SKIP,idle,22779.75,25.3,1.0,0.0,0.0,1.04,0.197,1.627,0,9,40,1,1,37,0,37,75,trending,0.0,0,,,
2026-03-24T09:45:00+05:30,portfolio_hist,PREMIUM,SKIP,idle,22719.05,25.47,1.0,0.0,0.0,1.04,0.463,0.505,0,9,45,1,1,35,0,35,75,high_vol_range,0.0,0,,,
2026-03-24T09:50:00+05:30,portfolio_hist,PREMIUM,SKIP,idle,22712.55,25.48,1.0,0.0,0.0,1.04,0.491,0.603,0,9,50,1,1,35,0,35,75,high_vol_range,0.0,0,,,
2026-03-24T09:55:00+05:30,portfolio_hist,PREMIUM,SKIP,idle,22755.45,25.34,1.0,0.0,0.0,1.04,0.303,0.603,0,9,55,1,1,35,0,35,75,high_vol_range,0.0,0,,,
2026-03-24T10:00:00+05:30,portfolio_hist,PREMIUM,SKIP,idle,22747.3,25.4,1.0,0.0,0.0,1.04,0.339,0.601,0,10,0,1,1,35,0,35,65,high_vol_range,0.0,0,,,
2026-03-24T10:05:00+05:30,portfolio_hist,PREMIUM,SKIP,idle,22715.0,25.54,1.0,0.0,0.0,1.041,0.48,0.517,0,10,5,1,1,35,0,35,65,high_vol_range,0.0,0,,,
2026-03-24T10:10:00+05:30,portfolio_hist,PREMIUM,SKIP,idle,22693.55,25.53,1.0,0.0,0.0,1.04,0.574,0.429,0,10,10,1,1,37,0,37,65,high_vol_range,0.0,0,,,
2026-03-24T10:15:00+05:30,portfolio_hist,PREMIUM,SKIP,idle,22711.4,25.5,1.0,0.0,0.0,1.04,0.496,0.374,0,10,15,1,1,42,0,42,65,high_vol_range,0.0,0,,,
2026-03-24T10:20:00+05:30,portfolio_hist,PREMIUM,SKIP,idle,22714.0,25.39,1.0,0.0,0.0,1.04,0.485,0.374,0,10,20,1,1,42,0,42,65,high_vol_range,0.0,0,,,
2026-03-24T10:25:00+05:30,portfolio_hist,PREMIUM,SKIP,idle,22760.0,25.4,1.0,0.0,0.0,1.04,0.283,0.374,0,10,25,1,1,49,0,49,65,high_vol_range,0.0,0,,,
2026-03-24T10:30:00+05:30,portfolio_hist,PREMIUM,SKIP,idle,22721.55,25.43,1.0,0.0,0.0,1.041,0.452,0.344,0,10,30,1,1,42,0,42,65,high_vol_range,0.0,0,,,
2026-03-24T10:35:00+05:30,portfolio_hist,PREMIUM,SKIP,idle,22660.9,25.5,1.0,0.0,0.0,1.04,0.717,0.421,0,10,35,1,1,37,0,37,65,high_vol_range,0.0,0,,,
2026-03-24T10:40:00+05:30,portfolio_hist,PREMIUM,SKIP,idle,22634.35,25.7,1.0,0.0,0.0,1.041,0.834,0.579,0,10,40,1,1,30,0,30,65,high_vol_range,0.0,0,,,
2026-03-24T10:45:00+05:30,portfolio_hist,PREMIUM,SKIP,idle,22665.9,25.59,1.0,0.0,0.0,1.041,0.696,0.579,0,10,45,1,1,30,0,30,65,high_vol_range,0.0,0,,,
2026-03-24T10:50:00+05:30,portfolio_hist,PREMIUM,SKIP,idle,22706.45,25.57,1.0,0.0,0.0,1.041,0.518,0.579,0,10,50,1,1,30,0,30,65,high_vol_range,0.0,0,,,
2026-03-24T10:55:00+05:30,portfolio_hist,PREMIUM,SKIP,idle,22672.8,25.67,1.0,0.0,0.0,1.041,0.665,0.565,0,10,55,1,1,30,0,30,65,high_vol_range,0.0,0,,,
2026-03-24T09:30:00+05:30,portfolio_hist,PREMIUM,SKIP,idle,22848.25,25.09,1.0,0.0,0.0,1.04,0.103,1.627,0,9,30,1,1,50,0,50,75,trending,0.0,0,,,
2026-03-24T09:35:00+05:30,portfolio_hist,PREMIUM,SKIP,idle,22819.1,25.18,1.0,0.0,0.0,1.04,0.024,1.627,0,9,35,1,1,50,0,50,75,trending,0.0,0,,,
2026-03-24T09:40:00+05:30,portfolio_hist,PREMIUM,SKIP,idle,22779.75,25.3,1.0,0.0,0.0,1.04,0.197,1.627,0,9,40,1,1,37,0,37,75,trending,0.0,0,,,
2026-03-24T09:45:00+05:30,portfolio_hist,PREMIUM,SKIP,idle,22719.05,25.47,1.0,0.0,0.0,1.04,0.463,0.505,0,9,45,1,1,35,0,35,75,high_vol_range,0.0,0,,,
2026-03-24T09:50:00+05:30,portfolio_hist,PREMIUM,SKIP,idle,22712.55,25.48,1.0,0.0,0.0,1.04,0.491,0.603,0,9,50,1,1,35,0,35,75,high_vol_range,0.0,0,,,
2026-03-24T09:55:00+05:30,portfolio_hist,PREMIUM,SKIP,idle,22755.45,25.34,1.0,0.0,0.0,1.04,0.303,0.603,0,9,55,1,1,35,0,35,75,high_vol_range,0.0,0,,,
2026-03-24T10:00:00+05:30,portfolio_hist,PREMIUM,SKIP,idle,22747.3,25.4,1.0,0.0,0.0,1.04,0.339,0.601,0,10,0,1,1,35,0,35,65,high_vol_range,0.0,0,,,
2026-03-24T10:05:00+05:30,portfolio_hist,PREMIUM,SKIP,idle,22715.0,25.54,1.0,0.0,0.0,1.041,0.48,0.517,0,10,5,1,1,35,0,35,65,high_vol_range,0.0,0,,,
2026-03-24T10:10:00+05:30,portfolio_hist,PREMIUM,SKIP,idle,22693.55,25.53,1.0,0.0,0.0,1.04,0.574,0.429,0,10,10,1,1,37,0,37,65,high_vol_range,0.0,0,,,
2026-03-24T10:15:00+05:30,portfolio_hist,PREMIUM,SKIP,idle,22711.4,25.5,1.0,0.0,0.0,1.04,0.496,0.374,0,10,15,1,1,42,0,42,65,high_vol_range,0.0,0,,,
2026-03-24T10:20:00+05:30,portfolio_hist,PREMIUM,SKIP,idle,22714.0,25.39,1.0,0.0,0.0,1.04,0.485,0.374,0,10,20,1,1,42,0,42,65,high_vol_range,0.0,0,,,
2026-03-24T10:25:00+05:30,portfolio_hist,PREMIUM,SKIP,idle,22760.0,25.4,1.0,0.0,0.0,1.04,0.283,0.374,0,10,25,1,1,49,0,49,65,high_vol_range,0.0,0,,,
2026-03-24T10:30:00+05:30,portfolio_hist,PREMIUM,SKIP,idle,22721.55,25.43,1.0,0.0,0.0,1.041,0.452,0.344,0,10,30,1,1,42,0,42,65,high_vol_range,0.0,0,,,
2026-03-24T10:35:00+05:30,portfolio_hist,PREMIUM,SKIP,idle,22660.9,25.5,1.0,0.0,0.0,1.04,0.717,0.421,0,10,35,1,1,37,0,37,65,high_vol_range,0.0,0,,,
2026-03-24T10:40:00+05:30,portfolio_hist,PREMIUM,SKIP,idle,22634.35,25.7,1.0,0.0,0.0,1.041,0.834,0.579,0,10,40,1,1,30,0,30,65,high_vol_range,0.0,0,,,
2026-03-24T10:45:00+05:30,portfolio_hist,PREMIUM,SKIP,idle,22665.9,25.59,1.0,0.0,0.0,1.041,0.696,0.579,0,10,45,1,1,30,0,30,65,high_vol_range,0.0,0,,,
2026-03-24T10:50:00+05:30,portfolio_hist,PREMIUM,SKIP,idle,22706.45,25.57,1.0,0.0,0.0,1.041,0.518,0.579,0,10,50,1,1,30,0,30,65,high_vol_range,0.0,0,,,
2026-03-24T10:55:00+05:30,portfolio_hist,PREMIUM,SKIP,idle,22672.8,25.67,1.0,0.0,0.0,1.041,0.665,0.565,0,10,55,1,1,30,0,30,65,high_vol_range,0.0,0,,,
2026-03-24T09:30:00+05:30,portfolio_hist,PREMIUM,SKIP,idle,22848.25,25.09,1.0,0.0,0.0,1.04,0.103,1.627,0,9,30,1,1,50,0,50,75,trending,0.0,0,,,
2026-03-24T09:35:00+05:30,portfolio_hist,PREMIUM,SKIP,idle,22819.1,25.18,1.0,0.0,0.0,1.04,0.024,1.627,0,9,35,1,1,50,0,50,75,trending,0.0,0,,,
2026-03-24T09:40:00+05:30,portfolio_hist,PREMIUM,SKIP,idle,22779.75,25.3,1.0,0.0,0.0,1.04,0.197,1.627,0,9,40,1,1,37,0,37,75,trending,0.0,0,,,
2026-03-24T09:45:00+05:30,portfolio_hist,PREMIUM,SKIP,idle,22719.05,25.47,1.0,0.0,0.0,1.04,0.463,0.505,0,9,45,1,1,35,0,35,75,high_vol_range,0.0,0,,,
2026-03-24T09:50:00+05:30,portfolio_hist,PREMIUM,SKIP,idle,22712.55,25.48,1.0,0.0,0.0,1.04,0.491,0.603,0,9,50,1,1,35,0,35,75,high_vol_range,0.0,0,,,
2026-03-24T09:55:00+05:30,portfolio_hist,PREMIUM,SKIP,idle,22755.45,25.34,1.0,0.0,0.0,1.04,0.303,0.603,0,9,55,1,1,35,0,35,75,high_vol_range,0.0,0,,,
2026-03-24T10:00:00+05:30,portfolio_hist,PREMIUM,SKIP,idle,22747.3,25.4,1.0,0.0,0.0,1.04,0.339,0.601,0,10,0,1,1,35,0,35,65,high_vol_range,0.0,0,,,
2026-03-24T10:05:00+05:30,portfolio_hist,PREMIUM,SKIP,idle,22715.0,25.54,1.0,0.0,0.0,1.041,0.48,0.517,0,10,5,1,1,35,0,35,65,high_vol_range,0.0,0,,,
2026-03-24T10:10:00+05:30,portfolio_hist,PREMIUM,SKIP,idle,22693.55,25.53,1.0,0.0,0.0,1.04,0.574,0.429,0,10,10,1,1,37,0,37,65,high_vol_range,0.0,0,,,
2026-03-24T10:15:00+05:30,portfolio_hist,PREMIUM,SKIP,idle,22711.4,25.5,1.0,0.0,0.0,1.04,0.496,0.374,0,10,15,1,1,42,0,42,65,high_vol_range,0.0,0,,,
2026-03-24T10:20:00+05:30,portfolio_hist,PREMIUM,SKIP,idle,22714.0,25.39,1.0,0.0,0.0,1.04,0.485,0.374,0,10,20,1,1,42,0,42,65,high_vol_range,0.0,0,,,
2026-03-24T10:25:00+05:30,portfolio_hist,PREMIUM,SKIP,idle,22760.0,25.4,1.0,0.0,0.0,1.04,0.283,0.374,0,10,25,1,1,49,0,49,65,high_vol_range,0.0,0,,,
2026-03-24T10:30:00+05:30,portfolio_hist,PREMIUM,SKIP,idle,22721.55,25.43,1.0,0.0,0.0,1.041,0.452,0.344,0,10,30,1,1,42,0,42,65,high_vol_range,0.0,0,,,
2026-03-24T10:35:00+05:30,portfolio_hist,PREMIUM,SKIP,idle,22660.9,25.5,1.0,0.0,0.0,1.04,0.717,0.421,0,10,35,1,1,37,0,37,65,high_vol_range,0.0,0,,,
2026-03-24T10:40:00+05:30,portfolio_hist,PREMIUM,SKIP,idle,22634.35,25.7,1.0,0.0,0.0,1.041,0.834,0.579,0,10,40,1,1,30,0,30,65,high_vol_range,0.0,0,,,
2026-03-24T10:45:00+05:30,portfolio_hist,PREMIUM,SKIP,idle,22665.9,25.59,1.0,0.0,0.0,1.041,0.696,0.579,0,10,45,1,1,30,0,30,65,high_vol_range,0.0,0,,,
2026-03-24T10:50:00+05:30,portfolio_hist,PREMIUM,SKIP,idle,22706.45,25.57,1.0,0.0,0.0,1.041,0.518,0.579,0,10,50,1,1,30,0,30,65,high_vol_range,0.0,0,,,
2026-03-24T10:55:00+05:30,portfolio_hist,PREMIUM,SKIP,idle,22672.8,25.67,1.0,0.0,0.0,1.041,0.665,0.565,0,10,55,1,1,30,0,30,65,high_vol_range,0.0,0,,,
2026-03-24T09:30:00+05:30,portfolio_hist,PREMIUM,SKIP,idle,22848.25,25.09,1.0,0.0,0.0,1.04,0.103,1.627,0,9,30,1,1,50,0,50,75,trending,0.0,0,,,
2026-03-24T09:35:00+05:30,portfolio_hist,PREMIUM,SKIP,idle,22819.1,25.18,1.0,0.0,0.0,1.04,0.024,1.627,0,9,35,1,1,50,0,50,75,trending,0.0,0,,,
2026-03-24T09:40:00+05:30,portfolio_hist,PREMIUM,SKIP,idle,22779.75,25.3,1.0,0.0,0.0,1.04,0.197,1.627,0,9,40,1,1,37,0,37,75,trending,0.0,0,,,
2026-03-24T09:45:00+05:30,portfolio_hist,PREMIUM,SKIP,idle,22719.05,25.47,1.0,0.0,0.0,1.04,0.463,0.505,0,9,45,1,1,35,0,35,75,high_vol_range,0.0,0,,,
2026-03-24T09:50:00+05:30,portfolio_hist,PREMIUM,SKIP,idle,22712.55,25.48,1.0,0.0,0.0,1.04,0.491,0.603,0,9,50,1,1,35,0,35,75,high_vol_range,0.0,0,,,
2026-03-24T09:55:00+05:30,portfolio_hist,PREMIUM,SKIP,idle,22755.45,25.34,1.0,0.0,0.0,1.04,0.303,0.603,0,9,55,1,1,35,0,35,75,high_vol_range,0.0,0,,,
2026-03-24T10:00:00+05:30,portfolio_hist,PREMIUM,SKIP,idle,22747.3,25.4,1.0,0.0,0.0,1.04,0.339,0.601,0,10,0,1,1,35,0,35,65,high_vol_range,0.0,0,,,
2026-03-24T10:05:00+05:30,portfolio_hist,PREMIUM,SKIP,idle,22715.0,25.54,1.0,0.0,0.0,1.041,0.48,0.517,0,10,5,1,1,35,0,35,65,high_vol_range,0.0,0,,,
2026-03-24T10:10:00+05:30,portfolio_hist,PREMIUM,SKIP,idle,22693.55,25.53,1.0,0.0,0.0,1.04,0.574,0.429,0,10,10,1,1,37,0,37,65,high_vol_range,0.0,0,,,
2026-03-24T10:15:00+05:30,portfolio_hist,PREMIUM,SKIP,idle,22711.4,25.5,1.0,0.0,0.0,1.04,0.496,0.374,0,10,15,1,1,42,0,42,65,high_vol_range,0.0,0,,,
2026-03-24T10:20:00+05:30,portfolio_hist,PREMIUM,SKIP,idle,22714.0,25.39,1.0,0.0,0.0,1.04,0.485,0.374,0,10,20,1,1,42,0,42,65,high_vol_range,0.0,0,,,
2026-03-24T10:25:00+05:30,portfolio_hist,PREMIUM,SKIP,idle,22760.0,25.4,1.0,0.0,0.0,1.04,0.283,0.374,0,10,25,1,1,49,0,49,65,high_vol_range,0.0,0,,,
2026-03-24T10:30:00+05:30,portfolio_hist,PREMIUM,SKIP,idle,22721.55,25.43,1.0,0.0,0.0,1.041,0.452,0.344,0,10,30,1,1,42,0,42,65,high_vol_range,0.0,0,,,
2026-03-24T10:35:00+05:30,portfolio_hist,PREMIUM,SKIP,idle,22660.9,25.5,1.0,0.0,0.0,1.04,0.717,0.421,0,10,35,1,1,37,0,37,65,high_vol_range,0.0,0,,,
2026-03-24T10:40:00+05:30,portfolio_hist,PREMIUM,SKIP,idle,22634.35,25.7,1.0,0.0,0.0,1.041,0.834,0.579,0,10,40,1,1,30,0,30,65,high_vol_range,0.0,0,,,
2026-03-24T10:45:00+05:30,portfolio_hist,PREMIUM,SKIP,idle,22665.9,25.59,1.0,0.0,0.0,1.041,0.696,0.579,0,10,45,1,1,30,0,30,65,high_vol_range,0.0,0,,,
2026-03-24T10:50:00+05:30,portfolio_hist,PREMIUM,SKIP,idle,22706.45,25.57,1.0,0.0,0.0,1.041,0.518,0.579,0,10,50,1,1,30,0,30,65,high_vol_range,0.0,0,,,
2026-03-24T10:55:00+05:30,portfolio_hist,PREMIUM,SKIP,idle,22672.8,25.67,1.0,0.0,0.0,1.041,0.665,0.565,0,10,55,1,1,30,0,30,65,high_vol_range,0.0,0,,,
2026-03-24T09:30:00+05:30,portfolio_hist,PREMIUM,SKIP,idle,22848.25,25.09,1.0,0.0,0.0,1.04,0.103,1.627,0,9,30,1,1,50,0,50,75,trending,0.0,0,,,
2026-03-24T09:35:00+05:30,portfolio_hist,PREMIUM,SKIP,idle,22819.1,25.18,1.0,0.0,0.0,1.04,0.024,1.627,0,9,35,1,1,50,0,50,75,trending,0.0,0,,,
2026-03-24T09:40:00+05:30,portfolio_hist,PREMIUM,SKIP,idle,22779.75,25.3,1.0,0.0,0.0,1.04,0.197,1.627,0,9,40,1,1,37,0,37,75,trending,0.0,0,,,
2026-03-24T09:45:00+05:30,portfolio_hist,PREMIUM,SKIP,idle,22719.05,25.47,1.0,0.0,0.0,1.04,0.463,0.505,0,9,45,1,1,35,0,35,75,high_vol_range,0.0,0,,,
2026-03-24T09:50:00+05:30,portfolio_hist,PREMIUM,SKIP,idle,22712.55,25.48,1.0,0.0,0.0,1.04,0.491,0.603,0,9,50,1,1,35,0,35,75,high_vol_range,0.0,0,,,
2026-03-24T09:55:00+05:30,portfolio_hist,PREMIUM,SKIP,idle,22755.45,25.34,1.0,0.0,0.0,1.04,0.303,0.603,0,9,55,1,1,35,0,35,75,high_vol_range,0.0,0,,,
2026-03-24T10:00:00+05:30,portfolio_hist,PREMIUM,SKIP,idle,22747.3,25.4,1.0,0.0,0.0,1.04,0.339,0.601,0,10,0,1,1,35,0,35,65,high_vol_range,0.0,0,,,
2026-03-24T10:05:00+05:30,portfolio_hist,PREMIUM,SKIP,idle,22715.0,25.54,1.0,0.0,0.0,1.041,0.48,0.517,0,10,5,1,1,35,0,35,65,high_vol_range,0.0,0,,,
2026-03-24T10:10:00+05:30,portfolio_hist,PREMIUM,SKIP,idle,22693.55,25.53,1.0,0.0,0.0,1.04,0.574,0.429,0,10,10,1,1,37,0,37,65,high_vol_range,0.0,0,,,
2026-03-24T10:15:00+05:30,portfolio_hist,PREMIUM,SKIP,idle,22711.4,25.5,1.0,0.0,0.0,1.04,0.496,0.374,0,10,15,1,1,42,0,42,65,high_vol_range,0.0,0,,,
2026-03-24T10:20:00+05:30,portfolio_hist,PREMIUM,SKIP,idle,22714.0,25.39,1.0,0.0,0.0,1.04,0.485,0.374,0,10,20,1,1,42,0,42,65,high_vol_range,0.0,0,,,
2026-03-24T10:25:00+05:30,portfolio_hist,PREMIUM,SKIP,idle,22760.0,25.4,1.0,0.0,0.0,1.04,0.283,0.374,0,10,25,1,1,49,0,49,65,high_vol_range,0.0,0,,,
2026-03-24T10:30:00+05:30,portfolio_hist,PREMIUM,SKIP,idle,22721.55,25.43,1.0,0.0,0.0,1.041,0.452,0.344,0,10,30,1,1,42,0,42,65,high_vol_range,0.0,0,,,
2026-03-24T10:35:00+05:30,portfolio_hist,PREMIUM,SKIP,idle,22660.9,25.5,1.0,0.0,0.0,1.04,0.717,0.421,0,10,35,1,1,37,0,37,65,high_vol_range,0.0,0,,,
2026-03-24T10:40:00+05:30,portfolio_hist,PREMIUM,SKIP,idle,22634.35,25.7,1.0,0.0,0.0,1.041,0.834,0.579,0,10,40,1,1,30,0,30,65,high_vol_range,0.0,0,,,
2026-03-24T10:45:00+05:30,portfolio_hist,PREMIUM,SKIP,idle,22665.9,25.59,1.0,0.0,0.0,1.041,0.696,0.579,0,10,45,1,1,30,0,30,65,high_vol_range,0.0,0,,,
2026-03-24T10:50:00+05:30,portfolio_hist,PREMIUM,SKIP,idle,22706.45,25.57,1.0,0.0,0.0,1.041,0.518,0.579,0,10,50,1,1,30,0,30,65,high_vol_range,0.0,0,,,
2026-03-24T10:55:00+05:30,portfolio_hist,PREMIUM,SKIP,idle,22672.8,25.67,1.0,0.0,0.0,1.041,0.665,0.565,0,10,55,1,1,30,0,30,65,high_vol_range,0.0,0,,,
2026-03-24T09:30:00+05:30,portfolio_hist,PREMIUM,SKIP,idle,22848.25,25.09,1.0,0.0,0.0,1.04,0.103,1.627,0,9,30,1,1,50,0,50,75,trending,0.0,0,,,
2026-03-24T09:35:00+05:30,portfolio_hist,PREMIUM,SKIP,idle,22819.1,25.18,1.0,0.0,0.0,1.04,0.024,1.627,0,9,35,1,1,50,0,50,75,trending,0.0,0,,,
2026-03-24T09:40:00+05:30,portfolio_hist,PREMIUM,SKIP,idle,22779.75,25.3,1.0,0.0,0.0,1.04,0.197,1.627,0,9,40,1,1,37,0,37,75,trending,0.0,0,,,
2026-03-24T09:45:00+05:30,portfolio_hist,PREMIUM,SKIP,idle,22719.05,25.47,1.0,0.0,0.0,1.04,0.463,0.505,0,9,45,1,1,35,0,35,75,high_vol_range,0.0,0,,,
2026-03-24T09:50:00+05:30,portfolio_hist,PREMIUM,SKIP,idle,22712.55,25.48,1.0,0.0,0.0,1.04,0.491,0.603,0,9,50,1,1,35,0,35,75,high_vol_range,0.0,0,,,
2026-03-24T09:55:00+05:30,portfolio_hist,PREMIUM,SKIP,idle,22755.45,25.34,1.0,0.0,0.0,1.04,0.303,0.603,0,9,55,1,1,35,0,35,75,high_vol_range,0.0,0,,,
2026-03-24T10:00:00+05:30,portfolio_hist,PREMIUM,SKIP,idle,22747.3,25.4,1.0,0.0,0.0,1.04,0.339,0.601,0,10,0,1,1,35,0,35,65,high_vol_range,0.0,0,,,
2026-03-24T10:05:00+05:30,portfolio_hist,PREMIUM,SKIP,idle,22715.0,25.54,1.0,0.0,0.0,1.041,0.48,0.517,0,10,5,1,1,35,0,35,65,high_vol_range,0.0,0,,,
2026-03-24T10:10:00+05:30,portfolio_hist,PREMIUM,SKIP,idle,22693.55,25.53,1.0,0.0,0.0,1.04,0.574,0.429,0,10,10,1,1,37,0,37,65,high_vol_range,0.0,0,,,
2026-03-24T10:15:00+05:30,portfolio_hist,PREMIUM,SKIP,idle,22711.4,25.5,1.0,0.0,0.0,1.04,0.496,0.374,0,10,15,1,1,42,0,42,65,high_vol_range,0.0,0,,,
2026-03-24T10:20:00+05:30,portfolio_hist,PREMIUM,SKIP,idle,22714.0,25.39,1.0,0.0,0.0,1.04,0.485,0.374,0,10,20,1,1,42,0,42,65,high_vol_range,0.0,0,,,
2026-03-24T10:25:00+05:30,portfolio_hist,PREMIUM,SKIP,idle,22760.0,25.4,1.0,0.0,0.0,1.04,0.283,0.374,0,10,25,1,1,49,0,49,65,high_vol_range,0.0,0,,,
2026-03-24T10:30:00+05:30,portfolio_hist,PREMIUM,SKIP,idle,22721.55,25.43,1.0,0.0,0.0,1.041,0.452,0.344,0,10,30,1,1,42,0,42,65,high_vol_range,0.0,0,,,
2026-03-24T10:35:00+05:30,portfolio_hist,PREMIUM,SKIP,idle,22660.9,25.5,1.0,0.0,0.0,1.04,0.717,0.421,0,10,35,1,1,37,0,37,65,high_vol_range,0.0,0,,,
2026-03-24T10:40:00+05:30,portfolio_hist,PREMIUM,SKIP,idle,22634.35,25.7,1.0,0.0,0.0,1.041,0.834,0.579,0,10,40,1,1,30,0,30,65,high_vol_range,0.0,0,,,
2026-03-24T10:45:00+05:30,portfolio_hist,PREMIUM,SKIP,idle,22665.9,25.59,1.0,0.0,0.0,1.041,0.696,0.579,0,10,45,1,1,30,0,30,65,high_vol_range,0.0,0,,,
2026-03-24T10:50:00+05:30,portfolio_hist,PREMIUM,SKIP,idle,22706.45,25.57,1.0,0.0,0.0,1.041,0.518,0.579,0,10,50,1,1,30,0,30,65,high_vol_range,0.0,0,,,
2026-03-24T10:55:00+05:30,portfolio_hist,PREMIUM,SKIP,idle,22672.8,25.67,1.0,0.0,0.0,1.041,0.665,0.565,0,10,55,1,1,30,0,30,65,high_vol_range,0.0,0,,,
2026-03-24T09:30:00+05:30,portfolio_hist,PREMIUM,SKIP,idle,22848.25,25.09,1.0,0.0,0.0,1.04,0.103,1.627,0,9,30,1,1,50,0,50,75,trending,0.0,0,,,
2026-03-24T09:35:00+05:30,portfolio_hist,PREMIUM,SKIP,idle,22819.1,25.18,1.0,0.0,0.0,1.04,0.024,1.627,0,9,35,1,1,50,0,50,75,trending,0.0,0,,,
2026-03-24T09:40:00+05:30,portfolio_hist,PREMIUM,SKIP,idle,22779.75,25.3,1.0,0.0,0.0,1.04,0.197,1.627,0,9,40,1,1,37,0,37,75,trending,0.0,0,,,
2026-03-24T09:45:00+05:30,portfolio_hist,PREMIUM,SKIP,idle,22719.05,25.47,1.0,0.0,0.0,1.04,0.463,0.505,0,9,45,1,1,35,0,35,75,high_vol_range,0.0,0,,,
2026-03-24T09:50:00+05:30,portfolio_hist,PREMIUM,SKIP,idle,22712.55,25.48,1.0,0.0,0.0,1.04,0.491,0.603,0,9,50,1,1,35,0,35,75,high_vol_range,0.0,0,,,
2026-03-24T09:55:00+05:30,portfolio_hist,PREMIUM,SKIP,idle,22755.45,25.34,1.0,0.0,0.0,1.04,0.303,0.603,0,9,55,1,1,35,0,35,75,high_vol_range,0.0,0,,,
2026-03-24T10:00:00+05:30,portfolio_hist,PREMIUM,SKIP,idle,22747.3,25.4,1.0,0.0,0.0,1.04,0.339,0.601,0,10,0,1,1,35,0,35,65,high_vol_range,0.0,0,,,
2026-03-24T10:05:00+05:30,portfolio_hist,PREMIUM,SKIP,idle,22715.0,25.54,1.0,0.0,0.0,1.041,0.48,0.517,0,10,5,1,1,35,0,35,65,high_vol_range,0.0,0,,,
2026-03-24T10:10:00+05:30,portfolio_hist,PREMIUM,SKIP,idle,22693.55,25.53,1.0,0.0,0.0,1.04,0.574,0.429,0,10,10,1,1,37,0,37,65,high_vol_range,0.0,0,,,
2026-03-24T10:15:00+05:30,portfolio_hist,PREMIUM,SKIP,idle,22711.4,25.5,1.0,0.0,0.0,1.04,0.496,0.374,0,10,15,1,1,42,0,42,65,high_vol_range,0.0,0,,,
2026-03-24T10:20:00+05:30,portfolio_hist,PREMIUM,SKIP,idle,22714.0,25.39,1.0,0.0,0.0,1.04,0.485,0.374,0,10,20,1,1,42,0,42,65,high_vol_range,0.0,0,,,
2026-03-24T10:25:00+05:30,portfolio_hist,PREMIUM,SKIP,idle,22760.0,25.4,1.0,0.0,0.0,1.04,0.283,0.374,0,10,25,1,1,49,0,49,65,high_vol_range,0.0,0,,,
2026-03-24T10:30:00+05:30,portfolio_hist,PREMIUM,SKIP,idle,22721.55,25.43,1.0,0.0,0.0,1.041,0.452,0.344,0,10,30,1,1,42,0,42,65,high_vol_range,0.0,0,,,
2026-03-24T10:35:00+05:30,portfolio_hist,PREMIUM,SKIP,idle,22660.9,25.5,1.0,0.0,0.0,1.04,0.717,0.421,0,10,35,1,1,37,0,37,65,high_vol_range,0.0,0,,,
2026-03-24T10:40:00+05:30,portfolio_hist,PREMIUM,SKIP,idle,22634.35,25.7,1.0,0.0,0.0,1.041,0.834,0.579,0,10,40,1,1,30,0,30,65,high_vol_range,0.0,0,,,
2026-03-24T10:45:00+05:30,portfolio_hist,PREMIUM,SKIP,idle,22665.9,25.59,1.0,0.0,0.0,1.041,0.696,0.579,0,10,45,1,1,30,0,30,65,high_vol_range,0.0,0,,,
2026-03-24T10:50:00+05:30,portfolio_hist,PREMIUM,SKIP,idle,22706.45,25.57,1.0,0.0,0.0,1.041,0.518,0.579,0,10,50,1,1,30,0,30,65,high_vol_range,0.0,0,,,
2026-03-24T10:55:00+05:30,portfolio_hist,PREMIUM,SKIP,idle,22672.8,25.67,1.0,0.0,0.0,1.041,0.665,0.565,0,10,55,1,1,30,0,30,65,high_vol_range,0.0,0,,,
2026-03-24T09:30:00+05:30,portfolio_hist,PREMIUM,SKIP,idle,22848.25,25.09,1.0,0.0,0.0,1.04,0.103,1.627,0,9,30,1,1,50,0,50,75,trending,0.0,0,,,
2026-03-24T09:35:00+05:30,portfolio_hist,PREMIUM,SKIP,idle,22819.1,25.18,1.0,0.0,0.0,1.04,0.024,1.627,0,9,35,1,1,50,0,50,75,trending,0.0,0,,,
2026-03-24T09:40:00+05:30,portfolio_hist,PREMIUM,SKIP,idle,22779.75,25.3,1.0,0.0,0.0,1.04,0.197,1.627,0,9,40,1,1,37,0,37,75,trending,0.0,0,,,
2026-03-24T09:45:00+05:30,portfolio_hist,PREMIUM,SKIP,idle,22719.05,25.47,1.0,0.0,0.0,1.04,0.463,0.505,0,9,45,1,1,35,0,35,75,high_vol_range,0.0,0,,,
2026-03-24T09:50:00+05:30,portfolio_hist,PREMIUM,SKIP,idle,22712.55,25.48,1.0,0.0,0.0,1.04,0.491,0.603,0,9,50,1,1,35,0,35,75,high_vol_range,0.0,0,,,
2026-03-24T09:55:00+05:30,portfolio_hist,PREMIUM,SKIP,idle,22755.45,25.34,1.0,0.0,0.0,1.04,0.303,0.603,0,9,55,1,1,35,0,35,75,high_vol_range,0.0,0,,,
2026-03-24T10:00:00+05:30,portfolio_hist,PREMIUM,SKIP,idle,22747.3,25.4,1.0,0.0,0.0,1.04,0.339,0.601,0,10,0,1,1,35,0,35,65,high_vol_range,0.0,0,,,
2026-03-24T10:05:00+05:30,portfolio_hist,PREMIUM,SKIP,idle,22715.0,25.54,1.0,0.0,0.0,1.041,0.48,0.517,0,10,5,1,1,35,0,35,65,high_vol_range,0.0,0,,,
2026-03-24T10:10:00+05:30,portfolio_hist,PREMIUM,SKIP,idle,22693.55,25.53,1.0,0.0,0.0,1.04,0.574,0.429,0,10,10,1,1,37,0,37,65,high_vol_range,0.0,0,,,
2026-03-24T10:15:00+05:30,portfolio_hist,PREMIUM,SKIP,idle,22711.4,25.5,1.0,0.0,0.0,1.04,0.496,0.374,0,10,15,1,1,42,0,42,65,high_vol_range,0.0,0,,,
2026-03-24T10:20:00+05:30,portfolio_hist,PREMIUM,SKIP,idle,22714.0,25.39,1.0,0.0,0.0,1.04,0.485,0.374,0,10,20,1,1,42,0,42,65,high_vol_range,0.0,0,,,
2026-03-24T10:25:00+05:30,portfolio_hist,PREMIUM,SKIP,idle,22760.0,25.4,1.0,0.0,0.0,1.04,0.283,0.374,0,10,25,1,1,49,0,49,65,high_vol_range,0.0,0,,,
2026-03-24T10:30:00+05:30,portfolio_hist,PREMIUM,SKIP,idle,22721.55,25.43,1.0,0.0,0.0,1.041,0.452,0.344,0,10,30,1,1,42,0,42,65,high_vol_range,0.0,0,,,
2026-03-24T10:35:00+05:30,portfolio_hist,PREMIUM,SKIP,idle,22660.9,25.5,1.0,0.0,0.0,1.04,0.717,0.421,0,10,35,1,1,37,0,37,65,high_vol_range,0.0,0,,,
2026-03-24T10:40:00+05:30,portfolio_hist,PREMIUM,SKIP,idle,22634.35,25.7,1.0,0.0,0.0,1.041,0.834,0.579,0,10,40,1,1,30,0,30,65,high_vol_range,0.0,0,,,
2026-03-24T10:45:00+05:30,portfolio_hist,PREMIUM,SKIP,idle,22665.9,25.59,1.0,0.0,0.0,1.041,0.696,0.579,0,10,45,1,1,30,0,30,65,high_vol_range,0.0,0,,,
2026-03-24T10:50:00+05:30,portfolio_hist,PREMIUM,SKIP,idle,22706.45,25.57,1.0,0.0,0.0,1.041,0.518,0.579,0,10,50,1,1,30,0,30,65,high_vol_range,0.0,0,,,
2026-03-24T10:55:00+05:30,portfolio_hist,PREMIUM,SKIP,idle,22672.8,25.67,1.0,0.0,0.0,1.041,0.665,0.565,0,10,55,1,1,30,0,30,65,high_vol_range,0.0,0,,,
2026-03-24T09:30:00+05:30,portfolio_hist,PREMIUM,SKIP,idle,22848.25,25.09,1.0,0.0,0.0,1.04,0.103,1.627,0,9,30,1,1,50,0,50,75,trending,0.0,0,,,
2026-03-24T09:35:00+05:30,portfolio_hist,PREMIUM,SKIP,idle,22819.1,25.18,1.0,0.0,0.0,1.04,0.024,1.627,0,9,35,1,1,50,0,50,75,trending,0.0,0,,,
2026-03-24T09:40:00+05:30,portfolio_hist,PREMIUM,SKIP,idle,22779.75,25.3,1.0,0.0,0.0,1.04,0.197,1.627,0,9,40,1,1,37,0,37,75,trending,0.0,0,,,
2026-03-24T09:45:00+05:30,portfolio_hist,PREMIUM,SKIP,idle,22719.05,25.47,1.0,0.0,0.0,1.04,0.463,0.505,0,9,45,1,1,35,0,35,75,high_vol_range,0.0,0,,,
2026-03-24T09:50:00+05:30,portfolio_hist,PREMIUM,SKIP,idle,22712.55,25.48,1.0,0.0,0.0,1.04,0.491,0.603,0,9,50,1,1,35,0,35,75,high_vol_range,0.0,0,,,
2026-03-24T09:55:00+05:30,portfolio_hist,PREMIUM,SKIP,idle,22755.45,25.34,1.0,0.0,0.0,1.04,0.303,0.603,0,9,55,1,1,35,0,35,75,high_vol_range,0.0,0,,,
2026-03-24T10:00:00+05:30,portfolio_hist,PREMIUM,SKIP,idle,22747.3,25.4,1.0,0.0,0.0,1.04,0.339,0.601,0,10,0,1,1,35,0,35,65,high_vol_range,0.0,0,,,
2026-03-24T10:05:00+05:30,portfolio_hist,PREMIUM,SKIP,idle,22715.0,25.54,1.0,0.0,0.0,1.041,0.48,0.517,0,10,5,1,1,35,0,35,65,high_vol_range,0.0,0,,,
2026-03-24T10:10:00+05:30,portfolio_hist,PREMIUM,SKIP,idle,22693.55,25.53,1.0,0.0,0.0,1.04,0.574,0.429,0,10,10,1,1,37,0,37,65,high_vol_range,0.0,0,,,
2026-03-24T10:15:00+05:30,portfolio_hist,PREMIUM,SKIP,idle,22711.4,25.5,1.0,0.0,0.0,1.04,0.496,0.374,0,10,15,1,1,42,0,42,65,high_vol_range,0.0,0,,,
2026-03-24T10:20:00+05:30,portfolio_hist,PREMIUM,SKIP,idle,22714.0,25.39,1.0,0.0,0.0,1.04,0.485,0.374,0,10,20,1,1,42,0,42,65,high_vol_range,0.0,0,,,
2026-03-24T10:25:00+05:30,portfolio_hist,PREMIUM,SKIP,idle,22760.0,25.4,1.0,0.0,0.0,1.04,0.283,0.374,0,10,25,1,1,49,0,49,65,high_vol_range,0.0,0,,,
2026-03-24T10:30:00+05:30,portfolio_hist,PREMIUM,SKIP,idle,22721.55,25.43,1.0,0.0,0.0,1.041,0.452,0.344,0,10,30,1,1,42,0,42,65,high_vol_range,0.0,0,,,
2026-03-24T10:35:00+05:30,portfolio_hist,PREMIUM,SKIP,idle,22660.9,25.5,1.0,0.0,0.0,1.04,0.717,0.421,0,10,35,1,1,37,0,37,65,high_vol_range,0.0,0,,,
2026-03-24T10:40:00+05:30,portfolio_hist,PREMIUM,SKIP,idle,22634.35,25.7,1.0,0.0,0.0,1.041,0.834,0.579,0,10,40,1,1,30,0,30,65,high_vol_range,0.0,0,,,
2026-03-24T10:45:00+05:30,portfolio_hist,PREMIUM,SKIP,idle,22665.9,25.59,1.0,0.0,0.0,1.041,0.696,0.579,0,10,45,1,1,30,0,30,65,high_vol_range,0.0,0,,,
2026-03-24T10:50:00+05:30,portfolio_hist,PREMIUM,SKIP,idle,22706.45,25.57,1.0,0.0,0.0,1.041,0.518,0.579,0,10,50,1,1,30,0,30,65,high_vol_range,0.0,0,,,
2026-03-24T10:55:00+05:30,portfolio_hist,PREMIUM,SKIP,idle,22672.8,25.67,1.0,0.0,0.0,1.041,0.665,0.565,0,10,55,1,1,30,0,30,65,high_vol_range,0.0,0,,,
2026-03-24T09:30:00+05:30,portfolio_hist,PREMIUM,SKIP,idle,22848.25,25.09,1.0,0.0,0.0,1.04,0.103,1.627,0,9,30,1,1,50,0,50,75,trending,0.0,0,,,
2026-03-24T09:35:00+05:30,portfolio_hist,PREMIUM,SKIP,idle,22819.1,25.18,1.0,0.0,0.0,1.04,0.024,1.627,0,9,35,1,1,50,0,50,75,trending,0.0,0,,,
2026-03-24T09:40:00+05:30,portfolio_hist,PREMIUM,SKIP,idle,22779.75,25.3,1.0,0.0,0.0,1.04,0.197,1.627,0,9,40,1,1,37,0,37,75,trending,0.0,0,,,
2026-03-24T09:45:00+05:30,portfolio_hist,PREMIUM,SKIP,idle,22719.05,25.47,1.0,0.0,0.0,1.04,0.463,0.505,0,9,45,1,1,35,0,35,75,high_vol_range,0.0,0,,,
2026-03-24T09:50:00+05:30,portfolio_hist,PREMIUM,SKIP,idle,22712.55,25.48,1.0,0.0,0.0,1.04,0.491,0.603,0,9,50,1,1,35,0,35,75,high_vol_range,0.0,0,,,
2026-03-24T09:55:00+05:30,portfolio_hist,PREMIUM,SKIP,idle,22755.45,25.34,1.0,0.0,0.0,1.04,0.303,0.603,0,9,55,1,1,35,0,35,75,high_vol_range,0.0,0,,,
2026-03-24T10:00:00+05:30,portfolio_hist,PREMIUM,SKIP,idle,22747.3,25.4,1.0,0.0,0.0,1.04,0.339,0.601,0,10,0,1,1,35,0,35,65,high_vol_range,0.0,0,,,
2026-03-24T10:05:00+05:30,portfolio_hist,PREMIUM,SKIP,idle,22715.0,25.54,1.0,0.0,0.0,1.041,0.48,0.517,0,10,5,1,1,35,0,35,65,high_vol_range,0.0,0,,,
2026-03-24T10:10:00+05:30,portfolio_hist,PREMIUM,SKIP,idle,22693.55,25.53,1.0,0.0,0.0,1.04,0.574,0.429,0,10,10,1,1,37,0,37,65,high_vol_range,0.0,0,,,
2026-03-24T10:15:00+05:30,portfolio_hist,PREMIUM,SKIP,idle,22711.4,25.5,1.0,0.0,0.0,1.04,0.496,0.374,0,10,15,1,1,42,0,42,65,high_vol_range,0.0,0,,,
2026-03-24T10:20:00+05:30,portfolio_hist,PREMIUM,SKIP,idle,22714.0,25.39,1.0,0.0,0.0,1.04,0.485,0.374,0,10,20,1,1,42,0,42,65,high_vol_range,0.0,0,,,
2026-03-24T10:25:00+05:30,portfolio_hist,PREMIUM,SKIP,idle,22760.0,25.4,1.0,0.0,0.0,1.04,0.283,0.374,0,10,25,1,1,49,0,49,65,high_vol_range,0.0,0,,,
2026-03-24T10:30:00+05:30,portfolio_hist,PREMIUM,SKIP,idle,22721.55,25.43,1.0,0.0,0.0,1.041,0.452,0.344,0,10,30,1,1,42,0,42,65,high_vol_range,0.0,0,,,
2026-03-24T10:35:00+05:30,portfolio_hist,PREMIUM,SKIP,idle,22660.9,25.5,1.0,0.0,0.0,1.04,0.717,0.421,0,10,35,1,1,37,0,37,65,high_vol_range,0.0,0,,,
2026-03-24T10:40:00+05:30,portfolio_hist,PREMIUM,SKIP,idle,22634.35,25.7,1.0,0.0,0.0,1.041,0.834,0.579,0,10,40,1,1,30,0,30,65,high_vol_range,0.0,0,,,
2026-03-24T10:45:00+05:30,portfolio_hist,PREMIUM,SKIP,idle,22665.9,25.59,1.0,0.0,0.0,1.041,0.696,0.579,0,10,45,1,1,30,0,30,65,high_vol_range,0.0,0,,,
2026-03-24T10:50:00+05:30,portfolio_hist,PREMIUM,SKIP,idle,22706.45,25.57,1.0,0.0,0.0,1.041,0.518,0.579,0,10,50,1,1,30,0,30,65,high_vol_range,0.0,0,,,
2026-03-24T10:55:00+05:30,portfolio_hist,PREMIUM,SKIP,idle,22672.8,25.67,1.0,0.0,0.0,1.041,0.665,0.565,0,10,55,1,1,30,0,30,65,high_vol_range,0.0,0,,,
2026-03-24T09:30:00+05:30,portfolio_hist,PREMIUM,SKIP,idle,22848.25,25.09,1.0,0.0,0.0,1.04,0.103,1.627,0,9,30,1,1,50,0,50,75,trending,0.0,0,,,
2026-03-24T09:35:00+05:30,portfolio_hist,PREMIUM,SKIP,idle,22819.1,25.18,1.0,0.0,0.0,1.04,0.024,1.627,0,9,35,1,1,50,0,50,75,trending,0.0,0,,,
2026-03-24T09:40:00+05:30,portfolio_hist,PREMIUM,SKIP,idle,22779.75,25.3,1.0,0.0,0.0,1.04,0.197,1.627,0,9,40,1,1,37,0,37,75,trending,0.0,0,,,
2026-03-24T09:45:00+05:30,portfolio_hist,PREMIUM,SKIP,idle,22719.05,25.47,1.0,0.0,0.0,1.04,0.463,0.505,0,9,45,1,1,35,0,35,75,high_vol_range,0.0,0,,,
2026-03-24T09:50:00+05:30,portfolio_hist,PREMIUM,SKIP,idle,22712.55,25.48,1.0,0.0,0.0,1.04,0.491,0.603,0,9,50,1,1,35,0,35,75,high_vol_range,0.0,0,,,
2026-03-24T09:55:00+05:30,portfolio_hist,PREMIUM,SKIP,idle,22755.45,25.34,1.0,0.0,0.0,1.04,0.303,0.603,0,9,55,1,1,35,0,35,75,high_vol_range,0.0,0,,,
2026-03-24T10:00:00+05:30,portfolio_hist,PREMIUM,SKIP,idle,22747.3,25.4,1.0,0.0,0.0,1.04,0.339,0.601,0,10,0,1,1,35,0,35,65,high_vol_range,0.0,0,,,
2026-03-24T10:05:00+05:30,portfolio_hist,PREMIUM,SKIP,idle,22715.0,25.54,1.0,0.0,0.0,1.041,0.48,0.517,0,10,5,1,1,35,0,35,65,high_vol_range,0.0,0,,,
2026-03-24T10:10:00+05:30,portfolio_hist,PREMIUM,SKIP,idle,22693.55,25.53,1.0,0.0,0.0,1.04,0.574,0.429,0,10,10,1,1,37,0,37,65,high_vol_range,0.0,0,,,
2026-03-24T10:15:00+05:30,portfolio_hist,PREMIUM,SKIP,idle,22711.4,25.5,1.0,0.0,0.0,1.04,0.496,0.374,0,10,15,1,1,42,0,42,65,high_vol_range,0.0,0,,,
2026-03-24T10:20:00+05:30,portfolio_hist,PREMIUM,SKIP,idle,22714.0,25.39,1.0,0.0,0.0,1.04,0.485,0.374,0,10,20,1,1,42,0,42,65,high_vol_range,0.0,0,,,
2026-03-24T10:25:00+05:30,portfolio_hist,PREMIUM,SKIP,idle,22760.0,25.4,1.0,0.0,0.0,1.04,0.283,0.374,0,10,25,1,1,49,0,49,65,high_vol_range,0.0,0,,,
2026-03-24T10:30:00+05:30,portfolio_hist,PREMIUM,SKIP,idle,22721.55,25.43,1.0,0.0,0.0,1.041,0.452,0.344,0,10,30,1,1,42,0,42,65,high_vol_range,0.0,0,,,
2026-03-24T10:35:00+05:30,portfolio_hist,PREMIUM,SKIP,idle,22660.9,25.5,1.0,0.0,0.0,1.04,0.717,0.421,0,10,35,1,1,37,0,37,65,high_vol_range,0.0,0,,,
2026-03-24T10:40:00+05:30,portfolio_hist,PREMIUM,SKIP,idle,22634.35,25.7,1.0,0.0,0.0,1.041,0.834,0.579,0,10,40,1,1,30,0,30,65,high_vol_range,0.0,0,,,
2026-03-24T10:45:00+05:30,portfolio_hist,PREMIUM,SKIP,idle,22665.9,25.59,1.0,0.0,0.0,1.041,0.696,0.579,0,10,45,1,1,30,0,30,65,high_vol_range,0.0,0,,,
2026-03-24T10:50:00+05:30,portfolio_hist,PREMIUM,SKIP,idle,22706.45,25.57,1.0,0.0,0.0,1.041,0.518,0.579,0,10,50,1,1,30,0,30,65,high_vol_range,0.0,0,,,
2026-03-24T10:55:00+05:30,portfolio_hist,PREMIUM,SKIP,idle,22672.8,25.67,1.0,0.0,0.0,1.041,0.665,0.565,0,10,55,1,1,30,0,30,65,high_vol_range,0.0,0,,,
2026-03-24T09:30:00+05:30,portfolio_hist,PREMIUM,SKIP,idle,22848.25,25.09,1.0,0.0,0.0,1.04,0.103,1.627,0,9,30,1,1,50,0,50,75,trending,0.0,0,,,
2026-03-24T09:35:00+05:30,portfolio_hist,PREMIUM,SKIP,idle,22819.1,25.18,1.0,0.0,0.0,1.04,0.024,1.627,0,9,35,1,1,50,0,50,75,trending,0.0,0,,,
2026-03-24T09:40:00+05:30,portfolio_hist,PREMIUM,SKIP,idle,22779.75,25.3,1.0,0.0,0.0,1.04,0.197,1.627,0,9,40,1,1,37,0,37,75,trending,0.0,0,,,
2026-03-24T09:45:00+05:30,portfolio_hist,PREMIUM,SKIP,idle,22719.05,25.47,1.0,0.0,0.0,1.04,0.463,0.505,0,9,45,1,1,35,0,35,75,high_vol_range,0.0,0,,,
2026-03-24T09:50:00+05:30,portfolio_hist,PREMIUM,SKIP,idle,22712.55,25.48,1.0,0.0,0.0,1.04,0.491,0.603,0,9,50,1,1,35,0,35,75,high_vol_range,0.0,0,,,
2026-03-24T09:55:00+05:30,portfolio_hist,PREMIUM,SKIP,idle,22755.45,25.34,1.0,0.0,0.0,1.04,0.303,0.603,0,9,55,1,1,35,0,35,75,high_vol_range,0.0,0,,,
2026-03-24T10:00:00+05:30,portfolio_hist,PREMIUM,SKIP,idle,22747.3,25.4,1.0,0.0,0.0,1.04,0.339,0.601,0,10,0,1,1,35,0,35,65,high_vol_range,0.0,0,,,
2026-03-24T10:05:00+05:30,portfolio_hist,PREMIUM,SKIP,idle,22715.0,25.54,1.0,0.0,0.0,1.041,0.48,0.517,0,10,5,1,1,35,0,35,65,high_vol_range,0.0,0,,,
2026-03-24T10:10:00+05:30,portfolio_hist,PREMIUM,SKIP,idle,22693.55,25.53,1.0,0.0,0.0,1.04,0.574,0.429,0,10,10,1,1,37,0,37,65,high_vol_range,0.0,0,,,
2026-03-24T10:15:00+05:30,portfolio_hist,PREMIUM,SKIP,idle,22711.4,25.5,1.0,0.0,0.0,1.04,0.496,0.374,0,10,15,1,1,42,0,42,65,high_vol_range,0.0,0,,,
2026-03-24T10:20:00+05:30,portfolio_hist,PREMIUM,SKIP,idle,22714.0,25.39,1.0,0.0,0.0,1.04,0.485,0.374,0,10,20,1,1,42,0,42,65,high_vol_range,0.0,0,,,
2026-03-24T10:25:00+05:30,portfolio_hist,PREMIUM,SKIP,idle,22760.0,25.4,1.0,0.0,0.0,1.04,0.283,0.374,0,10,25,1,1,49,0,49,65,high_vol_range,0.0,0,,,
2026-03-24T10:30:00+05:30,portfolio_hist,PREMIUM,SKIP,idle,22721.55,25.43,1.0,0.0,0.0,1.041,0.452,0.344,0,10,30,1,1,42,0,42,65,high_vol_range,0.0,0,,,
2026-03-24T10:35:00+05:30,portfolio_hist,PREMIUM,SKIP,idle,22660.9,25.5,1.0,0.0,0.0,1.04,0.717,0.421,0,10,35,1,1,37,0,37,65,high_vol_range,0.0,0,,,
2026-03-24T10:40:00+05:30,portfolio_hist,PREMIUM,SKIP,idle,22634.35,25.7,1.0,0.0,0.0,1.041,0.834,0.579,0,10,40,1,1,30,0,30,65,high_vol_range,0.0,0,,,
2026-03-24T10:45:00+05:30,portfolio_hist,PREMIUM,SKIP,idle,22665.9,25.59,1.0,0.0,0.0,1.041,0.696,0.579,0,10,45,1,1,30,0,30,65,high_vol_range,0.0,0,,,
2026-03-24T10:50:00+05:30,portfolio_hist,PREMIUM,SKIP,idle,22706.45,25.57,1.0,0.0,0.0,1.041,0.518,0.579,0,10,50,1,1,30,0,30,65,high_vol_range,0.0,0,,,
2026-03-24T10:55:00+05:30,portfolio_hist,PREMIUM,SKIP,idle,22672.8,25.67,1.0,0.0,0.0,1.041,0.665,0.565,0,10,55,1,1,30,0,30,65,high_vol_range,0.0,0,,,
2026-03-24T09:30:00+05:30,portfolio_hist,PREMIUM,SKIP,idle,22848.25,25.09,1.0,0.0,0.0,1.04,0.103,1.627,0,9,30,1,1,50,0,50,75,trending,0.0,0,,,
2026-03-24T09:35:00+05:30,portfolio_hist,PREMIUM,SKIP,idle,22819.1,25.18,1.0,0.0,0.0,1.04,0.024,1.627,0,9,35,1,1,50,0,50,75,trending,0.0,0,,,
2026-03-24T09:40:00+05:30,portfolio_hist,PREMIUM,SKIP,idle,22779.75,25.3,1.0,0.0,0.0,1.04,0.197,1.627,0,9,40,1,1,37,0,37,75,trending,0.0,0,,,
2026-03-24T09:45:00+05:30,portfolio_hist,PREMIUM,SKIP,idle,22719.05,25.47,1.0,0.0,0.0,1.04,0.463,0.505,0,9,45,1,1,35,0,35,75,high_vol_range,0.0,0,,,
2026-03-24T09:50:00+05:30,portfolio_hist,PREMIUM,SKIP,idle,22712.55,25.48,1.0,0.0,0.0,1.04,0.491,0.603,0,9,50,1,1,35,0,35,75,high_vol_range,0.0,0,,,
2026-03-24T09:55:00+05:30,portfolio_hist,PREMIUM,SKIP,idle,22755.45,25.34,1.0,0.0,0.0,1.04,0.303,0.603,0,9,55,1,1,35,0,35,75,high_vol_range,0.0,0,,,
2026-03-24T10:00:00+05:30,portfolio_hist,PREMIUM,SKIP,idle,22747.3,25.4,1.0,0.0,0.0,1.04,0.339,0.601,0,10,0,1,1,35,0,35,65,high_vol_range,0.0,0,,,
2026-03-24T10:05:00+05:30,portfolio_hist,PREMIUM,SKIP,idle,22715.0,25.54,1.0,0.0,0.0,1.041,0.48,0.517,0,10,5,1,1,35,0,35,65,high_vol_range,0.0,0,,,
2026-03-24T10:10:00+05:30,portfolio_hist,PREMIUM,SKIP,idle,22693.55,25.53,1.0,0.0,0.0,1.04,0.574,0.429,0,10,10,1,1,37,0,37,65,high_vol_range,0.0,0,,,
2026-03-24T10:15:00+05:30,portfolio_hist,PREMIUM,SKIP,idle,22711.4,25.5,1.0,0.0,0.0,1.04,0.496,0.374,0,10,15,1,1,42,0,42,65,high_vol_range,0.0,0,,,
2026-03-24T10:20:00+05:30,portfolio_hist,PREMIUM,SKIP,idle,22714.0,25.39,1.0,0.0,0.0,1.04,0.485,0.374,0,10,20,1,1,42,0,42,65,high_vol_range,0.0,0,,,
2026-03-24T10:25:00+05:30,portfolio_hist,PREMIUM,SKIP,idle,22760.0,25.4,1.0,0.0,0.0,1.04,0.283,0.374,0,10,25,1,1,49,0,49,65,high_vol_range,0.0,0,,,
2026-03-24T10:30:00+05:30,portfolio_hist,PREMIUM,SKIP,idle,22721.55,25.43,1.0,0.0,0.0,1.041,0.452,0.344,0,10,30,1,1,42,0,42,65,high_vol_range,0.0,0,,,
2026-03-24T10:35:00+05:30,portfolio_hist,PREMIUM,SKIP,idle,22660.9,25.5,1.0,0.0,0.0,1.04,0.717,0.421,0,10,35,1,1,37,0,37,65,high_vol_range,0.0,0,,,
2026-03-24T10:40:00+05:30,portfolio_hist,PREMIUM,SKIP,idle,22634.35,25.7,1.0,0.0,0.0,1.041,0.834,0.579,0,10,40,1,1,30,0,30,65,high_vol_range,0.0,0,,,
2026-03-24T10:45:00+05:30,portfolio_hist,PREMIUM,SKIP,idle,22665.9,25.59,1.0,0.0,0.0,1.041,0.696,0.579,0,10,45,1,1,30,0,30,65,high_vol_range,0.0,0,,,
2026-03-24T10:50:00+05:30,portfolio_hist,PREMIUM,SKIP,idle,22706.45,25.57,1.0,0.0,0.0,1.041,0.518,0.579,0,10,50,1,1,30,0,30,65,high_vol_range,0.0,0,,,
2026-03-24T10:55:00+05:30,portfolio_hist,PREMIUM,SKIP,idle,22672.8,25.67,1.0,0.0,0.0,1.041,0.665,0.565,0,10,55,1,1,30,0,30,65,high_vol_range,0.0,0,,,
2026-03-24T09:30:00+05:30,portfolio_hist,PREMIUM,SKIP,idle,22848.25,25.09,1.0,0.0,0.0,1.04,0.103,1.627,0,9,30,1,1,50,0,50,75,trending,0.0,0,,,
2026-03-24T09:35:00+05:30,portfolio_hist,PREMIUM,SKIP,idle,22819.1,25.18,1.0,0.0,0.0,1.04,0.024,1.627,0,9,35,1,1,50,0,50,75,trending,0.0,0,,,
2026-03-24T09:40:00+05:30,portfolio_hist,PREMIUM,SKIP,idle,22779.75,25.3,1.0,0.0,0.0,1.04,0.197,1.627,0,9,40,1,1,37,0,37,75,trending,0.0,0,,,
2026-03-24T09:45:00+05:30,portfolio_hist,PREMIUM,SKIP,idle,22719.05,25.47,1.0,0.0,0.0,1.04,0.463,0.505,0,9,45,1,1,35,0,35,75,high_vol_range,0.0,0,,,
2026-03-24T09:50:00+05:30,portfolio_hist,PREMIUM,SKIP,idle,22712.55,25.48,1.0,0.0,0.0,1.04,0.491,0.603,0,9,50,1,1,35,0,35,75,high_vol_range,0.0,0,,,
2026-03-24T09:55:00+05:30,portfolio_hist,PREMIUM,SKIP,idle,22755.45,25.34,1.0,0.0,0.0,1.04,0.303,0.603,0,9,55,1,1,35,0,35,75,high_vol_range,0.0,0,,,
2026-03-24T10:00:00+05:30,portfolio_hist,PREMIUM,SKIP,idle,22747.3,25.4,1.0,0.0,0.0,1.04,0.339,0.601,0,10,0,1,1,35,0,35,65,high_vol_range,0.0,0,,,
2026-03-24T10:05:00+05:30,portfolio_hist,PREMIUM,SKIP,idle,22715.0,25.54,1.0,0.0,0.0,1.041,0.48,0.517,0,10,5,1,1,35,0,35,65,high_vol_range,0.0,0,,,
2026-03-24T10:10:00+05:30,portfolio_hist,PREMIUM,SKIP,idle,22693.55,25.53,1.0,0.0,0.0,1.04,0.574,0.429,0,10,10,1,1,37,0,37,65,high_vol_range,0.0,0,,,
2026-03-24T10:15:00+05:30,portfolio_hist,PREMIUM,SKIP,idle,22711.4,25.5,1.0,0.0,0.0,1.04,0.496,0.374,0,10,15,1,1,42,0,42,65,high_vol_range,0.0,0,,,
2026-03-24T10:20:00+05:30,portfolio_hist,PREMIUM,SKIP,idle,22714.0,25.39,1.0,0.0,0.0,1.04,0.485,0.374,0,10,20,1,1,42,0,42,65,high_vol_range,0.0,0,,,
2026-03-24T10:25:00+05:30,portfolio_hist,PREMIUM,SKIP,idle,22760.0,25.4,1.0,0.0,0.0,1.04,0.283,0.374,0,10,25,1,1,49,0,49,65,high_vol_range,0.0,0,,,
2026-03-24T10:30:00+05:30,portfolio_hist,PREMIUM,SKIP,idle,22721.55,25.43,1.0,0.0,0.0,1.041,0.452,0.344,0,10,30,1,1,42,0,42,65,high_vol_range,0.0,0,,,
2026-03-24T10:35:00+05:30,portfolio_hist,PREMIUM,SKIP,idle,22660.9,25.5,1.0,0.0,0.0,1.04,0.717,0.421,0,10,35,1,1,37,0,37,65,high_vol_range,0.0,0,,,
2026-03-24T10:40:00+05:30,portfolio_hist,PREMIUM,SKIP,idle,22634.35,25.7,1.0,0.0,0.0,1.041,0.834,0.579,0,10,40,1,1,30,0,30,65,high_vol_range,0.0,0,,,
2026-03-24T10:45:00+05:30,portfolio_hist,PREMIUM,SKIP,idle,22665.9,25.59,1.0,0.0,0.0,1.041,0.696,0.579,0,10,45,1,1,30,0,30,65,high_vol_range,0.0,0,,,
2026-03-24T10:50:00+05:30,portfolio_hist,PREMIUM,SKIP,idle,22706.45,25.57,1.0,0.0,0.0,1.041,0.518,0.579,0,10,50,1,1,30,0,30,65,high_vol_range,0.0,0,,,
2026-03-24T10:55:00+05:30,portfolio_hist,PREMIUM,SKIP,idle,22672.8,25.67,1.0,0.0,0.0,1.041,0.665,0.565,0,10,55,1,1,30,0,30,65,high_vol_range,0.0,0,,,
2026-03-24T09:30:00+05:30,portfolio_hist,PREMIUM,SKIP,idle,22848.25,25.09,1.0,0.0,0.0,1.04,0.103,1.627,0,9,30,1,1,50,0,50,75,trending,0.0,0,,,
2026-03-24T09:35:00+05:30,portfolio_hist,PREMIUM,SKIP,idle,22819.1,25.18,1.0,0.0,0.0,1.04,0.024,1.627,0,9,35,1,1,50,0,50,75,trending,0.0,0,,,
2026-03-24T09:40:00+05:30,portfolio_hist,PREMIUM,SKIP,idle,22779.75,25.3,1.0,0.0,0.0,1.04,0.197,1.627,0,9,40,1,1,37,0,37,75,trending,0.0,0,,,
2026-03-24T09:45:00+05:30,portfolio_hist,PREMIUM,SKIP,idle,22719.05,25.47,1.0,0.0,0.0,1.04,0.463,0.505,0,9,45,1,1,35,0,35,75,high_vol_range,0.0,0,,,
2026-03-24T09:50:00+05:30,portfolio_hist,PREMIUM,SKIP,idle,22712.55,25.48,1.0,0.0,0.0,1.04,0.491,0.603,0,9,50,1,1,35,0,35,75,high_vol_range,0.0,0,,,
2026-03-24T09:55:00+05:30,portfolio_hist,PREMIUM,SKIP,idle,22755.45,25.34,1.0,0.0,0.0,1.04,0.303,0.603,0,9,55,1,1,35,0,35,75,high_vol_range,0.0,0,,,
2026-03-24T10:00:00+05:30,portfolio_hist,PREMIUM,SKIP,idle,22747.3,25.4,1.0,0.0,0.0,1.04,0.339,0.601,0,10,0,1,1,35,0,35,65,high_vol_range,0.0,0,,,
2026-03-24T10:05:00+05:30,portfolio_hist,PREMIUM,SKIP,idle,22715.0,25.54,1.0,0.0,0.0,1.041,0.48,0.517,0,10,5,1,1,35,0,35,65,high_vol_range,0.0,0,,,
2026-03-24T10:10:00+05:30,portfolio_hist,PREMIUM,SKIP,idle,22693.55,25.53,1.0,0.0,0.0,1.04,0.574,0.429,0,10,10,1,1,37,0,37,65,high_vol_range,0.0,0,,,
2026-03-24T10:15:00+05:30,portfolio_hist,PREMIUM,SKIP,idle,22711.4,25.5,1.0,0.0,0.0,1.04,0.496,0.374,0,10,15,1,1,42,0,42,65,high_vol_range,0.0,0,,,
2026-03-24T10:20:00+05:30,portfolio_hist,PREMIUM,SKIP,idle,22714.0,25.39,1.0,0.0,0.0,1.04,0.485,0.374,0,10,20,1,1,42,0,42,65,high_vol_range,0.0,0,,,
2026-03-24T10:25:00+05:30,portfolio_hist,PREMIUM,SKIP,idle,22760.0,25.4,1.0,0.0,0.0,1.04,0.283,0.374,0,10,25,1,1,49,0,49,65,high_vol_range,0.0,0,,,
2026-03-24T10:30:00+05:30,portfolio_hist,PREMIUM,SKIP,idle,22721.55,25.43,1.0,0.0,0.0,1.041,0.452,0.344,0,10,30,1,1,42,0,42,65,high_vol_range,0.0,0,,,
2026-03-24T10:35:00+05:30,portfolio_hist,PREMIUM,SKIP,idle,22660.9,25.5,1.0,0.0,0.0,1.04,0.717,0.421,0,10,35,1,1,37,0,37,65,high_vol_range,0.0,0,,,
2026-03-24T10:40:00+05:30,portfolio_hist,PREMIUM,SKIP,idle,22634.35,25.7,1.0,0.0,0.0,1.041,0.834,0.579,0,10,40,1,1,30,0,30,65,high_vol_range,0.0,0,,,
2026-03-24T10:45:00+05:30,portfolio_hist,PREMIUM,SKIP,idle,22665.9,25.59,1.0,0.0,0.0,1.041,0.696,0.579,0,10,45,1,1,30,0,30,65,high_vol_range,0.0,0,,,
2026-03-24T10:50:00+05:30,portfolio_hist,PREMIUM,SKIP,idle,22706.45,25.57,1.0,0.0,0.0,1.041,0.518,0.579,0,10,50,1,1,30,0,30,65,high_vol_range,0.0,0,,,
2026-03-24T10:55:00+05:30,portfolio_hist,PREMIUM,SKIP,idle,22672.8,25.67,1.0,0.0,0.0,1.041,0.665,0.565,0,10,55,1,1,30,0,30,65,high_vol_range,0.0,0,,,
2026-03-24T09:30:00+05:30,portfolio_hist,PREMIUM,SKIP,idle,22848.25,25.09,1.0,0.0,0.0,1.04,0.103,1.627,0,9,30,1,1,50,0,50,75,trending,0.0,0,,,
2026-03-24T09:35:00+05:30,portfolio_hist,PREMIUM,SKIP,idle,22819.1,25.18,1.0,0.0,0.0,1.04,0.024,1.627,0,9,35,1,1,50,0,50,75,trending,0.0,0,,,
2026-03-24T09:40:00+05:30,portfolio_hist,PREMIUM,SKIP,idle,22779.75,25.3,1.0,0.0,0.0,1.04,0.197,1.627,0,9,40,1,1,37,0,37,75,trending,0.0,0,,,
2026-03-24T09:45:00+05:30,portfolio_hist,PREMIUM,SKIP,idle,22719.05,25.47,1.0,0.0,0.0,1.04,0.463,0.505,0,9,45,1,1,35,0,35,75,high_vol_range,0.0,0,,,
2026-03-24T09:50:00+05:30,portfolio_hist,PREMIUM,SKIP,idle,22712.55,25.48,1.0,0.0,0.0,1.04,0.491,0.603,0,9,50,1,1,35,0,35,75,high_vol_range,0.0,0,,,
2026-03-24T09:55:00+05:30,portfolio_hist,PREMIUM,SKIP,idle,22755.45,25.34,1.0,0.0,0.0,1.04,0.303,0.603,0,9,55,1,1,35,0,35,75,high_vol_range,0.0,0,,,
2026-03-24T10:00:00+05:30,portfolio_hist,PREMIUM,SKIP,idle,22747.3,25.4,1.0,0.0,0.0,1.04,0.339,0.601,0,10,0,1,1,35,0,35,65,high_vol_range,0.0,0,,,
2026-03-24T10:05:00+05:30,portfolio_hist,PREMIUM,SKIP,idle,22715.0,25.54,1.0,0.0,0.0,1.041,0.48,0.517,0,10,5,1,1,35,0,35,65,high_vol_range,0.0,0,,,
2026-03-24T10:10:00+05:30,portfolio_hist,PREMIUM,SKIP,idle,22693.55,25.53,1.0,0.0,0.0,1.04,0.574,0.429,0,10,10,1,1,37,0,37,65,high_vol_range,0.0,0,,,
2026-03-24T10:15:00+05:30,portfolio_hist,PREMIUM,SKIP,idle,22711.4,25.5,1.0,0.0,0.0,1.04,0.496,0.374,0,10,15,1,1,42,0,42,65,high_vol_range,0.0,0,,,
2026-03-24T10:20:00+05:30,portfolio_hist,PREMIUM,SKIP,idle,22714.0,25.39,1.0,0.0,0.0,1.04,0.485,0.374,0,10,20,1,1,42,0,42,65,high_vol_range,0.0,0,,,
2026-03-24T10:25:00+05:30,portfolio_hist,PREMIUM,SKIP,idle,22760.0,25.4,1.0,0.0,0.0,1.04,0.283,0.374,0,10,25,1,1,49,0,49,65,high_vol_range,0.0,0,,,
2026-03-24T10:30:00+05:30,portfolio_hist,PREMIUM,SKIP,idle,22721.55,25.43,1.0,0.0,0.0,1.041,0.452,0.344,0,10,30,1,1,42,0,42,65,high_vol_range,0.0,0,,,
2026-03-24T10:35:00+05:30,portfolio_hist,PREMIUM,SKIP,idle,22660.9,25.5,1.0,0.0,0.0,1.04,0.717,0.421,0,10,35,1,1,37,0,37,65,high_vol_range,0.0,0,,,
2026-03-24T10:40:00+05:30,portfolio_hist,PREMIUM,SKIP,idle,22634.35,25.7,1.0,0.0,0.0,1.041,0.834,0.579,0,10,40,1,1,30,0,30,65,high_vol_range,0.0,0,,,
2026-03-24T10:45:00+05:30,portfolio_hist,PREMIUM,SKIP,idle,22665.9,25.59,1.0,0.0,0.0,1.041,0.696,0.579,0,10,45,1,1,30,0,30,65,high_vol_range,0.0,0,,,
2026-03-24T10:50:00+05:30,portfolio_hist,PREMIUM,SKIP,idle,22706.45,25.57,1.0,0.0,0.0,1.041,0.518,0.579,0,10,50,1,1,30,0,30,65,high_vol_range,0.0,0,,,
2026-03-24T10:55:00+05:30,portfolio_hist,PREMIUM,SKIP,idle,22672.8,25.67,1.0,0.0,0.0,1.041,0.665,0.565,0,10,55,1,1,30,0,30,65,high_vol_range,0.0,0,,,
2026-03-24T09:30:00+05:30,portfolio_hist,PREMIUM,SKIP,idle,22848.25,25.09,1.0,0.0,0.0,1.04,0.103,1.627,0,9,30,1,1,50,0,50,75,trending,0.0,0,,,
2026-03-24T09:35:00+05:30,portfolio_hist,PREMIUM,SKIP,idle,22819.1,25.18,1.0,0.0,0.0,1.04,0.024,1.627,0,9,35,1,1,50,0,50,75,trending,0.0,0,,,
2026-03-24T09:40:00+05:30,portfolio_hist,PREMIUM,SKIP,idle,22779.75,25.3,1.0,0.0,0.0,1.04,0.197,1.627,0,9,40,1,1,37,0,37,75,trending,0.0,0,,,
2026-03-24T09:45:00+05:30,portfolio_hist,PREMIUM,SKIP,idle,22719.05,25.47,1.0,0.0,0.0,1.04,0.463,0.505,0,9,45,1,1,35,0,35,75,high_vol_range,0.0,0,,,
2026-03-24T09:50:00+05:30,portfolio_hist,PREMIUM,SKIP,idle,22712.55,25.48,1.0,0.0,0.0,1.04,0.491,0.603,0,9,50,1,1,35,0,35,75,high_vol_range,0.0,0,,,
2026-03-24T09:55:00+05:30,portfolio_hist,PREMIUM,SKIP,idle,22755.45,25.34,1.0,0.0,0.0,1.04,0.303,0.603,0,9,55,1,1,35,0,35,75,high_vol_range,0.0,0,,,
2026-03-24T10:00:00+05:30,portfolio_hist,PREMIUM,SKIP,idle,22747.3,25.4,1.0,0.0,0.0,1.04,0.339,0.601,0,10,0,1,1,35,0,35,65,high_vol_range,0.0,0,,,
2026-03-24T10:05:00+05:30,portfolio_hist,PREMIUM,SKIP,idle,22715.0,25.54,1.0,0.0,0.0,1.041,0.48,0.517,0,10,5,1,1,35,0,35,65,high_vol_range,0.0,0,,,
2026-03-24T10:10:00+05:30,portfolio_hist,PREMIUM,SKIP,idle,22693.55,25.53,1.0,0.0,0.0,1.04,0.574,0.429,0,10,10,1,1,37,0,37,65,high_vol_range,0.0,0,,,
2026-03-24T10:15:00+05:30,portfolio_hist,PREMIUM,SKIP,idle,22711.4,25.5,1.0,0.0,0.0,1.04,0.496,0.374,0,10,15,1,1,42,0,42,65,high_vol_range,0.0,0,,,
2026-03-24T10:20:00+05:30,portfolio_hist,PREMIUM,SKIP,idle,22714.0,25.39,1.0,0.0,0.0,1.04,0.485,0.374,0,10,20,1,1,42,0,42,65,high_vol_range,0.0,0,,,
2026-03-24T10:25:00+05:30,portfolio_hist,PREMIUM,SKIP,idle,22760.0,25.4,1.0,0.0,0.0,1.04,0.283,0.374,0,10,25,1,1,49,0,49,65,high_vol_range,0.0,0,,,
2026-03-24T10:30:00+05:30,portfolio_hist,PREMIUM,SKIP,idle,22721.55,25.43,1.0,0.0,0.0,1.041,0.452,0.344,0,10,30,1,1,42,0,42,65,high_vol_range,0.0,0,,,
2026-03-24T10:35:00+05:30,portfolio_hist,PREMIUM,SKIP,idle,22660.9,25.5,1.0,0.0,0.0,1.04,0.717,0.421,0,10,35,1,1,37,0,37,65,high_vol_range,0.0,0,,,
2026-03-24T10:40:00+05:30,portfolio_hist,PREMIUM,SKIP,idle,22634.35,25.7,1.0,0.0,0.0,1.041,0.834,0.579,0,10,40,1,1,30,0,30,65,high_vol_range,0.0,0,,,
2026-03-24T10:45:00+05:30,portfolio_hist,PREMIUM,SKIP,idle,22665.9,25.59,1.0,0.0,0.0,1.041,0.696,0.579,0,10,45,1,1,30,0,30,65,high_vol_range,0.0,0,,,
2026-03-24T10:50:00+05:30,portfolio_hist,PREMIUM,SKIP,idle,22706.45,25.57,1.0,0.0,0.0,1.041,0.518,0.579,0,10,50,1,1,30,0,30,65,high_vol_range,0.0,0,,,
2026-03-24T10:55:00+05:30,portfolio_hist,PREMIUM,SKIP,idle,22672.8,25.67,1.0,0.0,0.0,1.041,0.665,0.565,0,10,55,1,1,30,0,30,65,high_vol_range,0.0,0,,,
2026-03-24T09:30:00+05:30,portfolio_hist,PREMIUM,SKIP,idle,22848.25,25.09,1.0,0.0,0.0,1.04,0.103,1.627,0,9,30,1,1,50,0,50,75,trending,0.0,0,,,
2026-03-24T09:35:00+05:30,portfolio_hist,PREMIUM,SKIP,idle,22819.1,25.18,1.0,0.0,0.0,1.04,0.024,1.627,0,9,35,1,1,50,0,50,75,trending,0.0,0,,,
2026-03-24T09:40:00+05:30,portfolio_hist,PREMIUM,SKIP,idle,22779.75,25.3,1.0,0.0,0.0,1.04,0.197,1.627,0,9,40,1,1,37,0,37,75,trending,0.0,0,,,
2026-03-24T09:45:00+05:30,portfolio_hist,PREMIUM,SKIP,idle,22719.05,25.47,1.0,0.0,0.0,1.04,0.463,0.505,0,9,45,1,1,35,0,35,75,high_vol_range,0.0,0,,,
2026-03-24T09:50:00+05:30,portfolio_hist,PREMIUM,SKIP,idle,22712.55,25.48,1.0,0.0,0.0,1.04,0.491,0.603,0,9,50,1,1,35,0,35,75,high_vol_range,0.0,0,,,
2026-03-24T09:55:00+05:30,portfolio_hist,PREMIUM,SKIP,idle,22755.45,25.34,1.0,0.0,0.0,1.04,0.303,0.603,0,9,55,1,1,35,0,35,75,high_vol_range,0.0,0,,,
2026-03-24T10:00:00+05:30,portfolio_hist,PREMIUM,SKIP,idle,22747.3,25.4,1.0,0.0,0.0,1.04,0.339,0.601,0,10,0,1,1,35,0,35,65,high_vol_range,0.0,0,,,
2026-03-24T10:05:00+05:30,portfolio_hist,PREMIUM,SKIP,idle,22715.0,25.54,1.0,0.0,0.0,1.041,0.48,0.517,0,10,5,1,1,35,0,35,65,high_vol_range,0.0,0,,,
2026-03-24T10:10:00+05:30,portfolio_hist,PREMIUM,SKIP,idle,22693.55,25.53,1.0,0.0,0.0,1.04,0.574,0.429,0,10,10,1,1,37,0,37,65,high_vol_range,0.0,0,,,
2026-03-24T10:15:00+05:30,portfolio_hist,PREMIUM,SKIP,idle,22711.4,25.5,1.0,0.0,0.0,1.04,0.496,0.374,0,10,15,1,1,42,0,42,65,high_vol_range,0.0,0,,,
2026-03-24T10:20:00+05:30,portfolio_hist,PREMIUM,SKIP,idle,22714.0,25.39,1.0,0.0,0.0,1.04,0.485,0.374,0,10,20,1,1,42,0,42,65,high_vol_range,0.0,0,,,
2026-03-24T10:25:00+05:30,portfolio_hist,PREMIUM,SKIP,idle,22760.0,25.4,1.0,0.0,0.0,1.04,0.283,0.374,0,10,25,1,1,49,0,49,65,high_vol_range,0.0,0,,,
2026-03-24T10:30:00+05:30,portfolio_hist,PREMIUM,SKIP,idle,22721.55,25.43,1.0,0.0,0.0,1.041,0.452,0.344,0,10,30,1,1,42,0,42,65,high_vol_range,0.0,0,,,
2026-03-24T10:35:00+05:30,portfolio_hist,PREMIUM,SKIP,idle,22660.9,25.5,1.0,0.0,0.0,1.04,0.717,0.421,0,10,35,1,1,37,0,37,65,high_vol_range,0.0,0,,,
2026-03-24T10:40:00+05:30,portfolio_hist,PREMIUM,SKIP,idle,22634.35,25.7,1.0,0.0,0.0,1.041,0.834,0.579,0,10,40,1,1,30,0,30,65,high_vol_range,0.0,0,,,
2026-03-24T10:45:00+05:30,portfolio_hist,PREMIUM,SKIP,idle,22665.9,25.59,1.0,0.0,0.0,1.041,0.696,0.579,0,10,45,1,1,30,0,30,65,high_vol_range,0.0,0,,,
2026-03-24T10:50:00+05:30,portfolio_hist,PREMIUM,SKIP,idle,22706.45,25.57,1.0,0.0,0.0,1.041,0.518,0.579,0,10,50,1,1,30,0,30,65,high_vol_range,0.0,0,,,
2026-03-24T10:55:00+05:30,portfolio_hist,PREMIUM,SKIP,idle,22672.8,25.67,1.0,0.0,0.0,1.041,0.665,0.565,0,10,55,1,1,30,0,30,65,high_vol_range,0.0,0,,,
2026-03-24T09:30:00+05:30,portfolio_hist,PREMIUM,SKIP,idle,22848.25,25.09,1.0,0.0,0.0,1.04,0.103,1.627,0,9,30,1,1,50,0,50,75,trending,0.0,0,,,
2026-03-24T09:35:00+05:30,portfolio_hist,PREMIUM,SKIP,idle,22819.1,25.18,1.0,0.0,0.0,1.04,0.024,1.627,0,9,35,1,1,50,0,50,75,trending,0.0,0,,,
2026-03-24T09:40:00+05:30,portfolio_hist,PREMIUM,SKIP,idle,22779.75,25.3,1.0,0.0,0.0,1.04,0.197,1.627,0,9,40,1,1,37,0,37,75,trending,0.0,0,,,
2026-03-24T09:45:00+05:30,portfolio_hist,PREMIUM,SKIP,idle,22719.05,25.47,1.0,0.0,0.0,1.04,0.463,0.505,0,9,45,1,1,35,0,35,75,high_vol_range,0.0,0,,,
2026-03-24T09:50:00+05:30,portfolio_hist,PREMIUM,SKIP,idle,22712.55,25.48,1.0,0.0,0.0,1.04,0.491,0.603,0,9,50,1,1,35,0,35,75,high_vol_range,0.0,0,,,
2026-03-24T09:55:00+05:30,portfolio_hist,PREMIUM,SKIP,idle,22755.45,25.34,1.0,0.0,0.0,1.04,0.303,0.603,0,9,55,1,1,35,0,35,75,high_vol_range,0.0,0,,,
2026-03-24T10:00:00+05:30,portfolio_hist,PREMIUM,SKIP,idle,22747.3,25.4,1.0,0.0,0.0,1.04,0.339,0.601,0,10,0,1,1,35,0,35,65,high_vol_range,0.0,0,,,
2026-03-24T10:05:00+05:30,portfolio_hist,PREMIUM,SKIP,idle,22715.0,25.54,1.0,0.0,0.0,1.041,0.48,0.517,0,10,5,1,1,35,0,35,65,high_vol_range,0.0,0,,,
2026-03-24T10:10:00+05:30,portfolio_hist,PREMIUM,SKIP,idle,22693.55,25.53,1.0,0.0,0.0,1.04,0.574,0.429,0,10,10,1,1,37,0,37,65,high_vol_range,0.0,0,,,
2026-03-24T10:15:00+05:30,portfolio_hist,PREMIUM,SKIP,idle,22711.4,25.5,1.0,0.0,0.0,1.04,0.496,0.374,0,10,15,1,1,42,0,42,65,high_vol_range,0.0,0,,,
2026-03-24T10:20:00+05:30,portfolio_hist,PREMIUM,SKIP,idle,22714.0,25.39,1.0,0.0,0.0,1.04,0.485,0.374,0,10,20,1,1,42,0,42,65,high_vol_range,0.0,0,,,
2026-03-24T10:25:00+05:30,portfolio_hist,PREMIUM,SKIP,idle,22760.0,25.4,1.0,0.0,0.0,1.04,0.283,0.374,0,10,25,1,1,49,0,49,65,high_vol_range,0.0,0,,,
2026-03-24T10:30:00+05:30,portfolio_hist,PREMIUM,SKIP,idle,22721.55,25.43,1.0,0.0,0.0,1.041,0.452,0.344,0,10,30,1,1,42,0,42,65,high_vol_range,0.0,0,,,
2026-03-24T10:35:00+05:30,portfolio_hist,PREMIUM,SKIP,idle,22660.9,25.5,1.0,0.0,0.0,1.04,0.717,0.421,0,10,35,1,1,37,0,37,65,high_vol_range,0.0,0,,,
2026-03-24T10:40:00+05:30,portfolio_hist,PREMIUM,SKIP,idle,22634.35,25.7,1.0,0.0,0.0,1.041,0.834,0.579,0,10,40,1,1,30,0,30,65,high_vol_range,0.0,0,,,
2026-03-24T10:45:00+05:30,portfolio_hist,PREMIUM,SKIP,idle,22665.9,25.59,1.0,0.0,0.0,1.041,0.696,0.579,0,10,45,1,1,30,0,30,65,high_vol_range,0.0,0,,,
2026-03-24T10:50:00+05:30,portfolio_hist,PREMIUM,SKIP,idle,22706.45,25.57,1.0,0.0,0.0,1.041,0.518,0.579,0,10,50,1,1,30,0,30,65,high_vol_range,0.0,0,,,
2026-03-24T10:55:00+05:30,portfolio_hist,PREMIUM,SKIP,idle,22672.8,25.67,1.0,0.0,0.0,1.041,0.665,0.565,0,10,55,1,1,30,0,30,65,high_vol_range,0.0,0,,,
2026-03-24T09:30:00+05:30,portfolio_hist,PREMIUM,SKIP,idle,22848.25,25.09,1.0,0.0,0.0,1.04,0.103,1.627,0,9,30,1,1,50,0,50,75,trending,0.0,0,,,
2026-03-24T09:35:00+05:30,portfolio_hist,PREMIUM,SKIP,idle,22819.1,25.18,1.0,0.0,0.0,1.04,0.024,1.627,0,9,35,1,1,50,0,50,75,trending,0.0,0,,,
2026-03-24T09:40:00+05:30,portfolio_hist,PREMIUM,SKIP,idle,22779.75,25.3,1.0,0.0,0.0,1.04,0.197,1.627,0,9,40,1,1,37,0,37,75,trending,0.0,0,,,
2026-03-24T09:45:00+05:30,portfolio_hist,PREMIUM,SKIP,idle,22719.05,25.47,1.0,0.0,0.0,1.04,0.463,0.505,0,9,45,1,1,35,0,35,75,high_vol_range,0.0,0,,,
2026-03-24T09:50:00+05:30,portfolio_hist,PREMIUM,SKIP,idle,22712.55,25.48,1.0,0.0,0.0,1.04,0.491,0.603,0,9,50,1,1,35,0,35,75,high_vol_range,0.0,0,,,
2026-03-24T09:55:00+05:30,portfolio_hist,PREMIUM,SKIP,idle,22755.45,25.34,1.0,0.0,0.0,1.04,0.303,0.603,0,9,55,1,1,35,0,35,75,high_vol_range,0.0,0,,,
2026-03-24T10:00:00+05:30,portfolio_hist,PREMIUM,SKIP,idle,22747.3,25.4,1.0,0.0,0.0,1.04,0.339,0.601,0,10,0,1,1,35,0,35,65,high_vol_range,0.0,0,,,
2026-03-24T10:05:00+05:30,portfolio_hist,PREMIUM,SKIP,idle,22715.0,25.54,1.0,0.0,0.0,1.041,0.48,0.517,0,10,5,1,1,35,0,35,65,high_vol_range,0.0,0,,,
2026-03-24T10:10:00+05:30,portfolio_hist,PREMIUM,SKIP,idle,22693.55,25.53,1.0,0.0,0.0,1.04,0.574,0.429,0,10,10,1,1,37,0,37,65,high_vol_range,0.0,0,,,
2026-03-24T10:15:00+05:30,portfolio_hist,PREMIUM,SKIP,idle,22711.4,25.5,1.0,0.0,0.0,1.04,0.496,0.374,0,10,15,1,1,42,0,42,65,high_vol_range,0.0,0,,,
2026-03-24T10:20:00+05:30,portfolio_hist,PREMIUM,SKIP,idle,22714.0,25.39,1.0,0.0,0.0,1.04,0.485,0.374,0,10,20,1,1,42,0,42,65,high_vol_range,0.0,0,,,
2026-03-24T10:25:00+05:30,portfolio_hist,PREMIUM,SKIP,idle,22760.0,25.4,1.0,0.0,0.0,1.04,0.283,0.374,0,10,25,1,1,49,0,49,65,high_vol_range,0.0,0,,,
2026-03-24T10:30:00+05:30,portfolio_hist,PREMIUM,SKIP,idle,22721.55,25.43,1.0,0.0,0.0,1.041,0.452,0.344,0,10,30,1,1,42,0,42,65,high_vol_range,0.0,0,,,
2026-03-24T10:35:00+05:30,portfolio_hist,PREMIUM,SKIP,idle,22660.9,25.5,1.0,0.0,0.0,1.04,0.717,0.421,0,10,35,1,1,37,0,37,65,high_vol_range,0.0,0,,,
2026-03-24T10:40:00+05:30,portfolio_hist,PREMIUM,SKIP,idle,22634.35,25.7,1.0,0.0,0.0,1.041,0.834,0.579,0,10,40,1,1,30,0,30,65,high_vol_range,0.0,0,,,
2026-03-24T10:45:00+05:30,portfolio_hist,PREMIUM,SKIP,idle,22665.9,25.59,1.0,0.0,0.0,1.041,0.696,0.579,0,10,45,1,1,30,0,30,65,high_vol_range,0.0,0,,,
2026-03-24T10:50:00+05:30,portfolio_hist,PREMIUM,SKIP,idle,22706.45,25.57,1.0,0.0,0.0,1.041,0.518,0.579,0,10,50,1,1,30,0,30,65,high_vol_range,0.0,0,,,
2026-03-24T10:55:00+05:30,portfolio_hist,PREMIUM,SKIP,idle,22672.8,25.67,1.0,0.0,0.0,1.041,0.665,0.565,0,10,55,1,1,30,0,30,65,high_vol_range,0.0,0,,,
2026-03-24T09:30:00+05:30,portfolio_hist,PREMIUM,SKIP,idle,22848.25,25.09,1.0,0.0,0.0,1.04,0.103,1.627,0,9,30,1,1,50,0,50,75,trending,0.0,0,,,
2026-03-24T09:35:00+05:30,portfolio_hist,PREMIUM,SKIP,idle,22819.1,25.18,1.0,0.0,0.0,1.04,0.024,1.627,0,9,35,1,1,50,0,50,75,trending,0.0,0,,,
2026-03-24T09:40:00+05:30,portfolio_hist,PREMIUM,SKIP,idle,22779.75,25.3,1.0,0.0,0.0,1.04,0.197,1.627,0,9,40,1,1,37,0,37,75,trending,0.0,0,,,
2026-03-24T09:45:00+05:30,portfolio_hist,PREMIUM,SKIP,idle,22719.05,25.47,1.0,0.0,0.0,1.04,0.463,0.505,0,9,45,1,1,35,0,35,75,high_vol_range,0.0,0,,,
2026-03-24T09:50:00+05:30,portfolio_hist,PREMIUM,SKIP,idle,22712.55,25.48,1.0,0.0,0.0,1.04,0.491,0.603,0,9,50,1,1,35,0,35,75,high_vol_range,0.0,0,,,
2026-03-24T09:55:00+05:30,portfolio_hist,PREMIUM,SKIP,idle,22755.45,25.34,1.0,0.0,0.0,1.04,0.303,0.603,0,9,55,1,1,35,0,35,75,high_vol_range,0.0,0,,,
2026-03-24T10:00:00+05:30,portfolio_hist,PREMIUM,SKIP,idle,22747.3,25.4,1.0,0.0,0.0,1.04,0.339,0.601,0,10,0,1,1,35,0,35,65,high_vol_range,0.0,0,,,
2026-03-24T10:05:00+05:30,portfolio_hist,PREMIUM,SKIP,idle,22715.0,25.54,1.0,0.0,0.0,1.041,0.48,0.517,0,10,5,1,1,35,0,35,65,high_vol_range,0.0,0,,,
2026-03-24T10:10:00+05:30,portfolio_hist,PREMIUM,SKIP,idle,22693.55,25.53,1.0,0.0,0.0,1.04,0.574,0.429,0,10,10,1,1,37,0,37,65,high_vol_range,0.0,0,,,
2026-03-24T10:15:00+05:30,portfolio_hist,PREMIUM,SKIP,idle,22711.4,25.5,1.0,0.0,0.0,1.04,0.496,0.374,0,10,15,1,1,42,0,42,65,high_vol_range,0.0,0,,,
2026-03-24T10:20:00+05:30,portfolio_hist,PREMIUM,SKIP,idle,22714.0,25.39,1.0,0.0,0.0,1.04,0.485,0.374,0,10,20,1,1,42,0,42,65,high_vol_range,0.0,0,,,
2026-03-24T10:25:00+05:30,portfolio_hist,PREMIUM,SKIP,idle,22760.0,25.4,1.0,0.0,0.0,1.04,0.283,0.374,0,10,25,1,1,49,0,49,65,high_vol_range,0.0,0,,,
2026-03-24T10:30:00+05:30,portfolio_hist,PREMIUM,SKIP,idle,22721.55,25.43,1.0,0.0,0.0,1.041,0.452,0.344,0,10,30,1,1,42,0,42,65,high_vol_range,0.0,0,,,
2026-03-24T10:35:00+05:30,portfolio_hist,PREMIUM,SKIP,idle,22660.9,25.5,1.0,0.0,0.0,1.04,0.717,0.421,0,10,35,1,1,37,0,37,65,high_vol_range,0.0,0,,,
2026-03-24T10:40:00+05:30,portfolio_hist,PREMIUM,SKIP,idle,22634.35,25.7,1.0,0.0,0.0,1.041,0.834,0.579,0,10,40,1,1,30,0,30,65,high_vol_range,0.0,0,,,
2026-03-24T10:45:00+05:30,portfolio_hist,PREMIUM,SKIP,idle,22665.9,25.59,1.0,0.0,0.0,1.041,0.696,0.579,0,10,45,1,1,30,0,30,65,high_vol_range,0.0,0,,,
2026-03-24T10:50:00+05:30,portfolio_hist,PREMIUM,SKIP,idle,22706.45,25.57,1.0,0.0,0.0,1.041,0.518,0.579,0,10,50,1,1,30,0,30,65,high_vol_range,0.0,0,,,
2026-03-24T10:55:00+05:30,portfolio_hist,PREMIUM,SKIP,idle,22672.8,25.67,1.0,0.0,0.0,1.041,0.665,0.565,0,10,55,1,1,30,0,30,65,high_vol_range,0.0,0,,,
2026-03-24T09:30:00+05:30,portfolio_hist,PREMIUM,SKIP,idle,22848.25,25.09,1.0,0.0,0.0,1.04,0.103,1.627,0,9,30,1,1,50,0,50,75,trending,0.0,0,,,
2026-03-24T09:35:00+05:30,portfolio_hist,PREMIUM,SKIP,idle,22819.1,25.18,1.0,0.0,0.0,1.04,0.024,1.627,0,9,35,1,1,50,0,50,75,trending,0.0,0,,,
2026-03-24T09:40:00+05:30,portfolio_hist,PREMIUM,SKIP,idle,22779.75,25.3,1.0,0.0,0.0,1.04,0.197,1.627,0,9,40,1,1,37,0,37,75,trending,0.0,0,,,
2026-03-24T09:45:00+05:30,portfolio_hist,PREMIUM,SKIP,idle,22719.05,25.47,1.0,0.0,0.0,1.04,0.463,0.505,0,9,45,1,1,35,0,35,75,high_vol_range,0.0,0,,,
2026-03-24T09:50:00+05:30,portfolio_hist,PREMIUM,SKIP,idle,22712.55,25.48,1.0,0.0,0.0,1.04,0.491,0.603,0,9,50,1,1,35,0,35,75,high_vol_range,0.0,0,,,
2026-03-24T09:55:00+05:30,portfolio_hist,PREMIUM,SKIP,idle,22755.45,25.34,1.0,0.0,0.0,1.04,0.303,0.603,0,9,55,1,1,35,0,35,75,high_vol_range,0.0,0,,,
2026-03-24T10:00:00+05:30,portfolio_hist,PREMIUM,SKIP,idle,22747.3,25.4,1.0,0.0,0.0,1.04,0.339,0.601,0,10,0,1,1,35,0,35,65,high_vol_range,0.0,0,,,
2026-03-24T10:05:00+05:30,portfolio_hist,PREMIUM,SKIP,idle,22715.0,25.54,1.0,0.0,0.0,1.041,0.48,0.517,0,10,5,1,1,35,0,35,65,high_vol_range,0.0,0,,,
2026-03-24T10:10:00+05:30,portfolio_hist,PREMIUM,SKIP,idle,22693.55,25.53,1.0,0.0,0.0,1.04,0.574,0.429,0,10,10,1,1,37,0,37,65,high_vol_range,0.0,0,,,
2026-03-24T10:15:00+05:30,portfolio_hist,PREMIUM,SKIP,idle,22711.4,25.5,1.0,0.0,0.0,1.04,0.496,0.374,0,10,15,1,1,42,0,42,65,high_vol_range,0.0,0,,,
2026-03-24T10:20:00+05:30,portfolio_hist,PREMIUM,SKIP,idle,22714.0,25.39,1.0,0.0,0.0,1.04,0.485,0.374,0,10,20,1,1,42,0,42,65,high_vol_range,0.0,0,,,
2026-03-24T10:25:00+05:30,portfolio_hist,PREMIUM,SKIP,idle,22760.0,25.4,1.0,0.0,0.0,1.04,0.283,0.374,0,10,25,1,1,49,0,49,65,high_vol_range,0.0,0,,,
2026-03-24T10:30:00+05:30,portfolio_hist,PREMIUM,SKIP,idle,22721.55,25.43,1.0,0.0,0.0,1.041,0.452,0.344,0,10,30,1,1,42,0,42,65,high_vol_range,0.0,0,,,
2026-03-24T10:35:00+05:30,portfolio_hist,PREMIUM,SKIP,idle,22660.9,25.5,1.0,0.0,0.0,1.04,0.717,0.421,0,10,35,1,1,37,0,37,65,high_vol_range,0.0,0,,,
2026-03-24T10:40:00+05:30,portfolio_hist,PREMIUM,SKIP,idle,22634.35,25.7,1.0,0.0,0.0,1.041,0.834,0.579,0,10,40,1,1,30,0,30,65,high_vol_range,0.0,0,,,
2026-03-24T10:45:00+05:30,portfolio_hist,PREMIUM,SKIP,idle,22665.9,25.59,1.0,0.0,0.0,1.041,0.696,0.579,0,10,45,1,1,30,0,30,65,high_vol_range,0.0,0,,,
2026-03-24T10:50:00+05:30,portfolio_hist,PREMIUM,SKIP,idle,22706.45,25.57,1.0,0.0,0.0,1.041,0.518,0.579,0,10,50,1,1,30,0,30,65,high_vol_range,0.0,0,,,
2026-03-24T10:55:00+05:30,portfolio_hist,PREMIUM,SKIP,idle,22672.8,25.67,1.0,0.0,0.0,1.041,0.665,0.565,0,10,55,1,1,30,0,30,65,high_vol_range,0.0,0,,,
2026-03-24T09:30:00+05:30,portfolio_hist,PREMIUM,SKIP,idle,22848.25,25.09,1.0,0.0,0.0,1.04,0.103,1.627,0,9,30,1,1,50,0,50,75,trending,0.0,0,,,
2026-03-24T09:35:00+05:30,portfolio_hist,PREMIUM,SKIP,idle,22819.1,25.18,1.0,0.0,0.0,1.04,0.024,1.627,0,9,35,1,1,50,0,50,75,trending,0.0,0,,,
2026-03-24T09:40:00+05:30,portfolio_hist,PREMIUM,SKIP,idle,22779.75,25.3,1.0,0.0,0.0,1.04,0.197,1.627,0,9,40,1,1,37,0,37,75,trending,0.0,0,,,
2026-03-24T09:45:00+05:30,portfolio_hist,PREMIUM,SKIP,idle,22719.05,25.47,1.0,0.0,0.0,1.04,0.463,0.505,0,9,45,1,1,35,0,35,75,high_vol_range,0.0,0,,,
2026-03-24T09:50:00+05:30,portfolio_hist,PREMIUM,SKIP,idle,22712.55,25.48,1.0,0.0,0.0,1.04,0.491,0.603,0,9,50,1,1,35,0,35,75,high_vol_range,0.0,0,,,
2026-03-24T09:55:00+05:30,portfolio_hist,PREMIUM,SKIP,idle,22755.45,25.34,1.0,0.0,0.0,1.04,0.303,0.603,0,9,55,1,1,35,0,35,75,high_vol_range,0.0,0,,,
2026-03-24T10:00:00+05:30,portfolio_hist,PREMIUM,SKIP,idle,22747.3,25.4,1.0,0.0,0.0,1.04,0.339,0.601,0,10,0,1,1,35,0,35,65,high_vol_range,0.0,0,,,
2026-03-24T10:05:00+05:30,portfolio_hist,PREMIUM,SKIP,idle,22715.0,25.54,1.0,0.0,0.0,1.041,0.48,0.517,0,10,5,1,1,35,0,35,65,high_vol_range,0.0,0,,,
2026-03-24T10:10:00+05:30,portfolio_hist,PREMIUM,SKIP,idle,22693.55,25.53,1.0,0.0,0.0,1.04,0.574,0.429,0,10,10,1,1,37,0,37,65,high_vol_range,0.0,0,,,
2026-03-24T10:15:00+05:30,portfolio_hist,PREMIUM,SKIP,idle,22711.4,25.5,1.0,0.0,0.0,1.04,0.496,0.374,0,10,15,1,1,42,0,42,65,high_vol_range,0.0,0,,,
2026-03-24T10:20:00+05:30,portfolio_hist,PREMIUM,SKIP,idle,22714.0,25.39,1.0,0.0,0.0,1.04,0.485,0.374,0,10,20,1,1,42,0,42,65,high_vol_range,0.0,0,,,
2026-03-24T10:25:00+05:30,portfolio_hist,PREMIUM,SKIP,idle,22760.0,25.4,1.0,0.0,0.0,1.04,0.283,0.374,0,10,25,1,1,49,0,49,65,high_vol_range,0.0,0,,,
2026-03-24T10:30:00+05:30,portfolio_hist,PREMIUM,SKIP,idle,22721.55,25.43,1.0,0.0,0.0,1.041,0.452,0.344,0,10,30,1,1,42,0,42,65,high_vol_range,0.0,0,,,
2026-03-24T10:35:00+05:30,portfolio_hist,PREMIUM,SKIP,idle,22660.9,25.5,1.0,0.0,0.0,1.04,0.717,0.421,0,10,35,1,1,37,0,37,65,high_vol_range,0.0,0,,,
2026-03-24T10:40:00+05:30,portfolio_hist,PREMIUM,SKIP,idle,22634.35,25.7,1.0,0.0,0.0,1.041,0.834,0.579,0,10,40,1,1,30,0,30,65,high_vol_range,0.0,0,,,
2026-03-24T10:45:00+05:30,portfolio_hist,PREMIUM,SKIP,idle,22665.9,25.59,1.0,0.0,0.0,1.041,0.696,0.579,0,10,45,1,1,30,0,30,65,high_vol_range,0.0,0,,,
2026-03-24T10:50:00+05:30,portfolio_hist,PREMIUM,SKIP,idle,22706.45,25.57,1.0,0.0,0.0,1.041,0.518,0.579,0,10,50,1,1,30,0,30,65,high_vol_range,0.0,0,,,
2026-03-24T10:55:00+05:30,portfolio_hist,PREMIUM,SKIP,idle,22672.8,25.67,1.0,0.0,0.0,1.041,0.665,0.565,0,10,55,1,1,30,0,30,65,high_vol_range,0.0,0,,,
2026-03-24T09:30:00+05:30,portfolio_hist,PREMIUM,SKIP,idle,22848.25,25.09,1.0,0.0,0.0,1.04,0.103,1.627,0,9,30,1,1,50,0,50,75,trending,0.0,0,,,
2026-03-24T09:35:00+05:30,portfolio_hist,PREMIUM,SKIP,idle,22819.1,25.18,1.0,0.0,0.0,1.04,0.024,1.627,0,9,35,1,1,50,0,50,75,trending,0.0,0,,,
2026-03-24T09:40:00+05:30,portfolio_hist,PREMIUM,SKIP,idle,22779.75,25.3,1.0,0.0,0.0,1.04,0.197,1.627,0,9,40,1,1,37,0,37,75,trending,0.0,0,,,
2026-03-24T09:45:00+05:30,portfolio_hist,PREMIUM,SKIP,idle,22719.05,25.47,1.0,0.0,0.0,1.04,0.463,0.505,0,9,45,1,1,35,0,35,75,high_vol_range,0.0,0,,,
2026-03-24T09:50:00+05:30,portfolio_hist,PREMIUM,SKIP,idle,22712.55,25.48,1.0,0.0,0.0,1.04,0.491,0.603,0,9,50,1,1,35,0,35,75,high_vol_range,0.0,0,,,
2026-03-24T09:55:00+05:30,portfolio_hist,PREMIUM,SKIP,idle,22755.45,25.34,1.0,0.0,0.0,1.04,0.303,0.603,0,9,55,1,1,35,0,35,75,high_vol_range,0.0,0,,,
2026-03-24T10:00:00+05:30,portfolio_hist,PREMIUM,SKIP,idle,22747.3,25.4,1.0,0.0,0.0,1.04,0.339,0.601,0,10,0,1,1,35,0,35,65,high_vol_range,0.0,0,,,
2026-03-24T10:05:00+05:30,portfolio_hist,PREMIUM,SKIP,idle,22715.0,25.54,1.0,0.0,0.0,1.041,0.48,0.517,0,10,5,1,1,35,0,35,65,high_vol_range,0.0,0,,,
2026-03-24T10:10:00+05:30,portfolio_hist,PREMIUM,SKIP,idle,22693.55,25.53,1.0,0.0,0.0,1.04,0.574,0.429,0,10,10,1,1,37,0,37,65,high_vol_range,0.0,0,,,
2026-03-24T10:15:00+05:30,portfolio_hist,PREMIUM,SKIP,idle,22711.4,25.5,1.0,0.0,0.0,1.04,0.496,0.374,0,10,15,1,1,42,0,42,65,high_vol_range,0.0,0,,,
2026-03-24T10:20:00+05:30,portfolio_hist,PREMIUM,SKIP,idle,22714.0,25.39,1.0,0.0,0.0,1.04,0.485,0.374,0,10,20,1,1,42,0,42,65,high_vol_range,0.0,0,,,
2026-03-24T10:25:00+05:30,portfolio_hist,PREMIUM,SKIP,idle,22760.0,25.4,1.0,0.0,0.0,1.04,0.283,0.374,0,10,25,1,1,49,0,49,65,high_vol_range,0.0,0,,,
2026-03-24T10:30:00+05:30,portfolio_hist,PREMIUM,SKIP,idle,22721.55,25.43,1.0,0.0,0.0,1.041,0.452,0.344,0,10,30,1,1,42,0,42,65,high_vol_range,0.0,0,,,
2026-03-24T10:35:00+05:30,portfolio_hist,PREMIUM,SKIP,idle,22660.9,25.5,1.0,0.0,0.0,1.04,0.717,0.421,0,10,35,1,1,37,0,37,65,high_vol_range,0.0,0,,,
2026-03-24T10:40:00+05:30,portfolio_hist,PREMIUM,SKIP,idle,22634.35,25.7,1.0,0.0,0.0,1.041,0.834,0.579,0,10,40,1,1,30,0,30,65,high_vol_range,0.0,0,,,
2026-03-24T10:45:00+05:30,portfolio_hist,PREMIUM,SKIP,idle,22665.9,25.59,1.0,0.0,0.0,1.041,0.696,0.579,0,10,45,1,1,30,0,30,65,high_vol_range,0.0,0,,,
2026-03-24T10:50:00+05:30,portfolio_hist,PREMIUM,SKIP,idle,22706.45,25.57,1.0,0.0,0.0,1.041,0.518,0.579,0,10,50,1,1,30,0,30,65,high_vol_range,0.0,0,,,
2026-03-24T10:55:00+05:30,portfolio_hist,PREMIUM,SKIP,idle,22672.8,25.67,1.0,0.0,0.0,1.041,0.665,0.565,0,10,55,1,1,30,0,30,65,high_vol_range,0.0,0,,,
2026-03-24T09:30:00+05:30,portfolio_hist,PREMIUM,SKIP,idle,22848.25,25.09,1.0,0.0,0.0,1.04,0.103,1.627,0,9,30,1,1,50,0,50,75,trending,0.0,0,,,
2026-03-24T09:35:00+05:30,portfolio_hist,PREMIUM,SKIP,idle,22819.1,25.18,1.0,0.0,0.0,1.04,0.024,1.627,0,9,35,1,1,50,0,50,75,trending,0.0,0,,,
2026-03-24T09:40:00+05:30,portfolio_hist,PREMIUM,SKIP,idle,22779.75,25.3,1.0,0.0,0.0,1.04,0.197,1.627,0,9,40,1,1,37,0,37,75,trending,0.0,0,,,
2026-03-24T09:45:00+05:30,portfolio_hist,PREMIUM,SKIP,idle,22719.05,25.47,1.0,0.0,0.0,1.04,0.463,0.505,0,9,45,1,1,35,0,35,75,high_vol_range,0.0,0,,,
2026-03-24T09:50:00+05:30,portfolio_hist,PREMIUM,SKIP,idle,22712.55,25.48,1.0,0.0,0.0,1.04,0.491,0.603,0,9,50,1,1,35,0,35,75,high_vol_range,0.0,0,,,
2026-03-24T09:55:00+05:30,portfolio_hist,PREMIUM,SKIP,idle,22755.45,25.34,1.0,0.0,0.0,1.04,0.303,0.603,0,9,55,1,1,35,0,35,75,high_vol_range,0.0,0,,,
2026-03-24T10:00:00+05:30,portfolio_hist,PREMIUM,SKIP,idle,22747.3,25.4,1.0,0.0,0.0,1.04,0.339,0.601,0,10,0,1,1,35,0,35,65,high_vol_range,0.0,0,,,
2026-03-24T10:05:00+05:30,portfolio_hist,PREMIUM,SKIP,idle,22715.0,25.54,1.0,0.0,0.0,1.041,0.48,0.517,0,10,5,1,1,35,0,35,65,high_vol_range,0.0,0,,,
2026-03-24T10:10:00+05:30,portfolio_hist,PREMIUM,SKIP,idle,22693.55,25.53,1.0,0.0,0.0,1.04,0.574,0.429,0,10,10,1,1,37,0,37,65,high_vol_range,0.0,0,,,
2026-03-24T10:15:00+05:30,portfolio_hist,PREMIUM,SKIP,idle,22711.4,25.5,1.0,0.0,0.0,1.04,0.496,0.374,0,10,15,1,1,42,0,42,65,high_vol_range,0.0,0,,,
2026-03-24T10:20:00+05:30,portfolio_hist,PREMIUM,SKIP,idle,22714.0,25.39,1.0,0.0,0.0,1.04,0.485,0.374,0,10,20,1,1,42,0,42,65,high_vol_range,0.0,0,,,
2026-03-24T10:25:00+05:30,portfolio_hist,PREMIUM,SKIP,idle,22760.0,25.4,1.0,0.0,0.0,1.04,0.283,0.374,0,10,25,1,1,49,0,49,65,high_vol_range,0.0,0,,,
2026-03-24T10:30:00+05:30,portfolio_hist,PREMIUM,SKIP,idle,22721.55,25.43,1.0,0.0,0.0,1.041,0.452,0.344,0,10,30,1,1,42,0,42,65,high_vol_range,0.0,0,,,
2026-03-24T10:35:00+05:30,portfolio_hist,PREMIUM,SKIP,idle,22660.9,25.5,1.0,0.0,0.0,1.04,0.717,0.421,0,10,35,1,1,37,0,37,65,high_vol_range,0.0,0,,,
2026-03-24T10:40:00+05:30,portfolio_hist,PREMIUM,SKIP,idle,22634.35,25.7,1.0,0.0,0.0,1.041,0.834,0.579,0,10,40,1,1,30,0,30,65,high_vol_range,0.0,0,,,
2026-03-24T10:45:00+05:30,portfolio_hist,PREMIUM,SKIP,idle,22665.9,25.59,1.0,0.0,0.0,1.041,0.696,0.579,0,10,45,1,1,30,0,30,65,high_vol_range,0.0,0,,,
2026-03-24T10:50:00+05:30,portfolio_hist,PREMIUM,SKIP,idle,22706.45,25.57,1.0,0.0,0.0,1.041,0.518,0.579,0,10,50,1,1,30,0,30,65,high_vol_range,0.0,0,,,
2026-03-24T10:55:00+05:30,portfolio_hist,PREMIUM,SKIP,idle,22672.8,25.67,1.0,0.0,0.0,1.041,0.665,0.565,0,10,55,1,1,30,0,30,65,high_vol_range,0.0,0,,,
2026-03-24T09:30:00+05:30,portfolio_hist,PREMIUM,SKIP,idle,22848.25,25.09,1.0,0.0,0.0,1.04,0.103,1.627,0,9,30,1,1,50,0,50,75,trending,0.0,0,,,
2026-03-24T09:35:00+05:30,portfolio_hist,PREMIUM,SKIP,idle,22819.1,25.18,1.0,0.0,0.0,1.04,0.024,1.627,0,9,35,1,1,50,0,50,75,trending,0.0,0,,,
2026-03-24T09:40:00+05:30,portfolio_hist,PREMIUM,SKIP,idle,22779.75,25.3,1.0,0.0,0.0,1.04,0.197,1.627,0,9,40,1,1,37,0,37,75,trending,0.0,0,,,
2026-03-24T09:45:00+05:30,portfolio_hist,PREMIUM,SKIP,idle,22719.05,25.47,1.0,0.0,0.0,1.04,0.463,0.505,0,9,45,1,1,35,0,35,75,high_vol_range,0.0,0,,,
2026-03-24T09:50:00+05:30,portfolio_hist,PREMIUM,SKIP,idle,22712.55,25.48,1.0,0.0,0.0,1.04,0.491,0.603,0,9,50,1,1,35,0,35,75,high_vol_range,0.0,0,,,
2026-03-24T09:55:00+05:30,portfolio_hist,PREMIUM,SKIP,idle,22755.45,25.34,1.0,0.0,0.0,1.04,0.303,0.603,0,9,55,1,1,35,0,35,75,high_vol_range,0.0,0,,,
2026-03-24T10:00:00+05:30,portfolio_hist,PREMIUM,SKIP,idle,22747.3,25.4,1.0,0.0,0.0,1.04,0.339,0.601,0,10,0,1,1,35,0,35,65,high_vol_range,0.0,0,,,
2026-03-24T10:05:00+05:30,portfolio_hist,PREMIUM,SKIP,idle,22715.0,25.54,1.0,0.0,0.0,1.041,0.48,0.517,0,10,5,1,1,35,0,35,65,high_vol_range,0.0,0,,,
2026-03-24T10:10:00+05:30,portfolio_hist,PREMIUM,SKIP,idle,22693.55,25.53,1.0,0.0,0.0,1.04,0.574,0.429,0,10,10,1,1,37,0,37,65,high_vol_range,0.0,0,,,
2026-03-24T10:15:00+05:30,portfolio_hist,PREMIUM,SKIP,idle,22711.4,25.5,1.0,0.0,0.0,1.04,0.496,0.374,0,10,15,1,1,42,0,42,65,high_vol_range,0.0,0,,,
2026-03-24T10:20:00+05:30,portfolio_hist,PREMIUM,SKIP,idle,22714.0,25.39,1.0,0.0,0.0,1.04,0.485,0.374,0,10,20,1,1,42,0,42,65,high_vol_range,0.0,0,,,
2026-03-24T10:25:00+05:30,portfolio_hist,PREMIUM,SKIP,idle,22760.0,25.4,1.0,0.0,0.0,1.04,0.283,0.374,0,10,25,1,1,49,0,49,65,high_vol_range,0.0,0,,,
2026-03-24T10:30:00+05:30,portfolio_hist,PREMIUM,SKIP,idle,22721.55,25.43,1.0,0.0,0.0,1.041,0.452,0.344,0,10,30,1,1,42,0,42,65,high_vol_range,0.0,0,,,
2026-03-24T10:35:00+05:30,portfolio_hist,PREMIUM,SKIP,idle,22660.9,25.5,1.0,0.0,0.0,1.04,0.717,0.421,0,10,35,1,1,37,0,37,65,high_vol_range,0.0,0,,,
2026-03-24T10:40:00+05:30,portfolio_hist,PREMIUM,SKIP,idle,22634.35,25.7,1.0,0.0,0.0,1.041,0.834,0.579,0,10,40,1,1,30,0,30,65,high_vol_range,0.0,0,,,
2026-03-24T10:45:00+05:30,portfolio_hist,PREMIUM,SKIP,idle,22665.9,25.59,1.0,0.0,0.0,1.041,0.696,0.579,0,10,45,1,1,30,0,30,65,high_vol_range,0.0,0,,,
2026-03-24T10:50:00+05:30,portfolio_hist,PREMIUM,SKIP,idle,22706.45,25.57,1.0,0.0,0.0,1.041,0.518,0.579,0,10,50,1,1,30,0,30,65,high_vol_range,0.0,0,,,
2026-03-24T10:55:00+05:30,portfolio_hist,PREMIUM,SKIP,idle,22672.8,25.67,1.0,0.0,0.0,1.041,0.665,0.565,0,10,55,1,1,30,0,30,65,high_vol_range,0.0,0,,,
2026-03-24T09:30:00+05:30,portfolio_hist,PREMIUM,SKIP,idle,22848.25,25.09,1.0,0.0,0.0,1.04,0.103,1.627,0,9,30,1,1,50,0,50,75,trending,0.0,0,,,
2026-03-24T09:35:00+05:30,portfolio_hist,PREMIUM,SKIP,idle,22819.1,25.18,1.0,0.0,0.0,1.04,0.024,1.627,0,9,35,1,1,50,0,50,75,trending,0.0,0,,,
2026-03-24T09:40:00+05:30,portfolio_hist,PREMIUM,SKIP,idle,22779.75,25.3,1.0,0.0,0.0,1.04,0.197,1.627,0,9,40,1,1,37,0,37,75,trending,0.0,0,,,
2026-03-24T09:45:00+05:30,portfolio_hist,PREMIUM,SKIP,idle,22719.05,25.47,1.0,0.0,0.0,1.04,0.463,0.505,0,9,45,1,1,35,0,35,75,high_vol_range,0.0,0,,,
2026-03-24T09:50:00+05:30,portfolio_hist,PREMIUM,SKIP,idle,22712.55,25.48,1.0,0.0,0.0,1.04,0.491,0.603,0,9,50,1,1,35,0,35,75,high_vol_range,0.0,0,,,
2026-03-24T09:55:00+05:30,portfolio_hist,PREMIUM,SKIP,idle,22755.45,25.34,1.0,0.0,0.0,1.04,0.303,0.603,0,9,55,1,1,35,0,35,75,high_vol_range,0.0,0,,,
2026-03-24T10:00:00+05:30,portfolio_hist,PREMIUM,SKIP,idle,22747.3,25.4,1.0,0.0,0.0,1.04,0.339,0.601,0,10,0,1,1,35,0,35,65,high_vol_range,0.0,0,,,
2026-03-24T10:05:00+05:30,portfolio_hist,PREMIUM,SKIP,idle,22715.0,25.54,1.0,0.0,0.0,1.041,0.48,0.517,0,10,5,1,1,35,0,35,65,high_vol_range,0.0,0,,,
2026-03-24T10:10:00+05:30,portfolio_hist,PREMIUM,SKIP,idle,22693.55,25.53,1.0,0.0,0.0,1.04,0.574,0.429,0,10,10,1,1,37,0,37,65,high_vol_range,0.0,0,,,
2026-03-24T10:15:00+05:30,portfolio_hist,PREMIUM,SKIP,idle,22711.4,25.5,1.0,0.0,0.0,1.04,0.496,0.374,0,10,15,1,1,42,0,42,65,high_vol_range,0.0,0,,,
2026-03-24T10:20:00+05:30,portfolio_hist,PREMIUM,SKIP,idle,22714.0,25.39,1.0,0.0,0.0,1.04,0.485,0.374,0,10,20,1,1,42,0,42,65,high_vol_range,0.0,0,,,
2026-03-24T10:25:00+05:30,portfolio_hist,PREMIUM,SKIP,idle,22760.0,25.4,1.0,0.0,0.0,1.04,0.283,0.374,0,10,25,1,1,49,0,49,65,high_vol_range,0.0,0,,,
2026-03-24T10:30:00+05:30,portfolio_hist,PREMIUM,SKIP,idle,22721.55,25.43,1.0,0.0,0.0,1.041,0.452,0.344,0,10,30,1,1,42,0,42,65,high_vol_range,0.0,0,,,
2026-03-24T10:35:00+05:30,portfolio_hist,PREMIUM,SKIP,idle,22660.9,25.5,1.0,0.0,0.0,1.04,0.717,0.421,0,10,35,1,1,37,0,37,65,high_vol_range,0.0,0,,,
2026-03-24T10:40:00+05:30,portfolio_hist,PREMIUM,SKIP,idle,22634.35,25.7,1.0,0.0,0.0,1.041,0.834,0.579,0,10,40,1,1,30,0,30,65,high_vol_range,0.0,0,,,
2026-03-24T10:45:00+05:30,portfolio_hist,PREMIUM,SKIP,idle,22665.9,25.59,1.0,0.0,0.0,1.041,0.696,0.579,0,10,45,1,1,30,0,30,65,high_vol_range,0.0,0,,,
2026-03-24T10:50:00+05:30,portfolio_hist,PREMIUM,SKIP,idle,22706.45,25.57,1.0,0.0,0.0,1.041,0.518,0.579,0,10,50,1,1,30,0,30,65,high_vol_range,0.0,0,,,
2026-03-24T10:55:00+05:30,portfolio_hist,PREMIUM,SKIP,idle,22672.8,25.67,1.0,0.0,0.0,1.041,0.665,0.565,0,10,55,1,1,30,0,30,65,high_vol_range,0.0,0,,,
2026-03-24T09:30:00+05:30,portfolio_hist,PREMIUM,SKIP,idle,22848.25,25.09,1.0,0.0,0.0,1.04,0.103,1.627,0,9,30,1,1,50,0,50,75,trending,0.0,0,,,
2026-03-24T09:35:00+05:30,portfolio_hist,PREMIUM,SKIP,idle,22819.1,25.18,1.0,0.0,0.0,1.04,0.024,1.627,0,9,35,1,1,50,0,50,75,trending,0.0,0,,,
2026-03-24T09:40:00+05:30,portfolio_hist,PREMIUM,SKIP,idle,22779.75,25.3,1.0,0.0,0.0,1.04,0.197,1.627,0,9,40,1,1,37,0,37,75,trending,0.0,0,,,
2026-03-24T09:45:00+05:30,portfolio_hist,PREMIUM,SKIP,idle,22719.05,25.47,1.0,0.0,0.0,1.04,0.463,0.505,0,9,45,1,1,35,0,35,75,high_vol_range,0.0,0,,,
2026-03-24T09:50:00+05:30,portfolio_hist,PREMIUM,SKIP,idle,22712.55,25.48,1.0,0.0,0.0,1.04,0.491,0.603,0,9,50,1,1,35,0,35,75,high_vol_range,0.0,0,,,
2026-03-24T09:55:00+05:30,portfolio_hist,PREMIUM,SKIP,idle,22755.45,25.34,1.0,0.0,0.0,1.04,0.303,0.603,0,9,55,1,1,35,0,35,75,high_vol_range,0.0,0,,,
2026-03-24T10:00:00+05:30,portfolio_hist,PREMIUM,SKIP,idle,22747.3,25.4,1.0,0.0,0.0,1.04,0.339,0.601,0,10,0,1,1,35,0,35,65,high_vol_range,0.0,0,,,
2026-03-24T10:05:00+05:30,portfolio_hist,PREMIUM,SKIP,idle,22715.0,25.54,1.0,0.0,0.0,1.041,0.48,0.517,0,10,5,1,1,35,0,35,65,high_vol_range,0.0,0,,,
2026-03-24T10:10:00+05:30,portfolio_hist,PREMIUM,SKIP,idle,22693.55,25.53,1.0,0.0,0.0,1.04,0.574,0.429,0,10,10,1,1,37,0,37,65,high_vol_range,0.0,0,,,
2026-03-24T10:15:00+05:30,portfolio_hist,PREMIUM,SKIP,idle,22711.4,25.5,1.0,0.0,0.0,1.04,0.496,0.374,0,10,15,1,1,42,0,42,65,high_vol_range,0.0,0,,,
2026-03-24T10:20:00+05:30,portfolio_hist,PREMIUM,SKIP,idle,22714.0,25.39,1.0,0.0,0.0,1.04,0.485,0.374,0,10,20,1,1,42,0,42,65,high_vol_range,0.0,0,,,
2026-03-24T10:25:00+05:30,portfolio_hist,PREMIUM,SKIP,idle,22760.0,25.4,1.0,0.0,0.0,1.04,0.283,0.374,0,10,25,1,1,49,0,49,65,high_vol_range,0.0,0,,,
2026-03-24T10:30:00+05:30,portfolio_hist,PREMIUM,SKIP,idle,22721.55,25.43,1.0,0.0,0.0,1.041,0.452,0.344,0,10,30,1,1,42,0,42,65,high_vol_range,0.0,0,,,
2026-03-24T10:35:00+05:30,portfolio_hist,PREMIUM,SKIP,idle,22660.9,25.5,1.0,0.0,0.0,1.04,0.717,0.421,0,10,35,1,1,37,0,37,65,high_vol_range,0.0,0,,,
2026-03-24T10:40:00+05:30,portfolio_hist,PREMIUM,SKIP,idle,22634.35,25.7,1.0,0.0,0.0,1.041,0.834,0.579,0,10,40,1,1,30,0,30,65,high_vol_range,0.0,0,,,
2026-03-24T10:45:00+05:30,portfolio_hist,PREMIUM,SKIP,idle,22665.9,25.59,1.0,0.0,0.0,1.041,0.696,0.579,0,10,45,1,1,30,0,30,65,high_vol_range,0.0,0,,,
2026-03-24T10:50:00+05:30,portfolio_hist,PREMIUM,SKIP,idle,22706.45,25.57,1.0,0.0,0.0,1.041,0.518,0.579,0,10,50,1,1,30,0,30,65,high_vol_range,0.0,0,,,
2026-03-24T10:55:00+05:30,portfolio_hist,PREMIUM,SKIP,idle,22672.8,25.67,1.0,0.0,0.0,1.041,0.665,0.565,0,10,55,1,1,30,0,30,65,high_vol_range,0.0,0,,,
2026-03-24T09:30:00+05:30,portfolio_hist,PREMIUM,SKIP,idle,22848.25,25.09,1.0,0.0,0.0,1.04,0.103,1.627,0,9,30,1,1,50,0,50,75,trending,0.0,0,,,
2026-03-24T09:35:00+05:30,portfolio_hist,PREMIUM,SKIP,idle,22819.1,25.18,1.0,0.0,0.0,1.04,0.024,1.627,0,9,35,1,1,50,0,50,75,trending,0.0,0,,,
2026-03-24T09:40:00+05:30,portfolio_hist,PREMIUM,SKIP,idle,22779.75,25.3,1.0,0.0,0.0,1.04,0.197,1.627,0,9,40,1,1,37,0,37,75,trending,0.0,0,,,
2026-03-24T09:45:00+05:30,portfolio_hist,PREMIUM,SKIP,idle,22719.05,25.47,1.0,0.0,0.0,1.04,0.463,0.505,0,9,45,1,1,35,0,35,75,high_vol_range,0.0,0,,,
2026-03-24T09:50:00+05:30,portfolio_hist,PREMIUM,SKIP,idle,22712.55,25.48,1.0,0.0,0.0,1.04,0.491,0.603,0,9,50,1,1,35,0,35,75,high_vol_range,0.0,0,,,
2026-03-24T09:55:00+05:30,portfolio_hist,PREMIUM,SKIP,idle,22755.45,25.34,1.0,0.0,0.0,1.04,0.303,0.603,0,9,55,1,1,35,0,35,75,high_vol_range,0.0,0,,,
2026-03-24T10:00:00+05:30,portfolio_hist,PREMIUM,SKIP,idle,22747.3,25.4,1.0,0.0,0.0,1.04,0.339,0.601,0,10,0,1,1,35,0,35,65,high_vol_range,0.0,0,,,
2026-03-24T10:05:00+05:30,portfolio_hist,PREMIUM,SKIP,idle,22715.0,25.54,1.0,0.0,0.0,1.041,0.48,0.517,0,10,5,1,1,35,0,35,65,high_vol_range,0.0,0,,,
2026-03-24T10:10:00+05:30,portfolio_hist,PREMIUM,SKIP,idle,22693.55,25.53,1.0,0.0,0.0,1.04,0.574,0.429,0,10,10,1,1,37,0,37,65,high_vol_range,0.0,0,,,
2026-03-24T10:15:00+05:30,portfolio_hist,PREMIUM,SKIP,idle,22711.4,25.5,1.0,0.0,0.0,1.04,0.496,0.374,0,10,15,1,1,42,0,42,65,high_vol_range,0.0,0,,,
2026-03-24T10:20:00+05:30,portfolio_hist,PREMIUM,SKIP,idle,22714.0,25.39,1.0,0.0,0.0,1.04,0.485,0.374,0,10,20,1,1,42,0,42,65,high_vol_range,0.0,0,,,
2026-03-24T10:25:00+05:30,portfolio_hist,PREMIUM,SKIP,idle,22760.0,25.4,1.0,0.0,0.0,1.04,0.283,0.374,0,10,25,1,1,49,0,49,65,high_vol_range,0.0,0,,,
2026-03-24T10:30:00+05:30,portfolio_hist,PREMIUM,SKIP,idle,22721.55,25.43,1.0,0.0,0.0,1.041,0.452,0.344,0,10,30,1,1,42,0,42,65,high_vol_range,0.0,0,,,
2026-03-24T10:35:00+05:30,portfolio_hist,PREMIUM,SKIP,idle,22660.9,25.5,1.0,0.0,0.0,1.04,0.717,0.421,0,10,35,1,1,37,0,37,65,high_vol_range,0.0,0,,,
2026-03-24T10:40:00+05:30,portfolio_hist,PREMIUM,SKIP,idle,22634.35,25.7,1.0,0.0,0.0,1.041,0.834,0.579,0,10,40,1,1,30,0,30,65,high_vol_range,0.0,0,,,
2026-03-24T10:45:00+05:30,portfolio_hist,PREMIUM,SKIP,idle,22665.9,25.59,1.0,0.0,0.0,1.041,0.696,0.579,0,10,45,1,1,30,0,30,65,high_vol_range,0.0,0,,,
2026-03-24T10:50:00+05:30,portfolio_hist,PREMIUM,SKIP,idle,22706.45,25.57,1.0,0.0,0.0,1.041,0.518,0.579,0,10,50,1,1,30,0,30,65,high_vol_range,0.0,0,,,
2026-03-24T10:55:00+05:30,portfolio_hist,PREMIUM,SKIP,idle,22672.8,25.67,1.0,0.0,0.0,1.041,0.665,0.565,0,10,55,1,1,30,0,30,65,high_vol_range,0.0,0,,,
2026-03-24T09:30:00+05:30,portfolio_hist,PREMIUM,SKIP,idle,22848.25,25.09,1.0,0.0,0.0,1.04,0.103,1.627,0,9,30,1,1,50,0,50,75,trending,0.0,0,,,
2026-03-24T09:35:00+05:30,portfolio_hist,PREMIUM,SKIP,idle,22819.1,25.18,1.0,0.0,0.0,1.04,0.024,1.627,0,9,35,1,1,50,0,50,75,trending,0.0,0,,,
2026-03-24T09:40:00+05:30,portfolio_hist,PREMIUM,SKIP,idle,22779.75,25.3,1.0,0.0,0.0,1.04,0.197,1.627,0,9,40,1,1,37,0,37,75,trending,0.0,0,,,
2026-03-24T09:45:00+05:30,portfolio_hist,PREMIUM,SKIP,idle,22719.05,25.47,1.0,0.0,0.0,1.04,0.463,0.505,0,9,45,1,1,35,0,35,75,high_vol_range,0.0,0,,,
2026-03-24T09:50:00+05:30,portfolio_hist,PREMIUM,SKIP,idle,22712.55,25.48,1.0,0.0,0.0,1.04,0.491,0.603,0,9,50,1,1,35,0,35,75,high_vol_range,0.0,0,,,
2026-03-24T09:55:00+05:30,portfolio_hist,PREMIUM,SKIP,idle,22755.45,25.34,1.0,0.0,0.0,1.04,0.303,0.603,0,9,55,1,1,35,0,35,75,high_vol_range,0.0,0,,,
2026-03-24T10:00:00+05:30,portfolio_hist,PREMIUM,SKIP,idle,22747.3,25.4,1.0,0.0,0.0,1.04,0.339,0.601,0,10,0,1,1,35,0,35,65,high_vol_range,0.0,0,,,
2026-03-24T10:05:00+05:30,portfolio_hist,PREMIUM,SKIP,idle,22715.0,25.54,1.0,0.0,0.0,1.041,0.48,0.517,0,10,5,1,1,35,0,35,65,high_vol_range,0.0,0,,,
2026-03-24T10:10:00+05:30,portfolio_hist,PREMIUM,SKIP,idle,22693.55,25.53,1.0,0.0,0.0,1.04,0.574,0.429,0,10,10,1,1,37,0,37,65,high_vol_range,0.0,0,,,
2026-03-24T10:15:00+05:30,portfolio_hist,PREMIUM,SKIP,idle,22711.4,25.5,1.0,0.0,0.0,1.04,0.496,0.374,0,10,15,1,1,42,0,42,65,high_vol_range,0.0,0,,,
2026-03-24T10:20:00+05:30,portfolio_hist,PREMIUM,SKIP,idle,22714.0,25.39,1.0,0.0,0.0,1.04,0.485,0.374,0,10,20,1,1,42,0,42,65,high_vol_range,0.0,0,,,
2026-03-24T10:25:00+05:30,portfolio_hist,PREMIUM,SKIP,idle,22760.0,25.4,1.0,0.0,0.0,1.04,0.283,0.374,0,10,25,1,1,49,0,49,65,high_vol_range,0.0,0,,,
2026-03-24T10:30:00+05:30,portfolio_hist,PREMIUM,SKIP,idle,22721.55,25.43,1.0,0.0,0.0,1.041,0.452,0.344,0,10,30,1,1,42,0,42,65,high_vol_range,0.0,0,,,
2026-03-24T10:35:00+05:30,portfolio_hist,PREMIUM,SKIP,idle,22660.9,25.5,1.0,0.0,0.0,1.04,0.717,0.421,0,10,35,1,1,37,0,37,65,high_vol_range,0.0,0,,,
2026-03-24T10:40:00+05:30,portfolio_hist,PREMIUM,SKIP,idle,22634.35,25.7,1.0,0.0,0.0,1.041,0.834,0.579,0,10,40,1,1,30,0,30,65,high_vol_range,0.0,0,,,
2026-03-24T10:45:00+05:30,portfolio_hist,PREMIUM,SKIP,idle,22665.9,25.59,1.0,0.0,0.0,1.041,0.696,0.579,0,10,45,1,1,30,0,30,65,high_vol_range,0.0,0,,,
2026-03-24T10:50:00+05:30,portfolio_hist,PREMIUM,SKIP,idle,22706.45,25.57,1.0,0.0,0.0,1.041,0.518,0.579,0,10,50,1,1,30,0,30,65,high_vol_range,0.0,0,,,
2026-03-24T10:55:00+05:30,portfolio_hist,PREMIUM,SKIP,idle,22672.8,25.67,1.0,0.0,0.0,1.041,0.665,0.565,0,10,55,1,1,30,0,30,65,high_vol_range,0.0,0,,,
2026-03-24T09:30:00+05:30,portfolio_hist,PREMIUM,SKIP,idle,22848.25,25.09,1.0,0.0,0.0,1.04,0.103,1.627,0,9,30,1,1,50,0,50,75,trending,0.0,0,,,
2026-03-24T09:35:00+05:30,portfolio_hist,PREMIUM,SKIP,idle,22819.1,25.18,1.0,0.0,0.0,1.04,0.024,1.627,0,9,35,1,1,50,0,50,75,trending,0.0,0,,,
2026-03-24T09:40:00+05:30,portfolio_hist,PREMIUM,SKIP,idle,22779.75,25.3,1.0,0.0,0.0,1.04,0.197,1.627,0,9,40,1,1,37,0,37,75,trending,0.0,0,,,
2026-03-24T09:45:00+05:30,portfolio_hist,PREMIUM,SKIP,idle,22719.05,25.47,1.0,0.0,0.0,1.04,0.463,0.505,0,9,45,1,1,35,0,35,75,high_vol_range,0.0,0,,,
2026-03-24T09:50:00+05:30,portfolio_hist,PREMIUM,SKIP,idle,22712.55,25.48,1.0,0.0,0.0,1.04,0.491,0.603,0,9,50,1,1,35,0,35,75,high_vol_range,0.0,0,,,
2026-03-24T09:55:00+05:30,portfolio_hist,PREMIUM,SKIP,idle,22755.45,25.34,1.0,0.0,0.0,1.04,0.303,0.603,0,9,55,1,1,35,0,35,75,high_vol_range,0.0,0,,,
2026-03-24T10:00:00+05:30,portfolio_hist,PREMIUM,SKIP,idle,22747.3,25.4,1.0,0.0,0.0,1.04,0.339,0.601,0,10,0,1,1,35,0,35,65,high_vol_range,0.0,0,,,
2026-03-24T10:05:00+05:30,portfolio_hist,PREMIUM,SKIP,idle,22715.0,25.54,1.0,0.0,0.0,1.041,0.48,0.517,0,10,5,1,1,35,0,35,65,high_vol_range,0.0,0,,,
2026-03-24T10:10:00+05:30,portfolio_hist,PREMIUM,SKIP,idle,22693.55,25.53,1.0,0.0,0.0,1.04,0.574,0.429,0,10,10,1,1,37,0,37,65,high_vol_range,0.0,0,,,
2026-03-24T10:15:00+05:30,portfolio_hist,PREMIUM,SKIP,idle,22711.4,25.5,1.0,0.0,0.0,1.04,0.496,0.374,0,10,15,1,1,42,0,42,65,high_vol_range,0.0,0,,,
2026-03-24T10:20:00+05:30,portfolio_hist,PREMIUM,SKIP,idle,22714.0,25.39,1.0,0.0,0.0,1.04,0.485,0.374,0,10,20,1,1,42,0,42,65,high_vol_range,0.0,0,,,
2026-03-24T10:25:00+05:30,portfolio_hist,PREMIUM,SKIP,idle,22760.0,25.4,1.0,0.0,0.0,1.04,0.283,0.374,0,10,25,1,1,49,0,49,65,high_vol_range,0.0,0,,,
2026-03-24T10:30:00+05:30,portfolio_hist,PREMIUM,SKIP,idle,22721.55,25.43,1.0,0.0,0.0,1.041,0.452,0.344,0,10,30,1,1,42,0,42,65,high_vol_range,0.0,0,,,
2026-03-24T10:35:00+05:30,portfolio_hist,PREMIUM,SKIP,idle,22660.9,25.5,1.0,0.0,0.0,1.04,0.717,0.421,0,10,35,1,1,37,0,37,65,high_vol_range,0.0,0,,,
2026-03-24T10:40:00+05:30,portfolio_hist,PREMIUM,SKIP,idle,22634.35,25.7,1.0,0.0,0.0,1.041,0.834,0.579,0,10,40,1,1,30,0,30,65,high_vol_range,0.0,0,,,
2026-03-24T10:45:00+05:30,portfolio_hist,PREMIUM,SKIP,idle,22665.9,25.59,1.0,0.0,0.0,1.041,0.696,0.579,0,10,45,1,1,30,0,30,65,high_vol_range,0.0,0,,,
2026-03-24T10:50:00+05:30,portfolio_hist,PREMIUM,SKIP,idle,22706.45,25.57,1.0,0.0,0.0,1.041,0.518,0.579,0,10,50,1,1,30,0,30,65,high_vol_range,0.0,0,,,
2026-03-24T10:55:00+05:30,portfolio_hist,PREMIUM,SKIP,idle,22672.8,25.67,1.0,0.0,0.0,1.041,0.665,0.565,0,10,55,1,1,30,0,30,65,high_vol_range,0.0,0,,,
2026-03-24T09:30:00+05:30,portfolio_hist,PREMIUM,SKIP,idle,22848.25,25.09,1.0,0.0,0.0,1.04,0.103,1.627,0,9,30,1,1,50,0,50,75,trending,0.0,0,,,
2026-03-24T09:35:00+05:30,portfolio_hist,PREMIUM,SKIP,idle,22819.1,25.18,1.0,0.0,0.0,1.04,0.024,1.627,0,9,35,1,1,50,0,50,75,trending,0.0,0,,,
2026-03-24T09:40:00+05:30,portfolio_hist,PREMIUM,SKIP,idle,22779.75,25.3,1.0,0.0,0.0,1.04,0.197,1.627,0,9,40,1,1,37,0,37,75,trending,0.0,0,,,
2026-03-24T09:45:00+05:30,portfolio_hist,PREMIUM,SKIP,idle,22719.05,25.47,1.0,0.0,0.0,1.04,0.463,0.505,0,9,45,1,1,35,0,35,75,high_vol_range,0.0,0,,,
2026-03-24T09:50:00+05:30,portfolio_hist,PREMIUM,SKIP,idle,22712.55,25.48,1.0,0.0,0.0,1.04,0.491,0.603,0,9,50,1,1,35,0,35,75,high_vol_range,0.0,0,,,
2026-03-24T09:55:00+05:30,portfolio_hist,PREMIUM,SKIP,idle,22755.45,25.34,1.0,0.0,0.0,1.04,0.303,0.603,0,9,55,1,1,35,0,35,75,high_vol_range,0.0,0,,,
2026-03-24T10:00:00+05:30,portfolio_hist,PREMIUM,SKIP,idle,22747.3,25.4,1.0,0.0,0.0,1.04,0.339,0.601,0,10,0,1,1,35,0,35,65,high_vol_range,0.0,0,,,
2026-03-24T10:05:00+05:30,portfolio_hist,PREMIUM,SKIP,idle,22715.0,25.54,1.0,0.0,0.0,1.041,0.48,0.517,0,10,5,1,1,35,0,35,65,high_vol_range,0.0,0,,,
2026-03-24T10:10:00+05:30,portfolio_hist,PREMIUM,SKIP,idle,22693.55,25.53,1.0,0.0,0.0,1.04,0.574,0.429,0,10,10,1,1,37,0,37,65,high_vol_range,0.0,0,,,
2026-03-24T10:15:00+05:30,portfolio_hist,PREMIUM,SKIP,idle,22711.4,25.5,1.0,0.0,0.0,1.04,0.496,0.374,0,10,15,1,1,42,0,42,65,high_vol_range,0.0,0,,,
2026-03-24T10:20:00+05:30,portfolio_hist,PREMIUM,SKIP,idle,22714.0,25.39,1.0,0.0,0.0,1.04,0.485,0.374,0,10,20,1,1,42,0,42,65,high_vol_range,0.0,0,,,
2026-03-24T10:25:00+05:30,portfolio_hist,PREMIUM,SKIP,idle,22760.0,25.4,1.0,0.0,0.0,1.04,0.283,0.374,0,10,25,1,1,49,0,49,65,high_vol_range,0.0,0,,,
2026-03-24T10:30:00+05:30,portfolio_hist,PREMIUM,SKIP,idle,22721.55,25.43,1.0,0.0,0.0,1.041,0.452,0.344,0,10,30,1,1,42,0,42,65,high_vol_range,0.0,0,,,
2026-03-24T10:35:00+05:30,portfolio_hist,PREMIUM,SKIP,idle,22660.9,25.5,1.0,0.0,0.0,1.04,0.717,0.421,0,10,35,1,1,37,0,37,65,high_vol_range,0.0,0,,,
2026-03-24T10:40:00+05:30,portfolio_hist,PREMIUM,SKIP,idle,22634.35,25.7,1.0,0.0,0.0,1.041,0.834,0.579,0,10,40,1,1,30,0,30,65,high_vol_range,0.0,0,,,
2026-03-24T10:45:00+05:30,portfolio_hist,PREMIUM,SKIP,idle,22665.9,25.59,1.0,0.0,0.0,1.041,0.696,0.579,0,10,45,1,1,30,0,30,65,high_vol_range,0.0,0,,,
2026-03-24T10:50:00+05:30,portfolio_hist,PREMIUM,SKIP,idle,22706.45,25.57,1.0,0.0,0.0,1.041,0.518,0.579,0,10,50,1,1,30,0,30,65,high_vol_range,0.0,0,,,
2026-03-24T10:55:00+05:30,portfolio_hist,PREMIUM,SKIP,idle,22672.8,25.67,1.0,0.0,0.0,1.041,0.665,0.565,0,10,55,1,1,30,0,30,65,high_vol_range,0.0,0,,,
2026-03-24T09:30:00+05:30,portfolio_hist,PREMIUM,SKIP,idle,22848.25,25.09,1.0,0.0,0.0,1.04,0.103,1.627,0,9,30,1,1,50,0,50,75,trending,0.0,0,,,
2026-03-24T09:35:00+05:30,portfolio_hist,PREMIUM,SKIP,idle,22819.1,25.18,1.0,0.0,0.0,1.04,0.024,1.627,0,9,35,1,1,50,0,50,75,trending,0.0,0,,,
2026-03-24T09:40:00+05:30,portfolio_hist,PREMIUM,SKIP,idle,22779.75,25.3,1.0,0.0,0.0,1.04,0.197,1.627,0,9,40,1,1,37,0,37,75,trending,0.0,0,,,
2026-03-24T09:45:00+05:30,portfolio_hist,PREMIUM,SKIP,idle,22719.05,25.47,1.0,0.0,0.0,1.04,0.463,0.505,0,9,45,1,1,35,0,35,75,high_vol_range,0.0,0,,,
2026-03-24T09:50:00+05:30,portfolio_hist,PREMIUM,SKIP,idle,22712.55,25.48,1.0,0.0,0.0,1.04,0.491,0.603,0,9,50,1,1,35,0,35,75,high_vol_range,0.0,0,,,
2026-03-24T09:55:00+05:30,portfolio_hist,PREMIUM,SKIP,idle,22755.45,25.34,1.0,0.0,0.0,1.04,0.303,0.603,0,9,55,1,1,35,0,35,75,high_vol_range,0.0,0,,,
2026-03-24T10:00:00+05:30,portfolio_hist,PREMIUM,SKIP,idle,22747.3,25.4,1.0,0.0,0.0,1.04,0.339,0.601,0,10,0,1,1,35,0,35,65,high_vol_range,0.0,0,,,
2026-03-24T10:05:00+05:30,portfolio_hist,PREMIUM,SKIP,idle,22715.0,25.54,1.0,0.0,0.0,1.041,0.48,0.517,0,10,5,1,1,35,0,35,65,high_vol_range,0.0,0,,,
2026-03-24T10:10:00+05:30,portfolio_hist,PREMIUM,SKIP,idle,22693.55,25.53,1.0,0.0,0.0,1.04,0.574,0.429,0,10,10,1,1,37,0,37,65,high_vol_range,0.0,0,,,
2026-03-24T10:15:00+05:30,portfolio_hist,PREMIUM,SKIP,idle,22711.4,25.5,1.0,0.0,0.0,1.04,0.496,0.374,0,10,15,1,1,42,0,42,65,high_vol_range,0.0,0,,,
2026-03-24T10:20:00+05:30,portfolio_hist,PREMIUM,SKIP,idle,22714.0,25.39,1.0,0.0,0.0,1.04,0.485,0.374,0,10,20,1,1,42,0,42,65,high_vol_range,0.0,0,,,
2026-03-24T10:25:00+05:30,portfolio_hist,PREMIUM,SKIP,idle,22760.0,25.4,1.0,0.0,0.0,1.04,0.283,0.374,0,10,25,1,1,49,0,49,65,high_vol_range,0.0,0,,,
2026-03-24T10:30:00+05:30,portfolio_hist,PREMIUM,SKIP,idle,22721.55,25.43,1.0,0.0,0.0,1.041,0.452,0.344,0,10,30,1,1,42,0,42,65,high_vol_range,0.0,0,,,
2026-03-24T10:35:00+05:30,portfolio_hist,PREMIUM,SKIP,idle,22660.9,25.5,1.0,0.0,0.0,1.04,0.717,0.421,0,10,35,1,1,37,0,37,65,high_vol_range,0.0,0,,,
2026-03-24T10:40:00+05:30,portfolio_hist,PREMIUM,SKIP,idle,22634.35,25.7,1.0,0.0,0.0,1.041,0.834,0.579,0,10,40,1,1,30,0,30,65,high_vol_range,0.0,0,,,
2026-03-24T10:45:00+05:30,portfolio_hist,PREMIUM,SKIP,idle,22665.9,25.59,1.0,0.0,0.0,1.041,0.696,0.579,0,10,45,1,1,30,0,30,65,high_vol_range,0.0,0,,,
2026-03-24T10:50:00+05:30,portfolio_hist,PREMIUM,SKIP,idle,22706.45,25.57,1.0,0.0,0.0,1.041,0.518,0.579,0,10,50,1,1,30,0,30,65,high_vol_range,0.0,0,,,
2026-03-24T10:55:00+05:30,portfolio_hist,PREMIUM,SKIP,idle,22672.8,25.67,1.0,0.0,0.0,1.041,0.665,0.565,0,10,55,1,1,30,0,30,65,high_vol_range,0.0,0,,,
2026-03-24T09:30:00+05:30,portfolio_hist,PREMIUM,SKIP,idle,22848.25,25.09,1.0,0.0,0.0,1.04,0.103,1.627,0,9,30,1,1,50,0,50,75,trending,0.0,0,,,
2026-03-24T09:35:00+05:30,portfolio_hist,PREMIUM,SKIP,idle,22819.1,25.18,1.0,0.0,0.0,1.04,0.024,1.627,0,9,35,1,1,50,0,50,75,trending,0.0,0,,,
2026-03-24T09:40:00+05:30,portfolio_hist,PREMIUM,SKIP,idle,22779.75,25.3,1.0,0.0,0.0,1.04,0.197,1.627,0,9,40,1,1,37,0,37,75,trending,0.0,0,,,
2026-03-24T09:45:00+05:30,portfolio_hist,PREMIUM,SKIP,idle,22719.05,25.47,1.0,0.0,0.0,1.04,0.463,0.505,0,9,45,1,1,35,0,35,75,high_vol_range,0.0,0,,,
2026-03-24T09:50:00+05:30,portfolio_hist,PREMIUM,SKIP,idle,22712.55,25.48,1.0,0.0,0.0,1.04,0.491,0.603,0,9,50,1,1,35,0,35,75,high_vol_range,0.0,0,,,
2026-03-24T09:55:00+05:30,portfolio_hist,PREMIUM,SKIP,idle,22755.45,25.34,1.0,0.0,0.0,1.04,0.303,0.603,0,9,55,1,1,35,0,35,75,high_vol_range,0.0,0,,,
2026-03-24T10:00:00+05:30,portfolio_hist,PREMIUM,SKIP,idle,22747.3,25.4,1.0,0.0,0.0,1.04,0.339,0.601,0,10,0,1,1,35,0,35,65,high_vol_range,0.0,0,,,
2026-03-24T10:05:00+05:30,portfolio_hist,PREMIUM,SKIP,idle,22715.0,25.54,1.0,0.0,0.0,1.041,0.48,0.517,0,10,5,1,1,35,0,35,65,high_vol_range,0.0,0,,,
2026-03-24T10:10:00+05:30,portfolio_hist,PREMIUM,SKIP,idle,22693.55,25.53,1.0,0.0,0.0,1.04,0.574,0.429,0,10,10,1,1,37,0,37,65,high_vol_range,0.0,0,,,
2026-03-24T10:15:00+05:30,portfolio_hist,PREMIUM,SKIP,idle,22711.4,25.5,1.0,0.0,0.0,1.04,0.496,0.374,0,10,15,1,1,42,0,42,65,high_vol_range,0.0,0,,,
2026-03-24T10:20:00+05:30,portfolio_hist,PREMIUM,SKIP,idle,22714.0,25.39,1.0,0.0,0.0,1.04,0.485,0.374,0,10,20,1,1,42,0,42,65,high_vol_range,0.0,0,,,
2026-03-24T10:25:00+05:30,portfolio_hist,PREMIUM,SKIP,idle,22760.0,25.4,1.0,0.0,0.0,1.04,0.283,0.374,0,10,25,1,1,49,0,49,65,high_vol_range,0.0,0,,,
2026-03-24T10:30:00+05:30,portfolio_hist,PREMIUM,SKIP,idle,22721.55,25.43,1.0,0.0,0.0,1.041,0.452,0.344,0,10,30,1,1,42,0,42,65,high_vol_range,0.0,0,,,
2026-03-24T10:35:00+05:30,portfolio_hist,PREMIUM,SKIP,idle,22660.9,25.5,1.0,0.0,0.0,1.04,0.717,0.421,0,10,35,1,1,37,0,37,65,high_vol_range,0.0,0,,,
2026-03-24T10:40:00+05:30,portfolio_hist,PREMIUM,SKIP,idle,22634.35,25.7,1.0,0.0,0.0,1.041,0.834,0.579,0,10,40,1,1,30,0,30,65,high_vol_range,0.0,0,,,
2026-03-24T10:45:00+05:30,portfolio_hist,PREMIUM,SKIP,idle,22665.9,25.59,1.0,0.0,0.0,1.041,0.696,0.579,0,10,45,1,1,30,0,30,65,high_vol_range,0.0,0,,,
2026-03-24T10:50:00+05:30,portfolio_hist,PREMIUM,SKIP,idle,22706.45,25.57,1.0,0.0,0.0,1.041,0.518,0.579,0,10,50,1,1,30,0,30,65,high_vol_range,0.0,0,,,
2026-03-24T10:55:00+05:30,portfolio_hist,PREMIUM,SKIP,idle,22672.8,25.67,1.0,0.0,0.0,1.041,0.665,0.565,0,10,55,1,1,30,0,30,65,high_vol_range,0.0,0,,,
2026-03-24T09:30:00+05:30,portfolio_hist,PREMIUM,SKIP,idle,22848.25,25.09,1.0,0.0,0.0,1.04,0.103,1.627,0,9,30,1,1,50,0,50,75,trending,0.0,0,,,
2026-03-24T09:35:00+05:30,portfolio_hist,PREMIUM,SKIP,idle,22819.1,25.18,1.0,0.0,0.0,1.04,0.024,1.627,0,9,35,1,1,50,0,50,75,trending,0.0,0,,,
2026-03-24T09:40:00+05:30,portfolio_hist,PREMIUM,SKIP,idle,22779.75,25.3,1.0,0.0,0.0,1.04,0.197,1.627,0,9,40,1,1,37,0,37,75,trending,0.0,0,,,
2026-03-24T09:45:00+05:30,portfolio_hist,PREMIUM,SKIP,idle,22719.05,25.47,1.0,0.0,0.0,1.04,0.463,0.505,0,9,45,1,1,35,0,35,75,high_vol_range,0.0,0,,,
2026-03-24T09:50:00+05:30,portfolio_hist,PREMIUM,SKIP,idle,22712.55,25.48,1.0,0.0,0.0,1.04,0.491,0.603,0,9,50,1,1,35,0,35,75,high_vol_range,0.0,0,,,
2026-03-24T09:55:00+05:30,portfolio_hist,PREMIUM,SKIP,idle,22755.45,25.34,1.0,0.0,0.0,1.04,0.303,0.603,0,9,55,1,1,35,0,35,75,high_vol_range,0.0,0,,,
2026-03-24T10:00:00+05:30,portfolio_hist,PREMIUM,SKIP,idle,22747.3,25.4,1.0,0.0,0.0,1.04,0.339,0.601,0,10,0,1,1,35,0,35,65,high_vol_range,0.0,0,,,
2026-03-24T10:05:00+05:30,portfolio_hist,PREMIUM,SKIP,idle,22715.0,25.54,1.0,0.0,0.0,1.041,0.48,0.517,0,10,5,1,1,35,0,35,65,high_vol_range,0.0,0,,,
2026-03-24T10:10:00+05:30,portfolio_hist,PREMIUM,SKIP,idle,22693.55,25.53,1.0,0.0,0.0,1.04,0.574,0.429,0,10,10,1,1,37,0,37,65,high_vol_range,0.0,0,,,
2026-03-24T10:15:00+05:30,portfolio_hist,PREMIUM,SKIP,idle,22711.4,25.5,1.0,0.0,0.0,1.04,0.496,0.374,0,10,15,1,1,42,0,42,65,high_vol_range,0.0,0,,,
2026-03-24T10:20:00+05:30,portfolio_hist,PREMIUM,SKIP,idle,22714.0,25.39,1.0,0.0,0.0,1.04,0.485,0.374,0,10,20,1,1,42,0,42,65,high_vol_range,0.0,0,,,
2026-03-24T10:25:00+05:30,portfolio_hist,PREMIUM,SKIP,idle,22760.0,25.4,1.0,0.0,0.0,1.04,0.283,0.374,0,10,25,1,1,49,0,49,65,high_vol_range,0.0,0,,,
2026-03-24T10:30:00+05:30,portfolio_hist,PREMIUM,SKIP,idle,22721.55,25.43,1.0,0.0,0.0,1.041,0.452,0.344,0,10,30,1,1,42,0,42,65,high_vol_range,0.0,0,,,
2026-03-24T10:35:00+05:30,portfolio_hist,PREMIUM,SKIP,idle,22660.9,25.5,1.0,0.0,0.0,1.04,0.717,0.421,0,10,35,1,1,37,0,37,65,high_vol_range,0.0,0,,,
2026-03-24T10:40:00+05:30,portfolio_hist,PREMIUM,SKIP,idle,22634.35,25.7,1.0,0.0,0.0,1.041,0.834,0.579,0,10,40,1,1,30,0,30,65,high_vol_range,0.0,0,,,
2026-03-24T10:45:00+05:30,portfolio_hist,PREMIUM,SKIP,idle,22665.9,25.59,1.0,0.0,0.0,1.041,0.696,0.579,0,10,45,1,1,30,0,30,65,high_vol_range,0.0,0,,,
2026-03-24T10:50:00+05:30,portfolio_hist,PREMIUM,SKIP,idle,22706.45,25.57,1.0,0.0,0.0,1.041,0.518,0.579,0,10,50,1,1,30,0,30,65,high_vol_range,0.0,0,,,
2026-03-24T10:55:00+05:30,portfolio_hist,PREMIUM,SKIP,idle,22672.8,25.67,1.0,0.0,0.0,1.041,0.665,0.565,0,10,55,1,1,30,0,30,65,high_vol_range,0.0,0,,,
2026-03-24T09:30:00+05:30,portfolio_hist,PREMIUM,SKIP,idle,22848.25,25.09,1.0,0.0,0.0,1.04,0.103,1.627,0,9,30,1,1,50,0,50,75,trending,0.0,0,,,
2026-03-24T09:35:00+05:30,portfolio_hist,PREMIUM,SKIP,idle,22819.1,25.18,1.0,0.0,0.0,1.04,0.024,1.627,0,9,35,1,1,50,0,50,75,trending,0.0,0,,,
2026-03-24T09:40:00+05:30,portfolio_hist,PREMIUM,SKIP,idle,22779.75,25.3,1.0,0.0,0.0,1.04,0.197,1.627,0,9,40,1,1,37,0,37,75,trending,0.0,0,,,
2026-03-24T09:45:00+05:30,portfolio_hist,PREMIUM,SKIP,idle,22719.05,25.47,1.0,0.0,0.0,1.04,0.463,0.505,0,9,45,1,1,35,0,35,75,high_vol_range,0.0,0,,,
2026-03-24T09:50:00+05:30,portfolio_hist,PREMIUM,SKIP,idle,22712.55,25.48,1.0,0.0,0.0,1.04,0.491,0.603,0,9,50,1,1,35,0,35,75,high_vol_range,0.0,0,,,
2026-03-24T09:55:00+05:30,portfolio_hist,PREMIUM,SKIP,idle,22755.45,25.34,1.0,0.0,0.0,1.04,0.303,0.603,0,9,55,1,1,35,0,35,75,high_vol_range,0.0,0,,,
2026-03-24T10:00:00+05:30,portfolio_hist,PREMIUM,SKIP,idle,22747.3,25.4,1.0,0.0,0.0,1.04,0.339,0.601,0,10,0,1,1,35,0,35,65,high_vol_range,0.0,0,,,
2026-03-24T10:05:00+05:30,portfolio_hist,PREMIUM,SKIP,idle,22715.0,25.54,1.0,0.0,0.0,1.041,0.48,0.517,0,10,5,1,1,35,0,35,65,high_vol_range,0.0,0,,,
2026-03-24T10:10:00+05:30,portfolio_hist,PREMIUM,SKIP,idle,22693.55,25.53,1.0,0.0,0.0,1.04,0.574,0.429,0,10,10,1,1,37,0,37,65,high_vol_range,0.0,0,,,
2026-03-24T10:15:00+05:30,portfolio_hist,PREMIUM,SKIP,idle,22711.4,25.5,1.0,0.0,0.0,1.04,0.496,0.374,0,10,15,1,1,42,0,42,65,high_vol_range,0.0,0,,,
2026-03-24T10:20:00+05:30,portfolio_hist,PREMIUM,SKIP,idle,22714.0,25.39,1.0,0.0,0.0,1.04,0.485,0.374,0,10,20,1,1,42,0,42,65,high_vol_range,0.0,0,,,
2026-03-24T10:25:00+05:30,portfolio_hist,PREMIUM,SKIP,idle,22760.0,25.4,1.0,0.0,0.0,1.04,0.283,0.374,0,10,25,1,1,49,0,49,65,high_vol_range,0.0,0,,,
2026-03-24T10:30:00+05:30,portfolio_hist,PREMIUM,SKIP,idle,22721.55,25.43,1.0,0.0,0.0,1.041,0.452,0.344,0,10,30,1,1,42,0,42,65,high_vol_range,0.0,0,,,
2026-03-24T10:35:00+05:30,portfolio_hist,PREMIUM,SKIP,idle,22660.9,25.5,1.0,0.0,0.0,1.04,0.717,0.421,0,10,35,1,1,37,0,37,65,high_vol_range,0.0,0,,,
2026-03-24T10:40:00+05:30,portfolio_hist,PREMIUM,SKIP,idle,22634.35,25.7,1.0,0.0,0.0,1.041,0.834,0.579,0,10,40,1,1,30,0,30,65,high_vol_range,0.0,0,,,
2026-03-24T10:45:00+05:30,portfolio_hist,PREMIUM,SKIP,idle,22665.9,25.59,1.0,0.0,0.0,1.041,0.696,0.579,0,10,45,1,1,30,0,30,65,high_vol_range,0.0,0,,,
2026-03-24T10:50:00+05:30,portfolio_hist,PREMIUM,SKIP,idle,22706.45,25.57,1.0,0.0,0.0,1.041,0.518,0.579,0,10,50,1,1,30,0,30,65,high_vol_range,0.0,0,,,
2026-03-24T10:55:00+05:30,portfolio_hist,PREMIUM,SKIP,idle,22672.8,25.67,1.0,0.0,0.0,1.041,0.665,0.565,0,10,55,1,1,30,0,30,65,high_vol_range,0.0,0,,,
2026-03-24T09:30:00+05:30,portfolio_hist,PREMIUM,SKIP,idle,22848.25,25.09,1.0,0.0,0.0,1.04,0.103,1.627,0,9,30,1,1,50,0,50,75,trending,0.0,0,,,
2026-03-24T09:35:00+05:30,portfolio_hist,PREMIUM,SKIP,idle,22819.1,25.18,1.0,0.0,0.0,1.04,0.024,1.627,0,9,35,1,1,50,0,50,75,trending,0.0,0,,,
2026-03-24T09:40:00+05:30,portfolio_hist,PREMIUM,SKIP,idle,22779.75,25.3,1.0,0.0,0.0,1.04,0.197,1.627,0,9,40,1,1,37,0,37,75,trending,0.0,0,,,
2026-03-24T09:45:00+05:30,portfolio_hist,PREMIUM,SKIP,idle,22719.05,25.47,1.0,0.0,0.0,1.04,0.463,0.505,0,9,45,1,1,35,0,35,75,high_vol_range,0.0,0,,,
2026-03-24T09:50:00+05:30,portfolio_hist,PREMIUM,SKIP,idle,22712.55,25.48,1.0,0.0,0.0,1.04,0.491,0.603,0,9,50,1,1,35,0,35,75,high_vol_range,0.0,0,,,
2026-03-24T09:55:00+05:30,portfolio_hist,PREMIUM,SKIP,idle,22755.45,25.34,1.0,0.0,0.0,1.04,0.303,0.603,0,9,55,1,1,35,0,35,75,high_vol_range,0.0,0,,,
2026-03-24T10:00:00+05:30,portfolio_hist,PREMIUM,SKIP,idle,22747.3,25.4,1.0,0.0,0.0,1.04,0.339,0.601,0,10,0,1,1,35,0,35,65,high_vol_range,0.0,0,,,
2026-03-24T10:05:00+05:30,portfolio_hist,PREMIUM,SKIP,idle,22715.0,25.54,1.0,0.0,0.0,1.041,0.48,0.517,0,10,5,1,1,35,0,35,65,high_vol_range,0.0,0,,,
2026-03-24T10:10:00+05:30,portfolio_hist,PREMIUM,SKIP,idle,22693.55,25.53,1.0,0.0,0.0,1.04,0.574,0.429,0,10,10,1,1,37,0,37,65,high_vol_range,0.0,0,,,
2026-03-24T10:15:00+05:30,portfolio_hist,PREMIUM,SKIP,idle,22711.4,25.5,1.0,0.0,0.0,1.04,0.496,0.374,0,10,15,1,1,42,0,42,65,high_vol_range,0.0,0,,,
2026-03-24T10:20:00+05:30,portfolio_hist,PREMIUM,SKIP,idle,22714.0,25.39,1.0,0.0,0.0,1.04,0.485,0.374,0,10,20,1,1,42,0,42,65,high_vol_range,0.0,0,,,
2026-03-24T10:25:00+05:30,portfolio_hist,PREMIUM,SKIP,idle,22760.0,25.4,1.0,0.0,0.0,1.04,0.283,0.374,0,10,25,1,1,49,0,49,65,high_vol_range,0.0,0,,,
2026-03-24T10:30:00+05:30,portfolio_hist,PREMIUM,SKIP,idle,22721.55,25.43,1.0,0.0,0.0,1.041,0.452,0.344,0,10,30,1,1,42,0,42,65,high_vol_range,0.0,0,,,
2026-03-24T10:35:00+05:30,portfolio_hist,PREMIUM,SKIP,idle,22660.9,25.5,1.0,0.0,0.0,1.04,0.717,0.421,0,10,35,1,1,37,0,37,65,high_vol_range,0.0,0,,,
2026-03-24T10:40:00+05:30,portfolio_hist,PREMIUM,SKIP,idle,22634.35,25.7,1.0,0.0,0.0,1.041,0.834,0.579,0,10,40,1,1,30,0,30,65,high_vol_range,0.0,0,,,
2026-03-24T10:45:00+05:30,portfolio_hist,PREMIUM,SKIP,idle,22665.9,25.59,1.0,0.0,0.0,1.041,0.696,0.579,0,10,45,1,1,30,0,30,65,high_vol_range,0.0,0,,,
2026-03-24T10:50:00+05:30,portfolio_hist,PREMIUM,SKIP,idle,22706.45,25.57,1.0,0.0,0.0,1.041,0.518,0.579,0,10,50,1,1,30,0,30,65,high_vol_range,0.0,0,,,
2026-03-24T10:55:00+05:30,portfolio_hist,PREMIUM,SKIP,idle,22672.8,25.67,1.0,0.0,0.0,1.041,0.665,0.565,0,10,55,1,1,30,0,30,65,high_vol_range,0.0,0,,,
2026-03-24T09:30:00+05:30,portfolio_hist,PREMIUM,SKIP,idle,22848.25,25.09,1.0,0.0,0.0,1.04,0.103,1.627,0,9,30,1,1,50,0,50,75,trending,0.0,0,,,
2026-03-24T09:35:00+05:30,portfolio_hist,PREMIUM,SKIP,idle,22819.1,25.18,1.0,0.0,0.0,1.04,0.024,1.627,0,9,35,1,1,50,0,50,75,trending,0.0,0,,,
2026-03-24T09:40:00+05:30,portfolio_hist,PREMIUM,SKIP,idle,22779.75,25.3,1.0,0.0,0.0,1.04,0.197,1.627,0,9,40,1,1,37,0,37,75,trending,0.0,0,,,
2026-03-24T09:45:00+05:30,portfolio_hist,PREMIUM,SKIP,idle,22719.05,25.47,1.0,0.0,0.0,1.04,0.463,0.505,0,9,45,1,1,35,0,35,75,high_vol_range,0.0,0,,,
2026-03-24T09:50:00+05:30,portfolio_hist,PREMIUM,SKIP,idle,22712.55,25.48,1.0,0.0,0.0,1.04,0.491,0.603,0,9,50,1,1,35,0,35,75,high_vol_range,0.0,0,,,
2026-03-24T09:55:00+05:30,portfolio_hist,PREMIUM,SKIP,idle,22755.45,25.34,1.0,0.0,0.0,1.04,0.303,0.603,0,9,55,1,1,35,0,35,75,high_vol_range,0.0,0,,,
2026-03-24T10:00:00+05:30,portfolio_hist,PREMIUM,SKIP,idle,22747.3,25.4,1.0,0.0,0.0,1.04,0.339,0.601,0,10,0,1,1,35,0,35,65,high_vol_range,0.0,0,,,
2026-03-24T10:05:00+05:30,portfolio_hist,PREMIUM,SKIP,idle,22715.0,25.54,1.0,0.0,0.0,1.041,0.48,0.517,0,10,5,1,1,35,0,35,65,high_vol_range,0.0,0,,,
2026-03-24T10:10:00+05:30,portfolio_hist,PREMIUM,SKIP,idle,22693.55,25.53,1.0,0.0,0.0,1.04,0.574,0.429,0,10,10,1,1,37,0,37,65,high_vol_range,0.0,0,,,
2026-03-24T10:15:00+05:30,portfolio_hist,PREMIUM,SKIP,idle,22711.4,25.5,1.0,0.0,0.0,1.04,0.496,0.374,0,10,15,1,1,42,0,42,65,high_vol_range,0.0,0,,,
2026-03-24T10:20:00+05:30,portfolio_hist,PREMIUM,SKIP,idle,22714.0,25.39,1.0,0.0,0.0,1.04,0.485,0.374,0,10,20,1,1,42,0,42,65,high_vol_range,0.0,0,,,
2026-03-24T10:25:00+05:30,portfolio_hist,PREMIUM,SKIP,idle,22760.0,25.4,1.0,0.0,0.0,1.04,0.283,0.374,0,10,25,1,1,49,0,49,65,high_vol_range,0.0,0,,,
2026-03-24T10:30:00+05:30,portfolio_hist,PREMIUM,SKIP,idle,22721.55,25.43,1.0,0.0,0.0,1.041,0.452,0.344,0,10,30,1,1,42,0,42,65,high_vol_range,0.0,0,,,
2026-03-24T10:35:00+05:30,portfolio_hist,PREMIUM,SKIP,idle,22660.9,25.5,1.0,0.0,0.0,1.04,0.717,0.421,0,10,35,1,1,37,0,37,65,high_vol_range,0.0,0,,,
2026-03-24T10:40:00+05:30,portfolio_hist,PREMIUM,SKIP,idle,22634.35,25.7,1.0,0.0,0.0,1.041,0.834,0.579,0,10,40,1,1,30,0,30,65,high_vol_range,0.0,0,,,
2026-03-24T10:45:00+05:30,portfolio_hist,PREMIUM,SKIP,idle,22665.9,25.59,1.0,0.0,0.0,1.041,0.696,0.579,0,10,45,1,1,30,0,30,65,high_vol_range,0.0,0,,,
2026-03-24T10:50:00+05:30,portfolio_hist,PREMIUM,SKIP,idle,22706.45,25.57,1.0,0.0,0.0,1.041,0.518,0.579,0,10,50,1,1,30,0,30,65,high_vol_range,0.0,0,,,
2026-03-24T10:55:00+05:30,portfolio_hist,PREMIUM,SKIP,idle,22672.8,25.67,1.0,0.0,0.0,1.041,0.665,0.565,0,10,55,1,1,30,0,30,65,high_vol_range,0.0,0,,,
2026-03-24T09:30:00+05:30,portfolio_hist,PREMIUM,SKIP,idle,22848.25,25.09,1.0,0.0,0.0,1.04,0.103,1.627,0,9,30,1,1,50,0,50,75,trending,0.0,0,,,
2026-03-24T09:35:00+05:30,portfolio_hist,PREMIUM,SKIP,idle,22819.1,25.18,1.0,0.0,0.0,1.04,0.024,1.627,0,9,35,1,1,50,0,50,75,trending,0.0,0,,,
2026-03-24T09:40:00+05:30,portfolio_hist,PREMIUM,SKIP,idle,22779.75,25.3,1.0,0.0,0.0,1.04,0.197,1.627,0,9,40,1,1,37,0,37,75,trending,0.0,0,,,
2026-03-24T09:45:00+05:30,portfolio_hist,PREMIUM,SKIP,idle,22719.05,25.47,1.0,0.0,0.0,1.04,0.463,0.505,0,9,45,1,1,35,0,35,75,high_vol_range,0.0,0,,,
2026-03-24T09:50:00+05:30,portfolio_hist,PREMIUM,SKIP,idle,22712.55,25.48,1.0,0.0,0.0,1.04,0.491,0.603,0,9,50,1,1,35,0,35,75,high_vol_range,0.0,0,,,
2026-03-24T09:55:00+05:30,portfolio_hist,PREMIUM,SKIP,idle,22755.45,25.34,1.0,0.0,0.0,1.04,0.303,0.603,0,9,55,1,1,35,0,35,75,high_vol_range,0.0,0,,,
2026-03-24T10:00:00+05:30,portfolio_hist,PREMIUM,SKIP,idle,22747.3,25.4,1.0,0.0,0.0,1.04,0.339,0.601,0,10,0,1,1,35,0,35,65,high_vol_range,0.0,0,,,
2026-03-24T10:05:00+05:30,portfolio_hist,PREMIUM,SKIP,idle,22715.0,25.54,1.0,0.0,0.0,1.041,0.48,0.517,0,10,5,1,1,35,0,35,65,high_vol_range,0.0,0,,,
2026-03-24T10:10:00+05:30,portfolio_hist,PREMIUM,SKIP,idle,22693.55,25.53,1.0,0.0,0.0,1.04,0.574,0.429,0,10,10,1,1,37,0,37,65,high_vol_range,0.0,0,,,
2026-03-24T10:15:00+05:30,portfolio_hist,PREMIUM,SKIP,idle,22711.4,25.5,1.0,0.0,0.0,1.04,0.496,0.374,0,10,15,1,1,42,0,42,65,high_vol_range,0.0,0,,,
2026-03-24T10:20:00+05:30,portfolio_hist,PREMIUM,SKIP,idle,22714.0,25.39,1.0,0.0,0.0,1.04,0.485,0.374,0,10,20,1,1,42,0,42,65,high_vol_range,0.0,0,,,
2026-03-24T10:25:00+05:30,portfolio_hist,PREMIUM,SKIP,idle,22760.0,25.4,1.0,0.0,0.0,1.04,0.283,0.374,0,10,25,1,1,49,0,49,65,high_vol_range,0.0,0,,,
2026-03-24T10:30:00+05:30,portfolio_hist,PREMIUM,SKIP,idle,22721.55,25.43,1.0,0.0,0.0,1.041,0.452,0.344,0,10,30,1,1,42,0,42,65,high_vol_range,0.0,0,,,
2026-03-24T10:35:00+05:30,portfolio_hist,PREMIUM,SKIP,idle,22660.9,25.5,1.0,0.0,0.0,1.04,0.717,0.421,0,10,35,1,1,37,0,37,65,high_vol_range,0.0,0,,,
2026-03-24T10:40:00+05:30,portfolio_hist,PREMIUM,SKIP,idle,22634.35,25.7,1.0,0.0,0.0,1.041,0.834,0.579,0,10,40,1,1,30,0,30,65,high_vol_range,0.0,0,,,
2026-03-24T10:45:00+05:30,portfolio_hist,PREMIUM,SKIP,idle,22665.9,25.59,1.0,0.0,0.0,1.041,0.696,0.579,0,10,45,1,1,30,0,30,65,high_vol_range,0.0,0,,,
2026-03-24T10:50:00+05:30,portfolio_hist,PREMIUM,SKIP,idle,22706.45,25.57,1.0,0.0,0.0,1.041,0.518,0.579,0,10,50,1,1,30,0,30,65,high_vol_range,0.0,0,,,
2026-03-24T10:55:00+05:30,portfolio_hist,PREMIUM,SKIP,idle,22672.8,25.67,1.0,0.0,0.0,1.041,0.665,0.565,0,10,55,1,1,30,0,30,65,high_vol_range,0.0,0,,,
2026-03-24T09:30:00+05:30,portfolio_hist,PREMIUM,SKIP,idle,22848.25,25.09,1.0,0.0,0.0,1.04,0.103,1.627,0,9,30,1,1,50,0,50,75,trending,0.0,0,,,
2026-03-24T09:35:00+05:30,portfolio_hist,PREMIUM,SKIP,idle,22819.1,25.18,1.0,0.0,0.0,1.04,0.024,1.627,0,9,35,1,1,50,0,50,75,trending,0.0,0,,,
2026-03-24T09:40:00+05:30,portfolio_hist,PREMIUM,SKIP,idle,22779.75,25.3,1.0,0.0,0.0,1.04,0.197,1.627,0,9,40,1,1,37,0,37,75,trending,0.0,0,,,
2026-03-24T09:45:00+05:30,portfolio_hist,PREMIUM,SKIP,idle,22719.05,25.47,1.0,0.0,0.0,1.04,0.463,0.505,0,9,45,1,1,35,0,35,75,high_vol_range,0.0,0,,,
2026-03-24T09:50:00+05:30,portfolio_hist,PREMIUM,SKIP,idle,22712.55,25.48,1.0,0.0,0.0,1.04,0.491,0.603,0,9,50,1,1,35,0,35,75,high_vol_range,0.0,0,,,
2026-03-24T09:55:00+05:30,portfolio_hist,PREMIUM,SKIP,idle,22755.45,25.34,1.0,0.0,0.0,1.04,0.303,0.603,0,9,55,1,1,35,0,35,75,high_vol_range,0.0,0,,,
2026-03-24T10:00:00+05:30,portfolio_hist,PREMIUM,SKIP,idle,22747.3,25.4,1.0,0.0,0.0,1.04,0.339,0.601,0,10,0,1,1,35,0,35,65,high_vol_range,0.0,0,,,
2026-03-24T10:05:00+05:30,portfolio_hist,PREMIUM,SKIP,idle,22715.0,25.54,1.0,0.0,0.0,1.041,0.48,0.517,0,10,5,1,1,35,0,35,65,high_vol_range,0.0,0,,,
2026-03-24T10:10:00+05:30,portfolio_hist,PREMIUM,SKIP,idle,22693.55,25.53,1.0,0.0,0.0,1.04,0.574,0.429,0,10,10,1,1,37,0,37,65,high_vol_range,0.0,0,,,
2026-03-24T10:15:00+05:30,portfolio_hist,PREMIUM,SKIP,idle,22711.4,25.5,1.0,0.0,0.0,1.04,0.496,0.374,0,10,15,1,1,42,0,42,65,high_vol_range,0.0,0,,,
2026-03-24T10:20:00+05:30,portfolio_hist,PREMIUM,SKIP,idle,22714.0,25.39,1.0,0.0,0.0,1.04,0.485,0.374,0,10,20,1,1,42,0,42,65,high_vol_range,0.0,0,,,
2026-03-24T10:25:00+05:30,portfolio_hist,PREMIUM,SKIP,idle,22760.0,25.4,1.0,0.0,0.0,1.04,0.283,0.374,0,10,25,1,1,49,0,49,65,high_vol_range,0.0,0,,,
2026-03-24T10:30:00+05:30,portfolio_hist,PREMIUM,SKIP,idle,22721.55,25.43,1.0,0.0,0.0,1.041,0.452,0.344,0,10,30,1,1,42,0,42,65,high_vol_range,0.0,0,,,
2026-03-24T10:35:00+05:30,portfolio_hist,PREMIUM,SKIP,idle,22660.9,25.5,1.0,0.0,0.0,1.04,0.717,0.421,0,10,35,1,1,37,0,37,65,high_vol_range,0.0,0,,,
2026-03-24T10:40:00+05:30,portfolio_hist,PREMIUM,SKIP,idle,22634.35,25.7,1.0,0.0,0.0,1.041,0.834,0.579,0,10,40,1,1,30,0,30,65,high_vol_range,0.0,0,,,
2026-03-24T10:45:00+05:30,portfolio_hist,PREMIUM,SKIP,idle,22665.9,25.59,1.0,0.0,0.0,1.041,0.696,0.579,0,10,45,1,1,30,0,30,65,high_vol_range,0.0,0,,,
2026-03-24T10:50:00+05:30,portfolio_hist,PREMIUM,SKIP,idle,22706.45,25.57,1.0,0.0,0.0,1.041,0.518,0.579,0,10,50,1,1,30,0,30,65,high_vol_range,0.0,0,,,
2026-03-24T10:55:00+05:30,portfolio_hist,PREMIUM,SKIP,idle,22672.8,25.67,1.0,0.0,0.0,1.041,0.665,0.565,0,10,55,1,1,30,0,30,65,high_vol_range,0.0,0,,,
2026-03-24T09:30:00+05:30,portfolio_hist,PREMIUM,SKIP,idle,22848.25,25.09,1.0,0.0,0.0,1.04,0.103,1.627,0,9,30,1,1,50,0,50,75,trending,0.0,0,,,
2026-03-24T09:35:00+05:30,portfolio_hist,PREMIUM,SKIP,idle,22819.1,25.18,1.0,0.0,0.0,1.04,0.024,1.627,0,9,35,1,1,50,0,50,75,trending,0.0,0,,,
2026-03-24T09:40:00+05:30,portfolio_hist,PREMIUM,SKIP,idle,22779.75,25.3,1.0,0.0,0.0,1.04,0.197,1.627,0,9,40,1,1,37,0,37,75,trending,0.0,0,,,
2026-03-24T09:45:00+05:30,portfolio_hist,PREMIUM,SKIP,idle,22719.05,25.47,1.0,0.0,0.0,1.04,0.463,0.505,0,9,45,1,1,35,0,35,75,high_vol_range,0.0,0,,,
2026-03-24T09:50:00+05:30,portfolio_hist,PREMIUM,SKIP,idle,22712.55,25.48,1.0,0.0,0.0,1.04,0.491,0.603,0,9,50,1,1,35,0,35,75,high_vol_range,0.0,0,,,
2026-03-24T09:55:00+05:30,portfolio_hist,PREMIUM,SKIP,idle,22755.45,25.34,1.0,0.0,0.0,1.04,0.303,0.603,0,9,55,1,1,35,0,35,75,high_vol_range,0.0,0,,,
2026-03-24T10:00:00+05:30,portfolio_hist,PREMIUM,SKIP,idle,22747.3,25.4,1.0,0.0,0.0,1.04,0.339,0.601,0,10,0,1,1,35,0,35,65,high_vol_range,0.0,0,,,
2026-03-24T10:05:00+05:30,portfolio_hist,PREMIUM,SKIP,idle,22715.0,25.54,1.0,0.0,0.0,1.041,0.48,0.517,0,10,5,1,1,35,0,35,65,high_vol_range,0.0,0,,,
2026-03-24T10:10:00+05:30,portfolio_hist,PREMIUM,SKIP,idle,22693.55,25.53,1.0,0.0,0.0,1.04,0.574,0.429,0,10,10,1,1,37,0,37,65,high_vol_range,0.0,0,,,
2026-03-24T10:15:00+05:30,portfolio_hist,PREMIUM,SKIP,idle,22711.4,25.5,1.0,0.0,0.0,1.04,0.496,0.374,0,10,15,1,1,42,0,42,65,high_vol_range,0.0,0,,,
2026-03-24T10:20:00+05:30,portfolio_hist,PREMIUM,SKIP,idle,22714.0,25.39,1.0,0.0,0.0,1.04,0.485,0.374,0,10,20,1,1,42,0,42,65,high_vol_range,0.0,0,,,
2026-03-24T10:25:00+05:30,portfolio_hist,PREMIUM,SKIP,idle,22760.0,25.4,1.0,0.0,0.0,1.04,0.283,0.374,0,10,25,1,1,49,0,49,65,high_vol_range,0.0,0,,,
2026-03-24T10:30:00+05:30,portfolio_hist,PREMIUM,SKIP,idle,22721.55,25.43,1.0,0.0,0.0,1.041,0.452,0.344,0,10,30,1,1,42,0,42,65,high_vol_range,0.0,0,,,
2026-03-24T10:35:00+05:30,portfolio_hist,PREMIUM,SKIP,idle,22660.9,25.5,1.0,0.0,0.0,1.04,0.717,0.421,0,10,35,1,1,37,0,37,65,high_vol_range,0.0,0,,,
2026-03-24T10:40:00+05:30,portfolio_hist,PREMIUM,SKIP,idle,22634.35,25.7,1.0,0.0,0.0,1.041,0.834,0.579,0,10,40,1,1,30,0,30,65,high_vol_range,0.0,0,,,
2026-03-24T10:45:00+05:30,portfolio_hist,PREMIUM,SKIP,idle,22665.9,25.59,1.0,0.0,0.0,1.041,0.696,0.579,0,10,45,1,1,30,0,30,65,high_vol_range,0.0,0,,,
2026-03-24T10:50:00+05:30,portfolio_hist,PREMIUM,SKIP,idle,22706.45,25.57,1.0,0.0,0.0,1.041,0.518,0.579,0,10,50,1,1,30,0,30,65,high_vol_range,0.0,0,,,
2026-03-24T10:55:00+05:30,portfolio_hist,PREMIUM,SKIP,idle,22672.8,25.67,1.0,0.0,0.0,1.041,0.665,0.565,0,10,55,1,1,30,0,30,65,high_vol_range,0.0,0,,,
2026-03-24T09:30:00+05:30,portfolio_hist,PREMIUM,SKIP,idle,22848.25,25.09,1.0,0.0,0.0,1.04,0.103,1.627,0,9,30,1,1,50,0,50,75,trending,0.0,0,,,
2026-03-24T09:35:00+05:30,portfolio_hist,PREMIUM,SKIP,idle,22819.1,25.18,1.0,0.0,0.0,1.04,0.024,1.627,0,9,35,1,1,50,0,50,75,trending,0.0,0,,,
2026-03-24T09:40:00+05:30,portfolio_hist,PREMIUM,SKIP,idle,22779.75,25.3,1.0,0.0,0.0,1.04,0.197,1.627,0,9,40,1,1,37,0,37,75,trending,0.0,0,,,
2026-03-24T09:45:00+05:30,portfolio_hist,PREMIUM,SKIP,idle,22719.05,25.47,1.0,0.0,0.0,1.04,0.463,0.505,0,9,45,1,1,35,0,35,75,high_vol_range,0.0,0,,,
2026-03-24T09:50:00+05:30,portfolio_hist,PREMIUM,SKIP,idle,22712.55,25.48,1.0,0.0,0.0,1.04,0.491,0.603,0,9,50,1,1,35,0,35,75,high_vol_range,0.0,0,,,
2026-03-24T09:55:00+05:30,portfolio_hist,PREMIUM,SKIP,idle,22755.45,25.34,1.0,0.0,0.0,1.04,0.303,0.603,0,9,55,1,1,35,0,35,75,high_vol_range,0.0,0,,,
2026-03-24T10:00:00+05:30,portfolio_hist,PREMIUM,SKIP,idle,22747.3,25.4,1.0,0.0,0.0,1.04,0.339,0.601,0,10,0,1,1,35,0,35,65,high_vol_range,0.0,0,,,
2026-03-24T10:05:00+05:30,portfolio_hist,PREMIUM,SKIP,idle,22715.0,25.54,1.0,0.0,0.0,1.041,0.48,0.517,0,10,5,1,1,35,0,35,65,high_vol_range,0.0,0,,,
2026-03-24T10:10:00+05:30,portfolio_hist,PREMIUM,SKIP,idle,22693.55,25.53,1.0,0.0,0.0,1.04,0.574,0.429,0,10,10,1,1,37,0,37,65,high_vol_range,0.0,0,,,
2026-03-24T10:15:00+05:30,portfolio_hist,PREMIUM,SKIP,idle,22711.4,25.5,1.0,0.0,0.0,1.04,0.496,0.374,0,10,15,1,1,42,0,42,65,high_vol_range,0.0,0,,,
2026-03-24T10:20:00+05:30,portfolio_hist,PREMIUM,SKIP,idle,22714.0,25.39,1.0,0.0,0.0,1.04,0.485,0.374,0,10,20,1,1,42,0,42,65,high_vol_range,0.0,0,,,
2026-03-24T10:25:00+05:30,portfolio_hist,PREMIUM,SKIP,idle,22760.0,25.4,1.0,0.0,0.0,1.04,0.283,0.374,0,10,25,1,1,49,0,49,65,high_vol_range,0.0,0,,,
2026-03-24T10:30:00+05:30,portfolio_hist,PREMIUM,SKIP,idle,22721.55,25.43,1.0,0.0,0.0,1.041,0.452,0.344,0,10,30,1,1,42,0,42,65,high_vol_range,0.0,0,,,
2026-03-24T10:35:00+05:30,portfolio_hist,PREMIUM,SKIP,idle,22660.9,25.5,1.0,0.0,0.0,1.04,0.717,0.421,0,10,35,1,1,37,0,37,65,high_vol_range,0.0,0,,,
2026-03-24T10:40:00+05:30,portfolio_hist,PREMIUM,SKIP,idle,22634.35,25.7,1.0,0.0,0.0,1.041,0.834,0.579,0,10,40,1,1,30,0,30,65,high_vol_range,0.0,0,,,
2026-03-24T10:45:00+05:30,portfolio_hist,PREMIUM,SKIP,idle,22665.9,25.59,1.0,0.0,0.0,1.041,0.696,0.579,0,10,45,1,1,30,0,30,65,high_vol_range,0.0,0,,,
2026-03-24T10:50:00+05:30,portfolio_hist,PREMIUM,SKIP,idle,22706.45,25.57,1.0,0.0,0.0,1.041,0.518,0.579,0,10,50,1,1,30,0,30,65,high_vol_range,0.0,0,,,
2026-03-24T10:55:00+05:30,portfolio_hist,PREMIUM,SKIP,idle,22672.8,25.67,1.0,0.0,0.0,1.041,0.665,0.565,0,10,55,1,1,30,0,30,65,high_vol_range,0.0,0,,,
2026-03-24T09:30:00+05:30,portfolio_hist,PREMIUM,SKIP,idle,22848.25,25.09,1.0,0.0,0.0,1.04,0.103,1.627,0,9,30,1,1,50,0,50,75,trending,0.0,0,,,
2026-03-24T09:35:00+05:30,portfolio_hist,PREMIUM,SKIP,idle,22819.1,25.18,1.0,0.0,0.0,1.04,0.024,1.627,0,9,35,1,1,50,0,50,75,trending,0.0,0,,,
2026-03-24T09:40:00+05:30,portfolio_hist,PREMIUM,SKIP,idle,22779.75,25.3,1.0,0.0,0.0,1.04,0.197,1.627,0,9,40,1,1,37,0,37,75,trending,0.0,0,,,
2026-03-24T09:45:00+05:30,portfolio_hist,PREMIUM,SKIP,idle,22719.05,25.47,1.0,0.0,0.0,1.04,0.463,0.505,0,9,45,1,1,35,0,35,75,high_vol_range,0.0,0,,,
2026-03-24T09:50:00+05:30,portfolio_hist,PREMIUM,SKIP,idle,22712.55,25.48,1.0,0.0,0.0,1.04,0.491,0.603,0,9,50,1,1,35,0,35,75,high_vol_range,0.0,0,,,
2026-03-24T09:55:00+05:30,portfolio_hist,PREMIUM,SKIP,idle,22755.45,25.34,1.0,0.0,0.0,1.04,0.303,0.603,0,9,55,1,1,35,0,35,75,high_vol_range,0.0,0,,,
2026-03-24T10:00:00+05:30,portfolio_hist,PREMIUM,SKIP,idle,22747.3,25.4,1.0,0.0,0.0,1.04,0.339,0.601,0,10,0,1,1,35,0,35,65,high_vol_range,0.0,0,,,
2026-03-24T10:05:00+05:30,portfolio_hist,PREMIUM,SKIP,idle,22715.0,25.54,1.0,0.0,0.0,1.041,0.48,0.517,0,10,5,1,1,35,0,35,65,high_vol_range,0.0,0,,,
2026-03-24T10:10:00+05:30,portfolio_hist,PREMIUM,SKIP,idle,22693.55,25.53,1.0,0.0,0.0,1.04,0.574,0.429,0,10,10,1,1,37,0,37,65,high_vol_range,0.0,0,,,
2026-03-24T10:15:00+05:30,portfolio_hist,PREMIUM,SKIP,idle,22711.4,25.5,1.0,0.0,0.0,1.04,0.496,0.374,0,10,15,1,1,42,0,42,65,high_vol_range,0.0,0,,,
2026-03-24T10:20:00+05:30,portfolio_hist,PREMIUM,SKIP,idle,22714.0,25.39,1.0,0.0,0.0,1.04,0.485,0.374,0,10,20,1,1,42,0,42,65,high_vol_range,0.0,0,,,
2026-03-24T10:25:00+05:30,portfolio_hist,PREMIUM,SKIP,idle,22760.0,25.4,1.0,0.0,0.0,1.04,0.283,0.374,0,10,25,1,1,49,0,49,65,high_vol_range,0.0,0,,,
2026-03-24T10:30:00+05:30,portfolio_hist,PREMIUM,SKIP,idle,22721.55,25.43,1.0,0.0,0.0,1.041,0.452,0.344,0,10,30,1,1,42,0,42,65,high_vol_range,0.0,0,,,
2026-03-24T10:35:00+05:30,portfolio_hist,PREMIUM,SKIP,idle,22660.9,25.5,1.0,0.0,0.0,1.04,0.717,0.421,0,10,35,1,1,37,0,37,65,high_vol_range,0.0,0,,,
2026-03-24T10:40:00+05:30,portfolio_hist,PREMIUM,SKIP,idle,22634.35,25.7,1.0,0.0,0.0,1.041,0.834,0.579,0,10,40,1,1,30,0,30,65,high_vol_range,0.0,0,,,
2026-03-24T10:45:00+05:30,portfolio_hist,PREMIUM,SKIP,idle,22665.9,25.59,1.0,0.0,0.0,1.041,0.696,0.579,0,10,45,1,1,30,0,30,65,high_vol_range,0.0,0,,,
2026-03-24T10:50:00+05:30,portfolio_hist,PREMIUM,SKIP,idle,22706.45,25.57,1.0,0.0,0.0,1.041,0.518,0.579,0,10,50,1,1,30,0,30,65,high_vol_range,0.0,0,,,
2026-03-24T10:55:00+05:30,portfolio_hist,PREMIUM,SKIP,idle,22672.8,25.67,1.0,0.0,0.0,1.041,0.665,0.565,0,10,55,1,1,30,0,30,65,high_vol_range,0.0,0,,,
2026-03-24T09:30:00+05:30,portfolio_hist,PREMIUM,SKIP,idle,22848.25,25.09,1.0,0.0,0.0,1.04,0.103,1.627,0,9,30,1,1,50,0,50,75,trending,0.0,0,,,
2026-03-24T09:35:00+05:30,portfolio_hist,PREMIUM,SKIP,idle,22819.1,25.18,1.0,0.0,0.0,1.04,0.024,1.627,0,9,35,1,1,50,0,50,75,trending,0.0,0,,,
2026-03-24T09:40:00+05:30,portfolio_hist,PREMIUM,SKIP,idle,22779.75,25.3,1.0,0.0,0.0,1.04,0.197,1.627,0,9,40,1,1,37,0,37,75,trending,0.0,0,,,
2026-03-24T09:45:00+05:30,portfolio_hist,PREMIUM,SKIP,idle,22719.05,25.47,1.0,0.0,0.0,1.04,0.463,0.505,0,9,45,1,1,35,0,35,75,high_vol_range,0.0,0,,,
2026-03-24T09:50:00+05:30,portfolio_hist,PREMIUM,SKIP,idle,22712.55,25.48,1.0,0.0,0.0,1.04,0.491,0.603,0,9,50,1,1,35,0,35,75,high_vol_range,0.0,0,,,
2026-03-24T09:55:00+05:30,portfolio_hist,PREMIUM,SKIP,idle,22755.45,25.34,1.0,0.0,0.0,1.04,0.303,0.603,0,9,55,1,1,35,0,35,75,high_vol_range,0.0,0,,,
2026-03-24T10:00:00+05:30,portfolio_hist,PREMIUM,SKIP,idle,22747.3,25.4,1.0,0.0,0.0,1.04,0.339,0.601,0,10,0,1,1,35,0,35,65,high_vol_range,0.0,0,,,
2026-03-24T10:05:00+05:30,portfolio_hist,PREMIUM,SKIP,idle,22715.0,25.54,1.0,0.0,0.0,1.041,0.48,0.517,0,10,5,1,1,35,0,35,65,high_vol_range,0.0,0,,,
2026-03-24T10:10:00+05:30,portfolio_hist,PREMIUM,SKIP,idle,22693.55,25.53,1.0,0.0,0.0,1.04,0.574,0.429,0,10,10,1,1,37,0,37,65,high_vol_range,0.0,0,,,
2026-03-24T10:15:00+05:30,portfolio_hist,PREMIUM,SKIP,idle,22711.4,25.5,1.0,0.0,0.0,1.04,0.496,0.374,0,10,15,1,1,42,0,42,65,high_vol_range,0.0,0,,,
2026-03-24T10:20:00+05:30,portfolio_hist,PREMIUM,SKIP,idle,22714.0,25.39,1.0,0.0,0.0,1.04,0.485,0.374,0,10,20,1,1,42,0,42,65,high_vol_range,0.0,0,,,
2026-03-24T10:25:00+05:30,portfolio_hist,PREMIUM,SKIP,idle,22760.0,25.4,1.0,0.0,0.0,1.04,0.283,0.374,0,10,25,1,1,49,0,49,65,high_vol_range,0.0,0,,,
2026-03-24T10:30:00+05:30,portfolio_hist,PREMIUM,SKIP,idle,22721.55,25.43,1.0,0.0,0.0,1.041,0.452,0.344,0,10,30,1,1,42,0,42,65,high_vol_range,0.0,0,,,
2026-03-24T10:35:00+05:30,portfolio_hist,PREMIUM,SKIP,idle,22660.9,25.5,1.0,0.0,0.0,1.04,0.717,0.421,0,10,35,1,1,37,0,37,65,high_vol_range,0.0,0,,,
2026-03-24T10:40:00+05:30,portfolio_hist,PREMIUM,SKIP,idle,22634.35,25.7,1.0,0.0,0.0,1.041,0.834,0.579,0,10,40,1,1,30,0,30,65,high_vol_range,0.0,0,,,
2026-03-24T10:45:00+05:30,portfolio_hist,PREMIUM,SKIP,idle,22665.9,25.59,1.0,0.0,0.0,1.041,0.696,0.579,0,10,45,1,1,30,0,30,65,high_vol_range,0.0,0,,,
2026-03-24T10:50:00+05:30,portfolio_hist,PREMIUM,SKIP,idle,22706.45,25.57,1.0,0.0,0.0,1.041,0.518,0.579,0,10,50,1,1,30,0,30,65,high_vol_range,0.0,0,,,
2026-03-24T10:55:00+05:30,portfolio_hist,PREMIUM,SKIP,idle,22672.8,25.67,1.0,0.0,0.0,1.041,0.665,0.565,0,10,55,1,1,30,0,30,65,high_vol_range,0.0,0,,,
2026-03-24T09:30:00+05:30,portfolio_hist,PREMIUM,SKIP,idle,22848.25,25.09,1.0,0.0,0.0,1.04,0.103,1.627,0,9,30,1,1,50,0,50,75,trending,0.0,0,,,
2026-03-24T09:35:00+05:30,portfolio_hist,PREMIUM,SKIP,idle,22819.1,25.18,1.0,0.0,0.0,1.04,0.024,1.627,0,9,35,1,1,50,0,50,75,trending,0.0,0,,,
2026-03-24T09:40:00+05:30,portfolio_hist,PREMIUM,SKIP,idle,22779.75,25.3,1.0,0.0,0.0,1.04,0.197,1.627,0,9,40,1,1,37,0,37,75,trending,0.0,0,,,
2026-03-24T09:45:00+05:30,portfolio_hist,PREMIUM,SKIP,idle,22719.05,25.47,1.0,0.0,0.0,1.04,0.463,0.505,0,9,45,1,1,35,0,35,75,high_vol_range,0.0,0,,,
2026-03-24T09:50:00+05:30,portfolio_hist,PREMIUM,SKIP,idle,22712.55,25.48,1.0,0.0,0.0,1.04,0.491,0.603,0,9,50,1,1,35,0,35,75,high_vol_range,0.0,0,,,
2026-03-24T09:55:00+05:30,portfolio_hist,PREMIUM,SKIP,idle,22755.45,25.34,1.0,0.0,0.0,1.04,0.303,0.603,0,9,55,1,1,35,0,35,75,high_vol_range,0.0,0,,,
2026-03-24T10:00:00+05:30,portfolio_hist,PREMIUM,SKIP,idle,22747.3,25.4,1.0,0.0,0.0,1.04,0.339,0.601,0,10,0,1,1,35,0,35,65,high_vol_range,0.0,0,,,
2026-03-24T10:05:00+05:30,portfolio_hist,PREMIUM,SKIP,idle,22715.0,25.54,1.0,0.0,0.0,1.041,0.48,0.517,0,10,5,1,1,35,0,35,65,high_vol_range,0.0,0,,,
2026-03-24T10:10:00+05:30,portfolio_hist,PREMIUM,SKIP,idle,22693.55,25.53,1.0,0.0,0.0,1.04,0.574,0.429,0,10,10,1,1,37,0,37,65,high_vol_range,0.0,0,,,
2026-03-24T10:15:00+05:30,portfolio_hist,PREMIUM,SKIP,idle,22711.4,25.5,1.0,0.0,0.0,1.04,0.496,0.374,0,10,15,1,1,42,0,42,65,high_vol_range,0.0,0,,,
2026-03-24T10:20:00+05:30,portfolio_hist,PREMIUM,SKIP,idle,22714.0,25.39,1.0,0.0,0.0,1.04,0.485,0.374,0,10,20,1,1,42,0,42,65,high_vol_range,0.0,0,,,
2026-03-24T10:25:00+05:30,portfolio_hist,PREMIUM,SKIP,idle,22760.0,25.4,1.0,0.0,0.0,1.04,0.283,0.374,0,10,25,1,1,49,0,49,65,high_vol_range,0.0,0,,,
2026-03-24T10:30:00+05:30,portfolio_hist,PREMIUM,SKIP,idle,22721.55,25.43,1.0,0.0,0.0,1.041,0.452,0.344,0,10,30,1,1,42,0,42,65,high_vol_range,0.0,0,,,
2026-03-24T10:35:00+05:30,portfolio_hist,PREMIUM,SKIP,idle,22660.9,25.5,1.0,0.0,0.0,1.04,0.717,0.421,0,10,35,1,1,37,0,37,65,high_vol_range,0.0,0,,,
2026-03-24T10:40:00+05:30,portfolio_hist,PREMIUM,SKIP,idle,22634.35,25.7,1.0,0.0,0.0,1.041,0.834,0.579,0,10,40,1,1,30,0,30,65,high_vol_range,0.0,0,,,
2026-03-24T10:45:00+05:30,portfolio_hist,PREMIUM,SKIP,idle,22665.9,25.59,1.0,0.0,0.0,1.041,0.696,0.579,0,10,45,1,1,30,0,30,65,high_vol_range,0.0,0,,,
2026-03-24T10:50:00+05:30,portfolio_hist,PREMIUM,SKIP,idle,22706.45,25.57,1.0,0.0,0.0,1.041,0.518,0.579,0,10,50,1,1,30,0,30,65,high_vol_range,0.0,0,,,
2026-03-24T10:55:00+05:30,portfolio_hist,PREMIUM,SKIP,idle,22672.8,25.67,1.0,0.0,0.0,1.041,0.665,0.565,0,10,55,1,1,30,0,30,65,high_vol_range,0.0,0,,,
2026-03-24T09:30:00+05:30,portfolio_hist,PREMIUM,SKIP,idle,22848.25,25.09,1.0,0.0,0.0,1.04,0.103,1.627,0,9,30,1,1,50,0,50,75,trending,0.0,0,,,
2026-03-24T09:35:00+05:30,portfolio_hist,PREMIUM,SKIP,idle,22819.1,25.18,1.0,0.0,0.0,1.04,0.024,1.627,0,9,35,1,1,50,0,50,75,trending,0.0,0,,,
2026-03-24T09:40:00+05:30,portfolio_hist,PREMIUM,SKIP,idle,22779.75,25.3,1.0,0.0,0.0,1.04,0.197,1.627,0,9,40,1,1,37,0,37,75,trending,0.0,0,,,
2026-03-24T09:45:00+05:30,portfolio_hist,PREMIUM,SKIP,idle,22719.05,25.47,1.0,0.0,0.0,1.04,0.463,0.505,0,9,45,1,1,35,0,35,75,high_vol_range,0.0,0,,,
2026-03-24T09:50:00+05:30,portfolio_hist,PREMIUM,SKIP,idle,22712.55,25.48,1.0,0.0,0.0,1.04,0.491,0.603,0,9,50,1,1,35,0,35,75,high_vol_range,0.0,0,,,
2026-03-24T09:55:00+05:30,portfolio_hist,PREMIUM,SKIP,idle,22755.45,25.34,1.0,0.0,0.0,1.04,0.303,0.603,0,9,55,1,1,35,0,35,75,high_vol_range,0.0,0,,,
2026-03-24T10:00:00+05:30,portfolio_hist,PREMIUM,SKIP,idle,22747.3,25.4,1.0,0.0,0.0,1.04,0.339,0.601,0,10,0,1,1,35,0,35,65,high_vol_range,0.0,0,,,
2026-03-24T10:05:00+05:30,portfolio_hist,PREMIUM,SKIP,idle,22715.0,25.54,1.0,0.0,0.0,1.041,0.48,0.517,0,10,5,1,1,35,0,35,65,high_vol_range,0.0,0,,,
2026-03-24T10:10:00+05:30,portfolio_hist,PREMIUM,SKIP,idle,22693.55,25.53,1.0,0.0,0.0,1.04,0.574,0.429,0,10,10,1,1,37,0,37,65,high_vol_range,0.0,0,,,
2026-03-24T10:15:00+05:30,portfolio_hist,PREMIUM,SKIP,idle,22711.4,25.5,1.0,0.0,0.0,1.04,0.496,0.374,0,10,15,1,1,42,0,42,65,high_vol_range,0.0,0,,,
2026-03-24T10:20:00+05:30,portfolio_hist,PREMIUM,SKIP,idle,22714.0,25.39,1.0,0.0,0.0,1.04,0.485,0.374,0,10,20,1,1,42,0,42,65,high_vol_range,0.0,0,,,
2026-03-24T10:25:00+05:30,portfolio_hist,PREMIUM,SKIP,idle,22760.0,25.4,1.0,0.0,0.0,1.04,0.283,0.374,0,10,25,1,1,49,0,49,65,high_vol_range,0.0,0,,,
2026-03-24T10:30:00+05:30,portfolio_hist,PREMIUM,SKIP,idle,22721.55,25.43,1.0,0.0,0.0,1.041,0.452,0.344,0,10,30,1,1,42,0,42,65,high_vol_range,0.0,0,,,
2026-03-24T10:35:00+05:30,portfolio_hist,PREMIUM,SKIP,idle,22660.9,25.5,1.0,0.0,0.0,1.04,0.717,0.421,0,10,35,1,1,37,0,37,65,high_vol_range,0.0,0,,,
2026-03-24T10:40:00+05:30,portfolio_hist,PREMIUM,SKIP,idle,22634.35,25.7,1.0,0.0,0.0,1.041,0.834,0.579,0,10,40,1,1,30,0,30,65,high_vol_range,0.0,0,,,
2026-03-24T10:45:00+05:30,portfolio_hist,PREMIUM,SKIP,idle,22665.9,25.59,1.0,0.0,0.0,1.041,0.696,0.579,0,10,45,1,1,30,0,30,65,high_vol_range,0.0,0,,,
2026-03-24T10:50:00+05:30,portfolio_hist,PREMIUM,SKIP,idle,22706.45,25.57,1.0,0.0,0.0,1.041,0.518,0.579,0,10,50,1,1,30,0,30,65,high_vol_range,0.0,0,,,
2026-03-24T10:55:00+05:30,portfolio_hist,PREMIUM,SKIP,idle,22672.8,25.67,1.0,0.0,0.0,1.041,0.665,0.565,0,10,55,1,1,30,0,30,65,high_vol_range,0.0,0,,,
2026-03-24T09:30:00+05:30,portfolio_hist,PREMIUM,SKIP,idle,22848.25,25.09,1.0,0.0,0.0,1.04,0.103,1.627,0,9,30,1,1,50,0,50,75,trending,0.0,0,,,
2026-03-24T09:35:00+05:30,portfolio_hist,PREMIUM,SKIP,idle,22819.1,25.18,1.0,0.0,0.0,1.04,0.024,1.627,0,9,35,1,1,50,0,50,75,trending,0.0,0,,,
2026-03-24T09:40:00+05:30,portfolio_hist,PREMIUM,SKIP,idle,22779.75,25.3,1.0,0.0,0.0,1.04,0.197,1.627,0,9,40,1,1,37,0,37,75,trending,0.0,0,,,
2026-03-24T09:45:00+05:30,portfolio_hist,PREMIUM,SKIP,idle,22719.05,25.47,1.0,0.0,0.0,1.04,0.463,0.505,0,9,45,1,1,35,0,35,75,high_vol_range,0.0,0,,,
2026-03-24T09:50:00+05:30,portfolio_hist,PREMIUM,SKIP,idle,22712.55,25.48,1.0,0.0,0.0,1.04,0.491,0.603,0,9,50,1,1,35,0,35,75,high_vol_range,0.0,0,,,
2026-03-24T09:55:00+05:30,portfolio_hist,PREMIUM,SKIP,idle,22755.45,25.34,1.0,0.0,0.0,1.04,0.303,0.603,0,9,55,1,1,35,0,35,75,high_vol_range,0.0,0,,,
2026-03-24T10:00:00+05:30,portfolio_hist,PREMIUM,SKIP,idle,22747.3,25.4,1.0,0.0,0.0,1.04,0.339,0.601,0,10,0,1,1,35,0,35,65,high_vol_range,0.0,0,,,
2026-03-24T10:05:00+05:30,portfolio_hist,PREMIUM,SKIP,idle,22715.0,25.54,1.0,0.0,0.0,1.041,0.48,0.517,0,10,5,1,1,35,0,35,65,high_vol_range,0.0,0,,,
2026-03-24T10:10:00+05:30,portfolio_hist,PREMIUM,SKIP,idle,22693.55,25.53,1.0,0.0,0.0,1.04,0.574,0.429,0,10,10,1,1,37,0,37,65,high_vol_range,0.0,0,,,
2026-03-24T10:15:00+05:30,portfolio_hist,PREMIUM,SKIP,idle,22711.4,25.5,1.0,0.0,0.0,1.04,0.496,0.374,0,10,15,1,1,42,0,42,65,high_vol_range,0.0,0,,,
2026-03-24T10:20:00+05:30,portfolio_hist,PREMIUM,SKIP,idle,22714.0,25.39,1.0,0.0,0.0,1.04,0.485,0.374,0,10,20,1,1,42,0,42,65,high_vol_range,0.0,0,,,
2026-03-24T10:25:00+05:30,portfolio_hist,PREMIUM,SKIP,idle,22760.0,25.4,1.0,0.0,0.0,1.04,0.283,0.374,0,10,25,1,1,49,0,49,65,high_vol_range,0.0,0,,,
2026-03-24T10:30:00+05:30,portfolio_hist,PREMIUM,SKIP,idle,22721.55,25.43,1.0,0.0,0.0,1.041,0.452,0.344,0,10,30,1,1,42,0,42,65,high_vol_range,0.0,0,,,
2026-03-24T10:35:00+05:30,portfolio_hist,PREMIUM,SKIP,idle,22660.9,25.5,1.0,0.0,0.0,1.04,0.717,0.421,0,10,35,1,1,37,0,37,65,high_vol_range,0.0,0,,,
2026-03-24T10:40:00+05:30,portfolio_hist,PREMIUM,SKIP,idle,22634.35,25.7,1.0,0.0,0.0,1.041,0.834,0.579,0,10,40,1,1,30,0,30,65,high_vol_range,0.0,0,,,
2026-03-24T10:45:00+05:30,portfolio_hist,PREMIUM,SKIP,idle,22665.9,25.59,1.0,0.0,0.0,1.041,0.696,0.579,0,10,45,1,1,30,0,30,65,high_vol_range,0.0,0,,,
2026-03-24T10:50:00+05:30,portfolio_hist,PREMIUM,SKIP,idle,22706.45,25.57,1.0,0.0,0.0,1.041,0.518,0.579,0,10,50,1,1,30,0,30,65,high_vol_range,0.0,0,,,
2026-03-24T10:55:00+05:30,portfolio_hist,PREMIUM,SKIP,idle,22672.8,25.67,1.0,0.0,0.0,1.041,0.665,0.565,0,10,55,1,1,30,0,30,65,high_vol_range,0.0,0,,,
2026-03-24T09:30:00+05:30,portfolio_hist,PREMIUM,SKIP,idle,22848.25,25.09,1.0,0.0,0.0,1.04,0.103,1.627,0,9,30,1,1,50,0,50,75,trending,0.0,0,,,
2026-03-24T09:35:00+05:30,portfolio_hist,PREMIUM,SKIP,idle,22819.1,25.18,1.0,0.0,0.0,1.04,0.024,1.627,0,9,35,1,1,50,0,50,75,trending,0.0,0,,,
2026-03-24T09:40:00+05:30,portfolio_hist,PREMIUM,SKIP,idle,22779.75,25.3,1.0,0.0,0.0,1.04,0.197,1.627,0,9,40,1,1,37,0,37,75,trending,0.0,0,,,
2026-03-24T09:45:00+05:30,portfolio_hist,PREMIUM,SKIP,idle,22719.05,25.47,1.0,0.0,0.0,1.04,0.463,0.505,0,9,45,1,1,35,0,35,75,high_vol_range,0.0,0,,,
2026-03-24T09:50:00+05:30,portfolio_hist,PREMIUM,SKIP,idle,22712.55,25.48,1.0,0.0,0.0,1.04,0.491,0.603,0,9,50,1,1,35,0,35,75,high_vol_range,0.0,0,,,
2026-03-24T09:55:00+05:30,portfolio_hist,PREMIUM,SKIP,idle,22755.45,25.34,1.0,0.0,0.0,1.04,0.303,0.603,0,9,55,1,1,35,0,35,75,high_vol_range,0.0,0,,,
2026-03-24T10:00:00+05:30,portfolio_hist,PREMIUM,SKIP,idle,22747.3,25.4,1.0,0.0,0.0,1.04,0.339,0.601,0,10,0,1,1,35,0,35,65,high_vol_range,0.0,0,,,
2026-03-24T10:05:00+05:30,portfolio_hist,PREMIUM,SKIP,idle,22715.0,25.54,1.0,0.0,0.0,1.041,0.48,0.517,0,10,5,1,1,35,0,35,65,high_vol_range,0.0,0,,,
2026-03-24T10:10:00+05:30,portfolio_hist,PREMIUM,SKIP,idle,22693.55,25.53,1.0,0.0,0.0,1.04,0.574,0.429,0,10,10,1,1,37,0,37,65,high_vol_range,0.0,0,,,
2026-03-24T10:15:00+05:30,portfolio_hist,PREMIUM,SKIP,idle,22711.4,25.5,1.0,0.0,0.0,1.04,0.496,0.374,0,10,15,1,1,42,0,42,65,high_vol_range,0.0,0,,,
2026-03-24T10:20:00+05:30,portfolio_hist,PREMIUM,SKIP,idle,22714.0,25.39,1.0,0.0,0.0,1.04,0.485,0.374,0,10,20,1,1,42,0,42,65,high_vol_range,0.0,0,,,
2026-03-24T10:25:00+05:30,portfolio_hist,PREMIUM,SKIP,idle,22760.0,25.4,1.0,0.0,0.0,1.04,0.283,0.374,0,10,25,1,1,49,0,49,65,high_vol_range,0.0,0,,,
2026-03-24T10:30:00+05:30,portfolio_hist,PREMIUM,SKIP,idle,22721.55,25.43,1.0,0.0,0.0,1.041,0.452,0.344,0,10,30,1,1,42,0,42,65,high_vol_range,0.0,0,,,
2026-03-24T10:35:00+05:30,portfolio_hist,PREMIUM,SKIP,idle,22660.9,25.5,1.0,0.0,0.0,1.04,0.717,0.421,0,10,35,1,1,37,0,37,65,high_vol_range,0.0,0,,,
2026-03-24T10:40:00+05:30,portfolio_hist,PREMIUM,SKIP,idle,22634.35,25.7,1.0,0.0,0.0,1.041,0.834,0.579,0,10,40,1,1,30,0,30,65,high_vol_range,0.0,0,,,
2026-03-24T10:45:00+05:30,portfolio_hist,PREMIUM,SKIP,idle,22665.9,25.59,1.0,0.0,0.0,1.041,0.696,0.579,0,10,45,1,1,30,0,30,65,high_vol_range,0.0,0,,,
2026-03-24T10:50:00+05:30,portfolio_hist,PREMIUM,SKIP,idle,22706.45,25.57,1.0,0.0,0.0,1.041,0.518,0.579,0,10,50,1,1,30,0,30,65,high_vol_range,0.0,0,,,
2026-03-24T10:55:00+05:30,portfolio_hist,PREMIUM,SKIP,idle,22672.8,25.67,1.0,0.0,0.0,1.041,0.665,0.565,0,10,55,1,1,30,0,30,65,high_vol_range,0.0,0,,,
2026-03-24T09:30:00+05:30,portfolio_hist,PREMIUM,SKIP,idle,22848.25,25.09,1.0,0.0,0.0,1.04,0.103,1.627,0,9,30,1,1,50,0,50,75,trending,0.0,0,,,
2026-03-24T09:35:00+05:30,portfolio_hist,PREMIUM,SKIP,idle,22819.1,25.18,1.0,0.0,0.0,1.04,0.024,1.627,0,9,35,1,1,50,0,50,75,trending,0.0,0,,,
2026-03-24T09:40:00+05:30,portfolio_hist,PREMIUM,SKIP,idle,22779.75,25.3,1.0,0.0,0.0,1.04,0.197,1.627,0,9,40,1,1,37,0,37,75,trending,0.0,0,,,
2026-03-24T09:45:00+05:30,portfolio_hist,PREMIUM,SKIP,idle,22719.05,25.47,1.0,0.0,0.0,1.04,0.463,0.505,0,9,45,1,1,35,0,35,75,high_vol_range,0.0,0,,,
2026-03-24T09:50:00+05:30,portfolio_hist,PREMIUM,SKIP,idle,22712.55,25.48,1.0,0.0,0.0,1.04,0.491,0.603,0,9,50,1,1,35,0,35,75,high_vol_range,0.0,0,,,
2026-03-24T09:55:00+05:30,portfolio_hist,PREMIUM,SKIP,idle,22755.45,25.34,1.0,0.0,0.0,1.04,0.303,0.603,0,9,55,1,1,35,0,35,75,high_vol_range,0.0,0,,,
2026-03-24T10:00:00+05:30,portfolio_hist,PREMIUM,SKIP,idle,22747.3,25.4,1.0,0.0,0.0,1.04,0.339,0.601,0,10,0,1,1,35,0,35,65,high_vol_range,0.0,0,,,
2026-03-24T10:05:00+05:30,portfolio_hist,PREMIUM,SKIP,idle,22715.0,25.54,1.0,0.0,0.0,1.041,0.48,0.517,0,10,5,1,1,35,0,35,65,high_vol_range,0.0,0,,,
2026-03-24T10:10:00+05:30,portfolio_hist,PREMIUM,SKIP,idle,22693.55,25.53,1.0,0.0,0.0,1.04,0.574,0.429,0,10,10,1,1,37,0,37,65,high_vol_range,0.0,0,,,
2026-03-24T10:15:00+05:30,portfolio_hist,PREMIUM,SKIP,idle,22711.4,25.5,1.0,0.0,0.0,1.04,0.496,0.374,0,10,15,1,1,42,0,42,65,high_vol_range,0.0,0,,,
2026-03-24T10:20:00+05:30,portfolio_hist,PREMIUM,SKIP,idle,22714.0,25.39,1.0,0.0,0.0,1.04,0.485,0.374,0,10,20,1,1,42,0,42,65,high_vol_range,0.0,0,,,
2026-03-24T10:25:00+05:30,portfolio_hist,PREMIUM,SKIP,idle,22760.0,25.4,1.0,0.0,0.0,1.04,0.283,0.374,0,10,25,1,1,49,0,49,65,high_vol_range,0.0,0,,,
2026-03-24T10:30:00+05:30,portfolio_hist,PREMIUM,SKIP,idle,22721.55,25.43,1.0,0.0,0.0,1.041,0.452,0.344,0,10,30,1,1,42,0,42,65,high_vol_range,0.0,0,,,
2026-03-24T10:35:00+05:30,portfolio_hist,PREMIUM,SKIP,idle,22660.9,25.5,1.0,0.0,0.0,1.04,0.717,0.421,0,10,35,1,1,37,0,37,65,high_vol_range,0.0,0,,,
2026-03-24T10:40:00+05:30,portfolio_hist,PREMIUM,SKIP,idle,22634.35,25.7,1.0,0.0,0.0,1.041,0.834,0.579,0,10,40,1,1,30,0,30,65,high_vol_range,0.0,0,,,
2026-03-24T10:45:00+05:30,portfolio_hist,PREMIUM,SKIP,idle,22665.9,25.59,1.0,0.0,0.0,1.041,0.696,0.579,0,10,45,1,1,30,0,30,65,high_vol_range,0.0,0,,,
2026-03-24T10:50:00+05:30,portfolio_hist,PREMIUM,SKIP,idle,22706.45,25.57,1.0,0.0,0.0,1.041,0.518,0.579,0,10,50,1,1,30,0,30,65,high_vol_range,0.0,0,,,
2026-03-24T10:55:00+05:30,portfolio_hist,PREMIUM,SKIP,idle,22672.8,25.67,1.0,0.0,0.0,1.041,0.665,0.565,0,10,55,1,1,30,0,30,65,high_vol_range,0.0,0,,,
2026-03-24T09:30:00+05:30,portfolio_hist,PREMIUM,SKIP,idle,22848.25,25.09,1.0,0.0,0.0,1.04,0.103,1.627,0,9,30,1,1,50,0,50,75,trending,0.0,0,,,
2026-03-24T09:35:00+05:30,portfolio_hist,PREMIUM,SKIP,idle,22819.1,25.18,1.0,0.0,0.0,1.04,0.024,1.627,0,9,35,1,1,50,0,50,75,trending,0.0,0,,,
2026-03-24T09:40:00+05:30,portfolio_hist,PREMIUM,SKIP,idle,22779.75,25.3,1.0,0.0,0.0,1.04,0.197,1.627,0,9,40,1,1,37,0,37,75,trending,0.0,0,,,
2026-03-24T09:45:00+05:30,portfolio_hist,PREMIUM,SKIP,idle,22719.05,25.47,1.0,0.0,0.0,1.04,0.463,0.505,0,9,45,1,1,35,0,35,75,high_vol_range,0.0,0,,,
2026-03-24T09:50:00+05:30,portfolio_hist,PREMIUM,SKIP,idle,22712.55,25.48,1.0,0.0,0.0,1.04,0.491,0.603,0,9,50,1,1,35,0,35,75,high_vol_range,0.0,0,,,
2026-03-24T09:55:00+05:30,portfolio_hist,PREMIUM,SKIP,idle,22755.45,25.34,1.0,0.0,0.0,1.04,0.303,0.603,0,9,55,1,1,35,0,35,75,high_vol_range,0.0,0,,,
2026-03-24T10:00:00+05:30,portfolio_hist,PREMIUM,SKIP,idle,22747.3,25.4,1.0,0.0,0.0,1.04,0.339,0.601,0,10,0,1,1,35,0,35,65,high_vol_range,0.0,0,,,
2026-03-24T10:05:00+05:30,portfolio_hist,PREMIUM,SKIP,idle,22715.0,25.54,1.0,0.0,0.0,1.041,0.48,0.517,0,10,5,1,1,35,0,35,65,high_vol_range,0.0,0,,,
2026-03-24T10:10:00+05:30,portfolio_hist,PREMIUM,SKIP,idle,22693.55,25.53,1.0,0.0,0.0,1.04,0.574,0.429,0,10,10,1,1,37,0,37,65,high_vol_range,0.0,0,,,
2026-03-24T10:15:00+05:30,portfolio_hist,PREMIUM,SKIP,idle,22711.4,25.5,1.0,0.0,0.0,1.04,0.496,0.374,0,10,15,1,1,42,0,42,65,high_vol_range,0.0,0,,,
2026-03-24T10:20:00+05:30,portfolio_hist,PREMIUM,SKIP,idle,22714.0,25.39,1.0,0.0,0.0,1.04,0.485,0.374,0,10,20,1,1,42,0,42,65,high_vol_range,0.0,0,,,
2026-03-24T10:25:00+05:30,portfolio_hist,PREMIUM,SKIP,idle,22760.0,25.4,1.0,0.0,0.0,1.04,0.283,0.374,0,10,25,1,1,49,0,49,65,high_vol_range,0.0,0,,,
2026-03-24T10:30:00+05:30,portfolio_hist,PREMIUM,SKIP,idle,22721.55,25.43,1.0,0.0,0.0,1.041,0.452,0.344,0,10,30,1,1,42,0,42,65,high_vol_range,0.0,0,,,
2026-03-24T10:35:00+05:30,portfolio_hist,PREMIUM,SKIP,idle,22660.9,25.5,1.0,0.0,0.0,1.04,0.717,0.421,0,10,35,1,1,37,0,37,65,high_vol_range,0.0,0,,,
2026-03-24T10:40:00+05:30,portfolio_hist,PREMIUM,SKIP,idle,22634.35,25.7,1.0,0.0,0.0,1.041,0.834,0.579,0,10,40,1,1,30,0,30,65,high_vol_range,0.0,0,,,
2026-03-24T10:45:00+05:30,portfolio_hist,PREMIUM,SKIP,idle,22665.9,25.59,1.0,0.0,0.0,1.041,0.696,0.579,0,10,45,1,1,30,0,30,65,high_vol_range,0.0,0,,,
2026-03-24T10:50:00+05:30,portfolio_hist,PREMIUM,SKIP,idle,22706.45,25.57,1.0,0.0,0.0,1.041,0.518,0.579,0,10,50,1,1,30,0,30,65,high_vol_range,0.0,0,,,
2026-03-24T10:55:00+05:30,portfolio_hist,PREMIUM,SKIP,idle,22672.8,25.67,1.0,0.0,0.0,1.041,0.665,0.565,0,10,55,1,1,30,0,30,65,high_vol_range,0.0,0,,,
2026-03-24T09:30:00+05:30,portfolio_hist,PREMIUM,SKIP,idle,22848.25,25.09,1.0,0.0,0.0,1.04,0.103,1.627,0,9,30,1,1,50,0,50,75,trending,0.0,0,,,
2026-03-24T09:35:00+05:30,portfolio_hist,PREMIUM,SKIP,idle,22819.1,25.18,1.0,0.0,0.0,1.04,0.024,1.627,0,9,35,1,1,50,0,50,75,trending,0.0,0,,,
2026-03-24T09:40:00+05:30,portfolio_hist,PREMIUM,SKIP,idle,22779.75,25.3,1.0,0.0,0.0,1.04,0.197,1.627,0,9,40,1,1,37,0,37,75,trending,0.0,0,,,
2026-03-24T09:45:00+05:30,portfolio_hist,PREMIUM,SKIP,idle,22719.05,25.47,1.0,0.0,0.0,1.04,0.463,0.505,0,9,45,1,1,35,0,35,75,high_vol_range,0.0,0,,,
2026-03-24T09:50:00+05:30,portfolio_hist,PREMIUM,SKIP,idle,22712.55,25.48,1.0,0.0,0.0,1.04,0.491,0.603,0,9,50,1,1,35,0,35,75,high_vol_range,0.0,0,,,
2026-03-24T09:55:00+05:30,portfolio_hist,PREMIUM,SKIP,idle,22755.45,25.34,1.0,0.0,0.0,1.04,0.303,0.603,0,9,55,1,1,35,0,35,75,high_vol_range,0.0,0,,,
2026-03-24T10:00:00+05:30,portfolio_hist,PREMIUM,SKIP,idle,22747.3,25.4,1.0,0.0,0.0,1.04,0.339,0.601,0,10,0,1,1,35,0,35,65,high_vol_range,0.0,0,,,
2026-03-24T10:05:00+05:30,portfolio_hist,PREMIUM,SKIP,idle,22715.0,25.54,1.0,0.0,0.0,1.041,0.48,0.517,0,10,5,1,1,35,0,35,65,high_vol_range,0.0,0,,,
2026-03-24T10:10:00+05:30,portfolio_hist,PREMIUM,SKIP,idle,22693.55,25.53,1.0,0.0,0.0,1.04,0.574,0.429,0,10,10,1,1,37,0,37,65,high_vol_range,0.0,0,,,
2026-03-24T10:15:00+05:30,portfolio_hist,PREMIUM,SKIP,idle,22711.4,25.5,1.0,0.0,0.0,1.04,0.496,0.374,0,10,15,1,1,42,0,42,65,high_vol_range,0.0,0,,,
2026-03-24T10:20:00+05:30,portfolio_hist,PREMIUM,SKIP,idle,22714.0,25.39,1.0,0.0,0.0,1.04,0.485,0.374,0,10,20,1,1,42,0,42,65,high_vol_range,0.0,0,,,
2026-03-24T10:25:00+05:30,portfolio_hist,PREMIUM,SKIP,idle,22760.0,25.4,1.0,0.0,0.0,1.04,0.283,0.374,0,10,25,1,1,49,0,49,65,high_vol_range,0.0,0,,,
2026-03-24T10:30:00+05:30,portfolio_hist,PREMIUM,SKIP,idle,22721.55,25.43,1.0,0.0,0.0,1.041,0.452,0.344,0,10,30,1,1,42,0,42,65,high_vol_range,0.0,0,,,
2026-03-24T10:35:00+05:30,portfolio_hist,PREMIUM,SKIP,idle,22660.9,25.5,1.0,0.0,0.0,1.04,0.717,0.421,0,10,35,1,1,37,0,37,65,high_vol_range,0.0,0,,,
2026-03-24T10:40:00+05:30,portfolio_hist,PREMIUM,SKIP,idle,22634.35,25.7,1.0,0.0,0.0,1.041,0.834,0.579,0,10,40,1,1,30,0,30,65,high_vol_range,0.0,0,,,
2026-03-24T10:45:00+05:30,portfolio_hist,PREMIUM,SKIP,idle,22665.9,25.59,1.0,0.0,0.0,1.041,0.696,0.579,0,10,45,1,1,30,0,30,65,high_vol_range,0.0,0,,,
2026-03-24T10:50:00+05:30,portfolio_hist,PREMIUM,SKIP,idle,22706.45,25.57,1.0,0.0,0.0,1.041,0.518,0.579,0,10,50,1,1,30,0,30,65,high_vol_range,0.0,0,,,
2026-03-24T10:55:00+05:30,portfolio_hist,PREMIUM,SKIP,idle,22672.8,25.67,1.0,0.0,0.0,1.041,0.665,0.565,0,10,55,1,1,30,0,30,65,high_vol_range,0.0,0,,,
2026-03-24T09:30:00+05:30,portfolio_hist,PREMIUM,SKIP,idle,22848.25,25.09,1.0,0.0,0.0,1.04,0.103,1.627,0,9,30,1,1,50,0,50,75,trending,0.0,0,,,
2026-03-24T09:35:00+05:30,portfolio_hist,PREMIUM,SKIP,idle,22819.1,25.18,1.0,0.0,0.0,1.04,0.024,1.627,0,9,35,1,1,50,0,50,75,trending,0.0,0,,,
2026-03-24T09:40:00+05:30,portfolio_hist,PREMIUM,SKIP,idle,22779.75,25.3,1.0,0.0,0.0,1.04,0.197,1.627,0,9,40,1,1,37,0,37,75,trending,0.0,0,,,
2026-03-24T09:45:00+05:30,portfolio_hist,PREMIUM,SKIP,idle,22719.05,25.47,1.0,0.0,0.0,1.04,0.463,0.505,0,9,45,1,1,35,0,35,75,high_vol_range,0.0,0,,,
2026-03-24T09:50:00+05:30,portfolio_hist,PREMIUM,SKIP,idle,22712.55,25.48,1.0,0.0,0.0,1.04,0.491,0.603,0,9,50,1,1,35,0,35,75,high_vol_range,0.0,0,,,
2026-03-24T09:55:00+05:30,portfolio_hist,PREMIUM,SKIP,idle,22755.45,25.34,1.0,0.0,0.0,1.04,0.303,0.603,0,9,55,1,1,35,0,35,75,high_vol_range,0.0,0,,,
2026-03-24T10:00:00+05:30,portfolio_hist,PREMIUM,SKIP,idle,22747.3,25.4,1.0,0.0,0.0,1.04,0.339,0.601,0,10,0,1,1,35,0,35,65,high_vol_range,0.0,0,,,
2026-03-24T10:05:00+05:30,portfolio_hist,PREMIUM,SKIP,idle,22715.0,25.54,1.0,0.0,0.0,1.041,0.48,0.517,0,10,5,1,1,35,0,35,65,high_vol_range,0.0,0,,,
2026-03-24T10:10:00+05:30,portfolio_hist,PREMIUM,SKIP,idle,22693.55,25.53,1.0,0.0,0.0,1.04,0.574,0.429,0,10,10,1,1,37,0,37,65,high_vol_range,0.0,0,,,
2026-03-24T10:15:00+05:30,portfolio_hist,PREMIUM,SKIP,idle,22711.4,25.5,1.0,0.0,0.0,1.04,0.496,0.374,0,10,15,1,1,42,0,42,65,high_vol_range,0.0,0,,,
2026-03-24T10:20:00+05:30,portfolio_hist,PREMIUM,SKIP,idle,22714.0,25.39,1.0,0.0,0.0,1.04,0.485,0.374,0,10,20,1,1,42,0,42,65,high_vol_range,0.0,0,,,
2026-03-24T10:25:00+05:30,portfolio_hist,PREMIUM,SKIP,idle,22760.0,25.4,1.0,0.0,0.0,1.04,0.283,0.374,0,10,25,1,1,49,0,49,65,high_vol_range,0.0,0,,,
2026-03-24T10:30:00+05:30,portfolio_hist,PREMIUM,SKIP,idle,22721.55,25.43,1.0,0.0,0.0,1.041,0.452,0.344,0,10,30,1,1,42,0,42,65,high_vol_range,0.0,0,,,
2026-03-24T10:35:00+05:30,portfolio_hist,PREMIUM,SKIP,idle,22660.9,25.5,1.0,0.0,0.0,1.04,0.717,0.421,0,10,35,1,1,37,0,37,65,high_vol_range,0.0,0,,,
2026-03-24T10:40:00+05:30,portfolio_hist,PREMIUM,SKIP,idle,22634.35,25.7,1.0,0.0,0.0,1.041,0.834,0.579,0,10,40,1,1,30,0,30,65,high_vol_range,0.0,0,,,
2026-03-24T10:45:00+05:30,portfolio_hist,PREMIUM,SKIP,idle,22665.9,25.59,1.0,0.0,0.0,1.041,0.696,0.579,0,10,45,1,1,30,0,30,65,high_vol_range,0.0,0,,,
2026-03-24T10:50:00+05:30,portfolio_hist,PREMIUM,SKIP,idle,22706.45,25.57,1.0,0.0,0.0,1.041,0.518,0.579,0,10,50,1,1,30,0,30,65,high_vol_range,0.0,0,,,
2026-03-24T10:55:00+05:30,portfolio_hist,PREMIUM,SKIP,idle,22672.8,25.67,1.0,0.0,0.0,1.041,0.665,0.565,0,10,55,1,1,30,0,30,65,high_vol_range,0.0,0,,,
2026-03-24T09:30:00+05:30,portfolio_hist,PREMIUM,SKIP,idle,22848.25,25.09,1.0,0.0,0.0,1.04,0.103,1.627,0,9,30,1,1,50,0,50,75,trending,0.0,0,,,
2026-03-24T09:35:00+05:30,portfolio_hist,PREMIUM,SKIP,idle,22819.1,25.18,1.0,0.0,0.0,1.04,0.024,1.627,0,9,35,1,1,50,0,50,75,trending,0.0,0,,,
2026-03-24T09:40:00+05:30,portfolio_hist,PREMIUM,SKIP,idle,22779.75,25.3,1.0,0.0,0.0,1.04,0.197,1.627,0,9,40,1,1,37,0,37,75,trending,0.0,0,,,
2026-03-24T09:45:00+05:30,portfolio_hist,PREMIUM,SKIP,idle,22719.05,25.47,1.0,0.0,0.0,1.04,0.463,0.505,0,9,45,1,1,35,0,35,75,high_vol_range,0.0,0,,,
2026-03-24T09:50:00+05:30,portfolio_hist,PREMIUM,SKIP,idle,22712.55,25.48,1.0,0.0,0.0,1.04,0.491,0.603,0,9,50,1,1,35,0,35,75,high_vol_range,0.0,0,,,
2026-03-24T09:55:00+05:30,portfolio_hist,PREMIUM,SKIP,idle,22755.45,25.34,1.0,0.0,0.0,1.04,0.303,0.603,0,9,55,1,1,35,0,35,75,high_vol_range,0.0,0,,,
2026-03-24T10:00:00+05:30,portfolio_hist,PREMIUM,SKIP,idle,22747.3,25.4,1.0,0.0,0.0,1.04,0.339,0.601,0,10,0,1,1,35,0,35,65,high_vol_range,0.0,0,,,
2026-03-24T10:05:00+05:30,portfolio_hist,PREMIUM,SKIP,idle,22715.0,25.54,1.0,0.0,0.0,1.041,0.48,0.517,0,10,5,1,1,35,0,35,65,high_vol_range,0.0,0,,,
2026-03-24T10:10:00+05:30,portfolio_hist,PREMIUM,SKIP,idle,22693.55,25.53,1.0,0.0,0.0,1.04,0.574,0.429,0,10,10,1,1,37,0,37,65,high_vol_range,0.0,0,,,
2026-03-24T10:15:00+05:30,portfolio_hist,PREMIUM,SKIP,idle,22711.4,25.5,1.0,0.0,0.0,1.04,0.496,0.374,0,10,15,1,1,42,0,42,65,high_vol_range,0.0,0,,,
2026-03-24T10:20:00+05:30,portfolio_hist,PREMIUM,SKIP,idle,22714.0,25.39,1.0,0.0,0.0,1.04,0.485,0.374,0,10,20,1,1,42,0,42,65,high_vol_range,0.0,0,,,
2026-03-24T10:25:00+05:30,portfolio_hist,PREMIUM,SKIP,idle,22760.0,25.4,1.0,0.0,0.0,1.04,0.283,0.374,0,10,25,1,1,49,0,49,65,high_vol_range,0.0,0,,,
2026-03-24T10:30:00+05:30,portfolio_hist,PREMIUM,SKIP,idle,22721.55,25.43,1.0,0.0,0.0,1.041,0.452,0.344,0,10,30,1,1,42,0,42,65,high_vol_range,0.0,0,,,
2026-03-24T10:35:00+05:30,portfolio_hist,PREMIUM,SKIP,idle,22660.9,25.5,1.0,0.0,0.0,1.04,0.717,0.421,0,10,35,1,1,37,0,37,65,high_vol_range,0.0,0,,,
2026-03-24T10:40:00+05:30,portfolio_hist,PREMIUM,SKIP,idle,22634.35,25.7,1.0,0.0,0.0,1.041,0.834,0.579,0,10,40,1,1,30,0,30,65,high_vol_range,0.0,0,,,
2026-03-24T10:45:00+05:30,portfolio_hist,PREMIUM,SKIP,idle,22665.9,25.59,1.0,0.0,0.0,1.041,0.696,0.579,0,10,45,1,1,30,0,30,65,high_vol_range,0.0,0,,,
2026-03-24T10:50:00+05:30,portfolio_hist,PREMIUM,SKIP,idle,22706.45,25.57,1.0,0.0,0.0,1.041,0.518,0.579,0,10,50,1,1,30,0,30,65,high_vol_range,0.0,0,,,
2026-03-24T10:55:00+05:30,portfolio_hist,PREMIUM,SKIP,idle,22672.8,25.67,1.0,0.0,0.0,1.041,0.665,0.565,0,10,55,1,1,30,0,30,65,high_vol_range,0.0,0,,,
2026-03-24T09:30:00+05:30,portfolio_hist,PREMIUM,SKIP,idle,22848.25,25.09,1.0,0.0,0.0,1.04,0.103,1.627,0,9,30,1,1,50,0,50,75,trending,0.0,0,,,
2026-03-24T09:35:00+05:30,portfolio_hist,PREMIUM,SKIP,idle,22819.1,25.18,1.0,0.0,0.0,1.04,0.024,1.627,0,9,35,1,1,50,0,50,75,trending,0.0,0,,,
2026-03-24T09:40:00+05:30,portfolio_hist,PREMIUM,SKIP,idle,22779.75,25.3,1.0,0.0,0.0,1.04,0.197,1.627,0,9,40,1,1,37,0,37,75,trending,0.0,0,,,
2026-03-24T09:45:00+05:30,portfolio_hist,PREMIUM,SKIP,idle,22719.05,25.47,1.0,0.0,0.0,1.04,0.463,0.505,0,9,45,1,1,35,0,35,75,high_vol_range,0.0,0,,,
2026-03-24T09:50:00+05:30,portfolio_hist,PREMIUM,SKIP,idle,22712.55,25.48,1.0,0.0,0.0,1.04,0.491,0.603,0,9,50,1,1,35,0,35,75,high_vol_range,0.0,0,,,
2026-03-24T09:55:00+05:30,portfolio_hist,PREMIUM,SKIP,idle,22755.45,25.34,1.0,0.0,0.0,1.04,0.303,0.603,0,9,55,1,1,35,0,35,75,high_vol_range,0.0,0,,,
2026-03-24T10:00:00+05:30,portfolio_hist,PREMIUM,SKIP,idle,22747.3,25.4,1.0,0.0,0.0,1.04,0.339,0.601,0,10,0,1,1,35,0,35,65,high_vol_range,0.0,0,,,
2026-03-24T10:05:00+05:30,portfolio_hist,PREMIUM,SKIP,idle,22715.0,25.54,1.0,0.0,0.0,1.041,0.48,0.517,0,10,5,1,1,35,0,35,65,high_vol_range,0.0,0,,,
2026-03-24T10:10:00+05:30,portfolio_hist,PREMIUM,SKIP,idle,22693.55,25.53,1.0,0.0,0.0,1.04,0.574,0.429,0,10,10,1,1,37,0,37,65,high_vol_range,0.0,0,,,
2026-03-24T10:15:00+05:30,portfolio_hist,PREMIUM,SKIP,idle,22711.4,25.5,1.0,0.0,0.0,1.04,0.496,0.374,0,10,15,1,1,42,0,42,65,high_vol_range,0.0,0,,,
2026-03-24T10:20:00+05:30,portfolio_hist,PREMIUM,SKIP,idle,22714.0,25.39,1.0,0.0,0.0,1.04,0.485,0.374,0,10,20,1,1,42,0,42,65,high_vol_range,0.0,0,,,
2026-03-24T10:25:00+05:30,portfolio_hist,PREMIUM,SKIP,idle,22760.0,25.4,1.0,0.0,0.0,1.04,0.283,0.374,0,10,25,1,1,49,0,49,65,high_vol_range,0.0,0,,,
2026-03-24T10:30:00+05:30,portfolio_hist,PREMIUM,SKIP,idle,22721.55,25.43,1.0,0.0,0.0,1.041,0.452,0.344,0,10,30,1,1,42,0,42,65,high_vol_range,0.0,0,,,
2026-03-24T10:35:00+05:30,portfolio_hist,PREMIUM,SKIP,idle,22660.9,25.5,1.0,0.0,0.0,1.04,0.717,0.421,0,10,35,1,1,37,0,37,65,high_vol_range,0.0,0,,,
2026-03-24T10:40:00+05:30,portfolio_hist,PREMIUM,SKIP,idle,22634.35,25.7,1.0,0.0,0.0,1.041,0.834,0.579,0,10,40,1,1,30,0,30,65,high_vol_range,0.0,0,,,
2026-03-24T10:45:00+05:30,portfolio_hist,PREMIUM,SKIP,idle,22665.9,25.59,1.0,0.0,0.0,1.041,0.696,0.579,0,10,45,1,1,30,0,30,65,high_vol_range,0.0,0,,,
2026-03-24T10:50:00+05:30,portfolio_hist,PREMIUM,SKIP,idle,22706.45,25.57,1.0,0.0,0.0,1.041,0.518,0.579,0,10,50,1,1,30,0,30,65,high_vol_range,0.0,0,,,
2026-03-24T10:55:00+05:30,portfolio_hist,PREMIUM,SKIP,idle,22672.8,25.67,1.0,0.0,0.0,1.041,0.665,0.565,0,10,55,1,1,30,0,30,65,high_vol_range,0.0,0,,,
2026-03-24T09:30:00+05:30,portfolio_hist,PREMIUM,SKIP,idle,22848.25,25.09,1.0,0.0,0.0,1.04,0.103,1.627,0,9,30,1,1,50,0,50,75,trending,0.0,0,,,
2026-03-24T09:35:00+05:30,portfolio_hist,PREMIUM,SKIP,idle,22819.1,25.18,1.0,0.0,0.0,1.04,0.024,1.627,0,9,35,1,1,50,0,50,75,trending,0.0,0,,,
2026-03-24T09:40:00+05:30,portfolio_hist,PREMIUM,SKIP,idle,22779.75,25.3,1.0,0.0,0.0,1.04,0.197,1.627,0,9,40,1,1,37,0,37,75,trending,0.0,0,,,
2026-03-24T09:45:00+05:30,portfolio_hist,PREMIUM,SKIP,idle,22719.05,25.47,1.0,0.0,0.0,1.04,0.463,0.505,0,9,45,1,1,35,0,35,75,high_vol_range,0.0,0,,,
2026-03-24T09:50:00+05:30,portfolio_hist,PREMIUM,SKIP,idle,22712.55,25.48,1.0,0.0,0.0,1.04,0.491,0.603,0,9,50,1,1,35,0,35,75,high_vol_range,0.0,0,,,
2026-03-24T09:55:00+05:30,portfolio_hist,PREMIUM,SKIP,idle,22755.45,25.34,1.0,0.0,0.0,1.04,0.303,0.603,0,9,55,1,1,35,0,35,75,high_vol_range,0.0,0,,,
2026-03-24T10:00:00+05:30,portfolio_hist,PREMIUM,SKIP,idle,22747.3,25.4,1.0,0.0,0.0,1.04,0.339,0.601,0,10,0,1,1,35,0,35,65,high_vol_range,0.0,0,,,
2026-03-24T10:05:00+05:30,portfolio_hist,PREMIUM,SKIP,idle,22715.0,25.54,1.0,0.0,0.0,1.041,0.48,0.517,0,10,5,1,1,35,0,35,65,high_vol_range,0.0,0,,,
2026-03-24T10:10:00+05:30,portfolio_hist,PREMIUM,SKIP,idle,22693.55,25.53,1.0,0.0,0.0,1.04,0.574,0.429,0,10,10,1,1,37,0,37,65,high_vol_range,0.0,0,,,
2026-03-24T10:15:00+05:30,portfolio_hist,PREMIUM,SKIP,idle,22711.4,25.5,1.0,0.0,0.0,1.04,0.496,0.374,0,10,15,1,1,42,0,42,65,high_vol_range,0.0,0,,,
2026-03-24T10:20:00+05:30,portfolio_hist,PREMIUM,SKIP,idle,22714.0,25.39,1.0,0.0,0.0,1.04,0.485,0.374,0,10,20,1,1,42,0,42,65,high_vol_range,0.0,0,,,
2026-03-24T10:25:00+05:30,portfolio_hist,PREMIUM,SKIP,idle,22760.0,25.4,1.0,0.0,0.0,1.04,0.283,0.374,0,10,25,1,1,49,0,49,65,high_vol_range,0.0,0,,,
2026-03-24T10:30:00+05:30,portfolio_hist,PREMIUM,SKIP,idle,22721.55,25.43,1.0,0.0,0.0,1.041,0.452,0.344,0,10,30,1,1,42,0,42,65,high_vol_range,0.0,0,,,
2026-03-24T10:35:00+05:30,portfolio_hist,PREMIUM,SKIP,idle,22660.9,25.5,1.0,0.0,0.0,1.04,0.717,0.421,0,10,35,1,1,37,0,37,65,high_vol_range,0.0,0,,,
2026-03-24T10:40:00+05:30,portfolio_hist,PREMIUM,SKIP,idle,22634.35,25.7,1.0,0.0,0.0,1.041,0.834,0.579,0,10,40,1,1,30,0,30,65,high_vol_range,0.0,0,,,
2026-03-24T10:45:00+05:30,portfolio_hist,PREMIUM,SKIP,idle,22665.9,25.59,1.0,0.0,0.0,1.041,0.696,0.579,0,10,45,1,1,30,0,30,65,high_vol_range,0.0,0,,,
2026-03-24T10:50:00+05:30,portfolio_hist,PREMIUM,SKIP,idle,22706.45,25.57,1.0,0.0,0.0,1.041,0.518,0.579,0,10,50,1,1,30,0,30,65,high_vol_range,0.0,0,,,
2026-03-24T10:55:00+05:30,portfolio_hist,PREMIUM,SKIP,idle,22672.8,25.67,1.0,0.0,0.0,1.041,0.665,0.565,0,10,55,1,1,30,0,30,65,high_vol_range,0.0,0,,,
2026-03-24T09:30:00+05:30,portfolio_hist,PREMIUM,SKIP,idle,22848.25,25.09,1.0,0.0,0.0,1.04,0.103,1.627,0,9,30,1,1,50,0,50,75,trending,0.0,0,,,
2026-03-24T09:35:00+05:30,portfolio_hist,PREMIUM,SKIP,idle,22819.1,25.18,1.0,0.0,0.0,1.04,0.024,1.627,0,9,35,1,1,50,0,50,75,trending,0.0,0,,,
2026-03-24T09:40:00+05:30,portfolio_hist,PREMIUM,SKIP,idle,22779.75,25.3,1.0,0.0,0.0,1.04,0.197,1.627,0,9,40,1,1,37,0,37,75,trending,0.0,0,,,
2026-03-24T09:45:00+05:30,portfolio_hist,PREMIUM,SKIP,idle,22719.05,25.47,1.0,0.0,0.0,1.04,0.463,0.505,0,9,45,1,1,35,0,35,75,high_vol_range,0.0,0,,,
2026-03-24T09:50:00+05:30,portfolio_hist,PREMIUM,SKIP,idle,22712.55,25.48,1.0,0.0,0.0,1.04,0.491,0.603,0,9,50,1,1,35,0,35,75,high_vol_range,0.0,0,,,
2026-03-24T09:55:00+05:30,portfolio_hist,PREMIUM,SKIP,idle,22755.45,25.34,1.0,0.0,0.0,1.04,0.303,0.603,0,9,55,1,1,35,0,35,75,high_vol_range,0.0,0,,,
2026-03-24T10:00:00+05:30,portfolio_hist,PREMIUM,SKIP,idle,22747.3,25.4,1.0,0.0,0.0,1.04,0.339,0.601,0,10,0,1,1,35,0,35,65,high_vol_range,0.0,0,,,
2026-03-24T10:05:00+05:30,portfolio_hist,PREMIUM,SKIP,idle,22715.0,25.54,1.0,0.0,0.0,1.041,0.48,0.517,0,10,5,1,1,35,0,35,65,high_vol_range,0.0,0,,,
2026-03-24T10:10:00+05:30,portfolio_hist,PREMIUM,SKIP,idle,22693.55,25.53,1.0,0.0,0.0,1.04,0.574,0.429,0,10,10,1,1,37,0,37,65,high_vol_range,0.0,0,,,
2026-03-24T10:15:00+05:30,portfolio_hist,PREMIUM,SKIP,idle,22711.4,25.5,1.0,0.0,0.0,1.04,0.496,0.374,0,10,15,1,1,42,0,42,65,high_vol_range,0.0,0,,,
2026-03-24T10:20:00+05:30,portfolio_hist,PREMIUM,SKIP,idle,22714.0,25.39,1.0,0.0,0.0,1.04,0.485,0.374,0,10,20,1,1,42,0,42,65,high_vol_range,0.0,0,,,
2026-03-24T10:25:00+05:30,portfolio_hist,PREMIUM,SKIP,idle,22760.0,25.4,1.0,0.0,0.0,1.04,0.283,0.374,0,10,25,1,1,49,0,49,65,high_vol_range,0.0,0,,,
2026-03-24T10:30:00+05:30,portfolio_hist,PREMIUM,SKIP,idle,22721.55,25.43,1.0,0.0,0.0,1.041,0.452,0.344,0,10,30,1,1,42,0,42,65,high_vol_range,0.0,0,,,
2026-03-24T10:35:00+05:30,portfolio_hist,PREMIUM,SKIP,idle,22660.9,25.5,1.0,0.0,0.0,1.04,0.717,0.421,0,10,35,1,1,37,0,37,65,high_vol_range,0.0,0,,,
2026-03-24T10:40:00+05:30,portfolio_hist,PREMIUM,SKIP,idle,22634.35,25.7,1.0,0.0,0.0,1.041,0.834,0.579,0,10,40,1,1,30,0,30,65,high_vol_range,0.0,0,,,
2026-03-24T10:45:00+05:30,portfolio_hist,PREMIUM,SKIP,idle,22665.9,25.59,1.0,0.0,0.0,1.041,0.696,0.579,0,10,45,1,1,30,0,30,65,high_vol_range,0.0,0,,,
2026-03-24T10:50:00+05:30,portfolio_hist,PREMIUM,SKIP,idle,22706.45,25.57,1.0,0.0,0.0,1.041,0.518,0.579,0,10,50,1,1,30,0,30,65,high_vol_range,0.0,0,,,
2026-03-24T10:55:00+05:30,portfolio_hist,PREMIUM,SKIP,idle,22672.8,25.67,1.0,0.0,0.0,1.041,0.665,0.565,0,10,55,1,1,30,0,30,65,high_vol_range,0.0,0,,,
2026-03-24T09:30:00+05:30,portfolio_hist,PREMIUM,SKIP,idle,22848.25,25.09,1.0,0.0,0.0,1.04,0.103,1.627,0,9,30,1,1,50,0,50,75,trending,0.0,0,,,
2026-03-24T09:35:00+05:30,portfolio_hist,PREMIUM,SKIP,idle,22819.1,25.18,1.0,0.0,0.0,1.04,0.024,1.627,0,9,35,1,1,50,0,50,75,trending,0.0,0,,,
2026-03-24T09:40:00+05:30,portfolio_hist,PREMIUM,SKIP,idle,22779.75,25.3,1.0,0.0,0.0,1.04,0.197,1.627,0,9,40,1,1,37,0,37,75,trending,0.0,0,,,
2026-03-24T09:45:00+05:30,portfolio_hist,PREMIUM,SKIP,idle,22719.05,25.47,1.0,0.0,0.0,1.04,0.463,0.505,0,9,45,1,1,35,0,35,75,high_vol_range,0.0,0,,,
2026-03-24T09:50:00+05:30,portfolio_hist,PREMIUM,SKIP,idle,22712.55,25.48,1.0,0.0,0.0,1.04,0.491,0.603,0,9,50,1,1,35,0,35,75,high_vol_range,0.0,0,,,
2026-03-24T09:55:00+05:30,portfolio_hist,PREMIUM,SKIP,idle,22755.45,25.34,1.0,0.0,0.0,1.04,0.303,0.603,0,9,55,1,1,35,0,35,75,high_vol_range,0.0,0,,,
2026-03-24T10:00:00+05:30,portfolio_hist,PREMIUM,SKIP,idle,22747.3,25.4,1.0,0.0,0.0,1.04,0.339,0.601,0,10,0,1,1,35,0,35,65,high_vol_range,0.0,0,,,
2026-03-24T10:05:00+05:30,portfolio_hist,PREMIUM,SKIP,idle,22715.0,25.54,1.0,0.0,0.0,1.041,0.48,0.517,0,10,5,1,1,35,0,35,65,high_vol_range,0.0,0,,,
2026-03-24T10:10:00+05:30,portfolio_hist,PREMIUM,SKIP,idle,22693.55,25.53,1.0,0.0,0.0,1.04,0.574,0.429,0,10,10,1,1,37,0,37,65,high_vol_range,0.0,0,,,
2026-03-24T10:15:00+05:30,portfolio_hist,PREMIUM,SKIP,idle,22711.4,25.5,1.0,0.0,0.0,1.04,0.496,0.374,0,10,15,1,1,42,0,42,65,high_vol_range,0.0,0,,,
2026-03-24T10:20:00+05:30,portfolio_hist,PREMIUM,SKIP,idle,22714.0,25.39,1.0,0.0,0.0,1.04,0.485,0.374,0,10,20,1,1,42,0,42,65,high_vol_range,0.0,0,,,
2026-03-24T10:25:00+05:30,portfolio_hist,PREMIUM,SKIP,idle,22760.0,25.4,1.0,0.0,0.0,1.04,0.283,0.374,0,10,25,1,1,49,0,49,65,high_vol_range,0.0,0,,,
2026-03-24T10:30:00+05:30,portfolio_hist,PREMIUM,SKIP,idle,22721.55,25.43,1.0,0.0,0.0,1.041,0.452,0.344,0,10,30,1,1,42,0,42,65,high_vol_range,0.0,0,,,
2026-03-24T10:35:00+05:30,portfolio_hist,PREMIUM,SKIP,idle,22660.9,25.5,1.0,0.0,0.0,1.04,0.717,0.421,0,10,35,1,1,37,0,37,65,high_vol_range,0.0,0,,,
2026-03-24T10:40:00+05:30,portfolio_hist,PREMIUM,SKIP,idle,22634.35,25.7,1.0,0.0,0.0,1.041,0.834,0.579,0,10,40,1,1,30,0,30,65,high_vol_range,0.0,0,,,
2026-03-24T10:45:00+05:30,portfolio_hist,PREMIUM,SKIP,idle,22665.9,25.59,1.0,0.0,0.0,1.041,0.696,0.579,0,10,45,1,1,30,0,30,65,high_vol_range,0.0,0,,,
2026-03-24T10:50:00+05:30,portfolio_hist,PREMIUM,SKIP,idle,22706.45,25.57,1.0,0.0,0.0,1.041,0.518,0.579,0,10,50,1,1,30,0,30,65,high_vol_range,0.0,0,,,
2026-03-24T10:55:00+05:30,portfolio_hist,PREMIUM,SKIP,idle,22672.8,25.67,1.0,0.0,0.0,1.041,0.665,0.565,0,10,55,1,1,30,0,30,65,high_vol_range,0.0,0,,,
2026-03-24T09:30:00+05:30,portfolio_hist,PREMIUM,SKIP,idle,22848.25,25.09,1.0,0.0,0.0,1.04,0.103,1.627,0,9,30,1,1,50,0,50,75,trending,0.0,0,,,
2026-03-24T09:35:00+05:30,portfolio_hist,PREMIUM,SKIP,idle,22819.1,25.18,1.0,0.0,0.0,1.04,0.024,1.627,0,9,35,1,1,50,0,50,75,trending,0.0,0,,,
2026-03-24T09:40:00+05:30,portfolio_hist,PREMIUM,SKIP,idle,22779.75,25.3,1.0,0.0,0.0,1.04,0.197,1.627,0,9,40,1,1,37,0,37,75,trending,0.0,0,,,
2026-03-24T09:45:00+05:30,portfolio_hist,PREMIUM,SKIP,idle,22719.05,25.47,1.0,0.0,0.0,1.04,0.463,0.505,0,9,45,1,1,35,0,35,75,high_vol_range,0.0,0,,,
2026-03-24T09:50:00+05:30,portfolio_hist,PREMIUM,SKIP,idle,22712.55,25.48,1.0,0.0,0.0,1.04,0.491,0.603,0,9,50,1,1,35,0,35,75,high_vol_range,0.0,0,,,
2026-03-24T09:55:00+05:30,portfolio_hist,PREMIUM,SKIP,idle,22755.45,25.34,1.0,0.0,0.0,1.04,0.303,0.603,0,9,55,1,1,35,0,35,75,high_vol_range,0.0,0,,,
2026-03-24T10:00:00+05:30,portfolio_hist,PREMIUM,SKIP,idle,22747.3,25.4,1.0,0.0,0.0,1.04,0.339,0.601,0,10,0,1,1,35,0,35,65,high_vol_range,0.0,0,,,
2026-03-24T10:05:00+05:30,portfolio_hist,PREMIUM,SKIP,idle,22715.0,25.54,1.0,0.0,0.0,1.041,0.48,0.517,0,10,5,1,1,35,0,35,65,high_vol_range,0.0,0,,,
2026-03-24T10:10:00+05:30,portfolio_hist,PREMIUM,SKIP,idle,22693.55,25.53,1.0,0.0,0.0,1.04,0.574,0.429,0,10,10,1,1,37,0,37,65,high_vol_range,0.0,0,,,
2026-03-24T10:15:00+05:30,portfolio_hist,PREMIUM,SKIP,idle,22711.4,25.5,1.0,0.0,0.0,1.04,0.496,0.374,0,10,15,1,1,42,0,42,65,high_vol_range,0.0,0,,,
2026-03-24T10:20:00+05:30,portfolio_hist,PREMIUM,SKIP,idle,22714.0,25.39,1.0,0.0,0.0,1.04,0.485,0.374,0,10,20,1,1,42,0,42,65,high_vol_range,0.0,0,,,
2026-03-24T10:25:00+05:30,portfolio_hist,PREMIUM,SKIP,idle,22760.0,25.4,1.0,0.0,0.0,1.04,0.283,0.374,0,10,25,1,1,49,0,49,65,high_vol_range,0.0,0,,,
2026-03-24T10:30:00+05:30,portfolio_hist,PREMIUM,SKIP,idle,22721.55,25.43,1.0,0.0,0.0,1.041,0.452,0.344,0,10,30,1,1,42,0,42,65,high_vol_range,0.0,0,,,
2026-03-24T10:35:00+05:30,portfolio_hist,PREMIUM,SKIP,idle,22660.9,25.5,1.0,0.0,0.0,1.04,0.717,0.421,0,10,35,1,1,37,0,37,65,high_vol_range,0.0,0,,,
2026-03-24T10:40:00+05:30,portfolio_hist,PREMIUM,SKIP,idle,22634.35,25.7,1.0,0.0,0.0,1.041,0.834,0.579,0,10,40,1,1,30,0,30,65,high_vol_range,0.0,0,,,
2026-03-24T10:45:00+05:30,portfolio_hist,PREMIUM,SKIP,idle,22665.9,25.59,1.0,0.0,0.0,1.041,0.696,0.579,0,10,45,1,1,30,0,30,65,high_vol_range,0.0,0,,,
2026-03-24T10:50:00+05:30,portfolio_hist,PREMIUM,SKIP,idle,22706.45,25.57,1.0,0.0,0.0,1.041,0.518,0.579,0,10,50,1,1,30,0,30,65,high_vol_range,0.0,0,,,
2026-03-24T10:55:00+05:30,portfolio_hist,PREMIUM,SKIP,idle,22672.8,25.67,1.0,0.0,0.0,1.041,0.665,0.565,0,10,55,1,1,30,0,30,65,high_vol_range,0.0,0,,,
2026-03-24T09:30:00+05:30,portfolio_hist,PREMIUM,SKIP,idle,22848.25,25.09,1.0,0.0,0.0,1.04,0.103,1.627,0,9,30,1,1,50,0,50,75,trending,0.0,0,,,
2026-03-24T09:35:00+05:30,portfolio_hist,PREMIUM,SKIP,idle,22819.1,25.18,1.0,0.0,0.0,1.04,0.024,1.627,0,9,35,1,1,50,0,50,75,trending,0.0,0,,,
2026-03-24T09:40:00+05:30,portfolio_hist,PREMIUM,SKIP,idle,22779.75,25.3,1.0,0.0,0.0,1.04,0.197,1.627,0,9,40,1,1,37,0,37,75,trending,0.0,0,,,
2026-03-24T09:45:00+05:30,portfolio_hist,PREMIUM,SKIP,idle,22719.05,25.47,1.0,0.0,0.0,1.04,0.463,0.505,0,9,45,1,1,35,0,35,75,high_vol_range,0.0,0,,,
2026-03-24T09:50:00+05:30,portfolio_hist,PREMIUM,SKIP,idle,22712.55,25.48,1.0,0.0,0.0,1.04,0.491,0.603,0,9,50,1,1,35,0,35,75,high_vol_range,0.0,0,,,
2026-03-24T09:55:00+05:30,portfolio_hist,PREMIUM,SKIP,idle,22755.45,25.34,1.0,0.0,0.0,1.04,0.303,0.603,0,9,55,1,1,35,0,35,75,high_vol_range,0.0,0,,,
2026-03-24T10:00:00+05:30,portfolio_hist,PREMIUM,SKIP,idle,22747.3,25.4,1.0,0.0,0.0,1.04,0.339,0.601,0,10,0,1,1,35,0,35,65,high_vol_range,0.0,0,,,
2026-03-24T10:05:00+05:30,portfolio_hist,PREMIUM,SKIP,idle,22715.0,25.54,1.0,0.0,0.0,1.041,0.48,0.517,0,10,5,1,1,35,0,35,65,high_vol_range,0.0,0,,,
2026-03-24T10:10:00+05:30,portfolio_hist,PREMIUM,SKIP,idle,22693.55,25.53,1.0,0.0,0.0,1.04,0.574,0.429,0,10,10,1,1,37,0,37,65,high_vol_range,0.0,0,,,
2026-03-24T10:15:00+05:30,portfolio_hist,PREMIUM,SKIP,idle,22711.4,25.5,1.0,0.0,0.0,1.04,0.496,0.374,0,10,15,1,1,42,0,42,65,high_vol_range,0.0,0,,,
2026-03-24T10:20:00+05:30,portfolio_hist,PREMIUM,SKIP,idle,22714.0,25.39,1.0,0.0,0.0,1.04,0.485,0.374,0,10,20,1,1,42,0,42,65,high_vol_range,0.0,0,,,
2026-03-24T10:25:00+05:30,portfolio_hist,PREMIUM,SKIP,idle,22760.0,25.4,1.0,0.0,0.0,1.04,0.283,0.374,0,10,25,1,1,49,0,49,65,high_vol_range,0.0,0,,,
2026-03-24T10:30:00+05:30,portfolio_hist,PREMIUM,SKIP,idle,22721.55,25.43,1.0,0.0,0.0,1.041,0.452,0.344,0,10,30,1,1,42,0,42,65,high_vol_range,0.0,0,,,
2026-03-24T10:35:00+05:30,portfolio_hist,PREMIUM,SKIP,idle,22660.9,25.5,1.0,0.0,0.0,1.04,0.717,0.421,0,10,35,1,1,37,0,37,65,high_vol_range,0.0,0,,,
2026-03-24T10:40:00+05:30,portfolio_hist,PREMIUM,SKIP,idle,22634.35,25.7,1.0,0.0,0.0,1.041,0.834,0.579,0,10,40,1,1,30,0,30,65,high_vol_range,0.0,0,,,
2026-03-24T10:45:00+05:30,portfolio_hist,PREMIUM,SKIP,idle,22665.9,25.59,1.0,0.0,0.0,1.041,0.696,0.579,0,10,45,1,1,30,0,30,65,high_vol_range,0.0,0,,,
2026-03-24T10:50:00+05:30,portfolio_hist,PREMIUM,SKIP,idle,22706.45,25.57,1.0,0.0,0.0,1.041,0.518,0.579,0,10,50,1,1,30,0,30,65,high_vol_range,0.0,0,,,
2026-03-24T10:55:00+05:30,portfolio_hist,PREMIUM,SKIP,idle,22672.8,25.67,1.0,0.0,0.0,1.041,0.665,0.565,0,10,55,1,1,30,0,30,65,high_vol_range,0.0,0,,,
2026-03-24T09:30:00+05:30,portfolio_hist,PREMIUM,SKIP,idle,22848.25,25.09,1.0,0.0,0.0,1.04,0.103,1.627,0,9,30,1,1,50,0,50,75,trending,0.0,0,,,
2026-03-24T09:35:00+05:30,portfolio_hist,PREMIUM,SKIP,idle,22819.1,25.18,1.0,0.0,0.0,1.04,0.024,1.627,0,9,35,1,1,50,0,50,75,trending,0.0,0,,,
2026-03-24T09:40:00+05:30,portfolio_hist,PREMIUM,SKIP,idle,22779.75,25.3,1.0,0.0,0.0,1.04,0.197,1.627,0,9,40,1,1,37,0,37,75,trending,0.0,0,,,
2026-03-24T09:45:00+05:30,portfolio_hist,PREMIUM,SKIP,idle,22719.05,25.47,1.0,0.0,0.0,1.04,0.463,0.505,0,9,45,1,1,35,0,35,75,high_vol_range,0.0,0,,,
2026-03-24T09:50:00+05:30,portfolio_hist,PREMIUM,SKIP,idle,22712.55,25.48,1.0,0.0,0.0,1.04,0.491,0.603,0,9,50,1,1,35,0,35,75,high_vol_range,0.0,0,,,
2026-03-24T09:55:00+05:30,portfolio_hist,PREMIUM,SKIP,idle,22755.45,25.34,1.0,0.0,0.0,1.04,0.303,0.603,0,9,55,1,1,35,0,35,75,high_vol_range,0.0,0,,,
2026-03-24T10:00:00+05:30,portfolio_hist,PREMIUM,SKIP,idle,22747.3,25.4,1.0,0.0,0.0,1.04,0.339,0.601,0,10,0,1,1,35,0,35,65,high_vol_range,0.0,0,,,
2026-03-24T10:05:00+05:30,portfolio_hist,PREMIUM,SKIP,idle,22715.0,25.54,1.0,0.0,0.0,1.041,0.48,0.517,0,10,5,1,1,35,0,35,65,high_vol_range,0.0,0,,,
2026-03-24T10:10:00+05:30,portfolio_hist,PREMIUM,SKIP,idle,22693.55,25.53,1.0,0.0,0.0,1.04,0.574,0.429,0,10,10,1,1,37,0,37,65,high_vol_range,0.0,0,,,
2026-03-24T10:15:00+05:30,portfolio_hist,PREMIUM,SKIP,idle,22711.4,25.5,1.0,0.0,0.0,1.04,0.496,0.374,0,10,15,1,1,42,0,42,65,high_vol_range,0.0,0,,,
2026-03-24T10:20:00+05:30,portfolio_hist,PREMIUM,SKIP,idle,22714.0,25.39,1.0,0.0,0.0,1.04,0.485,0.374,0,10,20,1,1,42,0,42,65,high_vol_range,0.0,0,,,
2026-03-24T10:25:00+05:30,portfolio_hist,PREMIUM,SKIP,idle,22760.0,25.4,1.0,0.0,0.0,1.04,0.283,0.374,0,10,25,1,1,49,0,49,65,high_vol_range,0.0,0,,,
2026-03-24T10:30:00+05:30,portfolio_hist,PREMIUM,SKIP,idle,22721.55,25.43,1.0,0.0,0.0,1.041,0.452,0.344,0,10,30,1,1,42,0,42,65,high_vol_range,0.0,0,,,
2026-03-24T10:35:00+05:30,portfolio_hist,PREMIUM,SKIP,idle,22660.9,25.5,1.0,0.0,0.0,1.04,0.717,0.421,0,10,35,1,1,37,0,37,65,high_vol_range,0.0,0,,,
2026-03-24T10:40:00+05:30,portfolio_hist,PREMIUM,SKIP,idle,22634.35,25.7,1.0,0.0,0.0,1.041,0.834,0.579,0,10,40,1,1,30,0,30,65,high_vol_range,0.0,0,,,
2026-03-24T10:45:00+05:30,portfolio_hist,PREMIUM,SKIP,idle,22665.9,25.59,1.0,0.0,0.0,1.041,0.696,0.579,0,10,45,1,1,30,0,30,65,high_vol_range,0.0,0,,,
2026-03-24T10:50:00+05:30,portfolio_hist,PREMIUM,SKIP,idle,22706.45,25.57,1.0,0.0,0.0,1.041,0.518,0.579,0,10,50,1,1,30,0,30,65,high_vol_range,0.0,0,,,
2026-03-24T10:55:00+05:30,portfolio_hist,PREMIUM,SKIP,idle,22672.8,25.67,1.0,0.0,0.0,1.041,0.665,0.565,0,10,55,1,1,30,0,30,65,high_vol_range,0.0,0,,,
2026-03-24T09:30:00+05:30,portfolio_hist,PREMIUM,SKIP,idle,22848.25,25.09,1.0,0.0,0.0,1.04,0.103,1.627,0,9,30,1,1,50,0,50,75,trending,0.0,0,,,
2026-03-24T09:35:00+05:30,portfolio_hist,PREMIUM,SKIP,idle,22819.1,25.18,1.0,0.0,0.0,1.04,0.024,1.627,0,9,35,1,1,50,0,50,75,trending,0.0,0,,,
2026-03-24T09:40:00+05:30,portfolio_hist,PREMIUM,SKIP,idle,22779.75,25.3,1.0,0.0,0.0,1.04,0.197,1.627,0,9,40,1,1,37,0,37,75,trending,0.0,0,,,
2026-03-24T09:45:00+05:30,portfolio_hist,PREMIUM,SKIP,idle,22719.05,25.47,1.0,0.0,0.0,1.04,0.463,0.505,0,9,45,1,1,35,0,35,75,high_vol_range,0.0,0,,,
2026-03-24T09:50:00+05:30,portfolio_hist,PREMIUM,SKIP,idle,22712.55,25.48,1.0,0.0,0.0,1.04,0.491,0.603,0,9,50,1,1,35,0,35,75,high_vol_range,0.0,0,,,
2026-03-24T09:55:00+05:30,portfolio_hist,PREMIUM,SKIP,idle,22755.45,25.34,1.0,0.0,0.0,1.04,0.303,0.603,0,9,55,1,1,35,0,35,75,high_vol_range,0.0,0,,,
2026-03-24T10:00:00+05:30,portfolio_hist,PREMIUM,SKIP,idle,22747.3,25.4,1.0,0.0,0.0,1.04,0.339,0.601,0,10,0,1,1,35,0,35,65,high_vol_range,0.0,0,,,
2026-03-24T10:05:00+05:30,portfolio_hist,PREMIUM,SKIP,idle,22715.0,25.54,1.0,0.0,0.0,1.041,0.48,0.517,0,10,5,1,1,35,0,35,65,high_vol_range,0.0,0,,,
2026-03-24T10:10:00+05:30,portfolio_hist,PREMIUM,SKIP,idle,22693.55,25.53,1.0,0.0,0.0,1.04,0.574,0.429,0,10,10,1,1,37,0,37,65,high_vol_range,0.0,0,,,
2026-03-24T10:15:00+05:30,portfolio_hist,PREMIUM,SKIP,idle,22711.4,25.5,1.0,0.0,0.0,1.04,0.496,0.374,0,10,15,1,1,42,0,42,65,high_vol_range,0.0,0,,,
2026-03-24T10:20:00+05:30,portfolio_hist,PREMIUM,SKIP,idle,22714.0,25.39,1.0,0.0,0.0,1.04,0.485,0.374,0,10,20,1,1,42,0,42,65,high_vol_range,0.0,0,,,
2026-03-24T10:25:00+05:30,portfolio_hist,PREMIUM,SKIP,idle,22760.0,25.4,1.0,0.0,0.0,1.04,0.283,0.374,0,10,25,1,1,49,0,49,65,high_vol_range,0.0,0,,,
2026-03-24T10:30:00+05:30,portfolio_hist,PREMIUM,SKIP,idle,22721.55,25.43,1.0,0.0,0.0,1.041,0.452,0.344,0,10,30,1,1,42,0,42,65,high_vol_range,0.0,0,,,
2026-03-24T10:35:00+05:30,portfolio_hist,PREMIUM,SKIP,idle,22660.9,25.5,1.0,0.0,0.0,1.04,0.717,0.421,0,10,35,1,1,37,0,37,65,high_vol_range,0.0,0,,,
2026-03-24T10:40:00+05:30,portfolio_hist,PREMIUM,SKIP,idle,22634.35,25.7,1.0,0.0,0.0,1.041,0.834,0.579,0,10,40,1,1,30,0,30,65,high_vol_range,0.0,0,,,
2026-03-24T10:45:00+05:30,portfolio_hist,PREMIUM,SKIP,idle,22665.9,25.59,1.0,0.0,0.0,1.041,0.696,0.579,0,10,45,1,1,30,0,30,65,high_vol_range,0.0,0,,,
2026-03-24T10:50:00+05:30,portfolio_hist,PREMIUM,SKIP,idle,22706.45,25.57,1.0,0.0,0.0,1.041,0.518,0.579,0,10,50,1,1,30,0,30,65,high_vol_range,0.0,0,,,
2026-03-24T10:55:00+05:30,portfolio_hist,PREMIUM,SKIP,idle,22672.8,25.67,1.0,0.0,0.0,1.041,0.665,0.565,0,10,55,1,1,30,0,30,65,high_vol_range,0.0,0,,,
2026-03-24T09:30:00+05:30,portfolio_hist,PREMIUM,SKIP,idle,22848.25,25.09,1.0,0.0,0.0,1.04,0.103,1.627,0,9,30,1,1,50,0,50,75,trending,0.0,0,,,
2026-03-24T09:35:00+05:30,portfolio_hist,PREMIUM,SKIP,idle,22819.1,25.18,1.0,0.0,0.0,1.04,0.024,1.627,0,9,35,1,1,50,0,50,75,trending,0.0,0,,,
2026-03-24T09:40:00+05:30,portfolio_hist,PREMIUM,SKIP,idle,22779.75,25.3,1.0,0.0,0.0,1.04,0.197,1.627,0,9,40,1,1,37,0,37,75,trending,0.0,0,,,
2026-03-24T09:45:00+05:30,portfolio_hist,PREMIUM,SKIP,idle,22719.05,25.47,1.0,0.0,0.0,1.04,0.463,0.505,0,9,45,1,1,35,0,35,75,high_vol_range,0.0,0,,,
2026-03-24T09:50:00+05:30,portfolio_hist,PREMIUM,SKIP,idle,22712.55,25.48,1.0,0.0,0.0,1.04,0.491,0.603,0,9,50,1,1,35,0,35,75,high_vol_range,0.0,0,,,
2026-03-24T09:55:00+05:30,portfolio_hist,PREMIUM,SKIP,idle,22755.45,25.34,1.0,0.0,0.0,1.04,0.303,0.603,0,9,55,1,1,35,0,35,75,high_vol_range,0.0,0,,,
2026-03-24T10:00:00+05:30,portfolio_hist,PREMIUM,SKIP,idle,22747.3,25.4,1.0,0.0,0.0,1.04,0.339,0.601,0,10,0,1,1,35,0,35,65,high_vol_range,0.0,0,,,
2026-03-24T10:05:00+05:30,portfolio_hist,PREMIUM,SKIP,idle,22715.0,25.54,1.0,0.0,0.0,1.041,0.48,0.517,0,10,5,1,1,35,0,35,65,high_vol_range,0.0,0,,,
2026-03-24T10:10:00+05:30,portfolio_hist,PREMIUM,SKIP,idle,22693.55,25.53,1.0,0.0,0.0,1.04,0.574,0.429,0,10,10,1,1,37,0,37,65,high_vol_range,0.0,0,,,
2026-03-24T10:15:00+05:30,portfolio_hist,PREMIUM,SKIP,idle,22711.4,25.5,1.0,0.0,0.0,1.04,0.496,0.374,0,10,15,1,1,42,0,42,65,high_vol_range,0.0,0,,,
2026-03-24T10:20:00+05:30,portfolio_hist,PREMIUM,SKIP,idle,22714.0,25.39,1.0,0.0,0.0,1.04,0.485,0.374,0,10,20,1,1,42,0,42,65,high_vol_range,0.0,0,,,
2026-03-24T10:25:00+05:30,portfolio_hist,PREMIUM,SKIP,idle,22760.0,25.4,1.0,0.0,0.0,1.04,0.283,0.374,0,10,25,1,1,49,0,49,65,high_vol_range,0.0,0,,,
2026-03-24T10:30:00+05:30,portfolio_hist,PREMIUM,SKIP,idle,22721.55,25.43,1.0,0.0,0.0,1.041,0.452,0.344,0,10,30,1,1,42,0,42,65,high_vol_range,0.0,0,,,
2026-03-24T10:35:00+05:30,portfolio_hist,PREMIUM,SKIP,idle,22660.9,25.5,1.0,0.0,0.0,1.04,0.717,0.421,0,10,35,1,1,37,0,37,65,high_vol_range,0.0,0,,,
2026-03-24T10:40:00+05:30,portfolio_hist,PREMIUM,SKIP,idle,22634.35,25.7,1.0,0.0,0.0,1.041,0.834,0.579,0,10,40,1,1,30,0,30,65,high_vol_range,0.0,0,,,
2026-03-24T10:45:00+05:30,portfolio_hist,PREMIUM,SKIP,idle,22665.9,25.59,1.0,0.0,0.0,1.041,0.696,0.579,0,10,45,1,1,30,0,30,65,high_vol_range,0.0,0,,,
2026-03-24T10:50:00+05:30,portfolio_hist,PREMIUM,SKIP,idle,22706.45,25.57,1.0,0.0,0.0,1.041,0.518,0.579,0,10,50,1,1,30,0,30,65,high_vol_range,0.0,0,,,
2026-03-24T10:55:00+05:30,portfolio_hist,PREMIUM,SKIP,idle,22672.8,25.67,1.0,0.0,0.0,1.041,0.665,0.565,0,10,55,1,1,30,0,30,65,high_vol_range,0.0,0,,,
2026-03-24T09:30:00+05:30,portfolio_hist,PREMIUM,SKIP,idle,22848.25,25.09,1.0,0.0,0.0,1.04,0.103,1.627,0,9,30,1,1,50,0,50,75,trending,0.0,0,,,
2026-03-24T09:35:00+05:30,portfolio_hist,PREMIUM,SKIP,idle,22819.1,25.18,1.0,0.0,0.0,1.04,0.024,1.627,0,9,35,1,1,50,0,50,75,trending,0.0,0,,,
2026-03-24T09:40:00+05:30,portfolio_hist,PREMIUM,SKIP,idle,22779.75,25.3,1.0,0.0,0.0,1.04,0.197,1.627,0,9,40,1,1,37,0,37,75,trending,0.0,0,,,
2026-03-24T09:45:00+05:30,portfolio_hist,PREMIUM,SKIP,idle,22719.05,25.47,1.0,0.0,0.0,1.04,0.463,0.505,0,9,45,1,1,35,0,35,75,high_vol_range,0.0,0,,,
2026-03-24T09:50:00+05:30,portfolio_hist,PREMIUM,SKIP,idle,22712.55,25.48,1.0,0.0,0.0,1.04,0.491,0.603,0,9,50,1,1,35,0,35,75,high_vol_range,0.0,0,,,
2026-03-24T09:55:00+05:30,portfolio_hist,PREMIUM,SKIP,idle,22755.45,25.34,1.0,0.0,0.0,1.04,0.303,0.603,0,9,55,1,1,35,0,35,75,high_vol_range,0.0,0,,,
2026-03-24T10:00:00+05:30,portfolio_hist,PREMIUM,SKIP,idle,22747.3,25.4,1.0,0.0,0.0,1.04,0.339,0.601,0,10,0,1,1,35,0,35,65,high_vol_range,0.0,0,,,
2026-03-24T10:05:00+05:30,portfolio_hist,PREMIUM,SKIP,idle,22715.0,25.54,1.0,0.0,0.0,1.041,0.48,0.517,0,10,5,1,1,35,0,35,65,high_vol_range,0.0,0,,,
2026-03-24T10:10:00+05:30,portfolio_hist,PREMIUM,SKIP,idle,22693.55,25.53,1.0,0.0,0.0,1.04,0.574,0.429,0,10,10,1,1,37,0,37,65,high_vol_range,0.0,0,,,
2026-03-24T10:15:00+05:30,portfolio_hist,PREMIUM,SKIP,idle,22711.4,25.5,1.0,0.0,0.0,1.04,0.496,0.374,0,10,15,1,1,42,0,42,65,high_vol_range,0.0,0,,,
2026-03-24T10:20:00+05:30,portfolio_hist,PREMIUM,SKIP,idle,22714.0,25.39,1.0,0.0,0.0,1.04,0.485,0.374,0,10,20,1,1,42,0,42,65,high_vol_range,0.0,0,,,
2026-03-24T10:25:00+05:30,portfolio_hist,PREMIUM,SKIP,idle,22760.0,25.4,1.0,0.0,0.0,1.04,0.283,0.374,0,10,25,1,1,49,0,49,65,high_vol_range,0.0,0,,,
2026-03-24T10:30:00+05:30,portfolio_hist,PREMIUM,SKIP,idle,22721.55,25.43,1.0,0.0,0.0,1.041,0.452,0.344,0,10,30,1,1,42,0,42,65,high_vol_range,0.0,0,,,
2026-03-24T10:35:00+05:30,portfolio_hist,PREMIUM,SKIP,idle,22660.9,25.5,1.0,0.0,0.0,1.04,0.717,0.421,0,10,35,1,1,37,0,37,65,high_vol_range,0.0,0,,,
2026-03-24T10:40:00+05:30,portfolio_hist,PREMIUM,SKIP,idle,22634.35,25.7,1.0,0.0,0.0,1.041,0.834,0.579,0,10,40,1,1,30,0,30,65,high_vol_range,0.0,0,,,
2026-03-24T10:45:00+05:30,portfolio_hist,PREMIUM,SKIP,idle,22665.9,25.59,1.0,0.0,0.0,1.041,0.696,0.579,0,10,45,1,1,30,0,30,65,high_vol_range,0.0,0,,,
2026-03-24T10:50:00+05:30,portfolio_hist,PREMIUM,SKIP,idle,22706.45,25.57,1.0,0.0,0.0,1.041,0.518,0.579,0,10,50,1,1,30,0,30,65,high_vol_range,0.0,0,,,
2026-03-24T10:55:00+05:30,portfolio_hist,PREMIUM,SKIP,idle,22672.8,25.67,1.0,0.0,0.0,1.041,0.665,0.565,0,10,55,1,1,30,0,30,65,high_vol_range,0.0,0,,,
2026-03-24T09:30:00+05:30,portfolio_hist,PREMIUM,SKIP,idle,22848.25,25.09,1.0,0.0,0.0,1.04,0.103,1.627,0,9,30,1,1,50,0,50,75,trending,0.0,0,,,
2026-03-24T09:35:00+05:30,portfolio_hist,PREMIUM,SKIP,idle,22819.1,25.18,1.0,0.0,0.0,1.04,0.024,1.627,0,9,35,1,1,50,0,50,75,trending,0.0,0,,,
2026-03-24T09:40:00+05:30,portfolio_hist,PREMIUM,SKIP,idle,22779.75,25.3,1.0,0.0,0.0,1.04,0.197,1.627,0,9,40,1,1,37,0,37,75,trending,0.0,0,,,
2026-03-24T09:45:00+05:30,portfolio_hist,PREMIUM,SKIP,idle,22719.05,25.47,1.0,0.0,0.0,1.04,0.463,0.505,0,9,45,1,1,35,0,35,75,high_vol_range,0.0,0,,,
2026-03-24T09:50:00+05:30,portfolio_hist,PREMIUM,SKIP,idle,22712.55,25.48,1.0,0.0,0.0,1.04,0.491,0.603,0,9,50,1,1,35,0,35,75,high_vol_range,0.0,0,,,
2026-03-24T09:55:00+05:30,portfolio_hist,PREMIUM,SKIP,idle,22755.45,25.34,1.0,0.0,0.0,1.04,0.303,0.603,0,9,55,1,1,35,0,35,75,high_vol_range,0.0,0,,,
2026-03-24T10:00:00+05:30,portfolio_hist,PREMIUM,SKIP,idle,22747.3,25.4,1.0,0.0,0.0,1.04,0.339,0.601,0,10,0,1,1,35,0,35,65,high_vol_range,0.0,0,,,
2026-03-24T10:05:00+05:30,portfolio_hist,PREMIUM,SKIP,idle,22715.0,25.54,1.0,0.0,0.0,1.041,0.48,0.517,0,10,5,1,1,35,0,35,65,high_vol_range,0.0,0,,,
2026-03-24T10:10:00+05:30,portfolio_hist,PREMIUM,SKIP,idle,22693.55,25.53,1.0,0.0,0.0,1.04,0.574,0.429,0,10,10,1,1,37,0,37,65,high_vol_range,0.0,0,,,
2026-03-24T10:15:00+05:30,portfolio_hist,PREMIUM,SKIP,idle,22711.4,25.5,1.0,0.0,0.0,1.04,0.496,0.374,0,10,15,1,1,42,0,42,65,high_vol_range,0.0,0,,,
2026-03-24T10:20:00+05:30,portfolio_hist,PREMIUM,SKIP,idle,22714.0,25.39,1.0,0.0,0.0,1.04,0.485,0.374,0,10,20,1,1,42,0,42,65,high_vol_range,0.0,0,,,
2026-03-24T10:25:00+05:30,portfolio_hist,PREMIUM,SKIP,idle,22760.0,25.4,1.0,0.0,0.0,1.04,0.283,0.374,0,10,25,1,1,49,0,49,65,high_vol_range,0.0,0,,,
2026-03-24T10:30:00+05:30,portfolio_hist,PREMIUM,SKIP,idle,22721.55,25.43,1.0,0.0,0.0,1.041,0.452,0.344,0,10,30,1,1,42,0,42,65,high_vol_range,0.0,0,,,
2026-03-24T10:35:00+05:30,portfolio_hist,PREMIUM,SKIP,idle,22660.9,25.5,1.0,0.0,0.0,1.04,0.717,0.421,0,10,35,1,1,37,0,37,65,high_vol_range,0.0,0,,,
2026-03-24T10:40:00+05:30,portfolio_hist,PREMIUM,SKIP,idle,22634.35,25.7,1.0,0.0,0.0,1.041,0.834,0.579,0,10,40,1,1,30,0,30,65,high_vol_range,0.0,0,,,
2026-03-24T10:45:00+05:30,portfolio_hist,PREMIUM,SKIP,idle,22665.9,25.59,1.0,0.0,0.0,1.041,0.696,0.579,0,10,45,1,1,30,0,30,65,high_vol_range,0.0,0,,,
2026-03-24T10:50:00+05:30,portfolio_hist,PREMIUM,SKIP,idle,22706.45,25.57,1.0,0.0,0.0,1.041,0.518,0.579,0,10,50,1,1,30,0,30,65,high_vol_range,0.0,0,,,
2026-03-24T10:55:00+05:30,portfolio_hist,PREMIUM,SKIP,idle,22672.8,25.67,1.0,0.0,0.0,1.041,0.665,0.565,0,10,55,1,1,30,0,30,65,high_vol_range,0.0,0,,,
2026-03-24T09:30:00+05:30,portfolio_hist,PREMIUM,SKIP,idle,22848.25,25.09,1.0,0.0,0.0,1.04,0.103,1.627,0,9,30,1,1,50,0,50,75,trending,0.0,0,,,
2026-03-24T09:35:00+05:30,portfolio_hist,PREMIUM,SKIP,idle,22819.1,25.18,1.0,0.0,0.0,1.04,0.024,1.627,0,9,35,1,1,50,0,50,75,trending,0.0,0,,,
2026-03-24T09:40:00+05:30,portfolio_hist,PREMIUM,SKIP,idle,22779.75,25.3,1.0,0.0,0.0,1.04,0.197,1.627,0,9,40,1,1,37,0,37,75,trending,0.0,0,,,
2026-03-24T09:45:00+05:30,portfolio_hist,PREMIUM,SKIP,idle,22719.05,25.47,1.0,0.0,0.0,1.04,0.463,0.505,0,9,45,1,1,35,0,35,75,high_vol_range,0.0,0,,,
2026-03-24T09:50:00+05:30,portfolio_hist,PREMIUM,SKIP,idle,22712.55,25.48,1.0,0.0,0.0,1.04,0.491,0.603,0,9,50,1,1,35,0,35,75,high_vol_range,0.0,0,,,
2026-03-24T09:55:00+05:30,portfolio_hist,PREMIUM,SKIP,idle,22755.45,25.34,1.0,0.0,0.0,1.04,0.303,0.603,0,9,55,1,1,35,0,35,75,high_vol_range,0.0,0,,,
2026-03-24T10:00:00+05:30,portfolio_hist,PREMIUM,SKIP,idle,22747.3,25.4,1.0,0.0,0.0,1.04,0.339,0.601,0,10,0,1,1,35,0,35,65,high_vol_range,0.0,0,,,
2026-03-24T10:05:00+05:30,portfolio_hist,PREMIUM,SKIP,idle,22715.0,25.54,1.0,0.0,0.0,1.041,0.48,0.517,0,10,5,1,1,35,0,35,65,high_vol_range,0.0,0,,,
2026-03-24T10:10:00+05:30,portfolio_hist,PREMIUM,SKIP,idle,22693.55,25.53,1.0,0.0,0.0,1.04,0.574,0.429,0,10,10,1,1,37,0,37,65,high_vol_range,0.0,0,,,
2026-03-24T10:15:00+05:30,portfolio_hist,PREMIUM,SKIP,idle,22711.4,25.5,1.0,0.0,0.0,1.04,0.496,0.374,0,10,15,1,1,42,0,42,65,high_vol_range,0.0,0,,,
2026-03-24T10:20:00+05:30,portfolio_hist,PREMIUM,SKIP,idle,22714.0,25.39,1.0,0.0,0.0,1.04,0.485,0.374,0,10,20,1,1,42,0,42,65,high_vol_range,0.0,0,,,
2026-03-24T10:25:00+05:30,portfolio_hist,PREMIUM,SKIP,idle,22760.0,25.4,1.0,0.0,0.0,1.04,0.283,0.374,0,10,25,1,1,49,0,49,65,high_vol_range,0.0,0,,,
2026-03-24T10:30:00+05:30,portfolio_hist,PREMIUM,SKIP,idle,22721.55,25.43,1.0,0.0,0.0,1.041,0.452,0.344,0,10,30,1,1,42,0,42,65,high_vol_range,0.0,0,,,
2026-03-24T10:35:00+05:30,portfolio_hist,PREMIUM,SKIP,idle,22660.9,25.5,1.0,0.0,0.0,1.04,0.717,0.421,0,10,35,1,1,37,0,37,65,high_vol_range,0.0,0,,,
2026-03-24T10:40:00+05:30,portfolio_hist,PREMIUM,SKIP,idle,22634.35,25.7,1.0,0.0,0.0,1.041,0.834,0.579,0,10,40,1,1,30,0,30,65,high_vol_range,0.0,0,,,
2026-03-24T10:45:00+05:30,portfolio_hist,PREMIUM,SKIP,idle,22665.9,25.59,1.0,0.0,0.0,1.041,0.696,0.579,0,10,45,1,1,30,0,30,65,high_vol_range,0.0,0,,,
2026-03-24T10:50:00+05:30,portfolio_hist,PREMIUM,SKIP,idle,22706.45,25.57,1.0,0.0,0.0,1.041,0.518,0.579,0,10,50,1,1,30,0,30,65,high_vol_range,0.0,0,,,
2026-03-24T10:55:00+05:30,portfolio_hist,PREMIUM,SKIP,idle,22672.8,25.67,1.0,0.0,0.0,1.041,0.665,0.565,0,10,55,1,1,30,0,30,65,high_vol_range,0.0,0,,,
2026-03-24T09:30:00+05:30,portfolio_hist,PREMIUM,SKIP,idle,22848.25,25.09,1.0,0.0,0.0,1.04,0.103,1.627,0,9,30,1,1,50,0,50,75,trending,0.0,0,,,
2026-03-24T09:35:00+05:30,portfolio_hist,PREMIUM,SKIP,idle,22819.1,25.18,1.0,0.0,0.0,1.04,0.024,1.627,0,9,35,1,1,50,0,50,75,trending,0.0,0,,,
2026-03-24T09:40:00+05:30,portfolio_hist,PREMIUM,SKIP,idle,22779.75,25.3,1.0,0.0,0.0,1.04,0.197,1.627,0,9,40,1,1,37,0,37,75,trending,0.0,0,,,
2026-03-24T09:45:00+05:30,portfolio_hist,PREMIUM,SKIP,idle,22719.05,25.47,1.0,0.0,0.0,1.04,0.463,0.505,0,9,45,1,1,35,0,35,75,high_vol_range,0.0,0,,,
2026-03-24T09:50:00+05:30,portfolio_hist,PREMIUM,SKIP,idle,22712.55,25.48,1.0,0.0,0.0,1.04,0.491,0.603,0,9,50,1,1,35,0,35,75,high_vol_range,0.0,0,,,
2026-03-24T09:55:00+05:30,portfolio_hist,PREMIUM,SKIP,idle,22755.45,25.34,1.0,0.0,0.0,1.04,0.303,0.603,0,9,55,1,1,35,0,35,75,high_vol_range,0.0,0,,,
2026-03-24T10:00:00+05:30,portfolio_hist,PREMIUM,SKIP,idle,22747.3,25.4,1.0,0.0,0.0,1.04,0.339,0.601,0,10,0,1,1,35,0,35,65,high_vol_range,0.0,0,,,
2026-03-24T10:05:00+05:30,portfolio_hist,PREMIUM,SKIP,idle,22715.0,25.54,1.0,0.0,0.0,1.041,0.48,0.517,0,10,5,1,1,35,0,35,65,high_vol_range,0.0,0,,,
2026-03-24T10:10:00+05:30,portfolio_hist,PREMIUM,SKIP,idle,22693.55,25.53,1.0,0.0,0.0,1.04,0.574,0.429,0,10,10,1,1,37,0,37,65,high_vol_range,0.0,0,,,
2026-03-24T10:15:00+05:30,portfolio_hist,PREMIUM,SKIP,idle,22711.4,25.5,1.0,0.0,0.0,1.04,0.496,0.374,0,10,15,1,1,42,0,42,65,high_vol_range,0.0,0,,,
2026-03-24T10:20:00+05:30,portfolio_hist,PREMIUM,SKIP,idle,22714.0,25.39,1.0,0.0,0.0,1.04,0.485,0.374,0,10,20,1,1,42,0,42,65,high_vol_range,0.0,0,,,
2026-03-24T10:25:00+05:30,portfolio_hist,PREMIUM,SKIP,idle,22760.0,25.4,1.0,0.0,0.0,1.04,0.283,0.374,0,10,25,1,1,49,0,49,65,high_vol_range,0.0,0,,,
2026-03-24T10:30:00+05:30,portfolio_hist,PREMIUM,SKIP,idle,22721.55,25.43,1.0,0.0,0.0,1.041,0.452,0.344,0,10,30,1,1,42,0,42,65,high_vol_range,0.0,0,,,
2026-03-24T10:35:00+05:30,portfolio_hist,PREMIUM,SKIP,idle,22660.9,25.5,1.0,0.0,0.0,1.04,0.717,0.421,0,10,35,1,1,37,0,37,65,high_vol_range,0.0,0,,,
2026-03-24T10:40:00+05:30,portfolio_hist,PREMIUM,SKIP,idle,22634.35,25.7,1.0,0.0,0.0,1.041,0.834,0.579,0,10,40,1,1,30,0,30,65,high_vol_range,0.0,0,,,
2026-03-24T10:45:00+05:30,portfolio_hist,PREMIUM,SKIP,idle,22665.9,25.59,1.0,0.0,0.0,1.041,0.696,0.579,0,10,45,1,1,30,0,30,65,high_vol_range,0.0,0,,,
2026-03-24T10:50:00+05:30,portfolio_hist,PREMIUM,SKIP,idle,22706.45,25.57,1.0,0.0,0.0,1.041,0.518,0.579,0,10,50,1,1,30,0,30,65,high_vol_range,0.0,0,,,
2026-03-24T10:55:00+05:30,portfolio_hist,PREMIUM,SKIP,idle,22672.8,25.67,1.0,0.0,0.0,1.041,0.665,0.565,0,10,55,1,1,30,0,30,65,high_vol_range,0.0,0,,,
2026-03-24T09:30:00+05:30,portfolio_hist,PREMIUM,SKIP,idle,22848.25,25.09,1.0,0.0,0.0,1.04,0.103,1.627,0,9,30,1,1,50,0,50,75,trending,0.0,0,,,
2026-03-24T09:35:00+05:30,portfolio_hist,PREMIUM,SKIP,idle,22819.1,25.18,1.0,0.0,0.0,1.04,0.024,1.627,0,9,35,1,1,50,0,50,75,trending,0.0,0,,,
2026-03-24T09:40:00+05:30,portfolio_hist,PREMIUM,SKIP,idle,22779.75,25.3,1.0,0.0,0.0,1.04,0.197,1.627,0,9,40,1,1,37,0,37,75,trending,0.0,0,,,
2026-03-24T09:45:00+05:30,portfolio_hist,PREMIUM,SKIP,idle,22719.05,25.47,1.0,0.0,0.0,1.04,0.463,0.505,0,9,45,1,1,35,0,35,75,high_vol_range,0.0,0,,,
2026-03-24T09:50:00+05:30,portfolio_hist,PREMIUM,SKIP,idle,22712.55,25.48,1.0,0.0,0.0,1.04,0.491,0.603,0,9,50,1,1,35,0,35,75,high_vol_range,0.0,0,,,
2026-03-24T09:55:00+05:30,portfolio_hist,PREMIUM,SKIP,idle,22755.45,25.34,1.0,0.0,0.0,1.04,0.303,0.603,0,9,55,1,1,35,0,35,75,high_vol_range,0.0,0,,,
2026-03-24T10:00:00+05:30,portfolio_hist,PREMIUM,SKIP,idle,22747.3,25.4,1.0,0.0,0.0,1.04,0.339,0.601,0,10,0,1,1,35,0,35,65,high_vol_range,0.0,0,,,
2026-03-24T10:05:00+05:30,portfolio_hist,PREMIUM,SKIP,idle,22715.0,25.54,1.0,0.0,0.0,1.041,0.48,0.517,0,10,5,1,1,35,0,35,65,high_vol_range,0.0,0,,,
2026-03-24T10:10:00+05:30,portfolio_hist,PREMIUM,SKIP,idle,22693.55,25.53,1.0,0.0,0.0,1.04,0.574,0.429,0,10,10,1,1,37,0,37,65,high_vol_range,0.0,0,,,
2026-03-24T10:15:00+05:30,portfolio_hist,PREMIUM,SKIP,idle,22711.4,25.5,1.0,0.0,0.0,1.04,0.496,0.374,0,10,15,1,1,42,0,42,65,high_vol_range,0.0,0,,,
2026-03-24T10:20:00+05:30,portfolio_hist,PREMIUM,SKIP,idle,22714.0,25.39,1.0,0.0,0.0,1.04,0.485,0.374,0,10,20,1,1,42,0,42,65,high_vol_range,0.0,0,,,
2026-03-24T10:25:00+05:30,portfolio_hist,PREMIUM,SKIP,idle,22760.0,25.4,1.0,0.0,0.0,1.04,0.283,0.374,0,10,25,1,1,49,0,49,65,high_vol_range,0.0,0,,,
2026-03-24T10:30:00+05:30,portfolio_hist,PREMIUM,SKIP,idle,22721.55,25.43,1.0,0.0,0.0,1.041,0.452,0.344,0,10,30,1,1,42,0,42,65,high_vol_range,0.0,0,,,
2026-03-24T10:35:00+05:30,portfolio_hist,PREMIUM,SKIP,idle,22660.9,25.5,1.0,0.0,0.0,1.04,0.717,0.421,0,10,35,1,1,37,0,37,65,high_vol_range,0.0,0,,,
2026-03-24T10:40:00+05:30,portfolio_hist,PREMIUM,SKIP,idle,22634.35,25.7,1.0,0.0,0.0,1.041,0.834,0.579,0,10,40,1,1,30,0,30,65,high_vol_range,0.0,0,,,
2026-03-24T10:45:00+05:30,portfolio_hist,PREMIUM,SKIP,idle,22665.9,25.59,1.0,0.0,0.0,1.041,0.696,0.579,0,10,45,1,1,30,0,30,65,high_vol_range,0.0,0,,,
2026-03-24T10:50:00+05:30,portfolio_hist,PREMIUM,SKIP,idle,22706.45,25.57,1.0,0.0,0.0,1.041,0.518,0.579,0,10,50,1,1,30,0,30,65,high_vol_range,0.0,0,,,
2026-03-24T10:55:00+05:30,portfolio_hist,PREMIUM,SKIP,idle,22672.8,25.67,1.0,0.0,0.0,1.041,0.665,0.565,0,10,55,1,1,30,0,30,65,high_vol_range,0.0,0,,,
2026-03-24T09:30:00+05:30,portfolio_hist,PREMIUM,SKIP,idle,22848.25,25.09,1.0,0.0,0.0,1.04,0.103,1.627,0,9,30,1,1,50,0,50,75,trending,0.0,0,,,
2026-03-24T09:35:00+05:30,portfolio_hist,PREMIUM,SKIP,idle,22819.1,25.18,1.0,0.0,0.0,1.04,0.024,1.627,0,9,35,1,1,50,0,50,75,trending,0.0,0,,,
2026-03-24T09:40:00+05:30,portfolio_hist,PREMIUM,SKIP,idle,22779.75,25.3,1.0,0.0,0.0,1.04,0.197,1.627,0,9,40,1,1,37,0,37,75,trending,0.0,0,,,
2026-03-24T09:45:00+05:30,portfolio_hist,PREMIUM,SKIP,idle,22719.05,25.47,1.0,0.0,0.0,1.04,0.463,0.505,0,9,45,1,1,35,0,35,75,high_vol_range,0.0,0,,,
2026-03-24T09:50:00+05:30,portfolio_hist,PREMIUM,SKIP,idle,22712.55,25.48,1.0,0.0,0.0,1.04,0.491,0.603,0,9,50,1,1,35,0,35,75,high_vol_range,0.0,0,,,
2026-03-24T09:55:00+05:30,portfolio_hist,PREMIUM,SKIP,idle,22755.45,25.34,1.0,0.0,0.0,1.04,0.303,0.603,0,9,55,1,1,35,0,35,75,high_vol_range,0.0,0,,,
2026-03-24T10:00:00+05:30,portfolio_hist,PREMIUM,SKIP,idle,22747.3,25.4,1.0,0.0,0.0,1.04,0.339,0.601,0,10,0,1,1,35,0,35,65,high_vol_range,0.0,0,,,
2026-03-24T10:05:00+05:30,portfolio_hist,PREMIUM,SKIP,idle,22715.0,25.54,1.0,0.0,0.0,1.041,0.48,0.517,0,10,5,1,1,35,0,35,65,high_vol_range,0.0,0,,,
2026-03-24T10:10:00+05:30,portfolio_hist,PREMIUM,SKIP,idle,22693.55,25.53,1.0,0.0,0.0,1.04,0.574,0.429,0,10,10,1,1,37,0,37,65,high_vol_range,0.0,0,,,
2026-03-24T10:15:00+05:30,portfolio_hist,PREMIUM,SKIP,idle,22711.4,25.5,1.0,0.0,0.0,1.04,0.496,0.374,0,10,15,1,1,42,0,42,65,high_vol_range,0.0,0,,,
2026-03-24T10:20:00+05:30,portfolio_hist,PREMIUM,SKIP,idle,22714.0,25.39,1.0,0.0,0.0,1.04,0.485,0.374,0,10,20,1,1,42,0,42,65,high_vol_range,0.0,0,,,
2026-03-24T10:25:00+05:30,portfolio_hist,PREMIUM,SKIP,idle,22760.0,25.4,1.0,0.0,0.0,1.04,0.283,0.374,0,10,25,1,1,49,0,49,65,high_vol_range,0.0,0,,,
2026-03-24T10:30:00+05:30,portfolio_hist,PREMIUM,SKIP,idle,22721.55,25.43,1.0,0.0,0.0,1.041,0.452,0.344,0,10,30,1,1,42,0,42,65,high_vol_range,0.0,0,,,
2026-03-24T10:35:00+05:30,portfolio_hist,PREMIUM,SKIP,idle,22660.9,25.5,1.0,0.0,0.0,1.04,0.717,0.421,0,10,35,1,1,37,0,37,65,high_vol_range,0.0,0,,,
2026-03-24T10:40:00+05:30,portfolio_hist,PREMIUM,SKIP,idle,22634.35,25.7,1.0,0.0,0.0,1.041,0.834,0.579,0,10,40,1,1,30,0,30,65,high_vol_range,0.0,0,,,
2026-03-24T10:45:00+05:30,portfolio_hist,PREMIUM,SKIP,idle,22665.9,25.59,1.0,0.0,0.0,1.041,0.696,0.579,0,10,45,1,1,30,0,30,65,high_vol_range,0.0,0,,,
2026-03-24T10:50:00+05:30,portfolio_hist,PREMIUM,SKIP,idle,22706.45,25.57,1.0,0.0,0.0,1.041,0.518,0.579,0,10,50,1,1,30,0,30,65,high_vol_range,0.0,0,,,
2026-03-24T10:55:00+05:30,portfolio_hist,PREMIUM,SKIP,idle,22672.8,25.67,1.0,0.0,0.0,1.041,0.665,0.565,0,10,55,1,1,30,0,30,65,high_vol_range,0.0,0,,,
2026-03-24T09:30:00+05:30,portfolio_hist,PREMIUM,SKIP,idle,22848.25,25.09,1.0,0.0,0.0,1.04,0.103,1.627,0,9,30,1,1,50,0,50,75,trending,0.0,0,,,
2026-03-24T09:35:00+05:30,portfolio_hist,PREMIUM,SKIP,idle,22819.1,25.18,1.0,0.0,0.0,1.04,0.024,1.627,0,9,35,1,1,50,0,50,75,trending,0.0,0,,,
2026-03-24T09:40:00+05:30,portfolio_hist,PREMIUM,SKIP,idle,22779.75,25.3,1.0,0.0,0.0,1.04,0.197,1.627,0,9,40,1,1,37,0,37,75,trending,0.0,0,,,
2026-03-24T09:45:00+05:30,portfolio_hist,PREMIUM,SKIP,idle,22719.05,25.47,1.0,0.0,0.0,1.04,0.463,0.505,0,9,45,1,1,35,0,35,75,high_vol_range,0.0,0,,,
2026-03-24T09:50:00+05:30,portfolio_hist,PREMIUM,SKIP,idle,22712.55,25.48,1.0,0.0,0.0,1.04,0.491,0.603,0,9,50,1,1,35,0,35,75,high_vol_range,0.0,0,,,
2026-03-24T09:55:00+05:30,portfolio_hist,PREMIUM,SKIP,idle,22755.45,25.34,1.0,0.0,0.0,1.04,0.303,0.603,0,9,55,1,1,35,0,35,75,high_vol_range,0.0,0,,,
2026-03-24T10:00:00+05:30,portfolio_hist,PREMIUM,SKIP,idle,22747.3,25.4,1.0,0.0,0.0,1.04,0.339,0.601,0,10,0,1,1,35,0,35,65,high_vol_range,0.0,0,,,
2026-03-24T10:05:00+05:30,portfolio_hist,PREMIUM,SKIP,idle,22715.0,25.54,1.0,0.0,0.0,1.041,0.48,0.517,0,10,5,1,1,35,0,35,65,high_vol_range,0.0,0,,,
2026-03-24T10:10:00+05:30,portfolio_hist,PREMIUM,SKIP,idle,22693.55,25.53,1.0,0.0,0.0,1.04,0.574,0.429,0,10,10,1,1,37,0,37,65,high_vol_range,0.0,0,,,
2026-03-24T10:15:00+05:30,portfolio_hist,PREMIUM,SKIP,idle,22711.4,25.5,1.0,0.0,0.0,1.04,0.496,0.374,0,10,15,1,1,42,0,42,65,high_vol_range,0.0,0,,,
2026-03-24T10:20:00+05:30,portfolio_hist,PREMIUM,SKIP,idle,22714.0,25.39,1.0,0.0,0.0,1.04,0.485,0.374,0,10,20,1,1,42,0,42,65,high_vol_range,0.0,0,,,
2026-03-24T10:25:00+05:30,portfolio_hist,PREMIUM,SKIP,idle,22760.0,25.4,1.0,0.0,0.0,1.04,0.283,0.374,0,10,25,1,1,49,0,49,65,high_vol_range,0.0,0,,,
2026-03-24T10:30:00+05:30,portfolio_hist,PREMIUM,SKIP,idle,22721.55,25.43,1.0,0.0,0.0,1.041,0.452,0.344,0,10,30,1,1,42,0,42,65,high_vol_range,0.0,0,,,
2026-03-24T10:35:00+05:30,portfolio_hist,PREMIUM,SKIP,idle,22660.9,25.5,1.0,0.0,0.0,1.04,0.717,0.421,0,10,35,1,1,37,0,37,65,high_vol_range,0.0,0,,,
2026-03-24T10:40:00+05:30,portfolio_hist,PREMIUM,SKIP,idle,22634.35,25.7,1.0,0.0,0.0,1.041,0.834,0.579,0,10,40,1,1,30,0,30,65,high_vol_range,0.0,0,,,
2026-03-24T10:45:00+05:30,portfolio_hist,PREMIUM,SKIP,idle,22665.9,25.59,1.0,0.0,0.0,1.041,0.696,0.579,0,10,45,1,1,30,0,30,65,high_vol_range,0.0,0,,,
2026-03-24T10:50:00+05:30,portfolio_hist,PREMIUM,SKIP,idle,22706.45,25.57,1.0,0.0,0.0,1.041,0.518,0.579,0,10,50,1,1,30,0,30,65,high_vol_range,0.0,0,,,
2026-03-24T10:55:00+05:30,portfolio_hist,PREMIUM,SKIP,idle,22672.8,25.67,1.0,0.0,0.0,1.041,0.665,0.565,0,10,55,1,1,30,0,30,65,high_vol_range,0.0,0,,,
2026-03-24T09:30:00+05:30,portfolio_hist,PREMIUM,SKIP,idle,22848.25,25.09,1.0,0.0,0.0,1.04,0.103,1.627,0,9,30,1,1,50,0,50,75,trending,0.0,0,,,
2026-03-24T09:35:00+05:30,portfolio_hist,PREMIUM,SKIP,idle,22819.1,25.18,1.0,0.0,0.0,1.04,0.024,1.627,0,9,35,1,1,50,0,50,75,trending,0.0,0,,,
2026-03-24T09:40:00+05:30,portfolio_hist,PREMIUM,SKIP,idle,22779.75,25.3,1.0,0.0,0.0,1.04,0.197,1.627,0,9,40,1,1,37,0,37,75,trending,0.0,0,,,
2026-03-24T09:45:00+05:30,portfolio_hist,PREMIUM,SKIP,idle,22719.05,25.47,1.0,0.0,0.0,1.04,0.463,0.505,0,9,45,1,1,35,0,35,75,high_vol_range,0.0,0,,,
2026-03-24T09:50:00+05:30,portfolio_hist,PREMIUM,SKIP,idle,22712.55,25.48,1.0,0.0,0.0,1.04,0.491,0.603,0,9,50,1,1,35,0,35,75,high_vol_range,0.0,0,,,
2026-03-24T09:55:00+05:30,portfolio_hist,PREMIUM,SKIP,idle,22755.45,25.34,1.0,0.0,0.0,1.04,0.303,0.603,0,9,55,1,1,35,0,35,75,high_vol_range,0.0,0,,,
2026-03-24T10:00:00+05:30,portfolio_hist,PREMIUM,SKIP,idle,22747.3,25.4,1.0,0.0,0.0,1.04,0.339,0.601,0,10,0,1,1,35,0,35,65,high_vol_range,0.0,0,,,
2026-03-24T10:05:00+05:30,portfolio_hist,PREMIUM,SKIP,idle,22715.0,25.54,1.0,0.0,0.0,1.041,0.48,0.517,0,10,5,1,1,35,0,35,65,high_vol_range,0.0,0,,,
2026-03-24T10:10:00+05:30,portfolio_hist,PREMIUM,SKIP,idle,22693.55,25.53,1.0,0.0,0.0,1.04,0.574,0.429,0,10,10,1,1,37,0,37,65,high_vol_range,0.0,0,,,
2026-03-24T10:15:00+05:30,portfolio_hist,PREMIUM,SKIP,idle,22711.4,25.5,1.0,0.0,0.0,1.04,0.496,0.374,0,10,15,1,1,42,0,42,65,high_vol_range,0.0,0,,,
2026-03-24T10:20:00+05:30,portfolio_hist,PREMIUM,SKIP,idle,22714.0,25.39,1.0,0.0,0.0,1.04,0.485,0.374,0,10,20,1,1,42,0,42,65,high_vol_range,0.0,0,,,
2026-03-24T10:25:00+05:30,portfolio_hist,PREMIUM,SKIP,idle,22760.0,25.4,1.0,0.0,0.0,1.04,0.283,0.374,0,10,25,1,1,49,0,49,65,high_vol_range,0.0,0,,,
2026-03-24T10:30:00+05:30,portfolio_hist,PREMIUM,SKIP,idle,22721.55,25.43,1.0,0.0,0.0,1.041,0.452,0.344,0,10,30,1,1,42,0,42,65,high_vol_range,0.0,0,,,
2026-03-24T10:35:00+05:30,portfolio_hist,PREMIUM,SKIP,idle,22660.9,25.5,1.0,0.0,0.0,1.04,0.717,0.421,0,10,35,1,1,37,0,37,65,high_vol_range,0.0,0,,,
2026-03-24T10:40:00+05:30,portfolio_hist,PREMIUM,SKIP,idle,22634.35,25.7,1.0,0.0,0.0,1.041,0.834,0.579,0,10,40,1,1,30,0,30,65,high_vol_range,0.0,0,,,
2026-03-24T10:45:00+05:30,portfolio_hist,PREMIUM,SKIP,idle,22665.9,25.59,1.0,0.0,0.0,1.041,0.696,0.579,0,10,45,1,1,30,0,30,65,high_vol_range,0.0,0,,,
2026-03-24T10:50:00+05:30,portfolio_hist,PREMIUM,SKIP,idle,22706.45,25.57,1.0,0.0,0.0,1.041,0.518,0.579,0,10,50,1,1,30,0,30,65,high_vol_range,0.0,0,,,
2026-03-24T10:55:00+05:30,portfolio_hist,PREMIUM,SKIP,idle,22672.8,25.67,1.0,0.0,0.0,1.041,0.665,0.565,0,10,55,1,1,30,0,30,65,high_vol_range,0.0,0,,,
2026-03-24T09:30:00+05:30,portfolio_hist,PREMIUM,SKIP,idle,22848.25,25.09,1.0,0.0,0.0,1.04,0.103,1.627,0,9,30,1,1,50,0,50,75,trending,0.0,0,,,
2026-03-24T09:35:00+05:30,portfolio_hist,PREMIUM,SKIP,idle,22819.1,25.18,1.0,0.0,0.0,1.04,0.024,1.627,0,9,35,1,1,50,0,50,75,trending,0.0,0,,,
2026-03-24T09:40:00+05:30,portfolio_hist,PREMIUM,SKIP,idle,22779.75,25.3,1.0,0.0,0.0,1.04,0.197,1.627,0,9,40,1,1,37,0,37,75,trending,0.0,0,,,
2026-03-24T09:45:00+05:30,portfolio_hist,PREMIUM,SKIP,idle,22719.05,25.47,1.0,0.0,0.0,1.04,0.463,0.505,0,9,45,1,1,35,0,35,75,high_vol_range,0.0,0,,,
2026-03-24T09:50:00+05:30,portfolio_hist,PREMIUM,SKIP,idle,22712.55,25.48,1.0,0.0,0.0,1.04,0.491,0.603,0,9,50,1,1,35,0,35,75,high_vol_range,0.0,0,,,
2026-03-24T09:55:00+05:30,portfolio_hist,PREMIUM,SKIP,idle,22755.45,25.34,1.0,0.0,0.0,1.04,0.303,0.603,0,9,55,1,1,35,0,35,75,high_vol_range,0.0,0,,,
2026-03-24T10:00:00+05:30,portfolio_hist,PREMIUM,SKIP,idle,22747.3,25.4,1.0,0.0,0.0,1.04,0.339,0.601,0,10,0,1,1,35,0,35,65,high_vol_range,0.0,0,,,
2026-03-24T10:05:00+05:30,portfolio_hist,PREMIUM,SKIP,idle,22715.0,25.54,1.0,0.0,0.0,1.041,0.48,0.517,0,10,5,1,1,35,0,35,65,high_vol_range,0.0,0,,,
2026-03-24T10:10:00+05:30,portfolio_hist,PREMIUM,SKIP,idle,22693.55,25.53,1.0,0.0,0.0,1.04,0.574,0.429,0,10,10,1,1,37,0,37,65,high_vol_range,0.0,0,,,
2026-03-24T10:15:00+05:30,portfolio_hist,PREMIUM,SKIP,idle,22711.4,25.5,1.0,0.0,0.0,1.04,0.496,0.374,0,10,15,1,1,42,0,42,65,high_vol_range,0.0,0,,,
2026-03-24T10:20:00+05:30,portfolio_hist,PREMIUM,SKIP,idle,22714.0,25.39,1.0,0.0,0.0,1.04,0.485,0.374,0,10,20,1,1,42,0,42,65,high_vol_range,0.0,0,,,
2026-03-24T10:25:00+05:30,portfolio_hist,PREMIUM,SKIP,idle,22760.0,25.4,1.0,0.0,0.0,1.04,0.283,0.374,0,10,25,1,1,49,0,49,65,high_vol_range,0.0,0,,,
2026-03-24T10:30:00+05:30,portfolio_hist,PREMIUM,SKIP,idle,22721.55,25.43,1.0,0.0,0.0,1.041,0.452,0.344,0,10,30,1,1,42,0,42,65,high_vol_range,0.0,0,,,
2026-03-24T10:35:00+05:30,portfolio_hist,PREMIUM,SKIP,idle,22660.9,25.5,1.0,0.0,0.0,1.04,0.717,0.421,0,10,35,1,1,37,0,37,65,high_vol_range,0.0,0,,,
2026-03-24T10:40:00+05:30,portfolio_hist,PREMIUM,SKIP,idle,22634.35,25.7,1.0,0.0,0.0,1.041,0.834,0.579,0,10,40,1,1,30,0,30,65,high_vol_range,0.0,0,,,
2026-03-24T10:45:00+05:30,portfolio_hist,PREMIUM,SKIP,idle,22665.9,25.59,1.0,0.0,0.0,1.041,0.696,0.579,0,10,45,1,1,30,0,30,65,high_vol_range,0.0,0,,,
2026-03-24T10:50:00+05:30,portfolio_hist,PREMIUM,SKIP,idle,22706.45,25.57,1.0,0.0,0.0,1.041,0.518,0.579,0,10,50,1,1,30,0,30,65,high_vol_range,0.0,0,,,
2026-03-24T10:55:00+05:30,portfolio_hist,PREMIUM,SKIP,idle,22672.8,25.67,1.0,0.0,0.0,1.041,0.665,0.565,0,10,55,1,1,30,0,30,65,high_vol_range,0.0,0,,,
2026-03-24T09:30:00+05:30,portfolio_hist,PREMIUM,SKIP,idle,22848.25,25.09,1.0,0.0,0.0,1.04,0.103,1.627,0,9,30,1,1,50,0,50,75,trending,0.0,0,,,
2026-03-24T09:35:00+05:30,portfolio_hist,PREMIUM,SKIP,idle,22819.1,25.18,1.0,0.0,0.0,1.04,0.024,1.627,0,9,35,1,1,50,0,50,75,trending,0.0,0,,,
2026-03-24T09:40:00+05:30,portfolio_hist,PREMIUM,SKIP,idle,22779.75,25.3,1.0,0.0,0.0,1.04,0.197,1.627,0,9,40,1,1,37,0,37,75,trending,0.0,0,,,
2026-03-24T09:45:00+05:30,portfolio_hist,PREMIUM,SKIP,idle,22719.05,25.47,1.0,0.0,0.0,1.04,0.463,0.505,0,9,45,1,1,35,0,35,75,high_vol_range,0.0,0,,,
2026-03-24T09:50:00+05:30,portfolio_hist,PREMIUM,SKIP,idle,22712.55,25.48,1.0,0.0,0.0,1.04,0.491,0.603,0,9,50,1,1,35,0,35,75,high_vol_range,0.0,0,,,
2026-03-24T09:55:00+05:30,portfolio_hist,PREMIUM,SKIP,idle,22755.45,25.34,1.0,0.0,0.0,1.04,0.303,0.603,0,9,55,1,1,35,0,35,75,high_vol_range,0.0,0,,,
2026-03-24T10:00:00+05:30,portfolio_hist,PREMIUM,SKIP,idle,22747.3,25.4,1.0,0.0,0.0,1.04,0.339,0.601,0,10,0,1,1,35,0,35,65,high_vol_range,0.0,0,,,
2026-03-24T10:05:00+05:30,portfolio_hist,PREMIUM,SKIP,idle,22715.0,25.54,1.0,0.0,0.0,1.041,0.48,0.517,0,10,5,1,1,35,0,35,65,high_vol_range,0.0,0,,,
2026-03-24T10:10:00+05:30,portfolio_hist,PREMIUM,SKIP,idle,22693.55,25.53,1.0,0.0,0.0,1.04,0.574,0.429,0,10,10,1,1,37,0,37,65,high_vol_range,0.0,0,,,
2026-03-24T10:15:00+05:30,portfolio_hist,PREMIUM,SKIP,idle,22711.4,25.5,1.0,0.0,0.0,1.04,0.496,0.374,0,10,15,1,1,42,0,42,65,high_vol_range,0.0,0,,,
2026-03-24T10:20:00+05:30,portfolio_hist,PREMIUM,SKIP,idle,22714.0,25.39,1.0,0.0,0.0,1.04,0.485,0.374,0,10,20,1,1,42,0,42,65,high_vol_range,0.0,0,,,
2026-03-24T10:25:00+05:30,portfolio_hist,PREMIUM,SKIP,idle,22760.0,25.4,1.0,0.0,0.0,1.04,0.283,0.374,0,10,25,1,1,49,0,49,65,high_vol_range,0.0,0,,,
2026-03-24T10:30:00+05:30,portfolio_hist,PREMIUM,SKIP,idle,22721.55,25.43,1.0,0.0,0.0,1.041,0.452,0.344,0,10,30,1,1,42,0,42,65,high_vol_range,0.0,0,,,
2026-03-24T10:35:00+05:30,portfolio_hist,PREMIUM,SKIP,idle,22660.9,25.5,1.0,0.0,0.0,1.04,0.717,0.421,0,10,35,1,1,37,0,37,65,high_vol_range,0.0,0,,,
2026-03-24T10:40:00+05:30,portfolio_hist,PREMIUM,SKIP,idle,22634.35,25.7,1.0,0.0,0.0,1.041,0.834,0.579,0,10,40,1,1,30,0,30,65,high_vol_range,0.0,0,,,
2026-03-24T10:45:00+05:30,portfolio_hist,PREMIUM,SKIP,idle,22665.9,25.59,1.0,0.0,0.0,1.041,0.696,0.579,0,10,45,1,1,30,0,30,65,high_vol_range,0.0,0,,,
2026-03-24T10:50:00+05:30,portfolio_hist,PREMIUM,SKIP,idle,22706.45,25.57,1.0,0.0,0.0,1.041,0.518,0.579,0,10,50,1,1,30,0,30,65,high_vol_range,0.0,0,,,
2026-03-24T10:55:00+05:30,portfolio_hist,PREMIUM,SKIP,idle,22672.8,25.67,1.0,0.0,0.0,1.041,0.665,0.565,0,10,55,1,1,30,0,30,65,high_vol_range,0.0,0,,,
2026-03-24T09:30:00+05:30,portfolio_hist,PREMIUM,SKIP,idle,22848.25,25.09,1.0,0.0,0.0,1.04,0.103,1.627,0,9,30,1,1,50,0,50,75,trending,0.0,0,,,
2026-03-24T09:35:00+05:30,portfolio_hist,PREMIUM,SKIP,idle,22819.1,25.18,1.0,0.0,0.0,1.04,0.024,1.627,0,9,35,1,1,50,0,50,75,trending,0.0,0,,,
2026-03-24T09:40:00+05:30,portfolio_hist,PREMIUM,SKIP,idle,22779.75,25.3,1.0,0.0,0.0,1.04,0.197,1.627,0,9,40,1,1,37,0,37,75,trending,0.0,0,,,
2026-03-24T09:45:00+05:30,portfolio_hist,PREMIUM,SKIP,idle,22719.05,25.47,1.0,0.0,0.0,1.04,0.463,0.505,0,9,45,1,1,35,0,35,75,high_vol_range,0.0,0,,,
2026-03-24T09:50:00+05:30,portfolio_hist,PREMIUM,SKIP,idle,22712.55,25.48,1.0,0.0,0.0,1.04,0.491,0.603,0,9,50,1,1,35,0,35,75,high_vol_range,0.0,0,,,
2026-03-24T09:55:00+05:30,portfolio_hist,PREMIUM,SKIP,idle,22755.45,25.34,1.0,0.0,0.0,1.04,0.303,0.603,0,9,55,1,1,35,0,35,75,high_vol_range,0.0,0,,,
2026-03-24T10:00:00+05:30,portfolio_hist,PREMIUM,SKIP,idle,22747.3,25.4,1.0,0.0,0.0,1.04,0.339,0.601,0,10,0,1,1,35,0,35,65,high_vol_range,0.0,0,,,
2026-03-24T10:05:00+05:30,portfolio_hist,PREMIUM,SKIP,idle,22715.0,25.54,1.0,0.0,0.0,1.041,0.48,0.517,0,10,5,1,1,35,0,35,65,high_vol_range,0.0,0,,,
2026-03-24T10:10:00+05:30,portfolio_hist,PREMIUM,SKIP,idle,22693.55,25.53,1.0,0.0,0.0,1.04,0.574,0.429,0,10,10,1,1,37,0,37,65,high_vol_range,0.0,0,,,
2026-03-24T10:15:00+05:30,portfolio_hist,PREMIUM,SKIP,idle,22711.4,25.5,1.0,0.0,0.0,1.04,0.496,0.374,0,10,15,1,1,42,0,42,65,high_vol_range,0.0,0,,,
2026-03-24T10:20:00+05:30,portfolio_hist,PREMIUM,SKIP,idle,22714.0,25.39,1.0,0.0,0.0,1.04,0.485,0.374,0,10,20,1,1,42,0,42,65,high_vol_range,0.0,0,,,
2026-03-24T10:25:00+05:30,portfolio_hist,PREMIUM,SKIP,idle,22760.0,25.4,1.0,0.0,0.0,1.04,0.283,0.374,0,10,25,1,1,49,0,49,65,high_vol_range,0.0,0,,,
2026-03-24T10:30:00+05:30,portfolio_hist,PREMIUM,SKIP,idle,22721.55,25.43,1.0,0.0,0.0,1.041,0.452,0.344,0,10,30,1,1,42,0,42,65,high_vol_range,0.0,0,,,
2026-03-24T10:35:00+05:30,portfolio_hist,PREMIUM,SKIP,idle,22660.9,25.5,1.0,0.0,0.0,1.04,0.717,0.421,0,10,35,1,1,37,0,37,65,high_vol_range,0.0,0,,,
2026-03-24T10:40:00+05:30,portfolio_hist,PREMIUM,SKIP,idle,22634.35,25.7,1.0,0.0,0.0,1.041,0.834,0.579,0,10,40,1,1,30,0,30,65,high_vol_range,0.0,0,,,
2026-03-24T10:45:00+05:30,portfolio_hist,PREMIUM,SKIP,idle,22665.9,25.59,1.0,0.0,0.0,1.041,0.696,0.579,0,10,45,1,1,30,0,30,65,high_vol_range,0.0,0,,,
2026-03-24T10:50:00+05:30,portfolio_hist,PREMIUM,SKIP,idle,22706.45,25.57,1.0,0.0,0.0,1.041,0.518,0.579,0,10,50,1,1,30,0,30,65,high_vol_range,0.0,0,,,
2026-03-24T10:55:00+05:30,portfolio_hist,PREMIUM,SKIP,idle,22672.8,25.67,1.0,0.0,0.0,1.041,0.665,0.565,0,10,55,1,1,30,0,30,65,high_vol_range,0.0,0,,,
2026-03-24T09:30:00+05:30,portfolio_hist,PREMIUM,SKIP,idle,22848.25,25.09,1.0,0.0,0.0,1.04,0.103,1.627,0,9,30,1,1,50,0,50,75,trending,0.0,0,,,
2026-03-24T09:35:00+05:30,portfolio_hist,PREMIUM,SKIP,idle,22819.1,25.18,1.0,0.0,0.0,1.04,0.024,1.627,0,9,35,1,1,50,0,50,75,trending,0.0,0,,,
2026-03-24T09:40:00+05:30,portfolio_hist,PREMIUM,SKIP,idle,22779.75,25.3,1.0,0.0,0.0,1.04,0.197,1.627,0,9,40,1,1,37,0,37,75,trending,0.0,0,,,
2026-03-24T09:45:00+05:30,portfolio_hist,PREMIUM,SKIP,idle,22719.05,25.47,1.0,0.0,0.0,1.04,0.463,0.505,0,9,45,1,1,35,0,35,75,high_vol_range,0.0,0,,,
2026-03-24T09:50:00+05:30,portfolio_hist,PREMIUM,SKIP,idle,22712.55,25.48,1.0,0.0,0.0,1.04,0.491,0.603,0,9,50,1,1,35,0,35,75,high_vol_range,0.0,0,,,
2026-03-24T09:55:00+05:30,portfolio_hist,PREMIUM,SKIP,idle,22755.45,25.34,1.0,0.0,0.0,1.04,0.303,0.603,0,9,55,1,1,35,0,35,75,high_vol_range,0.0,0,,,
2026-03-24T10:00:00+05:30,portfolio_hist,PREMIUM,SKIP,idle,22747.3,25.4,1.0,0.0,0.0,1.04,0.339,0.601,0,10,0,1,1,35,0,35,65,high_vol_range,0.0,0,,,
2026-03-24T10:05:00+05:30,portfolio_hist,PREMIUM,SKIP,idle,22715.0,25.54,1.0,0.0,0.0,1.041,0.48,0.517,0,10,5,1,1,35,0,35,65,high_vol_range,0.0,0,,,
2026-03-24T10:10:00+05:30,portfolio_hist,PREMIUM,SKIP,idle,22693.55,25.53,1.0,0.0,0.0,1.04,0.574,0.429,0,10,10,1,1,37,0,37,65,high_vol_range,0.0,0,,,
2026-03-24T10:15:00+05:30,portfolio_hist,PREMIUM,SKIP,idle,22711.4,25.5,1.0,0.0,0.0,1.04,0.496,0.374,0,10,15,1,1,42,0,42,65,high_vol_range,0.0,0,,,
2026-03-24T10:20:00+05:30,portfolio_hist,PREMIUM,SKIP,idle,22714.0,25.39,1.0,0.0,0.0,1.04,0.485,0.374,0,10,20,1,1,42,0,42,65,high_vol_range,0.0,0,,,
2026-03-24T10:25:00+05:30,portfolio_hist,PREMIUM,SKIP,idle,22760.0,25.4,1.0,0.0,0.0,1.04,0.283,0.374,0,10,25,1,1,49,0,49,65,high_vol_range,0.0,0,,,
2026-03-24T10:30:00+05:30,portfolio_hist,PREMIUM,SKIP,idle,22721.55,25.43,1.0,0.0,0.0,1.041,0.452,0.344,0,10,30,1,1,42,0,42,65,high_vol_range,0.0,0,,,
2026-03-24T10:35:00+05:30,portfolio_hist,PREMIUM,SKIP,idle,22660.9,25.5,1.0,0.0,0.0,1.04,0.717,0.421,0,10,35,1,1,37,0,37,65,high_vol_range,0.0,0,,,
2026-03-24T10:40:00+05:30,portfolio_hist,PREMIUM,SKIP,idle,22634.35,25.7,1.0,0.0,0.0,1.041,0.834,0.579,0,10,40,1,1,30,0,30,65,high_vol_range,0.0,0,,,
2026-03-24T10:45:00+05:30,portfolio_hist,PREMIUM,SKIP,idle,22665.9,25.59,1.0,0.0,0.0,1.041,0.696,0.579,0,10,45,1,1,30,0,30,65,high_vol_range,0.0,0,,,
2026-03-24T10:50:00+05:30,portfolio_hist,PREMIUM,SKIP,idle,22706.45,25.57,1.0,0.0,0.0,1.041,0.518,0.579,0,10,50,1,1,30,0,30,65,high_vol_range,0.0,0,,,
2026-03-24T10:55:00+05:30,portfolio_hist,PREMIUM,SKIP,idle,22672.8,25.67,1.0,0.0,0.0,1.041,0.665,0.565,0,10,55,1,1,30,0,30,65,high_vol_range,0.0,0,,,
2026-03-24T09:30:00+05:30,portfolio_hist,PREMIUM,SKIP,idle,22848.25,25.09,1.0,0.0,0.0,1.04,0.103,1.627,0,9,30,1,1,50,0,50,75,trending,0.0,0,,,
2026-03-24T09:35:00+05:30,portfolio_hist,PREMIUM,SKIP,idle,22819.1,25.18,1.0,0.0,0.0,1.04,0.024,1.627,0,9,35,1,1,50,0,50,75,trending,0.0,0,,,
2026-03-24T09:40:00+05:30,portfolio_hist,PREMIUM,SKIP,idle,22779.75,25.3,1.0,0.0,0.0,1.04,0.197,1.627,0,9,40,1,1,37,0,37,75,trending,0.0,0,,,
2026-03-24T09:45:00+05:30,portfolio_hist,PREMIUM,SKIP,idle,22719.05,25.47,1.0,0.0,0.0,1.04,0.463,0.505,0,9,45,1,1,35,0,35,75,high_vol_range,0.0,0,,,
2026-03-24T09:50:00+05:30,portfolio_hist,PREMIUM,SKIP,idle,22712.55,25.48,1.0,0.0,0.0,1.04,0.491,0.603,0,9,50,1,1,35,0,35,75,high_vol_range,0.0,0,,,
2026-03-24T09:55:00+05:30,portfolio_hist,PREMIUM,SKIP,idle,22755.45,25.34,1.0,0.0,0.0,1.04,0.303,0.603,0,9,55,1,1,35,0,35,75,high_vol_range,0.0,0,,,
2026-03-24T10:00:00+05:30,portfolio_hist,PREMIUM,SKIP,idle,22747.3,25.4,1.0,0.0,0.0,1.04,0.339,0.601,0,10,0,1,1,35,0,35,65,high_vol_range,0.0,0,,,
2026-03-24T10:05:00+05:30,portfolio_hist,PREMIUM,SKIP,idle,22715.0,25.54,1.0,0.0,0.0,1.041,0.48,0.517,0,10,5,1,1,35,0,35,65,high_vol_range,0.0,0,,,
2026-03-24T10:10:00+05:30,portfolio_hist,PREMIUM,SKIP,idle,22693.55,25.53,1.0,0.0,0.0,1.04,0.574,0.429,0,10,10,1,1,37,0,37,65,high_vol_range,0.0,0,,,
2026-03-24T10:15:00+05:30,portfolio_hist,PREMIUM,SKIP,idle,22711.4,25.5,1.0,0.0,0.0,1.04,0.496,0.374,0,10,15,1,1,42,0,42,65,high_vol_range,0.0,0,,,
2026-03-24T10:20:00+05:30,portfolio_hist,PREMIUM,SKIP,idle,22714.0,25.39,1.0,0.0,0.0,1.04,0.485,0.374,0,10,20,1,1,42,0,42,65,high_vol_range,0.0,0,,,
2026-03-24T10:25:00+05:30,portfolio_hist,PREMIUM,SKIP,idle,22760.0,25.4,1.0,0.0,0.0,1.04,0.283,0.374,0,10,25,1,1,49,0,49,65,high_vol_range,0.0,0,,,
2026-03-24T10:30:00+05:30,portfolio_hist,PREMIUM,SKIP,idle,22721.55,25.43,1.0,0.0,0.0,1.041,0.452,0.344,0,10,30,1,1,42,0,42,65,high_vol_range,0.0,0,,,
2026-03-24T10:35:00+05:30,portfolio_hist,PREMIUM,SKIP,idle,22660.9,25.5,1.0,0.0,0.0,1.04,0.717,0.421,0,10,35,1,1,37,0,37,65,high_vol_range,0.0,0,,,
2026-03-24T10:40:00+05:30,portfolio_hist,PREMIUM,SKIP,idle,22634.35,25.7,1.0,0.0,0.0,1.041,0.834,0.579,0,10,40,1,1,30,0,30,65,high_vol_range,0.0,0,,,
2026-03-24T10:45:00+05:30,portfolio_hist,PREMIUM,SKIP,idle,22665.9,25.59,1.0,0.0,0.0,1.041,0.696,0.579,0,10,45,1,1,30,0,30,65,high_vol_range,0.0,0,,,
2026-03-24T10:50:00+05:30,portfolio_hist,PREMIUM,SKIP,idle,22706.45,25.57,1.0,0.0,0.0,1.041,0.518,0.579,0,10,50,1,1,30,0,30,65,high_vol_range,0.0,0,,,
2026-03-24T10:55:00+05:30,portfolio_hist,PREMIUM,SKIP,idle,22672.8,25.67,1.0,0.0,0.0,1.041,0.665,0.565,0,10,55,1,1,30,0,30,65,high_vol_range,0.0,0,,,
2026-03-24T09:30:00+05:30,portfolio_hist,PREMIUM,SKIP,idle,22848.25,25.09,1.0,0.0,0.0,1.04,0.103,1.627,0,9,30,1,1,50,0,50,75,trending,0.0,0,,,
2026-03-24T09:35:00+05:30,portfolio_hist,PREMIUM,SKIP,idle,22819.1,25.18,1.0,0.0,0.0,1.04,0.024,1.627,0,9,35,1,1,50,0,50,75,trending,0.0,0,,,
2026-03-24T09:40:00+05:30,portfolio_hist,PREMIUM,SKIP,idle,22779.75,25.3,1.0,0.0,0.0,1.04,0.197,1.627,0,9,40,1,1,37,0,37,75,trending,0.0,0,,,
2026-03-24T09:45:00+05:30,portfolio_hist,PREMIUM,SKIP,idle,22719.05,25.47,1.0,0.0,0.0,1.04,0.463,0.505,0,9,45,1,1,35,0,35,75,high_vol_range,0.0,0,,,
2026-03-24T09:50:00+05:30,portfolio_hist,PREMIUM,SKIP,idle,22712.55,25.48,1.0,0.0,0.0,1.04,0.491,0.603,0,9,50,1,1,35,0,35,75,high_vol_range,0.0,0,,,
2026-03-24T09:55:00+05:30,portfolio_hist,PREMIUM,SKIP,idle,22755.45,25.34,1.0,0.0,0.0,1.04,0.303,0.603,0,9,55,1,1,35,0,35,75,high_vol_range,0.0,0,,,
2026-03-24T10:00:00+05:30,portfolio_hist,PREMIUM,SKIP,idle,22747.3,25.4,1.0,0.0,0.0,1.04,0.339,0.601,0,10,0,1,1,35,0,35,65,high_vol_range,0.0,0,,,
2026-03-24T10:05:00+05:30,portfolio_hist,PREMIUM,SKIP,idle,22715.0,25.54,1.0,0.0,0.0,1.041,0.48,0.517,0,10,5,1,1,35,0,35,65,high_vol_range,0.0,0,,,
2026-03-24T10:10:00+05:30,portfolio_hist,PREMIUM,SKIP,idle,22693.55,25.53,1.0,0.0,0.0,1.04,0.574,0.429,0,10,10,1,1,37,0,37,65,high_vol_range,0.0,0,,,
2026-03-24T10:15:00+05:30,portfolio_hist,PREMIUM,SKIP,idle,22711.4,25.5,1.0,0.0,0.0,1.04,0.496,0.374,0,10,15,1,1,42,0,42,65,high_vol_range,0.0,0,,,
2026-03-24T10:20:00+05:30,portfolio_hist,PREMIUM,SKIP,idle,22714.0,25.39,1.0,0.0,0.0,1.04,0.485,0.374,0,10,20,1,1,42,0,42,65,high_vol_range,0.0,0,,,
2026-03-24T10:25:00+05:30,portfolio_hist,PREMIUM,SKIP,idle,22760.0,25.4,1.0,0.0,0.0,1.04,0.283,0.374,0,10,25,1,1,49,0,49,65,high_vol_range,0.0,0,,,
2026-03-24T10:30:00+05:30,portfolio_hist,PREMIUM,SKIP,idle,22721.55,25.43,1.0,0.0,0.0,1.041,0.452,0.344,0,10,30,1,1,42,0,42,65,high_vol_range,0.0,0,,,
2026-03-24T10:35:00+05:30,portfolio_hist,PREMIUM,SKIP,idle,22660.9,25.5,1.0,0.0,0.0,1.04,0.717,0.421,0,10,35,1,1,37,0,37,65,high_vol_range,0.0,0,,,
2026-03-24T10:40:00+05:30,portfolio_hist,PREMIUM,SKIP,idle,22634.35,25.7,1.0,0.0,0.0,1.041,0.834,0.579,0,10,40,1,1,30,0,30,65,high_vol_range,0.0,0,,,
2026-03-24T10:45:00+05:30,portfolio_hist,PREMIUM,SKIP,idle,22665.9,25.59,1.0,0.0,0.0,1.041,0.696,0.579,0,10,45,1,1,30,0,30,65,high_vol_range,0.0,0,,,
2026-03-24T10:50:00+05:30,portfolio_hist,PREMIUM,SKIP,idle,22706.45,25.57,1.0,0.0,0.0,1.041,0.518,0.579,0,10,50,1,1,30,0,30,65,high_vol_range,0.0,0,,,
2026-03-24T10:55:00+05:30,portfolio_hist,PREMIUM,SKIP,idle,22672.8,25.67,1.0,0.0,0.0,1.041,0.665,0.565,0,10,55,1,1,30,0,30,65,high_vol_range,0.0,0,,,
2026-03-24T09:30:00+05:30,portfolio_hist,PREMIUM,SKIP,idle,22848.25,25.09,1.0,0.0,0.0,1.04,0.103,1.627,0,9,30,1,1,50,0,50,75,trending,0.0,0,,,
2026-03-24T09:35:00+05:30,portfolio_hist,PREMIUM,SKIP,idle,22819.1,25.18,1.0,0.0,0.0,1.04,0.024,1.627,0,9,35,1,1,50,0,50,75,trending,0.0,0,,,
2026-03-24T09:40:00+05:30,portfolio_hist,PREMIUM,SKIP,idle,22779.75,25.3,1.0,0.0,0.0,1.04,0.197,1.627,0,9,40,1,1,37,0,37,75,trending,0.0,0,,,
2026-03-24T09:45:00+05:30,portfolio_hist,PREMIUM,SKIP,idle,22719.05,25.47,1.0,0.0,0.0,1.04,0.463,0.505,0,9,45,1,1,35,0,35,75,high_vol_range,0.0,0,,,
2026-03-24T09:50:00+05:30,portfolio_hist,PREMIUM,SKIP,idle,22712.55,25.48,1.0,0.0,0.0,1.04,0.491,0.603,0,9,50,1,1,35,0,35,75,high_vol_range,0.0,0,,,
2026-03-24T09:55:00+05:30,portfolio_hist,PREMIUM,SKIP,idle,22755.45,25.34,1.0,0.0,0.0,1.04,0.303,0.603,0,9,55,1,1,35,0,35,75,high_vol_range,0.0,0,,,
2026-03-24T10:00:00+05:30,portfolio_hist,PREMIUM,SKIP,idle,22747.3,25.4,1.0,0.0,0.0,1.04,0.339,0.601,0,10,0,1,1,35,0,35,65,high_vol_range,0.0,0,,,
2026-03-24T10:05:00+05:30,portfolio_hist,PREMIUM,SKIP,idle,22715.0,25.54,1.0,0.0,0.0,1.041,0.48,0.517,0,10,5,1,1,35,0,35,65,high_vol_range,0.0,0,,,
2026-03-24T10:10:00+05:30,portfolio_hist,PREMIUM,SKIP,idle,22693.55,25.53,1.0,0.0,0.0,1.04,0.574,0.429,0,10,10,1,1,37,0,37,65,high_vol_range,0.0,0,,,
2026-03-24T10:15:00+05:30,portfolio_hist,PREMIUM,SKIP,idle,22711.4,25.5,1.0,0.0,0.0,1.04,0.496,0.374,0,10,15,1,1,42,0,42,65,high_vol_range,0.0,0,,,
2026-03-24T10:20:00+05:30,portfolio_hist,PREMIUM,SKIP,idle,22714.0,25.39,1.0,0.0,0.0,1.04,0.485,0.374,0,10,20,1,1,42,0,42,65,high_vol_range,0.0,0,,,
2026-03-24T10:25:00+05:30,portfolio_hist,PREMIUM,SKIP,idle,22760.0,25.4,1.0,0.0,0.0,1.04,0.283,0.374,0,10,25,1,1,49,0,49,65,high_vol_range,0.0,0,,,
2026-03-24T10:30:00+05:30,portfolio_hist,PREMIUM,SKIP,idle,22721.55,25.43,1.0,0.0,0.0,1.041,0.452,0.344,0,10,30,1,1,42,0,42,65,high_vol_range,0.0,0,,,
2026-03-24T10:35:00+05:30,portfolio_hist,PREMIUM,SKIP,idle,22660.9,25.5,1.0,0.0,0.0,1.04,0.717,0.421,0,10,35,1,1,37,0,37,65,high_vol_range,0.0,0,,,
2026-03-24T10:40:00+05:30,portfolio_hist,PREMIUM,SKIP,idle,22634.35,25.7,1.0,0.0,0.0,1.041,0.834,0.579,0,10,40,1,1,30,0,30,65,high_vol_range,0.0,0,,,
2026-03-24T10:45:00+05:30,portfolio_hist,PREMIUM,SKIP,idle,22665.9,25.59,1.0,0.0,0.0,1.041,0.696,0.579,0,10,45,1,1,30,0,30,65,high_vol_range,0.0,0,,,
2026-03-24T10:50:00+05:30,portfolio_hist,PREMIUM,SKIP,idle,22706.45,25.57,1.0,0.0,0.0,1.041,0.518,0.579,0,10,50,1,1,30,0,30,65,high_vol_range,0.0,0,,,
2026-03-24T10:55:00+05:30,portfolio_hist,PREMIUM,SKIP,idle,22672.8,25.67,1.0,0.0,0.0,1.041,0.665,0.565,0,10,55,1,1,30,0,30,65,high_vol_range,0.0,0,,,
2026-03-24T09:30:00+05:30,portfolio_hist,PREMIUM,SKIP,idle,22848.25,25.09,1.0,0.0,0.0,1.04,0.103,1.627,0,9,30,1,1,50,0,50,75,trending,0.0,0,,,
2026-03-24T09:35:00+05:30,portfolio_hist,PREMIUM,SKIP,idle,22819.1,25.18,1.0,0.0,0.0,1.04,0.024,1.627,0,9,35,1,1,50,0,50,75,trending,0.0,0,,,
2026-03-24T09:40:00+05:30,portfolio_hist,PREMIUM,SKIP,idle,22779.75,25.3,1.0,0.0,0.0,1.04,0.197,1.627,0,9,40,1,1,37,0,37,75,trending,0.0,0,,,
2026-03-24T09:45:00+05:30,portfolio_hist,PREMIUM,SKIP,idle,22719.05,25.47,1.0,0.0,0.0,1.04,0.463,0.505,0,9,45,1,1,35,0,35,75,high_vol_range,0.0,0,,,
2026-03-24T09:50:00+05:30,portfolio_hist,PREMIUM,SKIP,idle,22712.55,25.48,1.0,0.0,0.0,1.04,0.491,0.603,0,9,50,1,1,35,0,35,75,high_vol_range,0.0,0,,,
2026-03-24T09:55:00+05:30,portfolio_hist,PREMIUM,SKIP,idle,22755.45,25.34,1.0,0.0,0.0,1.04,0.303,0.603,0,9,55,1,1,35,0,35,75,high_vol_range,0.0,0,,,
2026-03-24T10:00:00+05:30,portfolio_hist,PREMIUM,SKIP,idle,22747.3,25.4,1.0,0.0,0.0,1.04,0.339,0.601,0,10,0,1,1,35,0,35,65,high_vol_range,0.0,0,,,
2026-03-24T10:05:00+05:30,portfolio_hist,PREMIUM,SKIP,idle,22715.0,25.54,1.0,0.0,0.0,1.041,0.48,0.517,0,10,5,1,1,35,0,35,65,high_vol_range,0.0,0,,,
2026-03-24T10:10:00+05:30,portfolio_hist,PREMIUM,SKIP,idle,22693.55,25.53,1.0,0.0,0.0,1.04,0.574,0.429,0,10,10,1,1,37,0,37,65,high_vol_range,0.0,0,,,
2026-03-24T10:15:00+05:30,portfolio_hist,PREMIUM,SKIP,idle,22711.4,25.5,1.0,0.0,0.0,1.04,0.496,0.374,0,10,15,1,1,42,0,42,65,high_vol_range,0.0,0,,,
2026-03-24T10:20:00+05:30,portfolio_hist,PREMIUM,SKIP,idle,22714.0,25.39,1.0,0.0,0.0,1.04,0.485,0.374,0,10,20,1,1,42,0,42,65,high_vol_range,0.0,0,,,
2026-03-24T10:25:00+05:30,portfolio_hist,PREMIUM,SKIP,idle,22760.0,25.4,1.0,0.0,0.0,1.04,0.283,0.374,0,10,25,1,1,49,0,49,65,high_vol_range,0.0,0,,,
2026-03-24T10:30:00+05:30,portfolio_hist,PREMIUM,SKIP,idle,22721.55,25.43,1.0,0.0,0.0,1.041,0.452,0.344,0,10,30,1,1,42,0,42,65,high_vol_range,0.0,0,,,
2026-03-24T10:35:00+05:30,portfolio_hist,PREMIUM,SKIP,idle,22660.9,25.5,1.0,0.0,0.0,1.04,0.717,0.421,0,10,35,1,1,37,0,37,65,high_vol_range,0.0,0,,,
2026-03-24T10:40:00+05:30,portfolio_hist,PREMIUM,SKIP,idle,22634.35,25.7,1.0,0.0,0.0,1.041,0.834,0.579,0,10,40,1,1,30,0,30,65,high_vol_range,0.0,0,,,
2026-03-24T10:45:00+05:30,portfolio_hist,PREMIUM,SKIP,idle,22665.9,25.59,1.0,0.0,0.0,1.041,0.696,0.579,0,10,45,1,1,30,0,30,65,high_vol_range,0.0,0,,,
2026-03-24T10:50:00+05:30,portfolio_hist,PREMIUM,SKIP,idle,22706.45,25.57,1.0,0.0,0.0,1.041,0.518,0.579,0,10,50,1,1,30,0,30,65,high_vol_range,0.0,0,,,
2026-03-24T10:55:00+05:30,portfolio_hist,PREMIUM,SKIP,idle,22672.8,25.67,1.0,0.0,0.0,1.041,0.665,0.565,0,10,55,1,1,30,0,30,65,high_vol_range,0.0,0,,,
2026-03-24T09:30:00+05:30,portfolio_hist,PREMIUM,SKIP,idle,22848.25,25.09,1.0,0.0,0.0,1.04,0.103,1.627,0,9,30,1,1,50,0,50,75,trending,0.0,0,,,
2026-03-24T09:35:00+05:30,portfolio_hist,PREMIUM,SKIP,idle,22819.1,25.18,1.0,0.0,0.0,1.04,0.024,1.627,0,9,35,1,1,50,0,50,75,trending,0.0,0,,,
2026-03-24T09:40:00+05:30,portfolio_hist,PREMIUM,SKIP,idle,22779.75,25.3,1.0,0.0,0.0,1.04,0.197,1.627,0,9,40,1,1,37,0,37,75,trending,0.0,0,,,
2026-03-24T09:45:00+05:30,portfolio_hist,PREMIUM,SKIP,idle,22719.05,25.47,1.0,0.0,0.0,1.04,0.463,0.505,0,9,45,1,1,35,0,35,75,high_vol_range,0.0,0,,,
2026-03-24T09:50:00+05:30,portfolio_hist,PREMIUM,SKIP,idle,22712.55,25.48,1.0,0.0,0.0,1.04,0.491,0.603,0,9,50,1,1,35,0,35,75,high_vol_range,0.0,0,,,
2026-03-24T09:55:00+05:30,portfolio_hist,PREMIUM,SKIP,idle,22755.45,25.34,1.0,0.0,0.0,1.04,0.303,0.603,0,9,55,1,1,35,0,35,75,high_vol_range,0.0,0,,,
2026-03-24T10:00:00+05:30,portfolio_hist,PREMIUM,SKIP,idle,22747.3,25.4,1.0,0.0,0.0,1.04,0.339,0.601,0,10,0,1,1,35,0,35,65,high_vol_range,0.0,0,,,
2026-03-24T10:05:00+05:30,portfolio_hist,PREMIUM,SKIP,idle,22715.0,25.54,1.0,0.0,0.0,1.041,0.48,0.517,0,10,5,1,1,35,0,35,65,high_vol_range,0.0,0,,,
2026-03-24T10:10:00+05:30,portfolio_hist,PREMIUM,SKIP,idle,22693.55,25.53,1.0,0.0,0.0,1.04,0.574,0.429,0,10,10,1,1,37,0,37,65,high_vol_range,0.0,0,,,
2026-03-24T10:15:00+05:30,portfolio_hist,PREMIUM,SKIP,idle,22711.4,25.5,1.0,0.0,0.0,1.04,0.496,0.374,0,10,15,1,1,42,0,42,65,high_vol_range,0.0,0,,,
2026-03-24T10:20:00+05:30,portfolio_hist,PREMIUM,SKIP,idle,22714.0,25.39,1.0,0.0,0.0,1.04,0.485,0.374,0,10,20,1,1,42,0,42,65,high_vol_range,0.0,0,,,
2026-03-24T10:25:00+05:30,portfolio_hist,PREMIUM,SKIP,idle,22760.0,25.4,1.0,0.0,0.0,1.04,0.283,0.374,0,10,25,1,1,49,0,49,65,high_vol_range,0.0,0,,,
2026-03-24T10:30:00+05:30,portfolio_hist,PREMIUM,SKIP,idle,22721.55,25.43,1.0,0.0,0.0,1.041,0.452,0.344,0,10,30,1,1,42,0,42,65,high_vol_range,0.0,0,,,
2026-03-24T10:35:00+05:30,portfolio_hist,PREMIUM,SKIP,idle,22660.9,25.5,1.0,0.0,0.0,1.04,0.717,0.421,0,10,35,1,1,37,0,37,65,high_vol_range,0.0,0,,,
2026-03-24T10:40:00+05:30,portfolio_hist,PREMIUM,SKIP,idle,22634.35,25.7,1.0,0.0,0.0,1.041,0.834,0.579,0,10,40,1,1,30,0,30,65,high_vol_range,0.0,0,,,
2026-03-24T10:45:00+05:30,portfolio_hist,PREMIUM,SKIP,idle,22665.9,25.59,1.0,0.0,0.0,1.041,0.696,0.579,0,10,45,1,1,30,0,30,65,high_vol_range,0.0,0,,,
2026-03-24T10:50:00+05:30,portfolio_hist,PREMIUM,SKIP,idle,22706.45,25.57,1.0,0.0,0.0,1.041,0.518,0.579,0,10,50,1,1,30,0,30,65,high_vol_range,0.0,0,,,
2026-03-24T10:55:00+05:30,portfolio_hist,PREMIUM,SKIP,idle,22672.8,25.67,1.0,0.0,0.0,1.041,0.665,0.565,0,10,55,1,1,30,0,30,65,high_vol_range,0.0,0,,,
2026-03-24T09:30:00+05:30,portfolio_hist,PREMIUM,SKIP,idle,22848.25,25.09,1.0,0.0,0.0,1.04,0.103,1.627,0,9,30,1,1,50,0,50,75,trending,0.0,0,,,
2026-03-24T09:35:00+05:30,portfolio_hist,PREMIUM,SKIP,idle,22819.1,25.18,1.0,0.0,0.0,1.04,0.024,1.627,0,9,35,1,1,50,0,50,75,trending,0.0,0,,,
2026-03-24T09:40:00+05:30,portfolio_hist,PREMIUM,SKIP,idle,22779.75,25.3,1.0,0.0,0.0,1.04,0.197,1.627,0,9,40,1,1,37,0,37,75,trending,0.0,0,,,
2026-03-24T09:45:00+05:30,portfolio_hist,PREMIUM,SKIP,idle,22719.05,25.47,1.0,0.0,0.0,1.04,0.463,0.505,0,9,45,1,1,35,0,35,75,high_vol_range,0.0,0,,,
2026-03-24T09:50:00+05:30,portfolio_hist,PREMIUM,SKIP,idle,22712.55,25.48,1.0,0.0,0.0,1.04,0.491,0.603,0,9,50,1,1,35,0,35,75,high_vol_range,0.0,0,,,
2026-03-24T09:55:00+05:30,portfolio_hist,PREMIUM,SKIP,idle,22755.45,25.34,1.0,0.0,0.0,1.04,0.303,0.603,0,9,55,1,1,35,0,35,75,high_vol_range,0.0,0,,,
2026-03-24T10:00:00+05:30,portfolio_hist,PREMIUM,SKIP,idle,22747.3,25.4,1.0,0.0,0.0,1.04,0.339,0.601,0,10,0,1,1,35,0,35,65,high_vol_range,0.0,0,,,
2026-03-24T10:05:00+05:30,portfolio_hist,PREMIUM,SKIP,idle,22715.0,25.54,1.0,0.0,0.0,1.041,0.48,0.517,0,10,5,1,1,35,0,35,65,high_vol_range,0.0,0,,,
2026-03-24T10:10:00+05:30,portfolio_hist,PREMIUM,SKIP,idle,22693.55,25.53,1.0,0.0,0.0,1.04,0.574,0.429,0,10,10,1,1,37,0,37,65,high_vol_range,0.0,0,,,
2026-03-24T10:15:00+05:30,portfolio_hist,PREMIUM,SKIP,idle,22711.4,25.5,1.0,0.0,0.0,1.04,0.496,0.374,0,10,15,1,1,42,0,42,65,high_vol_range,0.0,0,,,
2026-03-24T10:20:00+05:30,portfolio_hist,PREMIUM,SKIP,idle,22714.0,25.39,1.0,0.0,0.0,1.04,0.485,0.374,0,10,20,1,1,42,0,42,65,high_vol_range,0.0,0,,,
2026-03-24T10:25:00+05:30,portfolio_hist,PREMIUM,SKIP,idle,22760.0,25.4,1.0,0.0,0.0,1.04,0.283,0.374,0,10,25,1,1,49,0,49,65,high_vol_range,0.0,0,,,
2026-03-24T10:30:00+05:30,portfolio_hist,PREMIUM,SKIP,idle,22721.55,25.43,1.0,0.0,0.0,1.041,0.452,0.344,0,10,30,1,1,42,0,42,65,high_vol_range,0.0,0,,,
2026-03-24T10:35:00+05:30,portfolio_hist,PREMIUM,SKIP,idle,22660.9,25.5,1.0,0.0,0.0,1.04,0.717,0.421,0,10,35,1,1,37,0,37,65,high_vol_range,0.0,0,,,
2026-03-24T10:40:00+05:30,portfolio_hist,PREMIUM,SKIP,idle,22634.35,25.7,1.0,0.0,0.0,1.041,0.834,0.579,0,10,40,1,1,30,0,30,65,high_vol_range,0.0,0,,,
2026-03-24T10:45:00+05:30,portfolio_hist,PREMIUM,SKIP,idle,22665.9,25.59,1.0,0.0,0.0,1.041,0.696,0.579,0,10,45,1,1,30,0,30,65,high_vol_range,0.0,0,,,
2026-03-24T10:50:00+05:30,portfolio_hist,PREMIUM,SKIP,idle,22706.45,25.57,1.0,0.0,0.0,1.041,0.518,0.579,0,10,50,1,1,30,0,30,65,high_vol_range,0.0,0,,,
2026-03-24T10:55:00+05:30,portfolio_hist,PREMIUM,SKIP,idle,22672.8,25.67,1.0,0.0,0.0,1.041,0.665,0.565,0,10,55,1,1,30,0,30,65,high_vol_range,0.0,0,,,
2026-03-24T09:30:00+05:30,portfolio_hist,PREMIUM,SKIP,idle,22848.25,25.09,1.0,0.0,0.0,1.04,0.103,1.627,0,9,30,1,1,50,0,50,75,trending,0.0,0,,,
2026-03-24T09:35:00+05:30,portfolio_hist,PREMIUM,SKIP,idle,22819.1,25.18,1.0,0.0,0.0,1.04,0.024,1.627,0,9,35,1,1,50,0,50,75,trending,0.0,0,,,
2026-03-24T09:40:00+05:30,portfolio_hist,PREMIUM,SKIP,idle,22779.75,25.3,1.0,0.0,0.0,1.04,0.197,1.627,0,9,40,1,1,37,0,37,75,trending,0.0,0,,,
2026-03-24T09:45:00+05:30,portfolio_hist,PREMIUM,SKIP,idle,22719.05,25.47,1.0,0.0,0.0,1.04,0.463,0.505,0,9,45,1,1,35,0,35,75,high_vol_range,0.0,0,,,
2026-03-24T09:50:00+05:30,portfolio_hist,PREMIUM,SKIP,idle,22712.55,25.48,1.0,0.0,0.0,1.04,0.491,0.603,0,9,50,1,1,35,0,35,75,high_vol_range,0.0,0,,,
2026-03-24T09:55:00+05:30,portfolio_hist,PREMIUM,SKIP,idle,22755.45,25.34,1.0,0.0,0.0,1.04,0.303,0.603,0,9,55,1,1,35,0,35,75,high_vol_range,0.0,0,,,
2026-03-24T10:00:00+05:30,portfolio_hist,PREMIUM,SKIP,idle,22747.3,25.4,1.0,0.0,0.0,1.04,0.339,0.601,0,10,0,1,1,35,0,35,65,high_vol_range,0.0,0,,,
2026-03-24T10:05:00+05:30,portfolio_hist,PREMIUM,SKIP,idle,22715.0,25.54,1.0,0.0,0.0,1.041,0.48,0.517,0,10,5,1,1,35,0,35,65,high_vol_range,0.0,0,,,
2026-03-24T10:10:00+05:30,portfolio_hist,PREMIUM,SKIP,idle,22693.55,25.53,1.0,0.0,0.0,1.04,0.574,0.429,0,10,10,1,1,37,0,37,65,high_vol_range,0.0,0,,,
2026-03-24T10:15:00+05:30,portfolio_hist,PREMIUM,SKIP,idle,22711.4,25.5,1.0,0.0,0.0,1.04,0.496,0.374,0,10,15,1,1,42,0,42,65,high_vol_range,0.0,0,,,
2026-03-24T10:20:00+05:30,portfolio_hist,PREMIUM,SKIP,idle,22714.0,25.39,1.0,0.0,0.0,1.04,0.485,0.374,0,10,20,1,1,42,0,42,65,high_vol_range,0.0,0,,,
2026-03-24T10:25:00+05:30,portfolio_hist,PREMIUM,SKIP,idle,22760.0,25.4,1.0,0.0,0.0,1.04,0.283,0.374,0,10,25,1,1,49,0,49,65,high_vol_range,0.0,0,,,
2026-03-24T10:30:00+05:30,portfolio_hist,PREMIUM,SKIP,idle,22721.55,25.43,1.0,0.0,0.0,1.041,0.452,0.344,0,10,30,1,1,42,0,42,65,high_vol_range,0.0,0,,,
2026-03-24T10:35:00+05:30,portfolio_hist,PREMIUM,SKIP,idle,22660.9,25.5,1.0,0.0,0.0,1.04,0.717,0.421,0,10,35,1,1,37,0,37,65,high_vol_range,0.0,0,,,
2026-03-24T10:40:00+05:30,portfolio_hist,PREMIUM,SKIP,idle,22634.35,25.7,1.0,0.0,0.0,1.041,0.834,0.579,0,10,40,1,1,30,0,30,65,high_vol_range,0.0,0,,,
2026-03-24T10:45:00+05:30,portfolio_hist,PREMIUM,SKIP,idle,22665.9,25.59,1.0,0.0,0.0,1.041,0.696,0.579,0,10,45,1,1,30,0,30,65,high_vol_range,0.0,0,,,
2026-03-24T10:50:00+05:30,portfolio_hist,PREMIUM,SKIP,idle,22706.45,25.57,1.0,0.0,0.0,1.041,0.518,0.579,0,10,50,1,1,30,0,30,65,high_vol_range,0.0,0,,,
2026-03-24T10:55:00+05:30,portfolio_hist,PREMIUM,SKIP,idle,22672.8,25.67,1.0,0.0,0.0,1.041,0.665,0.565,0,10,55,1,1,30,0,30,65,high_vol_range,0.0,0,,,
2026-03-24T09:30:00+05:30,portfolio_hist,PREMIUM,SKIP,idle,22848.25,25.09,1.0,0.0,0.0,1.04,0.103,1.627,0,9,30,1,1,50,0,50,75,trending,0.0,0,,,
2026-03-24T09:35:00+05:30,portfolio_hist,PREMIUM,SKIP,idle,22819.1,25.18,1.0,0.0,0.0,1.04,0.024,1.627,0,9,35,1,1,50,0,50,75,trending,0.0,0,,,
2026-03-24T09:40:00+05:30,portfolio_hist,PREMIUM,SKIP,idle,22779.75,25.3,1.0,0.0,0.0,1.04,0.197,1.627,0,9,40,1,1,37,0,37,75,trending,0.0,0,,,
2026-03-24T09:45:00+05:30,portfolio_hist,PREMIUM,SKIP,idle,22719.05,25.47,1.0,0.0,0.0,1.04,0.463,0.505,0,9,45,1,1,35,0,35,75,high_vol_range,0.0,0,,,
2026-03-24T09:50:00+05:30,portfolio_hist,PREMIUM,SKIP,idle,22712.55,25.48,1.0,0.0,0.0,1.04,0.491,0.603,0,9,50,1,1,35,0,35,75,high_vol_range,0.0,0,,,
2026-03-24T09:55:00+05:30,portfolio_hist,PREMIUM,SKIP,idle,22755.45,25.34,1.0,0.0,0.0,1.04,0.303,0.603,0,9,55,1,1,35,0,35,75,high_vol_range,0.0,0,,,
2026-03-24T10:00:00+05:30,portfolio_hist,PREMIUM,SKIP,idle,22747.3,25.4,1.0,0.0,0.0,1.04,0.339,0.601,0,10,0,1,1,35,0,35,65,high_vol_range,0.0,0,,,
2026-03-24T10:05:00+05:30,portfolio_hist,PREMIUM,SKIP,idle,22715.0,25.54,1.0,0.0,0.0,1.041,0.48,0.517,0,10,5,1,1,35,0,35,65,high_vol_range,0.0,0,,,
2026-03-24T10:10:00+05:30,portfolio_hist,PREMIUM,SKIP,idle,22693.55,25.53,1.0,0.0,0.0,1.04,0.574,0.429,0,10,10,1,1,37,0,37,65,high_vol_range,0.0,0,,,
2026-03-24T10:15:00+05:30,portfolio_hist,PREMIUM,SKIP,idle,22711.4,25.5,1.0,0.0,0.0,1.04,0.496,0.374,0,10,15,1,1,42,0,42,65,high_vol_range,0.0,0,,,
2026-03-24T10:20:00+05:30,portfolio_hist,PREMIUM,SKIP,idle,22714.0,25.39,1.0,0.0,0.0,1.04,0.485,0.374,0,10,20,1,1,42,0,42,65,high_vol_range,0.0,0,,,
2026-03-24T10:25:00+05:30,portfolio_hist,PREMIUM,SKIP,idle,22760.0,25.4,1.0,0.0,0.0,1.04,0.283,0.374,0,10,25,1,1,49,0,49,65,high_vol_range,0.0,0,,,
2026-03-24T10:30:00+05:30,portfolio_hist,PREMIUM,SKIP,idle,22721.55,25.43,1.0,0.0,0.0,1.041,0.452,0.344,0,10,30,1,1,42,0,42,65,high_vol_range,0.0,0,,,
2026-03-24T10:35:00+05:30,portfolio_hist,PREMIUM,SKIP,idle,22660.9,25.5,1.0,0.0,0.0,1.04,0.717,0.421,0,10,35,1,1,37,0,37,65,high_vol_range,0.0,0,,,
2026-03-24T10:40:00+05:30,portfolio_hist,PREMIUM,SKIP,idle,22634.35,25.7,1.0,0.0,0.0,1.041,0.834,0.579,0,10,40,1,1,30,0,30,65,high_vol_range,0.0,0,,,
2026-03-24T10:45:00+05:30,portfolio_hist,PREMIUM,SKIP,idle,22665.9,25.59,1.0,0.0,0.0,1.041,0.696,0.579,0,10,45,1,1,30,0,30,65,high_vol_range,0.0,0,,,
2026-03-24T10:50:00+05:30,portfolio_hist,PREMIUM,SKIP,idle,22706.45,25.57,1.0,0.0,0.0,1.041,0.518,0.579,0,10,50,1,1,30,0,30,65,high_vol_range,0.0,0,,,
2026-03-24T10:55:00+05:30,portfolio_hist,PREMIUM,SKIP,idle,22672.8,25.67,1.0,0.0,0.0,1.041,0.665,0.565,0,10,55,1,1,30,0,30,65,high_vol_range,0.0,0,,,
2026-03-24T09:30:00+05:30,portfolio_hist,PREMIUM,SKIP,idle,22848.25,25.09,1.0,0.0,0.0,1.04,0.103,1.627,0,9,30,1,1,50,0,50,75,trending,0.0,0,,,
2026-03-24T09:35:00+05:30,portfolio_hist,PREMIUM,SKIP,idle,22819.1,25.18,1.0,0.0,0.0,1.04,0.024,1.627,0,9,35,1,1,50,0,50,75,trending,0.0,0,,,
2026-03-24T09:40:00+05:30,portfolio_hist,PREMIUM,SKIP,idle,22779.75,25.3,1.0,0.0,0.0,1.04,0.197,1.627,0,9,40,1,1,37,0,37,75,trending,0.0,0,,,
2026-03-24T09:45:00+05:30,portfolio_hist,PREMIUM,SKIP,idle,22719.05,25.47,1.0,0.0,0.0,1.04,0.463,0.505,0,9,45,1,1,35,0,35,75,high_vol_range,0.0,0,,,
2026-03-24T09:50:00+05:30,portfolio_hist,PREMIUM,SKIP,idle,22712.55,25.48,1.0,0.0,0.0,1.04,0.491,0.603,0,9,50,1,1,35,0,35,75,high_vol_range,0.0,0,,,
2026-03-24T09:55:00+05:30,portfolio_hist,PREMIUM,SKIP,idle,22755.45,25.34,1.0,0.0,0.0,1.04,0.303,0.603,0,9,55,1,1,35,0,35,75,high_vol_range,0.0,0,,,
2026-03-24T10:00:00+05:30,portfolio_hist,PREMIUM,SKIP,idle,22747.3,25.4,1.0,0.0,0.0,1.04,0.339,0.601,0,10,0,1,1,35,0,35,65,high_vol_range,0.0,0,,,
2026-03-24T10:05:00+05:30,portfolio_hist,PREMIUM,SKIP,idle,22715.0,25.54,1.0,0.0,0.0,1.041,0.48,0.517,0,10,5,1,1,35,0,35,65,high_vol_range,0.0,0,,,
2026-03-24T10:10:00+05:30,portfolio_hist,PREMIUM,SKIP,idle,22693.55,25.53,1.0,0.0,0.0,1.04,0.574,0.429,0,10,10,1,1,37,0,37,65,high_vol_range,0.0,0,,,
2026-03-24T10:15:00+05:30,portfolio_hist,PREMIUM,SKIP,idle,22711.4,25.5,1.0,0.0,0.0,1.04,0.496,0.374,0,10,15,1,1,42,0,42,65,high_vol_range,0.0,0,,,
2026-03-24T10:20:00+05:30,portfolio_hist,PREMIUM,SKIP,idle,22714.0,25.39,1.0,0.0,0.0,1.04,0.485,0.374,0,10,20,1,1,42,0,42,65,high_vol_range,0.0,0,,,
2026-03-24T10:25:00+05:30,portfolio_hist,PREMIUM,SKIP,idle,22760.0,25.4,1.0,0.0,0.0,1.04,0.283,0.374,0,10,25,1,1,49,0,49,65,high_vol_range,0.0,0,,,
2026-03-24T10:30:00+05:30,portfolio_hist,PREMIUM,SKIP,idle,22721.55,25.43,1.0,0.0,0.0,1.041,0.452,0.344,0,10,30,1,1,42,0,42,65,high_vol_range,0.0,0,,,
2026-03-24T10:35:00+05:30,portfolio_hist,PREMIUM,SKIP,idle,22660.9,25.5,1.0,0.0,0.0,1.04,0.717,0.421,0,10,35,1,1,37,0,37,65,high_vol_range,0.0,0,,,
2026-03-24T10:40:00+05:30,portfolio_hist,PREMIUM,SKIP,idle,22634.35,25.7,1.0,0.0,0.0,1.041,0.834,0.579,0,10,40,1,1,30,0,30,65,high_vol_range,0.0,0,,,
2026-03-24T10:45:00+05:30,portfolio_hist,PREMIUM,SKIP,idle,22665.9,25.59,1.0,0.0,0.0,1.041,0.696,0.579,0,10,45,1,1,30,0,30,65,high_vol_range,0.0,0,,,
2026-03-24T10:50:00+05:30,portfolio_hist,PREMIUM,SKIP,idle,22706.45,25.57,1.0,0.0,0.0,1.041,0.518,0.579,0,10,50,1,1,30,0,30,65,high_vol_range,0.0,0,,,
2026-03-24T10:55:00+05:30,portfolio_hist,PREMIUM,SKIP,idle,22672.8,25.67,1.0,0.0,0.0,1.041,0.665,0.565,0,10,55,1,1,30,0,30,65,high_vol_range,0.0,0,,,
2026-03-24T09:30:00+05:30,portfolio_hist,PREMIUM,SKIP,idle,22848.25,25.09,1.0,0.0,0.0,1.04,0.103,1.627,0,9,30,1,1,50,0,50,75,trending,0.0,0,,,
2026-03-24T09:35:00+05:30,portfolio_hist,PREMIUM,SKIP,idle,22819.1,25.18,1.0,0.0,0.0,1.04,0.024,1.627,0,9,35,1,1,50,0,50,75,trending,0.0,0,,,
2026-03-24T09:40:00+05:30,portfolio_hist,PREMIUM,SKIP,idle,22779.75,25.3,1.0,0.0,0.0,1.04,0.197,1.627,0,9,40,1,1,37,0,37,75,trending,0.0,0,,,
2026-03-24T09:45:00+05:30,portfolio_hist,PREMIUM,SKIP,idle,22719.05,25.47,1.0,0.0,0.0,1.04,0.463,0.505,0,9,45,1,1,35,0,35,75,high_vol_range,0.0,0,,,
2026-03-24T09:50:00+05:30,portfolio_hist,PREMIUM,SKIP,idle,22712.55,25.48,1.0,0.0,0.0,1.04,0.491,0.603,0,9,50,1,1,35,0,35,75,high_vol_range,0.0,0,,,
2026-03-24T09:55:00+05:30,portfolio_hist,PREMIUM,SKIP,idle,22755.45,25.34,1.0,0.0,0.0,1.04,0.303,0.603,0,9,55,1,1,35,0,35,75,high_vol_range,0.0,0,,,
2026-03-24T10:00:00+05:30,portfolio_hist,PREMIUM,SKIP,idle,22747.3,25.4,1.0,0.0,0.0,1.04,0.339,0.601,0,10,0,1,1,35,0,35,65,high_vol_range,0.0,0,,,
2026-03-24T10:05:00+05:30,portfolio_hist,PREMIUM,SKIP,idle,22715.0,25.54,1.0,0.0,0.0,1.041,0.48,0.517,0,10,5,1,1,35,0,35,65,high_vol_range,0.0,0,,,
2026-03-24T10:10:00+05:30,portfolio_hist,PREMIUM,SKIP,idle,22693.55,25.53,1.0,0.0,0.0,1.04,0.574,0.429,0,10,10,1,1,37,0,37,65,high_vol_range,0.0,0,,,
2026-03-24T10:15:00+05:30,portfolio_hist,PREMIUM,SKIP,idle,22711.4,25.5,1.0,0.0,0.0,1.04,0.496,0.374,0,10,15,1,1,42,0,42,65,high_vol_range,0.0,0,,,
2026-03-24T10:20:00+05:30,portfolio_hist,PREMIUM,SKIP,idle,22714.0,25.39,1.0,0.0,0.0,1.04,0.485,0.374,0,10,20,1,1,42,0,42,65,high_vol_range,0.0,0,,,
2026-03-24T10:25:00+05:30,portfolio_hist,PREMIUM,SKIP,idle,22760.0,25.4,1.0,0.0,0.0,1.04,0.283,0.374,0,10,25,1,1,49,0,49,65,high_vol_range,0.0,0,,,
2026-03-24T10:30:00+05:30,portfolio_hist,PREMIUM,SKIP,idle,22721.55,25.43,1.0,0.0,0.0,1.041,0.452,0.344,0,10,30,1,1,42,0,42,65,high_vol_range,0.0,0,,,
2026-03-24T10:35:00+05:30,portfolio_hist,PREMIUM,SKIP,idle,22660.9,25.5,1.0,0.0,0.0,1.04,0.717,0.421,0,10,35,1,1,37,0,37,65,high_vol_range,0.0,0,,,
2026-03-24T10:40:00+05:30,portfolio_hist,PREMIUM,SKIP,idle,22634.35,25.7,1.0,0.0,0.0,1.041,0.834,0.579,0,10,40,1,1,30,0,30,65,high_vol_range,0.0,0,,,
2026-03-24T10:45:00+05:30,portfolio_hist,PREMIUM,SKIP,idle,22665.9,25.59,1.0,0.0,0.0,1.041,0.696,0.579,0,10,45,1,1,30,0,30,65,high_vol_range,0.0,0,,,
2026-03-24T10:50:00+05:30,portfolio_hist,PREMIUM,SKIP,idle,22706.45,25.57,1.0,0.0,0.0,1.041,0.518,0.579,0,10,50,1,1,30,0,30,65,high_vol_range,0.0,0,,,
2026-03-24T10:55:00+05:30,portfolio_hist,PREMIUM,SKIP,idle,22672.8,25.67,1.0,0.0,0.0,1.041,0.665,0.565,0,10,55,1,1,30,0,30,65,high_vol_range,0.0,0,,,
2026-03-24T09:30:00+05:30,portfolio_hist,PREMIUM,SKIP,idle,22848.25,25.09,1.0,0.0,0.0,1.04,0.103,1.627,0,9,30,1,1,50,0,50,75,trending,0.0,0,,,
2026-03-24T09:35:00+05:30,portfolio_hist,PREMIUM,SKIP,idle,22819.1,25.18,1.0,0.0,0.0,1.04,0.024,1.627,0,9,35,1,1,50,0,50,75,trending,0.0,0,,,
2026-03-24T09:40:00+05:30,portfolio_hist,PREMIUM,SKIP,idle,22779.75,25.3,1.0,0.0,0.0,1.04,0.197,1.627,0,9,40,1,1,37,0,37,75,trending,0.0,0,,,
2026-03-24T09:45:00+05:30,portfolio_hist,PREMIUM,SKIP,idle,22719.05,25.47,1.0,0.0,0.0,1.04,0.463,0.505,0,9,45,1,1,35,0,35,75,high_vol_range,0.0,0,,,
2026-03-24T09:50:00+05:30,portfolio_hist,PREMIUM,SKIP,idle,22712.55,25.48,1.0,0.0,0.0,1.04,0.491,0.603,0,9,50,1,1,35,0,35,75,high_vol_range,0.0,0,,,
2026-03-24T09:55:00+05:30,portfolio_hist,PREMIUM,SKIP,idle,22755.45,25.34,1.0,0.0,0.0,1.04,0.303,0.603,0,9,55,1,1,35,0,35,75,high_vol_range,0.0,0,,,
2026-03-24T10:00:00+05:30,portfolio_hist,PREMIUM,SKIP,idle,22747.3,25.4,1.0,0.0,0.0,1.04,0.339,0.601,0,10,0,1,1,35,0,35,65,high_vol_range,0.0,0,,,
2026-03-24T10:05:00+05:30,portfolio_hist,PREMIUM,SKIP,idle,22715.0,25.54,1.0,0.0,0.0,1.041,0.48,0.517,0,10,5,1,1,35,0,35,65,high_vol_range,0.0,0,,,
2026-03-24T10:10:00+05:30,portfolio_hist,PREMIUM,SKIP,idle,22693.55,25.53,1.0,0.0,0.0,1.04,0.574,0.429,0,10,10,1,1,37,0,37,65,high_vol_range,0.0,0,,,
2026-03-24T10:15:00+05:30,portfolio_hist,PREMIUM,SKIP,idle,22711.4,25.5,1.0,0.0,0.0,1.04,0.496,0.374,0,10,15,1,1,42,0,42,65,high_vol_range,0.0,0,,,
2026-03-24T10:20:00+05:30,portfolio_hist,PREMIUM,SKIP,idle,22714.0,25.39,1.0,0.0,0.0,1.04,0.485,0.374,0,10,20,1,1,42,0,42,65,high_vol_range,0.0,0,,,
2026-03-24T10:25:00+05:30,portfolio_hist,PREMIUM,SKIP,idle,22760.0,25.4,1.0,0.0,0.0,1.04,0.283,0.374,0,10,25,1,1,49,0,49,65,high_vol_range,0.0,0,,,
2026-03-24T10:30:00+05:30,portfolio_hist,PREMIUM,SKIP,idle,22721.55,25.43,1.0,0.0,0.0,1.041,0.452,0.344,0,10,30,1,1,42,0,42,65,high_vol_range,0.0,0,,,
2026-03-24T10:35:00+05:30,portfolio_hist,PREMIUM,SKIP,idle,22660.9,25.5,1.0,0.0,0.0,1.04,0.717,0.421,0,10,35,1,1,37,0,37,65,high_vol_range,0.0,0,,,
2026-03-24T10:40:00+05:30,portfolio_hist,PREMIUM,SKIP,idle,22634.35,25.7,1.0,0.0,0.0,1.041,0.834,0.579,0,10,40,1,1,30,0,30,65,high_vol_range,0.0,0,,,
2026-03-24T10:45:00+05:30,portfolio_hist,PREMIUM,SKIP,idle,22665.9,25.59,1.0,0.0,0.0,1.041,0.696,0.579,0,10,45,1,1,30,0,30,65,high_vol_range,0.0,0,,,
2026-03-24T10:50:00+05:30,portfolio_hist,PREMIUM,SKIP,idle,22706.45,25.57,1.0,0.0,0.0,1.041,0.518,0.579,0,10,50,1,1,30,0,30,65,high_vol_range,0.0,0,,,
2026-03-24T10:55:00+05:30,portfolio_hist,PREMIUM,SKIP,idle,22672.8,25.67,1.0,0.0,0.0,1.041,0.665,0.565,0,10,55,1,1,30,0,30,65,high_vol_range,0.0,0,,,
2026-03-24T09:30:00+05:30,portfolio_hist,PREMIUM,SKIP,idle,22848.25,25.09,1.0,0.0,0.0,1.04,0.103,1.627,0,9,30,1,1,50,0,50,75,trending,0.0,0,,,
2026-03-24T09:35:00+05:30,portfolio_hist,PREMIUM,SKIP,idle,22819.1,25.18,1.0,0.0,0.0,1.04,0.024,1.627,0,9,35,1,1,50,0,50,75,trending,0.0,0,,,
2026-03-24T09:40:00+05:30,portfolio_hist,PREMIUM,SKIP,idle,22779.75,25.3,1.0,0.0,0.0,1.04,0.197,1.627,0,9,40,1,1,37,0,37,75,trending,0.0,0,,,
2026-03-24T09:45:00+05:30,portfolio_hist,PREMIUM,SKIP,idle,22719.05,25.47,1.0,0.0,0.0,1.04,0.463,0.505,0,9,45,1,1,35,0,35,75,high_vol_range,0.0,0,,,
2026-03-24T09:50:00+05:30,portfolio_hist,PREMIUM,SKIP,idle,22712.55,25.48,1.0,0.0,0.0,1.04,0.491,0.603,0,9,50,1,1,35,0,35,75,high_vol_range,0.0,0,,,
2026-03-24T09:55:00+05:30,portfolio_hist,PREMIUM,SKIP,idle,22755.45,25.34,1.0,0.0,0.0,1.04,0.303,0.603,0,9,55,1,1,35,0,35,75,high_vol_range,0.0,0,,,
2026-03-24T10:00:00+05:30,portfolio_hist,PREMIUM,SKIP,idle,22747.3,25.4,1.0,0.0,0.0,1.04,0.339,0.601,0,10,0,1,1,35,0,35,65,high_vol_range,0.0,0,,,
2026-03-24T10:05:00+05:30,portfolio_hist,PREMIUM,SKIP,idle,22715.0,25.54,1.0,0.0,0.0,1.041,0.48,0.517,0,10,5,1,1,35,0,35,65,high_vol_range,0.0,0,,,
2026-03-24T10:10:00+05:30,portfolio_hist,PREMIUM,SKIP,idle,22693.55,25.53,1.0,0.0,0.0,1.04,0.574,0.429,0,10,10,1,1,37,0,37,65,high_vol_range,0.0,0,,,
2026-03-24T10:15:00+05:30,portfolio_hist,PREMIUM,SKIP,idle,22711.4,25.5,1.0,0.0,0.0,1.04,0.496,0.374,0,10,15,1,1,42,0,42,65,high_vol_range,0.0,0,,,
2026-03-24T10:20:00+05:30,portfolio_hist,PREMIUM,SKIP,idle,22714.0,25.39,1.0,0.0,0.0,1.04,0.485,0.374,0,10,20,1,1,42,0,42,65,high_vol_range,0.0,0,,,
2026-03-24T10:25:00+05:30,portfolio_hist,PREMIUM,SKIP,idle,22760.0,25.4,1.0,0.0,0.0,1.04,0.283,0.374,0,10,25,1,1,49,0,49,65,high_vol_range,0.0,0,,,
2026-03-24T10:30:00+05:30,portfolio_hist,PREMIUM,SKIP,idle,22721.55,25.43,1.0,0.0,0.0,1.041,0.452,0.344,0,10,30,1,1,42,0,42,65,high_vol_range,0.0,0,,,
2026-03-24T10:35:00+05:30,portfolio_hist,PREMIUM,SKIP,idle,22660.9,25.5,1.0,0.0,0.0,1.04,0.717,0.421,0,10,35,1,1,37,0,37,65,high_vol_range,0.0,0,,,
2026-03-24T10:40:00+05:30,portfolio_hist,PREMIUM,SKIP,idle,22634.35,25.7,1.0,0.0,0.0,1.041,0.834,0.579,0,10,40,1,1,30,0,30,65,high_vol_range,0.0,0,,,
2026-03-24T10:45:00+05:30,portfolio_hist,PREMIUM,SKIP,idle,22665.9,25.59,1.0,0.0,0.0,1.041,0.696,0.579,0,10,45,1,1,30,0,30,65,high_vol_range,0.0,0,,,
2026-03-24T10:50:00+05:30,portfolio_hist,PREMIUM,SKIP,idle,22706.45,25.57,1.0,0.0,0.0,1.041,0.518,0.579,0,10,50,1,1,30,0,30,65,high_vol_range,0.0,0,,,
2026-03-24T10:55:00+05:30,portfolio_hist,PREMIUM,SKIP,idle,22672.8,25.67,1.0,0.0,0.0,1.041,0.665,0.565,0,10,55,1,1,30,0,30,65,high_vol_range,0.0,0,,,
2026-03-24T09:30:00+05:30,portfolio_hist,PREMIUM,SKIP,idle,22848.25,25.09,1.0,0.0,0.0,1.04,0.103,1.627,0,9,30,1,1,50,0,50,75,trending,0.0,0,,,
2026-03-24T09:35:00+05:30,portfolio_hist,PREMIUM,SKIP,idle,22819.1,25.18,1.0,0.0,0.0,1.04,0.024,1.627,0,9,35,1,1,50,0,50,75,trending,0.0,0,,,
2026-03-24T09:40:00+05:30,portfolio_hist,PREMIUM,SKIP,idle,22779.75,25.3,1.0,0.0,0.0,1.04,0.197,1.627,0,9,40,1,1,37,0,37,75,trending,0.0,0,,,
2026-03-24T09:45:00+05:30,portfolio_hist,PREMIUM,SKIP,idle,22719.05,25.47,1.0,0.0,0.0,1.04,0.463,0.505,0,9,45,1,1,35,0,35,75,high_vol_range,0.0,0,,,
2026-03-24T09:50:00+05:30,portfolio_hist,PREMIUM,SKIP,idle,22712.55,25.48,1.0,0.0,0.0,1.04,0.491,0.603,0,9,50,1,1,35,0,35,75,high_vol_range,0.0,0,,,
2026-03-24T09:55:00+05:30,portfolio_hist,PREMIUM,SKIP,idle,22755.45,25.34,1.0,0.0,0.0,1.04,0.303,0.603,0,9,55,1,1,35,0,35,75,high_vol_range,0.0,0,,,
2026-03-24T10:00:00+05:30,portfolio_hist,PREMIUM,SKIP,idle,22747.3,25.4,1.0,0.0,0.0,1.04,0.339,0.601,0,10,0,1,1,35,0,35,65,high_vol_range,0.0,0,,,
2026-03-24T10:05:00+05:30,portfolio_hist,PREMIUM,SKIP,idle,22715.0,25.54,1.0,0.0,0.0,1.041,0.48,0.517,0,10,5,1,1,35,0,35,65,high_vol_range,0.0,0,,,
2026-03-24T10:10:00+05:30,portfolio_hist,PREMIUM,SKIP,idle,22693.55,25.53,1.0,0.0,0.0,1.04,0.574,0.429,0,10,10,1,1,37,0,37,65,high_vol_range,0.0,0,,,
2026-03-24T10:15:00+05:30,portfolio_hist,PREMIUM,SKIP,idle,22711.4,25.5,1.0,0.0,0.0,1.04,0.496,0.374,0,10,15,1,1,42,0,42,65,high_vol_range,0.0,0,,,
2026-03-24T10:20:00+05:30,portfolio_hist,PREMIUM,SKIP,idle,22714.0,25.39,1.0,0.0,0.0,1.04,0.485,0.374,0,10,20,1,1,42,0,42,65,high_vol_range,0.0,0,,,
2026-03-24T10:25:00+05:30,portfolio_hist,PREMIUM,SKIP,idle,22760.0,25.4,1.0,0.0,0.0,1.04,0.283,0.374,0,10,25,1,1,49,0,49,65,high_vol_range,0.0,0,,,
2026-03-24T10:30:00+05:30,portfolio_hist,PREMIUM,SKIP,idle,22721.55,25.43,1.0,0.0,0.0,1.041,0.452,0.344,0,10,30,1,1,42,0,42,65,high_vol_range,0.0,0,,,
2026-03-24T10:35:00+05:30,portfolio_hist,PREMIUM,SKIP,idle,22660.9,25.5,1.0,0.0,0.0,1.04,0.717,0.421,0,10,35,1,1,37,0,37,65,high_vol_range,0.0,0,,,
2026-03-24T10:40:00+05:30,portfolio_hist,PREMIUM,SKIP,idle,22634.35,25.7,1.0,0.0,0.0,1.041,0.834,0.579,0,10,40,1,1,30,0,30,65,high_vol_range,0.0,0,,,
2026-03-24T10:45:00+05:30,portfolio_hist,PREMIUM,SKIP,idle,22665.9,25.59,1.0,0.0,0.0,1.041,0.696,0.579,0,10,45,1,1,30,0,30,65,high_vol_range,0.0,0,,,
2026-03-24T10:50:00+05:30,portfolio_hist,PREMIUM,SKIP,idle,22706.45,25.57,1.0,0.0,0.0,1.041,0.518,0.579,0,10,50,1,1,30,0,30,65,high_vol_range,0.0,0,,,
2026-03-24T10:55:00+05:30,portfolio_hist,PREMIUM,SKIP,idle,22672.8,25.67,1.0,0.0,0.0,1.041,0.665,0.565,0,10,55,1,1,30,0,30,65,high_vol_range,0.0,0,,,
2026-03-24T09:30:00+05:30,portfolio_hist,PREMIUM,SKIP,idle,22848.25,25.09,1.0,0.0,0.0,1.04,0.103,1.627,0,9,30,1,1,50,0,50,75,trending,0.0,0,,,
2026-03-24T09:35:00+05:30,portfolio_hist,PREMIUM,SKIP,idle,22819.1,25.18,1.0,0.0,0.0,1.04,0.024,1.627,0,9,35,1,1,50,0,50,75,trending,0.0,0,,,
2026-03-24T09:40:00+05:30,portfolio_hist,PREMIUM,SKIP,idle,22779.75,25.3,1.0,0.0,0.0,1.04,0.197,1.627,0,9,40,1,1,37,0,37,75,trending,0.0,0,,,
2026-03-24T09:45:00+05:30,portfolio_hist,PREMIUM,SKIP,idle,22719.05,25.47,1.0,0.0,0.0,1.04,0.463,0.505,0,9,45,1,1,35,0,35,75,high_vol_range,0.0,0,,,
2026-03-24T09:50:00+05:30,portfolio_hist,PREMIUM,SKIP,idle,22712.55,25.48,1.0,0.0,0.0,1.04,0.491,0.603,0,9,50,1,1,35,0,35,75,high_vol_range,0.0,0,,,
2026-03-24T09:55:00+05:30,portfolio_hist,PREMIUM,SKIP,idle,22755.45,25.34,1.0,0.0,0.0,1.04,0.303,0.603,0,9,55,1,1,35,0,35,75,high_vol_range,0.0,0,,,
2026-03-24T10:00:00+05:30,portfolio_hist,PREMIUM,SKIP,idle,22747.3,25.4,1.0,0.0,0.0,1.04,0.339,0.601,0,10,0,1,1,35,0,35,65,high_vol_range,0.0,0,,,
2026-03-24T10:05:00+05:30,portfolio_hist,PREMIUM,SKIP,idle,22715.0,25.54,1.0,0.0,0.0,1.041,0.48,0.517,0,10,5,1,1,35,0,35,65,high_vol_range,0.0,0,,,
2026-03-24T10:10:00+05:30,portfolio_hist,PREMIUM,SKIP,idle,22693.55,25.53,1.0,0.0,0.0,1.04,0.574,0.429,0,10,10,1,1,37,0,37,65,high_vol_range,0.0,0,,,
2026-03-24T10:15:00+05:30,portfolio_hist,PREMIUM,SKIP,idle,22711.4,25.5,1.0,0.0,0.0,1.04,0.496,0.374,0,10,15,1,1,42,0,42,65,high_vol_range,0.0,0,,,
2026-03-24T10:20:00+05:30,portfolio_hist,PREMIUM,SKIP,idle,22714.0,25.39,1.0,0.0,0.0,1.04,0.485,0.374,0,10,20,1,1,42,0,42,65,high_vol_range,0.0,0,,,
2026-03-24T10:25:00+05:30,portfolio_hist,PREMIUM,SKIP,idle,22760.0,25.4,1.0,0.0,0.0,1.04,0.283,0.374,0,10,25,1,1,49,0,49,65,high_vol_range,0.0,0,,,
2026-03-24T10:30:00+05:30,portfolio_hist,PREMIUM,SKIP,idle,22721.55,25.43,1.0,0.0,0.0,1.041,0.452,0.344,0,10,30,1,1,42,0,42,65,high_vol_range,0.0,0,,,
2026-03-24T10:35:00+05:30,portfolio_hist,PREMIUM,SKIP,idle,22660.9,25.5,1.0,0.0,0.0,1.04,0.717,0.421,0,10,35,1,1,37,0,37,65,high_vol_range,0.0,0,,,
2026-03-24T10:40:00+05:30,portfolio_hist,PREMIUM,SKIP,idle,22634.35,25.7,1.0,0.0,0.0,1.041,0.834,0.579,0,10,40,1,1,30,0,30,65,high_vol_range,0.0,0,,,
2026-03-24T10:45:00+05:30,portfolio_hist,PREMIUM,SKIP,idle,22665.9,25.59,1.0,0.0,0.0,1.041,0.696,0.579,0,10,45,1,1,30,0,30,65,high_vol_range,0.0,0,,,
2026-03-24T10:50:00+05:30,portfolio_hist,PREMIUM,SKIP,idle,22706.45,25.57,1.0,0.0,0.0,1.041,0.518,0.579,0,10,50,1,1,30,0,30,65,high_vol_range,0.0,0,,,
2026-03-24T10:55:00+05:30,portfolio_hist,PREMIUM,SKIP,idle,22672.8,25.67,1.0,0.0,0.0,1.041,0.665,0.565,0,10,55,1,1,30,0,30,65,high_vol_range,0.0,0,,,
2026-03-24T09:30:00+05:30,portfolio_hist,PREMIUM,SKIP,idle,22848.25,25.09,1.0,0.0,0.0,1.04,0.103,1.627,0,9,30,1,1,50,0,50,75,trending,0.0,0,,,
2026-03-24T09:35:00+05:30,portfolio_hist,PREMIUM,SKIP,idle,22819.1,25.18,1.0,0.0,0.0,1.04,0.024,1.627,0,9,35,1,1,50,0,50,75,trending,0.0,0,,,
2026-03-24T09:40:00+05:30,portfolio_hist,PREMIUM,SKIP,idle,22779.75,25.3,1.0,0.0,0.0,1.04,0.197,1.627,0,9,40,1,1,37,0,37,75,trending,0.0,0,,,
2026-03-24T09:45:00+05:30,portfolio_hist,PREMIUM,SKIP,idle,22719.05,25.47,1.0,0.0,0.0,1.04,0.463,0.505,0,9,45,1,1,35,0,35,75,high_vol_range,0.0,0,,,
2026-03-24T09:50:00+05:30,portfolio_hist,PREMIUM,SKIP,idle,22712.55,25.48,1.0,0.0,0.0,1.04,0.491,0.603,0,9,50,1,1,35,0,35,75,high_vol_range,0.0,0,,,
2026-03-24T09:55:00+05:30,portfolio_hist,PREMIUM,SKIP,idle,22755.45,25.34,1.0,0.0,0.0,1.04,0.303,0.603,0,9,55,1,1,35,0,35,75,high_vol_range,0.0,0,,,
2026-03-24T10:00:00+05:30,portfolio_hist,PREMIUM,SKIP,idle,22747.3,25.4,1.0,0.0,0.0,1.04,0.339,0.601,0,10,0,1,1,35,0,35,65,high_vol_range,0.0,0,,,
2026-03-24T10:05:00+05:30,portfolio_hist,PREMIUM,SKIP,idle,22715.0,25.54,1.0,0.0,0.0,1.041,0.48,0.517,0,10,5,1,1,35,0,35,65,high_vol_range,0.0,0,,,
2026-03-24T10:10:00+05:30,portfolio_hist,PREMIUM,SKIP,idle,22693.55,25.53,1.0,0.0,0.0,1.04,0.574,0.429,0,10,10,1,1,37,0,37,65,high_vol_range,0.0,0,,,
2026-03-24T10:15:00+05:30,portfolio_hist,PREMIUM,SKIP,idle,22711.4,25.5,1.0,0.0,0.0,1.04,0.496,0.374,0,10,15,1,1,42,0,42,65,high_vol_range,0.0,0,,,
2026-03-24T10:20:00+05:30,portfolio_hist,PREMIUM,SKIP,idle,22714.0,25.39,1.0,0.0,0.0,1.04,0.485,0.374,0,10,20,1,1,42,0,42,65,high_vol_range,0.0,0,,,
2026-03-24T10:25:00+05:30,portfolio_hist,PREMIUM,SKIP,idle,22760.0,25.4,1.0,0.0,0.0,1.04,0.283,0.374,0,10,25,1,1,49,0,49,65,high_vol_range,0.0,0,,,
2026-03-24T10:30:00+05:30,portfolio_hist,PREMIUM,SKIP,idle,22721.55,25.43,1.0,0.0,0.0,1.041,0.452,0.344,0,10,30,1,1,42,0,42,65,high_vol_range,0.0,0,,,
2026-03-24T10:35:00+05:30,portfolio_hist,PREMIUM,SKIP,idle,22660.9,25.5,1.0,0.0,0.0,1.04,0.717,0.421,0,10,35,1,1,37,0,37,65,high_vol_range,0.0,0,,,
2026-03-24T10:40:00+05:30,portfolio_hist,PREMIUM,SKIP,idle,22634.35,25.7,1.0,0.0,0.0,1.041,0.834,0.579,0,10,40,1,1,30,0,30,65,high_vol_range,0.0,0,,,
2026-03-24T10:45:00+05:30,portfolio_hist,PREMIUM,SKIP,idle,22665.9,25.59,1.0,0.0,0.0,1.041,0.696,0.579,0,10,45,1,1,30,0,30,65,high_vol_range,0.0,0,,,
2026-03-24T10:50:00+05:30,portfolio_hist,PREMIUM,SKIP,idle,22706.45,25.57,1.0,0.0,0.0,1.041,0.518,0.579,0,10,50,1,1,30,0,30,65,high_vol_range,0.0,0,,,
2026-03-24T10:55:00+05:30,portfolio_hist,PREMIUM,SKIP,idle,22672.8,25.67,1.0,0.0,0.0,1.041,0.665,0.565,0,10,55,1,1,30,0,30,65,high_vol_range,0.0,0,,,
2026-03-24T09:30:00+05:30,portfolio_hist,PREMIUM,SKIP,idle,22848.25,25.09,1.0,0.0,0.0,1.04,0.103,1.627,0,9,30,1,1,50,0,50,75,trending,0.0,0,,,
2026-03-24T09:35:00+05:30,portfolio_hist,PREMIUM,SKIP,idle,22819.1,25.18,1.0,0.0,0.0,1.04,0.024,1.627,0,9,35,1,1,50,0,50,75,trending,0.0,0,,,
2026-03-24T09:40:00+05:30,portfolio_hist,PREMIUM,SKIP,idle,22779.75,25.3,1.0,0.0,0.0,1.04,0.197,1.627,0,9,40,1,1,37,0,37,75,trending,0.0,0,,,
2026-03-24T09:45:00+05:30,portfolio_hist,PREMIUM,SKIP,idle,22719.05,25.47,1.0,0.0,0.0,1.04,0.463,0.505,0,9,45,1,1,35,0,35,75,high_vol_range,0.0,0,,,
2026-03-24T09:50:00+05:30,portfolio_hist,PREMIUM,SKIP,idle,22712.55,25.48,1.0,0.0,0.0,1.04,0.491,0.603,0,9,50,1,1,35,0,35,75,high_vol_range,0.0,0,,,
2026-03-24T09:55:00+05:30,portfolio_hist,PREMIUM,SKIP,idle,22755.45,25.34,1.0,0.0,0.0,1.04,0.303,0.603,0,9,55,1,1,35,0,35,75,high_vol_range,0.0,0,,,
2026-03-24T10:00:00+05:30,portfolio_hist,PREMIUM,SKIP,idle,22747.3,25.4,1.0,0.0,0.0,1.04,0.339,0.601,0,10,0,1,1,35,0,35,65,high_vol_range,0.0,0,,,
2026-03-24T10:05:00+05:30,portfolio_hist,PREMIUM,SKIP,idle,22715.0,25.54,1.0,0.0,0.0,1.041,0.48,0.517,0,10,5,1,1,35,0,35,65,high_vol_range,0.0,0,,,
2026-03-24T10:10:00+05:30,portfolio_hist,PREMIUM,SKIP,idle,22693.55,25.53,1.0,0.0,0.0,1.04,0.574,0.429,0,10,10,1,1,37,0,37,65,high_vol_range,0.0,0,,,
2026-03-24T10:15:00+05:30,portfolio_hist,PREMIUM,SKIP,idle,22711.4,25.5,1.0,0.0,0.0,1.04,0.496,0.374,0,10,15,1,1,42,0,42,65,high_vol_range,0.0,0,,,
2026-03-24T10:20:00+05:30,portfolio_hist,PREMIUM,SKIP,idle,22714.0,25.39,1.0,0.0,0.0,1.04,0.485,0.374,0,10,20,1,1,42,0,42,65,high_vol_range,0.0,0,,,
2026-03-24T10:25:00+05:30,portfolio_hist,PREMIUM,SKIP,idle,22760.0,25.4,1.0,0.0,0.0,1.04,0.283,0.374,0,10,25,1,1,49,0,49,65,high_vol_range,0.0,0,,,
2026-03-24T10:30:00+05:30,portfolio_hist,PREMIUM,SKIP,idle,22721.55,25.43,1.0,0.0,0.0,1.041,0.452,0.344,0,10,30,1,1,42,0,42,65,high_vol_range,0.0,0,,,
2026-03-24T10:35:00+05:30,portfolio_hist,PREMIUM,SKIP,idle,22660.9,25.5,1.0,0.0,0.0,1.04,0.717,0.421,0,10,35,1,1,37,0,37,65,high_vol_range,0.0,0,,,
2026-03-24T10:40:00+05:30,portfolio_hist,PREMIUM,SKIP,idle,22634.35,25.7,1.0,0.0,0.0,1.041,0.834,0.579,0,10,40,1,1,30,0,30,65,high_vol_range,0.0,0,,,
2026-03-24T10:45:00+05:30,portfolio_hist,PREMIUM,SKIP,idle,22665.9,25.59,1.0,0.0,0.0,1.041,0.696,0.579,0,10,45,1,1,30,0,30,65,high_vol_range,0.0,0,,,
2026-03-24T10:50:00+05:30,portfolio_hist,PREMIUM,SKIP,idle,22706.45,25.57,1.0,0.0,0.0,1.041,0.518,0.579,0,10,50,1,1,30,0,30,65,high_vol_range,0.0,0,,,
2026-03-24T10:55:00+05:30,portfolio_hist,PREMIUM,SKIP,idle,22672.8,25.67,1.0,0.0,0.0,1.041,0.665,0.565,0,10,55,1,1,30,0,30,65,high_vol_range,0.0,0,,,
2026-03-24T09:30:00+05:30,portfolio_hist,PREMIUM,SKIP,idle,22848.25,25.09,1.0,0.0,0.0,1.04,0.103,1.627,0,9,30,1,1,50,0,50,75,trending,0.0,0,,,
2026-03-24T09:35:00+05:30,portfolio_hist,PREMIUM,SKIP,idle,22819.1,25.18,1.0,0.0,0.0,1.04,0.024,1.627,0,9,35,1,1,50,0,50,75,trending,0.0,0,,,
2026-03-24T09:40:00+05:30,portfolio_hist,PREMIUM,SKIP,idle,22779.75,25.3,1.0,0.0,0.0,1.04,0.197,1.627,0,9,40,1,1,37,0,37,75,trending,0.0,0,,,
2026-03-24T09:45:00+05:30,portfolio_hist,PREMIUM,SKIP,idle,22719.05,25.47,1.0,0.0,0.0,1.04,0.463,0.505,0,9,45,1,1,35,0,35,75,high_vol_range,0.0,0,,,
2026-03-24T09:50:00+05:30,portfolio_hist,PREMIUM,SKIP,idle,22712.55,25.48,1.0,0.0,0.0,1.04,0.491,0.603,0,9,50,1,1,35,0,35,75,high_vol_range,0.0,0,,,
2026-03-24T09:55:00+05:30,portfolio_hist,PREMIUM,SKIP,idle,22755.45,25.34,1.0,0.0,0.0,1.04,0.303,0.603,0,9,55,1,1,35,0,35,75,high_vol_range,0.0,0,,,
2026-03-24T10:00:00+05:30,portfolio_hist,PREMIUM,SKIP,idle,22747.3,25.4,1.0,0.0,0.0,1.04,0.339,0.601,0,10,0,1,1,35,0,35,65,high_vol_range,0.0,0,,,
2026-03-24T10:05:00+05:30,portfolio_hist,PREMIUM,SKIP,idle,22715.0,25.54,1.0,0.0,0.0,1.041,0.48,0.517,0,10,5,1,1,35,0,35,65,high_vol_range,0.0,0,,,
2026-03-24T10:10:00+05:30,portfolio_hist,PREMIUM,SKIP,idle,22693.55,25.53,1.0,0.0,0.0,1.04,0.574,0.429,0,10,10,1,1,37,0,37,65,high_vol_range,0.0,0,,,
2026-03-24T10:15:00+05:30,portfolio_hist,PREMIUM,SKIP,idle,22711.4,25.5,1.0,0.0,0.0,1.04,0.496,0.374,0,10,15,1,1,42,0,42,65,high_vol_range,0.0,0,,,
2026-03-24T10:20:00+05:30,portfolio_hist,PREMIUM,SKIP,idle,22714.0,25.39,1.0,0.0,0.0,1.04,0.485,0.374,0,10,20,1,1,42,0,42,65,high_vol_range,0.0,0,,,
2026-03-24T10:25:00+05:30,portfolio_hist,PREMIUM,SKIP,idle,22760.0,25.4,1.0,0.0,0.0,1.04,0.283,0.374,0,10,25,1,1,49,0,49,65,high_vol_range,0.0,0,,,
2026-03-24T10:30:00+05:30,portfolio_hist,PREMIUM,SKIP,idle,22721.55,25.43,1.0,0.0,0.0,1.041,0.452,0.344,0,10,30,1,1,42,0,42,65,high_vol_range,0.0,0,,,
2026-03-24T10:35:00+05:30,portfolio_hist,PREMIUM,SKIP,idle,22660.9,25.5,1.0,0.0,0.0,1.04,0.717,0.421,0,10,35,1,1,37,0,37,65,high_vol_range,0.0,0,,,
2026-03-24T10:40:00+05:30,portfolio_hist,PREMIUM,SKIP,idle,22634.35,25.7,1.0,0.0,0.0,1.041,0.834,0.579,0,10,40,1,1,30,0,30,65,high_vol_range,0.0,0,,,
2026-03-24T10:45:00+05:30,portfolio_hist,PREMIUM,SKIP,idle,22665.9,25.59,1.0,0.0,0.0,1.041,0.696,0.579,0,10,45,1,1,30,0,30,65,high_vol_range,0.0,0,,,
2026-03-24T10:50:00+05:30,portfolio_hist,PREMIUM,SKIP,idle,22706.45,25.57,1.0,0.0,0.0,1.041,0.518,0.579,0,10,50,1,1,30,0,30,65,high_vol_range,0.0,0,,,
2026-03-24T10:55:00+05:30,portfolio_hist,PREMIUM,SKIP,idle,22672.8,25.67,1.0,0.0,0.0,1.041,0.665,0.565,0,10,55,1,1,30,0,30,65,high_vol_range,0.0,0,,,
2026-03-24T09:30:00+05:30,portfolio_hist,PREMIUM,SKIP,idle,22848.25,25.09,1.0,0.0,0.0,1.04,0.103,1.627,0,9,30,1,1,50,0,50,75,trending,0.0,0,,,
2026-03-24T09:35:00+05:30,portfolio_hist,PREMIUM,SKIP,idle,22819.1,25.18,1.0,0.0,0.0,1.04,0.024,1.627,0,9,35,1,1,50,0,50,75,trending,0.0,0,,,
2026-03-24T09:40:00+05:30,portfolio_hist,PREMIUM,SKIP,idle,22779.75,25.3,1.0,0.0,0.0,1.04,0.197,1.627,0,9,40,1,1,37,0,37,75,trending,0.0,0,,,
2026-03-24T09:45:00+05:30,portfolio_hist,PREMIUM,SKIP,idle,22719.05,25.47,1.0,0.0,0.0,1.04,0.463,0.505,0,9,45,1,1,35,0,35,75,high_vol_range,0.0,0,,,
2026-03-24T09:50:00+05:30,portfolio_hist,PREMIUM,SKIP,idle,22712.55,25.48,1.0,0.0,0.0,1.04,0.491,0.603,0,9,50,1,1,35,0,35,75,high_vol_range,0.0,0,,,
2026-03-24T09:55:00+05:30,portfolio_hist,PREMIUM,SKIP,idle,22755.45,25.34,1.0,0.0,0.0,1.04,0.303,0.603,0,9,55,1,1,35,0,35,75,high_vol_range,0.0,0,,,
2026-03-24T10:00:00+05:30,portfolio_hist,PREMIUM,SKIP,idle,22747.3,25.4,1.0,0.0,0.0,1.04,0.339,0.601,0,10,0,1,1,35,0,35,65,high_vol_range,0.0,0,,,
2026-03-24T10:05:00+05:30,portfolio_hist,PREMIUM,SKIP,idle,22715.0,25.54,1.0,0.0,0.0,1.041,0.48,0.517,0,10,5,1,1,35,0,35,65,high_vol_range,0.0,0,,,
2026-03-24T10:10:00+05:30,portfolio_hist,PREMIUM,SKIP,idle,22693.55,25.53,1.0,0.0,0.0,1.04,0.574,0.429,0,10,10,1,1,37,0,37,65,high_vol_range,0.0,0,,,
2026-03-24T10:15:00+05:30,portfolio_hist,PREMIUM,SKIP,idle,22711.4,25.5,1.0,0.0,0.0,1.04,0.496,0.374,0,10,15,1,1,42,0,42,65,high_vol_range,0.0,0,,,
2026-03-24T10:20:00+05:30,portfolio_hist,PREMIUM,SKIP,idle,22714.0,25.39,1.0,0.0,0.0,1.04,0.485,0.374,0,10,20,1,1,42,0,42,65,high_vol_range,0.0,0,,,
2026-03-24T10:25:00+05:30,portfolio_hist,PREMIUM,SKIP,idle,22760.0,25.4,1.0,0.0,0.0,1.04,0.283,0.374,0,10,25,1,1,49,0,49,65,high_vol_range,0.0,0,,,
2026-03-24T10:30:00+05:30,portfolio_hist,PREMIUM,SKIP,idle,22721.55,25.43,1.0,0.0,0.0,1.041,0.452,0.344,0,10,30,1,1,42,0,42,65,high_vol_range,0.0,0,,,
2026-03-24T10:35:00+05:30,portfolio_hist,PREMIUM,SKIP,idle,22660.9,25.5,1.0,0.0,0.0,1.04,0.717,0.421,0,10,35,1,1,37,0,37,65,high_vol_range,0.0,0,,,
2026-03-24T10:40:00+05:30,portfolio_hist,PREMIUM,SKIP,idle,22634.35,25.7,1.0,0.0,0.0,1.041,0.834,0.579,0,10,40,1,1,30,0,30,65,high_vol_range,0.0,0,,,
2026-03-24T10:45:00+05:30,portfolio_hist,PREMIUM,SKIP,idle,22665.9,25.59,1.0,0.0,0.0,1.041,0.696,0.579,0,10,45,1,1,30,0,30,65,high_vol_range,0.0,0,,,
2026-03-24T10:50:00+05:30,portfolio_hist,PREMIUM,SKIP,idle,22706.45,25.57,1.0,0.0,0.0,1.041,0.518,0.579,0,10,50,1,1,30,0,30,65,high_vol_range,0.0,0,,,
2026-03-24T10:55:00+05:30,portfolio_hist,PREMIUM,SKIP,idle,22672.8,25.67,1.0,0.0,0.0,1.041,0.665,0.565,0,10,55,1,1,30,0,30,65,high_vol_range,0.0,0,,,
2026-03-24T09:30:00+05:30,portfolio_hist,PREMIUM,SKIP,idle,22848.25,25.09,1.0,0.0,0.0,1.04,0.103,1.627,0,9,30,1,1,50,0,50,75,trending,0.0,0,,,
2026-03-24T09:35:00+05:30,portfolio_hist,PREMIUM,SKIP,idle,22819.1,25.18,1.0,0.0,0.0,1.04,0.024,1.627,0,9,35,1,1,50,0,50,75,trending,0.0,0,,,
2026-03-24T09:40:00+05:30,portfolio_hist,PREMIUM,SKIP,idle,22779.75,25.3,1.0,0.0,0.0,1.04,0.197,1.627,0,9,40,1,1,37,0,37,75,trending,0.0,0,,,
2026-03-24T09:45:00+05:30,portfolio_hist,PREMIUM,SKIP,idle,22719.05,25.47,1.0,0.0,0.0,1.04,0.463,0.505,0,9,45,1,1,35,0,35,75,high_vol_range,0.0,0,,,
2026-03-24T09:50:00+05:30,portfolio_hist,PREMIUM,SKIP,idle,22712.55,25.48,1.0,0.0,0.0,1.04,0.491,0.603,0,9,50,1,1,35,0,35,75,high_vol_range,0.0,0,,,
2026-03-24T09:55:00+05:30,portfolio_hist,PREMIUM,SKIP,idle,22755.45,25.34,1.0,0.0,0.0,1.04,0.303,0.603,0,9,55,1,1,35,0,35,75,high_vol_range,0.0,0,,,
2026-03-24T10:00:00+05:30,portfolio_hist,PREMIUM,SKIP,idle,22747.3,25.4,1.0,0.0,0.0,1.04,0.339,0.601,0,10,0,1,1,35,0,35,65,high_vol_range,0.0,0,,,
2026-03-24T10:05:00+05:30,portfolio_hist,PREMIUM,SKIP,idle,22715.0,25.54,1.0,0.0,0.0,1.041,0.48,0.517,0,10,5,1,1,35,0,35,65,high_vol_range,0.0,0,,,
2026-03-24T10:10:00+05:30,portfolio_hist,PREMIUM,SKIP,idle,22693.55,25.53,1.0,0.0,0.0,1.04,0.574,0.429,0,10,10,1,1,37,0,37,65,high_vol_range,0.0,0,,,
2026-03-24T10:15:00+05:30,portfolio_hist,PREMIUM,SKIP,idle,22711.4,25.5,1.0,0.0,0.0,1.04,0.496,0.374,0,10,15,1,1,42,0,42,65,high_vol_range,0.0,0,,,
2026-03-24T10:20:00+05:30,portfolio_hist,PREMIUM,SKIP,idle,22714.0,25.39,1.0,0.0,0.0,1.04,0.485,0.374,0,10,20,1,1,42,0,42,65,high_vol_range,0.0,0,,,
2026-03-24T10:25:00+05:30,portfolio_hist,PREMIUM,SKIP,idle,22760.0,25.4,1.0,0.0,0.0,1.04,0.283,0.374,0,10,25,1,1,49,0,49,65,high_vol_range,0.0,0,,,
2026-03-24T10:30:00+05:30,portfolio_hist,PREMIUM,SKIP,idle,22721.55,25.43,1.0,0.0,0.0,1.041,0.452,0.344,0,10,30,1,1,42,0,42,65,high_vol_range,0.0,0,,,
2026-03-24T10:35:00+05:30,portfolio_hist,PREMIUM,SKIP,idle,22660.9,25.5,1.0,0.0,0.0,1.04,0.717,0.421,0,10,35,1,1,37,0,37,65,high_vol_range,0.0,0,,,
2026-03-24T10:40:00+05:30,portfolio_hist,PREMIUM,SKIP,idle,22634.35,25.7,1.0,0.0,0.0,1.041,0.834,0.579,0,10,40,1,1,30,0,30,65,high_vol_range,0.0,0,,,
2026-03-24T10:45:00+05:30,portfolio_hist,PREMIUM,SKIP,idle,22665.9,25.59,1.0,0.0,0.0,1.041,0.696,0.579,0,10,45,1,1,30,0,30,65,high_vol_range,0.0,0,,,
2026-03-24T10:50:00+05:30,portfolio_hist,PREMIUM,SKIP,idle,22706.45,25.57,1.0,0.0,0.0,1.041,0.518,0.579,0,10,50,1,1,30,0,30,65,high_vol_range,0.0,0,,,
2026-03-24T10:55:00+05:30,portfolio_hist,PREMIUM,SKIP,idle,22672.8,25.67,1.0,0.0,0.0,1.041,0.665,0.565,0,10,55,1,1,30,0,30,65,high_vol_range,0.0,0,,,
2026-03-24T09:30:00+05:30,portfolio_hist,PREMIUM,SKIP,idle,22848.25,25.09,1.0,0.0,0.0,1.04,0.103,1.627,0,9,30,1,1,50,0,50,75,trending,0.0,0,,,
2026-03-24T09:35:00+05:30,portfolio_hist,PREMIUM,SKIP,idle,22819.1,25.18,1.0,0.0,0.0,1.04,0.024,1.627,0,9,35,1,1,50,0,50,75,trending,0.0,0,,,
2026-03-24T09:40:00+05:30,portfolio_hist,PREMIUM,SKIP,idle,22779.75,25.3,1.0,0.0,0.0,1.04,0.197,1.627,0,9,40,1,1,37,0,37,75,trending,0.0,0,,,
2026-03-24T09:45:00+05:30,portfolio_hist,PREMIUM,SKIP,idle,22719.05,25.47,1.0,0.0,0.0,1.04,0.463,0.505,0,9,45,1,1,35,0,35,75,high_vol_range,0.0,0,,,
2026-03-24T09:50:00+05:30,portfolio_hist,PREMIUM,SKIP,idle,22712.55,25.48,1.0,0.0,0.0,1.04,0.491,0.603,0,9,50,1,1,35,0,35,75,high_vol_range,0.0,0,,,
2026-03-24T09:55:00+05:30,portfolio_hist,PREMIUM,SKIP,idle,22755.45,25.34,1.0,0.0,0.0,1.04,0.303,0.603,0,9,55,1,1,35,0,35,75,high_vol_range,0.0,0,,,
2026-03-24T10:00:00+05:30,portfolio_hist,PREMIUM,SKIP,idle,22747.3,25.4,1.0,0.0,0.0,1.04,0.339,0.601,0,10,0,1,1,35,0,35,65,high_vol_range,0.0,0,,,
2026-03-24T10:05:00+05:30,portfolio_hist,PREMIUM,SKIP,idle,22715.0,25.54,1.0,0.0,0.0,1.041,0.48,0.517,0,10,5,1,1,35,0,35,65,high_vol_range,0.0,0,,,
2026-03-24T10:10:00+05:30,portfolio_hist,PREMIUM,SKIP,idle,22693.55,25.53,1.0,0.0,0.0,1.04,0.574,0.429,0,10,10,1,1,37,0,37,65,high_vol_range,0.0,0,,,
2026-03-24T10:15:00+05:30,portfolio_hist,PREMIUM,SKIP,idle,22711.4,25.5,1.0,0.0,0.0,1.04,0.496,0.374,0,10,15,1,1,42,0,42,65,high_vol_range,0.0,0,,,
2026-03-24T10:20:00+05:30,portfolio_hist,PREMIUM,SKIP,idle,22714.0,25.39,1.0,0.0,0.0,1.04,0.485,0.374,0,10,20,1,1,42,0,42,65,high_vol_range,0.0,0,,,
2026-03-24T10:25:00+05:30,portfolio_hist,PREMIUM,SKIP,idle,22760.0,25.4,1.0,0.0,0.0,1.04,0.283,0.374,0,10,25,1,1,49,0,49,65,high_vol_range,0.0,0,,,
2026-03-24T10:30:00+05:30,portfolio_hist,PREMIUM,SKIP,idle,22721.55,25.43,1.0,0.0,0.0,1.041,0.452,0.344,0,10,30,1,1,42,0,42,65,high_vol_range,0.0,0,,,
2026-03-24T10:35:00+05:30,portfolio_hist,PREMIUM,SKIP,idle,22660.9,25.5,1.0,0.0,0.0,1.04,0.717,0.421,0,10,35,1,1,37,0,37,65,high_vol_range,0.0,0,,,
2026-03-24T10:40:00+05:30,portfolio_hist,PREMIUM,SKIP,idle,22634.35,25.7,1.0,0.0,0.0,1.041,0.834,0.579,0,10,40,1,1,30,0,30,65,high_vol_range,0.0,0,,,
2026-03-24T10:45:00+05:30,portfolio_hist,PREMIUM,SKIP,idle,22665.9,25.59,1.0,0.0,0.0,1.041,0.696,0.579,0,10,45,1,1,30,0,30,65,high_vol_range,0.0,0,,,
2026-03-24T10:50:00+05:30,portfolio_hist,PREMIUM,SKIP,idle,22706.45,25.57,1.0,0.0,0.0,1.041,0.518,0.579,0,10,50,1,1,30,0,30,65,high_vol_range,0.0,0,,,
2026-03-24T10:55:00+05:30,portfolio_hist,PREMIUM,SKIP,idle,22672.8,25.67,1.0,0.0,0.0,1.041,0.665,0.565,0,10,55,1,1,30,0,30,65,high_vol_range,0.0,0,,,
2026-03-24T09:30:00+05:30,portfolio_hist,PREMIUM,SKIP,idle,22848.25,25.09,1.0,0.0,0.0,1.04,0.103,1.627,0,9,30,1,1,50,0,50,75,trending,0.0,0,,,
2026-03-24T09:35:00+05:30,portfolio_hist,PREMIUM,SKIP,idle,22819.1,25.18,1.0,0.0,0.0,1.04,0.024,1.627,0,9,35,1,1,50,0,50,75,trending,0.0,0,,,
2026-03-24T09:40:00+05:30,portfolio_hist,PREMIUM,SKIP,idle,22779.75,25.3,1.0,0.0,0.0,1.04,0.197,1.627,0,9,40,1,1,37,0,37,75,trending,0.0,0,,,
2026-03-24T09:45:00+05:30,portfolio_hist,PREMIUM,SKIP,idle,22719.05,25.47,1.0,0.0,0.0,1.04,0.463,0.505,0,9,45,1,1,35,0,35,75,high_vol_range,0.0,0,,,
2026-03-24T09:50:00+05:30,portfolio_hist,PREMIUM,SKIP,idle,22712.55,25.48,1.0,0.0,0.0,1.04,0.491,0.603,0,9,50,1,1,35,0,35,75,high_vol_range,0.0,0,,,
2026-03-24T09:55:00+05:30,portfolio_hist,PREMIUM,SKIP,idle,22755.45,25.34,1.0,0.0,0.0,1.04,0.303,0.603,0,9,55,1,1,35,0,35,75,high_vol_range,0.0,0,,,
2026-03-24T10:00:00+05:30,portfolio_hist,PREMIUM,SKIP,idle,22747.3,25.4,1.0,0.0,0.0,1.04,0.339,0.601,0,10,0,1,1,35,0,35,65,high_vol_range,0.0,0,,,
2026-03-24T10:05:00+05:30,portfolio_hist,PREMIUM,SKIP,idle,22715.0,25.54,1.0,0.0,0.0,1.041,0.48,0.517,0,10,5,1,1,35,0,35,65,high_vol_range,0.0,0,,,
2026-03-24T10:10:00+05:30,portfolio_hist,PREMIUM,SKIP,idle,22693.55,25.53,1.0,0.0,0.0,1.04,0.574,0.429,0,10,10,1,1,37,0,37,65,high_vol_range,0.0,0,,,
2026-03-24T10:15:00+05:30,portfolio_hist,PREMIUM,SKIP,idle,22711.4,25.5,1.0,0.0,0.0,1.04,0.496,0.374,0,10,15,1,1,42,0,42,65,high_vol_range,0.0,0,,,
2026-03-24T10:20:00+05:30,portfolio_hist,PREMIUM,SKIP,idle,22714.0,25.39,1.0,0.0,0.0,1.04,0.485,0.374,0,10,20,1,1,42,0,42,65,high_vol_range,0.0,0,,,
2026-03-24T10:25:00+05:30,portfolio_hist,PREMIUM,SKIP,idle,22760.0,25.4,1.0,0.0,0.0,1.04,0.283,0.374,0,10,25,1,1,49,0,49,65,high_vol_range,0.0,0,,,
2026-03-24T10:30:00+05:30,portfolio_hist,PREMIUM,SKIP,idle,22721.55,25.43,1.0,0.0,0.0,1.041,0.452,0.344,0,10,30,1,1,42,0,42,65,high_vol_range,0.0,0,,,
2026-03-24T10:35:00+05:30,portfolio_hist,PREMIUM,SKIP,idle,22660.9,25.5,1.0,0.0,0.0,1.04,0.717,0.421,0,10,35,1,1,37,0,37,65,high_vol_range,0.0,0,,,
2026-03-24T10:40:00+05:30,portfolio_hist,PREMIUM,SKIP,idle,22634.35,25.7,1.0,0.0,0.0,1.041,0.834,0.579,0,10,40,1,1,30,0,30,65,high_vol_range,0.0,0,,,
2026-03-24T10:45:00+05:30,portfolio_hist,PREMIUM,SKIP,idle,22665.9,25.59,1.0,0.0,0.0,1.041,0.696,0.579,0,10,45,1,1,30,0,30,65,high_vol_range,0.0,0,,,
2026-03-24T10:50:00+05:30,portfolio_hist,PREMIUM,SKIP,idle,22706.45,25.57,1.0,0.0,0.0,1.041,0.518,0.579,0,10,50,1,1,30,0,30,65,high_vol_range,0.0,0,,,
2026-03-24T10:55:00+05:30,portfolio_hist,PREMIUM,SKIP,idle,22672.8,25.67,1.0,0.0,0.0,1.041,0.665,0.565,0,10,55,1,1,30,0,30,65,high_vol_range,0.0,0,,,
2026-03-24T09:30:00+05:30,portfolio_hist,PREMIUM,SKIP,idle,22848.25,25.09,1.0,0.0,0.0,1.04,0.103,1.627,0,9,30,1,1,50,0,50,75,trending,0.0,0,,,
2026-03-24T09:35:00+05:30,portfolio_hist,PREMIUM,SKIP,idle,22819.1,25.18,1.0,0.0,0.0,1.04,0.024,1.627,0,9,35,1,1,50,0,50,75,trending,0.0,0,,,
2026-03-24T09:40:00+05:30,portfolio_hist,PREMIUM,SKIP,idle,22779.75,25.3,1.0,0.0,0.0,1.04,0.197,1.627,0,9,40,1,1,37,0,37,75,trending,0.0,0,,,
2026-03-24T09:45:00+05:30,portfolio_hist,PREMIUM,SKIP,idle,22719.05,25.47,1.0,0.0,0.0,1.04,0.463,0.505,0,9,45,1,1,35,0,35,75,high_vol_range,0.0,0,,,
2026-03-24T09:50:00+05:30,portfolio_hist,PREMIUM,SKIP,idle,22712.55,25.48,1.0,0.0,0.0,1.04,0.491,0.603,0,9,50,1,1,35,0,35,75,high_vol_range,0.0,0,,,
2026-03-24T09:55:00+05:30,portfolio_hist,PREMIUM,SKIP,idle,22755.45,25.34,1.0,0.0,0.0,1.04,0.303,0.603,0,9,55,1,1,35,0,35,75,high_vol_range,0.0,0,,,
2026-03-24T10:00:00+05:30,portfolio_hist,PREMIUM,SKIP,idle,22747.3,25.4,1.0,0.0,0.0,1.04,0.339,0.601,0,10,0,1,1,35,0,35,65,high_vol_range,0.0,0,,,
2026-03-24T10:05:00+05:30,portfolio_hist,PREMIUM,SKIP,idle,22715.0,25.54,1.0,0.0,0.0,1.041,0.48,0.517,0,10,5,1,1,35,0,35,65,high_vol_range,0.0,0,,,
2026-03-24T10:10:00+05:30,portfolio_hist,PREMIUM,SKIP,idle,22693.55,25.53,1.0,0.0,0.0,1.04,0.574,0.429,0,10,10,1,1,37,0,37,65,high_vol_range,0.0,0,,,
2026-03-24T10:15:00+05:30,portfolio_hist,PREMIUM,SKIP,idle,22711.4,25.5,1.0,0.0,0.0,1.04,0.496,0.374,0,10,15,1,1,42,0,42,65,high_vol_range,0.0,0,,,
2026-03-24T10:20:00+05:30,portfolio_hist,PREMIUM,SKIP,idle,22714.0,25.39,1.0,0.0,0.0,1.04,0.485,0.374,0,10,20,1,1,42,0,42,65,high_vol_range,0.0,0,,,
2026-03-24T10:25:00+05:30,portfolio_hist,PREMIUM,SKIP,idle,22760.0,25.4,1.0,0.0,0.0,1.04,0.283,0.374,0,10,25,1,1,49,0,49,65,high_vol_range,0.0,0,,,
2026-03-24T10:30:00+05:30,portfolio_hist,PREMIUM,SKIP,idle,22721.55,25.43,1.0,0.0,0.0,1.041,0.452,0.344,0,10,30,1,1,42,0,42,65,high_vol_range,0.0,0,,,
2026-03-24T10:35:00+05:30,portfolio_hist,PREMIUM,SKIP,idle,22660.9,25.5,1.0,0.0,0.0,1.04,0.717,0.421,0,10,35,1,1,37,0,37,65,high_vol_range,0.0,0,,,
2026-03-24T10:40:00+05:30,portfolio_hist,PREMIUM,SKIP,idle,22634.35,25.7,1.0,0.0,0.0,1.041,0.834,0.579,0,10,40,1,1,30,0,30,65,high_vol_range,0.0,0,,,
2026-03-24T10:45:00+05:30,portfolio_hist,PREMIUM,SKIP,idle,22665.9,25.59,1.0,0.0,0.0,1.041,0.696,0.579,0,10,45,1,1,30,0,30,65,high_vol_range,0.0,0,,,
2026-03-24T10:50:00+05:30,portfolio_hist,PREMIUM,SKIP,idle,22706.45,25.57,1.0,0.0,0.0,1.041,0.518,0.579,0,10,50,1,1,30,0,30,65,high_vol_range,0.0,0,,,
2026-03-24T10:55:00+05:30,portfolio_hist,PREMIUM,SKIP,idle,22672.8,25.67,1.0,0.0,0.0,1.041,0.665,0.565,0,10,55,1,1,30,0,30,65,high_vol_range,0.0,0,,,
2026-03-24T09:30:00+05:30,portfolio_hist,PREMIUM,SKIP,idle,22848.25,25.09,1.0,0.0,0.0,1.04,0.103,1.627,0,9,30,1,1,50,0,50,75,trending,0.0,0,,,
2026-03-24T09:35:00+05:30,portfolio_hist,PREMIUM,SKIP,idle,22819.1,25.18,1.0,0.0,0.0,1.04,0.024,1.627,0,9,35,1,1,50,0,50,75,trending,0.0,0,,,
2026-03-24T09:40:00+05:30,portfolio_hist,PREMIUM,SKIP,idle,22779.75,25.3,1.0,0.0,0.0,1.04,0.197,1.627,0,9,40,1,1,37,0,37,75,trending,0.0,0,,,
2026-03-24T09:45:00+05:30,portfolio_hist,PREMIUM,SKIP,idle,22719.05,25.47,1.0,0.0,0.0,1.04,0.463,0.505,0,9,45,1,1,35,0,35,75,high_vol_range,0.0,0,,,
2026-03-24T09:50:00+05:30,portfolio_hist,PREMIUM,SKIP,idle,22712.55,25.48,1.0,0.0,0.0,1.04,0.491,0.603,0,9,50,1,1,35,0,35,75,high_vol_range,0.0,0,,,
2026-03-24T09:55:00+05:30,portfolio_hist,PREMIUM,SKIP,idle,22755.45,25.34,1.0,0.0,0.0,1.04,0.303,0.603,0,9,55,1,1,35,0,35,75,high_vol_range,0.0,0,,,
2026-03-24T10:00:00+05:30,portfolio_hist,PREMIUM,SKIP,idle,22747.3,25.4,1.0,0.0,0.0,1.04,0.339,0.601,0,10,0,1,1,35,0,35,65,high_vol_range,0.0,0,,,
2026-03-24T10:05:00+05:30,portfolio_hist,PREMIUM,SKIP,idle,22715.0,25.54,1.0,0.0,0.0,1.041,0.48,0.517,0,10,5,1,1,35,0,35,65,high_vol_range,0.0,0,,,
2026-03-24T10:10:00+05:30,portfolio_hist,PREMIUM,SKIP,idle,22693.55,25.53,1.0,0.0,0.0,1.04,0.574,0.429,0,10,10,1,1,37,0,37,65,high_vol_range,0.0,0,,,
2026-03-24T10:15:00+05:30,portfolio_hist,PREMIUM,SKIP,idle,22711.4,25.5,1.0,0.0,0.0,1.04,0.496,0.374,0,10,15,1,1,42,0,42,65,high_vol_range,0.0,0,,,
2026-03-24T10:20:00+05:30,portfolio_hist,PREMIUM,SKIP,idle,22714.0,25.39,1.0,0.0,0.0,1.04,0.485,0.374,0,10,20,1,1,42,0,42,65,high_vol_range,0.0,0,,,
2026-03-24T10:25:00+05:30,portfolio_hist,PREMIUM,SKIP,idle,22760.0,25.4,1.0,0.0,0.0,1.04,0.283,0.374,0,10,25,1,1,49,0,49,65,high_vol_range,0.0,0,,,
2026-03-24T10:30:00+05:30,portfolio_hist,PREMIUM,SKIP,idle,22721.55,25.43,1.0,0.0,0.0,1.041,0.452,0.344,0,10,30,1,1,42,0,42,65,high_vol_range,0.0,0,,,
2026-03-24T10:35:00+05:30,portfolio_hist,PREMIUM,SKIP,idle,22660.9,25.5,1.0,0.0,0.0,1.04,0.717,0.421,0,10,35,1,1,37,0,37,65,high_vol_range,0.0,0,,,
2026-03-24T10:40:00+05:30,portfolio_hist,PREMIUM,SKIP,idle,22634.35,25.7,1.0,0.0,0.0,1.041,0.834,0.579,0,10,40,1,1,30,0,30,65,high_vol_range,0.0,0,,,
2026-03-24T10:45:00+05:30,portfolio_hist,PREMIUM,SKIP,idle,22665.9,25.59,1.0,0.0,0.0,1.041,0.696,0.579,0,10,45,1,1,30,0,30,65,high_vol_range,0.0,0,,,
2026-03-24T10:50:00+05:30,portfolio_hist,PREMIUM,SKIP,idle,22706.45,25.57,1.0,0.0,0.0,1.041,0.518,0.579,0,10,50,1,1,30,0,30,65,high_vol_range,0.0,0,,,
2026-03-24T10:55:00+05:30,portfolio_hist,PREMIUM,SKIP,idle,22672.8,25.67,1.0,0.0,0.0,1.041,0.665,0.565,0,10,55,1,1,30,0,30,65,high_vol_range,0.0,0,,,
2026-03-24T09:30:00+05:30,portfolio_hist,PREMIUM,SKIP,idle,22848.25,25.09,1.0,0.0,0.0,1.04,0.103,1.627,0,9,30,1,1,50,0,50,75,trending,0.0,0,,,
2026-03-24T09:35:00+05:30,portfolio_hist,PREMIUM,SKIP,idle,22819.1,25.18,1.0,0.0,0.0,1.04,0.024,1.627,0,9,35,1,1,50,0,50,75,trending,0.0,0,,,
2026-03-24T09:40:00+05:30,portfolio_hist,PREMIUM,SKIP,idle,22779.75,25.3,1.0,0.0,0.0,1.04,0.197,1.627,0,9,40,1,1,37,0,37,75,trending,0.0,0,,,
2026-03-24T09:45:00+05:30,portfolio_hist,PREMIUM,SKIP,idle,22719.05,25.47,1.0,0.0,0.0,1.04,0.463,0.505,0,9,45,1,1,35,0,35,75,high_vol_range,0.0,0,,,
2026-03-24T09:50:00+05:30,portfolio_hist,PREMIUM,SKIP,idle,22712.55,25.48,1.0,0.0,0.0,1.04,0.491,0.603,0,9,50,1,1,35,0,35,75,high_vol_range,0.0,0,,,
2026-03-24T09:55:00+05:30,portfolio_hist,PREMIUM,SKIP,idle,22755.45,25.34,1.0,0.0,0.0,1.04,0.303,0.603,0,9,55,1,1,35,0,35,75,high_vol_range,0.0,0,,,
2026-03-24T10:00:00+05:30,portfolio_hist,PREMIUM,SKIP,idle,22747.3,25.4,1.0,0.0,0.0,1.04,0.339,0.601,0,10,0,1,1,35,0,35,65,high_vol_range,0.0,0,,,
2026-03-24T10:05:00+05:30,portfolio_hist,PREMIUM,SKIP,idle,22715.0,25.54,1.0,0.0,0.0,1.041,0.48,0.517,0,10,5,1,1,35,0,35,65,high_vol_range,0.0,0,,,
2026-03-24T10:10:00+05:30,portfolio_hist,PREMIUM,SKIP,idle,22693.55,25.53,1.0,0.0,0.0,1.04,0.574,0.429,0,10,10,1,1,37,0,37,65,high_vol_range,0.0,0,,,
2026-03-24T10:15:00+05:30,portfolio_hist,PREMIUM,SKIP,idle,22711.4,25.5,1.0,0.0,0.0,1.04,0.496,0.374,0,10,15,1,1,42,0,42,65,high_vol_range,0.0,0,,,
2026-03-24T10:20:00+05:30,portfolio_hist,PREMIUM,SKIP,idle,22714.0,25.39,1.0,0.0,0.0,1.04,0.485,0.374,0,10,20,1,1,42,0,42,65,high_vol_range,0.0,0,,,
2026-03-24T10:25:00+05:30,portfolio_hist,PREMIUM,SKIP,idle,22760.0,25.4,1.0,0.0,0.0,1.04,0.283,0.374,0,10,25,1,1,49,0,49,65,high_vol_range,0.0,0,,,
2026-03-24T10:30:00+05:30,portfolio_hist,PREMIUM,SKIP,idle,22721.55,25.43,1.0,0.0,0.0,1.041,0.452,0.344,0,10,30,1,1,42,0,42,65,high_vol_range,0.0,0,,,
2026-03-24T10:35:00+05:30,portfolio_hist,PREMIUM,SKIP,idle,22660.9,25.5,1.0,0.0,0.0,1.04,0.717,0.421,0,10,35,1,1,37,0,37,65,high_vol_range,0.0,0,,,
2026-03-24T10:40:00+05:30,portfolio_hist,PREMIUM,SKIP,idle,22634.35,25.7,1.0,0.0,0.0,1.041,0.834,0.579,0,10,40,1,1,30,0,30,65,high_vol_range,0.0,0,,,
2026-03-24T10:45:00+05:30,portfolio_hist,PREMIUM,SKIP,idle,22665.9,25.59,1.0,0.0,0.0,1.041,0.696,0.579,0,10,45,1,1,30,0,30,65,high_vol_range,0.0,0,,,
2026-03-24T10:50:00+05:30,portfolio_hist,PREMIUM,SKIP,idle,22706.45,25.57,1.0,0.0,0.0,1.041,0.518,0.579,0,10,50,1,1,30,0,30,65,high_vol_range,0.0,0,,,
2026-03-24T10:55:00+05:30,portfolio_hist,PREMIUM,SKIP,idle,22672.8,25.67,1.0,0.0,0.0,1.041,0.665,0.565,0,10,55,1,1,30,0,30,65,high_vol_range,0.0,0,,,
2026-03-24T09:30:00+05:30,portfolio_hist,PREMIUM,SKIP,idle,22848.25,25.09,1.0,0.0,0.0,1.04,0.103,1.627,0,9,30,1,1,50,0,50,75,trending,0.0,0,,,
2026-03-24T09:35:00+05:30,portfolio_hist,PREMIUM,SKIP,idle,22819.1,25.18,1.0,0.0,0.0,1.04,0.024,1.627,0,9,35,1,1,50,0,50,75,trending,0.0,0,,,
2026-03-24T09:40:00+05:30,portfolio_hist,PREMIUM,SKIP,idle,22779.75,25.3,1.0,0.0,0.0,1.04,0.197,1.627,0,9,40,1,1,37,0,37,75,trending,0.0,0,,,
2026-03-24T09:45:00+05:30,portfolio_hist,PREMIUM,SKIP,idle,22719.05,25.47,1.0,0.0,0.0,1.04,0.463,0.505,0,9,45,1,1,35,0,35,75,high_vol_range,0.0,0,,,
2026-03-24T09:50:00+05:30,portfolio_hist,PREMIUM,SKIP,idle,22712.55,25.48,1.0,0.0,0.0,1.04,0.491,0.603,0,9,50,1,1,35,0,35,75,high_vol_range,0.0,0,,,
2026-03-24T09:55:00+05:30,portfolio_hist,PREMIUM,SKIP,idle,22755.45,25.34,1.0,0.0,0.0,1.04,0.303,0.603,0,9,55,1,1,35,0,35,75,high_vol_range,0.0,0,,,
2026-03-24T10:00:00+05:30,portfolio_hist,PREMIUM,SKIP,idle,22747.3,25.4,1.0,0.0,0.0,1.04,0.339,0.601,0,10,0,1,1,35,0,35,65,high_vol_range,0.0,0,,,
2026-03-24T10:05:00+05:30,portfolio_hist,PREMIUM,SKIP,idle,22715.0,25.54,1.0,0.0,0.0,1.041,0.48,0.517,0,10,5,1,1,35,0,35,65,high_vol_range,0.0,0,,,
2026-03-24T10:10:00+05:30,portfolio_hist,PREMIUM,SKIP,idle,22693.55,25.53,1.0,0.0,0.0,1.04,0.574,0.429,0,10,10,1,1,37,0,37,65,high_vol_range,0.0,0,,,
2026-03-24T10:15:00+05:30,portfolio_hist,PREMIUM,SKIP,idle,22711.4,25.5,1.0,0.0,0.0,1.04,0.496,0.374,0,10,15,1,1,42,0,42,65,high_vol_range,0.0,0,,,
2026-03-24T10:20:00+05:30,portfolio_hist,PREMIUM,SKIP,idle,22714.0,25.39,1.0,0.0,0.0,1.04,0.485,0.374,0,10,20,1,1,42,0,42,65,high_vol_range,0.0,0,,,
2026-03-24T10:25:00+05:30,portfolio_hist,PREMIUM,SKIP,idle,22760.0,25.4,1.0,0.0,0.0,1.04,0.283,0.374,0,10,25,1,1,49,0,49,65,high_vol_range,0.0,0,,,
2026-03-24T10:30:00+05:30,portfolio_hist,PREMIUM,SKIP,idle,22721.55,25.43,1.0,0.0,0.0,1.041,0.452,0.344,0,10,30,1,1,42,0,42,65,high_vol_range,0.0,0,,,
2026-03-24T10:35:00+05:30,portfolio_hist,PREMIUM,SKIP,idle,22660.9,25.5,1.0,0.0,0.0,1.04,0.717,0.421,0,10,35,1,1,37,0,37,65,high_vol_range,0.0,0,,,
2026-03-24T10:40:00+05:30,portfolio_hist,PREMIUM,SKIP,idle,22634.35,25.7,1.0,0.0,0.0,1.041,0.834,0.579,0,10,40,1,1,30,0,30,65,high_vol_range,0.0,0,,,
2026-03-24T10:45:00+05:30,portfolio_hist,PREMIUM,SKIP,idle,22665.9,25.59,1.0,0.0,0.0,1.041,0.696,0.579,0,10,45,1,1,30,0,30,65,high_vol_range,0.0,0,,,
2026-03-24T10:50:00+05:30,portfolio_hist,PREMIUM,SKIP,idle,22706.45,25.57,1.0,0.0,0.0,1.041,0.518,0.579,0,10,50,1,1,30,0,30,65,high_vol_range,0.0,0,,,
2026-03-24T10:55:00+05:30,portfolio_hist,PREMIUM,SKIP,idle,22672.8,25.67,1.0,0.0,0.0,1.041,0.665,0.565,0,10,55,1,1,30,0,30,65,high_vol_range,0.0,0,,,
2026-03-24T09:30:00+05:30,portfolio_hist,PREMIUM,SKIP,idle,22848.25,25.09,1.0,0.0,0.0,1.04,0.103,1.627,0,9,30,1,1,50,0,50,75,trending,0.0,0,,,
2026-03-24T09:35:00+05:30,portfolio_hist,PREMIUM,SKIP,idle,22819.1,25.18,1.0,0.0,0.0,1.04,0.024,1.627,0,9,35,1,1,50,0,50,75,trending,0.0,0,,,
2026-03-24T09:40:00+05:30,portfolio_hist,PREMIUM,SKIP,idle,22779.75,25.3,1.0,0.0,0.0,1.04,0.197,1.627,0,9,40,1,1,37,0,37,75,trending,0.0,0,,,
2026-03-24T09:45:00+05:30,portfolio_hist,PREMIUM,SKIP,idle,22719.05,25.47,1.0,0.0,0.0,1.04,0.463,0.505,0,9,45,1,1,35,0,35,75,high_vol_range,0.0,0,,,
2026-03-24T09:50:00+05:30,portfolio_hist,PREMIUM,SKIP,idle,22712.55,25.48,1.0,0.0,0.0,1.04,0.491,0.603,0,9,50,1,1,35,0,35,75,high_vol_range,0.0,0,,,
2026-03-24T09:55:00+05:30,portfolio_hist,PREMIUM,SKIP,idle,22755.45,25.34,1.0,0.0,0.0,1.04,0.303,0.603,0,9,55,1,1,35,0,35,75,high_vol_range,0.0,0,,,
2026-03-24T10:00:00+05:30,portfolio_hist,PREMIUM,SKIP,idle,22747.3,25.4,1.0,0.0,0.0,1.04,0.339,0.601,0,10,0,1,1,35,0,35,65,high_vol_range,0.0,0,,,
2026-03-24T10:05:00+05:30,portfolio_hist,PREMIUM,SKIP,idle,22715.0,25.54,1.0,0.0,0.0,1.041,0.48,0.517,0,10,5,1,1,35,0,35,65,high_vol_range,0.0,0,,,
2026-03-24T10:10:00+05:30,portfolio_hist,PREMIUM,SKIP,idle,22693.55,25.53,1.0,0.0,0.0,1.04,0.574,0.429,0,10,10,1,1,37,0,37,65,high_vol_range,0.0,0,,,
2026-03-24T10:15:00+05:30,portfolio_hist,PREMIUM,SKIP,idle,22711.4,25.5,1.0,0.0,0.0,1.04,0.496,0.374,0,10,15,1,1,42,0,42,65,high_vol_range,0.0,0,,,
2026-03-24T10:20:00+05:30,portfolio_hist,PREMIUM,SKIP,idle,22714.0,25.39,1.0,0.0,0.0,1.04,0.485,0.374,0,10,20,1,1,42,0,42,65,high_vol_range,0.0,0,,,
2026-03-24T10:25:00+05:30,portfolio_hist,PREMIUM,SKIP,idle,22760.0,25.4,1.0,0.0,0.0,1.04,0.283,0.374,0,10,25,1,1,49,0,49,65,high_vol_range,0.0,0,,,
2026-03-24T10:30:00+05:30,portfolio_hist,PREMIUM,SKIP,idle,22721.55,25.43,1.0,0.0,0.0,1.041,0.452,0.344,0,10,30,1,1,42,0,42,65,high_vol_range,0.0,0,,,
2026-03-24T10:35:00+05:30,portfolio_hist,PREMIUM,SKIP,idle,22660.9,25.5,1.0,0.0,0.0,1.04,0.717,0.421,0,10,35,1,1,37,0,37,65,high_vol_range,0.0,0,,,
2026-03-24T10:40:00+05:30,portfolio_hist,PREMIUM,SKIP,idle,22634.35,25.7,1.0,0.0,0.0,1.041,0.834,0.579,0,10,40,1,1,30,0,30,65,high_vol_range,0.0,0,,,
2026-03-24T10:45:00+05:30,portfolio_hist,PREMIUM,SKIP,idle,22665.9,25.59,1.0,0.0,0.0,1.041,0.696,0.579,0,10,45,1,1,30,0,30,65,high_vol_range,0.0,0,,,
2026-03-24T10:50:00+05:30,portfolio_hist,PREMIUM,SKIP,idle,22706.45,25.57,1.0,0.0,0.0,1.041,0.518,0.579,0,10,50,1,1,30,0,30,65,high_vol_range,0.0,0,,,
2026-03-24T10:55:00+05:30,portfolio_hist,PREMIUM,SKIP,idle,22672.8,25.67,1.0,0.0,0.0,1.041,0.665,0.565,0,10,55,1,1,30,0,30,65,high_vol_range,0.0,0,,,
2026-03-24T09:30:00+05:30,portfolio_hist,PREMIUM,SKIP,idle,22848.25,25.09,1.0,0.0,0.0,1.04,0.103,1.627,0,9,30,1,1,50,0,50,75,trending,0.0,0,,,
2026-03-24T09:35:00+05:30,portfolio_hist,PREMIUM,SKIP,idle,22819.1,25.18,1.0,0.0,0.0,1.04,0.024,1.627,0,9,35,1,1,50,0,50,75,trending,0.0,0,,,
2026-03-24T09:40:00+05:30,portfolio_hist,PREMIUM,SKIP,idle,22779.75,25.3,1.0,0.0,0.0,1.04,0.197,1.627,0,9,40,1,1,37,0,37,75,trending,0.0,0,,,
2026-03-24T09:45:00+05:30,portfolio_hist,PREMIUM,SKIP,idle,22719.05,25.47,1.0,0.0,0.0,1.04,0.463,0.505,0,9,45,1,1,35,0,35,75,high_vol_range,0.0,0,,,
2026-03-24T09:50:00+05:30,portfolio_hist,PREMIUM,SKIP,idle,22712.55,25.48,1.0,0.0,0.0,1.04,0.491,0.603,0,9,50,1,1,35,0,35,75,high_vol_range,0.0,0,,,
2026-03-24T09:55:00+05:30,portfolio_hist,PREMIUM,SKIP,idle,22755.45,25.34,1.0,0.0,0.0,1.04,0.303,0.603,0,9,55,1,1,35,0,35,75,high_vol_range,0.0,0,,,
2026-03-24T10:00:00+05:30,portfolio_hist,PREMIUM,SKIP,idle,22747.3,25.4,1.0,0.0,0.0,1.04,0.339,0.601,0,10,0,1,1,35,0,35,65,high_vol_range,0.0,0,,,
2026-03-24T10:05:00+05:30,portfolio_hist,PREMIUM,SKIP,idle,22715.0,25.54,1.0,0.0,0.0,1.041,0.48,0.517,0,10,5,1,1,35,0,35,65,high_vol_range,0.0,0,,,
2026-03-24T10:10:00+05:30,portfolio_hist,PREMIUM,SKIP,idle,22693.55,25.53,1.0,0.0,0.0,1.04,0.574,0.429,0,10,10,1,1,37,0,37,65,high_vol_range,0.0,0,,,
2026-03-24T10:15:00+05:30,portfolio_hist,PREMIUM,SKIP,idle,22711.4,25.5,1.0,0.0,0.0,1.04,0.496,0.374,0,10,15,1,1,42,0,42,65,high_vol_range,0.0,0,,,
2026-03-24T10:20:00+05:30,portfolio_hist,PREMIUM,SKIP,idle,22714.0,25.39,1.0,0.0,0.0,1.04,0.485,0.374,0,10,20,1,1,42,0,42,65,high_vol_range,0.0,0,,,
2026-03-24T10:25:00+05:30,portfolio_hist,PREMIUM,SKIP,idle,22760.0,25.4,1.0,0.0,0.0,1.04,0.283,0.374,0,10,25,1,1,49,0,49,65,high_vol_range,0.0,0,,,
2026-03-24T10:30:00+05:30,portfolio_hist,PREMIUM,SKIP,idle,22721.55,25.43,1.0,0.0,0.0,1.041,0.452,0.344,0,10,30,1,1,42,0,42,65,high_vol_range,0.0,0,,,
2026-03-24T10:35:00+05:30,portfolio_hist,PREMIUM,SKIP,idle,22660.9,25.5,1.0,0.0,0.0,1.04,0.717,0.421,0,10,35,1,1,37,0,37,65,high_vol_range,0.0,0,,,
2026-03-24T10:40:00+05:30,portfolio_hist,PREMIUM,SKIP,idle,22634.35,25.7,1.0,0.0,0.0,1.041,0.834,0.579,0,10,40,1,1,30,0,30,65,high_vol_range,0.0,0,,,
2026-03-24T10:45:00+05:30,portfolio_hist,PREMIUM,SKIP,idle,22665.9,25.59,1.0,0.0,0.0,1.041,0.696,0.579,0,10,45,1,1,30,0,30,65,high_vol_range,0.0,0,,,
2026-03-24T10:50:00+05:30,portfolio_hist,PREMIUM,SKIP,idle,22706.45,25.57,1.0,0.0,0.0,1.041,0.518,0.579,0,10,50,1,1,30,0,30,65,high_vol_range,0.0,0,,,
2026-03-24T10:55:00+05:30,portfolio_hist,PREMIUM,SKIP,idle,22672.8,25.67,1.0,0.0,0.0,1.041,0.665,0.565,0,10,55,1,1,30,0,30,65,high_vol_range,0.0,0,,,
2026-03-24T09:30:00+05:30,portfolio_hist,PREMIUM,SKIP,idle,22848.25,25.09,1.0,0.0,0.0,1.04,0.103,1.627,0,9,30,1,1,50,0,50,75,trending,0.0,0,,,
2026-03-24T09:35:00+05:30,portfolio_hist,PREMIUM,SKIP,idle,22819.1,25.18,1.0,0.0,0.0,1.04,0.024,1.627,0,9,35,1,1,50,0,50,75,trending,0.0,0,,,
2026-03-24T09:40:00+05:30,portfolio_hist,PREMIUM,SKIP,idle,22779.75,25.3,1.0,0.0,0.0,1.04,0.197,1.627,0,9,40,1,1,37,0,37,75,trending,0.0,0,,,
2026-03-24T09:45:00+05:30,portfolio_hist,PREMIUM,SKIP,idle,22719.05,25.47,1.0,0.0,0.0,1.04,0.463,0.505,0,9,45,1,1,35,0,35,75,high_vol_range,0.0,0,,,
2026-03-24T09:50:00+05:30,portfolio_hist,PREMIUM,SKIP,idle,22712.55,25.48,1.0,0.0,0.0,1.04,0.491,0.603,0,9,50,1,1,35,0,35,75,high_vol_range,0.0,0,,,
2026-03-24T09:55:00+05:30,portfolio_hist,PREMIUM,SKIP,idle,22755.45,25.34,1.0,0.0,0.0,1.04,0.303,0.603,0,9,55,1,1,35,0,35,75,high_vol_range,0.0,0,,,
2026-03-24T10:00:00+05:30,portfolio_hist,PREMIUM,SKIP,idle,22747.3,25.4,1.0,0.0,0.0,1.04,0.339,0.601,0,10,0,1,1,35,0,35,65,high_vol_range,0.0,0,,,
2026-03-24T10:05:00+05:30,portfolio_hist,PREMIUM,SKIP,idle,22715.0,25.54,1.0,0.0,0.0,1.041,0.48,0.517,0,10,5,1,1,35,0,35,65,high_vol_range,0.0,0,,,
2026-03-24T10:10:00+05:30,portfolio_hist,PREMIUM,SKIP,idle,22693.55,25.53,1.0,0.0,0.0,1.04,0.574,0.429,0,10,10,1,1,37,0,37,65,high_vol_range,0.0,0,,,
2026-03-24T10:15:00+05:30,portfolio_hist,PREMIUM,SKIP,idle,22711.4,25.5,1.0,0.0,0.0,1.04,0.496,0.374,0,10,15,1,1,42,0,42,65,high_vol_range,0.0,0,,,
2026-03-24T10:20:00+05:30,portfolio_hist,PREMIUM,SKIP,idle,22714.0,25.39,1.0,0.0,0.0,1.04,0.485,0.374,0,10,20,1,1,42,0,42,65,high_vol_range,0.0,0,,,
2026-03-24T10:25:00+05:30,portfolio_hist,PREMIUM,SKIP,idle,22760.0,25.4,1.0,0.0,0.0,1.04,0.283,0.374,0,10,25,1,1,49,0,49,65,high_vol_range,0.0,0,,,
2026-03-24T10:30:00+05:30,portfolio_hist,PREMIUM,SKIP,idle,22721.55,25.43,1.0,0.0,0.0,1.041,0.452,0.344,0,10,30,1,1,42,0,42,65,high_vol_range,0.0,0,,,
2026-03-24T10:35:00+05:30,portfolio_hist,PREMIUM,SKIP,idle,22660.9,25.5,1.0,0.0,0.0,1.04,0.717,0.421,0,10,35,1,1,37,0,37,65,high_vol_range,0.0,0,,,
2026-03-24T10:40:00+05:30,portfolio_hist,PREMIUM,SKIP,idle,22634.35,25.7,1.0,0.0,0.0,1.041,0.834,0.579,0,10,40,1,1,30,0,30,65,high_vol_range,0.0,0,,,
2026-03-24T10:45:00+05:30,portfolio_hist,PREMIUM,SKIP,idle,22665.9,25.59,1.0,0.0,0.0,1.041,0.696,0.579,0,10,45,1,1,30,0,30,65,high_vol_range,0.0,0,,,
2026-03-24T10:50:00+05:30,portfolio_hist,PREMIUM,SKIP,idle,22706.45,25.57,1.0,0.0,0.0,1.041,0.518,0.579,0,10,50,1,1,30,0,30,65,high_vol_range,0.0,0,,,
2026-03-24T10:55:00+05:30,portfolio_hist,PREMIUM,SKIP,idle,22672.8,25.67,1.0,0.0,0.0,1.041,0.665,0.565,0,10,55,1,1,30,0,30,65,high_vol_range,0.0,0,,,
2026-03-24T09:30:00+05:30,portfolio_hist,PREMIUM,SKIP,idle,22848.25,25.09,1.0,0.0,0.0,1.04,0.103,1.627,0,9,30,1,1,50,0,50,75,trending,0.0,0,,,
2026-03-24T09:35:00+05:30,portfolio_hist,PREMIUM,SKIP,idle,22819.1,25.18,1.0,0.0,0.0,1.04,0.024,1.627,0,9,35,1,1,50,0,50,75,trending,0.0,0,,,
2026-03-24T09:40:00+05:30,portfolio_hist,PREMIUM,SKIP,idle,22779.75,25.3,1.0,0.0,0.0,1.04,0.197,1.627,0,9,40,1,1,37,0,37,75,trending,0.0,0,,,
2026-03-24T09:45:00+05:30,portfolio_hist,PREMIUM,SKIP,idle,22719.05,25.47,1.0,0.0,0.0,1.04,0.463,0.505,0,9,45,1,1,35,0,35,75,high_vol_range,0.0,0,,,
2026-03-24T09:50:00+05:30,portfolio_hist,PREMIUM,SKIP,idle,22712.55,25.48,1.0,0.0,0.0,1.04,0.491,0.603,0,9,50,1,1,35,0,35,75,high_vol_range,0.0,0,,,
2026-03-24T09:55:00+05:30,portfolio_hist,PREMIUM,SKIP,idle,22755.45,25.34,1.0,0.0,0.0,1.04,0.303,0.603,0,9,55,1,1,35,0,35,75,high_vol_range,0.0,0,,,
2026-03-24T10:00:00+05:30,portfolio_hist,PREMIUM,SKIP,idle,22747.3,25.4,1.0,0.0,0.0,1.04,0.339,0.601,0,10,0,1,1,35,0,35,65,high_vol_range,0.0,0,,,
2026-03-24T10:05:00+05:30,portfolio_hist,PREMIUM,SKIP,idle,22715.0,25.54,1.0,0.0,0.0,1.041,0.48,0.517,0,10,5,1,1,35,0,35,65,high_vol_range,0.0,0,,,
2026-03-24T10:10:00+05:30,portfolio_hist,PREMIUM,SKIP,idle,22693.55,25.53,1.0,0.0,0.0,1.04,0.574,0.429,0,10,10,1,1,37,0,37,65,high_vol_range,0.0,0,,,
2026-03-24T10:15:00+05:30,portfolio_hist,PREMIUM,SKIP,idle,22711.4,25.5,1.0,0.0,0.0,1.04,0.496,0.374,0,10,15,1,1,42,0,42,65,high_vol_range,0.0,0,,,
2026-03-24T10:20:00+05:30,portfolio_hist,PREMIUM,SKIP,idle,22714.0,25.39,1.0,0.0,0.0,1.04,0.485,0.374,0,10,20,1,1,42,0,42,65,high_vol_range,0.0,0,,,
2026-03-24T10:25:00+05:30,portfolio_hist,PREMIUM,SKIP,idle,22760.0,25.4,1.0,0.0,0.0,1.04,0.283,0.374,0,10,25,1,1,49,0,49,65,high_vol_range,0.0,0,,,
2026-03-24T10:30:00+05:30,portfolio_hist,PREMIUM,SKIP,idle,22721.55,25.43,1.0,0.0,0.0,1.041,0.452,0.344,0,10,30,1,1,42,0,42,65,high_vol_range,0.0,0,,,
2026-03-24T10:35:00+05:30,portfolio_hist,PREMIUM,SKIP,idle,22660.9,25.5,1.0,0.0,0.0,1.04,0.717,0.421,0,10,35,1,1,37,0,37,65,high_vol_range,0.0,0,,,
2026-03-24T10:40:00+05:30,portfolio_hist,PREMIUM,SKIP,idle,22634.35,25.7,1.0,0.0,0.0,1.041,0.834,0.579,0,10,40,1,1,30,0,30,65,high_vol_range,0.0,0,,,
2026-03-24T10:45:00+05:30,portfolio_hist,PREMIUM,SKIP,idle,22665.9,25.59,1.0,0.0,0.0,1.041,0.696,0.579,0,10,45,1,1,30,0,30,65,high_vol_range,0.0,0,,,
2026-03-24T10:50:00+05:30,portfolio_hist,PREMIUM,SKIP,idle,22706.45,25.57,1.0,0.0,0.0,1.041,0.518,0.579,0,10,50,1,1,30,0,30,65,high_vol_range,0.0,0,,,
2026-03-24T10:55:00+05:30,portfolio_hist,PREMIUM,SKIP,idle,22672.8,25.67,1.0,0.0,0.0,1.041,0.665,0.565,0,10,55,1,1,30,0,30,65,high_vol_range,0.0,0,,,
2026-03-24T09:30:00+05:30,portfolio_hist,PREMIUM,SKIP,idle,22848.25,25.09,1.0,0.0,0.0,1.04,0.103,1.627,0,9,30,1,1,50,0,50,75,trending,0.0,0,,,
2026-03-24T09:35:00+05:30,portfolio_hist,PREMIUM,SKIP,idle,22819.1,25.18,1.0,0.0,0.0,1.04,0.024,1.627,0,9,35,1,1,50,0,50,75,trending,0.0,0,,,
2026-03-24T09:40:00+05:30,portfolio_hist,PREMIUM,SKIP,idle,22779.75,25.3,1.0,0.0,0.0,1.04,0.197,1.627,0,9,40,1,1,37,0,37,75,trending,0.0,0,,,
2026-03-24T09:45:00+05:30,portfolio_hist,PREMIUM,SKIP,idle,22719.05,25.47,1.0,0.0,0.0,1.04,0.463,0.505,0,9,45,1,1,35,0,35,75,high_vol_range,0.0,0,,,
2026-03-24T09:50:00+05:30,portfolio_hist,PREMIUM,SKIP,idle,22712.55,25.48,1.0,0.0,0.0,1.04,0.491,0.603,0,9,50,1,1,35,0,35,75,high_vol_range,0.0,0,,,
2026-03-24T09:55:00+05:30,portfolio_hist,PREMIUM,SKIP,idle,22755.45,25.34,1.0,0.0,0.0,1.04,0.303,0.603,0,9,55,1,1,35,0,35,75,high_vol_range,0.0,0,,,
2026-03-24T10:00:00+05:30,portfolio_hist,PREMIUM,SKIP,idle,22747.3,25.4,1.0,0.0,0.0,1.04,0.339,0.601,0,10,0,1,1,35,0,35,65,high_vol_range,0.0,0,,,
2026-03-24T10:05:00+05:30,portfolio_hist,PREMIUM,SKIP,idle,22715.0,25.54,1.0,0.0,0.0,1.041,0.48,0.517,0,10,5,1,1,35,0,35,65,high_vol_range,0.0,0,,,
2026-03-24T10:10:00+05:30,portfolio_hist,PREMIUM,SKIP,idle,22693.55,25.53,1.0,0.0,0.0,1.04,0.574,0.429,0,10,10,1,1,37,0,37,65,high_vol_range,0.0,0,,,
2026-03-24T10:15:00+05:30,portfolio_hist,PREMIUM,SKIP,idle,22711.4,25.5,1.0,0.0,0.0,1.04,0.496,0.374,0,10,15,1,1,42,0,42,65,high_vol_range,0.0,0,,,
2026-03-24T10:20:00+05:30,portfolio_hist,PREMIUM,SKIP,idle,22714.0,25.39,1.0,0.0,0.0,1.04,0.485,0.374,0,10,20,1,1,42,0,42,65,high_vol_range,0.0,0,,,
2026-03-24T10:25:00+05:30,portfolio_hist,PREMIUM,SKIP,idle,22760.0,25.4,1.0,0.0,0.0,1.04,0.283,0.374,0,10,25,1,1,49,0,49,65,high_vol_range,0.0,0,,,
2026-03-24T10:30:00+05:30,portfolio_hist,PREMIUM,SKIP,idle,22721.55,25.43,1.0,0.0,0.0,1.041,0.452,0.344,0,10,30,1,1,42,0,42,65,high_vol_range,0.0,0,,,
2026-03-24T10:35:00+05:30,portfolio_hist,PREMIUM,SKIP,idle,22660.9,25.5,1.0,0.0,0.0,1.04,0.717,0.421,0,10,35,1,1,37,0,37,65,high_vol_range,0.0,0,,,
2026-03-24T10:40:00+05:30,portfolio_hist,PREMIUM,SKIP,idle,22634.35,25.7,1.0,0.0,0.0,1.041,0.834,0.579,0,10,40,1,1,30,0,30,65,high_vol_range,0.0,0,,,
2026-03-24T10:45:00+05:30,portfolio_hist,PREMIUM,SKIP,idle,22665.9,25.59,1.0,0.0,0.0,1.041,0.696,0.579,0,10,45,1,1,30,0,30,65,high_vol_range,0.0,0,,,
2026-03-24T10:50:00+05:30,portfolio_hist,PREMIUM,SKIP,idle,22706.45,25.57,1.0,0.0,0.0,1.041,0.518,0.579,0,10,50,1,1,30,0,30,65,high_vol_range,0.0,0,,,
2026-03-24T10:55:00+05:30,portfolio_hist,PREMIUM,SKIP,idle,22672.8,25.67,1.0,0.0,0.0,1.041,0.665,0.565,0,10,55,1,1,30,0,30,65,high_vol_range,0.0,0,,,
2026-03-24T09:30:00+05:30,portfolio_hist,PREMIUM,SKIP,idle,22848.25,25.09,1.0,0.0,0.0,1.04,0.103,1.627,0,9,30,1,1,50,0,50,75,trending,0.0,0,,,
2026-03-24T09:35:00+05:30,portfolio_hist,PREMIUM,SKIP,idle,22819.1,25.18,1.0,0.0,0.0,1.04,0.024,1.627,0,9,35,1,1,50,0,50,75,trending,0.0,0,,,
2026-03-24T09:40:00+05:30,portfolio_hist,PREMIUM,SKIP,idle,22779.75,25.3,1.0,0.0,0.0,1.04,0.197,1.627,0,9,40,1,1,37,0,37,75,trending,0.0,0,,,
2026-03-24T09:45:00+05:30,portfolio_hist,PREMIUM,SKIP,idle,22719.05,25.47,1.0,0.0,0.0,1.04,0.463,0.505,0,9,45,1,1,35,0,35,75,high_vol_range,0.0,0,,,
2026-03-24T09:50:00+05:30,portfolio_hist,PREMIUM,SKIP,idle,22712.55,25.48,1.0,0.0,0.0,1.04,0.491,0.603,0,9,50,1,1,35,0,35,75,high_vol_range,0.0,0,,,
2026-03-24T09:55:00+05:30,portfolio_hist,PREMIUM,SKIP,idle,22755.45,25.34,1.0,0.0,0.0,1.04,0.303,0.603,0,9,55,1,1,35,0,35,75,high_vol_range,0.0,0,,,
2026-03-24T10:00:00+05:30,portfolio_hist,PREMIUM,SKIP,idle,22747.3,25.4,1.0,0.0,0.0,1.04,0.339,0.601,0,10,0,1,1,35,0,35,65,high_vol_range,0.0,0,,,
2026-03-24T10:05:00+05:30,portfolio_hist,PREMIUM,SKIP,idle,22715.0,25.54,1.0,0.0,0.0,1.041,0.48,0.517,0,10,5,1,1,35,0,35,65,high_vol_range,0.0,0,,,
2026-03-24T10:10:00+05:30,portfolio_hist,PREMIUM,SKIP,idle,22693.55,25.53,1.0,0.0,0.0,1.04,0.574,0.429,0,10,10,1,1,37,0,37,65,high_vol_range,0.0,0,,,
2026-03-24T10:15:00+05:30,portfolio_hist,PREMIUM,SKIP,idle,22711.4,25.5,1.0,0.0,0.0,1.04,0.496,0.374,0,10,15,1,1,42,0,42,65,high_vol_range,0.0,0,,,
2026-03-24T10:20:00+05:30,portfolio_hist,PREMIUM,SKIP,idle,22714.0,25.39,1.0,0.0,0.0,1.04,0.485,0.374,0,10,20,1,1,42,0,42,65,high_vol_range,0.0,0,,,
2026-03-24T10:25:00+05:30,portfolio_hist,PREMIUM,SKIP,idle,22760.0,25.4,1.0,0.0,0.0,1.04,0.283,0.374,0,10,25,1,1,49,0,49,65,high_vol_range,0.0,0,,,
2026-03-24T10:30:00+05:30,portfolio_hist,PREMIUM,SKIP,idle,22721.55,25.43,1.0,0.0,0.0,1.041,0.452,0.344,0,10,30,1,1,42,0,42,65,high_vol_range,0.0,0,,,
2026-03-24T10:35:00+05:30,portfolio_hist,PREMIUM,SKIP,idle,22660.9,25.5,1.0,0.0,0.0,1.04,0.717,0.421,0,10,35,1,1,37,0,37,65,high_vol_range,0.0,0,,,
2026-03-24T10:40:00+05:30,portfolio_hist,PREMIUM,SKIP,idle,22634.35,25.7,1.0,0.0,0.0,1.041,0.834,0.579,0,10,40,1,1,30,0,30,65,high_vol_range,0.0,0,,,
2026-03-24T10:45:00+05:30,portfolio_hist,PREMIUM,SKIP,idle,22665.9,25.59,1.0,0.0,0.0,1.041,0.696,0.579,0,10,45,1,1,30,0,30,65,high_vol_range,0.0,0,,,
2026-03-24T10:50:00+05:30,portfolio_hist,PREMIUM,SKIP,idle,22706.45,25.57,1.0,0.0,0.0,1.041,0.518,0.579,0,10,50,1,1,30,0,30,65,high_vol_range,0.0,0,,,
2026-03-24T10:55:00+05:30,portfolio_hist,PREMIUM,SKIP,idle,22672.8,25.67,1.0,0.0,0.0,1.041,0.665,0.565,0,10,55,1,1,30,0,30,65,high_vol_range,0.0,0,,,
2026-03-24T09:30:00+05:30,portfolio_hist,PREMIUM,SKIP,idle,22848.25,25.09,1.0,0.0,0.0,1.04,0.103,1.627,0,9,30,1,1,50,0,50,75,trending,0.0,0,,,
2026-03-24T09:35:00+05:30,portfolio_hist,PREMIUM,SKIP,idle,22819.1,25.18,1.0,0.0,0.0,1.04,0.024,1.627,0,9,35,1,1,50,0,50,75,trending,0.0,0,,,
2026-03-24T09:40:00+05:30,portfolio_hist,PREMIUM,SKIP,idle,22779.75,25.3,1.0,0.0,0.0,1.04,0.197,1.627,0,9,40,1,1,37,0,37,75,trending,0.0,0,,,
2026-03-24T09:45:00+05:30,portfolio_hist,PREMIUM,SKIP,idle,22719.05,25.47,1.0,0.0,0.0,1.04,0.463,0.505,0,9,45,1,1,35,0,35,75,high_vol_range,0.0,0,,,
2026-03-24T09:50:00+05:30,portfolio_hist,PREMIUM,SKIP,idle,22712.55,25.48,1.0,0.0,0.0,1.04,0.491,0.603,0,9,50,1,1,35,0,35,75,high_vol_range,0.0,0,,,
2026-03-24T09:55:00+05:30,portfolio_hist,PREMIUM,SKIP,idle,22755.45,25.34,1.0,0.0,0.0,1.04,0.303,0.603,0,9,55,1,1,35,0,35,75,high_vol_range,0.0,0,,,
2026-03-24T10:00:00+05:30,portfolio_hist,PREMIUM,SKIP,idle,22747.3,25.4,1.0,0.0,0.0,1.04,0.339,0.601,0,10,0,1,1,35,0,35,65,high_vol_range,0.0,0,,,
2026-03-24T10:05:00+05:30,portfolio_hist,PREMIUM,SKIP,idle,22715.0,25.54,1.0,0.0,0.0,1.041,0.48,0.517,0,10,5,1,1,35,0,35,65,high_vol_range,0.0,0,,,
2026-03-24T10:10:00+05:30,portfolio_hist,PREMIUM,SKIP,idle,22693.55,25.53,1.0,0.0,0.0,1.04,0.574,0.429,0,10,10,1,1,37,0,37,65,high_vol_range,0.0,0,,,
2026-03-24T10:15:00+05:30,portfolio_hist,PREMIUM,SKIP,idle,22711.4,25.5,1.0,0.0,0.0,1.04,0.496,0.374,0,10,15,1,1,42,0,42,65,high_vol_range,0.0,0,,,
2026-03-24T10:20:00+05:30,portfolio_hist,PREMIUM,SKIP,idle,22714.0,25.39,1.0,0.0,0.0,1.04,0.485,0.374,0,10,20,1,1,42,0,42,65,high_vol_range,0.0,0,,,
2026-03-24T10:25:00+05:30,portfolio_hist,PREMIUM,SKIP,idle,22760.0,25.4,1.0,0.0,0.0,1.04,0.283,0.374,0,10,25,1,1,49,0,49,65,high_vol_range,0.0,0,,,
2026-03-24T10:30:00+05:30,portfolio_hist,PREMIUM,SKIP,idle,22721.55,25.43,1.0,0.0,0.0,1.041,0.452,0.344,0,10,30,1,1,42,0,42,65,high_vol_range,0.0,0,,,
2026-03-24T10:35:00+05:30,portfolio_hist,PREMIUM,SKIP,idle,22660.9,25.5,1.0,0.0,0.0,1.04,0.717,0.421,0,10,35,1,1,37,0,37,65,high_vol_range,0.0,0,,,
2026-03-24T10:40:00+05:30,portfolio_hist,PREMIUM,SKIP,idle,22634.35,25.7,1.0,0.0,0.0,1.041,0.834,0.579,0,10,40,1,1,30,0,30,65,high_vol_range,0.0,0,,,
2026-03-24T10:45:00+05:30,portfolio_hist,PREMIUM,SKIP,idle,22665.9,25.59,1.0,0.0,0.0,1.041,0.696,0.579,0,10,45,1,1,30,0,30,65,high_vol_range,0.0,0,,,
2026-03-24T10:50:00+05:30,portfolio_hist,PREMIUM,SKIP,idle,22706.45,25.57,1.0,0.0,0.0,1.041,0.518,0.579,0,10,50,1,1,30,0,30,65,high_vol_range,0.0,0,,,
2026-03-24T10:55:00+05:30,portfolio_hist,PREMIUM,SKIP,idle,22672.8,25.67,1.0,0.0,0.0,1.041,0.665,0.565,0,10,55,1,1,30,0,30,65,high_vol_range,0.0,0,,,
2026-03-24T09:30:00+05:30,portfolio_hist,PREMIUM,SKIP,idle,22848.25,25.09,1.0,0.0,0.0,1.04,0.103,1.627,0,9,30,1,1,50,0,50,75,trending,0.0,0,,,
2026-03-24T09:35:00+05:30,portfolio_hist,PREMIUM,SKIP,idle,22819.1,25.18,1.0,0.0,0.0,1.04,0.024,1.627,0,9,35,1,1,50,0,50,75,trending,0.0,0,,,
2026-03-24T09:40:00+05:30,portfolio_hist,PREMIUM,SKIP,idle,22779.75,25.3,1.0,0.0,0.0,1.04,0.197,1.627,0,9,40,1,1,37,0,37,75,trending,0.0,0,,,
2026-03-24T09:45:00+05:30,portfolio_hist,PREMIUM,SKIP,idle,22719.05,25.47,1.0,0.0,0.0,1.04,0.463,0.505,0,9,45,1,1,35,0,35,75,high_vol_range,0.0,0,,,
2026-03-24T09:50:00+05:30,portfolio_hist,PREMIUM,SKIP,idle,22712.55,25.48,1.0,0.0,0.0,1.04,0.491,0.603,0,9,50,1,1,35,0,35,75,high_vol_range,0.0,0,,,
2026-03-24T09:55:00+05:30,portfolio_hist,PREMIUM,SKIP,idle,22755.45,25.34,1.0,0.0,0.0,1.04,0.303,0.603,0,9,55,1,1,35,0,35,75,high_vol_range,0.0,0,,,
2026-03-24T10:00:00+05:30,portfolio_hist,PREMIUM,SKIP,idle,22747.3,25.4,1.0,0.0,0.0,1.04,0.339,0.601,0,10,0,1,1,35,0,35,65,high_vol_range,0.0,0,,,
2026-03-24T10:05:00+05:30,portfolio_hist,PREMIUM,SKIP,idle,22715.0,25.54,1.0,0.0,0.0,1.041,0.48,0.517,0,10,5,1,1,35,0,35,65,high_vol_range,0.0,0,,,
2026-03-24T10:10:00+05:30,portfolio_hist,PREMIUM,SKIP,idle,22693.55,25.53,1.0,0.0,0.0,1.04,0.574,0.429,0,10,10,1,1,37,0,37,65,high_vol_range,0.0,0,,,
2026-03-24T10:15:00+05:30,portfolio_hist,PREMIUM,SKIP,idle,22711.4,25.5,1.0,0.0,0.0,1.04,0.496,0.374,0,10,15,1,1,42,0,42,65,high_vol_range,0.0,0,,,
2026-03-24T10:20:00+05:30,portfolio_hist,PREMIUM,SKIP,idle,22714.0,25.39,1.0,0.0,0.0,1.04,0.485,0.374,0,10,20,1,1,42,0,42,65,high_vol_range,0.0,0,,,
2026-03-24T10:25:00+05:30,portfolio_hist,PREMIUM,SKIP,idle,22760.0,25.4,1.0,0.0,0.0,1.04,0.283,0.374,0,10,25,1,1,49,0,49,65,high_vol_range,0.0,0,,,
2026-03-24T10:30:00+05:30,portfolio_hist,PREMIUM,SKIP,idle,22721.55,25.43,1.0,0.0,0.0,1.041,0.452,0.344,0,10,30,1,1,42,0,42,65,high_vol_range,0.0,0,,,
2026-03-24T10:35:00+05:30,portfolio_hist,PREMIUM,SKIP,idle,22660.9,25.5,1.0,0.0,0.0,1.04,0.717,0.421,0,10,35,1,1,37,0,37,65,high_vol_range,0.0,0,,,
2026-03-24T10:40:00+05:30,portfolio_hist,PREMIUM,SKIP,idle,22634.35,25.7,1.0,0.0,0.0,1.041,0.834,0.579,0,10,40,1,1,30,0,30,65,high_vol_range,0.0,0,,,
2026-03-24T10:45:00+05:30,portfolio_hist,PREMIUM,SKIP,idle,22665.9,25.59,1.0,0.0,0.0,1.041,0.696,0.579,0,10,45,1,1,30,0,30,65,high_vol_range,0.0,0,,,
2026-03-24T10:50:00+05:30,portfolio_hist,PREMIUM,SKIP,idle,22706.45,25.57,1.0,0.0,0.0,1.041,0.518,0.579,0,10,50,1,1,30,0,30,65,high_vol_range,0.0,0,,,
2026-03-24T10:55:00+05:30,portfolio_hist,PREMIUM,SKIP,idle,22672.8,25.67,1.0,0.0,0.0,1.041,0.665,0.565,0,10,55,1,1,30,0,30,65,high_vol_range,0.0,0,,,
2026-03-24T09:30:00+05:30,portfolio_hist,PREMIUM,SKIP,idle,22848.25,25.09,1.0,0.0,0.0,1.04,0.103,1.627,0,9,30,1,1,50,0,50,75,trending,0.0,0,,,
2026-03-24T09:35:00+05:30,portfolio_hist,PREMIUM,SKIP,idle,22819.1,25.18,1.0,0.0,0.0,1.04,0.024,1.627,0,9,35,1,1,50,0,50,75,trending,0.0,0,,,
2026-03-24T09:40:00+05:30,portfolio_hist,PREMIUM,SKIP,idle,22779.75,25.3,1.0,0.0,0.0,1.04,0.197,1.627,0,9,40,1,1,37,0,37,75,trending,0.0,0,,,
2026-03-24T09:45:00+05:30,portfolio_hist,PREMIUM,SKIP,idle,22719.05,25.47,1.0,0.0,0.0,1.04,0.463,0.505,0,9,45,1,1,35,0,35,75,high_vol_range,0.0,0,,,
2026-03-24T09:50:00+05:30,portfolio_hist,PREMIUM,SKIP,idle,22712.55,25.48,1.0,0.0,0.0,1.04,0.491,0.603,0,9,50,1,1,35,0,35,75,high_vol_range,0.0,0,,,
2026-03-24T09:55:00+05:30,portfolio_hist,PREMIUM,SKIP,idle,22755.45,25.34,1.0,0.0,0.0,1.04,0.303,0.603,0,9,55,1,1,35,0,35,75,high_vol_range,0.0,0,,,
2026-03-24T10:00:00+05:30,portfolio_hist,PREMIUM,SKIP,idle,22747.3,25.4,1.0,0.0,0.0,1.04,0.339,0.601,0,10,0,1,1,35,0,35,65,high_vol_range,0.0,0,,,
2026-03-24T10:05:00+05:30,portfolio_hist,PREMIUM,SKIP,idle,22715.0,25.54,1.0,0.0,0.0,1.041,0.48,0.517,0,10,5,1,1,35,0,35,65,high_vol_range,0.0,0,,,
2026-03-24T10:10:00+05:30,portfolio_hist,PREMIUM,SKIP,idle,22693.55,25.53,1.0,0.0,0.0,1.04,0.574,0.429,0,10,10,1,1,37,0,37,65,high_vol_range,0.0,0,,,
2026-03-24T10:15:00+05:30,portfolio_hist,PREMIUM,SKIP,idle,22711.4,25.5,1.0,0.0,0.0,1.04,0.496,0.374,0,10,15,1,1,42,0,42,65,high_vol_range,0.0,0,,,
2026-03-24T10:20:00+05:30,portfolio_hist,PREMIUM,SKIP,idle,22714.0,25.39,1.0,0.0,0.0,1.04,0.485,0.374,0,10,20,1,1,42,0,42,65,high_vol_range,0.0,0,,,
2026-03-24T10:25:00+05:30,portfolio_hist,PREMIUM,SKIP,idle,22760.0,25.4,1.0,0.0,0.0,1.04,0.283,0.374,0,10,25,1,1,49,0,49,65,high_vol_range,0.0,0,,,
2026-03-24T10:30:00+05:30,portfolio_hist,PREMIUM,SKIP,idle,22721.55,25.43,1.0,0.0,0.0,1.041,0.452,0.344,0,10,30,1,1,42,0,42,65,high_vol_range,0.0,0,,,
2026-03-24T10:35:00+05:30,portfolio_hist,PREMIUM,SKIP,idle,22660.9,25.5,1.0,0.0,0.0,1.04,0.717,0.421,0,10,35,1,1,37,0,37,65,high_vol_range,0.0,0,,,
2026-03-24T10:40:00+05:30,portfolio_hist,PREMIUM,SKIP,idle,22634.35,25.7,1.0,0.0,0.0,1.041,0.834,0.579,0,10,40,1,1,30,0,30,65,high_vol_range,0.0,0,,,
2026-03-24T10:45:00+05:30,portfolio_hist,PREMIUM,SKIP,idle,22665.9,25.59,1.0,0.0,0.0,1.041,0.696,0.579,0,10,45,1,1,30,0,30,65,high_vol_range,0.0,0,,,
2026-03-24T10:50:00+05:30,portfolio_hist,PREMIUM,SKIP,idle,22706.45,25.57,1.0,0.0,0.0,1.041,0.518,0.579,0,10,50,1,1,30,0,30,65,high_vol_range,0.0,0,,,
2026-03-24T10:55:00+05:30,portfolio_hist,PREMIUM,SKIP,idle,22672.8,25.67,1.0,0.0,0.0,1.041,0.665,0.565,0,10,55,1,1,30,0,30,65,high_vol_range,0.0,0,,,
2026-03-24T09:30:00+05:30,portfolio_hist,PREMIUM,SKIP,idle,22848.25,25.09,1.0,0.0,0.0,1.04,0.103,1.627,0,9,30,1,1,50,0,50,75,trending,0.0,0,,,
2026-03-24T09:35:00+05:30,portfolio_hist,PREMIUM,SKIP,idle,22819.1,25.18,1.0,0.0,0.0,1.04,0.024,1.627,0,9,35,1,1,50,0,50,75,trending,0.0,0,,,
2026-03-24T09:40:00+05:30,portfolio_hist,PREMIUM,SKIP,idle,22779.75,25.3,1.0,0.0,0.0,1.04,0.197,1.627,0,9,40,1,1,37,0,37,75,trending,0.0,0,,,
2026-03-24T09:45:00+05:30,portfolio_hist,PREMIUM,SKIP,idle,22719.05,25.47,1.0,0.0,0.0,1.04,0.463,0.505,0,9,45,1,1,35,0,35,75,high_vol_range,0.0,0,,,
2026-03-24T09:50:00+05:30,portfolio_hist,PREMIUM,SKIP,idle,22712.55,25.48,1.0,0.0,0.0,1.04,0.491,0.603,0,9,50,1,1,35,0,35,75,high_vol_range,0.0,0,,,
2026-03-24T09:55:00+05:30,portfolio_hist,PREMIUM,SKIP,idle,22755.45,25.34,1.0,0.0,0.0,1.04,0.303,0.603,0,9,55,1,1,35,0,35,75,high_vol_range,0.0,0,,,
2026-03-24T10:00:00+05:30,portfolio_hist,PREMIUM,SKIP,idle,22747.3,25.4,1.0,0.0,0.0,1.04,0.339,0.601,0,10,0,1,1,35,0,35,65,high_vol_range,0.0,0,,,
2026-03-24T10:05:00+05:30,portfolio_hist,PREMIUM,SKIP,idle,22715.0,25.54,1.0,0.0,0.0,1.041,0.48,0.517,0,10,5,1,1,35,0,35,65,high_vol_range,0.0,0,,,
2026-03-24T10:10:00+05:30,portfolio_hist,PREMIUM,SKIP,idle,22693.55,25.53,1.0,0.0,0.0,1.04,0.574,0.429,0,10,10,1,1,37,0,37,65,high_vol_range,0.0,0,,,
2026-03-24T10:15:00+05:30,portfolio_hist,PREMIUM,SKIP,idle,22711.4,25.5,1.0,0.0,0.0,1.04,0.496,0.374,0,10,15,1,1,42,0,42,65,high_vol_range,0.0,0,,,
2026-03-24T10:20:00+05:30,portfolio_hist,PREMIUM,SKIP,idle,22714.0,25.39,1.0,0.0,0.0,1.04,0.485,0.374,0,10,20,1,1,42,0,42,65,high_vol_range,0.0,0,,,
2026-03-24T10:25:00+05:30,portfolio_hist,PREMIUM,SKIP,idle,22760.0,25.4,1.0,0.0,0.0,1.04,0.283,0.374,0,10,25,1,1,49,0,49,65,high_vol_range,0.0,0,,,
2026-03-24T10:30:00+05:30,portfolio_hist,PREMIUM,SKIP,idle,22721.55,25.43,1.0,0.0,0.0,1.041,0.452,0.344,0,10,30,1,1,42,0,42,65,high_vol_range,0.0,0,,,
2026-03-24T10:35:00+05:30,portfolio_hist,PREMIUM,SKIP,idle,22660.9,25.5,1.0,0.0,0.0,1.04,0.717,0.421,0,10,35,1,1,37,0,37,65,high_vol_range,0.0,0,,,
2026-03-24T10:40:00+05:30,portfolio_hist,PREMIUM,SKIP,idle,22634.35,25.7,1.0,0.0,0.0,1.041,0.834,0.579,0,10,40,1,1,30,0,30,65,high_vol_range,0.0,0,,,
2026-03-24T10:45:00+05:30,portfolio_hist,PREMIUM,SKIP,idle,22665.9,25.59,1.0,0.0,0.0,1.041,0.696,0.579,0,10,45,1,1,30,0,30,65,high_vol_range,0.0,0,,,
2026-03-24T10:50:00+05:30,portfolio_hist,PREMIUM,SKIP,idle,22706.45,25.57,1.0,0.0,0.0,1.041,0.518,0.579,0,10,50,1,1,30,0,30,65,high_vol_range,0.0,0,,,
2026-03-24T10:55:00+05:30,portfolio_hist,PREMIUM,SKIP,idle,22672.8,25.67,1.0,0.0,0.0,1.041,0.665,0.565,0,10,55,1,1,30,0,30,65,high_vol_range,0.0,0,,,
2026-03-24T09:30:00+05:30,portfolio_hist,PREMIUM,SKIP,idle,22848.25,25.09,1.0,0.0,0.0,1.04,0.103,1.627,0,9,30,1,1,50,0,50,75,trending,0.0,0,,,
2026-03-24T09:35:00+05:30,portfolio_hist,PREMIUM,SKIP,idle,22819.1,25.18,1.0,0.0,0.0,1.04,0.024,1.627,0,9,35,1,1,50,0,50,75,trending,0.0,0,,,
2026-03-24T09:40:00+05:30,portfolio_hist,PREMIUM,SKIP,idle,22779.75,25.3,1.0,0.0,0.0,1.04,0.197,1.627,0,9,40,1,1,37,0,37,75,trending,0.0,0,,,
2026-03-24T09:45:00+05:30,portfolio_hist,PREMIUM,SKIP,idle,22719.05,25.47,1.0,0.0,0.0,1.04,0.463,0.505,0,9,45,1,1,35,0,35,75,high_vol_range,0.0,0,,,
2026-03-24T09:50:00+05:30,portfolio_hist,PREMIUM,SKIP,idle,22712.55,25.48,1.0,0.0,0.0,1.04,0.491,0.603,0,9,50,1,1,35,0,35,75,high_vol_range,0.0,0,,,
2026-03-24T09:55:00+05:30,portfolio_hist,PREMIUM,SKIP,idle,22755.45,25.34,1.0,0.0,0.0,1.04,0.303,0.603,0,9,55,1,1,35,0,35,75,high_vol_range,0.0,0,,,
2026-03-24T10:00:00+05:30,portfolio_hist,PREMIUM,SKIP,idle,22747.3,25.4,1.0,0.0,0.0,1.04,0.339,0.601,0,10,0,1,1,35,0,35,65,high_vol_range,0.0,0,,,
2026-03-24T10:05:00+05:30,portfolio_hist,PREMIUM,SKIP,idle,22715.0,25.54,1.0,0.0,0.0,1.041,0.48,0.517,0,10,5,1,1,35,0,35,65,high_vol_range,0.0,0,,,
2026-03-24T10:10:00+05:30,portfolio_hist,PREMIUM,SKIP,idle,22693.55,25.53,1.0,0.0,0.0,1.04,0.574,0.429,0,10,10,1,1,37,0,37,65,high_vol_range,0.0,0,,,
2026-03-24T10:15:00+05:30,portfolio_hist,PREMIUM,SKIP,idle,22711.4,25.5,1.0,0.0,0.0,1.04,0.496,0.374,0,10,15,1,1,42,0,42,65,high_vol_range,0.0,0,,,
2026-03-24T10:20:00+05:30,portfolio_hist,PREMIUM,SKIP,idle,22714.0,25.39,1.0,0.0,0.0,1.04,0.485,0.374,0,10,20,1,1,42,0,42,65,high_vol_range,0.0,0,,,
2026-03-24T10:25:00+05:30,portfolio_hist,PREMIUM,SKIP,idle,22760.0,25.4,1.0,0.0,0.0,1.04,0.283,0.374,0,10,25,1,1,49,0,49,65,high_vol_range,0.0,0,,,
2026-03-24T10:30:00+05:30,portfolio_hist,PREMIUM,SKIP,idle,22721.55,25.43,1.0,0.0,0.0,1.041,0.452,0.344,0,10,30,1,1,42,0,42,65,high_vol_range,0.0,0,,,
2026-03-24T10:35:00+05:30,portfolio_hist,PREMIUM,SKIP,idle,22660.9,25.5,1.0,0.0,0.0,1.04,0.717,0.421,0,10,35,1,1,37,0,37,65,high_vol_range,0.0,0,,,
2026-03-24T10:40:00+05:30,portfolio_hist,PREMIUM,SKIP,idle,22634.35,25.7,1.0,0.0,0.0,1.041,0.834,0.579,0,10,40,1,1,30,0,30,65,high_vol_range,0.0,0,,,
2026-03-24T10:45:00+05:30,portfolio_hist,PREMIUM,SKIP,idle,22665.9,25.59,1.0,0.0,0.0,1.041,0.696,0.579,0,10,45,1,1,30,0,30,65,high_vol_range,0.0,0,,,
2026-03-24T10:50:00+05:30,portfolio_hist,PREMIUM,SKIP,idle,22706.45,25.57,1.0,0.0,0.0,1.041,0.518,0.579,0,10,50,1,1,30,0,30,65,high_vol_range,0.0,0,,,
2026-03-24T10:55:00+05:30,portfolio_hist,PREMIUM,SKIP,idle,22672.8,25.67,1.0,0.0,0.0,1.041,0.665,0.565,0,10,55,1,1,30,0,30,65,high_vol_range,0.0,0,,,
2026-03-24T09:30:00+05:30,portfolio_hist,PREMIUM,SKIP,idle,22848.25,25.09,1.0,0.0,0.0,1.04,0.103,1.627,0,9,30,1,1,50,0,50,75,trending,0.0,0,,,
2026-03-24T09:35:00+05:30,portfolio_hist,PREMIUM,SKIP,idle,22819.1,25.18,1.0,0.0,0.0,1.04,0.024,1.627,0,9,35,1,1,50,0,50,75,trending,0.0,0,,,
2026-03-24T09:40:00+05:30,portfolio_hist,PREMIUM,SKIP,idle,22779.75,25.3,1.0,0.0,0.0,1.04,0.197,1.627,0,9,40,1,1,37,0,37,75,trending,0.0,0,,,
2026-03-24T09:45:00+05:30,portfolio_hist,PREMIUM,SKIP,idle,22719.05,25.47,1.0,0.0,0.0,1.04,0.463,0.505,0,9,45,1,1,35,0,35,75,high_vol_range,0.0,0,,,
2026-03-24T09:50:00+05:30,portfolio_hist,PREMIUM,SKIP,idle,22712.55,25.48,1.0,0.0,0.0,1.04,0.491,0.603,0,9,50,1,1,35,0,35,75,high_vol_range,0.0,0,,,
2026-03-24T09:55:00+05:30,portfolio_hist,PREMIUM,SKIP,idle,22755.45,25.34,1.0,0.0,0.0,1.04,0.303,0.603,0,9,55,1,1,35,0,35,75,high_vol_range,0.0,0,,,
2026-03-24T10:00:00+05:30,portfolio_hist,PREMIUM,SKIP,idle,22747.3,25.4,1.0,0.0,0.0,1.04,0.339,0.601,0,10,0,1,1,35,0,35,65,high_vol_range,0.0,0,,,
2026-03-24T10:05:00+05:30,portfolio_hist,PREMIUM,SKIP,idle,22715.0,25.54,1.0,0.0,0.0,1.041,0.48,0.517,0,10,5,1,1,35,0,35,65,high_vol_range,0.0,0,,,
2026-03-24T10:10:00+05:30,portfolio_hist,PREMIUM,SKIP,idle,22693.55,25.53,1.0,0.0,0.0,1.04,0.574,0.429,0,10,10,1,1,37,0,37,65,high_vol_range,0.0,0,,,
2026-03-24T10:15:00+05:30,portfolio_hist,PREMIUM,SKIP,idle,22711.4,25.5,1.0,0.0,0.0,1.04,0.496,0.374,0,10,15,1,1,42,0,42,65,high_vol_range,0.0,0,,,
2026-03-24T10:20:00+05:30,portfolio_hist,PREMIUM,SKIP,idle,22714.0,25.39,1.0,0.0,0.0,1.04,0.485,0.374,0,10,20,1,1,42,0,42,65,high_vol_range,0.0,0,,,
2026-03-24T10:25:00+05:30,portfolio_hist,PREMIUM,SKIP,idle,22760.0,25.4,1.0,0.0,0.0,1.04,0.283,0.374,0,10,25,1,1,49,0,49,65,high_vol_range,0.0,0,,,
2026-03-24T10:30:00+05:30,portfolio_hist,PREMIUM,SKIP,idle,22721.55,25.43,1.0,0.0,0.0,1.041,0.452,0.344,0,10,30,1,1,42,0,42,65,high_vol_range,0.0,0,,,
2026-03-24T10:35:00+05:30,portfolio_hist,PREMIUM,SKIP,idle,22660.9,25.5,1.0,0.0,0.0,1.04,0.717,0.421,0,10,35,1,1,37,0,37,65,high_vol_range,0.0,0,,,
2026-03-24T10:40:00+05:30,portfolio_hist,PREMIUM,SKIP,idle,22634.35,25.7,1.0,0.0,0.0,1.041,0.834,0.579,0,10,40,1,1,30,0,30,65,high_vol_range,0.0,0,,,
2026-03-24T10:45:00+05:30,portfolio_hist,PREMIUM,SKIP,idle,22665.9,25.59,1.0,0.0,0.0,1.041,0.696,0.579,0,10,45,1,1,30,0,30,65,high_vol_range,0.0,0,,,
2026-03-24T10:50:00+05:30,portfolio_hist,PREMIUM,SKIP,idle,22706.45,25.57,1.0,0.0,0.0,1.041,0.518,0.579,0,10,50,1,1,30,0,30,65,high_vol_range,0.0,0,,,
2026-03-24T10:55:00+05:30,portfolio_hist,PREMIUM,SKIP,idle,22672.8,25.67,1.0,0.0,0.0,1.041,0.665,0.565,0,10,55,1,1,30,0,30,65,high_vol_range,0.0,0,,,
2026-03-24T09:30:00+05:30,portfolio_hist,PREMIUM,SKIP,idle,22848.25,25.09,1.0,0.0,0.0,1.04,0.103,1.627,0,9,30,1,1,50,0,50,75,trending,0.0,0,,,
2026-03-24T09:35:00+05:30,portfolio_hist,PREMIUM,SKIP,idle,22819.1,25.18,1.0,0.0,0.0,1.04,0.024,1.627,0,9,35,1,1,50,0,50,75,trending,0.0,0,,,
2026-03-24T09:40:00+05:30,portfolio_hist,PREMIUM,SKIP,idle,22779.75,25.3,1.0,0.0,0.0,1.04,0.197,1.627,0,9,40,1,1,37,0,37,75,trending,0.0,0,,,
2026-03-24T09:45:00+05:30,portfolio_hist,PREMIUM,SKIP,idle,22719.05,25.47,1.0,0.0,0.0,1.04,0.463,0.505,0,9,45,1,1,35,0,35,75,high_vol_range,0.0,0,,,
2026-03-24T09:50:00+05:30,portfolio_hist,PREMIUM,SKIP,idle,22712.55,25.48,1.0,0.0,0.0,1.04,0.491,0.603,0,9,50,1,1,35,0,35,75,high_vol_range,0.0,0,,,
2026-03-24T09:55:00+05:30,portfolio_hist,PREMIUM,SKIP,idle,22755.45,25.34,1.0,0.0,0.0,1.04,0.303,0.603,0,9,55,1,1,35,0,35,75,high_vol_range,0.0,0,,,
2026-03-24T10:00:00+05:30,portfolio_hist,PREMIUM,SKIP,idle,22747.3,25.4,1.0,0.0,0.0,1.04,0.339,0.601,0,10,0,1,1,35,0,35,65,high_vol_range,0.0,0,,,
2026-03-24T10:05:00+05:30,portfolio_hist,PREMIUM,SKIP,idle,22715.0,25.54,1.0,0.0,0.0,1.041,0.48,0.517,0,10,5,1,1,35,0,35,65,high_vol_range,0.0,0,,,
2026-03-24T10:10:00+05:30,portfolio_hist,PREMIUM,SKIP,idle,22693.55,25.53,1.0,0.0,0.0,1.04,0.574,0.429,0,10,10,1,1,37,0,37,65,high_vol_range,0.0,0,,,
2026-03-24T10:15:00+05:30,portfolio_hist,PREMIUM,SKIP,idle,22711.4,25.5,1.0,0.0,0.0,1.04,0.496,0.374,0,10,15,1,1,42,0,42,65,high_vol_range,0.0,0,,,
2026-03-24T10:20:00+05:30,portfolio_hist,PREMIUM,SKIP,idle,22714.0,25.39,1.0,0.0,0.0,1.04,0.485,0.374,0,10,20,1,1,42,0,42,65,high_vol_range,0.0,0,,,
2026-03-24T10:25:00+05:30,portfolio_hist,PREMIUM,SKIP,idle,22760.0,25.4,1.0,0.0,0.0,1.04,0.283,0.374,0,10,25,1,1,49,0,49,65,high_vol_range,0.0,0,,,
2026-03-24T10:30:00+05:30,portfolio_hist,PREMIUM,SKIP,idle,22721.55,25.43,1.0,0.0,0.0,1.041,0.452,0.344,0,10,30,1,1,42,0,42,65,high_vol_range,0.0,0,,,
2026-03-24T10:35:00+05:30,portfolio_hist,PREMIUM,SKIP,idle,22660.9,25.5,1.0,0.0,0.0,1.04,0.717,0.421,0,10,35,1,1,37,0,37,65,high_vol_range,0.0,0,,,
2026-03-24T10:40:00+05:30,portfolio_hist,PREMIUM,SKIP,idle,22634.35,25.7,1.0,0.0,0.0,1.041,0.834,0.579,0,10,40,1,1,30,0,30,65,high_vol_range,0.0,0,,,
2026-03-24T10:45:00+05:30,portfolio_hist,PREMIUM,SKIP,idle,22665.9,25.59,1.0,0.0,0.0,1.041,0.696,0.579,0,10,45,1,1,30,0,30,65,high_vol_range,0.0,0,,,
2026-03-24T10:50:00+05:30,portfolio_hist,PREMIUM,SKIP,idle,22706.45,25.57,1.0,0.0,0.0,1.041,0.518,0.579,0,10,50,1,1,30,0,30,65,high_vol_range,0.0,0,,,
2026-03-24T10:55:00+05:30,portfolio_hist,PREMIUM,SKIP,idle,22672.8,25.67,1.0,0.0,0.0,1.041,0.665,0.565,0,10,55,1,1,30,0,30,65,high_vol_range,0.0,0,,,
2026-03-24T09:30:00+05:30,portfolio_hist,PREMIUM,SKIP,idle,22848.25,25.09,1.0,0.0,0.0,1.04,0.103,1.627,0,9,30,1,1,50,0,50,75,trending,0.0,0,,,
2026-03-24T09:35:00+05:30,portfolio_hist,PREMIUM,SKIP,idle,22819.1,25.18,1.0,0.0,0.0,1.04,0.024,1.627,0,9,35,1,1,50,0,50,75,trending,0.0,0,,,
2026-03-24T09:40:00+05:30,portfolio_hist,PREMIUM,SKIP,idle,22779.75,25.3,1.0,0.0,0.0,1.04,0.197,1.627,0,9,40,1,1,37,0,37,75,trending,0.0,0,,,
2026-03-24T09:45:00+05:30,portfolio_hist,PREMIUM,SKIP,idle,22719.05,25.47,1.0,0.0,0.0,1.04,0.463,0.505,0,9,45,1,1,35,0,35,75,high_vol_range,0.0,0,,,
2026-03-24T09:50:00+05:30,portfolio_hist,PREMIUM,SKIP,idle,22712.55,25.48,1.0,0.0,0.0,1.04,0.491,0.603,0,9,50,1,1,35,0,35,75,high_vol_range,0.0,0,,,
2026-03-24T09:55:00+05:30,portfolio_hist,PREMIUM,SKIP,idle,22755.45,25.34,1.0,0.0,0.0,1.04,0.303,0.603,0,9,55,1,1,35,0,35,75,high_vol_range,0.0,0,,,
2026-03-24T10:00:00+05:30,portfolio_hist,PREMIUM,SKIP,idle,22747.3,25.4,1.0,0.0,0.0,1.04,0.339,0.601,0,10,0,1,1,35,0,35,65,high_vol_range,0.0,0,,,
2026-03-24T10:05:00+05:30,portfolio_hist,PREMIUM,SKIP,idle,22715.0,25.54,1.0,0.0,0.0,1.041,0.48,0.517,0,10,5,1,1,35,0,35,65,high_vol_range,0.0,0,,,
2026-03-24T10:10:00+05:30,portfolio_hist,PREMIUM,SKIP,idle,22693.55,25.53,1.0,0.0,0.0,1.04,0.574,0.429,0,10,10,1,1,37,0,37,65,high_vol_range,0.0,0,,,
2026-03-24T10:15:00+05:30,portfolio_hist,PREMIUM,SKIP,idle,22711.4,25.5,1.0,0.0,0.0,1.04,0.496,0.374,0,10,15,1,1,42,0,42,65,high_vol_range,0.0,0,,,
2026-03-24T10:20:00+05:30,portfolio_hist,PREMIUM,SKIP,idle,22714.0,25.39,1.0,0.0,0.0,1.04,0.485,0.374,0,10,20,1,1,42,0,42,65,high_vol_range,0.0,0,,,
2026-03-24T10:25:00+05:30,portfolio_hist,PREMIUM,SKIP,idle,22760.0,25.4,1.0,0.0,0.0,1.04,0.283,0.374,0,10,25,1,1,49,0,49,65,high_vol_range,0.0,0,,,
2026-03-24T10:30:00+05:30,portfolio_hist,PREMIUM,SKIP,idle,22721.55,25.43,1.0,0.0,0.0,1.041,0.452,0.344,0,10,30,1,1,42,0,42,65,high_vol_range,0.0,0,,,
2026-03-24T10:35:00+05:30,portfolio_hist,PREMIUM,SKIP,idle,22660.9,25.5,1.0,0.0,0.0,1.04,0.717,0.421,0,10,35,1,1,37,0,37,65,high_vol_range,0.0,0,,,
2026-03-24T10:40:00+05:30,portfolio_hist,PREMIUM,SKIP,idle,22634.35,25.7,1.0,0.0,0.0,1.041,0.834,0.579,0,10,40,1,1,30,0,30,65,high_vol_range,0.0,0,,,
2026-03-24T10:45:00+05:30,portfolio_hist,PREMIUM,SKIP,idle,22665.9,25.59,1.0,0.0,0.0,1.041,0.696,0.579,0,10,45,1,1,30,0,30,65,high_vol_range,0.0,0,,,
2026-03-24T10:50:00+05:30,portfolio_hist,PREMIUM,SKIP,idle,22706.45,25.57,1.0,0.0,0.0,1.041,0.518,0.579,0,10,50,1,1,30,0,30,65,high_vol_range,0.0,0,,,
2026-03-24T10:55:00+05:30,portfolio_hist,PREMIUM,SKIP,idle,22672.8,25.67,1.0,0.0,0.0,1.041,0.665,0.565,0,10,55,1,1,30,0,30,65,high_vol_range,0.0,0,,,
2026-03-24T09:30:00+05:30,portfolio_hist,PREMIUM,SKIP,idle,22848.25,25.09,1.0,0.0,0.0,1.04,0.103,1.627,0,9,30,1,1,50,0,50,75,trending,0.0,0,,,
2026-03-24T09:35:00+05:30,portfolio_hist,PREMIUM,SKIP,idle,22819.1,25.18,1.0,0.0,0.0,1.04,0.024,1.627,0,9,35,1,1,50,0,50,75,trending,0.0,0,,,
2026-03-24T09:40:00+05:30,portfolio_hist,PREMIUM,SKIP,idle,22779.75,25.3,1.0,0.0,0.0,1.04,0.197,1.627,0,9,40,1,1,37,0,37,75,trending,0.0,0,,,
2026-03-24T09:45:00+05:30,portfolio_hist,PREMIUM,SKIP,idle,22719.05,25.47,1.0,0.0,0.0,1.04,0.463,0.505,0,9,45,1,1,35,0,35,75,high_vol_range,0.0,0,,,
2026-03-24T09:50:00+05:30,portfolio_hist,PREMIUM,SKIP,idle,22712.55,25.48,1.0,0.0,0.0,1.04,0.491,0.603,0,9,50,1,1,35,0,35,75,high_vol_range,0.0,0,,,
2026-03-24T09:55:00+05:30,portfolio_hist,PREMIUM,SKIP,idle,22755.45,25.34,1.0,0.0,0.0,1.04,0.303,0.603,0,9,55,1,1,35,0,35,75,high_vol_range,0.0,0,,,
2026-03-24T10:00:00+05:30,portfolio_hist,PREMIUM,SKIP,idle,22747.3,25.4,1.0,0.0,0.0,1.04,0.339,0.601,0,10,0,1,1,35,0,35,65,high_vol_range,0.0,0,,,
2026-03-24T10:05:00+05:30,portfolio_hist,PREMIUM,SKIP,idle,22715.0,25.54,1.0,0.0,0.0,1.041,0.48,0.517,0,10,5,1,1,35,0,35,65,high_vol_range,0.0,0,,,
2026-03-24T10:10:00+05:30,portfolio_hist,PREMIUM,SKIP,idle,22693.55,25.53,1.0,0.0,0.0,1.04,0.574,0.429,0,10,10,1,1,37,0,37,65,high_vol_range,0.0,0,,,
2026-03-24T10:15:00+05:30,portfolio_hist,PREMIUM,SKIP,idle,22711.4,25.5,1.0,0.0,0.0,1.04,0.496,0.374,0,10,15,1,1,42,0,42,65,high_vol_range,0.0,0,,,
2026-03-24T10:20:00+05:30,portfolio_hist,PREMIUM,SKIP,idle,22714.0,25.39,1.0,0.0,0.0,1.04,0.485,0.374,0,10,20,1,1,42,0,42,65,high_vol_range,0.0,0,,,
2026-03-24T10:25:00+05:30,portfolio_hist,PREMIUM,SKIP,idle,22760.0,25.4,1.0,0.0,0.0,1.04,0.283,0.374,0,10,25,1,1,49,0,49,65,high_vol_range,0.0,0,,,
2026-03-24T10:30:00+05:30,portfolio_hist,PREMIUM,SKIP,idle,22721.55,25.43,1.0,0.0,0.0,1.041,0.452,0.344,0,10,30,1,1,42,0,42,65,high_vol_range,0.0,0,,,
2026-03-24T10:35:00+05:30,portfolio_hist,PREMIUM,SKIP,idle,22660.9,25.5,1.0,0.0,0.0,1.04,0.717,0.421,0,10,35,1,1,37,0,37,65,high_vol_range,0.0,0,,,
2026-03-24T10:40:00+05:30,portfolio_hist,PREMIUM,SKIP,idle,22634.35,25.7,1.0,0.0,0.0,1.041,0.834,0.579,0,10,40,1,1,30,0,30,65,high_vol_range,0.0,0,,,
2026-03-24T10:45:00+05:30,portfolio_hist,PREMIUM,SKIP,idle,22665.9,25.59,1.0,0.0,0.0,1.041,0.696,0.579,0,10,45,1,1,30,0,30,65,high_vol_range,0.0,0,,,
2026-03-24T10:50:00+05:30,portfolio_hist,PREMIUM,SKIP,idle,22706.45,25.57,1.0,0.0,0.0,1.041,0.518,0.579,0,10,50,1,1,30,0,30,65,high_vol_range,0.0,0,,,
2026-03-24T10:55:00+05:30,portfolio_hist,PREMIUM,SKIP,idle,22672.8,25.67,1.0,0.0,0.0,1.041,0.665,0.565,0,10,55,1,1,30,0,30,65,high_vol_range,0.0,0,,,
2026-03-24T09:30:00+05:30,portfolio_hist,PREMIUM,SKIP,idle,22848.25,25.09,1.0,0.0,0.0,1.04,0.103,1.627,0,9,30,1,1,50,0,50,75,trending,0.0,0,,,
2026-03-24T09:35:00+05:30,portfolio_hist,PREMIUM,SKIP,idle,22819.1,25.18,1.0,0.0,0.0,1.04,0.024,1.627,0,9,35,1,1,50,0,50,75,trending,0.0,0,,,
2026-03-24T09:40:00+05:30,portfolio_hist,PREMIUM,SKIP,idle,22779.75,25.3,1.0,0.0,0.0,1.04,0.197,1.627,0,9,40,1,1,37,0,37,75,trending,0.0,0,,,
2026-03-24T09:45:00+05:30,portfolio_hist,PREMIUM,SKIP,idle,22719.05,25.47,1.0,0.0,0.0,1.04,0.463,0.505,0,9,45,1,1,35,0,35,75,high_vol_range,0.0,0,,,
2026-03-24T09:50:00+05:30,portfolio_hist,PREMIUM,SKIP,idle,22712.55,25.48,1.0,0.0,0.0,1.04,0.491,0.603,0,9,50,1,1,35,0,35,75,high_vol_range,0.0,0,,,
2026-03-24T09:55:00+05:30,portfolio_hist,PREMIUM,SKIP,idle,22755.45,25.34,1.0,0.0,0.0,1.04,0.303,0.603,0,9,55,1,1,35,0,35,75,high_vol_range,0.0,0,,,
2026-03-24T10:00:00+05:30,portfolio_hist,PREMIUM,SKIP,idle,22747.3,25.4,1.0,0.0,0.0,1.04,0.339,0.601,0,10,0,1,1,35,0,35,65,high_vol_range,0.0,0,,,
2026-03-24T10:05:00+05:30,portfolio_hist,PREMIUM,SKIP,idle,22715.0,25.54,1.0,0.0,0.0,1.041,0.48,0.517,0,10,5,1,1,35,0,35,65,high_vol_range,0.0,0,,,
2026-03-24T10:10:00+05:30,portfolio_hist,PREMIUM,SKIP,idle,22693.55,25.53,1.0,0.0,0.0,1.04,0.574,0.429,0,10,10,1,1,37,0,37,65,high_vol_range,0.0,0,,,
2026-03-24T10:15:00+05:30,portfolio_hist,PREMIUM,SKIP,idle,22711.4,25.5,1.0,0.0,0.0,1.04,0.496,0.374,0,10,15,1,1,42,0,42,65,high_vol_range,0.0,0,,,
2026-03-24T10:20:00+05:30,portfolio_hist,PREMIUM,SKIP,idle,22714.0,25.39,1.0,0.0,0.0,1.04,0.485,0.374,0,10,20,1,1,42,0,42,65,high_vol_range,0.0,0,,,
2026-03-24T10:25:00+05:30,portfolio_hist,PREMIUM,SKIP,idle,22760.0,25.4,1.0,0.0,0.0,1.04,0.283,0.374,0,10,25,1,1,49,0,49,65,high_vol_range,0.0,0,,,
2026-03-24T10:30:00+05:30,portfolio_hist,PREMIUM,SKIP,idle,22721.55,25.43,1.0,0.0,0.0,1.041,0.452,0.344,0,10,30,1,1,42,0,42,65,high_vol_range,0.0,0,,,
2026-03-24T10:35:00+05:30,portfolio_hist,PREMIUM,SKIP,idle,22660.9,25.5,1.0,0.0,0.0,1.04,0.717,0.421,0,10,35,1,1,37,0,37,65,high_vol_range,0.0,0,,,
2026-03-24T10:40:00+05:30,portfolio_hist,PREMIUM,SKIP,idle,22634.35,25.7,1.0,0.0,0.0,1.041,0.834,0.579,0,10,40,1,1,30,0,30,65,high_vol_range,0.0,0,,,
2026-03-24T10:45:00+05:30,portfolio_hist,PREMIUM,SKIP,idle,22665.9,25.59,1.0,0.0,0.0,1.041,0.696,0.579,0,10,45,1,1,30,0,30,65,high_vol_range,0.0,0,,,
2026-03-24T10:50:00+05:30,portfolio_hist,PREMIUM,SKIP,idle,22706.45,25.57,1.0,0.0,0.0,1.041,0.518,0.579,0,10,50,1,1,30,0,30,65,high_vol_range,0.0,0,,,
2026-03-24T10:55:00+05:30,portfolio_hist,PREMIUM,SKIP,idle,22672.8,25.67,1.0,0.0,0.0,1.041,0.665,0.565,0,10,55,1,1,30,0,30,65,high_vol_range,0.0,0,,,
2026-03-24T09:30:00+05:30,portfolio_hist,PREMIUM,SKIP,idle,22848.25,25.09,1.0,0.0,0.0,1.04,0.103,1.627,0,9,30,1,1,50,0,50,75,trending,0.0,0,,,
2026-03-24T09:35:00+05:30,portfolio_hist,PREMIUM,SKIP,idle,22819.1,25.18,1.0,0.0,0.0,1.04,0.024,1.627,0,9,35,1,1,50,0,50,75,trending,0.0,0,,,
2026-03-24T09:40:00+05:30,portfolio_hist,PREMIUM,SKIP,idle,22779.75,25.3,1.0,0.0,0.0,1.04,0.197,1.627,0,9,40,1,1,37,0,37,75,trending,0.0,0,,,
2026-03-24T09:45:00+05:30,portfolio_hist,PREMIUM,SKIP,idle,22719.05,25.47,1.0,0.0,0.0,1.04,0.463,0.505,0,9,45,1,1,35,0,35,75,high_vol_range,0.0,0,,,
2026-03-24T09:50:00+05:30,portfolio_hist,PREMIUM,SKIP,idle,22712.55,25.48,1.0,0.0,0.0,1.04,0.491,0.603,0,9,50,1,1,35,0,35,75,high_vol_range,0.0,0,,,
2026-03-24T09:55:00+05:30,portfolio_hist,PREMIUM,SKIP,idle,22755.45,25.34,1.0,0.0,0.0,1.04,0.303,0.603,0,9,55,1,1,35,0,35,75,high_vol_range,0.0,0,,,
2026-03-24T10:00:00+05:30,portfolio_hist,PREMIUM,SKIP,idle,22747.3,25.4,1.0,0.0,0.0,1.04,0.339,0.601,0,10,0,1,1,35,0,35,65,high_vol_range,0.0,0,,,
2026-03-24T10:05:00+05:30,portfolio_hist,PREMIUM,SKIP,idle,22715.0,25.54,1.0,0.0,0.0,1.041,0.48,0.517,0,10,5,1,1,35,0,35,65,high_vol_range,0.0,0,,,
2026-03-24T10:10:00+05:30,portfolio_hist,PREMIUM,SKIP,idle,22693.55,25.53,1.0,0.0,0.0,1.04,0.574,0.429,0,10,10,1,1,37,0,37,65,high_vol_range,0.0,0,,,
2026-03-24T10:15:00+05:30,portfolio_hist,PREMIUM,SKIP,idle,22711.4,25.5,1.0,0.0,0.0,1.04,0.496,0.374,0,10,15,1,1,42,0,42,65,high_vol_range,0.0,0,,,
2026-03-24T10:20:00+05:30,portfolio_hist,PREMIUM,SKIP,idle,22714.0,25.39,1.0,0.0,0.0,1.04,0.485,0.374,0,10,20,1,1,42,0,42,65,high_vol_range,0.0,0,,,
2026-03-24T10:25:00+05:30,portfolio_hist,PREMIUM,SKIP,idle,22760.0,25.4,1.0,0.0,0.0,1.04,0.283,0.374,0,10,25,1,1,49,0,49,65,high_vol_range,0.0,0,,,
2026-03-24T10:30:00+05:30,portfolio_hist,PREMIUM,SKIP,idle,22721.55,25.43,1.0,0.0,0.0,1.041,0.452,0.344,0,10,30,1,1,42,0,42,65,high_vol_range,0.0,0,,,
2026-03-24T10:35:00+05:30,portfolio_hist,PREMIUM,SKIP,idle,22660.9,25.5,1.0,0.0,0.0,1.04,0.717,0.421,0,10,35,1,1,37,0,37,65,high_vol_range,0.0,0,,,
2026-03-24T10:40:00+05:30,portfolio_hist,PREMIUM,SKIP,idle,22634.35,25.7,1.0,0.0,0.0,1.041,0.834,0.579,0,10,40,1,1,30,0,30,65,high_vol_range,0.0,0,,,
2026-03-24T10:45:00+05:30,portfolio_hist,PREMIUM,SKIP,idle,22665.9,25.59,1.0,0.0,0.0,1.041,0.696,0.579,0,10,45,1,1,30,0,30,65,high_vol_range,0.0,0,,,
2026-03-24T10:50:00+05:30,portfolio_hist,PREMIUM,SKIP,idle,22706.45,25.57,1.0,0.0,0.0,1.041,0.518,0.579,0,10,50,1,1,30,0,30,65,high_vol_range,0.0,0,,,
2026-03-24T10:55:00+05:30,portfolio_hist,PREMIUM,SKIP,idle,22672.8,25.67,1.0,0.0,0.0,1.041,0.665,0.565,0,10,55,1,1,30,0,30,65,high_vol_range,0.0,0,,,
2026-03-24T09:30:00+05:30,portfolio_hist,PREMIUM,SKIP,idle,22848.25,25.09,1.0,0.0,0.0,1.04,0.103,1.627,0,9,30,1,1,50,0,50,75,trending,0.0,0,,,
2026-03-24T09:35:00+05:30,portfolio_hist,PREMIUM,SKIP,idle,22819.1,25.18,1.0,0.0,0.0,1.04,0.024,1.627,0,9,35,1,1,50,0,50,75,trending,0.0,0,,,
2026-03-24T09:40:00+05:30,portfolio_hist,PREMIUM,SKIP,idle,22779.75,25.3,1.0,0.0,0.0,1.04,0.197,1.627,0,9,40,1,1,37,0,37,75,trending,0.0,0,,,
2026-03-24T09:45:00+05:30,portfolio_hist,PREMIUM,SKIP,idle,22719.05,25.47,1.0,0.0,0.0,1.04,0.463,0.505,0,9,45,1,1,35,0,35,75,high_vol_range,0.0,0,,,
2026-03-24T09:50:00+05:30,portfolio_hist,PREMIUM,SKIP,idle,22712.55,25.48,1.0,0.0,0.0,1.04,0.491,0.603,0,9,50,1,1,35,0,35,75,high_vol_range,0.0,0,,,
2026-03-24T09:55:00+05:30,portfolio_hist,PREMIUM,SKIP,idle,22755.45,25.34,1.0,0.0,0.0,1.04,0.303,0.603,0,9,55,1,1,35,0,35,75,high_vol_range,0.0,0,,,
2026-03-24T10:00:00+05:30,portfolio_hist,PREMIUM,SKIP,idle,22747.3,25.4,1.0,0.0,0.0,1.04,0.339,0.601,0,10,0,1,1,35,0,35,65,high_vol_range,0.0,0,,,
2026-03-24T10:05:00+05:30,portfolio_hist,PREMIUM,SKIP,idle,22715.0,25.54,1.0,0.0,0.0,1.041,0.48,0.517,0,10,5,1,1,35,0,35,65,high_vol_range,0.0,0,,,
2026-03-24T10:10:00+05:30,portfolio_hist,PREMIUM,SKIP,idle,22693.55,25.53,1.0,0.0,0.0,1.04,0.574,0.429,0,10,10,1,1,37,0,37,65,high_vol_range,0.0,0,,,
2026-03-24T10:15:00+05:30,portfolio_hist,PREMIUM,SKIP,idle,22711.4,25.5,1.0,0.0,0.0,1.04,0.496,0.374,0,10,15,1,1,42,0,42,65,high_vol_range,0.0,0,,,
2026-03-24T10:20:00+05:30,portfolio_hist,PREMIUM,SKIP,idle,22714.0,25.39,1.0,0.0,0.0,1.04,0.485,0.374,0,10,20,1,1,42,0,42,65,high_vol_range,0.0,0,,,
2026-03-24T10:25:00+05:30,portfolio_hist,PREMIUM,SKIP,idle,22760.0,25.4,1.0,0.0,0.0,1.04,0.283,0.374,0,10,25,1,1,49,0,49,65,high_vol_range,0.0,0,,,
2026-03-24T10:30:00+05:30,portfolio_hist,PREMIUM,SKIP,idle,22721.55,25.43,1.0,0.0,0.0,1.041,0.452,0.344,0,10,30,1,1,42,0,42,65,high_vol_range,0.0,0,,,
2026-03-24T10:35:00+05:30,portfolio_hist,PREMIUM,SKIP,idle,22660.9,25.5,1.0,0.0,0.0,1.04,0.717,0.421,0,10,35,1,1,37,0,37,65,high_vol_range,0.0,0,,,
2026-03-24T10:40:00+05:30,portfolio_hist,PREMIUM,SKIP,idle,22634.35,25.7,1.0,0.0,0.0,1.041,0.834,0.579,0,10,40,1,1,30,0,30,65,high_vol_range,0.0,0,,,
2026-03-24T10:45:00+05:30,portfolio_hist,PREMIUM,SKIP,idle,22665.9,25.59,1.0,0.0,0.0,1.041,0.696,0.579,0,10,45,1,1,30,0,30,65,high_vol_range,0.0,0,,,
2026-03-24T10:50:00+05:30,portfolio_hist,PREMIUM,SKIP,idle,22706.45,25.57,1.0,0.0,0.0,1.041,0.518,0.579,0,10,50,1,1,30,0,30,65,high_vol_range,0.0,0,,,
2026-03-24T10:55:00+05:30,portfolio_hist,PREMIUM,SKIP,idle,22672.8,25.67,1.0,0.0,0.0,1.041,0.665,0.565,0,10,55,1,1,30,0,30,65,high_vol_range,0.0,0,,,
2026-03-24T09:30:00+05:30,portfolio_hist,PREMIUM,SKIP,idle,22848.25,25.09,1.0,0.0,0.0,1.04,0.103,1.627,0,9,30,1,1,50,0,50,75,trending,0.0,0,,,
2026-03-24T09:35:00+05:30,portfolio_hist,PREMIUM,SKIP,idle,22819.1,25.18,1.0,0.0,0.0,1.04,0.024,1.627,0,9,35,1,1,50,0,50,75,trending,0.0,0,,,
2026-03-24T09:40:00+05:30,portfolio_hist,PREMIUM,SKIP,idle,22779.75,25.3,1.0,0.0,0.0,1.04,0.197,1.627,0,9,40,1,1,37,0,37,75,trending,0.0,0,,,
2026-03-24T09:45:00+05:30,portfolio_hist,PREMIUM,SKIP,idle,22719.05,25.47,1.0,0.0,0.0,1.04,0.463,0.505,0,9,45,1,1,35,0,35,75,high_vol_range,0.0,0,,,
2026-03-24T09:50:00+05:30,portfolio_hist,PREMIUM,SKIP,idle,22712.55,25.48,1.0,0.0,0.0,1.04,0.491,0.603,0,9,50,1,1,35,0,35,75,high_vol_range,0.0,0,,,
2026-03-24T09:55:00+05:30,portfolio_hist,PREMIUM,SKIP,idle,22755.45,25.34,1.0,0.0,0.0,1.04,0.303,0.603,0,9,55,1,1,35,0,35,75,high_vol_range,0.0,0,,,
2026-03-24T10:00:00+05:30,portfolio_hist,PREMIUM,SKIP,idle,22747.3,25.4,1.0,0.0,0.0,1.04,0.339,0.601,0,10,0,1,1,35,0,35,65,high_vol_range,0.0,0,,,
2026-03-24T10:05:00+05:30,portfolio_hist,PREMIUM,SKIP,idle,22715.0,25.54,1.0,0.0,0.0,1.041,0.48,0.517,0,10,5,1,1,35,0,35,65,high_vol_range,0.0,0,,,
2026-03-24T10:10:00+05:30,portfolio_hist,PREMIUM,SKIP,idle,22693.55,25.53,1.0,0.0,0.0,1.04,0.574,0.429,0,10,10,1,1,37,0,37,65,high_vol_range,0.0,0,,,
2026-03-24T10:15:00+05:30,portfolio_hist,PREMIUM,SKIP,idle,22711.4,25.5,1.0,0.0,0.0,1.04,0.496,0.374,0,10,15,1,1,42,0,42,65,high_vol_range,0.0,0,,,
2026-03-24T10:20:00+05:30,portfolio_hist,PREMIUM,SKIP,idle,22714.0,25.39,1.0,0.0,0.0,1.04,0.485,0.374,0,10,20,1,1,42,0,42,65,high_vol_range,0.0,0,,,
2026-03-24T10:25:00+05:30,portfolio_hist,PREMIUM,SKIP,idle,22760.0,25.4,1.0,0.0,0.0,1.04,0.283,0.374,0,10,25,1,1,49,0,49,65,high_vol_range,0.0,0,,,
2026-03-24T10:30:00+05:30,portfolio_hist,PREMIUM,SKIP,idle,22721.55,25.43,1.0,0.0,0.0,1.041,0.452,0.344,0,10,30,1,1,42,0,42,65,high_vol_range,0.0,0,,,
2026-03-24T10:35:00+05:30,portfolio_hist,PREMIUM,SKIP,idle,22660.9,25.5,1.0,0.0,0.0,1.04,0.717,0.421,0,10,35,1,1,37,0,37,65,high_vol_range,0.0,0,,,
2026-03-24T10:40:00+05:30,portfolio_hist,PREMIUM,SKIP,idle,22634.35,25.7,1.0,0.0,0.0,1.041,0.834,0.579,0,10,40,1,1,30,0,30,65,high_vol_range,0.0,0,,,
2026-03-24T10:45:00+05:30,portfolio_hist,PREMIUM,SKIP,idle,22665.9,25.59,1.0,0.0,0.0,1.041,0.696,0.579,0,10,45,1,1,30,0,30,65,high_vol_range,0.0,0,,,
2026-03-24T10:50:00+05:30,portfolio_hist,PREMIUM,SKIP,idle,22706.45,25.57,1.0,0.0,0.0,1.041,0.518,0.579,0,10,50,1,1,30,0,30,65,high_vol_range,0.0,0,,,
2026-03-24T10:55:00+05:30,portfolio_hist,PREMIUM,SKIP,idle,22672.8,25.67,1.0,0.0,0.0,1.041,0.665,0.565,0,10,55,1,1,30,0,30,65,high_vol_range,0.0,0,,,
2026-03-24T09:30:00+05:30,portfolio_hist,PREMIUM,SKIP,idle,22848.25,25.09,1.0,0.0,0.0,1.04,0.103,1.627,0,9,30,1,1,50,0,50,75,trending,0.0,0,,,
2026-03-24T09:35:00+05:30,portfolio_hist,PREMIUM,SKIP,idle,22819.1,25.18,1.0,0.0,0.0,1.04,0.024,1.627,0,9,35,1,1,50,0,50,75,trending,0.0,0,,,
2026-03-24T09:40:00+05:30,portfolio_hist,PREMIUM,SKIP,idle,22779.75,25.3,1.0,0.0,0.0,1.04,0.197,1.627,0,9,40,1,1,37,0,37,75,trending,0.0,0,,,
2026-03-24T09:45:00+05:30,portfolio_hist,PREMIUM,SKIP,idle,22719.05,25.47,1.0,0.0,0.0,1.04,0.463,0.505,0,9,45,1,1,35,0,35,75,high_vol_range,0.0,0,,,
2026-03-24T09:50:00+05:30,portfolio_hist,PREMIUM,SKIP,idle,22712.55,25.48,1.0,0.0,0.0,1.04,0.491,0.603,0,9,50,1,1,35,0,35,75,high_vol_range,0.0,0,,,
2026-03-24T09:55:00+05:30,portfolio_hist,PREMIUM,SKIP,idle,22755.45,25.34,1.0,0.0,0.0,1.04,0.303,0.603,0,9,55,1,1,35,0,35,75,high_vol_range,0.0,0,,,
2026-03-24T10:00:00+05:30,portfolio_hist,PREMIUM,SKIP,idle,22747.3,25.4,1.0,0.0,0.0,1.04,0.339,0.601,0,10,0,1,1,35,0,35,65,high_vol_range,0.0,0,,,
2026-03-24T10:05:00+05:30,portfolio_hist,PREMIUM,SKIP,idle,22715.0,25.54,1.0,0.0,0.0,1.041,0.48,0.517,0,10,5,1,1,35,0,35,65,high_vol_range,0.0,0,,,
2026-03-24T10:10:00+05:30,portfolio_hist,PREMIUM,SKIP,idle,22693.55,25.53,1.0,0.0,0.0,1.04,0.574,0.429,0,10,10,1,1,37,0,37,65,high_vol_range,0.0,0,,,
2026-03-24T10:15:00+05:30,portfolio_hist,PREMIUM,SKIP,idle,22711.4,25.5,1.0,0.0,0.0,1.04,0.496,0.374,0,10,15,1,1,42,0,42,65,high_vol_range,0.0,0,,,
2026-03-24T10:20:00+05:30,portfolio_hist,PREMIUM,SKIP,idle,22714.0,25.39,1.0,0.0,0.0,1.04,0.485,0.374,0,10,20,1,1,42,0,42,65,high_vol_range,0.0,0,,,
2026-03-24T10:25:00+05:30,portfolio_hist,PREMIUM,SKIP,idle,22760.0,25.4,1.0,0.0,0.0,1.04,0.283,0.374,0,10,25,1,1,49,0,49,65,high_vol_range,0.0,0,,,
2026-03-24T10:30:00+05:30,portfolio_hist,PREMIUM,SKIP,idle,22721.55,25.43,1.0,0.0,0.0,1.041,0.452,0.344,0,10,30,1,1,42,0,42,65,high_vol_range,0.0,0,,,
2026-03-24T10:35:00+05:30,portfolio_hist,PREMIUM,SKIP,idle,22660.9,25.5,1.0,0.0,0.0,1.04,0.717,0.421,0,10,35,1,1,37,0,37,65,high_vol_range,0.0,0,,,
2026-03-24T10:40:00+05:30,portfolio_hist,PREMIUM,SKIP,idle,22634.35,25.7,1.0,0.0,0.0,1.041,0.834,0.579,0,10,40,1,1,30,0,30,65,high_vol_range,0.0,0,,,
2026-03-24T10:45:00+05:30,portfolio_hist,PREMIUM,SKIP,idle,22665.9,25.59,1.0,0.0,0.0,1.041,0.696,0.579,0,10,45,1,1,30,0,30,65,high_vol_range,0.0,0,,,
2026-03-24T10:50:00+05:30,portfolio_hist,PREMIUM,SKIP,idle,22706.45,25.57,1.0,0.0,0.0,1.041,0.518,0.579,0,10,50,1,1,30,0,30,65,high_vol_range,0.0,0,,,
2026-03-24T10:55:00+05:30,portfolio_hist,PREMIUM,SKIP,idle,22672.8,25.67,1.0,0.0,0.0,1.041,0.665,0.565,0,10,55,1,1,30,0,30,65,high_vol_range,0.0,0,,,
2026-03-24T09:30:00+05:30,portfolio_hist,PREMIUM,SKIP,idle,22848.25,25.09,1.0,0.0,0.0,1.04,0.103,1.627,0,9,30,1,1,50,0,50,75,trending,0.0,0,,,
2026-03-24T09:35:00+05:30,portfolio_hist,PREMIUM,SKIP,idle,22819.1,25.18,1.0,0.0,0.0,1.04,0.024,1.627,0,9,35,1,1,50,0,50,75,trending,0.0,0,,,
2026-03-24T09:40:00+05:30,portfolio_hist,PREMIUM,SKIP,idle,22779.75,25.3,1.0,0.0,0.0,1.04,0.197,1.627,0,9,40,1,1,37,0,37,75,trending,0.0,0,,,
2026-03-24T09:45:00+05:30,portfolio_hist,PREMIUM,SKIP,idle,22719.05,25.47,1.0,0.0,0.0,1.04,0.463,0.505,0,9,45,1,1,35,0,35,75,high_vol_range,0.0,0,,,
2026-03-24T09:50:00+05:30,portfolio_hist,PREMIUM,SKIP,idle,22712.55,25.48,1.0,0.0,0.0,1.04,0.491,0.603,0,9,50,1,1,35,0,35,75,high_vol_range,0.0,0,,,
2026-03-24T09:55:00+05:30,portfolio_hist,PREMIUM,SKIP,idle,22755.45,25.34,1.0,0.0,0.0,1.04,0.303,0.603,0,9,55,1,1,35,0,35,75,high_vol_range,0.0,0,,,
2026-03-24T10:00:00+05:30,portfolio_hist,PREMIUM,SKIP,idle,22747.3,25.4,1.0,0.0,0.0,1.04,0.339,0.601,0,10,0,1,1,35,0,35,65,high_vol_range,0.0,0,,,
2026-03-24T10:05:00+05:30,portfolio_hist,PREMIUM,SKIP,idle,22715.0,25.54,1.0,0.0,0.0,1.041,0.48,0.517,0,10,5,1,1,35,0,35,65,high_vol_range,0.0,0,,,
2026-03-24T10:10:00+05:30,portfolio_hist,PREMIUM,SKIP,idle,22693.55,25.53,1.0,0.0,0.0,1.04,0.574,0.429,0,10,10,1,1,37,0,37,65,high_vol_range,0.0,0,,,
2026-03-24T10:15:00+05:30,portfolio_hist,PREMIUM,SKIP,idle,22711.4,25.5,1.0,0.0,0.0,1.04,0.496,0.374,0,10,15,1,1,42,0,42,65,high_vol_range,0.0,0,,,
2026-03-24T10:20:00+05:30,portfolio_hist,PREMIUM,SKIP,idle,22714.0,25.39,1.0,0.0,0.0,1.04,0.485,0.374,0,10,20,1,1,42,0,42,65,high_vol_range,0.0,0,,,
2026-03-24T10:25:00+05:30,portfolio_hist,PREMIUM,SKIP,idle,22760.0,25.4,1.0,0.0,0.0,1.04,0.283,0.374,0,10,25,1,1,49,0,49,65,high_vol_range,0.0,0,,,
2026-03-24T10:30:00+05:30,portfolio_hist,PREMIUM,SKIP,idle,22721.55,25.43,1.0,0.0,0.0,1.041,0.452,0.344,0,10,30,1,1,42,0,42,65,high_vol_range,0.0,0,,,
2026-03-24T10:35:00+05:30,portfolio_hist,PREMIUM,SKIP,idle,22660.9,25.5,1.0,0.0,0.0,1.04,0.717,0.421,0,10,35,1,1,37,0,37,65,high_vol_range,0.0,0,,,
2026-03-24T10:40:00+05:30,portfolio_hist,PREMIUM,SKIP,idle,22634.35,25.7,1.0,0.0,0.0,1.041,0.834,0.579,0,10,40,1,1,30,0,30,65,high_vol_range,0.0,0,,,
2026-03-24T10:45:00+05:30,portfolio_hist,PREMIUM,SKIP,idle,22665.9,25.59,1.0,0.0,0.0,1.041,0.696,0.579,0,10,45,1,1,30,0,30,65,high_vol_range,0.0,0,,,
2026-03-24T10:50:00+05:30,portfolio_hist,PREMIUM,SKIP,idle,22706.45,25.57,1.0,0.0,0.0,1.041,0.518,0.579,0,10,50,1,1,30,0,30,65,high_vol_range,0.0,0,,,
2026-03-24T10:55:00+05:30,portfolio_hist,PREMIUM,SKIP,idle,22672.8,25.67,1.0,0.0,0.0,1.041,0.665,0.565,0,10,55,1,1,30,0,30,65,high_vol_range,0.0,0,,,
2026-03-24T09:30:00+05:30,portfolio_hist,PREMIUM,SKIP,idle,22848.25,25.09,1.0,0.0,0.0,1.04,0.103,1.627,0,9,30,1,1,50,0,50,75,trending,0.0,0,,,
2026-03-24T09:35:00+05:30,portfolio_hist,PREMIUM,SKIP,idle,22819.1,25.18,1.0,0.0,0.0,1.04,0.024,1.627,0,9,35,1,1,50,0,50,75,trending,0.0,0,,,
2026-03-24T09:40:00+05:30,portfolio_hist,PREMIUM,SKIP,idle,22779.75,25.3,1.0,0.0,0.0,1.04,0.197,1.627,0,9,40,1,1,37,0,37,75,trending,0.0,0,,,
2026-03-24T09:45:00+05:30,portfolio_hist,PREMIUM,SKIP,idle,22719.05,25.47,1.0,0.0,0.0,1.04,0.463,0.505,0,9,45,1,1,35,0,35,75,high_vol_range,0.0,0,,,
2026-03-24T09:50:00+05:30,portfolio_hist,PREMIUM,SKIP,idle,22712.55,25.48,1.0,0.0,0.0,1.04,0.491,0.603,0,9,50,1,1,35,0,35,75,high_vol_range,0.0,0,,,
2026-03-24T09:55:00+05:30,portfolio_hist,PREMIUM,SKIP,idle,22755.45,25.34,1.0,0.0,0.0,1.04,0.303,0.603,0,9,55,1,1,35,0,35,75,high_vol_range,0.0,0,,,
2026-03-24T10:00:00+05:30,portfolio_hist,PREMIUM,SKIP,idle,22747.3,25.4,1.0,0.0,0.0,1.04,0.339,0.601,0,10,0,1,1,35,0,35,65,high_vol_range,0.0,0,,,
2026-03-24T10:05:00+05:30,portfolio_hist,PREMIUM,SKIP,idle,22715.0,25.54,1.0,0.0,0.0,1.041,0.48,0.517,0,10,5,1,1,35,0,35,65,high_vol_range,0.0,0,,,
2026-03-24T10:10:00+05:30,portfolio_hist,PREMIUM,SKIP,idle,22693.55,25.53,1.0,0.0,0.0,1.04,0.574,0.429,0,10,10,1,1,37,0,37,65,high_vol_range,0.0,0,,,
2026-03-24T10:15:00+05:30,portfolio_hist,PREMIUM,SKIP,idle,22711.4,25.5,1.0,0.0,0.0,1.04,0.496,0.374,0,10,15,1,1,42,0,42,65,high_vol_range,0.0,0,,,
2026-03-24T10:20:00+05:30,portfolio_hist,PREMIUM,SKIP,idle,22714.0,25.39,1.0,0.0,0.0,1.04,0.485,0.374,0,10,20,1,1,42,0,42,65,high_vol_range,0.0,0,,,
2026-03-24T10:25:00+05:30,portfolio_hist,PREMIUM,SKIP,idle,22760.0,25.4,1.0,0.0,0.0,1.04,0.283,0.374,0,10,25,1,1,49,0,49,65,high_vol_range,0.0,0,,,
2026-03-24T10:30:00+05:30,portfolio_hist,PREMIUM,SKIP,idle,22721.55,25.43,1.0,0.0,0.0,1.041,0.452,0.344,0,10,30,1,1,42,0,42,65,high_vol_range,0.0,0,,,
2026-03-24T10:35:00+05:30,portfolio_hist,PREMIUM,SKIP,idle,22660.9,25.5,1.0,0.0,0.0,1.04,0.717,0.421,0,10,35,1,1,37,0,37,65,high_vol_range,0.0,0,,,
2026-03-24T10:40:00+05:30,portfolio_hist,PREMIUM,SKIP,idle,22634.35,25.7,1.0,0.0,0.0,1.041,0.834,0.579,0,10,40,1,1,30,0,30,65,high_vol_range,0.0,0,,,
2026-03-24T10:45:00+05:30,portfolio_hist,PREMIUM,SKIP,idle,22665.9,25.59,1.0,0.0,0.0,1.041,0.696,0.579,0,10,45,1,1,30,0,30,65,high_vol_range,0.0,0,,,
2026-03-24T10:50:00+05:30,portfolio_hist,PREMIUM,SKIP,idle,22706.45,25.57,1.0,0.0,0.0,1.041,0.518,0.579,0,10,50,1,1,30,0,30,65,high_vol_range,0.0,0,,,
2026-03-24T10:55:00+05:30,portfolio_hist,PREMIUM,SKIP,idle,22672.8,25.67,1.0,0.0,0.0,1.041,0.665,0.565,0,10,55,1,1,30,0,30,65,high_vol_range,0.0,0,,,
2026-03-24T09:30:00+05:30,portfolio_hist,PREMIUM,SKIP,idle,22848.25,25.09,1.0,0.0,0.0,1.04,0.103,1.627,0,9,30,1,1,50,0,50,75,trending,0.0,0,,,
2026-03-24T09:35:00+05:30,portfolio_hist,PREMIUM,SKIP,idle,22819.1,25.18,1.0,0.0,0.0,1.04,0.024,1.627,0,9,35,1,1,50,0,50,75,trending,0.0,0,,,
2026-03-24T09:40:00+05:30,portfolio_hist,PREMIUM,SKIP,idle,22779.75,25.3,1.0,0.0,0.0,1.04,0.197,1.627,0,9,40,1,1,37,0,37,75,trending,0.0,0,,,
2026-03-24T09:45:00+05:30,portfolio_hist,PREMIUM,SKIP,idle,22719.05,25.47,1.0,0.0,0.0,1.04,0.463,0.505,0,9,45,1,1,35,0,35,75,high_vol_range,0.0,0,,,
2026-03-24T09:50:00+05:30,portfolio_hist,PREMIUM,SKIP,idle,22712.55,25.48,1.0,0.0,0.0,1.04,0.491,0.603,0,9,50,1,1,35,0,35,75,high_vol_range,0.0,0,,,
2026-03-24T09:55:00+05:30,portfolio_hist,PREMIUM,SKIP,idle,22755.45,25.34,1.0,0.0,0.0,1.04,0.303,0.603,0,9,55,1,1,35,0,35,75,high_vol_range,0.0,0,,,
2026-03-24T10:00:00+05:30,portfolio_hist,PREMIUM,SKIP,idle,22747.3,25.4,1.0,0.0,0.0,1.04,0.339,0.601,0,10,0,1,1,35,0,35,65,high_vol_range,0.0,0,,,
2026-03-24T10:05:00+05:30,portfolio_hist,PREMIUM,SKIP,idle,22715.0,25.54,1.0,0.0,0.0,1.041,0.48,0.517,0,10,5,1,1,35,0,35,65,high_vol_range,0.0,0,,,
2026-03-24T10:10:00+05:30,portfolio_hist,PREMIUM,SKIP,idle,22693.55,25.53,1.0,0.0,0.0,1.04,0.574,0.429,0,10,10,1,1,37,0,37,65,high_vol_range,0.0,0,,,
2026-03-24T10:15:00+05:30,portfolio_hist,PREMIUM,SKIP,idle,22711.4,25.5,1.0,0.0,0.0,1.04,0.496,0.374,0,10,15,1,1,42,0,42,65,high_vol_range,0.0,0,,,
2026-03-24T10:20:00+05:30,portfolio_hist,PREMIUM,SKIP,idle,22714.0,25.39,1.0,0.0,0.0,1.04,0.485,0.374,0,10,20,1,1,42,0,42,65,high_vol_range,0.0,0,,,
2026-03-24T10:25:00+05:30,portfolio_hist,PREMIUM,SKIP,idle,22760.0,25.4,1.0,0.0,0.0,1.04,0.283,0.374,0,10,25,1,1,49,0,49,65,high_vol_range,0.0,0,,,
2026-03-24T10:30:00+05:30,portfolio_hist,PREMIUM,SKIP,idle,22721.55,25.43,1.0,0.0,0.0,1.041,0.452,0.344,0,10,30,1,1,42,0,42,65,high_vol_range,0.0,0,,,
2026-03-24T10:35:00+05:30,portfolio_hist,PREMIUM,SKIP,idle,22660.9,25.5,1.0,0.0,0.0,1.04,0.717,0.421,0,10,35,1,1,37,0,37,65,high_vol_range,0.0,0,,,
2026-03-24T10:40:00+05:30,portfolio_hist,PREMIUM,SKIP,idle,22634.35,25.7,1.0,0.0,0.0,1.041,0.834,0.579,0,10,40,1,1,30,0,30,65,high_vol_range,0.0,0,,,
2026-03-24T10:45:00+05:30,portfolio_hist,PREMIUM,SKIP,idle,22665.9,25.59,1.0,0.0,0.0,1.041,0.696,0.579,0,10,45,1,1,30,0,30,65,high_vol_range,0.0,0,,,
2026-03-24T10:50:00+05:30,portfolio_hist,PREMIUM,SKIP,idle,22706.45,25.57,1.0,0.0,0.0,1.041,0.518,0.579,0,10,50,1,1,30,0,30,65,high_vol_range,0.0,0,,,
2026-03-24T10:55:00+05:30,portfolio_hist,PREMIUM,SKIP,idle,22672.8,25.67,1.0,0.0,0.0,1.041,0.665,0.565,0,10,55,1,1,30,0,30,65,high_vol_range,0.0,0,,,
2026-03-24T09:30:00+05:30,portfolio_hist,PREMIUM,SKIP,idle,22848.25,25.09,1.0,0.0,0.0,1.04,0.103,1.627,0,9,30,1,1,50,0,50,75,trending,0.0,0,,,
2026-03-24T09:35:00+05:30,portfolio_hist,PREMIUM,SKIP,idle,22819.1,25.18,1.0,0.0,0.0,1.04,0.024,1.627,0,9,35,1,1,50,0,50,75,trending,0.0,0,,,
2026-03-24T09:40:00+05:30,portfolio_hist,PREMIUM,SKIP,idle,22779.75,25.3,1.0,0.0,0.0,1.04,0.197,1.627,0,9,40,1,1,37,0,37,75,trending,0.0,0,,,
2026-03-24T09:45:00+05:30,portfolio_hist,PREMIUM,SKIP,idle,22719.05,25.47,1.0,0.0,0.0,1.04,0.463,0.505,0,9,45,1,1,35,0,35,75,high_vol_range,0.0,0,,,
2026-03-24T09:50:00+05:30,portfolio_hist,PREMIUM,SKIP,idle,22712.55,25.48,1.0,0.0,0.0,1.04,0.491,0.603,0,9,50,1,1,35,0,35,75,high_vol_range,0.0,0,,,
2026-03-24T09:55:00+05:30,portfolio_hist,PREMIUM,SKIP,idle,22755.45,25.34,1.0,0.0,0.0,1.04,0.303,0.603,0,9,55,1,1,35,0,35,75,high_vol_range,0.0,0,,,
2026-03-24T10:00:00+05:30,portfolio_hist,PREMIUM,SKIP,idle,22747.3,25.4,1.0,0.0,0.0,1.04,0.339,0.601,0,10,0,1,1,35,0,35,65,high_vol_range,0.0,0,,,
2026-03-24T10:05:00+05:30,portfolio_hist,PREMIUM,SKIP,idle,22715.0,25.54,1.0,0.0,0.0,1.041,0.48,0.517,0,10,5,1,1,35,0,35,65,high_vol_range,0.0,0,,,
2026-03-24T10:10:00+05:30,portfolio_hist,PREMIUM,SKIP,idle,22693.55,25.53,1.0,0.0,0.0,1.04,0.574,0.429,0,10,10,1,1,37,0,37,65,high_vol_range,0.0,0,,,
2026-03-24T10:15:00+05:30,portfolio_hist,PREMIUM,SKIP,idle,22711.4,25.5,1.0,0.0,0.0,1.04,0.496,0.374,0,10,15,1,1,42,0,42,65,high_vol_range,0.0,0,,,
2026-03-24T10:20:00+05:30,portfolio_hist,PREMIUM,SKIP,idle,22714.0,25.39,1.0,0.0,0.0,1.04,0.485,0.374,0,10,20,1,1,42,0,42,65,high_vol_range,0.0,0,,,
2026-03-24T10:25:00+05:30,portfolio_hist,PREMIUM,SKIP,idle,22760.0,25.4,1.0,0.0,0.0,1.04,0.283,0.374,0,10,25,1,1,49,0,49,65,high_vol_range,0.0,0,,,
2026-03-24T10:30:00+05:30,portfolio_hist,PREMIUM,SKIP,idle,22721.55,25.43,1.0,0.0,0.0,1.041,0.452,0.344,0,10,30,1,1,42,0,42,65,high_vol_range,0.0,0,,,
2026-03-24T10:35:00+05:30,portfolio_hist,PREMIUM,SKIP,idle,22660.9,25.5,1.0,0.0,0.0,1.04,0.717,0.421,0,10,35,1,1,37,0,37,65,high_vol_range,0.0,0,,,
2026-03-24T10:40:00+05:30,portfolio_hist,PREMIUM,SKIP,idle,22634.35,25.7,1.0,0.0,0.0,1.041,0.834,0.579,0,10,40,1,1,30,0,30,65,high_vol_range,0.0,0,,,
2026-03-24T10:45:00+05:30,portfolio_hist,PREMIUM,SKIP,idle,22665.9,25.59,1.0,0.0,0.0,1.041,0.696,0.579,0,10,45,1,1,30,0,30,65,high_vol_range,0.0,0,,,
2026-03-24T10:50:00+05:30,portfolio_hist,PREMIUM,SKIP,idle,22706.45,25.57,1.0,0.0,0.0,1.041,0.518,0.579,0,10,50,1,1,30,0,30,65,high_vol_range,0.0,0,,,
2026-03-24T10:55:00+05:30,portfolio_hist,PREMIUM,SKIP,idle,22672.8,25.67,1.0,0.0,0.0,1.041,0.665,0.565,0,10,55,1,1,30,0,30,65,high_vol_range,0.0,0,,,
2026-03-24T09:30:00+05:30,portfolio_hist,PREMIUM,SKIP,idle,22848.25,25.09,1.0,0.0,0.0,1.04,0.103,1.627,0,9,30,1,1,50,0,50,75,trending,0.0,0,,,
2026-03-24T09:35:00+05:30,portfolio_hist,PREMIUM,SKIP,idle,22819.1,25.18,1.0,0.0,0.0,1.04,0.024,1.627,0,9,35,1,1,50,0,50,75,trending,0.0,0,,,
2026-03-24T09:40:00+05:30,portfolio_hist,PREMIUM,SKIP,idle,22779.75,25.3,1.0,0.0,0.0,1.04,0.197,1.627,0,9,40,1,1,37,0,37,75,trending,0.0,0,,,
2026-03-24T09:45:00+05:30,portfolio_hist,PREMIUM,SKIP,idle,22719.05,25.47,1.0,0.0,0.0,1.04,0.463,0.505,0,9,45,1,1,35,0,35,75,high_vol_range,0.0,0,,,
2026-03-24T09:50:00+05:30,portfolio_hist,PREMIUM,SKIP,idle,22712.55,25.48,1.0,0.0,0.0,1.04,0.491,0.603,0,9,50,1,1,35,0,35,75,high_vol_range,0.0,0,,,
2026-03-24T09:55:00+05:30,portfolio_hist,PREMIUM,SKIP,idle,22755.45,25.34,1.0,0.0,0.0,1.04,0.303,0.603,0,9,55,1,1,35,0,35,75,high_vol_range,0.0,0,,,
2026-03-24T10:00:00+05:30,portfolio_hist,PREMIUM,SKIP,idle,22747.3,25.4,1.0,0.0,0.0,1.04,0.339,0.601,0,10,0,1,1,35,0,35,65,high_vol_range,0.0,0,,,
2026-03-24T10:05:00+05:30,portfolio_hist,PREMIUM,SKIP,idle,22715.0,25.54,1.0,0.0,0.0,1.041,0.48,0.517,0,10,5,1,1,35,0,35,65,high_vol_range,0.0,0,,,
2026-03-24T10:10:00+05:30,portfolio_hist,PREMIUM,SKIP,idle,22693.55,25.53,1.0,0.0,0.0,1.04,0.574,0.429,0,10,10,1,1,37,0,37,65,high_vol_range,0.0,0,,,
2026-03-24T10:15:00+05:30,portfolio_hist,PREMIUM,SKIP,idle,22711.4,25.5,1.0,0.0,0.0,1.04,0.496,0.374,0,10,15,1,1,42,0,42,65,high_vol_range,0.0,0,,,
2026-03-24T10:20:00+05:30,portfolio_hist,PREMIUM,SKIP,idle,22714.0,25.39,1.0,0.0,0.0,1.04,0.485,0.374,0,10,20,1,1,42,0,42,65,high_vol_range,0.0,0,,,
2026-03-24T10:25:00+05:30,portfolio_hist,PREMIUM,SKIP,idle,22760.0,25.4,1.0,0.0,0.0,1.04,0.283,0.374,0,10,25,1,1,49,0,49,65,high_vol_range,0.0,0,,,
2026-03-24T10:30:00+05:30,portfolio_hist,PREMIUM,SKIP,idle,22721.55,25.43,1.0,0.0,0.0,1.041,0.452,0.344,0,10,30,1,1,42,0,42,65,high_vol_range,0.0,0,,,
2026-03-24T10:35:00+05:30,portfolio_hist,PREMIUM,SKIP,idle,22660.9,25.5,1.0,0.0,0.0,1.04,0.717,0.421,0,10,35,1,1,37,0,37,65,high_vol_range,0.0,0,,,
2026-03-24T10:40:00+05:30,portfolio_hist,PREMIUM,SKIP,idle,22634.35,25.7,1.0,0.0,0.0,1.041,0.834,0.579,0,10,40,1,1,30,0,30,65,high_vol_range,0.0,0,,,
2026-03-24T10:45:00+05:30,portfolio_hist,PREMIUM,SKIP,idle,22665.9,25.59,1.0,0.0,0.0,1.041,0.696,0.579,0,10,45,1,1,30,0,30,65,high_vol_range,0.0,0,,,
2026-03-24T10:50:00+05:30,portfolio_hist,PREMIUM,SKIP,idle,22706.45,25.57,1.0,0.0,0.0,1.041,0.518,0.579,0,10,50,1,1,30,0,30,65,high_vol_range,0.0,0,,,
2026-03-24T10:55:00+05:30,portfolio_hist,PREMIUM,SKIP,idle,22672.8,25.67,1.0,0.0,0.0,1.041,0.665,0.565,0,10,55,1,1,30,0,30,65,high_vol_range,0.0,0,,,
2026-03-24T09:30:00+05:30,portfolio_hist,PREMIUM,SKIP,idle,22848.25,25.09,1.0,0.0,0.0,1.04,0.103,1.627,0,9,30,1,1,50,0,50,75,trending,0.0,0,,,
2026-03-24T09:35:00+05:30,portfolio_hist,PREMIUM,SKIP,idle,22819.1,25.18,1.0,0.0,0.0,1.04,0.024,1.627,0,9,35,1,1,50,0,50,75,trending,0.0,0,,,
2026-03-24T09:40:00+05:30,portfolio_hist,PREMIUM,SKIP,idle,22779.75,25.3,1.0,0.0,0.0,1.04,0.197,1.627,0,9,40,1,1,37,0,37,75,trending,0.0,0,,,
2026-03-24T09:45:00+05:30,portfolio_hist,PREMIUM,SKIP,idle,22719.05,25.47,1.0,0.0,0.0,1.04,0.463,0.505,0,9,45,1,1,35,0,35,75,high_vol_range,0.0,0,,,
2026-03-24T09:50:00+05:30,portfolio_hist,PREMIUM,SKIP,idle,22712.55,25.48,1.0,0.0,0.0,1.04,0.491,0.603,0,9,50,1,1,35,0,35,75,high_vol_range,0.0,0,,,
2026-03-24T09:55:00+05:30,portfolio_hist,PREMIUM,SKIP,idle,22755.45,25.34,1.0,0.0,0.0,1.04,0.303,0.603,0,9,55,1,1,35,0,35,75,high_vol_range,0.0,0,,,
2026-03-24T10:00:00+05:30,portfolio_hist,PREMIUM,SKIP,idle,22747.3,25.4,1.0,0.0,0.0,1.04,0.339,0.601,0,10,0,1,1,35,0,35,65,high_vol_range,0.0,0,,,
2026-03-24T10:05:00+05:30,portfolio_hist,PREMIUM,SKIP,idle,22715.0,25.54,1.0,0.0,0.0,1.041,0.48,0.517,0,10,5,1,1,35,0,35,65,high_vol_range,0.0,0,,,
2026-03-24T10:10:00+05:30,portfolio_hist,PREMIUM,SKIP,idle,22693.55,25.53,1.0,0.0,0.0,1.04,0.574,0.429,0,10,10,1,1,37,0,37,65,high_vol_range,0.0,0,,,
2026-03-24T10:15:00+05:30,portfolio_hist,PREMIUM,SKIP,idle,22711.4,25.5,1.0,0.0,0.0,1.04,0.496,0.374,0,10,15,1,1,42,0,42,65,high_vol_range,0.0,0,,,
2026-03-24T10:20:00+05:30,portfolio_hist,PREMIUM,SKIP,idle,22714.0,25.39,1.0,0.0,0.0,1.04,0.485,0.374,0,10,20,1,1,42,0,42,65,high_vol_range,0.0,0,,,
2026-03-24T10:25:00+05:30,portfolio_hist,PREMIUM,SKIP,idle,22760.0,25.4,1.0,0.0,0.0,1.04,0.283,0.374,0,10,25,1,1,49,0,49,65,high_vol_range,0.0,0,,,
2026-03-24T10:30:00+05:30,portfolio_hist,PREMIUM,SKIP,idle,22721.55,25.43,1.0,0.0,0.0,1.041,0.452,0.344,0,10,30,1,1,42,0,42,65,high_vol_range,0.0,0,,,
2026-03-24T10:35:00+05:30,portfolio_hist,PREMIUM,SKIP,idle,22660.9,25.5,1.0,0.0,0.0,1.04,0.717,0.421,0,10,35,1,1,37,0,37,65,high_vol_range,0.0,0,,,
2026-03-24T10:40:00+05:30,portfolio_hist,PREMIUM,SKIP,idle,22634.35,25.7,1.0,0.0,0.0,1.041,0.834,0.579,0,10,40,1,1,30,0,30,65,high_vol_range,0.0,0,,,
2026-03-24T10:45:00+05:30,portfolio_hist,PREMIUM,SKIP,idle,22665.9,25.59,1.0,0.0,0.0,1.041,0.696,0.579,0,10,45,1,1,30,0,30,65,high_vol_range,0.0,0,,,
2026-03-24T10:50:00+05:30,portfolio_hist,PREMIUM,SKIP,idle,22706.45,25.57,1.0,0.0,0.0,1.041,0.518,0.579,0,10,50,1,1,30,0,30,65,high_vol_range,0.0,0,,,
2026-03-24T10:55:00+05:30,portfolio_hist,PREMIUM,SKIP,idle,22672.8,25.67,1.0,0.0,0.0,1.041,0.665,0.565,0,10,55,1,1,30,0,30,65,high_vol_range,0.0,0,,,
2026-03-24T09:30:00+05:30,portfolio_hist,PREMIUM,SKIP,idle,22848.25,25.09,1.0,0.0,0.0,1.04,0.103,1.627,0,9,30,1,1,50,0,50,75,trending,0.0,0,,,
2026-03-24T09:35:00+05:30,portfolio_hist,PREMIUM,SKIP,idle,22819.1,25.18,1.0,0.0,0.0,1.04,0.024,1.627,0,9,35,1,1,50,0,50,75,trending,0.0,0,,,
2026-03-24T09:40:00+05:30,portfolio_hist,PREMIUM,SKIP,idle,22779.75,25.3,1.0,0.0,0.0,1.04,0.197,1.627,0,9,40,1,1,37,0,37,75,trending,0.0,0,,,
2026-03-24T09:45:00+05:30,portfolio_hist,PREMIUM,SKIP,idle,22719.05,25.47,1.0,0.0,0.0,1.04,0.463,0.505,0,9,45,1,1,35,0,35,75,high_vol_range,0.0,0,,,
2026-03-24T09:50:00+05:30,portfolio_hist,PREMIUM,SKIP,idle,22712.55,25.48,1.0,0.0,0.0,1.04,0.491,0.603,0,9,50,1,1,35,0,35,75,high_vol_range,0.0,0,,,
2026-03-24T09:55:00+05:30,portfolio_hist,PREMIUM,SKIP,idle,22755.45,25.34,1.0,0.0,0.0,1.04,0.303,0.603,0,9,55,1,1,35,0,35,75,high_vol_range,0.0,0,,,
2026-03-24T10:00:00+05:30,portfolio_hist,PREMIUM,SKIP,idle,22747.3,25.4,1.0,0.0,0.0,1.04,0.339,0.601,0,10,0,1,1,35,0,35,65,high_vol_range,0.0,0,,,
2026-03-24T10:05:00+05:30,portfolio_hist,PREMIUM,SKIP,idle,22715.0,25.54,1.0,0.0,0.0,1.041,0.48,0.517,0,10,5,1,1,35,0,35,65,high_vol_range,0.0,0,,,
2026-03-24T10:10:00+05:30,portfolio_hist,PREMIUM,SKIP,idle,22693.55,25.53,1.0,0.0,0.0,1.04,0.574,0.429,0,10,10,1,1,37,0,37,65,high_vol_range,0.0,0,,,
2026-03-24T10:15:00+05:30,portfolio_hist,PREMIUM,SKIP,idle,22711.4,25.5,1.0,0.0,0.0,1.04,0.496,0.374,0,10,15,1,1,42,0,42,65,high_vol_range,0.0,0,,,
2026-03-24T10:20:00+05:30,portfolio_hist,PREMIUM,SKIP,idle,22714.0,25.39,1.0,0.0,0.0,1.04,0.485,0.374,0,10,20,1,1,42,0,42,65,high_vol_range,0.0,0,,,
2026-03-24T10:25:00+05:30,portfolio_hist,PREMIUM,SKIP,idle,22760.0,25.4,1.0,0.0,0.0,1.04,0.283,0.374,0,10,25,1,1,49,0,49,65,high_vol_range,0.0,0,,,
2026-03-24T10:30:00+05:30,portfolio_hist,PREMIUM,SKIP,idle,22721.55,25.43,1.0,0.0,0.0,1.041,0.452,0.344,0,10,30,1,1,42,0,42,65,high_vol_range,0.0,0,,,
2026-03-24T10:35:00+05:30,portfolio_hist,PREMIUM,SKIP,idle,22660.9,25.5,1.0,0.0,0.0,1.04,0.717,0.421,0,10,35,1,1,37,0,37,65,high_vol_range,0.0,0,,,
2026-03-24T10:40:00+05:30,portfolio_hist,PREMIUM,SKIP,idle,22634.35,25.7,1.0,0.0,0.0,1.041,0.834,0.579,0,10,40,1,1,30,0,30,65,high_vol_range,0.0,0,,,
2026-03-24T10:45:00+05:30,portfolio_hist,PREMIUM,SKIP,idle,22665.9,25.59,1.0,0.0,0.0,1.041,0.696,0.579,0,10,45,1,1,30,0,30,65,high_vol_range,0.0,0,,,
2026-03-24T10:50:00+05:30,portfolio_hist,PREMIUM,SKIP,idle,22706.45,25.57,1.0,0.0,0.0,1.041,0.518,0.579,0,10,50,1,1,30,0,30,65,high_vol_range,0.0,0,,,
2026-03-24T10:55:00+05:30,portfolio_hist,PREMIUM,SKIP,idle,22672.8,25.67,1.0,0.0,0.0,1.041,0.665,0.565,0,10,55,1,1,30,0,30,65,high_vol_range,0.0,0,,,
2026-03-24T09:30:00+05:30,portfolio_hist,PREMIUM,SKIP,idle,22848.25,25.09,1.0,0.0,0.0,1.04,0.103,1.627,0,9,30,1,1,50,0,50,75,trending,0.0,0,,,
2026-03-24T09:35:00+05:30,portfolio_hist,PREMIUM,SKIP,idle,22819.1,25.18,1.0,0.0,0.0,1.04,0.024,1.627,0,9,35,1,1,50,0,50,75,trending,0.0,0,,,
2026-03-24T09:40:00+05:30,portfolio_hist,PREMIUM,SKIP,idle,22779.75,25.3,1.0,0.0,0.0,1.04,0.197,1.627,0,9,40,1,1,37,0,37,75,trending,0.0,0,,,
2026-03-24T09:45:00+05:30,portfolio_hist,PREMIUM,SKIP,idle,22719.05,25.47,1.0,0.0,0.0,1.04,0.463,0.505,0,9,45,1,1,35,0,35,75,high_vol_range,0.0,0,,,
2026-03-24T09:50:00+05:30,portfolio_hist,PREMIUM,SKIP,idle,22712.55,25.48,1.0,0.0,0.0,1.04,0.491,0.603,0,9,50,1,1,35,0,35,75,high_vol_range,0.0,0,,,
2026-03-24T09:55:00+05:30,portfolio_hist,PREMIUM,SKIP,idle,22755.45,25.34,1.0,0.0,0.0,1.04,0.303,0.603,0,9,55,1,1,35,0,35,75,high_vol_range,0.0,0,,,
2026-03-24T10:00:00+05:30,portfolio_hist,PREMIUM,SKIP,idle,22747.3,25.4,1.0,0.0,0.0,1.04,0.339,0.601,0,10,0,1,1,35,0,35,65,high_vol_range,0.0,0,,,
2026-03-24T10:05:00+05:30,portfolio_hist,PREMIUM,SKIP,idle,22715.0,25.54,1.0,0.0,0.0,1.041,0.48,0.517,0,10,5,1,1,35,0,35,65,high_vol_range,0.0,0,,,
2026-03-24T10:10:00+05:30,portfolio_hist,PREMIUM,SKIP,idle,22693.55,25.53,1.0,0.0,0.0,1.04,0.574,0.429,0,10,10,1,1,37,0,37,65,high_vol_range,0.0,0,,,
2026-03-24T10:15:00+05:30,portfolio_hist,PREMIUM,SKIP,idle,22711.4,25.5,1.0,0.0,0.0,1.04,0.496,0.374,0,10,15,1,1,42,0,42,65,high_vol_range,0.0,0,,,
2026-03-24T10:20:00+05:30,portfolio_hist,PREMIUM,SKIP,idle,22714.0,25.39,1.0,0.0,0.0,1.04,0.485,0.374,0,10,20,1,1,42,0,42,65,high_vol_range,0.0,0,,,
2026-03-24T10:25:00+05:30,portfolio_hist,PREMIUM,SKIP,idle,22760.0,25.4,1.0,0.0,0.0,1.04,0.283,0.374,0,10,25,1,1,49,0,49,65,high_vol_range,0.0,0,,,
2026-03-24T10:30:00+05:30,portfolio_hist,PREMIUM,SKIP,idle,22721.55,25.43,1.0,0.0,0.0,1.041,0.452,0.344,0,10,30,1,1,42,0,42,65,high_vol_range,0.0,0,,,
2026-03-24T10:35:00+05:30,portfolio_hist,PREMIUM,SKIP,idle,22660.9,25.5,1.0,0.0,0.0,1.04,0.717,0.421,0,10,35,1,1,37,0,37,65,high_vol_range,0.0,0,,,
2026-03-24T10:40:00+05:30,portfolio_hist,PREMIUM,SKIP,idle,22634.35,25.7,1.0,0.0,0.0,1.041,0.834,0.579,0,10,40,1,1,30,0,30,65,high_vol_range,0.0,0,,,
2026-03-24T10:45:00+05:30,portfolio_hist,PREMIUM,SKIP,idle,22665.9,25.59,1.0,0.0,0.0,1.041,0.696,0.579,0,10,45,1,1,30,0,30,65,high_vol_range,0.0,0,,,
2026-03-24T10:50:00+05:30,portfolio_hist,PREMIUM,SKIP,idle,22706.45,25.57,1.0,0.0,0.0,1.041,0.518,0.579,0,10,50,1,1,30,0,30,65,high_vol_range,0.0,0,,,
2026-03-24T10:55:00+05:30,portfolio_hist,PREMIUM,SKIP,idle,22672.8,25.67,1.0,0.0,0.0,1.041,0.665,0.565,0,10,55,1,1,30,0,30,65,high_vol_range,0.0,0,,,
2026-03-24T09:30:00+05:30,portfolio_hist,PREMIUM,SKIP,idle,22848.25,25.09,1.0,0.0,0.0,1.04,0.103,1.627,0,9,30,1,1,50,0,50,75,trending,0.0,0,,,
2026-03-24T09:35:00+05:30,portfolio_hist,PREMIUM,SKIP,idle,22819.1,25.18,1.0,0.0,0.0,1.04,0.024,1.627,0,9,35,1,1,50,0,50,75,trending,0.0,0,,,
2026-03-24T09:40:00+05:30,portfolio_hist,PREMIUM,SKIP,idle,22779.75,25.3,1.0,0.0,0.0,1.04,0.197,1.627,0,9,40,1,1,37,0,37,75,trending,0.0,0,,,
2026-03-24T09:45:00+05:30,portfolio_hist,PREMIUM,SKIP,idle,22719.05,25.47,1.0,0.0,0.0,1.04,0.463,0.505,0,9,45,1,1,35,0,35,75,high_vol_range,0.0,0,,,
2026-03-24T09:50:00+05:30,portfolio_hist,PREMIUM,SKIP,idle,22712.55,25.48,1.0,0.0,0.0,1.04,0.491,0.603,0,9,50,1,1,35,0,35,75,high_vol_range,0.0,0,,,
2026-03-24T09:55:00+05:30,portfolio_hist,PREMIUM,SKIP,idle,22755.45,25.34,1.0,0.0,0.0,1.04,0.303,0.603,0,9,55,1,1,35,0,35,75,high_vol_range,0.0,0,,,
2026-03-24T10:00:00+05:30,portfolio_hist,PREMIUM,SKIP,idle,22747.3,25.4,1.0,0.0,0.0,1.04,0.339,0.601,0,10,0,1,1,35,0,35,65,high_vol_range,0.0,0,,,
2026-03-24T10:05:00+05:30,portfolio_hist,PREMIUM,SKIP,idle,22715.0,25.54,1.0,0.0,0.0,1.041,0.48,0.517,0,10,5,1,1,35,0,35,65,high_vol_range,0.0,0,,,
2026-03-24T10:10:00+05:30,portfolio_hist,PREMIUM,SKIP,idle,22693.55,25.53,1.0,0.0,0.0,1.04,0.574,0.429,0,10,10,1,1,37,0,37,65,high_vol_range,0.0,0,,,
2026-03-24T10:15:00+05:30,portfolio_hist,PREMIUM,SKIP,idle,22711.4,25.5,1.0,0.0,0.0,1.04,0.496,0.374,0,10,15,1,1,42,0,42,65,high_vol_range,0.0,0,,,
2026-03-24T10:20:00+05:30,portfolio_hist,PREMIUM,SKIP,idle,22714.0,25.39,1.0,0.0,0.0,1.04,0.485,0.374,0,10,20,1,1,42,0,42,65,high_vol_range,0.0,0,,,
2026-03-24T10:25:00+05:30,portfolio_hist,PREMIUM,SKIP,idle,22760.0,25.4,1.0,0.0,0.0,1.04,0.283,0.374,0,10,25,1,1,49,0,49,65,high_vol_range,0.0,0,,,
2026-03-24T10:30:00+05:30,portfolio_hist,PREMIUM,SKIP,idle,22721.55,25.43,1.0,0.0,0.0,1.041,0.452,0.344,0,10,30,1,1,42,0,42,65,high_vol_range,0.0,0,,,
2026-03-24T10:35:00+05:30,portfolio_hist,PREMIUM,SKIP,idle,22660.9,25.5,1.0,0.0,0.0,1.04,0.717,0.421,0,10,35,1,1,37,0,37,65,high_vol_range,0.0,0,,,
2026-03-24T10:40:00+05:30,portfolio_hist,PREMIUM,SKIP,idle,22634.35,25.7,1.0,0.0,0.0,1.041,0.834,0.579,0,10,40,1,1,30,0,30,65,high_vol_range,0.0,0,,,
2026-03-24T10:45:00+05:30,portfolio_hist,PREMIUM,SKIP,idle,22665.9,25.59,1.0,0.0,0.0,1.041,0.696,0.579,0,10,45,1,1,30,0,30,65,high_vol_range,0.0,0,,,
2026-03-24T10:50:00+05:30,portfolio_hist,PREMIUM,SKIP,idle,22706.45,25.57,1.0,0.0,0.0,1.041,0.518,0.579,0,10,50,1,1,30,0,30,65,high_vol_range,0.0,0,,,
2026-03-24T10:55:00+05:30,portfolio_hist,PREMIUM,SKIP,idle,22672.8,25.67,1.0,0.0,0.0,1.041,0.665,0.565,0,10,55,1,1,30,0,30,65,high_vol_range,0.0,0,,,
2026-03-24T09:30:00+05:30,portfolio_hist,PREMIUM,SKIP,idle,22848.25,25.09,1.0,0.0,0.0,1.04,0.103,1.627,0,9,30,1,1,50,0,50,75,trending,0.0,0,,,
2026-03-24T09:35:00+05:30,portfolio_hist,PREMIUM,SKIP,idle,22819.1,25.18,1.0,0.0,0.0,1.04,0.024,1.627,0,9,35,1,1,50,0,50,75,trending,0.0,0,,,
2026-03-24T09:40:00+05:30,portfolio_hist,PREMIUM,SKIP,idle,22779.75,25.3,1.0,0.0,0.0,1.04,0.197,1.627,0,9,40,1,1,37,0,37,75,trending,0.0,0,,,
2026-03-24T09:45:00+05:30,portfolio_hist,PREMIUM,SKIP,idle,22719.05,25.47,1.0,0.0,0.0,1.04,0.463,0.505,0,9,45,1,1,35,0,35,75,high_vol_range,0.0,0,,,
2026-03-24T09:50:00+05:30,portfolio_hist,PREMIUM,SKIP,idle,22712.55,25.48,1.0,0.0,0.0,1.04,0.491,0.603,0,9,50,1,1,35,0,35,75,high_vol_range,0.0,0,,,
2026-03-24T09:55:00+05:30,portfolio_hist,PREMIUM,SKIP,idle,22755.45,25.34,1.0,0.0,0.0,1.04,0.303,0.603,0,9,55,1,1,35,0,35,75,high_vol_range,0.0,0,,,
2026-03-24T10:00:00+05:30,portfolio_hist,PREMIUM,SKIP,idle,22747.3,25.4,1.0,0.0,0.0,1.04,0.339,0.601,0,10,0,1,1,35,0,35,65,high_vol_range,0.0,0,,,
2026-03-24T10:05:00+05:30,portfolio_hist,PREMIUM,SKIP,idle,22715.0,25.54,1.0,0.0,0.0,1.041,0.48,0.517,0,10,5,1,1,35,0,35,65,high_vol_range,0.0,0,,,
2026-03-24T10:10:00+05:30,portfolio_hist,PREMIUM,SKIP,idle,22693.55,25.53,1.0,0.0,0.0,1.04,0.574,0.429,0,10,10,1,1,37,0,37,65,high_vol_range,0.0,0,,,
2026-03-24T10:15:00+05:30,portfolio_hist,PREMIUM,SKIP,idle,22711.4,25.5,1.0,0.0,0.0,1.04,0.496,0.374,0,10,15,1,1,42,0,42,65,high_vol_range,0.0,0,,,
2026-03-24T10:20:00+05:30,portfolio_hist,PREMIUM,SKIP,idle,22714.0,25.39,1.0,0.0,0.0,1.04,0.485,0.374,0,10,20,1,1,42,0,42,65,high_vol_range,0.0,0,,,
2026-03-24T10:25:00+05:30,portfolio_hist,PREMIUM,SKIP,idle,22760.0,25.4,1.0,0.0,0.0,1.04,0.283,0.374,0,10,25,1,1,49,0,49,65,high_vol_range,0.0,0,,,
2026-03-24T10:30:00+05:30,portfolio_hist,PREMIUM,SKIP,idle,22721.55,25.43,1.0,0.0,0.0,1.041,0.452,0.344,0,10,30,1,1,42,0,42,65,high_vol_range,0.0,0,,,
2026-03-24T10:35:00+05:30,portfolio_hist,PREMIUM,SKIP,idle,22660.9,25.5,1.0,0.0,0.0,1.04,0.717,0.421,0,10,35,1,1,37,0,37,65,high_vol_range,0.0,0,,,
2026-03-24T10:40:00+05:30,portfolio_hist,PREMIUM,SKIP,idle,22634.35,25.7,1.0,0.0,0.0,1.041,0.834,0.579,0,10,40,1,1,30,0,30,65,high_vol_range,0.0,0,,,
2026-03-24T10:45:00+05:30,portfolio_hist,PREMIUM,SKIP,idle,22665.9,25.59,1.0,0.0,0.0,1.041,0.696,0.579,0,10,45,1,1,30,0,30,65,high_vol_range,0.0,0,,,
2026-03-24T10:50:00+05:30,portfolio_hist,PREMIUM,SKIP,idle,22706.45,25.57,1.0,0.0,0.0,1.041,0.518,0.579,0,10,50,1,1,30,0,30,65,high_vol_range,0.0,0,,,
2026-03-24T10:55:00+05:30,portfolio_hist,PREMIUM,SKIP,idle,22672.8,25.67,1.0,0.0,0.0,1.041,0.665,0.565,0,10,55,1,1,30,0,30,65,high_vol_range,0.0,0,,,
2026-03-24T09:30:00+05:30,portfolio_hist,PREMIUM,SKIP,idle,22848.25,25.09,1.0,0.0,0.0,1.04,0.103,1.627,0,9,30,1,1,50,0,50,75,trending,0.0,0,,,
2026-03-24T09:35:00+05:30,portfolio_hist,PREMIUM,SKIP,idle,22819.1,25.18,1.0,0.0,0.0,1.04,0.024,1.627,0,9,35,1,1,50,0,50,75,trending,0.0,0,,,
2026-03-24T09:40:00+05:30,portfolio_hist,PREMIUM,SKIP,idle,22779.75,25.3,1.0,0.0,0.0,1.04,0.197,1.627,0,9,40,1,1,37,0,37,75,trending,0.0,0,,,
2026-03-24T09:45:00+05:30,portfolio_hist,PREMIUM,SKIP,idle,22719.05,25.47,1.0,0.0,0.0,1.04,0.463,0.505,0,9,45,1,1,35,0,35,75,high_vol_range,0.0,0,,,
2026-03-24T09:50:00+05:30,portfolio_hist,PREMIUM,SKIP,idle,22712.55,25.48,1.0,0.0,0.0,1.04,0.491,0.603,0,9,50,1,1,35,0,35,75,high_vol_range,0.0,0,,,
2026-03-24T09:55:00+05:30,portfolio_hist,PREMIUM,SKIP,idle,22755.45,25.34,1.0,0.0,0.0,1.04,0.303,0.603,0,9,55,1,1,35,0,35,75,high_vol_range,0.0,0,,,
2026-03-24T10:00:00+05:30,portfolio_hist,PREMIUM,SKIP,idle,22747.3,25.4,1.0,0.0,0.0,1.04,0.339,0.601,0,10,0,1,1,35,0,35,65,high_vol_range,0.0,0,,,
2026-03-24T10:05:00+05:30,portfolio_hist,PREMIUM,SKIP,idle,22715.0,25.54,1.0,0.0,0.0,1.041,0.48,0.517,0,10,5,1,1,35,0,35,65,high_vol_range,0.0,0,,,
2026-03-24T10:10:00+05:30,portfolio_hist,PREMIUM,SKIP,idle,22693.55,25.53,1.0,0.0,0.0,1.04,0.574,0.429,0,10,10,1,1,37,0,37,65,high_vol_range,0.0,0,,,
2026-03-24T10:15:00+05:30,portfolio_hist,PREMIUM,SKIP,idle,22711.4,25.5,1.0,0.0,0.0,1.04,0.496,0.374,0,10,15,1,1,42,0,42,65,high_vol_range,0.0,0,,,
2026-03-24T10:20:00+05:30,portfolio_hist,PREMIUM,SKIP,idle,22714.0,25.39,1.0,0.0,0.0,1.04,0.485,0.374,0,10,20,1,1,42,0,42,65,high_vol_range,0.0,0,,,
2026-03-24T10:25:00+05:30,portfolio_hist,PREMIUM,SKIP,idle,22760.0,25.4,1.0,0.0,0.0,1.04,0.283,0.374,0,10,25,1,1,49,0,49,65,high_vol_range,0.0,0,,,
2026-03-24T10:30:00+05:30,portfolio_hist,PREMIUM,SKIP,idle,22721.55,25.43,1.0,0.0,0.0,1.041,0.452,0.344,0,10,30,1,1,42,0,42,65,high_vol_range,0.0,0,,,
2026-03-24T10:35:00+05:30,portfolio_hist,PREMIUM,SKIP,idle,22660.9,25.5,1.0,0.0,0.0,1.04,0.717,0.421,0,10,35,1,1,37,0,37,65,high_vol_range,0.0,0,,,
2026-03-24T10:40:00+05:30,portfolio_hist,PREMIUM,SKIP,idle,22634.35,25.7,1.0,0.0,0.0,1.041,0.834,0.579,0,10,40,1,1,30,0,30,65,high_vol_range,0.0,0,,,
2026-03-24T10:45:00+05:30,portfolio_hist,PREMIUM,SKIP,idle,22665.9,25.59,1.0,0.0,0.0,1.041,0.696,0.579,0,10,45,1,1,30,0,30,65,high_vol_range,0.0,0,,,
2026-03-24T10:50:00+05:30,portfolio_hist,PREMIUM,SKIP,idle,22706.45,25.57,1.0,0.0,0.0,1.041,0.518,0.579,0,10,50,1,1,30,0,30,65,high_vol_range,0.0,0,,,
2026-03-24T10:55:00+05:30,portfolio_hist,PREMIUM,SKIP,idle,22672.8,25.67,1.0,0.0,0.0,1.041,0.665,0.565,0,10,55,1,1,30,0,30,65,high_vol_range,0.0,0,,,
2026-03-24T09:30:00+05:30,portfolio_hist,PREMIUM,SKIP,idle,22848.25,25.09,1.0,0.0,0.0,1.04,0.103,1.627,0,9,30,1,1,50,0,50,75,trending,0.0,0,,,
2026-03-24T09:35:00+05:30,portfolio_hist,PREMIUM,SKIP,idle,22819.1,25.18,1.0,0.0,0.0,1.04,0.024,1.627,0,9,35,1,1,50,0,50,75,trending,0.0,0,,,
2026-03-24T09:40:00+05:30,portfolio_hist,PREMIUM,SKIP,idle,22779.75,25.3,1.0,0.0,0.0,1.04,0.197,1.627,0,9,40,1,1,37,0,37,75,trending,0.0,0,,,
2026-03-24T09:45:00+05:30,portfolio_hist,PREMIUM,SKIP,idle,22719.05,25.47,1.0,0.0,0.0,1.04,0.463,0.505,0,9,45,1,1,35,0,35,75,high_vol_range,0.0,0,,,
2026-03-24T09:50:00+05:30,portfolio_hist,PREMIUM,SKIP,idle,22712.55,25.48,1.0,0.0,0.0,1.04,0.491,0.603,0,9,50,1,1,35,0,35,75,high_vol_range,0.0,0,,,
2026-03-24T09:55:00+05:30,portfolio_hist,PREMIUM,SKIP,idle,22755.45,25.34,1.0,0.0,0.0,1.04,0.303,0.603,0,9,55,1,1,35,0,35,75,high_vol_range,0.0,0,,,
2026-03-24T10:00:00+05:30,portfolio_hist,PREMIUM,SKIP,idle,22747.3,25.4,1.0,0.0,0.0,1.04,0.339,0.601,0,10,0,1,1,35,0,35,65,high_vol_range,0.0,0,,,
2026-03-24T10:05:00+05:30,portfolio_hist,PREMIUM,SKIP,idle,22715.0,25.54,1.0,0.0,0.0,1.041,0.48,0.517,0,10,5,1,1,35,0,35,65,high_vol_range,0.0,0,,,
2026-03-24T10:10:00+05:30,portfolio_hist,PREMIUM,SKIP,idle,22693.55,25.53,1.0,0.0,0.0,1.04,0.574,0.429,0,10,10,1,1,37,0,37,65,high_vol_range,0.0,0,,,
2026-03-24T10:15:00+05:30,portfolio_hist,PREMIUM,SKIP,idle,22711.4,25.5,1.0,0.0,0.0,1.04,0.496,0.374,0,10,15,1,1,42,0,42,65,high_vol_range,0.0,0,,,
2026-03-24T10:20:00+05:30,portfolio_hist,PREMIUM,SKIP,idle,22714.0,25.39,1.0,0.0,0.0,1.04,0.485,0.374,0,10,20,1,1,42,0,42,65,high_vol_range,0.0,0,,,
2026-03-24T10:25:00+05:30,portfolio_hist,PREMIUM,SKIP,idle,22760.0,25.4,1.0,0.0,0.0,1.04,0.283,0.374,0,10,25,1,1,49,0,49,65,high_vol_range,0.0,0,,,
2026-03-24T10:30:00+05:30,portfolio_hist,PREMIUM,SKIP,idle,22721.55,25.43,1.0,0.0,0.0,1.041,0.452,0.344,0,10,30,1,1,42,0,42,65,high_vol_range,0.0,0,,,
2026-03-24T10:35:00+05:30,portfolio_hist,PREMIUM,SKIP,idle,22660.9,25.5,1.0,0.0,0.0,1.04,0.717,0.421,0,10,35,1,1,37,0,37,65,high_vol_range,0.0,0,,,
2026-03-24T10:40:00+05:30,portfolio_hist,PREMIUM,SKIP,idle,22634.35,25.7,1.0,0.0,0.0,1.041,0.834,0.579,0,10,40,1,1,30,0,30,65,high_vol_range,0.0,0,,,
2026-03-24T10:45:00+05:30,portfolio_hist,PREMIUM,SKIP,idle,22665.9,25.59,1.0,0.0,0.0,1.041,0.696,0.579,0,10,45,1,1,30,0,30,65,high_vol_range,0.0,0,,,
2026-03-24T10:50:00+05:30,portfolio_hist,PREMIUM,SKIP,idle,22706.45,25.57,1.0,0.0,0.0,1.041,0.518,0.579,0,10,50,1,1,30,0,30,65,high_vol_range,0.0,0,,,
2026-03-24T10:55:00+05:30,portfolio_hist,PREMIUM,SKIP,idle,22672.8,25.67,1.0,0.0,0.0,1.041,0.665,0.565,0,10,55,1,1,30,0,30,65,high_vol_range,0.0,0,,,
2026-03-24T09:30:00+05:30,portfolio_hist,PREMIUM,SKIP,idle,22848.25,25.09,1.0,0.0,0.0,1.04,0.103,1.627,0,9,30,1,1,50,0,50,75,trending,0.0,0,,,
2026-03-24T09:35:00+05:30,portfolio_hist,PREMIUM,SKIP,idle,22819.1,25.18,1.0,0.0,0.0,1.04,0.024,1.627,0,9,35,1,1,50,0,50,75,trending,0.0,0,,,
2026-03-24T09:40:00+05:30,portfolio_hist,PREMIUM,SKIP,idle,22779.75,25.3,1.0,0.0,0.0,1.04,0.197,1.627,0,9,40,1,1,37,0,37,75,trending,0.0,0,,,
2026-03-24T09:45:00+05:30,portfolio_hist,PREMIUM,SKIP,idle,22719.05,25.47,1.0,0.0,0.0,1.04,0.463,0.505,0,9,45,1,1,35,0,35,75,high_vol_range,0.0,0,,,
2026-03-24T09:50:00+05:30,portfolio_hist,PREMIUM,SKIP,idle,22712.55,25.48,1.0,0.0,0.0,1.04,0.491,0.603,0,9,50,1,1,35,0,35,75,high_vol_range,0.0,0,,,
2026-03-24T09:55:00+05:30,portfolio_hist,PREMIUM,SKIP,idle,22755.45,25.34,1.0,0.0,0.0,1.04,0.303,0.603,0,9,55,1,1,35,0,35,75,high_vol_range,0.0,0,,,
2026-03-24T10:00:00+05:30,portfolio_hist,PREMIUM,SKIP,idle,22747.3,25.4,1.0,0.0,0.0,1.04,0.339,0.601,0,10,0,1,1,35,0,35,65,high_vol_range,0.0,0,,,
2026-03-24T10:05:00+05:30,portfolio_hist,PREMIUM,SKIP,idle,22715.0,25.54,1.0,0.0,0.0,1.041,0.48,0.517,0,10,5,1,1,35,0,35,65,high_vol_range,0.0,0,,,
2026-03-24T10:10:00+05:30,portfolio_hist,PREMIUM,SKIP,idle,22693.55,25.53,1.0,0.0,0.0,1.04,0.574,0.429,0,10,10,1,1,37,0,37,65,high_vol_range,0.0,0,,,
2026-03-24T10:15:00+05:30,portfolio_hist,PREMIUM,SKIP,idle,22711.4,25.5,1.0,0.0,0.0,1.04,0.496,0.374,0,10,15,1,1,42,0,42,65,high_vol_range,0.0,0,,,
2026-03-24T10:20:00+05:30,portfolio_hist,PREMIUM,SKIP,idle,22714.0,25.39,1.0,0.0,0.0,1.04,0.485,0.374,0,10,20,1,1,42,0,42,65,high_vol_range,0.0,0,,,
2026-03-24T10:25:00+05:30,portfolio_hist,PREMIUM,SKIP,idle,22760.0,25.4,1.0,0.0,0.0,1.04,0.283,0.374,0,10,25,1,1,49,0,49,65,high_vol_range,0.0,0,,,
2026-03-24T10:30:00+05:30,portfolio_hist,PREMIUM,SKIP,idle,22721.55,25.43,1.0,0.0,0.0,1.041,0.452,0.344,0,10,30,1,1,42,0,42,65,high_vol_range,0.0,0,,,
2026-03-24T10:35:00+05:30,portfolio_hist,PREMIUM,SKIP,idle,22660.9,25.5,1.0,0.0,0.0,1.04,0.717,0.421,0,10,35,1,1,37,0,37,65,high_vol_range,0.0,0,,,
2026-03-24T10:40:00+05:30,portfolio_hist,PREMIUM,SKIP,idle,22634.35,25.7,1.0,0.0,0.0,1.041,0.834,0.579,0,10,40,1,1,30,0,30,65,high_vol_range,0.0,0,,,
2026-03-24T10:45:00+05:30,portfolio_hist,PREMIUM,SKIP,idle,22665.9,25.59,1.0,0.0,0.0,1.041,0.696,0.579,0,10,45,1,1,30,0,30,65,high_vol_range,0.0,0,,,
2026-03-24T10:50:00+05:30,portfolio_hist,PREMIUM,SKIP,idle,22706.45,25.57,1.0,0.0,0.0,1.041,0.518,0.579,0,10,50,1,1,30,0,30,65,high_vol_range,0.0,0,,,
2026-03-24T10:55:00+05:30,portfolio_hist,PREMIUM,SKIP,idle,22672.8,25.67,1.0,0.0,0.0,1.041,0.665,0.565,0,10,55,1,1,30,0,30,65,high_vol_range,0.0,0,,,
2026-03-24T09:30:00+05:30,portfolio_replay,PREMIUM,SKIP,idle,22848.25,25.09,1.0,0.0,0.0,1.04,0.103,1.627,0,9,30,1,1,50,0,50,75,trending,0.0,0,,,
2026-03-24T09:35:00+05:30,portfolio_replay,PREMIUM,SKIP,idle,22819.1,25.18,1.0,0.0,0.0,1.04,0.024,1.627,0,9,35,1,1,50,0,50,75,trending,0.0,0,,,
2026-03-24T09:40:00+05:30,portfolio_replay,PREMIUM,SKIP,idle,22779.75,25.3,1.0,0.0,0.0,1.04,0.197,1.627,0,9,40,1,1,37,0,37,75,trending,0.0,0,,,
2026-03-24T09:45:00+05:30,portfolio_replay,PREMIUM,SKIP,idle,22719.05,25.47,1.0,0.0,0.0,1.04,0.463,0.505,0,9,45,1,1,35,0,35,75,high_vol_range,0.0,0,,,
2026-03-24T09:50:00+05:30,portfolio_replay,PREMIUM,SKIP,idle,22712.55,25.48,1.0,0.0,0.0,1.04,0.491,0.603,0,9,50,1,1,35,0,35,75,high_vol_range,0.0,0,,,
2026-03-24T09:55:00+05:30,portfolio_replay,PREMIUM,SKIP,idle,22755.45,25.34,1.0,0.0,0.0,1.04,0.303,0.603,0,9,55,1,1,35,0,35,75,high_vol_range,0.0,0,,,
2026-03-24T10:00:00+05:30,portfolio_replay,PREMIUM,SKIP,idle,22747.3,25.4,1.0,0.0,0.0,1.04,0.339,0.601,0,10,0,1,1,35,0,35,65,high_vol_range,0.0,0,,,
2026-03-24T10:05:00+05:30,portfolio_replay,PREMIUM,SKIP,idle,22715.0,25.54,1.0,0.0,0.0,1.041,0.48,0.517,0,10,5,1,1,35,0,35,65,high_vol_range,0.0,0,,,
2026-03-24T10:10:00+05:30,portfolio_replay,PREMIUM,SKIP,idle,22693.55,25.53,1.0,0.0,0.0,1.04,0.574,0.429,0,10,10,1,1,37,0,37,65,high_vol_range,0.0,0,,,
2026-03-24T10:15:00+05:30,portfolio_replay,PREMIUM,SKIP,idle,22711.4,25.5,1.0,0.0,0.0,1.04,0.496,0.374,0,10,15,1,1,42,0,42,65,high_vol_range,0.0,0,,,
2026-03-24T10:20:00+05:30,portfolio_replay,PREMIUM,SKIP,idle,22714.0,25.39,1.0,0.0,0.0,1.04,0.485,0.374,0,10,20,1,1,42,0,42,65,high_vol_range,0.0,0,,,
2026-03-24T10:25:00+05:30,portfolio_replay,PREMIUM,SKIP,idle,22760.0,25.4,1.0,0.0,0.0,1.04,0.283,0.374,0,10,25,1,1,49,0,49,65,high_vol_range,0.0,0,,,
2026-03-24T10:30:00+05:30,portfolio_replay,PREMIUM,SKIP,idle,22721.55,25.43,1.0,0.0,0.0,1.041,0.452,0.344,0,10,30,1,1,42,0,42,65,high_vol_range,0.0,0,,,
2026-03-24T10:35:00+05:30,portfolio_replay,PREMIUM,SKIP,idle,22660.9,25.5,1.0,0.0,0.0,1.04,0.717,0.421,0,10,35,1,1,37,0,37,65,high_vol_range,0.0,0,,,
2026-03-24T10:40:00+05:30,portfolio_replay,PREMIUM,SKIP,idle,22634.35,25.7,1.0,0.0,0.0,1.041,0.834,0.579,0,10,40,1,1,30,0,30,65,high_vol_range,0.0,0,,,
2026-03-24T10:45:00+05:30,portfolio_replay,PREMIUM,SKIP,idle,22665.9,25.59,1.0,0.0,0.0,1.041,0.696,0.579,0,10,45,1,1,30,0,30,65,high_vol_range,0.0,0,,,
2026-03-24T10:50:00+05:30,portfolio_replay,PREMIUM,SKIP,idle,22706.45,25.57,1.0,0.0,0.0,1.041,0.518,0.579,0,10,50,1,1,30,0,30,65,high_vol_range,0.0,0,,,
2026-03-24T10:55:00+05:30,portfolio_replay,PREMIUM,SKIP,idle,22672.8,25.67,1.0,0.0,0.0,1.041,0.665,0.565,0,10,55,1,1,30,0,30,65,high_vol_range,0.0,0,,,
2026-03-24T09:30:00+05:30,portfolio_hist,PREMIUM,SKIP,idle,22848.25,25.09,1.0,0.0,0.0,1.04,0.103,1.627,0,9,30,1,1,50,0,50,75,trending,0.0,0,,,
2026-03-24T09:35:00+05:30,portfolio_hist,PREMIUM,SKIP,idle,22819.1,25.18,1.0,0.0,0.0,1.04,0.024,1.627,0,9,35,1,1,50,0,50,75,trending,0.0,0,,,
2026-03-24T09:40:00+05:30,portfolio_hist,PREMIUM,SKIP,idle,22779.75,25.3,1.0,0.0,0.0,1.04,0.197,1.627,0,9,40,1,1,37,0,37,75,trending,0.0,0,,,
2026-03-24T09:45:00+05:30,portfolio_hist,PREMIUM,SKIP,idle,22719.05,25.47,1.0,0.0,0.0,1.04,0.463,0.505,0,9,45,1,1,35,0,35,75,high_vol_range,0.0,0,,,
2026-03-24T09:50:00+05:30,portfolio_hist,PREMIUM,SKIP,idle,22712.55,25.48,1.0,0.0,0.0,1.04,0.491,0.603,0,9,50,1,1,35,0,35,75,high_vol_range,0.0,0,,,
2026-03-24T09:55:00+05:30,portfolio_hist,PREMIUM,SKIP,idle,22755.45,25.34,1.0,0.0,0.0,1.04,0.303,0.603,0,9,55,1,1,35,0,35,75,high_vol_range,0.0,0,,,
2026-03-24T10:00:00+05:30,portfolio_hist,PREMIUM,SKIP,idle,22747.3,25.4,1.0,0.0,0.0,1.04,0.339,0.601,0,10,0,1,1,35,0,35,65,high_vol_range,0.0,0,,,
2026-03-24T10:05:00+05:30,portfolio_hist,PREMIUM,SKIP,idle,22715.0,25.54,1.0,0.0,0.0,1.041,0.48,0.517,0,10,5,1,1,35,0,35,65,high_vol_range,0.0,0,,,
2026-03-24T10:10:00+05:30,portfolio_hist,PREMIUM,SKIP,idle,22693.55,25.53,1.0,0.0,0.0,1.04,0.574,0.429,0,10,10,1,1,37,0,37,65,high_vol_range,0.0,0,,,
2026-03-24T10:15:00+05:30,portfolio_hist,PREMIUM,SKIP,idle,22711.4,25.5,1.0,0.0,0.0,1.04,0.496,0.374,0,10,15,1,1,42,0,42,65,high_vol_range,0.0,0,,,
2026-03-24T10:20:00+05:30,portfolio_hist,PREMIUM,SKIP,idle,22714.0,25.39,1.0,0.0,0.0,1.04,0.485,0.374,0,10,20,1,1,42,0,42,65,high_vol_range,0.0,0,,,
2026-03-24T10:25:00+05:30,portfolio_hist,PREMIUM,SKIP,idle,22760.0,25.4,1.0,0.0,0.0,1.04,0.283,0.374,0,10,25,1,1,49,0,49,65,high_vol_range,0.0,0,,,
2026-03-24T10:30:00+05:30,portfolio_hist,PREMIUM,SKIP,idle,22721.55,25.43,1.0,0.0,0.0,1.041,0.452,0.344,0,10,30,1,1,42,0,42,65,high_vol_range,0.0,0,,,
2026-03-24T10:35:00+05:30,portfolio_hist,PREMIUM,SKIP,idle,22660.9,25.5,1.0,0.0,0.0,1.04,0.717,0.421,0,10,35,1,1,37,0,37,65,high_vol_range,0.0,0,,,
2026-03-24T10:40:00+05:30,portfolio_hist,PREMIUM,SKIP,idle,22634.35,25.7,1.0,0.0,0.0,1.041,0.834,0.579,0,10,40,1,1,30,0,30,65,high_vol_range,0.0,0,,,
2026-03-24T10:45:00+05:30,portfolio_hist,PREMIUM,SKIP,idle,22665.9,25.59,1.0,0.0,0.0,1.041,0.696,0.579,0,10,45,1,1,30,0,30,65,high_vol_range,0.0,0,,,
2026-03-24T10:50:00+05:30,portfolio_hist,PREMIUM,SKIP,idle,22706.45,25.57,1.0,0.0,0.0,1.041,0.518,0.579,0,10,50,1,1,30,0,30,65,high_vol_range,0.0,0,,,
2026-03-24T10:55:00+05:30,portfolio_hist,PREMIUM,SKIP,idle,22672.8,25.67,1.0,0.0,0.0,1.041,0.665,0.565,0,10,55,1,1,30,0,30,65,high_vol_range,0.0,0,,,
2026-03-24T09:30:00+05:30,portfolio_replay,PREMIUM,SKIP,idle,22848.25,25.09,1.0,0.0,0.0,1.04,0.103,1.627,0,9,30,1,1,50,0,50,75,trending,0.0,0,,,
2026-03-24T09:35:00+05:30,portfolio_replay,PREMIUM,SKIP,idle,22819.1,25.18,1.0,0.0,0.0,1.04,0.024,1.627,0,9,35,1,1,50,0,50,75,trending,0.0,0,,,
2026-03-24T09:40:00+05:30,portfolio_replay,PREMIUM,SKIP,idle,22779.75,25.3,1.0,0.0,0.0,1.04,0.197,1.627,0,9,40,1,1,37,0,37,75,trending,0.0,0,,,
2026-03-24T09:45:00+05:30,portfolio_replay,PREMIUM,SKIP,idle,22719.05,25.47,1.0,0.0,0.0,1.04,0.463,0.505,0,9,45,1,1,35,0,35,75,high_vol_range,0.0,0,,,
2026-03-24T09:50:00+05:30,portfolio_replay,PREMIUM,SKIP,idle,22712.55,25.48,1.0,0.0,0.0,1.04,0.491,0.603,0,9,50,1,1,35,0,35,75,high_vol_range,0.0,0,,,
2026-03-24T09:55:00+05:30,portfolio_replay,PREMIUM,SKIP,idle,22755.45,25.34,1.0,0.0,0.0,1.04,0.303,0.603,0,9,55,1,1,35,0,35,75,high_vol_range,0.0,0,,,
2026-03-24T10:00:00+05:30,portfolio_replay,PREMIUM,SKIP,idle,22747.3,25.4,1.0,0.0,0.0,1.04,0.339,0.601,0,10,0,1,1,35,0,35,65,high_vol_range,0.0,0,,,
2026-03-24T10:05:00+05:30,portfolio_replay,PREMIUM,SKIP,idle,22715.0,25.54,1.0,0.0,0.0,1.041,0.48,0.517,0,10,5,1,1,35,0,35,65,high_vol_range,0.0,0,,,
2026-03-24T10:10:00+05:30,portfolio_replay,PREMIUM,SKIP,idle,22693.55,25.53,1.0,0.0,0.0,1.04,0.574,0.429,0,10,10,1,1,37,0,37,65,high_vol_range,0.0,0,,,
2026-03-24T10:15:00+05:30,portfolio_replay,PREMIUM,SKIP,idle,22711.4,25.5,1.0,0.0,0.0,1.04,0.496,0.374,0,10,15,1,1,42,0,42,65,high_vol_range,0.0,0,,,
2026-03-24T10:20:00+05:30,portfolio_replay,PREMIUM,SKIP,idle,22714.0,25.39,1.0,0.0,0.0,1.04,0.485,0.374,0,10,20,1,1,42,0,42,65,high_vol_range,0.0,0,,,
2026-03-24T10:25:00+05:30,portfolio_replay,PREMIUM,SKIP,idle,22760.0,25.4,1.0,0.0,0.0,1.04,0.283,0.374,0,10,25,1,1,49,0,49,65,high_vol_range,0.0,0,,,
2026-03-24T10:30:00+05:30,portfolio_replay,PREMIUM,SKIP,idle,22721.55,25.43,1.0,0.0,0.0,1.041,0.452,0.344,0,10,30,1,1,42,0,42,65,high_vol_range,0.0,0,,,
2026-03-24T10:35:00+05:30,portfolio_replay,PREMIUM,SKIP,idle,22660.9,25.5,1.0,0.0,0.0,1.04,0.717,0.421,0,10,35,1,1,37,0,37,65,high_vol_range,0.0,0,,,
2026-03-24T10:40:00+05:30,portfolio_replay,PREMIUM,SKIP,idle,22634.35,25.7,1.0,0.0,0.0,1.041,0.834,0.579,0,10,40,1,1,30,0,30,65,high_vol_range,0.0,0,,,
2026-03-24T10:45:00+05:30,portfolio_replay,PREMIUM,SKIP,idle,22665.9,25.59,1.0,0.0,0.0,1.041,0.696,0.579,0,10,45,1,1,30,0,30,65,high_vol_range,0.0,0,,,
2026-03-24T10:50:00+05:30,portfolio_replay,PREMIUM,SKIP,idle,22706.45,25.57,1.0,0.0,0.0,1.041,0.518,0.579,0,10,50,1,1,30,0,30,65,high_vol_range,0.0,0,,,
2026-03-24T10:55:00+05:30,portfolio_replay,PREMIUM,SKIP,idle,22672.8,25.67,1.0,0.0,0.0,1.041,0.665,0.565,0,10,55,1,1,30,0,30,65,high_vol_range,0.0,0,,,
2026-03-24T09:30:00+05:30,portfolio_hist,PREMIUM,SKIP,idle,22848.25,25.09,1.0,0.0,0.0,1.04,0.103,1.627,0,9,30,1,1,50,0,50,75,trending,0.0,0,,,
2026-03-24T09:35:00+05:30,portfolio_hist,PREMIUM,SKIP,idle,22819.1,25.18,1.0,0.0,0.0,1.04,0.024,1.627,0,9,35,1,1,50,0,50,75,trending,0.0,0,,,
2026-03-24T09:40:00+05:30,portfolio_hist,PREMIUM,SKIP,idle,22779.75,25.3,1.0,0.0,0.0,1.04,0.197,1.627,0,9,40,1,1,37,0,37,75,trending,0.0,0,,,
2026-03-24T09:45:00+05:30,portfolio_hist,PREMIUM,SKIP,idle,22719.05,25.47,1.0,0.0,0.0,1.04,0.463,0.505,0,9,45,1,1,35,0,35,75,high_vol_range,0.0,0,,,
2026-03-24T09:50:00+05:30,portfolio_hist,PREMIUM,SKIP,idle,22712.55,25.48,1.0,0.0,0.0,1.04,0.491,0.603,0,9,50,1,1,35,0,35,75,high_vol_range,0.0,0,,,
2026-03-24T09:55:00+05:30,portfolio_hist,PREMIUM,SKIP,idle,22755.45,25.34,1.0,0.0,0.0,1.04,0.303,0.603,0,9,55,1,1,35,0,35,75,high_vol_range,0.0,0,,,
2026-03-24T10:00:00+05:30,portfolio_hist,PREMIUM,SKIP,idle,22747.3,25.4,1.0,0.0,0.0,1.04,0.339,0.601,0,10,0,1,1,35,0,35,65,high_vol_range,0.0,0,,,
2026-03-24T10:05:00+05:30,portfolio_hist,PREMIUM,SKIP,idle,22715.0,25.54,1.0,0.0,0.0,1.041,0.48,0.517,0,10,5,1,1,35,0,35,65,high_vol_range,0.0,0,,,
2026-03-24T10:10:00+05:30,portfolio_hist,PREMIUM,SKIP,idle,22693.55,25.53,1.0,0.0,0.0,1.04,0.574,0.429,0,10,10,1,1,37,0,37,65,high_vol_range,0.0,0,,,
2026-03-24T10:15:00+05:30,portfolio_hist,PREMIUM,SKIP,idle,22711.4,25.5,1.0,0.0,0.0,1.04,0.496,0.374,0,10,15,1,1,42,0,42,65,high_vol_range,0.0,0,,,
2026-03-24T10:20:00+05:30,portfolio_hist,PREMIUM,SKIP,idle,22714.0,25.39,1.0,0.0,0.0,1.04,0.485,0.374,0,10,20,1,1,42,0,42,65,high_vol_range,0.0,0,,,
2026-03-24T10:25:00+05:30,portfolio_hist,PREMIUM,SKIP,idle,22760.0,25.4,1.0,0.0,0.0,1.04,0.283,0.374,0,10,25,1,1,49,0,49,65,high_vol_range,0.0,0,,,
2026-03-24T10:30:00+05:30,portfolio_hist,PREMIUM,SKIP,idle,22721.55,25.43,1.0,0.0,0.0,1.041,0.452,0.344,0,10,30,1,1,42,0,42,65,high_vol_range,0.0,0,,,
2026-03-24T10:35:00+05:30,portfolio_hist,PREMIUM,SKIP,idle,22660.9,25.5,1.0,0.0,0.0,1.04,0.717,0.421,0,10,35,1,1,37,0,37,65,high_vol_range,0.0,0,,,
2026-03-24T10:40:00+05:30,portfolio_hist,PREMIUM,SKIP,idle,22634.35,25.7,1.0,0.0,0.0,1.041,0.834,0.579,0,10,40,1,1,30,0,30,65,high_vol_range,0.0,0,,,
2026-03-24T10:45:00+05:30,portfolio_hist,PREMIUM,SKIP,idle,22665.9,25.59,1.0,0.0,0.0,1.041,0.696,0.579,0,10,45,1,1,30,0,30,65,high_vol_range,0.0,0,,,
2026-03-24T10:50:00+05:30,portfolio_hist,PREMIUM,SKIP,idle,22706.45,25.57,1.0,0.0,0.0,1.041,0.518,0.579,0,10,50,1,1,30,0,30,65,high_vol_range,0.0,0,,,
2026-03-24T10:55:00+05:30,portfolio_hist,PREMIUM,SKIP,idle,22672.8,25.67,1.0,0.0,0.0,1.041,0.665,0.565,0,10,55,1,1,30,0,30,65,high_vol_range,0.0,0,,,
2026-03-24T09:30:00+05:30,portfolio_hist,PREMIUM,SKIP,idle,22848.25,25.09,1.0,0.0,0.0,1.04,0.103,1.627,0,9,30,1,1,50,0,50,75,trending,0.0,0,,,
2026-03-24T09:35:00+05:30,portfolio_hist,PREMIUM,SKIP,idle,22819.1,25.18,1.0,0.0,0.0,1.04,0.024,1.627,0,9,35,1,1,50,0,50,75,trending,0.0,0,,,
2026-03-24T09:40:00+05:30,portfolio_hist,PREMIUM,SKIP,idle,22779.75,25.3,1.0,0.0,0.0,1.04,0.197,1.627,0,9,40,1,1,37,0,37,75,trending,0.0,0,,,
2026-03-24T09:45:00+05:30,portfolio_hist,PREMIUM,SKIP,idle,22719.05,25.47,1.0,0.0,0.0,1.04,0.463,0.505,0,9,45,1,1,35,0,35,75,high_vol_range,0.0,0,,,
2026-03-24T09:50:00+05:30,portfolio_hist,PREMIUM,SKIP,idle,22712.55,25.48,1.0,0.0,0.0,1.04,0.491,0.603,0,9,50,1,1,35,0,35,75,high_vol_range,0.0,0,,,
2026-03-24T09:55:00+05:30,portfolio_hist,PREMIUM,SKIP,idle,22755.45,25.34,1.0,0.0,0.0,1.04,0.303,0.603,0,9,55,1,1,35,0,35,75,high_vol_range,0.0,0,,,
2026-03-24T10:00:00+05:30,portfolio_hist,PREMIUM,SKIP,idle,22747.3,25.4,1.0,0.0,0.0,1.04,0.339,0.601,0,10,0,1,1,35,0,35,65,high_vol_range,0.0,0,,,
2026-03-24T10:05:00+05:30,portfolio_hist,PREMIUM,SKIP,idle,22715.0,25.54,1.0,0.0,0.0,1.041,0.48,0.517,0,10,5,1,1,35,0,35,65,high_vol_range,0.0,0,,,
2026-03-24T10:10:00+05:30,portfolio_hist,PREMIUM,SKIP,idle,22693.55,25.53,1.0,0.0,0.0,1.04,0.574,0.429,0,10,10,1,1,37,0,37,65,high_vol_range,0.0,0,,,
2026-03-24T10:15:00+05:30,portfolio_hist,PREMIUM,SKIP,idle,22711.4,25.5,1.0,0.0,0.0,1.04,0.496,0.374,0,10,15,1,1,42,0,42,65,high_vol_range,0.0,0,,,
2026-03-24T10:20:00+05:30,portfolio_hist,PREMIUM,SKIP,idle,22714.0,25.39,1.0,0.0,0.0,1.04,0.485,0.374,0,10,20,1,1,42,0,42,65,high_vol_range,0.0,0,,,
2026-03-24T10:25:00+05:30,portfolio_hist,PREMIUM,SKIP,idle,22760.0,25.4,1.0,0.0,0.0,1.04,0.283,0.374,0,10,25,1,1,49,0,49,65,high_vol_range,0.0,0,,,
2026-03-24T10:30:00+05:30,portfolio_hist,PREMIUM,SKIP,idle,22721.55,25.43,1.0,0.0,0.0,1.041,0.452,0.344,0,10,30,1,1,42,0,42,65,high_vol_range,0.0,0,,,
2026-03-24T10:35:00+05:30,portfolio_hist,PREMIUM,SKIP,idle,22660.9,25.5,1.0,0.0,0.0,1.04,0.717,0.421,0,10,35,1,1,37,0,37,65,high_vol_range,0.0,0,,,
2026-03-24T10:40:00+05:30,portfolio_hist,PREMIUM,SKIP,idle,22634.35,25.7,1.0,0.0,0.0,1.041,0.834,0.579,0,10,40,1,1,30,0,30,65,high_vol_range,0.0,0,,,
2026-03-24T10:45:00+05:30,portfolio_hist,PREMIUM,SKIP,idle,22665.9,25.59,1.0,0.0,0.0,1.041,0.696,0.579,0,10,45,1,1,30,0,30,65,high_vol_range,0.0,0,,,
2026-03-24T10:50:00+05:30,portfolio_hist,PREMIUM,SKIP,idle,22706.45,25.57,1.0,0.0,0.0,1.041,0.518,0.579,0,10,50,1,1,30,0,30,65,high_vol_range,0.0,0,,,
2026-03-24T10:55:00+05:30,portfolio_hist,PREMIUM,SKIP,idle,22672.8,25.67,1.0,0.0,0.0,1.041,0.665,0.565,0,10,55,1,1,30,0,30,65,high_vol_range,0.0,0,,,
2026-03-24T09:30:00+05:30,portfolio_hist,PREMIUM,SKIP,idle,22848.25,25.09,1.0,0.0,0.0,1.04,0.103,1.627,0,9,30,1,1,50,0,50,75,trending,0.0,0,,,
2026-03-24T09:35:00+05:30,portfolio_hist,PREMIUM,SKIP,idle,22819.1,25.18,1.0,0.0,0.0,1.04,0.024,1.627,0,9,35,1,1,50,0,50,75,trending,0.0,0,,,
2026-03-24T09:40:00+05:30,portfolio_hist,PREMIUM,SKIP,idle,22779.75,25.3,1.0,0.0,0.0,1.04,0.197,1.627,0,9,40,1,1,37,0,37,75,trending,0.0,0,,,
2026-03-24T09:45:00+05:30,portfolio_hist,PREMIUM,SKIP,idle,22719.05,25.47,1.0,0.0,0.0,1.04,0.463,0.505,0,9,45,1,1,35,0,35,75,high_vol_range,0.0,0,,,
2026-03-24T09:50:00+05:30,portfolio_hist,PREMIUM,SKIP,idle,22712.55,25.48,1.0,0.0,0.0,1.04,0.491,0.603,0,9,50,1,1,35,0,35,75,high_vol_range,0.0,0,,,
2026-03-24T09:55:00+05:30,portfolio_hist,PREMIUM,SKIP,idle,22755.45,25.34,1.0,0.0,0.0,1.04,0.303,0.603,0,9,55,1,1,35,0,35,75,high_vol_range,0.0,0,,,
2026-03-24T10:00:00+05:30,portfolio_hist,PREMIUM,SKIP,idle,22747.3,25.4,1.0,0.0,0.0,1.04,0.339,0.601,0,10,0,1,1,35,0,35,65,high_vol_range,0.0,0,,,
2026-03-24T10:05:00+05:30,portfolio_hist,PREMIUM,SKIP,idle,22715.0,25.54,1.0,0.0,0.0,1.041,0.48,0.517,0,10,5,1,1,35,0,35,65,high_vol_range,0.0,0,,,
2026-03-24T10:10:00+05:30,portfolio_hist,PREMIUM,SKIP,idle,22693.55,25.53,1.0,0.0,0.0,1.04,0.574,0.429,0,10,10,1,1,37,0,37,65,high_vol_range,0.0,0,,,
2026-03-24T10:15:00+05:30,portfolio_hist,PREMIUM,SKIP,idle,22711.4,25.5,1.0,0.0,0.0,1.04,0.496,0.374,0,10,15,1,1,42,0,42,65,high_vol_range,0.0,0,,,
2026-03-24T10:20:00+05:30,portfolio_hist,PREMIUM,SKIP,idle,22714.0,25.39,1.0,0.0,0.0,1.04,0.485,0.374,0,10,20,1,1,42,0,42,65,high_vol_range,0.0,0,,,
2026-03-24T10:25:00+05:30,portfolio_hist,PREMIUM,SKIP,idle,22760.0,25.4,1.0,0.0,0.0,1.04,0.283,0.374,0,10,25,1,1,49,0,49,65,high_vol_range,0.0,0,,,
2026-03-24T10:30:00+05:30,portfolio_hist,PREMIUM,SKIP,idle,22721.55,25.43,1.0,0.0,0.0,1.041,0.452,0.344,0,10,30,1,1,42,0,42,65,high_vol_range,0.0,0,,,
2026-03-24T10:35:00+05:30,portfolio_hist,PREMIUM,SKIP,idle,22660.9,25.5,1.0,0.0,0.0,1.04,0.717,0.421,0,10,35,1,1,37,0,37,65,high_vol_range,0.0,0,,,
2026-03-24T10:40:00+05:30,portfolio_hist,PREMIUM,SKIP,idle,22634.35,25.7,1.0,0.0,0.0,1.041,0.834,0.579,0,10,40,1,1,30,0,30,65,high_vol_range,0.0,0,,,
2026-03-24T10:45:00+05:30,portfolio_hist,PREMIUM,SKIP,idle,22665.9,25.59,1.0,0.0,0.0,1.041,0.696,0.579,0,10,45,1,1,30,0,30,65,high_vol_range,0.0,0,,,
2026-03-24T10:50:00+05:30,portfolio_hist,PREMIUM,SKIP,idle,22706.45,25.57,1.0,0.0,0.0,1.041,0.518,0.579,0,10,50,1,1,30,0,30,65,high_vol_range,0.0,0,,,
2026-03-24T10:55:00+05:30,portfolio_hist,PREMIUM,SKIP,idle,22672.8,25.67,1.0,0.0,0.0,1.041,0.665,0.565,0,10,55,1,1,30,0,30,65,high_vol_range,0.0,0,,,
2026-03-24T09:30:00+05:30,portfolio_hist,PREMIUM,ENTER,iron_condor,22848.25,25.09,1.0,0.0,0.0,1.04,0.103,1.627,0,9,30,1,1,50,0,50,75,pre_market,11.27,75,,,
2026-03-24T09:34:00+05:30,portfolio_hist,PREMIUM,EXIT,iron_condor,22815.2,25.2,1.0,0.0,0.0,1.04,0.041,1.627,0,9,34,1,1,0,0,0,0,pre_market,0.0,0,Stop loss: premium up 50.4% (gamma-tightened),-426.0,4
2026-03-24T09:35:00+05:30,portfolio_hist,PREMIUM,ENTER,strangle,22819.1,25.18,1.0,0.0,0.0,1.04,0.024,1.627,0,9,35,1,1,50,0,50,75,pre_market,4.76,75,,,
2026-03-24T09:36:00+05:30,portfolio_hist,PREMIUM,EXIT,strangle,22823.35,25.18,1.0,0.0,0.0,1.04,0.006,1.627,0,9,36,1,1,0,0,0,0,pre_market,0.0,0,Stop loss: premium up 57.2% (gamma-tightened),-127.5,1
2026-03-24T10:05:00+05:30,portfolio_hist,TREND,ENTER,debit_spread,22715.0,25.54,1.0,0.0,0.0,1.041,0.48,0.517,0,10,5,1,1,50,0,50,60,pre_market,9.64,75,,,
2026-03-24T10:06:00+05:30,portfolio_hist,TREND,EXIT,debit_spread,22705.8,25.56,1.0,0.0,0.0,1.04,0.521,0.517,0,10,6,1,1,0,0,0,0,pre_market,0.0,0,Trend stop: lost 22.4%,-162.0,1
2026-03-24T09:30:00+05:30,portfolio_replay,PREMIUM,ENTER,strangle,22848.25,25.09,1.0,0.0,0.0,1.343,0.103,1.627,0,9,30,1,1,50,0,50,75,trending,1114.42,75,,,
2026-03-24T10:05:00+05:30,portfolio_replay,TREND,ENTER,debit_spread,22715.0,25.54,1.0,0.0,0.0,1.339,0.48,0.517,0,10,5,1,1,50,0,50,60,high_vol_range,37.4,75,,,
2026-03-24T10:33:00+05:30,portfolio_replay,TREND,EXIT,debit_spread,22680.85,25.51,1.0,0.0,0.0,1.338,0.63,0.344,0,10,33,1,1,0,0,0,0,high_vol_range,0.0,0,Trend stop: lost 24.3%,-682.5,28
2026-03-24T15:15:00+05:30,portfolio_replay,PREMIUM,EXIT,strangle,22883.3,24.71,1.0,0.0,0.0,1.344,0.257,0.191,0,15,15,1,1,0,0,0,0,high_vol_range,0.0,0,Time exit,-42.0,345
2026-03-24T09:30:00+05:30,portfolio_hist,PREMIUM,ENTER,iron_condor,22848.25,25.09,1.0,0.0,0.0,1.04,0.103,1.627,0,9,30,1,1,50,0,50,75,choppy,11.27,75,,,
2026-03-24T09:34:00+05:30,portfolio_hist,PREMIUM,EXIT,iron_condor,22815.2,25.2,1.0,0.0,0.0,1.04,0.041,1.627,0,9,34,1,1,0,0,0,0,choppy,0.0,0,Stop loss: premium up 50.4% (gamma-tightened),-426.0,4
2026-03-24T09:35:00+05:30,portfolio_hist,PREMIUM,ENTER,strangle,22819.1,25.18,1.0,0.0,0.0,1.04,0.024,1.627,0,9,35,1,1,50,0,50,75,choppy,4.76,75,,,
2026-03-24T09:36:00+05:30,portfolio_hist,PREMIUM,EXIT,strangle,22823.35,25.18,1.0,0.0,0.0,1.04,0.006,1.627,0,9,36,1,1,0,0,0,0,choppy,0.0,0,Stop loss: premium up 57.2% (gamma-tightened),-127.5,1
2026-03-24T10:05:00+05:30,portfolio_hist,TREND,ENTER,debit_spread,22715.0,25.54,1.0,0.0,0.0,1.04,0.48,0.517,0,10,5,1,1,50,0,50,60,high_vol_range,9.43,75,,,
2026-03-24T10:06:00+05:30,portfolio_hist,TREND,EXIT,debit_spread,22705.8,25.56,1.0,0.0,0.0,1.04,0.521,0.517,0,10,6,1,1,0,0,0,0,high_vol_range,0.0,0,Trend stop: lost 22.8%,-161.25,1
2026-03-24T09:30:00+05:30,portfolio_hist,PREMIUM,ENTER,iron_condor,22848.25,25.09,1.0,0.0,0.0,1.04,0.103,1.627,0,9,30,1,1,50,0,50,75,choppy,11.27,75,,,
2026-03-24T09:34:00+05:30,portfolio_hist,PREMIUM,EXIT,iron_condor,22815.2,25.2,1.0,0.0,0.0,1.04,0.041,1.627,0,9,34,1,1,0,0,0,0,choppy,0.0,0,Stop loss: premium up 50.4% (gamma-tightened),-426.0,4
2026-03-24T09:35:00+05:30,portfolio_hist,PREMIUM,ENTER,strangle,22819.1,25.18,1.0,0.0,0.0,1.04,0.024,1.627,0,9,35,1,1,50,0,50,75,choppy,4.76,75,,,
2026-03-24T09:36:00+05:30,portfolio_hist,PREMIUM,EXIT,strangle,22823.35,25.18,1.0,0.0,0.0,1.04,0.006,1.627,0,9,36,1,1,0,0,0,0,choppy,0.0,0,Stop loss: premium up 57.2% (gamma-tightened),-127.5,1
2026-03-24T10:05:00+05:30,portfolio_hist,TREND,ENTER,debit_spread,22715.0,25.54,1.0,0.0,0.0,1.04,0.48,0.517,0,10,5,1,1,50,0,50,60,high_vol_range,9.43,75,,,
2026-03-24T10:06:00+05:30,portfolio_hist,TREND,EXIT,debit_spread,22705.8,25.56,1.0,0.0,0.0,1.04,0.521,0.517,0,10,6,1,1,0,0,0,0,high_vol_range,0.0,0,Trend stop: lost 22.8%,-161.25,1
2026-03-24T09:30:00+05:30,portfolio_hist,PREMIUM,ENTER,iron_condor,22848.25,25.09,1.0,0.0,0.0,1.04,0.103,1.627,0,9,30,1,1,50,0,50,75,conflicted,11.27,75,,,
2026-03-24T09:34:00+05:30,portfolio_hist,PREMIUM,EXIT,iron_condor,22815.2,25.2,1.0,0.0,0.0,1.04,0.041,1.627,0,9,34,1,1,0,0,0,0,conflicted,0.0,0,Stop loss: premium up 50.4% (gamma-tightened),-426.0,4
2026-03-24T09:35:00+05:30,portfolio_hist,PREMIUM,ENTER,strangle,22819.1,25.18,1.0,0.0,0.0,1.04,0.024,1.627,0,9,35,1,1,50,0,50,75,conflicted,4.76,75,,,
2026-03-24T09:36:00+05:30,portfolio_hist,PREMIUM,EXIT,strangle,22823.35,25.18,1.0,0.0,0.0,1.04,0.006,1.627,0,9,36,1,1,0,0,0,0,conflicted,0.0,0,Stop loss: premium up 57.2% (gamma-tightened),-127.5,1
2026-03-24T10:05:00+05:30,portfolio_hist,TREND,ENTER,debit_spread,22715.0,25.54,1.0,0.0,0.0,1.04,0.48,0.517,0,10,5,1,1,50,0,50,60,choppy,9.43,75,,,
2026-03-24T10:06:00+05:30,portfolio_hist,TREND,EXIT,debit_spread,22705.8,25.56,1.0,0.0,0.0,1.04,0.521,0.517,0,10,6,1,1,0,0,0,0,choppy,0.0,0,Trend stop: lost 22.8%,-161.25,1
2026-03-24T09:30:00+05:30,portfolio_hist,PREMIUM,ENTER,iron_condor,22848.25,25.09,1.0,0.0,0.0,1.04,0.103,1.627,0,9,30,1,1,50,0,50,75,conflicted,11.27,75,,,
2026-03-24T09:34:00+05:30,portfolio_hist,PREMIUM,EXIT,iron_condor,22815.2,25.2,1.0,0.0,0.0,1.04,0.041,1.627,0,9,34,1,1,0,0,0,0,conflicted,0.0,0,Stop loss: premium up 50.4% (gamma-tightened),-426.0,4
2026-03-24T09:35:00+05:30,portfolio_hist,PREMIUM,ENTER,strangle,22819.1,25.18,1.0,0.0,0.0,1.04,0.024,1.627,0,9,35,1,1,50,0,50,75,conflicted,4.76,75,,,
2026-03-24T09:36:00+05:30,portfolio_hist,PREMIUM,EXIT,strangle,22823.35,25.18,1.0,0.0,0.0,1.04,0.006,1.627,0,9,36,1,1,0,0,0,0,conflicted,0.0,0,Stop loss: premium up 57.2% (gamma-tightened),-127.5,1
2026-03-24T10:05:00+05:30,portfolio_hist,TREND,ENTER,debit_spread,22715.0,25.54,1.0,0.0,0.0,1.04,0.48,0.517,0,10,5,1,1,50,0,50,60,choppy,9.43,75,,,
2026-03-24T10:06:00+05:30,portfolio_hist,TREND,EXIT,debit_spread,22705.8,25.56,1.0,0.0,0.0,1.04,0.521,0.517,0,10,6,1,1,0,0,0,0,choppy,0.0,0,Trend stop: lost 22.8%,-161.25,1
2026-03-24T09:30:00+05:30,portfolio_hist,PREMIUM,ENTER,iron_condor,22848.25,25.09,1.0,0.0,0.0,1.04,0.103,1.627,0,9,30,1,1,50,0,50,75,conflicted,11.27,75,,,
2026-03-24T09:34:00+05:30,portfolio_hist,PREMIUM,EXIT,iron_condor,22815.2,25.2,1.0,0.0,0.0,1.04,0.041,1.627,0,9,34,1,1,0,0,0,0,conflicted,0.0,0,Stop loss: premium up 50.4% (gamma-tightened),-426.0,4
2026-03-24T09:35:00+05:30,portfolio_hist,PREMIUM,ENTER,strangle,22819.1,25.18,1.0,0.0,0.0,1.04,0.024,1.627,0,9,35,1,1,50,0,50,75,conflicted,4.76,75,,,
2026-03-24T09:36:00+05:30,portfolio_hist,PREMIUM,EXIT,strangle,22823.35,25.18,1.0,0.0,0.0,1.04,0.006,1.627,0,9,36,1,1,0,0,0,0,conflicted,0.0,0,Stop loss: premium up 57.2% (gamma-tightened),-127.5,1
2026-03-24T10:05:00+05:30,portfolio_hist,TREND,ENTER,debit_spread,22715.0,25.54,1.0,0.0,0.0,1.04,0.48,0.517,0,10,5,1,1,50,0,50,60,choppy,9.43,75,,,
2026-03-24T10:06:00+05:30,portfolio_hist,TREND,EXIT,debit_spread,22705.8,25.56,1.0,0.0,0.0,1.04,0.521,0.517,0,10,6,1,1,0,0,0,0,choppy,0.0,0,Trend stop: lost 22.8%,-161.25,1
2026-03-24T09:30:00+05:30,portfolio_hist,PREMIUM,ENTER,iron_condor,22848.25,25.09,1.0,0.0,0.0,1.04,0.103,1.627,0,9,30,1,1,50,0,50,75,conflicted,11.27,75,,,
2026-03-24T09:34:00+05:30,portfolio_hist,PREMIUM,EXIT,iron_condor,22815.2,25.2,1.0,0.0,0.0,1.04,0.041,1.627,0,9,34,1,1,0,0,0,0,conflicted,0.0,0,Stop loss: premium up 50.4% (gamma-tightened),-426.0,4
2026-03-24T09:35:00+05:30,portfolio_hist,PREMIUM,ENTER,strangle,22819.1,25.18,1.0,0.0,0.0,1.04,0.024,1.627,0,9,35,1,1,50,0,50,75,conflicted,4.76,75,,,
2026-03-24T09:36:00+05:30,portfolio_hist,PREMIUM,EXIT,strangle,22823.35,25.18,1.0,0.0,0.0,1.04,0.006,1.627,0,9,36,1,1,0,0,0,0,conflicted,0.0,0,Stop loss: premium up 57.2% (gamma-tightened),-127.5,1
2026-03-24T10:05:00+05:30,portfolio_hist,TREND,ENTER,debit_spread,22715.0,25.54,1.0,0.0,0.0,1.04,0.48,0.517,0,10,5,1,1,50,0,50,60,choppy,9.43,75,,,
2026-03-24T10:06:00+05:30,portfolio_hist,TREND,EXIT,debit_spread,22705.8,25.56,1.0,0.0,0.0,1.04,0.521,0.517,0,10,6,1,1,0,0,0,0,choppy,0.0,0,Trend stop: lost 22.8%,-161.25,1
2026-03-24T09:30:00+05:30,portfolio_hist,PREMIUM,ENTER,iron_condor,22848.25,25.09,1.0,0.0,0.0,1.04,0.103,1.627,0,9,30,1,1,50,0,50,75,conflicted,11.27,75,,,
2026-03-24T09:34:00+05:30,portfolio_hist,PREMIUM,EXIT,iron_condor,22815.2,25.2,1.0,0.0,0.0,1.04,0.041,1.627,0,9,34,1,1,0,0,0,0,conflicted,0.0,0,Stop loss: premium up 50.4% (gamma-tightened),-426.0,4
2026-03-24T09:35:00+05:30,portfolio_hist,PREMIUM,ENTER,strangle,22819.1,25.18,1.0,0.0,0.0,1.04,0.024,1.627,0,9,35,1,1,50,0,50,75,conflicted,4.76,75,,,
2026-03-24T09:36:00+05:30,portfolio_hist,PREMIUM,EXIT,strangle,22823.35,25.18,1.0,0.0,0.0,1.04,0.006,1.627,0,9,36,1,1,0,0,0,0,conflicted,0.0,0,Stop loss: premium up 57.2% (gamma-tightened),-127.5,1
2026-03-24T10:05:00+05:30,portfolio_hist,TREND,ENTER,debit_spread,22715.0,25.54,1.0,0.0,0.0,1.04,0.48,0.517,0,10,5,1,1,50,0,50,60,choppy,9.43,75,,,
2026-03-24T10:06:00+05:30,portfolio_hist,TREND,EXIT,debit_spread,22705.8,25.56,1.0,0.0,0.0,1.04,0.521,0.517,0,10,6,1,1,0,0,0,0,choppy,0.0,0,Trend stop: lost 22.8%,-161.25,1
2026-03-24T09:30:00+05:30,portfolio_hist,PREMIUM,ENTER,iron_condor,22848.25,25.09,1.0,0.0,0.0,1.04,0.103,1.627,0,9,30,1,1,50,0,50,75,conflicted,11.27,75,,,
2026-03-24T09:34:00+05:30,portfolio_hist,PREMIUM,EXIT,iron_condor,22815.2,25.2,1.0,0.0,0.0,1.04,0.041,1.627,0,9,34,1,1,0,0,0,0,conflicted,0.0,0,Stop loss: premium up 50.4% (gamma-tightened),-426.0,4
2026-03-24T09:35:00+05:30,portfolio_hist,PREMIUM,ENTER,strangle,22819.1,25.18,1.0,0.0,0.0,1.04,0.024,1.627,0,9,35,1,1,50,0,50,75,conflicted,4.76,75,,,
2026-03-24T09:36:00+05:30,portfolio_hist,PREMIUM,EXIT,strangle,22823.35,25.18,1.0,0.0,0.0,1.04,0.006,1.627,0,9,36,1,1,0,0,0,0,conflicted,0.0,0,Stop loss: premium up 57.2% (gamma-tightened),-127.5,1
2026-03-24T10:05:00+05:30,portfolio_hist,TREND,ENTER,debit_spread,22715.0,25.54,1.0,0.0,0.0,1.04,0.48,0.517,0,10,5,1,1,50,0,50,60,choppy,9.43,75,,,
2026-03-24T10:06:00+05:30,portfolio_hist,TREND,EXIT,debit_spread,22705.8,25.56,1.0,0.0,0.0,1.04,0.521,0.517,0,10,6,1,1,0,0,0,0,choppy,0.0,0,Trend stop: lost 22.8%,-161.25,1
2026-03-24T09:30:00+05:30,portfolio_hist,PREMIUM,ENTER,iron_condor,22848.25,25.09,1.0,0.0,0.0,1.04,0.103,1.627,0,9,30,1,1,50,0,50,75,conflicted,11.27,75,,,
2026-03-24T09:34:00+05:30,portfolio_hist,PREMIUM,EXIT,iron_condor,22815.2,25.2,1.0,0.0,0.0,1.04,0.041,1.627,0,9,34,1,1,0,0,0,0,conflicted,0.0,0,Stop loss: premium up 50.4% (gamma-tightened),-426.0,4
2026-03-24T09:35:00+05:30,portfolio_hist,PREMIUM,ENTER,strangle,22819.1,25.18,1.0,0.0,0.0,1.04,0.024,1.627,0,9,35,1,1,50,0,50,75,conflicted,4.76,75,,,
2026-03-24T09:36:00+05:30,portfolio_hist,PREMIUM,EXIT,strangle,22823.35,25.18,1.0,0.0,0.0,1.04,0.006,1.627,0,9,36,1,1,0,0,0,0,conflicted,0.0,0,Stop loss: premium up 57.2% (gamma-tightened),-127.5,1
2026-03-24T10:05:00+05:30,portfolio_hist,TREND,ENTER,debit_spread,22715.0,25.54,1.0,0.0,0.0,1.04,0.48,0.517,0,10,5,1,1,50,0,50,60,choppy,9.43,75,,,
2026-03-24T10:06:00+05:30,portfolio_hist,TREND,EXIT,debit_spread,22705.8,25.56,1.0,0.0,0.0,1.04,0.521,0.517,0,10,6,1,1,0,0,0,0,choppy,0.0,0,Trend stop: lost 22.8%,-161.25,1
2026-03-24T09:30:00+05:30,portfolio_hist,PREMIUM,ENTER,iron_condor,22848.25,25.09,1.0,0.0,0.0,1.04,0.103,1.627,0,9,30,1,1,50,0,50,75,conflicted,11.27,75,,,
2026-03-24T09:34:00+05:30,portfolio_hist,PREMIUM,EXIT,iron_condor,22815.2,25.2,1.0,0.0,0.0,1.04,0.041,1.627,0,9,34,1,1,0,0,0,0,conflicted,0.0,0,Stop loss: premium up 50.4% (gamma-tightened),-426.0,4
2026-03-24T09:35:00+05:30,portfolio_hist,PREMIUM,ENTER,strangle,22819.1,25.18,1.0,0.0,0.0,1.04,0.024,1.627,0,9,35,1,1,50,0,50,75,conflicted,4.76,75,,,
2026-03-24T09:36:00+05:30,portfolio_hist,PREMIUM,EXIT,strangle,22823.35,25.18,1.0,0.0,0.0,1.04,0.006,1.627,0,9,36,1,1,0,0,0,0,conflicted,0.0,0,Stop loss: premium up 57.2% (gamma-tightened),-127.5,1
2026-03-24T10:05:00+05:30,portfolio_hist,TREND,ENTER,debit_spread,22715.0,25.54,1.0,0.0,0.0,1.04,0.48,0.517,0,10,5,1,1,50,0,50,60,choppy,9.43,75,,,
2026-03-24T10:06:00+05:30,portfolio_hist,TREND,EXIT,debit_spread,22705.8,25.56,1.0,0.0,0.0,1.04,0.521,0.517,0,10,6,1,1,0,0,0,0,choppy,0.0,0,Trend stop: lost 22.8%,-161.25,1
