timestamp,strategy_id,leg,decision,mode,spot,vix,pcr_oi,max_pain,max_pain_dist_pct,iv_skew_ratio,move_from_open_pct,morning_range_pct,dte,hour,minute,day_of_week,is_expiry,rule_score,ai_adj,final_score,threshold,regime,entry_premium,quantity,exit_reason,outcome_pnl,held_minutes
2026-02-27T09:30:00+05:30,portfolio_replay,PREMIUM,SKIP,idle,25374.05,13.39,1.0,0.0,0.0,1.036,0.16,0.535,11,9,30,4,0,50,0,50,75,normal_range,0.0,0,,,
2026-02-27T09:35:00+05:30,portfolio_replay,PREMIUM,SKIP,idle,25361.4,13.42,1.0,0.0,0.0,1.036,0.21,0.535,11,9,35,4,0,50,0,50,75,normal_range,0.0,0,,,
2026-02-27T09:40:00+05:30,portfolio_replay,PREMIUM,SKIP,idle,25373.85,13.4,1.0,0.0,0.0,1.036,0.161,0.568,11,9,40,4,0,50,0,50,75,normal_range,0.0,0,,,
2026-02-27T09:45:00+05:30,portfolio_replay,PREMIUM,SKIP,idle,25354.95,13.49,1.0,0.0,0.0,1.036,0.235,0.231,11,9,45,4,0,70,0,70,75,normal_range,0.0,0,,,
2026-02-27T09:50:00+05:30,portfolio_replay,PREMIUM,SKIP,idle,25339.6,13.54,1.0,0.0,0.0,1.036,0.295,0.265,11,9,50,4,0,70,0,70,75,normal_range,0.0,0,,,
2026-02-27T09:55:00+05:30,portfolio_replay,PREMIUM,SKIP,idle,25344.75,13.5,1.0,0.0,0.0,1.036,0.275,0.31,11,9,55,4,0,57,0,57,75,normal_range,0.0,0,,,
2026-02-27T10:00:00+05:30,portfolio_replay,PREMIUM,SKIP,idle,25331.4,13.54,1.0,0.0,0.0,1.036,0.328,0.211,11,10,0,4,0,63,0,63,65,normal_range,0.0,0,,,
2026-02-27T10:05:00+05:30,portfolio_replay,PREMIUM,SKIP,idle,25320.6,13.52,1.0,0.0,0.0,1.036,0.37,0.229,11,10,5,4,0,63,0,63,65,normal_range,0.0,0,,,
2026-02-27T10:10:00+05:30,portfolio_replay,PREMIUM,SKIP,idle,25325.85,13.5,1.0,0.0,0.0,1.036,0.35,0.241,11,10,10,4,0,63,0,63,65,normal_range,0.0,0,,,
2026-02-27T10:15:00+05:30,portfolio_replay,PREMIUM,SKIP,idle,25316.25,13.57,1.0,0.0,0.0,1.036,0.387,0.186,11,10,15,4,0,63,0,63,65,normal_range,0.0,0,,,
2026-02-27T10:20:00+05:30,portfolio_replay,PREMIUM,SKIP,idle,25297.6,13.59,1.0,0.0,0.0,1.036,0.461,0.192,11,10,20,4,0,63,0,63,65,normal_range,0.0,0,,,
2026-02-27T10:25:00+05:30,portfolio_replay,PREMIUM,SKIP,idle,25326.45,13.5,1.0,0.0,0.0,1.036,0.347,0.188,11,10,25,4,0,63,0,63,65,normal_range,0.0,0,,,
2026-02-27T10:30:00+05:30,portfolio_replay,PREMIUM,SKIP,idle,25319.9,13.5,1.0,0.0,0.0,1.036,0.373,0.136,11,10,30,4,0,63,0,63,65,normal_range,0.0,0,,,
2026-02-27T10:35:00+05:30,portfolio_replay,PREMIUM,SKIP,idle,25333.05,13.4,1.0,0.0,0.0,1.036,0.321,0.147,11,10,35,4,0,63,0,63,65,normal_range,0.0,0,,,
2026-02-27T10:36:00+05:30,portfolio_replay,PREMIUM,ENTER,iron_condor,25338.9,13.42,1.0,0.0,0.0,1.036,0.298,0.147,11,10,36,4,0,70,0,70,65,normal_range,34.23,75,,,
2026-02-27T15:15:00+05:30,portfolio_replay,PREMIUM,EXIT,iron_condor,25173.75,13.73,1.0,0.0,0.0,1.036,0.948,0.666,11,15,15,4,0,0,0,0,0,normal_range,0.0,0,Time exit,-234.0,279
2026-02-27T09:30:00+05:30,portfolio_replay,PREMIUM,SKIP,idle,25374.05,13.39,1.0,0.0,0.0,1.036,0.16,0.535,11,9,30,4,0,50,0,50,75,normal_range,0.0,0,,,
2026-02-27T09:35:00+05:30,portfolio_replay,PREMIUM,SKIP,idle,25361.4,13.42,1.0,0.0,0.0,1.036,0.21,0.535,11,9,35,4,0,50,0,50,75,normal_range,0.0,0,,,
2026-02-27T09:40:00+05:30,portfolio_replay,PREMIUM,SKIP,idle,25373.85,13.4,1.0,0.0,0.0,1.036,0.161,0.568,11,9,40,4,0,50,0,50,75,normal_range,0.0,0,,,
2026-02-27T09:45:00+05:30,portfolio_replay,PREMIUM,SKIP,idle,25354.95,13.49,1.0,0.0,0.0,1.036,0.235,0.231,11,9,45,4,0,70,0,70,75,normal_range,0.0,0,,,
2026-02-27T09:50:00+05:30,portfolio_replay,PREMIUM,SKIP,idle,25339.6,13.54,1.0,0.0,0.0,1.036,0.295,0.265,11,9,50,4,0,70,0,70,75,normal_range,0.0,0,,,
2026-02-27T09:55:00+05:30,portfolio_replay,PREMIUM,SKIP,idle,25344.75,13.5,1.0,0.0,0.0,1.036,0.275,0.31,11,9,55,4,0,57,0,57,75,normal_range,0.0,0,,,
2026-02-27T10:00:00+05:30,portfolio_replay,PREMIUM,SKIP,idle,25331.4,13.54,1.0,0.0,0.0,1.036,0.328,0.211,11,10,0,4,0,63,0,63,65,normal_range,0.0,0,,,
2026-02-27T10:05:00+05:30,portfolio_replay,PREMIUM,SKIP,idle,25320.6,13.52,1.0,0.0,0.0,1.036,0.37,0.229,11,10,5,4,0,63,0,63,65,normal_range,0.0,0,,,
2026-02-27T10:10:00+05:30,portfolio_replay,PREMIUM,SKIP,idle,25325.85,13.5,1.0,0.0,0.0,1.036,0.35,0.241,11,10,10,4,0,63,0,63,65,normal_range,0.0,0,,,
2026-02-27T10:15:00+05:30,portfolio_replay,PREMIUM,SKIP,idle,25316.25,13.57,1.0,0.0,0.0,1.036,0.387,0.186,11,10,15,4,0,63,0,63,65,normal_range,0.0,0,,,
2026-02-27T10:20:00+05:30,portfolio_replay,PREMIUM,SKIP,idle,25297.6,13.59,1.0,0.0,0.0,1.036,0.461,0.192,11,10,20,4,0,63,0,63,65,normal_range,0.0,0,,,
2026-02-27T10:25:00+05:30,portfolio_replay,PREMIUM,SKIP,idle,25326.45,13.5,1.0,0.0,0.0,1.036,0.347,0.188,11,10,25,4,0,63,0,63,65,normal_range,0.0,0,,,
2026-02-27T10:30:00+05:30,portfolio_replay,PREMIUM,SKIP,idle,25319.9,13.5,1.0,0.0,0.0,1.036,0.373,0.136,11,10,30,4,0,63,0,63,65,normal_range,0.0,0,,,
2026-02-27T10:35:00+05:30,portfolio_replay,PREMIUM,SKIP,idle,25333.05,13.4,1.0,0.0,0.0,1.036,0.321,0.147,11,10,35,4,0,63,0,63,65,normal_range,0.0,0,,,
2026-02-27T10:36:00+05:30,portfolio_replay,PREMIUM,ENTER,iron_condor,25338.9,13.42,1.0,0.0,0.0,1.036,0.298,0.147,11,10,36,4,0,70,0,70,65,normal_range,34.23,75,,,
2026-02-27T15:15:00+05:30,portfolio_replay,PREMIUM,EXIT,iron_condor,25173.75,13.73,1.0,0.0,0.0,1.036,0.948,0.666,11,15,15,4,0,0,0,0,0,normal_range,0.0,0,Time exit,-234.0,279
2026-02-27T09:30:00+05:30,portfolio_replay,PREMIUM,SKIP,idle,25374.05,13.39,1.0,0.0,0.0,1.036,0.16,0.535,11,9,30,4,0,50,0,50,75,normal_range,0.0,0,,,
2026-02-27T09:35:00+05:30,portfolio_replay,PREMIUM,SKIP,idle,25361.4,13.42,1.0,0.0,0.0,1.036,0.21,0.535,11,9,35,4,0,50,0,50,75,normal_range,0.0,0,,,
2026-02-27T09:40:00+05:30,portfolio_replay,PREMIUM,SKIP,idle,25373.85,13.4,1.0,0.0,0.0,1.036,0.161,0.568,11,9,40,4,0,50,0,50,75,normal_range,0.0,0,,,
2026-02-27T09:45:00+05:30,portfolio_replay,PREMIUM,SKIP,idle,25354.95,13.49,1.0,0.0,0.0,1.036,0.235,0.231,11,9,45,4,0,70,0,70,75,normal_range,0.0,0,,,
2026-02-27T09:50:00+05:30,portfolio_replay,PREMIUM,SKIP,idle,25339.6,13.54,1.0,0.0,0.0,1.036,0.295,0.265,11,9,50,4,0,70,0,70,75,normal_range,0.0,0,,,
2026-02-27T09:55:00+05:30,portfolio_replay,PREMIUM,SKIP,idle,25344.75,13.5,1.0,0.0,0.0,1.036,0.275,0.31,11,9,55,4,0,57,0,57,75,normal_range,0.0,0,,,
2026-02-27T10:00:00+05:30,portfolio_replay,PREMIUM,SKIP,idle,25331.4,13.54,1.0,0.0,0.0,1.036,0.328,0.211,11,10,0,4,0,63,0,63,65,normal_range,0.0,0,,,
2026-02-27T10:05:00+05:30,portfolio_replay,PREMIUM,SKIP,idle,25320.6,13.52,1.0,0.0,0.0,1.036,0.37,0.229,11,10,5,4,0,63,0,63,65,normal_range,0.0,0,,,
2026-02-27T10:10:00+05:30,portfolio_replay,PREMIUM,SKIP,idle,25325.85,13.5,1.0,0.0,0.0,1.036,0.35,0.241,11,10,10,4,0,63,0,63,65,normal_range,0.0,0,,,
2026-02-27T10:15:00+05:30,portfolio_replay,PREMIUM,SKIP,idle,25316.25,13.57,1.0,0.0,0.0,1.036,0.387,0.186,11,10,15,4,0,63,0,63,65,normal_range,0.0,0,,,
2026-02-27T10:20:00+05:30,portfolio_replay,PREMIUM,SKIP,idle,25297.6,13.59,1.0,0.0,0.0,1.036,0.461,0.192,11,10,20,4,0,63,0,63,65,normal_range,0.0,0,,,
2026-02-27T10:25:00+05:30,portfolio_replay,PREMIUM,SKIP,idle,25326.45,13.5,1.0,0.0,0.0,1.036,0.347,0.188,11,10,25,4,0,63,0,63,65,normal_range,0.0,0,,,
2026-02-27T10:30:00+05:30,portfolio_replay,PREMIUM,SKIP,idle,25319.9,13.5,1.0,0.0,0.0,1.036,0.373,0.136,11,10,30,4,0,63,0,63,65,normal_range,0.0,0,,,
2026-02-27T10:35:00+05:30,portfolio_replay,PREMIUM,SKIP,idle,25333.05,13.4,1.0,0.0,0.0,1.036,0.321,0.147,11,10,35,4,0,63,0,63,65,normal_range,0.0,0,,,
2026-02-27T10:36:00+05:30,portfolio_replay,PREMIUM,ENTER,iron_condor,25338.9,13.42,1.0,0.0,0.0,1.036,0.298,0.147,11,10,36,4,0,70,0,70,65,normal_range,34.23,75,,,
2026-02-27T15:15:00+05:30,portfolio_replay,PREMIUM,EXIT,iron_condor,25173.75,13.73,1.0,0.0,0.0,1.036,0.948,0.666,11,15,15,4,0,0,0,0,0,normal_range,0.0,0,Time exit,-234.0,279
2026-02-27T09:30:00+05:30,portfolio_replay,PREMIUM,SKIP,idle,25374.05,13.39,1.0,0.0,0.0,1.036,0.16,0.535,11,9,30,4,0,50,0,50,75,normal_range,0.0,0,,,
2026-02-27T09:35:00+05:30,portfolio_replay,PREMIUM,SKIP,idle,25361.4,13.42,1.0,0.0,0.0,1.036,0.21,0.535,11,9,35,4,0,50,0,50,75,normal_range,0.0,0,,,
2026-02-27T09:40:00+05:30,portfolio_replay,PREMIUM,SKIP,idle,25373.85,13.4,1.0,0.0,0.0,1.036,0.161,0.568,11,9,40,4,0,50,0,50,75,normal_range,0.0,0,,,
2026-02-27T09:45:00+05:30,portfolio_replay,PREMIUM,SKIP,idle,25354.95,13.49,1.0,0.0,0.0,1.036,0.235,0.231,11,9,45,4,0,70,0,70,75,normal_range,0.0,0,,,
2026-02-27T09:50:00+05:30,portfolio_replay,PREMIUM,SKIP,idle,25339.6,13.54,1.0,0.0,0.0,1.036,0.295,0.265,11,9,50,4,0,70,0,70,75,normal_range,0.0,0,,,
2026-02-27T09:55:00+05:30,portfolio_replay,PREMIUM,SKIP,idle,25344.75,13.5,1.0,0.0,0.0,1.036,0.275,0.31,11,9,55,4,0,57,0,57,75,normal_range,0.0,0,,,
2026-02-27T10:00:00+05:30,portfolio_replay,PREMIUM,SKIP,idle,25331.4,13.54,1.0,0.0,0.0,1.036,0.328,0.211,11,10,0,4,0,63,0,63,65,normal_range,0.0,0,,,
2026-02-27T10:05:00+05:30,portfolio_replay,PREMIUM,SKIP,idle,25320.6,13.52,1.0,0.0,0.0,1.036,0.37,0.229,11,10,5,4,0,63,0,63,65,normal_range,0.0,0,,,
2026-02-27T10:10:00+05:30,portfolio_replay,PREMIUM,SKIP,idle,25325.85,13.5,1.0,0.0,0.0,1.036,0.35,0.241,11,10,10,4,0,63,0,63,65,normal_range,0.0,0,,,
2026-02-27T10:15:00+05:30,portfolio_replay,PREMIUM,SKIP,idle,25316.25,13.57,1.0,0.0,0.0,1.036,0.387,0.186,11,10,15,4,0,63,0,63,65,normal_range,0.0,0,,,
2026-02-27T10:20:00+05:30,portfolio_replay,PREMIUM,SKIP,idle,25297.6,13.59,1.0,0.0,0.0,1.036,0.461,0.192,11,10,20,4,0,63,0,63,65,normal_range,0.0,0,,,
2026-02-27T10:25:00+05:30,portfolio_replay,PREMIUM,SKIP,idle,25326.45,13.5,1.0,0.0,0.0,1.036,0.347,0.188,11,10,25,4,0,63,0,63,65,normal_range,0.0,0,,,
2026-02-27T10:30:00+05:30,portfolio_replay,PREMIUM,SKIP,idle,25319.9,13.5,1.0,0.0,0.0,1.036,0.373,0.136,11,10,30,4,0,63,0,63,65,normal_range,0.0,0,,,
2026-02-27T10:35:00+05:30,portfolio_replay,PREMIUM,SKIP,idle,25333.05,13.4,1.0,0.0,0.0,1.036,0.321,0.147,11,10,35,4,0,63,0,63,65,normal_range,0.0,0,,,
2026-02-27T10:36:00+05:30,portfolio_replay,PREMIUM,ENTER,iron_condor,25338.9,13.42,1.0,0.0,0.0,1.036,0.298,0.147,11,10,36,4,0,70,0,70,65,normal_range,34.23,75,,,
2026-02-27T15:15:00+05:30,portfolio_replay,PREMIUM,EXIT,iron_condor,25173.75,13.73,1.0,0.0,0.0,1.036,0.948,0.666,11,15,15,4,0,0,0,0,0,normal_range,0.0,0,Time exit,-234.0,279
2026-02-27T09:30:00+05:30,portfolio_replay,PREMIUM,SKIP,idle,25374.05,13.39,1.0,0.0,0.0,1.036,0.16,0.535,11,9,30,4,0,50,0,50,75,normal_range,0.0,0,,,
2026-02-27T09:35:00+05:30,portfolio_replay,PREMIUM,SKIP,idle,25361.4,13.42,1.0,0.0,0.0,1.036,0.21,0.535,11,9,35,4,0,50,0,50,75,normal_range,0.0,0,,,
2026-02-27T09:40:00+05:30,portfolio_replay,PREMIUM,SKIP,idle,25373.85,13.4,1.0,0.0,0.0,1.036,0.161,0.568,11,9,40,4,0,50,0,50,75,normal_range,0.0,0,,,
2026-02-27T09:45:00+05:30,portfolio_replay,PREMIUM,SKIP,idle,25354.95,13.49,1.0,0.0,0.0,1.036,0.235,0.231,11,9,45,4,0,70,0,70,75,normal_range,0.0,0,,,
2026-02-27T09:50:00+05:30,portfolio_replay,PREMIUM,SKIP,idle,25339.6,13.54,1.0,0.0,0.0,1.036,0.295,0.265,11,9,50,4,0,70,0,70,75,normal_range,0.0,0,,,
2026-02-27T09:55:00+05:30,portfolio_replay,PREMIUM,SKIP,idle,25344.75,13.5,1.0,0.0,0.0,1.036,0.275,0.31,11,9,55,4,0,57,0,57,75,normal_range,0.0,0,,,
2026-02-27T10:00:00+05:30,portfolio_replay,PREMIUM,SKIP,idle,25331.4,13.54,1.0,0.0,0.0,1.036,0.328,0.211,11,10,0,4,0,63,0,63,65,normal_range,0.0,0,,,
2026-02-27T10:05:00+05:30,portfolio_replay,PREMIUM,SKIP,idle,25320.6,13.52,1.0,0.0,0.0,1.036,0.37,0.229,11,10,5,4,0,63,0,63,65,normal_range,0.0,0,,,
2026-02-27T10:10:00+05:30,portfolio_replay,PREMIUM,SKIP,idle,25325.85,13.5,1.0,0.0,0.0,1.036,0.35,0.241,11,10,10,4,0,63,0,63,65,normal_range,0.0,0,,,
2026-02-27T10:15:00+05:30,portfolio_replay,PREMIUM,SKIP,idle,25316.25,13.57,1.0,0.0,0.0,1.036,0.387,0.186,11,10,15,4,0,63,0,63,65,normal_range,0.0,0,,,
2026-02-27T10:20:00+05:30,portfolio_replay,PREMIUM,SKIP,idle,25297.6,13.59,1.0,0.0,0.0,1.036,0.461,0.192,11,10,20,4,0,63,0,63,65,normal_range,0.0,0,,,
2026-02-27T10:25:00+05:30,portfolio_replay,PREMIUM,SKIP,idle,25326.45,13.5,1.0,0.0,0.0,1.036,0.347,0.188,11,10,25,4,0,63,0,63,65,normal_range,0.0,0,,,
2026-02-27T10:30:00+05:30,portfolio_replay,PREMIUM,SKIP,idle,25319.9,13.5,1.0,0.0,0.0,1.036,0.373,0.136,11,10,30,4,0,63,0,63,65,normal_range,0.0,0,,,
2026-02-27T10:35:00+05:30,portfolio_replay,PREMIUM,SKIP,idle,25333.05,13.4,1.0,0.0,0.0,1.036,0.321,0.147,11,10,35,4,0,63,0,63,65,normal_range,0.0,0,,,
2026-02-27T10:36:00+05:30,portfolio_replay,PREMIUM,ENTER,iron_condor,25338.9,13.42,1.0,0.0,0.0,1.036,0.298,0.147,11,10,36,4,0,70,0,70,65,normal_range,34.23,75,,,
2026-02-27T15:15:00+05:30,portfolio_replay,PREMIUM,EXIT,iron_condor,25173.75,13.73,1.0,0.0,0.0,1.036,0.948,0.666,11,15,15,4,0,0,0,0,0,normal_range,0.0,0,Time exit,-234.0,279
2026-02-27T09:30:00+05:30,portfolio_replay,PREMIUM,SKIP,idle,25374.05,13.39,1.0,0.0,0.0,1.036,0.16,0.535,11,9,30,4,0,50,0,50,75,normal_range,0.0,0,,,
2026-02-27T09:35:00+05:30,portfolio_replay,PREMIUM,SKIP,idle,25361.4,13.42,1.0,0.0,0.0,1.036,0.21,0.535,11,9,35,4,0,50,0,50,75,normal_range,0.0,0,,,
2026-02-27T09:40:00+05:30,portfolio_replay,PREMIUM,SKIP,idle,25373.85,13.4,1.0,0.0,0.0,1.036,0.161,0.568,11,9,40,4,0,50,0,50,75,normal_range,0.0,0,,,
2026-02-27T09:45:00+05:30,portfolio_replay,PREMIUM,SKIP,idle,25354.95,13.49,1.0,0.0,0.0,1.036,0.235,0.231,11,9,45,4,0,70,0,70,75,normal_range,0.0,0,,,
2026-02-27T09:50:00+05:30,portfolio_replay,PREMIUM,SKIP,idle,25339.6,13.54,1.0,0.0,0.0,1.036,0.295,0.265,11,9,50,4,0,70,0,70,75,normal_range,0.0,0,,,
2026-02-27T09:55:00+05:30,portfolio_replay,PREMIUM,SKIP,idle,25344.75,13.5,1.0,0.0,0.0,1.036,0.275,0.31,11,9,55,4,0,57,0,57,75,normal_range,0.0,0,,,
2026-02-27T10:00:00+05:30,portfolio_replay,PREMIUM,SKIP,idle,25331.4,13.54,1.0,0.0,0.0,1.036,0.328,0.211,11,10,0,4,0,63,0,63,65,normal_range,0.0,0,,,
2026-02-27T10:05:00+05:30,portfolio_replay,PREMIUM,SKIP,idle,25320.6,13.52,1.0,0.0,0.0,1.036,0.37,0.229,11,10,5,4,0,63,0,63,65,normal_range,0.0,0,,,
2026-02-27T10:10:00+05:30,portfolio_replay,PREMIUM,SKIP,idle,25325.85,13.5,1.0,0.0,0.0,1.036,0.35,0.241,11,10,10,4,0,63,0,63,65,normal_range,0.0,0,,,
2026-02-27T10:15:00+05:30,portfolio_replay,PREMIUM,SKIP,idle,25316.25,13.57,1.0,0.0,0.0,1.036,0.387,0.186,11,10,15,4,0,63,0,63,65,normal_range,0.0,0,,,
2026-02-27T10:20:00+05:30,portfolio_replay,PREMIUM,SKIP,idle,25297.6,13.59,1.0,0.0,0.0,1.036,0.461,0.192,11,10,20,4,0,63,0,63,65,normal_range,0.0,0,,,
2026-02-27T10:25:00+05:30,portfolio_replay,PREMIUM,SKIP,idle,25326.45,13.5,1.0,0.0,0.0,1.036,0.347,0.188,11,10,25,4,0,63,0,63,65,normal_range,0.0,0,,,
2026-02-27T10:30:00+05:30,portfolio_replay,PREMIUM,SKIP,idle,25319.9,13.5,1.0,0.0,0.0,1.036,0.373,0.136,11,10,30,4,0,63,0,63,65,normal_range,0.0,0,,,
2026-02-27T10:35:00+05:30,portfolio_replay,PREMIUM,SKIP,idle,25333.05,13.4,1.0,0.0,0.0,1.036,0.321,0.147,11,10,35,4,0,63,0,63,65,normal_range,0.0,0,,,
2026-02-27T10:36:00+05:30,portfolio_replay,PREMIUM,ENTER,iron_condor,25338.9,13.42,1.0,0.0,0.0,1.036,0.298,0.147,11,10,36,4,0,70,0,70,65,normal_range,34.23,75,,,
2026-02-27T15:15:00+05:30,portfolio_replay,PREMIUM,EXIT,iron_condor,25173.75,13.73,1.0,0.0,0.0,1.036,0.948,0.666,11,15,15,4,0,0,0,0,0,normal_range,0.0,0,Time exit,-234.0,279
2026-02-27T09:30:00+05:30,portfolio_replay,PREMIUM,SKIP,idle,25374.05,13.39,1.0,0.0,0.0,1.036,0.16,0.535,11,9,30,4,0,50,0,50,65,normal_range,0.0,0,,,
2026-02-27T09:35:00+05:30,portfolio_replay,PREMIUM,SKIP,idle,25361.4,13.42,1.0,0.0,0.0,1.036,0.21,0.535,11,9,35,4,0,50,0,50,65,normal_range,0.0,0,,,
2026-02-27T09:40:00+05:30,portfolio_replay,PREMIUM,SKIP,idle,25373.85,13.4,1.0,0.0,0.0,1.036,0.161,0.568,11,9,40,4,0,50,0,50,65,normal_range,0.0,0,,,
2026-02-27T09:45:00+05:30,portfolio_replay,PREMIUM,ENTER,iron_condor,25354.95,13.49,1.0,0.0,0.0,1.036,0.235,0.231,11,9,45,4,0,70,0,70,65,normal_range,32.48,75,,,
2026-02-27T15:15:00+05:30,portfolio_replay,PREMIUM,EXIT,iron_condor,25173.75,13.73,1.0,0.0,0.0,1.036,0.948,0.666,11,15,15,4,0,0,0,0,0,normal_range,0.0,0,Time exit,-211.5,330
2026-02-27T09:30:00+05:30,portfolio_replay,PREMIUM,SKIP,idle,25374.05,13.39,1.0,0.0,0.0,1.036,0.16,0.535,11,9,30,4,0,50,0,50,70,normal_range,0.0,0,,,
2026-02-27T09:35:00+05:30,portfolio_replay,PREMIUM,SKIP,idle,25361.4,13.42,1.0,0.0,0.0,1.036,0.21,0.535,11,9,35,4,0,50,0,50,70,normal_range,0.0,0,,,
2026-02-27T09:40:00+05:30,portfolio_replay,PREMIUM,SKIP,idle,25373.85,13.4,1.0,0.0,0.0,1.036,0.161,0.568,11,9,40,4,0,50,0,50,70,normal_range,0.0,0,,,
2026-02-27T09:45:00+05:30,portfolio_replay,PREMIUM,ENTER,iron_condor,25354.95,13.49,1.0,0.0,0.0,1.036,0.235,0.231,11,9,45,4,0,70,0,70,70,normal_range,32.48,75,,,
2026-02-27T15:15:00+05:30,portfolio_replay,PREMIUM,EXIT,iron_condor,25173.75,13.73,1.0,0.0,0.0,1.036,0.948,0.666,11,15,15,4,0,0,0,0,0,normal_range,0.0,0,Time exit,-211.5,330
2026-02-27T09:30:00+05:30,portfolio_replay,PREMIUM,SKIP,idle,25374.05,13.39,1.0,0.0,0.0,1.036,0.16,0.535,11,9,30,4,0,50,0,50,75,normal_range,0.0,0,,,
2026-02-27T09:35:00+05:30,portfolio_replay,PREMIUM,SKIP,idle,25361.4,13.42,1.0,0.0,0.0,1.036,0.21,0.535,11,9,35,4,0,50,0,50,75,normal_range,0.0,0,,,
2026-02-27T09:40:00+05:30,portfolio_replay,PREMIUM,SKIP,idle,25373.85,13.4,1.0,0.0,0.0,1.036,0.161,0.568,11,9,40,4,0,50,0,50,75,normal_range,0.0,0,,,
2026-02-27T09:45:00+05:30,portfolio_replay,PREMIUM,SKIP,idle,25354.95,13.49,1.0,0.0,0.0,1.036,0.235,0.231,11,9,45,4,0,70,0,70,75,normal_range,0.0,0,,,
2026-02-27T09:50:00+05:30,portfolio_replay,PREMIUM,SKIP,idle,25339.6,13.54,1.0,0.0,0.0,1.036,0.295,0.265,11,9,50,4,0,70,0,70,75,normal_range,0.0,0,,,
2026-02-27T09:55:00+05:30,portfolio_replay,PREMIUM,SKIP,idle,25344.75,13.5,1.0,0.0,0.0,1.036,0.275,0.31,11,9,55,4,0,57,0,57,75,normal_range,0.0,0,,,
2026-02-27T10:00:00+05:30,portfolio_replay,PREMIUM,SKIP,idle,25331.4,13.54,1.0,0.0,0.0,1.036,0.328,0.211,11,10,0,4,0,63,0,63,65,normal_range,0.0,0,,,
2026-02-27T10:05:00+05:30,portfolio_replay,PREMIUM,SKIP,idle,25320.6,13.52,1.0,0.0,0.0,1.036,0.37,0.229,11,10,5,4,0,63,0,63,65,normal_range,0.0,0,,,
2026-02-27T10:10:00+05:30,portfolio_replay,PREMIUM,SKIP,idle,25325.85,13.5,1.0,0.0,0.0,1.036,0.35,0.241,11,10,10,4,0,63,0,63,65,normal_range,0.0,0,,,
2026-02-27T10:15:00+05:30,portfolio_replay,PREMIUM,SKIP,idle,25316.25,13.57,1.0,0.0,0.0,1.036,0.387,0.186,11,10,15,4,0,63,0,63,65,normal_range,0.0,0,,,
2026-02-27T10:20:00+05:30,portfolio_replay,PREMIUM,SKIP,idle,25297.6,13.59,1.0,0.0,0.0,1.036,0.461,0.192,11,10,20,4,0,63,0,63,65,normal_range,0.0,0,,,
2026-02-27T10:25:00+05:30,portfolio_replay,PREMIUM,SKIP,idle,25326.45,13.5,1.0,0.0,0.0,1.036,0.347,0.188,11,10,25,4,0,63,0,63,65,normal_range,0.0,0,,,
2026-02-27T10:30:00+05:30,portfolio_replay,PREMIUM,SKIP,idle,25319.9,13.5,1.0,0.0,0.0,1.036,0.373,0.136,11,10,30,4,0,63,0,63,65,normal_range,0.0,0,,,
2026-02-27T10:35:00+05:30,portfolio_replay,PREMIUM,SKIP,idle,25333.05,13.4,1.0,0.0,0.0,1.036,0.321,0.147,11,10,35,4,0,63,0,63,65,normal_range,0.0,0,,,
2026-02-27T10:36:00+05:30,portfolio_replay,PREMIUM,ENTER,iron_condor,25338.9,13.42,1.0,0.0,0.0,1.036,0.298,0.147,11,10,36,4,0,70,0,70,65,normal_range,34.23,75,,,
2026-02-27T15:15:00+05:30,portfolio_replay,PREMIUM,EXIT,iron_condor,25173.75,13.73,1.0,0.0,0.0,1.036,0.948,0.666,11,15,15,4,0,0,0,0,0,normal_range,0.0,0,Time exit,-234.0,279
2026-02-27T09:30:00+05:30,portfolio_replay,PREMIUM,SKIP,idle,25374.05,13.39,1.0,0.0,0.0,1.036,0.16,0.535,11,9,30,4,0,50,0,50,65,normal_range,0.0,0,,,
2026-02-27T09:35:00+05:30,portfolio_replay,PREMIUM,SKIP,idle,25361.4,13.42,1.0,0.0,0.0,1.036,0.21,0.535,11,9,35,4,0,50,0,50,65,normal_range,0.0,0,,,
2026-02-27T09:40:00+05:30,portfolio_replay,PREMIUM,SKIP,idle,25373.85,13.4,1.0,0.0,0.0,1.036,0.161,0.568,11,9,40,4,0,50,0,50,65,normal_range,0.0,0,,,
2026-02-27T09:45:00+05:30,portfolio_replay,PREMIUM,ENTER,iron_condor,25354.95,13.49,1.0,0.0,0.0,1.036,0.235,0.231,11,9,45,4,0,70,0,70,65,normal_range,32.48,75,,,
2026-02-27T15:15:00+05:30,portfolio_replay,PREMIUM,EXIT,iron_condor,25173.75,13.73,1.0,0.0,0.0,1.036,0.948,0.666,11,15,15,4,0,0,0,0,0,normal_range,0.0,0,Time exit,-211.5,330
2026-02-27T09:30:00+05:30,portfolio_replay,PREMIUM,SKIP,idle,25374.05,13.39,1.0,0.0,0.0,1.036,0.16,0.535,11,9,30,4,0,50,0,50,70,normal_range,0.0,0,,,
2026-02-27T09:35:00+05:30,portfolio_replay,PREMIUM,SKIP,idle,25361.4,13.42,1.0,0.0,0.0,1.036,0.21,0.535,11,9,35,4,0,50,0,50,70,normal_range,0.0,0,,,
2026-02-27T09:40:00+05:30,portfolio_replay,PREMIUM,SKIP,idle,25373.85,13.4,1.0,0.0,0.0,1.036,0.161,0.568,11,9,40,4,0,50,0,50,70,normal_range,0.0,0,,,
2026-02-27T09:45:00+05:30,portfolio_replay,PREMIUM,ENTER,iron_condor,25354.95,13.49,1.0,0.0,0.0,1.036,0.235,0.231,11,9,45,4,0,70,0,70,70,normal_range,32.48,75,,,
2026-02-27T15:15:00+05:30,portfolio_replay,PREMIUM,EXIT,iron_condor,25173.75,13.73,1.0,0.0,0.0,1.036,0.948,0.666,11,15,15,4,0,0,0,0,0,normal_range,0.0,0,Time exit,-211.5,330
2026-02-27T09:30:00+05:30,portfolio_replay,PREMIUM,SKIP,idle,25374.05,13.39,1.0,0.0,0.0,1.036,0.16,0.535,11,9,30,4,0,50,0,50,65,normal_range,0.0,0,,,
2026-02-27T09:35:00+05:30,portfolio_replay,PREMIUM,SKIP,idle,25361.4,13.42,1.0,0.0,0.0,1.036,0.21,0.535,11,9,35,4,0,50,0,50,65,normal_range,0.0,0,,,
2026-02-27T09:40:00+05:30,portfolio_replay,PREMIUM,SKIP,idle,25373.85,13.4,1.0,0.0,0.0,1.036,0.161,0.568,11,9,40,4,0,50,0,50,65,normal_range,0.0,0,,,
2026-02-27T09:45:00+05:30,portfolio_replay,PREMIUM,ENTER,iron_condor,25354.95,13.49,1.0,0.0,0.0,1.036,0.235,0.231,11,9,45,4,0,70,0,70,65,normal_range,32.48,75,,,
2026-02-27T15:15:00+05:30,portfolio_replay,PREMIUM,EXIT,iron_condor,25173.75,13.73,1.0,0.0,0.0,1.036,0.948,0.666,11,15,15,4,0,0,0,0,0,normal_range,0.0,0,Time exit,-211.5,330
2026-02-27T09:30:00+05:30,portfolio_replay,PREMIUM,SKIP,idle,25374.05,13.39,1.0,0.0,0.0,1.036,0.16,0.535,11,9,30,4,0,50,0,50,75,normal_range,0.0,0,,,
2026-02-27T09:35:00+05:30,portfolio_replay,PREMIUM,SKIP,idle,25361.4,13.42,1.0,0.0,0.0,1.036,0.21,0.535,11,9,35,4,0,50,0,50,75,normal_range,0.0,0,,,
2026-02-27T09:40:00+05:30,portfolio_replay,PREMIUM,SKIP,idle,25373.85,13.4,1.0,0.0,0.0,1.036,0.161,0.568,11,9,40,4,0,50,0,50,75,normal_range,0.0,0,,,
2026-02-27T09:45:00+05:30,portfolio_replay,PREMIUM,SKIP,idle,25354.95,13.49,1.0,0.0,0.0,1.036,0.235,0.231,11,9,45,4,0,70,0,70,75,normal_range,0.0,0,,,
2026-02-27T09:50:00+05:30,portfolio_replay,PREMIUM,SKIP,idle,25339.6,13.54,1.0,0.0,0.0,1.036,0.295,0.265,11,9,50,4,0,70,0,70,75,normal_range,0.0,0,,,
2026-02-27T09:55:00+05:30,portfolio_replay,PREMIUM,SKIP,idle,25344.75,13.5,1.0,0.0,0.0,1.036,0.275,0.31,11,9,55,4,0,57,0,57,75,normal_range,0.0,0,,,
2026-02-27T10:00:00+05:30,portfolio_replay,PREMIUM,SKIP,idle,25331.4,13.54,1.0,0.0,0.0,1.036,0.328,0.211,11,10,0,4,0,63,0,63,65,normal_range,0.0,0,,,
2026-02-27T10:05:00+05:30,portfolio_replay,PREMIUM,SKIP,idle,25320.6,13.52,1.0,0.0,0.0,1.036,0.37,0.229,11,10,5,4,0,63,0,63,65,normal_range,0.0,0,,,
2026-02-27T10:10:00+05:30,portfolio_replay,PREMIUM,SKIP,idle,25325.85,13.5,1.0,0.0,0.0,1.036,0.35,0.241,11,10,10,4,0,63,0,63,65,normal_range,0.0,0,,,
2026-02-27T10:15:00+05:30,portfolio_replay,PREMIUM,SKIP,idle,25316.25,13.57,1.0,0.0,0.0,1.036,0.387,0.186,11,10,15,4,0,63,0,63,65,normal_range,0.0,0,,,
2026-02-27T10:20:00+05:30,portfolio_replay,PREMIUM,SKIP,idle,25297.6,13.59,1.0,0.0,0.0,1.036,0.461,0.192,11,10,20,4,0,63,0,63,65,normal_range,0.0,0,,,
2026-02-27T10:25:00+05:30,portfolio_replay,PREMIUM,SKIP,idle,25326.45,13.5,1.0,0.0,0.0,1.036,0.347,0.188,11,10,25,4,0,63,0,63,65,normal_range,0.0,0,,,
2026-02-27T10:30:00+05:30,portfolio_replay,PREMIUM,SKIP,idle,25319.9,13.5,1.0,0.0,0.0,1.036,0.373,0.136,11,10,30,4,0,63,0,63,65,normal_range,0.0,0,,,
2026-02-27T10:35:00+05:30,portfolio_replay,PREMIUM,SKIP,idle,25333.05,13.4,1.0,0.0,0.0,1.036,0.321,0.147,11,10,35,4,0,63,0,63,65,normal_range,0.0,0,,,
2026-02-27T10:36:00+05:30,portfolio_replay,PREMIUM,ENTER,iron_condor,25338.9,13.42,1.0,0.0,0.0,1.036,0.298,0.147,11,10,36,4,0,70,0,70,65,normal_range,34.23,75,,,
2026-02-27T15:15:00+05:30,portfolio_replay,PREMIUM,EXIT,iron_condor,25173.75,13.73,1.0,0.0,0.0,1.036,0.948,0.666,11,15,15,4,0,0,0,0,0,normal_range,0.0,0,Time exit,-234.0,279
2026-02-27T09:30:00+05:30,portfolio_replay,PREMIUM,SKIP,idle,25374.05,13.39,1.0,0.0,0.0,1.036,0.16,0.535,11,9,30,4,0,50,0,50,75,normal_range,0.0,0,,,
2026-02-27T09:35:00+05:30,portfolio_replay,PREMIUM,SKIP,idle,25361.4,13.42,1.0,0.0,0.0,1.036,0.21,0.535,11,9,35,4,0,50,0,50,75,normal_range,0.0,0,,,
2026-02-27T09:40:00+05:30,portfolio_replay,PREMIUM,SKIP,idle,25373.85,13.4,1.0,0.0,0.0,1.036,0.161,0.568,11,9,40,4,0,50,0,50,75,normal_range,0.0,0,,,
2026-02-27T09:45:00+05:30,portfolio_replay,PREMIUM,SKIP,idle,25354.95,13.49,1.0,0.0,0.0,1.036,0.235,0.231,11,9,45,4,0,70,0,70,75,normal_range,0.0,0,,,
2026-02-27T09:50:00+05:30,portfolio_replay,PREMIUM,SKIP,idle,25339.6,13.54,1.0,0.0,0.0,1.036,0.295,0.265,11,9,50,4,0,70,0,70,75,normal_range,0.0,0,,,
2026-02-27T09:55:00+05:30,portfolio_replay,PREMIUM,SKIP,idle,25344.75,13.5,1.0,0.0,0.0,1.036,0.275,0.31,11,9,55,4,0,57,0,57,75,normal_range,0.0,0,,,
2026-02-27T10:00:00+05:30,portfolio_replay,PREMIUM,SKIP,idle,25331.4,13.54,1.0,0.0,0.0,1.036,0.328,0.211,11,10,0,4,0,63,0,63,65,normal_range,0.0,0,,,
2026-02-27T10:05:00+05:30,portfolio_replay,PREMIUM,SKIP,idle,25320.6,13.52,1.0,0.0,0.0,1.036,0.37,0.229,11,10,5,4,0,63,0,63,65,normal_range,0.0,0,,,
2026-02-27T10:10:00+05:30,portfolio_replay,PREMIUM,SKIP,idle,25325.85,13.5,1.0,0.0,0.0,1.036,0.35,0.241,11,10,10,4,0,63,0,63,65,normal_range,0.0,0,,,
2026-02-27T10:15:00+05:30,portfolio_replay,PREMIUM,SKIP,idle,25316.25,13.57,1.0,0.0,0.0,1.036,0.387,0.186,11,10,15,4,0,63,0,63,65,normal_range,0.0,0,,,
2026-02-27T10:20:00+05:30,portfolio_replay,PREMIUM,SKIP,idle,25297.6,13.59,1.0,0.0,0.0,1.036,0.461,0.192,11,10,20,4,0,63,0,63,65,normal_range,0.0,0,,,
2026-02-27T10:25:00+05:30,portfolio_replay,PREMIUM,SKIP,idle,25326.45,13.5,1.0,0.0,0.0,1.036,0.347,0.188,11,10,25,4,0,63,0,63,65,normal_range,0.0,0,,,
2026-02-27T10:30:00+05:30,portfolio_replay,PREMIUM,SKIP,idle,25319.9,13.5,1.0,0.0,0.0,1.036,0.373,0.136,11,10,30,4,0,63,0,63,65,normal_range,0.0,0,,,
2026-02-27T10:35:00+05:30,portfolio_replay,PREMIUM,SKIP,idle,25333.05,13.4,1.0,0.0,0.0,1.036,0.321,0.147,11,10,35,4,0,63,0,63,65,normal_range,0.0,0,,,
2026-02-27T10:36:00+05:30,portfolio_replay,PREMIUM,ENTER,iron_condor,25338.9,13.42,1.0,0.0,0.0,1.036,0.298,0.147,11,10,36,4,0,70,0,70,65,normal_range,34.23,75,,,
2026-02-27T15:15:00+05:30,portfolio_replay,PREMIUM,EXIT,iron_condor,25173.75,13.73,1.0,0.0,0.0,1.036,0.948,0.666,11,15,15,4,0,0,0,0,0,normal_range,0.0,0,Time exit,-234.0,279
2026-02-27T09:30:00+05:30,portfolio_replay,PREMIUM,SKIP,idle,25374.05,13.39,1.0,0.0,0.0,1.036,0.16,0.535,11,9,30,4,0,50,0,50,75,normal_range,0.0,0,,,
2026-02-27T09:35:00+05:30,portfolio_replay,PREMIUM,SKIP,idle,25361.4,13.42,1.0,0.0,0.0,1.036,0.21,0.535,11,9,35,4,0,50,0,50,75,normal_range,0.0,0,,,
2026-02-27T09:40:00+05:30,portfolio_replay,PREMIUM,SKIP,idle,25373.85,13.4,1.0,0.0,0.0,1.036,0.161,0.568,11,9,40,4,0,50,0,50,75,normal_range,0.0,0,,,
2026-02-27T09:45:00+05:30,portfolio_replay,PREMIUM,SKIP,idle,25354.95,13.49,1.0,0.0,0.0,1.036,0.235,0.231,11,9,45,4,0,70,0,70,75,normal_range,0.0,0,,,
2026-02-27T09:50:00+05:30,portfolio_replay,PREMIUM,SKIP,idle,25339.6,13.54,1.0,0.0,0.0,1.036,0.295,0.265,11,9,50,4,0,70,0,70,75,normal_range,0.0,0,,,
2026-02-27T09:55:00+05:30,portfolio_replay,PREMIUM,SKIP,idle,25344.75,13.5,1.0,0.0,0.0,1.036,0.275,0.31,11,9,55,4,0,57,0,57,75,normal_range,0.0,0,,,
2026-02-27T10:00:00+05:30,portfolio_replay,PREMIUM,SKIP,idle,25331.4,13.54,1.0,0.0,0.0,1.036,0.328,0.211,11,10,0,4,0,63,0,63,65,normal_range,0.0,0,,,
2026-02-27T10:05:00+05:30,portfolio_replay,PREMIUM,SKIP,idle,25320.6,13.52,1.0,0.0,0.0,1.036,0.37,0.229,11,10,5,4,0,63,0,63,65,normal_range,0.0,0,,,
2026-02-27T10:10:00+05:30,portfolio_replay,PREMIUM,SKIP,idle,25325.85,13.5,1.0,0.0,0.0,1.036,0.35,0.241,11,10,10,4,0,63,0,63,65,normal_range,0.0,0,,,
2026-02-27T10:15:00+05:30,portfolio_replay,PREMIUM,SKIP,idle,25316.25,13.57,1.0,0.0,0.0,1.036,0.387,0.186,11,10,15,4,0,63,0,63,65,normal_range,0.0,0,,,
2026-02-27T10:20:00+05:30,portfolio_replay,PREMIUM,SKIP,idle,25297.6,13.59,1.0,0.0,0.0,1.036,0.461,0.192,11,10,20,4,0,63,0,63,65,normal_range,0.0,0,,,
2026-02-27T10:25:00+05:30,portfolio_replay,PREMIUM,SKIP,idle,25326.45,13.5,1.0,0.0,0.0,1.036,0.347,0.188,11,10,25,4,0,63,0,63,65,normal_range,0.0,0,,,
2026-02-27T10:30:00+05:30,portfolio_replay,PREMIUM,SKIP,idle,25319.9,13.5,1.0,0.0,0.0,1.036,0.373,0.136,11,10,30,4,0,63,0,63,65,normal_range,0.0,0,,,
2026-02-27T10:35:00+05:30,portfolio_replay,PREMIUM,SKIP,idle,25333.05,13.4,1.0,0.0,0.0,1.036,0.321,0.147,11,10,35,4,0,63,0,63,65,normal_range,0.0,0,,,
2026-02-27T10:36:00+05:30,portfolio_replay,PREMIUM,ENTER,iron_condor,25338.9,13.42,1.0,0.0,0.0,1.036,0.298,0.147,11,10,36,4,0,70,0,70,65,normal_range,34.23,75,,,
2026-02-27T15:15:00+05:30,portfolio_replay,PREMIUM,EXIT,iron_condor,25173.75,13.73,1.0,0.0,0.0,1.036,0.948,0.666,11,15,15,4,0,0,0,0,0,normal_range,0.0,0,Time exit,-234.0,279
2026-02-27T09:30:00+05:30,portfolio_replay,PREMIUM,SKIP,idle,25374.05,13.39,1.0,0.0,0.0,1.036,0.16,0.535,11,9,30,4,0,50,0,50,75,normal_range,0.0,0,,,
2026-02-27T09:35:00+05:30,portfolio_replay,PREMIUM,SKIP,idle,25361.4,13.42,1.0,0.0,0.0,1.036,0.21,0.535,11,9,35,4,0,50,0,50,75,normal_range,0.0,0,,,
2026-02-27T09:40:00+05:30,portfolio_replay,PREMIUM,SKIP,idle,25373.85,13.4,1.0,0.0,0.0,1.036,0.161,0.568,11,9,40,4,0,50,0,50,75,normal_range,0.0,0,,,
2026-02-27T09:45:00+05:30,portfolio_replay,PREMIUM,SKIP,idle,25354.95,13.49,1.0,0.0,0.0,1.036,0.235,0.231,11,9,45,4,0,70,0,70,75,normal_range,0.0,0,,,
2026-02-27T09:50:00+05:30,portfolio_replay,PREMIUM,SKIP,idle,25339.6,13.54,1.0,0.0,0.0,1.036,0.295,0.265,11,9,50,4,0,70,0,70,75,normal_range,0.0,0,,,
2026-02-27T09:55:00+05:30,portfolio_replay,PREMIUM,SKIP,idle,25344.75,13.5,1.0,0.0,0.0,1.036,0.275,0.31,11,9,55,4,0,57,0,57,75,normal_range,0.0,0,,,
2026-02-27T10:00:00+05:30,portfolio_replay,PREMIUM,SKIP,idle,25331.4,13.54,1.0,0.0,0.0,1.036,0.328,0.211,11,10,0,4,0,63,0,63,65,normal_range,0.0,0,,,
2026-02-27T10:05:00+05:30,portfolio_replay,PREMIUM,SKIP,idle,25320.6,13.52,1.0,0.0,0.0,1.036,0.37,0.229,11,10,5,4,0,63,0,63,65,normal_range,0.0,0,,,
2026-02-27T10:10:00+05:30,portfolio_replay,PREMIUM,SKIP,idle,25325.85,13.5,1.0,0.0,0.0,1.036,0.35,0.241,11,10,10,4,0,63,0,63,65,normal_range,0.0,0,,,
2026-02-27T10:15:00+05:30,portfolio_replay,PREMIUM,SKIP,idle,25316.25,13.57,1.0,0.0,0.0,1.036,0.387,0.186,11,10,15,4,0,63,0,63,65,normal_range,0.0,0,,,
2026-02-27T10:20:00+05:30,portfolio_replay,PREMIUM,SKIP,idle,25297.6,13.59,1.0,0.0,0.0,1.036,0.461,0.192,11,10,20,4,0,63,0,63,65,normal_range,0.0,0,,,
2026-02-27T10:25:00+05:30,portfolio_replay,PREMIUM,SKIP,idle,25326.45,13.5,1.0,0.0,0.0,1.036,0.347,0.188,11,10,25,4,0,63,0,63,65,normal_range,0.0,0,,,
2026-02-27T10:30:00+05:30,portfolio_replay,PREMIUM,SKIP,idle,25319.9,13.5,1.0,0.0,0.0,1.036,0.373,0.136,11,10,30,4,0,63,0,63,65,normal_range,0.0,0,,,
2026-02-27T10:35:00+05:30,portfolio_replay,PREMIUM,SKIP,idle,25333.05,13.4,1.0,0.0,0.0,1.036,0.321,0.147,11,10,35,4,0,63,0,63,65,normal_range,0.0,0,,,
2026-02-27T10:36:00+05:30,portfolio_replay,PREMIUM,ENTER,iron_condor,25338.9,13.42,1.0,0.0,0.0,1.036,0.298,0.147,11,10,36,4,0,70,0,70,65,normal_range,34.23,75,,,
2026-02-27T15:15:00+05:30,portfolio_replay,PREMIUM,EXIT,iron_condor,25173.75,13.73,1.0,0.0,0.0,1.036,0.948,0.666,11,15,15,4,0,0,0,0,0,normal_range,0.0,0,Time exit,-234.0,279
2026-02-27T09:30:00+05:30,portfolio_replay,PREMIUM,SKIP,idle,25374.05,13.39,1.0,0.0,0.0,1.036,0.16,0.535,11,9,30,4,0,50,0,50,75,normal_range,0.0,0,,,
2026-02-27T09:35:00+05:30,portfolio_replay,PREMIUM,SKIP,idle,25361.4,13.42,1.0,0.0,0.0,1.036,0.21,0.535,11,9,35,4,0,50,0,50,75,normal_range,0.0,0,,,
2026-02-27T09:40:00+05:30,portfolio_replay,PREMIUM,SKIP,idle,25373.85,13.4,1.0,0.0,0.0,1.036,0.161,0.568,11,9,40,4,0,50,0,50,75,normal_range,0.0,0,,,
2026-02-27T09:45:00+05:30,portfolio_replay,PREMIUM,SKIP,idle,25354.95,13.49,1.0,0.0,0.0,1.036,0.235,0.231,11,9,45,4,0,70,0,70,75,normal_range,0.0,0,,,
2026-02-27T09:50:00+05:30,portfolio_replay,PREMIUM,SKIP,idle,25339.6,13.54,1.0,0.0,0.0,1.036,0.295,0.265,11,9,50,4,0,70,0,70,75,normal_range,0.0,0,,,
2026-02-27T09:55:00+05:30,portfolio_replay,PREMIUM,SKIP,idle,25344.75,13.5,1.0,0.0,0.0,1.036,0.275,0.31,11,9,55,4,0,57,0,57,75,normal_range,0.0,0,,,
2026-02-27T10:00:00+05:30,portfolio_replay,PREMIUM,SKIP,idle,25331.4,13.54,1.0,0.0,0.0,1.036,0.328,0.211,11,10,0,4,0,63,0,63,65,normal_range,0.0,0,,,
2026-02-27T10:05:00+05:30,portfolio_replay,PREMIUM,SKIP,idle,25320.6,13.52,1.0,0.0,0.0,1.036,0.37,0.229,11,10,5,4,0,63,0,63,65,normal_range,0.0,0,,,
2026-02-27T10:10:00+05:30,portfolio_replay,PREMIUM,SKIP,idle,25325.85,13.5,1.0,0.0,0.0,1.036,0.35,0.241,11,10,10,4,0,63,0,63,65,normal_range,0.0,0,,,
2026-02-27T10:15:00+05:30,portfolio_replay,PREMIUM,SKIP,idle,25316.25,13.57,1.0,0.0,0.0,1.036,0.387,0.186,11,10,15,4,0,63,0,63,65,normal_range,0.0,0,,,
2026-02-27T10:20:00+05:30,portfolio_replay,PREMIUM,SKIP,idle,25297.6,13.59,1.0,0.0,0.0,1.036,0.461,0.192,11,10,20,4,0,63,0,63,65,normal_range,0.0,0,,,
2026-02-27T10:25:00+05:30,portfolio_replay,PREMIUM,SKIP,idle,25326.45,13.5,1.0,0.0,0.0,1.036,0.347,0.188,11,10,25,4,0,63,0,63,65,normal_range,0.0,0,,,
2026-02-27T10:30:00+05:30,portfolio_replay,PREMIUM,SKIP,idle,25319.9,13.5,1.0,0.0,0.0,1.036,0.373,0.136,11,10,30,4,0,63,0,63,65,normal_range,0.0,0,,,
2026-02-27T10:35:00+05:30,portfolio_replay,PREMIUM,SKIP,idle,25333.05,13.4,1.0,0.0,0.0,1.036,0.321,0.147,11,10,35,4,0,63,0,63,65,normal_range,0.0,0,,,
2026-02-27T10:36:00+05:30,portfolio_replay,PREMIUM,ENTER,iron_condor,25338.9,13.42,1.0,0.0,0.0,1.036,0.298,0.147,11,10,36,4,0,70,0,70,65,normal_range,34.23,75,,,
2026-02-27T15:15:00+05:30,portfolio_replay,PREMIUM,EXIT,iron_condor,25173.75,13.73,1.0,0.0,0.0,1.036,0.948,0.666,11,15,15,4,0,0,0,0,0,normal_range,0.0,0,Time exit,-234.0,279
2026-02-27T09:30:00+05:30,portfolio_replay,PREMIUM,SKIP,idle,25374.05,13.39,1.0,0.0,0.0,1.036,0.16,0.535,11,9,30,4,0,50,0,50,75,normal_range,0.0,0,,,
2026-02-27T09:35:00+05:30,portfolio_replay,PREMIUM,SKIP,idle,25361.4,13.42,1.0,0.0,0.0,1.036,0.21,0.535,11,9,35,4,0,50,0,50,75,normal_range,0.0,0,,,
2026-02-27T09:40:00+05:30,portfolio_replay,PREMIUM,SKIP,idle,25373.85,13.4,1.0,0.0,0.0,1.036,0.161,0.568,11,9,40,4,0,50,0,50,75,normal_range,0.0,0,,,
2026-02-27T09:45:00+05:30,portfolio_replay,PREMIUM,SKIP,idle,25354.95,13.49,1.0,0.0,0.0,1.036,0.235,0.231,11,9,45,4,0,70,0,70,75,normal_range,0.0,0,,,
2026-02-27T09:50:00+05:30,portfolio_replay,PREMIUM,SKIP,idle,25339.6,13.54,1.0,0.0,0.0,1.036,0.295,0.265,11,9,50,4,0,70,0,70,75,normal_range,0.0,0,,,
2026-02-27T09:55:00+05:30,portfolio_replay,PREMIUM,SKIP,idle,25344.75,13.5,1.0,0.0,0.0,1.036,0.275,0.31,11,9,55,4,0,57,0,57,75,normal_range,0.0,0,,,
2026-02-27T10:00:00+05:30,portfolio_replay,PREMIUM,SKIP,idle,25331.4,13.54,1.0,0.0,0.0,1.036,0.328,0.211,11,10,0,4,0,63,0,63,65,normal_range,0.0,0,,,
2026-02-27T10:05:00+05:30,portfolio_replay,PREMIUM,SKIP,idle,25320.6,13.52,1.0,0.0,0.0,1.036,0.37,0.229,11,10,5,4,0,63,0,63,65,normal_range,0.0,0,,,
2026-02-27T10:10:00+05:30,portfolio_replay,PREMIUM,SKIP,idle,25325.85,13.5,1.0,0.0,0.0,1.036,0.35,0.241,11,10,10,4,0,63,0,63,65,normal_range,0.0,0,,,
2026-02-27T10:15:00+05:30,portfolio_replay,PREMIUM,SKIP,idle,25316.25,13.57,1.0,0.0,0.0,1.036,0.387,0.186,11,10,15,4,0,63,0,63,65,normal_range,0.0,0,,,
2026-02-27T10:20:00+05:30,portfolio_replay,PREMIUM,SKIP,idle,25297.6,13.59,1.0,0.0,0.0,1.036,0.461,0.192,11,10,20,4,0,63,0,63,65,normal_range,0.0,0,,,
2026-02-27T10:25:00+05:30,portfolio_replay,PREMIUM,SKIP,idle,25326.45,13.5,1.0,0.0,0.0,1.036,0.347,0.188,11,10,25,4,0,63,0,63,65,normal_range,0.0,0,,,
2026-02-27T10:30:00+05:30,portfolio_replay,PREMIUM,SKIP,idle,25319.9,13.5,1.0,0.0,0.0,1.036,0.373,0.136,11,10,30,4,0,63,0,63,65,normal_range,0.0,0,,,
2026-02-27T10:35:00+05:30,portfolio_replay,PREMIUM,SKIP,idle,25333.05,13.4,1.0,0.0,0.0,1.036,0.321,0.147,11,10,35,4,0,63,0,63,65,normal_range,0.0,0,,,
2026-02-27T10:36:00+05:30,portfolio_replay,PREMIUM,ENTER,iron_condor,25338.9,13.42,1.0,0.0,0.0,1.036,0.298,0.147,11,10,36,4,0,70,0,70,65,normal_range,34.23,75,,,
2026-02-27T15:15:00+05:30,portfolio_replay,PREMIUM,EXIT,iron_condor,25173.75,13.73,1.0,0.0,0.0,1.036,0.948,0.666,11,15,15,4,0,0,0,0,0,normal_range,0.0,0,Time exit,-234.0,279
2026-02-27T09:30:00+05:30,portfolio_replay,PREMIUM,SKIP,idle,25374.05,13.39,1.0,0.0,0.0,1.036,0.16,0.535,11,9,30,4,0,50,0,50,75,normal_range,0.0,0,,,
2026-02-27T09:35:00+05:30,portfolio_replay,PREMIUM,SKIP,idle,25361.4,13.42,1.0,0.0,0.0,1.036,0.21,0.535,11,9,35,4,0,50,0,50,75,normal_range,0.0,0,,,
2026-02-27T09:40:00+05:30,portfolio_replay,PREMIUM,SKIP,idle,25373.85,13.4,1.0,0.0,0.0,1.036,0.161,0.568,11,9,40,4,0,50,0,50,75,normal_range,0.0,0,,,
2026-02-27T09:45:00+05:30,portfolio_replay,PREMIUM,SKIP,idle,25354.95,13.49,1.0,0.0,0.0,1.036,0.235,0.231,11,9,45,4,0,70,0,70,75,normal_range,0.0,0,,,
2026-02-27T09:50:00+05:30,portfolio_replay,PREMIUM,SKIP,idle,25339.6,13.54,1.0,0.0,0.0,1.036,0.295,0.265,11,9,50,4,0,70,0,70,75,normal_range,0.0,0,,,
2026-02-27T09:55:00+05:30,portfolio_replay,PREMIUM,SKIP,idle,25344.75,13.5,1.0,0.0,0.0,1.036,0.275,0.31,11,9,55,4,0,57,0,57,75,normal_range,0.0,0,,,
2026-02-27T10:00:00+05:30,portfolio_replay,PREMIUM,SKIP,idle,25331.4,13.54,1.0,0.0,0.0,1.036,0.328,0.211,11,10,0,4,0,63,0,63,65,normal_range,0.0,0,,,
2026-02-27T10:05:00+05:30,portfolio_replay,PREMIUM,SKIP,idle,25320.6,13.52,1.0,0.0,0.0,1.036,0.37,0.229,11,10,5,4,0,63,0,63,65,normal_range,0.0,0,,,
2026-02-27T10:10:00+05:30,portfolio_replay,PREMIUM,SKIP,idle,25325.85,13.5,1.0,0.0,0.0,1.036,0.35,0.241,11,10,10,4,0,63,0,63,65,normal_range,0.0,0,,,
2026-02-27T10:15:00+05:30,portfolio_replay,PREMIUM,SKIP,idle,25316.25,13.57,1.0,0.0,0.0,1.036,0.387,0.186,11,10,15,4,0,63,0,63,65,normal_range,0.0,0,,,
2026-02-27T10:20:00+05:30,portfolio_replay,PREMIUM,SKIP,idle,25297.6,13.59,1.0,0.0,0.0,1.036,0.461,0.192,11,10,20,4,0,63,0,63,65,normal_range,0.0,0,,,
2026-02-27T10:25:00+05:30,portfolio_replay,PREMIUM,SKIP,idle,25326.45,13.5,1.0,0.0,0.0,1.036,0.347,0.188,11,10,25,4,0,63,0,63,65,normal_range,0.0,0,,,
2026-02-27T10:30:00+05:30,portfolio_replay,PREMIUM,SKIP,idle,25319.9,13.5,1.0,0.0,0.0,1.036,0.373,0.136,11,10,30,4,0,63,0,63,65,normal_range,0.0,0,,,
2026-02-27T10:35:00+05:30,portfolio_replay,PREMIUM,SKIP,idle,25333.05,13.4,1.0,0.0,0.0,1.036,0.321,0.147,11,10,35,4,0,63,0,63,65,normal_range,0.0,0,,,
2026-02-27T10:36:00+05:30,portfolio_replay,PREMIUM,ENTER,iron_condor,25338.9,13.42,1.0,0.0,0.0,1.036,0.298,0.147,11,10,36,4,0,70,0,70,65,normal_range,34.23,75,,,
2026-02-27T15:15:00+05:30,portfolio_replay,PREMIUM,EXIT,iron_condor,25173.75,13.73,1.0,0.0,0.0,1.036,0.948,0.666,11,15,15,4,0,0,0,0,0,normal_range,0.0,0,Time exit,-234.0,279
2026-02-27T09:30:00+05:30,portfolio_replay,PREMIUM,SKIP,idle,25374.05,13.39,1.0,0.0,0.0,1.036,0.16,0.535,11,9,30,4,0,50,0,50,75,normal_range,0.0,0,,,
2026-02-27T09:35:00+05:30,portfolio_replay,PREMIUM,SKIP,idle,25361.4,13.42,1.0,0.0,0.0,1.036,0.21,0.535,11,9,35,4,0,50,0,50,75,normal_range,0.0,0,,,
2026-02-27T09:40:00+05:30,portfolio_replay,PREMIUM,SKIP,idle,25373.85,13.4,1.0,0.0,0.0,1.036,0.161,0.568,11,9,40,4,0,50,0,50,75,normal_range,0.0,0,,,
2026-02-27T09:45:00+05:30,portfolio_replay,PREMIUM,SKIP,idle,25354.95,13.49,1.0,0.0,0.0,1.036,0.235,0.231,11,9,45,4,0,70,0,70,75,normal_range,0.0,0,,,
2026-02-27T09:50:00+05:30,portfolio_replay,PREMIUM,SKIP,idle,25339.6,13.54,1.0,0.0,0.0,1.036,0.295,0.265,11,9,50,4,0,70,0,70,75,normal_range,0.0,0,,,
2026-02-27T09:55:00+05:30,portfolio_replay,PREMIUM,SKIP,idle,25344.75,13.5,1.0,0.0,0.0,1.036,0.275,0.31,11,9,55,4,0,57,0,57,75,normal_range,0.0,0,,,
2026-02-27T10:00:00+05:30,portfolio_replay,PREMIUM,SKIP,idle,25331.4,13.54,1.0,0.0,0.0,1.036,0.328,0.211,11,10,0,4,0,63,0,63,65,normal_range,0.0,0,,,
2026-02-27T10:05:00+05:30,portfolio_replay,PREMIUM,SKIP,idle,25320.6,13.52,1.0,0.0,0.0,1.036,0.37,0.229,11,10,5,4,0,63,0,63,65,normal_range,0.0,0,,,
2026-02-27T10:10:00+05:30,portfolio_replay,PREMIUM,SKIP,idle,25325.85,13.5,1.0,0.0,0.0,1.036,0.35,0.241,11,10,10,4,0,63,0,63,65,normal_range,0.0,0,,,
2026-02-27T10:15:00+05:30,portfolio_replay,PREMIUM,SKIP,idle,25316.25,13.57,1.0,0.0,0.0,1.036,0.387,0.186,11,10,15,4,0,63,0,63,65,normal_range,0.0,0,,,
2026-02-27T10:20:00+05:30,portfolio_replay,PREMIUM,SKIP,idle,25297.6,13.59,1.0,0.0,0.0,1.036,0.461,0.192,11,10,20,4,0,63,0,63,65,normal_range,0.0,0,,,
2026-02-27T10:25:00+05:30,portfolio_replay,PREMIUM,SKIP,idle,25326.45,13.5,1.0,0.0,0.0,1.036,0.347,0.188,11,10,25,4,0,63,0,63,65,normal_range,0.0,0,,,
2026-02-27T10:30:00+05:30,portfolio_replay,PREMIUM,SKIP,idle,25319.9,13.5,1.0,0.0,0.0,1.036,0.373,0.136,11,10,30,4,0,63,0,63,65,normal_range,0.0,0,,,
2026-02-27T10:35:00+05:30,portfolio_replay,PREMIUM,SKIP,idle,25333.05,13.4,1.0,0.0,0.0,1.036,0.321,0.147,11,10,35,4,0,63,0,63,65,normal_range,0.0,0,,,
2026-02-27T10:36:00+05:30,portfolio_replay,PREMIUM,ENTER,iron_condor,25338.9,13.42,1.0,0.0,0.0,1.036,0.298,0.147,11,10,36,4,0,70,0,70,65,normal_range,34.23,75,,,
2026-02-27T15:15:00+05:30,portfolio_replay,PREMIUM,EXIT,iron_condor,25173.75,13.73,1.0,0.0,0.0,1.036,0.948,0.666,11,15,15,4,0,0,0,0,0,normal_range,0.0,0,Time exit,-234.0,279
2026-02-27T09:30:00+05:30,portfolio_replay,PREMIUM,SKIP,idle,25374.05,13.39,1.0,0.0,0.0,1.036,0.16,0.535,11,9,30,4,0,50,0,50,75,normal_range,0.0,0,,,
2026-02-27T09:35:00+05:30,portfolio_replay,PREMIUM,SKIP,idle,25361.4,13.42,1.0,0.0,0.0,1.036,0.21,0.535,11,9,35,4,0,50,0,50,75,normal_range,0.0,0,,,
2026-02-27T09:40:00+05:30,portfolio_replay,PREMIUM,SKIP,idle,25373.85,13.4,1.0,0.0,0.0,1.036,0.161,0.568,11,9,40,4,0,50,0,50,75,normal_range,0.0,0,,,
2026-02-27T09:45:00+05:30,portfolio_replay,PREMIUM,SKIP,idle,25354.95,13.49,1.0,0.0,0.0,1.036,0.235,0.231,11,9,45,4,0,70,0,70,75,normal_range,0.0,0,,,
2026-02-27T09:50:00+05:30,portfolio_replay,PREMIUM,SKIP,idle,25339.6,13.54,1.0,0.0,0.0,1.036,0.295,0.265,11,9,50,4,0,70,0,70,75,normal_range,0.0,0,,,
2026-02-27T09:55:00+05:30,portfolio_replay,PREMIUM,SKIP,idle,25344.75,13.5,1.0,0.0,0.0,1.036,0.275,0.31,11,9,55,4,0,57,0,57,75,normal_range,0.0,0,,,
2026-02-27T10:00:00+05:30,portfolio_replay,PREMIUM,SKIP,idle,25331.4,13.54,1.0,0.0,0.0,1.036,0.328,0.211,11,10,0,4,0,63,0,63,65,normal_range,0.0,0,,,
2026-02-27T10:05:00+05:30,portfolio_replay,PREMIUM,SKIP,idle,25320.6,13.52,1.0,0.0,0.0,1.036,0.37,0.229,11,10,5,4,0,63,0,63,65,normal_range,0.0,0,,,
2026-02-27T10:10:00+05:30,portfolio_replay,PREMIUM,SKIP,idle,25325.85,13.5,1.0,0.0,0.0,1.036,0.35,0.241,11,10,10,4,0,63,0,63,65,normal_range,0.0,0,,,
2026-02-27T10:15:00+05:30,portfolio_replay,PREMIUM,SKIP,idle,25316.25,13.57,1.0,0.0,0.0,1.036,0.387,0.186,11,10,15,4,0,63,0,63,65,normal_range,0.0,0,,,
2026-02-27T10:20:00+05:30,portfolio_replay,PREMIUM,SKIP,idle,25297.6,13.59,1.0,0.0,0.0,1.036,0.461,0.192,11,10,20,4,0,63,0,63,65,normal_range,0.0,0,,,
2026-02-27T10:25:00+05:30,portfolio_replay,PREMIUM,SKIP,idle,25326.45,13.5,1.0,0.0,0.0,1.036,0.347,0.188,11,10,25,4,0,63,0,63,65,normal_range,0.0,0,,,
2026-02-27T10:30:00+05:30,portfolio_replay,PREMIUM,SKIP,idle,25319.9,13.5,1.0,0.0,0.0,1.036,0.373,0.136,11,10,30,4,0,63,0,63,65,normal_range,0.0,0,,,
2026-02-27T10:35:00+05:30,portfolio_replay,PREMIUM,SKIP,idle,25333.05,13.4,1.0,0.0,0.0,1.036,0.321,0.147,11,10,35,4,0,63,0,63,65,normal_range,0.0,0,,,
2026-02-27T10:36:00+05:30,portfolio_replay,PREMIUM,ENTER,iron_condor,25338.9,13.42,1.0,0.0,0.0,1.036,0.298,0.147,11,10,36,4,0,70,0,70,65,normal_range,34.23,75,,,
2026-02-27T15:15:00+05:30,portfolio_replay,PREMIUM,EXIT,iron_condor,25173.75,13.73,1.0,0.0,0.0,1.036,0.948,0.666,11,15,15,4,0,0,0,0,0,normal_range,0.0,0,Time exit,-234.0,279
2026-02-27T09:30:00+05:30,portfolio_replay,PREMIUM,SKIP,idle,25374.05,13.39,1.0,0.0,0.0,1.036,0.16,0.535,11,9,30,4,0,50,0,50,75,normal_range,0.0,0,,,
2026-02-27T09:35:00+05:30,portfolio_replay,PREMIUM,SKIP,idle,25361.4,13.42,1.0,0.0,0.0,1.036,0.21,0.535,11,9,35,4,0,50,0,50,75,normal_range,0.0,0,,,
2026-02-27T09:40:00+05:30,portfolio_replay,PREMIUM,SKIP,idle,25373.85,13.4,1.0,0.0,0.0,1.036,0.161,0.568,11,9,40,4,0,50,0,50,75,normal_range,0.0,0,,,
2026-02-27T09:45:00+05:30,portfolio_replay,PREMIUM,SKIP,idle,25354.95,13.49,1.0,0.0,0.0,1.036,0.235,0.231,11,9,45,4,0,70,0,70,75,normal_range,0.0,0,,,
2026-02-27T09:50:00+05:30,portfolio_replay,PREMIUM,SKIP,idle,25339.6,13.54,1.0,0.0,0.0,1.036,0.295,0.265,11,9,50,4,0,70,0,70,75,normal_range,0.0,0,,,
2026-02-27T09:55:00+05:30,portfolio_replay,PREMIUM,SKIP,idle,25344.75,13.5,1.0,0.0,0.0,1.036,0.275,0.31,11,9,55,4,0,57,0,57,75,normal_range,0.0,0,,,
2026-02-27T10:00:00+05:30,portfolio_replay,PREMIUM,SKIP,idle,25331.4,13.54,1.0,0.0,0.0,1.036,0.328,0.211,11,10,0,4,0,63,0,63,65,normal_range,0.0,0,,,
2026-02-27T10:05:00+05:30,portfolio_replay,PREMIUM,SKIP,idle,25320.6,13.52,1.0,0.0,0.0,1.036,0.37,0.229,11,10,5,4,0,63,0,63,65,normal_range,0.0,0,,,
2026-02-27T10:10:00+05:30,portfolio_replay,PREMIUM,SKIP,idle,25325.85,13.5,1.0,0.0,0.0,1.036,0.35,0.241,11,10,10,4,0,63,0,63,65,normal_range,0.0,0,,,
2026-02-27T10:15:00+05:30,portfolio_replay,PREMIUM,SKIP,idle,25316.25,13.57,1.0,0.0,0.0,1.036,0.387,0.186,11,10,15,4,0,63,0,63,65,normal_range,0.0,0,,,
2026-02-27T10:20:00+05:30,portfolio_replay,PREMIUM,SKIP,idle,25297.6,13.59,1.0,0.0,0.0,1.036,0.461,0.192,11,10,20,4,0,63,0,63,65,normal_range,0.0,0,,,
2026-02-27T10:25:00+05:30,portfolio_replay,PREMIUM,SKIP,idle,25326.45,13.5,1.0,0.0,0.0,1.036,0.347,0.188,11,10,25,4,0,63,0,63,65,normal_range,0.0,0,,,
2026-02-27T10:30:00+05:30,portfolio_replay,PREMIUM,SKIP,idle,25319.9,13.5,1.0,0.0,0.0,1.036,0.373,0.136,11,10,30,4,0,63,0,63,65,normal_range,0.0,0,,,
2026-02-27T10:35:00+05:30,portfolio_replay,PREMIUM,SKIP,idle,25333.05,13.4,1.0,0.0,0.0,1.036,0.321,0.147,11,10,35,4,0,63,0,63,65,normal_range,0.0,0,,,
2026-02-27T10:36:00+05:30,portfolio_replay,PREMIUM,ENTER,iron_condor,25338.9,13.42,1.0,0.0,0.0,1.036,0.298,0.147,11,10,36,4,0,70,0,70,65,normal_range,34.23,75,,,
2026-02-27T15:15:00+05:30,portfolio_replay,PREMIUM,EXIT,iron_condor,25173.75,13.73,1.0,0.0,0.0,1.036,0.948,0.666,11,15,15,4,0,0,0,0,0,normal_range,0.0,0,Time exit,-234.0,279
2026-02-27T09:30:00+05:30,portfolio_replay,PREMIUM,SKIP,idle,25374.05,13.39,1.0,0.0,0.0,1.036,0.16,0.535,11,9,30,4,0,50,0,50,75,normal_range,0.0,0,,,
2026-02-27T09:35:00+05:30,portfolio_replay,PREMIUM,SKIP,idle,25361.4,13.42,1.0,0.0,0.0,1.036,0.21,0.535,11,9,35,4,0,50,0,50,75,normal_range,0.0,0,,,
2026-02-27T09:40:00+05:30,portfolio_replay,PREMIUM,SKIP,idle,25373.85,13.4,1.0,0.0,0.0,1.036,0.161,0.568,11,9,40,4,0,50,0,50,75,normal_range,0.0,0,,,
2026-02-27T09:45:00+05:30,portfolio_replay,PREMIUM,SKIP,idle,25354.95,13.49,1.0,0.0,0.0,1.036,0.235,0.231,11,9,45,4,0,70,0,70,75,normal_range,0.0,0,,,
2026-02-27T09:50:00+05:30,portfolio_replay,PREMIUM,SKIP,idle,25339.6,13.54,1.0,0.0,0.0,1.036,0.295,0.265,11,9,50,4,0,70,0,70,75,normal_range,0.0,0,,,
2026-02-27T09:55:00+05:30,portfolio_replay,PREMIUM,SKIP,idle,25344.75,13.5,1.0,0.0,0.0,1.036,0.275,0.31,11,9,55,4,0,57,0,57,75,normal_range,0.0,0,,,
2026-02-27T10:00:00+05:30,portfolio_replay,PREMIUM,SKIP,idle,25331.4,13.54,1.0,0.0,0.0,1.036,0.328,0.211,11,10,0,4,0,63,0,63,65,normal_range,0.0,0,,,
2026-02-27T10:05:00+05:30,portfolio_replay,PREMIUM,SKIP,idle,25320.6,13.52,1.0,0.0,0.0,1.036,0.37,0.229,11,10,5,4,0,63,0,63,65,normal_range,0.0,0,,,
2026-02-27T10:10:00+05:30,portfolio_replay,PREMIUM,SKIP,idle,25325.85,13.5,1.0,0.0,0.0,1.036,0.35,0.241,11,10,10,4,0,63,0,63,65,normal_range,0.0,0,,,
2026-02-27T10:15:00+05:30,portfolio_replay,PREMIUM,SKIP,idle,25316.25,13.57,1.0,0.0,0.0,1.036,0.387,0.186,11,10,15,4,0,63,0,63,65,normal_range,0.0,0,,,
2026-02-27T10:20:00+05:30,portfolio_replay,PREMIUM,SKIP,idle,25297.6,13.59,1.0,0.0,0.0,1.036,0.461,0.192,11,10,20,4,0,63,0,63,65,normal_range,0.0,0,,,
2026-02-27T10:25:00+05:30,portfolio_replay,PREMIUM,SKIP,idle,25326.45,13.5,1.0,0.0,0.0,1.036,0.347,0.188,11,10,25,4,0,63,0,63,65,normal_range,0.0,0,,,
2026-02-27T10:30:00+05:30,portfolio_replay,PREMIUM,SKIP,idle,25319.9,13.5,1.0,0.0,0.0,1.036,0.373,0.136,11,10,30,4,0,63,0,63,65,normal_range,0.0,0,,,
2026-02-27T10:35:00+05:30,portfolio_replay,PREMIUM,SKIP,idle,25333.05,13.4,1.0,0.0,0.0,1.036,0.321,0.147,11,10,35,4,0,63,0,63,65,normal_range,0.0,0,,,
2026-02-27T10:36:00+05:30,portfolio_replay,PREMIUM,ENTER,iron_condor,25338.9,13.42,1.0,0.0,0.0,1.036,0.298,0.147,11,10,36,4,0,70,0,70,65,normal_range,34.23,75,,,
2026-02-27T11:35:00+05:30,portfolio_replay,TREND,ENTER,debit_spread,25285.75,13.64,1.0,0.0,0.0,1.036,0.507,0.206,11,11,35,4,0,50,0,50,50,normal_range,38.78,75,,,
2026-02-27T15:15:00+05:30,portfolio_replay,PREMIUM,EXIT,iron_condor,25173.75,13.73,1.0,0.0,0.0,1.036,0.948,0.666,11,15,15,4,0,0,0,0,0,normal_range,0.0,0,Time exit,-234.0,279
2026-02-27T15:16:00+05:30,portfolio_replay,TREND,EXIT,debit_spread,25186.7,13.66,1.0,0.0,0.0,1.036,0.897,0.666,11,15,16,4,0,0,0,0,0,normal_range,0.0,0,Time exit,482.25,221
2026-02-27T09:30:00+05:30,portfolio_replay,PREMIUM,SKIP,idle,25374.05,13.39,1.0,0.0,0.0,1.036,0.16,0.535,11,9,30,4,0,50,0,50,75,normal_range,0.0,0,,,
2026-02-27T09:35:00+05:30,portfolio_replay,PREMIUM,SKIP,idle,25361.4,13.42,1.0,0.0,0.0,1.036,0.21,0.535,11,9,35,4,0,50,0,50,75,normal_range,0.0,0,,,
2026-02-27T09:40:00+05:30,portfolio_replay,PREMIUM,SKIP,idle,25373.85,13.4,1.0,0.0,0.0,1.036,0.161,0.568,11,9,40,4,0,50,0,50,75,normal_range,0.0,0,,,
2026-02-27T09:45:00+05:30,portfolio_replay,PREMIUM,SKIP,idle,25354.95,13.49,1.0,0.0,0.0,1.036,0.235,0.231,11,9,45,4,0,70,0,70,75,normal_range,0.0,0,,,
2026-02-27T09:50:00+05:30,portfolio_replay,PREMIUM,SKIP,idle,25339.6,13.54,1.0,0.0,0.0,1.036,0.295,0.265,11,9,50,4,0,70,0,70,75,normal_range,0.0,0,,,
2026-02-27T09:55:00+05:30,portfolio_replay,PREMIUM,SKIP,idle,25344.75,13.5,1.0,0.0,0.0,1.036,0.275,0.31,11,9,55,4,0,57,0,57,75,normal_range,0.0,0,,,
2026-02-27T10:00:00+05:30,portfolio_replay,PREMIUM,SKIP,idle,25331.4,13.54,1.0,0.0,0.0,1.036,0.328,0.211,11,10,0,4,0,63,0,63,65,normal_range,0.0,0,,,
2026-02-27T10:05:00+05:30,portfolio_replay,PREMIUM,SKIP,idle,25320.6,13.52,1.0,0.0,0.0,1.036,0.37,0.229,11,10,5,4,0,63,0,63,65,normal_range,0.0,0,,,
2026-02-27T10:10:00+05:30,portfolio_replay,PREMIUM,SKIP,idle,25325.85,13.5,1.0,0.0,0.0,1.036,0.35,0.241,11,10,10,4,0,63,0,63,65,normal_range,0.0,0,,,
2026-02-27T10:15:00+05:30,portfolio_replay,PREMIUM,SKIP,idle,25316.25,13.57,1.0,0.0,0.0,1.036,0.387,0.186,11,10,15,4,0,63,0,63,65,normal_range,0.0,0,,,
2026-02-27T10:20:00+05:30,portfolio_replay,PREMIUM,SKIP,idle,25297.6,13.59,1.0,0.0,0.0,1.036,0.461,0.192,11,10,20,4,0,63,0,63,65,normal_range,0.0,0,,,
2026-02-27T10:25:00+05:30,portfolio_replay,PREMIUM,SKIP,idle,25326.45,13.5,1.0,0.0,0.0,1.036,0.347,0.188,11,10,25,4,0,63,0,63,65,normal_range,0.0,0,,,
2026-02-27T10:30:00+05:30,portfolio_replay,PREMIUM,SKIP,idle,25319.9,13.5,1.0,0.0,0.0,1.036,0.373,0.136,11,10,30,4,0,63,0,63,65,normal_range,0.0,0,,,
2026-02-27T10:35:00+05:30,portfolio_replay,PREMIUM,SKIP,idle,25333.05,13.4,1.0,0.0,0.0,1.036,0.321,0.147,11,10,35,4,0,63,0,63,65,normal_range,0.0,0,,,
2026-02-27T10:36:00+05:30,portfolio_replay,PREMIUM,ENTER,iron_condor,25338.9,13.42,1.0,0.0,0.0,1.036,0.298,0.147,11,10,36,4,0,70,0,70,65,normal_range,34.23,75,,,
2026-02-27T15:15:00+05:30,portfolio_replay,PREMIUM,EXIT,iron_condor,25173.75,13.73,1.0,0.0,0.0,1.036,0.948,0.666,11,15,15,4,0,0,0,0,0,normal_range,0.0,0,Time exit,-234.0,279
2026-02-27T09:30:00+05:30,portfolio_replay,PREMIUM,SKIP,idle,25374.05,13.39,1.0,0.0,0.0,1.036,0.16,0.535,11,9,30,4,0,50,0,50,75,normal_range,0.0,0,,,
2026-02-27T09:35:00+05:30,portfolio_replay,PREMIUM,SKIP,idle,25361.4,13.42,1.0,0.0,0.0,1.036,0.21,0.535,11,9,35,4,0,50,0,50,75,normal_range,0.0,0,,,
2026-02-27T09:40:00+05:30,portfolio_replay,PREMIUM,SKIP,idle,25373.85,13.4,1.0,0.0,0.0,1.036,0.161,0.568,11,9,40,4,0,50,0,50,75,normal_range,0.0,0,,,
2026-02-27T09:45:00+05:30,portfolio_replay,PREMIUM,SKIP,idle,25354.95,13.49,1.0,0.0,0.0,1.036,0.235,0.231,11,9,45,4,0,70,0,70,75,normal_range,0.0,0,,,
2026-02-27T09:50:00+05:30,portfolio_replay,PREMIUM,SKIP,idle,25339.6,13.54,1.0,0.0,0.0,1.036,0.295,0.265,11,9,50,4,0,70,0,70,75,normal_range,0.0,0,,,
2026-02-27T09:55:00+05:30,portfolio_replay,PREMIUM,SKIP,idle,25344.75,13.5,1.0,0.0,0.0,1.036,0.275,0.31,11,9,55,4,0,57,0,57,75,normal_range,0.0,0,,,
2026-02-27T10:00:00+05:30,portfolio_replay,PREMIUM,SKIP,idle,25331.4,13.54,1.0,0.0,0.0,1.036,0.328,0.211,11,10,0,4,0,63,0,63,65,normal_range,0.0,0,,,
2026-02-27T10:05:00+05:30,portfolio_replay,PREMIUM,SKIP,idle,25320.6,13.52,1.0,0.0,0.0,1.036,0.37,0.229,11,10,5,4,0,63,0,63,65,normal_range,0.0,0,,,
2026-02-27T10:10:00+05:30,portfolio_replay,PREMIUM,SKIP,idle,25325.85,13.5,1.0,0.0,0.0,1.036,0.35,0.241,11,10,10,4,0,63,0,63,65,normal_range,0.0,0,,,
2026-02-27T10:15:00+05:30,portfolio_replay,PREMIUM,SKIP,idle,25316.25,13.57,1.0,0.0,0.0,1.036,0.387,0.186,11,10,15,4,0,63,0,63,65,normal_range,0.0,0,,,
2026-02-27T10:20:00+05:30,portfolio_replay,PREMIUM,SKIP,idle,25297.6,13.59,1.0,0.0,0.0,1.036,0.461,0.192,11,10,20,4,0,63,0,63,65,normal_range,0.0,0,,,
2026-02-27T10:25:00+05:30,portfolio_replay,PREMIUM,SKIP,idle,25326.45,13.5,1.0,0.0,0.0,1.036,0.347,0.188,11,10,25,4,0,63,0,63,65,normal_range,0.0,0,,,
2026-02-27T10:30:00+05:30,portfolio_replay,PREMIUM,SKIP,idle,25319.9,13.5,1.0,0.0,0.0,1.036,0.373,0.136,11,10,30,4,0,63,0,63,65,normal_range,0.0,0,,,
2026-02-27T10:35:00+05:30,portfolio_replay,PREMIUM,SKIP,idle,25333.05,13.4,1.0,0.0,0.0,1.036,0.321,0.147,11,10,35,4,0,63,0,63,65,normal_range,0.0,0,,,
2026-02-27T10:36:00+05:30,portfolio_replay,PREMIUM,ENTER,iron_condor,25338.9,13.42,1.0,0.0,0.0,1.036,0.298,0.147,11,10,36,4,0,70,0,70,65,normal_range,34.23,75,,,
2026-02-27T15:15:00+05:30,portfolio_replay,PREMIUM,EXIT,iron_condor,25173.75,13.73,1.0,0.0,0.0,1.036,0.948,0.666,11,15,15,4,0,0,0,0,0,normal_range,0.0,0,Time exit,-234.0,279
2026-02-27T09:30:00+05:30,portfolio_replay,PREMIUM,SKIP,idle,25374.05,13.39,1.0,0.0,0.0,1.036,0.16,0.535,11,9,30,4,0,50,0,50,75,normal_range,0.0,0,,,
2026-02-27T09:35:00+05:30,portfolio_replay,PREMIUM,SKIP,idle,25361.4,13.42,1.0,0.0,0.0,1.036,0.21,0.535,11,9,35,4,0,50,0,50,75,normal_range,0.0,0,,,
2026-02-27T09:40:00+05:30,portfolio_replay,PREMIUM,SKIP,idle,25373.85,13.4,1.0,0.0,0.0,1.036,0.161,0.568,11,9,40,4,0,50,0,50,75,normal_range,0.0,0,,,
2026-02-27T09:45:00+05:30,portfolio_replay,PREMIUM,SKIP,idle,25354.95,13.49,1.0,0.0,0.0,1.036,0.235,0.231,11,9,45,4,0,70,0,70,75,normal_range,0.0,0,,,
2026-02-27T09:50:00+05:30,portfolio_replay,PREMIUM,SKIP,idle,25339.6,13.54,1.0,0.0,0.0,1.036,0.295,0.265,11,9,50,4,0,70,0,70,75,normal_range,0.0,0,,,
2026-02-27T09:55:00+05:30,portfolio_replay,PREMIUM,SKIP,idle,25344.75,13.5,1.0,0.0,0.0,1.036,0.275,0.31,11,9,55,4,0,57,0,57,75,normal_range,0.0,0,,,
2026-02-27T10:00:00+05:30,portfolio_replay,PREMIUM,SKIP,idle,25331.4,13.54,1.0,0.0,0.0,1.036,0.328,0.211,11,10,0,4,0,63,0,63,65,normal_range,0.0,0,,,
2026-02-27T10:05:00+05:30,portfolio_replay,PREMIUM,SKIP,idle,25320.6,13.52,1.0,0.0,0.0,1.036,0.37,0.229,11,10,5,4,0,63,0,63,65,normal_range,0.0,0,,,
2026-02-27T10:10:00+05:30,portfolio_replay,PREMIUM,SKIP,idle,25325.85,13.5,1.0,0.0,0.0,1.036,0.35,0.241,11,10,10,4,0,63,0,63,65,normal_range,0.0,0,,,
2026-02-27T10:15:00+05:30,portfolio_replay,PREMIUM,SKIP,idle,25316.25,13.57,1.0,0.0,0.0,1.036,0.387,0.186,11,10,15,4,0,63,0,63,65,normal_range,0.0,0,,,
2026-02-27T10:20:00+05:30,portfolio_replay,PREMIUM,SKIP,idle,25297.6,13.59,1.0,0.0,0.0,1.036,0.461,0.192,11,10,20,4,0,63,0,63,65,normal_range,0.0,0,,,
2026-02-27T10:25:00+05:30,portfolio_replay,PREMIUM,SKIP,idle,25326.45,13.5,1.0,0.0,0.0,1.036,0.347,0.188,11,10,25,4,0,63,0,63,65,normal_range,0.0,0,,,
2026-02-27T10:30:00+05:30,portfolio_replay,PREMIUM,SKIP,idle,25319.9,13.5,1.0,0.0,0.0,1.036,0.373,0.136,11,10,30,4,0,63,0,63,65,normal_range,0.0,0,,,
2026-02-27T10:35:00+05:30,portfolio_replay,PREMIUM,SKIP,idle,25333.05,13.4,1.0,0.0,0.0,1.036,0.321,0.147,11,10,35,4,0,63,0,63,65,normal_range,0.0,0,,,
2026-02-27T10:36:00+05:30,portfolio_replay,PREMIUM,ENTER,iron_condor,25338.9,13.42,1.0,0.0,0.0,1.036,0.298,0.147,11,10,36,4,0,70,0,70,65,normal_range,34.23,75,,,
2026-02-27T15:15:00+05:30,portfolio_replay,PREMIUM,EXIT,iron_condor,25173.75,13.73,1.0,0.0,0.0,1.036,0.948,0.666,11,15,15,4,0,0,0,0,0,normal_range,0.0,0,Time exit,-234.0,279
2026-02-27T09:30:00+05:30,portfolio_replay,PREMIUM,SKIP,idle,25374.05,13.39,1.0,0.0,0.0,1.036,0.16,0.535,11,9,30,4,0,50,0,50,75,normal_range,0.0,0,,,
2026-02-27T09:35:00+05:30,portfolio_replay,PREMIUM,SKIP,idle,25361.4,13.42,1.0,0.0,0.0,1.036,0.21,0.535,11,9,35,4,0,50,0,50,75,normal_range,0.0,0,,,
2026-02-27T09:40:00+05:30,portfolio_replay,PREMIUM,SKIP,idle,25373.85,13.4,1.0,0.0,0.0,1.036,0.161,0.568,11,9,40,4,0,50,0,50,75,normal_range,0.0,0,,,
2026-02-27T09:45:00+05:30,portfolio_replay,PREMIUM,SKIP,idle,25354.95,13.49,1.0,0.0,0.0,1.036,0.235,0.231,11,9,45,4,0,70,0,70,75,normal_range,0.0,0,,,
2026-02-27T09:50:00+05:30,portfolio_replay,PREMIUM,SKIP,idle,25339.6,13.54,1.0,0.0,0.0,1.036,0.295,0.265,11,9,50,4,0,70,0,70,75,normal_range,0.0,0,,,
2026-02-27T09:55:00+05:30,portfolio_replay,PREMIUM,SKIP,idle,25344.75,13.5,1.0,0.0,0.0,1.036,0.275,0.31,11,9,55,4,0,57,0,57,75,normal_range,0.0,0,,,
2026-02-27T10:00:00+05:30,portfolio_replay,PREMIUM,SKIP,idle,25331.4,13.54,1.0,0.0,0.0,1.036,0.328,0.211,11,10,0,4,0,63,0,63,65,normal_range,0.0,0,,,
2026-02-27T10:05:00+05:30,portfolio_replay,PREMIUM,SKIP,idle,25320.6,13.52,1.0,0.0,0.0,1.036,0.37,0.229,11,10,5,4,0,63,0,63,65,normal_range,0.0,0,,,
2026-02-27T10:10:00+05:30,portfolio_replay,PREMIUM,SKIP,idle,25325.85,13.5,1.0,0.0,0.0,1.036,0.35,0.241,11,10,10,4,0,63,0,63,65,normal_range,0.0,0,,,
2026-02-27T10:15:00+05:30,portfolio_replay,PREMIUM,SKIP,idle,25316.25,13.57,1.0,0.0,0.0,1.036,0.387,0.186,11,10,15,4,0,63,0,63,65,normal_range,0.0,0,,,
2026-02-27T10:20:00+05:30,portfolio_replay,PREMIUM,SKIP,idle,25297.6,13.59,1.0,0.0,0.0,1.036,0.461,0.192,11,10,20,4,0,63,0,63,65,normal_range,0.0,0,,,
2026-02-27T10:25:00+05:30,portfolio_replay,PREMIUM,SKIP,idle,25326.45,13.5,1.0,0.0,0.0,1.036,0.347,0.188,11,10,25,4,0,63,0,63,65,normal_range,0.0,0,,,
2026-02-27T10:30:00+05:30,portfolio_replay,PREMIUM,SKIP,idle,25319.9,13.5,1.0,0.0,0.0,1.036,0.373,0.136,11,10,30,4,0,63,0,63,65,normal_range,0.0,0,,,
2026-02-27T10:35:00+05:30,portfolio_replay,PREMIUM,SKIP,idle,25333.05,13.4,1.0,0.0,0.0,1.036,0.321,0.147,11,10,35,4,0,63,0,63,65,normal_range,0.0,0,,,
2026-02-27T10:36:00+05:30,portfolio_replay,PREMIUM,ENTER,iron_condor,25338.9,13.42,1.0,0.0,0.0,1.036,0.298,0.147,11,10,36,4,0,70,0,70,65,normal_range,34.23,75,,,
2026-02-27T15:15:00+05:30,portfolio_replay,PREMIUM,EXIT,iron_condor,25173.75,13.73,1.0,0.0,0.0,1.036,0.948,0.666,11,15,15,4,0,0,0,0,0,normal_range,0.0,0,Time exit,-234.0,279
2026-02-27T09:30:00+05:30,portfolio_replay,PREMIUM,SKIP,idle,25374.05,13.39,1.0,0.0,0.0,1.036,0.16,0.535,11,9,30,4,0,50,0,50,75,normal_range,0.0,0,,,
2026-02-27T09:35:00+05:30,portfolio_replay,PREMIUM,SKIP,idle,25361.4,13.42,1.0,0.0,0.0,1.036,0.21,0.535,11,9,35,4,0,50,0,50,75,normal_range,0.0,0,,,
2026-02-27T09:40:00+05:30,portfolio_replay,PREMIUM,SKIP,idle,25373.85,13.4,1.0,0.0,0.0,1.036,0.161,0.568,11,9,40,4,0,50,0,50,75,normal_range,0.0,0,,,
2026-02-27T09:45:00+05:30,portfolio_replay,PREMIUM,SKIP,idle,25354.95,13.49,1.0,0.0,0.0,1.036,0.235,0.231,11,9,45,4,0,70,0,70,75,normal_range,0.0,0,,,
2026-02-27T09:50:00+05:30,portfolio_replay,PREMIUM,SKIP,idle,25339.6,13.54,1.0,0.0,0.0,1.036,0.295,0.265,11,9,50,4,0,70,0,70,75,normal_range,0.0,0,,,
2026-02-27T09:55:00+05:30,portfolio_replay,PREMIUM,SKIP,idle,25344.75,13.5,1.0,0.0,0.0,1.036,0.275,0.31,11,9,55,4,0,57,0,57,75,normal_range,0.0,0,,,
2026-02-27T10:00:00+05:30,portfolio_replay,PREMIUM,SKIP,idle,25331.4,13.54,1.0,0.0,0.0,1.036,0.328,0.211,11,10,0,4,0,63,0,63,65,normal_range,0.0,0,,,
2026-02-27T10:05:00+05:30,portfolio_replay,PREMIUM,SKIP,idle,25320.6,13.52,1.0,0.0,0.0,1.036,0.37,0.229,11,10,5,4,0,63,0,63,65,normal_range,0.0,0,,,
2026-02-27T10:10:00+05:30,portfolio_replay,PREMIUM,SKIP,idle,25325.85,13.5,1.0,0.0,0.0,1.036,0.35,0.241,11,10,10,4,0,63,0,63,65,normal_range,0.0,0,,,
2026-02-27T10:15:00+05:30,portfolio_replay,PREMIUM,SKIP,idle,25316.25,13.57,1.0,0.0,0.0,1.036,0.387,0.186,11,10,15,4,0,63,0,63,65,normal_range,0.0,0,,,
2026-02-27T10:20:00+05:30,portfolio_replay,PREMIUM,SKIP,idle,25297.6,13.59,1.0,0.0,0.0,1.036,0.461,0.192,11,10,20,4,0,63,0,63,65,normal_range,0.0,0,,,
2026-02-27T10:25:00+05:30,portfolio_replay,PREMIUM,SKIP,idle,25326.45,13.5,1.0,0.0,0.0,1.036,0.347,0.188,11,10,25,4,0,63,0,63,65,normal_range,0.0,0,,,
2026-02-27T10:30:00+05:30,portfolio_replay,PREMIUM,SKIP,idle,25319.9,13.5,1.0,0.0,0.0,1.036,0.373,0.136,11,10,30,4,0,63,0,63,65,normal_range,0.0,0,,,
2026-02-27T10:35:00+05:30,portfolio_replay,PREMIUM,SKIP,idle,25333.05,13.4,1.0,0.0,0.0,1.036,0.321,0.147,11,10,35,4,0,63,0,63,65,normal_range,0.0,0,,,
2026-02-27T10:36:00+05:30,portfolio_replay,PREMIUM,ENTER,iron_condor,25338.9,13.42,1.0,0.0,0.0,1.036,0.298,0.147,11,10,36,4,0,70,0,70,65,normal_range,34.23,75,,,
2026-02-27T15:15:00+05:30,portfolio_replay,PREMIUM,EXIT,iron_condor,25173.75,13.73,1.0,0.0,0.0,1.036,0.948,0.666,11,15,15,4,0,0,0,0,0,normal_range,0.0,0,Time exit,-234.0,279
2026-02-27T09:30:00+05:30,portfolio_replay,PREMIUM,SKIP,idle,25374.05,13.39,1.0,0.0,0.0,1.036,0.16,0.535,11,9,30,4,0,50,0,50,75,normal_range,0.0,0,,,
2026-02-27T09:35:00+05:30,portfolio_replay,PREMIUM,SKIP,idle,25361.4,13.42,1.0,0.0,0.0,1.036,0.21,0.535,11,9,35,4,0,50,0,50,75,normal_range,0.0,0,,,
2026-02-27T09:40:00+05:30,portfolio_replay,PREMIUM,SKIP,idle,25373.85,13.4,1.0,0.0,0.0,1.036,0.161,0.568,11,9,40,4,0,50,0,50,75,normal_range,0.0,0,,,
2026-02-27T09:45:00+05:30,portfolio_replay,PREMIUM,SKIP,idle,25354.95,13.49,1.0,0.0,0.0,1.036,0.235,0.231,11,9,45,4,0,70,0,70,75,normal_range,0.0,0,,,
2026-02-27T09:50:00+05:30,portfolio_replay,PREMIUM,SKIP,idle,25339.6,13.54,1.0,0.0,0.0,1.036,0.295,0.265,11,9,50,4,0,70,0,70,75,normal_range,0.0,0,,,
2026-02-27T09:55:00+05:30,portfolio_replay,PREMIUM,SKIP,idle,25344.75,13.5,1.0,0.0,0.0,1.036,0.275,0.31,11,9,55,4,0,57,0,57,75,normal_range,0.0,0,,,
2026-02-27T10:00:00+05:30,portfolio_replay,PREMIUM,SKIP,idle,25331.4,13.54,1.0,0.0,0.0,1.036,0.328,0.211,11,10,0,4,0,63,0,63,65,normal_range,0.0,0,,,
2026-02-27T10:05:00+05:30,portfolio_replay,PREMIUM,SKIP,idle,25320.6,13.52,1.0,0.0,0.0,1.036,0.37,0.229,11,10,5,4,0,63,0,63,65,normal_range,0.0,0,,,
2026-02-27T10:10:00+05:30,portfolio_replay,PREMIUM,SKIP,idle,25325.85,13.5,1.0,0.0,0.0,1.036,0.35,0.241,11,10,10,4,0,63,0,63,65,normal_range,0.0,0,,,
2026-02-27T10:15:00+05:30,portfolio_replay,PREMIUM,SKIP,idle,25316.25,13.57,1.0,0.0,0.0,1.036,0.387,0.186,11,10,15,4,0,63,0,63,65,normal_range,0.0,0,,,
2026-02-27T10:20:00+05:30,portfolio_replay,PREMIUM,SKIP,idle,25297.6,13.59,1.0,0.0,0.0,1.036,0.461,0.192,11,10,20,4,0,63,0,63,65,normal_range,0.0,0,,,
2026-02-27T10:25:00+05:30,portfolio_replay,PREMIUM,SKIP,idle,25326.45,13.5,1.0,0.0,0.0,1.036,0.347,0.188,11,10,25,4,0,63,0,63,65,normal_range,0.0,0,,,
2026-02-27T10:30:00+05:30,portfolio_replay,PREMIUM,SKIP,idle,25319.9,13.5,1.0,0.0,0.0,1.036,0.373,0.136,11,10,30,4,0,63,0,63,65,normal_range,0.0,0,,,
2026-02-27T10:35:00+05:30,portfolio_replay,PREMIUM,SKIP,idle,25333.05,13.4,1.0,0.0,0.0,1.036,0.321,0.147,11,10,35,4,0,63,0,63,65,normal_range,0.0,0,,,
2026-02-27T10:36:00+05:30,portfolio_replay,PREMIUM,ENTER,iron_condor,25338.9,13.42,1.0,0.0,0.0,1.036,0.298,0.147,11,10,36,4,0,70,0,70,65,normal_range,34.23,75,,,
2026-02-27T15:15:00+05:30,portfolio_replay,PREMIUM,EXIT,iron_condor,25173.75,13.73,1.0,0.0,0.0,1.036,0.948,0.666,11,15,15,4,0,0,0,0,0,normal_range,0.0,0,Time exit,-234.0,279
2026-02-27T09:30:00+05:30,portfolio_replay,PREMIUM,SKIP,idle,25374.05,13.39,1.0,0.0,0.0,1.036,0.16,0.535,11,9,30,4,0,50,0,50,75,normal_range,0.0,0,,,
2026-02-27T09:35:00+05:30,portfolio_replay,PREMIUM,SKIP,idle,25361.4,13.42,1.0,0.0,0.0,1.036,0.21,0.535,11,9,35,4,0,50,0,50,75,normal_range,0.0,0,,,
2026-02-27T09:40:00+05:30,portfolio_replay,PREMIUM,SKIP,idle,25373.85,13.4,1.0,0.0,0.0,1.036,0.161,0.568,11,9,40,4,0,50,0,50,75,normal_range,0.0,0,,,
2026-02-27T09:45:00+05:30,portfolio_replay,PREMIUM,SKIP,idle,25354.95,13.49,1.0,0.0,0.0,1.036,0.235,0.231,11,9,45,4,0,70,0,70,75,normal_range,0.0,0,,,
2026-02-27T09:50:00+05:30,portfolio_replay,PREMIUM,SKIP,idle,25339.6,13.54,1.0,0.0,0.0,1.036,0.295,0.265,11,9,50,4,0,70,0,70,75,normal_range,0.0,0,,,
2026-02-27T09:55:00+05:30,portfolio_replay,PREMIUM,SKIP,idle,25344.75,13.5,1.0,0.0,0.0,1.036,0.275,0.31,11,9,55,4,0,57,0,57,75,normal_range,0.0,0,,,
2026-02-27T10:00:00+05:30,portfolio_replay,PREMIUM,SKIP,idle,25331.4,13.54,1.0,0.0,0.0,1.036,0.328,0.211,11,10,0,4,0,63,0,63,65,normal_range,0.0,0,,,
2026-02-27T10:05:00+05:30,portfolio_replay,PREMIUM,SKIP,idle,25320.6,13.52,1.0,0.0,0.0,1.036,0.37,0.229,11,10,5,4,0,63,0,63,65,normal_range,0.0,0,,,
2026-02-27T10:10:00+05:30,portfolio_replay,PREMIUM,SKIP,idle,25325.85,13.5,1.0,0.0,0.0,1.036,0.35,0.241,11,10,10,4,0,63,0,63,65,normal_range,0.0,0,,,
2026-02-27T10:15:00+05:30,portfolio_replay,PREMIUM,SKIP,idle,25316.25,13.57,1.0,0.0,0.0,1.036,0.387,0.186,11,10,15,4,0,63,0,63,65,normal_range,0.0,0,,,
2026-02-27T10:20:00+05:30,portfolio_replay,PREMIUM,SKIP,idle,25297.6,13.59,1.0,0.0,0.0,1.036,0.461,0.192,11,10,20,4,0,63,0,63,65,normal_range,0.0,0,,,
2026-02-27T10:25:00+05:30,portfolio_replay,PREMIUM,SKIP,idle,25326.45,13.5,1.0,0.0,0.0,1.036,0.347,0.188,11,10,25,4,0,63,0,63,65,normal_range,0.0,0,,,
2026-02-27T10:30:00+05:30,portfolio_replay,PREMIUM,SKIP,idle,25319.9,13.5,1.0,0.0,0.0,1.036,0.373,0.136,11,10,30,4,0,63,0,63,65,normal_range,0.0,0,,,
2026-02-27T10:35:00+05:30,portfolio_replay,PREMIUM,SKIP,idle,25333.05,13.4,1.0,0.0,0.0,1.036,0.321,0.147,11,10,35,4,0,63,0,63,65,normal_range,0.0,0,,,
2026-02-27T10:36:00+05:30,portfolio_replay,PREMIUM,ENTER,iron_condor,25338.9,13.42,1.0,0.0,0.0,1.036,0.298,0.147,11,10,36,4,0,70,0,70,65,normal_range,34.23,75,,,
2026-02-27T15:15:00+05:30,portfolio_replay,PREMIUM,EXIT,iron_condor,25173.75,13.73,1.0,0.0,0.0,1.036,0.948,0.666,11,15,15,4,0,0,0,0,0,normal_range,0.0,0,Time exit,-234.0,279
2026-02-27T09:30:00+05:30,portfolio_replay,PREMIUM,SKIP,idle,25374.05,13.39,1.0,0.0,0.0,1.036,0.16,0.535,11,9,30,4,0,50,0,50,75,normal_range,0.0,0,,,
2026-02-27T09:35:00+05:30,portfolio_replay,PREMIUM,SKIP,idle,25361.4,13.42,1.0,0.0,0.0,1.036,0.21,0.535,11,9,35,4,0,50,0,50,75,normal_range,0.0,0,,,
2026-02-27T09:40:00+05:30,portfolio_replay,PREMIUM,SKIP,idle,25373.85,13.4,1.0,0.0,0.0,1.036,0.161,0.568,11,9,40,4,0,50,0,50,75,normal_range,0.0,0,,,
2026-02-27T09:45:00+05:30,portfolio_replay,PREMIUM,SKIP,idle,25354.95,13.49,1.0,0.0,0.0,1.036,0.235,0.231,11,9,45,4,0,70,0,70,75,normal_range,0.0,0,,,
2026-02-27T09:50:00+05:30,portfolio_replay,PREMIUM,SKIP,idle,25339.6,13.54,1.0,0.0,0.0,1.036,0.295,0.265,11,9,50,4,0,70,0,70,75,normal_range,0.0,0,,,
2026-02-27T09:55:00+05:30,portfolio_replay,PREMIUM,SKIP,idle,25344.75,13.5,1.0,0.0,0.0,1.036,0.275,0.31,11,9,55,4,0,57,0,57,75,normal_range,0.0,0,,,
2026-02-27T10:00:00+05:30,portfolio_replay,PREMIUM,SKIP,idle,25331.4,13.54,1.0,0.0,0.0,1.036,0.328,0.211,11,10,0,4,0,63,0,63,65,normal_range,0.0,0,,,
2026-02-27T10:05:00+05:30,portfolio_replay,PREMIUM,SKIP,idle,25320.6,13.52,1.0,0.0,0.0,1.036,0.37,0.229,11,10,5,4,0,63,0,63,65,normal_range,0.0,0,,,
2026-02-27T10:10:00+05:30,portfolio_replay,PREMIUM,SKIP,idle,25325.85,13.5,1.0,0.0,0.0,1.036,0.35,0.241,11,10,10,4,0,63,0,63,65,normal_range,0.0,0,,,
2026-02-27T10:15:00+05:30,portfolio_replay,PREMIUM,SKIP,idle,25316.25,13.57,1.0,0.0,0.0,1.036,0.387,0.186,11,10,15,4,0,63,0,63,65,normal_range,0.0,0,,,
2026-02-27T10:20:00+05:30,portfolio_replay,PREMIUM,SKIP,idle,25297.6,13.59,1.0,0.0,0.0,1.036,0.461,0.192,11,10,20,4,0,63,0,63,65,normal_range,0.0,0,,,
2026-02-27T10:25:00+05:30,portfolio_replay,PREMIUM,SKIP,idle,25326.45,13.5,1.0,0.0,0.0,1.036,0.347,0.188,11,10,25,4,0,63,0,63,65,normal_range,0.0,0,,,
2026-02-27T10:30:00+05:30,portfolio_replay,PREMIUM,SKIP,idle,25319.9,13.5,1.0,0.0,0.0,1.036,0.373,0.136,11,10,30,4,0,63,0,63,65,normal_range,0.0,0,,,
2026-02-27T10:35:00+05:30,portfolio_replay,PREMIUM,SKIP,idle,25333.05,13.4,1.0,0.0,0.0,1.036,0.321,0.147,11,10,35,4,0,63,0,63,65,normal_range,0.0,0,,,
2026-02-27T10:36:00+05:30,portfolio_replay,PREMIUM,ENTER,iron_condor,25338.9,13.42,1.0,0.0,0.0,1.036,0.298,0.147,11,10,36,4,0,70,0,70,65,normal_range,34.23,75,,,
2026-02-27T15:15:00+05:30,portfolio_replay,PREMIUM,EXIT,iron_condor,25173.75,13.73,1.0,0.0,0.0,1.036,0.948,0.666,11,15,15,4,0,0,0,0,0,normal_range,0.0,0,Time exit,-234.0,279
2026-02-27T09:30:00+05:30,portfolio_replay,PREMIUM,SKIP,idle,25374.05,13.39,1.0,0.0,0.0,1.036,0.16,0.535,11,9,30,4,0,67,0,67,75,normal_range,0.0,0,,,
2026-02-27T09:32:00+05:30,portfolio_replay,PREMIUM,ENTER,strangle,25377.35,13.34,1.0,0.0,0.0,1.036,0.147,0.535,11,9,32,4,0,80,0,80,75,normal_range,99.37,75,,,
2026-02-27T11:37:00+05:30,portfolio_replay,PREMIUM,EXIT,strangle,25275.65,13.75,1.0,0.0,0.0,1.036,0.547,0.206,11,11,37,4,0,0,0,0,0,normal_range,0.0,0,Trail stop: bounced 16.0%,-1066.5,125
2026-02-27T09:30:00+05:30,portfolio_replay,PREMIUM,SKIP,idle,25374.05,13.39,1.0,0.0,0.0,1.036,0.16,0.535,11,9,30,4,0,50,0,50,75,normal_range,0.0,0,,,
2026-02-27T09:35:00+05:30,portfolio_replay,PREMIUM,SKIP,idle,25361.4,13.42,1.0,0.0,0.0,1.036,0.21,0.535,11,9,35,4,0,50,0,50,75,normal_range,0.0,0,,,
2026-02-27T09:40:00+05:30,portfolio_replay,PREMIUM,SKIP,idle,25373.85,13.4,1.0,0.0,0.0,1.036,0.161,0.568,11,9,40,4,0,50,0,50,75,normal_range,0.0,0,,,
2026-02-27T09:45:00+05:30,portfolio_replay,PREMIUM,SKIP,idle,25354.95,13.49,1.0,0.0,0.0,1.036,0.235,0.231,11,9,45,4,0,70,0,70,75,normal_range,0.0,0,,,
2026-02-27T09:50:00+05:30,portfolio_replay,PREMIUM,SKIP,idle,25339.6,13.54,1.0,0.0,0.0,1.036,0.295,0.265,11,9,50,4,0,70,0,70,75,normal_range,0.0,0,,,
2026-02-27T09:55:00+05:30,portfolio_replay,PREMIUM,SKIP,idle,25344.75,13.5,1.0,0.0,0.0,1.036,0.275,0.31,11,9,55,4,0,57,0,57,75,normal_range,0.0,0,,,
2026-02-27T10:00:00+05:30,portfolio_replay,PREMIUM,SKIP,idle,25331.4,13.54,1.0,0.0,0.0,1.036,0.328,0.211,11,10,0,4,0,63,0,63,65,normal_range,0.0,0,,,
2026-02-27T10:05:00+05:30,portfolio_replay,PREMIUM,SKIP,idle,25320.6,13.52,1.0,0.0,0.0,1.036,0.37,0.229,11,10,5,4,0,63,0,63,65,normal_range,0.0,0,,,
2026-02-27T10:10:00+05:30,portfolio_replay,PREMIUM,SKIP,idle,25325.85,13.5,1.0,0.0,0.0,1.036,0.35,0.241,11,10,10,4,0,63,0,63,65,normal_range,0.0,0,,,
2026-02-27T10:15:00+05:30,portfolio_replay,PREMIUM,SKIP,idle,25316.25,13.57,1.0,0.0,0.0,1.036,0.387,0.186,11,10,15,4,0,63,0,63,65,normal_range,0.0,0,,,
2026-02-27T10:20:00+05:30,portfolio_replay,PREMIUM,SKIP,idle,25297.6,13.59,1.0,0.0,0.0,1.036,0.461,0.192,11,10,20,4,0,63,0,63,65,normal_range,0.0,0,,,
2026-02-27T10:25:00+05:30,portfolio_replay,PREMIUM,SKIP,idle,25326.45,13.5,1.0,0.0,0.0,1.036,0.347,0.188,11,10,25,4,0,63,0,63,65,normal_range,0.0,0,,,
2026-02-27T10:30:00+05:30,portfolio_replay,PREMIUM,SKIP,idle,25319.9,13.5,1.0,0.0,0.0,1.036,0.373,0.136,11,10,30,4,0,63,0,63,65,normal_range,0.0,0,,,
2026-02-27T10:35:00+05:30,portfolio_replay,PREMIUM,SKIP,idle,25333.05,13.4,1.0,0.0,0.0,1.036,0.321,0.147,11,10,35,4,0,63,0,63,65,normal_range,0.0,0,,,
2026-02-27T10:36:00+05:30,portfolio_replay,PREMIUM,ENTER,iron_condor,25338.9,13.42,1.0,0.0,0.0,1.036,0.298,0.147,11,10,36,4,0,70,0,70,65,normal_range,34.23,75,,,
2026-02-27T15:15:00+05:30,portfolio_replay,PREMIUM,EXIT,iron_condor,25173.75,13.73,1.0,0.0,0.0,1.036,0.948,0.666,11,15,15,4,0,0,0,0,0,normal_range,0.0,0,Time exit,-234.0,279
2026-02-27T09:30:00+05:30,portfolio_replay,PREMIUM,SKIP,idle,25374.05,13.39,1.0,0.0,0.0,1.036,0.16,0.535,11,9,30,4,0,50,0,50,75,normal_range,0.0,0,,,
2026-02-27T09:35:00+05:30,portfolio_replay,PREMIUM,SKIP,idle,25361.4,13.42,1.0,0.0,0.0,1.036,0.21,0.535,11,9,35,4,0,50,0,50,75,normal_range,0.0,0,,,
2026-02-27T09:40:00+05:30,portfolio_replay,PREMIUM,SKIP,idle,25373.85,13.4,1.0,0.0,0.0,1.036,0.161,0.568,11,9,40,4,0,50,0,50,75,normal_range,0.0,0,,,
2026-02-27T09:45:00+05:30,portfolio_replay,PREMIUM,SKIP,idle,25354.95,13.49,1.0,0.0,0.0,1.036,0.235,0.231,11,9,45,4,0,70,0,70,75,normal_range,0.0,0,,,
2026-02-27T09:50:00+05:30,portfolio_replay,PREMIUM,SKIP,idle,25339.6,13.54,1.0,0.0,0.0,1.036,0.295,0.265,11,9,50,4,0,70,0,70,75,normal_range,0.0,0,,,
2026-02-27T09:55:00+05:30,portfolio_replay,PREMIUM,SKIP,idle,25344.75,13.5,1.0,0.0,0.0,1.036,0.275,0.31,11,9,55,4,0,57,0,57,75,normal_range,0.0,0,,,
2026-02-27T10:00:00+05:30,portfolio_replay,PREMIUM,SKIP,idle,25331.4,13.54,1.0,0.0,0.0,1.036,0.328,0.211,11,10,0,4,0,63,0,63,65,normal_range,0.0,0,,,
2026-02-27T10:05:00+05:30,portfolio_replay,PREMIUM,SKIP,idle,25320.6,13.52,1.0,0.0,0.0,1.036,0.37,0.229,11,10,5,4,0,63,0,63,65,normal_range,0.0,0,,,
2026-02-27T10:10:00+05:30,portfolio_replay,PREMIUM,SKIP,idle,25325.85,13.5,1.0,0.0,0.0,1.036,0.35,0.241,11,10,10,4,0,63,0,63,65,normal_range,0.0,0,,,
2026-02-27T10:15:00+05:30,portfolio_replay,PREMIUM,SKIP,idle,25316.25,13.57,1.0,0.0,0.0,1.036,0.387,0.186,11,10,15,4,0,63,0,63,65,normal_range,0.0,0,,,
2026-02-27T10:20:00+05:30,portfolio_replay,PREMIUM,SKIP,idle,25297.6,13.59,1.0,0.0,0.0,1.036,0.461,0.192,11,10,20,4,0,63,0,63,65,normal_range,0.0,0,,,
2026-02-27T10:25:00+05:30,portfolio_replay,PREMIUM,SKIP,idle,25326.45,13.5,1.0,0.0,0.0,1.036,0.347,0.188,11,10,25,4,0,63,0,63,65,normal_range,0.0,0,,,
2026-02-27T10:30:00+05:30,portfolio_replay,PREMIUM,SKIP,idle,25319.9,13.5,1.0,0.0,0.0,1.036,0.373,0.136,11,10,30,4,0,63,0,63,65,normal_range,0.0,0,,,
2026-02-27T10:35:00+05:30,portfolio_replay,PREMIUM,SKIP,idle,25333.05,13.4,1.0,0.0,0.0,1.036,0.321,0.147,11,10,35,4,0,63,0,63,65,normal_range,0.0,0,,,
2026-02-27T10:36:00+05:30,portfolio_replay,PREMIUM,ENTER,iron_condor,25338.9,13.42,1.0,0.0,0.0,1.036,0.298,0.147,11,10,36,4,0,70,0,70,65,normal_range,34.23,75,,,
2026-02-27T15:15:00+05:30,portfolio_replay,PREMIUM,EXIT,iron_condor,25173.75,13.73,1.0,0.0,0.0,1.036,0.948,0.666,11,15,15,4,0,0,0,0,0,normal_range,0.0,0,Time exit,-234.0,279
2026-02-27T09:30:00+05:30,portfolio_replay,PREMIUM,SKIP,idle,25374.05,13.39,1.0,0.0,0.0,1.036,0.16,0.535,11,9,30,4,0,50,0,50,75,normal_range,0.0,0,,,
2026-02-27T09:35:00+05:30,portfolio_replay,PREMIUM,SKIP,idle,25361.4,13.42,1.0,0.0,0.0,1.036,0.21,0.535,11,9,35,4,0,50,0,50,75,normal_range,0.0,0,,,
2026-02-27T09:40:00+05:30,portfolio_replay,PREMIUM,SKIP,idle,25373.85,13.4,1.0,0.0,0.0,1.036,0.161,0.568,11,9,40,4,0,50,0,50,75,normal_range,0.0,0,,,
2026-02-27T09:45:00+05:30,portfolio_replay,PREMIUM,SKIP,idle,25354.95,13.49,1.0,0.0,0.0,1.036,0.235,0.231,11,9,45,4,0,70,0,70,75,normal_range,0.0,0,,,
2026-02-27T09:50:00+05:30,portfolio_replay,PREMIUM,SKIP,idle,25339.6,13.54,1.0,0.0,0.0,1.036,0.295,0.265,11,9,50,4,0,70,0,70,75,normal_range,0.0,0,,,
2026-02-27T09:55:00+05:30,portfolio_replay,PREMIUM,SKIP,idle,25344.75,13.5,1.0,0.0,0.0,1.036,0.275,0.31,11,9,55,4,0,57,0,57,75,normal_range,0.0,0,,,
2026-02-27T10:00:00+05:30,portfolio_replay,PREMIUM,SKIP,idle,25331.4,13.54,1.0,0.0,0.0,1.036,0.328,0.211,11,10,0,4,0,63,0,63,65,normal_range,0.0,0,,,
2026-02-27T10:05:00+05:30,portfolio_replay,PREMIUM,SKIP,idle,25320.6,13.52,1.0,0.0,0.0,1.036,0.37,0.229,11,10,5,4,0,63,0,63,65,normal_range,0.0,0,,,
2026-02-27T10:10:00+05:30,portfolio_replay,PREMIUM,SKIP,idle,25325.85,13.5,1.0,0.0,0.0,1.036,0.35,0.241,11,10,10,4,0,63,0,63,65,normal_range,0.0,0,,,
2026-02-27T10:15:00+05:30,portfolio_replay,PREMIUM,SKIP,idle,25316.25,13.57,1.0,0.0,0.0,1.036,0.387,0.186,11,10,15,4,0,63,0,63,65,normal_range,0.0,0,,,
2026-02-27T10:20:00+05:30,portfolio_replay,PREMIUM,SKIP,idle,25297.6,13.59,1.0,0.0,0.0,1.036,0.461,0.192,11,10,20,4,0,63,0,63,65,normal_range,0.0,0,,,
2026-02-27T10:25:00+05:30,portfolio_replay,PREMIUM,SKIP,idle,25326.45,13.5,1.0,0.0,0.0,1.036,0.347,0.188,11,10,25,4,0,63,0,63,65,normal_range,0.0,0,,,
2026-02-27T10:30:00+05:30,portfolio_replay,PREMIUM,SKIP,idle,25319.9,13.5,1.0,0.0,0.0,1.036,0.373,0.136,11,10,30,4,0,63,0,63,65,normal_range,0.0,0,,,
2026-02-27T10:35:00+05:30,portfolio_replay,PREMIUM,SKIP,idle,25333.05,13.4,1.0,0.0,0.0,1.036,0.321,0.147,11,10,35,4,0,63,0,63,65,normal_range,0.0,0,,,
2026-02-27T10:36:00+05:30,portfolio_replay,PREMIUM,ENTER,iron_condor,25338.9,13.42,1.0,0.0,0.0,1.036,0.298,0.147,11,10,36,4,0,70,0,70,65,normal_range,23.75,75,,,
2026-02-27T15:15:00+05:30,portfolio_replay,PREMIUM,EXIT,iron_condor,25173.75,13.73,1.0,0.0,0.0,1.036,0.948,0.666,11,15,15,4,0,0,0,0,0,normal_range,0.0,0,Time exit,-133.5,279
2026-02-27T09:30:00+05:30,portfolio_replay,PREMIUM,SKIP,idle,25374.05,13.39,1.0,0.0,0.0,1.036,0.16,0.535,11,9,30,4,0,50,0,50,75,normal_range,0.0,0,,,
2026-02-27T09:35:00+05:30,portfolio_replay,PREMIUM,SKIP,idle,25361.4,13.42,1.0,0.0,0.0,1.036,0.21,0.535,11,9,35,4,0,50,0,50,75,normal_range,0.0,0,,,
2026-02-27T09:40:00+05:30,portfolio_replay,PREMIUM,SKIP,idle,25373.85,13.4,1.0,0.0,0.0,1.036,0.161,0.568,11,9,40,4,0,50,0,50,75,normal_range,0.0,0,,,
2026-02-27T09:45:00+05:30,portfolio_replay,PREMIUM,SKIP,idle,25354.95,13.49,1.0,0.0,0.0,1.036,0.235,0.231,11,9,45,4,0,70,0,70,75,normal_range,0.0,0,,,
2026-02-27T09:50:00+05:30,portfolio_replay,PREMIUM,SKIP,idle,25339.6,13.54,1.0,0.0,0.0,1.036,0.295,0.265,11,9,50,4,0,70,0,70,75,normal_range,0.0,0,,,
2026-02-27T09:55:00+05:30,portfolio_replay,PREMIUM,SKIP,idle,25344.75,13.5,1.0,0.0,0.0,1.036,0.275,0.31,11,9,55,4,0,57,0,57,75,normal_range,0.0,0,,,
2026-02-27T10:00:00+05:30,portfolio_replay,PREMIUM,SKIP,idle,25331.4,13.54,1.0,0.0,0.0,1.036,0.328,0.211,11,10,0,4,0,63,0,63,65,normal_range,0.0,0,,,
2026-02-27T10:05:00+05:30,portfolio_replay,PREMIUM,SKIP,idle,25320.6,13.52,1.0,0.0,0.0,1.036,0.37,0.229,11,10,5,4,0,63,0,63,65,normal_range,0.0,0,,,
2026-02-27T10:10:00+05:30,portfolio_replay,PREMIUM,SKIP,idle,25325.85,13.5,1.0,0.0,0.0,1.036,0.35,0.241,11,10,10,4,0,63,0,63,65,normal_range,0.0,0,,,
2026-02-27T10:15:00+05:30,portfolio_replay,PREMIUM,SKIP,idle,25316.25,13.57,1.0,0.0,0.0,1.036,0.387,0.186,11,10,15,4,0,63,0,63,65,normal_range,0.0,0,,,
2026-02-27T10:20:00+05:30,portfolio_replay,PREMIUM,SKIP,idle,25297.6,13.59,1.0,0.0,0.0,1.036,0.461,0.192,11,10,20,4,0,63,0,63,65,normal_range,0.0,0,,,
2026-02-27T10:25:00+05:30,portfolio_replay,PREMIUM,SKIP,idle,25326.45,13.5,1.0,0.0,0.0,1.036,0.347,0.188,11,10,25,4,0,63,0,63,65,normal_range,0.0,0,,,
2026-02-27T10:30:00+05:30,portfolio_replay,PREMIUM,SKIP,idle,25319.9,13.5,1.0,0.0,0.0,1.036,0.373,0.136,11,10,30,4,0,63,0,63,65,normal_range,0.0,0,,,
2026-02-27T10:35:00+05:30,portfolio_replay,PREMIUM,SKIP,idle,25333.05,13.4,1.0,0.0,0.0,1.036,0.321,0.147,11,10,35,4,0,63,0,63,65,normal_range,0.0,0,,,
2026-02-27T10:36:00+05:30,portfolio_replay,PREMIUM,ENTER,iron_condor,25338.9,13.42,1.0,0.0,0.0,1.036,0.298,0.147,11,10,36,4,0,70,0,70,65,normal_range,41.6,75,,,
2026-02-27T15:15:00+05:30,portfolio_replay,PREMIUM,EXIT,iron_condor,25173.75,13.73,1.0,0.0,0.0,1.036,0.948,0.666,11,15,15,4,0,0,0,0,0,normal_range,0.0,0,Time exit,-336.0,279
2026-02-27T09:30:00+05:30,portfolio_replay,PREMIUM,SKIP,idle,25374.05,13.39,1.0,0.0,0.0,1.036,0.16,0.535,11,9,30,4,0,50,0,50,75,normal_range,0.0,0,,,
2026-02-27T09:35:00+05:30,portfolio_replay,PREMIUM,SKIP,idle,25361.4,13.42,1.0,0.0,0.0,1.036,0.21,0.535,11,9,35,4,0,50,0,50,75,normal_range,0.0,0,,,
2026-02-27T09:40:00+05:30,portfolio_replay,PREMIUM,SKIP,idle,25373.85,13.4,1.0,0.0,0.0,1.036,0.161,0.568,11,9,40,4,0,50,0,50,75,normal_range,0.0,0,,,
2026-02-27T09:45:00+05:30,portfolio_replay,PREMIUM,SKIP,idle,25354.95,13.49,1.0,0.0,0.0,1.036,0.235,0.231,11,9,45,4,0,70,0,70,75,normal_range,0.0,0,,,
2026-02-27T09:50:00+05:30,portfolio_replay,PREMIUM,SKIP,idle,25339.6,13.54,1.0,0.0,0.0,1.036,0.295,0.265,11,9,50,4,0,70,0,70,75,normal_range,0.0,0,,,
2026-02-27T09:55:00+05:30,portfolio_replay,PREMIUM,SKIP,idle,25344.75,13.5,1.0,0.0,0.0,1.036,0.275,0.31,11,9,55,4,0,57,0,57,75,normal_range,0.0,0,,,
2026-02-27T10:00:00+05:30,portfolio_replay,PREMIUM,SKIP,idle,25331.4,13.54,1.0,0.0,0.0,1.036,0.328,0.211,11,10,0,4,0,63,0,63,65,normal_range,0.0,0,,,
2026-02-27T10:05:00+05:30,portfolio_replay,PREMIUM,SKIP,idle,25320.6,13.52,1.0,0.0,0.0,1.036,0.37,0.229,11,10,5,4,0,63,0,63,65,normal_range,0.0,0,,,
2026-02-27T10:10:00+05:30,portfolio_replay,PREMIUM,SKIP,idle,25325.85,13.5,1.0,0.0,0.0,1.036,0.35,0.241,11,10,10,4,0,63,0,63,65,normal_range,0.0,0,,,
2026-02-27T10:15:00+05:30,portfolio_replay,PREMIUM,SKIP,idle,25316.25,13.57,1.0,0.0,0.0,1.036,0.387,0.186,11,10,15,4,0,63,0,63,65,normal_range,0.0,0,,,
2026-02-27T10:20:00+05:30,portfolio_replay,PREMIUM,SKIP,idle,25297.6,13.59,1.0,0.0,0.0,1.036,0.461,0.192,11,10,20,4,0,63,0,63,65,normal_range,0.0,0,,,
2026-02-27T10:25:00+05:30,portfolio_replay,PREMIUM,SKIP,idle,25326.45,13.5,1.0,0.0,0.0,1.036,0.347,0.188,11,10,25,4,0,63,0,63,65,normal_range,0.0,0,,,
2026-02-27T10:30:00+05:30,portfolio_replay,PREMIUM,SKIP,idle,25319.9,13.5,1.0,0.0,0.0,1.036,0.373,0.136,11,10,30,4,0,63,0,63,65,normal_range,0.0,0,,,
2026-02-27T10:35:00+05:30,portfolio_replay,PREMIUM,SKIP,idle,25333.05,13.4,1.0,0.0,0.0,1.036,0.321,0.147,11,10,35,4,0,63,0,63,65,normal_range,0.0,0,,,
2026-02-27T10:36:00+05:30,portfolio_replay,PREMIUM,ENTER,iron_condor,25338.9,13.42,1.0,0.0,0.0,1.036,0.298,0.147,11,10,36,4,0,70,0,70,65,normal_range,34.23,75,,,
2026-02-27T15:15:00+05:30,portfolio_replay,PREMIUM,EXIT,iron_condor,25173.75,13.73,1.0,0.0,0.0,1.036,0.948,0.666,11,15,15,4,0,0,0,0,0,normal_range,0.0,0,Time exit,-234.0,279
2026-02-27T09:30:00+05:30,portfolio_replay,PREMIUM,SKIP,idle,25374.05,13.39,1.0,0.0,0.0,1.036,0.16,0.535,11,9,30,4,0,50,0,50,75,normal_range,0.0,0,,,
2026-02-27T09:35:00+05:30,portfolio_replay,PREMIUM,SKIP,idle,25361.4,13.42,1.0,0.0,0.0,1.036,0.21,0.535,11,9,35,4,0,50,0,50,75,normal_range,0.0,0,,,
2026-02-27T09:40:00+05:30,portfolio_replay,PREMIUM,SKIP,idle,25373.85,13.4,1.0,0.0,0.0,1.036,0.161,0.568,11,9,40,4,0,50,0,50,75,normal_range,0.0,0,,,
2026-02-27T09:45:00+05:30,portfolio_replay,PREMIUM,SKIP,idle,25354.95,13.49,1.0,0.0,0.0,1.036,0.235,0.231,11,9,45,4,0,70,0,70,75,normal_range,0.0,0,,,
2026-02-27T09:50:00+05:30,portfolio_replay,PREMIUM,SKIP,idle,25339.6,13.54,1.0,0.0,0.0,1.036,0.295,0.265,11,9,50,4,0,70,0,70,75,normal_range,0.0,0,,,
2026-02-27T09:55:00+05:30,portfolio_replay,PREMIUM,SKIP,idle,25344.75,13.5,1.0,0.0,0.0,1.036,0.275,0.31,11,9,55,4,0,57,0,57,75,normal_range,0.0,0,,,
2026-02-27T10:00:00+05:30,portfolio_replay,PREMIUM,SKIP,idle,25331.4,13.54,1.0,0.0,0.0,1.036,0.328,0.211,11,10,0,4,0,63,0,63,65,normal_range,0.0,0,,,
2026-02-27T10:05:00+05:30,portfolio_replay,PREMIUM,SKIP,idle,25320.6,13.52,1.0,0.0,0.0,1.036,0.37,0.229,11,10,5,4,0,63,0,63,65,normal_range,0.0,0,,,
2026-02-27T10:10:00+05:30,portfolio_replay,PREMIUM,SKIP,idle,25325.85,13.5,1.0,0.0,0.0,1.036,0.35,0.241,11,10,10,4,0,63,0,63,65,normal_range,0.0,0,,,
2026-02-27T10:15:00+05:30,portfolio_replay,PREMIUM,SKIP,idle,25316.25,13.57,1.0,0.0,0.0,1.036,0.387,0.186,11,10,15,4,0,63,0,63,65,normal_range,0.0,0,,,
2026-02-27T10:20:00+05:30,portfolio_replay,PREMIUM,SKIP,idle,25297.6,13.59,1.0,0.0,0.0,1.036,0.461,0.192,11,10,20,4,0,63,0,63,65,normal_range,0.0,0,,,
2026-02-27T10:25:00+05:30,portfolio_replay,PREMIUM,SKIP,idle,25326.45,13.5,1.0,0.0,0.0,1.036,0.347,0.188,11,10,25,4,0,63,0,63,65,normal_range,0.0,0,,,
2026-02-27T10:30:00+05:30,portfolio_replay,PREMIUM,SKIP,idle,25319.9,13.5,1.0,0.0,0.0,1.036,0.373,0.136,11,10,30,4,0,63,0,63,65,normal_range,0.0,0,,,
2026-02-27T10:35:00+05:30,portfolio_replay,PREMIUM,SKIP,idle,25333.05,13.4,1.0,0.0,0.0,1.036,0.321,0.147,11,10,35,4,0,63,0,63,65,normal_range,0.0,0,,,
2026-02-27T10:36:00+05:30,portfolio_replay,PREMIUM,ENTER,iron_condor,25338.9,13.42,1.0,0.0,0.0,1.036,0.298,0.147,11,10,36,4,0,70,0,70,65,normal_range,34.23,75,,,
2026-02-27T15:15:00+05:30,portfolio_replay,PREMIUM,EXIT,iron_condor,25173.75,13.73,1.0,0.0,0.0,1.036,0.948,0.666,11,15,15,4,0,0,0,0,0,normal_range,0.0,0,Time exit,-234.0,279
2026-02-27T09:30:00+05:30,portfolio_replay,PREMIUM,SKIP,idle,25374.05,13.39,1.0,0.0,0.0,1.036,0.16,0.535,11,9,30,4,0,50,0,50,75,normal_range,0.0,0,,,
2026-02-27T09:35:00+05:30,portfolio_replay,PREMIUM,SKIP,idle,25361.4,13.42,1.0,0.0,0.0,1.036,0.21,0.535,11,9,35,4,0,50,0,50,75,normal_range,0.0,0,,,
2026-02-27T09:40:00+05:30,portfolio_replay,PREMIUM,SKIP,idle,25373.85,13.4,1.0,0.0,0.0,1.036,0.161,0.568,11,9,40,4,0,50,0,50,75,normal_range,0.0,0,,,
2026-02-27T09:45:00+05:30,portfolio_replay,PREMIUM,SKIP,idle,25354.95,13.49,1.0,0.0,0.0,1.036,0.235,0.231,11,9,45,4,0,70,0,70,75,normal_range,0.0,0,,,
2026-02-27T09:50:00+05:30,portfolio_replay,PREMIUM,SKIP,idle,25339.6,13.54,1.0,0.0,0.0,1.036,0.295,0.265,11,9,50,4,0,70,0,70,75,normal_range,0.0,0,,,
2026-02-27T09:55:00+05:30,portfolio_replay,PREMIUM,SKIP,idle,25344.75,13.5,1.0,0.0,0.0,1.036,0.275,0.31,11,9,55,4,0,57,0,57,75,normal_range,0.0,0,,,
2026-02-27T10:00:00+05:30,portfolio_replay,PREMIUM,SKIP,idle,25331.4,13.54,1.0,0.0,0.0,1.036,0.328,0.211,11,10,0,4,0,63,0,63,65,normal_range,0.0,0,,,
2026-02-27T10:05:00+05:30,portfolio_replay,PREMIUM,SKIP,idle,25320.6,13.52,1.0,0.0,0.0,1.036,0.37,0.229,11,10,5,4,0,63,0,63,65,normal_range,0.0,0,,,
2026-02-27T10:10:00+05:30,portfolio_replay,PREMIUM,SKIP,idle,25325.85,13.5,1.0,0.0,0.0,1.036,0.35,0.241,11,10,10,4,0,63,0,63,65,normal_range,0.0,0,,,
2026-02-27T10:15:00+05:30,portfolio_replay,PREMIUM,SKIP,idle,25316.25,13.57,1.0,0.0,0.0,1.036,0.387,0.186,11,10,15,4,0,63,0,63,65,normal_range,0.0,0,,,
2026-02-27T10:20:00+05:30,portfolio_replay,PREMIUM,SKIP,idle,25297.6,13.59,1.0,0.0,0.0,1.036,0.461,0.192,11,10,20,4,0,63,0,63,65,normal_range,0.0,0,,,
2026-02-27T10:25:00+05:30,portfolio_replay,PREMIUM,SKIP,idle,25326.45,13.5,1.0,0.0,0.0,1.036,0.347,0.188,11,10,25,4,0,63,0,63,65,normal_range,0.0,0,,,
2026-02-27T10:30:00+05:30,portfolio_replay,PREMIUM,SKIP,idle,25319.9,13.5,1.0,0.0,0.0,1.036,0.373,0.136,11,10,30,4,0,63,0,63,65,normal_range,0.0,0,,,
2026-02-27T10:35:00+05:30,portfolio_replay,PREMIUM,SKIP,idle,25333.05,13.4,1.0,0.0,0.0,1.036,0.321,0.147,11,10,35,4,0,63,0,63,65,normal_range,0.0,0,,,
2026-02-27T10:36:00+05:30,portfolio_replay,PREMIUM,ENTER,iron_condor,25338.9,13.42,1.0,0.0,0.0,1.036,0.298,0.147,11,10,36,4,0,70,0,70,65,normal_range,34.23,75,,,
2026-02-27T15:15:00+05:30,portfolio_replay,PREMIUM,EXIT,iron_condor,25173.75,13.73,1.0,0.0,0.0,1.036,0.948,0.666,11,15,15,4,0,0,0,0,0,normal_range,0.0,0,Time exit,-234.0,279
2026-02-27T09:30:00+05:30,portfolio_replay,PREMIUM,SKIP,idle,25374.05,13.39,1.0,0.0,0.0,1.036,0.16,0.535,11,9,30,4,0,50,0,50,75,normal_range,0.0,0,,,
2026-02-27T09:35:00+05:30,portfolio_replay,PREMIUM,SKIP,idle,25361.4,13.42,1.0,0.0,0.0,1.036,0.21,0.535,11,9,35,4,0,50,0,50,75,normal_range,0.0,0,,,
2026-02-27T09:40:00+05:30,portfolio_replay,PREMIUM,SKIP,idle,25373.85,13.4,1.0,0.0,0.0,1.036,0.161,0.568,11,9,40,4,0,50,0,50,75,normal_range,0.0,0,,,
2026-02-27T09:45:00+05:30,portfolio_replay,PREMIUM,SKIP,idle,25354.95,13.49,1.0,0.0,0.0,1.036,0.235,0.231,11,9,45,4,0,70,0,70,75,normal_range,0.0,0,,,
2026-02-27T09:50:00+05:30,portfolio_replay,PREMIUM,SKIP,idle,25339.6,13.54,1.0,0.0,0.0,1.036,0.295,0.265,11,9,50,4,0,70,0,70,75,normal_range,0.0,0,,,
2026-02-27T09:55:00+05:30,portfolio_replay,PREMIUM,SKIP,idle,25344.75,13.5,1.0,0.0,0.0,1.036,0.275,0.31,11,9,55,4,0,57,0,57,75,normal_range,0.0,0,,,
2026-02-27T10:00:00+05:30,portfolio_replay,PREMIUM,SKIP,idle,25331.4,13.54,1.0,0.0,0.0,1.036,0.328,0.211,11,10,0,4,0,63,0,63,65,normal_range,0.0,0,,,
2026-02-27T10:05:00+05:30,portfolio_replay,PREMIUM,SKIP,idle,25320.6,13.52,1.0,0.0,0.0,1.036,0.37,0.229,11,10,5,4,0,63,0,63,65,normal_range,0.0,0,,,
2026-02-27T10:10:00+05:30,portfolio_replay,PREMIUM,SKIP,idle,25325.85,13.5,1.0,0.0,0.0,1.036,0.35,0.241,11,10,10,4,0,63,0,63,65,normal_range,0.0,0,,,
2026-02-27T10:15:00+05:30,portfolio_replay,PREMIUM,SKIP,idle,25316.25,13.57,1.0,0.0,0.0,1.036,0.387,0.186,11,10,15,4,0,63,0,63,65,normal_range,0.0,0,,,
2026-02-27T10:20:00+05:30,portfolio_replay,PREMIUM,SKIP,idle,25297.6,13.59,1.0,0.0,0.0,1.036,0.461,0.192,11,10,20,4,0,63,0,63,65,normal_range,0.0,0,,,
2026-02-27T10:25:00+05:30,portfolio_replay,PREMIUM,SKIP,idle,25326.45,13.5,1.0,0.0,0.0,1.036,0.347,0.188,11,10,25,4,0,63,0,63,65,normal_range,0.0,0,,,
2026-02-27T10:30:00+05:30,portfolio_replay,PREMIUM,SKIP,idle,25319.9,13.5,1.0,0.0,0.0,1.036,0.373,0.136,11,10,30,4,0,63,0,63,65,normal_range,0.0,0,,,
2026-02-27T10:35:00+05:30,portfolio_replay,PREMIUM,SKIP,idle,25333.05,13.4,1.0,0.0,0.0,1.036,0.321,0.147,11,10,35,4,0,63,0,63,65,normal_range,0.0,0,,,
2026-02-27T10:36:00+05:30,portfolio_replay,PREMIUM,ENTER,iron_condor,25338.9,13.42,1.0,0.0,0.0,1.036,0.298,0.147,11,10,36,4,0,70,0,70,65,normal_range,34.23,75,,,
2026-02-27T15:15:00+05:30,portfolio_replay,PREMIUM,EXIT,iron_condor,25173.75,13.73,1.0,0.0,0.0,1.036,0.948,0.666,11,15,15,4,0,0,0,0,0,normal_range,0.0,0,Time exit,-234.0,279
2026-02-27T09:30:00+05:30,portfolio_replay,PREMIUM,SKIP,idle,25374.05,13.39,1.0,0.0,0.0,1.036,0.16,0.535,11,9,30,4,0,67,0,67,75,normal_range,0.0,0,,,
2026-02-27T09:32:00+05:30,portfolio_replay,PREMIUM,ENTER,strangle,25377.35,13.34,1.0,0.0,0.0,1.036,0.147,0.535,11,9,32,4,0,80,0,80,75,normal_range,99.37,75,,,
2026-02-27T11:37:00+05:30,portfolio_replay,PREMIUM,EXIT,strangle,25275.65,13.75,1.0,0.0,0.0,1.036,0.547,0.206,11,11,37,4,0,0,0,0,0,normal_range,0.0,0,Trail stop: bounced 16.0%,-1066.5,125
2026-02-27T09:30:00+05:30,portfolio_replay,PREMIUM,SKIP,idle,25374.05,13.39,1.0,0.0,0.0,1.036,0.16,0.535,11,9,30,4,0,67,0,67,75,normal_range,0.0,0,,,
2026-02-27T09:32:00+05:30,portfolio_replay,PREMIUM,ENTER,strangle,25377.35,13.34,1.0,0.0,0.0,1.036,0.147,0.535,11,9,32,4,0,80,0,80,75,normal_range,99.37,75,,,
2026-02-27T11:37:00+05:30,portfolio_replay,PREMIUM,EXIT,strangle,25275.65,13.75,1.0,0.0,0.0,1.036,0.547,0.206,11,11,37,4,0,0,0,0,0,normal_range,0.0,0,Trail stop: bounced 16.0%,-1066.5,125
2026-02-27T09:30:00+05:30,portfolio_replay,PREMIUM,SKIP,idle,25374.05,13.39,1.0,0.0,0.0,1.036,0.16,0.535,11,9,30,4,0,67,0,67,75,normal_range,0.0,0,,,
2026-02-27T09:32:00+05:30,portfolio_replay,PREMIUM,ENTER,strangle,25377.35,13.34,1.0,0.0,0.0,1.036,0.147,0.535,11,9,32,4,0,80,0,80,75,normal_range,99.37,75,,,
2026-02-27T11:37:00+05:30,portfolio_replay,PREMIUM,EXIT,strangle,25275.65,13.75,1.0,0.0,0.0,1.036,0.547,0.206,11,11,37,4,0,0,0,0,0,normal_range,0.0,0,Trail stop: bounced 16.0%,-1066.5,125
2026-02-27T09:30:00+05:30,portfolio_replay,PREMIUM,SKIP,idle,25374.05,13.39,1.0,0.0,0.0,1.036,0.16,0.535,11,9,30,4,0,67,0,67,75,normal_range,0.0,0,,,
2026-02-27T09:32:00+05:30,portfolio_replay,PREMIUM,ENTER,strangle,25377.35,13.34,1.0,0.0,0.0,1.036,0.147,0.535,11,9,32,4,0,80,0,80,75,normal_range,99.37,75,,,
2026-02-27T11:37:00+05:30,portfolio_replay,PREMIUM,EXIT,strangle,25275.65,13.75,1.0,0.0,0.0,1.036,0.547,0.206,11,11,37,4,0,0,0,0,0,normal_range,0.0,0,Trail stop: bounced 16.0%,-1066.5,125
2026-02-27T09:30:00+05:30,portfolio_replay,PREMIUM,SKIP,idle,25374.05,13.39,1.0,0.0,0.0,1.036,0.16,0.535,11,9,30,4,0,67,0,67,75,normal_range,0.0,0,,,
2026-02-27T09:32:00+05:30,portfolio_replay,PREMIUM,ENTER,strangle,25377.35,13.34,1.0,0.0,0.0,1.036,0.147,0.535,11,9,32,4,0,80,0,80,75,normal_range,99.37,75,,,
2026-02-27T11:37:00+05:30,portfolio_replay,PREMIUM,EXIT,strangle,25275.65,13.75,1.0,0.0,0.0,1.036,0.547,0.206,11,11,37,4,0,0,0,0,0,normal_range,0.0,0,Trail stop: bounced 16.0%,-1066.5,125
2026-02-27T09:30:00+05:30,portfolio_replay,PREMIUM,SKIP,idle,25374.05,13.39,1.0,0.0,0.0,1.036,0.16,0.535,11,9,30,4,0,67,0,67,75,normal_range,0.0,0,,,
2026-02-27T09:32:00+05:30,portfolio_replay,PREMIUM,ENTER,strangle,25377.35,13.34,1.0,0.0,0.0,1.036,0.147,0.535,11,9,32,4,0,80,0,80,75,normal_range,99.37,75,,,
2026-02-27T11:37:00+05:30,portfolio_replay,PREMIUM,EXIT,strangle,25275.65,13.75,1.0,0.0,0.0,1.036,0.547,0.206,11,11,37,4,0,0,0,0,0,normal_range,0.0,0,Trail stop: bounced 16.0%,-1066.5,125
2026-02-27T09:30:00+05:30,portfolio_replay,PREMIUM,SKIP,idle,25374.05,13.39,1.0,0.0,0.0,1.036,0.16,0.535,11,9,30,4,0,67,0,67,75,normal_range,0.0,0,,,
2026-02-27T09:32:00+05:30,portfolio_replay,PREMIUM,ENTER,strangle,25377.35,13.34,1.0,0.0,0.0,1.036,0.147,0.535,11,9,32,4,0,80,0,80,75,normal_range,99.37,75,,,
2026-02-27T11:37:00+05:30,portfolio_replay,PREMIUM,EXIT,strangle,25275.65,13.75,1.0,0.0,0.0,1.036,0.547,0.206,11,11,37,4,0,0,0,0,0,normal_range,0.0,0,Trail stop: bounced 16.0%,-1066.5,125
2026-02-27T09:30:00+05:30,portfolio_replay,PREMIUM,SKIP,idle,25374.05,13.39,1.0,0.0,0.0,1.036,0.16,0.535,11,9,30,4,0,67,0,67,75,normal_range,0.0,0,,,
2026-02-27T09:32:00+05:30,portfolio_replay,PREMIUM,ENTER,strangle,25377.35,13.34,1.0,0.0,0.0,1.036,0.147,0.535,11,9,32,4,0,80,0,80,75,normal_range,99.37,75,,,
2026-02-27T15:00:00+05:30,portfolio_replay,PREMIUM,EXIT,strangle,25239.3,13.47,1.0,0.0,0.0,1.036,0.69,0.091,11,15,0,4,0,0,0,0,0,normal_range,0.0,0,Trail stop: bounced 19.0% after 14% decay,-371.25,328
2026-02-27T09:30:00+05:30,portfolio_replay,PREMIUM,SKIP,idle,25374.05,13.39,1.0,0.0,0.0,1.036,0.16,0.535,11,9,30,4,0,67,0,67,75,normal_range,0.0,0,,,
2026-02-27T09:32:00+05:30,portfolio_replay,PREMIUM,ENTER,strangle,25377.35,13.34,1.0,0.0,0.0,1.036,0.147,0.535,11,9,32,4,0,80,0,80,75,normal_range,99.37,75,,,
2026-02-27T15:00:00+05:30,portfolio_replay,PREMIUM,EXIT,strangle,25239.3,13.47,1.0,0.0,0.0,1.036,0.69,0.091,11,15,0,4,0,0,0,0,0,normal_range,0.0,0,Trail stop: bounced 19.0% after 14% decay,-371.25,328
2026-02-27T09:30:00+05:30,portfolio_replay,PREMIUM,SKIP,idle,25374.05,13.39,1.0,0.0,0.0,1.036,0.16,0.535,11,9,30,4,0,67,0,67,75,normal_range,0.0,0,,,
2026-02-27T09:32:00+05:30,portfolio_replay,PREMIUM,ENTER,strangle,25377.35,13.34,1.0,0.0,0.0,1.036,0.147,0.535,11,9,32,4,0,80,0,80,75,normal_range,99.37,75,,,
2026-02-27T15:00:00+05:30,portfolio_replay,PREMIUM,EXIT,strangle,25239.3,13.47,1.0,0.0,0.0,1.036,0.69,0.091,11,15,0,4,0,0,0,0,0,normal_range,0.0,0,Trail stop: bounced 19.0% after 14% decay,-371.25,328
2026-02-27T09:30:00+05:30,portfolio_replay,PREMIUM,SKIP,idle,25374.05,13.39,1.0,0.0,0.0,1.036,0.16,0.535,11,9,30,4,0,67,0,67,75,normal_range,0.0,0,,,
2026-02-27T09:32:00+05:30,portfolio_replay,PREMIUM,ENTER,strangle,25377.35,13.34,1.0,0.0,0.0,1.036,0.147,0.535,11,9,32,4,0,80,0,80,75,normal_range,99.37,75,,,
2026-02-27T15:05:00+05:30,portfolio_replay,PREMIUM,EXIT,strangle,25160.1,13.88,1.0,0.0,0.0,1.037,1.002,0.511,11,15,5,4,0,0,0,0,0,trending,0.0,0,Stop loss: premium up 32.5%,-2421.75,333
2026-02-27T09:30:00+05:30,portfolio_replay,PREMIUM,SKIP,idle,25374.05,13.39,1.0,0.0,0.0,1.036,0.16,0.535,11,9,30,4,0,67,0,67,75,normal_range,0.0,0,,,
2026-02-27T09:32:00+05:30,portfolio_replay,PREMIUM,ENTER,strangle,25377.35,13.34,1.0,0.0,0.0,1.036,0.147,0.535,11,9,32,4,0,80,0,80,75,normal_range,99.37,75,,,
2026-02-27T15:00:00+05:30,portfolio_replay,PREMIUM,EXIT,strangle,25239.3,13.47,1.0,0.0,0.0,1.036,0.69,0.091,11,15,0,4,0,0,0,0,0,normal_range,0.0,0,Trail stop: bounced 19.0% after 14% decay,-371.25,328
2026-02-27T09:30:00+05:30,portfolio_replay,PREMIUM,SKIP,idle,25374.05,13.39,1.0,0.0,0.0,1.036,0.16,0.535,11,9,30,4,0,67,0,67,75,normal_range,0.0,0,,,
2026-02-27T09:32:00+05:30,portfolio_replay,PREMIUM,ENTER,strangle,25377.35,13.34,1.0,0.0,0.0,1.036,0.147,0.535,11,9,32,4,0,80,0,80,75,normal_range,99.37,75,,,
2026-02-27T15:00:00+05:30,portfolio_replay,PREMIUM,EXIT,strangle,25239.3,13.47,1.0,0.0,0.0,1.036,0.69,0.091,11,15,0,4,0,0,0,0,0,normal_range,0.0,0,Trail stop: bounced 19.0% after 14% decay,-371.25,328
2026-02-27T09:30:00+05:30,portfolio_hist,PREMIUM,SKIP,idle,25374.05,13.39,1.0,0.0,0.0,1.036,0.16,0.535,11,9,30,4,0,67,0,67,75,normal_range,0.0,0,,,
2026-02-27T09:32:00+05:30,portfolio_hist,PREMIUM,ENTER,strangle,25377.35,13.34,1.0,0.0,0.0,1.036,0.147,0.535,11,9,32,4,0,80,0,80,75,normal_range,99.37,75,,,
2026-02-27T15:00:00+05:30,portfolio_hist,PREMIUM,EXIT,strangle,25239.3,13.47,1.0,0.0,0.0,1.036,0.69,0.091,11,15,0,4,0,0,0,0,0,normal_range,0.0,0,Trail stop: bounced 19.0% after 14% decay,-371.25,328
2026-02-27T09:30:00+05:30,portfolio_hist,PREMIUM,SKIP,idle,25374.05,13.39,1.0,0.0,0.0,1.036,0.16,0.535,11,9,30,4,0,67,0,67,75,normal_range,0.0,0,,,
2026-02-27T09:32:00+05:30,portfolio_hist,PREMIUM,ENTER,strangle,25377.35,13.34,1.0,0.0,0.0,1.036,0.147,0.535,11,9,32,4,0,80,0,80,75,normal_range,99.37,75,,,
2026-02-27T15:00:00+05:30,portfolio_hist,PREMIUM,EXIT,strangle,25239.3,13.47,1.0,0.0,0.0,1.036,0.69,0.091,11,15,0,4,0,0,0,0,0,normal_range,0.0,0,Trail stop: bounced 19.0% after 14% decay,-371.25,328
2026-02-27T09:30:00+05:30,portfolio_hist,PREMIUM,SKIP,idle,25374.05,13.39,1.0,0.0,0.0,1.036,0.16,0.535,11,9,30,4,0,67,0,67,75,normal_range,0.0,0,,,
2026-02-27T09:32:00+05:30,portfolio_hist,PREMIUM,ENTER,strangle,25377.35,13.34,1.0,0.0,0.0,1.036,0.147,0.535,11,9,32,4,0,80,0,80,75,normal_range,99.37,75,,,
2026-02-27T15:00:00+05:30,portfolio_hist,PREMIUM,EXIT,strangle,25239.3,13.47,1.0,0.0,0.0,1.036,0.69,0.091,11,15,0,4,0,0,0,0,0,normal_range,0.0,0,Trail stop: bounced 19.0% after 14% decay,-371.25,328
2026-02-27T09:30:00+05:30,portfolio_hist,PREMIUM,SKIP,idle,25374.05,13.39,1.0,0.0,0.0,1.036,0.16,0.535,11,9,30,4,0,67,0,67,75,normal_range,0.0,0,,,
2026-02-27T09:32:00+05:30,portfolio_hist,PREMIUM,ENTER,strangle,25377.35,13.34,1.0,0.0,0.0,1.036,0.147,0.535,11,9,32,4,0,80,0,80,75,normal_range,99.37,75,,,
2026-02-27T15:00:00+05:30,portfolio_hist,PREMIUM,EXIT,strangle,25239.3,13.47,1.0,0.0,0.0,1.036,0.69,0.091,11,15,0,4,0,0,0,0,0,normal_range,0.0,0,Trail stop: bounced 19.0% after 14% decay,-371.25,328
2026-02-27T09:30:00+05:30,portfolio_hist,PREMIUM,SKIP,idle,25374.05,13.39,1.0,0.0,0.0,1.036,0.16,0.535,11,9,30,4,0,67,0,67,75,normal_range,0.0,0,,,
2026-02-27T09:32:00+05:30,portfolio_hist,PREMIUM,ENTER,strangle,25377.35,13.34,1.0,0.0,0.0,1.036,0.147,0.535,11,9,32,4,0,80,0,80,75,normal_range,99.37,75,,,
2026-02-27T15:00:00+05:30,portfolio_hist,PREMIUM,EXIT,strangle,25239.3,13.47,1.0,0.0,0.0,1.036,0.69,0.091,11,15,0,4,0,0,0,0,0,normal_range,0.0,0,Trail stop: bounced 19.0% after 14% decay,-371.25,328
2026-02-27T09:30:00+05:30,portfolio_hist,PREMIUM,SKIP,idle,25374.05,13.39,1.0,0.0,0.0,1.036,0.16,0.535,11,9,30,4,0,67,0,67,75,normal_range,0.0,0,,,
2026-02-27T09:32:00+05:30,portfolio_hist,PREMIUM,ENTER,strangle,25377.35,13.34,1.0,0.0,0.0,1.036,0.147,0.535,11,9,32,4,0,80,0,80,75,normal_range,99.37,75,,,
2026-02-27T15:00:00+05:30,portfolio_hist,PREMIUM,EXIT,strangle,25239.3,13.47,1.0,0.0,0.0,1.036,0.69,0.091,11,15,0,4,0,0,0,0,0,normal_range,0.0,0,Trail stop: bounced 19.0% after 14% decay,-371.25,328
2026-02-27T09:30:00+05:30,portfolio_hist,PREMIUM,SKIP,idle,25374.05,13.39,1.0,0.0,0.0,1.036,0.16,0.535,11,9,30,4,0,67,0,67,75,normal_range,0.0,0,,,
2026-02-27T09:32:00+05:30,portfolio_hist,PREMIUM,ENTER,strangle,25377.35,13.34,1.0,0.0,0.0,1.036,0.147,0.535,11,9,32,4,0,80,0,80,75,normal_range,99.37,75,,,
2026-02-27T15:00:00+05:30,portfolio_hist,PREMIUM,EXIT,strangle,25239.3,13.47,1.0,0.0,0.0,1.036,0.69,0.091,11,15,0,4,0,0,0,0,0,normal_range,0.0,0,Trail stop: bounced 19.0% after 14% decay,-371.25,328
2026-02-27T09:30:00+05:30,portfolio_hist,PREMIUM,SKIP,idle,25374.05,13.39,1.0,0.0,0.0,1.036,0.16,0.535,11,9,30,4,0,67,0,67,75,normal_range,0.0,0,,,
2026-02-27T09:32:00+05:30,portfolio_hist,PREMIUM,ENTER,strangle,25377.35,13.34,1.0,0.0,0.0,1.036,0.147,0.535,11,9,32,4,0,80,0,80,75,normal_range,99.37,75,,,
2026-02-27T15:00:00+05:30,portfolio_hist,PREMIUM,EXIT,strangle,25239.3,13.47,1.0,0.0,0.0,1.036,0.69,0.091,11,15,0,4,0,0,0,0,0,normal_range,0.0,0,Trail stop: bounced 19.0% after 14% decay,-371.25,328
2026-02-27T09:30:00+05:30,portfolio_hist,PREMIUM,SKIP,idle,25374.05,13.39,1.0,0.0,0.0,1.036,0.16,0.535,11,9,30,4,0,67,0,67,75,normal_range,0.0,0,,,
2026-02-27T09:32:00+05:30,portfolio_hist,PREMIUM,ENTER,strangle,25377.35,13.34,1.0,0.0,0.0,1.036,0.147,0.535,11,9,32,4,0,80,0,80,75,normal_range,99.37,75,,,
2026-02-27T15:00:00+05:30,portfolio_hist,PREMIUM,EXIT,strangle,25239.3,13.47,1.0,0.0,0.0,1.036,0.69,0.091,11,15,0,4,0,0,0,0,0,normal_range,0.0,0,Trail stop: bounced 19.0% after 14% decay,-371.25,328
2026-02-27T09:30:00+05:30,portfolio_hist,PREMIUM,SKIP,idle,25374.05,13.39,1.0,0.0,0.0,1.036,0.16,0.535,11,9,30,4,0,67,0,67,75,normal_range,0.0,0,,,
2026-02-27T09:32:00+05:30,portfolio_hist,PREMIUM,ENTER,strangle,25377.35,13.34,1.0,0.0,0.0,1.036,0.147,0.535,11,9,32,4,0,80,0,80,75,normal_range,99.37,75,,,
2026-02-27T15:00:00+05:30,portfolio_hist,PREMIUM,EXIT,strangle,25239.3,13.47,1.0,0.0,0.0,1.036,0.69,0.091,11,15,0,4,0,0,0,0,0,normal_range,0.0,0,Trail stop: bounced 19.0% after 14% decay,-371.25,328
2026-02-27T09:30:00+05:30,portfolio_hist,PREMIUM,SKIP,idle,25374.05,13.39,1.0,0.0,0.0,1.036,0.16,0.535,11,9,30,4,0,67,0,67,75,normal_range,0.0,0,,,
2026-02-27T09:32:00+05:30,portfolio_hist,PREMIUM,ENTER,strangle,25377.35,13.34,1.0,0.0,0.0,1.036,0.147,0.535,11,9,32,4,0,80,0,80,75,normal_range,99.37,75,,,
2026-02-27T15:00:00+05:30,portfolio_hist,PREMIUM,EXIT,strangle,25239.3,13.47,1.0,0.0,0.0,1.036,0.69,0.091,11,15,0,4,0,0,0,0,0,normal_range,0.0,0,Trail stop: bounced 19.0% after 14% decay,-371.25,328
2026-02-27T09:30:00+05:30,portfolio_hist,PREMIUM,SKIP,idle,25374.05,13.39,1.0,0.0,0.0,1.036,0.16,0.535,11,9,30,4,0,67,0,67,75,normal_range,0.0,0,,,
2026-02-27T09:32:00+05:30,portfolio_hist,PREMIUM,ENTER,strangle,25377.35,13.34,1.0,0.0,0.0,1.036,0.147,0.535,11,9,32,4,0,80,0,80,75,normal_range,99.37,75,,,
2026-02-27T15:00:00+05:30,portfolio_hist,PREMIUM,EXIT,strangle,25239.3,13.47,1.0,0.0,0.0,1.036,0.69,0.091,11,15,0,4,0,0,0,0,0,normal_range,0.0,0,Trail stop: bounced 19.0% after 14% decay,-371.25,328
2026-02-27T09:30:00+05:30,portfolio_hist,PREMIUM,SKIP,idle,25374.05,13.39,1.0,0.0,0.0,1.036,0.16,0.535,11,9,30,4,0,67,0,67,75,normal_range,0.0,0,,,
2026-02-27T09:32:00+05:30,portfolio_hist,PREMIUM,ENTER,strangle,25377.35,13.34,1.0,0.0,0.0,1.036,0.147,0.535,11,9,32,4,0,80,0,80,75,normal_range,99.37,75,,,
2026-02-27T15:00:00+05:30,portfolio_hist,PREMIUM,EXIT,strangle,25239.3,13.47,1.0,0.0,0.0,1.036,0.69,0.091,11,15,0,4,0,0,0,0,0,normal_range,0.0,0,Trail stop: bounced 19.0% after 14% decay,-371.25,328
2026-02-27T09:30:00+05:30,portfolio_hist,PREMIUM,SKIP,idle,25374.05,13.39,1.0,0.0,0.0,1.036,0.16,0.535,11,9,30,4,0,67,0,67,75,normal_range,0.0,0,,,
2026-02-27T09:32:00+05:30,portfolio_hist,PREMIUM,ENTER,strangle,25377.35,13.34,1.0,0.0,0.0,1.036,0.147,0.535,11,9,32,4,0,80,0,80,75,normal_range,99.37,75,,,
2026-02-27T15:00:00+05:30,portfolio_hist,PREMIUM,EXIT,strangle,25239.3,13.47,1.0,0.0,0.0,1.036,0.69,0.091,11,15,0,4,0,0,0,0,0,normal_range,0.0,0,Trail stop: bounced 19.0% after 14% decay,-371.25,328
2026-02-27T09:30:00+05:30,portfolio_hist,PREMIUM,SKIP,idle,25374.05,13.39,1.0,0.0,0.0,1.036,0.16,0.535,11,9,30,4,0,67,0,67,75,normal_range,0.0,0,,,
2026-02-27T09:32:00+05:30,portfolio_hist,PREMIUM,ENTER,strangle,25377.35,13.34,1.0,0.0,0.0,1.036,0.147,0.535,11,9,32,4,0,80,0,80,75,normal_range,99.37,75,,,
2026-02-27T15:00:00+05:30,portfolio_hist,PREMIUM,EXIT,strangle,25239.3,13.47,1.0,0.0,0.0,1.036,0.69,0.091,11,15,0,4,0,0,0,0,0,normal_range,0.0,0,Trail stop: bounced 19.0% after 14% decay,-371.25,328
2026-02-27T09:30:00+05:30,portfolio_hist,PREMIUM,SKIP,idle,25374.05,13.39,1.0,0.0,0.0,1.036,0.16,0.535,11,9,30,4,0,67,0,67,75,normal_range,0.0,0,,,
2026-02-27T09:32:00+05:30,portfolio_hist,PREMIUM,ENTER,strangle,25377.35,13.34,1.0,0.0,0.0,1.036,0.147,0.535,11,9,32,4,0,80,0,80,75,normal_range,99.37,75,,,
2026-02-27T15:00:00+05:30,portfolio_hist,PREMIUM,EXIT,strangle,25239.3,13.47,1.0,0.0,0.0,1.036,0.69,0.091,11,15,0,4,0,0,0,0,0,normal_range,0.0,0,Trail stop: bounced 19.0% after 14% decay,-371.25,328
2026-02-27T09:30:00+05:30,portfolio_hist,PREMIUM,SKIP,idle,25374.05,13.39,1.0,0.0,0.0,1.036,0.16,0.535,11,9,30,4,0,67,0,67,75,normal_range,0.0,0,,,
2026-02-27T09:32:00+05:30,portfolio_hist,PREMIUM,ENTER,strangle,25377.35,13.34,1.0,0.0,0.0,1.036,0.147,0.535,11,9,32,4,0,80,0,80,75,normal_range,99.37,75,,,
2026-02-27T15:00:00+05:30,portfolio_hist,PREMIUM,EXIT,strangle,25239.3,13.47,1.0,0.0,0.0,1.036,0.69,0.091,11,15,0,4,0,0,0,0,0,normal_range,0.0,0,Trail stop: bounced 19.0% after 14% decay,-371.25,328
2026-02-27T09:30:00+05:30,portfolio_hist,PREMIUM,SKIP,idle,25374.05,13.39,1.0,0.0,0.0,1.036,0.16,0.535,11,9,30,4,0,67,0,67,75,normal_range,0.0,0,,,
2026-02-27T09:32:00+05:30,portfolio_hist,PREMIUM,ENTER,strangle,25377.35,13.34,1.0,0.0,0.0,1.036,0.147,0.535,11,9,32,4,0,80,0,80,75,normal_range,99.37,75,,,
2026-02-27T15:00:00+05:30,portfolio_hist,PREMIUM,EXIT,strangle,25239.3,13.47,1.0,0.0,0.0,1.036,0.69,0.091,11,15,0,4,0,0,0,0,0,normal_range,0.0,0,Trail stop: bounced 19.0% after 14% decay,-371.25,328
2026-02-27T09:30:00+05:30,portfolio_hist,PREMIUM,SKIP,idle,25374.05,13.39,1.0,0.0,0.0,1.036,0.16,0.535,11,9,30,4,0,67,0,67,75,normal_range,0.0,0,,,
2026-02-27T09:32:00+05:30,portfolio_hist,PREMIUM,ENTER,strangle,25377.35,13.34,1.0,0.0,0.0,1.036,0.147,0.535,11,9,32,4,0,80,0,80,75,normal_range,99.37,75,,,
2026-02-27T15:00:00+05:30,portfolio_hist,PREMIUM,EXIT,strangle,25239.3,13.47,1.0,0.0,0.0,1.036,0.69,0.091,11,15,0,4,0,0,0,0,0,normal_range,0.0,0,Trail stop: bounced 19.0% after 14% decay,-371.25,328
2026-02-27T09:30:00+05:30,portfolio_hist,PREMIUM,SKIP,idle,25374.05,13.39,1.0,0.0,0.0,1.036,0.16,0.535,11,9,30,4,0,67,0,67,75,normal_range,0.0,0,,,
2026-02-27T09:32:00+05:30,portfolio_hist,PREMIUM,ENTER,strangle,25377.35,13.34,1.0,0.0,0.0,1.036,0.147,0.535,11,9,32,4,0,80,0,80,75,normal_range,99.37,75,,,
2026-02-27T15:00:00+05:30,portfolio_hist,PREMIUM,EXIT,strangle,25239.3,13.47,1.0,0.0,0.0,1.036,0.69,0.091,11,15,0,4,0,0,0,0,0,normal_range,0.0,0,Trail stop: bounced 19.0% after 14% decay,-371.25,328
2026-02-27T09:30:00+05:30,portfolio_hist,PREMIUM,SKIP,idle,25374.05,13.39,1.0,0.0,0.0,1.036,0.16,0.535,11,9,30,4,0,67,0,67,75,normal_range,0.0,0,,,
2026-02-27T09:32:00+05:30,portfolio_hist,PREMIUM,ENTER,strangle,25377.35,13.34,1.0,0.0,0.0,1.036,0.147,0.535,11,9,32,4,0,80,0,80,75,normal_range,99.37,75,,,
2026-02-27T15:00:00+05:30,portfolio_hist,PREMIUM,EXIT,strangle,25239.3,13.47,1.0,0.0,0.0,1.036,0.69,0.091,11,15,0,4,0,0,0,0,0,normal_range,0.0,0,Trail stop: bounced 19.0% after 14% decay,-371.25,328
2026-02-27T09:30:00+05:30,portfolio_hist,PREMIUM,SKIP,idle,25374.05,13.39,1.0,0.0,0.0,1.036,0.16,0.535,11,9,30,4,0,67,0,67,75,normal_range,0.0,0,,,
2026-02-27T09:32:00+05:30,portfolio_hist,PREMIUM,ENTER,strangle,25377.35,13.34,1.0,0.0,0.0,1.036,0.147,0.535,11,9,32,4,0,80,0,80,75,normal_range,99.37,75,,,
2026-02-27T15:00:00+05:30,portfolio_hist,PREMIUM,EXIT,strangle,25239.3,13.47,1.0,0.0,0.0,1.036,0.69,0.091,11,15,0,4,0,0,0,0,0,normal_range,0.0,0,Trail stop: bounced 19.0% after 14% decay,-371.25,328
2026-02-27T09:30:00+05:30,portfolio_hist,PREMIUM,SKIP,idle,25374.05,13.39,1.0,0.0,0.0,1.036,0.16,0.535,11,9,30,4,0,67,0,67,75,normal_range,0.0,0,,,
2026-02-27T09:32:00+05:30,portfolio_hist,PREMIUM,ENTER,strangle,25377.35,13.34,1.0,0.0,0.0,1.036,0.147,0.535,11,9,32,4,0,80,0,80,75,normal_range,99.37,75,,,
2026-02-27T15:00:00+05:30,portfolio_hist,PREMIUM,EXIT,strangle,25239.3,13.47,1.0,0.0,0.0,1.036,0.69,0.091,11,15,0,4,0,0,0,0,0,normal_range,0.0,0,Trail stop: bounced 19.0% after 14% decay,-371.25,328
2026-02-27T09:30:00+05:30,portfolio_hist,PREMIUM,SKIP,idle,25374.05,13.39,1.0,0.0,0.0,1.036,0.16,0.535,11,9,30,4,0,67,0,67,75,normal_range,0.0,0,,,
2026-02-27T09:32:00+05:30,portfolio_hist,PREMIUM,ENTER,strangle,25377.35,13.34,1.0,0.0,0.0,1.036,0.147,0.535,11,9,32,4,0,80,0,80,75,normal_range,99.37,75,,,
2026-02-27T15:00:00+05:30,portfolio_hist,PREMIUM,EXIT,strangle,25239.3,13.47,1.0,0.0,0.0,1.036,0.69,0.091,11,15,0,4,0,0,0,0,0,normal_range,0.0,0,Trail stop: bounced 19.0% after 14% decay,-371.25,328
2026-02-27T09:30:00+05:30,portfolio_hist,PREMIUM,SKIP,idle,25374.05,13.39,1.0,0.0,0.0,1.036,0.16,0.535,11,9,30,4,0,67,0,67,75,normal_range,0.0,0,,,
2026-02-27T09:32:00+05:30,portfolio_hist,PREMIUM,ENTER,strangle,25377.35,13.34,1.0,0.0,0.0,1.036,0.147,0.535,11,9,32,4,0,80,0,80,75,normal_range,99.37,75,,,
2026-02-27T15:00:00+05:30,portfolio_hist,PREMIUM,EXIT,strangle,25239.3,13.47,1.0,0.0,0.0,1.036,0.69,0.091,11,15,0,4,0,0,0,0,0,normal_range,0.0,0,Trail stop: bounced 19.0% after 14% decay,-371.25,328
2026-02-27T09:30:00+05:30,portfolio_hist,PREMIUM,SKIP,idle,25374.05,13.39,1.0,0.0,0.0,1.036,0.16,0.535,11,9,30,4,0,67,0,67,75,normal_range,0.0,0,,,
2026-02-27T09:32:00+05:30,portfolio_hist,PREMIUM,ENTER,strangle,25377.35,13.34,1.0,0.0,0.0,1.036,0.147,0.535,11,9,32,4,0,80,0,80,75,normal_range,99.37,75,,,
2026-02-27T13:56:00+05:30,portfolio_hist,PREMIUM,EXIT,strangle,25339.8,13.35,1.0,0.0,0.0,1.036,0.295,0.136,11,13,56,4,0,0,0,0,0,normal_range,0.0,0,Profit target: premium decayed 11.1%,825.75,264
2026-02-27T09:30:00+05:30,portfolio_hist,PREMIUM,SKIP,idle,25374.05,13.39,1.0,0.0,0.0,1.036,0.16,0.535,11,9,30,4,0,67,0,67,75,normal_range,0.0,0,,,
2026-02-27T09:32:00+05:30,portfolio_hist,PREMIUM,ENTER,strangle,25377.35,13.34,1.0,0.0,0.0,1.036,0.147,0.535,11,9,32,4,0,80,0,80,75,normal_range,99.37,75,,,
2026-02-27T15:00:00+05:30,portfolio_hist,PREMIUM,EXIT,strangle,25239.3,13.47,1.0,0.0,0.0,1.036,0.69,0.091,11,15,0,4,0,0,0,0,0,normal_range,0.0,0,Trail stop: bounced 19.0% after 14% decay,-371.25,328
2026-02-27T09:30:00+05:30,portfolio_hist,PREMIUM,SKIP,idle,25374.05,13.39,1.0,0.0,0.0,1.036,0.16,0.535,11,9,30,4,0,67,0,67,75,normal_range,0.0,0,,,
2026-02-27T09:32:00+05:30,portfolio_hist,PREMIUM,ENTER,strangle,25377.35,13.34,1.0,0.0,0.0,1.036,0.147,0.535,11,9,32,4,0,80,0,80,75,normal_range,99.37,75,,,
2026-02-27T15:00:00+05:30,portfolio_hist,PREMIUM,EXIT,strangle,25239.3,13.47,1.0,0.0,0.0,1.036,0.69,0.091,11,15,0,4,0,0,0,0,0,normal_range,0.0,0,Trail stop: bounced 19.0% after 14% decay,-371.25,328
2026-02-27T09:30:00+05:30,portfolio_hist,PREMIUM,SKIP,idle,25374.05,13.39,1.0,0.0,0.0,1.036,0.16,0.535,11,9,30,4,0,67,0,67,75,normal_range,0.0,0,,,
2026-02-27T09:32:00+05:30,portfolio_hist,PREMIUM,ENTER,strangle,25377.35,13.34,1.0,0.0,0.0,1.036,0.147,0.535,11,9,32,4,0,80,0,80,75,normal_range,99.37,75,,,
2026-02-27T15:00:00+05:30,portfolio_hist,PREMIUM,EXIT,strangle,25239.3,13.47,1.0,0.0,0.0,1.036,0.69,0.091,11,15,0,4,0,0,0,0,0,normal_range,0.0,0,Trail stop: bounced 19.0% after 14% decay,-371.25,328
2026-02-27T09:30:00+05:30,portfolio_hist,PREMIUM,SKIP,idle,25374.05,13.39,1.0,0.0,0.0,1.036,0.16,0.535,11,9,30,4,0,67,0,67,75,normal_range,0.0,0,,,
2026-02-27T09:32:00+05:30,portfolio_hist,PREMIUM,ENTER,strangle,25377.35,13.34,1.0,0.0,0.0,1.036,0.147,0.535,11,9,32,4,0,80,0,80,75,normal_range,99.37,75,,,
2026-02-27T15:00:00+05:30,portfolio_hist,PREMIUM,EXIT,strangle,25239.3,13.47,1.0,0.0,0.0,1.036,0.69,0.091,11,15,0,4,0,0,0,0,0,normal_range,0.0,0,Trail stop: bounced 19.0% after 14% decay,-371.25,328
2026-02-27T09:30:00+05:30,portfolio_hist,PREMIUM,SKIP,idle,25374.05,13.39,1.0,0.0,0.0,1.036,0.16,0.535,11,9,30,4,0,67,0,67,75,normal_range,0.0,0,,,
2026-02-27T09:32:00+05:30,portfolio_hist,PREMIUM,ENTER,strangle,25377.35,13.34,1.0,0.0,0.0,1.036,0.147,0.535,11,9,32,4,0,80,0,80,75,normal_range,99.37,75,,,
2026-02-27T13:56:00+05:30,portfolio_hist,PREMIUM,EXIT,strangle,25339.8,13.35,1.0,0.0,0.0,1.036,0.295,0.136,11,13,56,4,0,0,0,0,0,normal_range,0.0,0,Profit target: premium decayed 11.1%,825.75,264
2026-02-27T09:30:00+05:30,portfolio_hist,PREMIUM,SKIP,idle,25374.05,13.39,1.0,0.0,0.0,1.036,0.16,0.535,11,9,30,4,0,67,0,67,75,normal_range,0.0,0,,,
2026-02-27T09:32:00+05:30,portfolio_hist,PREMIUM,ENTER,strangle,25377.35,13.34,1.0,0.0,0.0,1.036,0.147,0.535,11,9,32,4,0,80,0,80,75,normal_range,99.37,75,,,
2026-02-27T15:00:00+05:30,portfolio_hist,PREMIUM,EXIT,strangle,25239.3,13.47,1.0,0.0,0.0,1.036,0.69,0.091,11,15,0,4,0,0,0,0,0,normal_range,0.0,0,Trail stop: bounced 19.0% after 14% decay,-371.25,328
2026-02-27T09:30:00+05:30,portfolio_hist,PREMIUM,SKIP,idle,25374.05,13.39,1.0,0.0,0.0,1.036,0.16,0.535,11,9,30,4,0,67,0,67,75,normal_range,0.0,0,,,
2026-02-27T09:32:00+05:30,portfolio_hist,PREMIUM,ENTER,strangle,25377.35,13.34,1.0,0.0,0.0,1.036,0.147,0.535,11,9,32,4,0,80,0,80,75,normal_range,99.37,75,,,
2026-02-27T15:00:00+05:30,portfolio_hist,PREMIUM,EXIT,strangle,25239.3,13.47,1.0,0.0,0.0,1.036,0.69,0.091,11,15,0,4,0,0,0,0,0,normal_range,0.0,0,Trail stop: bounced 19.0% after 14% decay,-371.25,328
2026-02-27T09:30:00+05:30,portfolio_hist,PREMIUM,SKIP,idle,25374.05,13.39,1.0,0.0,0.0,1.036,0.16,0.535,11,9,30,4,0,67,0,67,75,normal_range,0.0,0,,,
2026-02-27T09:32:00+05:30,portfolio_hist,PREMIUM,ENTER,strangle,25377.35,13.34,1.0,0.0,0.0,1.036,0.147,0.535,11,9,32,4,0,80,0,80,75,normal_range,99.37,75,,,
2026-02-27T15:00:00+05:30,portfolio_hist,PREMIUM,EXIT,strangle,25239.3,13.47,1.0,0.0,0.0,1.036,0.69,0.091,11,15,0,4,0,0,0,0,0,normal_range,0.0,0,Trail stop: bounced 19.0% after 14% decay,-371.25,328
2026-02-27T09:30:00+05:30,portfolio_hist,PREMIUM,SKIP,idle,25374.05,13.39,1.0,0.0,0.0,1.036,0.16,0.535,11,9,30,4,0,67,0,67,75,normal_range,0.0,0,,,
2026-02-27T09:32:00+05:30,portfolio_hist,PREMIUM,ENTER,strangle,25377.35,13.34,1.0,0.0,0.0,1.036,0.147,0.535,11,9,32,4,0,80,0,80,75,normal_range,99.37,75,,,
2026-02-27T15:00:00+05:30,portfolio_hist,PREMIUM,EXIT,strangle,25239.3,13.47,1.0,0.0,0.0,1.036,0.69,0.091,11,15,0,4,0,0,0,0,0,normal_range,0.0,0,Trail stop: bounced 19.0% after 14% decay,-371.25,328
2026-02-27T09:30:00+05:30,portfolio_hist,PREMIUM,SKIP,idle,25374.05,13.39,1.0,0.0,0.0,1.036,0.16,0.535,11,9,30,4,0,67,0,67,75,normal_range,0.0,0,,,
2026-02-27T09:32:00+05:30,portfolio_hist,PREMIUM,ENTER,strangle,25377.35,13.34,1.0,0.0,0.0,1.036,0.147,0.535,11,9,32,4,0,80,0,80,75,normal_range,99.37,75,,,
2026-02-27T13:56:00+05:30,portfolio_hist,PREMIUM,EXIT,strangle,25339.8,13.35,1.0,0.0,0.0,1.036,0.295,0.136,11,13,56,4,0,0,0,0,0,normal_range,0.0,0,Profit target: premium decayed 11.1%,825.75,264
2026-02-27T09:30:00+05:30,portfolio_hist,PREMIUM,SKIP,idle,25374.05,13.39,1.0,0.0,0.0,1.036,0.16,0.535,11,9,30,4,0,67,0,67,75,normal_range,0.0,0,,,
2026-02-27T09:32:00+05:30,portfolio_hist,PREMIUM,ENTER,strangle,25377.35,13.34,1.0,0.0,0.0,1.036,0.147,0.535,11,9,32,4,0,80,0,80,75,normal_range,99.37,75,,,
2026-02-27T15:00:00+05:30,portfolio_hist,PREMIUM,EXIT,strangle,25239.3,13.47,1.0,0.0,0.0,1.036,0.69,0.091,11,15,0,4,0,0,0,0,0,normal_range,0.0,0,Trail stop: bounced 19.0% after 14% decay,-371.25,328
2026-02-27T09:30:00+05:30,portfolio_hist,PREMIUM,SKIP,idle,25374.05,13.39,1.0,0.0,0.0,1.036,0.16,0.535,11,9,30,4,0,67,0,67,75,normal_range,0.0,0,,,
2026-02-27T09:32:00+05:30,portfolio_hist,PREMIUM,ENTER,strangle,25377.35,13.34,1.0,0.0,0.0,1.036,0.147,0.535,11,9,32,4,0,80,0,80,75,normal_range,99.37,75,,,
2026-02-27T15:00:00+05:30,portfolio_hist,PREMIUM,EXIT,strangle,25239.3,13.47,1.0,0.0,0.0,1.036,0.69,0.091,11,15,0,4,0,0,0,0,0,normal_range,0.0,0,Trail stop: bounced 19.0% after 14% decay,-371.25,328
2026-02-27T09:30:00+05:30,portfolio_hist,PREMIUM,SKIP,idle,25374.05,13.39,1.0,0.0,0.0,1.036,0.16,0.535,11,9,30,4,0,67,0,67,75,normal_range,0.0,0,,,
2026-02-27T09:32:00+05:30,portfolio_hist,PREMIUM,ENTER,strangle,25377.35,13.34,1.0,0.0,0.0,1.036,0.147,0.535,11,9,32,4,0,80,0,80,75,normal_range,99.37,75,,,
2026-02-27T15:00:00+05:30,portfolio_hist,PREMIUM,EXIT,strangle,25239.3,13.47,1.0,0.0,0.0,1.036,0.69,0.091,11,15,0,4,0,0,0,0,0,normal_range,0.0,0,Trail stop: bounced 19.0% after 14% decay,-371.25,328
2026-02-27T09:30:00+05:30,portfolio_hist,PREMIUM,SKIP,idle,25374.05,13.39,1.0,0.0,0.0,1.036,0.16,0.535,11,9,30,4,0,67,0,67,75,normal_range,0.0,0,,,
2026-02-27T09:32:00+05:30,portfolio_hist,PREMIUM,ENTER,strangle,25377.35,13.34,1.0,0.0,0.0,1.036,0.147,0.535,11,9,32,4,0,80,0,80,75,normal_range,99.37,75,,,
2026-02-27T15:00:00+05:30,portfolio_hist,PREMIUM,EXIT,strangle,25239.3,13.47,1.0,0.0,0.0,1.036,0.69,0.091,11,15,0,4,0,0,0,0,0,normal_range,0.0,0,Trail stop: bounced 19.0% after 14% decay,-371.25,328
2026-02-27T09:30:00+05:30,portfolio_hist,PREMIUM,SKIP,idle,25374.05,13.39,1.0,0.0,0.0,1.036,0.16,0.535,11,9,30,4,0,67,0,67,75,normal_range,0.0,0,,,
2026-02-27T09:32:00+05:30,portfolio_hist,PREMIUM,ENTER,strangle,25377.35,13.34,1.0,0.0,0.0,1.036,0.147,0.535,11,9,32,4,0,80,0,80,75,normal_range,99.37,75,,,
2026-02-27T13:56:00+05:30,portfolio_hist,PREMIUM,EXIT,strangle,25339.8,13.35,1.0,0.0,0.0,1.036,0.295,0.136,11,13,56,4,0,0,0,0,0,normal_range,0.0,0,Profit target: premium decayed 11.1%,825.75,264
2026-02-27T09:30:00+05:30,portfolio_hist,PREMIUM,SKIP,idle,25374.05,13.39,1.0,0.0,0.0,1.036,0.16,0.535,11,9,30,4,0,67,0,67,75,normal_range,0.0,0,,,
2026-02-27T09:32:00+05:30,portfolio_hist,PREMIUM,ENTER,strangle,25377.35,13.34,1.0,0.0,0.0,1.036,0.147,0.535,11,9,32,4,0,80,0,80,75,normal_range,99.37,75,,,
2026-02-27T15:00:00+05:30,portfolio_hist,PREMIUM,EXIT,strangle,25239.3,13.47,1.0,0.0,0.0,1.036,0.69,0.091,11,15,0,4,0,0,0,0,0,normal_range,0.0,0,Trail stop: bounced 19.0% after 14% decay,-371.25,328
2026-02-27T09:30:00+05:30,portfolio_hist,PREMIUM,SKIP,idle,25374.05,13.39,1.0,0.0,0.0,1.036,0.16,0.535,11,9,30,4,0,67,0,67,75,normal_range,0.0,0,,,
2026-02-27T09:32:00+05:30,portfolio_hist,PREMIUM,ENTER,strangle,25377.35,13.34,1.0,0.0,0.0,1.036,0.147,0.535,11,9,32,4,0,80,0,80,75,normal_range,99.37,75,,,
2026-02-27T15:00:00+05:30,portfolio_hist,PREMIUM,EXIT,strangle,25239.3,13.47,1.0,0.0,0.0,1.036,0.69,0.091,11,15,0,4,0,0,0,0,0,normal_range,0.0,0,Trail stop: bounced 19.0% after 14% decay,-371.25,328
2026-02-27T09:30:00+05:30,portfolio_hist,PREMIUM,SKIP,idle,25374.05,13.39,1.0,0.0,0.0,1.036,0.16,0.535,11,9,30,4,0,67,0,67,75,normal_range,0.0,0,,,
2026-02-27T09:32:00+05:30,portfolio_hist,PREMIUM,ENTER,strangle,25377.35,13.34,1.0,0.0,0.0,1.036,0.147,0.535,11,9,32,4,0,80,0,80,75,normal_range,99.37,75,,,
2026-02-27T15:00:00+05:30,portfolio_hist,PREMIUM,EXIT,strangle,25239.3,13.47,1.0,0.0,0.0,1.036,0.69,0.091,11,15,0,4,0,0,0,0,0,normal_range,0.0,0,Trail stop: bounced 19.0% after 14% decay,-371.25,328
2026-02-27T09:30:00+05:30,portfolio_hist,PREMIUM,SKIP,idle,25374.05,13.39,1.0,0.0,0.0,1.036,0.16,0.535,11,9,30,4,0,67,0,67,75,normal_range,0.0,0,,,
2026-02-27T09:32:00+05:30,portfolio_hist,PREMIUM,ENTER,strangle,25377.35,13.34,1.0,0.0,0.0,1.036,0.147,0.535,11,9,32,4,0,80,0,80,75,normal_range,99.37,75,,,
2026-02-27T15:00:00+05:30,portfolio_hist,PREMIUM,EXIT,strangle,25239.3,13.47,1.0,0.0,0.0,1.036,0.69,0.091,11,15,0,4,0,0,0,0,0,normal_range,0.0,0,Trail stop: bounced 19.0% after 14% decay,-371.25,328
2026-02-27T09:30:00+05:30,portfolio_hist,PREMIUM,SKIP,idle,25374.05,13.39,1.0,0.0,0.0,1.036,0.16,0.535,11,9,30,4,0,67,0,67,75,normal_range,0.0,0,,,
2026-02-27T09:32:00+05:30,portfolio_hist,PREMIUM,ENTER,strangle,25377.35,13.34,1.0,0.0,0.0,1.036,0.147,0.535,11,9,32,4,0,80,0,80,75,normal_range,99.37,75,,,
2026-02-27T13:56:00+05:30,portfolio_hist,PREMIUM,EXIT,strangle,25339.8,13.35,1.0,0.0,0.0,1.036,0.295,0.136,11,13,56,4,0,0,0,0,0,normal_range,0.0,0,Profit target: premium decayed 11.1%,825.75,264
2026-02-27T09:30:00+05:30,portfolio_hist,PREMIUM,SKIP,idle,25374.05,13.39,1.0,0.0,0.0,1.036,0.16,0.535,11,9,30,4,0,67,0,67,75,normal_range,0.0,0,,,
2026-02-27T09:32:00+05:30,portfolio_hist,PREMIUM,ENTER,strangle,25377.35,13.34,1.0,0.0,0.0,1.036,0.147,0.535,11,9,32,4,0,80,0,80,75,normal_range,99.37,75,,,
2026-02-27T15:00:00+05:30,portfolio_hist,PREMIUM,EXIT,strangle,25239.3,13.47,1.0,0.0,0.0,1.036,0.69,0.091,11,15,0,4,0,0,0,0,0,normal_range,0.0,0,Trail stop: bounced 19.0% after 14% decay,-371.25,328
2026-02-27T09:30:00+05:30,portfolio_hist,PREMIUM,SKIP,idle,25374.05,13.39,1.0,0.0,0.0,1.036,0.16,0.535,11,9,30,4,0,67,0,67,75,normal_range,0.0,0,,,
2026-02-27T09:32:00+05:30,portfolio_hist,PREMIUM,ENTER,strangle,25377.35,13.34,1.0,0.0,0.0,1.036,0.147,0.535,11,9,32,4,0,80,0,80,75,normal_range,99.37,75,,,
2026-02-27T15:00:00+05:30,portfolio_hist,PREMIUM,EXIT,strangle,25239.3,13.47,1.0,0.0,0.0,1.036,0.69,0.091,11,15,0,4,0,0,0,0,0,normal_range,0.0,0,Trail stop: bounced 19.0% after 14% decay,-371.25,328
2026-02-27T09:30:00+05:30,portfolio_hist,PREMIUM,SKIP,idle,25374.05,13.39,1.0,0.0,0.0,1.036,0.16,0.535,11,9,30,4,0,67,0,67,75,normal_range,0.0,0,,,
2026-02-27T09:32:00+05:30,portfolio_hist,PREMIUM,ENTER,strangle,25377.35,13.34,1.0,0.0,0.0,1.036,0.147,0.535,11,9,32,4,0,80,0,80,75,normal_range,99.37,75,,,
2026-02-27T15:00:00+05:30,portfolio_hist,PREMIUM,EXIT,strangle,25239.3,13.47,1.0,0.0,0.0,1.036,0.69,0.091,11,15,0,4,0,0,0,0,0,normal_range,0.0,0,Trail stop: bounced 19.0% after 14% decay,-371.25,328
2026-02-27T09:30:00+05:30,portfolio_hist,PREMIUM,SKIP,idle,25374.05,13.39,1.0,0.0,0.0,1.036,0.16,0.535,11,9,30,4,0,67,0,67,75,normal_range,0.0,0,,,
2026-02-27T09:32:00+05:30,portfolio_hist,PREMIUM,ENTER,strangle,25377.35,13.34,1.0,0.0,0.0,1.036,0.147,0.535,11,9,32,4,0,80,0,80,75,normal_range,99.37,75,,,
2026-02-27T15:00:00+05:30,portfolio_hist,PREMIUM,EXIT,strangle,25239.3,13.47,1.0,0.0,0.0,1.036,0.69,0.091,11,15,0,4,0,0,0,0,0,normal_range,0.0,0,Trail stop: bounced 19.0% after 14% decay,-371.25,328
2026-02-27T09:30:00+05:30,portfolio_hist,PREMIUM,SKIP,idle,25374.05,13.39,1.0,0.0,0.0,1.036,0.16,0.535,11,9,30,4,0,67,0,67,75,normal_range,0.0,0,,,
2026-02-27T09:32:00+05:30,portfolio_hist,PREMIUM,ENTER,strangle,25377.35,13.34,1.0,0.0,0.0,1.036,0.147,0.535,11,9,32,4,0,80,0,80,75,normal_range,99.37,75,,,
2026-02-27T15:00:00+05:30,portfolio_hist,PREMIUM,EXIT,strangle,25239.3,13.47,1.0,0.0,0.0,1.036,0.69,0.091,11,15,0,4,0,0,0,0,0,normal_range,0.0,0,Trail stop: bounced 19.0% after 14% decay,-371.25,328
2026-02-27T09:30:00+05:30,portfolio_hist,PREMIUM,SKIP,idle,25374.05,13.39,1.0,0.0,0.0,1.036,0.16,0.535,11,9,30,4,0,67,0,67,75,normal_range,0.0,0,,,
2026-02-27T09:32:00+05:30,portfolio_hist,PREMIUM,ENTER,strangle,25377.35,13.34,1.0,0.0,0.0,1.036,0.147,0.535,11,9,32,4,0,80,0,80,75,normal_range,99.37,75,,,
2026-02-27T15:00:00+05:30,portfolio_hist,PREMIUM,EXIT,strangle,25239.3,13.47,1.0,0.0,0.0,1.036,0.69,0.091,11,15,0,4,0,0,0,0,0,normal_range,0.0,0,Trail stop: bounced 19.0% after 14% decay,-371.25,328
2026-02-27T09:30:00+05:30,portfolio_hist,PREMIUM,SKIP,idle,25374.05,13.39,1.0,0.0,0.0,1.036,0.16,0.535,11,9,30,4,0,67,0,67,75,normal_range,0.0,0,,,
2026-02-27T09:32:00+05:30,portfolio_hist,PREMIUM,ENTER,strangle,25377.35,13.34,1.0,0.0,0.0,1.036,0.147,0.535,11,9,32,4,0,80,0,80,75,normal_range,99.37,75,,,
2026-02-27T15:00:00+05:30,portfolio_hist,PREMIUM,EXIT,strangle,25239.3,13.47,1.0,0.0,0.0,1.036,0.69,0.091,11,15,0,4,0,0,0,0,0,normal_range,0.0,0,Trail stop: bounced 19.0% after 14% decay,-371.25,328
2026-02-27T09:30:00+05:30,portfolio_hist,PREMIUM,SKIP,idle,25374.05,13.39,1.0,0.0,0.0,1.036,0.16,0.535,11,9,30,4,0,67,0,67,75,normal_range,0.0,0,,,
2026-02-27T09:32:00+05:30,portfolio_hist,PREMIUM,ENTER,strangle,25377.35,13.34,1.0,0.0,0.0,1.036,0.147,0.535,11,9,32,4,0,80,0,80,75,normal_range,99.37,75,,,
2026-02-27T15:00:00+05:30,portfolio_hist,PREMIUM,EXIT,strangle,25239.3,13.47,1.0,0.0,0.0,1.036,0.69,0.091,11,15,0,4,0,0,0,0,0,normal_range,0.0,0,Trail stop: bounced 19.0% after 14% decay,-371.25,328
2026-02-27T09:30:00+05:30,portfolio_hist,PREMIUM,SKIP,idle,25374.05,13.39,1.0,0.0,0.0,1.036,0.16,0.535,11,9,30,4,0,67,0,67,75,normal_range,0.0,0,,,
2026-02-27T09:32:00+05:30,portfolio_hist,PREMIUM,ENTER,strangle,25377.35,13.34,1.0,0.0,0.0,1.036,0.147,0.535,11,9,32,4,0,80,0,80,75,normal_range,99.37,75,,,
2026-02-27T15:00:00+05:30,portfolio_hist,PREMIUM,EXIT,strangle,25239.3,13.47,1.0,0.0,0.0,1.036,0.69,0.091,11,15,0,4,0,0,0,0,0,normal_range,0.0,0,Trail stop: bounced 19.0% after 14% decay,-371.25,328
2026-02-27T09:30:00+05:30,portfolio_hist,PREMIUM,SKIP,idle,25374.05,13.39,1.0,0.0,0.0,1.036,0.16,0.535,11,9,30,4,0,67,0,67,75,normal_range,0.0,0,,,
2026-02-27T09:32:00+05:30,portfolio_hist,PREMIUM,ENTER,strangle,25377.35,13.34,1.0,0.0,0.0,1.036,0.147,0.535,11,9,32,4,0,80,0,80,75,normal_range,99.37,75,,,
2026-02-27T15:00:00+05:30,portfolio_hist,PREMIUM,EXIT,strangle,25239.3,13.47,1.0,0.0,0.0,1.036,0.69,0.091,11,15,0,4,0,0,0,0,0,normal_range,0.0,0,Trail stop: bounced 19.0% after 14% decay,-371.25,328
2026-02-27T09:30:00+05:30,portfolio_hist,PREMIUM,SKIP,idle,25374.05,13.39,1.0,0.0,0.0,1.036,0.16,0.535,11,9,30,4,0,67,0,67,75,normal_range,0.0,0,,,
2026-02-27T09:32:00+05:30,portfolio_hist,PREMIUM,ENTER,strangle,25377.35,13.34,1.0,0.0,0.0,1.036,0.147,0.535,11,9,32,4,0,80,0,80,75,normal_range,99.37,75,,,
2026-02-27T15:00:00+05:30,portfolio_hist,PREMIUM,EXIT,strangle,25239.3,13.47,1.0,0.0,0.0,1.036,0.69,0.091,11,15,0,4,0,0,0,0,0,normal_range,0.0,0,Trail stop: bounced 19.0% after 14% decay,-371.25,328
2026-02-27T09:30:00+05:30,portfolio_hist,PREMIUM,SKIP,idle,25374.05,13.39,1.0,0.0,0.0,1.036,0.16,0.535,11,9,30,4,0,67,0,67,75,normal_range,0.0,0,,,
2026-02-27T09:32:00+05:30,portfolio_hist,PREMIUM,ENTER,strangle,25377.35,13.34,1.0,0.0,0.0,1.036,0.147,0.535,11,9,32,4,0,80,0,80,75,normal_range,99.37,75,,,
2026-02-27T15:00:00+05:30,portfolio_hist,PREMIUM,EXIT,strangle,25239.3,13.47,1.0,0.0,0.0,1.036,0.69,0.091,11,15,0,4,0,0,0,0,0,normal_range,0.0,0,Trail stop: bounced 19.0% after 14% decay,-371.25,328
2026-02-27T09:30:00+05:30,portfolio_hist,PREMIUM,SKIP,idle,25374.05,13.39,1.0,0.0,0.0,1.036,0.16,0.535,11,9,30,4,0,67,0,67,75,normal_range,0.0,0,,,
2026-02-27T09:32:00+05:30,portfolio_hist,PREMIUM,ENTER,strangle,25377.35,13.34,1.0,0.0,0.0,1.036,0.147,0.535,11,9,32,4,0,80,0,80,75,normal_range,99.37,75,,,
2026-02-27T15:00:00+05:30,portfolio_hist,PREMIUM,EXIT,strangle,25239.3,13.47,1.0,0.0,0.0,1.036,0.69,0.091,11,15,0,4,0,0,0,0,0,normal_range,0.0,0,Trail stop: bounced 19.0% after 14% decay,-371.25,328
2026-02-27T09:30:00+05:30,portfolio_hist,PREMIUM,SKIP,idle,25374.05,13.39,1.0,0.0,0.0,1.036,0.16,0.535,11,9,30,4,0,67,0,67,75,normal_range,0.0,0,,,
2026-02-27T09:32:00+05:30,portfolio_hist,PREMIUM,ENTER,strangle,25377.35,13.34,1.0,0.0,0.0,1.036,0.147,0.535,11,9,32,4,0,80,0,80,75,normal_range,99.37,75,,,
2026-02-27T15:00:00+05:30,portfolio_hist,PREMIUM,EXIT,strangle,25239.3,13.47,1.0,0.0,0.0,1.036,0.69,0.091,11,15,0,4,0,0,0,0,0,normal_range,0.0,0,Trail stop: bounced 19.0% after 14% decay,-371.25,328
2026-02-27T09:30:00+05:30,portfolio_hist,PREMIUM,SKIP,idle,25374.05,13.39,1.0,0.0,0.0,1.036,0.16,0.535,11,9,30,4,0,67,0,67,75,normal_range,0.0,0,,,
2026-02-27T09:32:00+05:30,portfolio_hist,PREMIUM,ENTER,strangle,25377.35,13.34,1.0,0.0,0.0,1.036,0.147,0.535,11,9,32,4,0,80,0,80,75,normal_range,99.37,75,,,
2026-02-27T15:00:00+05:30,portfolio_hist,PREMIUM,EXIT,strangle,25239.3,13.47,1.0,0.0,0.0,1.036,0.69,0.091,11,15,0,4,0,0,0,0,0,normal_range,0.0,0,Trail stop: bounced 19.0% after 14% decay,-371.25,328
2026-02-27T09:30:00+05:30,portfolio_hist,PREMIUM,SKIP,idle,25374.05,13.39,1.0,0.0,0.0,1.036,0.16,0.535,11,9,30,4,0,67,0,67,75,normal_range,0.0,0,,,
2026-02-27T09:32:00+05:30,portfolio_hist,PREMIUM,ENTER,strangle,25377.35,13.34,1.0,0.0,0.0,1.036,0.147,0.535,11,9,32,4,0,80,0,80,75,normal_range,99.37,75,,,
2026-02-27T15:00:00+05:30,portfolio_hist,PREMIUM,EXIT,strangle,25239.3,13.47,1.0,0.0,0.0,1.036,0.69,0.091,11,15,0,4,0,0,0,0,0,normal_range,0.0,0,Trail stop: bounced 19.0% after 14% decay,-371.25,328
2026-02-27T09:30:00+05:30,portfolio_hist,PREMIUM,SKIP,idle,25374.05,13.39,1.0,0.0,0.0,1.036,0.16,0.535,11,9,30,4,0,67,0,67,75,normal_range,0.0,0,,,
2026-02-27T09:32:00+05:30,portfolio_hist,PREMIUM,ENTER,strangle,25377.35,13.34,1.0,0.0,0.0,1.036,0.147,0.535,11,9,32,4,0,80,0,80,75,normal_range,99.37,75,,,
2026-02-27T15:00:00+05:30,portfolio_hist,PREMIUM,EXIT,strangle,25239.3,13.47,1.0,0.0,0.0,1.036,0.69,0.091,11,15,0,4,0,0,0,0,0,normal_range,0.0,0,Trail stop: bounced 19.0% after 14% decay,-371.25,328
2026-02-27T09:30:00+05:30,portfolio_hist,PREMIUM,SKIP,idle,25374.05,13.39,1.0,0.0,0.0,1.036,0.16,0.535,11,9,30,4,0,67,0,67,75,normal_range,0.0,0,,,
2026-02-27T09:32:00+05:30,portfolio_hist,PREMIUM,ENTER,strangle,25377.35,13.34,1.0,0.0,0.0,1.036,0.147,0.535,11,9,32,4,0,80,0,80,75,normal_range,99.37,75,,,
2026-02-27T15:00:00+05:30,portfolio_hist,PREMIUM,EXIT,strangle,25239.3,13.47,1.0,0.0,0.0,1.036,0.69,0.091,11,15,0,4,0,0,0,0,0,normal_range,0.0,0,Trail stop: bounced 19.0% after 14% decay,-371.25,328
2026-02-27T09:30:00+05:30,portfolio_hist,PREMIUM,SKIP,idle,25374.05,13.39,1.0,0.0,0.0,1.036,0.16,0.535,11,9,30,4,0,67,0,67,75,normal_range,0.0,0,,,
2026-02-27T09:32:00+05:30,portfolio_hist,PREMIUM,ENTER,strangle,25377.35,13.34,1.0,0.0,0.0,1.036,0.147,0.535,11,9,32,4,0,80,0,80,75,normal_range,99.37,75,,,
2026-02-27T15:00:00+05:30,portfolio_hist,PREMIUM,EXIT,strangle,25239.3,13.47,1.0,0.0,0.0,1.036,0.69,0.091,11,15,0,4,0,0,0,0,0,normal_range,0.0,0,Trail stop: bounced 19.0% after 14% decay,-371.25,328
2026-02-27T09:30:00+05:30,portfolio_hist,PREMIUM,SKIP,idle,25374.05,13.39,1.0,0.0,0.0,1.036,0.16,0.535,11,9,30,4,0,67,0,67,75,normal_range,0.0,0,,,
2026-02-27T09:32:00+05:30,portfolio_hist,PREMIUM,ENTER,strangle,25377.35,13.34,1.0,0.0,0.0,1.036,0.147,0.535,11,9,32,4,0,80,0,80,75,normal_range,99.37,75,,,
2026-02-27T15:00:00+05:30,portfolio_hist,PREMIUM,EXIT,strangle,25239.3,13.47,1.0,0.0,0.0,1.036,0.69,0.091,11,15,0,4,0,0,0,0,0,normal_range,0.0,0,Trail stop: bounced 19.0% after 14% decay,-371.25,328
2026-02-27T09:30:00+05:30,portfolio_hist,PREMIUM,SKIP,idle,25374.05,13.39,1.0,0.0,0.0,1.036,0.16,0.535,11,9,30,4,0,67,0,67,75,normal_range,0.0,0,,,
2026-02-27T09:32:00+05:30,portfolio_hist,PREMIUM,ENTER,strangle,25377.35,13.34,1.0,0.0,0.0,1.036,0.147,0.535,11,9,32,4,0,80,0,80,75,normal_range,99.37,75,,,
2026-02-27T15:00:00+05:30,portfolio_hist,PREMIUM,EXIT,strangle,25239.3,13.47,1.0,0.0,0.0,1.036,0.69,0.091,11,15,0,4,0,0,0,0,0,normal_range,0.0,0,Trail stop: bounced 19.0% after 14% decay,-371.25,328
2026-02-27T09:30:00+05:30,portfolio_hist,PREMIUM,SKIP,idle,25374.05,13.39,1.0,0.0,0.0,1.036,0.16,0.535,11,9,30,4,0,67,0,67,75,normal_range,0.0,0,,,
2026-02-27T09:32:00+05:30,portfolio_hist,PREMIUM,ENTER,strangle,25377.35,13.34,1.0,0.0,0.0,1.036,0.147,0.535,11,9,32,4,0,80,0,80,75,normal_range,99.37,75,,,
2026-02-27T15:00:00+05:30,portfolio_hist,PREMIUM,EXIT,strangle,25239.3,13.47,1.0,0.0,0.0,1.036,0.69,0.091,11,15,0,4,0,0,0,0,0,normal_range,0.0,0,Trail stop: bounced 19.0% after 14% decay,-371.25,328
2026-02-27T09:30:00+05:30,portfolio_hist,PREMIUM,SKIP,idle,25374.05,13.39,1.0,0.0,0.0,1.036,0.16,0.535,11,9,30,4,0,67,0,67,75,normal_range,0.0,0,,,
2026-02-27T09:32:00+05:30,portfolio_hist,PREMIUM,ENTER,strangle,25377.35,13.34,1.0,0.0,0.0,1.036,0.147,0.535,11,9,32,4,0,80,0,80,75,normal_range,99.37,75,,,
2026-02-27T15:00:00+05:30,portfolio_hist,PREMIUM,EXIT,strangle,25239.3,13.47,1.0,0.0,0.0,1.036,0.69,0.091,11,15,0,4,0,0,0,0,0,normal_range,0.0,0,Trail stop: bounced 19.0% after 14% decay,-371.25,328
2026-02-27T09:30:00+05:30,portfolio_hist,PREMIUM,SKIP,idle,25374.05,13.39,1.0,0.0,0.0,1.036,0.16,0.535,11,9,30,4,0,67,0,67,75,normal_range,0.0,0,,,
2026-02-27T09:32:00+05:30,portfolio_hist,PREMIUM,ENTER,strangle,25377.35,13.34,1.0,0.0,0.0,1.036,0.147,0.535,11,9,32,4,0,80,0,80,75,normal_range,99.37,75,,,
2026-02-27T15:00:00+05:30,portfolio_hist,PREMIUM,EXIT,strangle,25239.3,13.47,1.0,0.0,0.0,1.036,0.69,0.091,11,15,0,4,0,0,0,0,0,normal_range,0.0,0,Trail stop: bounced 19.0% after 14% decay,-371.25,328
2026-02-27T09:30:00+05:30,portfolio_hist,PREMIUM,SKIP,idle,25374.05,13.39,1.0,0.0,0.0,1.036,0.16,0.535,11,9,30,4,0,67,0,67,75,normal_range,0.0,0,,,
2026-02-27T09:32:00+05:30,portfolio_hist,PREMIUM,ENTER,strangle,25377.35,13.34,1.0,0.0,0.0,1.036,0.147,0.535,11,9,32,4,0,80,0,80,75,normal_range,99.37,75,,,
2026-02-27T15:00:00+05:30,portfolio_hist,PREMIUM,EXIT,strangle,25239.3,13.47,1.0,0.0,0.0,1.036,0.69,0.091,11,15,0,4,0,0,0,0,0,normal_range,0.0,0,Trail stop: bounced 19.0% after 14% decay,-371.25,328
2026-02-27T09:30:00+05:30,portfolio_hist,PREMIUM,SKIP,idle,25374.05,13.39,1.0,0.0,0.0,1.036,0.16,0.535,11,9,30,4,0,67,0,67,75,normal_range,0.0,0,,,
2026-02-27T09:32:00+05:30,portfolio_hist,PREMIUM,ENTER,strangle,25377.35,13.34,1.0,0.0,0.0,1.036,0.147,0.535,11,9,32,4,0,80,0,80,75,normal_range,99.37,75,,,
2026-02-27T15:00:00+05:30,portfolio_hist,PREMIUM,EXIT,strangle,25239.3,13.47,1.0,0.0,0.0,1.036,0.69,0.091,11,15,0,4,0,0,0,0,0,normal_range,0.0,0,Trail stop: bounced 19.0% after 14% decay,-371.25,328
2026-02-27T09:30:00+05:30,portfolio_hist,PREMIUM,SKIP,idle,25374.05,13.39,1.0,0.0,0.0,1.036,0.16,0.535,11,9,30,4,0,67,0,67,75,normal_range,0.0,0,,,
2026-02-27T09:32:00+05:30,portfolio_hist,PREMIUM,ENTER,strangle,25377.35,13.34,1.0,0.0,0.0,1.036,0.147,0.535,11,9,32,4,0,80,0,80,75,normal_range,99.37,75,,,
2026-02-27T15:00:00+05:30,portfolio_hist,PREMIUM,EXIT,strangle,25239.3,13.47,1.0,0.0,0.0,1.036,0.69,0.091,11,15,0,4,0,0,0,0,0,normal_range,0.0,0,Trail stop: bounced 19.0% after 14% decay,-371.25,328
2026-02-27T09:30:00+05:30,portfolio_hist,PREMIUM,SKIP,idle,25374.05,13.39,1.0,0.0,0.0,1.036,0.16,0.535,11,9,30,4,0,67,0,67,75,normal_range,0.0,0,,,
2026-02-27T09:32:00+05:30,portfolio_hist,PREMIUM,ENTER,strangle,25377.35,13.34,1.0,0.0,0.0,1.036,0.147,0.535,11,9,32,4,0,80,0,80,75,normal_range,99.37,75,,,
2026-02-27T15:00:00+05:30,portfolio_hist,PREMIUM,EXIT,strangle,25239.3,13.47,1.0,0.0,0.0,1.036,0.69,0.091,11,15,0,4,0,0,0,0,0,normal_range,0.0,0,Trail stop: bounced 19.0% after 14% decay,-371.25,328
2026-02-27T09:30:00+05:30,portfolio_hist,PREMIUM,SKIP,idle,25374.05,13.39,1.0,0.0,0.0,1.036,0.16,0.535,11,9,30,4,0,67,0,67,75,normal_range,0.0,0,,,
2026-02-27T09:32:00+05:30,portfolio_hist,PREMIUM,ENTER,strangle,25377.35,13.34,1.0,0.0,0.0,1.036,0.147,0.535,11,9,32,4,0,80,0,80,75,normal_range,99.37,75,,,
2026-02-27T15:00:00+05:30,portfolio_hist,PREMIUM,EXIT,strangle,25239.3,13.47,1.0,0.0,0.0,1.036,0.69,0.091,11,15,0,4,0,0,0,0,0,normal_range,0.0,0,Trail stop: bounced 19.0% after 14% decay,-371.25,328
2026-02-27T09:30:00+05:30,portfolio_hist,PREMIUM,SKIP,idle,25374.05,13.39,1.0,0.0,0.0,1.036,0.16,0.535,11,9,30,4,0,67,0,67,75,normal_range,0.0,0,,,
2026-02-27T09:32:00+05:30,portfolio_hist,PREMIUM,ENTER,strangle,25377.35,13.34,1.0,0.0,0.0,1.036,0.147,0.535,11,9,32,4,0,80,0,80,75,normal_range,99.37,75,,,
2026-02-27T14:29:00+05:30,portfolio_hist,PREMIUM,EXIT,strangle,25293.55,13.48,1.0,0.0,0.0,1.036,0.477,0.13,11,14,29,4,0,0,0,0,0,normal_range,0.0,0,Trail stop: bounced 10.7% after 14% decay,248.25,297
2026-02-27T09:30:00+05:30,portfolio_hist,PREMIUM,SKIP,idle,25374.05,13.39,1.0,0.0,0.0,1.036,0.16,0.535,11,9,30,4,0,67,0,67,75,normal_range,0.0,0,,,
2026-02-27T09:32:00+05:30,portfolio_hist,PREMIUM,ENTER,strangle,25377.35,13.34,1.0,0.0,0.0,1.036,0.147,0.535,11,9,32,4,0,80,0,80,75,normal_range,99.37,75,,,
2026-02-27T14:29:00+05:30,portfolio_hist,PREMIUM,EXIT,strangle,25293.55,13.48,1.0,0.0,0.0,1.036,0.477,0.13,11,14,29,4,0,0,0,0,0,normal_range,0.0,0,Trail stop: bounced 10.7% after 14% decay,248.25,297
2026-02-27T09:30:00+05:30,portfolio_hist,PREMIUM,SKIP,idle,25374.05,13.39,1.0,0.0,0.0,1.036,0.16,0.535,11,9,30,4,0,67,0,67,75,normal_range,0.0,0,,,
2026-02-27T09:32:00+05:30,portfolio_hist,PREMIUM,ENTER,strangle,25377.35,13.34,1.0,0.0,0.0,1.036,0.147,0.535,11,9,32,4,0,80,0,80,75,normal_range,99.37,75,,,
2026-02-27T14:29:00+05:30,portfolio_hist,PREMIUM,EXIT,strangle,25293.55,13.48,1.0,0.0,0.0,1.036,0.477,0.13,11,14,29,4,0,0,0,0,0,normal_range,0.0,0,Trail stop: bounced 10.7% after 14% decay,248.25,297
2026-02-27T09:30:00+05:30,portfolio_hist,PREMIUM,SKIP,idle,25374.05,13.39,1.0,0.0,0.0,1.036,0.16,0.535,11,9,30,4,0,67,0,67,75,normal_range,0.0,0,,,
2026-02-27T09:32:00+05:30,portfolio_hist,PREMIUM,ENTER,strangle,25377.35,13.34,1.0,0.0,0.0,1.036,0.147,0.535,11,9,32,4,0,80,0,80,75,normal_range,99.37,75,,,
2026-02-27T14:29:00+05:30,portfolio_hist,PREMIUM,EXIT,strangle,25293.55,13.48,1.0,0.0,0.0,1.036,0.477,0.13,11,14,29,4,0,0,0,0,0,normal_range,0.0,0,Trail stop: bounced 10.7% after 14% decay,248.25,297
2026-02-27T09:30:00+05:30,portfolio_hist,PREMIUM,SKIP,idle,25374.05,13.39,1.0,0.0,0.0,1.036,0.16,0.535,11,9,30,4,0,67,0,67,75,normal_range,0.0,0,,,
2026-02-27T09:32:00+05:30,portfolio_hist,PREMIUM,ENTER,strangle,25377.35,13.34,1.0,0.0,0.0,1.036,0.147,0.535,11,9,32,4,0,80,0,80,75,normal_range,99.37,75,,,
2026-02-27T15:00:00+05:30,portfolio_hist,PREMIUM,EXIT,strangle,25239.3,13.47,1.0,0.0,0.0,1.036,0.69,0.091,11,15,0,4,0,0,0,0,0,normal_range,0.0,0,Trail stop: bounced 19.0% after 14% decay,-371.25,328
2026-02-27T09:30:00+05:30,portfolio_hist,PREMIUM,SKIP,idle,25374.05,13.39,1.0,0.0,0.0,1.036,0.16,0.535,11,9,30,4,0,67,0,67,75,normal_range,0.0,0,,,
2026-02-27T09:32:00+05:30,portfolio_hist,PREMIUM,ENTER,strangle,25377.35,13.34,1.0,0.0,0.0,1.036,0.147,0.535,11,9,32,4,0,80,0,80,75,normal_range,99.37,75,,,
2026-02-27T15:00:00+05:30,portfolio_hist,PREMIUM,EXIT,strangle,25239.3,13.47,1.0,0.0,0.0,1.036,0.69,0.091,11,15,0,4,0,0,0,0,0,normal_range,0.0,0,Trail stop: bounced 19.0% after 14% decay,-371.25,328
2026-02-27T09:30:00+05:30,portfolio_hist,PREMIUM,SKIP,idle,25374.05,13.39,1.0,0.0,0.0,1.036,0.16,0.535,11,9,30,4,0,67,0,67,75,normal_range,0.0,0,,,
2026-02-27T09:32:00+05:30,portfolio_hist,PREMIUM,ENTER,strangle,25377.35,13.34,1.0,0.0,0.0,1.036,0.147,0.535,11,9,32,4,0,80,0,80,75,normal_range,99.37,75,,,
2026-02-27T15:00:00+05:30,portfolio_hist,PREMIUM,EXIT,strangle,25239.3,13.47,1.0,0.0,0.0,1.036,0.69,0.091,11,15,0,4,0,0,0,0,0,normal_range,0.0,0,Trail stop: bounced 19.0% after 14% decay,-371.25,328
2026-02-27T09:30:00+05:30,portfolio_hist,PREMIUM,SKIP,idle,25374.05,13.39,1.0,0.0,0.0,1.036,0.16,0.535,11,9,30,4,0,67,0,67,75,normal_range,0.0,0,,,
2026-02-27T09:32:00+05:30,portfolio_hist,PREMIUM,ENTER,strangle,25377.35,13.34,1.0,0.0,0.0,1.036,0.147,0.535,11,9,32,4,0,80,0,80,75,normal_range,99.37,75,,,
2026-02-27T15:00:00+05:30,portfolio_hist,PREMIUM,EXIT,strangle,25239.3,13.47,1.0,0.0,0.0,1.036,0.69,0.091,11,15,0,4,0,0,0,0,0,normal_range,0.0,0,Trail stop: bounced 19.0% after 14% decay,-371.25,328
2026-02-27T09:30:00+05:30,portfolio_hist,PREMIUM,SKIP,idle,25374.05,13.39,1.0,0.0,0.0,1.036,0.16,0.535,11,9,30,4,0,67,0,67,75,normal_range,0.0,0,,,
2026-02-27T09:32:00+05:30,portfolio_hist,PREMIUM,ENTER,strangle,25377.35,13.34,1.0,0.0,0.0,1.036,0.147,0.535,11,9,32,4,0,80,0,80,75,normal_range,99.37,75,,,
2026-02-27T15:01:00+05:30,portfolio_hist,PREMIUM,EXIT,strangle,25230.45,13.49,1.0,0.0,0.0,1.036,0.725,0.091,11,15,1,4,0,0,0,0,0,normal_range,0.0,0,Trail stop: bounced 21.2% after 14% decay,-536.25,329
2026-02-27T09:30:00+05:30,portfolio_hist,PREMIUM,SKIP,idle,25374.05,13.39,1.0,0.0,0.0,1.036,0.16,0.535,11,9,30,4,0,67,0,67,75,normal_range,0.0,0,,,
2026-02-27T09:32:00+05:30,portfolio_hist,PREMIUM,ENTER,strangle,25377.35,13.34,1.0,0.0,0.0,1.036,0.147,0.535,11,9,32,4,0,80,0,80,75,normal_range,99.37,75,,,
2026-02-27T15:01:00+05:30,portfolio_hist,PREMIUM,EXIT,strangle,25230.45,13.49,1.0,0.0,0.0,1.036,0.725,0.091,11,15,1,4,0,0,0,0,0,normal_range,0.0,0,Trail stop: bounced 21.2% after 14% decay,-536.25,329
2026-02-27T09:30:00+05:30,portfolio_hist,PREMIUM,SKIP,idle,25374.05,13.39,1.0,0.0,0.0,1.036,0.16,0.535,11,9,30,4,0,67,0,67,75,normal_range,0.0,0,,,
2026-02-27T09:32:00+05:30,portfolio_hist,PREMIUM,ENTER,strangle,25377.35,13.34,1.0,0.0,0.0,1.036,0.147,0.535,11,9,32,4,0,80,0,80,75,normal_range,99.37,75,,,
2026-02-27T15:01:00+05:30,portfolio_hist,PREMIUM,EXIT,strangle,25230.45,13.49,1.0,0.0,0.0,1.036,0.725,0.091,11,15,1,4,0,0,0,0,0,normal_range,0.0,0,Trail stop: bounced 21.2% after 14% decay,-536.25,329
2026-02-27T09:30:00+05:30,portfolio_hist,PREMIUM,SKIP,idle,25374.05,13.39,1.0,0.0,0.0,1.036,0.16,0.535,11,9,30,4,0,67,0,67,75,normal_range,0.0,0,,,
2026-02-27T09:32:00+05:30,portfolio_hist,PREMIUM,ENTER,strangle,25377.35,13.34,1.0,0.0,0.0,1.036,0.147,0.535,11,9,32,4,0,80,0,80,75,normal_range,99.37,75,,,
2026-02-27T15:01:00+05:30,portfolio_hist,PREMIUM,EXIT,strangle,25230.45,13.49,1.0,0.0,0.0,1.036,0.725,0.091,11,15,1,4,0,0,0,0,0,normal_range,0.0,0,Trail stop: bounced 21.2% after 14% decay,-536.25,329
2026-02-27T09:30:00+05:30,portfolio_hist,PREMIUM,SKIP,idle,25374.05,13.39,1.0,0.0,0.0,1.036,0.16,0.535,11,9,30,4,0,67,0,67,75,normal_range,0.0,0,,,
2026-02-27T09:32:00+05:30,portfolio_hist,PREMIUM,ENTER,strangle,25377.35,13.34,1.0,0.0,0.0,1.036,0.147,0.535,11,9,32,4,0,80,0,80,75,normal_range,99.37,75,,,
2026-02-27T15:02:00+05:30,portfolio_hist,PREMIUM,EXIT,strangle,25212.5,13.55,1.0,0.0,0.0,1.036,0.796,0.091,11,15,2,4,0,0,0,0,0,normal_range,0.0,0,Trail stop: bounced 26.4% after 14% decay,-921.0,330
2026-02-27T09:30:00+05:30,portfolio_hist,PREMIUM,SKIP,idle,25374.05,13.39,1.0,0.0,0.0,1.036,0.16,0.535,11,9,30,4,0,67,0,67,75,normal_range,0.0,0,,,
2026-02-27T09:32:00+05:30,portfolio_hist,PREMIUM,ENTER,strangle,25377.35,13.34,1.0,0.0,0.0,1.036,0.147,0.535,11,9,32,4,0,80,0,80,75,normal_range,99.37,75,,,
2026-02-27T15:02:00+05:30,portfolio_hist,PREMIUM,EXIT,strangle,25212.5,13.55,1.0,0.0,0.0,1.036,0.796,0.091,11,15,2,4,0,0,0,0,0,normal_range,0.0,0,Trail stop: bounced 26.4% after 14% decay,-921.0,330
2026-02-27T09:30:00+05:30,portfolio_hist,PREMIUM,SKIP,idle,25374.05,13.39,1.0,0.0,0.0,1.036,0.16,0.535,11,9,30,4,0,67,0,67,75,normal_range,0.0,0,,,
2026-02-27T09:32:00+05:30,portfolio_hist,PREMIUM,ENTER,strangle,25377.35,13.34,1.0,0.0,0.0,1.036,0.147,0.535,11,9,32,4,0,80,0,80,75,normal_range,99.37,75,,,
2026-02-27T15:02:00+05:30,portfolio_hist,PREMIUM,EXIT,strangle,25212.5,13.55,1.0,0.0,0.0,1.036,0.796,0.091,11,15,2,4,0,0,0,0,0,normal_range,0.0,0,Trail stop: bounced 26.4% after 14% decay,-921.0,330
2026-02-27T09:30:00+05:30,portfolio_hist,PREMIUM,SKIP,idle,25374.05,13.39,1.0,0.0,0.0,1.036,0.16,0.535,11,9,30,4,0,67,0,67,75,normal_range,0.0,0,,,
2026-02-27T09:32:00+05:30,portfolio_hist,PREMIUM,ENTER,strangle,25377.35,13.34,1.0,0.0,0.0,1.036,0.147,0.535,11,9,32,4,0,80,0,80,75,normal_range,99.37,75,,,
2026-02-27T15:02:00+05:30,portfolio_hist,PREMIUM,EXIT,strangle,25212.5,13.55,1.0,0.0,0.0,1.036,0.796,0.091,11,15,2,4,0,0,0,0,0,normal_range,0.0,0,Trail stop: bounced 26.4% after 14% decay,-921.0,330
2026-02-27T09:30:00+05:30,portfolio_hist,PREMIUM,SKIP,idle,25374.05,13.39,1.0,0.0,0.0,1.036,0.16,0.535,11,9,30,4,0,67,0,67,75,normal_range,0.0,0,,,
2026-02-27T09:32:00+05:30,portfolio_hist,PREMIUM,ENTER,strangle,25377.35,13.34,1.0,0.0,0.0,1.036,0.147,0.535,11,9,32,4,0,80,0,80,75,normal_range,99.37,75,,,
2026-02-27T15:00:00+05:30,portfolio_hist,PREMIUM,EXIT,strangle,25239.3,13.47,1.0,0.0,0.0,1.036,0.69,0.091,11,15,0,4,0,0,0,0,0,normal_range,0.0,0,Trail stop: bounced 19.0% after 14% decay,-371.25,328
2026-02-27T09:30:00+05:30,portfolio_hist,PREMIUM,SKIP,idle,25374.05,13.39,1.0,0.0,0.0,1.036,0.16,0.535,11,9,30,4,0,67,0,67,75,normal_range,0.0,0,,,
2026-02-27T09:32:00+05:30,portfolio_hist,PREMIUM,ENTER,strangle,25377.35,13.34,1.0,0.0,0.0,1.036,0.147,0.535,11,9,32,4,0,80,0,80,75,normal_range,99.37,75,,,
2026-02-27T15:00:00+05:30,portfolio_hist,PREMIUM,EXIT,strangle,25239.3,13.47,1.0,0.0,0.0,1.036,0.69,0.091,11,15,0,4,0,0,0,0,0,normal_range,0.0,0,Trail stop: bounced 19.0% after 14% decay,-371.25,328
2026-02-27T09:30:00+05:30,portfolio_hist,PREMIUM,SKIP,idle,25374.05,13.39,1.0,0.0,0.0,1.036,0.16,0.535,11,9,30,4,0,67,0,67,75,normal_range,0.0,0,,,
2026-02-27T09:32:00+05:30,portfolio_hist,PREMIUM,ENTER,strangle,25377.35,13.34,1.0,0.0,0.0,1.036,0.147,0.535,11,9,32,4,0,80,0,80,75,normal_range,99.37,75,,,
2026-02-27T15:00:00+05:30,portfolio_hist,PREMIUM,EXIT,strangle,25239.3,13.47,1.0,0.0,0.0,1.036,0.69,0.091,11,15,0,4,0,0,0,0,0,normal_range,0.0,0,Trail stop: bounced 19.0% after 14% decay,-371.25,328
2026-02-27T09:30:00+05:30,portfolio_hist,PREMIUM,SKIP,idle,25374.05,13.39,1.0,0.0,0.0,1.036,0.16,0.535,11,9,30,4,0,67,0,67,75,normal_range,0.0,0,,,
2026-02-27T09:32:00+05:30,portfolio_hist,PREMIUM,ENTER,strangle,25377.35,13.34,1.0,0.0,0.0,1.036,0.147,0.535,11,9,32,4,0,80,0,80,75,normal_range,99.37,75,,,
2026-02-27T15:00:00+05:30,portfolio_hist,PREMIUM,EXIT,strangle,25239.3,13.47,1.0,0.0,0.0,1.036,0.69,0.091,11,15,0,4,0,0,0,0,0,normal_range,0.0,0,Trail stop: bounced 19.0% after 14% decay,-371.25,328
2026-02-27T09:30:00+05:30,portfolio_hist,PREMIUM,SKIP,idle,25374.05,13.39,1.0,0.0,0.0,1.036,0.16,0.535,11,9,30,4,0,67,0,67,75,normal_range,0.0,0,,,
2026-02-27T09:32:00+05:30,portfolio_hist,PREMIUM,ENTER,strangle,25377.35,13.34,1.0,0.0,0.0,1.036,0.147,0.535,11,9,32,4,0,80,0,80,75,normal_range,99.37,75,,,
2026-02-27T15:00:00+05:30,portfolio_hist,PREMIUM,EXIT,strangle,25239.3,13.47,1.0,0.0,0.0,1.036,0.69,0.091,11,15,0,4,0,0,0,0,0,normal_range,0.0,0,Trail stop: bounced 19.0% after 14% decay,-371.25,328
2026-02-27T09:30:00+05:30,portfolio_hist,PREMIUM,SKIP,idle,25374.05,13.39,1.0,0.0,0.0,1.036,0.16,0.535,11,9,30,4,0,67,0,67,75,normal_range,0.0,0,,,
2026-02-27T09:32:00+05:30,portfolio_hist,PREMIUM,ENTER,strangle,25377.35,13.34,1.0,0.0,0.0,1.036,0.147,0.535,11,9,32,4,0,80,0,80,75,normal_range,99.37,75,,,
2026-02-27T15:00:00+05:30,portfolio_hist,PREMIUM,EXIT,strangle,25239.3,13.47,1.0,0.0,0.0,1.036,0.69,0.091,11,15,0,4,0,0,0,0,0,normal_range,0.0,0,Trail stop: bounced 19.0% after 14% decay,-371.25,328
2026-02-27T09:30:00+05:30,portfolio_hist,PREMIUM,SKIP,idle,25374.05,13.39,1.0,0.0,0.0,1.036,0.16,0.535,11,9,30,4,0,67,0,67,75,normal_range,0.0,0,,,
2026-02-27T09:32:00+05:30,portfolio_hist,PREMIUM,ENTER,strangle,25377.35,13.34,1.0,0.0,0.0,1.036,0.147,0.535,11,9,32,4,0,80,0,80,75,normal_range,99.37,75,,,
2026-02-27T15:00:00+05:30,portfolio_hist,PREMIUM,EXIT,strangle,25239.3,13.47,1.0,0.0,0.0,1.036,0.69,0.091,11,15,0,4,0,0,0,0,0,normal_range,0.0,0,Trail stop: bounced 19.0% after 14% decay,-371.25,328
2026-02-27T09:30:00+05:30,portfolio_hist,PREMIUM,SKIP,idle,25374.05,13.39,1.0,0.0,0.0,1.036,0.16,0.535,11,9,30,4,0,67,0,67,75,normal_range,0.0,0,,,
2026-02-27T09:32:00+05:30,portfolio_hist,PREMIUM,ENTER,strangle,25377.35,13.34,1.0,0.0,0.0,1.036,0.147,0.535,11,9,32,4,0,80,0,80,75,normal_range,99.37,75,,,
2026-02-27T15:00:00+05:30,portfolio_hist,PREMIUM,EXIT,strangle,25239.3,13.47,1.0,0.0,0.0,1.036,0.69,0.091,11,15,0,4,0,0,0,0,0,normal_range,0.0,0,Trail stop: bounced 19.0% after 14% decay,-371.25,328
2026-02-27T09:30:00+05:30,portfolio_hist,PREMIUM,SKIP,idle,25374.05,13.39,1.0,0.0,0.0,1.036,0.16,0.535,11,9,30,4,0,67,0,67,75,normal_range,0.0,0,,,
2026-02-27T09:32:00+05:30,portfolio_hist,PREMIUM,ENTER,strangle,25377.35,13.34,1.0,0.0,0.0,1.036,0.147,0.535,11,9,32,4,0,80,0,80,75,normal_range,99.37,75,,,
2026-02-27T15:00:00+05:30,portfolio_hist,PREMIUM,EXIT,strangle,25239.3,13.47,1.0,0.0,0.0,1.036,0.69,0.091,11,15,0,4,0,0,0,0,0,normal_range,0.0,0,Trail stop: bounced 19.0% after 14% decay,-371.25,328
2026-02-27T09:30:00+05:30,portfolio_hist,PREMIUM,SKIP,idle,25374.05,13.39,1.0,0.0,0.0,1.036,0.16,0.535,11,9,30,4,0,67,0,67,75,normal_range,0.0,0,,,
2026-02-27T09:32:00+05:30,portfolio_hist,PREMIUM,ENTER,strangle,25377.35,13.34,1.0,0.0,0.0,1.036,0.147,0.535,11,9,32,4,0,80,0,80,75,normal_range,99.37,75,,,
2026-02-27T15:00:00+05:30,portfolio_hist,PREMIUM,EXIT,strangle,25239.3,13.47,1.0,0.0,0.0,1.036,0.69,0.091,11,15,0,4,0,0,0,0,0,normal_range,0.0,0,Trail stop: bounced 19.0% after 14% decay,-371.25,328
2026-02-27T09:30:00+05:30,portfolio_hist,PREMIUM,SKIP,idle,25374.05,13.39,1.0,0.0,0.0,1.036,0.16,0.535,11,9,30,4,0,67,0,67,75,normal_range,0.0,0,,,
2026-02-27T09:32:00+05:30,portfolio_hist,PREMIUM,ENTER,strangle,25377.35,13.34,1.0,0.0,0.0,1.036,0.147,0.535,11,9,32,4,0,80,0,80,75,normal_range,99.37,75,,,
2026-02-27T15:00:00+05:30,portfolio_hist,PREMIUM,EXIT,strangle,25239.3,13.47,1.0,0.0,0.0,1.036,0.69,0.091,11,15,0,4,0,0,0,0,0,normal_range,0.0,0,Trail stop: bounced 19.0% after 14% decay,-371.25,328
2026-02-27T09:30:00+05:30,portfolio_hist,PREMIUM,SKIP,idle,25374.05,13.39,1.0,0.0,0.0,1.036,0.16,0.535,11,9,30,4,0,67,0,67,75,normal_range,0.0,0,,,
2026-02-27T09:32:00+05:30,portfolio_hist,PREMIUM,ENTER,strangle,25377.35,13.34,1.0,0.0,0.0,1.036,0.147,0.535,11,9,32,4,0,80,0,80,75,normal_range,99.37,75,,,
2026-02-27T15:00:00+05:30,portfolio_hist,PREMIUM,EXIT,strangle,25239.3,13.47,1.0,0.0,0.0,1.036,0.69,0.091,11,15,0,4,0,0,0,0,0,normal_range,0.0,0,Trail stop: bounced 19.0% after 14% decay,-371.25,328
2026-02-27T09:30:00+05:30,portfolio_hist,PREMIUM,SKIP,idle,25374.05,13.39,1.0,0.0,0.0,1.036,0.16,0.535,11,9,30,4,0,67,0,67,75,normal_range,0.0,0,,,
2026-02-27T09:32:00+05:30,portfolio_hist,PREMIUM,ENTER,strangle,25377.35,13.34,1.0,0.0,0.0,1.036,0.147,0.535,11,9,32,4,0,80,0,80,75,normal_range,99.37,75,,,
2026-02-27T15:00:00+05:30,portfolio_hist,PREMIUM,EXIT,strangle,25239.3,13.47,1.0,0.0,0.0,1.036,0.69,0.091,11,15,0,4,0,0,0,0,0,normal_range,0.0,0,Trail stop: bounced 19.0% after 14% decay,-371.25,328
2026-02-27T09:30:00+05:30,portfolio_hist,PREMIUM,SKIP,idle,25374.05,13.39,1.0,0.0,0.0,1.036,0.16,0.535,11,9,30,4,0,67,0,67,75,normal_range,0.0,0,,,
2026-02-27T09:32:00+05:30,portfolio_hist,PREMIUM,ENTER,strangle,25377.35,13.34,1.0,0.0,0.0,1.036,0.147,0.535,11,9,32,4,0,80,0,80,75,normal_range,99.37,75,,,
2026-02-27T15:00:00+05:30,portfolio_hist,PREMIUM,EXIT,strangle,25239.3,13.47,1.0,0.0,0.0,1.036,0.69,0.091,11,15,0,4,0,0,0,0,0,normal_range,0.0,0,Trail stop: bounced 19.0% after 14% decay,-371.25,328
2026-02-27T09:30:00+05:30,portfolio_hist,PREMIUM,SKIP,idle,25374.05,13.39,1.0,0.0,0.0,1.036,0.16,0.535,11,9,30,4,0,67,0,67,75,normal_range,0.0,0,,,
2026-02-27T09:32:00+05:30,portfolio_hist,PREMIUM,ENTER,strangle,25377.35,13.34,1.0,0.0,0.0,1.036,0.147,0.535,11,9,32,4,0,80,0,80,75,normal_range,99.37,75,,,
2026-02-27T15:00:00+05:30,portfolio_hist,PREMIUM,EXIT,strangle,25239.3,13.47,1.0,0.0,0.0,1.036,0.69,0.091,11,15,0,4,0,0,0,0,0,normal_range,0.0,0,Trail stop: bounced 19.0% after 14% decay,-371.25,328
2026-02-27T09:30:00+05:30,portfolio_hist,PREMIUM,SKIP,idle,25374.05,13.39,1.0,0.0,0.0,1.036,0.16,0.535,11,9,30,4,0,67,0,67,75,normal_range,0.0,0,,,
2026-02-27T09:32:00+05:30,portfolio_hist,PREMIUM,ENTER,strangle,25377.35,13.34,1.0,0.0,0.0,1.036,0.147,0.535,11,9,32,4,0,80,0,80,75,normal_range,99.37,75,,,
2026-02-27T15:00:00+05:30,portfolio_hist,PREMIUM,EXIT,strangle,25239.3,13.47,1.0,0.0,0.0,1.036,0.69,0.091,11,15,0,4,0,0,0,0,0,normal_range,0.0,0,Trail stop: bounced 19.0% after 14% decay,-371.25,328
2026-02-27T09:30:00+05:30,portfolio_hist,PREMIUM,SKIP,idle,25374.05,13.39,1.0,0.0,0.0,1.036,0.16,0.535,11,9,30,4,0,67,0,67,75,normal_range,0.0,0,,,
2026-02-27T09:32:00+05:30,portfolio_hist,PREMIUM,ENTER,strangle,25377.35,13.34,1.0,0.0,0.0,1.036,0.147,0.535,11,9,32,4,0,80,0,80,75,normal_range,99.37,75,,,
2026-02-27T15:00:00+05:30,portfolio_hist,PREMIUM,EXIT,strangle,25239.3,13.47,1.0,0.0,0.0,1.036,0.69,0.091,11,15,0,4,0,0,0,0,0,normal_range,0.0,0,Trail stop: bounced 19.0% after 14% decay,-371.25,328
2026-02-27T09:30:00+05:30,portfolio_hist,PREMIUM,SKIP,idle,25374.05,13.39,1.0,0.0,0.0,1.036,0.16,0.535,11,9,30,4,0,67,0,67,75,normal_range,0.0,0,,,
2026-02-27T09:32:00+05:30,portfolio_hist,PREMIUM,ENTER,strangle,25377.35,13.34,1.0,0.0,0.0,1.036,0.147,0.535,11,9,32,4,0,80,0,80,75,normal_range,99.37,75,,,
2026-02-27T15:00:00+05:30,portfolio_hist,PREMIUM,EXIT,strangle,25239.3,13.47,1.0,0.0,0.0,1.036,0.69,0.091,11,15,0,4,0,0,0,0,0,normal_range,0.0,0,Trail stop: bounced 19.0% after 14% decay,-371.25,328
2026-02-27T09:30:00+05:30,portfolio_hist,PREMIUM,SKIP,idle,25374.05,13.39,1.0,0.0,0.0,1.036,0.16,0.535,11,9,30,4,0,67,0,67,75,normal_range,0.0,0,,,
2026-02-27T09:32:00+05:30,portfolio_hist,PREMIUM,ENTER,strangle,25377.35,13.34,1.0,0.0,0.0,1.036,0.147,0.535,11,9,32,4,0,80,0,80,75,normal_range,99.37,75,,,
2026-02-27T15:00:00+05:30,portfolio_hist,PREMIUM,EXIT,strangle,25239.3,13.47,1.0,0.0,0.0,1.036,0.69,0.091,11,15,0,4,0,0,0,0,0,normal_range,0.0,0,Trail stop: bounced 19.0% after 14% decay,-371.25,328
2026-02-27T09:30:00+05:30,portfolio_hist,PREMIUM,SKIP,idle,25374.05,13.39,1.0,0.0,0.0,1.036,0.16,0.535,11,9,30,4,0,67,0,67,75,normal_range,0.0,0,,,
2026-02-27T09:32:00+05:30,portfolio_hist,PREMIUM,ENTER,strangle,25377.35,13.34,1.0,0.0,0.0,1.036,0.147,0.535,11,9,32,4,0,80,0,80,75,normal_range,99.37,75,,,
2026-02-27T15:00:00+05:30,portfolio_hist,PREMIUM,EXIT,strangle,25239.3,13.47,1.0,0.0,0.0,1.036,0.69,0.091,11,15,0,4,0,0,0,0,0,normal_range,0.0,0,Trail stop: bounced 19.0% after 14% decay,-371.25,328
2026-02-27T09:30:00+05:30,portfolio_hist,PREMIUM,SKIP,idle,25374.05,13.39,1.0,0.0,0.0,1.036,0.16,0.535,11,9,30,4,0,67,0,67,75,normal_range,0.0,0,,,
2026-02-27T09:32:00+05:30,portfolio_hist,PREMIUM,ENTER,strangle,25377.35,13.34,1.0,0.0,0.0,1.036,0.147,0.535,11,9,32,4,0,80,0,80,75,normal_range,99.37,75,,,
2026-02-27T15:00:00+05:30,portfolio_hist,PREMIUM,EXIT,strangle,25239.3,13.47,1.0,0.0,0.0,1.036,0.69,0.091,11,15,0,4,0,0,0,0,0,normal_range,0.0,0,Trail stop: bounced 19.0% after 14% decay,-371.25,328
2026-02-27T09:30:00+05:30,portfolio_hist,PREMIUM,SKIP,idle,25374.05,13.39,1.0,0.0,0.0,1.036,0.16,0.535,11,9,30,4,0,67,0,67,75,normal_range,0.0,0,,,
2026-02-27T09:32:00+05:30,portfolio_hist,PREMIUM,ENTER,strangle,25377.35,13.34,1.0,0.0,0.0,1.036,0.147,0.535,11,9,32,4,0,80,0,80,75,normal_range,99.37,75,,,
2026-02-27T15:00:00+05:30,portfolio_hist,PREMIUM,EXIT,strangle,25239.3,13.47,1.0,0.0,0.0,1.036,0.69,0.091,11,15,0,4,0,0,0,0,0,normal_range,0.0,0,Trail stop: bounced 19.0% after 14% decay,-371.25,328
2026-02-27T09:30:00+05:30,portfolio_hist,PREMIUM,SKIP,idle,25374.05,13.39,1.0,0.0,0.0,1.036,0.16,0.535,11,9,30,4,0,67,0,67,75,normal_range,0.0,0,,,
2026-02-27T09:32:00+05:30,portfolio_hist,PREMIUM,ENTER,strangle,25377.35,13.34,1.0,0.0,0.0,1.036,0.147,0.535,11,9,32,4,0,80,0,80,75,normal_range,99.37,75,,,
2026-02-27T15:00:00+05:30,portfolio_hist,PREMIUM,EXIT,strangle,25239.3,13.47,1.0,0.0,0.0,1.036,0.69,0.091,11,15,0,4,0,0,0,0,0,normal_range,0.0,0,Trail stop: bounced 19.0% after 14% decay,-371.25,328
2026-02-27T09:30:00+05:30,portfolio_hist,PREMIUM,SKIP,idle,25374.05,13.39,1.0,0.0,0.0,1.036,0.16,0.535,11,9,30,4,0,67,0,67,75,normal_range,0.0,0,,,
2026-02-27T09:32:00+05:30,portfolio_hist,PREMIUM,ENTER,strangle,25377.35,13.34,1.0,0.0,0.0,1.036,0.147,0.535,11,9,32,4,0,80,0,80,75,normal_range,99.37,75,,,
2026-02-27T15:00:00+05:30,portfolio_hist,PREMIUM,EXIT,strangle,25239.3,13.47,1.0,0.0,0.0,1.036,0.69,0.091,11,15,0,4,0,0,0,0,0,normal_range,0.0,0,Trail stop: bounced 19.0% after 14% decay,-371.25,328
2026-02-27T09:30:00+05:30,portfolio_hist,PREMIUM,SKIP,idle,25374.05,13.39,1.0,0.0,0.0,1.036,0.16,0.535,11,9,30,4,0,67,0,67,75,normal_range,0.0,0,,,
2026-02-27T09:32:00+05:30,portfolio_hist,PREMIUM,ENTER,strangle,25377.35,13.34,1.0,0.0,0.0,1.036,0.147,0.535,11,9,32,4,0,80,0,80,75,normal_range,99.37,75,,,
2026-02-27T15:00:00+05:30,portfolio_hist,PREMIUM,EXIT,strangle,25239.3,13.47,1.0,0.0,0.0,1.036,0.69,0.091,11,15,0,4,0,0,0,0,0,normal_range,0.0,0,Trail stop: bounced 19.0% after 14% decay,-371.25,328
2026-02-27T09:30:00+05:30,portfolio_hist,PREMIUM,SKIP,idle,25374.05,13.39,1.0,0.0,0.0,1.036,0.16,0.535,11,9,30,4,0,67,0,67,75,normal_range,0.0,0,,,
2026-02-27T09:32:00+05:30,portfolio_hist,PREMIUM,ENTER,strangle,25377.35,13.34,1.0,0.0,0.0,1.036,0.147,0.535,11,9,32,4,0,80,0,80,75,normal_range,99.37,75,,,
2026-02-27T13:56:00+05:30,portfolio_hist,PREMIUM,EXIT,strangle,25339.8,13.35,1.0,0.0,0.0,1.036,0.295,0.136,11,13,56,4,0,0,0,0,0,normal_range,0.0,0,Profit target: premium decayed 11.1%,825.75,264
2026-02-27T09:30:00+05:30,portfolio_hist,PREMIUM,SKIP,idle,25374.05,13.39,1.0,0.0,0.0,1.036,0.16,0.535,11,9,30,4,0,67,0,67,75,normal_range,0.0,0,,,
2026-02-27T09:32:00+05:30,portfolio_hist,PREMIUM,ENTER,strangle,25377.35,13.34,1.0,0.0,0.0,1.036,0.147,0.535,11,9,32,4,0,80,0,80,75,normal_range,99.37,75,,,
2026-02-27T15:00:00+05:30,portfolio_hist,PREMIUM,EXIT,strangle,25239.3,13.47,1.0,0.0,0.0,1.036,0.69,0.091,11,15,0,4,0,0,0,0,0,normal_range,0.0,0,Trail stop: bounced 19.0% after 14% decay,-371.25,328
2026-02-27T09:30:00+05:30,portfolio_hist,PREMIUM,SKIP,idle,25374.05,13.39,1.0,0.0,0.0,1.036,0.16,0.535,11,9,30,4,0,67,0,67,75,normal_range,0.0,0,,,
2026-02-27T09:32:00+05:30,portfolio_hist,PREMIUM,ENTER,strangle,25377.35,13.34,1.0,0.0,0.0,1.036,0.147,0.535,11,9,32,4,0,80,0,80,75,normal_range,99.37,75,,,
2026-02-27T15:00:00+05:30,portfolio_hist,PREMIUM,EXIT,strangle,25239.3,13.47,1.0,0.0,0.0,1.036,0.69,0.091,11,15,0,4,0,0,0,0,0,normal_range,0.0,0,Trail stop: bounced 19.0% after 14% decay,-371.25,328
2026-02-27T09:30:00+05:30,portfolio_hist,PREMIUM,SKIP,idle,25374.05,13.39,1.0,0.0,0.0,1.036,0.16,0.535,11,9,30,4,0,67,0,67,75,normal_range,0.0,0,,,
2026-02-27T09:32:00+05:30,portfolio_hist,PREMIUM,ENTER,strangle,25377.35,13.34,1.0,0.0,0.0,1.036,0.147,0.535,11,9,32,4,0,80,0,80,75,normal_range,99.37,75,,,
2026-02-27T15:00:00+05:30,portfolio_hist,PREMIUM,EXIT,strangle,25239.3,13.47,1.0,0.0,0.0,1.036,0.69,0.091,11,15,0,4,0,0,0,0,0,normal_range,0.0,0,Trail stop: bounced 19.0% after 14% decay,-371.25,328
2026-02-27T09:30:00+05:30,portfolio_hist,PREMIUM,SKIP,idle,25374.05,13.39,1.0,0.0,0.0,1.036,0.16,0.535,11,9,30,4,0,67,0,67,75,normal_range,0.0,0,,,
2026-02-27T09:32:00+05:30,portfolio_hist,PREMIUM,ENTER,strangle,25377.35,13.34,1.0,0.0,0.0,1.036,0.147,0.535,11,9,32,4,0,80,0,80,75,normal_range,99.37,75,,,
2026-02-27T15:00:00+05:30,portfolio_hist,PREMIUM,EXIT,strangle,25239.3,13.47,1.0,0.0,0.0,1.036,0.69,0.091,11,15,0,4,0,0,0,0,0,normal_range,0.0,0,Trail stop: bounced 19.0% after 14% decay,-371.25,328
2026-02-27T09:30:00+05:30,portfolio_hist,PREMIUM,SKIP,idle,25374.05,13.39,1.0,0.0,0.0,1.036,0.16,0.535,11,9,30,4,0,67,0,67,75,normal_range,0.0,0,,,
2026-02-27T09:32:00+05:30,portfolio_hist,PREMIUM,ENTER,strangle,25377.35,13.34,1.0,0.0,0.0,1.036,0.147,0.535,11,9,32,4,0,80,0,80,75,normal_range,99.37,75,,,
2026-02-27T13:56:00+05:30,portfolio_hist,PREMIUM,EXIT,strangle,25339.8,13.35,1.0,0.0,0.0,1.036,0.295,0.136,11,13,56,4,0,0,0,0,0,normal_range,0.0,0,Profit target: premium decayed 11.1%,825.75,264
2026-02-27T09:30:00+05:30,portfolio_hist,PREMIUM,SKIP,idle,25374.05,13.39,1.0,0.0,0.0,1.036,0.16,0.535,11,9,30,4,0,67,0,67,75,normal_range,0.0,0,,,
2026-02-27T09:32:00+05:30,portfolio_hist,PREMIUM,ENTER,strangle,25377.35,13.34,1.0,0.0,0.0,1.036,0.147,0.535,11,9,32,4,0,80,0,80,75,normal_range,99.37,75,,,
2026-02-27T15:00:00+05:30,portfolio_hist,PREMIUM,EXIT,strangle,25239.3,13.47,1.0,0.0,0.0,1.036,0.69,0.091,11,15,0,4,0,0,0,0,0,normal_range,0.0,0,Trail stop: bounced 19.0% after 14% decay,-371.25,328
2026-02-27T09:30:00+05:30,portfolio_hist,PREMIUM,SKIP,idle,25374.05,13.39,1.0,0.0,0.0,1.036,0.16,0.535,11,9,30,4,0,67,0,67,75,normal_range,0.0,0,,,
2026-02-27T09:32:00+05:30,portfolio_hist,PREMIUM,ENTER,strangle,25377.35,13.34,1.0,0.0,0.0,1.036,0.147,0.535,11,9,32,4,0,80,0,80,75,normal_range,99.37,75,,,
2026-02-27T15:00:00+05:30,portfolio_hist,PREMIUM,EXIT,strangle,25239.3,13.47,1.0,0.0,0.0,1.036,0.69,0.091,11,15,0,4,0,0,0,0,0,normal_range,0.0,0,Trail stop: bounced 19.0% after 14% decay,-371.25,328
2026-02-27T09:30:00+05:30,portfolio_hist,PREMIUM,SKIP,idle,25374.05,13.39,1.0,0.0,0.0,1.036,0.16,0.535,11,9,30,4,0,67,0,67,75,normal_range,0.0,0,,,
2026-02-27T09:32:00+05:30,portfolio_hist,PREMIUM,ENTER,strangle,25377.35,13.34,1.0,0.0,0.0,1.036,0.147,0.535,11,9,32,4,0,80,0,80,75,normal_range,99.37,75,,,
2026-02-27T15:00:00+05:30,portfolio_hist,PREMIUM,EXIT,strangle,25239.3,13.47,1.0,0.0,0.0,1.036,0.69,0.091,11,15,0,4,0,0,0,0,0,normal_range,0.0,0,Trail stop: bounced 19.0% after 14% decay,-371.25,328
2026-02-27T09:30:00+05:30,portfolio_hist,PREMIUM,SKIP,idle,25374.05,13.39,1.0,0.0,0.0,1.036,0.16,0.535,11,9,30,4,0,67,0,67,75,normal_range,0.0,0,,,
2026-02-27T09:32:00+05:30,portfolio_hist,PREMIUM,ENTER,strangle,25377.35,13.34,1.0,0.0,0.0,1.036,0.147,0.535,11,9,32,4,0,80,0,80,75,normal_range,99.37,75,,,
2026-02-27T15:00:00+05:30,portfolio_hist,PREMIUM,EXIT,strangle,25239.3,13.47,1.0,0.0,0.0,1.036,0.69,0.091,11,15,0,4,0,0,0,0,0,normal_range,0.0,0,Trail stop: bounced 19.0% after 14% decay,-371.25,328
2026-02-27T09:30:00+05:30,portfolio_hist,PREMIUM,SKIP,idle,25374.05,13.39,1.0,0.0,0.0,1.036,0.16,0.535,11,9,30,4,0,67,0,67,75,normal_range,0.0,0,,,
2026-02-27T09:32:00+05:30,portfolio_hist,PREMIUM,ENTER,strangle,25377.35,13.34,1.0,0.0,0.0,1.036,0.147,0.535,11,9,32,4,0,80,0,80,75,normal_range,99.37,75,,,
2026-02-27T13:56:00+05:30,portfolio_hist,PREMIUM,EXIT,strangle,25339.8,13.35,1.0,0.0,0.0,1.036,0.295,0.136,11,13,56,4,0,0,0,0,0,normal_range,0.0,0,Profit target: premium decayed 11.1%,825.75,264
2026-02-27T09:30:00+05:30,portfolio_hist,PREMIUM,SKIP,idle,25374.05,13.39,1.0,0.0,0.0,1.036,0.16,0.535,11,9,30,4,0,67,0,67,75,normal_range,0.0,0,,,
2026-02-27T09:32:00+05:30,portfolio_hist,PREMIUM,ENTER,strangle,25377.35,13.34,1.0,0.0,0.0,1.036,0.147,0.535,11,9,32,4,0,80,0,80,75,normal_range,99.37,75,,,
2026-02-27T15:00:00+05:30,portfolio_hist,PREMIUM,EXIT,strangle,25239.3,13.47,1.0,0.0,0.0,1.036,0.69,0.091,11,15,0,4,0,0,0,0,0,normal_range,0.0,0,Trail stop: bounced 19.0% after 14% decay,-371.25,328
2026-02-27T09:30:00+05:30,portfolio_hist,PREMIUM,SKIP,idle,25374.05,13.39,1.0,0.0,0.0,1.036,0.16,0.535,11,9,30,4,0,67,0,67,75,normal_range,0.0,0,,,
2026-02-27T09:32:00+05:30,portfolio_hist,PREMIUM,ENTER,strangle,25377.35,13.34,1.0,0.0,0.0,1.036,0.147,0.535,11,9,32,4,0,80,0,80,75,normal_range,99.37,75,,,
2026-02-27T15:00:00+05:30,portfolio_hist,PREMIUM,EXIT,strangle,25239.3,13.47,1.0,0.0,0.0,1.036,0.69,0.091,11,15,0,4,0,0,0,0,0,normal_range,0.0,0,Trail stop: bounced 19.0% after 14% decay,-371.25,328
2026-02-27T09:30:00+05:30,portfolio_hist,PREMIUM,SKIP,idle,25374.05,13.39,1.0,0.0,0.0,1.036,0.16,0.535,11,9,30,4,0,67,0,67,75,normal_range,0.0,0,,,
2026-02-27T09:32:00+05:30,portfolio_hist,PREMIUM,ENTER,strangle,25377.35,13.34,1.0,0.0,0.0,1.036,0.147,0.535,11,9,32,4,0,80,0,80,75,normal_range,99.37,75,,,
2026-02-27T15:00:00+05:30,portfolio_hist,PREMIUM,EXIT,strangle,25239.3,13.47,1.0,0.0,0.0,1.036,0.69,0.091,11,15,0,4,0,0,0,0,0,normal_range,0.0,0,Trail stop: bounced 19.0% after 14% decay,-371.25,328
2026-02-27T09:30:00+05:30,portfolio_hist,PREMIUM,SKIP,idle,25374.05,13.39,1.0,0.0,0.0,1.036,0.16,0.535,11,9,30,4,0,67,0,67,75,normal_range,0.0,0,,,
2026-02-27T09:32:00+05:30,portfolio_hist,PREMIUM,ENTER,strangle,25377.35,13.34,1.0,0.0,0.0,1.036,0.147,0.535,11,9,32,4,0,80,0,80,75,normal_range,99.37,75,,,
2026-02-27T15:00:00+05:30,portfolio_hist,PREMIUM,EXIT,strangle,25239.3,13.47,1.0,0.0,0.0,1.036,0.69,0.091,11,15,0,4,0,0,0,0,0,normal_range,0.0,0,Trail stop: bounced 19.0% after 14% decay,-371.25,328
2026-02-27T09:30:00+05:30,portfolio_hist,PREMIUM,SKIP,idle,25374.05,13.39,1.0,0.0,0.0,1.036,0.16,0.535,11,9,30,4,0,67,0,67,75,normal_range,0.0,0,,,
2026-02-27T09:32:00+05:30,portfolio_hist,PREMIUM,ENTER,strangle,25377.35,13.34,1.0,0.0,0.0,1.036,0.147,0.535,11,9,32,4,0,80,0,80,75,normal_range,99.37,75,,,
2026-02-27T13:56:00+05:30,portfolio_hist,PREMIUM,EXIT,strangle,25339.8,13.35,1.0,0.0,0.0,1.036,0.295,0.136,11,13,56,4,0,0,0,0,0,normal_range,0.0,0,Profit target: premium decayed 11.1%,825.75,264
2026-02-27T09:30:00+05:30,portfolio_hist,PREMIUM,SKIP,idle,25374.05,13.39,1.0,0.0,0.0,1.036,0.16,0.535,11,9,30,4,0,67,0,67,75,normal_range,0.0,0,,,
2026-02-27T09:32:00+05:30,portfolio_hist,PREMIUM,ENTER,strangle,25377.35,13.34,1.0,0.0,0.0,1.036,0.147,0.535,11,9,32,4,0,80,0,80,75,normal_range,99.37,75,,,
2026-02-27T15:00:00+05:30,portfolio_hist,PREMIUM,EXIT,strangle,25239.3,13.47,1.0,0.0,0.0,1.036,0.69,0.091,11,15,0,4,0,0,0,0,0,normal_range,0.0,0,Trail stop: bounced 19.0% after 14% decay,-371.25,328
2026-02-27T09:30:00+05:30,portfolio_hist,PREMIUM,SKIP,idle,25374.05,13.39,1.0,0.0,0.0,1.036,0.16,0.535,11,9,30,4,0,67,0,67,75,normal_range,0.0,0,,,
2026-02-27T09:32:00+05:30,portfolio_hist,PREMIUM,ENTER,strangle,25377.35,13.34,1.0,0.0,0.0,1.036,0.147,0.535,11,9,32,4,0,80,0,80,75,normal_range,99.37,75,,,
2026-02-27T15:00:00+05:30,portfolio_hist,PREMIUM,EXIT,strangle,25239.3,13.47,1.0,0.0,0.0,1.036,0.69,0.091,11,15,0,4,0,0,0,0,0,normal_range,0.0,0,Trail stop: bounced 19.0% after 14% decay,-371.25,328
2026-02-27T09:30:00+05:30,portfolio_hist,PREMIUM,SKIP,idle,25374.05,13.39,1.0,0.0,0.0,1.036,0.16,0.535,11,9,30,4,0,67,0,67,75,normal_range,0.0,0,,,
2026-02-27T09:32:00+05:30,portfolio_hist,PREMIUM,ENTER,strangle,25377.35,13.34,1.0,0.0,0.0,1.036,0.147,0.535,11,9,32,4,0,80,0,80,75,normal_range,99.37,75,,,
2026-02-27T15:00:00+05:30,portfolio_hist,PREMIUM,EXIT,strangle,25239.3,13.47,1.0,0.0,0.0,1.036,0.69,0.091,11,15,0,4,0,0,0,0,0,normal_range,0.0,0,Trail stop: bounced 19.0% after 14% decay,-371.25,328
2026-02-27T09:30:00+05:30,portfolio_hist,PREMIUM,SKIP,idle,25374.05,13.39,1.0,0.0,0.0,1.036,0.16,0.535,11,9,30,4,0,67,0,67,75,normal_range,0.0,0,,,
2026-02-27T09:32:00+05:30,portfolio_hist,PREMIUM,ENTER,strangle,25377.35,13.34,1.0,0.0,0.0,1.036,0.147,0.535,11,9,32,4,0,80,0,80,75,normal_range,99.37,75,,,
2026-02-27T15:00:00+05:30,portfolio_hist,PREMIUM,EXIT,strangle,25239.3,13.47,1.0,0.0,0.0,1.036,0.69,0.091,11,15,0,4,0,0,0,0,0,normal_range,0.0,0,Trail stop: bounced 19.0% after 14% decay,-371.25,328
2026-02-27T09:30:00+05:30,portfolio_hist,PREMIUM,SKIP,idle,25374.05,13.39,1.0,0.0,0.0,1.036,0.16,0.535,11,9,30,4,0,67,0,67,75,normal_range,0.0,0,,,
2026-02-27T09:32:00+05:30,portfolio_hist,PREMIUM,ENTER,strangle,25377.35,13.34,1.0,0.0,0.0,1.036,0.147,0.535,11,9,32,4,0,80,0,80,75,normal_range,99.37,75,,,
2026-02-27T13:56:00+05:30,portfolio_hist,PREMIUM,EXIT,strangle,25339.8,13.35,1.0,0.0,0.0,1.036,0.295,0.136,11,13,56,4,0,0,0,0,0,normal_range,0.0,0,Profit target: premium decayed 11.1%,825.75,264
2026-02-27T09:30:00+05:30,portfolio_hist,PREMIUM,SKIP,idle,25374.05,13.39,1.0,0.0,0.0,1.036,0.16,0.535,11,9,30,4,0,67,0,67,75,normal_range,0.0,0,,,
2026-02-27T09:32:00+05:30,portfolio_hist,PREMIUM,ENTER,strangle,25377.35,13.34,1.0,0.0,0.0,1.036,0.147,0.535,11,9,32,4,0,80,0,80,75,normal_range,99.37,75,,,
2026-02-27T15:00:00+05:30,portfolio_hist,PREMIUM,EXIT,strangle,25239.3,13.47,1.0,0.0,0.0,1.036,0.69,0.091,11,15,0,4,0,0,0,0,0,normal_range,0.0,0,Trail stop: bounced 19.0% after 14% decay,-371.25,328
2026-02-27T09:30:00+05:30,portfolio_hist,PREMIUM,SKIP,idle,25374.05,13.39,1.0,0.0,0.0,1.036,0.16,0.535,11,9,30,4,0,67,0,67,75,normal_range,0.0,0,,,
2026-02-27T09:32:00+05:30,portfolio_hist,PREMIUM,ENTER,strangle,25377.35,13.34,1.0,0.0,0.0,1.036,0.147,0.535,11,9,32,4,0,80,0,80,75,normal_range,99.37,75,,,
2026-02-27T15:00:00+05:30,portfolio_hist,PREMIUM,EXIT,strangle,25239.3,13.47,1.0,0.0,0.0,1.036,0.69,0.091,11,15,0,4,0,0,0,0,0,normal_range,0.0,0,Trail stop: bounced 19.0% after 14% decay,-371.25,328
2026-02-27T09:30:00+05:30,portfolio_hist,PREMIUM,SKIP,idle,25374.05,13.39,1.0,0.0,0.0,1.036,0.16,0.535,11,9,30,4,0,67,0,67,75,normal_range,0.0,0,,,
2026-02-27T09:32:00+05:30,portfolio_hist,PREMIUM,ENTER,strangle,25377.35,13.34,1.0,0.0,0.0,1.036,0.147,0.535,11,9,32,4,0,80,0,80,75,normal_range,99.37,75,,,
2026-02-27T15:00:00+05:30,portfolio_hist,PREMIUM,EXIT,strangle,25239.3,13.47,1.0,0.0,0.0,1.036,0.69,0.091,11,15,0,4,0,0,0,0,0,normal_range,0.0,0,Trail stop: bounced 19.0% after 14% decay,-371.25,328
2026-02-27T09:30:00+05:30,portfolio_hist,PREMIUM,SKIP,idle,25374.05,13.39,1.0,0.0,0.0,1.036,0.16,0.535,11,9,30,4,0,67,0,67,75,normal_range,0.0,0,,,
2026-02-27T09:32:00+05:30,portfolio_hist,PREMIUM,ENTER,strangle,25377.35,13.34,1.0,0.0,0.0,1.036,0.147,0.535,11,9,32,4,0,80,0,80,75,normal_range,99.37,75,,,
2026-02-27T15:00:00+05:30,portfolio_hist,PREMIUM,EXIT,strangle,25239.3,13.47,1.0,0.0,0.0,1.036,0.69,0.091,11,15,0,4,0,0,0,0,0,normal_range,0.0,0,Trail stop: bounced 19.0% after 14% decay,-371.25,328
2026-02-27T09:30:00+05:30,portfolio_hist,PREMIUM,SKIP,idle,25374.05,13.39,1.0,0.0,0.0,1.036,0.16,0.535,11,9,30,4,0,67,0,67,75,normal_range,0.0,0,,,
2026-02-27T09:32:00+05:30,portfolio_hist,PREMIUM,ENTER,strangle,25377.35,13.34,1.0,0.0,0.0,1.036,0.147,0.535,11,9,32,4,0,80,0,80,75,normal_range,99.37,75,,,
2026-02-27T13:56:00+05:30,portfolio_hist,PREMIUM,EXIT,strangle,25339.8,13.35,1.0,0.0,0.0,1.036,0.295,0.136,11,13,56,4,0,0,0,0,0,normal_range,0.0,0,Profit target: premium decayed 11.1%,825.75,264
2026-02-27T09:30:00+05:30,portfolio_hist,PREMIUM,SKIP,idle,25374.05,13.39,1.0,0.0,0.0,1.036,0.16,0.535,11,9,30,4,0,67,0,67,75,normal_range,0.0,0,,,
2026-02-27T09:32:00+05:30,portfolio_hist,PREMIUM,ENTER,strangle,25377.35,13.34,1.0,0.0,0.0,1.036,0.147,0.535,11,9,32,4,0,80,0,80,75,normal_range,99.37,75,,,
2026-02-27T13:56:00+05:30,portfolio_hist,PREMIUM,EXIT,strangle,25339.8,13.35,1.0,0.0,0.0,1.036,0.295,0.136,11,13,56,4,0,0,0,0,0,normal_range,0.0,0,Profit target: premium decayed 11.1%,825.75,264
2026-02-27T09:30:00+05:30,portfolio_hist,PREMIUM,SKIP,idle,25374.05,13.39,1.0,0.0,0.0,1.036,0.16,0.535,11,9,30,4,0,67,0,67,75,normal_range,0.0,0,,,
2026-02-27T09:32:00+05:30,portfolio_hist,PREMIUM,ENTER,strangle,25377.35,13.34,1.0,0.0,0.0,1.036,0.147,0.535,11,9,32,4,0,80,0,80,75,normal_range,99.37,75,,,
2026-02-27T13:56:00+05:30,portfolio_hist,PREMIUM,EXIT,strangle,25339.8,13.35,1.0,0.0,0.0,1.036,0.295,0.136,11,13,56,4,0,0,0,0,0,normal_range,0.0,0,Profit target: premium decayed 11.1%,825.75,264
2026-02-27T09:30:00+05:30,portfolio_hist,PREMIUM,SKIP,idle,25374.05,13.39,1.0,0.0,0.0,1.036,0.16,0.535,11,9,30,4,0,67,0,67,75,normal_range,0.0,0,,,
2026-02-27T09:32:00+05:30,portfolio_hist,PREMIUM,ENTER,strangle,25377.35,13.34,1.0,0.0,0.0,1.036,0.147,0.535,11,9,32,4,0,80,0,80,75,normal_range,99.37,75,,,
2026-02-27T13:56:00+05:30,portfolio_hist,PREMIUM,EXIT,strangle,25339.8,13.35,1.0,0.0,0.0,1.036,0.295,0.136,11,13,56,4,0,0,0,0,0,normal_range,0.0,0,Profit target: premium decayed 11.1%,825.75,264
2026-02-27T09:30:00+05:30,portfolio_hist,PREMIUM,SKIP,idle,25374.05,13.39,1.0,0.0,0.0,1.036,0.16,0.535,11,9,30,4,0,67,0,67,75,normal_range,0.0,0,,,
2026-02-27T09:32:00+05:30,portfolio_hist,PREMIUM,ENTER,strangle,25377.35,13.34,1.0,0.0,0.0,1.036,0.147,0.535,11,9,32,4,0,80,0,80,75,normal_range,99.37,75,,,
2026-02-27T13:56:00+05:30,portfolio_hist,PREMIUM,EXIT,strangle,25339.8,13.35,1.0,0.0,0.0,1.036,0.295,0.136,11,13,56,4,0,0,0,0,0,normal_range,0.0,0,Profit target: premium decayed 11.1%,825.75,264
2026-02-27T09:30:00+05:30,portfolio_hist,PREMIUM,SKIP,idle,25374.05,13.39,1.0,0.0,0.0,1.036,0.16,0.535,11,9,30,4,0,67,0,67,75,normal_range,0.0,0,,,
2026-02-27T09:32:00+05:30,portfolio_hist,PREMIUM,ENTER,strangle,25377.35,13.34,1.0,0.0,0.0,1.036,0.147,0.535,11,9,32,4,0,80,0,80,75,normal_range,99.37,75,,,
2026-02-27T13:56:00+05:30,portfolio_hist,PREMIUM,EXIT,strangle,25339.8,13.35,1.0,0.0,0.0,1.036,0.295,0.136,11,13,56,4,0,0,0,0,0,normal_range,0.0,0,Profit target: premium decayed 11.1%,825.75,264
2026-02-27T09:30:00+05:30,portfolio_hist,PREMIUM,SKIP,idle,25374.05,13.39,1.0,0.0,0.0,1.036,0.16,0.535,11,9,30,4,0,67,0,67,75,normal_range,0.0,0,,,
2026-02-27T09:32:00+05:30,portfolio_hist,PREMIUM,ENTER,strangle,25377.35,13.34,1.0,0.0,0.0,1.036,0.147,0.535,11,9,32,4,0,80,0,80,75,normal_range,99.37,75,,,
2026-02-27T13:56:00+05:30,portfolio_hist,PREMIUM,EXIT,strangle,25339.8,13.35,1.0,0.0,0.0,1.036,0.295,0.136,11,13,56,4,0,0,0,0,0,normal_range,0.0,0,Profit target: premium decayed 11.1%,825.75,264
2026-02-27T09:30:00+05:30,portfolio_hist,PREMIUM,SKIP,idle,25374.05,13.39,1.0,0.0,0.0,1.036,0.16,0.535,11,9,30,4,0,67,0,67,75,normal_range,0.0,0,,,
2026-02-27T09:32:00+05:30,portfolio_hist,PREMIUM,ENTER,strangle,25377.35,13.34,1.0,0.0,0.0,1.036,0.147,0.535,11,9,32,4,0,80,0,80,75,normal_range,99.37,75,,,
2026-02-27T13:56:00+05:30,portfolio_hist,PREMIUM,EXIT,strangle,25339.8,13.35,1.0,0.0,0.0,1.036,0.295,0.136,11,13,56,4,0,0,0,0,0,normal_range,0.0,0,Profit target: premium decayed 11.1%,825.75,264
2026-02-27T09:30:00+05:30,portfolio_hist,PREMIUM,SKIP,idle,25374.05,13.39,1.0,0.0,0.0,1.036,0.16,0.535,11,9,30,4,0,67,0,67,75,normal_range,0.0,0,,,
2026-02-27T09:32:00+05:30,portfolio_hist,PREMIUM,ENTER,strangle,25377.35,13.34,1.0,0.0,0.0,1.036,0.147,0.535,11,9,32,4,0,80,0,80,75,normal_range,99.37,75,,,
2026-02-27T13:56:00+05:30,portfolio_hist,PREMIUM,EXIT,strangle,25339.8,13.35,1.0,0.0,0.0,1.036,0.295,0.136,11,13,56,4,0,0,0,0,0,normal_range,0.0,0,Profit target: premium decayed 11.1%,825.75,264
2026-02-27T09:30:00+05:30,portfolio_hist,PREMIUM,SKIP,idle,25374.05,13.39,1.0,0.0,0.0,1.036,0.16,0.535,11,9,30,4,0,67,0,67,75,normal_range,0.0,0,,,
2026-02-27T09:32:00+05:30,portfolio_hist,PREMIUM,ENTER,strangle,25377.35,13.34,1.0,0.0,0.0,1.036,0.147,0.535,11,9,32,4,0,80,0,80,75,normal_range,99.37,75,,,
2026-02-27T13:56:00+05:30,portfolio_hist,PREMIUM,EXIT,strangle,25339.8,13.35,1.0,0.0,0.0,1.036,0.295,0.136,11,13,56,4,0,0,0,0,0,normal_range,0.0,0,Profit target: premium decayed 11.1%,825.75,264
2026-02-27T09:30:00+05:30,portfolio_hist,PREMIUM,SKIP,idle,25374.05,13.39,1.0,0.0,0.0,1.036,0.16,0.535,11,9,30,4,0,67,0,67,75,normal_range,0.0,0,,,
2026-02-27T09:32:00+05:30,portfolio_hist,PREMIUM,ENTER,strangle,25377.35,13.34,1.0,0.0,0.0,1.036,0.147,0.535,11,9,32,4,0,80,0,80,75,normal_range,99.37,75,,,
2026-02-27T13:56:00+05:30,portfolio_hist,PREMIUM,EXIT,strangle,25339.8,13.35,1.0,0.0,0.0,1.036,0.295,0.136,11,13,56,4,0,0,0,0,0,normal_range,0.0,0,Profit target: premium decayed 11.1%,825.75,264
2026-02-27T09:30:00+05:30,portfolio_hist,PREMIUM,SKIP,idle,25374.05,13.39,1.0,0.0,0.0,1.036,0.16,0.535,11,9,30,4,0,67,0,67,75,normal_range,0.0,0,,,
2026-02-27T09:32:00+05:30,portfolio_hist,PREMIUM,ENTER,strangle,25377.35,13.34,1.0,0.0,0.0,1.036,0.147,0.535,11,9,32,4,0,80,0,80,75,normal_range,99.37,75,,,
2026-02-27T13:56:00+05:30,portfolio_hist,PREMIUM,EXIT,strangle,25339.8,13.35,1.0,0.0,0.0,1.036,0.295,0.136,11,13,56,4,0,0,0,0,0,normal_range,0.0,0,Profit target: premium decayed 11.1%,825.75,264
2026-02-27T09:30:00+05:30,portfolio_hist,PREMIUM,SKIP,idle,25374.05,13.39,1.0,0.0,0.0,1.036,0.16,0.535,11,9,30,4,0,67,0,67,75,normal_range,0.0,0,,,
2026-02-27T09:32:00+05:30,portfolio_hist,PREMIUM,ENTER,strangle,25377.35,13.34,1.0,0.0,0.0,1.036,0.147,0.535,11,9,32,4,0,80,0,80,75,normal_range,99.37,75,,,
2026-02-27T13:56:00+05:30,portfolio_hist,PREMIUM,EXIT,strangle,25339.8,13.35,1.0,0.0,0.0,1.036,0.295,0.136,11,13,56,4,0,0,0,0,0,normal_range,0.0,0,Profit target: premium decayed 11.1%,825.75,264
2026-02-27T09:30:00+05:30,portfolio_hist,PREMIUM,SKIP,idle,25374.05,13.39,1.0,0.0,0.0,1.036,0.16,0.535,11,9,30,4,0,67,0,67,75,normal_range,0.0,0,,,
2026-02-27T09:32:00+05:30,portfolio_hist,PREMIUM,ENTER,strangle,25377.35,13.34,1.0,0.0,0.0,1.036,0.147,0.535,11,9,32,4,0,80,0,80,75,normal_range,99.37,75,,,
2026-02-27T13:56:00+05:30,portfolio_hist,PREMIUM,EXIT,strangle,25339.8,13.35,1.0,0.0,0.0,1.036,0.295,0.136,11,13,56,4,0,0,0,0,0,normal_range,0.0,0,Profit target: premium decayed 11.1%,825.75,264
2026-02-27T09:30:00+05:30,portfolio_hist,PREMIUM,SKIP,idle,25374.05,13.39,1.0,0.0,0.0,1.036,0.16,0.535,11,9,30,4,0,67,0,67,75,normal_range,0.0,0,,,
2026-02-27T09:32:00+05:30,portfolio_hist,PREMIUM,ENTER,strangle,25377.35,13.34,1.0,0.0,0.0,1.036,0.147,0.535,11,9,32,4,0,80,0,80,75,normal_range,99.37,75,,,
2026-02-27T13:56:00+05:30,portfolio_hist,PREMIUM,EXIT,strangle,25339.8,13.35,1.0,0.0,0.0,1.036,0.295,0.136,11,13,56,4,0,0,0,0,0,normal_range,0.0,0,Profit target: premium decayed 11.1%,825.75,264
2026-02-27T09:30:00+05:30,portfolio_hist,PREMIUM,SKIP,idle,25374.05,13.39,1.0,0.0,0.0,1.036,0.16,0.535,11,9,30,4,0,67,0,67,75,normal_range,0.0,0,,,
2026-02-27T09:32:00+05:30,portfolio_hist,PREMIUM,ENTER,strangle,25377.35,13.34,1.0,0.0,0.0,1.036,0.147,0.535,11,9,32,4,0,80,0,80,75,normal_range,99.37,75,,,
2026-02-27T13:56:00+05:30,portfolio_hist,PREMIUM,EXIT,strangle,25339.8,13.35,1.0,0.0,0.0,1.036,0.295,0.136,11,13,56,4,0,0,0,0,0,normal_range,0.0,0,Profit target: premium decayed 11.1%,825.75,264
2026-02-27T09:30:00+05:30,portfolio_hist,PREMIUM,SKIP,idle,25374.05,13.39,1.0,0.0,0.0,1.036,0.16,0.535,11,9,30,4,0,67,0,67,75,normal_range,0.0,0,,,
2026-02-27T09:32:00+05:30,portfolio_hist,PREMIUM,ENTER,strangle,25377.35,13.34,1.0,0.0,0.0,1.036,0.147,0.535,11,9,32,4,0,80,0,80,75,normal_range,99.37,75,,,
2026-02-27T13:56:00+05:30,portfolio_hist,PREMIUM,EXIT,strangle,25339.8,13.35,1.0,0.0,0.0,1.036,0.295,0.136,11,13,56,4,0,0,0,0,0,normal_range,0.0,0,Profit target: premium decayed 11.1%,825.75,264
2026-02-27T09:30:00+05:30,portfolio_hist,PREMIUM,SKIP,idle,25374.05,13.39,1.0,0.0,0.0,1.036,0.16,0.535,11,9,30,4,0,67,0,67,75,normal_range,0.0,0,,,
2026-02-27T09:32:00+05:30,portfolio_hist,PREMIUM,ENTER,strangle,25377.35,13.34,1.0,0.0,0.0,1.036,0.147,0.535,11,9,32,4,0,80,0,80,75,normal_range,99.37,75,,,
2026-02-27T13:56:00+05:30,portfolio_hist,PREMIUM,EXIT,strangle,25339.8,13.35,1.0,0.0,0.0,1.036,0.295,0.136,11,13,56,4,0,0,0,0,0,normal_range,0.0,0,Profit target: premium decayed 11.1%,825.75,264
2026-02-27T09:30:00+05:30,portfolio_hist,PREMIUM,SKIP,idle,25374.05,13.39,1.0,0.0,0.0,1.036,0.16,0.535,11,9,30,4,0,67,0,67,75,normal_range,0.0,0,,,
2026-02-27T09:32:00+05:30,portfolio_hist,PREMIUM,ENTER,strangle,25377.35,13.34,1.0,0.0,0.0,1.036,0.147,0.535,11,9,32,4,0,80,0,80,75,normal_range,99.37,75,,,
2026-02-27T13:56:00+05:30,portfolio_hist,PREMIUM,EXIT,strangle,25339.8,13.35,1.0,0.0,0.0,1.036,0.295,0.136,11,13,56,4,0,0,0,0,0,normal_range,0.0,0,Profit target: premium decayed 11.1%,825.75,264
2026-02-27T09:30:00+05:30,portfolio_hist,PREMIUM,SKIP,idle,25374.05,13.39,1.0,0.0,0.0,1.036,0.16,0.535,11,9,30,4,0,67,0,67,75,normal_range,0.0,0,,,
2026-02-27T09:32:00+05:30,portfolio_hist,PREMIUM,ENTER,strangle,25377.35,13.34,1.0,0.0,0.0,1.036,0.147,0.535,11,9,32,4,0,80,0,80,75,normal_range,99.37,75,,,
2026-02-27T13:56:00+05:30,portfolio_hist,PREMIUM,EXIT,strangle,25339.8,13.35,1.0,0.0,0.0,1.036,0.295,0.136,11,13,56,4,0,0,0,0,0,normal_range,0.0,0,Profit target: premium decayed 11.1%,825.75,264
2026-02-27T09:30:00+05:30,portfolio_hist,PREMIUM,SKIP,idle,25374.05,13.39,1.0,0.0,0.0,1.036,0.16,0.535,11,9,30,4,0,67,0,67,75,normal_range,0.0,0,,,
2026-02-27T09:32:00+05:30,portfolio_hist,PREMIUM,ENTER,strangle,25377.35,13.34,1.0,0.0,0.0,1.036,0.147,0.535,11,9,32,4,0,80,0,80,75,normal_range,99.37,75,,,
2026-02-27T13:56:00+05:30,portfolio_hist,PREMIUM,EXIT,strangle,25339.8,13.35,1.0,0.0,0.0,1.036,0.295,0.136,11,13,56,4,0,0,0,0,0,normal_range,0.0,0,Profit target: premium decayed 11.1%,825.75,264
2026-02-27T09:30:00+05:30,portfolio_hist,PREMIUM,SKIP,idle,25374.05,13.39,1.0,0.0,0.0,1.036,0.16,0.535,11,9,30,4,0,67,0,67,75,normal_range,0.0,0,,,
2026-02-27T09:32:00+05:30,portfolio_hist,PREMIUM,ENTER,strangle,25377.35,13.34,1.0,0.0,0.0,1.036,0.147,0.535,11,9,32,4,0,80,0,80,75,normal_range,99.37,75,,,
2026-02-27T13:56:00+05:30,portfolio_hist,PREMIUM,EXIT,strangle,25339.8,13.35,1.0,0.0,0.0,1.036,0.295,0.136,11,13,56,4,0,0,0,0,0,normal_range,0.0,0,Profit target: premium decayed 11.1%,825.75,264
2026-02-27T09:30:00+05:30,portfolio_hist,PREMIUM,SKIP,idle,25374.05,13.39,1.0,0.0,0.0,1.036,0.16,0.535,11,9,30,4,0,67,0,67,75,normal_range,0.0,0,,,
2026-02-27T09:32:00+05:30,portfolio_hist,PREMIUM,ENTER,strangle,25377.35,13.34,1.0,0.0,0.0,1.036,0.147,0.535,11,9,32,4,0,80,0,80,75,normal_range,99.37,75,,,
2026-02-27T13:56:00+05:30,portfolio_hist,PREMIUM,EXIT,strangle,25339.8,13.35,1.0,0.0,0.0,1.036,0.295,0.136,11,13,56,4,0,0,0,0,0,normal_range,0.0,0,Profit target: premium decayed 11.1%,825.75,264
2026-02-27T09:30:00+05:30,portfolio_hist,PREMIUM,SKIP,idle,25374.05,13.39,1.0,0.0,0.0,1.036,0.16,0.535,11,9,30,4,0,67,0,67,75,normal_range,0.0,0,,,
2026-02-27T09:32:00+05:30,portfolio_hist,PREMIUM,ENTER,strangle,25377.35,13.34,1.0,0.0,0.0,1.036,0.147,0.535,11,9,32,4,0,80,0,80,75,normal_range,99.37,75,,,
2026-02-27T13:56:00+05:30,portfolio_hist,PREMIUM,EXIT,strangle,25339.8,13.35,1.0,0.0,0.0,1.036,0.295,0.136,11,13,56,4,0,0,0,0,0,normal_range,0.0,0,Profit target: premium decayed 11.1%,825.75,264
2026-02-27T09:30:00+05:30,portfolio_hist,PREMIUM,SKIP,idle,25374.05,13.39,1.0,0.0,0.0,1.036,0.16,0.535,11,9,30,4,0,67,0,67,75,normal_range,0.0,0,,,
2026-02-27T09:32:00+05:30,portfolio_hist,PREMIUM,ENTER,strangle,25377.35,13.34,1.0,0.0,0.0,1.036,0.147,0.535,11,9,32,4,0,80,0,80,75,normal_range,99.37,75,,,
2026-02-27T13:56:00+05:30,portfolio_hist,PREMIUM,EXIT,strangle,25339.8,13.35,1.0,0.0,0.0,1.036,0.295,0.136,11,13,56,4,0,0,0,0,0,normal_range,0.0,0,Profit target: premium decayed 11.1%,825.75,264
2026-02-27T09:30:00+05:30,portfolio_hist,PREMIUM,SKIP,idle,25374.05,13.39,1.0,0.0,0.0,1.036,0.16,0.535,11,9,30,4,0,67,0,67,75,normal_range,0.0,0,,,
2026-02-27T09:32:00+05:30,portfolio_hist,PREMIUM,ENTER,strangle,25377.35,13.34,1.0,0.0,0.0,1.036,0.147,0.535,11,9,32,4,0,80,0,80,75,normal_range,99.37,75,,,
2026-02-27T13:56:00+05:30,portfolio_hist,PREMIUM,EXIT,strangle,25339.8,13.35,1.0,0.0,0.0,1.036,0.295,0.136,11,13,56,4,0,0,0,0,0,normal_range,0.0,0,Profit target: premium decayed 11.1%,825.75,264
2026-02-27T09:30:00+05:30,portfolio_hist,PREMIUM,SKIP,idle,25374.05,13.39,1.0,0.0,0.0,1.036,0.16,0.535,11,9,30,4,0,67,0,67,75,normal_range,0.0,0,,,
2026-02-27T09:32:00+05:30,portfolio_hist,PREMIUM,ENTER,strangle,25377.35,13.34,1.0,0.0,0.0,1.036,0.147,0.535,11,9,32,4,0,80,0,80,75,normal_range,99.37,75,,,
2026-02-27T13:56:00+05:30,portfolio_hist,PREMIUM,EXIT,strangle,25339.8,13.35,1.0,0.0,0.0,1.036,0.295,0.136,11,13,56,4,0,0,0,0,0,normal_range,0.0,0,Profit target: premium decayed 11.1%,825.75,264
2026-02-27T09:30:00+05:30,portfolio_hist,PREMIUM,SKIP,idle,25374.05,13.39,1.0,0.0,0.0,1.036,0.16,0.535,11,9,30,4,0,67,0,67,75,normal_range,0.0,0,,,
2026-02-27T09:32:00+05:30,portfolio_hist,PREMIUM,ENTER,strangle,25377.35,13.34,1.0,0.0,0.0,1.036,0.147,0.535,11,9,32,4,0,80,0,80,75,normal_range,99.37,75,,,
2026-02-27T13:56:00+05:30,portfolio_hist,PREMIUM,EXIT,strangle,25339.8,13.35,1.0,0.0,0.0,1.036,0.295,0.136,11,13,56,4,0,0,0,0,0,normal_range,0.0,0,Profit target: premium decayed 11.1%,825.75,264
2026-02-27T09:30:00+05:30,portfolio_hist,PREMIUM,SKIP,idle,25374.05,13.39,1.0,0.0,0.0,1.036,0.16,0.535,11,9,30,4,0,67,0,67,75,normal_range,0.0,0,,,
2026-02-27T09:32:00+05:30,portfolio_hist,PREMIUM,ENTER,strangle,25377.35,13.34,1.0,0.0,0.0,1.036,0.147,0.535,11,9,32,4,0,80,0,80,75,normal_range,99.37,75,,,
2026-02-27T13:56:00+05:30,portfolio_hist,PREMIUM,EXIT,strangle,25339.8,13.35,1.0,0.0,0.0,1.036,0.295,0.136,11,13,56,4,0,0,0,0,0,normal_range,0.0,0,Profit target: premium decayed 11.1%,825.75,264
2026-02-27T09:30:00+05:30,portfolio_hist,PREMIUM,SKIP,idle,25374.05,13.39,1.0,0.0,0.0,1.036,0.16,0.535,11,9,30,4,0,67,0,67,75,normal_range,0.0,0,,,
2026-02-27T09:32:00+05:30,portfolio_hist,PREMIUM,ENTER,strangle,25377.35,13.34,1.0,0.0,0.0,1.036,0.147,0.535,11,9,32,4,0,80,0,80,75,normal_range,99.37,75,,,
2026-02-27T13:56:00+05:30,portfolio_hist,PREMIUM,EXIT,strangle,25339.8,13.35,1.0,0.0,0.0,1.036,0.295,0.136,11,13,56,4,0,0,0,0,0,normal_range,0.0,0,Profit target: premium decayed 11.1%,825.75,264
2026-02-27T09:30:00+05:30,portfolio_hist,PREMIUM,SKIP,idle,25374.05,13.39,1.0,0.0,0.0,1.036,0.16,0.535,11,9,30,4,0,67,0,67,75,normal_range,0.0,0,,,
2026-02-27T09:32:00+05:30,portfolio_hist,PREMIUM,ENTER,strangle,25377.35,13.34,1.0,0.0,0.0,1.036,0.147,0.535,11,9,32,4,0,80,0,80,75,normal_range,99.37,75,,,
2026-02-27T13:56:00+05:30,portfolio_hist,PREMIUM,EXIT,strangle,25339.8,13.35,1.0,0.0,0.0,1.036,0.295,0.136,11,13,56,4,0,0,0,0,0,normal_range,0.0,0,Profit target: premium decayed 11.1%,825.75,264
2026-02-27T09:30:00+05:30,portfolio_hist,PREMIUM,SKIP,idle,25374.05,13.39,1.0,0.0,0.0,1.036,0.16,0.535,11,9,30,4,0,67,0,67,75,normal_range,0.0,0,,,
2026-02-27T09:32:00+05:30,portfolio_hist,PREMIUM,ENTER,strangle,25377.35,13.34,1.0,0.0,0.0,1.036,0.147,0.535,11,9,32,4,0,80,0,80,75,normal_range,99.37,75,,,
2026-02-27T13:56:00+05:30,portfolio_hist,PREMIUM,EXIT,strangle,25339.8,13.35,1.0,0.0,0.0,1.036,0.295,0.136,11,13,56,4,0,0,0,0,0,normal_range,0.0,0,Profit target: premium decayed 11.1%,825.75,264
2026-02-27T09:30:00+05:30,portfolio_hist,PREMIUM,SKIP,idle,25374.05,13.39,1.0,0.0,0.0,1.036,0.16,0.535,11,9,30,4,0,67,0,67,75,normal_range,0.0,0,,,
2026-02-27T09:32:00+05:30,portfolio_hist,PREMIUM,ENTER,strangle,25377.35,13.34,1.0,0.0,0.0,1.036,0.147,0.535,11,9,32,4,0,80,0,80,75,normal_range,99.37,75,,,
2026-02-27T13:56:00+05:30,portfolio_hist,PREMIUM,EXIT,strangle,25339.8,13.35,1.0,0.0,0.0,1.036,0.295,0.136,11,13,56,4,0,0,0,0,0,normal_range,0.0,0,Profit target: premium decayed 11.1%,825.75,264
2026-02-27T09:30:00+05:30,portfolio_hist,PREMIUM,SKIP,idle,25374.05,13.39,1.0,0.0,0.0,1.036,0.16,0.535,11,9,30,4,0,67,0,67,75,normal_range,0.0,0,,,
2026-02-27T09:32:00+05:30,portfolio_hist,PREMIUM,ENTER,strangle,25377.35,13.34,1.0,0.0,0.0,1.036,0.147,0.535,11,9,32,4,0,80,0,80,75,normal_range,99.37,75,,,
2026-02-27T13:56:00+05:30,portfolio_hist,PREMIUM,EXIT,strangle,25339.8,13.35,1.0,0.0,0.0,1.036,0.295,0.136,11,13,56,4,0,0,0,0,0,normal_range,0.0,0,Profit target: premium decayed 11.1%,825.75,264
2026-02-27T09:30:00+05:30,portfolio_hist,PREMIUM,SKIP,idle,25374.05,13.39,1.0,0.0,0.0,1.036,0.16,0.535,11,9,30,4,0,67,0,67,75,normal_range,0.0,0,,,
2026-02-27T09:32:00+05:30,portfolio_hist,PREMIUM,ENTER,strangle,25377.35,13.34,1.0,0.0,0.0,1.036,0.147,0.535,11,9,32,4,0,80,0,80,75,normal_range,99.37,75,,,
2026-02-27T13:56:00+05:30,portfolio_hist,PREMIUM,EXIT,strangle,25339.8,13.35,1.0,0.0,0.0,1.036,0.295,0.136,11,13,56,4,0,0,0,0,0,normal_range,0.0,0,Profit target: premium decayed 11.1%,825.75,264
2026-02-27T09:30:00+05:30,portfolio_hist,PREMIUM,SKIP,idle,25374.05,13.39,1.0,0.0,0.0,1.036,0.16,0.535,11,9,30,4,0,67,0,67,75,normal_range,0.0,0,,,
2026-02-27T09:32:00+05:30,portfolio_hist,PREMIUM,ENTER,strangle,25377.35,13.34,1.0,0.0,0.0,1.036,0.147,0.535,11,9,32,4,0,80,0,80,75,normal_range,99.37,75,,,
2026-02-27T13:56:00+05:30,portfolio_hist,PREMIUM,EXIT,strangle,25339.8,13.35,1.0,0.0,0.0,1.036,0.295,0.136,11,13,56,4,0,0,0,0,0,normal_range,0.0,0,Profit target: premium decayed 11.1%,825.75,264
2026-02-27T09:30:00+05:30,portfolio_hist,PREMIUM,SKIP,idle,25374.05,13.39,1.0,0.0,0.0,1.036,0.16,0.535,11,9,30,4,0,67,0,67,75,normal_range,0.0,0,,,
2026-02-27T09:32:00+05:30,portfolio_hist,PREMIUM,ENTER,strangle,25377.35,13.34,1.0,0.0,0.0,1.036,0.147,0.535,11,9,32,4,0,80,0,80,75,normal_range,99.37,75,,,
2026-02-27T13:56:00+05:30,portfolio_hist,PREMIUM,EXIT,strangle,25339.8,13.35,1.0,0.0,0.0,1.036,0.295,0.136,11,13,56,4,0,0,0,0,0,normal_range,0.0,0,Profit target: premium decayed 11.1%,825.75,264
2026-02-27T09:30:00+05:30,portfolio_hist,PREMIUM,SKIP,idle,25374.05,13.39,1.0,0.0,0.0,1.036,0.16,0.535,11,9,30,4,0,67,0,67,75,normal_range,0.0,0,,,
2026-02-27T09:32:00+05:30,portfolio_hist,PREMIUM,ENTER,strangle,25377.35,13.34,1.0,0.0,0.0,1.036,0.147,0.535,11,9,32,4,0,80,0,80,75,normal_range,99.37,75,,,
2026-02-27T13:56:00+05:30,portfolio_hist,PREMIUM,EXIT,strangle,25339.8,13.35,1.0,0.0,0.0,1.036,0.295,0.136,11,13,56,4,0,0,0,0,0,normal_range,0.0,0,Profit target: premium decayed 11.1%,825.75,264
2026-02-27T09:30:00+05:30,portfolio_hist,PREMIUM,SKIP,idle,25374.05,13.39,1.0,0.0,0.0,1.036,0.16,0.535,11,9,30,4,0,67,0,67,75,normal_range,0.0,0,,,
2026-02-27T09:32:00+05:30,portfolio_hist,PREMIUM,ENTER,strangle,25377.35,13.34,1.0,0.0,0.0,1.036,0.147,0.535,11,9,32,4,0,80,0,80,75,normal_range,99.37,75,,,
2026-02-27T13:56:00+05:30,portfolio_hist,PREMIUM,EXIT,strangle,25339.8,13.35,1.0,0.0,0.0,1.036,0.295,0.136,11,13,56,4,0,0,0,0,0,normal_range,0.0,0,Profit target: premium decayed 11.1%,825.75,264
2026-02-27T09:30:00+05:30,portfolio_hist,PREMIUM,SKIP,idle,25374.05,13.39,1.0,0.0,0.0,1.036,0.16,0.535,11,9,30,4,0,67,0,67,75,normal_range,0.0,0,,,
2026-02-27T09:32:00+05:30,portfolio_hist,PREMIUM,ENTER,strangle,25377.35,13.34,1.0,0.0,0.0,1.036,0.147,0.535,11,9,32,4,0,80,0,80,75,normal_range,99.37,75,,,
2026-02-27T13:56:00+05:30,portfolio_hist,PREMIUM,EXIT,strangle,25339.8,13.35,1.0,0.0,0.0,1.036,0.295,0.136,11,13,56,4,0,0,0,0,0,normal_range,0.0,0,Profit target: premium decayed 11.1%,825.75,264
2026-02-27T09:30:00+05:30,portfolio_hist,PREMIUM,SKIP,idle,25374.05,13.39,1.0,0.0,0.0,1.036,0.16,0.535,11,9,30,4,0,67,0,67,75,normal_range,0.0,0,,,
2026-02-27T09:32:00+05:30,portfolio_hist,PREMIUM,ENTER,strangle,25377.35,13.34,1.0,0.0,0.0,1.036,0.147,0.535,11,9,32,4,0,80,0,80,75,normal_range,99.37,75,,,
2026-02-27T13:56:00+05:30,portfolio_hist,PREMIUM,EXIT,strangle,25339.8,13.35,1.0,0.0,0.0,1.036,0.295,0.136,11,13,56,4,0,0,0,0,0,normal_range,0.0,0,Profit target: premium decayed 11.1%,825.75,264
2026-02-27T09:30:00+05:30,portfolio_hist,PREMIUM,SKIP,idle,25374.05,13.39,1.0,0.0,0.0,1.036,0.16,0.535,11,9,30,4,0,67,0,67,75,normal_range,0.0,0,,,
2026-02-27T09:32:00+05:30,portfolio_hist,PREMIUM,ENTER,strangle,25377.35,13.34,1.0,0.0,0.0,1.036,0.147,0.535,11,9,32,4,0,80,0,80,75,normal_range,99.37,75,,,
2026-02-27T13:56:00+05:30,portfolio_hist,PREMIUM,EXIT,strangle,25339.8,13.35,1.0,0.0,0.0,1.036,0.295,0.136,11,13,56,4,0,0,0,0,0,normal_range,0.0,0,Profit target: premium decayed 11.1%,825.75,264
2026-02-27T09:30:00+05:30,portfolio_hist,PREMIUM,SKIP,idle,25374.05,13.39,1.0,0.0,0.0,1.036,0.16,0.535,11,9,30,4,0,67,0,67,75,normal_range,0.0,0,,,
2026-02-27T09:32:00+05:30,portfolio_hist,PREMIUM,ENTER,strangle,25377.35,13.34,1.0,0.0,0.0,1.036,0.147,0.535,11,9,32,4,0,80,0,80,75,normal_range,99.37,75,,,
2026-02-27T13:56:00+05:30,portfolio_hist,PREMIUM,EXIT,strangle,25339.8,13.35,1.0,0.0,0.0,1.036,0.295,0.136,11,13,56,4,0,0,0,0,0,normal_range,0.0,0,Profit target: premium decayed 11.1%,825.75,264
2026-02-27T09:30:00+05:30,portfolio_hist,PREMIUM,SKIP,idle,25374.05,13.39,1.0,0.0,0.0,1.036,0.16,0.535,11,9,30,4,0,67,0,67,75,normal_range,0.0,0,,,
2026-02-27T09:32:00+05:30,portfolio_hist,PREMIUM,ENTER,strangle,25377.35,13.34,1.0,0.0,0.0,1.036,0.147,0.535,11,9,32,4,0,80,0,80,75,normal_range,99.37,75,,,
2026-02-27T13:56:00+05:30,portfolio_hist,PREMIUM,EXIT,strangle,25339.8,13.35,1.0,0.0,0.0,1.036,0.295,0.136,11,13,56,4,0,0,0,0,0,normal_range,0.0,0,Profit target: premium decayed 11.1%,825.75,264
2026-02-27T09:30:00+05:30,portfolio_hist,PREMIUM,SKIP,idle,25374.05,13.39,1.0,0.0,0.0,1.036,0.16,0.535,11,9,30,4,0,67,0,67,75,normal_range,0.0,0,,,
2026-02-27T09:32:00+05:30,portfolio_hist,PREMIUM,ENTER,strangle,25377.35,13.34,1.0,0.0,0.0,1.036,0.147,0.535,11,9,32,4,0,80,0,80,75,normal_range,99.37,75,,,
2026-02-27T13:56:00+05:30,portfolio_hist,PREMIUM,EXIT,strangle,25339.8,13.35,1.0,0.0,0.0,1.036,0.295,0.136,11,13,56,4,0,0,0,0,0,normal_range,0.0,0,Profit target: premium decayed 11.1%,825.75,264
2026-02-27T09:30:00+05:30,portfolio_hist,PREMIUM,SKIP,idle,25374.05,13.39,1.0,0.0,0.0,1.036,0.16,0.535,11,9,30,4,0,67,0,67,75,normal_range,0.0,0,,,
2026-02-27T09:32:00+05:30,portfolio_hist,PREMIUM,ENTER,strangle,25377.35,13.34,1.0,0.0,0.0,1.036,0.147,0.535,11,9,32,4,0,80,0,80,75,normal_range,99.37,75,,,
2026-02-27T13:56:00+05:30,portfolio_hist,PREMIUM,EXIT,strangle,25339.8,13.35,1.0,0.0,0.0,1.036,0.295,0.136,11,13,56,4,0,0,0,0,0,normal_range,0.0,0,Profit target: premium decayed 11.1%,825.75,264
2026-02-27T09:30:00+05:30,portfolio_hist,PREMIUM,SKIP,idle,25374.05,13.39,1.0,0.0,0.0,1.036,0.16,0.535,11,9,30,4,0,67,0,67,75,normal_range,0.0,0,,,
2026-02-27T09:32:00+05:30,portfolio_hist,PREMIUM,ENTER,strangle,25377.35,13.34,1.0,0.0,0.0,1.036,0.147,0.535,11,9,32,4,0,80,0,80,75,normal_range,99.37,75,,,
2026-02-27T13:56:00+05:30,portfolio_hist,PREMIUM,EXIT,strangle,25339.8,13.35,1.0,0.0,0.0,1.036,0.295,0.136,11,13,56,4,0,0,0,0,0,normal_range,0.0,0,Profit target: premium decayed 11.1%,825.75,264
2026-02-27T09:30:00+05:30,portfolio_hist,PREMIUM,SKIP,idle,25374.05,13.39,1.0,0.0,0.0,1.036,0.16,0.535,11,9,30,4,0,67,0,67,75,normal_range,0.0,0,,,
2026-02-27T09:32:00+05:30,portfolio_hist,PREMIUM,ENTER,strangle,25377.35,13.34,1.0,0.0,0.0,1.036,0.147,0.535,11,9,32,4,0,80,0,80,75,normal_range,99.37,75,,,
2026-02-27T13:56:00+05:30,portfolio_hist,PREMIUM,EXIT,strangle,25339.8,13.35,1.0,0.0,0.0,1.036,0.295,0.136,11,13,56,4,0,0,0,0,0,normal_range,0.0,0,Profit target: premium decayed 11.1%,825.75,264
2026-02-27T09:30:00+05:30,portfolio_hist,PREMIUM,SKIP,idle,25374.05,13.39,1.0,0.0,0.0,1.036,0.16,0.535,11,9,30,4,0,67,0,67,75,normal_range,0.0,0,,,
2026-02-27T09:32:00+05:30,portfolio_hist,PREMIUM,ENTER,strangle,25377.35,13.34,1.0,0.0,0.0,1.036,0.147,0.535,11,9,32,4,0,80,0,80,75,normal_range,99.37,75,,,
2026-02-27T13:56:00+05:30,portfolio_hist,PREMIUM,EXIT,strangle,25339.8,13.35,1.0,0.0,0.0,1.036,0.295,0.136,11,13,56,4,0,0,0,0,0,normal_range,0.0,0,Profit target: premium decayed 11.1%,825.75,264
2026-02-27T09:30:00+05:30,portfolio_hist,PREMIUM,SKIP,idle,25374.05,13.39,1.0,0.0,0.0,1.036,0.16,0.535,11,9,30,4,0,67,0,67,75,normal_range,0.0,0,,,
2026-02-27T09:32:00+05:30,portfolio_hist,PREMIUM,ENTER,strangle,25377.35,13.34,1.0,0.0,0.0,1.036,0.147,0.535,11,9,32,4,0,80,0,80,75,normal_range,99.37,75,,,
2026-02-27T13:56:00+05:30,portfolio_hist,PREMIUM,EXIT,strangle,25339.8,13.35,1.0,0.0,0.0,1.036,0.295,0.136,11,13,56,4,0,0,0,0,0,normal_range,0.0,0,Profit target: premium decayed 11.1%,825.75,264
2026-02-27T09:30:00+05:30,portfolio_hist,PREMIUM,SKIP,idle,25374.05,13.39,1.0,0.0,0.0,1.036,0.16,0.535,11,9,30,4,0,67,0,67,75,normal_range,0.0,0,,,
2026-02-27T09:32:00+05:30,portfolio_hist,PREMIUM,ENTER,strangle,25377.35,13.34,1.0,0.0,0.0,1.036,0.147,0.535,11,9,32,4,0,80,0,80,75,normal_range,99.37,75,,,
2026-02-27T13:56:00+05:30,portfolio_hist,PREMIUM,EXIT,strangle,25339.8,13.35,1.0,0.0,0.0,1.036,0.295,0.136,11,13,56,4,0,0,0,0,0,normal_range,0.0,0,Profit target: premium decayed 11.1%,825.75,264
2026-02-27T09:30:00+05:30,portfolio_hist,PREMIUM,SKIP,idle,25374.05,13.39,1.0,0.0,0.0,1.036,0.16,0.535,11,9,30,4,0,67,0,67,75,normal_range,0.0,0,,,
2026-02-27T09:32:00+05:30,portfolio_hist,PREMIUM,ENTER,strangle,25377.35,13.34,1.0,0.0,0.0,1.036,0.147,0.535,11,9,32,4,0,80,0,80,75,normal_range,99.37,75,,,
2026-02-27T13:56:00+05:30,portfolio_hist,PREMIUM,EXIT,strangle,25339.8,13.35,1.0,0.0,0.0,1.036,0.295,0.136,11,13,56,4,0,0,0,0,0,normal_range,0.0,0,Profit target: premium decayed 11.1%,825.75,264
2026-02-27T09:30:00+05:30,portfolio_hist,PREMIUM,SKIP,idle,25374.05,13.39,1.0,0.0,0.0,1.036,0.16,0.535,11,9,30,4,0,67,0,67,75,normal_range,0.0,0,,,
2026-02-27T09:32:00+05:30,portfolio_hist,PREMIUM,ENTER,strangle,25377.35,13.34,1.0,0.0,0.0,1.036,0.147,0.535,11,9,32,4,0,80,0,80,75,normal_range,99.37,75,,,
2026-02-27T13:56:00+05:30,portfolio_hist,PREMIUM,EXIT,strangle,25339.8,13.35,1.0,0.0,0.0,1.036,0.295,0.136,11,13,56,4,0,0,0,0,0,normal_range,0.0,0,Profit target: premium decayed 11.1%,825.75,264
2026-02-27T09:30:00+05:30,portfolio_hist,PREMIUM,SKIP,idle,25374.05,13.39,1.0,0.0,0.0,1.036,0.16,0.535,11,9,30,4,0,67,0,67,75,normal_range,0.0,0,,,
2026-02-27T09:32:00+05:30,portfolio_hist,PREMIUM,ENTER,strangle,25377.35,13.34,1.0,0.0,0.0,1.036,0.147,0.535,11,9,32,4,0,80,0,80,75,normal_range,99.37,75,,,
2026-02-27T13:56:00+05:30,portfolio_hist,PREMIUM,EXIT,strangle,25339.8,13.35,1.0,0.0,0.0,1.036,0.295,0.136,11,13,56,4,0,0,0,0,0,normal_range,0.0,0,Profit target: premium decayed 11.1%,825.75,264
2026-02-27T09:30:00+05:30,portfolio_hist,PREMIUM,SKIP,idle,25374.05,13.39,1.0,0.0,0.0,1.036,0.16,0.535,11,9,30,4,0,67,0,67,75,normal_range,0.0,0,,,
2026-02-27T09:32:00+05:30,portfolio_hist,PREMIUM,ENTER,strangle,25377.35,13.34,1.0,0.0,0.0,1.036,0.147,0.535,11,9,32,4,0,80,0,80,75,normal_range,99.37,75,,,
2026-02-27T13:56:00+05:30,portfolio_hist,PREMIUM,EXIT,strangle,25339.8,13.35,1.0,0.0,0.0,1.036,0.295,0.136,11,13,56,4,0,0,0,0,0,normal_range,0.0,0,Profit target: premium decayed 11.1%,825.75,264
2026-02-27T09:30:00+05:30,portfolio_hist,PREMIUM,SKIP,idle,25374.05,13.39,1.0,0.0,0.0,1.036,0.16,0.535,11,9,30,4,0,67,0,67,75,normal_range,0.0,0,,,
2026-02-27T09:32:00+05:30,portfolio_hist,PREMIUM,ENTER,strangle,25377.35,13.34,1.0,0.0,0.0,1.036,0.147,0.535,11,9,32,4,0,80,0,80,75,normal_range,99.37,75,,,
2026-02-27T15:00:00+05:30,portfolio_hist,PREMIUM,EXIT,strangle,25239.3,13.47,1.0,0.0,0.0,1.036,0.69,0.091,11,15,0,4,0,0,0,0,0,normal_range,0.0,0,Trail stop: bounced 19.0% after 14% decay,-371.25,328
2026-02-27T09:30:00+05:30,portfolio_hist,PREMIUM,SKIP,idle,25374.05,13.39,1.0,0.0,0.0,1.036,0.16,0.535,11,9,30,4,0,67,0,67,75,normal_range,0.0,0,,,
2026-02-27T09:32:00+05:30,portfolio_hist,PREMIUM,ENTER,strangle,25377.35,13.34,1.0,0.0,0.0,1.036,0.147,0.535,11,9,32,4,0,80,0,80,75,normal_range,99.37,75,,,
2026-02-27T13:56:00+05:30,portfolio_hist,PREMIUM,EXIT,strangle,25339.8,13.35,1.0,0.0,0.0,1.036,0.295,0.136,11,13,56,4,0,0,0,0,0,normal_range,0.0,0,Profit target: premium decayed 11.1%,825.75,264
2026-02-27T09:30:00+05:30,portfolio_hist,PREMIUM,SKIP,idle,25374.05,13.39,1.0,0.0,0.0,1.036,0.16,0.535,11,9,30,4,0,67,0,67,75,normal_range,0.0,0,,,
2026-02-27T09:32:00+05:30,portfolio_hist,PREMIUM,ENTER,strangle,25377.35,13.34,1.0,0.0,0.0,1.036,0.147,0.535,11,9,32,4,0,80,0,80,75,normal_range,99.37,75,,,
2026-02-27T13:56:00+05:30,portfolio_hist,PREMIUM,EXIT,strangle,25339.8,13.35,1.0,0.0,0.0,1.036,0.295,0.136,11,13,56,4,0,0,0,0,0,normal_range,0.0,0,Profit target: premium decayed 11.1%,825.75,264
2026-02-27T09:30:00+05:30,portfolio_hist,PREMIUM,SKIP,idle,25374.05,13.39,1.0,0.0,0.0,1.036,0.16,0.535,11,9,30,4,0,67,0,67,75,normal_range,0.0,0,,,
2026-02-27T09:32:00+05:30,portfolio_hist,PREMIUM,ENTER,strangle,25377.35,13.34,1.0,0.0,0.0,1.036,0.147,0.535,11,9,32,4,0,80,0,80,75,normal_range,99.37,75,,,
2026-02-27T15:00:00+05:30,portfolio_hist,PREMIUM,EXIT,strangle,25239.3,13.47,1.0,0.0,0.0,1.036,0.69,0.091,11,15,0,4,0,0,0,0,0,normal_range,0.0,0,Trail stop: bounced 19.0% after 14% decay,-371.25,328
2026-02-27T09:30:00+05:30,portfolio_hist,PREMIUM,SKIP,idle,25374.05,13.39,1.0,0.0,0.0,1.036,0.16,0.535,11,9,30,4,0,67,0,67,75,normal_range,0.0,0,,,
2026-02-27T09:32:00+05:30,portfolio_hist,PREMIUM,ENTER,strangle,25377.35,13.34,1.0,0.0,0.0,1.036,0.147,0.535,11,9,32,4,0,80,0,80,75,normal_range,99.37,75,,,
2026-02-27T13:59:00+05:30,portfolio_hist,PREMIUM,EXIT,strangle,25343.15,13.31,1.0,0.0,0.0,1.036,0.282,0.136,11,13,59,4,0,0,0,0,0,normal_range,0.0,0,Profit target: premium decayed 12.4%,925.5,267
2026-02-27T09:30:00+05:30,portfolio_hist,PREMIUM,SKIP,idle,25374.05,13.39,1.0,0.0,0.0,1.036,0.16,0.535,11,9,30,4,0,67,0,67,75,normal_range,0.0,0,,,
2026-02-27T09:32:00+05:30,portfolio_hist,PREMIUM,ENTER,strangle,25377.35,13.34,1.0,0.0,0.0,1.036,0.147,0.535,11,9,32,4,0,80,0,80,75,normal_range,99.37,75,,,
2026-02-27T13:59:00+05:30,portfolio_hist,PREMIUM,EXIT,strangle,25343.15,13.31,1.0,0.0,0.0,1.036,0.282,0.136,11,13,59,4,0,0,0,0,0,normal_range,0.0,0,Profit target: premium decayed 12.4%,925.5,267
2026-02-27T09:30:00+05:30,portfolio_hist,PREMIUM,SKIP,idle,25374.05,13.39,1.0,0.0,0.0,1.036,0.16,0.535,11,9,30,4,0,67,0,67,75,normal_range,0.0,0,,,
2026-02-27T09:32:00+05:30,portfolio_hist,PREMIUM,ENTER,strangle,25377.35,13.34,1.0,0.0,0.0,1.036,0.147,0.535,11,9,32,4,0,80,0,80,75,normal_range,99.37,75,,,
2026-02-27T15:00:00+05:30,portfolio_hist,PREMIUM,EXIT,strangle,25239.3,13.47,1.0,0.0,0.0,1.036,0.69,0.091,11,15,0,4,0,0,0,0,0,normal_range,0.0,0,Trail stop: bounced 19.0% after 14% decay,-371.25,328
2026-02-27T09:30:00+05:30,portfolio_hist,PREMIUM,SKIP,idle,25374.05,13.39,1.0,0.0,0.0,1.036,0.16,0.535,11,9,30,4,0,67,0,67,75,normal_range,0.0,0,,,
2026-02-27T09:32:00+05:30,portfolio_hist,PREMIUM,ENTER,strangle,25377.35,13.34,1.0,0.0,0.0,1.036,0.147,0.535,11,9,32,4,0,80,0,80,75,normal_range,99.37,75,,,
2026-02-27T13:59:00+05:30,portfolio_hist,PREMIUM,EXIT,strangle,25343.15,13.31,1.0,0.0,0.0,1.036,0.282,0.136,11,13,59,4,0,0,0,0,0,normal_range,0.0,0,Profit target: premium decayed 12.4%,925.5,267
2026-02-27T09:30:00+05:30,portfolio_hist,PREMIUM,SKIP,idle,25374.05,13.39,1.0,0.0,0.0,1.036,0.16,0.535,11,9,30,4,0,67,0,67,75,normal_range,0.0,0,,,
2026-02-27T09:32:00+05:30,portfolio_hist,PREMIUM,ENTER,strangle,25377.35,13.34,1.0,0.0,0.0,1.036,0.147,0.535,11,9,32,4,0,80,0,80,75,normal_range,99.37,75,,,
2026-02-27T13:56:00+05:30,portfolio_hist,PREMIUM,EXIT,strangle,25339.8,13.35,1.0,0.0,0.0,1.036,0.295,0.136,11,13,56,4,0,0,0,0,0,normal_range,0.0,0,Profit target: premium decayed 11.1%,825.75,264
2026-02-27T09:30:00+05:30,portfolio_hist,PREMIUM,ENTER,strangle,25374.05,13.39,1.0,0.0,0.0,1.036,0.16,0.535,11,9,30,4,0,67,0,67,75,pre_market,94.09,75,,,
2026-02-27T11:35:00+05:30,portfolio_hist,TREND,ENTER,debit_spread,25285.75,13.64,1.0,0.0,0.0,1.036,0.507,0.206,11,11,35,4,0,50,0,50,60,pre_market,38.78,75,,,
2026-02-27T13:56:00+05:30,portfolio_hist,PREMIUM,EXIT,strangle,25339.8,13.35,1.0,0.0,0.0,1.036,0.295,0.136,11,13,56,4,0,0,0,0,0,pre_market,0.0,0,Profit target: premium decayed 13.5%,955.5,266
2026-02-27T15:15:00+05:30,portfolio_hist,TREND,EXIT,debit_spread,25173.75,13.73,1.0,0.0,0.0,1.036,0.948,0.666,11,15,15,4,0,0,0,0,0,pre_market,0.0,0,Time exit,543.75,220
2026-02-27T09:30:00+05:30,portfolio_replay,PREMIUM,ENTER,strangle,25374.05,13.39,1.0,0.0,0.0,1.315,0.16,0.535,11,9,30,4,0,67,0,67,75,normal_range,24.99,75,,,
2026-02-27T10:20:00+05:30,portfolio_replay,TREND,ENTER,debit_spread,25297.9,13.59,1.0,0.0,0.0,1.313,0.46,0.192,11,10,20,4,0,88,0,88,60,normal_range,36.45,75,,,
2026-02-27T11:34:00+05:30,portfolio_replay,PREMIUM,EXIT,strangle,25284.5,13.64,1.0,0.0,0.0,1.313,0.512,0.124,11,11,34,4,0,0,0,0,0,normal_range,0.0,0,Trail stop: bounced 11.5% after 12% decay,7.5,124
2026-02-27T15:15:00+05:30,portfolio_replay,TREND,EXIT,debit_spread,25173.4,13.73,1.0,0.0,0.0,1.311,0.949,0.666,11,15,15,4,0,0,0,0,0,normal_range,0.0,0,Time exit,570.0,295
2026-02-27T09:30:00+05:30,portfolio_hist,PREMIUM,ENTER,strangle,25374.05,13.39,1.0,0.0,0.0,1.036,0.16,0.535,11,9,30,4,0,67,0,67,75,normal_range,94.09,75,,,
2026-02-27T10:20:00+05:30,portfolio_hist,TREND,ENTER,debit_spread,25297.9,13.59,1.0,0.0,0.0,1.036,0.46,0.192,11,10,20,4,0,63,0,63,60,normal_range,38.04,75,,,
2026-02-27T13:56:00+05:30,portfolio_hist,PREMIUM,EXIT,strangle,25339.8,13.35,1.0,0.0,0.0,1.036,0.295,0.138,11,13,56,4,0,0,0,0,0,normal_range,0.0,0,Profit target: premium decayed 13.5%,955.5,266
2026-02-27T15:15:00+05:30,portfolio_hist,TREND,EXIT,debit_spread,25173.4,13.73,1.0,0.0,0.0,1.036,0.949,0.666,11,15,15,4,0,0,0,0,0,normal_range,0.0,0,Time exit,601.5,295
2026-02-27T09:30:00+05:30,portfolio_hist,PREMIUM,ENTER,strangle,25374.05,13.39,1.0,0.0,0.0,1.036,0.16,0.535,11,9,30,4,0,67,0,67,75,normal_range,94.09,75,,,
2026-02-27T10:20:00+05:30,portfolio_hist,TREND,ENTER,debit_spread,25297.9,13.59,1.0,0.0,0.0,1.036,0.46,0.192,11,10,20,4,0,63,0,63,60,normal_range,38.04,75,,,
2026-02-27T13:56:00+05:30,portfolio_hist,PREMIUM,EXIT,strangle,25339.8,13.35,1.0,0.0,0.0,1.036,0.295,0.138,11,13,56,4,0,0,0,0,0,normal_range,0.0,0,Profit target: premium decayed 13.5%,955.5,266
2026-02-27T15:15:00+05:30,portfolio_hist,TREND,EXIT,debit_spread,25173.4,13.73,1.0,0.0,0.0,1.036,0.949,0.666,11,15,15,4,0,0,0,0,0,normal_range,0.0,0,Time exit,601.5,295
2026-02-27T09:30:00+05:30,portfolio_hist,PREMIUM,ENTER,strangle,25374.05,13.39,1.0,0.0,0.0,1.036,0.16,0.535,11,9,30,4,0,67,0,67,75,normal_range,94.09,75,,,
2026-02-27T10:20:00+05:30,portfolio_hist,TREND,ENTER,debit_spread,25297.9,13.59,1.0,0.0,0.0,1.036,0.46,0.192,11,10,20,4,0,63,0,63,60,normal_range,38.04,75,,,
2026-02-27T13:56:00+05:30,portfolio_hist,PREMIUM,EXIT,strangle,25339.8,13.35,1.0,0.0,0.0,1.036,0.295,0.138,11,13,56,4,0,0,0,0,0,normal_range,0.0,0,Profit target: premium decayed 13.5%,955.5,266
2026-02-27T15:15:00+05:30,portfolio_hist,TREND,EXIT,debit_spread,25173.4,13.73,1.0,0.0,0.0,1.036,0.949,0.666,11,15,15,4,0,0,0,0,0,trending,0.0,0,Time exit,601.5,295
2026-02-27T09:30:00+05:30,portfolio_hist,PREMIUM,ENTER,strangle,25374.05,13.39,1.0,0.0,0.0,1.036,0.16,0.535,11,9,30,4,0,67,0,67,75,normal_range,94.09,75,,,
2026-02-27T10:20:00+05:30,portfolio_hist,TREND,ENTER,debit_spread,25297.9,13.59,1.0,0.0,0.0,1.036,0.46,0.192,11,10,20,4,0,63,0,63,60,normal_range,38.04,75,,,
2026-02-27T13:56:00+05:30,portfolio_hist,PREMIUM,EXIT,strangle,25339.8,13.35,1.0,0.0,0.0,1.036,0.295,0.138,11,13,56,4,0,0,0,0,0,normal_range,0.0,0,Profit target: premium decayed 13.5%,955.5,266
2026-02-27T15:15:00+05:30,portfolio_hist,TREND,EXIT,debit_spread,25173.4,13.73,1.0,0.0,0.0,1.036,0.949,0.666,11,15,15,4,0,0,0,0,0,trending,0.0,0,Time exit,601.5,295
2026-02-27T09:30:00+05:30,portfolio_hist,PREMIUM,ENTER,strangle,25374.05,13.39,1.0,0.0,0.0,1.036,0.16,0.535,11,9,30,4,0,67,0,67,75,normal_range,94.09,75,,,
2026-02-27T10:20:00+05:30,portfolio_hist,TREND,ENTER,debit_spread,25297.9,13.59,1.0,0.0,0.0,1.036,0.46,0.192,11,10,20,4,0,63,0,63,60,normal_range,38.04,75,,,
2026-02-27T13:56:00+05:30,portfolio_hist,PREMIUM,EXIT,strangle,25339.8,13.35,1.0,0.0,0.0,1.036,0.295,0.138,11,13,56,4,0,0,0,0,0,normal_range,0.0,0,Profit target: premium decayed 13.5%,955.5,266
2026-02-27T15:15:00+05:30,portfolio_hist,TREND,EXIT,debit_spread,25173.4,13.73,1.0,0.0,0.0,1.036,0.949,0.666,11,15,15,4,0,0,0,0,0,trending,0.0,0,Time exit,601.5,295
2026-02-27T09:30:00+05:30,portfolio_hist,PREMIUM,ENTER,strangle,25374.05,13.39,1.0,0.0,0.0,1.036,0.16,0.535,11,9,30,4,0,67,0,67,75,normal_range,94.09,75,,,
2026-02-27T10:20:00+05:30,portfolio_hist,TREND,ENTER,debit_spread,25297.9,13.59,1.0,0.0,0.0,1.036,0.46,0.192,11,10,20,4,0,63,0,63,60,normal_range,38.04,75,,,
2026-02-27T13:56:00+05:30,portfolio_hist,PREMIUM,EXIT,strangle,25339.8,13.35,1.0,0.0,0.0,1.036,0.295,0.138,11,13,56,4,0,0,0,0,0,normal_range,0.0,0,Profit target: premium decayed 13.5%,955.5,266
2026-02-27T15:15:00+05:30,portfolio_hist,TREND,EXIT,debit_spread,25173.4,13.73,1.0,0.0,0.0,1.036,0.949,0.666,11,15,15,4,0,0,0,0,0,trending,0.0,0,Time exit,601.5,295
2026-02-27T09:30:00+05:30,portfolio_hist,PREMIUM,ENTER,strangle,25374.05,13.39,1.0,0.0,0.0,1.036,0.16,0.535,11,9,30,4,0,67,0,67,75,normal_range,94.09,75,,,
2026-02-27T10:20:00+05:30,portfolio_hist,TREND,ENTER,debit_spread,25297.9,13.59,1.0,0.0,0.0,1.036,0.46,0.192,11,10,20,4,0,63,0,63,60,normal_range,38.04,75,,,
2026-02-27T13:56:00+05:30,portfolio_hist,PREMIUM,EXIT,strangle,25339.8,13.35,1.0,0.0,0.0,1.036,0.295,0.138,11,13,56,4,0,0,0,0,0,normal_range,0.0,0,Profit target: premium decayed 13.5%,955.5,266
2026-02-27T15:15:00+05:30,portfolio_hist,TREND,EXIT,debit_spread,25173.4,13.73,1.0,0.0,0.0,1.036,0.949,0.666,11,15,15,4,0,0,0,0,0,trending,0.0,0,Time exit,601.5,295
2026-02-27T09:30:00+05:30,portfolio_hist,PREMIUM,ENTER,strangle,25374.05,13.39,1.0,0.0,0.0,1.036,0.16,0.535,11,9,30,4,0,67,0,67,75,normal_range,94.09,75,,,
2026-02-27T10:20:00+05:30,portfolio_hist,TREND,ENTER,debit_spread,25297.9,13.59,1.0,0.0,0.0,1.036,0.46,0.192,11,10,20,4,0,63,0,63,60,normal_range,38.04,75,,,
2026-02-27T13:56:00+05:30,portfolio_hist,PREMIUM,EXIT,strangle,25339.8,13.35,1.0,0.0,0.0,1.036,0.295,0.138,11,13,56,4,0,0,0,0,0,normal_range,0.0,0,Profit target: premium decayed 13.5%,955.5,266
2026-02-27T15:15:00+05:30,portfolio_hist,TREND,EXIT,debit_spread,25173.4,13.73,1.0,0.0,0.0,1.036,0.949,0.666,11,15,15,4,0,0,0,0,0,conflicted,0.0,0,Time exit,601.5,295
2026-02-27T09:30:00+05:30,portfolio_hist,PREMIUM,ENTER,strangle,25374.05,13.39,1.0,0.0,0.0,1.036,0.16,0.535,11,9,30,4,0,67,0,67,75,normal_range,94.09,75,,,
2026-02-27T10:20:00+05:30,portfolio_hist,TREND,ENTER,debit_spread,25297.9,13.59,1.0,0.0,0.0,1.036,0.46,0.192,11,10,20,4,0,63,0,63,60,normal_range,38.04,75,,,
2026-02-27T13:56:00+05:30,portfolio_hist,PREMIUM,EXIT,strangle,25339.8,13.35,1.0,0.0,0.0,1.036,0.295,0.138,11,13,56,4,0,0,0,0,0,normal_range,0.0,0,Profit target: premium decayed 13.5%,955.5,266
2026-02-27T15:15:00+05:30,portfolio_hist,TREND,EXIT,debit_spread,25173.4,13.73,1.0,0.0,0.0,1.036,0.949,0.666,11,15,15,4,0,0,0,0,0,conflicted,0.0,0,Time exit,601.5,295
2026-02-27T09:30:00+05:30,portfolio_hist,PREMIUM,ENTER,strangle,25374.05,13.39,1.0,0.0,0.0,1.036,0.16,0.535,11,9,30,4,0,67,0,67,75,normal_range,137.8,75,,,
2026-02-27T10:20:00+05:30,portfolio_hist,TREND,ENTER,debit_spread,25297.9,13.59,1.0,0.0,0.0,1.036,0.46,0.192,11,10,20,4,0,63,0,63,60,normal_range,38.04,75,,,
2026-02-27T14:28:00+05:30,portfolio_hist,PREMIUM,EXIT,strangle,25298.65,13.45,1.0,0.0,0.0,1.036,0.457,0.13,11,14,28,4,0,0,0,0,0,normal_range,0.0,0,Trail stop: bounced 11.0% after 11% decay,30.0,298
2026-02-27T15:15:00+05:30,portfolio_hist,TREND,EXIT,debit_spread,25173.4,13.73,1.0,0.0,0.0,1.036,0.949,0.666,11,15,15,4,0,0,0,0,0,conflicted,0.0,0,Time exit,601.5,295
