timestamp,strategy_id,leg,decision,mode,spot,vix,pcr_oi,max_pain,max_pain_dist_pct,iv_skew_ratio,move_from_open_pct,morning_range_pct,dte,hour,minute,day_of_week,is_expiry,rule_score,ai_adj,final_score,threshold,regime,entry_premium,quantity,exit_reason,outcome_pnl,held_minutes
2026-03-23T09:30:00+05:30,portfolio_replay,PREMIUM,SKIP,idle,22714.65,25.12,1.0,0.0,0.0,1.04,0.051,0.286,1,9,30,0,0,70,0,70,75,high_vol_range,0.0,0,,,
2026-03-23T09:35:00+05:30,portfolio_replay,PREMIUM,SKIP,idle,22734.75,25.3,1.0,0.0,0.0,1.04,0.14,0.286,1,9,35,0,0,70,0,70,75,high_vol_range,0.0,0,,,
2026-03-23T09:40:00+05:30,portfolio_replay,PREMIUM,SKIP,idle,22699.45,25.26,1.0,0.0,0.0,1.04,0.016,0.359,1,9,40,0,0,57,0,57,75,high_vol_range,0.0,0,,,
2026-03-23T09:45:00+05:30,portfolio_replay,PREMIUM,SKIP,idle,22696.85,25.47,1.0,0.0,0.0,1.041,0.027,0.359,1,9,45,0,0,57,0,57,75,high_vol_range,0.0,0,,,
2026-03-23T09:50:00+05:30,portfolio_replay,PREMIUM,SKIP,idle,22660.4,25.69,1.0,0.0,0.0,1.041,0.188,0.344,1,9,50,0,0,44,0,44,75,high_vol_range,0.0,0,,,
2026-03-23T09:55:00+05:30,portfolio_replay,PREMIUM,SKIP,idle,22625.85,25.95,1.0,0.0,0.0,1.04,0.34,0.493,1,9,55,0,0,37,0,37,75,high_vol_range,0.0,0,,,
2026-03-23T10:00:00+05:30,portfolio_replay,PREMIUM,SKIP,idle,22587.75,26.21,1.0,0.0,0.0,1.041,0.508,0.633,1,10,0,0,0,25,0,25,65,high_vol_range,0.0,0,,,
2026-03-23T10:05:00+05:30,portfolio_replay,PREMIUM,SKIP,idle,22616.85,26.03,1.0,0.0,0.0,1.041,0.379,0.676,1,10,5,0,0,30,0,30,65,high_vol_range,0.0,0,,,
2026-03-23T10:10:00+05:30,portfolio_replay,PREMIUM,SKIP,idle,22599.85,26.15,1.0,0.0,0.0,1.041,0.454,0.529,1,10,10,0,0,30,0,30,65,high_vol_range,0.0,0,,,
2026-03-23T10:15:00+05:30,portfolio_replay,PREMIUM,SKIP,idle,22560.65,26.32,1.0,0.0,0.0,1.041,0.627,0.556,1,10,15,0,0,25,0,25,65,high_vol_range,0.0,0,,,
2026-03-23T10:20:00+05:30,portfolio_replay,PREMIUM,SKIP,idle,22547.65,26.23,1.0,0.0,0.0,1.041,0.684,0.468,1,10,20,0,0,32,0,32,65,high_vol_range,0.0,0,,,
2026-03-23T10:25:00+05:30,portfolio_replay,PREMIUM,SKIP,idle,22542.3,26.18,1.0,0.0,0.0,1.041,0.708,0.373,1,10,25,0,0,32,0,32,65,high_vol_range,0.0,0,,,
2026-03-23T10:25:00+05:30,portfolio_replay,TREND,ENTER,debit_spread,22542.3,26.18,1.0,0.0,0.0,1.041,0.708,0.373,1,10,25,0,0,62,0,62,60,high_vol_range,36.77,75,,,
2026-03-23T10:30:00+05:30,portfolio_replay,PREMIUM,SKIP,idle,22545.25,26.2,1.0,0.0,0.0,1.041,0.695,0.404,1,10,30,0,0,32,0,32,65,high_vol_range,0.0,0,,,
2026-03-23T10:35:00+05:30,portfolio_replay,PREMIUM,SKIP,idle,22549.5,26.23,1.0,0.0,0.0,1.041,0.676,0.404,1,10,35,0,0,32,0,32,65,high_vol_range,0.0,0,,,
2026-03-23T10:40:00+05:30,portfolio_replay,PREMIUM,SKIP,idle,22539.2,26.12,1.0,0.0,0.0,1.041,0.721,0.305,1,10,40,0,0,32,0,32,65,high_vol_range,0.0,0,,,
2026-03-23T10:45:00+05:30,portfolio_replay,PREMIUM,SKIP,idle,22549.45,26.14,1.0,0.0,0.0,1.041,0.676,0.22,1,10,45,0,0,45,0,45,65,high_vol_range,0.0,0,,,
2026-03-23T10:50:00+05:30,portfolio_replay,PREMIUM,SKIP,idle,22526.75,26.2,1.0,0.0,0.0,1.041,0.776,0.216,1,10,50,0,0,45,0,45,65,high_vol_range,0.0,0,,,
2026-03-23T10:55:00+05:30,portfolio_replay,PREMIUM,SKIP,idle,22518.5,26.21,1.0,0.0,0.0,1.041,0.813,0.285,1,10,55,0,0,45,0,45,65,high_vol_range,0.0,0,,,
2026-03-23T13:50:00+05:30,portfolio_replay,TREND,EXIT,debit_spread,22619.9,26.55,1.0,0.0,0.0,1.041,0.366,0.496,1,13,50,0,0,0,0,0,0,high_vol_range,0.0,0,Trend stop: lost 55.4%,-1527.0,205
2026-03-23T09:30:00+05:30,portfolio_replay,PREMIUM,ENTER,iron_condor,22714.65,25.12,1.0,0.0,0.0,1.04,0.051,0.286,1,9,30,0,0,90,0,90,75,high_vol_range,37.2,75,,,
2026-03-23T10:15:00+05:30,portfolio_replay,PREMIUM,EXIT,iron_condor,22560.65,26.32,1.0,0.0,0.0,1.041,0.627,0.556,1,10,15,0,0,0,0,0,0,high_vol_range,0.0,0,Stop loss: premium up 40.3%,-1125.75,45
2026-03-23T10:25:00+05:30,portfolio_replay,TREND,ENTER,debit_spread,22542.3,26.18,1.0,0.0,0.0,1.041,0.708,0.373,1,10,25,0,0,62,0,62,60,high_vol_range,36.77,75,,,
2026-03-23T13:50:00+05:30,portfolio_replay,TREND,EXIT,debit_spread,22619.9,26.55,1.0,0.0,0.0,1.041,0.366,0.496,1,13,50,0,0,0,0,0,0,high_vol_range,0.0,0,Trend stop: lost 55.4%,-1527.0,205
2026-03-23T09:30:00+05:30,portfolio_replay,PREMIUM,ENTER,iron_condor,22714.65,25.12,1.0,0.0,0.0,1.04,0.051,0.286,1,9,30,0,0,90,0,90,75,high_vol_range,37.2,75,,,
2026-03-23T10:25:00+05:30,portfolio_replay,TREND,ENTER,debit_spread,22542.3,26.18,1.0,0.0,0.0,1.041,0.708,0.373,1,10,25,0,0,62,0,62,60,high_vol_range,36.77,75,,,
2026-03-23T13:41:00+05:30,portfolio_replay,PREMIUM,EXIT,iron_condor,22534.25,26.96,1.0,0.0,0.0,1.041,0.743,0.209,1,13,41,0,0,0,0,0,0,high_vol_range,0.0,0,Profit target: premium decayed 31.2%,869.25,251
2026-03-23T13:50:00+05:30,portfolio_replay,TREND,EXIT,debit_spread,22619.9,26.55,1.0,0.0,0.0,1.041,0.366,0.496,1,13,50,0,0,0,0,0,0,high_vol_range,0.0,0,Trend stop: lost 55.4%,-1527.0,205
2026-03-23T09:30:00+05:30,portfolio_replay,PREMIUM,SKIP,idle,22714.65,25.12,1.0,0.0,0.0,1.04,0.051,2.092,1,9,30,0,0,65,0,65,75,trending,0.0,0,,,
2026-03-23T09:35:00+05:30,portfolio_replay,PREMIUM,SKIP,idle,22734.75,25.3,1.0,0.0,0.0,1.04,0.14,2.092,1,9,35,0,0,65,0,65,75,trending,0.0,0,,,
2026-03-23T09:40:00+05:30,portfolio_replay,PREMIUM,SKIP,idle,22699.45,25.26,1.0,0.0,0.0,1.04,0.016,2.092,1,9,40,0,0,65,0,65,75,trending,0.0,0,,,
2026-03-23T09:45:00+05:30,portfolio_replay,PREMIUM,ENTER,iron_condor,22696.85,25.47,1.0,0.0,0.0,1.041,0.027,0.359,1,9,45,0,0,77,0,77,75,high_vol_range,42.99,75,,,
2026-03-23T10:00:00+05:30,portfolio_replay,TREND,ENTER,debit_spread,22587.75,26.21,1.0,0.0,0.0,1.041,0.508,0.633,1,10,0,0,0,62,0,62,60,high_vol_range,37.51,75,,,
2026-03-23T12:24:00+05:30,portfolio_replay,TREND,EXIT,debit_spread,22482.95,26.87,1.0,0.0,0.0,1.041,0.969,0.182,1,12,24,0,0,0,0,0,0,high_vol_range,0.0,0,Trend profit: spread at 51.2% of max,1028.25,144
2026-03-23T13:30:00+05:30,portfolio_replay,PREMIUM,EXIT,iron_condor,22518.6,26.97,1.0,0.0,0.0,1.041,0.812,0.167,1,13,30,0,0,0,0,0,0,high_vol_range,0.0,0,Profit target: premium decayed 25.4%,819.75,225
2026-03-23T09:30:00+05:30,portfolio_replay,PREMIUM,SKIP,idle,22714.65,25.12,1.0,0.0,0.0,1.04,0.051,2.092,1,9,30,0,0,65,0,65,75,trending,0.0,0,,,
2026-03-23T09:35:00+05:30,portfolio_replay,PREMIUM,SKIP,idle,22734.75,25.3,1.0,0.0,0.0,1.04,0.14,2.092,1,9,35,0,0,65,0,65,75,trending,0.0,0,,,
2026-03-23T09:40:00+05:30,portfolio_replay,PREMIUM,SKIP,idle,22699.45,25.26,1.0,0.0,0.0,1.04,0.016,2.092,1,9,40,0,0,65,0,65,75,trending,0.0,0,,,
2026-03-23T09:45:00+05:30,portfolio_replay,PREMIUM,ENTER,iron_condor,22696.85,25.47,1.0,0.0,0.0,1.041,0.027,0.359,1,9,45,0,0,77,0,77,75,high_vol_range,42.99,75,,,
2026-03-23T10:00:00+05:30,portfolio_replay,TREND,ENTER,debit_spread,22587.75,26.21,1.0,0.0,0.0,1.041,0.508,0.633,1,10,0,0,0,62,0,62,60,high_vol_range,37.51,75,,,
2026-03-23T12:24:00+05:30,portfolio_replay,TREND,EXIT,debit_spread,22482.95,26.87,1.0,0.0,0.0,1.041,0.969,0.182,1,12,24,0,0,0,0,0,0,high_vol_range,0.0,0,Trend profit: spread at 51.2% of max,1028.25,144
2026-03-23T13:30:00+05:30,portfolio_replay,PREMIUM,EXIT,iron_condor,22518.6,26.97,1.0,0.0,0.0,1.041,0.812,0.167,1,13,30,0,0,0,0,0,0,high_vol_range,0.0,0,Profit target: premium decayed 25.4%,819.75,225
2026-03-23T09:30:00+05:30,portfolio_replay,PREMIUM,SKIP,idle,22714.65,25.12,1.0,0.0,0.0,1.04,0.051,2.092,1,9,30,0,0,65,0,65,75,trending,0.0,0,,,
2026-03-23T09:35:00+05:30,portfolio_replay,PREMIUM,SKIP,idle,22734.75,25.3,1.0,0.0,0.0,1.04,0.14,2.092,1,9,35,0,0,65,0,65,75,trending,0.0,0,,,
2026-03-23T09:40:00+05:30,portfolio_replay,PREMIUM,SKIP,idle,22699.45,25.26,1.0,0.0,0.0,1.04,0.016,2.092,1,9,40,0,0,65,0,65,75,trending,0.0,0,,,
2026-03-23T09:45:00+05:30,portfolio_replay,PREMIUM,ENTER,iron_condor,22696.85,25.47,1.0,0.0,0.0,1.041,0.027,0.359,1,9,45,0,0,77,0,77,75,high_vol_range,42.99,75,,,
2026-03-23T10:00:00+05:30,portfolio_replay,TREND,ENTER,debit_spread,22587.75,26.21,1.0,0.0,0.0,1.041,0.508,0.633,1,10,0,0,0,62,0,62,60,high_vol_range,37.51,75,,,
2026-03-23T12:24:00+05:30,portfolio_replay,TREND,EXIT,debit_spread,22482.95,26.87,1.0,0.0,0.0,1.041,0.969,0.182,1,12,24,0,0,0,0,0,0,high_vol_range,0.0,0,Trend profit: spread at 51.2% of max,1028.25,144
2026-03-23T13:41:00+05:30,portfolio_replay,PREMIUM,EXIT,iron_condor,22534.25,26.96,1.0,0.0,0.0,1.041,0.743,0.209,1,13,41,0,0,0,0,0,0,high_vol_range,0.0,0,Profit target: premium decayed 40.0%,1290.0,236
2026-03-23T09:30:00+05:30,portfolio_replay,PREMIUM,SKIP,idle,22714.65,25.12,1.0,0.0,0.0,1.04,0.051,2.092,1,9,30,0,0,65,0,65,75,trending,0.0,0,,,
2026-03-23T09:35:00+05:30,portfolio_replay,PREMIUM,SKIP,idle,22734.75,25.3,1.0,0.0,0.0,1.04,0.14,2.092,1,9,35,0,0,65,0,65,75,trending,0.0,0,,,
2026-03-23T09:40:00+05:30,portfolio_replay,PREMIUM,SKIP,idle,22699.45,25.26,1.0,0.0,0.0,1.04,0.016,2.092,1,9,40,0,0,65,0,65,75,trending,0.0,0,,,
2026-03-23T09:45:00+05:30,portfolio_replay,PREMIUM,ENTER,iron_condor,22696.85,25.47,1.0,0.0,0.0,1.041,0.027,0.359,1,9,45,0,0,77,0,77,75,high_vol_range,42.99,75,,,
2026-03-23T10:00:00+05:30,portfolio_replay,TREND,ENTER,debit_spread,22587.75,26.21,1.0,0.0,0.0,1.041,0.508,0.633,1,10,0,0,0,62,0,62,60,high_vol_range,37.51,75,,,
2026-03-23T12:24:00+05:30,portfolio_replay,TREND,EXIT,debit_spread,22482.95,26.87,1.0,0.0,0.0,1.041,0.969,0.182,1,12,24,0,0,0,0,0,0,high_vol_range,0.0,0,Trend profit: spread at 51.2% of max,1028.25,144
2026-03-23T13:44:00+05:30,portfolio_replay,PREMIUM,EXIT,iron_condor,22561.7,26.74,1.0,0.0,0.0,1.041,0.622,0.209,1,13,44,0,0,0,0,0,0,high_vol_range,0.0,0,Profit target: premium decayed 55.7%,1794.75,239
2026-03-23T09:30:00+05:30,portfolio_replay,PREMIUM,SKIP,idle,22714.65,25.12,1.0,0.0,0.0,1.04,0.051,2.092,1,9,30,0,0,65,0,65,75,trending,0.0,0,,,
2026-03-23T09:35:00+05:30,portfolio_replay,PREMIUM,SKIP,idle,22734.75,25.3,1.0,0.0,0.0,1.04,0.14,2.092,1,9,35,0,0,65,0,65,75,trending,0.0,0,,,
2026-03-23T09:40:00+05:30,portfolio_replay,PREMIUM,SKIP,idle,22699.45,25.26,1.0,0.0,0.0,1.04,0.016,2.092,1,9,40,0,0,65,0,65,75,trending,0.0,0,,,
2026-03-23T09:45:00+05:30,portfolio_replay,PREMIUM,ENTER,iron_condor,22696.85,25.47,1.0,0.0,0.0,1.041,0.027,0.359,1,9,45,0,0,77,0,77,75,high_vol_range,42.99,75,,,
2026-03-23T10:00:00+05:30,portfolio_replay,TREND,ENTER,debit_spread,22587.75,26.21,1.0,0.0,0.0,1.041,0.508,0.633,1,10,0,0,0,62,0,62,60,high_vol_range,37.51,75,,,
2026-03-23T12:24:00+05:30,portfolio_replay,TREND,EXIT,debit_spread,22482.95,26.87,1.0,0.0,0.0,1.041,0.969,0.182,1,12,24,0,0,0,0,0,0,high_vol_range,0.0,0,Trend profit: spread at 51.2% of max,1028.25,144
2026-03-23T13:30:00+05:30,portfolio_replay,PREMIUM,EXIT,iron_condor,22518.6,26.97,1.0,0.0,0.0,1.041,0.812,0.167,1,13,30,0,0,0,0,0,0,high_vol_range,0.0,0,Profit target: premium decayed 25.4%,819.75,225
2026-03-23T09:30:00+05:30,portfolio_replay,PREMIUM,SKIP,idle,22714.65,25.12,1.0,0.0,0.0,1.04,0.051,2.092,1,9,30,0,0,65,0,65,75,trending,0.0,0,,,
2026-03-23T09:35:00+05:30,portfolio_replay,PREMIUM,SKIP,idle,22734.75,25.3,1.0,0.0,0.0,1.04,0.14,2.092,1,9,35,0,0,65,0,65,75,trending,0.0,0,,,
2026-03-23T09:40:00+05:30,portfolio_replay,PREMIUM,SKIP,idle,22699.45,25.26,1.0,0.0,0.0,1.04,0.016,2.092,1,9,40,0,0,65,0,65,75,trending,0.0,0,,,
2026-03-23T09:45:00+05:30,portfolio_replay,PREMIUM,ENTER,iron_condor,22696.85,25.47,1.0,0.0,0.0,1.041,0.027,0.359,1,9,45,0,0,77,0,77,75,high_vol_range,42.99,75,,,
2026-03-23T10:00:00+05:30,portfolio_replay,TREND,ENTER,debit_spread,22587.75,26.21,1.0,0.0,0.0,1.041,0.508,0.633,1,10,0,0,0,62,0,62,60,high_vol_range,37.51,75,,,
2026-03-23T12:24:00+05:30,portfolio_replay,TREND,EXIT,debit_spread,22482.95,26.87,1.0,0.0,0.0,1.041,0.969,0.182,1,12,24,0,0,0,0,0,0,high_vol_range,0.0,0,Trend profit: spread at 51.2% of max,1028.25,144
2026-03-23T13:30:00+05:30,portfolio_replay,PREMIUM,EXIT,iron_condor,22518.6,26.97,1.0,0.0,0.0,1.041,0.812,0.167,1,13,30,0,0,0,0,0,0,high_vol_range,0.0,0,Profit target: premium decayed 25.4%,819.75,225
2026-03-23T09:30:00+05:30,portfolio_replay,PREMIUM,ENTER,iron_condor,22714.65,25.12,1.0,0.0,0.0,1.04,0.051,2.092,1,9,30,0,0,65,0,65,65,trending,37.2,75,,,
2026-03-23T10:00:00+05:30,portfolio_replay,TREND,ENTER,debit_spread,22587.75,26.21,1.0,0.0,0.0,1.041,0.508,0.633,1,10,0,0,0,62,0,62,60,high_vol_range,37.51,75,,,
2026-03-23T12:24:00+05:30,portfolio_replay,TREND,EXIT,debit_spread,22482.95,26.87,1.0,0.0,0.0,1.041,0.969,0.182,1,12,24,0,0,0,0,0,0,high_vol_range,0.0,0,Trend profit: spread at 51.2% of max,1028.25,144
2026-03-23T13:41:00+05:30,portfolio_replay,PREMIUM,EXIT,iron_condor,22534.25,26.96,1.0,0.0,0.0,1.041,0.743,0.209,1,13,41,0,0,0,0,0,0,high_vol_range,0.0,0,Profit target: premium decayed 31.2%,869.25,251
2026-03-23T09:35:00+05:30,portfolio_replay,PREMIUM,SKIP,idle,22734.75,25.3,1.0,0.0,0.0,1.04,0.14,2.092,1,9,35,0,0,65,0,65,70,trending,0.0,0,,,
2026-03-23T09:40:00+05:30,portfolio_replay,PREMIUM,SKIP,idle,22699.45,25.26,1.0,0.0,0.0,1.04,0.016,2.092,1,9,40,0,0,65,0,65,70,trending,0.0,0,,,
2026-03-23T09:45:00+05:30,portfolio_replay,PREMIUM,ENTER,iron_condor,22696.85,25.47,1.0,0.0,0.0,1.041,0.027,0.359,1,9,45,0,0,77,0,77,70,high_vol_range,42.99,75,,,
2026-03-23T10:00:00+05:30,portfolio_replay,TREND,ENTER,debit_spread,22587.75,26.21,1.0,0.0,0.0,1.041,0.508,0.633,1,10,0,0,0,62,0,62,60,high_vol_range,37.51,75,,,
2026-03-23T12:24:00+05:30,portfolio_replay,TREND,EXIT,debit_spread,22482.95,26.87,1.0,0.0,0.0,1.041,0.969,0.182,1,12,24,0,0,0,0,0,0,high_vol_range,0.0,0,Trend profit: spread at 51.2% of max,1028.25,144
2026-03-23T13:30:00+05:30,portfolio_replay,PREMIUM,EXIT,iron_condor,22518.6,26.97,1.0,0.0,0.0,1.041,0.812,0.167,1,13,30,0,0,0,0,0,0,high_vol_range,0.0,0,Profit target: premium decayed 25.4%,819.75,225
2026-03-23T09:30:00+05:30,portfolio_replay,PREMIUM,SKIP,idle,22714.65,25.12,1.0,0.0,0.0,1.04,0.051,2.092,1,9,30,0,0,65,0,65,75,trending,0.0,0,,,
2026-03-23T09:35:00+05:30,portfolio_replay,PREMIUM,SKIP,idle,22734.75,25.3,1.0,0.0,0.0,1.04,0.14,2.092,1,9,35,0,0,65,0,65,75,trending,0.0,0,,,
2026-03-23T09:40:00+05:30,portfolio_replay,PREMIUM,SKIP,idle,22699.45,25.26,1.0,0.0,0.0,1.04,0.016,2.092,1,9,40,0,0,65,0,65,75,trending,0.0,0,,,
2026-03-23T09:45:00+05:30,portfolio_replay,PREMIUM,ENTER,iron_condor,22696.85,25.47,1.0,0.0,0.0,1.041,0.027,0.359,1,9,45,0,0,77,0,77,75,high_vol_range,42.99,75,,,
2026-03-23T10:00:00+05:30,portfolio_replay,TREND,ENTER,debit_spread,22587.75,26.21,1.0,0.0,0.0,1.041,0.508,0.633,1,10,0,0,0,62,0,62,60,high_vol_range,37.51,75,,,
2026-03-23T12:24:00+05:30,portfolio_replay,TREND,EXIT,debit_spread,22482.95,26.87,1.0,0.0,0.0,1.041,0.969,0.182,1,12,24,0,0,0,0,0,0,high_vol_range,0.0,0,Trend profit: spread at 51.2% of max,1028.25,144
2026-03-23T13:41:00+05:30,portfolio_replay,PREMIUM,EXIT,iron_condor,22534.25,26.96,1.0,0.0,0.0,1.041,0.743,0.209,1,13,41,0,0,0,0,0,0,high_vol_range,0.0,0,Profit target: premium decayed 40.0%,1290.0,236
2026-03-23T09:30:00+05:30,portfolio_replay,PREMIUM,ENTER,iron_condor,22714.65,25.12,1.0,0.0,0.0,1.04,0.051,2.092,1,9,30,0,0,65,0,65,65,trending,37.2,75,,,
2026-03-23T10:00:00+05:30,portfolio_replay,TREND,ENTER,debit_spread,22587.75,26.21,1.0,0.0,0.0,1.041,0.508,0.633,1,10,0,0,0,62,0,62,60,high_vol_range,37.51,75,,,
2026-03-23T12:24:00+05:30,portfolio_replay,TREND,EXIT,debit_spread,22482.95,26.87,1.0,0.0,0.0,1.041,0.969,0.182,1,12,24,0,0,0,0,0,0,high_vol_range,0.0,0,Trend profit: spread at 51.2% of max,1028.25,144
2026-03-23T13:44:00+05:30,portfolio_replay,PREMIUM,EXIT,iron_condor,22561.7,26.74,1.0,0.0,0.0,1.041,0.622,0.209,1,13,44,0,0,0,0,0,0,high_vol_range,0.0,0,Profit target: premium decayed 49.4%,1377.0,254
2026-03-23T09:35:00+05:30,portfolio_replay,PREMIUM,SKIP,idle,22734.75,25.3,1.0,0.0,0.0,1.04,0.14,2.092,1,9,35,0,0,65,0,65,70,trending,0.0,0,,,
2026-03-23T09:40:00+05:30,portfolio_replay,PREMIUM,SKIP,idle,22699.45,25.26,1.0,0.0,0.0,1.04,0.016,2.092,1,9,40,0,0,65,0,65,70,trending,0.0,0,,,
2026-03-23T09:45:00+05:30,portfolio_replay,PREMIUM,ENTER,iron_condor,22696.85,25.47,1.0,0.0,0.0,1.041,0.027,0.359,1,9,45,0,0,77,0,77,70,high_vol_range,42.99,75,,,
2026-03-23T10:00:00+05:30,portfolio_replay,TREND,ENTER,debit_spread,22587.75,26.21,1.0,0.0,0.0,1.041,0.508,0.633,1,10,0,0,0,62,0,62,60,high_vol_range,37.51,75,,,
2026-03-23T12:24:00+05:30,portfolio_replay,TREND,EXIT,debit_spread,22482.95,26.87,1.0,0.0,0.0,1.041,0.969,0.182,1,12,24,0,0,0,0,0,0,high_vol_range,0.0,0,Trend profit: spread at 51.2% of max,1028.25,144
2026-03-23T13:41:00+05:30,portfolio_replay,PREMIUM,EXIT,iron_condor,22534.25,26.96,1.0,0.0,0.0,1.041,0.743,0.209,1,13,41,0,0,0,0,0,0,high_vol_range,0.0,0,Profit target: premium decayed 40.0%,1290.0,236
2026-03-23T09:30:00+05:30,portfolio_replay,PREMIUM,ENTER,iron_condor,22714.65,25.12,1.0,0.0,0.0,1.04,0.051,2.092,1,9,30,0,0,65,0,65,65,trending,37.2,75,,,
2026-03-23T10:00:00+05:30,portfolio_replay,TREND,ENTER,debit_spread,22587.75,26.21,1.0,0.0,0.0,1.041,0.508,0.633,1,10,0,0,0,62,0,62,60,high_vol_range,37.51,75,,,
2026-03-23T12:24:00+05:30,portfolio_replay,TREND,EXIT,debit_spread,22482.95,26.87,1.0,0.0,0.0,1.041,0.969,0.182,1,12,24,0,0,0,0,0,0,high_vol_range,0.0,0,Trend profit: spread at 51.2% of max,1028.25,144
2026-03-23T13:44:00+05:30,portfolio_replay,PREMIUM,EXIT,iron_condor,22561.7,26.74,1.0,0.0,0.0,1.041,0.622,0.209,1,13,44,0,0,0,0,0,0,high_vol_range,0.0,0,Profit target: premium decayed 49.4%,1377.0,254
2026-03-23T09:30:00+05:30,portfolio_replay,PREMIUM,SKIP,idle,22714.65,25.12,1.0,0.0,0.0,1.04,0.051,2.092,1,9,30,0,0,65,0,65,75,trending,0.0,0,,,
2026-03-23T09:35:00+05:30,portfolio_replay,PREMIUM,SKIP,idle,22734.75,25.3,1.0,0.0,0.0,1.04,0.14,2.092,1,9,35,0,0,65,0,65,75,trending,0.0,0,,,
2026-03-23T09:40:00+05:30,portfolio_replay,PREMIUM,SKIP,idle,22699.45,25.26,1.0,0.0,0.0,1.04,0.016,2.092,1,9,40,0,0,65,0,65,75,trending,0.0,0,,,
2026-03-23T09:45:00+05:30,portfolio_replay,PREMIUM,ENTER,iron_condor,22696.85,25.47,1.0,0.0,0.0,1.041,0.027,0.359,1,9,45,0,0,77,0,77,75,high_vol_range,42.99,75,,,
2026-03-23T10:00:00+05:30,portfolio_replay,TREND,ENTER,debit_spread,22587.75,26.21,1.0,0.0,0.0,1.041,0.508,0.633,1,10,0,0,0,62,0,62,60,high_vol_range,37.51,75,,,
2026-03-23T12:24:00+05:30,portfolio_replay,TREND,EXIT,debit_spread,22482.95,26.87,1.0,0.0,0.0,1.041,0.969,0.182,1,12,24,0,0,0,0,0,0,high_vol_range,0.0,0,Trend profit: spread at 51.2% of max,1028.25,144
2026-03-23T13:30:00+05:30,portfolio_replay,PREMIUM,EXIT,iron_condor,22518.6,26.97,1.0,0.0,0.0,1.041,0.812,0.167,1,13,30,0,0,0,0,0,0,high_vol_range,0.0,0,Profit target: premium decayed 25.4%,819.75,225
2026-03-23T09:30:00+05:30,portfolio_replay,PREMIUM,SKIP,idle,22714.65,25.12,1.0,0.0,0.0,1.04,0.051,2.092,1,9,30,0,0,65,0,65,75,trending,0.0,0,,,
2026-03-23T09:35:00+05:30,portfolio_replay,PREMIUM,SKIP,idle,22734.75,25.3,1.0,0.0,0.0,1.04,0.14,2.092,1,9,35,0,0,65,0,65,75,trending,0.0,0,,,
2026-03-23T09:40:00+05:30,portfolio_replay,PREMIUM,SKIP,idle,22699.45,25.26,1.0,0.0,0.0,1.04,0.016,2.092,1,9,40,0,0,65,0,65,75,trending,0.0,0,,,
2026-03-23T09:45:00+05:30,portfolio_replay,PREMIUM,ENTER,iron_condor,22696.85,25.47,1.0,0.0,0.0,1.041,0.027,0.359,1,9,45,0,0,77,0,77,75,high_vol_range,42.99,75,,,
2026-03-23T10:00:00+05:30,portfolio_replay,TREND,ENTER,debit_spread,22587.75,26.21,1.0,0.0,0.0,1.041,0.508,0.633,1,10,0,0,0,62,0,62,60,high_vol_range,37.51,75,,,
2026-03-23T12:24:00+05:30,portfolio_replay,TREND,EXIT,debit_spread,22482.95,26.87,1.0,0.0,0.0,1.041,0.969,0.182,1,12,24,0,0,0,0,0,0,high_vol_range,0.0,0,Trend profit: spread at 51.2% of max,1028.25,144
2026-03-23T13:41:00+05:30,portfolio_replay,PREMIUM,EXIT,iron_condor,22534.25,26.96,1.0,0.0,0.0,1.041,0.743,0.209,1,13,41,0,0,0,0,0,0,high_vol_range,0.0,0,Profit target: premium decayed 40.0%,1290.0,236
2026-03-23T09:30:00+05:30,portfolio_replay,PREMIUM,SKIP,idle,22714.65,25.12,1.0,0.0,0.0,1.04,0.051,2.092,1,9,30,0,0,65,0,65,75,trending,0.0,0,,,
2026-03-23T09:35:00+05:30,portfolio_replay,PREMIUM,SKIP,idle,22734.75,25.3,1.0,0.0,0.0,1.04,0.14,2.092,1,9,35,0,0,65,0,65,75,trending,0.0,0,,,
2026-03-23T09:40:00+05:30,portfolio_replay,PREMIUM,SKIP,idle,22699.45,25.26,1.0,0.0,0.0,1.04,0.016,2.092,1,9,40,0,0,65,0,65,75,trending,0.0,0,,,
2026-03-23T09:45:00+05:30,portfolio_replay,PREMIUM,ENTER,iron_condor,22696.85,25.47,1.0,0.0,0.0,1.041,0.027,0.359,1,9,45,0,0,77,0,77,75,high_vol_range,42.99,75,,,
2026-03-23T10:00:00+05:30,portfolio_replay,TREND,ENTER,debit_spread,22587.75,26.21,1.0,0.0,0.0,1.041,0.508,0.633,1,10,0,0,0,62,0,62,60,high_vol_range,37.51,75,,,
2026-03-23T12:24:00+05:30,portfolio_replay,TREND,EXIT,debit_spread,22482.95,26.87,1.0,0.0,0.0,1.041,0.969,0.182,1,12,24,0,0,0,0,0,0,high_vol_range,0.0,0,Trend profit: spread at 51.2% of max,1028.25,144
2026-03-23T13:44:00+05:30,portfolio_replay,PREMIUM,EXIT,iron_condor,22561.7,26.74,1.0,0.0,0.0,1.041,0.622,0.209,1,13,44,0,0,0,0,0,0,high_vol_range,0.0,0,Profit target: premium decayed 55.7%,1794.75,239
2026-03-23T09:30:00+05:30,portfolio_replay,PREMIUM,SKIP,idle,22714.65,25.12,1.0,0.0,0.0,1.04,0.051,2.092,1,9,30,0,0,65,0,65,75,trending,0.0,0,,,
2026-03-23T09:35:00+05:30,portfolio_replay,PREMIUM,SKIP,idle,22734.75,25.3,1.0,0.0,0.0,1.04,0.14,2.092,1,9,35,0,0,65,0,65,75,trending,0.0,0,,,
2026-03-23T09:40:00+05:30,portfolio_replay,PREMIUM,SKIP,idle,22699.45,25.26,1.0,0.0,0.0,1.04,0.016,2.092,1,9,40,0,0,65,0,65,75,trending,0.0,0,,,
2026-03-23T09:45:00+05:30,portfolio_replay,PREMIUM,ENTER,iron_condor,22696.85,25.47,1.0,0.0,0.0,1.041,0.027,0.359,1,9,45,0,0,77,0,77,75,high_vol_range,42.99,75,,,
2026-03-23T10:00:00+05:30,portfolio_replay,TREND,ENTER,debit_spread,22587.75,26.21,1.0,0.0,0.0,1.041,0.508,0.633,1,10,0,0,0,62,0,62,60,high_vol_range,37.51,75,,,
2026-03-23T12:24:00+05:30,portfolio_replay,TREND,EXIT,debit_spread,22482.95,26.87,1.0,0.0,0.0,1.041,0.969,0.182,1,12,24,0,0,0,0,0,0,high_vol_range,0.0,0,Trend profit: spread at 51.2% of max,1028.25,144
2026-03-23T13:44:00+05:30,portfolio_replay,PREMIUM,EXIT,iron_condor,22561.7,26.74,1.0,0.0,0.0,1.041,0.622,0.209,1,13,44,0,0,0,0,0,0,high_vol_range,0.0,0,Profit target: premium decayed 55.7%,1794.75,239
2026-03-23T09:30:00+05:30,portfolio_replay,PREMIUM,SKIP,idle,22714.65,25.12,1.0,0.0,0.0,1.04,0.051,2.092,1,9,30,0,0,65,0,65,75,trending,0.0,0,,,
2026-03-23T09:35:00+05:30,portfolio_replay,PREMIUM,SKIP,idle,22734.75,25.3,1.0,0.0,0.0,1.04,0.14,2.092,1,9,35,0,0,65,0,65,75,trending,0.0,0,,,
2026-03-23T09:40:00+05:30,portfolio_replay,PREMIUM,SKIP,idle,22699.45,25.26,1.0,0.0,0.0,1.04,0.016,2.092,1,9,40,0,0,65,0,65,75,trending,0.0,0,,,
2026-03-23T09:45:00+05:30,portfolio_replay,PREMIUM,ENTER,iron_condor,22696.85,25.47,1.0,0.0,0.0,1.041,0.027,0.359,1,9,45,0,0,77,0,77,75,high_vol_range,42.99,75,,,
2026-03-23T10:00:00+05:30,portfolio_replay,TREND,ENTER,debit_spread,22587.75,26.21,1.0,0.0,0.0,1.041,0.508,0.633,1,10,0,0,0,62,0,62,60,high_vol_range,37.51,75,,,
2026-03-23T12:24:00+05:30,portfolio_replay,TREND,EXIT,debit_spread,22482.95,26.87,1.0,0.0,0.0,1.041,0.969,0.182,1,12,24,0,0,0,0,0,0,high_vol_range,0.0,0,Trend profit: spread at 51.2% of max,1028.25,144
2026-03-23T13:44:00+05:30,portfolio_replay,PREMIUM,EXIT,iron_condor,22561.7,26.74,1.0,0.0,0.0,1.041,0.622,0.209,1,13,44,0,0,0,0,0,0,high_vol_range,0.0,0,Profit target: premium decayed 55.7%,1794.75,239
2026-03-23T09:30:00+05:30,portfolio_replay,PREMIUM,SKIP,idle,22714.65,25.12,1.0,0.0,0.0,1.04,0.051,2.092,1,9,30,0,0,65,0,65,75,trending,0.0,0,,,
2026-03-23T09:35:00+05:30,portfolio_replay,PREMIUM,SKIP,idle,22734.75,25.3,1.0,0.0,0.0,1.04,0.14,2.092,1,9,35,0,0,65,0,65,75,trending,0.0,0,,,
2026-03-23T09:40:00+05:30,portfolio_replay,PREMIUM,SKIP,idle,22699.45,25.26,1.0,0.0,0.0,1.04,0.016,2.092,1,9,40,0,0,65,0,65,75,trending,0.0,0,,,
2026-03-23T09:45:00+05:30,portfolio_replay,PREMIUM,ENTER,iron_condor,22696.85,25.47,1.0,0.0,0.0,1.041,0.027,0.359,1,9,45,0,0,77,0,77,75,high_vol_range,42.99,75,,,
2026-03-23T10:00:00+05:30,portfolio_replay,TREND,ENTER,debit_spread,22587.75,26.21,1.0,0.0,0.0,1.041,0.508,0.633,1,10,0,0,0,62,0,62,60,high_vol_range,37.51,75,,,
2026-03-23T12:24:00+05:30,portfolio_replay,TREND,EXIT,debit_spread,22482.95,26.87,1.0,0.0,0.0,1.041,0.969,0.182,1,12,24,0,0,0,0,0,0,high_vol_range,0.0,0,Trend profit: spread at 51.2% of max,1028.25,144
2026-03-23T13:44:00+05:30,portfolio_replay,PREMIUM,EXIT,iron_condor,22561.7,26.74,1.0,0.0,0.0,1.041,0.622,0.209,1,13,44,0,0,0,0,0,0,high_vol_range,0.0,0,Profit target: premium decayed 55.7%,1794.75,239
2026-03-23T09:30:00+05:30,portfolio_replay,PREMIUM,SKIP,idle,22714.65,25.12,1.0,0.0,0.0,1.04,0.051,2.092,1,9,30,0,0,65,0,65,75,trending,0.0,0,,,
2026-03-23T09:35:00+05:30,portfolio_replay,PREMIUM,SKIP,idle,22734.75,25.3,1.0,0.0,0.0,1.04,0.14,2.092,1,9,35,0,0,65,0,65,75,trending,0.0,0,,,
2026-03-23T09:40:00+05:30,portfolio_replay,PREMIUM,SKIP,idle,22699.45,25.26,1.0,0.0,0.0,1.04,0.016,2.092,1,9,40,0,0,65,0,65,75,trending,0.0,0,,,
2026-03-23T09:45:00+05:30,portfolio_replay,PREMIUM,ENTER,iron_condor,22696.85,25.47,1.0,0.0,0.0,1.041,0.027,0.359,1,9,45,0,0,77,0,77,75,high_vol_range,42.99,75,,,
2026-03-23T10:00:00+05:30,portfolio_replay,TREND,ENTER,debit_spread,22587.75,26.21,1.0,0.0,0.0,1.041,0.508,0.633,1,10,0,0,0,62,0,62,60,high_vol_range,37.51,75,,,
2026-03-23T13:44:00+05:30,portfolio_replay,PREMIUM,EXIT,iron_condor,22561.7,26.74,1.0,0.0,0.0,1.041,0.622,0.209,1,13,44,0,0,0,0,0,0,high_vol_range,0.0,0,Profit target: premium decayed 55.7%,1794.75,239
2026-03-23T14:03:00+05:30,portfolio_replay,TREND,EXIT,debit_spread,22642.5,26.58,1.0,0.0,0.0,1.041,0.266,0.503,1,14,3,0,0,0,0,0,0,high_vol_range,0.0,0,Trend stop: lost 50.1%,-1410.0,243
2026-03-23T09:30:00+05:30,portfolio_replay,PREMIUM,SKIP,idle,22714.65,25.12,1.0,0.0,0.0,1.04,0.051,2.092,1,9,30,0,0,65,0,65,75,trending,0.0,0,,,
2026-03-23T09:35:00+05:30,portfolio_replay,PREMIUM,SKIP,idle,22734.75,25.3,1.0,0.0,0.0,1.04,0.14,2.092,1,9,35,0,0,65,0,65,75,trending,0.0,0,,,
2026-03-23T09:40:00+05:30,portfolio_replay,PREMIUM,SKIP,idle,22699.45,25.26,1.0,0.0,0.0,1.04,0.016,2.092,1,9,40,0,0,65,0,65,75,trending,0.0,0,,,
2026-03-23T09:45:00+05:30,portfolio_replay,PREMIUM,ENTER,iron_condor,22696.85,25.47,1.0,0.0,0.0,1.041,0.027,0.359,1,9,45,0,0,77,0,77,75,high_vol_range,42.99,75,,,
2026-03-23T10:00:00+05:30,portfolio_replay,TREND,ENTER,debit_spread,22587.75,26.21,1.0,0.0,0.0,1.041,0.508,0.633,1,10,0,0,0,62,0,62,60,high_vol_range,37.51,75,,,
2026-03-23T13:44:00+05:30,portfolio_replay,PREMIUM,EXIT,iron_condor,22561.7,26.74,1.0,0.0,0.0,1.041,0.622,0.209,1,13,44,0,0,0,0,0,0,high_vol_range,0.0,0,Profit target: premium decayed 55.7%,1794.75,239
2026-03-23T14:03:00+05:30,portfolio_replay,TREND,EXIT,debit_spread,22642.5,26.58,1.0,0.0,0.0,1.041,0.266,0.503,1,14,3,0,0,0,0,0,0,high_vol_range,0.0,0,Trend stop: lost 50.1%,-1410.0,243
2026-03-23T09:30:00+05:30,portfolio_replay,PREMIUM,SKIP,idle,22714.65,25.12,1.0,0.0,0.0,1.04,0.051,2.092,1,9,30,0,0,65,0,65,75,trending,0.0,0,,,
2026-03-23T09:35:00+05:30,portfolio_replay,PREMIUM,SKIP,idle,22734.75,25.3,1.0,0.0,0.0,1.04,0.14,2.092,1,9,35,0,0,65,0,65,75,trending,0.0,0,,,
2026-03-23T09:40:00+05:30,portfolio_replay,PREMIUM,SKIP,idle,22699.45,25.26,1.0,0.0,0.0,1.04,0.016,2.092,1,9,40,0,0,65,0,65,75,trending,0.0,0,,,
2026-03-23T09:45:00+05:30,portfolio_replay,PREMIUM,ENTER,iron_condor,22696.85,25.47,1.0,0.0,0.0,1.041,0.027,0.359,1,9,45,0,0,77,0,77,75,high_vol_range,42.99,75,,,
2026-03-23T10:00:00+05:30,portfolio_replay,TREND,ENTER,debit_spread,22587.75,26.21,1.0,0.0,0.0,1.041,0.508,0.633,1,10,0,0,0,62,0,62,60,high_vol_range,37.51,75,,,
2026-03-23T12:24:00+05:30,portfolio_replay,TREND,EXIT,debit_spread,22482.95,26.87,1.0,0.0,0.0,1.041,0.969,0.182,1,12,24,0,0,0,0,0,0,high_vol_range,0.0,0,Trend profit: spread at 51.2% of max,1028.25,144
2026-03-23T13:44:00+05:30,portfolio_replay,PREMIUM,EXIT,iron_condor,22561.7,26.74,1.0,0.0,0.0,1.041,0.622,0.209,1,13,44,0,0,0,0,0,0,high_vol_range,0.0,0,Profit target: premium decayed 55.7%,1794.75,239
2026-03-23T09:30:00+05:30,portfolio_replay,PREMIUM,SKIP,idle,22714.65,25.12,1.0,0.0,0.0,1.04,0.051,2.092,1,9,30,0,0,65,0,65,75,trending,0.0,0,,,
2026-03-23T09:35:00+05:30,portfolio_replay,PREMIUM,SKIP,idle,22734.75,25.3,1.0,0.0,0.0,1.04,0.14,2.092,1,9,35,0,0,65,0,65,75,trending,0.0,0,,,
2026-03-23T09:40:00+05:30,portfolio_replay,PREMIUM,SKIP,idle,22699.45,25.26,1.0,0.0,0.0,1.04,0.016,2.092,1,9,40,0,0,65,0,65,75,trending,0.0,0,,,
2026-03-23T09:45:00+05:30,portfolio_replay,PREMIUM,ENTER,iron_condor,22696.85,25.47,1.0,0.0,0.0,1.041,0.027,0.359,1,9,45,0,0,77,0,77,75,high_vol_range,42.99,75,,,
2026-03-23T10:00:00+05:30,portfolio_replay,TREND,ENTER,debit_spread,22587.75,26.21,1.0,0.0,0.0,1.041,0.508,0.633,1,10,0,0,0,62,0,62,55,high_vol_range,37.51,75,,,
2026-03-23T12:24:00+05:30,portfolio_replay,TREND,EXIT,debit_spread,22482.95,26.87,1.0,0.0,0.0,1.041,0.969,0.182,1,12,24,0,0,0,0,0,0,high_vol_range,0.0,0,Trend profit: spread at 51.2% of max,1028.25,144
2026-03-23T13:44:00+05:30,portfolio_replay,PREMIUM,EXIT,iron_condor,22561.7,26.74,1.0,0.0,0.0,1.041,0.622,0.209,1,13,44,0,0,0,0,0,0,high_vol_range,0.0,0,Profit target: premium decayed 55.7%,1794.75,239
2026-03-23T09:30:00+05:30,portfolio_replay,PREMIUM,SKIP,idle,22714.65,25.12,1.0,0.0,0.0,1.04,0.051,2.092,1,9,30,0,0,65,0,65,75,trending,0.0,0,,,
2026-03-23T09:35:00+05:30,portfolio_replay,PREMIUM,SKIP,idle,22734.75,25.3,1.0,0.0,0.0,1.04,0.14,2.092,1,9,35,0,0,65,0,65,75,trending,0.0,0,,,
2026-03-23T09:40:00+05:30,portfolio_replay,PREMIUM,SKIP,idle,22699.45,25.26,1.0,0.0,0.0,1.04,0.016,2.092,1,9,40,0,0,65,0,65,75,trending,0.0,0,,,
2026-03-23T09:45:00+05:30,portfolio_replay,PREMIUM,ENTER,iron_condor,22696.85,25.47,1.0,0.0,0.0,1.041,0.027,0.359,1,9,45,0,0,77,0,77,75,high_vol_range,42.99,75,,,
2026-03-23T10:00:00+05:30,portfolio_replay,TREND,ENTER,debit_spread,22587.75,26.21,1.0,0.0,0.0,1.041,0.508,0.633,1,10,0,0,0,62,0,62,50,high_vol_range,37.51,75,,,
2026-03-23T12:24:00+05:30,portfolio_replay,TREND,EXIT,debit_spread,22482.95,26.87,1.0,0.0,0.0,1.041,0.969,0.182,1,12,24,0,0,0,0,0,0,high_vol_range,0.0,0,Trend profit: spread at 51.2% of max,1028.25,144
2026-03-23T13:44:00+05:30,portfolio_replay,PREMIUM,EXIT,iron_condor,22561.7,26.74,1.0,0.0,0.0,1.041,0.622,0.209,1,13,44,0,0,0,0,0,0,high_vol_range,0.0,0,Profit target: premium decayed 55.7%,1794.75,239
2026-03-23T09:30:00+05:30,portfolio_replay,PREMIUM,SKIP,idle,22714.65,25.12,1.0,0.0,0.0,1.04,0.051,2.092,1,9,30,0,0,65,0,65,75,trending,0.0,0,,,
2026-03-23T09:35:00+05:30,portfolio_replay,PREMIUM,SKIP,idle,22734.75,25.3,1.0,0.0,0.0,1.04,0.14,2.092,1,9,35,0,0,65,0,65,75,trending,0.0,0,,,
2026-03-23T09:40:00+05:30,portfolio_replay,PREMIUM,SKIP,idle,22699.45,25.26,1.0,0.0,0.0,1.04,0.016,2.092,1,9,40,0,0,65,0,65,75,trending,0.0,0,,,
2026-03-23T09:45:00+05:30,portfolio_replay,PREMIUM,ENTER,iron_condor,22696.85,25.47,1.0,0.0,0.0,1.041,0.027,0.359,1,9,45,0,0,77,0,77,75,high_vol_range,42.99,75,,,
2026-03-23T10:00:00+05:30,portfolio_replay,TREND,ENTER,debit_spread,22587.75,26.21,1.0,0.0,0.0,1.041,0.508,0.633,1,10,0,0,0,62,0,62,55,high_vol_range,37.51,75,,,
2026-03-23T12:24:00+05:30,portfolio_replay,TREND,EXIT,debit_spread,22482.95,26.87,1.0,0.0,0.0,1.041,0.969,0.182,1,12,24,0,0,0,0,0,0,high_vol_range,0.0,0,Trend profit: spread at 51.2% of max,1028.25,144
2026-03-23T13:44:00+05:30,portfolio_replay,PREMIUM,EXIT,iron_condor,22561.7,26.74,1.0,0.0,0.0,1.041,0.622,0.209,1,13,44,0,0,0,0,0,0,high_vol_range,0.0,0,Profit target: premium decayed 55.7%,1794.75,239
2026-03-23T09:30:00+05:30,portfolio_replay,PREMIUM,SKIP,idle,22714.65,25.12,1.0,0.0,0.0,1.04,0.051,2.092,1,9,30,0,0,65,0,65,75,trending,0.0,0,,,
2026-03-23T09:35:00+05:30,portfolio_replay,PREMIUM,SKIP,idle,22734.75,25.3,1.0,0.0,0.0,1.04,0.14,2.092,1,9,35,0,0,65,0,65,75,trending,0.0,0,,,
2026-03-23T09:40:00+05:30,portfolio_replay,PREMIUM,SKIP,idle,22699.45,25.26,1.0,0.0,0.0,1.04,0.016,2.092,1,9,40,0,0,65,0,65,75,trending,0.0,0,,,
2026-03-23T09:45:00+05:30,portfolio_replay,PREMIUM,ENTER,iron_condor,22696.85,25.47,1.0,0.0,0.0,1.041,0.027,0.359,1,9,45,0,0,77,0,77,75,high_vol_range,42.99,75,,,
2026-03-23T10:00:00+05:30,portfolio_replay,TREND,ENTER,debit_spread,22587.75,26.21,1.0,0.0,0.0,1.041,0.508,0.633,1,10,0,0,0,62,0,62,55,high_vol_range,37.51,75,,,
2026-03-23T12:24:00+05:30,portfolio_replay,TREND,EXIT,debit_spread,22482.95,26.87,1.0,0.0,0.0,1.041,0.969,0.182,1,12,24,0,0,0,0,0,0,high_vol_range,0.0,0,Trend profit: spread at 51.2% of max,1028.25,144
2026-03-23T13:44:00+05:30,portfolio_replay,PREMIUM,EXIT,iron_condor,22561.7,26.74,1.0,0.0,0.0,1.041,0.622,0.209,1,13,44,0,0,0,0,0,0,high_vol_range,0.0,0,Profit target: premium decayed 55.7%,1794.75,239
2026-03-23T09:30:00+05:30,portfolio_replay,PREMIUM,SKIP,idle,22714.65,25.12,1.0,0.0,0.0,1.04,0.051,2.092,1,9,30,0,0,65,0,65,75,trending,0.0,0,,,
2026-03-23T09:35:00+05:30,portfolio_replay,PREMIUM,SKIP,idle,22734.75,25.3,1.0,0.0,0.0,1.04,0.14,2.092,1,9,35,0,0,65,0,65,75,trending,0.0,0,,,
2026-03-23T09:40:00+05:30,portfolio_replay,PREMIUM,SKIP,idle,22699.45,25.26,1.0,0.0,0.0,1.04,0.016,2.092,1,9,40,0,0,65,0,65,75,trending,0.0,0,,,
2026-03-23T09:45:00+05:30,portfolio_replay,PREMIUM,ENTER,iron_condor,22696.85,25.47,1.0,0.0,0.0,1.041,0.027,0.359,1,9,45,0,0,77,0,77,75,high_vol_range,42.99,75,,,
2026-03-23T10:00:00+05:30,portfolio_replay,TREND,ENTER,debit_spread,22587.75,26.21,1.0,0.0,0.0,1.041,0.508,0.633,1,10,0,0,0,62,0,62,60,high_vol_range,37.51,75,,,
2026-03-23T13:44:00+05:30,portfolio_replay,PREMIUM,EXIT,iron_condor,22561.7,26.74,1.0,0.0,0.0,1.041,0.622,0.209,1,13,44,0,0,0,0,0,0,high_vol_range,0.0,0,Profit target: premium decayed 55.7%,1794.75,239
2026-03-23T14:02:00+05:30,portfolio_replay,TREND,EXIT,debit_spread,22632.65,26.61,1.0,0.0,0.0,1.041,0.31,0.503,1,14,2,0,0,0,0,0,0,high_vol_range,0.0,0,Trend stop: lost 45.1%,-1269.75,242
2026-03-23T09:30:00+05:30,portfolio_replay,PREMIUM,SKIP,idle,22714.65,25.12,1.0,0.0,0.0,1.04,0.051,2.092,1,9,30,0,0,65,0,65,75,trending,0.0,0,,,
2026-03-23T09:35:00+05:30,portfolio_replay,PREMIUM,SKIP,idle,22734.75,25.3,1.0,0.0,0.0,1.04,0.14,2.092,1,9,35,0,0,65,0,65,75,trending,0.0,0,,,
2026-03-23T09:40:00+05:30,portfolio_replay,PREMIUM,SKIP,idle,22699.45,25.26,1.0,0.0,0.0,1.04,0.016,2.092,1,9,40,0,0,65,0,65,75,trending,0.0,0,,,
2026-03-23T09:45:00+05:30,portfolio_replay,PREMIUM,ENTER,iron_condor,22696.85,25.47,1.0,0.0,0.0,1.041,0.027,0.359,1,9,45,0,0,77,0,77,75,high_vol_range,42.99,75,,,
2026-03-23T10:00:00+05:30,portfolio_replay,TREND,ENTER,debit_spread,22587.75,26.21,1.0,0.0,0.0,1.041,0.508,0.633,1,10,0,0,0,62,0,62,60,high_vol_range,37.51,75,,,
2026-03-23T12:24:00+05:30,portfolio_replay,TREND,EXIT,debit_spread,22482.95,26.87,1.0,0.0,0.0,1.041,0.969,0.182,1,12,24,0,0,0,0,0,0,high_vol_range,0.0,0,Trend profit: spread at 51.2% of max,1028.25,144
2026-03-23T13:30:00+05:30,portfolio_replay,PREMIUM,EXIT,iron_condor,22518.6,26.97,1.0,0.0,0.0,1.041,0.812,0.167,1,13,30,0,0,0,0,0,0,high_vol_range,0.0,0,Profit target: premium decayed 25.4%,819.75,225
2026-03-23T09:30:00+05:30,portfolio_replay,PREMIUM,SKIP,idle,22714.65,25.12,1.0,0.0,0.0,1.04,0.051,2.092,1,9,30,0,0,65,0,65,75,trending,0.0,0,,,
2026-03-23T09:35:00+05:30,portfolio_replay,PREMIUM,SKIP,idle,22734.75,25.3,1.0,0.0,0.0,1.04,0.14,2.092,1,9,35,0,0,65,0,65,75,trending,0.0,0,,,
2026-03-23T09:40:00+05:30,portfolio_replay,PREMIUM,SKIP,idle,22699.45,25.26,1.0,0.0,0.0,1.04,0.016,2.092,1,9,40,0,0,65,0,65,75,trending,0.0,0,,,
2026-03-23T09:45:00+05:30,portfolio_replay,PREMIUM,ENTER,iron_condor,22696.85,25.47,1.0,0.0,0.0,1.041,0.027,0.359,1,9,45,0,0,77,0,77,75,high_vol_range,42.99,75,,,
2026-03-23T10:00:00+05:30,portfolio_replay,TREND,ENTER,debit_spread,22587.75,26.21,1.0,0.0,0.0,1.041,0.508,0.633,1,10,0,0,0,62,0,62,60,high_vol_range,37.51,75,,,
2026-03-23T12:24:00+05:30,portfolio_replay,TREND,EXIT,debit_spread,22482.95,26.87,1.0,0.0,0.0,1.041,0.969,0.182,1,12,24,0,0,0,0,0,0,high_vol_range,0.0,0,Trend profit: spread at 51.2% of max,1028.25,144
2026-03-23T13:44:00+05:30,portfolio_replay,PREMIUM,EXIT,iron_condor,22561.7,26.74,1.0,0.0,0.0,1.041,0.622,0.209,1,13,44,0,0,0,0,0,0,high_vol_range,0.0,0,Profit target: premium decayed 55.7%,1794.75,239
2026-03-23T09:30:00+05:30,portfolio_replay,PREMIUM,SKIP,idle,22714.65,25.12,1.0,0.0,0.0,1.04,0.051,2.092,1,9,30,0,0,65,0,65,75,trending,0.0,0,,,
2026-03-23T09:35:00+05:30,portfolio_replay,PREMIUM,SKIP,idle,22734.75,25.3,1.0,0.0,0.0,1.04,0.14,2.092,1,9,35,0,0,65,0,65,75,trending,0.0,0,,,
2026-03-23T09:40:00+05:30,portfolio_replay,PREMIUM,SKIP,idle,22699.45,25.26,1.0,0.0,0.0,1.04,0.016,2.092,1,9,40,0,0,65,0,65,75,trending,0.0,0,,,
2026-03-23T09:45:00+05:30,portfolio_replay,PREMIUM,ENTER,iron_condor,22696.85,25.47,1.0,0.0,0.0,1.041,0.027,0.359,1,9,45,0,0,77,0,77,75,high_vol_range,42.99,75,,,
2026-03-23T10:00:00+05:30,portfolio_replay,TREND,ENTER,debit_spread,22587.75,26.21,1.0,0.0,0.0,1.041,0.508,0.633,1,10,0,0,0,62,0,62,60,high_vol_range,37.51,75,,,
2026-03-23T12:24:00+05:30,portfolio_replay,TREND,EXIT,debit_spread,22482.95,26.87,1.0,0.0,0.0,1.041,0.969,0.182,1,12,24,0,0,0,0,0,0,high_vol_range,0.0,0,Trend profit: spread at 51.2% of max,1028.25,144
2026-03-23T13:44:00+05:30,portfolio_replay,PREMIUM,EXIT,iron_condor,22561.7,26.74,1.0,0.0,0.0,1.041,0.622,0.209,1,13,44,0,0,0,0,0,0,high_vol_range,0.0,0,Profit target: premium decayed 55.7%,1794.75,239
2026-03-23T09:30:00+05:30,portfolio_replay,PREMIUM,SKIP,idle,22714.65,25.12,1.0,0.0,0.0,1.04,0.051,2.092,1,9,30,0,0,65,0,65,75,trending,0.0,0,,,
2026-03-23T09:35:00+05:30,portfolio_replay,PREMIUM,SKIP,idle,22734.75,25.3,1.0,0.0,0.0,1.04,0.14,2.092,1,9,35,0,0,65,0,65,75,trending,0.0,0,,,
2026-03-23T09:40:00+05:30,portfolio_replay,PREMIUM,SKIP,idle,22699.45,25.26,1.0,0.0,0.0,1.04,0.016,2.092,1,9,40,0,0,65,0,65,75,trending,0.0,0,,,
2026-03-23T09:45:00+05:30,portfolio_replay,PREMIUM,ENTER,iron_condor,22696.85,25.47,1.0,0.0,0.0,1.041,0.027,0.359,1,9,45,0,0,77,0,77,75,high_vol_range,42.99,75,,,
2026-03-23T10:00:00+05:30,portfolio_replay,TREND,ENTER,debit_spread,22587.75,26.21,1.0,0.0,0.0,1.041,0.508,0.633,1,10,0,0,0,62,0,62,60,high_vol_range,37.51,75,,,
2026-03-23T12:24:00+05:30,portfolio_replay,TREND,EXIT,debit_spread,22482.95,26.87,1.0,0.0,0.0,1.041,0.969,0.182,1,12,24,0,0,0,0,0,0,high_vol_range,0.0,0,Trend profit: spread at 51.2% of max,1028.25,144
2026-03-23T13:44:00+05:30,portfolio_replay,PREMIUM,EXIT,iron_condor,22561.7,26.74,1.0,0.0,0.0,1.041,0.622,0.209,1,13,44,0,0,0,0,0,0,high_vol_range,0.0,0,Profit target: premium decayed 55.7%,1794.75,239
2026-03-23T09:30:00+05:30,portfolio_replay,PREMIUM,SKIP,idle,22714.65,25.12,1.0,0.0,0.0,1.04,0.051,2.092,1,9,30,0,0,65,0,65,75,trending,0.0,0,,,
2026-03-23T09:35:00+05:30,portfolio_replay,PREMIUM,SKIP,idle,22734.75,25.3,1.0,0.0,0.0,1.04,0.14,2.092,1,9,35,0,0,65,0,65,75,trending,0.0,0,,,
2026-03-23T09:40:00+05:30,portfolio_replay,PREMIUM,SKIP,idle,22699.45,25.26,1.0,0.0,0.0,1.04,0.016,2.092,1,9,40,0,0,65,0,65,75,trending,0.0,0,,,
2026-03-23T09:45:00+05:30,portfolio_replay,PREMIUM,ENTER,iron_condor,22696.85,25.47,1.0,0.0,0.0,1.041,0.027,0.359,1,9,45,0,0,77,0,77,75,high_vol_range,42.99,75,,,
2026-03-23T10:00:00+05:30,portfolio_replay,TREND,ENTER,debit_spread,22587.75,26.21,1.0,0.0,0.0,1.041,0.508,0.633,1,10,0,0,0,62,0,62,60,high_vol_range,37.51,75,,,
2026-03-23T12:24:00+05:30,portfolio_replay,TREND,EXIT,debit_spread,22482.95,26.87,1.0,0.0,0.0,1.041,0.969,0.182,1,12,24,0,0,0,0,0,0,high_vol_range,0.0,0,Trend profit: spread at 51.2% of max,1028.25,144
2026-03-23T13:44:00+05:30,portfolio_replay,PREMIUM,EXIT,iron_condor,22561.7,26.74,1.0,0.0,0.0,1.041,0.622,0.209,1,13,44,0,0,0,0,0,0,high_vol_range,0.0,0,Profit target: premium decayed 55.7%,1794.75,239
2026-03-23T09:30:00+05:30,portfolio_replay,PREMIUM,SKIP,idle,22714.65,25.12,1.0,0.0,0.0,1.04,0.051,2.092,1,9,30,0,0,65,0,65,75,trending,0.0,0,,,
2026-03-23T09:35:00+05:30,portfolio_replay,PREMIUM,SKIP,idle,22734.75,25.3,1.0,0.0,0.0,1.04,0.14,2.092,1,9,35,0,0,65,0,65,75,trending,0.0,0,,,
2026-03-23T09:40:00+05:30,portfolio_replay,PREMIUM,SKIP,idle,22699.45,25.26,1.0,0.0,0.0,1.04,0.016,2.092,1,9,40,0,0,65,0,65,75,trending,0.0,0,,,
2026-03-23T09:45:00+05:30,portfolio_replay,PREMIUM,ENTER,iron_condor,22696.85,25.47,1.0,0.0,0.0,1.041,0.027,0.359,1,9,45,0,0,77,0,77,75,high_vol_range,42.99,75,,,
2026-03-23T10:00:00+05:30,portfolio_replay,TREND,ENTER,debit_spread,22587.75,26.21,1.0,0.0,0.0,1.041,0.508,0.633,1,10,0,0,0,62,0,62,60,high_vol_range,37.51,75,,,
2026-03-23T12:24:00+05:30,portfolio_replay,TREND,EXIT,debit_spread,22482.95,26.87,1.0,0.0,0.0,1.041,0.969,0.182,1,12,24,0,0,0,0,0,0,high_vol_range,0.0,0,Trend profit: spread at 51.2% of max,1028.25,144
2026-03-23T13:44:00+05:30,portfolio_replay,PREMIUM,EXIT,iron_condor,22561.7,26.74,1.0,0.0,0.0,1.041,0.622,0.209,1,13,44,0,0,0,0,0,0,high_vol_range,0.0,0,Profit target: premium decayed 55.7%,1794.75,239
2026-03-23T09:30:00+05:30,portfolio_replay,PREMIUM,SKIP,idle,22714.65,25.12,1.0,0.0,0.0,1.04,0.051,2.092,1,9,30,0,0,65,0,65,75,trending,0.0,0,,,
2026-03-23T09:35:00+05:30,portfolio_replay,PREMIUM,SKIP,idle,22734.75,25.3,1.0,0.0,0.0,1.04,0.14,2.092,1,9,35,0,0,65,0,65,75,trending,0.0,0,,,
2026-03-23T09:40:00+05:30,portfolio_replay,PREMIUM,SKIP,idle,22699.45,25.26,1.0,0.0,0.0,1.04,0.016,2.092,1,9,40,0,0,65,0,65,75,trending,0.0,0,,,
2026-03-23T09:45:00+05:30,portfolio_replay,PREMIUM,ENTER,iron_condor,22696.85,25.47,1.0,0.0,0.0,1.041,0.027,0.359,1,9,45,0,0,77,0,77,75,high_vol_range,42.99,75,,,
2026-03-23T10:00:00+05:30,portfolio_replay,TREND,ENTER,debit_spread,22587.75,26.21,1.0,0.0,0.0,1.041,0.508,0.633,1,10,0,0,0,62,0,62,60,high_vol_range,37.51,75,,,
2026-03-23T12:24:00+05:30,portfolio_replay,TREND,EXIT,debit_spread,22482.95,26.87,1.0,0.0,0.0,1.041,0.969,0.182,1,12,24,0,0,0,0,0,0,high_vol_range,0.0,0,Trend profit: spread at 51.2% of max,1028.25,144
2026-03-23T13:44:00+05:30,portfolio_replay,PREMIUM,EXIT,iron_condor,22561.7,26.74,1.0,0.0,0.0,1.041,0.622,0.209,1,13,44,0,0,0,0,0,0,high_vol_range,0.0,0,Profit target: premium decayed 55.7%,1794.75,239
2026-03-23T09:30:00+05:30,portfolio_replay,PREMIUM,SKIP,idle,22714.65,25.12,1.0,0.0,0.0,1.04,0.051,2.092,1,9,30,0,0,65,0,65,75,trending,0.0,0,,,
2026-03-23T09:35:00+05:30,portfolio_replay,PREMIUM,SKIP,idle,22734.75,25.3,1.0,0.0,0.0,1.04,0.14,2.092,1,9,35,0,0,65,0,65,75,trending,0.0,0,,,
2026-03-23T09:40:00+05:30,portfolio_replay,PREMIUM,SKIP,idle,22699.45,25.26,1.0,0.0,0.0,1.04,0.016,2.092,1,9,40,0,0,65,0,65,75,trending,0.0,0,,,
2026-03-23T09:45:00+05:30,portfolio_replay,PREMIUM,ENTER,iron_condor,22696.85,25.47,1.0,0.0,0.0,1.041,0.027,0.359,1,9,45,0,0,77,0,77,75,high_vol_range,42.99,75,,,
2026-03-23T10:00:00+05:30,portfolio_replay,TREND,ENTER,debit_spread,22587.75,26.21,1.0,0.0,0.0,1.041,0.508,0.633,1,10,0,0,0,62,0,62,60,high_vol_range,37.51,75,,,
2026-03-23T12:24:00+05:30,portfolio_replay,TREND,EXIT,debit_spread,22482.95,26.87,1.0,0.0,0.0,1.041,0.969,0.182,1,12,24,0,0,0,0,0,0,high_vol_range,0.0,0,Trend profit: spread at 51.2% of max,1028.25,144
2026-03-23T13:44:00+05:30,portfolio_replay,PREMIUM,EXIT,iron_condor,22561.7,26.74,1.0,0.0,0.0,1.041,0.622,0.209,1,13,44,0,0,0,0,0,0,high_vol_range,0.0,0,Profit target: premium decayed 55.7%,1794.75,239
2026-03-23T09:30:00+05:30,portfolio_replay,PREMIUM,SKIP,idle,22714.65,25.12,1.0,0.0,0.0,1.04,0.051,2.092,1,9,30,0,0,65,0,65,75,trending,0.0,0,,,
2026-03-23T09:35:00+05:30,portfolio_replay,PREMIUM,SKIP,idle,22734.75,25.3,1.0,0.0,0.0,1.04,0.14,2.092,1,9,35,0,0,65,0,65,75,trending,0.0,0,,,
2026-03-23T09:40:00+05:30,portfolio_replay,PREMIUM,SKIP,idle,22699.45,25.26,1.0,0.0,0.0,1.04,0.016,2.092,1,9,40,0,0,65,0,65,75,trending,0.0,0,,,
2026-03-23T09:45:00+05:30,portfolio_replay,PREMIUM,ENTER,iron_condor,22696.85,25.47,1.0,0.0,0.0,1.041,0.027,0.359,1,9,45,0,0,77,0,77,75,high_vol_range,32.96,75,,,
2026-03-23T10:00:00+05:30,portfolio_replay,TREND,ENTER,debit_spread,22587.75,26.21,1.0,0.0,0.0,1.041,0.508,0.633,1,10,0,0,0,62,0,62,60,high_vol_range,37.51,75,,,
2026-03-23T12:24:00+05:30,portfolio_replay,TREND,EXIT,debit_spread,22482.95,26.87,1.0,0.0,0.0,1.041,0.969,0.182,1,12,24,0,0,0,0,0,0,high_vol_range,0.0,0,Trend profit: spread at 51.2% of max,1028.25,144
2026-03-23T13:44:00+05:30,portfolio_replay,PREMIUM,EXIT,iron_condor,22561.7,26.74,1.0,0.0,0.0,1.041,0.622,0.209,1,13,44,0,0,0,0,0,0,high_vol_range,0.0,0,Profit target: premium decayed 50.9%,1259.25,239
2026-03-23T09:30:00+05:30,portfolio_replay,PREMIUM,SKIP,idle,22714.65,25.12,1.0,0.0,0.0,1.04,0.051,2.092,1,9,30,0,0,65,0,65,75,trending,0.0,0,,,
2026-03-23T09:35:00+05:30,portfolio_replay,PREMIUM,SKIP,idle,22734.75,25.3,1.0,0.0,0.0,1.04,0.14,2.092,1,9,35,0,0,65,0,65,75,trending,0.0,0,,,
2026-03-23T09:40:00+05:30,portfolio_replay,PREMIUM,SKIP,idle,22699.45,25.26,1.0,0.0,0.0,1.04,0.016,2.092,1,9,40,0,0,65,0,65,75,trending,0.0,0,,,
2026-03-23T09:45:00+05:30,portfolio_replay,PREMIUM,ENTER,iron_condor,22696.85,25.47,1.0,0.0,0.0,1.041,0.027,0.359,1,9,45,0,0,77,0,77,75,high_vol_range,47.92,75,,,
2026-03-23T10:00:00+05:30,portfolio_replay,TREND,ENTER,debit_spread,22587.75,26.21,1.0,0.0,0.0,1.041,0.508,0.633,1,10,0,0,0,62,0,62,60,high_vol_range,37.51,75,,,
2026-03-23T12:24:00+05:30,portfolio_replay,TREND,EXIT,debit_spread,22482.95,26.87,1.0,0.0,0.0,1.041,0.969,0.182,1,12,24,0,0,0,0,0,0,high_vol_range,0.0,0,Trend profit: spread at 51.2% of max,1028.25,144
2026-03-23T13:44:00+05:30,portfolio_replay,PREMIUM,EXIT,iron_condor,22561.7,26.74,1.0,0.0,0.0,1.041,0.622,0.209,1,13,44,0,0,0,0,0,0,high_vol_range,0.0,0,Profit target: premium decayed 58.5%,2100.75,239
2026-03-23T09:30:00+05:30,portfolio_replay,PREMIUM,SKIP,idle,22714.65,25.12,1.0,0.0,0.0,1.04,0.051,2.092,1,9,30,0,0,65,0,65,75,trending,0.0,0,,,
2026-03-23T09:35:00+05:30,portfolio_replay,PREMIUM,SKIP,idle,22734.75,25.3,1.0,0.0,0.0,1.04,0.14,2.092,1,9,35,0,0,65,0,65,75,trending,0.0,0,,,
2026-03-23T09:40:00+05:30,portfolio_replay,PREMIUM,SKIP,idle,22699.45,25.26,1.0,0.0,0.0,1.04,0.016,2.092,1,9,40,0,0,65,0,65,75,trending,0.0,0,,,
2026-03-23T09:45:00+05:30,portfolio_replay,PREMIUM,ENTER,iron_condor,22696.85,25.47,1.0,0.0,0.0,1.041,0.027,0.359,1,9,45,0,0,77,0,77,75,high_vol_range,42.99,75,,,
2026-03-23T10:00:00+05:30,portfolio_replay,TREND,ENTER,debit_spread,22587.75,26.21,1.0,0.0,0.0,1.041,0.508,0.633,1,10,0,0,0,62,0,62,60,high_vol_range,52.11,75,,,
2026-03-23T13:44:00+05:30,portfolio_replay,PREMIUM,EXIT,iron_condor,22561.7,26.74,1.0,0.0,0.0,1.041,0.622,0.209,1,13,44,0,0,0,0,0,0,high_vol_range,0.0,0,Profit target: premium decayed 55.7%,1794.75,239
2026-03-23T13:50:00+05:30,portfolio_replay,TREND,EXIT,debit_spread,22619.9,26.55,1.0,0.0,0.0,1.041,0.366,0.496,1,13,50,0,0,0,0,0,0,high_vol_range,0.0,0,Trend stop: lost 41.1%,-1608.0,230
2026-03-23T09:30:00+05:30,portfolio_replay,PREMIUM,SKIP,idle,22714.65,25.12,1.0,0.0,0.0,1.04,0.051,2.092,1,9,30,0,0,65,0,65,75,trending,0.0,0,,,
2026-03-23T09:35:00+05:30,portfolio_replay,PREMIUM,SKIP,idle,22734.75,25.3,1.0,0.0,0.0,1.04,0.14,2.092,1,9,35,0,0,65,0,65,75,trending,0.0,0,,,
2026-03-23T09:40:00+05:30,portfolio_replay,PREMIUM,SKIP,idle,22699.45,25.26,1.0,0.0,0.0,1.04,0.016,2.092,1,9,40,0,0,65,0,65,75,trending,0.0,0,,,
2026-03-23T09:45:00+05:30,portfolio_replay,PREMIUM,ENTER,iron_condor,22696.85,25.47,1.0,0.0,0.0,1.041,0.027,0.359,1,9,45,0,0,77,0,77,75,high_vol_range,42.99,75,,,
2026-03-23T10:00:00+05:30,portfolio_replay,TREND,ENTER,debit_spread,22587.75,26.21,1.0,0.0,0.0,1.041,0.508,0.633,1,10,0,0,0,62,0,62,60,high_vol_range,64.24,75,,,
2026-03-23T13:44:00+05:30,portfolio_replay,PREMIUM,EXIT,iron_condor,22561.7,26.74,1.0,0.0,0.0,1.041,0.622,0.209,1,13,44,0,0,0,0,0,0,high_vol_range,0.0,0,Profit target: premium decayed 55.7%,1794.75,239
2026-03-23T13:49:00+05:30,portfolio_replay,TREND,EXIT,debit_spread,22598.95,26.67,1.0,0.0,0.0,1.041,0.458,0.331,1,13,49,0,0,0,0,0,0,high_vol_range,0.0,0,Trend stop: lost 35.4%,-1707.0,229
2026-03-23T09:30:00+05:30,portfolio_replay,PREMIUM,SKIP,idle,22714.65,25.12,1.0,0.0,0.0,1.04,0.051,2.092,1,9,30,0,0,65,0,65,75,trending,0.0,0,,,
2026-03-23T09:35:00+05:30,portfolio_replay,PREMIUM,SKIP,idle,22734.75,25.3,1.0,0.0,0.0,1.04,0.14,2.092,1,9,35,0,0,65,0,65,75,trending,0.0,0,,,
2026-03-23T09:40:00+05:30,portfolio_replay,PREMIUM,SKIP,idle,22699.45,25.26,1.0,0.0,0.0,1.04,0.016,2.092,1,9,40,0,0,65,0,65,75,trending,0.0,0,,,
2026-03-23T09:45:00+05:30,portfolio_replay,PREMIUM,ENTER,iron_condor,22696.85,25.47,1.0,0.0,0.0,1.041,0.027,0.359,1,9,45,0,0,77,0,77,75,high_vol_range,42.99,75,,,
2026-03-23T10:00:00+05:30,portfolio_replay,TREND,ENTER,debit_spread,22587.75,26.21,1.0,0.0,0.0,1.041,0.508,0.633,1,10,0,0,0,62,0,62,60,high_vol_range,37.51,75,,,
2026-03-23T12:24:00+05:30,portfolio_replay,TREND,EXIT,debit_spread,22482.95,26.87,1.0,0.0,0.0,1.041,0.969,0.182,1,12,24,0,0,0,0,0,0,high_vol_range,0.0,0,Trend profit: spread at 51.2% of max,1028.25,144
2026-03-23T13:30:00+05:30,portfolio_replay,PREMIUM,EXIT,iron_condor,22518.6,26.97,1.0,0.0,0.0,1.041,0.812,0.167,1,13,30,0,0,0,0,0,0,high_vol_range,0.0,0,Profit target: premium decayed 25.4%,819.75,225
2026-03-23T09:30:00+05:30,portfolio_replay,PREMIUM,SKIP,idle,22714.65,25.12,1.0,0.0,0.0,1.04,0.051,2.092,1,9,30,0,0,65,0,65,75,trending,0.0,0,,,
2026-03-23T09:35:00+05:30,portfolio_replay,PREMIUM,SKIP,idle,22734.75,25.3,1.0,0.0,0.0,1.04,0.14,2.092,1,9,35,0,0,65,0,65,75,trending,0.0,0,,,
2026-03-23T09:40:00+05:30,portfolio_replay,PREMIUM,SKIP,idle,22699.45,25.26,1.0,0.0,0.0,1.04,0.016,2.092,1,9,40,0,0,65,0,65,75,trending,0.0,0,,,
2026-03-23T09:45:00+05:30,portfolio_replay,PREMIUM,ENTER,iron_condor,22696.85,25.47,1.0,0.0,0.0,1.041,0.027,0.359,1,9,45,0,0,77,0,77,75,high_vol_range,42.99,75,,,
2026-03-23T10:00:00+05:30,portfolio_replay,TREND,ENTER,debit_spread,22587.75,26.21,1.0,0.0,0.0,1.041,0.508,0.633,1,10,0,0,0,62,0,62,60,high_vol_range,37.51,75,,,
2026-03-23T12:24:00+05:30,portfolio_replay,TREND,EXIT,debit_spread,22482.95,26.87,1.0,0.0,0.0,1.041,0.969,0.182,1,12,24,0,0,0,0,0,0,high_vol_range,0.0,0,Trend profit: spread at 51.2% of max,1028.25,144
2026-03-23T13:44:00+05:30,portfolio_replay,PREMIUM,EXIT,iron_condor,22561.7,26.74,1.0,0.0,0.0,1.041,0.622,0.209,1,13,44,0,0,0,0,0,0,high_vol_range,0.0,0,Profit target: premium decayed 55.7%,1794.75,239
2026-03-23T09:30:00+05:30,portfolio_replay,PREMIUM,SKIP,idle,22714.65,25.12,1.0,0.0,0.0,1.04,0.051,2.092,1,9,30,0,0,65,0,65,75,trending,0.0,0,,,
2026-03-23T09:35:00+05:30,portfolio_replay,PREMIUM,SKIP,idle,22734.75,25.3,1.0,0.0,0.0,1.04,0.14,2.092,1,9,35,0,0,65,0,65,75,trending,0.0,0,,,
2026-03-23T09:40:00+05:30,portfolio_replay,PREMIUM,SKIP,idle,22699.45,25.26,1.0,0.0,0.0,1.04,0.016,2.092,1,9,40,0,0,65,0,65,75,trending,0.0,0,,,
2026-03-23T09:45:00+05:30,portfolio_replay,PREMIUM,ENTER,iron_condor,22696.85,25.47,1.0,0.0,0.0,1.041,0.027,0.359,1,9,45,0,0,77,0,77,75,high_vol_range,42.99,75,,,
2026-03-23T10:00:00+05:30,portfolio_replay,TREND,ENTER,debit_spread,22587.75,26.21,1.0,0.0,0.0,1.041,0.508,0.633,1,10,0,0,0,62,0,62,60,high_vol_range,37.51,75,,,
2026-03-23T12:24:00+05:30,portfolio_replay,TREND,EXIT,debit_spread,22482.95,26.87,1.0,0.0,0.0,1.041,0.969,0.182,1,12,24,0,0,0,0,0,0,high_vol_range,0.0,0,Trend profit: spread at 51.2% of max,1028.25,144
2026-03-23T13:44:00+05:30,portfolio_replay,PREMIUM,EXIT,iron_condor,22561.7,26.74,1.0,0.0,0.0,1.041,0.622,0.209,1,13,44,0,0,0,0,0,0,high_vol_range,0.0,0,Profit target: premium decayed 55.7%,1794.75,239
2026-03-23T09:30:00+05:30,portfolio_replay,PREMIUM,SKIP,idle,22714.65,25.12,1.0,0.0,0.0,1.04,0.051,2.092,1,9,30,0,0,65,0,65,75,trending,0.0,0,,,
2026-03-23T09:35:00+05:30,portfolio_replay,PREMIUM,SKIP,idle,22734.75,25.3,1.0,0.0,0.0,1.04,0.14,2.092,1,9,35,0,0,65,0,65,75,trending,0.0,0,,,
2026-03-23T09:40:00+05:30,portfolio_replay,PREMIUM,SKIP,idle,22699.45,25.26,1.0,0.0,0.0,1.04,0.016,2.092,1,9,40,0,0,65,0,65,75,trending,0.0,0,,,
2026-03-23T09:45:00+05:30,portfolio_replay,PREMIUM,ENTER,iron_condor,22696.85,25.47,1.0,0.0,0.0,1.041,0.027,0.359,1,9,45,0,0,77,0,77,75,high_vol_range,42.99,75,,,
2026-03-23T10:00:00+05:30,portfolio_replay,TREND,ENTER,debit_spread,22587.75,26.21,1.0,0.0,0.0,1.041,0.508,0.633,1,10,0,0,0,62,0,62,60,high_vol_range,52.11,75,,,
2026-03-23T13:44:00+05:30,portfolio_replay,PREMIUM,EXIT,iron_condor,22561.7,26.74,1.0,0.0,0.0,1.041,0.622,0.209,1,13,44,0,0,0,0,0,0,high_vol_range,0.0,0,Profit target: premium decayed 55.7%,1794.75,239
2026-03-23T13:49:00+05:30,portfolio_replay,TREND,EXIT,debit_spread,22598.95,26.67,1.0,0.0,0.0,1.041,0.458,0.331,1,13,49,0,0,0,0,0,0,high_vol_range,0.0,0,Trend stop: lost 30.3%,-1185.0,229
2026-03-23T09:30:00+05:30,portfolio_replay,PREMIUM,SKIP,idle,22714.65,25.12,1.0,0.0,0.0,1.04,0.051,2.092,1,9,30,0,0,65,0,65,75,trending,0.0,0,,,
2026-03-23T09:35:00+05:30,portfolio_replay,PREMIUM,SKIP,idle,22734.75,25.3,1.0,0.0,0.0,1.04,0.14,2.092,1,9,35,0,0,65,0,65,75,trending,0.0,0,,,
2026-03-23T09:40:00+05:30,portfolio_replay,PREMIUM,SKIP,idle,22699.45,25.26,1.0,0.0,0.0,1.04,0.016,2.092,1,9,40,0,0,65,0,65,75,trending,0.0,0,,,
2026-03-23T09:45:00+05:30,portfolio_replay,PREMIUM,ENTER,iron_condor,22696.85,25.47,1.0,0.0,0.0,1.041,0.027,0.359,1,9,45,0,0,77,0,77,75,high_vol_range,42.99,75,,,
2026-03-23T10:00:00+05:30,portfolio_replay,TREND,ENTER,debit_spread,22587.75,26.21,1.0,0.0,0.0,1.041,0.508,0.633,1,10,0,0,0,62,0,62,60,high_vol_range,37.51,75,,,
2026-03-23T12:24:00+05:30,portfolio_replay,TREND,EXIT,debit_spread,22482.95,26.87,1.0,0.0,0.0,1.041,0.969,0.182,1,12,24,0,0,0,0,0,0,high_vol_range,0.0,0,Trend profit: spread at 51.2% of max,1028.25,144
2026-03-23T13:44:00+05:30,portfolio_replay,PREMIUM,EXIT,iron_condor,22561.7,26.74,1.0,0.0,0.0,1.041,0.622,0.209,1,13,44,0,0,0,0,0,0,high_vol_range,0.0,0,Profit target: premium decayed 55.7%,1794.75,239
2026-03-23T09:30:00+05:30,portfolio_replay,PREMIUM,SKIP,idle,22714.65,25.12,1.0,0.0,0.0,1.04,0.051,2.092,1,9,30,0,0,65,0,65,75,trending,0.0,0,,,
2026-03-23T09:35:00+05:30,portfolio_replay,PREMIUM,SKIP,idle,22734.75,25.3,1.0,0.0,0.0,1.04,0.14,2.092,1,9,35,0,0,65,0,65,75,trending,0.0,0,,,
2026-03-23T09:40:00+05:30,portfolio_replay,PREMIUM,SKIP,idle,22699.45,25.26,1.0,0.0,0.0,1.04,0.016,2.092,1,9,40,0,0,65,0,65,75,trending,0.0,0,,,
2026-03-23T09:45:00+05:30,portfolio_replay,PREMIUM,ENTER,iron_condor,22696.85,25.47,1.0,0.0,0.0,1.041,0.027,0.359,1,9,45,0,0,77,0,77,75,high_vol_range,42.99,75,,,
2026-03-23T10:00:00+05:30,portfolio_replay,TREND,ENTER,debit_spread,22587.75,26.21,1.0,0.0,0.0,1.041,0.508,0.633,1,10,0,0,0,62,0,62,60,high_vol_range,37.51,75,,,
2026-03-23T12:24:00+05:30,portfolio_replay,TREND,EXIT,debit_spread,22482.95,26.87,1.0,0.0,0.0,1.041,0.969,0.182,1,12,24,0,0,0,0,0,0,high_vol_range,0.0,0,Trend profit: spread at 51.2% of max,1028.25,144
2026-03-23T13:44:00+05:30,portfolio_replay,PREMIUM,EXIT,iron_condor,22561.7,26.74,1.0,0.0,0.0,1.041,0.622,0.209,1,13,44,0,0,0,0,0,0,high_vol_range,0.0,0,Profit target: premium decayed 55.7%,1794.75,239
2026-03-23T09:30:00+05:30,portfolio_replay,PREMIUM,SKIP,idle,22714.65,25.12,1.0,0.0,0.0,1.04,0.051,2.092,1,9,30,0,0,65,0,65,75,trending,0.0,0,,,
2026-03-23T09:35:00+05:30,portfolio_replay,PREMIUM,SKIP,idle,22734.75,25.3,1.0,0.0,0.0,1.04,0.14,2.092,1,9,35,0,0,65,0,65,75,trending,0.0,0,,,
2026-03-23T09:40:00+05:30,portfolio_replay,PREMIUM,SKIP,idle,22699.45,25.26,1.0,0.0,0.0,1.04,0.016,2.092,1,9,40,0,0,65,0,65,75,trending,0.0,0,,,
2026-03-23T09:45:00+05:30,portfolio_replay,PREMIUM,ENTER,iron_condor,22696.85,25.47,1.0,0.0,0.0,1.041,0.027,0.359,1,9,45,0,0,77,0,77,75,high_vol_range,42.99,75,,,
2026-03-23T10:00:00+05:30,portfolio_replay,TREND,ENTER,debit_spread,22587.75,26.21,1.0,0.0,0.0,1.041,0.508,0.633,1,10,0,0,0,62,0,62,60,high_vol_range,37.51,75,,,
2026-03-23T12:24:00+05:30,portfolio_replay,TREND,EXIT,debit_spread,22482.95,26.87,1.0,0.0,0.0,1.041,0.969,0.182,1,12,24,0,0,0,0,0,0,high_vol_range,0.0,0,Trend profit: spread at 51.2% of max,1028.25,144
2026-03-23T13:44:00+05:30,portfolio_replay,PREMIUM,EXIT,iron_condor,22561.7,26.74,1.0,0.0,0.0,1.041,0.622,0.209,1,13,44,0,0,0,0,0,0,high_vol_range,0.0,0,Profit target: premium decayed 55.7%,1794.75,239
2026-03-23T09:30:00+05:30,portfolio_replay,PREMIUM,SKIP,idle,22714.65,25.12,1.0,0.0,0.0,1.04,0.051,2.092,1,9,30,0,0,65,0,65,75,trending,0.0,0,,,
2026-03-23T09:35:00+05:30,portfolio_replay,PREMIUM,SKIP,idle,22734.75,25.3,1.0,0.0,0.0,1.04,0.14,2.092,1,9,35,0,0,65,0,65,75,trending,0.0,0,,,
2026-03-23T09:40:00+05:30,portfolio_replay,PREMIUM,SKIP,idle,22699.45,25.26,1.0,0.0,0.0,1.04,0.016,2.092,1,9,40,0,0,65,0,65,75,trending,0.0,0,,,
2026-03-23T09:45:00+05:30,portfolio_replay,PREMIUM,ENTER,iron_condor,22696.85,25.47,1.0,0.0,0.0,1.041,0.027,0.359,1,9,45,0,0,77,0,77,75,high_vol_range,42.99,75,,,
2026-03-23T09:56:00+05:30,portfolio_replay,PREMIUM,EXIT,iron_condor,22612.85,25.99,1.0,0.0,0.0,1.041,0.397,0.493,1,9,56,0,0,0,0,0,0,high_vol_range,0.0,0,Trail stop: bounced 15.4%,-496.5,11
2026-03-23T10:00:00+05:30,portfolio_replay,PREMIUM,SKIP,iron_condor,22587.75,26.21,1.0,0.0,0.0,1.041,0.508,0.633,1,10,0,0,0,45,0,45,65,high_vol_range,0.0,0,,,
2026-03-23T10:00:00+05:30,portfolio_replay,TREND,ENTER,debit_spread,22587.75,26.21,1.0,0.0,0.0,1.041,0.508,0.633,1,10,0,0,0,62,0,62,60,high_vol_range,37.51,75,,,
2026-03-23T10:05:00+05:30,portfolio_replay,PREMIUM,SKIP,iron_condor,22616.85,26.03,1.0,0.0,0.0,1.041,0.379,0.676,1,10,5,0,0,50,0,50,65,high_vol_range,0.0,0,,,
2026-03-23T10:10:00+05:30,portfolio_replay,PREMIUM,SKIP,iron_condor,22599.85,26.15,1.0,0.0,0.0,1.041,0.454,0.529,1,10,10,0,0,50,0,50,65,high_vol_range,0.0,0,,,
2026-03-23T10:15:00+05:30,portfolio_replay,PREMIUM,SKIP,iron_condor,22560.65,26.32,1.0,0.0,0.0,1.041,0.627,0.556,1,10,15,0,0,45,0,45,65,high_vol_range,0.0,0,,,
2026-03-23T10:20:00+05:30,portfolio_replay,PREMIUM,SKIP,iron_condor,22547.65,26.23,1.0,0.0,0.0,1.041,0.684,0.468,1,10,20,0,0,52,0,52,65,high_vol_range,0.0,0,,,
2026-03-23T10:25:00+05:30,portfolio_replay,PREMIUM,SKIP,iron_condor,22542.3,26.18,1.0,0.0,0.0,1.041,0.708,0.373,1,10,25,0,0,52,0,52,65,high_vol_range,0.0,0,,,
2026-03-23T10:30:00+05:30,portfolio_replay,PREMIUM,SKIP,iron_condor,22545.25,26.2,1.0,0.0,0.0,1.041,0.695,0.404,1,10,30,0,0,52,0,52,65,high_vol_range,0.0,0,,,
2026-03-23T10:35:00+05:30,portfolio_replay,PREMIUM,SKIP,iron_condor,22549.5,26.23,1.0,0.0,0.0,1.041,0.676,0.404,1,10,35,0,0,52,0,52,65,high_vol_range,0.0,0,,,
2026-03-23T10:40:00+05:30,portfolio_replay,PREMIUM,SKIP,iron_condor,22539.2,26.12,1.0,0.0,0.0,1.041,0.721,0.305,1,10,40,0,0,52,0,52,65,high_vol_range,0.0,0,,,
2026-03-23T10:45:00+05:30,portfolio_replay,PREMIUM,ENTER,iron_condor,22549.45,26.14,1.0,0.0,0.0,1.041,0.676,0.22,1,10,45,0,0,65,0,65,65,high_vol_range,41.82,75,,,
2026-03-23T12:24:00+05:30,portfolio_replay,TREND,EXIT,debit_spread,22482.95,26.87,1.0,0.0,0.0,1.041,0.969,0.182,1,12,24,0,0,0,0,0,0,high_vol_range,0.0,0,Trend profit: spread at 51.2% of max,1028.25,144
2026-03-23T12:44:00+05:30,portfolio_replay,PREMIUM,EXIT,iron_condor,22535.65,26.73,1.0,0.0,0.0,1.041,0.737,0.345,1,12,44,0,0,0,0,0,0,high_vol_range,0.0,0,Profit target: premium decayed 50.9%,1596.75,119
2026-03-23T09:30:00+05:30,portfolio_replay,PREMIUM,SKIP,idle,22714.65,25.12,1.0,0.0,0.0,1.04,0.051,2.092,1,9,30,0,0,65,0,65,75,trending,0.0,0,,,
2026-03-23T09:35:00+05:30,portfolio_replay,PREMIUM,SKIP,idle,22734.75,25.3,1.0,0.0,0.0,1.04,0.14,2.092,1,9,35,0,0,65,0,65,75,trending,0.0,0,,,
2026-03-23T09:40:00+05:30,portfolio_replay,PREMIUM,SKIP,idle,22699.45,25.26,1.0,0.0,0.0,1.04,0.016,2.092,1,9,40,0,0,65,0,65,75,trending,0.0,0,,,
2026-03-23T09:45:00+05:30,portfolio_replay,PREMIUM,ENTER,iron_condor,22696.85,25.47,1.0,0.0,0.0,1.041,0.027,0.359,1,9,45,0,0,77,0,77,75,high_vol_range,42.99,75,,,
2026-03-23T09:56:00+05:30,portfolio_replay,PREMIUM,EXIT,iron_condor,22612.85,25.99,1.0,0.0,0.0,1.041,0.397,0.493,1,9,56,0,0,0,0,0,0,high_vol_range,0.0,0,Trail stop: bounced 15.4%,-496.5,11
2026-03-23T10:00:00+05:30,portfolio_replay,PREMIUM,SKIP,iron_condor,22587.75,26.21,1.0,0.0,0.0,1.041,0.508,0.633,1,10,0,0,0,45,0,45,65,high_vol_range,0.0,0,,,
2026-03-23T10:00:00+05:30,portfolio_replay,TREND,ENTER,debit_spread,22587.75,26.21,1.0,0.0,0.0,1.041,0.508,0.633,1,10,0,0,0,62,0,62,60,high_vol_range,37.51,75,,,
2026-03-23T10:05:00+05:30,portfolio_replay,PREMIUM,SKIP,iron_condor,22616.85,26.03,1.0,0.0,0.0,1.041,0.379,0.676,1,10,5,0,0,50,0,50,65,high_vol_range,0.0,0,,,
2026-03-23T10:10:00+05:30,portfolio_replay,PREMIUM,SKIP,iron_condor,22599.85,26.15,1.0,0.0,0.0,1.041,0.454,0.529,1,10,10,0,0,50,0,50,65,high_vol_range,0.0,0,,,
2026-03-23T10:15:00+05:30,portfolio_replay,PREMIUM,SKIP,iron_condor,22560.65,26.32,1.0,0.0,0.0,1.041,0.627,0.556,1,10,15,0,0,45,0,45,65,high_vol_range,0.0,0,,,
2026-03-23T10:20:00+05:30,portfolio_replay,PREMIUM,SKIP,iron_condor,22547.65,26.23,1.0,0.0,0.0,1.041,0.684,0.468,1,10,20,0,0,52,0,52,65,high_vol_range,0.0,0,,,
2026-03-23T10:25:00+05:30,portfolio_replay,PREMIUM,SKIP,iron_condor,22542.3,26.18,1.0,0.0,0.0,1.041,0.708,0.373,1,10,25,0,0,52,0,52,65,high_vol_range,0.0,0,,,
2026-03-23T10:30:00+05:30,portfolio_replay,PREMIUM,SKIP,iron_condor,22545.25,26.2,1.0,0.0,0.0,1.041,0.695,0.404,1,10,30,0,0,52,0,52,65,high_vol_range,0.0,0,,,
2026-03-23T10:35:00+05:30,portfolio_replay,PREMIUM,SKIP,iron_condor,22549.5,26.23,1.0,0.0,0.0,1.041,0.676,0.404,1,10,35,0,0,52,0,52,65,high_vol_range,0.0,0,,,
2026-03-23T10:40:00+05:30,portfolio_replay,PREMIUM,SKIP,iron_condor,22539.2,26.12,1.0,0.0,0.0,1.041,0.721,0.305,1,10,40,0,0,52,0,52,65,high_vol_range,0.0,0,,,
2026-03-23T10:45:00+05:30,portfolio_replay,PREMIUM,ENTER,iron_condor,22549.45,26.14,1.0,0.0,0.0,1.041,0.676,0.22,1,10,45,0,0,65,0,65,65,high_vol_range,41.82,75,,,
2026-03-23T12:24:00+05:30,portfolio_replay,TREND,EXIT,debit_spread,22482.95,26.87,1.0,0.0,0.0,1.041,0.969,0.182,1,12,24,0,0,0,0,0,0,high_vol_range,0.0,0,Trend profit: spread at 51.2% of max,1028.25,144
2026-03-23T12:44:00+05:30,portfolio_replay,PREMIUM,EXIT,iron_condor,22535.65,26.73,1.0,0.0,0.0,1.041,0.737,0.345,1,12,44,0,0,0,0,0,0,high_vol_range,0.0,0,Profit target: premium decayed 50.9%,1596.75,119
2026-03-23T09:30:00+05:30,portfolio_replay,PREMIUM,SKIP,idle,22714.65,25.12,1.0,0.0,0.0,1.04,0.051,2.092,1,9,30,0,0,65,0,65,75,trending,0.0,0,,,
2026-03-23T09:35:00+05:30,portfolio_replay,PREMIUM,SKIP,idle,22734.75,25.3,1.0,0.0,0.0,1.04,0.14,2.092,1,9,35,0,0,65,0,65,75,trending,0.0,0,,,
2026-03-23T09:40:00+05:30,portfolio_replay,PREMIUM,SKIP,idle,22699.45,25.26,1.0,0.0,0.0,1.04,0.016,2.092,1,9,40,0,0,65,0,65,75,trending,0.0,0,,,
2026-03-23T09:45:00+05:30,portfolio_replay,PREMIUM,ENTER,iron_condor,22696.85,25.47,1.0,0.0,0.0,1.041,0.027,0.359,1,9,45,0,0,77,0,77,75,high_vol_range,42.99,75,,,
2026-03-23T10:00:00+05:30,portfolio_replay,TREND,ENTER,debit_spread,22587.75,26.21,1.0,0.0,0.0,1.041,0.508,0.633,1,10,0,0,0,62,0,62,60,high_vol_range,37.51,75,,,
2026-03-23T12:24:00+05:30,portfolio_replay,TREND,EXIT,debit_spread,22482.95,26.87,1.0,0.0,0.0,1.041,0.969,0.182,1,12,24,0,0,0,0,0,0,high_vol_range,0.0,0,Trend profit: spread at 51.2% of max,1028.25,144
2026-03-23T13:44:00+05:30,portfolio_replay,PREMIUM,EXIT,iron_condor,22561.7,26.74,1.0,0.0,0.0,1.041,0.622,0.209,1,13,44,0,0,0,0,0,0,high_vol_range,0.0,0,Profit target: premium decayed 55.7%,1794.75,239
2026-03-23T09:30:00+05:30,portfolio_replay,PREMIUM,SKIP,idle,22714.65,25.12,1.0,0.0,0.0,1.04,0.051,2.092,1,9,30,0,0,65,0,65,75,trending,0.0,0,,,
2026-03-23T09:35:00+05:30,portfolio_replay,PREMIUM,SKIP,idle,22734.75,25.3,1.0,0.0,0.0,1.04,0.14,2.092,1,9,35,0,0,65,0,65,75,trending,0.0,0,,,
2026-03-23T09:40:00+05:30,portfolio_replay,PREMIUM,SKIP,idle,22699.45,25.26,1.0,0.0,0.0,1.04,0.016,2.092,1,9,40,0,0,65,0,65,75,trending,0.0,0,,,
2026-03-23T09:45:00+05:30,portfolio_replay,PREMIUM,ENTER,iron_condor,22696.85,25.47,1.0,0.0,0.0,1.041,0.027,0.359,1,9,45,0,0,77,0,77,75,high_vol_range,42.99,75,,,
2026-03-23T10:00:00+05:30,portfolio_replay,TREND,ENTER,debit_spread,22587.75,26.21,1.0,0.0,0.0,1.041,0.508,0.633,1,10,0,0,0,62,0,62,60,high_vol_range,37.51,75,,,
2026-03-23T12:24:00+05:30,portfolio_replay,TREND,EXIT,debit_spread,22482.95,26.87,1.0,0.0,0.0,1.041,0.969,0.182,1,12,24,0,0,0,0,0,0,high_vol_range,0.0,0,Trend profit: spread at 51.2% of max,1028.25,144
2026-03-23T13:44:00+05:30,portfolio_replay,PREMIUM,EXIT,iron_condor,22561.7,26.74,1.0,0.0,0.0,1.041,0.622,0.209,1,13,44,0,0,0,0,0,0,high_vol_range,0.0,0,Profit target: premium decayed 55.7%,1794.75,239
2026-03-23T09:30:00+05:30,portfolio_replay,PREMIUM,SKIP,idle,22714.65,25.12,1.0,0.0,0.0,1.04,0.051,2.092,1,9,30,0,0,65,0,65,75,trending,0.0,0,,,
2026-03-23T09:35:00+05:30,portfolio_replay,PREMIUM,SKIP,idle,22734.75,25.3,1.0,0.0,0.0,1.04,0.14,2.092,1,9,35,0,0,65,0,65,75,trending,0.0,0,,,
2026-03-23T09:40:00+05:30,portfolio_replay,PREMIUM,SKIP,idle,22699.45,25.26,1.0,0.0,0.0,1.04,0.016,2.092,1,9,40,0,0,65,0,65,75,trending,0.0,0,,,
2026-03-23T09:45:00+05:30,portfolio_replay,PREMIUM,ENTER,iron_condor,22696.85,25.47,1.0,0.0,0.0,1.041,0.027,0.359,1,9,45,0,0,77,0,77,75,high_vol_range,42.99,75,,,
2026-03-23T10:00:00+05:30,portfolio_replay,TREND,ENTER,debit_spread,22587.75,26.21,1.0,0.0,0.0,1.041,0.508,0.633,1,10,0,0,0,62,0,62,60,high_vol_range,37.51,75,,,
2026-03-23T12:24:00+05:30,portfolio_replay,TREND,EXIT,debit_spread,22482.95,26.87,1.0,0.0,0.0,1.041,0.969,0.182,1,12,24,0,0,0,0,0,0,high_vol_range,0.0,0,Trend profit: spread at 51.2% of max,1028.25,144
2026-03-23T13:44:00+05:30,portfolio_replay,PREMIUM,EXIT,iron_condor,22561.7,26.74,1.0,0.0,0.0,1.041,0.622,0.209,1,13,44,0,0,0,0,0,0,high_vol_range,0.0,0,Profit target: premium decayed 55.7%,1794.75,239
2026-03-23T09:30:00+05:30,portfolio_replay,PREMIUM,SKIP,idle,22714.65,25.12,1.0,0.0,0.0,1.04,0.051,2.092,1,9,30,0,0,65,0,65,75,trending,0.0,0,,,
2026-03-23T09:35:00+05:30,portfolio_replay,PREMIUM,SKIP,idle,22734.75,25.3,1.0,0.0,0.0,1.04,0.14,2.092,1,9,35,0,0,65,0,65,75,trending,0.0,0,,,
2026-03-23T09:40:00+05:30,portfolio_replay,PREMIUM,SKIP,idle,22699.45,25.26,1.0,0.0,0.0,1.04,0.016,2.092,1,9,40,0,0,65,0,65,75,trending,0.0,0,,,
2026-03-23T09:45:00+05:30,portfolio_replay,PREMIUM,ENTER,iron_condor,22696.85,25.47,1.0,0.0,0.0,1.041,0.027,0.359,1,9,45,0,0,77,0,77,75,high_vol_range,42.99,75,,,
2026-03-23T10:00:00+05:30,portfolio_replay,TREND,ENTER,debit_spread,22587.75,26.21,1.0,0.0,0.0,1.041,0.508,0.633,1,10,0,0,0,62,0,62,60,high_vol_range,37.51,75,,,
2026-03-23T12:24:00+05:30,portfolio_replay,TREND,EXIT,debit_spread,22482.95,26.87,1.0,0.0,0.0,1.041,0.969,0.182,1,12,24,0,0,0,0,0,0,high_vol_range,0.0,0,Trend profit: spread at 51.2% of max,1028.25,144
2026-03-23T13:44:00+05:30,portfolio_replay,PREMIUM,EXIT,iron_condor,22561.7,26.74,1.0,0.0,0.0,1.041,0.622,0.209,1,13,44,0,0,0,0,0,0,high_vol_range,0.0,0,Profit target: premium decayed 55.7%,1794.75,239
2026-03-23T09:30:00+05:30,portfolio_replay,PREMIUM,SKIP,idle,22714.65,25.12,1.0,0.0,0.0,1.04,0.051,2.092,1,9,30,0,0,65,0,65,75,trending,0.0,0,,,
2026-03-23T09:35:00+05:30,portfolio_replay,PREMIUM,SKIP,idle,22734.75,25.3,1.0,0.0,0.0,1.04,0.14,2.092,1,9,35,0,0,65,0,65,75,trending,0.0,0,,,
2026-03-23T09:40:00+05:30,portfolio_replay,PREMIUM,SKIP,idle,22699.45,25.26,1.0,0.0,0.0,1.04,0.016,2.092,1,9,40,0,0,65,0,65,75,trending,0.0,0,,,
2026-03-23T09:45:00+05:30,portfolio_replay,PREMIUM,ENTER,iron_condor,22696.85,25.47,1.0,0.0,0.0,1.041,0.027,0.359,1,9,45,0,0,77,0,77,75,high_vol_range,42.99,75,,,
2026-03-23T10:00:00+05:30,portfolio_replay,TREND,ENTER,debit_spread,22587.75,26.21,1.0,0.0,0.0,1.041,0.508,0.633,1,10,0,0,0,62,0,62,60,high_vol_range,37.51,75,,,
2026-03-23T12:24:00+05:30,portfolio_replay,TREND,EXIT,debit_spread,22482.95,26.87,1.0,0.0,0.0,1.041,0.969,0.182,1,12,24,0,0,0,0,0,0,high_vol_range,0.0,0,Trend profit: spread at 51.2% of max,1028.25,144
2026-03-23T13:44:00+05:30,portfolio_replay,PREMIUM,EXIT,iron_condor,22561.7,26.74,1.0,0.0,0.0,1.041,0.622,0.209,1,13,44,0,0,0,0,0,0,high_vol_range,0.0,0,Profit target: premium decayed 55.7%,1794.75,239
2026-03-23T09:30:00+05:30,portfolio_replay,PREMIUM,SKIP,idle,22714.65,25.12,1.0,0.0,0.0,1.04,0.051,2.092,1,9,30,0,0,65,0,65,75,trending,0.0,0,,,
2026-03-23T09:35:00+05:30,portfolio_replay,PREMIUM,SKIP,idle,22734.75,25.3,1.0,0.0,0.0,1.04,0.14,2.092,1,9,35,0,0,65,0,65,75,trending,0.0,0,,,
2026-03-23T09:40:00+05:30,portfolio_replay,PREMIUM,SKIP,idle,22699.45,25.26,1.0,0.0,0.0,1.04,0.016,2.092,1,9,40,0,0,65,0,65,75,trending,0.0,0,,,
2026-03-23T09:45:00+05:30,portfolio_replay,PREMIUM,ENTER,iron_condor,22696.85,25.47,1.0,0.0,0.0,1.041,0.027,0.359,1,9,45,0,0,77,0,77,75,high_vol_range,42.99,75,,,
2026-03-23T10:00:00+05:30,portfolio_replay,TREND,ENTER,debit_spread,22587.75,26.21,1.0,0.0,0.0,1.041,0.508,0.633,1,10,0,0,0,62,0,62,60,high_vol_range,37.51,75,,,
2026-03-23T12:24:00+05:30,portfolio_replay,TREND,EXIT,debit_spread,22482.95,26.87,1.0,0.0,0.0,1.041,0.969,0.182,1,12,24,0,0,0,0,0,0,high_vol_range,0.0,0,Trend profit: spread at 51.2% of max,1028.25,144
2026-03-23T13:44:00+05:30,portfolio_replay,PREMIUM,EXIT,iron_condor,22561.7,26.74,1.0,0.0,0.0,1.041,0.622,0.209,1,13,44,0,0,0,0,0,0,high_vol_range,0.0,0,Profit target: premium decayed 55.7%,1794.75,239
2026-03-23T09:30:00+05:30,portfolio_hist,PREMIUM,SKIP,idle,22714.65,25.12,1.0,0.0,0.0,1.04,0.051,2.092,1,9,30,0,0,65,0,65,75,trending,0.0,0,,,
2026-03-23T09:35:00+05:30,portfolio_hist,PREMIUM,SKIP,idle,22734.75,25.3,1.0,0.0,0.0,1.04,0.14,2.092,1,9,35,0,0,65,0,65,75,trending,0.0,0,,,
2026-03-23T09:40:00+05:30,portfolio_hist,PREMIUM,SKIP,idle,22699.45,25.26,1.0,0.0,0.0,1.04,0.016,2.092,1,9,40,0,0,65,0,65,75,trending,0.0,0,,,
2026-03-23T09:45:00+05:30,portfolio_hist,PREMIUM,ENTER,iron_condor,22696.85,25.47,1.0,0.0,0.0,1.041,0.027,0.359,1,9,45,0,0,77,0,77,75,high_vol_range,42.99,75,,,
2026-03-23T10:00:00+05:30,portfolio_hist,TREND,ENTER,debit_spread,22587.75,26.21,1.0,0.0,0.0,1.041,0.508,0.633,1,10,0,0,0,62,0,62,60,high_vol_range,37.51,75,,,
2026-03-23T12:24:00+05:30,portfolio_hist,TREND,EXIT,debit_spread,22482.95,26.87,1.0,0.0,0.0,1.041,0.969,0.182,1,12,24,0,0,0,0,0,0,high_vol_range,0.0,0,Trend profit: spread at 51.2% of max,1028.25,144
2026-03-23T13:36:00+05:30,portfolio_hist,PREMIUM,EXIT,iron_condor,22523.4,26.94,1.0,0.0,0.0,1.041,0.791,0.196,1,13,36,0,0,0,0,0,0,high_vol_range,0.0,0,Profit target: premium decayed 31.5%,1014.75,231
2026-03-23T09:30:00+05:30,portfolio_hist,PREMIUM,SKIP,idle,22714.65,25.12,1.0,0.0,0.0,1.04,0.051,2.092,1,9,30,0,0,65,0,65,75,trending,0.0,0,,,
2026-03-23T09:35:00+05:30,portfolio_hist,PREMIUM,SKIP,idle,22734.75,25.3,1.0,0.0,0.0,1.04,0.14,2.092,1,9,35,0,0,65,0,65,75,trending,0.0,0,,,
2026-03-23T09:40:00+05:30,portfolio_hist,PREMIUM,SKIP,idle,22699.45,25.26,1.0,0.0,0.0,1.04,0.016,2.092,1,9,40,0,0,65,0,65,75,trending,0.0,0,,,
2026-03-23T09:45:00+05:30,portfolio_hist,PREMIUM,ENTER,iron_condor,22696.85,25.47,1.0,0.0,0.0,1.041,0.027,0.359,1,9,45,0,0,77,0,77,75,high_vol_range,42.99,75,,,
2026-03-23T10:00:00+05:30,portfolio_hist,TREND,ENTER,debit_spread,22587.75,26.21,1.0,0.0,0.0,1.041,0.508,0.633,1,10,0,0,0,62,0,62,60,high_vol_range,37.51,75,,,
2026-03-23T12:24:00+05:30,portfolio_hist,TREND,EXIT,debit_spread,22482.95,26.87,1.0,0.0,0.0,1.041,0.969,0.182,1,12,24,0,0,0,0,0,0,high_vol_range,0.0,0,Trend profit: spread at 51.2% of max,1028.25,144
2026-03-23T13:41:00+05:30,portfolio_hist,PREMIUM,EXIT,iron_condor,22534.25,26.96,1.0,0.0,0.0,1.041,0.743,0.209,1,13,41,0,0,0,0,0,0,high_vol_range,0.0,0,Profit target: premium decayed 40.0%,1290.0,236
2026-03-23T09:30:00+05:30,portfolio_hist,PREMIUM,SKIP,idle,22714.65,25.12,1.0,0.0,0.0,1.04,0.051,2.092,1,9,30,0,0,65,0,65,75,trending,0.0,0,,,
2026-03-23T09:35:00+05:30,portfolio_hist,PREMIUM,SKIP,idle,22734.75,25.3,1.0,0.0,0.0,1.04,0.14,2.092,1,9,35,0,0,65,0,65,75,trending,0.0,0,,,
2026-03-23T09:40:00+05:30,portfolio_hist,PREMIUM,SKIP,idle,22699.45,25.26,1.0,0.0,0.0,1.04,0.016,2.092,1,9,40,0,0,65,0,65,75,trending,0.0,0,,,
2026-03-23T09:45:00+05:30,portfolio_hist,PREMIUM,ENTER,iron_condor,22696.85,25.47,1.0,0.0,0.0,1.041,0.027,0.359,1,9,45,0,0,77,0,77,75,high_vol_range,42.99,75,,,
2026-03-23T10:00:00+05:30,portfolio_hist,TREND,ENTER,debit_spread,22587.75,26.21,1.0,0.0,0.0,1.041,0.508,0.633,1,10,0,0,0,62,0,62,60,high_vol_range,37.51,75,,,
2026-03-23T12:24:00+05:30,portfolio_hist,TREND,EXIT,debit_spread,22482.95,26.87,1.0,0.0,0.0,1.041,0.969,0.182,1,12,24,0,0,0,0,0,0,high_vol_range,0.0,0,Trend profit: spread at 51.2% of max,1028.25,144
2026-03-23T13:44:00+05:30,portfolio_hist,PREMIUM,EXIT,iron_condor,22561.7,26.74,1.0,0.0,0.0,1.041,0.622,0.209,1,13,44,0,0,0,0,0,0,high_vol_range,0.0,0,Profit target: premium decayed 55.7%,1794.75,239
2026-03-23T09:30:00+05:30,portfolio_hist,PREMIUM,SKIP,idle,22714.65,25.12,1.0,0.0,0.0,1.04,0.051,2.092,1,9,30,0,0,65,0,65,75,trending,0.0,0,,,
2026-03-23T09:35:00+05:30,portfolio_hist,PREMIUM,SKIP,idle,22734.75,25.3,1.0,0.0,0.0,1.04,0.14,2.092,1,9,35,0,0,65,0,65,75,trending,0.0,0,,,
2026-03-23T09:40:00+05:30,portfolio_hist,PREMIUM,SKIP,idle,22699.45,25.26,1.0,0.0,0.0,1.04,0.016,2.092,1,9,40,0,0,65,0,65,75,trending,0.0,0,,,
2026-03-23T09:45:00+05:30,portfolio_hist,PREMIUM,ENTER,iron_condor,22696.85,25.47,1.0,0.0,0.0,1.041,0.027,0.359,1,9,45,0,0,77,0,77,75,high_vol_range,42.99,75,,,
2026-03-23T10:00:00+05:30,portfolio_hist,TREND,ENTER,debit_spread,22587.75,26.21,1.0,0.0,0.0,1.041,0.508,0.633,1,10,0,0,0,62,0,62,60,high_vol_range,37.51,75,,,
2026-03-23T12:24:00+05:30,portfolio_hist,TREND,EXIT,debit_spread,22482.95,26.87,1.0,0.0,0.0,1.041,0.969,0.182,1,12,24,0,0,0,0,0,0,high_vol_range,0.0,0,Trend profit: spread at 51.2% of max,1028.25,144
2026-03-23T13:46:00+05:30,portfolio_hist,PREMIUM,EXIT,iron_condor,22570.8,26.74,1.0,0.0,0.0,1.041,0.582,0.331,1,13,46,0,0,0,0,0,0,high_vol_range,0.0,0,Profit target: premium decayed 60.4%,1947.75,241
2026-03-23T09:30:00+05:30,portfolio_hist,PREMIUM,SKIP,idle,22714.65,25.12,1.0,0.0,0.0,1.04,0.051,2.092,1,9,30,0,0,65,0,65,75,trending,0.0,0,,,
2026-03-23T09:35:00+05:30,portfolio_hist,PREMIUM,SKIP,idle,22734.75,25.3,1.0,0.0,0.0,1.04,0.14,2.092,1,9,35,0,0,65,0,65,75,trending,0.0,0,,,
2026-03-23T09:40:00+05:30,portfolio_hist,PREMIUM,SKIP,idle,22699.45,25.26,1.0,0.0,0.0,1.04,0.016,2.092,1,9,40,0,0,65,0,65,75,trending,0.0,0,,,
2026-03-23T09:45:00+05:30,portfolio_hist,PREMIUM,ENTER,iron_condor,22696.85,25.47,1.0,0.0,0.0,1.041,0.027,0.359,1,9,45,0,0,77,0,77,75,high_vol_range,42.99,75,,,
2026-03-23T10:00:00+05:30,portfolio_hist,TREND,ENTER,debit_spread,22587.75,26.21,1.0,0.0,0.0,1.041,0.508,0.633,1,10,0,0,0,62,0,62,60,high_vol_range,37.51,75,,,
2026-03-23T12:24:00+05:30,portfolio_hist,TREND,EXIT,debit_spread,22482.95,26.87,1.0,0.0,0.0,1.041,0.969,0.182,1,12,24,0,0,0,0,0,0,high_vol_range,0.0,0,Trend profit: spread at 51.2% of max,1028.25,144
2026-03-23T13:49:00+05:30,portfolio_hist,PREMIUM,EXIT,iron_condor,22598.95,26.67,1.0,0.0,0.0,1.041,0.458,0.331,1,13,49,0,0,0,0,0,0,high_vol_range,0.0,0,Profit target: premium decayed 71.9%,2318.25,244
2026-03-23T09:30:00+05:30,portfolio_hist,PREMIUM,SKIP,idle,22714.65,25.12,1.0,0.0,0.0,1.04,0.051,2.092,1,9,30,0,0,65,0,65,75,trending,0.0,0,,,
2026-03-23T09:35:00+05:30,portfolio_hist,PREMIUM,SKIP,idle,22734.75,25.3,1.0,0.0,0.0,1.04,0.14,2.092,1,9,35,0,0,65,0,65,75,trending,0.0,0,,,
2026-03-23T09:40:00+05:30,portfolio_hist,PREMIUM,SKIP,idle,22699.45,25.26,1.0,0.0,0.0,1.04,0.016,2.092,1,9,40,0,0,65,0,65,75,trending,0.0,0,,,
2026-03-23T09:45:00+05:30,portfolio_hist,PREMIUM,ENTER,iron_condor,22696.85,25.47,1.0,0.0,0.0,1.041,0.027,0.359,1,9,45,0,0,77,0,77,75,high_vol_range,42.99,75,,,
2026-03-23T10:00:00+05:30,portfolio_hist,TREND,ENTER,debit_spread,22587.75,26.21,1.0,0.0,0.0,1.041,0.508,0.633,1,10,0,0,0,62,0,62,60,high_vol_range,37.51,75,,,
2026-03-23T12:24:00+05:30,portfolio_hist,TREND,EXIT,debit_spread,22482.95,26.87,1.0,0.0,0.0,1.041,0.969,0.182,1,12,24,0,0,0,0,0,0,high_vol_range,0.0,0,Trend profit: spread at 51.2% of max,1028.25,144
2026-03-23T13:36:00+05:30,portfolio_hist,PREMIUM,EXIT,iron_condor,22523.4,26.94,1.0,0.0,0.0,1.041,0.791,0.196,1,13,36,0,0,0,0,0,0,high_vol_range,0.0,0,Profit target: premium decayed 31.5%,1014.75,231
2026-03-23T09:30:00+05:30,portfolio_hist,PREMIUM,SKIP,idle,22714.65,25.12,1.0,0.0,0.0,1.04,0.051,2.092,1,9,30,0,0,65,0,65,75,trending,0.0,0,,,
2026-03-23T09:35:00+05:30,portfolio_hist,PREMIUM,SKIP,idle,22734.75,25.3,1.0,0.0,0.0,1.04,0.14,2.092,1,9,35,0,0,65,0,65,75,trending,0.0,0,,,
2026-03-23T09:40:00+05:30,portfolio_hist,PREMIUM,SKIP,idle,22699.45,25.26,1.0,0.0,0.0,1.04,0.016,2.092,1,9,40,0,0,65,0,65,75,trending,0.0,0,,,
2026-03-23T09:45:00+05:30,portfolio_hist,PREMIUM,ENTER,iron_condor,22696.85,25.47,1.0,0.0,0.0,1.041,0.027,0.359,1,9,45,0,0,77,0,77,75,high_vol_range,42.99,75,,,
2026-03-23T10:00:00+05:30,portfolio_hist,TREND,ENTER,debit_spread,22587.75,26.21,1.0,0.0,0.0,1.041,0.508,0.633,1,10,0,0,0,62,0,62,60,high_vol_range,37.51,75,,,
2026-03-23T12:24:00+05:30,portfolio_hist,TREND,EXIT,debit_spread,22482.95,26.87,1.0,0.0,0.0,1.041,0.969,0.182,1,12,24,0,0,0,0,0,0,high_vol_range,0.0,0,Trend profit: spread at 51.2% of max,1028.25,144
2026-03-23T13:41:00+05:30,portfolio_hist,PREMIUM,EXIT,iron_condor,22534.25,26.96,1.0,0.0,0.0,1.041,0.743,0.209,1,13,41,0,0,0,0,0,0,high_vol_range,0.0,0,Profit target: premium decayed 40.0%,1290.0,236
2026-03-23T09:30:00+05:30,portfolio_hist,PREMIUM,SKIP,idle,22714.65,25.12,1.0,0.0,0.0,1.04,0.051,2.092,1,9,30,0,0,65,0,65,75,trending,0.0,0,,,
2026-03-23T09:35:00+05:30,portfolio_hist,PREMIUM,SKIP,idle,22734.75,25.3,1.0,0.0,0.0,1.04,0.14,2.092,1,9,35,0,0,65,0,65,75,trending,0.0,0,,,
2026-03-23T09:40:00+05:30,portfolio_hist,PREMIUM,SKIP,idle,22699.45,25.26,1.0,0.0,0.0,1.04,0.016,2.092,1,9,40,0,0,65,0,65,75,trending,0.0,0,,,
2026-03-23T09:45:00+05:30,portfolio_hist,PREMIUM,ENTER,iron_condor,22696.85,25.47,1.0,0.0,0.0,1.041,0.027,0.359,1,9,45,0,0,77,0,77,75,high_vol_range,42.99,75,,,
2026-03-23T10:00:00+05:30,portfolio_hist,TREND,ENTER,debit_spread,22587.75,26.21,1.0,0.0,0.0,1.041,0.508,0.633,1,10,0,0,0,62,0,62,60,high_vol_range,37.51,75,,,
2026-03-23T12:24:00+05:30,portfolio_hist,TREND,EXIT,debit_spread,22482.95,26.87,1.0,0.0,0.0,1.041,0.969,0.182,1,12,24,0,0,0,0,0,0,high_vol_range,0.0,0,Trend profit: spread at 51.2% of max,1028.25,144
2026-03-23T13:44:00+05:30,portfolio_hist,PREMIUM,EXIT,iron_condor,22561.7,26.74,1.0,0.0,0.0,1.041,0.622,0.209,1,13,44,0,0,0,0,0,0,high_vol_range,0.0,0,Profit target: premium decayed 55.7%,1794.75,239
2026-03-23T09:30:00+05:30,portfolio_hist,PREMIUM,SKIP,idle,22714.65,25.12,1.0,0.0,0.0,1.04,0.051,2.092,1,9,30,0,0,65,0,65,75,trending,0.0,0,,,
2026-03-23T09:35:00+05:30,portfolio_hist,PREMIUM,SKIP,idle,22734.75,25.3,1.0,0.0,0.0,1.04,0.14,2.092,1,9,35,0,0,65,0,65,75,trending,0.0,0,,,
2026-03-23T09:40:00+05:30,portfolio_hist,PREMIUM,SKIP,idle,22699.45,25.26,1.0,0.0,0.0,1.04,0.016,2.092,1,9,40,0,0,65,0,65,75,trending,0.0,0,,,
2026-03-23T09:45:00+05:30,portfolio_hist,PREMIUM,ENTER,iron_condor,22696.85,25.47,1.0,0.0,0.0,1.041,0.027,0.359,1,9,45,0,0,77,0,77,75,high_vol_range,42.99,75,,,
2026-03-23T10:00:00+05:30,portfolio_hist,TREND,ENTER,debit_spread,22587.75,26.21,1.0,0.0,0.0,1.041,0.508,0.633,1,10,0,0,0,62,0,62,60,high_vol_range,37.51,75,,,
2026-03-23T12:24:00+05:30,portfolio_hist,TREND,EXIT,debit_spread,22482.95,26.87,1.0,0.0,0.0,1.041,0.969,0.182,1,12,24,0,0,0,0,0,0,high_vol_range,0.0,0,Trend profit: spread at 51.2% of max,1028.25,144
2026-03-23T13:46:00+05:30,portfolio_hist,PREMIUM,EXIT,iron_condor,22570.8,26.74,1.0,0.0,0.0,1.041,0.582,0.331,1,13,46,0,0,0,0,0,0,high_vol_range,0.0,0,Profit target: premium decayed 60.4%,1947.75,241
2026-03-23T09:30:00+05:30,portfolio_hist,PREMIUM,SKIP,idle,22714.65,25.12,1.0,0.0,0.0,1.04,0.051,2.092,1,9,30,0,0,65,0,65,75,trending,0.0,0,,,
2026-03-23T09:35:00+05:30,portfolio_hist,PREMIUM,SKIP,idle,22734.75,25.3,1.0,0.0,0.0,1.04,0.14,2.092,1,9,35,0,0,65,0,65,75,trending,0.0,0,,,
2026-03-23T09:40:00+05:30,portfolio_hist,PREMIUM,SKIP,idle,22699.45,25.26,1.0,0.0,0.0,1.04,0.016,2.092,1,9,40,0,0,65,0,65,75,trending,0.0,0,,,
2026-03-23T09:45:00+05:30,portfolio_hist,PREMIUM,ENTER,iron_condor,22696.85,25.47,1.0,0.0,0.0,1.041,0.027,0.359,1,9,45,0,0,77,0,77,75,high_vol_range,42.99,75,,,
2026-03-23T10:00:00+05:30,portfolio_hist,TREND,ENTER,debit_spread,22587.75,26.21,1.0,0.0,0.0,1.041,0.508,0.633,1,10,0,0,0,62,0,62,60,high_vol_range,37.51,75,,,
2026-03-23T12:24:00+05:30,portfolio_hist,TREND,EXIT,debit_spread,22482.95,26.87,1.0,0.0,0.0,1.041,0.969,0.182,1,12,24,0,0,0,0,0,0,high_vol_range,0.0,0,Trend profit: spread at 51.2% of max,1028.25,144
2026-03-23T13:49:00+05:30,portfolio_hist,PREMIUM,EXIT,iron_condor,22598.95,26.67,1.0,0.0,0.0,1.041,0.458,0.331,1,13,49,0,0,0,0,0,0,high_vol_range,0.0,0,Profit target: premium decayed 71.9%,2318.25,244
2026-03-23T09:30:00+05:30,portfolio_hist,PREMIUM,SKIP,idle,22714.65,25.12,1.0,0.0,0.0,1.04,0.051,2.092,1,9,30,0,0,65,0,65,75,trending,0.0,0,,,
2026-03-23T09:35:00+05:30,portfolio_hist,PREMIUM,SKIP,idle,22734.75,25.3,1.0,0.0,0.0,1.04,0.14,2.092,1,9,35,0,0,65,0,65,75,trending,0.0,0,,,
2026-03-23T09:40:00+05:30,portfolio_hist,PREMIUM,SKIP,idle,22699.45,25.26,1.0,0.0,0.0,1.04,0.016,2.092,1,9,40,0,0,65,0,65,75,trending,0.0,0,,,
2026-03-23T09:45:00+05:30,portfolio_hist,PREMIUM,ENTER,iron_condor,22696.85,25.47,1.0,0.0,0.0,1.041,0.027,0.359,1,9,45,0,0,77,0,77,75,high_vol_range,42.99,75,,,
2026-03-23T10:00:00+05:30,portfolio_hist,TREND,ENTER,debit_spread,22587.75,26.21,1.0,0.0,0.0,1.041,0.508,0.633,1,10,0,0,0,62,0,62,60,high_vol_range,37.51,75,,,
2026-03-23T12:24:00+05:30,portfolio_hist,TREND,EXIT,debit_spread,22482.95,26.87,1.0,0.0,0.0,1.041,0.969,0.182,1,12,24,0,0,0,0,0,0,high_vol_range,0.0,0,Trend profit: spread at 51.2% of max,1028.25,144
2026-03-23T13:36:00+05:30,portfolio_hist,PREMIUM,EXIT,iron_condor,22523.4,26.94,1.0,0.0,0.0,1.041,0.791,0.196,1,13,36,0,0,0,0,0,0,high_vol_range,0.0,0,Profit target: premium decayed 31.5%,1014.75,231
2026-03-23T09:30:00+05:30,portfolio_hist,PREMIUM,SKIP,idle,22714.65,25.12,1.0,0.0,0.0,1.04,0.051,2.092,1,9,30,0,0,65,0,65,75,trending,0.0,0,,,
2026-03-23T09:35:00+05:30,portfolio_hist,PREMIUM,SKIP,idle,22734.75,25.3,1.0,0.0,0.0,1.04,0.14,2.092,1,9,35,0,0,65,0,65,75,trending,0.0,0,,,
2026-03-23T09:40:00+05:30,portfolio_hist,PREMIUM,SKIP,idle,22699.45,25.26,1.0,0.0,0.0,1.04,0.016,2.092,1,9,40,0,0,65,0,65,75,trending,0.0,0,,,
2026-03-23T09:45:00+05:30,portfolio_hist,PREMIUM,ENTER,iron_condor,22696.85,25.47,1.0,0.0,0.0,1.041,0.027,0.359,1,9,45,0,0,77,0,77,75,high_vol_range,42.99,75,,,
2026-03-23T10:00:00+05:30,portfolio_hist,TREND,ENTER,debit_spread,22587.75,26.21,1.0,0.0,0.0,1.041,0.508,0.633,1,10,0,0,0,62,0,62,60,high_vol_range,37.51,75,,,
2026-03-23T12:24:00+05:30,portfolio_hist,TREND,EXIT,debit_spread,22482.95,26.87,1.0,0.0,0.0,1.041,0.969,0.182,1,12,24,0,0,0,0,0,0,high_vol_range,0.0,0,Trend profit: spread at 51.2% of max,1028.25,144
2026-03-23T13:41:00+05:30,portfolio_hist,PREMIUM,EXIT,iron_condor,22534.25,26.96,1.0,0.0,0.0,1.041,0.743,0.209,1,13,41,0,0,0,0,0,0,high_vol_range,0.0,0,Profit target: premium decayed 40.0%,1290.0,236
2026-03-23T09:30:00+05:30,portfolio_hist,PREMIUM,SKIP,idle,22714.65,25.12,1.0,0.0,0.0,1.04,0.051,2.092,1,9,30,0,0,65,0,65,75,trending,0.0,0,,,
2026-03-23T09:35:00+05:30,portfolio_hist,PREMIUM,SKIP,idle,22734.75,25.3,1.0,0.0,0.0,1.04,0.14,2.092,1,9,35,0,0,65,0,65,75,trending,0.0,0,,,
2026-03-23T09:40:00+05:30,portfolio_hist,PREMIUM,SKIP,idle,22699.45,25.26,1.0,0.0,0.0,1.04,0.016,2.092,1,9,40,0,0,65,0,65,75,trending,0.0,0,,,
2026-03-23T09:45:00+05:30,portfolio_hist,PREMIUM,ENTER,iron_condor,22696.85,25.47,1.0,0.0,0.0,1.041,0.027,0.359,1,9,45,0,0,77,0,77,75,high_vol_range,42.99,75,,,
2026-03-23T10:00:00+05:30,portfolio_hist,TREND,ENTER,debit_spread,22587.75,26.21,1.0,0.0,0.0,1.041,0.508,0.633,1,10,0,0,0,62,0,62,60,high_vol_range,37.51,75,,,
2026-03-23T12:24:00+05:30,portfolio_hist,TREND,EXIT,debit_spread,22482.95,26.87,1.0,0.0,0.0,1.041,0.969,0.182,1,12,24,0,0,0,0,0,0,high_vol_range,0.0,0,Trend profit: spread at 51.2% of max,1028.25,144
2026-03-23T13:44:00+05:30,portfolio_hist,PREMIUM,EXIT,iron_condor,22561.7,26.74,1.0,0.0,0.0,1.041,0.622,0.209,1,13,44,0,0,0,0,0,0,high_vol_range,0.0,0,Profit target: premium decayed 55.7%,1794.75,239
2026-03-23T09:30:00+05:30,portfolio_hist,PREMIUM,SKIP,idle,22714.65,25.12,1.0,0.0,0.0,1.04,0.051,2.092,1,9,30,0,0,65,0,65,75,trending,0.0,0,,,
2026-03-23T09:35:00+05:30,portfolio_hist,PREMIUM,SKIP,idle,22734.75,25.3,1.0,0.0,0.0,1.04,0.14,2.092,1,9,35,0,0,65,0,65,75,trending,0.0,0,,,
2026-03-23T09:40:00+05:30,portfolio_hist,PREMIUM,SKIP,idle,22699.45,25.26,1.0,0.0,0.0,1.04,0.016,2.092,1,9,40,0,0,65,0,65,75,trending,0.0,0,,,
2026-03-23T09:45:00+05:30,portfolio_hist,PREMIUM,ENTER,iron_condor,22696.85,25.47,1.0,0.0,0.0,1.041,0.027,0.359,1,9,45,0,0,77,0,77,75,high_vol_range,42.99,75,,,
2026-03-23T10:00:00+05:30,portfolio_hist,TREND,ENTER,debit_spread,22587.75,26.21,1.0,0.0,0.0,1.041,0.508,0.633,1,10,0,0,0,62,0,62,60,high_vol_range,37.51,75,,,
2026-03-23T12:24:00+05:30,portfolio_hist,TREND,EXIT,debit_spread,22482.95,26.87,1.0,0.0,0.0,1.041,0.969,0.182,1,12,24,0,0,0,0,0,0,high_vol_range,0.0,0,Trend profit: spread at 51.2% of max,1028.25,144
2026-03-23T13:46:00+05:30,portfolio_hist,PREMIUM,EXIT,iron_condor,22570.8,26.74,1.0,0.0,0.0,1.041,0.582,0.331,1,13,46,0,0,0,0,0,0,high_vol_range,0.0,0,Profit target: premium decayed 60.4%,1947.75,241
2026-03-23T09:30:00+05:30,portfolio_hist,PREMIUM,SKIP,idle,22714.65,25.12,1.0,0.0,0.0,1.04,0.051,2.092,1,9,30,0,0,65,0,65,75,trending,0.0,0,,,
2026-03-23T09:35:00+05:30,portfolio_hist,PREMIUM,SKIP,idle,22734.75,25.3,1.0,0.0,0.0,1.04,0.14,2.092,1,9,35,0,0,65,0,65,75,trending,0.0,0,,,
2026-03-23T09:40:00+05:30,portfolio_hist,PREMIUM,SKIP,idle,22699.45,25.26,1.0,0.0,0.0,1.04,0.016,2.092,1,9,40,0,0,65,0,65,75,trending,0.0,0,,,
2026-03-23T09:45:00+05:30,portfolio_hist,PREMIUM,ENTER,iron_condor,22696.85,25.47,1.0,0.0,0.0,1.041,0.027,0.359,1,9,45,0,0,77,0,77,75,high_vol_range,42.99,75,,,
2026-03-23T10:00:00+05:30,portfolio_hist,TREND,ENTER,debit_spread,22587.75,26.21,1.0,0.0,0.0,1.041,0.508,0.633,1,10,0,0,0,62,0,62,60,high_vol_range,37.51,75,,,
2026-03-23T12:24:00+05:30,portfolio_hist,TREND,EXIT,debit_spread,22482.95,26.87,1.0,0.0,0.0,1.041,0.969,0.182,1,12,24,0,0,0,0,0,0,high_vol_range,0.0,0,Trend profit: spread at 51.2% of max,1028.25,144
2026-03-23T13:49:00+05:30,portfolio_hist,PREMIUM,EXIT,iron_condor,22598.95,26.67,1.0,0.0,0.0,1.041,0.458,0.331,1,13,49,0,0,0,0,0,0,high_vol_range,0.0,0,Profit target: premium decayed 71.9%,2318.25,244
2026-03-23T09:30:00+05:30,portfolio_hist,PREMIUM,SKIP,idle,22714.65,25.12,1.0,0.0,0.0,1.04,0.051,2.092,1,9,30,0,0,65,0,65,75,trending,0.0,0,,,
2026-03-23T09:35:00+05:30,portfolio_hist,PREMIUM,SKIP,idle,22734.75,25.3,1.0,0.0,0.0,1.04,0.14,2.092,1,9,35,0,0,65,0,65,75,trending,0.0,0,,,
2026-03-23T09:40:00+05:30,portfolio_hist,PREMIUM,SKIP,idle,22699.45,25.26,1.0,0.0,0.0,1.04,0.016,2.092,1,9,40,0,0,65,0,65,75,trending,0.0,0,,,
2026-03-23T09:45:00+05:30,portfolio_hist,PREMIUM,ENTER,iron_condor,22696.85,25.47,1.0,0.0,0.0,1.041,0.027,0.359,1,9,45,0,0,77,0,77,75,high_vol_range,42.99,75,,,
2026-03-23T10:00:00+05:30,portfolio_hist,TREND,ENTER,debit_spread,22587.75,26.21,1.0,0.0,0.0,1.041,0.508,0.633,1,10,0,0,0,62,0,62,60,high_vol_range,37.51,75,,,
2026-03-23T12:24:00+05:30,portfolio_hist,TREND,EXIT,debit_spread,22482.95,26.87,1.0,0.0,0.0,1.041,0.969,0.182,1,12,24,0,0,0,0,0,0,high_vol_range,0.0,0,Trend profit: spread at 51.2% of max,1028.25,144
2026-03-23T13:36:00+05:30,portfolio_hist,PREMIUM,EXIT,iron_condor,22523.4,26.94,1.0,0.0,0.0,1.041,0.791,0.196,1,13,36,0,0,0,0,0,0,high_vol_range,0.0,0,Profit target: premium decayed 31.5%,1014.75,231
2026-03-23T09:30:00+05:30,portfolio_hist,PREMIUM,SKIP,idle,22714.65,25.12,1.0,0.0,0.0,1.04,0.051,2.092,1,9,30,0,0,65,0,65,75,trending,0.0,0,,,
2026-03-23T09:35:00+05:30,portfolio_hist,PREMIUM,SKIP,idle,22734.75,25.3,1.0,0.0,0.0,1.04,0.14,2.092,1,9,35,0,0,65,0,65,75,trending,0.0,0,,,
2026-03-23T09:40:00+05:30,portfolio_hist,PREMIUM,SKIP,idle,22699.45,25.26,1.0,0.0,0.0,1.04,0.016,2.092,1,9,40,0,0,65,0,65,75,trending,0.0,0,,,
2026-03-23T09:45:00+05:30,portfolio_hist,PREMIUM,ENTER,iron_condor,22696.85,25.47,1.0,0.0,0.0,1.041,0.027,0.359,1,9,45,0,0,77,0,77,75,high_vol_range,42.99,75,,,
2026-03-23T10:00:00+05:30,portfolio_hist,TREND,ENTER,debit_spread,22587.75,26.21,1.0,0.0,0.0,1.041,0.508,0.633,1,10,0,0,0,62,0,62,60,high_vol_range,37.51,75,,,
2026-03-23T12:24:00+05:30,portfolio_hist,TREND,EXIT,debit_spread,22482.95,26.87,1.0,0.0,0.0,1.041,0.969,0.182,1,12,24,0,0,0,0,0,0,high_vol_range,0.0,0,Trend profit: spread at 51.2% of max,1028.25,144
2026-03-23T13:41:00+05:30,portfolio_hist,PREMIUM,EXIT,iron_condor,22534.25,26.96,1.0,0.0,0.0,1.041,0.743,0.209,1,13,41,0,0,0,0,0,0,high_vol_range,0.0,0,Profit target: premium decayed 40.0%,1290.0,236
2026-03-23T09:30:00+05:30,portfolio_hist,PREMIUM,SKIP,idle,22714.65,25.12,1.0,0.0,0.0,1.04,0.051,2.092,1,9,30,0,0,65,0,65,75,trending,0.0,0,,,
2026-03-23T09:35:00+05:30,portfolio_hist,PREMIUM,SKIP,idle,22734.75,25.3,1.0,0.0,0.0,1.04,0.14,2.092,1,9,35,0,0,65,0,65,75,trending,0.0,0,,,
2026-03-23T09:40:00+05:30,portfolio_hist,PREMIUM,SKIP,idle,22699.45,25.26,1.0,0.0,0.0,1.04,0.016,2.092,1,9,40,0,0,65,0,65,75,trending,0.0,0,,,
2026-03-23T09:45:00+05:30,portfolio_hist,PREMIUM,ENTER,iron_condor,22696.85,25.47,1.0,0.0,0.0,1.041,0.027,0.359,1,9,45,0,0,77,0,77,75,high_vol_range,42.99,75,,,
2026-03-23T10:00:00+05:30,portfolio_hist,TREND,ENTER,debit_spread,22587.75,26.21,1.0,0.0,0.0,1.041,0.508,0.633,1,10,0,0,0,62,0,62,60,high_vol_range,37.51,75,,,
2026-03-23T12:24:00+05:30,portfolio_hist,TREND,EXIT,debit_spread,22482.95,26.87,1.0,0.0,0.0,1.041,0.969,0.182,1,12,24,0,0,0,0,0,0,high_vol_range,0.0,0,Trend profit: spread at 51.2% of max,1028.25,144
2026-03-23T13:44:00+05:30,portfolio_hist,PREMIUM,EXIT,iron_condor,22561.7,26.74,1.0,0.0,0.0,1.041,0.622,0.209,1,13,44,0,0,0,0,0,0,high_vol_range,0.0,0,Profit target: premium decayed 55.7%,1794.75,239
2026-03-23T09:30:00+05:30,portfolio_hist,PREMIUM,SKIP,idle,22714.65,25.12,1.0,0.0,0.0,1.04,0.051,2.092,1,9,30,0,0,65,0,65,75,trending,0.0,0,,,
2026-03-23T09:35:00+05:30,portfolio_hist,PREMIUM,SKIP,idle,22734.75,25.3,1.0,0.0,0.0,1.04,0.14,2.092,1,9,35,0,0,65,0,65,75,trending,0.0,0,,,
2026-03-23T09:40:00+05:30,portfolio_hist,PREMIUM,SKIP,idle,22699.45,25.26,1.0,0.0,0.0,1.04,0.016,2.092,1,9,40,0,0,65,0,65,75,trending,0.0,0,,,
2026-03-23T09:45:00+05:30,portfolio_hist,PREMIUM,ENTER,iron_condor,22696.85,25.47,1.0,0.0,0.0,1.041,0.027,0.359,1,9,45,0,0,77,0,77,75,high_vol_range,42.99,75,,,
2026-03-23T10:00:00+05:30,portfolio_hist,TREND,ENTER,debit_spread,22587.75,26.21,1.0,0.0,0.0,1.041,0.508,0.633,1,10,0,0,0,62,0,62,60,high_vol_range,37.51,75,,,
2026-03-23T12:24:00+05:30,portfolio_hist,TREND,EXIT,debit_spread,22482.95,26.87,1.0,0.0,0.0,1.041,0.969,0.182,1,12,24,0,0,0,0,0,0,high_vol_range,0.0,0,Trend profit: spread at 51.2% of max,1028.25,144
2026-03-23T13:46:00+05:30,portfolio_hist,PREMIUM,EXIT,iron_condor,22570.8,26.74,1.0,0.0,0.0,1.041,0.582,0.331,1,13,46,0,0,0,0,0,0,high_vol_range,0.0,0,Profit target: premium decayed 60.4%,1947.75,241
2026-03-23T09:30:00+05:30,portfolio_hist,PREMIUM,SKIP,idle,22714.65,25.12,1.0,0.0,0.0,1.04,0.051,2.092,1,9,30,0,0,65,0,65,75,trending,0.0,0,,,
2026-03-23T09:35:00+05:30,portfolio_hist,PREMIUM,SKIP,idle,22734.75,25.3,1.0,0.0,0.0,1.04,0.14,2.092,1,9,35,0,0,65,0,65,75,trending,0.0,0,,,
2026-03-23T09:40:00+05:30,portfolio_hist,PREMIUM,SKIP,idle,22699.45,25.26,1.0,0.0,0.0,1.04,0.016,2.092,1,9,40,0,0,65,0,65,75,trending,0.0,0,,,
2026-03-23T09:45:00+05:30,portfolio_hist,PREMIUM,ENTER,iron_condor,22696.85,25.47,1.0,0.0,0.0,1.041,0.027,0.359,1,9,45,0,0,77,0,77,75,high_vol_range,42.99,75,,,
2026-03-23T10:00:00+05:30,portfolio_hist,TREND,ENTER,debit_spread,22587.75,26.21,1.0,0.0,0.0,1.041,0.508,0.633,1,10,0,0,0,62,0,62,60,high_vol_range,37.51,75,,,
2026-03-23T12:24:00+05:30,portfolio_hist,TREND,EXIT,debit_spread,22482.95,26.87,1.0,0.0,0.0,1.041,0.969,0.182,1,12,24,0,0,0,0,0,0,high_vol_range,0.0,0,Trend profit: spread at 51.2% of max,1028.25,144
2026-03-23T13:49:00+05:30,portfolio_hist,PREMIUM,EXIT,iron_condor,22598.95,26.67,1.0,0.0,0.0,1.041,0.458,0.331,1,13,49,0,0,0,0,0,0,high_vol_range,0.0,0,Profit target: premium decayed 71.9%,2318.25,244
2026-03-23T09:30:00+05:30,portfolio_hist,PREMIUM,SKIP,idle,22714.65,25.12,1.0,0.0,0.0,1.04,0.051,2.092,1,9,30,0,0,65,0,65,75,trending,0.0,0,,,
2026-03-23T09:35:00+05:30,portfolio_hist,PREMIUM,SKIP,idle,22734.75,25.3,1.0,0.0,0.0,1.04,0.14,2.092,1,9,35,0,0,65,0,65,75,trending,0.0,0,,,
2026-03-23T09:40:00+05:30,portfolio_hist,PREMIUM,SKIP,idle,22699.45,25.26,1.0,0.0,0.0,1.04,0.016,2.092,1,9,40,0,0,65,0,65,75,trending,0.0,0,,,
2026-03-23T09:45:00+05:30,portfolio_hist,PREMIUM,ENTER,iron_condor,22696.85,25.47,1.0,0.0,0.0,1.041,0.027,0.359,1,9,45,0,0,77,0,77,75,high_vol_range,42.99,75,,,
2026-03-23T10:00:00+05:30,portfolio_hist,TREND,ENTER,debit_spread,22587.75,26.21,1.0,0.0,0.0,1.041,0.508,0.633,1,10,0,0,0,62,0,62,60,high_vol_range,37.51,75,,,
2026-03-23T12:24:00+05:30,portfolio_hist,TREND,EXIT,debit_spread,22482.95,26.87,1.0,0.0,0.0,1.041,0.969,0.182,1,12,24,0,0,0,0,0,0,high_vol_range,0.0,0,Trend profit: spread at 51.2% of max,1028.25,144
2026-03-23T13:36:00+05:30,portfolio_hist,PREMIUM,EXIT,iron_condor,22523.4,26.94,1.0,0.0,0.0,1.041,0.791,0.196,1,13,36,0,0,0,0,0,0,high_vol_range,0.0,0,Profit target: premium decayed 31.5%,1014.75,231
2026-03-23T09:30:00+05:30,portfolio_hist,PREMIUM,SKIP,idle,22714.65,25.12,1.0,0.0,0.0,1.04,0.051,2.092,1,9,30,0,0,65,0,65,75,trending,0.0,0,,,
2026-03-23T09:35:00+05:30,portfolio_hist,PREMIUM,SKIP,idle,22734.75,25.3,1.0,0.0,0.0,1.04,0.14,2.092,1,9,35,0,0,65,0,65,75,trending,0.0,0,,,
2026-03-23T09:40:00+05:30,portfolio_hist,PREMIUM,SKIP,idle,22699.45,25.26,1.0,0.0,0.0,1.04,0.016,2.092,1,9,40,0,0,65,0,65,75,trending,0.0,0,,,
2026-03-23T09:45:00+05:30,portfolio_hist,PREMIUM,ENTER,iron_condor,22696.85,25.47,1.0,0.0,0.0,1.041,0.027,0.359,1,9,45,0,0,77,0,77,75,high_vol_range,42.99,75,,,
2026-03-23T10:00:00+05:30,portfolio_hist,TREND,ENTER,debit_spread,22587.75,26.21,1.0,0.0,0.0,1.041,0.508,0.633,1,10,0,0,0,62,0,62,60,high_vol_range,37.51,75,,,
2026-03-23T12:24:00+05:30,portfolio_hist,TREND,EXIT,debit_spread,22482.95,26.87,1.0,0.0,0.0,1.041,0.969,0.182,1,12,24,0,0,0,0,0,0,high_vol_range,0.0,0,Trend profit: spread at 51.2% of max,1028.25,144
2026-03-23T13:41:00+05:30,portfolio_hist,PREMIUM,EXIT,iron_condor,22534.25,26.96,1.0,0.0,0.0,1.041,0.743,0.209,1,13,41,0,0,0,0,0,0,high_vol_range,0.0,0,Profit target: premium decayed 40.0%,1290.0,236
2026-03-23T09:30:00+05:30,portfolio_hist,PREMIUM,SKIP,idle,22714.65,25.12,1.0,0.0,0.0,1.04,0.051,2.092,1,9,30,0,0,65,0,65,75,trending,0.0,0,,,
2026-03-23T09:35:00+05:30,portfolio_hist,PREMIUM,SKIP,idle,22734.75,25.3,1.0,0.0,0.0,1.04,0.14,2.092,1,9,35,0,0,65,0,65,75,trending,0.0,0,,,
2026-03-23T09:40:00+05:30,portfolio_hist,PREMIUM,SKIP,idle,22699.45,25.26,1.0,0.0,0.0,1.04,0.016,2.092,1,9,40,0,0,65,0,65,75,trending,0.0,0,,,
2026-03-23T09:45:00+05:30,portfolio_hist,PREMIUM,ENTER,iron_condor,22696.85,25.47,1.0,0.0,0.0,1.041,0.027,0.359,1,9,45,0,0,77,0,77,75,high_vol_range,42.99,75,,,
2026-03-23T10:00:00+05:30,portfolio_hist,TREND,ENTER,debit_spread,22587.75,26.21,1.0,0.0,0.0,1.041,0.508,0.633,1,10,0,0,0,62,0,62,60,high_vol_range,37.51,75,,,
2026-03-23T12:24:00+05:30,portfolio_hist,TREND,EXIT,debit_spread,22482.95,26.87,1.0,0.0,0.0,1.041,0.969,0.182,1,12,24,0,0,0,0,0,0,high_vol_range,0.0,0,Trend profit: spread at 51.2% of max,1028.25,144
2026-03-23T13:44:00+05:30,portfolio_hist,PREMIUM,EXIT,iron_condor,22561.7,26.74,1.0,0.0,0.0,1.041,0.622,0.209,1,13,44,0,0,0,0,0,0,high_vol_range,0.0,0,Profit target: premium decayed 55.7%,1794.75,239
2026-03-23T09:30:00+05:30,portfolio_hist,PREMIUM,SKIP,idle,22714.65,25.12,1.0,0.0,0.0,1.04,0.051,2.092,1,9,30,0,0,65,0,65,75,trending,0.0,0,,,
2026-03-23T09:35:00+05:30,portfolio_hist,PREMIUM,SKIP,idle,22734.75,25.3,1.0,0.0,0.0,1.04,0.14,2.092,1,9,35,0,0,65,0,65,75,trending,0.0,0,,,
2026-03-23T09:40:00+05:30,portfolio_hist,PREMIUM,SKIP,idle,22699.45,25.26,1.0,0.0,0.0,1.04,0.016,2.092,1,9,40,0,0,65,0,65,75,trending,0.0,0,,,
2026-03-23T09:45:00+05:30,portfolio_hist,PREMIUM,ENTER,iron_condor,22696.85,25.47,1.0,0.0,0.0,1.041,0.027,0.359,1,9,45,0,0,77,0,77,75,high_vol_range,42.99,75,,,
2026-03-23T10:00:00+05:30,portfolio_hist,TREND,ENTER,debit_spread,22587.75,26.21,1.0,0.0,0.0,1.041,0.508,0.633,1,10,0,0,0,62,0,62,60,high_vol_range,37.51,75,,,
2026-03-23T12:24:00+05:30,portfolio_hist,TREND,EXIT,debit_spread,22482.95,26.87,1.0,0.0,0.0,1.041,0.969,0.182,1,12,24,0,0,0,0,0,0,high_vol_range,0.0,0,Trend profit: spread at 51.2% of max,1028.25,144
2026-03-23T13:46:00+05:30,portfolio_hist,PREMIUM,EXIT,iron_condor,22570.8,26.74,1.0,0.0,0.0,1.041,0.582,0.331,1,13,46,0,0,0,0,0,0,high_vol_range,0.0,0,Profit target: premium decayed 60.4%,1947.75,241
2026-03-23T09:30:00+05:30,portfolio_hist,PREMIUM,SKIP,idle,22714.65,25.12,1.0,0.0,0.0,1.04,0.051,2.092,1,9,30,0,0,65,0,65,75,trending,0.0,0,,,
2026-03-23T09:35:00+05:30,portfolio_hist,PREMIUM,SKIP,idle,22734.75,25.3,1.0,0.0,0.0,1.04,0.14,2.092,1,9,35,0,0,65,0,65,75,trending,0.0,0,,,
2026-03-23T09:40:00+05:30,portfolio_hist,PREMIUM,SKIP,idle,22699.45,25.26,1.0,0.0,0.0,1.04,0.016,2.092,1,9,40,0,0,65,0,65,75,trending,0.0,0,,,
2026-03-23T09:45:00+05:30,portfolio_hist,PREMIUM,ENTER,iron_condor,22696.85,25.47,1.0,0.0,0.0,1.041,0.027,0.359,1,9,45,0,0,77,0,77,75,high_vol_range,42.99,75,,,
2026-03-23T10:00:00+05:30,portfolio_hist,TREND,ENTER,debit_spread,22587.75,26.21,1.0,0.0,0.0,1.041,0.508,0.633,1,10,0,0,0,62,0,62,60,high_vol_range,37.51,75,,,
2026-03-23T12:24:00+05:30,portfolio_hist,TREND,EXIT,debit_spread,22482.95,26.87,1.0,0.0,0.0,1.041,0.969,0.182,1,12,24,0,0,0,0,0,0,high_vol_range,0.0,0,Trend profit: spread at 51.2% of max,1028.25,144
2026-03-23T13:49:00+05:30,portfolio_hist,PREMIUM,EXIT,iron_condor,22598.95,26.67,1.0,0.0,0.0,1.041,0.458,0.331,1,13,49,0,0,0,0,0,0,high_vol_range,0.0,0,Profit target: premium decayed 71.9%,2318.25,244
2026-03-23T09:30:00+05:30,portfolio_hist,PREMIUM,SKIP,idle,22714.65,25.12,1.0,0.0,0.0,1.04,0.051,2.092,1,9,30,0,0,65,0,65,75,trending,0.0,0,,,
2026-03-23T09:35:00+05:30,portfolio_hist,PREMIUM,SKIP,idle,22734.75,25.3,1.0,0.0,0.0,1.04,0.14,2.092,1,9,35,0,0,65,0,65,75,trending,0.0,0,,,
2026-03-23T09:40:00+05:30,portfolio_hist,PREMIUM,SKIP,idle,22699.45,25.26,1.0,0.0,0.0,1.04,0.016,2.092,1,9,40,0,0,65,0,65,75,trending,0.0,0,,,
2026-03-23T09:45:00+05:30,portfolio_hist,PREMIUM,ENTER,iron_condor,22696.85,25.47,1.0,0.0,0.0,1.041,0.027,0.359,1,9,45,0,0,77,0,77,75,high_vol_range,42.99,75,,,
2026-03-23T10:00:00+05:30,portfolio_hist,TREND,ENTER,debit_spread,22587.75,26.21,1.0,0.0,0.0,1.041,0.508,0.633,1,10,0,0,0,62,0,62,60,high_vol_range,37.51,75,,,
2026-03-23T12:24:00+05:30,portfolio_hist,TREND,EXIT,debit_spread,22482.95,26.87,1.0,0.0,0.0,1.041,0.969,0.182,1,12,24,0,0,0,0,0,0,high_vol_range,0.0,0,Trend profit: spread at 51.2% of max,1028.25,144
2026-03-23T13:49:00+05:30,portfolio_hist,PREMIUM,EXIT,iron_condor,22598.95,26.67,1.0,0.0,0.0,1.041,0.458,0.331,1,13,49,0,0,0,0,0,0,high_vol_range,0.0,0,Profit target: premium decayed 71.9%,2318.25,244
2026-03-23T09:30:00+05:30,portfolio_hist,PREMIUM,SKIP,idle,22714.65,25.12,1.0,0.0,0.0,1.04,0.051,2.092,1,9,30,0,0,65,0,65,75,trending,0.0,0,,,
2026-03-23T09:35:00+05:30,portfolio_hist,PREMIUM,SKIP,idle,22734.75,25.3,1.0,0.0,0.0,1.04,0.14,2.092,1,9,35,0,0,65,0,65,75,trending,0.0,0,,,
2026-03-23T09:40:00+05:30,portfolio_hist,PREMIUM,SKIP,idle,22699.45,25.26,1.0,0.0,0.0,1.04,0.016,2.092,1,9,40,0,0,65,0,65,75,trending,0.0,0,,,
2026-03-23T09:45:00+05:30,portfolio_hist,PREMIUM,ENTER,iron_condor,22696.85,25.47,1.0,0.0,0.0,1.041,0.027,0.359,1,9,45,0,0,77,0,77,75,high_vol_range,42.99,75,,,
2026-03-23T10:00:00+05:30,portfolio_hist,TREND,ENTER,debit_spread,22587.75,26.21,1.0,0.0,0.0,1.041,0.508,0.633,1,10,0,0,0,62,0,62,60,high_vol_range,37.51,75,,,
2026-03-23T12:24:00+05:30,portfolio_hist,TREND,EXIT,debit_spread,22482.95,26.87,1.0,0.0,0.0,1.041,0.969,0.182,1,12,24,0,0,0,0,0,0,high_vol_range,0.0,0,Trend profit: spread at 51.2% of max,1028.25,144
2026-03-23T13:49:00+05:30,portfolio_hist,PREMIUM,EXIT,iron_condor,22598.95,26.67,1.0,0.0,0.0,1.041,0.458,0.331,1,13,49,0,0,0,0,0,0,high_vol_range,0.0,0,Profit target: premium decayed 71.9%,2318.25,244
2026-03-23T09:30:00+05:30,portfolio_hist,PREMIUM,SKIP,idle,22714.65,25.12,1.0,0.0,0.0,1.04,0.051,2.092,1,9,30,0,0,65,0,65,75,trending,0.0,0,,,
2026-03-23T09:35:00+05:30,portfolio_hist,PREMIUM,SKIP,idle,22734.75,25.3,1.0,0.0,0.0,1.04,0.14,2.092,1,9,35,0,0,65,0,65,75,trending,0.0,0,,,
2026-03-23T09:40:00+05:30,portfolio_hist,PREMIUM,SKIP,idle,22699.45,25.26,1.0,0.0,0.0,1.04,0.016,2.092,1,9,40,0,0,65,0,65,75,trending,0.0,0,,,
2026-03-23T09:45:00+05:30,portfolio_hist,PREMIUM,ENTER,iron_condor,22696.85,25.47,1.0,0.0,0.0,1.041,0.027,0.359,1,9,45,0,0,77,0,77,75,high_vol_range,42.99,75,,,
2026-03-23T10:00:00+05:30,portfolio_hist,TREND,ENTER,debit_spread,22587.75,26.21,1.0,0.0,0.0,1.041,0.508,0.633,1,10,0,0,0,62,0,62,60,high_vol_range,37.51,75,,,
2026-03-23T12:24:00+05:30,portfolio_hist,TREND,EXIT,debit_spread,22482.95,26.87,1.0,0.0,0.0,1.041,0.969,0.182,1,12,24,0,0,0,0,0,0,high_vol_range,0.0,0,Trend profit: spread at 51.2% of max,1028.25,144
2026-03-23T13:49:00+05:30,portfolio_hist,PREMIUM,EXIT,iron_condor,22598.95,26.67,1.0,0.0,0.0,1.041,0.458,0.331,1,13,49,0,0,0,0,0,0,high_vol_range,0.0,0,Profit target: premium decayed 71.9%,2318.25,244
2026-03-23T09:30:00+05:30,portfolio_hist,PREMIUM,SKIP,idle,22714.65,25.12,1.0,0.0,0.0,1.04,0.051,2.092,1,9,30,0,0,65,0,65,75,trending,0.0,0,,,
2026-03-23T09:35:00+05:30,portfolio_hist,PREMIUM,SKIP,idle,22734.75,25.3,1.0,0.0,0.0,1.04,0.14,2.092,1,9,35,0,0,65,0,65,75,trending,0.0,0,,,
2026-03-23T09:40:00+05:30,portfolio_hist,PREMIUM,SKIP,idle,22699.45,25.26,1.0,0.0,0.0,1.04,0.016,2.092,1,9,40,0,0,65,0,65,75,trending,0.0,0,,,
2026-03-23T09:45:00+05:30,portfolio_hist,PREMIUM,ENTER,iron_condor,22696.85,25.47,1.0,0.0,0.0,1.041,0.027,0.359,1,9,45,0,0,77,0,77,75,high_vol_range,42.99,75,,,
2026-03-23T10:00:00+05:30,portfolio_hist,TREND,ENTER,debit_spread,22587.75,26.21,1.0,0.0,0.0,1.041,0.508,0.633,1,10,0,0,0,62,0,62,60,high_vol_range,37.51,75,,,
2026-03-23T12:24:00+05:30,portfolio_hist,TREND,EXIT,debit_spread,22482.95,26.87,1.0,0.0,0.0,1.041,0.969,0.182,1,12,24,0,0,0,0,0,0,high_vol_range,0.0,0,Trend profit: spread at 51.2% of max,1028.25,144
2026-03-23T13:49:00+05:30,portfolio_hist,PREMIUM,EXIT,iron_condor,22598.95,26.67,1.0,0.0,0.0,1.041,0.458,0.331,1,13,49,0,0,0,0,0,0,high_vol_range,0.0,0,Profit target: premium decayed 71.9%,2318.25,244
2026-03-23T09:30:00+05:30,portfolio_hist,PREMIUM,SKIP,idle,22714.65,25.12,1.0,0.0,0.0,1.04,0.051,2.092,1,9,30,0,0,65,0,65,75,trending,0.0,0,,,
2026-03-23T09:35:00+05:30,portfolio_hist,PREMIUM,SKIP,idle,22734.75,25.3,1.0,0.0,0.0,1.04,0.14,2.092,1,9,35,0,0,65,0,65,75,trending,0.0,0,,,
2026-03-23T09:40:00+05:30,portfolio_hist,PREMIUM,SKIP,idle,22699.45,25.26,1.0,0.0,0.0,1.04,0.016,2.092,1,9,40,0,0,65,0,65,75,trending,0.0,0,,,
2026-03-23T09:45:00+05:30,portfolio_hist,PREMIUM,ENTER,iron_condor,22696.85,25.47,1.0,0.0,0.0,1.041,0.027,0.359,1,9,45,0,0,77,0,77,75,high_vol_range,42.99,75,,,
2026-03-23T10:00:00+05:30,portfolio_hist,TREND,ENTER,debit_spread,22587.75,26.21,1.0,0.0,0.0,1.041,0.508,0.633,1,10,0,0,0,62,0,62,60,high_vol_range,37.51,75,,,
2026-03-23T12:24:00+05:30,portfolio_hist,TREND,EXIT,debit_spread,22482.95,26.87,1.0,0.0,0.0,1.041,0.969,0.182,1,12,24,0,0,0,0,0,0,high_vol_range,0.0,0,Trend profit: spread at 51.2% of max,1028.25,144
2026-03-23T13:49:00+05:30,portfolio_hist,PREMIUM,EXIT,iron_condor,22598.95,26.67,1.0,0.0,0.0,1.041,0.458,0.331,1,13,49,0,0,0,0,0,0,high_vol_range,0.0,0,Profit target: premium decayed 71.9%,2318.25,244
2026-03-23T09:30:00+05:30,portfolio_hist,PREMIUM,SKIP,idle,22714.65,25.12,1.0,0.0,0.0,1.04,0.051,2.092,1,9,30,0,0,65,0,65,75,trending,0.0,0,,,
2026-03-23T09:35:00+05:30,portfolio_hist,PREMIUM,SKIP,idle,22734.75,25.3,1.0,0.0,0.0,1.04,0.14,2.092,1,9,35,0,0,65,0,65,75,trending,0.0,0,,,
2026-03-23T09:40:00+05:30,portfolio_hist,PREMIUM,SKIP,idle,22699.45,25.26,1.0,0.0,0.0,1.04,0.016,2.092,1,9,40,0,0,65,0,65,75,trending,0.0,0,,,
2026-03-23T09:45:00+05:30,portfolio_hist,PREMIUM,ENTER,iron_condor,22696.85,25.47,1.0,0.0,0.0,1.041,0.027,0.359,1,9,45,0,0,77,0,77,75,high_vol_range,42.99,75,,,
2026-03-23T10:00:00+05:30,portfolio_hist,TREND,ENTER,debit_spread,22587.75,26.21,1.0,0.0,0.0,1.041,0.508,0.633,1,10,0,0,0,62,0,62,60,high_vol_range,37.51,75,,,
2026-03-23T12:24:00+05:30,portfolio_hist,TREND,EXIT,debit_spread,22482.95,26.87,1.0,0.0,0.0,1.041,0.969,0.182,1,12,24,0,0,0,0,0,0,high_vol_range,0.0,0,Trend profit: spread at 51.2% of max,1028.25,144
2026-03-23T13:49:00+05:30,portfolio_hist,PREMIUM,EXIT,iron_condor,22598.95,26.67,1.0,0.0,0.0,1.041,0.458,0.331,1,13,49,0,0,0,0,0,0,high_vol_range,0.0,0,Profit target: premium decayed 71.9%,2318.25,244
2026-03-23T09:30:00+05:30,portfolio_hist,PREMIUM,SKIP,idle,22714.65,25.12,1.0,0.0,0.0,1.04,0.051,2.092,1,9,30,0,0,65,0,65,75,trending,0.0,0,,,
2026-03-23T09:35:00+05:30,portfolio_hist,PREMIUM,SKIP,idle,22734.75,25.3,1.0,0.0,0.0,1.04,0.14,2.092,1,9,35,0,0,65,0,65,75,trending,0.0,0,,,
2026-03-23T09:40:00+05:30,portfolio_hist,PREMIUM,SKIP,idle,22699.45,25.26,1.0,0.0,0.0,1.04,0.016,2.092,1,9,40,0,0,65,0,65,75,trending,0.0,0,,,
2026-03-23T09:45:00+05:30,portfolio_hist,PREMIUM,ENTER,iron_condor,22696.85,25.47,1.0,0.0,0.0,1.041,0.027,0.359,1,9,45,0,0,77,0,77,75,high_vol_range,42.99,75,,,
2026-03-23T10:00:00+05:30,portfolio_hist,TREND,ENTER,debit_spread,22587.75,26.21,1.0,0.0,0.0,1.041,0.508,0.633,1,10,0,0,0,62,0,62,60,high_vol_range,37.51,75,,,
2026-03-23T12:24:00+05:30,portfolio_hist,TREND,EXIT,debit_spread,22482.95,26.87,1.0,0.0,0.0,1.041,0.969,0.182,1,12,24,0,0,0,0,0,0,high_vol_range,0.0,0,Trend profit: spread at 51.2% of max,1028.25,144
2026-03-23T13:49:00+05:30,portfolio_hist,PREMIUM,EXIT,iron_condor,22598.95,26.67,1.0,0.0,0.0,1.041,0.458,0.331,1,13,49,0,0,0,0,0,0,high_vol_range,0.0,0,Profit target: premium decayed 71.9%,2318.25,244
2026-03-23T09:30:00+05:30,portfolio_hist,PREMIUM,SKIP,idle,22714.65,25.12,1.0,0.0,0.0,1.04,0.051,2.092,1,9,30,0,0,65,0,65,75,trending,0.0,0,,,
2026-03-23T09:35:00+05:30,portfolio_hist,PREMIUM,SKIP,idle,22734.75,25.3,1.0,0.0,0.0,1.04,0.14,2.092,1,9,35,0,0,65,0,65,75,trending,0.0,0,,,
2026-03-23T09:40:00+05:30,portfolio_hist,PREMIUM,SKIP,idle,22699.45,25.26,1.0,0.0,0.0,1.04,0.016,2.092,1,9,40,0,0,65,0,65,75,trending,0.0,0,,,
2026-03-23T09:45:00+05:30,portfolio_hist,PREMIUM,ENTER,iron_condor,22696.85,25.47,1.0,0.0,0.0,1.041,0.027,0.359,1,9,45,0,0,77,0,77,75,high_vol_range,42.99,75,,,
2026-03-23T10:00:00+05:30,portfolio_hist,TREND,ENTER,debit_spread,22587.75,26.21,1.0,0.0,0.0,1.041,0.508,0.633,1,10,0,0,0,62,0,62,60,high_vol_range,37.51,75,,,
2026-03-23T12:24:00+05:30,portfolio_hist,TREND,EXIT,debit_spread,22482.95,26.87,1.0,0.0,0.0,1.041,0.969,0.182,1,12,24,0,0,0,0,0,0,high_vol_range,0.0,0,Trend profit: spread at 51.2% of max,1028.25,144
2026-03-23T13:49:00+05:30,portfolio_hist,PREMIUM,EXIT,iron_condor,22598.95,26.67,1.0,0.0,0.0,1.041,0.458,0.331,1,13,49,0,0,0,0,0,0,high_vol_range,0.0,0,Profit target: premium decayed 71.9%,2318.25,244
2026-03-23T09:30:00+05:30,portfolio_hist,PREMIUM,SKIP,idle,22714.65,25.12,1.0,0.0,0.0,1.04,0.051,2.092,1,9,30,0,0,65,0,65,75,trending,0.0,0,,,
2026-03-23T09:35:00+05:30,portfolio_hist,PREMIUM,SKIP,idle,22734.75,25.3,1.0,0.0,0.0,1.04,0.14,2.092,1,9,35,0,0,65,0,65,75,trending,0.0,0,,,
2026-03-23T09:40:00+05:30,portfolio_hist,PREMIUM,SKIP,idle,22699.45,25.26,1.0,0.0,0.0,1.04,0.016,2.092,1,9,40,0,0,65,0,65,75,trending,0.0,0,,,
2026-03-23T09:45:00+05:30,portfolio_hist,PREMIUM,ENTER,iron_condor,22696.85,25.47,1.0,0.0,0.0,1.041,0.027,0.359,1,9,45,0,0,77,0,77,75,high_vol_range,42.99,75,,,
2026-03-23T10:00:00+05:30,portfolio_hist,TREND,ENTER,debit_spread,22587.75,26.21,1.0,0.0,0.0,1.041,0.508,0.633,1,10,0,0,0,62,0,62,60,high_vol_range,37.51,75,,,
2026-03-23T12:24:00+05:30,portfolio_hist,TREND,EXIT,debit_spread,22482.95,26.87,1.0,0.0,0.0,1.041,0.969,0.182,1,12,24,0,0,0,0,0,0,high_vol_range,0.0,0,Trend profit: spread at 51.2% of max,1028.25,144
2026-03-23T13:49:00+05:30,portfolio_hist,PREMIUM,EXIT,iron_condor,22598.95,26.67,1.0,0.0,0.0,1.041,0.458,0.331,1,13,49,0,0,0,0,0,0,high_vol_range,0.0,0,Profit target: premium decayed 71.9%,2318.25,244
2026-03-23T09:30:00+05:30,portfolio_hist,PREMIUM,SKIP,idle,22714.65,25.12,1.0,0.0,0.0,1.04,0.051,2.092,1,9,30,0,0,65,0,65,75,trending,0.0,0,,,
2026-03-23T09:35:00+05:30,portfolio_hist,PREMIUM,SKIP,idle,22734.75,25.3,1.0,0.0,0.0,1.04,0.14,2.092,1,9,35,0,0,65,0,65,75,trending,0.0,0,,,
2026-03-23T09:40:00+05:30,portfolio_hist,PREMIUM,SKIP,idle,22699.45,25.26,1.0,0.0,0.0,1.04,0.016,2.092,1,9,40,0,0,65,0,65,75,trending,0.0,0,,,
2026-03-23T09:45:00+05:30,portfolio_hist,PREMIUM,ENTER,iron_condor,22696.85,25.47,1.0,0.0,0.0,1.041,0.027,0.359,1,9,45,0,0,77,0,77,75,high_vol_range,42.99,75,,,
2026-03-23T10:00:00+05:30,portfolio_hist,TREND,ENTER,debit_spread,22587.75,26.21,1.0,0.0,0.0,1.041,0.508,0.633,1,10,0,0,0,62,0,62,60,high_vol_range,37.51,75,,,
2026-03-23T12:24:00+05:30,portfolio_hist,TREND,EXIT,debit_spread,22482.95,26.87,1.0,0.0,0.0,1.041,0.969,0.182,1,12,24,0,0,0,0,0,0,high_vol_range,0.0,0,Trend profit: spread at 51.2% of max,1028.25,144
2026-03-23T13:49:00+05:30,portfolio_hist,PREMIUM,EXIT,iron_condor,22598.95,26.67,1.0,0.0,0.0,1.041,0.458,0.331,1,13,49,0,0,0,0,0,0,high_vol_range,0.0,0,Profit target: premium decayed 71.9%,2318.25,244
2026-03-23T09:30:00+05:30,portfolio_hist,PREMIUM,SKIP,idle,22714.65,25.12,1.0,0.0,0.0,1.04,0.051,2.092,1,9,30,0,0,65,0,65,75,trending,0.0,0,,,
2026-03-23T09:35:00+05:30,portfolio_hist,PREMIUM,SKIP,idle,22734.75,25.3,1.0,0.0,0.0,1.04,0.14,2.092,1,9,35,0,0,65,0,65,75,trending,0.0,0,,,
2026-03-23T09:40:00+05:30,portfolio_hist,PREMIUM,SKIP,idle,22699.45,25.26,1.0,0.0,0.0,1.04,0.016,2.092,1,9,40,0,0,65,0,65,75,trending,0.0,0,,,
2026-03-23T09:45:00+05:30,portfolio_hist,PREMIUM,ENTER,iron_condor,22696.85,25.47,1.0,0.0,0.0,1.041,0.027,0.359,1,9,45,0,0,77,0,77,75,high_vol_range,42.99,75,,,
2026-03-23T10:00:00+05:30,portfolio_hist,TREND,ENTER,debit_spread,22587.75,26.21,1.0,0.0,0.0,1.041,0.508,0.633,1,10,0,0,0,62,0,62,60,high_vol_range,37.51,75,,,
2026-03-23T12:24:00+05:30,portfolio_hist,TREND,EXIT,debit_spread,22482.95,26.87,1.0,0.0,0.0,1.041,0.969,0.182,1,12,24,0,0,0,0,0,0,high_vol_range,0.0,0,Trend profit: spread at 51.2% of max,1028.25,144
2026-03-23T13:49:00+05:30,portfolio_hist,PREMIUM,EXIT,iron_condor,22598.95,26.67,1.0,0.0,0.0,1.041,0.458,0.331,1,13,49,0,0,0,0,0,0,high_vol_range,0.0,0,Profit target: premium decayed 71.9%,2318.25,244
2026-03-23T09:30:00+05:30,portfolio_hist,PREMIUM,SKIP,idle,22714.65,25.12,1.0,0.0,0.0,1.04,0.051,2.092,1,9,30,0,0,65,0,65,75,trending,0.0,0,,,
2026-03-23T09:35:00+05:30,portfolio_hist,PREMIUM,SKIP,idle,22734.75,25.3,1.0,0.0,0.0,1.04,0.14,2.092,1,9,35,0,0,65,0,65,75,trending,0.0,0,,,
2026-03-23T09:40:00+05:30,portfolio_hist,PREMIUM,SKIP,idle,22699.45,25.26,1.0,0.0,0.0,1.04,0.016,2.092,1,9,40,0,0,65,0,65,75,trending,0.0,0,,,
2026-03-23T09:45:00+05:30,portfolio_hist,PREMIUM,ENTER,iron_condor,22696.85,25.47,1.0,0.0,0.0,1.041,0.027,0.359,1,9,45,0,0,77,0,77,75,high_vol_range,42.99,75,,,
2026-03-23T10:00:00+05:30,portfolio_hist,TREND,ENTER,debit_spread,22587.75,26.21,1.0,0.0,0.0,1.041,0.508,0.633,1,10,0,0,0,62,0,62,60,high_vol_range,37.51,75,,,
2026-03-23T12:24:00+05:30,portfolio_hist,TREND,EXIT,debit_spread,22482.95,26.87,1.0,0.0,0.0,1.041,0.969,0.182,1,12,24,0,0,0,0,0,0,high_vol_range,0.0,0,Trend profit: spread at 51.2% of max,1028.25,144
2026-03-23T13:49:00+05:30,portfolio_hist,PREMIUM,EXIT,iron_condor,22598.95,26.67,1.0,0.0,0.0,1.041,0.458,0.331,1,13,49,0,0,0,0,0,0,high_vol_range,0.0,0,Profit target: premium decayed 71.9%,2318.25,244
2026-03-23T09:30:00+05:30,portfolio_hist,PREMIUM,SKIP,idle,22714.65,25.12,1.0,0.0,0.0,1.04,0.051,2.092,1,9,30,0,0,65,0,65,75,trending,0.0,0,,,
2026-03-23T09:35:00+05:30,portfolio_hist,PREMIUM,SKIP,idle,22734.75,25.3,1.0,0.0,0.0,1.04,0.14,2.092,1,9,35,0,0,65,0,65,75,trending,0.0,0,,,
2026-03-23T09:40:00+05:30,portfolio_hist,PREMIUM,SKIP,idle,22699.45,25.26,1.0,0.0,0.0,1.04,0.016,2.092,1,9,40,0,0,65,0,65,75,trending,0.0,0,,,
2026-03-23T09:45:00+05:30,portfolio_hist,PREMIUM,ENTER,iron_condor,22696.85,25.47,1.0,0.0,0.0,1.041,0.027,0.359,1,9,45,0,0,77,0,77,75,high_vol_range,42.99,75,,,
2026-03-23T10:00:00+05:30,portfolio_hist,TREND,ENTER,debit_spread,22587.75,26.21,1.0,0.0,0.0,1.041,0.508,0.633,1,10,0,0,0,62,0,62,60,high_vol_range,37.51,75,,,
2026-03-23T12:24:00+05:30,portfolio_hist,TREND,EXIT,debit_spread,22482.95,26.87,1.0,0.0,0.0,1.041,0.969,0.182,1,12,24,0,0,0,0,0,0,high_vol_range,0.0,0,Trend profit: spread at 51.2% of max,1028.25,144
2026-03-23T13:49:00+05:30,portfolio_hist,PREMIUM,EXIT,iron_condor,22598.95,26.67,1.0,0.0,0.0,1.041,0.458,0.331,1,13,49,0,0,0,0,0,0,high_vol_range,0.0,0,Profit target: premium decayed 71.9%,2318.25,244
2026-03-23T09:30:00+05:30,portfolio_hist,PREMIUM,SKIP,idle,22714.65,25.12,1.0,0.0,0.0,1.04,0.051,2.092,1,9,30,0,0,65,0,65,75,trending,0.0,0,,,
2026-03-23T09:35:00+05:30,portfolio_hist,PREMIUM,SKIP,idle,22734.75,25.3,1.0,0.0,0.0,1.04,0.14,2.092,1,9,35,0,0,65,0,65,75,trending,0.0,0,,,
2026-03-23T09:40:00+05:30,portfolio_hist,PREMIUM,SKIP,idle,22699.45,25.26,1.0,0.0,0.0,1.04,0.016,2.092,1,9,40,0,0,65,0,65,75,trending,0.0,0,,,
2026-03-23T09:45:00+05:30,portfolio_hist,PREMIUM,ENTER,iron_condor,22696.85,25.47,1.0,0.0,0.0,1.041,0.027,0.359,1,9,45,0,0,77,0,77,75,high_vol_range,42.99,75,,,
2026-03-23T10:00:00+05:30,portfolio_hist,TREND,ENTER,debit_spread,22587.75,26.21,1.0,0.0,0.0,1.041,0.508,0.633,1,10,0,0,0,62,0,62,60,high_vol_range,37.51,75,,,
2026-03-23T12:24:00+05:30,portfolio_hist,TREND,EXIT,debit_spread,22482.95,26.87,1.0,0.0,0.0,1.041,0.969,0.182,1,12,24,0,0,0,0,0,0,high_vol_range,0.0,0,Trend profit: spread at 51.2% of max,1028.25,144
2026-03-23T13:49:00+05:30,portfolio_hist,PREMIUM,EXIT,iron_condor,22598.95,26.67,1.0,0.0,0.0,1.041,0.458,0.331,1,13,49,0,0,0,0,0,0,high_vol_range,0.0,0,Profit target: premium decayed 71.9%,2318.25,244
2026-03-23T09:30:00+05:30,portfolio_hist,PREMIUM,SKIP,idle,22714.65,25.12,1.0,0.0,0.0,1.04,0.051,2.092,1,9,30,0,0,65,0,65,75,trending,0.0,0,,,
2026-03-23T09:35:00+05:30,portfolio_hist,PREMIUM,SKIP,idle,22734.75,25.3,1.0,0.0,0.0,1.04,0.14,2.092,1,9,35,0,0,65,0,65,75,trending,0.0,0,,,
2026-03-23T09:40:00+05:30,portfolio_hist,PREMIUM,SKIP,idle,22699.45,25.26,1.0,0.0,0.0,1.04,0.016,2.092,1,9,40,0,0,65,0,65,75,trending,0.0,0,,,
2026-03-23T09:45:00+05:30,portfolio_hist,PREMIUM,ENTER,iron_condor,22696.85,25.47,1.0,0.0,0.0,1.041,0.027,0.359,1,9,45,0,0,77,0,77,75,high_vol_range,42.99,75,,,
2026-03-23T10:00:00+05:30,portfolio_hist,TREND,ENTER,debit_spread,22587.75,26.21,1.0,0.0,0.0,1.041,0.508,0.633,1,10,0,0,0,62,0,62,60,high_vol_range,37.51,75,,,
2026-03-23T12:24:00+05:30,portfolio_hist,TREND,EXIT,debit_spread,22482.95,26.87,1.0,0.0,0.0,1.041,0.969,0.182,1,12,24,0,0,0,0,0,0,high_vol_range,0.0,0,Trend profit: spread at 51.2% of max,1028.25,144
2026-03-23T13:49:00+05:30,portfolio_hist,PREMIUM,EXIT,iron_condor,22598.95,26.67,1.0,0.0,0.0,1.041,0.458,0.331,1,13,49,0,0,0,0,0,0,high_vol_range,0.0,0,Profit target: premium decayed 71.9%,2318.25,244
2026-03-23T09:30:00+05:30,portfolio_hist,PREMIUM,SKIP,idle,22714.65,25.12,1.0,0.0,0.0,1.04,0.051,2.092,1,9,30,0,0,65,0,65,75,trending,0.0,0,,,
2026-03-23T09:35:00+05:30,portfolio_hist,PREMIUM,SKIP,idle,22734.75,25.3,1.0,0.0,0.0,1.04,0.14,2.092,1,9,35,0,0,65,0,65,75,trending,0.0,0,,,
2026-03-23T09:40:00+05:30,portfolio_hist,PREMIUM,SKIP,idle,22699.45,25.26,1.0,0.0,0.0,1.04,0.016,2.092,1,9,40,0,0,65,0,65,75,trending,0.0,0,,,
2026-03-23T09:45:00+05:30,portfolio_hist,PREMIUM,ENTER,iron_condor,22696.85,25.47,1.0,0.0,0.0,1.041,0.027,0.359,1,9,45,0,0,77,0,77,75,high_vol_range,42.99,75,,,
2026-03-23T10:00:00+05:30,portfolio_hist,TREND,ENTER,debit_spread,22587.75,26.21,1.0,0.0,0.0,1.041,0.508,0.633,1,10,0,0,0,62,0,62,60,high_vol_range,37.51,75,,,
2026-03-23T12:24:00+05:30,portfolio_hist,TREND,EXIT,debit_spread,22482.95,26.87,1.0,0.0,0.0,1.041,0.969,0.182,1,12,24,0,0,0,0,0,0,high_vol_range,0.0,0,Trend profit: spread at 51.2% of max,1028.25,144
2026-03-23T13:49:00+05:30,portfolio_hist,PREMIUM,EXIT,iron_condor,22598.95,26.67,1.0,0.0,0.0,1.041,0.458,0.331,1,13,49,0,0,0,0,0,0,high_vol_range,0.0,0,Profit target: premium decayed 71.9%,2318.25,244
2026-03-23T09:30:00+05:30,portfolio_hist,PREMIUM,SKIP,idle,22714.65,25.12,1.0,0.0,0.0,1.04,0.051,2.092,1,9,30,0,0,65,0,65,75,trending,0.0,0,,,
2026-03-23T09:35:00+05:30,portfolio_hist,PREMIUM,SKIP,idle,22734.75,25.3,1.0,0.0,0.0,1.04,0.14,2.092,1,9,35,0,0,65,0,65,75,trending,0.0,0,,,
2026-03-23T09:40:00+05:30,portfolio_hist,PREMIUM,SKIP,idle,22699.45,25.26,1.0,0.0,0.0,1.04,0.016,2.092,1,9,40,0,0,65,0,65,75,trending,0.0,0,,,
2026-03-23T09:45:00+05:30,portfolio_hist,PREMIUM,ENTER,iron_condor,22696.85,25.47,1.0,0.0,0.0,1.041,0.027,0.359,1,9,45,0,0,77,0,77,75,high_vol_range,42.99,75,,,
2026-03-23T10:00:00+05:30,portfolio_hist,TREND,ENTER,debit_spread,22587.75,26.21,1.0,0.0,0.0,1.041,0.508,0.633,1,10,0,0,0,62,0,62,60,high_vol_range,37.51,75,,,
2026-03-23T12:24:00+05:30,portfolio_hist,TREND,EXIT,debit_spread,22482.95,26.87,1.0,0.0,0.0,1.041,0.969,0.182,1,12,24,0,0,0,0,0,0,high_vol_range,0.0,0,Trend profit: spread at 51.2% of max,1028.25,144
2026-03-23T13:49:00+05:30,portfolio_hist,PREMIUM,EXIT,iron_condor,22598.95,26.67,1.0,0.0,0.0,1.041,0.458,0.331,1,13,49,0,0,0,0,0,0,high_vol_range,0.0,0,Profit target: premium decayed 71.9%,2318.25,244
2026-03-23T09:30:00+05:30,portfolio_hist,PREMIUM,SKIP,idle,22714.65,25.12,1.0,0.0,0.0,1.04,0.051,2.092,1,9,30,0,0,65,0,65,75,trending,0.0,0,,,
2026-03-23T09:35:00+05:30,portfolio_hist,PREMIUM,SKIP,idle,22734.75,25.3,1.0,0.0,0.0,1.04,0.14,2.092,1,9,35,0,0,65,0,65,75,trending,0.0,0,,,
2026-03-23T09:40:00+05:30,portfolio_hist,PREMIUM,SKIP,idle,22699.45,25.26,1.0,0.0,0.0,1.04,0.016,2.092,1,9,40,0,0,65,0,65,75,trending,0.0,0,,,
2026-03-23T09:45:00+05:30,portfolio_hist,PREMIUM,ENTER,iron_condor,22696.85,25.47,1.0,0.0,0.0,1.041,0.027,0.359,1,9,45,0,0,77,0,77,75,high_vol_range,42.99,75,,,
2026-03-23T10:00:00+05:30,portfolio_hist,TREND,ENTER,debit_spread,22587.75,26.21,1.0,0.0,0.0,1.041,0.508,0.633,1,10,0,0,0,62,0,62,60,high_vol_range,37.51,75,,,
2026-03-23T12:24:00+05:30,portfolio_hist,TREND,EXIT,debit_spread,22482.95,26.87,1.0,0.0,0.0,1.041,0.969,0.182,1,12,24,0,0,0,0,0,0,high_vol_range,0.0,0,Trend profit: spread at 51.2% of max,1028.25,144
2026-03-23T13:49:00+05:30,portfolio_hist,PREMIUM,EXIT,iron_condor,22598.95,26.67,1.0,0.0,0.0,1.041,0.458,0.331,1,13,49,0,0,0,0,0,0,high_vol_range,0.0,0,Profit target: premium decayed 71.9%,2318.25,244
2026-03-23T09:30:00+05:30,portfolio_hist,PREMIUM,SKIP,idle,22714.65,25.12,1.0,0.0,0.0,1.04,0.051,2.092,1,9,30,0,0,65,0,65,75,trending,0.0,0,,,
2026-03-23T09:35:00+05:30,portfolio_hist,PREMIUM,SKIP,idle,22734.75,25.3,1.0,0.0,0.0,1.04,0.14,2.092,1,9,35,0,0,65,0,65,75,trending,0.0,0,,,
2026-03-23T09:40:00+05:30,portfolio_hist,PREMIUM,SKIP,idle,22699.45,25.26,1.0,0.0,0.0,1.04,0.016,2.092,1,9,40,0,0,65,0,65,75,trending,0.0,0,,,
2026-03-23T09:45:00+05:30,portfolio_hist,PREMIUM,ENTER,iron_condor,22696.85,25.47,1.0,0.0,0.0,1.041,0.027,0.359,1,9,45,0,0,77,0,77,75,high_vol_range,42.99,75,,,
2026-03-23T10:00:00+05:30,portfolio_hist,TREND,ENTER,debit_spread,22587.75,26.21,1.0,0.0,0.0,1.041,0.508,0.633,1,10,0,0,0,62,0,62,60,high_vol_range,37.51,75,,,
2026-03-23T12:24:00+05:30,portfolio_hist,TREND,EXIT,debit_spread,22482.95,26.87,1.0,0.0,0.0,1.041,0.969,0.182,1,12,24,0,0,0,0,0,0,high_vol_range,0.0,0,Trend profit: spread at 51.2% of max,1028.25,144
2026-03-23T13:49:00+05:30,portfolio_hist,PREMIUM,EXIT,iron_condor,22598.95,26.67,1.0,0.0,0.0,1.041,0.458,0.331,1,13,49,0,0,0,0,0,0,high_vol_range,0.0,0,Profit target: premium decayed 71.9%,2318.25,244
2026-03-23T09:30:00+05:30,portfolio_hist,PREMIUM,SKIP,idle,22714.65,25.12,1.0,0.0,0.0,1.04,0.051,2.092,1,9,30,0,0,65,0,65,75,trending,0.0,0,,,
2026-03-23T09:35:00+05:30,portfolio_hist,PREMIUM,SKIP,idle,22734.75,25.3,1.0,0.0,0.0,1.04,0.14,2.092,1,9,35,0,0,65,0,65,75,trending,0.0,0,,,
2026-03-23T09:40:00+05:30,portfolio_hist,PREMIUM,SKIP,idle,22699.45,25.26,1.0,0.0,0.0,1.04,0.016,2.092,1,9,40,0,0,65,0,65,75,trending,0.0,0,,,
2026-03-23T09:45:00+05:30,portfolio_hist,PREMIUM,ENTER,iron_condor,22696.85,25.47,1.0,0.0,0.0,1.041,0.027,0.359,1,9,45,0,0,77,0,77,75,high_vol_range,42.99,75,,,
2026-03-23T10:00:00+05:30,portfolio_hist,TREND,ENTER,debit_spread,22587.75,26.21,1.0,0.0,0.0,1.041,0.508,0.633,1,10,0,0,0,62,0,62,60,high_vol_range,37.51,75,,,
2026-03-23T12:24:00+05:30,portfolio_hist,TREND,EXIT,debit_spread,22482.95,26.87,1.0,0.0,0.0,1.041,0.969,0.182,1,12,24,0,0,0,0,0,0,high_vol_range,0.0,0,Trend profit: spread at 51.2% of max,1028.25,144
2026-03-23T13:49:00+05:30,portfolio_hist,PREMIUM,EXIT,iron_condor,22598.95,26.67,1.0,0.0,0.0,1.041,0.458,0.331,1,13,49,0,0,0,0,0,0,high_vol_range,0.0,0,Profit target: premium decayed 71.9%,2318.25,244
2026-03-23T09:30:00+05:30,portfolio_hist,PREMIUM,SKIP,idle,22714.65,25.12,1.0,0.0,0.0,1.04,0.051,2.092,1,9,30,0,0,65,0,65,75,trending,0.0,0,,,
2026-03-23T09:35:00+05:30,portfolio_hist,PREMIUM,SKIP,idle,22734.75,25.3,1.0,0.0,0.0,1.04,0.14,2.092,1,9,35,0,0,65,0,65,75,trending,0.0,0,,,
2026-03-23T09:40:00+05:30,portfolio_hist,PREMIUM,SKIP,idle,22699.45,25.26,1.0,0.0,0.0,1.04,0.016,2.092,1,9,40,0,0,65,0,65,75,trending,0.0,0,,,
2026-03-23T09:45:00+05:30,portfolio_hist,PREMIUM,ENTER,iron_condor,22696.85,25.47,1.0,0.0,0.0,1.041,0.027,0.359,1,9,45,0,0,77,0,77,75,high_vol_range,42.99,75,,,
2026-03-23T10:00:00+05:30,portfolio_hist,TREND,ENTER,debit_spread,22587.75,26.21,1.0,0.0,0.0,1.041,0.508,0.633,1,10,0,0,0,62,0,62,60,high_vol_range,37.51,75,,,
2026-03-23T12:24:00+05:30,portfolio_hist,TREND,EXIT,debit_spread,22482.95,26.87,1.0,0.0,0.0,1.041,0.969,0.182,1,12,24,0,0,0,0,0,0,high_vol_range,0.0,0,Trend profit: spread at 51.2% of max,1028.25,144
2026-03-23T13:49:00+05:30,portfolio_hist,PREMIUM,EXIT,iron_condor,22598.95,26.67,1.0,0.0,0.0,1.041,0.458,0.331,1,13,49,0,0,0,0,0,0,high_vol_range,0.0,0,Profit target: premium decayed 71.9%,2318.25,244
2026-03-23T09:30:00+05:30,portfolio_hist,PREMIUM,SKIP,idle,22714.65,25.12,1.0,0.0,0.0,1.04,0.051,2.092,1,9,30,0,0,65,0,65,75,trending,0.0,0,,,
2026-03-23T09:35:00+05:30,portfolio_hist,PREMIUM,SKIP,idle,22734.75,25.3,1.0,0.0,0.0,1.04,0.14,2.092,1,9,35,0,0,65,0,65,75,trending,0.0,0,,,
2026-03-23T09:40:00+05:30,portfolio_hist,PREMIUM,SKIP,idle,22699.45,25.26,1.0,0.0,0.0,1.04,0.016,2.092,1,9,40,0,0,65,0,65,75,trending,0.0,0,,,
2026-03-23T09:45:00+05:30,portfolio_hist,PREMIUM,ENTER,iron_condor,22696.85,25.47,1.0,0.0,0.0,1.041,0.027,0.359,1,9,45,0,0,77,0,77,75,high_vol_range,42.99,75,,,
2026-03-23T10:00:00+05:30,portfolio_hist,TREND,ENTER,debit_spread,22587.75,26.21,1.0,0.0,0.0,1.041,0.508,0.633,1,10,0,0,0,62,0,62,60,high_vol_range,37.51,75,,,
2026-03-23T12:24:00+05:30,portfolio_hist,TREND,EXIT,debit_spread,22482.95,26.87,1.0,0.0,0.0,1.041,0.969,0.182,1,12,24,0,0,0,0,0,0,high_vol_range,0.0,0,Trend profit: spread at 51.2% of max,1028.25,144
2026-03-23T13:49:00+05:30,portfolio_hist,PREMIUM,EXIT,iron_condor,22598.95,26.67,1.0,0.0,0.0,1.041,0.458,0.331,1,13,49,0,0,0,0,0,0,high_vol_range,0.0,0,Profit target: premium decayed 71.9%,2318.25,244
2026-03-23T09:30:00+05:30,portfolio_hist,PREMIUM,SKIP,idle,22714.65,25.12,1.0,0.0,0.0,1.04,0.051,2.092,1,9,30,0,0,65,0,65,75,trending,0.0,0,,,
2026-03-23T09:35:00+05:30,portfolio_hist,PREMIUM,SKIP,idle,22734.75,25.3,1.0,0.0,0.0,1.04,0.14,2.092,1,9,35,0,0,65,0,65,75,trending,0.0,0,,,
2026-03-23T09:40:00+05:30,portfolio_hist,PREMIUM,SKIP,idle,22699.45,25.26,1.0,0.0,0.0,1.04,0.016,2.092,1,9,40,0,0,65,0,65,75,trending,0.0,0,,,
2026-03-23T09:45:00+05:30,portfolio_hist,PREMIUM,ENTER,iron_condor,22696.85,25.47,1.0,0.0,0.0,1.041,0.027,0.359,1,9,45,0,0,77,0,77,75,high_vol_range,42.99,75,,,
2026-03-23T10:00:00+05:30,portfolio_hist,TREND,ENTER,debit_spread,22587.75,26.21,1.0,0.0,0.0,1.041,0.508,0.633,1,10,0,0,0,62,0,62,60,high_vol_range,37.51,75,,,
2026-03-23T12:24:00+05:30,portfolio_hist,TREND,EXIT,debit_spread,22482.95,26.87,1.0,0.0,0.0,1.041,0.969,0.182,1,12,24,0,0,0,0,0,0,high_vol_range,0.0,0,Trend profit: spread at 51.2% of max,1028.25,144
2026-03-23T13:49:00+05:30,portfolio_hist,PREMIUM,EXIT,iron_condor,22598.95,26.67,1.0,0.0,0.0,1.041,0.458,0.331,1,13,49,0,0,0,0,0,0,high_vol_range,0.0,0,Profit target: premium decayed 71.9%,2318.25,244
2026-03-23T09:30:00+05:30,portfolio_hist,PREMIUM,SKIP,idle,22714.65,25.12,1.0,0.0,0.0,1.04,0.051,2.092,1,9,30,0,0,65,0,65,75,trending,0.0,0,,,
2026-03-23T09:35:00+05:30,portfolio_hist,PREMIUM,SKIP,idle,22734.75,25.3,1.0,0.0,0.0,1.04,0.14,2.092,1,9,35,0,0,65,0,65,75,trending,0.0,0,,,
2026-03-23T09:40:00+05:30,portfolio_hist,PREMIUM,SKIP,idle,22699.45,25.26,1.0,0.0,0.0,1.04,0.016,2.092,1,9,40,0,0,65,0,65,75,trending,0.0,0,,,
2026-03-23T09:45:00+05:30,portfolio_hist,PREMIUM,ENTER,iron_condor,22696.85,25.47,1.0,0.0,0.0,1.041,0.027,0.359,1,9,45,0,0,77,0,77,75,high_vol_range,42.99,75,,,
2026-03-23T10:00:00+05:30,portfolio_hist,TREND,ENTER,debit_spread,22587.75,26.21,1.0,0.0,0.0,1.041,0.508,0.633,1,10,0,0,0,62,0,62,60,high_vol_range,37.51,75,,,
2026-03-23T12:24:00+05:30,portfolio_hist,TREND,EXIT,debit_spread,22482.95,26.87,1.0,0.0,0.0,1.041,0.969,0.182,1,12,24,0,0,0,0,0,0,high_vol_range,0.0,0,Trend profit: spread at 51.2% of max,1028.25,144
2026-03-23T13:49:00+05:30,portfolio_hist,PREMIUM,EXIT,iron_condor,22598.95,26.67,1.0,0.0,0.0,1.041,0.458,0.331,1,13,49,0,0,0,0,0,0,high_vol_range,0.0,0,Profit target: premium decayed 71.9%,2318.25,244
2026-03-23T09:30:00+05:30,portfolio_hist,PREMIUM,SKIP,idle,22714.65,25.12,1.0,0.0,0.0,1.04,0.051,2.092,1,9,30,0,0,65,0,65,75,trending,0.0,0,,,
2026-03-23T09:35:00+05:30,portfolio_hist,PREMIUM,SKIP,idle,22734.75,25.3,1.0,0.0,0.0,1.04,0.14,2.092,1,9,35,0,0,65,0,65,75,trending,0.0,0,,,
2026-03-23T09:40:00+05:30,portfolio_hist,PREMIUM,SKIP,idle,22699.45,25.26,1.0,0.0,0.0,1.04,0.016,2.092,1,9,40,0,0,65,0,65,75,trending,0.0,0,,,
2026-03-23T09:45:00+05:30,portfolio_hist,PREMIUM,ENTER,iron_condor,22696.85,25.47,1.0,0.0,0.0,1.041,0.027,0.359,1,9,45,0,0,77,0,77,75,high_vol_range,42.99,75,,,
2026-03-23T10:00:00+05:30,portfolio_hist,TREND,ENTER,debit_spread,22587.75,26.21,1.0,0.0,0.0,1.041,0.508,0.633,1,10,0,0,0,62,0,62,60,high_vol_range,37.51,75,,,
2026-03-23T12:24:00+05:30,portfolio_hist,TREND,EXIT,debit_spread,22482.95,26.87,1.0,0.0,0.0,1.041,0.969,0.182,1,12,24,0,0,0,0,0,0,high_vol_range,0.0,0,Trend profit: spread at 51.2% of max,1028.25,144
2026-03-23T13:49:00+05:30,portfolio_hist,PREMIUM,EXIT,iron_condor,22598.95,26.67,1.0,0.0,0.0,1.041,0.458,0.331,1,13,49,0,0,0,0,0,0,high_vol_range,0.0,0,Profit target: premium decayed 71.9%,2318.25,244
2026-03-23T09:30:00+05:30,portfolio_hist,PREMIUM,SKIP,idle,22714.65,25.12,1.0,0.0,0.0,1.04,0.051,2.092,1,9,30,0,0,65,0,65,75,trending,0.0,0,,,
2026-03-23T09:35:00+05:30,portfolio_hist,PREMIUM,SKIP,idle,22734.75,25.3,1.0,0.0,0.0,1.04,0.14,2.092,1,9,35,0,0,65,0,65,75,trending,0.0,0,,,
2026-03-23T09:40:00+05:30,portfolio_hist,PREMIUM,SKIP,idle,22699.45,25.26,1.0,0.0,0.0,1.04,0.016,2.092,1,9,40,0,0,65,0,65,75,trending,0.0,0,,,
2026-03-23T09:45:00+05:30,portfolio_hist,PREMIUM,ENTER,iron_condor,22696.85,25.47,1.0,0.0,0.0,1.041,0.027,0.359,1,9,45,0,0,77,0,77,75,high_vol_range,42.99,75,,,
2026-03-23T10:00:00+05:30,portfolio_hist,TREND,ENTER,debit_spread,22587.75,26.21,1.0,0.0,0.0,1.041,0.508,0.633,1,10,0,0,0,62,0,62,60,high_vol_range,37.51,75,,,
2026-03-23T10:01:00+05:30,portfolio_hist,TREND,EXIT,debit_spread,22591.15,26.21,1.0,0.0,0.0,1.041,0.493,0.633,1,10,1,0,0,0,0,0,0,high_vol_range,0.0,0,Trend profit: spread at 37.1% of max,-31.5,1
2026-03-23T13:49:00+05:30,portfolio_hist,PREMIUM,EXIT,iron_condor,22598.95,26.67,1.0,0.0,0.0,1.041,0.458,0.331,1,13,49,0,0,0,0,0,0,high_vol_range,0.0,0,Profit target: premium decayed 71.9%,2318.25,244
2026-03-23T09:30:00+05:30,portfolio_hist,PREMIUM,SKIP,idle,22714.65,25.12,1.0,0.0,0.0,1.04,0.051,2.092,1,9,30,0,0,65,0,65,75,trending,0.0,0,,,
2026-03-23T09:35:00+05:30,portfolio_hist,PREMIUM,SKIP,idle,22734.75,25.3,1.0,0.0,0.0,1.04,0.14,2.092,1,9,35,0,0,65,0,65,75,trending,0.0,0,,,
2026-03-23T09:40:00+05:30,portfolio_hist,PREMIUM,SKIP,idle,22699.45,25.26,1.0,0.0,0.0,1.04,0.016,2.092,1,9,40,0,0,65,0,65,75,trending,0.0,0,,,
2026-03-23T09:45:00+05:30,portfolio_hist,PREMIUM,ENTER,iron_condor,22696.85,25.47,1.0,0.0,0.0,1.041,0.027,0.359,1,9,45,0,0,77,0,77,75,high_vol_range,42.99,75,,,
2026-03-23T10:00:00+05:30,portfolio_hist,TREND,ENTER,debit_spread,22587.75,26.21,1.0,0.0,0.0,1.041,0.508,0.633,1,10,0,0,0,62,0,62,60,high_vol_range,37.51,75,,,
2026-03-23T10:15:00+05:30,portfolio_hist,TREND,EXIT,debit_spread,22560.65,26.32,1.0,0.0,0.0,1.041,0.627,0.556,1,10,15,0,0,0,0,0,0,high_vol_range,0.0,0,Trend profit: spread at 40.7% of max,236.25,15
2026-03-23T13:49:00+05:30,portfolio_hist,PREMIUM,EXIT,iron_condor,22598.95,26.67,1.0,0.0,0.0,1.041,0.458,0.331,1,13,49,0,0,0,0,0,0,high_vol_range,0.0,0,Profit target: premium decayed 71.9%,2318.25,244
2026-03-23T09:30:00+05:30,portfolio_hist,PREMIUM,SKIP,idle,22714.65,25.12,1.0,0.0,0.0,1.04,0.051,2.092,1,9,30,0,0,65,0,65,75,trending,0.0,0,,,
2026-03-23T09:35:00+05:30,portfolio_hist,PREMIUM,SKIP,idle,22734.75,25.3,1.0,0.0,0.0,1.04,0.14,2.092,1,9,35,0,0,65,0,65,75,trending,0.0,0,,,
2026-03-23T09:40:00+05:30,portfolio_hist,PREMIUM,SKIP,idle,22699.45,25.26,1.0,0.0,0.0,1.04,0.016,2.092,1,9,40,0,0,65,0,65,75,trending,0.0,0,,,
2026-03-23T09:45:00+05:30,portfolio_hist,PREMIUM,ENTER,iron_condor,22696.85,25.47,1.0,0.0,0.0,1.041,0.027,0.359,1,9,45,0,0,77,0,77,75,high_vol_range,42.99,75,,,
2026-03-23T10:00:00+05:30,portfolio_hist,TREND,ENTER,debit_spread,22587.75,26.21,1.0,0.0,0.0,1.041,0.508,0.633,1,10,0,0,0,62,0,62,60,high_vol_range,37.51,75,,,
2026-03-23T12:24:00+05:30,portfolio_hist,TREND,EXIT,debit_spread,22482.95,26.87,1.0,0.0,0.0,1.041,0.969,0.182,1,12,24,0,0,0,0,0,0,high_vol_range,0.0,0,Trend profit: spread at 51.2% of max,1028.25,144
2026-03-23T13:49:00+05:30,portfolio_hist,PREMIUM,EXIT,iron_condor,22598.95,26.67,1.0,0.0,0.0,1.041,0.458,0.331,1,13,49,0,0,0,0,0,0,high_vol_range,0.0,0,Profit target: premium decayed 71.9%,2318.25,244
2026-03-23T09:30:00+05:30,portfolio_hist,PREMIUM,SKIP,idle,22714.65,25.12,1.0,0.0,0.0,1.04,0.051,2.092,1,9,30,0,0,65,0,65,75,trending,0.0,0,,,
2026-03-23T09:35:00+05:30,portfolio_hist,PREMIUM,SKIP,idle,22734.75,25.3,1.0,0.0,0.0,1.04,0.14,2.092,1,9,35,0,0,65,0,65,75,trending,0.0,0,,,
2026-03-23T09:40:00+05:30,portfolio_hist,PREMIUM,SKIP,idle,22699.45,25.26,1.0,0.0,0.0,1.04,0.016,2.092,1,9,40,0,0,65,0,65,75,trending,0.0,0,,,
2026-03-23T09:45:00+05:30,portfolio_hist,PREMIUM,ENTER,iron_condor,22696.85,25.47,1.0,0.0,0.0,1.041,0.027,0.359,1,9,45,0,0,77,0,77,75,high_vol_range,42.99,75,,,
2026-03-23T10:00:00+05:30,portfolio_hist,TREND,ENTER,debit_spread,22587.75,26.21,1.0,0.0,0.0,1.041,0.508,0.633,1,10,0,0,0,62,0,62,60,high_vol_range,37.51,75,,,
2026-03-23T13:48:00+05:30,portfolio_hist,TREND,EXIT,debit_spread,22593.3,26.72,1.0,0.0,0.0,1.041,0.483,0.331,1,13,48,0,0,0,0,0,0,high_vol_range,0.0,0,Trend stop: lost 21.4%,-600.75,228
2026-03-23T13:49:00+05:30,portfolio_hist,PREMIUM,EXIT,iron_condor,22598.95,26.67,1.0,0.0,0.0,1.041,0.458,0.331,1,13,49,0,0,0,0,0,0,high_vol_range,0.0,0,Profit target: premium decayed 71.9%,2318.25,244
2026-03-23T09:30:00+05:30,portfolio_hist,PREMIUM,SKIP,idle,22714.65,25.12,1.0,0.0,0.0,1.04,0.051,2.092,1,9,30,0,0,65,0,65,75,trending,0.0,0,,,
2026-03-23T09:35:00+05:30,portfolio_hist,PREMIUM,SKIP,idle,22734.75,25.3,1.0,0.0,0.0,1.04,0.14,2.092,1,9,35,0,0,65,0,65,75,trending,0.0,0,,,
2026-03-23T09:40:00+05:30,portfolio_hist,PREMIUM,SKIP,idle,22699.45,25.26,1.0,0.0,0.0,1.04,0.016,2.092,1,9,40,0,0,65,0,65,75,trending,0.0,0,,,
2026-03-23T09:45:00+05:30,portfolio_hist,PREMIUM,ENTER,iron_condor,22696.85,25.47,1.0,0.0,0.0,1.041,0.027,0.359,1,9,45,0,0,77,0,77,75,high_vol_range,42.99,75,,,
2026-03-23T10:00:00+05:30,portfolio_hist,TREND,ENTER,debit_spread,22587.75,26.21,1.0,0.0,0.0,1.041,0.508,0.633,1,10,0,0,0,62,0,62,60,high_vol_range,37.51,75,,,
2026-03-23T13:48:00+05:30,portfolio_hist,TREND,EXIT,debit_spread,22593.3,26.72,1.0,0.0,0.0,1.041,0.483,0.331,1,13,48,0,0,0,0,0,0,high_vol_range,0.0,0,Trend stop: lost 21.4%,-600.75,228
2026-03-23T13:49:00+05:30,portfolio_hist,PREMIUM,EXIT,iron_condor,22598.95,26.67,1.0,0.0,0.0,1.041,0.458,0.331,1,13,49,0,0,0,0,0,0,high_vol_range,0.0,0,Profit target: premium decayed 71.9%,2318.25,244
2026-03-23T09:30:00+05:30,portfolio_hist,PREMIUM,SKIP,idle,22714.65,25.12,1.0,0.0,0.0,1.04,0.051,2.092,1,9,30,0,0,65,0,65,75,trending,0.0,0,,,
2026-03-23T09:35:00+05:30,portfolio_hist,PREMIUM,SKIP,idle,22734.75,25.3,1.0,0.0,0.0,1.04,0.14,2.092,1,9,35,0,0,65,0,65,75,trending,0.0,0,,,
2026-03-23T09:40:00+05:30,portfolio_hist,PREMIUM,SKIP,idle,22699.45,25.26,1.0,0.0,0.0,1.04,0.016,2.092,1,9,40,0,0,65,0,65,75,trending,0.0,0,,,
2026-03-23T09:45:00+05:30,portfolio_hist,PREMIUM,ENTER,iron_condor,22696.85,25.47,1.0,0.0,0.0,1.041,0.027,0.359,1,9,45,0,0,77,0,77,75,high_vol_range,42.99,75,,,
2026-03-23T10:00:00+05:30,portfolio_hist,TREND,ENTER,debit_spread,22587.75,26.21,1.0,0.0,0.0,1.041,0.508,0.633,1,10,0,0,0,62,0,62,60,high_vol_range,37.51,75,,,
2026-03-23T10:01:00+05:30,portfolio_hist,TREND,EXIT,debit_spread,22591.15,26.21,1.0,0.0,0.0,1.041,0.493,0.633,1,10,1,0,0,0,0,0,0,high_vol_range,0.0,0,Trend profit: spread at 37.1% of max,-31.5,1
2026-03-23T13:49:00+05:30,portfolio_hist,PREMIUM,EXIT,iron_condor,22598.95,26.67,1.0,0.0,0.0,1.041,0.458,0.331,1,13,49,0,0,0,0,0,0,high_vol_range,0.0,0,Profit target: premium decayed 71.9%,2318.25,244
2026-03-23T09:30:00+05:30,portfolio_hist,PREMIUM,SKIP,idle,22714.65,25.12,1.0,0.0,0.0,1.04,0.051,2.092,1,9,30,0,0,65,0,65,75,trending,0.0,0,,,
2026-03-23T09:35:00+05:30,portfolio_hist,PREMIUM,SKIP,idle,22734.75,25.3,1.0,0.0,0.0,1.04,0.14,2.092,1,9,35,0,0,65,0,65,75,trending,0.0,0,,,
2026-03-23T09:40:00+05:30,portfolio_hist,PREMIUM,SKIP,idle,22699.45,25.26,1.0,0.0,0.0,1.04,0.016,2.092,1,9,40,0,0,65,0,65,75,trending,0.0,0,,,
2026-03-23T09:45:00+05:30,portfolio_hist,PREMIUM,ENTER,iron_condor,22696.85,25.47,1.0,0.0,0.0,1.041,0.027,0.359,1,9,45,0,0,77,0,77,75,high_vol_range,42.99,75,,,
2026-03-23T10:00:00+05:30,portfolio_hist,TREND,ENTER,debit_spread,22587.75,26.21,1.0,0.0,0.0,1.041,0.508,0.633,1,10,0,0,0,62,0,62,60,high_vol_range,37.51,75,,,
2026-03-23T10:15:00+05:30,portfolio_hist,TREND,EXIT,debit_spread,22560.65,26.32,1.0,0.0,0.0,1.041,0.627,0.556,1,10,15,0,0,0,0,0,0,high_vol_range,0.0,0,Trend profit: spread at 40.7% of max,236.25,15
2026-03-23T13:49:00+05:30,portfolio_hist,PREMIUM,EXIT,iron_condor,22598.95,26.67,1.0,0.0,0.0,1.041,0.458,0.331,1,13,49,0,0,0,0,0,0,high_vol_range,0.0,0,Profit target: premium decayed 71.9%,2318.25,244
2026-03-23T09:30:00+05:30,portfolio_hist,PREMIUM,SKIP,idle,22714.65,25.12,1.0,0.0,0.0,1.04,0.051,2.092,1,9,30,0,0,65,0,65,75,trending,0.0,0,,,
2026-03-23T09:35:00+05:30,portfolio_hist,PREMIUM,SKIP,idle,22734.75,25.3,1.0,0.0,0.0,1.04,0.14,2.092,1,9,35,0,0,65,0,65,75,trending,0.0,0,,,
2026-03-23T09:40:00+05:30,portfolio_hist,PREMIUM,SKIP,idle,22699.45,25.26,1.0,0.0,0.0,1.04,0.016,2.092,1,9,40,0,0,65,0,65,75,trending,0.0,0,,,
2026-03-23T09:45:00+05:30,portfolio_hist,PREMIUM,ENTER,iron_condor,22696.85,25.47,1.0,0.0,0.0,1.041,0.027,0.359,1,9,45,0,0,77,0,77,75,high_vol_range,42.99,75,,,
2026-03-23T10:00:00+05:30,portfolio_hist,TREND,ENTER,debit_spread,22587.75,26.21,1.0,0.0,0.0,1.041,0.508,0.633,1,10,0,0,0,62,0,62,60,high_vol_range,37.51,75,,,
2026-03-23T12:24:00+05:30,portfolio_hist,TREND,EXIT,debit_spread,22482.95,26.87,1.0,0.0,0.0,1.041,0.969,0.182,1,12,24,0,0,0,0,0,0,high_vol_range,0.0,0,Trend profit: spread at 51.2% of max,1028.25,144
2026-03-23T13:49:00+05:30,portfolio_hist,PREMIUM,EXIT,iron_condor,22598.95,26.67,1.0,0.0,0.0,1.041,0.458,0.331,1,13,49,0,0,0,0,0,0,high_vol_range,0.0,0,Profit target: premium decayed 71.9%,2318.25,244
2026-03-23T09:30:00+05:30,portfolio_hist,PREMIUM,SKIP,idle,22714.65,25.12,1.0,0.0,0.0,1.04,0.051,2.092,1,9,30,0,0,65,0,65,75,trending,0.0,0,,,
2026-03-23T09:35:00+05:30,portfolio_hist,PREMIUM,SKIP,idle,22734.75,25.3,1.0,0.0,0.0,1.04,0.14,2.092,1,9,35,0,0,65,0,65,75,trending,0.0,0,,,
2026-03-23T09:40:00+05:30,portfolio_hist,PREMIUM,SKIP,idle,22699.45,25.26,1.0,0.0,0.0,1.04,0.016,2.092,1,9,40,0,0,65,0,65,75,trending,0.0,0,,,
2026-03-23T09:45:00+05:30,portfolio_hist,PREMIUM,ENTER,iron_condor,22696.85,25.47,1.0,0.0,0.0,1.041,0.027,0.359,1,9,45,0,0,77,0,77,75,high_vol_range,42.99,75,,,
2026-03-23T10:00:00+05:30,portfolio_hist,TREND,ENTER,debit_spread,22587.75,26.21,1.0,0.0,0.0,1.041,0.508,0.633,1,10,0,0,0,62,0,62,60,high_vol_range,37.51,75,,,
2026-03-23T13:48:00+05:30,portfolio_hist,TREND,EXIT,debit_spread,22593.3,26.72,1.0,0.0,0.0,1.041,0.483,0.331,1,13,48,0,0,0,0,0,0,high_vol_range,0.0,0,Trend stop: lost 21.4%,-600.75,228
2026-03-23T13:49:00+05:30,portfolio_hist,PREMIUM,EXIT,iron_condor,22598.95,26.67,1.0,0.0,0.0,1.041,0.458,0.331,1,13,49,0,0,0,0,0,0,high_vol_range,0.0,0,Profit target: premium decayed 71.9%,2318.25,244
2026-03-23T09:30:00+05:30,portfolio_hist,PREMIUM,SKIP,idle,22714.65,25.12,1.0,0.0,0.0,1.04,0.051,2.092,1,9,30,0,0,65,0,65,75,trending,0.0,0,,,
2026-03-23T09:35:00+05:30,portfolio_hist,PREMIUM,SKIP,idle,22734.75,25.3,1.0,0.0,0.0,1.04,0.14,2.092,1,9,35,0,0,65,0,65,75,trending,0.0,0,,,
2026-03-23T09:40:00+05:30,portfolio_hist,PREMIUM,SKIP,idle,22699.45,25.26,1.0,0.0,0.0,1.04,0.016,2.092,1,9,40,0,0,65,0,65,75,trending,0.0,0,,,
2026-03-23T09:45:00+05:30,portfolio_hist,PREMIUM,ENTER,iron_condor,22696.85,25.47,1.0,0.0,0.0,1.041,0.027,0.359,1,9,45,0,0,77,0,77,75,high_vol_range,42.99,75,,,
2026-03-23T10:00:00+05:30,portfolio_hist,TREND,ENTER,debit_spread,22587.75,26.21,1.0,0.0,0.0,1.041,0.508,0.633,1,10,0,0,0,62,0,62,60,high_vol_range,37.51,75,,,
2026-03-23T13:48:00+05:30,portfolio_hist,TREND,EXIT,debit_spread,22593.3,26.72,1.0,0.0,0.0,1.041,0.483,0.331,1,13,48,0,0,0,0,0,0,high_vol_range,0.0,0,Trend stop: lost 21.4%,-600.75,228
2026-03-23T13:49:00+05:30,portfolio_hist,PREMIUM,EXIT,iron_condor,22598.95,26.67,1.0,0.0,0.0,1.041,0.458,0.331,1,13,49,0,0,0,0,0,0,high_vol_range,0.0,0,Profit target: premium decayed 71.9%,2318.25,244
2026-03-23T09:30:00+05:30,portfolio_hist,PREMIUM,SKIP,idle,22714.65,25.12,1.0,0.0,0.0,1.04,0.051,2.092,1,9,30,0,0,65,0,65,75,trending,0.0,0,,,
2026-03-23T09:35:00+05:30,portfolio_hist,PREMIUM,SKIP,idle,22734.75,25.3,1.0,0.0,0.0,1.04,0.14,2.092,1,9,35,0,0,65,0,65,75,trending,0.0,0,,,
2026-03-23T09:40:00+05:30,portfolio_hist,PREMIUM,SKIP,idle,22699.45,25.26,1.0,0.0,0.0,1.04,0.016,2.092,1,9,40,0,0,65,0,65,75,trending,0.0,0,,,
2026-03-23T09:45:00+05:30,portfolio_hist,PREMIUM,ENTER,iron_condor,22696.85,25.47,1.0,0.0,0.0,1.041,0.027,0.359,1,9,45,0,0,77,0,77,75,high_vol_range,42.99,75,,,
2026-03-23T10:00:00+05:30,portfolio_hist,TREND,ENTER,debit_spread,22587.75,26.21,1.0,0.0,0.0,1.041,0.508,0.633,1,10,0,0,0,62,0,62,60,high_vol_range,37.51,75,,,
2026-03-23T10:01:00+05:30,portfolio_hist,TREND,EXIT,debit_spread,22591.15,26.21,1.0,0.0,0.0,1.041,0.493,0.633,1,10,1,0,0,0,0,0,0,high_vol_range,0.0,0,Trend profit: spread at 37.1% of max,-31.5,1
2026-03-23T13:49:00+05:30,portfolio_hist,PREMIUM,EXIT,iron_condor,22598.95,26.67,1.0,0.0,0.0,1.041,0.458,0.331,1,13,49,0,0,0,0,0,0,high_vol_range,0.0,0,Profit target: premium decayed 71.9%,2318.25,244
2026-03-23T09:30:00+05:30,portfolio_hist,PREMIUM,SKIP,idle,22714.65,25.12,1.0,0.0,0.0,1.04,0.051,2.092,1,9,30,0,0,65,0,65,75,trending,0.0,0,,,
2026-03-23T09:35:00+05:30,portfolio_hist,PREMIUM,SKIP,idle,22734.75,25.3,1.0,0.0,0.0,1.04,0.14,2.092,1,9,35,0,0,65,0,65,75,trending,0.0,0,,,
2026-03-23T09:40:00+05:30,portfolio_hist,PREMIUM,SKIP,idle,22699.45,25.26,1.0,0.0,0.0,1.04,0.016,2.092,1,9,40,0,0,65,0,65,75,trending,0.0,0,,,
2026-03-23T09:45:00+05:30,portfolio_hist,PREMIUM,ENTER,iron_condor,22696.85,25.47,1.0,0.0,0.0,1.041,0.027,0.359,1,9,45,0,0,77,0,77,75,high_vol_range,42.99,75,,,
2026-03-23T10:00:00+05:30,portfolio_hist,TREND,ENTER,debit_spread,22587.75,26.21,1.0,0.0,0.0,1.041,0.508,0.633,1,10,0,0,0,62,0,62,60,high_vol_range,37.51,75,,,
2026-03-23T10:15:00+05:30,portfolio_hist,TREND,EXIT,debit_spread,22560.65,26.32,1.0,0.0,0.0,1.041,0.627,0.556,1,10,15,0,0,0,0,0,0,high_vol_range,0.0,0,Trend profit: spread at 40.7% of max,236.25,15
2026-03-23T13:49:00+05:30,portfolio_hist,PREMIUM,EXIT,iron_condor,22598.95,26.67,1.0,0.0,0.0,1.041,0.458,0.331,1,13,49,0,0,0,0,0,0,high_vol_range,0.0,0,Profit target: premium decayed 71.9%,2318.25,244
2026-03-23T09:30:00+05:30,portfolio_hist,PREMIUM,SKIP,idle,22714.65,25.12,1.0,0.0,0.0,1.04,0.051,2.092,1,9,30,0,0,65,0,65,75,trending,0.0,0,,,
2026-03-23T09:35:00+05:30,portfolio_hist,PREMIUM,SKIP,idle,22734.75,25.3,1.0,0.0,0.0,1.04,0.14,2.092,1,9,35,0,0,65,0,65,75,trending,0.0,0,,,
2026-03-23T09:40:00+05:30,portfolio_hist,PREMIUM,SKIP,idle,22699.45,25.26,1.0,0.0,0.0,1.04,0.016,2.092,1,9,40,0,0,65,0,65,75,trending,0.0,0,,,
2026-03-23T09:45:00+05:30,portfolio_hist,PREMIUM,ENTER,iron_condor,22696.85,25.47,1.0,0.0,0.0,1.041,0.027,0.359,1,9,45,0,0,77,0,77,75,high_vol_range,42.99,75,,,
2026-03-23T10:00:00+05:30,portfolio_hist,TREND,ENTER,debit_spread,22587.75,26.21,1.0,0.0,0.0,1.041,0.508,0.633,1,10,0,0,0,62,0,62,60,high_vol_range,37.51,75,,,
2026-03-23T12:24:00+05:30,portfolio_hist,TREND,EXIT,debit_spread,22482.95,26.87,1.0,0.0,0.0,1.041,0.969,0.182,1,12,24,0,0,0,0,0,0,high_vol_range,0.0,0,Trend profit: spread at 51.2% of max,1028.25,144
2026-03-23T13:49:00+05:30,portfolio_hist,PREMIUM,EXIT,iron_condor,22598.95,26.67,1.0,0.0,0.0,1.041,0.458,0.331,1,13,49,0,0,0,0,0,0,high_vol_range,0.0,0,Profit target: premium decayed 71.9%,2318.25,244
2026-03-23T09:30:00+05:30,portfolio_hist,PREMIUM,SKIP,idle,22714.65,25.12,1.0,0.0,0.0,1.04,0.051,2.092,1,9,30,0,0,65,0,65,75,trending,0.0,0,,,
2026-03-23T09:35:00+05:30,portfolio_hist,PREMIUM,SKIP,idle,22734.75,25.3,1.0,0.0,0.0,1.04,0.14,2.092,1,9,35,0,0,65,0,65,75,trending,0.0,0,,,
2026-03-23T09:40:00+05:30,portfolio_hist,PREMIUM,SKIP,idle,22699.45,25.26,1.0,0.0,0.0,1.04,0.016,2.092,1,9,40,0,0,65,0,65,75,trending,0.0,0,,,
2026-03-23T09:45:00+05:30,portfolio_hist,PREMIUM,ENTER,iron_condor,22696.85,25.47,1.0,0.0,0.0,1.041,0.027,0.359,1,9,45,0,0,77,0,77,75,high_vol_range,42.99,75,,,
2026-03-23T10:00:00+05:30,portfolio_hist,TREND,ENTER,debit_spread,22587.75,26.21,1.0,0.0,0.0,1.041,0.508,0.633,1,10,0,0,0,62,0,62,60,high_vol_range,37.51,75,,,
2026-03-23T13:49:00+05:30,portfolio_hist,PREMIUM,EXIT,iron_condor,22598.95,26.67,1.0,0.0,0.0,1.041,0.458,0.331,1,13,49,0,0,0,0,0,0,high_vol_range,0.0,0,Profit target: premium decayed 71.9%,2318.25,244
2026-03-23T13:50:00+05:30,portfolio_hist,TREND,EXIT,debit_spread,22619.9,26.55,1.0,0.0,0.0,1.041,0.366,0.496,1,13,50,0,0,0,0,0,0,high_vol_range,0.0,0,Trend stop: lost 35.6%,-1000.5,230
2026-03-23T09:30:00+05:30,portfolio_hist,PREMIUM,SKIP,idle,22714.65,25.12,1.0,0.0,0.0,1.04,0.051,2.092,1,9,30,0,0,65,0,65,75,trending,0.0,0,,,
2026-03-23T09:35:00+05:30,portfolio_hist,PREMIUM,SKIP,idle,22734.75,25.3,1.0,0.0,0.0,1.04,0.14,2.092,1,9,35,0,0,65,0,65,75,trending,0.0,0,,,
2026-03-23T09:40:00+05:30,portfolio_hist,PREMIUM,SKIP,idle,22699.45,25.26,1.0,0.0,0.0,1.04,0.016,2.092,1,9,40,0,0,65,0,65,75,trending,0.0,0,,,
2026-03-23T09:45:00+05:30,portfolio_hist,PREMIUM,ENTER,iron_condor,22696.85,25.47,1.0,0.0,0.0,1.041,0.027,0.359,1,9,45,0,0,77,0,77,75,high_vol_range,42.99,75,,,
2026-03-23T10:00:00+05:30,portfolio_hist,TREND,ENTER,debit_spread,22587.75,26.21,1.0,0.0,0.0,1.041,0.508,0.633,1,10,0,0,0,62,0,62,60,high_vol_range,37.51,75,,,
2026-03-23T13:49:00+05:30,portfolio_hist,PREMIUM,EXIT,iron_condor,22598.95,26.67,1.0,0.0,0.0,1.041,0.458,0.331,1,13,49,0,0,0,0,0,0,high_vol_range,0.0,0,Profit target: premium decayed 71.9%,2318.25,244
2026-03-23T13:50:00+05:30,portfolio_hist,TREND,EXIT,debit_spread,22619.9,26.55,1.0,0.0,0.0,1.041,0.366,0.496,1,13,50,0,0,0,0,0,0,high_vol_range,0.0,0,Trend stop: lost 35.6%,-1000.5,230
2026-03-23T09:30:00+05:30,portfolio_hist,PREMIUM,SKIP,idle,22714.65,25.12,1.0,0.0,0.0,1.04,0.051,2.092,1,9,30,0,0,65,0,65,75,trending,0.0,0,,,
2026-03-23T09:35:00+05:30,portfolio_hist,PREMIUM,SKIP,idle,22734.75,25.3,1.0,0.0,0.0,1.04,0.14,2.092,1,9,35,0,0,65,0,65,75,trending,0.0,0,,,
2026-03-23T09:40:00+05:30,portfolio_hist,PREMIUM,SKIP,idle,22699.45,25.26,1.0,0.0,0.0,1.04,0.016,2.092,1,9,40,0,0,65,0,65,75,trending,0.0,0,,,
2026-03-23T09:45:00+05:30,portfolio_hist,PREMIUM,ENTER,iron_condor,22696.85,25.47,1.0,0.0,0.0,1.041,0.027,0.359,1,9,45,0,0,77,0,77,75,high_vol_range,42.99,75,,,
2026-03-23T10:00:00+05:30,portfolio_hist,TREND,ENTER,debit_spread,22587.75,26.21,1.0,0.0,0.0,1.041,0.508,0.633,1,10,0,0,0,62,0,62,60,high_vol_range,37.51,75,,,
2026-03-23T10:01:00+05:30,portfolio_hist,TREND,EXIT,debit_spread,22591.15,26.21,1.0,0.0,0.0,1.041,0.493,0.633,1,10,1,0,0,0,0,0,0,high_vol_range,0.0,0,Trend profit: spread at 37.1% of max,-31.5,1
2026-03-23T13:49:00+05:30,portfolio_hist,PREMIUM,EXIT,iron_condor,22598.95,26.67,1.0,0.0,0.0,1.041,0.458,0.331,1,13,49,0,0,0,0,0,0,high_vol_range,0.0,0,Profit target: premium decayed 71.9%,2318.25,244
2026-03-23T09:30:00+05:30,portfolio_hist,PREMIUM,SKIP,idle,22714.65,25.12,1.0,0.0,0.0,1.04,0.051,2.092,1,9,30,0,0,65,0,65,75,trending,0.0,0,,,
2026-03-23T09:35:00+05:30,portfolio_hist,PREMIUM,SKIP,idle,22734.75,25.3,1.0,0.0,0.0,1.04,0.14,2.092,1,9,35,0,0,65,0,65,75,trending,0.0,0,,,
2026-03-23T09:40:00+05:30,portfolio_hist,PREMIUM,SKIP,idle,22699.45,25.26,1.0,0.0,0.0,1.04,0.016,2.092,1,9,40,0,0,65,0,65,75,trending,0.0,0,,,
2026-03-23T09:45:00+05:30,portfolio_hist,PREMIUM,ENTER,iron_condor,22696.85,25.47,1.0,0.0,0.0,1.041,0.027,0.359,1,9,45,0,0,77,0,77,75,high_vol_range,42.99,75,,,
2026-03-23T10:00:00+05:30,portfolio_hist,TREND,ENTER,debit_spread,22587.75,26.21,1.0,0.0,0.0,1.041,0.508,0.633,1,10,0,0,0,62,0,62,60,high_vol_range,37.51,75,,,
2026-03-23T10:15:00+05:30,portfolio_hist,TREND,EXIT,debit_spread,22560.65,26.32,1.0,0.0,0.0,1.041,0.627,0.556,1,10,15,0,0,0,0,0,0,high_vol_range,0.0,0,Trend profit: spread at 40.7% of max,236.25,15
2026-03-23T13:49:00+05:30,portfolio_hist,PREMIUM,EXIT,iron_condor,22598.95,26.67,1.0,0.0,0.0,1.041,0.458,0.331,1,13,49,0,0,0,0,0,0,high_vol_range,0.0,0,Profit target: premium decayed 71.9%,2318.25,244
2026-03-23T09:30:00+05:30,portfolio_hist,PREMIUM,SKIP,idle,22714.65,25.12,1.0,0.0,0.0,1.04,0.051,2.092,1,9,30,0,0,65,0,65,75,trending,0.0,0,,,
2026-03-23T09:35:00+05:30,portfolio_hist,PREMIUM,SKIP,idle,22734.75,25.3,1.0,0.0,0.0,1.04,0.14,2.092,1,9,35,0,0,65,0,65,75,trending,0.0,0,,,
2026-03-23T09:40:00+05:30,portfolio_hist,PREMIUM,SKIP,idle,22699.45,25.26,1.0,0.0,0.0,1.04,0.016,2.092,1,9,40,0,0,65,0,65,75,trending,0.0,0,,,
2026-03-23T09:45:00+05:30,portfolio_hist,PREMIUM,ENTER,iron_condor,22696.85,25.47,1.0,0.0,0.0,1.041,0.027,0.359,1,9,45,0,0,77,0,77,75,high_vol_range,42.99,75,,,
2026-03-23T10:00:00+05:30,portfolio_hist,TREND,ENTER,debit_spread,22587.75,26.21,1.0,0.0,0.0,1.041,0.508,0.633,1,10,0,0,0,62,0,62,60,high_vol_range,37.51,75,,,
2026-03-23T12:24:00+05:30,portfolio_hist,TREND,EXIT,debit_spread,22482.95,26.87,1.0,0.0,0.0,1.041,0.969,0.182,1,12,24,0,0,0,0,0,0,high_vol_range,0.0,0,Trend profit: spread at 51.2% of max,1028.25,144
2026-03-23T13:49:00+05:30,portfolio_hist,PREMIUM,EXIT,iron_condor,22598.95,26.67,1.0,0.0,0.0,1.041,0.458,0.331,1,13,49,0,0,0,0,0,0,high_vol_range,0.0,0,Profit target: premium decayed 71.9%,2318.25,244
2026-03-23T09:30:00+05:30,portfolio_hist,PREMIUM,SKIP,idle,22714.65,25.12,1.0,0.0,0.0,1.04,0.051,2.092,1,9,30,0,0,65,0,65,75,trending,0.0,0,,,
2026-03-23T09:35:00+05:30,portfolio_hist,PREMIUM,SKIP,idle,22734.75,25.3,1.0,0.0,0.0,1.04,0.14,2.092,1,9,35,0,0,65,0,65,75,trending,0.0,0,,,
2026-03-23T09:40:00+05:30,portfolio_hist,PREMIUM,SKIP,idle,22699.45,25.26,1.0,0.0,0.0,1.04,0.016,2.092,1,9,40,0,0,65,0,65,75,trending,0.0,0,,,
2026-03-23T09:45:00+05:30,portfolio_hist,PREMIUM,ENTER,iron_condor,22696.85,25.47,1.0,0.0,0.0,1.041,0.027,0.359,1,9,45,0,0,77,0,77,75,high_vol_range,42.99,75,,,
2026-03-23T10:00:00+05:30,portfolio_hist,TREND,ENTER,debit_spread,22587.75,26.21,1.0,0.0,0.0,1.041,0.508,0.633,1,10,0,0,0,62,0,62,60,high_vol_range,37.51,75,,,
2026-03-23T13:49:00+05:30,portfolio_hist,PREMIUM,EXIT,iron_condor,22598.95,26.67,1.0,0.0,0.0,1.041,0.458,0.331,1,13,49,0,0,0,0,0,0,high_vol_range,0.0,0,Profit target: premium decayed 71.9%,2318.25,244
2026-03-23T13:50:00+05:30,portfolio_hist,TREND,EXIT,debit_spread,22619.9,26.55,1.0,0.0,0.0,1.041,0.366,0.496,1,13,50,0,0,0,0,0,0,high_vol_range,0.0,0,Trend stop: lost 35.6%,-1000.5,230
2026-03-23T09:30:00+05:30,portfolio_hist,PREMIUM,SKIP,idle,22714.65,25.12,1.0,0.0,0.0,1.04,0.051,2.092,1,9,30,0,0,65,0,65,75,trending,0.0,0,,,
2026-03-23T09:35:00+05:30,portfolio_hist,PREMIUM,SKIP,idle,22734.75,25.3,1.0,0.0,0.0,1.04,0.14,2.092,1,9,35,0,0,65,0,65,75,trending,0.0,0,,,
2026-03-23T09:40:00+05:30,portfolio_hist,PREMIUM,SKIP,idle,22699.45,25.26,1.0,0.0,0.0,1.04,0.016,2.092,1,9,40,0,0,65,0,65,75,trending,0.0,0,,,
2026-03-23T09:45:00+05:30,portfolio_hist,PREMIUM,ENTER,iron_condor,22696.85,25.47,1.0,0.0,0.0,1.041,0.027,0.359,1,9,45,0,0,77,0,77,75,high_vol_range,42.99,75,,,
2026-03-23T10:00:00+05:30,portfolio_hist,TREND,ENTER,debit_spread,22587.75,26.21,1.0,0.0,0.0,1.041,0.508,0.633,1,10,0,0,0,62,0,62,60,high_vol_range,37.51,75,,,
2026-03-23T13:49:00+05:30,portfolio_hist,PREMIUM,EXIT,iron_condor,22598.95,26.67,1.0,0.0,0.0,1.041,0.458,0.331,1,13,49,0,0,0,0,0,0,high_vol_range,0.0,0,Profit target: premium decayed 71.9%,2318.25,244
2026-03-23T13:50:00+05:30,portfolio_hist,TREND,EXIT,debit_spread,22619.9,26.55,1.0,0.0,0.0,1.041,0.366,0.496,1,13,50,0,0,0,0,0,0,high_vol_range,0.0,0,Trend stop: lost 35.6%,-1000.5,230
2026-03-23T09:30:00+05:30,portfolio_hist,PREMIUM,SKIP,idle,22714.65,25.12,1.0,0.0,0.0,1.04,0.051,2.092,1,9,30,0,0,65,0,65,75,trending,0.0,0,,,
2026-03-23T09:35:00+05:30,portfolio_hist,PREMIUM,SKIP,idle,22734.75,25.3,1.0,0.0,0.0,1.04,0.14,2.092,1,9,35,0,0,65,0,65,75,trending,0.0,0,,,
2026-03-23T09:40:00+05:30,portfolio_hist,PREMIUM,SKIP,idle,22699.45,25.26,1.0,0.0,0.0,1.04,0.016,2.092,1,9,40,0,0,65,0,65,75,trending,0.0,0,,,
2026-03-23T09:45:00+05:30,portfolio_hist,PREMIUM,ENTER,iron_condor,22696.85,25.47,1.0,0.0,0.0,1.041,0.027,0.359,1,9,45,0,0,77,0,77,75,high_vol_range,42.99,75,,,
2026-03-23T10:00:00+05:30,portfolio_hist,TREND,ENTER,debit_spread,22587.75,26.21,1.0,0.0,0.0,1.041,0.508,0.633,1,10,0,0,0,62,0,62,60,high_vol_range,37.51,75,,,
2026-03-23T10:01:00+05:30,portfolio_hist,TREND,EXIT,debit_spread,22591.15,26.21,1.0,0.0,0.0,1.041,0.493,0.633,1,10,1,0,0,0,0,0,0,high_vol_range,0.0,0,Trend profit: spread at 37.1% of max,-31.5,1
2026-03-23T13:49:00+05:30,portfolio_hist,PREMIUM,EXIT,iron_condor,22598.95,26.67,1.0,0.0,0.0,1.041,0.458,0.331,1,13,49,0,0,0,0,0,0,high_vol_range,0.0,0,Profit target: premium decayed 71.9%,2318.25,244
2026-03-23T09:30:00+05:30,portfolio_hist,PREMIUM,SKIP,idle,22714.65,25.12,1.0,0.0,0.0,1.04,0.051,2.092,1,9,30,0,0,65,0,65,75,trending,0.0,0,,,
2026-03-23T09:35:00+05:30,portfolio_hist,PREMIUM,SKIP,idle,22734.75,25.3,1.0,0.0,0.0,1.04,0.14,2.092,1,9,35,0,0,65,0,65,75,trending,0.0,0,,,
2026-03-23T09:40:00+05:30,portfolio_hist,PREMIUM,SKIP,idle,22699.45,25.26,1.0,0.0,0.0,1.04,0.016,2.092,1,9,40,0,0,65,0,65,75,trending,0.0,0,,,
2026-03-23T09:45:00+05:30,portfolio_hist,PREMIUM,ENTER,iron_condor,22696.85,25.47,1.0,0.0,0.0,1.041,0.027,0.359,1,9,45,0,0,77,0,77,75,high_vol_range,42.99,75,,,
2026-03-23T10:00:00+05:30,portfolio_hist,TREND,ENTER,debit_spread,22587.75,26.21,1.0,0.0,0.0,1.041,0.508,0.633,1,10,0,0,0,62,0,62,60,high_vol_range,37.51,75,,,
2026-03-23T10:15:00+05:30,portfolio_hist,TREND,EXIT,debit_spread,22560.65,26.32,1.0,0.0,0.0,1.041,0.627,0.556,1,10,15,0,0,0,0,0,0,high_vol_range,0.0,0,Trend profit: spread at 40.7% of max,236.25,15
2026-03-23T13:49:00+05:30,portfolio_hist,PREMIUM,EXIT,iron_condor,22598.95,26.67,1.0,0.0,0.0,1.041,0.458,0.331,1,13,49,0,0,0,0,0,0,high_vol_range,0.0,0,Profit target: premium decayed 71.9%,2318.25,244
2026-03-23T09:30:00+05:30,portfolio_hist,PREMIUM,SKIP,idle,22714.65,25.12,1.0,0.0,0.0,1.04,0.051,2.092,1,9,30,0,0,65,0,65,75,trending,0.0,0,,,
2026-03-23T09:35:00+05:30,portfolio_hist,PREMIUM,SKIP,idle,22734.75,25.3,1.0,0.0,0.0,1.04,0.14,2.092,1,9,35,0,0,65,0,65,75,trending,0.0,0,,,
2026-03-23T09:40:00+05:30,portfolio_hist,PREMIUM,SKIP,idle,22699.45,25.26,1.0,0.0,0.0,1.04,0.016,2.092,1,9,40,0,0,65,0,65,75,trending,0.0,0,,,
2026-03-23T09:45:00+05:30,portfolio_hist,PREMIUM,ENTER,iron_condor,22696.85,25.47,1.0,0.0,0.0,1.041,0.027,0.359,1,9,45,0,0,77,0,77,75,high_vol_range,42.99,75,,,
2026-03-23T10:00:00+05:30,portfolio_hist,TREND,ENTER,debit_spread,22587.75,26.21,1.0,0.0,0.0,1.041,0.508,0.633,1,10,0,0,0,62,0,62,60,high_vol_range,37.51,75,,,
2026-03-23T12:24:00+05:30,portfolio_hist,TREND,EXIT,debit_spread,22482.95,26.87,1.0,0.0,0.0,1.041,0.969,0.182,1,12,24,0,0,0,0,0,0,high_vol_range,0.0,0,Trend profit: spread at 51.2% of max,1028.25,144
2026-03-23T13:49:00+05:30,portfolio_hist,PREMIUM,EXIT,iron_condor,22598.95,26.67,1.0,0.0,0.0,1.041,0.458,0.331,1,13,49,0,0,0,0,0,0,high_vol_range,0.0,0,Profit target: premium decayed 71.9%,2318.25,244
2026-03-23T09:30:00+05:30,portfolio_hist,PREMIUM,SKIP,idle,22714.65,25.12,1.0,0.0,0.0,1.04,0.051,2.092,1,9,30,0,0,65,0,65,75,trending,0.0,0,,,
2026-03-23T09:35:00+05:30,portfolio_hist,PREMIUM,SKIP,idle,22734.75,25.3,1.0,0.0,0.0,1.04,0.14,2.092,1,9,35,0,0,65,0,65,75,trending,0.0,0,,,
2026-03-23T09:40:00+05:30,portfolio_hist,PREMIUM,SKIP,idle,22699.45,25.26,1.0,0.0,0.0,1.04,0.016,2.092,1,9,40,0,0,65,0,65,75,trending,0.0,0,,,
2026-03-23T09:45:00+05:30,portfolio_hist,PREMIUM,ENTER,iron_condor,22696.85,25.47,1.0,0.0,0.0,1.041,0.027,0.359,1,9,45,0,0,77,0,77,75,high_vol_range,42.99,75,,,
2026-03-23T10:00:00+05:30,portfolio_hist,TREND,ENTER,debit_spread,22587.75,26.21,1.0,0.0,0.0,1.041,0.508,0.633,1,10,0,0,0,62,0,62,60,high_vol_range,37.51,75,,,
2026-03-23T13:49:00+05:30,portfolio_hist,PREMIUM,EXIT,iron_condor,22598.95,26.67,1.0,0.0,0.0,1.041,0.458,0.331,1,13,49,0,0,0,0,0,0,high_vol_range,0.0,0,Profit target: premium decayed 71.9%,2318.25,244
2026-03-23T14:02:00+05:30,portfolio_hist,TREND,EXIT,debit_spread,22632.65,26.61,1.0,0.0,0.0,1.041,0.31,0.503,1,14,2,0,0,0,0,0,0,high_vol_range,0.0,0,Trend stop: lost 45.1%,-1269.75,242
2026-03-23T09:30:00+05:30,portfolio_hist,PREMIUM,SKIP,idle,22714.65,25.12,1.0,0.0,0.0,1.04,0.051,2.092,1,9,30,0,0,65,0,65,75,trending,0.0,0,,,
2026-03-23T09:35:00+05:30,portfolio_hist,PREMIUM,SKIP,idle,22734.75,25.3,1.0,0.0,0.0,1.04,0.14,2.092,1,9,35,0,0,65,0,65,75,trending,0.0,0,,,
2026-03-23T09:40:00+05:30,portfolio_hist,PREMIUM,SKIP,idle,22699.45,25.26,1.0,0.0,0.0,1.04,0.016,2.092,1,9,40,0,0,65,0,65,75,trending,0.0,0,,,
2026-03-23T09:45:00+05:30,portfolio_hist,PREMIUM,ENTER,iron_condor,22696.85,25.47,1.0,0.0,0.0,1.041,0.027,0.359,1,9,45,0,0,77,0,77,75,high_vol_range,42.99,75,,,
2026-03-23T10:00:00+05:30,portfolio_hist,TREND,ENTER,debit_spread,22587.75,26.21,1.0,0.0,0.0,1.041,0.508,0.633,1,10,0,0,0,62,0,62,60,high_vol_range,37.51,75,,,
2026-03-23T13:49:00+05:30,portfolio_hist,PREMIUM,EXIT,iron_condor,22598.95,26.67,1.0,0.0,0.0,1.041,0.458,0.331,1,13,49,0,0,0,0,0,0,high_vol_range,0.0,0,Profit target: premium decayed 71.9%,2318.25,244
2026-03-23T14:02:00+05:30,portfolio_hist,TREND,EXIT,debit_spread,22632.65,26.61,1.0,0.0,0.0,1.041,0.31,0.503,1,14,2,0,0,0,0,0,0,high_vol_range,0.0,0,Trend stop: lost 45.1%,-1269.75,242
2026-03-23T09:30:00+05:30,portfolio_hist,PREMIUM,SKIP,idle,22714.65,25.12,1.0,0.0,0.0,1.04,0.051,2.092,1,9,30,0,0,65,0,65,75,trending,0.0,0,,,
2026-03-23T09:35:00+05:30,portfolio_hist,PREMIUM,SKIP,idle,22734.75,25.3,1.0,0.0,0.0,1.04,0.14,2.092,1,9,35,0,0,65,0,65,75,trending,0.0,0,,,
2026-03-23T09:40:00+05:30,portfolio_hist,PREMIUM,SKIP,idle,22699.45,25.26,1.0,0.0,0.0,1.04,0.016,2.092,1,9,40,0,0,65,0,65,75,trending,0.0,0,,,
2026-03-23T09:45:00+05:30,portfolio_hist,PREMIUM,ENTER,iron_condor,22696.85,25.47,1.0,0.0,0.0,1.041,0.027,0.359,1,9,45,0,0,77,0,77,75,high_vol_range,42.99,75,,,
2026-03-23T10:00:00+05:30,portfolio_hist,TREND,ENTER,debit_spread,22587.75,26.21,1.0,0.0,0.0,1.041,0.508,0.633,1,10,0,0,0,62,0,62,60,high_vol_range,37.51,75,,,
2026-03-23T12:24:00+05:30,portfolio_hist,TREND,EXIT,debit_spread,22482.95,26.87,1.0,0.0,0.0,1.041,0.969,0.182,1,12,24,0,0,0,0,0,0,high_vol_range,0.0,0,Trend profit: spread at 51.2% of max,1028.25,144
2026-03-23T13:49:00+05:30,portfolio_hist,PREMIUM,EXIT,iron_condor,22598.95,26.67,1.0,0.0,0.0,1.041,0.458,0.331,1,13,49,0,0,0,0,0,0,high_vol_range,0.0,0,Profit target: premium decayed 71.9%,2318.25,244
2026-03-23T09:30:00+05:30,portfolio_hist,PREMIUM,SKIP,idle,22714.65,25.12,1.0,0.0,0.0,1.04,0.051,2.092,1,9,30,0,0,65,0,65,75,trending,0.0,0,,,
2026-03-23T09:35:00+05:30,portfolio_hist,PREMIUM,SKIP,idle,22734.75,25.3,1.0,0.0,0.0,1.04,0.14,2.092,1,9,35,0,0,65,0,65,75,trending,0.0,0,,,
2026-03-23T09:40:00+05:30,portfolio_hist,PREMIUM,SKIP,idle,22699.45,25.26,1.0,0.0,0.0,1.04,0.016,2.092,1,9,40,0,0,65,0,65,75,trending,0.0,0,,,
2026-03-23T09:45:00+05:30,portfolio_hist,PREMIUM,ENTER,iron_condor,22696.85,25.47,1.0,0.0,0.0,1.041,0.027,0.359,1,9,45,0,0,77,0,77,75,high_vol_range,42.99,75,,,
2026-03-23T10:00:00+05:30,portfolio_hist,TREND,ENTER,debit_spread,22587.75,26.21,1.0,0.0,0.0,1.041,0.508,0.633,1,10,0,0,0,62,0,62,60,high_vol_range,37.51,75,,,
2026-03-23T12:24:00+05:30,portfolio_hist,TREND,EXIT,debit_spread,22482.95,26.87,1.0,0.0,0.0,1.041,0.969,0.182,1,12,24,0,0,0,0,0,0,high_vol_range,0.0,0,Trend profit: spread at 51.2% of max,1028.25,144
2026-03-23T13:49:00+05:30,portfolio_hist,PREMIUM,EXIT,iron_condor,22598.95,26.67,1.0,0.0,0.0,1.041,0.458,0.331,1,13,49,0,0,0,0,0,0,high_vol_range,0.0,0,Profit target: premium decayed 71.9%,2318.25,244
2026-03-23T09:30:00+05:30,portfolio_hist,PREMIUM,SKIP,idle,22714.65,25.12,1.0,0.0,0.0,1.04,0.051,2.092,1,9,30,0,0,65,0,65,75,trending,0.0,0,,,
2026-03-23T09:35:00+05:30,portfolio_hist,PREMIUM,SKIP,idle,22734.75,25.3,1.0,0.0,0.0,1.04,0.14,2.092,1,9,35,0,0,65,0,65,75,trending,0.0,0,,,
2026-03-23T09:40:00+05:30,portfolio_hist,PREMIUM,SKIP,idle,22699.45,25.26,1.0,0.0,0.0,1.04,0.016,2.092,1,9,40,0,0,65,0,65,75,trending,0.0,0,,,
2026-03-23T09:45:00+05:30,portfolio_hist,PREMIUM,ENTER,iron_condor,22696.85,25.47,1.0,0.0,0.0,1.041,0.027,0.359,1,9,45,0,0,77,0,77,75,high_vol_range,42.99,75,,,
2026-03-23T10:00:00+05:30,portfolio_hist,TREND,ENTER,debit_spread,22587.75,26.21,1.0,0.0,0.0,1.041,0.508,0.633,1,10,0,0,0,62,0,62,60,high_vol_range,37.51,75,,,
2026-03-23T12:24:00+05:30,portfolio_hist,TREND,EXIT,debit_spread,22482.95,26.87,1.0,0.0,0.0,1.041,0.969,0.182,1,12,24,0,0,0,0,0,0,high_vol_range,0.0,0,Trend profit: spread at 51.2% of max,1028.25,144
2026-03-23T13:49:00+05:30,portfolio_hist,PREMIUM,EXIT,iron_condor,22598.95,26.67,1.0,0.0,0.0,1.041,0.458,0.331,1,13,49,0,0,0,0,0,0,high_vol_range,0.0,0,Profit target: premium decayed 71.9%,2318.25,244
2026-03-23T09:30:00+05:30,portfolio_hist,PREMIUM,SKIP,idle,22714.65,25.12,1.0,0.0,0.0,1.04,0.051,2.092,1,9,30,0,0,65,0,65,75,trending,0.0,0,,,
2026-03-23T09:35:00+05:30,portfolio_hist,PREMIUM,SKIP,idle,22734.75,25.3,1.0,0.0,0.0,1.04,0.14,2.092,1,9,35,0,0,65,0,65,75,trending,0.0,0,,,
2026-03-23T09:40:00+05:30,portfolio_hist,PREMIUM,SKIP,idle,22699.45,25.26,1.0,0.0,0.0,1.04,0.016,2.092,1,9,40,0,0,65,0,65,75,trending,0.0,0,,,
2026-03-23T09:45:00+05:30,portfolio_hist,PREMIUM,ENTER,iron_condor,22696.85,25.47,1.0,0.0,0.0,1.041,0.027,0.359,1,9,45,0,0,77,0,77,75,high_vol_range,42.99,75,,,
2026-03-23T10:00:00+05:30,portfolio_hist,TREND,ENTER,debit_spread,22587.75,26.21,1.0,0.0,0.0,1.041,0.508,0.633,1,10,0,0,0,62,0,62,60,high_vol_range,37.51,75,,,
2026-03-23T12:24:00+05:30,portfolio_hist,TREND,EXIT,debit_spread,22482.95,26.87,1.0,0.0,0.0,1.041,0.969,0.182,1,12,24,0,0,0,0,0,0,high_vol_range,0.0,0,Trend profit: spread at 51.2% of max,1028.25,144
2026-03-23T13:49:00+05:30,portfolio_hist,PREMIUM,EXIT,iron_condor,22598.95,26.67,1.0,0.0,0.0,1.041,0.458,0.331,1,13,49,0,0,0,0,0,0,high_vol_range,0.0,0,Profit target: premium decayed 71.9%,2318.25,244
2026-03-23T09:30:00+05:30,portfolio_hist,PREMIUM,SKIP,idle,22714.65,25.12,1.0,0.0,0.0,1.04,0.051,2.092,1,9,30,0,0,65,0,65,75,trending,0.0,0,,,
2026-03-23T09:35:00+05:30,portfolio_hist,PREMIUM,SKIP,idle,22734.75,25.3,1.0,0.0,0.0,1.04,0.14,2.092,1,9,35,0,0,65,0,65,75,trending,0.0,0,,,
2026-03-23T09:40:00+05:30,portfolio_hist,PREMIUM,SKIP,idle,22699.45,25.26,1.0,0.0,0.0,1.04,0.016,2.092,1,9,40,0,0,65,0,65,75,trending,0.0,0,,,
2026-03-23T09:45:00+05:30,portfolio_hist,PREMIUM,ENTER,iron_condor,22696.85,25.47,1.0,0.0,0.0,1.041,0.027,0.359,1,9,45,0,0,77,0,77,75,high_vol_range,42.99,75,,,
2026-03-23T10:00:00+05:30,portfolio_hist,TREND,ENTER,debit_spread,22587.75,26.21,1.0,0.0,0.0,1.041,0.508,0.633,1,10,0,0,0,62,0,62,60,high_vol_range,37.51,75,,,
2026-03-23T12:24:00+05:30,portfolio_hist,TREND,EXIT,debit_spread,22482.95,26.87,1.0,0.0,0.0,1.041,0.969,0.182,1,12,24,0,0,0,0,0,0,high_vol_range,0.0,0,Trend profit: spread at 51.2% of max,1028.25,144
2026-03-23T13:49:00+05:30,portfolio_hist,PREMIUM,EXIT,iron_condor,22598.95,26.67,1.0,0.0,0.0,1.041,0.458,0.331,1,13,49,0,0,0,0,0,0,high_vol_range,0.0,0,Profit target: premium decayed 71.9%,2318.25,244
2026-03-23T09:30:00+05:30,portfolio_hist,PREMIUM,SKIP,idle,22714.65,25.12,1.0,0.0,0.0,1.04,0.051,2.092,1,9,30,0,0,65,0,65,75,trending,0.0,0,,,
2026-03-23T09:35:00+05:30,portfolio_hist,PREMIUM,SKIP,idle,22734.75,25.3,1.0,0.0,0.0,1.04,0.14,2.092,1,9,35,0,0,65,0,65,75,trending,0.0,0,,,
2026-03-23T09:40:00+05:30,portfolio_hist,PREMIUM,SKIP,idle,22699.45,25.26,1.0,0.0,0.0,1.04,0.016,2.092,1,9,40,0,0,65,0,65,75,trending,0.0,0,,,
2026-03-23T09:45:00+05:30,portfolio_hist,PREMIUM,ENTER,iron_condor,22696.85,25.47,1.0,0.0,0.0,1.041,0.027,0.359,1,9,45,0,0,77,0,77,75,high_vol_range,42.99,75,,,
2026-03-23T10:00:00+05:30,portfolio_hist,TREND,ENTER,debit_spread,22587.75,26.21,1.0,0.0,0.0,1.041,0.508,0.633,1,10,0,0,0,62,0,62,60,high_vol_range,37.51,75,,,
2026-03-23T12:24:00+05:30,portfolio_hist,TREND,EXIT,debit_spread,22482.95,26.87,1.0,0.0,0.0,1.041,0.969,0.182,1,12,24,0,0,0,0,0,0,high_vol_range,0.0,0,Trend profit: spread at 51.2% of max,1028.25,144
2026-03-23T13:49:00+05:30,portfolio_hist,PREMIUM,EXIT,iron_condor,22598.95,26.67,1.0,0.0,0.0,1.041,0.458,0.331,1,13,49,0,0,0,0,0,0,high_vol_range,0.0,0,Profit target: premium decayed 71.9%,2318.25,244
2026-03-23T09:30:00+05:30,portfolio_hist,PREMIUM,SKIP,idle,22714.65,25.12,1.0,0.0,0.0,1.04,0.051,2.092,1,9,30,0,0,65,0,65,75,trending,0.0,0,,,
2026-03-23T09:35:00+05:30,portfolio_hist,PREMIUM,SKIP,idle,22734.75,25.3,1.0,0.0,0.0,1.04,0.14,2.092,1,9,35,0,0,65,0,65,75,trending,0.0,0,,,
2026-03-23T09:40:00+05:30,portfolio_hist,PREMIUM,SKIP,idle,22699.45,25.26,1.0,0.0,0.0,1.04,0.016,2.092,1,9,40,0,0,65,0,65,75,trending,0.0,0,,,
2026-03-23T09:45:00+05:30,portfolio_hist,PREMIUM,ENTER,iron_condor,22696.85,25.47,1.0,0.0,0.0,1.041,0.027,0.359,1,9,45,0,0,77,0,77,75,high_vol_range,42.99,75,,,
2026-03-23T10:00:00+05:30,portfolio_hist,TREND,ENTER,debit_spread,22587.75,26.21,1.0,0.0,0.0,1.041,0.508,0.633,1,10,0,0,0,62,0,62,60,high_vol_range,37.51,75,,,
2026-03-23T12:24:00+05:30,portfolio_hist,TREND,EXIT,debit_spread,22482.95,26.87,1.0,0.0,0.0,1.041,0.969,0.182,1,12,24,0,0,0,0,0,0,high_vol_range,0.0,0,Trend profit: spread at 51.2% of max,1028.25,144
2026-03-23T13:49:00+05:30,portfolio_hist,PREMIUM,EXIT,iron_condor,22598.95,26.67,1.0,0.0,0.0,1.041,0.458,0.331,1,13,49,0,0,0,0,0,0,high_vol_range,0.0,0,Profit target: premium decayed 71.9%,2318.25,244
2026-03-23T09:30:00+05:30,portfolio_hist,PREMIUM,SKIP,idle,22714.65,25.12,1.0,0.0,0.0,1.04,0.051,2.092,1,9,30,0,0,65,0,65,75,trending,0.0,0,,,
2026-03-23T09:35:00+05:30,portfolio_hist,PREMIUM,SKIP,idle,22734.75,25.3,1.0,0.0,0.0,1.04,0.14,2.092,1,9,35,0,0,65,0,65,75,trending,0.0,0,,,
2026-03-23T09:40:00+05:30,portfolio_hist,PREMIUM,SKIP,idle,22699.45,25.26,1.0,0.0,0.0,1.04,0.016,2.092,1,9,40,0,0,65,0,65,75,trending,0.0,0,,,
2026-03-23T09:45:00+05:30,portfolio_hist,PREMIUM,ENTER,iron_condor,22696.85,25.47,1.0,0.0,0.0,1.041,0.027,0.359,1,9,45,0,0,77,0,77,75,high_vol_range,42.99,75,,,
2026-03-23T10:00:00+05:30,portfolio_hist,TREND,ENTER,debit_spread,22587.75,26.21,1.0,0.0,0.0,1.041,0.508,0.633,1,10,0,0,0,62,0,62,60,high_vol_range,37.51,75,,,
2026-03-23T12:24:00+05:30,portfolio_hist,TREND,EXIT,debit_spread,22482.95,26.87,1.0,0.0,0.0,1.041,0.969,0.182,1,12,24,0,0,0,0,0,0,high_vol_range,0.0,0,Trend profit: spread at 51.2% of max,1028.25,144
2026-03-23T13:49:00+05:30,portfolio_hist,PREMIUM,EXIT,iron_condor,22598.95,26.67,1.0,0.0,0.0,1.041,0.458,0.331,1,13,49,0,0,0,0,0,0,high_vol_range,0.0,0,Profit target: premium decayed 71.9%,2318.25,244
2026-03-23T09:30:00+05:30,portfolio_hist,PREMIUM,SKIP,idle,22714.65,25.12,1.0,0.0,0.0,1.04,0.051,2.092,1,9,30,0,0,65,0,65,75,trending,0.0,0,,,
2026-03-23T09:35:00+05:30,portfolio_hist,PREMIUM,SKIP,idle,22734.75,25.3,1.0,0.0,0.0,1.04,0.14,2.092,1,9,35,0,0,65,0,65,75,trending,0.0,0,,,
2026-03-23T09:40:00+05:30,portfolio_hist,PREMIUM,SKIP,idle,22699.45,25.26,1.0,0.0,0.0,1.04,0.016,2.092,1,9,40,0,0,65,0,65,75,trending,0.0,0,,,
2026-03-23T09:45:00+05:30,portfolio_hist,PREMIUM,ENTER,iron_condor,22696.85,25.47,1.0,0.0,0.0,1.041,0.027,0.359,1,9,45,0,0,77,0,77,75,high_vol_range,42.99,75,,,
2026-03-23T10:00:00+05:30,portfolio_hist,TREND,ENTER,debit_spread,22587.75,26.21,1.0,0.0,0.0,1.041,0.508,0.633,1,10,0,0,0,62,0,62,60,high_vol_range,37.51,75,,,
2026-03-23T12:24:00+05:30,portfolio_hist,TREND,EXIT,debit_spread,22482.95,26.87,1.0,0.0,0.0,1.041,0.969,0.182,1,12,24,0,0,0,0,0,0,high_vol_range,0.0,0,Trend profit: spread at 51.2% of max,1028.25,144
2026-03-23T13:49:00+05:30,portfolio_hist,PREMIUM,EXIT,iron_condor,22598.95,26.67,1.0,0.0,0.0,1.041,0.458,0.331,1,13,49,0,0,0,0,0,0,high_vol_range,0.0,0,Profit target: premium decayed 71.9%,2318.25,244
2026-03-23T09:30:00+05:30,portfolio_hist,PREMIUM,SKIP,idle,22714.65,25.12,1.0,0.0,0.0,1.04,0.051,2.092,1,9,30,0,0,65,0,65,75,trending,0.0,0,,,
2026-03-23T09:35:00+05:30,portfolio_hist,PREMIUM,SKIP,idle,22734.75,25.3,1.0,0.0,0.0,1.04,0.14,2.092,1,9,35,0,0,65,0,65,75,trending,0.0,0,,,
2026-03-23T09:40:00+05:30,portfolio_hist,PREMIUM,SKIP,idle,22699.45,25.26,1.0,0.0,0.0,1.04,0.016,2.092,1,9,40,0,0,65,0,65,75,trending,0.0,0,,,
2026-03-23T09:45:00+05:30,portfolio_hist,PREMIUM,ENTER,iron_condor,22696.85,25.47,1.0,0.0,0.0,1.041,0.027,0.359,1,9,45,0,0,77,0,77,75,high_vol_range,42.99,75,,,
2026-03-23T10:00:00+05:30,portfolio_hist,TREND,ENTER,debit_spread,22587.75,26.21,1.0,0.0,0.0,1.041,0.508,0.633,1,10,0,0,0,62,0,62,60,high_vol_range,37.51,75,,,
2026-03-23T12:24:00+05:30,portfolio_hist,TREND,EXIT,debit_spread,22482.95,26.87,1.0,0.0,0.0,1.041,0.969,0.182,1,12,24,0,0,0,0,0,0,high_vol_range,0.0,0,Trend profit: spread at 51.2% of max,1028.25,144
2026-03-23T13:49:00+05:30,portfolio_hist,PREMIUM,EXIT,iron_condor,22598.95,26.67,1.0,0.0,0.0,1.041,0.458,0.331,1,13,49,0,0,0,0,0,0,high_vol_range,0.0,0,Profit target: premium decayed 71.9%,2318.25,244
2026-03-23T09:30:00+05:30,portfolio_hist,PREMIUM,SKIP,idle,22714.65,25.12,1.0,0.0,0.0,1.04,0.051,2.092,1,9,30,0,0,65,0,65,75,trending,0.0,0,,,
2026-03-23T09:35:00+05:30,portfolio_hist,PREMIUM,SKIP,idle,22734.75,25.3,1.0,0.0,0.0,1.04,0.14,2.092,1,9,35,0,0,65,0,65,75,trending,0.0,0,,,
2026-03-23T09:40:00+05:30,portfolio_hist,PREMIUM,SKIP,idle,22699.45,25.26,1.0,0.0,0.0,1.04,0.016,2.092,1,9,40,0,0,65,0,65,75,trending,0.0,0,,,
2026-03-23T09:45:00+05:30,portfolio_hist,PREMIUM,ENTER,iron_condor,22696.85,25.47,1.0,0.0,0.0,1.041,0.027,0.359,1,9,45,0,0,77,0,77,75,high_vol_range,42.99,75,,,
2026-03-23T10:00:00+05:30,portfolio_hist,TREND,ENTER,debit_spread,22587.75,26.21,1.0,0.0,0.0,1.041,0.508,0.633,1,10,0,0,0,62,0,62,60,high_vol_range,37.51,75,,,
2026-03-23T12:24:00+05:30,portfolio_hist,TREND,EXIT,debit_spread,22482.95,26.87,1.0,0.0,0.0,1.041,0.969,0.182,1,12,24,0,0,0,0,0,0,high_vol_range,0.0,0,Trend profit: spread at 51.2% of max,1028.25,144
2026-03-23T13:49:00+05:30,portfolio_hist,PREMIUM,EXIT,iron_condor,22598.95,26.67,1.0,0.0,0.0,1.041,0.458,0.331,1,13,49,0,0,0,0,0,0,high_vol_range,0.0,0,Profit target: premium decayed 71.9%,2318.25,244
2026-03-23T09:30:00+05:30,portfolio_hist,PREMIUM,SKIP,idle,22714.65,25.12,1.0,0.0,0.0,1.04,0.051,2.092,1,9,30,0,0,65,0,65,75,trending,0.0,0,,,
2026-03-23T09:35:00+05:30,portfolio_hist,PREMIUM,SKIP,idle,22734.75,25.3,1.0,0.0,0.0,1.04,0.14,2.092,1,9,35,0,0,65,0,65,75,trending,0.0,0,,,
2026-03-23T09:40:00+05:30,portfolio_hist,PREMIUM,SKIP,idle,22699.45,25.26,1.0,0.0,0.0,1.04,0.016,2.092,1,9,40,0,0,65,0,65,75,trending,0.0,0,,,
2026-03-23T09:45:00+05:30,portfolio_hist,PREMIUM,ENTER,iron_condor,22696.85,25.47,1.0,0.0,0.0,1.041,0.027,0.359,1,9,45,0,0,77,0,77,75,high_vol_range,42.99,75,,,
2026-03-23T10:00:00+05:30,portfolio_hist,TREND,ENTER,debit_spread,22587.75,26.21,1.0,0.0,0.0,1.041,0.508,0.633,1,10,0,0,0,62,0,62,60,high_vol_range,37.51,75,,,
2026-03-23T12:24:00+05:30,portfolio_hist,TREND,EXIT,debit_spread,22482.95,26.87,1.0,0.0,0.0,1.041,0.969,0.182,1,12,24,0,0,0,0,0,0,high_vol_range,0.0,0,Trend profit: spread at 51.2% of max,1028.25,144
2026-03-23T13:49:00+05:30,portfolio_hist,PREMIUM,EXIT,iron_condor,22598.95,26.67,1.0,0.0,0.0,1.041,0.458,0.331,1,13,49,0,0,0,0,0,0,high_vol_range,0.0,0,Profit target: premium decayed 71.9%,2318.25,244
2026-03-23T09:30:00+05:30,portfolio_hist,PREMIUM,SKIP,idle,22714.65,25.12,1.0,0.0,0.0,1.04,0.051,2.092,1,9,30,0,0,65,0,65,75,trending,0.0,0,,,
2026-03-23T09:35:00+05:30,portfolio_hist,PREMIUM,SKIP,idle,22734.75,25.3,1.0,0.0,0.0,1.04,0.14,2.092,1,9,35,0,0,65,0,65,75,trending,0.0,0,,,
2026-03-23T09:40:00+05:30,portfolio_hist,PREMIUM,SKIP,idle,22699.45,25.26,1.0,0.0,0.0,1.04,0.016,2.092,1,9,40,0,0,65,0,65,75,trending,0.0,0,,,
2026-03-23T09:45:00+05:30,portfolio_hist,PREMIUM,ENTER,iron_condor,22696.85,25.47,1.0,0.0,0.0,1.041,0.027,0.359,1,9,45,0,0,77,0,77,75,high_vol_range,42.99,75,,,
2026-03-23T10:00:00+05:30,portfolio_hist,TREND,ENTER,debit_spread,22587.75,26.21,1.0,0.0,0.0,1.041,0.508,0.633,1,10,0,0,0,62,0,62,60,high_vol_range,37.51,75,,,
2026-03-23T12:24:00+05:30,portfolio_hist,TREND,EXIT,debit_spread,22482.95,26.87,1.0,0.0,0.0,1.041,0.969,0.182,1,12,24,0,0,0,0,0,0,high_vol_range,0.0,0,Trend profit: spread at 51.2% of max,1028.25,144
2026-03-23T13:49:00+05:30,portfolio_hist,PREMIUM,EXIT,iron_condor,22598.95,26.67,1.0,0.0,0.0,1.041,0.458,0.331,1,13,49,0,0,0,0,0,0,high_vol_range,0.0,0,Profit target: premium decayed 71.9%,2318.25,244
2026-03-23T09:30:00+05:30,portfolio_hist,PREMIUM,SKIP,idle,22714.65,25.12,1.0,0.0,0.0,1.04,0.051,2.092,1,9,30,0,0,65,0,65,75,trending,0.0,0,,,
2026-03-23T09:35:00+05:30,portfolio_hist,PREMIUM,SKIP,idle,22734.75,25.3,1.0,0.0,0.0,1.04,0.14,2.092,1,9,35,0,0,65,0,65,75,trending,0.0,0,,,
2026-03-23T09:40:00+05:30,portfolio_hist,PREMIUM,SKIP,idle,22699.45,25.26,1.0,0.0,0.0,1.04,0.016,2.092,1,9,40,0,0,65,0,65,75,trending,0.0,0,,,
2026-03-23T09:45:00+05:30,portfolio_hist,PREMIUM,ENTER,iron_condor,22696.85,25.47,1.0,0.0,0.0,1.041,0.027,0.359,1,9,45,0,0,77,0,77,75,high_vol_range,42.99,75,,,
2026-03-23T10:00:00+05:30,portfolio_hist,TREND,ENTER,debit_spread,22587.75,26.21,1.0,0.0,0.0,1.041,0.508,0.633,1,10,0,0,0,62,0,62,60,high_vol_range,37.51,75,,,
2026-03-23T12:24:00+05:30,portfolio_hist,TREND,EXIT,debit_spread,22482.95,26.87,1.0,0.0,0.0,1.041,0.969,0.182,1,12,24,0,0,0,0,0,0,high_vol_range,0.0,0,Trend profit: spread at 51.2% of max,1028.25,144
2026-03-23T13:49:00+05:30,portfolio_hist,PREMIUM,EXIT,iron_condor,22598.95,26.67,1.0,0.0,0.0,1.041,0.458,0.331,1,13,49,0,0,0,0,0,0,high_vol_range,0.0,0,Profit target: premium decayed 71.9%,2318.25,244
2026-03-23T09:30:00+05:30,portfolio_hist,PREMIUM,SKIP,idle,22714.65,25.12,1.0,0.0,0.0,1.04,0.051,2.092,1,9,30,0,0,65,0,65,75,trending,0.0,0,,,
2026-03-23T09:35:00+05:30,portfolio_hist,PREMIUM,SKIP,idle,22734.75,25.3,1.0,0.0,0.0,1.04,0.14,2.092,1,9,35,0,0,65,0,65,75,trending,0.0,0,,,
2026-03-23T09:40:00+05:30,portfolio_hist,PREMIUM,SKIP,idle,22699.45,25.26,1.0,0.0,0.0,1.04,0.016,2.092,1,9,40,0,0,65,0,65,75,trending,0.0,0,,,
2026-03-23T09:45:00+05:30,portfolio_hist,PREMIUM,ENTER,iron_condor,22696.85,25.47,1.0,0.0,0.0,1.041,0.027,0.359,1,9,45,0,0,77,0,77,75,high_vol_range,42.99,75,,,
2026-03-23T10:00:00+05:30,portfolio_hist,TREND,ENTER,debit_spread,22587.75,26.21,1.0,0.0,0.0,1.041,0.508,0.633,1,10,0,0,0,62,0,62,60,high_vol_range,37.51,75,,,
2026-03-23T12:24:00+05:30,portfolio_hist,TREND,EXIT,debit_spread,22482.95,26.87,1.0,0.0,0.0,1.041,0.969,0.182,1,12,24,0,0,0,0,0,0,high_vol_range,0.0,0,Trend profit: spread at 51.2% of max,1028.25,144
2026-03-23T13:49:00+05:30,portfolio_hist,PREMIUM,EXIT,iron_condor,22598.95,26.67,1.0,0.0,0.0,1.041,0.458,0.331,1,13,49,0,0,0,0,0,0,high_vol_range,0.0,0,Profit target: premium decayed 71.9%,2318.25,244
2026-03-23T09:30:00+05:30,portfolio_hist,PREMIUM,SKIP,idle,22714.65,25.12,1.0,0.0,0.0,1.04,0.051,2.092,1,9,30,0,0,65,0,65,75,trending,0.0,0,,,
2026-03-23T09:35:00+05:30,portfolio_hist,PREMIUM,SKIP,idle,22734.75,25.3,1.0,0.0,0.0,1.04,0.14,2.092,1,9,35,0,0,65,0,65,75,trending,0.0,0,,,
2026-03-23T09:40:00+05:30,portfolio_hist,PREMIUM,SKIP,idle,22699.45,25.26,1.0,0.0,0.0,1.04,0.016,2.092,1,9,40,0,0,65,0,65,75,trending,0.0,0,,,
2026-03-23T09:45:00+05:30,portfolio_hist,PREMIUM,ENTER,iron_condor,22696.85,25.47,1.0,0.0,0.0,1.041,0.027,0.359,1,9,45,0,0,77,0,77,75,high_vol_range,42.99,75,,,
2026-03-23T10:00:00+05:30,portfolio_hist,TREND,ENTER,debit_spread,22587.75,26.21,1.0,0.0,0.0,1.041,0.508,0.633,1,10,0,0,0,62,0,62,60,high_vol_range,37.51,75,,,
2026-03-23T12:24:00+05:30,portfolio_hist,TREND,EXIT,debit_spread,22482.95,26.87,1.0,0.0,0.0,1.041,0.969,0.182,1,12,24,0,0,0,0,0,0,high_vol_range,0.0,0,Trend profit: spread at 51.2% of max,1028.25,144
2026-03-23T13:49:00+05:30,portfolio_hist,PREMIUM,EXIT,iron_condor,22598.95,26.67,1.0,0.0,0.0,1.041,0.458,0.331,1,13,49,0,0,0,0,0,0,high_vol_range,0.0,0,Profit target: premium decayed 71.9%,2318.25,244
2026-03-23T09:30:00+05:30,portfolio_hist,PREMIUM,SKIP,idle,22714.65,25.12,1.0,0.0,0.0,1.04,0.051,2.092,1,9,30,0,0,65,0,65,75,trending,0.0,0,,,
2026-03-23T09:35:00+05:30,portfolio_hist,PREMIUM,SKIP,idle,22734.75,25.3,1.0,0.0,0.0,1.04,0.14,2.092,1,9,35,0,0,65,0,65,75,trending,0.0,0,,,
2026-03-23T09:40:00+05:30,portfolio_hist,PREMIUM,SKIP,idle,22699.45,25.26,1.0,0.0,0.0,1.04,0.016,2.092,1,9,40,0,0,65,0,65,75,trending,0.0,0,,,
2026-03-23T09:45:00+05:30,portfolio_hist,PREMIUM,ENTER,iron_condor,22696.85,25.47,1.0,0.0,0.0,1.041,0.027,0.359,1,9,45,0,0,77,0,77,75,high_vol_range,42.99,75,,,
2026-03-23T10:00:00+05:30,portfolio_hist,TREND,ENTER,debit_spread,22587.75,26.21,1.0,0.0,0.0,1.041,0.508,0.633,1,10,0,0,0,62,0,62,60,high_vol_range,37.51,75,,,
2026-03-23T12:24:00+05:30,portfolio_hist,TREND,EXIT,debit_spread,22482.95,26.87,1.0,0.0,0.0,1.041,0.969,0.182,1,12,24,0,0,0,0,0,0,high_vol_range,0.0,0,Trend profit: spread at 51.2% of max,1028.25,144
2026-03-23T13:36:00+05:30,portfolio_hist,PREMIUM,EXIT,iron_condor,22523.4,26.94,1.0,0.0,0.0,1.041,0.791,0.196,1,13,36,0,0,0,0,0,0,high_vol_range,0.0,0,Profit target: premium decayed 31.5%,1014.75,231
2026-03-23T09:30:00+05:30,portfolio_hist,PREMIUM,SKIP,idle,22714.65,25.12,1.0,0.0,0.0,1.04,0.051,2.092,1,9,30,0,0,65,0,65,75,trending,0.0,0,,,
2026-03-23T09:35:00+05:30,portfolio_hist,PREMIUM,SKIP,idle,22734.75,25.3,1.0,0.0,0.0,1.04,0.14,2.092,1,9,35,0,0,65,0,65,75,trending,0.0,0,,,
2026-03-23T09:40:00+05:30,portfolio_hist,PREMIUM,SKIP,idle,22699.45,25.26,1.0,0.0,0.0,1.04,0.016,2.092,1,9,40,0,0,65,0,65,75,trending,0.0,0,,,
2026-03-23T09:45:00+05:30,portfolio_hist,PREMIUM,ENTER,iron_condor,22696.85,25.47,1.0,0.0,0.0,1.041,0.027,0.359,1,9,45,0,0,77,0,77,75,high_vol_range,42.99,75,,,
2026-03-23T10:00:00+05:30,portfolio_hist,TREND,ENTER,debit_spread,22587.75,26.21,1.0,0.0,0.0,1.041,0.508,0.633,1,10,0,0,0,62,0,62,60,high_vol_range,37.51,75,,,
2026-03-23T12:24:00+05:30,portfolio_hist,TREND,EXIT,debit_spread,22482.95,26.87,1.0,0.0,0.0,1.041,0.969,0.182,1,12,24,0,0,0,0,0,0,high_vol_range,0.0,0,Trend profit: spread at 51.2% of max,1028.25,144
2026-03-23T13:41:00+05:30,portfolio_hist,PREMIUM,EXIT,iron_condor,22534.25,26.96,1.0,0.0,0.0,1.041,0.743,0.209,1,13,41,0,0,0,0,0,0,high_vol_range,0.0,0,Profit target: premium decayed 40.0%,1290.0,236
2026-03-23T09:30:00+05:30,portfolio_hist,PREMIUM,SKIP,idle,22714.65,25.12,1.0,0.0,0.0,1.04,0.051,2.092,1,9,30,0,0,65,0,65,75,trending,0.0,0,,,
2026-03-23T09:35:00+05:30,portfolio_hist,PREMIUM,SKIP,idle,22734.75,25.3,1.0,0.0,0.0,1.04,0.14,2.092,1,9,35,0,0,65,0,65,75,trending,0.0,0,,,
2026-03-23T09:40:00+05:30,portfolio_hist,PREMIUM,SKIP,idle,22699.45,25.26,1.0,0.0,0.0,1.04,0.016,2.092,1,9,40,0,0,65,0,65,75,trending,0.0,0,,,
2026-03-23T09:45:00+05:30,portfolio_hist,PREMIUM,ENTER,iron_condor,22696.85,25.47,1.0,0.0,0.0,1.041,0.027,0.359,1,9,45,0,0,77,0,77,75,high_vol_range,42.99,75,,,
2026-03-23T10:00:00+05:30,portfolio_hist,TREND,ENTER,debit_spread,22587.75,26.21,1.0,0.0,0.0,1.041,0.508,0.633,1,10,0,0,0,62,0,62,60,high_vol_range,37.51,75,,,
2026-03-23T12:24:00+05:30,portfolio_hist,TREND,EXIT,debit_spread,22482.95,26.87,1.0,0.0,0.0,1.041,0.969,0.182,1,12,24,0,0,0,0,0,0,high_vol_range,0.0,0,Trend profit: spread at 51.2% of max,1028.25,144
2026-03-23T13:44:00+05:30,portfolio_hist,PREMIUM,EXIT,iron_condor,22561.7,26.74,1.0,0.0,0.0,1.041,0.622,0.209,1,13,44,0,0,0,0,0,0,high_vol_range,0.0,0,Profit target: premium decayed 55.7%,1794.75,239
2026-03-23T09:30:00+05:30,portfolio_hist,PREMIUM,SKIP,idle,22714.65,25.12,1.0,0.0,0.0,1.04,0.051,2.092,1,9,30,0,0,65,0,65,75,trending,0.0,0,,,
2026-03-23T09:35:00+05:30,portfolio_hist,PREMIUM,SKIP,idle,22734.75,25.3,1.0,0.0,0.0,1.04,0.14,2.092,1,9,35,0,0,65,0,65,75,trending,0.0,0,,,
2026-03-23T09:40:00+05:30,portfolio_hist,PREMIUM,SKIP,idle,22699.45,25.26,1.0,0.0,0.0,1.04,0.016,2.092,1,9,40,0,0,65,0,65,75,trending,0.0,0,,,
2026-03-23T09:45:00+05:30,portfolio_hist,PREMIUM,ENTER,iron_condor,22696.85,25.47,1.0,0.0,0.0,1.041,0.027,0.359,1,9,45,0,0,77,0,77,75,high_vol_range,42.99,75,,,
2026-03-23T10:00:00+05:30,portfolio_hist,TREND,ENTER,debit_spread,22587.75,26.21,1.0,0.0,0.0,1.041,0.508,0.633,1,10,0,0,0,62,0,62,60,high_vol_range,37.51,75,,,
2026-03-23T12:24:00+05:30,portfolio_hist,TREND,EXIT,debit_spread,22482.95,26.87,1.0,0.0,0.0,1.041,0.969,0.182,1,12,24,0,0,0,0,0,0,high_vol_range,0.0,0,Trend profit: spread at 51.2% of max,1028.25,144
2026-03-23T13:46:00+05:30,portfolio_hist,PREMIUM,EXIT,iron_condor,22570.8,26.74,1.0,0.0,0.0,1.041,0.582,0.331,1,13,46,0,0,0,0,0,0,high_vol_range,0.0,0,Profit target: premium decayed 60.4%,1947.75,241
2026-03-23T09:30:00+05:30,portfolio_hist,PREMIUM,SKIP,idle,22714.65,25.12,1.0,0.0,0.0,1.04,0.051,2.092,1,9,30,0,0,65,0,65,75,trending,0.0,0,,,
2026-03-23T09:35:00+05:30,portfolio_hist,PREMIUM,SKIP,idle,22734.75,25.3,1.0,0.0,0.0,1.04,0.14,2.092,1,9,35,0,0,65,0,65,75,trending,0.0,0,,,
2026-03-23T09:40:00+05:30,portfolio_hist,PREMIUM,SKIP,idle,22699.45,25.26,1.0,0.0,0.0,1.04,0.016,2.092,1,9,40,0,0,65,0,65,75,trending,0.0,0,,,
2026-03-23T09:45:00+05:30,portfolio_hist,PREMIUM,ENTER,iron_condor,22696.85,25.47,1.0,0.0,0.0,1.041,0.027,0.359,1,9,45,0,0,77,0,77,75,high_vol_range,42.99,75,,,
2026-03-23T10:00:00+05:30,portfolio_hist,TREND,ENTER,debit_spread,22587.75,26.21,1.0,0.0,0.0,1.041,0.508,0.633,1,10,0,0,0,62,0,62,60,high_vol_range,37.51,75,,,
2026-03-23T12:24:00+05:30,portfolio_hist,TREND,EXIT,debit_spread,22482.95,26.87,1.0,0.0,0.0,1.041,0.969,0.182,1,12,24,0,0,0,0,0,0,high_vol_range,0.0,0,Trend profit: spread at 51.2% of max,1028.25,144
2026-03-23T13:49:00+05:30,portfolio_hist,PREMIUM,EXIT,iron_condor,22598.95,26.67,1.0,0.0,0.0,1.041,0.458,0.331,1,13,49,0,0,0,0,0,0,high_vol_range,0.0,0,Profit target: premium decayed 71.9%,2318.25,244
2026-03-23T09:30:00+05:30,portfolio_hist,PREMIUM,SKIP,idle,22714.65,25.12,1.0,0.0,0.0,1.04,0.051,2.092,1,9,30,0,0,65,0,65,75,trending,0.0,0,,,
2026-03-23T09:35:00+05:30,portfolio_hist,PREMIUM,SKIP,idle,22734.75,25.3,1.0,0.0,0.0,1.04,0.14,2.092,1,9,35,0,0,65,0,65,75,trending,0.0,0,,,
2026-03-23T09:40:00+05:30,portfolio_hist,PREMIUM,SKIP,idle,22699.45,25.26,1.0,0.0,0.0,1.04,0.016,2.092,1,9,40,0,0,65,0,65,75,trending,0.0,0,,,
2026-03-23T09:45:00+05:30,portfolio_hist,PREMIUM,ENTER,iron_condor,22696.85,25.47,1.0,0.0,0.0,1.041,0.027,0.359,1,9,45,0,0,77,0,77,75,high_vol_range,42.99,75,,,
2026-03-23T10:00:00+05:30,portfolio_hist,TREND,ENTER,debit_spread,22587.75,26.21,1.0,0.0,0.0,1.041,0.508,0.633,1,10,0,0,0,62,0,62,60,high_vol_range,37.51,75,,,
2026-03-23T12:24:00+05:30,portfolio_hist,TREND,EXIT,debit_spread,22482.95,26.87,1.0,0.0,0.0,1.041,0.969,0.182,1,12,24,0,0,0,0,0,0,high_vol_range,0.0,0,Trend profit: spread at 51.2% of max,1028.25,144
2026-03-23T13:36:00+05:30,portfolio_hist,PREMIUM,EXIT,iron_condor,22523.4,26.94,1.0,0.0,0.0,1.041,0.791,0.196,1,13,36,0,0,0,0,0,0,high_vol_range,0.0,0,Profit target: premium decayed 31.5%,1014.75,231
2026-03-23T09:30:00+05:30,portfolio_hist,PREMIUM,SKIP,idle,22714.65,25.12,1.0,0.0,0.0,1.04,0.051,2.092,1,9,30,0,0,65,0,65,75,trending,0.0,0,,,
2026-03-23T09:35:00+05:30,portfolio_hist,PREMIUM,SKIP,idle,22734.75,25.3,1.0,0.0,0.0,1.04,0.14,2.092,1,9,35,0,0,65,0,65,75,trending,0.0,0,,,
2026-03-23T09:40:00+05:30,portfolio_hist,PREMIUM,SKIP,idle,22699.45,25.26,1.0,0.0,0.0,1.04,0.016,2.092,1,9,40,0,0,65,0,65,75,trending,0.0,0,,,
2026-03-23T09:45:00+05:30,portfolio_hist,PREMIUM,ENTER,iron_condor,22696.85,25.47,1.0,0.0,0.0,1.041,0.027,0.359,1,9,45,0,0,77,0,77,75,high_vol_range,42.99,75,,,
2026-03-23T10:00:00+05:30,portfolio_hist,TREND,ENTER,debit_spread,22587.75,26.21,1.0,0.0,0.0,1.041,0.508,0.633,1,10,0,0,0,62,0,62,60,high_vol_range,37.51,75,,,
2026-03-23T12:24:00+05:30,portfolio_hist,TREND,EXIT,debit_spread,22482.95,26.87,1.0,0.0,0.0,1.041,0.969,0.182,1,12,24,0,0,0,0,0,0,high_vol_range,0.0,0,Trend profit: spread at 51.2% of max,1028.25,144
2026-03-23T13:41:00+05:30,portfolio_hist,PREMIUM,EXIT,iron_condor,22534.25,26.96,1.0,0.0,0.0,1.041,0.743,0.209,1,13,41,0,0,0,0,0,0,high_vol_range,0.0,0,Profit target: premium decayed 40.0%,1290.0,236
2026-03-23T09:30:00+05:30,portfolio_hist,PREMIUM,SKIP,idle,22714.65,25.12,1.0,0.0,0.0,1.04,0.051,2.092,1,9,30,0,0,65,0,65,75,trending,0.0,0,,,
2026-03-23T09:35:00+05:30,portfolio_hist,PREMIUM,SKIP,idle,22734.75,25.3,1.0,0.0,0.0,1.04,0.14,2.092,1,9,35,0,0,65,0,65,75,trending,0.0,0,,,
2026-03-23T09:40:00+05:30,portfolio_hist,PREMIUM,SKIP,idle,22699.45,25.26,1.0,0.0,0.0,1.04,0.016,2.092,1,9,40,0,0,65,0,65,75,trending,0.0,0,,,
2026-03-23T09:45:00+05:30,portfolio_hist,PREMIUM,ENTER,iron_condor,22696.85,25.47,1.0,0.0,0.0,1.041,0.027,0.359,1,9,45,0,0,77,0,77,75,high_vol_range,42.99,75,,,
2026-03-23T10:00:00+05:30,portfolio_hist,TREND,ENTER,debit_spread,22587.75,26.21,1.0,0.0,0.0,1.041,0.508,0.633,1,10,0,0,0,62,0,62,60,high_vol_range,37.51,75,,,
2026-03-23T12:24:00+05:30,portfolio_hist,TREND,EXIT,debit_spread,22482.95,26.87,1.0,0.0,0.0,1.041,0.969,0.182,1,12,24,0,0,0,0,0,0,high_vol_range,0.0,0,Trend profit: spread at 51.2% of max,1028.25,144
2026-03-23T13:44:00+05:30,portfolio_hist,PREMIUM,EXIT,iron_condor,22561.7,26.74,1.0,0.0,0.0,1.041,0.622,0.209,1,13,44,0,0,0,0,0,0,high_vol_range,0.0,0,Profit target: premium decayed 55.7%,1794.75,239
2026-03-23T09:30:00+05:30,portfolio_hist,PREMIUM,SKIP,idle,22714.65,25.12,1.0,0.0,0.0,1.04,0.051,2.092,1,9,30,0,0,65,0,65,75,trending,0.0,0,,,
2026-03-23T09:35:00+05:30,portfolio_hist,PREMIUM,SKIP,idle,22734.75,25.3,1.0,0.0,0.0,1.04,0.14,2.092,1,9,35,0,0,65,0,65,75,trending,0.0,0,,,
2026-03-23T09:40:00+05:30,portfolio_hist,PREMIUM,SKIP,idle,22699.45,25.26,1.0,0.0,0.0,1.04,0.016,2.092,1,9,40,0,0,65,0,65,75,trending,0.0,0,,,
2026-03-23T09:45:00+05:30,portfolio_hist,PREMIUM,ENTER,iron_condor,22696.85,25.47,1.0,0.0,0.0,1.041,0.027,0.359,1,9,45,0,0,77,0,77,75,high_vol_range,42.99,75,,,
2026-03-23T10:00:00+05:30,portfolio_hist,TREND,ENTER,debit_spread,22587.75,26.21,1.0,0.0,0.0,1.041,0.508,0.633,1,10,0,0,0,62,0,62,60,high_vol_range,37.51,75,,,
2026-03-23T12:24:00+05:30,portfolio_hist,TREND,EXIT,debit_spread,22482.95,26.87,1.0,0.0,0.0,1.041,0.969,0.182,1,12,24,0,0,0,0,0,0,high_vol_range,0.0,0,Trend profit: spread at 51.2% of max,1028.25,144
2026-03-23T13:46:00+05:30,portfolio_hist,PREMIUM,EXIT,iron_condor,22570.8,26.74,1.0,0.0,0.0,1.041,0.582,0.331,1,13,46,0,0,0,0,0,0,high_vol_range,0.0,0,Profit target: premium decayed 60.4%,1947.75,241
2026-03-23T09:30:00+05:30,portfolio_hist,PREMIUM,SKIP,idle,22714.65,25.12,1.0,0.0,0.0,1.04,0.051,2.092,1,9,30,0,0,65,0,65,75,trending,0.0,0,,,
2026-03-23T09:35:00+05:30,portfolio_hist,PREMIUM,SKIP,idle,22734.75,25.3,1.0,0.0,0.0,1.04,0.14,2.092,1,9,35,0,0,65,0,65,75,trending,0.0,0,,,
2026-03-23T09:40:00+05:30,portfolio_hist,PREMIUM,SKIP,idle,22699.45,25.26,1.0,0.0,0.0,1.04,0.016,2.092,1,9,40,0,0,65,0,65,75,trending,0.0,0,,,
2026-03-23T09:45:00+05:30,portfolio_hist,PREMIUM,ENTER,iron_condor,22696.85,25.47,1.0,0.0,0.0,1.041,0.027,0.359,1,9,45,0,0,77,0,77,75,high_vol_range,42.99,75,,,
2026-03-23T10:00:00+05:30,portfolio_hist,TREND,ENTER,debit_spread,22587.75,26.21,1.0,0.0,0.0,1.041,0.508,0.633,1,10,0,0,0,62,0,62,60,high_vol_range,37.51,75,,,
2026-03-23T12:24:00+05:30,portfolio_hist,TREND,EXIT,debit_spread,22482.95,26.87,1.0,0.0,0.0,1.041,0.969,0.182,1,12,24,0,0,0,0,0,0,high_vol_range,0.0,0,Trend profit: spread at 51.2% of max,1028.25,144
2026-03-23T13:49:00+05:30,portfolio_hist,PREMIUM,EXIT,iron_condor,22598.95,26.67,1.0,0.0,0.0,1.041,0.458,0.331,1,13,49,0,0,0,0,0,0,high_vol_range,0.0,0,Profit target: premium decayed 71.9%,2318.25,244
2026-03-23T09:30:00+05:30,portfolio_hist,PREMIUM,SKIP,idle,22714.65,25.12,1.0,0.0,0.0,1.04,0.051,2.092,1,9,30,0,0,65,0,65,75,trending,0.0,0,,,
2026-03-23T09:35:00+05:30,portfolio_hist,PREMIUM,SKIP,idle,22734.75,25.3,1.0,0.0,0.0,1.04,0.14,2.092,1,9,35,0,0,65,0,65,75,trending,0.0,0,,,
2026-03-23T09:40:00+05:30,portfolio_hist,PREMIUM,SKIP,idle,22699.45,25.26,1.0,0.0,0.0,1.04,0.016,2.092,1,9,40,0,0,65,0,65,75,trending,0.0,0,,,
2026-03-23T09:45:00+05:30,portfolio_hist,PREMIUM,ENTER,iron_condor,22696.85,25.47,1.0,0.0,0.0,1.041,0.027,0.359,1,9,45,0,0,77,0,77,75,high_vol_range,42.99,75,,,
2026-03-23T10:00:00+05:30,portfolio_hist,TREND,ENTER,debit_spread,22587.75,26.21,1.0,0.0,0.0,1.041,0.508,0.633,1,10,0,0,0,62,0,62,60,high_vol_range,37.51,75,,,
2026-03-23T12:24:00+05:30,portfolio_hist,TREND,EXIT,debit_spread,22482.95,26.87,1.0,0.0,0.0,1.041,0.969,0.182,1,12,24,0,0,0,0,0,0,high_vol_range,0.0,0,Trend profit: spread at 51.2% of max,1028.25,144
2026-03-23T13:36:00+05:30,portfolio_hist,PREMIUM,EXIT,iron_condor,22523.4,26.94,1.0,0.0,0.0,1.041,0.791,0.196,1,13,36,0,0,0,0,0,0,high_vol_range,0.0,0,Profit target: premium decayed 31.5%,1014.75,231
2026-03-23T09:30:00+05:30,portfolio_hist,PREMIUM,SKIP,idle,22714.65,25.12,1.0,0.0,0.0,1.04,0.051,2.092,1,9,30,0,0,65,0,65,75,trending,0.0,0,,,
2026-03-23T09:35:00+05:30,portfolio_hist,PREMIUM,SKIP,idle,22734.75,25.3,1.0,0.0,0.0,1.04,0.14,2.092,1,9,35,0,0,65,0,65,75,trending,0.0,0,,,
2026-03-23T09:40:00+05:30,portfolio_hist,PREMIUM,SKIP,idle,22699.45,25.26,1.0,0.0,0.0,1.04,0.016,2.092,1,9,40,0,0,65,0,65,75,trending,0.0,0,,,
2026-03-23T09:45:00+05:30,portfolio_hist,PREMIUM,ENTER,iron_condor,22696.85,25.47,1.0,0.0,0.0,1.041,0.027,0.359,1,9,45,0,0,77,0,77,75,high_vol_range,42.99,75,,,
2026-03-23T10:00:00+05:30,portfolio_hist,TREND,ENTER,debit_spread,22587.75,26.21,1.0,0.0,0.0,1.041,0.508,0.633,1,10,0,0,0,62,0,62,60,high_vol_range,37.51,75,,,
2026-03-23T12:24:00+05:30,portfolio_hist,TREND,EXIT,debit_spread,22482.95,26.87,1.0,0.0,0.0,1.041,0.969,0.182,1,12,24,0,0,0,0,0,0,high_vol_range,0.0,0,Trend profit: spread at 51.2% of max,1028.25,144
2026-03-23T13:41:00+05:30,portfolio_hist,PREMIUM,EXIT,iron_condor,22534.25,26.96,1.0,0.0,0.0,1.041,0.743,0.209,1,13,41,0,0,0,0,0,0,high_vol_range,0.0,0,Profit target: premium decayed 40.0%,1290.0,236
2026-03-23T09:30:00+05:30,portfolio_hist,PREMIUM,SKIP,idle,22714.65,25.12,1.0,0.0,0.0,1.04,0.051,2.092,1,9,30,0,0,65,0,65,75,trending,0.0,0,,,
2026-03-23T09:35:00+05:30,portfolio_hist,PREMIUM,SKIP,idle,22734.75,25.3,1.0,0.0,0.0,1.04,0.14,2.092,1,9,35,0,0,65,0,65,75,trending,0.0,0,,,
2026-03-23T09:40:00+05:30,portfolio_hist,PREMIUM,SKIP,idle,22699.45,25.26,1.0,0.0,0.0,1.04,0.016,2.092,1,9,40,0,0,65,0,65,75,trending,0.0,0,,,
2026-03-23T09:45:00+05:30,portfolio_hist,PREMIUM,ENTER,iron_condor,22696.85,25.47,1.0,0.0,0.0,1.041,0.027,0.359,1,9,45,0,0,77,0,77,75,high_vol_range,42.99,75,,,
2026-03-23T10:00:00+05:30,portfolio_hist,TREND,ENTER,debit_spread,22587.75,26.21,1.0,0.0,0.0,1.041,0.508,0.633,1,10,0,0,0,62,0,62,60,high_vol_range,37.51,75,,,
2026-03-23T12:24:00+05:30,portfolio_hist,TREND,EXIT,debit_spread,22482.95,26.87,1.0,0.0,0.0,1.041,0.969,0.182,1,12,24,0,0,0,0,0,0,high_vol_range,0.0,0,Trend profit: spread at 51.2% of max,1028.25,144
2026-03-23T13:44:00+05:30,portfolio_hist,PREMIUM,EXIT,iron_condor,22561.7,26.74,1.0,0.0,0.0,1.041,0.622,0.209,1,13,44,0,0,0,0,0,0,high_vol_range,0.0,0,Profit target: premium decayed 55.7%,1794.75,239
2026-03-23T09:30:00+05:30,portfolio_hist,PREMIUM,SKIP,idle,22714.65,25.12,1.0,0.0,0.0,1.04,0.051,2.092,1,9,30,0,0,65,0,65,75,trending,0.0,0,,,
2026-03-23T09:35:00+05:30,portfolio_hist,PREMIUM,SKIP,idle,22734.75,25.3,1.0,0.0,0.0,1.04,0.14,2.092,1,9,35,0,0,65,0,65,75,trending,0.0,0,,,
2026-03-23T09:40:00+05:30,portfolio_hist,PREMIUM,SKIP,idle,22699.45,25.26,1.0,0.0,0.0,1.04,0.016,2.092,1,9,40,0,0,65,0,65,75,trending,0.0,0,,,
2026-03-23T09:45:00+05:30,portfolio_hist,PREMIUM,ENTER,iron_condor,22696.85,25.47,1.0,0.0,0.0,1.041,0.027,0.359,1,9,45,0,0,77,0,77,75,high_vol_range,42.99,75,,,
2026-03-23T10:00:00+05:30,portfolio_hist,TREND,ENTER,debit_spread,22587.75,26.21,1.0,0.0,0.0,1.041,0.508,0.633,1,10,0,0,0,62,0,62,60,high_vol_range,37.51,75,,,
2026-03-23T12:24:00+05:30,portfolio_hist,TREND,EXIT,debit_spread,22482.95,26.87,1.0,0.0,0.0,1.041,0.969,0.182,1,12,24,0,0,0,0,0,0,high_vol_range,0.0,0,Trend profit: spread at 51.2% of max,1028.25,144
2026-03-23T13:46:00+05:30,portfolio_hist,PREMIUM,EXIT,iron_condor,22570.8,26.74,1.0,0.0,0.0,1.041,0.582,0.331,1,13,46,0,0,0,0,0,0,high_vol_range,0.0,0,Profit target: premium decayed 60.4%,1947.75,241
2026-03-23T09:30:00+05:30,portfolio_hist,PREMIUM,SKIP,idle,22714.65,25.12,1.0,0.0,0.0,1.04,0.051,2.092,1,9,30,0,0,65,0,65,75,trending,0.0,0,,,
2026-03-23T09:35:00+05:30,portfolio_hist,PREMIUM,SKIP,idle,22734.75,25.3,1.0,0.0,0.0,1.04,0.14,2.092,1,9,35,0,0,65,0,65,75,trending,0.0,0,,,
2026-03-23T09:40:00+05:30,portfolio_hist,PREMIUM,SKIP,idle,22699.45,25.26,1.0,0.0,0.0,1.04,0.016,2.092,1,9,40,0,0,65,0,65,75,trending,0.0,0,,,
2026-03-23T09:45:00+05:30,portfolio_hist,PREMIUM,ENTER,iron_condor,22696.85,25.47,1.0,0.0,0.0,1.041,0.027,0.359,1,9,45,0,0,77,0,77,75,high_vol_range,42.99,75,,,
2026-03-23T10:00:00+05:30,portfolio_hist,TREND,ENTER,debit_spread,22587.75,26.21,1.0,0.0,0.0,1.041,0.508,0.633,1,10,0,0,0,62,0,62,60,high_vol_range,37.51,75,,,
2026-03-23T12:24:00+05:30,portfolio_hist,TREND,EXIT,debit_spread,22482.95,26.87,1.0,0.0,0.0,1.041,0.969,0.182,1,12,24,0,0,0,0,0,0,high_vol_range,0.0,0,Trend profit: spread at 51.2% of max,1028.25,144
2026-03-23T13:49:00+05:30,portfolio_hist,PREMIUM,EXIT,iron_condor,22598.95,26.67,1.0,0.0,0.0,1.041,0.458,0.331,1,13,49,0,0,0,0,0,0,high_vol_range,0.0,0,Profit target: premium decayed 71.9%,2318.25,244
2026-03-23T09:30:00+05:30,portfolio_hist,PREMIUM,SKIP,idle,22714.65,25.12,1.0,0.0,0.0,1.04,0.051,2.092,1,9,30,0,0,65,0,65,75,trending,0.0,0,,,
2026-03-23T09:35:00+05:30,portfolio_hist,PREMIUM,SKIP,idle,22734.75,25.3,1.0,0.0,0.0,1.04,0.14,2.092,1,9,35,0,0,65,0,65,75,trending,0.0,0,,,
2026-03-23T09:40:00+05:30,portfolio_hist,PREMIUM,SKIP,idle,22699.45,25.26,1.0,0.0,0.0,1.04,0.016,2.092,1,9,40,0,0,65,0,65,75,trending,0.0,0,,,
2026-03-23T09:45:00+05:30,portfolio_hist,PREMIUM,ENTER,iron_condor,22696.85,25.47,1.0,0.0,0.0,1.041,0.027,0.359,1,9,45,0,0,77,0,77,75,high_vol_range,42.99,75,,,
2026-03-23T10:00:00+05:30,portfolio_hist,TREND,ENTER,debit_spread,22587.75,26.21,1.0,0.0,0.0,1.041,0.508,0.633,1,10,0,0,0,62,0,62,60,high_vol_range,37.51,75,,,
2026-03-23T12:24:00+05:30,portfolio_hist,TREND,EXIT,debit_spread,22482.95,26.87,1.0,0.0,0.0,1.041,0.969,0.182,1,12,24,0,0,0,0,0,0,high_vol_range,0.0,0,Trend profit: spread at 51.2% of max,1028.25,144
2026-03-23T13:36:00+05:30,portfolio_hist,PREMIUM,EXIT,iron_condor,22523.4,26.94,1.0,0.0,0.0,1.041,0.791,0.196,1,13,36,0,0,0,0,0,0,high_vol_range,0.0,0,Profit target: premium decayed 31.5%,1014.75,231
2026-03-23T09:30:00+05:30,portfolio_hist,PREMIUM,SKIP,idle,22714.65,25.12,1.0,0.0,0.0,1.04,0.051,2.092,1,9,30,0,0,65,0,65,75,trending,0.0,0,,,
2026-03-23T09:35:00+05:30,portfolio_hist,PREMIUM,SKIP,idle,22734.75,25.3,1.0,0.0,0.0,1.04,0.14,2.092,1,9,35,0,0,65,0,65,75,trending,0.0,0,,,
2026-03-23T09:40:00+05:30,portfolio_hist,PREMIUM,SKIP,idle,22699.45,25.26,1.0,0.0,0.0,1.04,0.016,2.092,1,9,40,0,0,65,0,65,75,trending,0.0,0,,,
2026-03-23T09:45:00+05:30,portfolio_hist,PREMIUM,ENTER,iron_condor,22696.85,25.47,1.0,0.0,0.0,1.041,0.027,0.359,1,9,45,0,0,77,0,77,75,high_vol_range,42.99,75,,,
2026-03-23T10:00:00+05:30,portfolio_hist,TREND,ENTER,debit_spread,22587.75,26.21,1.0,0.0,0.0,1.041,0.508,0.633,1,10,0,0,0,62,0,62,60,high_vol_range,37.51,75,,,
2026-03-23T12:24:00+05:30,portfolio_hist,TREND,EXIT,debit_spread,22482.95,26.87,1.0,0.0,0.0,1.041,0.969,0.182,1,12,24,0,0,0,0,0,0,high_vol_range,0.0,0,Trend profit: spread at 51.2% of max,1028.25,144
2026-03-23T13:41:00+05:30,portfolio_hist,PREMIUM,EXIT,iron_condor,22534.25,26.96,1.0,0.0,0.0,1.041,0.743,0.209,1,13,41,0,0,0,0,0,0,high_vol_range,0.0,0,Profit target: premium decayed 40.0%,1290.0,236
2026-03-23T09:30:00+05:30,portfolio_hist,PREMIUM,SKIP,idle,22714.65,25.12,1.0,0.0,0.0,1.04,0.051,2.092,1,9,30,0,0,65,0,65,75,trending,0.0,0,,,
2026-03-23T09:35:00+05:30,portfolio_hist,PREMIUM,SKIP,idle,22734.75,25.3,1.0,0.0,0.0,1.04,0.14,2.092,1,9,35,0,0,65,0,65,75,trending,0.0,0,,,
2026-03-23T09:40:00+05:30,portfolio_hist,PREMIUM,SKIP,idle,22699.45,25.26,1.0,0.0,0.0,1.04,0.016,2.092,1,9,40,0,0,65,0,65,75,trending,0.0,0,,,
2026-03-23T09:45:00+05:30,portfolio_hist,PREMIUM,ENTER,iron_condor,22696.85,25.47,1.0,0.0,0.0,1.041,0.027,0.359,1,9,45,0,0,77,0,77,75,high_vol_range,42.99,75,,,
2026-03-23T10:00:00+05:30,portfolio_hist,TREND,ENTER,debit_spread,22587.75,26.21,1.0,0.0,0.0,1.041,0.508,0.633,1,10,0,0,0,62,0,62,60,high_vol_range,37.51,75,,,
2026-03-23T12:24:00+05:30,portfolio_hist,TREND,EXIT,debit_spread,22482.95,26.87,1.0,0.0,0.0,1.041,0.969,0.182,1,12,24,0,0,0,0,0,0,high_vol_range,0.0,0,Trend profit: spread at 51.2% of max,1028.25,144
2026-03-23T13:44:00+05:30,portfolio_hist,PREMIUM,EXIT,iron_condor,22561.7,26.74,1.0,0.0,0.0,1.041,0.622,0.209,1,13,44,0,0,0,0,0,0,high_vol_range,0.0,0,Profit target: premium decayed 55.7%,1794.75,239
2026-03-23T09:30:00+05:30,portfolio_hist,PREMIUM,SKIP,idle,22714.65,25.12,1.0,0.0,0.0,1.04,0.051,2.092,1,9,30,0,0,65,0,65,75,trending,0.0,0,,,
2026-03-23T09:35:00+05:30,portfolio_hist,PREMIUM,SKIP,idle,22734.75,25.3,1.0,0.0,0.0,1.04,0.14,2.092,1,9,35,0,0,65,0,65,75,trending,0.0,0,,,
2026-03-23T09:40:00+05:30,portfolio_hist,PREMIUM,SKIP,idle,22699.45,25.26,1.0,0.0,0.0,1.04,0.016,2.092,1,9,40,0,0,65,0,65,75,trending,0.0,0,,,
2026-03-23T09:45:00+05:30,portfolio_hist,PREMIUM,ENTER,iron_condor,22696.85,25.47,1.0,0.0,0.0,1.041,0.027,0.359,1,9,45,0,0,77,0,77,75,high_vol_range,42.99,75,,,
2026-03-23T10:00:00+05:30,portfolio_hist,TREND,ENTER,debit_spread,22587.75,26.21,1.0,0.0,0.0,1.041,0.508,0.633,1,10,0,0,0,62,0,62,60,high_vol_range,37.51,75,,,
2026-03-23T12:24:00+05:30,portfolio_hist,TREND,EXIT,debit_spread,22482.95,26.87,1.0,0.0,0.0,1.041,0.969,0.182,1,12,24,0,0,0,0,0,0,high_vol_range,0.0,0,Trend profit: spread at 51.2% of max,1028.25,144
2026-03-23T13:46:00+05:30,portfolio_hist,PREMIUM,EXIT,iron_condor,22570.8,26.74,1.0,0.0,0.0,1.041,0.582,0.331,1,13,46,0,0,0,0,0,0,high_vol_range,0.0,0,Profit target: premium decayed 60.4%,1947.75,241
2026-03-23T09:30:00+05:30,portfolio_hist,PREMIUM,SKIP,idle,22714.65,25.12,1.0,0.0,0.0,1.04,0.051,2.092,1,9,30,0,0,65,0,65,75,trending,0.0,0,,,
2026-03-23T09:35:00+05:30,portfolio_hist,PREMIUM,SKIP,idle,22734.75,25.3,1.0,0.0,0.0,1.04,0.14,2.092,1,9,35,0,0,65,0,65,75,trending,0.0,0,,,
2026-03-23T09:40:00+05:30,portfolio_hist,PREMIUM,SKIP,idle,22699.45,25.26,1.0,0.0,0.0,1.04,0.016,2.092,1,9,40,0,0,65,0,65,75,trending,0.0,0,,,
2026-03-23T09:45:00+05:30,portfolio_hist,PREMIUM,ENTER,iron_condor,22696.85,25.47,1.0,0.0,0.0,1.041,0.027,0.359,1,9,45,0,0,77,0,77,75,high_vol_range,42.99,75,,,
2026-03-23T10:00:00+05:30,portfolio_hist,TREND,ENTER,debit_spread,22587.75,26.21,1.0,0.0,0.0,1.041,0.508,0.633,1,10,0,0,0,62,0,62,60,high_vol_range,37.51,75,,,
2026-03-23T12:24:00+05:30,portfolio_hist,TREND,EXIT,debit_spread,22482.95,26.87,1.0,0.0,0.0,1.041,0.969,0.182,1,12,24,0,0,0,0,0,0,high_vol_range,0.0,0,Trend profit: spread at 51.2% of max,1028.25,144
2026-03-23T13:49:00+05:30,portfolio_hist,PREMIUM,EXIT,iron_condor,22598.95,26.67,1.0,0.0,0.0,1.041,0.458,0.331,1,13,49,0,0,0,0,0,0,high_vol_range,0.0,0,Profit target: premium decayed 71.9%,2318.25,244
2026-03-23T09:30:00+05:30,portfolio_hist,PREMIUM,SKIP,idle,22714.65,25.12,1.0,0.0,0.0,1.04,0.051,2.092,1,9,30,0,0,65,0,65,75,trending,0.0,0,,,
2026-03-23T09:35:00+05:30,portfolio_hist,PREMIUM,SKIP,idle,22734.75,25.3,1.0,0.0,0.0,1.04,0.14,2.092,1,9,35,0,0,65,0,65,75,trending,0.0,0,,,
2026-03-23T09:40:00+05:30,portfolio_hist,PREMIUM,SKIP,idle,22699.45,25.26,1.0,0.0,0.0,1.04,0.016,2.092,1,9,40,0,0,65,0,65,75,trending,0.0,0,,,
2026-03-23T09:45:00+05:30,portfolio_hist,PREMIUM,ENTER,iron_condor,22696.85,25.47,1.0,0.0,0.0,1.041,0.027,0.359,1,9,45,0,0,77,0,77,75,high_vol_range,42.99,75,,,
2026-03-23T10:00:00+05:30,portfolio_hist,TREND,ENTER,debit_spread,22587.75,26.21,1.0,0.0,0.0,1.041,0.508,0.633,1,10,0,0,0,62,0,62,60,high_vol_range,37.51,75,,,
2026-03-23T12:24:00+05:30,portfolio_hist,TREND,EXIT,debit_spread,22482.95,26.87,1.0,0.0,0.0,1.041,0.969,0.182,1,12,24,0,0,0,0,0,0,high_vol_range,0.0,0,Trend profit: spread at 51.2% of max,1028.25,144
2026-03-23T13:36:00+05:30,portfolio_hist,PREMIUM,EXIT,iron_condor,22523.4,26.94,1.0,0.0,0.0,1.041,0.791,0.196,1,13,36,0,0,0,0,0,0,high_vol_range,0.0,0,Profit target: premium decayed 31.5%,1014.75,231
2026-03-23T09:30:00+05:30,portfolio_hist,PREMIUM,SKIP,idle,22714.65,25.12,1.0,0.0,0.0,1.04,0.051,2.092,1,9,30,0,0,65,0,65,75,trending,0.0,0,,,
2026-03-23T09:35:00+05:30,portfolio_hist,PREMIUM,SKIP,idle,22734.75,25.3,1.0,0.0,0.0,1.04,0.14,2.092,1,9,35,0,0,65,0,65,75,trending,0.0,0,,,
2026-03-23T09:40:00+05:30,portfolio_hist,PREMIUM,SKIP,idle,22699.45,25.26,1.0,0.0,0.0,1.04,0.016,2.092,1,9,40,0,0,65,0,65,75,trending,0.0,0,,,
2026-03-23T09:45:00+05:30,portfolio_hist,PREMIUM,ENTER,iron_condor,22696.85,25.47,1.0,0.0,0.0,1.041,0.027,0.359,1,9,45,0,0,77,0,77,75,high_vol_range,42.99,75,,,
2026-03-23T10:00:00+05:30,portfolio_hist,TREND,ENTER,debit_spread,22587.75,26.21,1.0,0.0,0.0,1.041,0.508,0.633,1,10,0,0,0,62,0,62,60,high_vol_range,37.51,75,,,
2026-03-23T12:24:00+05:30,portfolio_hist,TREND,EXIT,debit_spread,22482.95,26.87,1.0,0.0,0.0,1.041,0.969,0.182,1,12,24,0,0,0,0,0,0,high_vol_range,0.0,0,Trend profit: spread at 51.2% of max,1028.25,144
2026-03-23T13:41:00+05:30,portfolio_hist,PREMIUM,EXIT,iron_condor,22534.25,26.96,1.0,0.0,0.0,1.041,0.743,0.209,1,13,41,0,0,0,0,0,0,high_vol_range,0.0,0,Profit target: premium decayed 40.0%,1290.0,236
2026-03-23T09:30:00+05:30,portfolio_hist,PREMIUM,SKIP,idle,22714.65,25.12,1.0,0.0,0.0,1.04,0.051,2.092,1,9,30,0,0,65,0,65,75,trending,0.0,0,,,
2026-03-23T09:35:00+05:30,portfolio_hist,PREMIUM,SKIP,idle,22734.75,25.3,1.0,0.0,0.0,1.04,0.14,2.092,1,9,35,0,0,65,0,65,75,trending,0.0,0,,,
2026-03-23T09:40:00+05:30,portfolio_hist,PREMIUM,SKIP,idle,22699.45,25.26,1.0,0.0,0.0,1.04,0.016,2.092,1,9,40,0,0,65,0,65,75,trending,0.0,0,,,
2026-03-23T09:45:00+05:30,portfolio_hist,PREMIUM,ENTER,iron_condor,22696.85,25.47,1.0,0.0,0.0,1.041,0.027,0.359,1,9,45,0,0,77,0,77,75,high_vol_range,42.99,75,,,
2026-03-23T10:00:00+05:30,portfolio_hist,TREND,ENTER,debit_spread,22587.75,26.21,1.0,0.0,0.0,1.041,0.508,0.633,1,10,0,0,0,62,0,62,60,high_vol_range,37.51,75,,,
2026-03-23T12:24:00+05:30,portfolio_hist,TREND,EXIT,debit_spread,22482.95,26.87,1.0,0.0,0.0,1.041,0.969,0.182,1,12,24,0,0,0,0,0,0,high_vol_range,0.0,0,Trend profit: spread at 51.2% of max,1028.25,144
2026-03-23T13:44:00+05:30,portfolio_hist,PREMIUM,EXIT,iron_condor,22561.7,26.74,1.0,0.0,0.0,1.041,0.622,0.209,1,13,44,0,0,0,0,0,0,high_vol_range,0.0,0,Profit target: premium decayed 55.7%,1794.75,239
2026-03-23T09:30:00+05:30,portfolio_hist,PREMIUM,SKIP,idle,22714.65,25.12,1.0,0.0,0.0,1.04,0.051,2.092,1,9,30,0,0,65,0,65,75,trending,0.0,0,,,
2026-03-23T09:35:00+05:30,portfolio_hist,PREMIUM,SKIP,idle,22734.75,25.3,1.0,0.0,0.0,1.04,0.14,2.092,1,9,35,0,0,65,0,65,75,trending,0.0,0,,,
2026-03-23T09:40:00+05:30,portfolio_hist,PREMIUM,SKIP,idle,22699.45,25.26,1.0,0.0,0.0,1.04,0.016,2.092,1,9,40,0,0,65,0,65,75,trending,0.0,0,,,
2026-03-23T09:45:00+05:30,portfolio_hist,PREMIUM,ENTER,iron_condor,22696.85,25.47,1.0,0.0,0.0,1.041,0.027,0.359,1,9,45,0,0,77,0,77,75,high_vol_range,42.99,75,,,
2026-03-23T10:00:00+05:30,portfolio_hist,TREND,ENTER,debit_spread,22587.75,26.21,1.0,0.0,0.0,1.041,0.508,0.633,1,10,0,0,0,62,0,62,60,high_vol_range,37.51,75,,,
2026-03-23T12:24:00+05:30,portfolio_hist,TREND,EXIT,debit_spread,22482.95,26.87,1.0,0.0,0.0,1.041,0.969,0.182,1,12,24,0,0,0,0,0,0,high_vol_range,0.0,0,Trend profit: spread at 51.2% of max,1028.25,144
2026-03-23T13:46:00+05:30,portfolio_hist,PREMIUM,EXIT,iron_condor,22570.8,26.74,1.0,0.0,0.0,1.041,0.582,0.331,1,13,46,0,0,0,0,0,0,high_vol_range,0.0,0,Profit target: premium decayed 60.4%,1947.75,241
2026-03-23T09:30:00+05:30,portfolio_hist,PREMIUM,SKIP,idle,22714.65,25.12,1.0,0.0,0.0,1.04,0.051,2.092,1,9,30,0,0,65,0,65,75,trending,0.0,0,,,
2026-03-23T09:35:00+05:30,portfolio_hist,PREMIUM,SKIP,idle,22734.75,25.3,1.0,0.0,0.0,1.04,0.14,2.092,1,9,35,0,0,65,0,65,75,trending,0.0,0,,,
2026-03-23T09:40:00+05:30,portfolio_hist,PREMIUM,SKIP,idle,22699.45,25.26,1.0,0.0,0.0,1.04,0.016,2.092,1,9,40,0,0,65,0,65,75,trending,0.0,0,,,
2026-03-23T09:45:00+05:30,portfolio_hist,PREMIUM,ENTER,iron_condor,22696.85,25.47,1.0,0.0,0.0,1.041,0.027,0.359,1,9,45,0,0,77,0,77,75,high_vol_range,42.99,75,,,
2026-03-23T10:00:00+05:30,portfolio_hist,TREND,ENTER,debit_spread,22587.75,26.21,1.0,0.0,0.0,1.041,0.508,0.633,1,10,0,0,0,62,0,62,60,high_vol_range,37.51,75,,,
2026-03-23T12:24:00+05:30,portfolio_hist,TREND,EXIT,debit_spread,22482.95,26.87,1.0,0.0,0.0,1.041,0.969,0.182,1,12,24,0,0,0,0,0,0,high_vol_range,0.0,0,Trend profit: spread at 51.2% of max,1028.25,144
2026-03-23T13:49:00+05:30,portfolio_hist,PREMIUM,EXIT,iron_condor,22598.95,26.67,1.0,0.0,0.0,1.041,0.458,0.331,1,13,49,0,0,0,0,0,0,high_vol_range,0.0,0,Profit target: premium decayed 71.9%,2318.25,244
2026-03-23T09:30:00+05:30,portfolio_hist,PREMIUM,SKIP,idle,22714.65,25.12,1.0,0.0,0.0,1.04,0.051,2.092,1,9,30,0,0,65,0,65,75,trending,0.0,0,,,
2026-03-23T09:35:00+05:30,portfolio_hist,PREMIUM,SKIP,idle,22734.75,25.3,1.0,0.0,0.0,1.04,0.14,2.092,1,9,35,0,0,65,0,65,75,trending,0.0,0,,,
2026-03-23T09:40:00+05:30,portfolio_hist,PREMIUM,SKIP,idle,22699.45,25.26,1.0,0.0,0.0,1.04,0.016,2.092,1,9,40,0,0,65,0,65,75,trending,0.0,0,,,
2026-03-23T09:45:00+05:30,portfolio_hist,PREMIUM,ENTER,iron_condor,22696.85,25.47,1.0,0.0,0.0,1.041,0.027,0.359,1,9,45,0,0,77,0,77,75,high_vol_range,42.99,75,,,
2026-03-23T10:00:00+05:30,portfolio_hist,TREND,ENTER,debit_spread,22587.75,26.21,1.0,0.0,0.0,1.041,0.508,0.633,1,10,0,0,0,62,0,62,60,high_vol_range,37.51,75,,,
2026-03-23T12:24:00+05:30,portfolio_hist,TREND,EXIT,debit_spread,22482.95,26.87,1.0,0.0,0.0,1.041,0.969,0.182,1,12,24,0,0,0,0,0,0,high_vol_range,0.0,0,Trend profit: spread at 51.2% of max,1028.25,144
2026-03-23T13:49:00+05:30,portfolio_hist,PREMIUM,EXIT,iron_condor,22598.95,26.67,1.0,0.0,0.0,1.041,0.458,0.331,1,13,49,0,0,0,0,0,0,high_vol_range,0.0,0,Profit target: premium decayed 71.9%,2318.25,244
2026-03-23T09:30:00+05:30,portfolio_hist,PREMIUM,SKIP,idle,22714.65,25.12,1.0,0.0,0.0,1.04,0.051,2.092,1,9,30,0,0,65,0,65,75,trending,0.0,0,,,
2026-03-23T09:35:00+05:30,portfolio_hist,PREMIUM,SKIP,idle,22734.75,25.3,1.0,0.0,0.0,1.04,0.14,2.092,1,9,35,0,0,65,0,65,75,trending,0.0,0,,,
2026-03-23T09:40:00+05:30,portfolio_hist,PREMIUM,SKIP,idle,22699.45,25.26,1.0,0.0,0.0,1.04,0.016,2.092,1,9,40,0,0,65,0,65,75,trending,0.0,0,,,
2026-03-23T09:45:00+05:30,portfolio_hist,PREMIUM,ENTER,iron_condor,22696.85,25.47,1.0,0.0,0.0,1.041,0.027,0.359,1,9,45,0,0,77,0,77,75,high_vol_range,42.99,75,,,
2026-03-23T10:00:00+05:30,portfolio_hist,TREND,ENTER,debit_spread,22587.75,26.21,1.0,0.0,0.0,1.041,0.508,0.633,1,10,0,0,0,62,0,62,60,high_vol_range,37.51,75,,,
2026-03-23T12:24:00+05:30,portfolio_hist,TREND,EXIT,debit_spread,22482.95,26.87,1.0,0.0,0.0,1.041,0.969,0.182,1,12,24,0,0,0,0,0,0,high_vol_range,0.0,0,Trend profit: spread at 51.2% of max,1028.25,144
2026-03-23T13:49:00+05:30,portfolio_hist,PREMIUM,EXIT,iron_condor,22598.95,26.67,1.0,0.0,0.0,1.041,0.458,0.331,1,13,49,0,0,0,0,0,0,high_vol_range,0.0,0,Profit target: premium decayed 71.9%,2318.25,244
2026-03-23T09:30:00+05:30,portfolio_hist,PREMIUM,SKIP,idle,22714.65,25.12,1.0,0.0,0.0,1.04,0.051,2.092,1,9,30,0,0,65,0,65,75,trending,0.0,0,,,
2026-03-23T09:35:00+05:30,portfolio_hist,PREMIUM,SKIP,idle,22734.75,25.3,1.0,0.0,0.0,1.04,0.14,2.092,1,9,35,0,0,65,0,65,75,trending,0.0,0,,,
2026-03-23T09:40:00+05:30,portfolio_hist,PREMIUM,SKIP,idle,22699.45,25.26,1.0,0.0,0.0,1.04,0.016,2.092,1,9,40,0,0,65,0,65,75,trending,0.0,0,,,
2026-03-23T09:45:00+05:30,portfolio_hist,PREMIUM,ENTER,iron_condor,22696.85,25.47,1.0,0.0,0.0,1.041,0.027,0.359,1,9,45,0,0,77,0,77,75,high_vol_range,42.99,75,,,
2026-03-23T10:00:00+05:30,portfolio_hist,TREND,ENTER,debit_spread,22587.75,26.21,1.0,0.0,0.0,1.041,0.508,0.633,1,10,0,0,0,62,0,62,60,high_vol_range,37.51,75,,,
2026-03-23T12:24:00+05:30,portfolio_hist,TREND,EXIT,debit_spread,22482.95,26.87,1.0,0.0,0.0,1.041,0.969,0.182,1,12,24,0,0,0,0,0,0,high_vol_range,0.0,0,Trend profit: spread at 51.2% of max,1028.25,144
2026-03-23T13:49:00+05:30,portfolio_hist,PREMIUM,EXIT,iron_condor,22598.95,26.67,1.0,0.0,0.0,1.041,0.458,0.331,1,13,49,0,0,0,0,0,0,high_vol_range,0.0,0,Profit target: premium decayed 71.9%,2318.25,244
2026-03-23T09:30:00+05:30,portfolio_hist,PREMIUM,SKIP,idle,22714.65,25.12,1.0,0.0,0.0,1.04,0.051,2.092,1,9,30,0,0,65,0,65,75,trending,0.0,0,,,
2026-03-23T09:35:00+05:30,portfolio_hist,PREMIUM,SKIP,idle,22734.75,25.3,1.0,0.0,0.0,1.04,0.14,2.092,1,9,35,0,0,65,0,65,75,trending,0.0,0,,,
2026-03-23T09:40:00+05:30,portfolio_hist,PREMIUM,SKIP,idle,22699.45,25.26,1.0,0.0,0.0,1.04,0.016,2.092,1,9,40,0,0,65,0,65,75,trending,0.0,0,,,
2026-03-23T09:45:00+05:30,portfolio_hist,PREMIUM,ENTER,iron_condor,22696.85,25.47,1.0,0.0,0.0,1.041,0.027,0.359,1,9,45,0,0,77,0,77,75,high_vol_range,42.99,75,,,
2026-03-23T10:00:00+05:30,portfolio_hist,TREND,ENTER,debit_spread,22587.75,26.21,1.0,0.0,0.0,1.041,0.508,0.633,1,10,0,0,0,62,0,62,60,high_vol_range,37.51,75,,,
2026-03-23T12:24:00+05:30,portfolio_hist,TREND,EXIT,debit_spread,22482.95,26.87,1.0,0.0,0.0,1.041,0.969,0.182,1,12,24,0,0,0,0,0,0,high_vol_range,0.0,0,Trend profit: spread at 51.2% of max,1028.25,144
2026-03-23T13:49:00+05:30,portfolio_hist,PREMIUM,EXIT,iron_condor,22598.95,26.67,1.0,0.0,0.0,1.041,0.458,0.331,1,13,49,0,0,0,0,0,0,high_vol_range,0.0,0,Profit target: premium decayed 71.9%,2318.25,244
2026-03-23T09:30:00+05:30,portfolio_hist,PREMIUM,SKIP,idle,22714.65,25.12,1.0,0.0,0.0,1.04,0.051,2.092,1,9,30,0,0,65,0,65,75,trending,0.0,0,,,
2026-03-23T09:35:00+05:30,portfolio_hist,PREMIUM,SKIP,idle,22734.75,25.3,1.0,0.0,0.0,1.04,0.14,2.092,1,9,35,0,0,65,0,65,75,trending,0.0,0,,,
2026-03-23T09:40:00+05:30,portfolio_hist,PREMIUM,SKIP,idle,22699.45,25.26,1.0,0.0,0.0,1.04,0.016,2.092,1,9,40,0,0,65,0,65,75,trending,0.0,0,,,
2026-03-23T09:45:00+05:30,portfolio_hist,PREMIUM,ENTER,iron_condor,22696.85,25.47,1.0,0.0,0.0,1.041,0.027,0.359,1,9,45,0,0,77,0,77,75,high_vol_range,42.99,75,,,
2026-03-23T10:00:00+05:30,portfolio_hist,TREND,ENTER,debit_spread,22587.75,26.21,1.0,0.0,0.0,1.041,0.508,0.633,1,10,0,0,0,62,0,62,60,high_vol_range,37.51,75,,,
2026-03-23T12:24:00+05:30,portfolio_hist,TREND,EXIT,debit_spread,22482.95,26.87,1.0,0.0,0.0,1.041,0.969,0.182,1,12,24,0,0,0,0,0,0,high_vol_range,0.0,0,Trend profit: spread at 51.2% of max,1028.25,144
2026-03-23T13:49:00+05:30,portfolio_hist,PREMIUM,EXIT,iron_condor,22598.95,26.67,1.0,0.0,0.0,1.041,0.458,0.331,1,13,49,0,0,0,0,0,0,high_vol_range,0.0,0,Profit target: premium decayed 71.9%,2318.25,244
2026-03-23T09:30:00+05:30,portfolio_hist,PREMIUM,SKIP,idle,22714.65,25.12,1.0,0.0,0.0,1.04,0.051,2.092,1,9,30,0,0,65,0,65,75,trending,0.0,0,,,
2026-03-23T09:35:00+05:30,portfolio_hist,PREMIUM,SKIP,idle,22734.75,25.3,1.0,0.0,0.0,1.04,0.14,2.092,1,9,35,0,0,65,0,65,75,trending,0.0,0,,,
2026-03-23T09:40:00+05:30,portfolio_hist,PREMIUM,SKIP,idle,22699.45,25.26,1.0,0.0,0.0,1.04,0.016,2.092,1,9,40,0,0,65,0,65,75,trending,0.0,0,,,
2026-03-23T09:45:00+05:30,portfolio_hist,PREMIUM,ENTER,iron_condor,22696.85,25.47,1.0,0.0,0.0,1.041,0.027,0.359,1,9,45,0,0,77,0,77,75,high_vol_range,42.99,75,,,
2026-03-23T10:00:00+05:30,portfolio_hist,TREND,ENTER,debit_spread,22587.75,26.21,1.0,0.0,0.0,1.041,0.508,0.633,1,10,0,0,0,62,0,62,60,high_vol_range,37.51,75,,,
2026-03-23T12:24:00+05:30,portfolio_hist,TREND,EXIT,debit_spread,22482.95,26.87,1.0,0.0,0.0,1.041,0.969,0.182,1,12,24,0,0,0,0,0,0,high_vol_range,0.0,0,Trend profit: spread at 51.2% of max,1028.25,144
2026-03-23T13:49:00+05:30,portfolio_hist,PREMIUM,EXIT,iron_condor,22598.95,26.67,1.0,0.0,0.0,1.041,0.458,0.331,1,13,49,0,0,0,0,0,0,high_vol_range,0.0,0,Profit target: premium decayed 71.9%,2318.25,244
2026-03-23T09:30:00+05:30,portfolio_hist,PREMIUM,SKIP,idle,22714.65,25.12,1.0,0.0,0.0,1.04,0.051,2.092,1,9,30,0,0,65,0,65,75,trending,0.0,0,,,
2026-03-23T09:35:00+05:30,portfolio_hist,PREMIUM,SKIP,idle,22734.75,25.3,1.0,0.0,0.0,1.04,0.14,2.092,1,9,35,0,0,65,0,65,75,trending,0.0,0,,,
2026-03-23T09:40:00+05:30,portfolio_hist,PREMIUM,SKIP,idle,22699.45,25.26,1.0,0.0,0.0,1.04,0.016,2.092,1,9,40,0,0,65,0,65,75,trending,0.0,0,,,
2026-03-23T09:45:00+05:30,portfolio_hist,PREMIUM,ENTER,iron_condor,22696.85,25.47,1.0,0.0,0.0,1.041,0.027,0.359,1,9,45,0,0,77,0,77,75,high_vol_range,42.99,75,,,
2026-03-23T10:00:00+05:30,portfolio_hist,TREND,ENTER,debit_spread,22587.75,26.21,1.0,0.0,0.0,1.041,0.508,0.633,1,10,0,0,0,62,0,62,60,high_vol_range,37.51,75,,,
2026-03-23T12:24:00+05:30,portfolio_hist,TREND,EXIT,debit_spread,22482.95,26.87,1.0,0.0,0.0,1.041,0.969,0.182,1,12,24,0,0,0,0,0,0,high_vol_range,0.0,0,Trend profit: spread at 51.2% of max,1028.25,144
2026-03-23T13:49:00+05:30,portfolio_hist,PREMIUM,EXIT,iron_condor,22598.95,26.67,1.0,0.0,0.0,1.041,0.458,0.331,1,13,49,0,0,0,0,0,0,high_vol_range,0.0,0,Profit target: premium decayed 71.9%,2318.25,244
2026-03-23T09:30:00+05:30,portfolio_hist,PREMIUM,SKIP,idle,22714.65,25.12,1.0,0.0,0.0,1.04,0.051,2.092,1,9,30,0,0,65,0,65,75,trending,0.0,0,,,
2026-03-23T09:35:00+05:30,portfolio_hist,PREMIUM,SKIP,idle,22734.75,25.3,1.0,0.0,0.0,1.04,0.14,2.092,1,9,35,0,0,65,0,65,75,trending,0.0,0,,,
2026-03-23T09:40:00+05:30,portfolio_hist,PREMIUM,SKIP,idle,22699.45,25.26,1.0,0.0,0.0,1.04,0.016,2.092,1,9,40,0,0,65,0,65,75,trending,0.0,0,,,
2026-03-23T09:45:00+05:30,portfolio_hist,PREMIUM,ENTER,iron_condor,22696.85,25.47,1.0,0.0,0.0,1.041,0.027,0.359,1,9,45,0,0,77,0,77,75,high_vol_range,42.99,75,,,
2026-03-23T10:00:00+05:30,portfolio_hist,TREND,ENTER,debit_spread,22587.75,26.21,1.0,0.0,0.0,1.041,0.508,0.633,1,10,0,0,0,62,0,62,60,high_vol_range,37.51,75,,,
2026-03-23T12:24:00+05:30,portfolio_hist,TREND,EXIT,debit_spread,22482.95,26.87,1.0,0.0,0.0,1.041,0.969,0.182,1,12,24,0,0,0,0,0,0,high_vol_range,0.0,0,Trend profit: spread at 51.2% of max,1028.25,144
2026-03-23T13:49:00+05:30,portfolio_hist,PREMIUM,EXIT,iron_condor,22598.95,26.67,1.0,0.0,0.0,1.041,0.458,0.331,1,13,49,0,0,0,0,0,0,high_vol_range,0.0,0,Profit target: premium decayed 71.9%,2318.25,244
2026-03-23T09:30:00+05:30,portfolio_hist,PREMIUM,SKIP,idle,22714.65,25.12,1.0,0.0,0.0,1.04,0.051,2.092,1,9,30,0,0,65,0,65,75,trending,0.0,0,,,
2026-03-23T09:35:00+05:30,portfolio_hist,PREMIUM,SKIP,idle,22734.75,25.3,1.0,0.0,0.0,1.04,0.14,2.092,1,9,35,0,0,65,0,65,75,trending,0.0,0,,,
2026-03-23T09:40:00+05:30,portfolio_hist,PREMIUM,SKIP,idle,22699.45,25.26,1.0,0.0,0.0,1.04,0.016,2.092,1,9,40,0,0,65,0,65,75,trending,0.0,0,,,
2026-03-23T09:45:00+05:30,portfolio_hist,PREMIUM,ENTER,iron_condor,22696.85,25.47,1.0,0.0,0.0,1.041,0.027,0.359,1,9,45,0,0,77,0,77,75,high_vol_range,42.99,75,,,
2026-03-23T10:00:00+05:30,portfolio_hist,TREND,ENTER,debit_spread,22587.75,26.21,1.0,0.0,0.0,1.041,0.508,0.633,1,10,0,0,0,62,0,62,60,high_vol_range,37.51,75,,,
2026-03-23T12:24:00+05:30,portfolio_hist,TREND,EXIT,debit_spread,22482.95,26.87,1.0,0.0,0.0,1.041,0.969,0.182,1,12,24,0,0,0,0,0,0,high_vol_range,0.0,0,Trend profit: spread at 51.2% of max,1028.25,144
2026-03-23T13:49:00+05:30,portfolio_hist,PREMIUM,EXIT,iron_condor,22598.95,26.67,1.0,0.0,0.0,1.041,0.458,0.331,1,13,49,0,0,0,0,0,0,high_vol_range,0.0,0,Profit target: premium decayed 71.9%,2318.25,244
2026-03-23T09:30:00+05:30,portfolio_hist,PREMIUM,SKIP,idle,22714.65,25.12,1.0,0.0,0.0,1.04,0.051,2.092,1,9,30,0,0,65,0,65,75,trending,0.0,0,,,
2026-03-23T09:35:00+05:30,portfolio_hist,PREMIUM,SKIP,idle,22734.75,25.3,1.0,0.0,0.0,1.04,0.14,2.092,1,9,35,0,0,65,0,65,75,trending,0.0,0,,,
2026-03-23T09:40:00+05:30,portfolio_hist,PREMIUM,SKIP,idle,22699.45,25.26,1.0,0.0,0.0,1.04,0.016,2.092,1,9,40,0,0,65,0,65,75,trending,0.0,0,,,
2026-03-23T09:45:00+05:30,portfolio_hist,PREMIUM,ENTER,iron_condor,22696.85,25.47,1.0,0.0,0.0,1.041,0.027,0.359,1,9,45,0,0,77,0,77,75,high_vol_range,42.99,75,,,
2026-03-23T10:00:00+05:30,portfolio_hist,TREND,ENTER,debit_spread,22587.75,26.21,1.0,0.0,0.0,1.041,0.508,0.633,1,10,0,0,0,62,0,62,60,high_vol_range,37.51,75,,,
2026-03-23T12:24:00+05:30,portfolio_hist,TREND,EXIT,debit_spread,22482.95,26.87,1.0,0.0,0.0,1.041,0.969,0.182,1,12,24,0,0,0,0,0,0,high_vol_range,0.0,0,Trend profit: spread at 51.2% of max,1028.25,144
2026-03-23T13:49:00+05:30,portfolio_hist,PREMIUM,EXIT,iron_condor,22598.95,26.67,1.0,0.0,0.0,1.041,0.458,0.331,1,13,49,0,0,0,0,0,0,high_vol_range,0.0,0,Profit target: premium decayed 71.9%,2318.25,244
2026-03-23T09:30:00+05:30,portfolio_hist,PREMIUM,SKIP,idle,22714.65,25.12,1.0,0.0,0.0,1.04,0.051,2.092,1,9,30,0,0,65,0,65,75,trending,0.0,0,,,
2026-03-23T09:35:00+05:30,portfolio_hist,PREMIUM,SKIP,idle,22734.75,25.3,1.0,0.0,0.0,1.04,0.14,2.092,1,9,35,0,0,65,0,65,75,trending,0.0,0,,,
2026-03-23T09:40:00+05:30,portfolio_hist,PREMIUM,SKIP,idle,22699.45,25.26,1.0,0.0,0.0,1.04,0.016,2.092,1,9,40,0,0,65,0,65,75,trending,0.0,0,,,
2026-03-23T09:45:00+05:30,portfolio_hist,PREMIUM,ENTER,iron_condor,22696.85,25.47,1.0,0.0,0.0,1.041,0.027,0.359,1,9,45,0,0,77,0,77,75,high_vol_range,42.99,75,,,
2026-03-23T10:00:00+05:30,portfolio_hist,TREND,ENTER,debit_spread,22587.75,26.21,1.0,0.0,0.0,1.041,0.508,0.633,1,10,0,0,0,62,0,62,60,high_vol_range,37.51,75,,,
2026-03-23T12:24:00+05:30,portfolio_hist,TREND,EXIT,debit_spread,22482.95,26.87,1.0,0.0,0.0,1.041,0.969,0.182,1,12,24,0,0,0,0,0,0,high_vol_range,0.0,0,Trend profit: spread at 51.2% of max,1028.25,144
2026-03-23T13:49:00+05:30,portfolio_hist,PREMIUM,EXIT,iron_condor,22598.95,26.67,1.0,0.0,0.0,1.041,0.458,0.331,1,13,49,0,0,0,0,0,0,high_vol_range,0.0,0,Profit target: premium decayed 71.9%,2318.25,244
2026-03-23T09:30:00+05:30,portfolio_hist,PREMIUM,SKIP,idle,22714.65,25.12,1.0,0.0,0.0,1.04,0.051,2.092,1,9,30,0,0,65,0,65,75,trending,0.0,0,,,
2026-03-23T09:35:00+05:30,portfolio_hist,PREMIUM,SKIP,idle,22734.75,25.3,1.0,0.0,0.0,1.04,0.14,2.092,1,9,35,0,0,65,0,65,75,trending,0.0,0,,,
2026-03-23T09:40:00+05:30,portfolio_hist,PREMIUM,SKIP,idle,22699.45,25.26,1.0,0.0,0.0,1.04,0.016,2.092,1,9,40,0,0,65,0,65,75,trending,0.0,0,,,
2026-03-23T09:45:00+05:30,portfolio_hist,PREMIUM,ENTER,iron_condor,22696.85,25.47,1.0,0.0,0.0,1.041,0.027,0.359,1,9,45,0,0,77,0,77,75,high_vol_range,42.99,75,,,
2026-03-23T10:00:00+05:30,portfolio_hist,TREND,ENTER,debit_spread,22587.75,26.21,1.0,0.0,0.0,1.041,0.508,0.633,1,10,0,0,0,62,0,62,60,high_vol_range,37.51,75,,,
2026-03-23T12:24:00+05:30,portfolio_hist,TREND,EXIT,debit_spread,22482.95,26.87,1.0,0.0,0.0,1.041,0.969,0.182,1,12,24,0,0,0,0,0,0,high_vol_range,0.0,0,Trend profit: spread at 51.2% of max,1028.25,144
2026-03-23T13:49:00+05:30,portfolio_hist,PREMIUM,EXIT,iron_condor,22598.95,26.67,1.0,0.0,0.0,1.041,0.458,0.331,1,13,49,0,0,0,0,0,0,high_vol_range,0.0,0,Profit target: premium decayed 71.9%,2318.25,244
2026-03-23T09:30:00+05:30,portfolio_hist,PREMIUM,SKIP,idle,22714.65,25.12,1.0,0.0,0.0,1.04,0.051,2.092,1,9,30,0,0,65,0,65,75,trending,0.0,0,,,
2026-03-23T09:35:00+05:30,portfolio_hist,PREMIUM,SKIP,idle,22734.75,25.3,1.0,0.0,0.0,1.04,0.14,2.092,1,9,35,0,0,65,0,65,75,trending,0.0,0,,,
2026-03-23T09:40:00+05:30,portfolio_hist,PREMIUM,SKIP,idle,22699.45,25.26,1.0,0.0,0.0,1.04,0.016,2.092,1,9,40,0,0,65,0,65,75,trending,0.0,0,,,
2026-03-23T09:45:00+05:30,portfolio_hist,PREMIUM,ENTER,iron_condor,22696.85,25.47,1.0,0.0,0.0,1.041,0.027,0.359,1,9,45,0,0,77,0,77,75,high_vol_range,42.99,75,,,
2026-03-23T10:00:00+05:30,portfolio_hist,TREND,ENTER,debit_spread,22587.75,26.21,1.0,0.0,0.0,1.041,0.508,0.633,1,10,0,0,0,62,0,62,60,high_vol_range,37.51,75,,,
2026-03-23T12:24:00+05:30,portfolio_hist,TREND,EXIT,debit_spread,22482.95,26.87,1.0,0.0,0.0,1.041,0.969,0.182,1,12,24,0,0,0,0,0,0,high_vol_range,0.0,0,Trend profit: spread at 51.2% of max,1028.25,144
2026-03-23T13:49:00+05:30,portfolio_hist,PREMIUM,EXIT,iron_condor,22598.95,26.67,1.0,0.0,0.0,1.041,0.458,0.331,1,13,49,0,0,0,0,0,0,high_vol_range,0.0,0,Profit target: premium decayed 71.9%,2318.25,244
2026-03-23T09:30:00+05:30,portfolio_hist,PREMIUM,SKIP,idle,22714.65,25.12,1.0,0.0,0.0,1.04,0.051,2.092,1,9,30,0,0,65,0,65,75,trending,0.0,0,,,
2026-03-23T09:35:00+05:30,portfolio_hist,PREMIUM,SKIP,idle,22734.75,25.3,1.0,0.0,0.0,1.04,0.14,2.092,1,9,35,0,0,65,0,65,75,trending,0.0,0,,,
2026-03-23T09:40:00+05:30,portfolio_hist,PREMIUM,SKIP,idle,22699.45,25.26,1.0,0.0,0.0,1.04,0.016,2.092,1,9,40,0,0,65,0,65,75,trending,0.0,0,,,
2026-03-23T09:45:00+05:30,portfolio_hist,PREMIUM,ENTER,iron_condor,22696.85,25.47,1.0,0.0,0.0,1.041,0.027,0.359,1,9,45,0,0,77,0,77,75,high_vol_range,42.99,75,,,
2026-03-23T10:00:00+05:30,portfolio_hist,TREND,ENTER,debit_spread,22587.75,26.21,1.0,0.0,0.0,1.041,0.508,0.633,1,10,0,0,0,62,0,62,60,high_vol_range,37.51,75,,,
2026-03-23T12:24:00+05:30,portfolio_hist,TREND,EXIT,debit_spread,22482.95,26.87,1.0,0.0,0.0,1.041,0.969,0.182,1,12,24,0,0,0,0,0,0,high_vol_range,0.0,0,Trend profit: spread at 51.2% of max,1028.25,144
2026-03-23T13:49:00+05:30,portfolio_hist,PREMIUM,EXIT,iron_condor,22598.95,26.67,1.0,0.0,0.0,1.041,0.458,0.331,1,13,49,0,0,0,0,0,0,high_vol_range,0.0,0,Profit target: premium decayed 71.9%,2318.25,244
2026-03-23T09:30:00+05:30,portfolio_hist,PREMIUM,SKIP,idle,22714.65,25.12,1.0,0.0,0.0,1.04,0.051,2.092,1,9,30,0,0,65,0,65,75,trending,0.0,0,,,
2026-03-23T09:35:00+05:30,portfolio_hist,PREMIUM,SKIP,idle,22734.75,25.3,1.0,0.0,0.0,1.04,0.14,2.092,1,9,35,0,0,65,0,65,75,trending,0.0,0,,,
2026-03-23T09:40:00+05:30,portfolio_hist,PREMIUM,SKIP,idle,22699.45,25.26,1.0,0.0,0.0,1.04,0.016,2.092,1,9,40,0,0,65,0,65,75,trending,0.0,0,,,
2026-03-23T09:45:00+05:30,portfolio_hist,PREMIUM,ENTER,iron_condor,22696.85,25.47,1.0,0.0,0.0,1.041,0.027,0.359,1,9,45,0,0,77,0,77,75,high_vol_range,42.99,75,,,
2026-03-23T10:00:00+05:30,portfolio_hist,TREND,ENTER,debit_spread,22587.75,26.21,1.0,0.0,0.0,1.041,0.508,0.633,1,10,0,0,0,62,0,62,60,high_vol_range,37.51,75,,,
2026-03-23T12:24:00+05:30,portfolio_hist,TREND,EXIT,debit_spread,22482.95,26.87,1.0,0.0,0.0,1.041,0.969,0.182,1,12,24,0,0,0,0,0,0,high_vol_range,0.0,0,Trend profit: spread at 51.2% of max,1028.25,144
2026-03-23T13:49:00+05:30,portfolio_hist,PREMIUM,EXIT,iron_condor,22598.95,26.67,1.0,0.0,0.0,1.041,0.458,0.331,1,13,49,0,0,0,0,0,0,high_vol_range,0.0,0,Profit target: premium decayed 71.9%,2318.25,244
2026-03-23T09:30:00+05:30,portfolio_hist,PREMIUM,SKIP,idle,22714.65,25.12,1.0,0.0,0.0,1.04,0.051,2.092,1,9,30,0,0,65,0,65,75,trending,0.0,0,,,
2026-03-23T09:35:00+05:30,portfolio_hist,PREMIUM,SKIP,idle,22734.75,25.3,1.0,0.0,0.0,1.04,0.14,2.092,1,9,35,0,0,65,0,65,75,trending,0.0,0,,,
2026-03-23T09:40:00+05:30,portfolio_hist,PREMIUM,SKIP,idle,22699.45,25.26,1.0,0.0,0.0,1.04,0.016,2.092,1,9,40,0,0,65,0,65,75,trending,0.0,0,,,
2026-03-23T09:45:00+05:30,portfolio_hist,PREMIUM,ENTER,iron_condor,22696.85,25.47,1.0,0.0,0.0,1.041,0.027,0.359,1,9,45,0,0,77,0,77,75,high_vol_range,42.99,75,,,
2026-03-23T10:00:00+05:30,portfolio_hist,TREND,ENTER,debit_spread,22587.75,26.21,1.0,0.0,0.0,1.041,0.508,0.633,1,10,0,0,0,62,0,62,60,high_vol_range,37.51,75,,,
2026-03-23T12:24:00+05:30,portfolio_hist,TREND,EXIT,debit_spread,22482.95,26.87,1.0,0.0,0.0,1.041,0.969,0.182,1,12,24,0,0,0,0,0,0,high_vol_range,0.0,0,Trend profit: spread at 51.2% of max,1028.25,144
2026-03-23T13:49:00+05:30,portfolio_hist,PREMIUM,EXIT,iron_condor,22598.95,26.67,1.0,0.0,0.0,1.041,0.458,0.331,1,13,49,0,0,0,0,0,0,high_vol_range,0.0,0,Profit target: premium decayed 71.9%,2318.25,244
2026-03-23T09:30:00+05:30,portfolio_hist,PREMIUM,SKIP,idle,22714.65,25.12,1.0,0.0,0.0,1.04,0.051,2.092,1,9,30,0,0,65,0,65,75,trending,0.0,0,,,
2026-03-23T09:35:00+05:30,portfolio_hist,PREMIUM,SKIP,idle,22734.75,25.3,1.0,0.0,0.0,1.04,0.14,2.092,1,9,35,0,0,65,0,65,75,trending,0.0,0,,,
2026-03-23T09:40:00+05:30,portfolio_hist,PREMIUM,SKIP,idle,22699.45,25.26,1.0,0.0,0.0,1.04,0.016,2.092,1,9,40,0,0,65,0,65,75,trending,0.0,0,,,
2026-03-23T09:45:00+05:30,portfolio_hist,PREMIUM,ENTER,iron_condor,22696.85,25.47,1.0,0.0,0.0,1.041,0.027,0.359,1,9,45,0,0,77,0,77,75,high_vol_range,42.99,75,,,
2026-03-23T10:00:00+05:30,portfolio_hist,TREND,ENTER,debit_spread,22587.75,26.21,1.0,0.0,0.0,1.041,0.508,0.633,1,10,0,0,0,62,0,62,60,high_vol_range,37.51,75,,,
2026-03-23T12:24:00+05:30,portfolio_hist,TREND,EXIT,debit_spread,22482.95,26.87,1.0,0.0,0.0,1.041,0.969,0.182,1,12,24,0,0,0,0,0,0,high_vol_range,0.0,0,Trend profit: spread at 51.2% of max,1028.25,144
2026-03-23T13:49:00+05:30,portfolio_hist,PREMIUM,EXIT,iron_condor,22598.95,26.67,1.0,0.0,0.0,1.041,0.458,0.331,1,13,49,0,0,0,0,0,0,high_vol_range,0.0,0,Profit target: premium decayed 71.9%,2318.25,244
2026-03-23T09:30:00+05:30,portfolio_hist,PREMIUM,SKIP,idle,22714.65,25.12,1.0,0.0,0.0,1.04,0.051,2.092,1,9,30,0,0,65,0,65,75,trending,0.0,0,,,
2026-03-23T09:35:00+05:30,portfolio_hist,PREMIUM,SKIP,idle,22734.75,25.3,1.0,0.0,0.0,1.04,0.14,2.092,1,9,35,0,0,65,0,65,75,trending,0.0,0,,,
2026-03-23T09:40:00+05:30,portfolio_hist,PREMIUM,SKIP,idle,22699.45,25.26,1.0,0.0,0.0,1.04,0.016,2.092,1,9,40,0,0,65,0,65,75,trending,0.0,0,,,
2026-03-23T09:45:00+05:30,portfolio_hist,PREMIUM,ENTER,iron_condor,22696.85,25.47,1.0,0.0,0.0,1.041,0.027,0.359,1,9,45,0,0,77,0,77,75,high_vol_range,42.99,75,,,
2026-03-23T10:00:00+05:30,portfolio_hist,TREND,ENTER,debit_spread,22587.75,26.21,1.0,0.0,0.0,1.041,0.508,0.633,1,10,0,0,0,62,0,62,60,high_vol_range,37.51,75,,,
2026-03-23T12:24:00+05:30,portfolio_hist,TREND,EXIT,debit_spread,22482.95,26.87,1.0,0.0,0.0,1.041,0.969,0.182,1,12,24,0,0,0,0,0,0,high_vol_range,0.0,0,Trend profit: spread at 51.2% of max,1028.25,144
2026-03-23T13:49:00+05:30,portfolio_hist,PREMIUM,EXIT,iron_condor,22598.95,26.67,1.0,0.0,0.0,1.041,0.458,0.331,1,13,49,0,0,0,0,0,0,high_vol_range,0.0,0,Profit target: premium decayed 71.9%,2318.25,244
2026-03-23T09:30:00+05:30,portfolio_hist,PREMIUM,SKIP,idle,22714.65,25.12,1.0,0.0,0.0,1.04,0.051,2.092,1,9,30,0,0,65,0,65,75,trending,0.0,0,,,
2026-03-23T09:35:00+05:30,portfolio_hist,PREMIUM,SKIP,idle,22734.75,25.3,1.0,0.0,0.0,1.04,0.14,2.092,1,9,35,0,0,65,0,65,75,trending,0.0,0,,,
2026-03-23T09:40:00+05:30,portfolio_hist,PREMIUM,SKIP,idle,22699.45,25.26,1.0,0.0,0.0,1.04,0.016,2.092,1,9,40,0,0,65,0,65,75,trending,0.0,0,,,
2026-03-23T09:45:00+05:30,portfolio_hist,PREMIUM,ENTER,iron_condor,22696.85,25.47,1.0,0.0,0.0,1.041,0.027,0.359,1,9,45,0,0,77,0,77,75,high_vol_range,42.99,75,,,
2026-03-23T10:00:00+05:30,portfolio_hist,TREND,ENTER,debit_spread,22587.75,26.21,1.0,0.0,0.0,1.041,0.508,0.633,1,10,0,0,0,62,0,62,60,high_vol_range,37.51,75,,,
2026-03-23T12:24:00+05:30,portfolio_hist,TREND,EXIT,debit_spread,22482.95,26.87,1.0,0.0,0.0,1.041,0.969,0.182,1,12,24,0,0,0,0,0,0,high_vol_range,0.0,0,Trend profit: spread at 51.2% of max,1028.25,144
2026-03-23T13:49:00+05:30,portfolio_hist,PREMIUM,EXIT,iron_condor,22598.95,26.67,1.0,0.0,0.0,1.041,0.458,0.331,1,13,49,0,0,0,0,0,0,high_vol_range,0.0,0,Profit target: premium decayed 71.9%,2318.25,244
2026-03-23T09:30:00+05:30,portfolio_hist,PREMIUM,SKIP,idle,22714.65,25.12,1.0,0.0,0.0,1.04,0.051,2.092,1,9,30,0,0,65,0,65,75,trending,0.0,0,,,
2026-03-23T09:35:00+05:30,portfolio_hist,PREMIUM,SKIP,idle,22734.75,25.3,1.0,0.0,0.0,1.04,0.14,2.092,1,9,35,0,0,65,0,65,75,trending,0.0,0,,,
2026-03-23T09:40:00+05:30,portfolio_hist,PREMIUM,SKIP,idle,22699.45,25.26,1.0,0.0,0.0,1.04,0.016,2.092,1,9,40,0,0,65,0,65,75,trending,0.0,0,,,
2026-03-23T09:45:00+05:30,portfolio_hist,PREMIUM,ENTER,iron_condor,22696.85,25.47,1.0,0.0,0.0,1.041,0.027,0.359,1,9,45,0,0,77,0,77,75,high_vol_range,42.99,75,,,
2026-03-23T10:00:00+05:30,portfolio_hist,TREND,ENTER,debit_spread,22587.75,26.21,1.0,0.0,0.0,1.041,0.508,0.633,1,10,0,0,0,62,0,62,60,high_vol_range,37.51,75,,,
2026-03-23T12:24:00+05:30,portfolio_hist,TREND,EXIT,debit_spread,22482.95,26.87,1.0,0.0,0.0,1.041,0.969,0.182,1,12,24,0,0,0,0,0,0,high_vol_range,0.0,0,Trend profit: spread at 51.2% of max,1028.25,144
2026-03-23T13:49:00+05:30,portfolio_hist,PREMIUM,EXIT,iron_condor,22598.95,26.67,1.0,0.0,0.0,1.041,0.458,0.331,1,13,49,0,0,0,0,0,0,high_vol_range,0.0,0,Profit target: premium decayed 71.9%,2318.25,244
2026-03-23T09:30:00+05:30,portfolio_hist,PREMIUM,SKIP,idle,22714.65,25.12,1.0,0.0,0.0,1.04,0.051,2.092,1,9,30,0,0,65,0,65,75,trending,0.0,0,,,
2026-03-23T09:35:00+05:30,portfolio_hist,PREMIUM,SKIP,idle,22734.75,25.3,1.0,0.0,0.0,1.04,0.14,2.092,1,9,35,0,0,65,0,65,75,trending,0.0,0,,,
2026-03-23T09:40:00+05:30,portfolio_hist,PREMIUM,SKIP,idle,22699.45,25.26,1.0,0.0,0.0,1.04,0.016,2.092,1,9,40,0,0,65,0,65,75,trending,0.0,0,,,
2026-03-23T09:45:00+05:30,portfolio_hist,PREMIUM,ENTER,iron_condor,22696.85,25.47,1.0,0.0,0.0,1.041,0.027,0.359,1,9,45,0,0,77,0,77,75,high_vol_range,42.99,75,,,
2026-03-23T10:00:00+05:30,portfolio_hist,TREND,ENTER,debit_spread,22587.75,26.21,1.0,0.0,0.0,1.041,0.508,0.633,1,10,0,0,0,62,0,62,60,high_vol_range,37.51,75,,,
2026-03-23T12:24:00+05:30,portfolio_hist,TREND,EXIT,debit_spread,22482.95,26.87,1.0,0.0,0.0,1.041,0.969,0.182,1,12,24,0,0,0,0,0,0,high_vol_range,0.0,0,Trend profit: spread at 51.2% of max,1028.25,144
2026-03-23T13:49:00+05:30,portfolio_hist,PREMIUM,EXIT,iron_condor,22598.95,26.67,1.0,0.0,0.0,1.041,0.458,0.331,1,13,49,0,0,0,0,0,0,high_vol_range,0.0,0,Profit target: premium decayed 71.9%,2318.25,244
2026-03-23T09:30:00+05:30,portfolio_hist,PREMIUM,SKIP,idle,22714.65,25.12,1.0,0.0,0.0,1.04,0.051,2.092,1,9,30,0,0,65,0,65,75,trending,0.0,0,,,
2026-03-23T09:35:00+05:30,portfolio_hist,PREMIUM,SKIP,idle,22734.75,25.3,1.0,0.0,0.0,1.04,0.14,2.092,1,9,35,0,0,65,0,65,75,trending,0.0,0,,,
2026-03-23T09:40:00+05:30,portfolio_hist,PREMIUM,SKIP,idle,22699.45,25.26,1.0,0.0,0.0,1.04,0.016,2.092,1,9,40,0,0,65,0,65,75,trending,0.0,0,,,
2026-03-23T09:45:00+05:30,portfolio_hist,PREMIUM,ENTER,iron_condor,22696.85,25.47,1.0,0.0,0.0,1.041,0.027,0.359,1,9,45,0,0,77,0,77,75,high_vol_range,42.99,75,,,
2026-03-23T10:00:00+05:30,portfolio_hist,TREND,ENTER,debit_spread,22587.75,26.21,1.0,0.0,0.0,1.041,0.508,0.633,1,10,0,0,0,62,0,62,60,high_vol_range,37.51,75,,,
2026-03-23T12:24:00+05:30,portfolio_hist,TREND,EXIT,debit_spread,22482.95,26.87,1.0,0.0,0.0,1.041,0.969,0.182,1,12,24,0,0,0,0,0,0,high_vol_range,0.0,0,Trend profit: spread at 51.2% of max,1028.25,144
2026-03-23T13:49:00+05:30,portfolio_hist,PREMIUM,EXIT,iron_condor,22598.95,26.67,1.0,0.0,0.0,1.041,0.458,0.331,1,13,49,0,0,0,0,0,0,high_vol_range,0.0,0,Profit target: premium decayed 71.9%,2318.25,244
2026-03-23T09:30:00+05:30,portfolio_hist,PREMIUM,SKIP,idle,22714.65,25.12,1.0,0.0,0.0,1.04,0.051,2.092,1,9,30,0,0,65,0,65,75,trending,0.0,0,,,
2026-03-23T09:35:00+05:30,portfolio_hist,PREMIUM,SKIP,idle,22734.75,25.3,1.0,0.0,0.0,1.04,0.14,2.092,1,9,35,0,0,65,0,65,75,trending,0.0,0,,,
2026-03-23T09:40:00+05:30,portfolio_hist,PREMIUM,SKIP,idle,22699.45,25.26,1.0,0.0,0.0,1.04,0.016,2.092,1,9,40,0,0,65,0,65,75,trending,0.0,0,,,
2026-03-23T09:45:00+05:30,portfolio_hist,PREMIUM,ENTER,iron_condor,22696.85,25.47,1.0,0.0,0.0,1.041,0.027,0.359,1,9,45,0,0,77,0,77,75,high_vol_range,42.99,75,,,
2026-03-23T10:00:00+05:30,portfolio_hist,TREND,ENTER,debit_spread,22587.75,26.21,1.0,0.0,0.0,1.041,0.508,0.633,1,10,0,0,0,62,0,62,60,high_vol_range,37.51,75,,,
2026-03-23T12:24:00+05:30,portfolio_hist,TREND,EXIT,debit_spread,22482.95,26.87,1.0,0.0,0.0,1.041,0.969,0.182,1,12,24,0,0,0,0,0,0,high_vol_range,0.0,0,Trend profit: spread at 51.2% of max,1028.25,144
2026-03-23T13:49:00+05:30,portfolio_hist,PREMIUM,EXIT,iron_condor,22598.95,26.67,1.0,0.0,0.0,1.041,0.458,0.331,1,13,49,0,0,0,0,0,0,high_vol_range,0.0,0,Profit target: premium decayed 71.9%,2318.25,244
2026-03-23T09:30:00+05:30,portfolio_hist,PREMIUM,SKIP,idle,22714.65,25.12,1.0,0.0,0.0,1.04,0.051,2.092,1,9,30,0,0,65,0,65,75,trending,0.0,0,,,
2026-03-23T09:35:00+05:30,portfolio_hist,PREMIUM,SKIP,idle,22734.75,25.3,1.0,0.0,0.0,1.04,0.14,2.092,1,9,35,0,0,65,0,65,75,trending,0.0,0,,,
2026-03-23T09:40:00+05:30,portfolio_hist,PREMIUM,SKIP,idle,22699.45,25.26,1.0,0.0,0.0,1.04,0.016,2.092,1,9,40,0,0,65,0,65,75,trending,0.0,0,,,
2026-03-23T09:45:00+05:30,portfolio_hist,PREMIUM,ENTER,iron_condor,22696.85,25.47,1.0,0.0,0.0,1.041,0.027,0.359,1,9,45,0,0,77,0,77,75,high_vol_range,42.99,75,,,
2026-03-23T10:00:00+05:30,portfolio_hist,TREND,ENTER,debit_spread,22587.75,26.21,1.0,0.0,0.0,1.041,0.508,0.633,1,10,0,0,0,62,0,62,60,high_vol_range,37.51,75,,,
2026-03-23T12:24:00+05:30,portfolio_hist,TREND,EXIT,debit_spread,22482.95,26.87,1.0,0.0,0.0,1.041,0.969,0.182,1,12,24,0,0,0,0,0,0,high_vol_range,0.0,0,Trend profit: spread at 51.2% of max,1028.25,144
2026-03-23T13:49:00+05:30,portfolio_hist,PREMIUM,EXIT,iron_condor,22598.95,26.67,1.0,0.0,0.0,1.041,0.458,0.331,1,13,49,0,0,0,0,0,0,high_vol_range,0.0,0,Profit target: premium decayed 71.9%,2318.25,244
2026-03-23T09:30:00+05:30,portfolio_hist,PREMIUM,SKIP,idle,22714.65,25.12,1.0,0.0,0.0,1.04,0.051,2.092,1,9,30,0,0,65,0,65,75,trending,0.0,0,,,
2026-03-23T09:35:00+05:30,portfolio_hist,PREMIUM,SKIP,idle,22734.75,25.3,1.0,0.0,0.0,1.04,0.14,2.092,1,9,35,0,0,65,0,65,75,trending,0.0,0,,,
2026-03-23T09:40:00+05:30,portfolio_hist,PREMIUM,SKIP,idle,22699.45,25.26,1.0,0.0,0.0,1.04,0.016,2.092,1,9,40,0,0,65,0,65,75,trending,0.0,0,,,
2026-03-23T09:45:00+05:30,portfolio_hist,PREMIUM,ENTER,iron_condor,22696.85,25.47,1.0,0.0,0.0,1.041,0.027,0.359,1,9,45,0,0,77,0,77,75,high_vol_range,42.99,75,,,
2026-03-23T10:00:00+05:30,portfolio_hist,TREND,ENTER,debit_spread,22587.75,26.21,1.0,0.0,0.0,1.041,0.508,0.633,1,10,0,0,0,62,0,62,60,high_vol_range,37.51,75,,,
2026-03-23T12:24:00+05:30,portfolio_hist,TREND,EXIT,debit_spread,22482.95,26.87,1.0,0.0,0.0,1.041,0.969,0.182,1,12,24,0,0,0,0,0,0,high_vol_range,0.0,0,Trend profit: spread at 51.2% of max,1028.25,144
2026-03-23T13:49:00+05:30,portfolio_hist,PREMIUM,EXIT,iron_condor,22598.95,26.67,1.0,0.0,0.0,1.041,0.458,0.331,1,13,49,0,0,0,0,0,0,high_vol_range,0.0,0,Profit target: premium decayed 71.9%,2318.25,244
2026-03-23T09:30:00+05:30,portfolio_hist,PREMIUM,SKIP,idle,22714.65,25.12,1.0,0.0,0.0,1.04,0.051,2.092,1,9,30,0,0,65,0,65,75,trending,0.0,0,,,
2026-03-23T09:35:00+05:30,portfolio_hist,PREMIUM,SKIP,idle,22734.75,25.3,1.0,0.0,0.0,1.04,0.14,2.092,1,9,35,0,0,65,0,65,75,trending,0.0,0,,,
2026-03-23T09:40:00+05:30,portfolio_hist,PREMIUM,SKIP,idle,22699.45,25.26,1.0,0.0,0.0,1.04,0.016,2.092,1,9,40,0,0,65,0,65,75,trending,0.0,0,,,
2026-03-23T09:45:00+05:30,portfolio_hist,PREMIUM,ENTER,iron_condor,22696.85,25.47,1.0,0.0,0.0,1.041,0.027,0.359,1,9,45,0,0,77,0,77,75,high_vol_range,42.99,75,,,
2026-03-23T10:00:00+05:30,portfolio_hist,TREND,ENTER,debit_spread,22587.75,26.21,1.0,0.0,0.0,1.041,0.508,0.633,1,10,0,0,0,62,0,62,60,high_vol_range,37.51,75,,,
2026-03-23T10:01:00+05:30,portfolio_hist,TREND,EXIT,debit_spread,22591.15,26.21,1.0,0.0,0.0,1.041,0.493,0.633,1,10,1,0,0,0,0,0,0,high_vol_range,0.0,0,Trend profit: spread at 37.1% of max,-31.5,1
2026-03-23T13:49:00+05:30,portfolio_hist,PREMIUM,EXIT,iron_condor,22598.95,26.67,1.0,0.0,0.0,1.041,0.458,0.331,1,13,49,0,0,0,0,0,0,high_vol_range,0.0,0,Profit target: premium decayed 71.9%,2318.25,244
2026-03-23T09:30:00+05:30,portfolio_hist,PREMIUM,SKIP,idle,22714.65,25.12,1.0,0.0,0.0,1.04,0.051,2.092,1,9,30,0,0,65,0,65,75,trending,0.0,0,,,
2026-03-23T09:35:00+05:30,portfolio_hist,PREMIUM,SKIP,idle,22734.75,25.3,1.0,0.0,0.0,1.04,0.14,2.092,1,9,35,0,0,65,0,65,75,trending,0.0,0,,,
2026-03-23T09:40:00+05:30,portfolio_hist,PREMIUM,SKIP,idle,22699.45,25.26,1.0,0.0,0.0,1.04,0.016,2.092,1,9,40,0,0,65,0,65,75,trending,0.0,0,,,
2026-03-23T09:45:00+05:30,portfolio_hist,PREMIUM,ENTER,iron_condor,22696.85,25.47,1.0,0.0,0.0,1.041,0.027,0.359,1,9,45,0,0,77,0,77,75,high_vol_range,42.99,75,,,
2026-03-23T10:00:00+05:30,portfolio_hist,TREND,ENTER,debit_spread,22587.75,26.21,1.0,0.0,0.0,1.041,0.508,0.633,1,10,0,0,0,62,0,62,60,high_vol_range,37.51,75,,,
2026-03-23T10:15:00+05:30,portfolio_hist,TREND,EXIT,debit_spread,22560.65,26.32,1.0,0.0,0.0,1.041,0.627,0.556,1,10,15,0,0,0,0,0,0,high_vol_range,0.0,0,Trend profit: spread at 40.7% of max,236.25,15
2026-03-23T13:49:00+05:30,portfolio_hist,PREMIUM,EXIT,iron_condor,22598.95,26.67,1.0,0.0,0.0,1.041,0.458,0.331,1,13,49,0,0,0,0,0,0,high_vol_range,0.0,0,Profit target: premium decayed 71.9%,2318.25,244
2026-03-23T09:30:00+05:30,portfolio_hist,PREMIUM,SKIP,idle,22714.65,25.12,1.0,0.0,0.0,1.04,0.051,2.092,1,9,30,0,0,65,0,65,75,trending,0.0,0,,,
2026-03-23T09:35:00+05:30,portfolio_hist,PREMIUM,SKIP,idle,22734.75,25.3,1.0,0.0,0.0,1.04,0.14,2.092,1,9,35,0,0,65,0,65,75,trending,0.0,0,,,
2026-03-23T09:40:00+05:30,portfolio_hist,PREMIUM,SKIP,idle,22699.45,25.26,1.0,0.0,0.0,1.04,0.016,2.092,1,9,40,0,0,65,0,65,75,trending,0.0,0,,,
2026-03-23T09:45:00+05:30,portfolio_hist,PREMIUM,ENTER,iron_condor,22696.85,25.47,1.0,0.0,0.0,1.041,0.027,0.359,1,9,45,0,0,77,0,77,75,high_vol_range,42.99,75,,,
2026-03-23T10:00:00+05:30,portfolio_hist,TREND,ENTER,debit_spread,22587.75,26.21,1.0,0.0,0.0,1.041,0.508,0.633,1,10,0,0,0,62,0,62,60,high_vol_range,37.51,75,,,
2026-03-23T12:24:00+05:30,portfolio_hist,TREND,EXIT,debit_spread,22482.95,26.87,1.0,0.0,0.0,1.041,0.969,0.182,1,12,24,0,0,0,0,0,0,high_vol_range,0.0,0,Trend profit: spread at 51.2% of max,1028.25,144
2026-03-23T13:49:00+05:30,portfolio_hist,PREMIUM,EXIT,iron_condor,22598.95,26.67,1.0,0.0,0.0,1.041,0.458,0.331,1,13,49,0,0,0,0,0,0,high_vol_range,0.0,0,Profit target: premium decayed 71.9%,2318.25,244
2026-03-23T09:30:00+05:30,portfolio_hist,PREMIUM,SKIP,idle,22714.65,25.12,1.0,0.0,0.0,1.04,0.051,2.092,1,9,30,0,0,65,0,65,75,trending,0.0,0,,,
2026-03-23T09:35:00+05:30,portfolio_hist,PREMIUM,SKIP,idle,22734.75,25.3,1.0,0.0,0.0,1.04,0.14,2.092,1,9,35,0,0,65,0,65,75,trending,0.0,0,,,
2026-03-23T09:40:00+05:30,portfolio_hist,PREMIUM,SKIP,idle,22699.45,25.26,1.0,0.0,0.0,1.04,0.016,2.092,1,9,40,0,0,65,0,65,75,trending,0.0,0,,,
2026-03-23T09:45:00+05:30,portfolio_hist,PREMIUM,ENTER,iron_condor,22696.85,25.47,1.0,0.0,0.0,1.041,0.027,0.359,1,9,45,0,0,77,0,77,75,high_vol_range,42.99,75,,,
2026-03-23T10:00:00+05:30,portfolio_hist,TREND,ENTER,debit_spread,22587.75,26.21,1.0,0.0,0.0,1.041,0.508,0.633,1,10,0,0,0,62,0,62,60,high_vol_range,37.51,75,,,
2026-03-23T13:48:00+05:30,portfolio_hist,TREND,EXIT,debit_spread,22593.3,26.72,1.0,0.0,0.0,1.041,0.483,0.331,1,13,48,0,0,0,0,0,0,high_vol_range,0.0,0,Trend stop: lost 21.4%,-600.75,228
2026-03-23T13:49:00+05:30,portfolio_hist,PREMIUM,EXIT,iron_condor,22598.95,26.67,1.0,0.0,0.0,1.041,0.458,0.331,1,13,49,0,0,0,0,0,0,high_vol_range,0.0,0,Profit target: premium decayed 71.9%,2318.25,244
2026-03-23T09:30:00+05:30,portfolio_hist,PREMIUM,SKIP,idle,22714.65,25.12,1.0,0.0,0.0,1.04,0.051,2.092,1,9,30,0,0,65,0,65,75,trending,0.0,0,,,
2026-03-23T09:35:00+05:30,portfolio_hist,PREMIUM,SKIP,idle,22734.75,25.3,1.0,0.0,0.0,1.04,0.14,2.092,1,9,35,0,0,65,0,65,75,trending,0.0,0,,,
2026-03-23T09:40:00+05:30,portfolio_hist,PREMIUM,SKIP,idle,22699.45,25.26,1.0,0.0,0.0,1.04,0.016,2.092,1,9,40,0,0,65,0,65,75,trending,0.0,0,,,
2026-03-23T09:45:00+05:30,portfolio_hist,PREMIUM,ENTER,iron_condor,22696.85,25.47,1.0,0.0,0.0,1.041,0.027,0.359,1,9,45,0,0,77,0,77,75,high_vol_range,42.99,75,,,
2026-03-23T10:00:00+05:30,portfolio_hist,TREND,ENTER,debit_spread,22587.75,26.21,1.0,0.0,0.0,1.041,0.508,0.633,1,10,0,0,0,62,0,62,60,high_vol_range,37.51,75,,,
2026-03-23T13:48:00+05:30,portfolio_hist,TREND,EXIT,debit_spread,22593.3,26.72,1.0,0.0,0.0,1.041,0.483,0.331,1,13,48,0,0,0,0,0,0,high_vol_range,0.0,0,Trend stop: lost 21.4%,-600.75,228
2026-03-23T13:49:00+05:30,portfolio_hist,PREMIUM,EXIT,iron_condor,22598.95,26.67,1.0,0.0,0.0,1.041,0.458,0.331,1,13,49,0,0,0,0,0,0,high_vol_range,0.0,0,Profit target: premium decayed 71.9%,2318.25,244
2026-03-23T09:30:00+05:30,portfolio_hist,PREMIUM,SKIP,idle,22714.65,25.12,1.0,0.0,0.0,1.04,0.051,2.092,1,9,30,0,0,65,0,65,75,trending,0.0,0,,,
2026-03-23T09:35:00+05:30,portfolio_hist,PREMIUM,SKIP,idle,22734.75,25.3,1.0,0.0,0.0,1.04,0.14,2.092,1,9,35,0,0,65,0,65,75,trending,0.0,0,,,
2026-03-23T09:40:00+05:30,portfolio_hist,PREMIUM,SKIP,idle,22699.45,25.26,1.0,0.0,0.0,1.04,0.016,2.092,1,9,40,0,0,65,0,65,75,trending,0.0,0,,,
2026-03-23T09:45:00+05:30,portfolio_hist,PREMIUM,ENTER,iron_condor,22696.85,25.47,1.0,0.0,0.0,1.041,0.027,0.359,1,9,45,0,0,77,0,77,75,high_vol_range,42.99,75,,,
2026-03-23T10:00:00+05:30,portfolio_hist,TREND,ENTER,debit_spread,22587.75,26.21,1.0,0.0,0.0,1.041,0.508,0.633,1,10,0,0,0,62,0,62,60,high_vol_range,37.51,75,,,
2026-03-23T10:01:00+05:30,portfolio_hist,TREND,EXIT,debit_spread,22591.15,26.21,1.0,0.0,0.0,1.041,0.493,0.633,1,10,1,0,0,0,0,0,0,high_vol_range,0.0,0,Trend profit: spread at 37.1% of max,-31.5,1
2026-03-23T13:49:00+05:30,portfolio_hist,PREMIUM,EXIT,iron_condor,22598.95,26.67,1.0,0.0,0.0,1.041,0.458,0.331,1,13,49,0,0,0,0,0,0,high_vol_range,0.0,0,Profit target: premium decayed 71.9%,2318.25,244
2026-03-23T09:30:00+05:30,portfolio_hist,PREMIUM,SKIP,idle,22714.65,25.12,1.0,0.0,0.0,1.04,0.051,2.092,1,9,30,0,0,65,0,65,75,trending,0.0,0,,,
2026-03-23T09:35:00+05:30,portfolio_hist,PREMIUM,SKIP,idle,22734.75,25.3,1.0,0.0,0.0,1.04,0.14,2.092,1,9,35,0,0,65,0,65,75,trending,0.0,0,,,
2026-03-23T09:40:00+05:30,portfolio_hist,PREMIUM,SKIP,idle,22699.45,25.26,1.0,0.0,0.0,1.04,0.016,2.092,1,9,40,0,0,65,0,65,75,trending,0.0,0,,,
2026-03-23T09:45:00+05:30,portfolio_hist,PREMIUM,ENTER,iron_condor,22696.85,25.47,1.0,0.0,0.0,1.041,0.027,0.359,1,9,45,0,0,77,0,77,75,high_vol_range,42.99,75,,,
2026-03-23T10:00:00+05:30,portfolio_hist,TREND,ENTER,debit_spread,22587.75,26.21,1.0,0.0,0.0,1.041,0.508,0.633,1,10,0,0,0,62,0,62,60,high_vol_range,37.51,75,,,
2026-03-23T10:15:00+05:30,portfolio_hist,TREND,EXIT,debit_spread,22560.65,26.32,1.0,0.0,0.0,1.041,0.627,0.556,1,10,15,0,0,0,0,0,0,high_vol_range,0.0,0,Trend profit: spread at 40.7% of max,236.25,15
2026-03-23T13:49:00+05:30,portfolio_hist,PREMIUM,EXIT,iron_condor,22598.95,26.67,1.0,0.0,0.0,1.041,0.458,0.331,1,13,49,0,0,0,0,0,0,high_vol_range,0.0,0,Profit target: premium decayed 71.9%,2318.25,244
2026-03-23T09:30:00+05:30,portfolio_hist,PREMIUM,SKIP,idle,22714.65,25.12,1.0,0.0,0.0,1.04,0.051,2.092,1,9,30,0,0,65,0,65,75,trending,0.0,0,,,
2026-03-23T09:35:00+05:30,portfolio_hist,PREMIUM,SKIP,idle,22734.75,25.3,1.0,0.0,0.0,1.04,0.14,2.092,1,9,35,0,0,65,0,65,75,trending,0.0,0,,,
2026-03-23T09:40:00+05:30,portfolio_hist,PREMIUM,SKIP,idle,22699.45,25.26,1.0,0.0,0.0,1.04,0.016,2.092,1,9,40,0,0,65,0,65,75,trending,0.0,0,,,
2026-03-23T09:45:00+05:30,portfolio_hist,PREMIUM,ENTER,iron_condor,22696.85,25.47,1.0,0.0,0.0,1.041,0.027,0.359,1,9,45,0,0,77,0,77,75,high_vol_range,42.99,75,,,
2026-03-23T10:00:00+05:30,portfolio_hist,TREND,ENTER,debit_spread,22587.75,26.21,1.0,0.0,0.0,1.041,0.508,0.633,1,10,0,0,0,62,0,62,60,high_vol_range,37.51,75,,,
2026-03-23T12:24:00+05:30,portfolio_hist,TREND,EXIT,debit_spread,22482.95,26.87,1.0,0.0,0.0,1.041,0.969,0.182,1,12,24,0,0,0,0,0,0,high_vol_range,0.0,0,Trend profit: spread at 51.2% of max,1028.25,144
2026-03-23T13:49:00+05:30,portfolio_hist,PREMIUM,EXIT,iron_condor,22598.95,26.67,1.0,0.0,0.0,1.041,0.458,0.331,1,13,49,0,0,0,0,0,0,high_vol_range,0.0,0,Profit target: premium decayed 71.9%,2318.25,244
2026-03-23T09:30:00+05:30,portfolio_hist,PREMIUM,SKIP,idle,22714.65,25.12,1.0,0.0,0.0,1.04,0.051,2.092,1,9,30,0,0,65,0,65,75,trending,0.0,0,,,
2026-03-23T09:35:00+05:30,portfolio_hist,PREMIUM,SKIP,idle,22734.75,25.3,1.0,0.0,0.0,1.04,0.14,2.092,1,9,35,0,0,65,0,65,75,trending,0.0,0,,,
2026-03-23T09:40:00+05:30,portfolio_hist,PREMIUM,SKIP,idle,22699.45,25.26,1.0,0.0,0.0,1.04,0.016,2.092,1,9,40,0,0,65,0,65,75,trending,0.0,0,,,
2026-03-23T09:45:00+05:30,portfolio_hist,PREMIUM,ENTER,iron_condor,22696.85,25.47,1.0,0.0,0.0,1.041,0.027,0.359,1,9,45,0,0,77,0,77,75,high_vol_range,42.99,75,,,
2026-03-23T10:00:00+05:30,portfolio_hist,TREND,ENTER,debit_spread,22587.75,26.21,1.0,0.0,0.0,1.041,0.508,0.633,1,10,0,0,0,62,0,62,60,high_vol_range,37.51,75,,,
2026-03-23T13:48:00+05:30,portfolio_hist,TREND,EXIT,debit_spread,22593.3,26.72,1.0,0.0,0.0,1.041,0.483,0.331,1,13,48,0,0,0,0,0,0,high_vol_range,0.0,0,Trend stop: lost 21.4%,-600.75,228
2026-03-23T13:49:00+05:30,portfolio_hist,PREMIUM,EXIT,iron_condor,22598.95,26.67,1.0,0.0,0.0,1.041,0.458,0.331,1,13,49,0,0,0,0,0,0,high_vol_range,0.0,0,Profit target: premium decayed 71.9%,2318.25,244
2026-03-23T09:30:00+05:30,portfolio_hist,PREMIUM,SKIP,idle,22714.65,25.12,1.0,0.0,0.0,1.04,0.051,2.092,1,9,30,0,0,65,0,65,75,trending,0.0,0,,,
2026-03-23T09:35:00+05:30,portfolio_hist,PREMIUM,SKIP,idle,22734.75,25.3,1.0,0.0,0.0,1.04,0.14,2.092,1,9,35,0,0,65,0,65,75,trending,0.0,0,,,
2026-03-23T09:40:00+05:30,portfolio_hist,PREMIUM,SKIP,idle,22699.45,25.26,1.0,0.0,0.0,1.04,0.016,2.092,1,9,40,0,0,65,0,65,75,trending,0.0,0,,,
2026-03-23T09:45:00+05:30,portfolio_hist,PREMIUM,ENTER,iron_condor,22696.85,25.47,1.0,0.0,0.0,1.041,0.027,0.359,1,9,45,0,0,77,0,77,75,high_vol_range,42.99,75,,,
2026-03-23T10:00:00+05:30,portfolio_hist,TREND,ENTER,debit_spread,22587.75,26.21,1.0,0.0,0.0,1.041,0.508,0.633,1,10,0,0,0,62,0,62,60,high_vol_range,37.51,75,,,
2026-03-23T13:48:00+05:30,portfolio_hist,TREND,EXIT,debit_spread,22593.3,26.72,1.0,0.0,0.0,1.041,0.483,0.331,1,13,48,0,0,0,0,0,0,high_vol_range,0.0,0,Trend stop: lost 21.4%,-600.75,228
2026-03-23T13:49:00+05:30,portfolio_hist,PREMIUM,EXIT,iron_condor,22598.95,26.67,1.0,0.0,0.0,1.041,0.458,0.331,1,13,49,0,0,0,0,0,0,high_vol_range,0.0,0,Profit target: premium decayed 71.9%,2318.25,244
2026-03-23T09:30:00+05:30,portfolio_hist,PREMIUM,SKIP,idle,22714.65,25.12,1.0,0.0,0.0,1.04,0.051,2.092,1,9,30,0,0,65,0,65,75,trending,0.0,0,,,
2026-03-23T09:35:00+05:30,portfolio_hist,PREMIUM,SKIP,idle,22734.75,25.3,1.0,0.0,0.0,1.04,0.14,2.092,1,9,35,0,0,65,0,65,75,trending,0.0,0,,,
2026-03-23T09:40:00+05:30,portfolio_hist,PREMIUM,SKIP,idle,22699.45,25.26,1.0,0.0,0.0,1.04,0.016,2.092,1,9,40,0,0,65,0,65,75,trending,0.0,0,,,
2026-03-23T09:45:00+05:30,portfolio_hist,PREMIUM,ENTER,iron_condor,22696.85,25.47,1.0,0.0,0.0,1.041,0.027,0.359,1,9,45,0,0,77,0,77,75,high_vol_range,42.99,75,,,
2026-03-23T10:00:00+05:30,portfolio_hist,TREND,ENTER,debit_spread,22587.75,26.21,1.0,0.0,0.0,1.041,0.508,0.633,1,10,0,0,0,62,0,62,60,high_vol_range,37.51,75,,,
2026-03-23T10:01:00+05:30,portfolio_hist,TREND,EXIT,debit_spread,22591.15,26.21,1.0,0.0,0.0,1.041,0.493,0.633,1,10,1,0,0,0,0,0,0,high_vol_range,0.0,0,Trend profit: spread at 37.1% of max,-31.5,1
2026-03-23T13:49:00+05:30,portfolio_hist,PREMIUM,EXIT,iron_condor,22598.95,26.67,1.0,0.0,0.0,1.041,0.458,0.331,1,13,49,0,0,0,0,0,0,high_vol_range,0.0,0,Profit target: premium decayed 71.9%,2318.25,244
2026-03-23T09:30:00+05:30,portfolio_hist,PREMIUM,SKIP,idle,22714.65,25.12,1.0,0.0,0.0,1.04,0.051,2.092,1,9,30,0,0,65,0,65,75,trending,0.0,0,,,
2026-03-23T09:35:00+05:30,portfolio_hist,PREMIUM,SKIP,idle,22734.75,25.3,1.0,0.0,0.0,1.04,0.14,2.092,1,9,35,0,0,65,0,65,75,trending,0.0,0,,,
2026-03-23T09:40:00+05:30,portfolio_hist,PREMIUM,SKIP,idle,22699.45,25.26,1.0,0.0,0.0,1.04,0.016,2.092,1,9,40,0,0,65,0,65,75,trending,0.0,0,,,
2026-03-23T09:45:00+05:30,portfolio_hist,PREMIUM,ENTER,iron_condor,22696.85,25.47,1.0,0.0,0.0,1.041,0.027,0.359,1,9,45,0,0,77,0,77,75,high_vol_range,42.99,75,,,
2026-03-23T10:00:00+05:30,portfolio_hist,TREND,ENTER,debit_spread,22587.75,26.21,1.0,0.0,0.0,1.041,0.508,0.633,1,10,0,0,0,62,0,62,60,high_vol_range,37.51,75,,,
2026-03-23T10:15:00+05:30,portfolio_hist,TREND,EXIT,debit_spread,22560.65,26.32,1.0,0.0,0.0,1.041,0.627,0.556,1,10,15,0,0,0,0,0,0,high_vol_range,0.0,0,Trend profit: spread at 40.7% of max,236.25,15
2026-03-23T13:49:00+05:30,portfolio_hist,PREMIUM,EXIT,iron_condor,22598.95,26.67,1.0,0.0,0.0,1.041,0.458,0.331,1,13,49,0,0,0,0,0,0,high_vol_range,0.0,0,Profit target: premium decayed 71.9%,2318.25,244
2026-03-23T09:30:00+05:30,portfolio_hist,PREMIUM,SKIP,idle,22714.65,25.12,1.0,0.0,0.0,1.04,0.051,2.092,1,9,30,0,0,65,0,65,75,trending,0.0,0,,,
2026-03-23T09:35:00+05:30,portfolio_hist,PREMIUM,SKIP,idle,22734.75,25.3,1.0,0.0,0.0,1.04,0.14,2.092,1,9,35,0,0,65,0,65,75,trending,0.0,0,,,
2026-03-23T09:40:00+05:30,portfolio_hist,PREMIUM,SKIP,idle,22699.45,25.26,1.0,0.0,0.0,1.04,0.016,2.092,1,9,40,0,0,65,0,65,75,trending,0.0,0,,,
2026-03-23T09:45:00+05:30,portfolio_hist,PREMIUM,ENTER,iron_condor,22696.85,25.47,1.0,0.0,0.0,1.041,0.027,0.359,1,9,45,0,0,77,0,77,75,high_vol_range,42.99,75,,,
2026-03-23T10:00:00+05:30,portfolio_hist,TREND,ENTER,debit_spread,22587.75,26.21,1.0,0.0,0.0,1.041,0.508,0.633,1,10,0,0,0,62,0,62,60,high_vol_range,37.51,75,,,
2026-03-23T12:24:00+05:30,portfolio_hist,TREND,EXIT,debit_spread,22482.95,26.87,1.0,0.0,0.0,1.041,0.969,0.182,1,12,24,0,0,0,0,0,0,high_vol_range,0.0,0,Trend profit: spread at 51.2% of max,1028.25,144
2026-03-23T13:49:00+05:30,portfolio_hist,PREMIUM,EXIT,iron_condor,22598.95,26.67,1.0,0.0,0.0,1.041,0.458,0.331,1,13,49,0,0,0,0,0,0,high_vol_range,0.0,0,Profit target: premium decayed 71.9%,2318.25,244
2026-03-23T09:30:00+05:30,portfolio_hist,PREMIUM,SKIP,idle,22714.65,25.12,1.0,0.0,0.0,1.04,0.051,2.092,1,9,30,0,0,65,0,65,75,trending,0.0,0,,,
2026-03-23T09:35:00+05:30,portfolio_hist,PREMIUM,SKIP,idle,22734.75,25.3,1.0,0.0,0.0,1.04,0.14,2.092,1,9,35,0,0,65,0,65,75,trending,0.0,0,,,
2026-03-23T09:40:00+05:30,portfolio_hist,PREMIUM,SKIP,idle,22699.45,25.26,1.0,0.0,0.0,1.04,0.016,2.092,1,9,40,0,0,65,0,65,75,trending,0.0,0,,,
2026-03-23T09:45:00+05:30,portfolio_hist,PREMIUM,ENTER,iron_condor,22696.85,25.47,1.0,0.0,0.0,1.041,0.027,0.359,1,9,45,0,0,77,0,77,75,high_vol_range,42.99,75,,,
2026-03-23T10:00:00+05:30,portfolio_hist,TREND,ENTER,debit_spread,22587.75,26.21,1.0,0.0,0.0,1.041,0.508,0.633,1,10,0,0,0,62,0,62,60,high_vol_range,37.51,75,,,
2026-03-23T13:49:00+05:30,portfolio_hist,PREMIUM,EXIT,iron_condor,22598.95,26.67,1.0,0.0,0.0,1.041,0.458,0.331,1,13,49,0,0,0,0,0,0,high_vol_range,0.0,0,Profit target: premium decayed 71.9%,2318.25,244
2026-03-23T13:50:00+05:30,portfolio_hist,TREND,EXIT,debit_spread,22619.9,26.55,1.0,0.0,0.0,1.041,0.366,0.496,1,13,50,0,0,0,0,0,0,high_vol_range,0.0,0,Trend stop: lost 35.6%,-1000.5,230
2026-03-23T09:30:00+05:30,portfolio_hist,PREMIUM,SKIP,idle,22714.65,25.12,1.0,0.0,0.0,1.04,0.051,2.092,1,9,30,0,0,65,0,65,75,trending,0.0,0,,,
2026-03-23T09:35:00+05:30,portfolio_hist,PREMIUM,SKIP,idle,22734.75,25.3,1.0,0.0,0.0,1.04,0.14,2.092,1,9,35,0,0,65,0,65,75,trending,0.0,0,,,
2026-03-23T09:40:00+05:30,portfolio_hist,PREMIUM,SKIP,idle,22699.45,25.26,1.0,0.0,0.0,1.04,0.016,2.092,1,9,40,0,0,65,0,65,75,trending,0.0,0,,,
2026-03-23T09:45:00+05:30,portfolio_hist,PREMIUM,ENTER,iron_condor,22696.85,25.47,1.0,0.0,0.0,1.041,0.027,0.359,1,9,45,0,0,77,0,77,75,high_vol_range,42.99,75,,,
2026-03-23T10:00:00+05:30,portfolio_hist,TREND,ENTER,debit_spread,22587.75,26.21,1.0,0.0,0.0,1.041,0.508,0.633,1,10,0,0,0,62,0,62,60,high_vol_range,37.51,75,,,
2026-03-23T13:49:00+05:30,portfolio_hist,PREMIUM,EXIT,iron_condor,22598.95,26.67,1.0,0.0,0.0,1.041,0.458,0.331,1,13,49,0,0,0,0,0,0,high_vol_range,0.0,0,Profit target: premium decayed 71.9%,2318.25,244
2026-03-23T13:50:00+05:30,portfolio_hist,TREND,EXIT,debit_spread,22619.9,26.55,1.0,0.0,0.0,1.041,0.366,0.496,1,13,50,0,0,0,0,0,0,high_vol_range,0.0,0,Trend stop: lost 35.6%,-1000.5,230
2026-03-23T09:30:00+05:30,portfolio_hist,PREMIUM,SKIP,idle,22714.65,25.12,1.0,0.0,0.0,1.04,0.051,2.092,1,9,30,0,0,65,0,65,75,trending,0.0,0,,,
2026-03-23T09:35:00+05:30,portfolio_hist,PREMIUM,SKIP,idle,22734.75,25.3,1.0,0.0,0.0,1.04,0.14,2.092,1,9,35,0,0,65,0,65,75,trending,0.0,0,,,
2026-03-23T09:40:00+05:30,portfolio_hist,PREMIUM,SKIP,idle,22699.45,25.26,1.0,0.0,0.0,1.04,0.016,2.092,1,9,40,0,0,65,0,65,75,trending,0.0,0,,,
2026-03-23T09:45:00+05:30,portfolio_hist,PREMIUM,ENTER,iron_condor,22696.85,25.47,1.0,0.0,0.0,1.041,0.027,0.359,1,9,45,0,0,77,0,77,75,high_vol_range,42.99,75,,,
2026-03-23T10:00:00+05:30,portfolio_hist,TREND,ENTER,debit_spread,22587.75,26.21,1.0,0.0,0.0,1.041,0.508,0.633,1,10,0,0,0,62,0,62,60,high_vol_range,37.51,75,,,
2026-03-23T10:01:00+05:30,portfolio_hist,TREND,EXIT,debit_spread,22591.15,26.21,1.0,0.0,0.0,1.041,0.493,0.633,1,10,1,0,0,0,0,0,0,high_vol_range,0.0,0,Trend profit: spread at 37.1% of max,-31.5,1
2026-03-23T13:49:00+05:30,portfolio_hist,PREMIUM,EXIT,iron_condor,22598.95,26.67,1.0,0.0,0.0,1.041,0.458,0.331,1,13,49,0,0,0,0,0,0,high_vol_range,0.0,0,Profit target: premium decayed 71.9%,2318.25,244
2026-03-23T09:30:00+05:30,portfolio_hist,PREMIUM,SKIP,idle,22714.65,25.12,1.0,0.0,0.0,1.04,0.051,2.092,1,9,30,0,0,65,0,65,75,trending,0.0,0,,,
2026-03-23T09:35:00+05:30,portfolio_hist,PREMIUM,SKIP,idle,22734.75,25.3,1.0,0.0,0.0,1.04,0.14,2.092,1,9,35,0,0,65,0,65,75,trending,0.0,0,,,
2026-03-23T09:40:00+05:30,portfolio_hist,PREMIUM,SKIP,idle,22699.45,25.26,1.0,0.0,0.0,1.04,0.016,2.092,1,9,40,0,0,65,0,65,75,trending,0.0,0,,,
2026-03-23T09:45:00+05:30,portfolio_hist,PREMIUM,ENTER,iron_condor,22696.85,25.47,1.0,0.0,0.0,1.041,0.027,0.359,1,9,45,0,0,77,0,77,75,high_vol_range,42.99,75,,,
2026-03-23T10:00:00+05:30,portfolio_hist,TREND,ENTER,debit_spread,22587.75,26.21,1.0,0.0,0.0,1.041,0.508,0.633,1,10,0,0,0,62,0,62,60,high_vol_range,37.51,75,,,
2026-03-23T10:15:00+05:30,portfolio_hist,TREND,EXIT,debit_spread,22560.65,26.32,1.0,0.0,0.0,1.041,0.627,0.556,1,10,15,0,0,0,0,0,0,high_vol_range,0.0,0,Trend profit: spread at 40.7% of max,236.25,15
2026-03-23T13:49:00+05:30,portfolio_hist,PREMIUM,EXIT,iron_condor,22598.95,26.67,1.0,0.0,0.0,1.041,0.458,0.331,1,13,49,0,0,0,0,0,0,high_vol_range,0.0,0,Profit target: premium decayed 71.9%,2318.25,244
2026-03-23T09:30:00+05:30,portfolio_hist,PREMIUM,SKIP,idle,22714.65,25.12,1.0,0.0,0.0,1.04,0.051,2.092,1,9,30,0,0,65,0,65,75,trending,0.0,0,,,
2026-03-23T09:35:00+05:30,portfolio_hist,PREMIUM,SKIP,idle,22734.75,25.3,1.0,0.0,0.0,1.04,0.14,2.092,1,9,35,0,0,65,0,65,75,trending,0.0,0,,,
2026-03-23T09:40:00+05:30,portfolio_hist,PREMIUM,SKIP,idle,22699.45,25.26,1.0,0.0,0.0,1.04,0.016,2.092,1,9,40,0,0,65,0,65,75,trending,0.0,0,,,
2026-03-23T09:45:00+05:30,portfolio_hist,PREMIUM,ENTER,iron_condor,22696.85,25.47,1.0,0.0,0.0,1.041,0.027,0.359,1,9,45,0,0,77,0,77,75,high_vol_range,42.99,75,,,
2026-03-23T10:00:00+05:30,portfolio_hist,TREND,ENTER,debit_spread,22587.75,26.21,1.0,0.0,0.0,1.041,0.508,0.633,1,10,0,0,0,62,0,62,60,high_vol_range,37.51,75,,,
2026-03-23T12:24:00+05:30,portfolio_hist,TREND,EXIT,debit_spread,22482.95,26.87,1.0,0.0,0.0,1.041,0.969,0.182,1,12,24,0,0,0,0,0,0,high_vol_range,0.0,0,Trend profit: spread at 51.2% of max,1028.25,144
2026-03-23T13:49:00+05:30,portfolio_hist,PREMIUM,EXIT,iron_condor,22598.95,26.67,1.0,0.0,0.0,1.041,0.458,0.331,1,13,49,0,0,0,0,0,0,high_vol_range,0.0,0,Profit target: premium decayed 71.9%,2318.25,244
2026-03-23T09:30:00+05:30,portfolio_hist,PREMIUM,SKIP,idle,22714.65,25.12,1.0,0.0,0.0,1.04,0.051,2.092,1,9,30,0,0,65,0,65,75,trending,0.0,0,,,
2026-03-23T09:35:00+05:30,portfolio_hist,PREMIUM,SKIP,idle,22734.75,25.3,1.0,0.0,0.0,1.04,0.14,2.092,1,9,35,0,0,65,0,65,75,trending,0.0,0,,,
2026-03-23T09:40:00+05:30,portfolio_hist,PREMIUM,SKIP,idle,22699.45,25.26,1.0,0.0,0.0,1.04,0.016,2.092,1,9,40,0,0,65,0,65,75,trending,0.0,0,,,
2026-03-23T09:45:00+05:30,portfolio_hist,PREMIUM,ENTER,iron_condor,22696.85,25.47,1.0,0.0,0.0,1.041,0.027,0.359,1,9,45,0,0,77,0,77,75,high_vol_range,42.99,75,,,
2026-03-23T10:00:00+05:30,portfolio_hist,TREND,ENTER,debit_spread,22587.75,26.21,1.0,0.0,0.0,1.041,0.508,0.633,1,10,0,0,0,62,0,62,60,high_vol_range,37.51,75,,,
2026-03-23T13:49:00+05:30,portfolio_hist,PREMIUM,EXIT,iron_condor,22598.95,26.67,1.0,0.0,0.0,1.041,0.458,0.331,1,13,49,0,0,0,0,0,0,high_vol_range,0.0,0,Profit target: premium decayed 71.9%,2318.25,244
2026-03-23T13:50:00+05:30,portfolio_hist,TREND,EXIT,debit_spread,22619.9,26.55,1.0,0.0,0.0,1.041,0.366,0.496,1,13,50,0,0,0,0,0,0,high_vol_range,0.0,0,Trend stop: lost 35.6%,-1000.5,230
2026-03-23T09:30:00+05:30,portfolio_hist,PREMIUM,SKIP,idle,22714.65,25.12,1.0,0.0,0.0,1.04,0.051,2.092,1,9,30,0,0,65,0,65,75,trending,0.0,0,,,
2026-03-23T09:35:00+05:30,portfolio_hist,PREMIUM,SKIP,idle,22734.75,25.3,1.0,0.0,0.0,1.04,0.14,2.092,1,9,35,0,0,65,0,65,75,trending,0.0,0,,,
2026-03-23T09:40:00+05:30,portfolio_hist,PREMIUM,SKIP,idle,22699.45,25.26,1.0,0.0,0.0,1.04,0.016,2.092,1,9,40,0,0,65,0,65,75,trending,0.0,0,,,
2026-03-23T09:45:00+05:30,portfolio_hist,PREMIUM,ENTER,iron_condor,22696.85,25.47,1.0,0.0,0.0,1.041,0.027,0.359,1,9,45,0,0,77,0,77,75,high_vol_range,42.99,75,,,
2026-03-23T10:00:00+05:30,portfolio_hist,TREND,ENTER,debit_spread,22587.75,26.21,1.0,0.0,0.0,1.041,0.508,0.633,1,10,0,0,0,62,0,62,60,high_vol_range,37.51,75,,,
2026-03-23T13:49:00+05:30,portfolio_hist,PREMIUM,EXIT,iron_condor,22598.95,26.67,1.0,0.0,0.0,1.041,0.458,0.331,1,13,49,0,0,0,0,0,0,high_vol_range,0.0,0,Profit target: premium decayed 71.9%,2318.25,244
2026-03-23T13:50:00+05:30,portfolio_hist,TREND,EXIT,debit_spread,22619.9,26.55,1.0,0.0,0.0,1.041,0.366,0.496,1,13,50,0,0,0,0,0,0,high_vol_range,0.0,0,Trend stop: lost 35.6%,-1000.5,230
2026-03-23T09:30:00+05:30,portfolio_hist,PREMIUM,SKIP,idle,22714.65,25.12,1.0,0.0,0.0,1.04,0.051,2.092,1,9,30,0,0,65,0,65,75,trending,0.0,0,,,
2026-03-23T09:35:00+05:30,portfolio_hist,PREMIUM,SKIP,idle,22734.75,25.3,1.0,0.0,0.0,1.04,0.14,2.092,1,9,35,0,0,65,0,65,75,trending,0.0,0,,,
2026-03-23T09:40:00+05:30,portfolio_hist,PREMIUM,SKIP,idle,22699.45,25.26,1.0,0.0,0.0,1.04,0.016,2.092,1,9,40,0,0,65,0,65,75,trending,0.0,0,,,
2026-03-23T09:45:00+05:30,portfolio_hist,PREMIUM,ENTER,iron_condor,22696.85,25.47,1.0,0.0,0.0,1.041,0.027,0.359,1,9,45,0,0,77,0,77,75,high_vol_range,42.99,75,,,
2026-03-23T10:00:00+05:30,portfolio_hist,TREND,ENTER,debit_spread,22587.75,26.21,1.0,0.0,0.0,1.041,0.508,0.633,1,10,0,0,0,62,0,62,60,high_vol_range,37.51,75,,,
2026-03-23T10:01:00+05:30,portfolio_hist,TREND,EXIT,debit_spread,22591.15,26.21,1.0,0.0,0.0,1.041,0.493,0.633,1,10,1,0,0,0,0,0,0,high_vol_range,0.0,0,Trend profit: spread at 37.1% of max,-31.5,1
2026-03-23T13:49:00+05:30,portfolio_hist,PREMIUM,EXIT,iron_condor,22598.95,26.67,1.0,0.0,0.0,1.041,0.458,0.331,1,13,49,0,0,0,0,0,0,high_vol_range,0.0,0,Profit target: premium decayed 71.9%,2318.25,244
2026-03-23T09:30:00+05:30,portfolio_hist,PREMIUM,SKIP,idle,22714.65,25.12,1.0,0.0,0.0,1.04,0.051,2.092,1,9,30,0,0,65,0,65,75,trending,0.0,0,,,
2026-03-23T09:35:00+05:30,portfolio_hist,PREMIUM,SKIP,idle,22734.75,25.3,1.0,0.0,0.0,1.04,0.14,2.092,1,9,35,0,0,65,0,65,75,trending,0.0,0,,,
2026-03-23T09:40:00+05:30,portfolio_hist,PREMIUM,SKIP,idle,22699.45,25.26,1.0,0.0,0.0,1.04,0.016,2.092,1,9,40,0,0,65,0,65,75,trending,0.0,0,,,
2026-03-23T09:45:00+05:30,portfolio_hist,PREMIUM,ENTER,iron_condor,22696.85,25.47,1.0,0.0,0.0,1.041,0.027,0.359,1,9,45,0,0,77,0,77,75,high_vol_range,42.99,75,,,
2026-03-23T10:00:00+05:30,portfolio_hist,TREND,ENTER,debit_spread,22587.75,26.21,1.0,0.0,0.0,1.041,0.508,0.633,1,10,0,0,0,62,0,62,60,high_vol_range,37.51,75,,,
2026-03-23T10:15:00+05:30,portfolio_hist,TREND,EXIT,debit_spread,22560.65,26.32,1.0,0.0,0.0,1.041,0.627,0.556,1,10,15,0,0,0,0,0,0,high_vol_range,0.0,0,Trend profit: spread at 40.7% of max,236.25,15
2026-03-23T13:49:00+05:30,portfolio_hist,PREMIUM,EXIT,iron_condor,22598.95,26.67,1.0,0.0,0.0,1.041,0.458,0.331,1,13,49,0,0,0,0,0,0,high_vol_range,0.0,0,Profit target: premium decayed 71.9%,2318.25,244
2026-03-23T09:30:00+05:30,portfolio_hist,PREMIUM,SKIP,idle,22714.65,25.12,1.0,0.0,0.0,1.04,0.051,2.092,1,9,30,0,0,65,0,65,75,trending,0.0,0,,,
2026-03-23T09:35:00+05:30,portfolio_hist,PREMIUM,SKIP,idle,22734.75,25.3,1.0,0.0,0.0,1.04,0.14,2.092,1,9,35,0,0,65,0,65,75,trending,0.0,0,,,
2026-03-23T09:40:00+05:30,portfolio_hist,PREMIUM,SKIP,idle,22699.45,25.26,1.0,0.0,0.0,1.04,0.016,2.092,1,9,40,0,0,65,0,65,75,trending,0.0,0,,,
2026-03-23T09:45:00+05:30,portfolio_hist,PREMIUM,ENTER,iron_condor,22696.85,25.47,1.0,0.0,0.0,1.041,0.027,0.359,1,9,45,0,0,77,0,77,75,high_vol_range,42.99,75,,,
2026-03-23T10:00:00+05:30,portfolio_hist,TREND,ENTER,debit_spread,22587.75,26.21,1.0,0.0,0.0,1.041,0.508,0.633,1,10,0,0,0,62,0,62,60,high_vol_range,37.51,75,,,
2026-03-23T12:24:00+05:30,portfolio_hist,TREND,EXIT,debit_spread,22482.95,26.87,1.0,0.0,0.0,1.041,0.969,0.182,1,12,24,0,0,0,0,0,0,high_vol_range,0.0,0,Trend profit: spread at 51.2% of max,1028.25,144
2026-03-23T13:49:00+05:30,portfolio_hist,PREMIUM,EXIT,iron_condor,22598.95,26.67,1.0,0.0,0.0,1.041,0.458,0.331,1,13,49,0,0,0,0,0,0,high_vol_range,0.0,0,Profit target: premium decayed 71.9%,2318.25,244
2026-03-23T09:30:00+05:30,portfolio_hist,PREMIUM,SKIP,idle,22714.65,25.12,1.0,0.0,0.0,1.04,0.051,2.092,1,9,30,0,0,65,0,65,75,trending,0.0,0,,,
2026-03-23T09:35:00+05:30,portfolio_hist,PREMIUM,SKIP,idle,22734.75,25.3,1.0,0.0,0.0,1.04,0.14,2.092,1,9,35,0,0,65,0,65,75,trending,0.0,0,,,
2026-03-23T09:40:00+05:30,portfolio_hist,PREMIUM,SKIP,idle,22699.45,25.26,1.0,0.0,0.0,1.04,0.016,2.092,1,9,40,0,0,65,0,65,75,trending,0.0,0,,,
2026-03-23T09:45:00+05:30,portfolio_hist,PREMIUM,ENTER,iron_condor,22696.85,25.47,1.0,0.0,0.0,1.041,0.027,0.359,1,9,45,0,0,77,0,77,75,high_vol_range,42.99,75,,,
2026-03-23T10:00:00+05:30,portfolio_hist,TREND,ENTER,debit_spread,22587.75,26.21,1.0,0.0,0.0,1.041,0.508,0.633,1,10,0,0,0,62,0,62,60,high_vol_range,37.51,75,,,
2026-03-23T13:49:00+05:30,portfolio_hist,PREMIUM,EXIT,iron_condor,22598.95,26.67,1.0,0.0,0.0,1.041,0.458,0.331,1,13,49,0,0,0,0,0,0,high_vol_range,0.0,0,Profit target: premium decayed 71.9%,2318.25,244
2026-03-23T14:02:00+05:30,portfolio_hist,TREND,EXIT,debit_spread,22632.65,26.61,1.0,0.0,0.0,1.041,0.31,0.503,1,14,2,0,0,0,0,0,0,high_vol_range,0.0,0,Trend stop: lost 45.1%,-1269.75,242
2026-03-23T09:30:00+05:30,portfolio_hist,PREMIUM,SKIP,idle,22714.65,25.12,1.0,0.0,0.0,1.04,0.051,2.092,1,9,30,0,0,65,0,65,75,trending,0.0,0,,,
2026-03-23T09:35:00+05:30,portfolio_hist,PREMIUM,SKIP,idle,22734.75,25.3,1.0,0.0,0.0,1.04,0.14,2.092,1,9,35,0,0,65,0,65,75,trending,0.0,0,,,
2026-03-23T09:40:00+05:30,portfolio_hist,PREMIUM,SKIP,idle,22699.45,25.26,1.0,0.0,0.0,1.04,0.016,2.092,1,9,40,0,0,65,0,65,75,trending,0.0,0,,,
2026-03-23T09:45:00+05:30,portfolio_hist,PREMIUM,ENTER,iron_condor,22696.85,25.47,1.0,0.0,0.0,1.041,0.027,0.359,1,9,45,0,0,77,0,77,75,high_vol_range,42.99,75,,,
2026-03-23T10:00:00+05:30,portfolio_hist,TREND,ENTER,debit_spread,22587.75,26.21,1.0,0.0,0.0,1.041,0.508,0.633,1,10,0,0,0,62,0,62,60,high_vol_range,37.51,75,,,
2026-03-23T13:49:00+05:30,portfolio_hist,PREMIUM,EXIT,iron_condor,22598.95,26.67,1.0,0.0,0.0,1.041,0.458,0.331,1,13,49,0,0,0,0,0,0,high_vol_range,0.0,0,Profit target: premium decayed 71.9%,2318.25,244
2026-03-23T14:02:00+05:30,portfolio_hist,TREND,EXIT,debit_spread,22632.65,26.61,1.0,0.0,0.0,1.041,0.31,0.503,1,14,2,0,0,0,0,0,0,high_vol_range,0.0,0,Trend stop: lost 45.1%,-1269.75,242
2026-03-23T09:30:00+05:30,portfolio_hist,PREMIUM,SKIP,idle,22714.65,25.12,1.0,0.0,0.0,1.04,0.051,2.092,1,9,30,0,0,65,0,65,75,trending,0.0,0,,,
2026-03-23T09:35:00+05:30,portfolio_hist,PREMIUM,SKIP,idle,22734.75,25.3,1.0,0.0,0.0,1.04,0.14,2.092,1,9,35,0,0,65,0,65,75,trending,0.0,0,,,
2026-03-23T09:40:00+05:30,portfolio_hist,PREMIUM,SKIP,idle,22699.45,25.26,1.0,0.0,0.0,1.04,0.016,2.092,1,9,40,0,0,65,0,65,75,trending,0.0,0,,,
2026-03-23T09:45:00+05:30,portfolio_hist,PREMIUM,ENTER,iron_condor,22696.85,25.47,1.0,0.0,0.0,1.041,0.027,0.359,1,9,45,0,0,77,0,77,75,high_vol_range,42.99,75,,,
2026-03-23T10:00:00+05:30,portfolio_hist,TREND,ENTER,debit_spread,22587.75,26.21,1.0,0.0,0.0,1.041,0.508,0.633,1,10,0,0,0,62,0,62,60,high_vol_range,37.51,75,,,
2026-03-23T10:01:00+05:30,portfolio_hist,TREND,EXIT,debit_spread,22591.15,26.21,1.0,0.0,0.0,1.041,0.493,0.633,1,10,1,0,0,0,0,0,0,high_vol_range,0.0,0,Trend profit: spread at 37.1% of max,-31.5,1
2026-03-23T13:49:00+05:30,portfolio_hist,PREMIUM,EXIT,iron_condor,22598.95,26.67,1.0,0.0,0.0,1.041,0.458,0.331,1,13,49,0,0,0,0,0,0,high_vol_range,0.0,0,Profit target: premium decayed 71.9%,2318.25,244
2026-03-23T09:30:00+05:30,portfolio_hist,PREMIUM,SKIP,idle,22714.65,25.12,1.0,0.0,0.0,1.04,0.051,2.092,1,9,30,0,0,65,0,65,75,trending,0.0,0,,,
2026-03-23T09:35:00+05:30,portfolio_hist,PREMIUM,SKIP,idle,22734.75,25.3,1.0,0.0,0.0,1.04,0.14,2.092,1,9,35,0,0,65,0,65,75,trending,0.0,0,,,
2026-03-23T09:40:00+05:30,portfolio_hist,PREMIUM,SKIP,idle,22699.45,25.26,1.0,0.0,0.0,1.04,0.016,2.092,1,9,40,0,0,65,0,65,75,trending,0.0,0,,,
2026-03-23T09:45:00+05:30,portfolio_hist,PREMIUM,ENTER,iron_condor,22696.85,25.47,1.0,0.0,0.0,1.041,0.027,0.359,1,9,45,0,0,77,0,77,75,high_vol_range,42.99,75,,,
2026-03-23T10:00:00+05:30,portfolio_hist,TREND,ENTER,debit_spread,22587.75,26.21,1.0,0.0,0.0,1.041,0.508,0.633,1,10,0,0,0,62,0,62,60,high_vol_range,37.51,75,,,
2026-03-23T10:15:00+05:30,portfolio_hist,TREND,EXIT,debit_spread,22560.65,26.32,1.0,0.0,0.0,1.041,0.627,0.556,1,10,15,0,0,0,0,0,0,high_vol_range,0.0,0,Trend profit: spread at 40.7% of max,236.25,15
2026-03-23T13:49:00+05:30,portfolio_hist,PREMIUM,EXIT,iron_condor,22598.95,26.67,1.0,0.0,0.0,1.041,0.458,0.331,1,13,49,0,0,0,0,0,0,high_vol_range,0.0,0,Profit target: premium decayed 71.9%,2318.25,244
2026-03-23T09:30:00+05:30,portfolio_hist,PREMIUM,SKIP,idle,22714.65,25.12,1.0,0.0,0.0,1.04,0.051,2.092,1,9,30,0,0,65,0,65,75,trending,0.0,0,,,
2026-03-23T09:35:00+05:30,portfolio_hist,PREMIUM,SKIP,idle,22734.75,25.3,1.0,0.0,0.0,1.04,0.14,2.092,1,9,35,0,0,65,0,65,75,trending,0.0,0,,,
2026-03-23T09:40:00+05:30,portfolio_hist,PREMIUM,SKIP,idle,22699.45,25.26,1.0,0.0,0.0,1.04,0.016,2.092,1,9,40,0,0,65,0,65,75,trending,0.0,0,,,
2026-03-23T09:45:00+05:30,portfolio_hist,PREMIUM,ENTER,iron_condor,22696.85,25.47,1.0,0.0,0.0,1.041,0.027,0.359,1,9,45,0,0,77,0,77,75,high_vol_range,42.99,75,,,
2026-03-23T10:00:00+05:30,portfolio_hist,TREND,ENTER,debit_spread,22587.75,26.21,1.0,0.0,0.0,1.041,0.508,0.633,1,10,0,0,0,62,0,62,60,high_vol_range,37.51,75,,,
2026-03-23T12:24:00+05:30,portfolio_hist,TREND,EXIT,debit_spread,22482.95,26.87,1.0,0.0,0.0,1.041,0.969,0.182,1,12,24,0,0,0,0,0,0,high_vol_range,0.0,0,Trend profit: spread at 51.2% of max,1028.25,144
2026-03-23T13:49:00+05:30,portfolio_hist,PREMIUM,EXIT,iron_condor,22598.95,26.67,1.0,0.0,0.0,1.041,0.458,0.331,1,13,49,0,0,0,0,0,0,high_vol_range,0.0,0,Profit target: premium decayed 71.9%,2318.25,244
2026-03-23T09:30:00+05:30,portfolio_hist,PREMIUM,SKIP,idle,22714.65,25.12,1.0,0.0,0.0,1.04,0.051,2.092,1,9,30,0,0,65,0,65,75,trending,0.0,0,,,
2026-03-23T09:35:00+05:30,portfolio_hist,PREMIUM,SKIP,idle,22734.75,25.3,1.0,0.0,0.0,1.04,0.14,2.092,1,9,35,0,0,65,0,65,75,trending,0.0,0,,,
2026-03-23T09:40:00+05:30,portfolio_hist,PREMIUM,SKIP,idle,22699.45,25.26,1.0,0.0,0.0,1.04,0.016,2.092,1,9,40,0,0,65,0,65,75,trending,0.0,0,,,
2026-03-23T09:45:00+05:30,portfolio_hist,PREMIUM,ENTER,iron_condor,22696.85,25.47,1.0,0.0,0.0,1.041,0.027,0.359,1,9,45,0,0,77,0,77,75,high_vol_range,42.99,75,,,
2026-03-23T10:00:00+05:30,portfolio_hist,TREND,ENTER,debit_spread,22587.75,26.21,1.0,0.0,0.0,1.041,0.508,0.633,1,10,0,0,0,62,0,62,60,high_vol_range,37.51,75,,,
2026-03-23T13:49:00+05:30,portfolio_hist,PREMIUM,EXIT,iron_condor,22598.95,26.67,1.0,0.0,0.0,1.041,0.458,0.331,1,13,49,0,0,0,0,0,0,high_vol_range,0.0,0,Profit target: premium decayed 71.9%,2318.25,244
2026-03-23T14:03:00+05:30,portfolio_hist,TREND,EXIT,debit_spread,22642.5,26.58,1.0,0.0,0.0,1.041,0.266,0.503,1,14,3,0,0,0,0,0,0,high_vol_range,0.0,0,Trend stop: lost 50.1%,-1410.0,243
2026-03-23T09:30:00+05:30,portfolio_hist,PREMIUM,SKIP,idle,22714.65,25.12,1.0,0.0,0.0,1.04,0.051,2.092,1,9,30,0,0,65,0,65,75,trending,0.0,0,,,
2026-03-23T09:35:00+05:30,portfolio_hist,PREMIUM,SKIP,idle,22734.75,25.3,1.0,0.0,0.0,1.04,0.14,2.092,1,9,35,0,0,65,0,65,75,trending,0.0,0,,,
2026-03-23T09:40:00+05:30,portfolio_hist,PREMIUM,SKIP,idle,22699.45,25.26,1.0,0.0,0.0,1.04,0.016,2.092,1,9,40,0,0,65,0,65,75,trending,0.0,0,,,
2026-03-23T09:45:00+05:30,portfolio_hist,PREMIUM,ENTER,iron_condor,22696.85,25.47,1.0,0.0,0.0,1.041,0.027,0.359,1,9,45,0,0,77,0,77,75,high_vol_range,42.99,75,,,
2026-03-23T10:00:00+05:30,portfolio_hist,TREND,ENTER,debit_spread,22587.75,26.21,1.0,0.0,0.0,1.041,0.508,0.633,1,10,0,0,0,62,0,62,60,high_vol_range,37.51,75,,,
2026-03-23T13:49:00+05:30,portfolio_hist,PREMIUM,EXIT,iron_condor,22598.95,26.67,1.0,0.0,0.0,1.041,0.458,0.331,1,13,49,0,0,0,0,0,0,high_vol_range,0.0,0,Profit target: premium decayed 71.9%,2318.25,244
2026-03-23T14:03:00+05:30,portfolio_hist,TREND,EXIT,debit_spread,22642.5,26.58,1.0,0.0,0.0,1.041,0.266,0.503,1,14,3,0,0,0,0,0,0,high_vol_range,0.0,0,Trend stop: lost 50.1%,-1410.0,243
2026-03-23T09:30:00+05:30,portfolio_hist,PREMIUM,SKIP,idle,22714.65,25.12,1.0,0.0,0.0,1.04,0.051,2.092,1,9,30,0,0,65,0,65,75,trending,0.0,0,,,
2026-03-23T09:35:00+05:30,portfolio_hist,PREMIUM,SKIP,idle,22734.75,25.3,1.0,0.0,0.0,1.04,0.14,2.092,1,9,35,0,0,65,0,65,75,trending,0.0,0,,,
2026-03-23T09:40:00+05:30,portfolio_hist,PREMIUM,SKIP,idle,22699.45,25.26,1.0,0.0,0.0,1.04,0.016,2.092,1,9,40,0,0,65,0,65,75,trending,0.0,0,,,
2026-03-23T09:45:00+05:30,portfolio_hist,PREMIUM,ENTER,iron_condor,22696.85,25.47,1.0,0.0,0.0,1.041,0.027,0.359,1,9,45,0,0,77,0,77,75,high_vol_range,42.99,75,,,
2026-03-23T10:00:00+05:30,portfolio_hist,TREND,ENTER,debit_spread,22587.75,26.21,1.0,0.0,0.0,1.041,0.508,0.633,1,10,0,0,0,62,0,62,60,high_vol_range,37.51,75,,,
2026-03-23T13:48:00+05:30,portfolio_hist,TREND,EXIT,debit_spread,22593.3,26.72,1.0,0.0,0.0,1.041,0.483,0.331,1,13,48,0,0,0,0,0,0,high_vol_range,0.0,0,Trend stop: lost 21.4%,-600.75,228
2026-03-23T13:49:00+05:30,portfolio_hist,PREMIUM,EXIT,iron_condor,22598.95,26.67,1.0,0.0,0.0,1.041,0.458,0.331,1,13,49,0,0,0,0,0,0,high_vol_range,0.0,0,Profit target: premium decayed 71.9%,2318.25,244
2026-03-23T09:30:00+05:30,portfolio_hist,PREMIUM,SKIP,idle,22714.65,25.12,1.0,0.0,0.0,1.04,0.051,2.092,1,9,30,0,0,65,0,65,75,trending,0.0,0,,,
2026-03-23T09:35:00+05:30,portfolio_hist,PREMIUM,SKIP,idle,22734.75,25.3,1.0,0.0,0.0,1.04,0.14,2.092,1,9,35,0,0,65,0,65,75,trending,0.0,0,,,
2026-03-23T09:40:00+05:30,portfolio_hist,PREMIUM,SKIP,idle,22699.45,25.26,1.0,0.0,0.0,1.04,0.016,2.092,1,9,40,0,0,65,0,65,75,trending,0.0,0,,,
2026-03-23T09:45:00+05:30,portfolio_hist,PREMIUM,ENTER,iron_condor,22696.85,25.47,1.0,0.0,0.0,1.041,0.027,0.359,1,9,45,0,0,77,0,77,75,high_vol_range,42.99,75,,,
2026-03-23T10:00:00+05:30,portfolio_hist,TREND,ENTER,debit_spread,22587.75,26.21,1.0,0.0,0.0,1.041,0.508,0.633,1,10,0,0,0,62,0,62,60,high_vol_range,37.51,75,,,
2026-03-23T13:48:00+05:30,portfolio_hist,TREND,EXIT,debit_spread,22593.3,26.72,1.0,0.0,0.0,1.041,0.483,0.331,1,13,48,0,0,0,0,0,0,high_vol_range,0.0,0,Trend stop: lost 21.4%,-600.75,228
2026-03-23T13:49:00+05:30,portfolio_hist,PREMIUM,EXIT,iron_condor,22598.95,26.67,1.0,0.0,0.0,1.041,0.458,0.331,1,13,49,0,0,0,0,0,0,high_vol_range,0.0,0,Profit target: premium decayed 71.9%,2318.25,244
2026-03-23T09:30:00+05:30,portfolio_hist,PREMIUM,SKIP,idle,22714.65,25.12,1.0,0.0,0.0,1.04,0.051,2.092,1,9,30,0,0,65,0,65,75,trending,0.0,0,,,
2026-03-23T09:35:00+05:30,portfolio_hist,PREMIUM,SKIP,idle,22734.75,25.3,1.0,0.0,0.0,1.04,0.14,2.092,1,9,35,0,0,65,0,65,75,trending,0.0,0,,,
2026-03-23T09:40:00+05:30,portfolio_hist,PREMIUM,SKIP,idle,22699.45,25.26,1.0,0.0,0.0,1.04,0.016,2.092,1,9,40,0,0,65,0,65,75,trending,0.0,0,,,
2026-03-23T09:45:00+05:30,portfolio_hist,PREMIUM,ENTER,iron_condor,22696.85,25.47,1.0,0.0,0.0,1.041,0.027,0.359,1,9,45,0,0,77,0,77,75,high_vol_range,42.99,75,,,
2026-03-23T10:00:00+05:30,portfolio_hist,TREND,ENTER,debit_spread,22587.75,26.21,1.0,0.0,0.0,1.041,0.508,0.633,1,10,0,0,0,62,0,62,60,high_vol_range,37.51,75,,,
2026-03-23T13:48:00+05:30,portfolio_hist,TREND,EXIT,debit_spread,22593.3,26.72,1.0,0.0,0.0,1.041,0.483,0.331,1,13,48,0,0,0,0,0,0,high_vol_range,0.0,0,Trend stop: lost 21.4%,-600.75,228
2026-03-23T13:49:00+05:30,portfolio_hist,PREMIUM,EXIT,iron_condor,22598.95,26.67,1.0,0.0,0.0,1.041,0.458,0.331,1,13,49,0,0,0,0,0,0,high_vol_range,0.0,0,Profit target: premium decayed 71.9%,2318.25,244
2026-03-23T09:30:00+05:30,portfolio_hist,PREMIUM,SKIP,idle,22714.65,25.12,1.0,0.0,0.0,1.04,0.051,2.092,1,9,30,0,0,65,0,65,75,trending,0.0,0,,,
2026-03-23T09:35:00+05:30,portfolio_hist,PREMIUM,SKIP,idle,22734.75,25.3,1.0,0.0,0.0,1.04,0.14,2.092,1,9,35,0,0,65,0,65,75,trending,0.0,0,,,
2026-03-23T09:40:00+05:30,portfolio_hist,PREMIUM,SKIP,idle,22699.45,25.26,1.0,0.0,0.0,1.04,0.016,2.092,1,9,40,0,0,65,0,65,75,trending,0.0,0,,,
2026-03-23T09:45:00+05:30,portfolio_hist,PREMIUM,ENTER,iron_condor,22696.85,25.47,1.0,0.0,0.0,1.041,0.027,0.359,1,9,45,0,0,77,0,77,75,high_vol_range,42.99,75,,,
2026-03-23T10:00:00+05:30,portfolio_hist,TREND,ENTER,debit_spread,22587.75,26.21,1.0,0.0,0.0,1.041,0.508,0.633,1,10,0,0,0,62,0,62,60,high_vol_range,37.51,75,,,
2026-03-23T13:48:00+05:30,portfolio_hist,TREND,EXIT,debit_spread,22593.3,26.72,1.0,0.0,0.0,1.041,0.483,0.331,1,13,48,0,0,0,0,0,0,high_vol_range,0.0,0,Trend stop: lost 21.4%,-600.75,228
2026-03-23T13:49:00+05:30,portfolio_hist,PREMIUM,EXIT,iron_condor,22598.95,26.67,1.0,0.0,0.0,1.041,0.458,0.331,1,13,49,0,0,0,0,0,0,high_vol_range,0.0,0,Profit target: premium decayed 71.9%,2318.25,244
2026-03-23T09:30:00+05:30,portfolio_hist,PREMIUM,SKIP,idle,22714.65,25.12,1.0,0.0,0.0,1.04,0.051,2.092,1,9,30,0,0,65,0,65,75,trending,0.0,0,,,
2026-03-23T09:35:00+05:30,portfolio_hist,PREMIUM,SKIP,idle,22734.75,25.3,1.0,0.0,0.0,1.04,0.14,2.092,1,9,35,0,0,65,0,65,75,trending,0.0,0,,,
2026-03-23T09:40:00+05:30,portfolio_hist,PREMIUM,SKIP,idle,22699.45,25.26,1.0,0.0,0.0,1.04,0.016,2.092,1,9,40,0,0,65,0,65,75,trending,0.0,0,,,
2026-03-23T09:45:00+05:30,portfolio_hist,PREMIUM,ENTER,iron_condor,22696.85,25.47,1.0,0.0,0.0,1.041,0.027,0.359,1,9,45,0,0,77,0,77,75,high_vol_range,42.99,75,,,
2026-03-23T10:00:00+05:30,portfolio_hist,TREND,ENTER,debit_spread,22587.75,26.21,1.0,0.0,0.0,1.041,0.508,0.633,1,10,0,0,0,62,0,62,60,high_vol_range,37.51,75,,,
2026-03-23T13:48:00+05:30,portfolio_hist,TREND,EXIT,debit_spread,22593.3,26.72,1.0,0.0,0.0,1.041,0.483,0.331,1,13,48,0,0,0,0,0,0,high_vol_range,0.0,0,Trend stop: lost 21.4%,-600.75,228
2026-03-23T13:49:00+05:30,portfolio_hist,PREMIUM,EXIT,iron_condor,22598.95,26.67,1.0,0.0,0.0,1.041,0.458,0.331,1,13,49,0,0,0,0,0,0,high_vol_range,0.0,0,Profit target: premium decayed 71.9%,2318.25,244
2026-03-23T09:30:00+05:30,portfolio_hist,PREMIUM,SKIP,idle,22714.65,25.12,1.0,0.0,0.0,1.04,0.051,2.092,1,9,30,0,0,65,0,65,75,trending,0.0,0,,,
2026-03-23T09:35:00+05:30,portfolio_hist,PREMIUM,SKIP,idle,22734.75,25.3,1.0,0.0,0.0,1.04,0.14,2.092,1,9,35,0,0,65,0,65,75,trending,0.0,0,,,
2026-03-23T09:40:00+05:30,portfolio_hist,PREMIUM,SKIP,idle,22699.45,25.26,1.0,0.0,0.0,1.04,0.016,2.092,1,9,40,0,0,65,0,65,75,trending,0.0,0,,,
2026-03-23T09:45:00+05:30,portfolio_hist,PREMIUM,ENTER,iron_condor,22696.85,25.47,1.0,0.0,0.0,1.041,0.027,0.359,1,9,45,0,0,77,0,77,75,high_vol_range,42.99,75,,,
2026-03-23T10:00:00+05:30,portfolio_hist,TREND,ENTER,debit_spread,22587.75,26.21,1.0,0.0,0.0,1.041,0.508,0.633,1,10,0,0,0,62,0,62,60,high_vol_range,37.51,75,,,
2026-03-23T13:48:00+05:30,portfolio_hist,TREND,EXIT,debit_spread,22593.3,26.72,1.0,0.0,0.0,1.041,0.483,0.331,1,13,48,0,0,0,0,0,0,high_vol_range,0.0,0,Trend stop: lost 21.4%,-600.75,228
2026-03-23T13:49:00+05:30,portfolio_hist,PREMIUM,EXIT,iron_condor,22598.95,26.67,1.0,0.0,0.0,1.041,0.458,0.331,1,13,49,0,0,0,0,0,0,high_vol_range,0.0,0,Profit target: premium decayed 71.9%,2318.25,244
2026-03-23T09:30:00+05:30,portfolio_hist,PREMIUM,SKIP,idle,22714.65,25.12,1.0,0.0,0.0,1.04,0.051,2.092,1,9,30,0,0,65,0,65,75,trending,0.0,0,,,
2026-03-23T09:35:00+05:30,portfolio_hist,PREMIUM,SKIP,idle,22734.75,25.3,1.0,0.0,0.0,1.04,0.14,2.092,1,9,35,0,0,65,0,65,75,trending,0.0,0,,,
2026-03-23T09:40:00+05:30,portfolio_hist,PREMIUM,SKIP,idle,22699.45,25.26,1.0,0.0,0.0,1.04,0.016,2.092,1,9,40,0,0,65,0,65,75,trending,0.0,0,,,
2026-03-23T09:45:00+05:30,portfolio_hist,PREMIUM,ENTER,iron_condor,22696.85,25.47,1.0,0.0,0.0,1.041,0.027,0.359,1,9,45,0,0,77,0,77,75,high_vol_range,42.99,75,,,
2026-03-23T10:00:00+05:30,portfolio_hist,TREND,ENTER,debit_spread,22587.75,26.21,1.0,0.0,0.0,1.041,0.508,0.633,1,10,0,0,0,62,0,62,60,high_vol_range,37.51,75,,,
2026-03-23T13:48:00+05:30,portfolio_hist,TREND,EXIT,debit_spread,22593.3,26.72,1.0,0.0,0.0,1.041,0.483,0.331,1,13,48,0,0,0,0,0,0,high_vol_range,0.0,0,Trend stop: lost 21.4%,-600.75,228
2026-03-23T13:49:00+05:30,portfolio_hist,PREMIUM,EXIT,iron_condor,22598.95,26.67,1.0,0.0,0.0,1.041,0.458,0.331,1,13,49,0,0,0,0,0,0,high_vol_range,0.0,0,Profit target: premium decayed 71.9%,2318.25,244
2026-03-23T09:30:00+05:30,portfolio_hist,PREMIUM,SKIP,idle,22714.65,25.12,1.0,0.0,0.0,1.04,0.051,2.092,1,9,30,0,0,65,0,65,75,trending,0.0,0,,,
2026-03-23T09:35:00+05:30,portfolio_hist,PREMIUM,SKIP,idle,22734.75,25.3,1.0,0.0,0.0,1.04,0.14,2.092,1,9,35,0,0,65,0,65,75,trending,0.0,0,,,
2026-03-23T09:40:00+05:30,portfolio_hist,PREMIUM,SKIP,idle,22699.45,25.26,1.0,0.0,0.0,1.04,0.016,2.092,1,9,40,0,0,65,0,65,75,trending,0.0,0,,,
2026-03-23T09:45:00+05:30,portfolio_hist,PREMIUM,ENTER,iron_condor,22696.85,25.47,1.0,0.0,0.0,1.041,0.027,0.359,1,9,45,0,0,77,0,77,75,high_vol_range,42.99,75,,,
2026-03-23T10:00:00+05:30,portfolio_hist,TREND,ENTER,debit_spread,22587.75,26.21,1.0,0.0,0.0,1.041,0.508,0.633,1,10,0,0,0,62,0,62,60,high_vol_range,37.51,75,,,
2026-03-23T13:48:00+05:30,portfolio_hist,TREND,EXIT,debit_spread,22593.3,26.72,1.0,0.0,0.0,1.041,0.483,0.331,1,13,48,0,0,0,0,0,0,high_vol_range,0.0,0,Trend stop: lost 21.4%,-600.75,228
2026-03-23T13:49:00+05:30,portfolio_hist,PREMIUM,EXIT,iron_condor,22598.95,26.67,1.0,0.0,0.0,1.041,0.458,0.331,1,13,49,0,0,0,0,0,0,high_vol_range,0.0,0,Profit target: premium decayed 71.9%,2318.25,244
2026-03-23T09:30:00+05:30,portfolio_hist,PREMIUM,SKIP,idle,22714.65,25.12,1.0,0.0,0.0,1.04,0.051,2.092,1,9,30,0,0,65,0,65,75,trending,0.0,0,,,
2026-03-23T09:35:00+05:30,portfolio_hist,PREMIUM,SKIP,idle,22734.75,25.3,1.0,0.0,0.0,1.04,0.14,2.092,1,9,35,0,0,65,0,65,75,trending,0.0,0,,,
2026-03-23T09:40:00+05:30,portfolio_hist,PREMIUM,SKIP,idle,22699.45,25.26,1.0,0.0,0.0,1.04,0.016,2.092,1,9,40,0,0,65,0,65,75,trending,0.0,0,,,
2026-03-23T09:45:00+05:30,portfolio_hist,PREMIUM,ENTER,iron_condor,22696.85,25.47,1.0,0.0,0.0,1.041,0.027,0.359,1,9,45,0,0,77,0,77,75,high_vol_range,42.99,75,,,
2026-03-23T10:00:00+05:30,portfolio_hist,TREND,ENTER,debit_spread,22587.75,26.21,1.0,0.0,0.0,1.041,0.508,0.633,1,10,0,0,0,62,0,62,60,high_vol_range,37.51,75,,,
2026-03-23T13:48:00+05:30,portfolio_hist,TREND,EXIT,debit_spread,22593.3,26.72,1.0,0.0,0.0,1.041,0.483,0.331,1,13,48,0,0,0,0,0,0,high_vol_range,0.0,0,Trend stop: lost 21.4%,-600.75,228
2026-03-23T13:49:00+05:30,portfolio_hist,PREMIUM,EXIT,iron_condor,22598.95,26.67,1.0,0.0,0.0,1.041,0.458,0.331,1,13,49,0,0,0,0,0,0,high_vol_range,0.0,0,Profit target: premium decayed 71.9%,2318.25,244
2026-03-23T09:30:00+05:30,portfolio_hist,PREMIUM,SKIP,idle,22714.65,25.12,1.0,0.0,0.0,1.04,0.051,2.092,1,9,30,0,0,65,0,65,75,trending,0.0,0,,,
2026-03-23T09:35:00+05:30,portfolio_hist,PREMIUM,SKIP,idle,22734.75,25.3,1.0,0.0,0.0,1.04,0.14,2.092,1,9,35,0,0,65,0,65,75,trending,0.0,0,,,
2026-03-23T09:40:00+05:30,portfolio_hist,PREMIUM,SKIP,idle,22699.45,25.26,1.0,0.0,0.0,1.04,0.016,2.092,1,9,40,0,0,65,0,65,75,trending,0.0,0,,,
2026-03-23T09:45:00+05:30,portfolio_hist,PREMIUM,ENTER,iron_condor,22696.85,25.47,1.0,0.0,0.0,1.041,0.027,0.359,1,9,45,0,0,77,0,77,75,high_vol_range,42.99,75,,,
2026-03-23T10:00:00+05:30,portfolio_hist,TREND,ENTER,debit_spread,22587.75,26.21,1.0,0.0,0.0,1.041,0.508,0.633,1,10,0,0,0,62,0,62,60,high_vol_range,37.51,75,,,
2026-03-23T13:48:00+05:30,portfolio_hist,TREND,EXIT,debit_spread,22593.3,26.72,1.0,0.0,0.0,1.041,0.483,0.331,1,13,48,0,0,0,0,0,0,high_vol_range,0.0,0,Trend stop: lost 21.4%,-600.75,228
2026-03-23T13:49:00+05:30,portfolio_hist,PREMIUM,EXIT,iron_condor,22598.95,26.67,1.0,0.0,0.0,1.041,0.458,0.331,1,13,49,0,0,0,0,0,0,high_vol_range,0.0,0,Profit target: premium decayed 71.9%,2318.25,244
2026-03-23T09:30:00+05:30,portfolio_hist,PREMIUM,SKIP,idle,22714.65,25.12,1.0,0.0,0.0,1.04,0.051,2.092,1,9,30,0,0,65,0,65,75,trending,0.0,0,,,
2026-03-23T09:35:00+05:30,portfolio_hist,PREMIUM,SKIP,idle,22734.75,25.3,1.0,0.0,0.0,1.04,0.14,2.092,1,9,35,0,0,65,0,65,75,trending,0.0,0,,,
2026-03-23T09:40:00+05:30,portfolio_hist,PREMIUM,SKIP,idle,22699.45,25.26,1.0,0.0,0.0,1.04,0.016,2.092,1,9,40,0,0,65,0,65,75,trending,0.0,0,,,
2026-03-23T09:45:00+05:30,portfolio_hist,PREMIUM,ENTER,iron_condor,22696.85,25.47,1.0,0.0,0.0,1.041,0.027,0.359,1,9,45,0,0,77,0,77,75,high_vol_range,42.99,75,,,
2026-03-23T10:00:00+05:30,portfolio_hist,TREND,ENTER,debit_spread,22587.75,26.21,1.0,0.0,0.0,1.041,0.508,0.633,1,10,0,0,0,62,0,62,60,high_vol_range,37.51,75,,,
2026-03-23T13:48:00+05:30,portfolio_hist,TREND,EXIT,debit_spread,22593.3,26.72,1.0,0.0,0.0,1.041,0.483,0.331,1,13,48,0,0,0,0,0,0,high_vol_range,0.0,0,Trend stop: lost 21.4%,-600.75,228
2026-03-23T13:49:00+05:30,portfolio_hist,PREMIUM,EXIT,iron_condor,22598.95,26.67,1.0,0.0,0.0,1.041,0.458,0.331,1,13,49,0,0,0,0,0,0,high_vol_range,0.0,0,Profit target: premium decayed 71.9%,2318.25,244
2026-03-23T09:30:00+05:30,portfolio_hist,PREMIUM,SKIP,idle,22714.65,25.12,1.0,0.0,0.0,1.04,0.051,2.092,1,9,30,0,0,65,0,65,75,trending,0.0,0,,,
2026-03-23T09:35:00+05:30,portfolio_hist,PREMIUM,SKIP,idle,22734.75,25.3,1.0,0.0,0.0,1.04,0.14,2.092,1,9,35,0,0,65,0,65,75,trending,0.0,0,,,
2026-03-23T09:40:00+05:30,portfolio_hist,PREMIUM,SKIP,idle,22699.45,25.26,1.0,0.0,0.0,1.04,0.016,2.092,1,9,40,0,0,65,0,65,75,trending,0.0,0,,,
2026-03-23T09:45:00+05:30,portfolio_hist,PREMIUM,ENTER,iron_condor,22696.85,25.47,1.0,0.0,0.0,1.041,0.027,0.359,1,9,45,0,0,77,0,77,75,high_vol_range,42.99,75,,,
2026-03-23T10:00:00+05:30,portfolio_hist,TREND,ENTER,debit_spread,22587.75,26.21,1.0,0.0,0.0,1.041,0.508,0.633,1,10,0,0,0,62,0,62,60,high_vol_range,37.51,75,,,
2026-03-23T13:48:00+05:30,portfolio_hist,TREND,EXIT,debit_spread,22593.3,26.72,1.0,0.0,0.0,1.041,0.483,0.331,1,13,48,0,0,0,0,0,0,high_vol_range,0.0,0,Trend stop: lost 21.4%,-600.75,228
2026-03-23T13:49:00+05:30,portfolio_hist,PREMIUM,EXIT,iron_condor,22598.95,26.67,1.0,0.0,0.0,1.041,0.458,0.331,1,13,49,0,0,0,0,0,0,high_vol_range,0.0,0,Profit target: premium decayed 71.9%,2318.25,244
2026-03-23T09:30:00+05:30,portfolio_hist,PREMIUM,SKIP,idle,22714.65,25.12,1.0,0.0,0.0,1.04,0.051,2.092,1,9,30,0,0,65,0,65,75,trending,0.0,0,,,
2026-03-23T09:35:00+05:30,portfolio_hist,PREMIUM,SKIP,idle,22734.75,25.3,1.0,0.0,0.0,1.04,0.14,2.092,1,9,35,0,0,65,0,65,75,trending,0.0,0,,,
2026-03-23T09:40:00+05:30,portfolio_hist,PREMIUM,SKIP,idle,22699.45,25.26,1.0,0.0,0.0,1.04,0.016,2.092,1,9,40,0,0,65,0,65,75,trending,0.0,0,,,
2026-03-23T09:45:00+05:30,portfolio_hist,PREMIUM,ENTER,iron_condor,22696.85,25.47,1.0,0.0,0.0,1.041,0.027,0.359,1,9,45,0,0,77,0,77,75,high_vol_range,42.99,75,,,
2026-03-23T10:00:00+05:30,portfolio_hist,TREND,ENTER,debit_spread,22587.75,26.21,1.0,0.0,0.0,1.041,0.508,0.633,1,10,0,0,0,62,0,62,60,high_vol_range,37.51,75,,,
2026-03-23T13:48:00+05:30,portfolio_hist,TREND,EXIT,debit_spread,22593.3,26.72,1.0,0.0,0.0,1.041,0.483,0.331,1,13,48,0,0,0,0,0,0,high_vol_range,0.0,0,Trend stop: lost 21.4%,-600.75,228
2026-03-23T13:49:00+05:30,portfolio_hist,PREMIUM,EXIT,iron_condor,22598.95,26.67,1.0,0.0,0.0,1.041,0.458,0.331,1,13,49,0,0,0,0,0,0,high_vol_range,0.0,0,Profit target: premium decayed 71.9%,2318.25,244
2026-03-23T09:30:00+05:30,portfolio_hist,PREMIUM,SKIP,idle,22714.65,25.12,1.0,0.0,0.0,1.04,0.051,2.092,1,9,30,0,0,65,0,65,75,trending,0.0,0,,,
2026-03-23T09:35:00+05:30,portfolio_hist,PREMIUM,SKIP,idle,22734.75,25.3,1.0,0.0,0.0,1.04,0.14,2.092,1,9,35,0,0,65,0,65,75,trending,0.0,0,,,
2026-03-23T09:40:00+05:30,portfolio_hist,PREMIUM,SKIP,idle,22699.45,25.26,1.0,0.0,0.0,1.04,0.016,2.092,1,9,40,0,0,65,0,65,75,trending,0.0,0,,,
2026-03-23T09:45:00+05:30,portfolio_hist,PREMIUM,ENTER,iron_condor,22696.85,25.47,1.0,0.0,0.0,1.041,0.027,0.359,1,9,45,0,0,77,0,77,75,high_vol_range,42.99,75,,,
2026-03-23T10:00:00+05:30,portfolio_hist,TREND,ENTER,debit_spread,22587.75,26.21,1.0,0.0,0.0,1.041,0.508,0.633,1,10,0,0,0,62,0,62,60,high_vol_range,37.51,75,,,
2026-03-23T13:48:00+05:30,portfolio_hist,TREND,EXIT,debit_spread,22593.3,26.72,1.0,0.0,0.0,1.041,0.483,0.331,1,13,48,0,0,0,0,0,0,high_vol_range,0.0,0,Trend stop: lost 21.4%,-600.75,228
2026-03-23T13:49:00+05:30,portfolio_hist,PREMIUM,EXIT,iron_condor,22598.95,26.67,1.0,0.0,0.0,1.041,0.458,0.331,1,13,49,0,0,0,0,0,0,high_vol_range,0.0,0,Profit target: premium decayed 71.9%,2318.25,244
2026-03-23T09:30:00+05:30,portfolio_hist,PREMIUM,SKIP,idle,22714.65,25.12,1.0,0.0,0.0,1.04,0.051,2.092,1,9,30,0,0,65,0,65,75,trending,0.0,0,,,
2026-03-23T09:35:00+05:30,portfolio_hist,PREMIUM,SKIP,idle,22734.75,25.3,1.0,0.0,0.0,1.04,0.14,2.092,1,9,35,0,0,65,0,65,75,trending,0.0,0,,,
2026-03-23T09:40:00+05:30,portfolio_hist,PREMIUM,SKIP,idle,22699.45,25.26,1.0,0.0,0.0,1.04,0.016,2.092,1,9,40,0,0,65,0,65,75,trending,0.0,0,,,
2026-03-23T09:45:00+05:30,portfolio_hist,PREMIUM,ENTER,iron_condor,22696.85,25.47,1.0,0.0,0.0,1.041,0.027,0.359,1,9,45,0,0,77,0,77,75,high_vol_range,42.99,75,,,
2026-03-23T10:00:00+05:30,portfolio_hist,TREND,ENTER,debit_spread,22587.75,26.21,1.0,0.0,0.0,1.041,0.508,0.633,1,10,0,0,0,62,0,62,60,high_vol_range,37.51,75,,,
2026-03-23T13:48:00+05:30,portfolio_hist,TREND,EXIT,debit_spread,22593.3,26.72,1.0,0.0,0.0,1.041,0.483,0.331,1,13,48,0,0,0,0,0,0,high_vol_range,0.0,0,Trend stop: lost 21.4%,-600.75,228
2026-03-23T13:49:00+05:30,portfolio_hist,PREMIUM,EXIT,iron_condor,22598.95,26.67,1.0,0.0,0.0,1.041,0.458,0.331,1,13,49,0,0,0,0,0,0,high_vol_range,0.0,0,Profit target: premium decayed 71.9%,2318.25,244
2026-03-23T09:30:00+05:30,portfolio_hist,PREMIUM,SKIP,idle,22714.65,25.12,1.0,0.0,0.0,1.04,0.051,2.092,1,9,30,0,0,65,0,65,75,trending,0.0,0,,,
2026-03-23T09:35:00+05:30,portfolio_hist,PREMIUM,SKIP,idle,22734.75,25.3,1.0,0.0,0.0,1.04,0.14,2.092,1,9,35,0,0,65,0,65,75,trending,0.0,0,,,
2026-03-23T09:40:00+05:30,portfolio_hist,PREMIUM,SKIP,idle,22699.45,25.26,1.0,0.0,0.0,1.04,0.016,2.092,1,9,40,0,0,65,0,65,75,trending,0.0,0,,,
2026-03-23T09:45:00+05:30,portfolio_hist,PREMIUM,ENTER,iron_condor,22696.85,25.47,1.0,0.0,0.0,1.041,0.027,0.359,1,9,45,0,0,77,0,77,75,high_vol_range,42.99,75,,,
2026-03-23T10:00:00+05:30,portfolio_hist,TREND,ENTER,debit_spread,22587.75,26.21,1.0,0.0,0.0,1.041,0.508,0.633,1,10,0,0,0,62,0,62,60,high_vol_range,37.51,75,,,
2026-03-23T13:48:00+05:30,portfolio_hist,TREND,EXIT,debit_spread,22593.3,26.72,1.0,0.0,0.0,1.041,0.483,0.331,1,13,48,0,0,0,0,0,0,high_vol_range,0.0,0,Trend stop: lost 21.4%,-600.75,228
2026-03-23T13:49:00+05:30,portfolio_hist,PREMIUM,EXIT,iron_condor,22598.95,26.67,1.0,0.0,0.0,1.041,0.458,0.331,1,13,49,0,0,0,0,0,0,high_vol_range,0.0,0,Profit target: premium decayed 71.9%,2318.25,244
2026-03-23T09:30:00+05:30,portfolio_hist,PREMIUM,SKIP,idle,22714.65,25.12,1.0,0.0,0.0,1.04,0.051,2.092,1,9,30,0,0,65,0,65,75,trending,0.0,0,,,
2026-03-23T09:35:00+05:30,portfolio_hist,PREMIUM,SKIP,idle,22734.75,25.3,1.0,0.0,0.0,1.04,0.14,2.092,1,9,35,0,0,65,0,65,75,trending,0.0,0,,,
2026-03-23T09:40:00+05:30,portfolio_hist,PREMIUM,SKIP,idle,22699.45,25.26,1.0,0.0,0.0,1.04,0.016,2.092,1,9,40,0,0,65,0,65,75,trending,0.0,0,,,
2026-03-23T09:45:00+05:30,portfolio_hist,PREMIUM,ENTER,iron_condor,22696.85,25.47,1.0,0.0,0.0,1.041,0.027,0.359,1,9,45,0,0,77,0,77,75,high_vol_range,42.99,75,,,
2026-03-23T10:00:00+05:30,portfolio_hist,TREND,ENTER,debit_spread,22587.75,26.21,1.0,0.0,0.0,1.041,0.508,0.633,1,10,0,0,0,62,0,62,60,high_vol_range,37.51,75,,,
2026-03-23T13:48:00+05:30,portfolio_hist,TREND,EXIT,debit_spread,22593.3,26.72,1.0,0.0,0.0,1.041,0.483,0.331,1,13,48,0,0,0,0,0,0,high_vol_range,0.0,0,Trend stop: lost 21.4%,-600.75,228
2026-03-23T13:49:00+05:30,portfolio_hist,PREMIUM,EXIT,iron_condor,22598.95,26.67,1.0,0.0,0.0,1.041,0.458,0.331,1,13,49,0,0,0,0,0,0,high_vol_range,0.0,0,Profit target: premium decayed 71.9%,2318.25,244
2026-03-23T09:30:00+05:30,portfolio_hist,PREMIUM,SKIP,idle,22714.65,25.12,1.0,0.0,0.0,1.04,0.051,2.092,1,9,30,0,0,65,0,65,75,trending,0.0,0,,,
2026-03-23T09:35:00+05:30,portfolio_hist,PREMIUM,SKIP,idle,22734.75,25.3,1.0,0.0,0.0,1.04,0.14,2.092,1,9,35,0,0,65,0,65,75,trending,0.0,0,,,
2026-03-23T09:40:00+05:30,portfolio_hist,PREMIUM,SKIP,idle,22699.45,25.26,1.0,0.0,0.0,1.04,0.016,2.092,1,9,40,0,0,65,0,65,75,trending,0.0,0,,,
2026-03-23T09:45:00+05:30,portfolio_hist,PREMIUM,ENTER,iron_condor,22696.85,25.47,1.0,0.0,0.0,1.041,0.027,0.359,1,9,45,0,0,77,0,77,75,high_vol_range,42.99,75,,,
2026-03-23T10:00:00+05:30,portfolio_hist,TREND,ENTER,debit_spread,22587.75,26.21,1.0,0.0,0.0,1.041,0.508,0.633,1,10,0,0,0,62,0,62,60,high_vol_range,37.51,75,,,
2026-03-23T13:48:00+05:30,portfolio_hist,TREND,EXIT,debit_spread,22593.3,26.72,1.0,0.0,0.0,1.041,0.483,0.331,1,13,48,0,0,0,0,0,0,high_vol_range,0.0,0,Trend stop: lost 21.4%,-600.75,228
2026-03-23T13:49:00+05:30,portfolio_hist,PREMIUM,EXIT,iron_condor,22598.95,26.67,1.0,0.0,0.0,1.041,0.458,0.331,1,13,49,0,0,0,0,0,0,high_vol_range,0.0,0,Profit target: premium decayed 71.9%,2318.25,244
2026-03-23T09:30:00+05:30,portfolio_hist,PREMIUM,SKIP,idle,22714.65,25.12,1.0,0.0,0.0,1.04,0.051,2.092,1,9,30,0,0,65,0,65,75,trending,0.0,0,,,
2026-03-23T09:35:00+05:30,portfolio_hist,PREMIUM,SKIP,idle,22734.75,25.3,1.0,0.0,0.0,1.04,0.14,2.092,1,9,35,0,0,65,0,65,75,trending,0.0,0,,,
2026-03-23T09:40:00+05:30,portfolio_hist,PREMIUM,SKIP,idle,22699.45,25.26,1.0,0.0,0.0,1.04,0.016,2.092,1,9,40,0,0,65,0,65,75,trending,0.0,0,,,
2026-03-23T09:45:00+05:30,portfolio_hist,PREMIUM,ENTER,iron_condor,22696.85,25.47,1.0,0.0,0.0,1.041,0.027,0.359,1,9,45,0,0,77,0,77,75,high_vol_range,42.99,75,,,
2026-03-23T10:00:00+05:30,portfolio_hist,TREND,ENTER,debit_spread,22587.75,26.21,1.0,0.0,0.0,1.041,0.508,0.633,1,10,0,0,0,62,0,62,60,high_vol_range,37.51,75,,,
2026-03-23T13:48:00+05:30,portfolio_hist,TREND,EXIT,debit_spread,22593.3,26.72,1.0,0.0,0.0,1.041,0.483,0.331,1,13,48,0,0,0,0,0,0,high_vol_range,0.0,0,Trend stop: lost 21.4%,-600.75,228
2026-03-23T13:49:00+05:30,portfolio_hist,PREMIUM,EXIT,iron_condor,22598.95,26.67,1.0,0.0,0.0,1.041,0.458,0.331,1,13,49,0,0,0,0,0,0,high_vol_range,0.0,0,Profit target: premium decayed 71.9%,2318.25,244
2026-03-23T09:30:00+05:30,portfolio_hist,PREMIUM,SKIP,idle,22714.65,25.12,1.0,0.0,0.0,1.04,0.051,2.092,1,9,30,0,0,65,0,65,75,trending,0.0,0,,,
2026-03-23T09:35:00+05:30,portfolio_hist,PREMIUM,SKIP,idle,22734.75,25.3,1.0,0.0,0.0,1.04,0.14,2.092,1,9,35,0,0,65,0,65,75,trending,0.0,0,,,
2026-03-23T09:40:00+05:30,portfolio_hist,PREMIUM,SKIP,idle,22699.45,25.26,1.0,0.0,0.0,1.04,0.016,2.092,1,9,40,0,0,65,0,65,75,trending,0.0,0,,,
2026-03-23T09:45:00+05:30,portfolio_hist,PREMIUM,ENTER,iron_condor,22696.85,25.47,1.0,0.0,0.0,1.041,0.027,0.359,1,9,45,0,0,77,0,77,75,high_vol_range,42.99,75,,,
2026-03-23T10:00:00+05:30,portfolio_hist,TREND,ENTER,debit_spread,22587.75,26.21,1.0,0.0,0.0,1.041,0.508,0.633,1,10,0,0,0,62,0,62,60,high_vol_range,37.51,75,,,
2026-03-23T13:48:00+05:30,portfolio_hist,TREND,EXIT,debit_spread,22593.3,26.72,1.0,0.0,0.0,1.041,0.483,0.331,1,13,48,0,0,0,0,0,0,high_vol_range,0.0,0,Trend stop: lost 21.4%,-600.75,228
2026-03-23T13:49:00+05:30,portfolio_hist,PREMIUM,EXIT,iron_condor,22598.95,26.67,1.0,0.0,0.0,1.041,0.458,0.331,1,13,49,0,0,0,0,0,0,high_vol_range,0.0,0,Profit target: premium decayed 71.9%,2318.25,244
2026-03-23T09:30:00+05:30,portfolio_hist,PREMIUM,SKIP,idle,22714.65,25.12,1.0,0.0,0.0,1.04,0.051,2.092,1,9,30,0,0,65,0,65,75,trending,0.0,0,,,
2026-03-23T09:35:00+05:30,portfolio_hist,PREMIUM,SKIP,idle,22734.75,25.3,1.0,0.0,0.0,1.04,0.14,2.092,1,9,35,0,0,65,0,65,75,trending,0.0,0,,,
2026-03-23T09:40:00+05:30,portfolio_hist,PREMIUM,SKIP,idle,22699.45,25.26,1.0,0.0,0.0,1.04,0.016,2.092,1,9,40,0,0,65,0,65,75,trending,0.0,0,,,
2026-03-23T09:45:00+05:30,portfolio_hist,PREMIUM,ENTER,iron_condor,22696.85,25.47,1.0,0.0,0.0,1.041,0.027,0.359,1,9,45,0,0,77,0,77,75,high_vol_range,42.99,75,,,
2026-03-23T10:00:00+05:30,portfolio_hist,TREND,ENTER,debit_spread,22587.75,26.21,1.0,0.0,0.0,1.041,0.508,0.633,1,10,0,0,0,62,0,62,60,high_vol_range,37.51,75,,,
2026-03-23T13:48:00+05:30,portfolio_hist,TREND,EXIT,debit_spread,22593.3,26.72,1.0,0.0,0.0,1.041,0.483,0.331,1,13,48,0,0,0,0,0,0,high_vol_range,0.0,0,Trend stop: lost 21.4%,-600.75,228
2026-03-23T13:49:00+05:30,portfolio_hist,PREMIUM,EXIT,iron_condor,22598.95,26.67,1.0,0.0,0.0,1.041,0.458,0.331,1,13,49,0,0,0,0,0,0,high_vol_range,0.0,0,Profit target: premium decayed 71.9%,2318.25,244
2026-03-23T09:30:00+05:30,portfolio_hist,PREMIUM,SKIP,idle,22714.65,25.12,1.0,0.0,0.0,1.04,0.051,2.092,1,9,30,0,0,65,0,65,75,trending,0.0,0,,,
2026-03-23T09:35:00+05:30,portfolio_hist,PREMIUM,SKIP,idle,22734.75,25.3,1.0,0.0,0.0,1.04,0.14,2.092,1,9,35,0,0,65,0,65,75,trending,0.0,0,,,
2026-03-23T09:40:00+05:30,portfolio_hist,PREMIUM,SKIP,idle,22699.45,25.26,1.0,0.0,0.0,1.04,0.016,2.092,1,9,40,0,0,65,0,65,75,trending,0.0,0,,,
2026-03-23T09:45:00+05:30,portfolio_hist,PREMIUM,ENTER,iron_condor,22696.85,25.47,1.0,0.0,0.0,1.041,0.027,0.359,1,9,45,0,0,77,0,77,75,high_vol_range,42.99,75,,,
2026-03-23T10:00:00+05:30,portfolio_hist,TREND,ENTER,debit_spread,22587.75,26.21,1.0,0.0,0.0,1.041,0.508,0.633,1,10,0,0,0,62,0,62,60,high_vol_range,37.51,75,,,
2026-03-23T13:48:00+05:30,portfolio_hist,TREND,EXIT,debit_spread,22593.3,26.72,1.0,0.0,0.0,1.041,0.483,0.331,1,13,48,0,0,0,0,0,0,high_vol_range,0.0,0,Trend stop: lost 21.4%,-600.75,228
2026-03-23T13:49:00+05:30,portfolio_hist,PREMIUM,EXIT,iron_condor,22598.95,26.67,1.0,0.0,0.0,1.041,0.458,0.331,1,13,49,0,0,0,0,0,0,high_vol_range,0.0,0,Profit target: premium decayed 71.9%,2318.25,244
2026-03-23T09:30:00+05:30,portfolio_hist,PREMIUM,SKIP,idle,22714.65,25.12,1.0,0.0,0.0,1.04,0.051,2.092,1,9,30,0,0,65,0,65,75,trending,0.0,0,,,
2026-03-23T09:35:00+05:30,portfolio_hist,PREMIUM,SKIP,idle,22734.75,25.3,1.0,0.0,0.0,1.04,0.14,2.092,1,9,35,0,0,65,0,65,75,trending,0.0,0,,,
2026-03-23T09:40:00+05:30,portfolio_hist,PREMIUM,SKIP,idle,22699.45,25.26,1.0,0.0,0.0,1.04,0.016,2.092,1,9,40,0,0,65,0,65,75,trending,0.0,0,,,
2026-03-23T09:45:00+05:30,portfolio_hist,PREMIUM,ENTER,iron_condor,22696.85,25.47,1.0,0.0,0.0,1.041,0.027,0.359,1,9,45,0,0,77,0,77,75,high_vol_range,42.99,75,,,
2026-03-23T10:00:00+05:30,portfolio_hist,TREND,ENTER,debit_spread,22587.75,26.21,1.0,0.0,0.0,1.041,0.508,0.633,1,10,0,0,0,62,0,62,60,high_vol_range,37.51,75,,,
2026-03-23T13:48:00+05:30,portfolio_hist,TREND,EXIT,debit_spread,22593.3,26.72,1.0,0.0,0.0,1.041,0.483,0.331,1,13,48,0,0,0,0,0,0,high_vol_range,0.0,0,Trend stop: lost 21.4%,-600.75,228
2026-03-23T13:49:00+05:30,portfolio_hist,PREMIUM,EXIT,iron_condor,22598.95,26.67,1.0,0.0,0.0,1.041,0.458,0.331,1,13,49,0,0,0,0,0,0,high_vol_range,0.0,0,Profit target: premium decayed 71.9%,2318.25,244
2026-03-23T09:30:00+05:30,portfolio_hist,PREMIUM,SKIP,idle,22714.65,25.12,1.0,0.0,0.0,1.04,0.051,2.092,1,9,30,0,0,65,0,65,75,trending,0.0,0,,,
2026-03-23T09:35:00+05:30,portfolio_hist,PREMIUM,SKIP,idle,22734.75,25.3,1.0,0.0,0.0,1.04,0.14,2.092,1,9,35,0,0,65,0,65,75,trending,0.0,0,,,
2026-03-23T09:40:00+05:30,portfolio_hist,PREMIUM,SKIP,idle,22699.45,25.26,1.0,0.0,0.0,1.04,0.016,2.092,1,9,40,0,0,65,0,65,75,trending,0.0,0,,,
2026-03-23T09:45:00+05:30,portfolio_hist,PREMIUM,ENTER,iron_condor,22696.85,25.47,1.0,0.0,0.0,1.041,0.027,0.359,1,9,45,0,0,77,0,77,75,high_vol_range,42.99,75,,,
2026-03-23T10:00:00+05:30,portfolio_hist,TREND,ENTER,debit_spread,22587.75,26.21,1.0,0.0,0.0,1.041,0.508,0.633,1,10,0,0,0,62,0,62,60,high_vol_range,37.51,75,,,
2026-03-23T13:48:00+05:30,portfolio_hist,TREND,EXIT,debit_spread,22593.3,26.72,1.0,0.0,0.0,1.041,0.483,0.331,1,13,48,0,0,0,0,0,0,high_vol_range,0.0,0,Trend stop: lost 21.4%,-600.75,228
2026-03-23T13:49:00+05:30,portfolio_hist,PREMIUM,EXIT,iron_condor,22598.95,26.67,1.0,0.0,0.0,1.041,0.458,0.331,1,13,49,0,0,0,0,0,0,high_vol_range,0.0,0,Profit target: premium decayed 71.9%,2318.25,244
2026-03-23T09:30:00+05:30,portfolio_hist,PREMIUM,SKIP,idle,22714.65,25.12,1.0,0.0,0.0,1.04,0.051,2.092,1,9,30,0,0,65,0,65,75,trending,0.0,0,,,
2026-03-23T09:35:00+05:30,portfolio_hist,PREMIUM,SKIP,idle,22734.75,25.3,1.0,0.0,0.0,1.04,0.14,2.092,1,9,35,0,0,65,0,65,75,trending,0.0,0,,,
2026-03-23T09:40:00+05:30,portfolio_hist,PREMIUM,SKIP,idle,22699.45,25.26,1.0,0.0,0.0,1.04,0.016,2.092,1,9,40,0,0,65,0,65,75,trending,0.0,0,,,
2026-03-23T09:45:00+05:30,portfolio_hist,PREMIUM,ENTER,iron_condor,22696.85,25.47,1.0,0.0,0.0,1.041,0.027,0.359,1,9,45,0,0,77,0,77,75,high_vol_range,42.99,75,,,
2026-03-23T10:00:00+05:30,portfolio_hist,TREND,ENTER,debit_spread,22587.75,26.21,1.0,0.0,0.0,1.041,0.508,0.633,1,10,0,0,0,62,0,62,60,high_vol_range,37.51,75,,,
2026-03-23T13:48:00+05:30,portfolio_hist,TREND,EXIT,debit_spread,22593.3,26.72,1.0,0.0,0.0,1.041,0.483,0.331,1,13,48,0,0,0,0,0,0,high_vol_range,0.0,0,Trend stop: lost 21.4%,-600.75,228
2026-03-23T13:49:00+05:30,portfolio_hist,PREMIUM,EXIT,iron_condor,22598.95,26.67,1.0,0.0,0.0,1.041,0.458,0.331,1,13,49,0,0,0,0,0,0,high_vol_range,0.0,0,Profit target: premium decayed 71.9%,2318.25,244
2026-03-23T09:30:00+05:30,portfolio_hist,PREMIUM,SKIP,idle,22714.65,25.12,1.0,0.0,0.0,1.04,0.051,2.092,1,9,30,0,0,65,0,65,75,trending,0.0,0,,,
2026-03-23T09:35:00+05:30,portfolio_hist,PREMIUM,SKIP,idle,22734.75,25.3,1.0,0.0,0.0,1.04,0.14,2.092,1,9,35,0,0,65,0,65,75,trending,0.0,0,,,
2026-03-23T09:40:00+05:30,portfolio_hist,PREMIUM,SKIP,idle,22699.45,25.26,1.0,0.0,0.0,1.04,0.016,2.092,1,9,40,0,0,65,0,65,75,trending,0.0,0,,,
2026-03-23T09:45:00+05:30,portfolio_hist,PREMIUM,ENTER,iron_condor,22696.85,25.47,1.0,0.0,0.0,1.041,0.027,0.359,1,9,45,0,0,77,0,77,75,high_vol_range,42.99,75,,,
2026-03-23T10:00:00+05:30,portfolio_hist,TREND,ENTER,debit_spread,22587.75,26.21,1.0,0.0,0.0,1.041,0.508,0.633,1,10,0,0,0,62,0,62,60,high_vol_range,37.51,75,,,
2026-03-23T12:24:00+05:30,portfolio_hist,TREND,EXIT,debit_spread,22482.95,26.87,1.0,0.0,0.0,1.041,0.969,0.182,1,12,24,0,0,0,0,0,0,high_vol_range,0.0,0,Trend profit: spread at 51.2% of max,1028.25,144
2026-03-23T13:44:00+05:30,portfolio_hist,PREMIUM,EXIT,iron_condor,22561.7,26.74,1.0,0.0,0.0,1.041,0.622,0.209,1,13,44,0,0,0,0,0,0,high_vol_range,0.0,0,Profit target: premium decayed 55.7%,1794.75,239
2026-03-23T09:30:00+05:30,portfolio_hist,PREMIUM,SKIP,idle,22714.65,25.12,1.0,0.0,0.0,1.04,0.051,2.092,1,9,30,0,0,65,0,65,75,trending,0.0,0,,,
2026-03-23T09:35:00+05:30,portfolio_hist,PREMIUM,SKIP,idle,22734.75,25.3,1.0,0.0,0.0,1.04,0.14,2.092,1,9,35,0,0,65,0,65,75,trending,0.0,0,,,
2026-03-23T09:40:00+05:30,portfolio_hist,PREMIUM,SKIP,idle,22699.45,25.26,1.0,0.0,0.0,1.04,0.016,2.092,1,9,40,0,0,65,0,65,75,trending,0.0,0,,,
2026-03-23T09:45:00+05:30,portfolio_hist,PREMIUM,ENTER,iron_condor,22696.85,25.47,1.0,0.0,0.0,1.041,0.027,0.359,1,9,45,0,0,77,0,77,75,high_vol_range,42.99,75,,,
2026-03-23T10:00:00+05:30,portfolio_hist,TREND,ENTER,debit_spread,22587.75,26.21,1.0,0.0,0.0,1.041,0.508,0.633,1,10,0,0,0,62,0,62,60,high_vol_range,37.51,75,,,
2026-03-23T13:48:00+05:30,portfolio_hist,TREND,EXIT,debit_spread,22593.3,26.72,1.0,0.0,0.0,1.041,0.483,0.331,1,13,48,0,0,0,0,0,0,high_vol_range,0.0,0,Trend stop: lost 21.4%,-600.75,228
2026-03-23T13:49:00+05:30,portfolio_hist,PREMIUM,EXIT,iron_condor,22598.95,26.67,1.0,0.0,0.0,1.041,0.458,0.331,1,13,49,0,0,0,0,0,0,high_vol_range,0.0,0,Profit target: premium decayed 71.9%,2318.25,244
2026-03-23T09:30:00+05:30,portfolio_hist,PREMIUM,SKIP,idle,22714.65,25.12,1.0,0.0,0.0,1.04,0.051,2.092,1,9,30,0,0,65,0,65,75,trending,0.0,0,,,
2026-03-23T09:35:00+05:30,portfolio_hist,PREMIUM,SKIP,idle,22734.75,25.3,1.0,0.0,0.0,1.04,0.14,2.092,1,9,35,0,0,65,0,65,75,trending,0.0,0,,,
2026-03-23T09:40:00+05:30,portfolio_hist,PREMIUM,SKIP,idle,22699.45,25.26,1.0,0.0,0.0,1.04,0.016,2.092,1,9,40,0,0,65,0,65,75,trending,0.0,0,,,
2026-03-23T09:45:00+05:30,portfolio_hist,PREMIUM,ENTER,iron_condor,22696.85,25.47,1.0,0.0,0.0,1.041,0.027,0.359,1,9,45,0,0,77,0,77,75,high_vol_range,42.99,75,,,
2026-03-23T10:00:00+05:30,portfolio_hist,TREND,ENTER,debit_spread,22587.75,26.21,1.0,0.0,0.0,1.041,0.508,0.633,1,10,0,0,0,62,0,62,60,high_vol_range,37.51,75,,,
2026-03-23T13:48:00+05:30,portfolio_hist,TREND,EXIT,debit_spread,22593.3,26.72,1.0,0.0,0.0,1.041,0.483,0.331,1,13,48,0,0,0,0,0,0,high_vol_range,0.0,0,Trend stop: lost 21.4%,-600.75,228
2026-03-23T13:49:00+05:30,portfolio_hist,PREMIUM,EXIT,iron_condor,22598.95,26.67,1.0,0.0,0.0,1.041,0.458,0.331,1,13,49,0,0,0,0,0,0,high_vol_range,0.0,0,Profit target: premium decayed 71.9%,2318.25,244
2026-03-23T09:30:00+05:30,portfolio_hist,PREMIUM,SKIP,idle,22714.65,25.12,1.0,0.0,0.0,1.04,0.051,2.092,1,9,30,0,0,65,0,65,75,trending,0.0,0,,,
2026-03-23T09:35:00+05:30,portfolio_hist,PREMIUM,SKIP,idle,22734.75,25.3,1.0,0.0,0.0,1.04,0.14,2.092,1,9,35,0,0,65,0,65,75,trending,0.0,0,,,
2026-03-23T09:40:00+05:30,portfolio_hist,PREMIUM,SKIP,idle,22699.45,25.26,1.0,0.0,0.0,1.04,0.016,2.092,1,9,40,0,0,65,0,65,75,trending,0.0,0,,,
2026-03-23T09:45:00+05:30,portfolio_hist,PREMIUM,ENTER,iron_condor,22696.85,25.47,1.0,0.0,0.0,1.041,0.027,0.359,1,9,45,0,0,77,0,77,75,high_vol_range,42.99,75,,,
2026-03-23T10:00:00+05:30,portfolio_hist,TREND,ENTER,debit_spread,22587.75,26.21,1.0,0.0,0.0,1.041,0.508,0.633,1,10,0,0,0,62,0,62,60,high_vol_range,37.51,75,,,
2026-03-23T12:24:00+05:30,portfolio_hist,TREND,EXIT,debit_spread,22482.95,26.87,1.0,0.0,0.0,1.041,0.969,0.182,1,12,24,0,0,0,0,0,0,high_vol_range,0.0,0,Trend profit: spread at 51.2% of max,1028.25,144
2026-03-23T13:44:00+05:30,portfolio_hist,PREMIUM,EXIT,iron_condor,22561.7,26.74,1.0,0.0,0.0,1.041,0.622,0.209,1,13,44,0,0,0,0,0,0,high_vol_range,0.0,0,Profit target: premium decayed 55.7%,1794.75,239
2026-03-23T09:30:00+05:30,portfolio_hist,PREMIUM,SKIP,idle,22714.65,25.12,1.0,0.0,0.0,1.04,0.051,2.092,1,9,30,0,0,65,0,65,75,trending,0.0,0,,,
2026-03-23T09:35:00+05:30,portfolio_hist,PREMIUM,SKIP,idle,22734.75,25.3,1.0,0.0,0.0,1.04,0.14,2.092,1,9,35,0,0,65,0,65,75,trending,0.0,0,,,
2026-03-23T09:40:00+05:30,portfolio_hist,PREMIUM,SKIP,idle,22699.45,25.26,1.0,0.0,0.0,1.04,0.016,2.092,1,9,40,0,0,65,0,65,75,trending,0.0,0,,,
2026-03-23T09:45:00+05:30,portfolio_hist,PREMIUM,ENTER,iron_condor,22696.85,25.47,1.0,0.0,0.0,1.041,0.027,0.359,1,9,45,0,0,77,0,77,75,high_vol_range,42.99,75,,,
2026-03-23T10:00:00+05:30,portfolio_hist,TREND,ENTER,debit_spread,22587.75,26.21,1.0,0.0,0.0,1.041,0.508,0.633,1,10,0,0,0,62,0,62,60,high_vol_range,37.51,75,,,
2026-03-23T12:24:00+05:30,portfolio_hist,TREND,EXIT,debit_spread,22482.95,26.87,1.0,0.0,0.0,1.041,0.969,0.182,1,12,24,0,0,0,0,0,0,high_vol_range,0.0,0,Trend profit: spread at 51.2% of max,1028.25,144
2026-03-23T13:44:00+05:30,portfolio_hist,PREMIUM,EXIT,iron_condor,22561.7,26.74,1.0,0.0,0.0,1.041,0.622,0.209,1,13,44,0,0,0,0,0,0,high_vol_range,0.0,0,Profit target: premium decayed 55.7%,1794.75,239
2026-03-23T09:30:00+05:30,portfolio_hist,PREMIUM,SKIP,idle,22714.65,25.12,1.0,0.0,0.0,1.04,0.051,2.092,1,9,30,0,0,65,0,65,75,trending,0.0,0,,,
2026-03-23T09:35:00+05:30,portfolio_hist,PREMIUM,SKIP,idle,22734.75,25.3,1.0,0.0,0.0,1.04,0.14,2.092,1,9,35,0,0,65,0,65,75,trending,0.0,0,,,
2026-03-23T09:40:00+05:30,portfolio_hist,PREMIUM,SKIP,idle,22699.45,25.26,1.0,0.0,0.0,1.04,0.016,2.092,1,9,40,0,0,65,0,65,75,trending,0.0,0,,,
2026-03-23T09:45:00+05:30,portfolio_hist,PREMIUM,ENTER,iron_condor,22696.85,25.47,1.0,0.0,0.0,1.041,0.027,0.359,1,9,45,0,0,77,0,77,75,high_vol_range,42.99,75,,,
2026-03-23T10:00:00+05:30,portfolio_hist,TREND,ENTER,debit_spread,22587.75,26.21,1.0,0.0,0.0,1.041,0.508,0.633,1,10,0,0,0,62,0,62,60,high_vol_range,37.51,75,,,
2026-03-23T13:46:00+05:30,portfolio_hist,PREMIUM,EXIT,iron_condor,22570.8,26.74,1.0,0.0,0.0,1.041,0.582,0.331,1,13,46,0,0,0,0,0,0,high_vol_range,0.0,0,Profit target: premium decayed 60.4%,1947.75,241
2026-03-23T13:48:00+05:30,portfolio_hist,TREND,EXIT,debit_spread,22593.3,26.72,1.0,0.0,0.0,1.041,0.483,0.331,1,13,48,0,0,0,0,0,0,high_vol_range,0.0,0,Trend stop: lost 21.4%,-600.75,228
2026-03-23T09:30:00+05:30,portfolio_hist,PREMIUM,SKIP,idle,22714.65,25.12,1.0,0.0,0.0,1.04,0.051,2.092,1,9,30,0,0,65,0,65,75,trending,0.0,0,,,
2026-03-23T09:35:00+05:30,portfolio_hist,PREMIUM,SKIP,idle,22734.75,25.3,1.0,0.0,0.0,1.04,0.14,2.092,1,9,35,0,0,65,0,65,75,trending,0.0,0,,,
2026-03-23T09:40:00+05:30,portfolio_hist,PREMIUM,SKIP,idle,22699.45,25.26,1.0,0.0,0.0,1.04,0.016,2.092,1,9,40,0,0,65,0,65,75,trending,0.0,0,,,
2026-03-23T09:45:00+05:30,portfolio_hist,PREMIUM,ENTER,iron_condor,22696.85,25.47,1.0,0.0,0.0,1.041,0.027,0.359,1,9,45,0,0,77,0,77,75,high_vol_range,42.99,75,,,
2026-03-23T10:00:00+05:30,portfolio_hist,TREND,ENTER,debit_spread,22587.75,26.21,1.0,0.0,0.0,1.041,0.508,0.633,1,10,0,0,0,62,0,62,60,high_vol_range,37.51,75,,,
2026-03-23T13:46:00+05:30,portfolio_hist,PREMIUM,EXIT,iron_condor,22570.8,26.74,1.0,0.0,0.0,1.041,0.582,0.331,1,13,46,0,0,0,0,0,0,high_vol_range,0.0,0,Profit target: premium decayed 60.4%,1947.75,241
2026-03-23T13:48:00+05:30,portfolio_hist,TREND,EXIT,debit_spread,22593.3,26.72,1.0,0.0,0.0,1.041,0.483,0.331,1,13,48,0,0,0,0,0,0,high_vol_range,0.0,0,Trend stop: lost 21.4%,-600.75,228
2026-03-23T09:30:00+05:30,portfolio_hist,PREMIUM,SKIP,idle,22714.65,25.12,1.0,0.0,0.0,1.04,0.051,2.092,1,9,30,0,0,65,0,65,75,trending,0.0,0,,,
2026-03-23T09:35:00+05:30,portfolio_hist,PREMIUM,SKIP,idle,22734.75,25.3,1.0,0.0,0.0,1.04,0.14,2.092,1,9,35,0,0,65,0,65,75,trending,0.0,0,,,
2026-03-23T09:40:00+05:30,portfolio_hist,PREMIUM,SKIP,idle,22699.45,25.26,1.0,0.0,0.0,1.04,0.016,2.092,1,9,40,0,0,65,0,65,75,trending,0.0,0,,,
2026-03-23T09:45:00+05:30,portfolio_hist,PREMIUM,ENTER,iron_condor,22696.85,25.47,1.0,0.0,0.0,1.041,0.027,0.359,1,9,45,0,0,77,0,77,75,high_vol_range,42.99,75,,,
2026-03-23T10:00:00+05:30,portfolio_hist,TREND,ENTER,debit_spread,22587.75,26.21,1.0,0.0,0.0,1.041,0.508,0.633,1,10,0,0,0,62,0,62,60,high_vol_range,37.51,75,,,
2026-03-23T13:46:00+05:30,portfolio_hist,PREMIUM,EXIT,iron_condor,22570.8,26.74,1.0,0.0,0.0,1.041,0.582,0.331,1,13,46,0,0,0,0,0,0,high_vol_range,0.0,0,Profit target: premium decayed 60.4%,1947.75,241
2026-03-23T13:48:00+05:30,portfolio_hist,TREND,EXIT,debit_spread,22593.3,26.72,1.0,0.0,0.0,1.041,0.483,0.331,1,13,48,0,0,0,0,0,0,high_vol_range,0.0,0,Trend stop: lost 21.4%,-600.75,228
2026-03-23T09:30:00+05:30,portfolio_replay,PREMIUM,ENTER,iron_condor,22714.65,25.12,1.0,0.0,0.0,1.04,0.051,0.286,1,9,30,0,0,90,0,90,75,high_vol_range,37.2,75,,,
2026-03-23T10:25:00+05:30,portfolio_replay,TREND,ENTER,debit_spread,22542.3,26.18,1.0,0.0,0.0,1.041,0.708,0.373,1,10,25,0,0,62,0,62,60,high_vol_range,36.77,75,,,
2026-03-23T13:44:00+05:30,portfolio_replay,TREND,EXIT,debit_spread,22561.7,26.74,1.0,0.0,0.0,1.041,0.622,0.209,1,13,44,0,0,0,0,0,0,high_vol_range,0.0,0,Trend stop: lost 27.2%,-749.25,199
2026-03-23T13:48:00+05:30,portfolio_replay,PREMIUM,EXIT,iron_condor,22593.3,26.72,1.0,0.0,0.0,1.041,0.483,0.331,1,13,48,0,0,0,0,0,0,high_vol_range,0.0,0,Profit target: premium decayed 65.6%,1830.0,258
2026-03-23T09:30:00+05:30,portfolio_hist,PREMIUM,ENTER,iron_condor,22714.65,25.12,1.0,0.0,0.0,1.04,0.051,0.286,1,9,30,0,0,90,0,90,75,high_vol_range,37.2,75,,,
2026-03-23T10:25:00+05:30,portfolio_hist,TREND,ENTER,debit_spread,22542.3,26.18,1.0,0.0,0.0,1.041,0.708,0.373,1,10,25,0,0,62,0,62,60,high_vol_range,36.77,75,,,
2026-03-23T13:44:00+05:30,portfolio_hist,TREND,EXIT,debit_spread,22561.7,26.74,1.0,0.0,0.0,1.041,0.622,0.209,1,13,44,0,0,0,0,0,0,high_vol_range,0.0,0,Trend stop: lost 27.2%,-749.25,199
2026-03-23T13:48:00+05:30,portfolio_hist,PREMIUM,EXIT,iron_condor,22593.3,26.72,1.0,0.0,0.0,1.041,0.483,0.331,1,13,48,0,0,0,0,0,0,high_vol_range,0.0,0,Profit target: premium decayed 65.6%,1830.0,258
2026-03-23T09:30:00+05:30,portfolio_replay,PREMIUM,ENTER,iron_condor,22714.65,25.12,1.0,0.0,0.0,1.04,0.051,0.286,1,9,30,0,0,90,0,90,75,high_vol_range,37.2,75,,,
2026-03-23T10:25:00+05:30,portfolio_replay,TREND,ENTER,debit_spread,22542.3,26.18,1.0,0.0,0.0,1.041,0.708,0.373,1,10,25,0,0,62,0,62,60,high_vol_range,36.77,75,,,
2026-03-23T13:44:00+05:30,portfolio_replay,TREND,EXIT,debit_spread,22561.7,26.74,1.0,0.0,0.0,1.041,0.622,0.209,1,13,44,0,0,0,0,0,0,high_vol_range,0.0,0,Trend stop: lost 27.2%,-749.25,199
2026-03-23T13:48:00+05:30,portfolio_replay,PREMIUM,EXIT,iron_condor,22593.3,26.72,1.0,0.0,0.0,1.041,0.483,0.331,1,13,48,0,0,0,0,0,0,high_vol_range,0.0,0,Profit target: premium decayed 65.6%,1830.0,258
2026-03-23T09:30:00+05:30,portfolio_hist,PREMIUM,SKIP,idle,22714.65,25.12,1.0,0.0,0.0,1.04,0.051,2.092,1,9,30,0,0,65,0,65,75,trending,0.0,0,,,
2026-03-23T09:35:00+05:30,portfolio_hist,PREMIUM,SKIP,idle,22734.75,25.3,1.0,0.0,0.0,1.04,0.14,2.092,1,9,35,0,0,65,0,65,75,trending,0.0,0,,,
2026-03-23T09:40:00+05:30,portfolio_hist,PREMIUM,SKIP,idle,22699.45,25.26,1.0,0.0,0.0,1.04,0.016,2.092,1,9,40,0,0,65,0,65,75,trending,0.0,0,,,
2026-03-23T09:45:00+05:30,portfolio_hist,PREMIUM,ENTER,iron_condor,22696.85,25.47,1.0,0.0,0.0,1.041,0.027,0.359,1,9,45,0,0,77,0,77,75,high_vol_range,42.99,75,,,
2026-03-23T10:00:00+05:30,portfolio_hist,TREND,ENTER,debit_spread,22587.75,26.21,1.0,0.0,0.0,1.041,0.508,0.633,1,10,0,0,0,62,0,62,60,high_vol_range,37.51,75,,,
2026-03-23T12:24:00+05:30,portfolio_hist,TREND,EXIT,debit_spread,22482.95,26.87,1.0,0.0,0.0,1.041,0.969,0.182,1,12,24,0,0,0,0,0,0,high_vol_range,0.0,0,Trend profit: spread at 51.2% of max,1028.25,144
2026-03-23T13:44:00+05:30,portfolio_hist,PREMIUM,EXIT,iron_condor,22561.7,26.74,1.0,0.0,0.0,1.041,0.622,0.209,1,13,44,0,0,0,0,0,0,high_vol_range,0.0,0,Profit target: premium decayed 55.7%,1794.75,239
2026-03-23T09:30:00+05:30,portfolio_hist,PREMIUM,SKIP,idle,22714.65,25.12,1.0,0.0,0.0,1.04,0.051,2.092,1,9,30,0,0,65,0,65,75,trending,0.0,0,,,
2026-03-23T09:35:00+05:30,portfolio_hist,PREMIUM,SKIP,idle,22734.75,25.3,1.0,0.0,0.0,1.04,0.14,2.092,1,9,35,0,0,65,0,65,75,trending,0.0,0,,,
2026-03-23T09:40:00+05:30,portfolio_hist,PREMIUM,SKIP,idle,22699.45,25.26,1.0,0.0,0.0,1.04,0.016,2.092,1,9,40,0,0,65,0,65,75,trending,0.0,0,,,
2026-03-23T09:45:00+05:30,portfolio_hist,PREMIUM,ENTER,iron_condor,22696.85,25.47,1.0,0.0,0.0,1.041,0.027,0.359,1,9,45,0,0,77,0,77,75,high_vol_range,42.99,75,,,
2026-03-23T10:00:00+05:30,portfolio_hist,TREND,ENTER,debit_spread,22587.75,26.21,1.0,0.0,0.0,1.041,0.508,0.633,1,10,0,0,0,62,0,62,60,high_vol_range,37.51,75,,,
2026-03-23T13:46:00+05:30,portfolio_hist,PREMIUM,EXIT,iron_condor,22570.8,26.74,1.0,0.0,0.0,1.041,0.582,0.331,1,13,46,0,0,0,0,0,0,high_vol_range,0.0,0,Profit target: premium decayed 60.4%,1947.75,241
2026-03-23T13:48:00+05:30,portfolio_hist,TREND,EXIT,debit_spread,22593.3,26.72,1.0,0.0,0.0,1.041,0.483,0.331,1,13,48,0,0,0,0,0,0,high_vol_range,0.0,0,Trend stop: lost 21.4%,-600.75,228
2026-03-23T09:30:00+05:30,portfolio_hist,PREMIUM,SKIP,idle,22714.65,25.12,1.0,0.0,0.0,1.04,0.051,2.092,1,9,30,0,0,65,0,65,75,trending,0.0,0,,,
2026-03-23T09:35:00+05:30,portfolio_hist,PREMIUM,SKIP,idle,22734.75,25.3,1.0,0.0,0.0,1.04,0.14,2.092,1,9,35,0,0,65,0,65,75,trending,0.0,0,,,
2026-03-23T09:40:00+05:30,portfolio_hist,PREMIUM,SKIP,idle,22699.45,25.26,1.0,0.0,0.0,1.04,0.016,2.092,1,9,40,0,0,65,0,65,75,trending,0.0,0,,,
2026-03-23T09:45:00+05:30,portfolio_hist,PREMIUM,ENTER,iron_condor,22696.85,25.47,1.0,0.0,0.0,1.041,0.027,0.359,1,9,45,0,0,77,0,77,75,high_vol_range,42.99,75,,,
2026-03-23T10:00:00+05:30,portfolio_hist,TREND,ENTER,debit_spread,22587.75,26.21,1.0,0.0,0.0,1.041,0.508,0.633,1,10,0,0,0,62,0,62,60,high_vol_range,37.51,75,,,
2026-03-23T13:48:00+05:30,portfolio_hist,TREND,EXIT,debit_spread,22593.3,26.72,1.0,0.0,0.0,1.041,0.483,0.331,1,13,48,0,0,0,0,0,0,high_vol_range,0.0,0,Trend stop: lost 21.4%,-600.75,228
2026-03-23T13:49:00+05:30,portfolio_hist,PREMIUM,EXIT,iron_condor,22598.95,26.67,1.0,0.0,0.0,1.041,0.458,0.331,1,13,49,0,0,0,0,0,0,high_vol_range,0.0,0,Profit target: premium decayed 71.9%,2318.25,244
2026-03-23T09:30:00+05:30,portfolio_hist,PREMIUM,ENTER,iron_condor,22714.65,25.12,1.0,0.0,0.0,1.04,0.051,2.092,1,9,30,0,0,65,0,65,75,pre_market,37.2,75,,,
2026-03-23T10:00:00+05:30,portfolio_hist,TREND,ENTER,debit_spread,22587.75,26.21,1.0,0.0,0.0,1.041,0.508,0.633,1,10,0,0,0,62,0,62,60,pre_market,37.51,75,,,
2026-03-23T13:48:00+05:30,portfolio_hist,PREMIUM,EXIT,iron_condor,22593.3,26.72,1.0,0.0,0.0,1.041,0.483,0.331,1,13,48,0,0,0,0,0,0,pre_market,0.0,0,Profit target: premium decayed 65.6%,1828.5,258
2026-03-23T13:49:00+05:30,portfolio_hist,TREND,EXIT,debit_spread,22598.95,26.67,1.0,0.0,0.0,1.041,0.458,0.331,1,13,49,0,0,0,0,0,0,pre_market,0.0,0,Trend stop: lost 24.6%,-691.5,229
2026-03-23T09:30:00+05:30,portfolio_replay,PREMIUM,ENTER,strangle,22714.65,25.12,1.0,0.0,0.0,1.358,0.051,2.082,1,9,30,0,0,65,0,65,75,trending,1.25,75,,,
2026-03-23T10:00:00+05:30,portfolio_replay,TREND,ENTER,debit_spread,22587.75,26.21,1.0,0.0,0.0,1.356,0.508,0.633,1,10,0,0,0,62,0,62,60,high_vol_range,40.35,75,,,
2026-03-23T15:15:00+05:30,portfolio_replay,PREMIUM,EXIT,strangle,22505.8,26.82,1.0,0.0,0.0,1.354,0.869,0.667,1,15,15,0,0,0,0,0,0,high_vol_range,0.0,0,Time exit,0.0,345
2026-03-23T15:16:00+05:30,portfolio_replay,TREND,EXIT,debit_spread,22502.95,26.79,1.0,0.0,0.0,1.353,0.881,0.667,1,15,16,0,0,0,0,0,0,high_vol_range,0.0,0,Time exit,315.0,316
2026-03-23T09:30:00+05:30,portfolio_hist,PREMIUM,ENTER,iron_condor,22714.65,25.12,1.0,0.0,0.0,1.04,0.051,2.082,1,9,30,0,0,65,0,65,75,choppy,37.2,75,,,
2026-03-23T10:00:00+05:30,portfolio_hist,TREND,ENTER,debit_spread,22587.75,26.21,1.0,0.0,0.0,1.041,0.508,0.633,1,10,0,0,0,62,0,62,60,high_vol_range,37.51,75,,,
2026-03-23T13:48:00+05:30,portfolio_hist,PREMIUM,EXIT,iron_condor,22593.3,26.72,1.0,0.0,0.0,1.041,0.483,0.331,1,13,48,0,0,0,0,0,0,high_vol_range,0.0,0,Profit target: premium decayed 65.6%,1828.5,258
2026-03-23T13:49:00+05:30,portfolio_hist,TREND,EXIT,debit_spread,22598.95,26.67,1.0,0.0,0.0,1.041,0.458,0.331,1,13,49,0,0,0,0,0,0,high_vol_range,0.0,0,Trend stop: lost 24.6%,-691.5,229
2026-03-23T09:30:00+05:30,portfolio_hist,PREMIUM,ENTER,iron_condor,22714.65,25.12,1.0,0.0,0.0,1.04,0.051,2.082,1,9,30,0,0,65,0,65,75,choppy,37.2,75,,,
2026-03-23T10:00:00+05:30,portfolio_hist,TREND,ENTER,debit_spread,22587.75,26.21,1.0,0.0,0.0,1.041,0.508,0.633,1,10,0,0,0,62,0,62,60,high_vol_range,37.51,75,,,
2026-03-23T13:48:00+05:30,portfolio_hist,PREMIUM,EXIT,iron_condor,22593.3,26.72,1.0,0.0,0.0,1.041,0.483,0.331,1,13,48,0,0,0,0,0,0,high_vol_range,0.0,0,Profit target: premium decayed 65.6%,1828.5,258
2026-03-23T13:49:00+05:30,portfolio_hist,TREND,EXIT,debit_spread,22598.95,26.67,1.0,0.0,0.0,1.041,0.458,0.331,1,13,49,0,0,0,0,0,0,high_vol_range,0.0,0,Trend stop: lost 24.6%,-691.5,229
2026-03-23T09:30:00+05:30,portfolio_hist,PREMIUM,ENTER,iron_condor,22714.65,25.12,1.0,0.0,0.0,1.04,0.051,2.082,1,9,30,0,0,65,0,65,75,conflicted,37.2,75,,,
2026-03-23T10:00:00+05:30,portfolio_hist,TREND,ENTER,debit_spread,22587.75,26.21,1.0,0.0,0.0,1.041,0.508,0.633,1,10,0,0,0,62,0,62,60,choppy,37.51,75,,,
2026-03-23T13:48:00+05:30,portfolio_hist,PREMIUM,EXIT,iron_condor,22593.3,26.72,1.0,0.0,0.0,1.041,0.483,0.331,1,13,48,0,0,0,0,0,0,high_vol_range,0.0,0,Profit target: premium decayed 65.6%,1828.5,258
2026-03-23T13:49:00+05:30,portfolio_hist,TREND,EXIT,debit_spread,22598.95,26.67,1.0,0.0,0.0,1.041,0.458,0.331,1,13,49,0,0,0,0,0,0,high_vol_range,0.0,0,Trend stop: lost 24.6%,-691.5,229
2026-03-23T09:30:00+05:30,portfolio_hist,PREMIUM,ENTER,iron_condor,22714.65,25.12,1.0,0.0,0.0,1.04,0.051,2.082,1,9,30,0,0,65,0,65,75,conflicted,37.2,75,,,
2026-03-23T10:00:00+05:30,portfolio_hist,TREND,ENTER,debit_spread,22587.75,26.21,1.0,0.0,0.0,1.041,0.508,0.633,1,10,0,0,0,62,0,62,60,choppy,37.51,75,,,
2026-03-23T13:48:00+05:30,portfolio_hist,PREMIUM,EXIT,iron_condor,22593.3,26.72,1.0,0.0,0.0,1.041,0.483,0.331,1,13,48,0,0,0,0,0,0,high_vol_range,0.0,0,Profit target: premium decayed 65.6%,1828.5,258
2026-03-23T13:49:00+05:30,portfolio_hist,TREND,EXIT,debit_spread,22598.95,26.67,1.0,0.0,0.0,1.041,0.458,0.331,1,13,49,0,0,0,0,0,0,high_vol_range,0.0,0,Trend stop: lost 24.6%,-691.5,229
2026-03-23T09:30:00+05:30,portfolio_hist,PREMIUM,ENTER,iron_condor,22714.65,25.12,1.0,0.0,0.0,1.04,0.051,2.082,1,9,30,0,0,65,0,65,75,conflicted,37.2,75,,,
2026-03-23T10:00:00+05:30,portfolio_hist,TREND,ENTER,debit_spread,22587.75,26.21,1.0,0.0,0.0,1.041,0.508,0.633,1,10,0,0,0,62,0,62,60,choppy,37.51,75,,,
2026-03-23T13:48:00+05:30,portfolio_hist,PREMIUM,EXIT,iron_condor,22593.3,26.72,1.0,0.0,0.0,1.041,0.483,0.331,1,13,48,0,0,0,0,0,0,high_vol_range,0.0,0,Profit target: premium decayed 65.6%,1828.5,258
2026-03-23T13:49:00+05:30,portfolio_hist,TREND,EXIT,debit_spread,22598.95,26.67,1.0,0.0,0.0,1.041,0.458,0.331,1,13,49,0,0,0,0,0,0,high_vol_range,0.0,0,Trend stop: lost 24.6%,-691.5,229
2026-03-23T09:30:00+05:30,portfolio_hist,PREMIUM,ENTER,iron_condor,22714.65,25.12,1.0,0.0,0.0,1.04,0.051,2.082,1,9,30,0,0,65,0,65,75,conflicted,37.2,75,,,
2026-03-23T10:00:00+05:30,portfolio_hist,TREND,ENTER,debit_spread,22587.75,26.21,1.0,0.0,0.0,1.041,0.508,0.633,1,10,0,0,0,62,0,62,60,choppy,37.51,75,,,
2026-03-23T13:48:00+05:30,portfolio_hist,PREMIUM,EXIT,iron_condor,22593.3,26.72,1.0,0.0,0.0,1.041,0.483,0.331,1,13,48,0,0,0,0,0,0,high_vol_range,0.0,0,Profit target: premium decayed 65.6%,1828.5,258
2026-03-23T13:49:00+05:30,portfolio_hist,TREND,EXIT,debit_spread,22598.95,26.67,1.0,0.0,0.0,1.041,0.458,0.331,1,13,49,0,0,0,0,0,0,high_vol_range,0.0,0,Trend stop: lost 24.6%,-691.5,229
2026-03-23T09:30:00+05:30,portfolio_hist,PREMIUM,ENTER,iron_condor,22714.65,25.12,1.0,0.0,0.0,1.04,0.051,2.082,1,9,30,0,0,65,0,65,75,conflicted,37.2,75,,,
2026-03-23T10:00:00+05:30,portfolio_hist,TREND,ENTER,debit_spread,22587.75,26.21,1.0,0.0,0.0,1.041,0.508,0.633,1,10,0,0,0,62,0,62,60,choppy,37.51,75,,,
2026-03-23T13:48:00+05:30,portfolio_hist,PREMIUM,EXIT,iron_condor,22593.3,26.72,1.0,0.0,0.0,1.041,0.483,0.331,1,13,48,0,0,0,0,0,0,high_vol_range,0.0,0,Profit target: premium decayed 65.6%,1828.5,258
2026-03-23T13:49:00+05:30,portfolio_hist,TREND,EXIT,debit_spread,22598.95,26.67,1.0,0.0,0.0,1.041,0.458,0.331,1,13,49,0,0,0,0,0,0,high_vol_range,0.0,0,Trend stop: lost 24.6%,-691.5,229
2026-03-23T09:30:00+05:30,portfolio_hist,PREMIUM,ENTER,iron_condor,22714.65,25.12,1.0,0.0,0.0,1.04,0.051,2.082,1,9,30,0,0,65,0,65,75,conflicted,37.2,75,,,
2026-03-23T10:00:00+05:30,portfolio_hist,TREND,ENTER,debit_spread,22587.75,26.21,1.0,0.0,0.0,1.041,0.508,0.633,1,10,0,0,0,62,0,62,60,choppy,37.51,75,,,
2026-03-23T13:48:00+05:30,portfolio_hist,PREMIUM,EXIT,iron_condor,22593.3,26.72,1.0,0.0,0.0,1.041,0.483,0.331,1,13,48,0,0,0,0,0,0,choppy,0.0,0,Profit target: premium decayed 65.6%,1828.5,258
2026-03-23T13:49:00+05:30,portfolio_hist,TREND,EXIT,debit_spread,22598.95,26.67,1.0,0.0,0.0,1.041,0.458,0.331,1,13,49,0,0,0,0,0,0,choppy,0.0,0,Trend stop: lost 24.6%,-691.5,229
2026-03-23T09:30:00+05:30,portfolio_hist,PREMIUM,ENTER,iron_condor,22714.65,25.12,1.0,0.0,0.0,1.04,0.051,2.082,1,9,30,0,0,65,0,65,75,conflicted,37.2,75,,,
2026-03-23T10:00:00+05:30,portfolio_hist,TREND,ENTER,debit_spread,22587.75,26.21,1.0,0.0,0.0,1.041,0.508,0.633,1,10,0,0,0,62,0,62,60,choppy,37.51,75,,,
2026-03-23T13:48:00+05:30,portfolio_hist,PREMIUM,EXIT,iron_condor,22593.3,26.72,1.0,0.0,0.0,1.041,0.483,0.331,1,13,48,0,0,0,0,0,0,choppy,0.0,0,Profit target: premium decayed 65.6%,1828.5,258
2026-03-23T13:49:00+05:30,portfolio_hist,TREND,EXIT,debit_spread,22598.95,26.67,1.0,0.0,0.0,1.041,0.458,0.331,1,13,49,0,0,0,0,0,0,choppy,0.0,0,Trend stop: lost 24.6%,-691.5,229
2026-03-23T09:30:00+05:30,portfolio_hist,PREMIUM,ENTER,iron_condor,22714.65,25.12,1.0,0.0,0.0,1.04,0.051,2.082,1,9,30,0,0,65,0,65,75,conflicted,37.2,75,,,
2026-03-23T10:00:00+05:30,portfolio_hist,TREND,ENTER,debit_spread,22587.75,26.21,1.0,0.0,0.0,1.041,0.508,0.633,1,10,0,0,0,62,0,62,60,choppy,37.51,75,,,
2026-03-23T13:48:00+05:30,portfolio_hist,PREMIUM,EXIT,iron_condor,22593.3,26.72,1.0,0.0,0.0,1.041,0.483,0.331,1,13,48,0,0,0,0,0,0,choppy,0.0,0,Profit target: premium decayed 65.6%,1828.5,258
2026-03-23T13:49:00+05:30,portfolio_hist,TREND,EXIT,debit_spread,22598.95,26.67,1.0,0.0,0.0,1.041,0.458,0.331,1,13,49,0,0,0,0,0,0,choppy,0.0,0,Trend stop: lost 24.6%,-691.5,229
