timestamp,strategy_id,leg,decision,mode,spot,vix,pcr_oi,max_pain,max_pain_dist_pct,iv_skew_ratio,move_from_open_pct,morning_range_pct,dte,hour,minute,day_of_week,is_expiry,rule_score,ai_adj,final_score,threshold,regime,entry_premium,quantity,exit_reason,outcome_pnl,held_minutes
2026-02-26T09:30:00+05:30,portfolio_replay,PREMIUM,SKIP,idle,25513.95,13.38,1.0,0.0,0.0,1.036,0.098,0.367,12,9,30,3,0,70,0,70,75,normal_range,0.0,0,,,
2026-02-26T09:35:00+05:30,portfolio_replay,PREMIUM,SKIP,idle,25522.35,13.26,1.0,0.0,0.0,1.036,0.131,0.356,12,9,35,3,0,70,0,70,75,normal_range,0.0,0,,,
2026-02-26T09:40:00+05:30,portfolio_replay,PREMIUM,SKIP,idle,25556.3,13.13,1.0,0.0,0.0,1.036,0.264,0.356,12,9,40,3,0,57,0,57,75,normal_range,0.0,0,,,
2026-02-26T09:45:00+05:30,portfolio_replay,PREMIUM,SKIP,idle,25564.5,13.14,1.0,0.0,0.0,1.036,0.296,0.3,12,9,45,3,0,57,0,57,75,normal_range,0.0,0,,,
2026-02-26T09:50:00+05:30,portfolio_replay,PREMIUM,SKIP,idle,25552.95,13.16,1.0,0.0,0.0,1.036,0.251,0.296,12,9,50,3,0,70,0,70,75,normal_range,0.0,0,,,
2026-02-26T09:54:00+05:30,portfolio_replay,PREMIUM,ENTER,iron_condor,25510.6,13.22,1.0,0.0,0.0,1.036,0.085,0.296,12,9,54,3,0,83,0,83,75,normal_range,34.0,75,,,
2026-02-26T15:15:00+05:30,portfolio_replay,PREMIUM,EXIT,iron_condor,25500.45,13.06,1.0,0.0,0.0,1.036,0.045,0.158,12,15,15,3,0,0,0,0,0,normal_range,0.0,0,Time exit,504.0,321
2026-02-26T09:30:00+05:30,portfolio_replay,PREMIUM,SKIP,idle,25513.95,13.38,1.0,0.0,0.0,1.036,0.098,0.367,12,9,30,3,0,70,0,70,75,normal_range,0.0,0,,,
2026-02-26T09:35:00+05:30,portfolio_replay,PREMIUM,SKIP,idle,25522.35,13.26,1.0,0.0,0.0,1.036,0.131,0.356,12,9,35,3,0,70,0,70,75,normal_range,0.0,0,,,
2026-02-26T09:40:00+05:30,portfolio_replay,PREMIUM,SKIP,idle,25556.3,13.13,1.0,0.0,0.0,1.036,0.264,0.356,12,9,40,3,0,57,0,57,75,normal_range,0.0,0,,,
2026-02-26T09:45:00+05:30,portfolio_replay,PREMIUM,SKIP,idle,25564.5,13.14,1.0,0.0,0.0,1.036,0.296,0.3,12,9,45,3,0,57,0,57,75,normal_range,0.0,0,,,
2026-02-26T09:50:00+05:30,portfolio_replay,PREMIUM,SKIP,idle,25552.95,13.16,1.0,0.0,0.0,1.036,0.251,0.296,12,9,50,3,0,70,0,70,75,normal_range,0.0,0,,,
2026-02-26T09:54:00+05:30,portfolio_replay,PREMIUM,ENTER,iron_condor,25510.6,13.22,1.0,0.0,0.0,1.036,0.085,0.296,12,9,54,3,0,83,0,83,75,normal_range,34.0,75,,,
2026-02-26T15:15:00+05:30,portfolio_replay,PREMIUM,EXIT,iron_condor,25500.45,13.06,1.0,0.0,0.0,1.036,0.045,0.158,12,15,15,3,0,0,0,0,0,normal_range,0.0,0,Time exit,504.0,321
2026-02-26T09:30:00+05:30,portfolio_replay,PREMIUM,SKIP,idle,25513.95,13.38,1.0,0.0,0.0,1.036,0.098,0.367,12,9,30,3,0,70,0,70,75,normal_range,0.0,0,,,
2026-02-26T09:35:00+05:30,portfolio_replay,PREMIUM,SKIP,idle,25522.35,13.26,1.0,0.0,0.0,1.036,0.131,0.356,12,9,35,3,0,70,0,70,75,normal_range,0.0,0,,,
2026-02-26T09:40:00+05:30,portfolio_replay,PREMIUM,SKIP,idle,25556.3,13.13,1.0,0.0,0.0,1.036,0.264,0.356,12,9,40,3,0,57,0,57,75,normal_range,0.0,0,,,
2026-02-26T09:45:00+05:30,portfolio_replay,PREMIUM,SKIP,idle,25564.5,13.14,1.0,0.0,0.0,1.036,0.296,0.3,12,9,45,3,0,57,0,57,75,normal_range,0.0,0,,,
2026-02-26T09:50:00+05:30,portfolio_replay,PREMIUM,SKIP,idle,25552.95,13.16,1.0,0.0,0.0,1.036,0.251,0.296,12,9,50,3,0,70,0,70,75,normal_range,0.0,0,,,
2026-02-26T09:54:00+05:30,portfolio_replay,PREMIUM,ENTER,iron_condor,25510.6,13.22,1.0,0.0,0.0,1.036,0.085,0.296,12,9,54,3,0,83,0,83,75,normal_range,34.0,75,,,
2026-02-26T15:15:00+05:30,portfolio_replay,PREMIUM,EXIT,iron_condor,25500.45,13.06,1.0,0.0,0.0,1.036,0.045,0.158,12,15,15,3,0,0,0,0,0,normal_range,0.0,0,Time exit,504.0,321
2026-02-26T09:30:00+05:30,portfolio_replay,PREMIUM,SKIP,idle,25513.95,13.38,1.0,0.0,0.0,1.036,0.098,0.367,12,9,30,3,0,70,0,70,75,normal_range,0.0,0,,,
2026-02-26T09:35:00+05:30,portfolio_replay,PREMIUM,SKIP,idle,25522.35,13.26,1.0,0.0,0.0,1.036,0.131,0.356,12,9,35,3,0,70,0,70,75,normal_range,0.0,0,,,
2026-02-26T09:40:00+05:30,portfolio_replay,PREMIUM,SKIP,idle,25556.3,13.13,1.0,0.0,0.0,1.036,0.264,0.356,12,9,40,3,0,57,0,57,75,normal_range,0.0,0,,,
2026-02-26T09:45:00+05:30,portfolio_replay,PREMIUM,SKIP,idle,25564.5,13.14,1.0,0.0,0.0,1.036,0.296,0.3,12,9,45,3,0,57,0,57,75,normal_range,0.0,0,,,
2026-02-26T09:50:00+05:30,portfolio_replay,PREMIUM,SKIP,idle,25552.95,13.16,1.0,0.0,0.0,1.036,0.251,0.296,12,9,50,3,0,70,0,70,75,normal_range,0.0,0,,,
2026-02-26T09:54:00+05:30,portfolio_replay,PREMIUM,ENTER,iron_condor,25510.6,13.22,1.0,0.0,0.0,1.036,0.085,0.296,12,9,54,3,0,83,0,83,75,normal_range,34.0,75,,,
2026-02-26T15:15:00+05:30,portfolio_replay,PREMIUM,EXIT,iron_condor,25500.45,13.06,1.0,0.0,0.0,1.036,0.045,0.158,12,15,15,3,0,0,0,0,0,normal_range,0.0,0,Time exit,504.0,321
2026-02-26T09:30:00+05:30,portfolio_replay,PREMIUM,SKIP,idle,25513.95,13.38,1.0,0.0,0.0,1.036,0.098,0.367,12,9,30,3,0,70,0,70,75,normal_range,0.0,0,,,
2026-02-26T09:35:00+05:30,portfolio_replay,PREMIUM,SKIP,idle,25522.35,13.26,1.0,0.0,0.0,1.036,0.131,0.356,12,9,35,3,0,70,0,70,75,normal_range,0.0,0,,,
2026-02-26T09:40:00+05:30,portfolio_replay,PREMIUM,SKIP,idle,25556.3,13.13,1.0,0.0,0.0,1.036,0.264,0.356,12,9,40,3,0,57,0,57,75,normal_range,0.0,0,,,
2026-02-26T09:45:00+05:30,portfolio_replay,PREMIUM,SKIP,idle,25564.5,13.14,1.0,0.0,0.0,1.036,0.296,0.3,12,9,45,3,0,57,0,57,75,normal_range,0.0,0,,,
2026-02-26T09:50:00+05:30,portfolio_replay,PREMIUM,SKIP,idle,25552.95,13.16,1.0,0.0,0.0,1.036,0.251,0.296,12,9,50,3,0,70,0,70,75,normal_range,0.0,0,,,
2026-02-26T09:54:00+05:30,portfolio_replay,PREMIUM,ENTER,iron_condor,25510.6,13.22,1.0,0.0,0.0,1.036,0.085,0.296,12,9,54,3,0,83,0,83,75,normal_range,34.0,75,,,
2026-02-26T15:15:00+05:30,portfolio_replay,PREMIUM,EXIT,iron_condor,25500.45,13.06,1.0,0.0,0.0,1.036,0.045,0.158,12,15,15,3,0,0,0,0,0,normal_range,0.0,0,Time exit,504.0,321
2026-02-26T09:30:00+05:30,portfolio_replay,PREMIUM,SKIP,idle,25513.95,13.38,1.0,0.0,0.0,1.036,0.098,0.367,12,9,30,3,0,70,0,70,75,normal_range,0.0,0,,,
2026-02-26T09:35:00+05:30,portfolio_replay,PREMIUM,SKIP,idle,25522.35,13.26,1.0,0.0,0.0,1.036,0.131,0.356,12,9,35,3,0,70,0,70,75,normal_range,0.0,0,,,
2026-02-26T09:40:00+05:30,portfolio_replay,PREMIUM,SKIP,idle,25556.3,13.13,1.0,0.0,0.0,1.036,0.264,0.356,12,9,40,3,0,57,0,57,75,normal_range,0.0,0,,,
2026-02-26T09:45:00+05:30,portfolio_replay,PREMIUM,SKIP,idle,25564.5,13.14,1.0,0.0,0.0,1.036,0.296,0.3,12,9,45,3,0,57,0,57,75,normal_range,0.0,0,,,
2026-02-26T09:50:00+05:30,portfolio_replay,PREMIUM,SKIP,idle,25552.95,13.16,1.0,0.0,0.0,1.036,0.251,0.296,12,9,50,3,0,70,0,70,75,normal_range,0.0,0,,,
2026-02-26T09:54:00+05:30,portfolio_replay,PREMIUM,ENTER,iron_condor,25510.6,13.22,1.0,0.0,0.0,1.036,0.085,0.296,12,9,54,3,0,83,0,83,75,normal_range,34.0,75,,,
2026-02-26T15:15:00+05:30,portfolio_replay,PREMIUM,EXIT,iron_condor,25500.45,13.06,1.0,0.0,0.0,1.036,0.045,0.158,12,15,15,3,0,0,0,0,0,normal_range,0.0,0,Time exit,504.0,321
2026-02-26T09:30:00+05:30,portfolio_replay,PREMIUM,ENTER,iron_condor,25513.95,13.38,1.0,0.0,0.0,1.036,0.098,0.367,12,9,30,3,0,70,0,70,65,normal_range,32.75,75,,,
2026-02-26T15:13:00+05:30,portfolio_replay,PREMIUM,EXIT,iron_condor,25487.6,13.02,1.0,0.0,0.0,1.036,0.005,0.158,12,15,13,3,0,0,0,0,0,normal_range,0.0,0,Profit target: premium decayed 25.8%,634.5,343
2026-02-26T09:30:00+05:30,portfolio_replay,PREMIUM,ENTER,iron_condor,25513.95,13.38,1.0,0.0,0.0,1.036,0.098,0.367,12,9,30,3,0,70,0,70,70,normal_range,32.75,75,,,
2026-02-26T15:13:00+05:30,portfolio_replay,PREMIUM,EXIT,iron_condor,25487.6,13.02,1.0,0.0,0.0,1.036,0.005,0.158,12,15,13,3,0,0,0,0,0,normal_range,0.0,0,Profit target: premium decayed 25.8%,634.5,343
2026-02-26T09:30:00+05:30,portfolio_replay,PREMIUM,SKIP,idle,25513.95,13.38,1.0,0.0,0.0,1.036,0.098,0.367,12,9,30,3,0,70,0,70,75,normal_range,0.0,0,,,
2026-02-26T09:35:00+05:30,portfolio_replay,PREMIUM,SKIP,idle,25522.35,13.26,1.0,0.0,0.0,1.036,0.131,0.356,12,9,35,3,0,70,0,70,75,normal_range,0.0,0,,,
2026-02-26T09:40:00+05:30,portfolio_replay,PREMIUM,SKIP,idle,25556.3,13.13,1.0,0.0,0.0,1.036,0.264,0.356,12,9,40,3,0,57,0,57,75,normal_range,0.0,0,,,
2026-02-26T09:45:00+05:30,portfolio_replay,PREMIUM,SKIP,idle,25564.5,13.14,1.0,0.0,0.0,1.036,0.296,0.3,12,9,45,3,0,57,0,57,75,normal_range,0.0,0,,,
2026-02-26T09:50:00+05:30,portfolio_replay,PREMIUM,SKIP,idle,25552.95,13.16,1.0,0.0,0.0,1.036,0.251,0.296,12,9,50,3,0,70,0,70,75,normal_range,0.0,0,,,
2026-02-26T09:54:00+05:30,portfolio_replay,PREMIUM,ENTER,iron_condor,25510.6,13.22,1.0,0.0,0.0,1.036,0.085,0.296,12,9,54,3,0,83,0,83,75,normal_range,34.0,75,,,
2026-02-26T15:15:00+05:30,portfolio_replay,PREMIUM,EXIT,iron_condor,25500.45,13.06,1.0,0.0,0.0,1.036,0.045,0.158,12,15,15,3,0,0,0,0,0,normal_range,0.0,0,Time exit,504.0,321
2026-02-26T09:30:00+05:30,portfolio_replay,PREMIUM,ENTER,iron_condor,25513.95,13.38,1.0,0.0,0.0,1.036,0.098,0.367,12,9,30,3,0,70,0,70,65,normal_range,32.75,75,,,
2026-02-26T15:15:00+05:30,portfolio_replay,PREMIUM,EXIT,iron_condor,25500.45,13.06,1.0,0.0,0.0,1.036,0.045,0.158,12,15,15,3,0,0,0,0,0,normal_range,0.0,0,Time exit,607.5,345
2026-02-26T09:30:00+05:30,portfolio_replay,PREMIUM,ENTER,iron_condor,25513.95,13.38,1.0,0.0,0.0,1.036,0.098,0.367,12,9,30,3,0,70,0,70,70,normal_range,32.75,75,,,
2026-02-26T15:15:00+05:30,portfolio_replay,PREMIUM,EXIT,iron_condor,25500.45,13.06,1.0,0.0,0.0,1.036,0.045,0.158,12,15,15,3,0,0,0,0,0,normal_range,0.0,0,Time exit,607.5,345
2026-02-26T09:30:00+05:30,portfolio_replay,PREMIUM,ENTER,iron_condor,25513.95,13.38,1.0,0.0,0.0,1.036,0.098,0.367,12,9,30,3,0,70,0,70,65,normal_range,32.75,75,,,
2026-02-26T15:15:00+05:30,portfolio_replay,PREMIUM,EXIT,iron_condor,25500.45,13.06,1.0,0.0,0.0,1.036,0.045,0.158,12,15,15,3,0,0,0,0,0,normal_range,0.0,0,Time exit,607.5,345
2026-02-26T09:30:00+05:30,portfolio_replay,PREMIUM,SKIP,idle,25513.95,13.38,1.0,0.0,0.0,1.036,0.098,0.367,12,9,30,3,0,70,0,70,75,normal_range,0.0,0,,,
2026-02-26T09:35:00+05:30,portfolio_replay,PREMIUM,SKIP,idle,25522.35,13.26,1.0,0.0,0.0,1.036,0.131,0.356,12,9,35,3,0,70,0,70,75,normal_range,0.0,0,,,
2026-02-26T09:40:00+05:30,portfolio_replay,PREMIUM,SKIP,idle,25556.3,13.13,1.0,0.0,0.0,1.036,0.264,0.356,12,9,40,3,0,57,0,57,75,normal_range,0.0,0,,,
2026-02-26T09:45:00+05:30,portfolio_replay,PREMIUM,SKIP,idle,25564.5,13.14,1.0,0.0,0.0,1.036,0.296,0.3,12,9,45,3,0,57,0,57,75,normal_range,0.0,0,,,
2026-02-26T09:50:00+05:30,portfolio_replay,PREMIUM,SKIP,idle,25552.95,13.16,1.0,0.0,0.0,1.036,0.251,0.296,12,9,50,3,0,70,0,70,75,normal_range,0.0,0,,,
2026-02-26T09:54:00+05:30,portfolio_replay,PREMIUM,ENTER,iron_condor,25510.6,13.22,1.0,0.0,0.0,1.036,0.085,0.296,12,9,54,3,0,83,0,83,75,normal_range,34.0,75,,,
2026-02-26T15:15:00+05:30,portfolio_replay,PREMIUM,EXIT,iron_condor,25500.45,13.06,1.0,0.0,0.0,1.036,0.045,0.158,12,15,15,3,0,0,0,0,0,normal_range,0.0,0,Time exit,504.0,321
2026-02-26T09:30:00+05:30,portfolio_replay,PREMIUM,SKIP,idle,25513.95,13.38,1.0,0.0,0.0,1.036,0.098,0.367,12,9,30,3,0,70,0,70,75,normal_range,0.0,0,,,
2026-02-26T09:35:00+05:30,portfolio_replay,PREMIUM,SKIP,idle,25522.35,13.26,1.0,0.0,0.0,1.036,0.131,0.356,12,9,35,3,0,70,0,70,75,normal_range,0.0,0,,,
2026-02-26T09:40:00+05:30,portfolio_replay,PREMIUM,SKIP,idle,25556.3,13.13,1.0,0.0,0.0,1.036,0.264,0.356,12,9,40,3,0,57,0,57,75,normal_range,0.0,0,,,
2026-02-26T09:45:00+05:30,portfolio_replay,PREMIUM,SKIP,idle,25564.5,13.14,1.0,0.0,0.0,1.036,0.296,0.3,12,9,45,3,0,57,0,57,75,normal_range,0.0,0,,,
2026-02-26T09:50:00+05:30,portfolio_replay,PREMIUM,SKIP,idle,25552.95,13.16,1.0,0.0,0.0,1.036,0.251,0.296,12,9,50,3,0,70,0,70,75,normal_range,0.0,0,,,
2026-02-26T09:54:00+05:30,portfolio_replay,PREMIUM,ENTER,iron_condor,25510.6,13.22,1.0,0.0,0.0,1.036,0.085,0.296,12,9,54,3,0,83,0,83,75,normal_range,34.0,75,,,
2026-02-26T15:15:00+05:30,portfolio_replay,PREMIUM,EXIT,iron_condor,25500.45,13.06,1.0,0.0,0.0,1.036,0.045,0.158,12,15,15,3,0,0,0,0,0,normal_range,0.0,0,Time exit,504.0,321
2026-02-26T09:30:00+05:30,portfolio_replay,PREMIUM,SKIP,idle,25513.95,13.38,1.0,0.0,0.0,1.036,0.098,0.367,12,9,30,3,0,70,0,70,75,normal_range,0.0,0,,,
2026-02-26T09:35:00+05:30,portfolio_replay,PREMIUM,SKIP,idle,25522.35,13.26,1.0,0.0,0.0,1.036,0.131,0.356,12,9,35,3,0,70,0,70,75,normal_range,0.0,0,,,
2026-02-26T09:40:00+05:30,portfolio_replay,PREMIUM,SKIP,idle,25556.3,13.13,1.0,0.0,0.0,1.036,0.264,0.356,12,9,40,3,0,57,0,57,75,normal_range,0.0,0,,,
2026-02-26T09:45:00+05:30,portfolio_replay,PREMIUM,SKIP,idle,25564.5,13.14,1.0,0.0,0.0,1.036,0.296,0.3,12,9,45,3,0,57,0,57,75,normal_range,0.0,0,,,
2026-02-26T09:50:00+05:30,portfolio_replay,PREMIUM,SKIP,idle,25552.95,13.16,1.0,0.0,0.0,1.036,0.251,0.296,12,9,50,3,0,70,0,70,75,normal_range,0.0,0,,,
2026-02-26T09:54:00+05:30,portfolio_replay,PREMIUM,ENTER,iron_condor,25510.6,13.22,1.0,0.0,0.0,1.036,0.085,0.296,12,9,54,3,0,83,0,83,75,normal_range,34.0,75,,,
2026-02-26T15:15:00+05:30,portfolio_replay,PREMIUM,EXIT,iron_condor,25500.45,13.06,1.0,0.0,0.0,1.036,0.045,0.158,12,15,15,3,0,0,0,0,0,normal_range,0.0,0,Time exit,504.0,321
2026-02-26T09:30:00+05:30,portfolio_replay,PREMIUM,SKIP,idle,25513.95,13.38,1.0,0.0,0.0,1.036,0.098,0.367,12,9,30,3,0,70,0,70,75,normal_range,0.0,0,,,
2026-02-26T09:35:00+05:30,portfolio_replay,PREMIUM,SKIP,idle,25522.35,13.26,1.0,0.0,0.0,1.036,0.131,0.356,12,9,35,3,0,70,0,70,75,normal_range,0.0,0,,,
2026-02-26T09:40:00+05:30,portfolio_replay,PREMIUM,SKIP,idle,25556.3,13.13,1.0,0.0,0.0,1.036,0.264,0.356,12,9,40,3,0,57,0,57,75,normal_range,0.0,0,,,
2026-02-26T09:45:00+05:30,portfolio_replay,PREMIUM,SKIP,idle,25564.5,13.14,1.0,0.0,0.0,1.036,0.296,0.3,12,9,45,3,0,57,0,57,75,normal_range,0.0,0,,,
2026-02-26T09:50:00+05:30,portfolio_replay,PREMIUM,SKIP,idle,25552.95,13.16,1.0,0.0,0.0,1.036,0.251,0.296,12,9,50,3,0,70,0,70,75,normal_range,0.0,0,,,
2026-02-26T09:54:00+05:30,portfolio_replay,PREMIUM,ENTER,iron_condor,25510.6,13.22,1.0,0.0,0.0,1.036,0.085,0.296,12,9,54,3,0,83,0,83,75,normal_range,34.0,75,,,
2026-02-26T15:15:00+05:30,portfolio_replay,PREMIUM,EXIT,iron_condor,25500.45,13.06,1.0,0.0,0.0,1.036,0.045,0.158,12,15,15,3,0,0,0,0,0,normal_range,0.0,0,Time exit,504.0,321
2026-02-26T09:30:00+05:30,portfolio_replay,PREMIUM,SKIP,idle,25513.95,13.38,1.0,0.0,0.0,1.036,0.098,0.367,12,9,30,3,0,70,0,70,75,normal_range,0.0,0,,,
2026-02-26T09:35:00+05:30,portfolio_replay,PREMIUM,SKIP,idle,25522.35,13.26,1.0,0.0,0.0,1.036,0.131,0.356,12,9,35,3,0,70,0,70,75,normal_range,0.0,0,,,
2026-02-26T09:40:00+05:30,portfolio_replay,PREMIUM,SKIP,idle,25556.3,13.13,1.0,0.0,0.0,1.036,0.264,0.356,12,9,40,3,0,57,0,57,75,normal_range,0.0,0,,,
2026-02-26T09:45:00+05:30,portfolio_replay,PREMIUM,SKIP,idle,25564.5,13.14,1.0,0.0,0.0,1.036,0.296,0.3,12,9,45,3,0,57,0,57,75,normal_range,0.0,0,,,
2026-02-26T09:50:00+05:30,portfolio_replay,PREMIUM,SKIP,idle,25552.95,13.16,1.0,0.0,0.0,1.036,0.251,0.296,12,9,50,3,0,70,0,70,75,normal_range,0.0,0,,,
2026-02-26T09:54:00+05:30,portfolio_replay,PREMIUM,ENTER,iron_condor,25510.6,13.22,1.0,0.0,0.0,1.036,0.085,0.296,12,9,54,3,0,83,0,83,75,normal_range,34.0,75,,,
2026-02-26T15:15:00+05:30,portfolio_replay,PREMIUM,EXIT,iron_condor,25500.45,13.06,1.0,0.0,0.0,1.036,0.045,0.158,12,15,15,3,0,0,0,0,0,normal_range,0.0,0,Time exit,504.0,321
2026-02-26T09:30:00+05:30,portfolio_replay,PREMIUM,SKIP,idle,25513.95,13.38,1.0,0.0,0.0,1.036,0.098,0.367,12,9,30,3,0,70,0,70,75,normal_range,0.0,0,,,
2026-02-26T09:35:00+05:30,portfolio_replay,PREMIUM,SKIP,idle,25522.35,13.26,1.0,0.0,0.0,1.036,0.131,0.356,12,9,35,3,0,70,0,70,75,normal_range,0.0,0,,,
2026-02-26T09:40:00+05:30,portfolio_replay,PREMIUM,SKIP,idle,25556.3,13.13,1.0,0.0,0.0,1.036,0.264,0.356,12,9,40,3,0,57,0,57,75,normal_range,0.0,0,,,
2026-02-26T09:45:00+05:30,portfolio_replay,PREMIUM,SKIP,idle,25564.5,13.14,1.0,0.0,0.0,1.036,0.296,0.3,12,9,45,3,0,57,0,57,75,normal_range,0.0,0,,,
2026-02-26T09:50:00+05:30,portfolio_replay,PREMIUM,SKIP,idle,25552.95,13.16,1.0,0.0,0.0,1.036,0.251,0.296,12,9,50,3,0,70,0,70,75,normal_range,0.0,0,,,
2026-02-26T09:54:00+05:30,portfolio_replay,PREMIUM,ENTER,iron_condor,25510.6,13.22,1.0,0.0,0.0,1.036,0.085,0.296,12,9,54,3,0,83,0,83,75,normal_range,34.0,75,,,
2026-02-26T15:15:00+05:30,portfolio_replay,PREMIUM,EXIT,iron_condor,25500.45,13.06,1.0,0.0,0.0,1.036,0.045,0.158,12,15,15,3,0,0,0,0,0,normal_range,0.0,0,Time exit,504.0,321
2026-02-26T09:30:00+05:30,portfolio_replay,PREMIUM,SKIP,idle,25513.95,13.38,1.0,0.0,0.0,1.036,0.098,0.367,12,9,30,3,0,70,0,70,75,normal_range,0.0,0,,,
2026-02-26T09:35:00+05:30,portfolio_replay,PREMIUM,SKIP,idle,25522.35,13.26,1.0,0.0,0.0,1.036,0.131,0.356,12,9,35,3,0,70,0,70,75,normal_range,0.0,0,,,
2026-02-26T09:40:00+05:30,portfolio_replay,PREMIUM,SKIP,idle,25556.3,13.13,1.0,0.0,0.0,1.036,0.264,0.356,12,9,40,3,0,57,0,57,75,normal_range,0.0,0,,,
2026-02-26T09:45:00+05:30,portfolio_replay,PREMIUM,SKIP,idle,25564.5,13.14,1.0,0.0,0.0,1.036,0.296,0.3,12,9,45,3,0,57,0,57,75,normal_range,0.0,0,,,
2026-02-26T09:50:00+05:30,portfolio_replay,PREMIUM,SKIP,idle,25552.95,13.16,1.0,0.0,0.0,1.036,0.251,0.296,12,9,50,3,0,70,0,70,75,normal_range,0.0,0,,,
2026-02-26T09:54:00+05:30,portfolio_replay,PREMIUM,ENTER,iron_condor,25510.6,13.22,1.0,0.0,0.0,1.036,0.085,0.296,12,9,54,3,0,83,0,83,75,normal_range,34.0,75,,,
2026-02-26T15:15:00+05:30,portfolio_replay,PREMIUM,EXIT,iron_condor,25500.45,13.06,1.0,0.0,0.0,1.036,0.045,0.158,12,15,15,3,0,0,0,0,0,normal_range,0.0,0,Time exit,504.0,321
2026-02-26T09:30:00+05:30,portfolio_replay,PREMIUM,SKIP,idle,25513.95,13.38,1.0,0.0,0.0,1.036,0.098,0.367,12,9,30,3,0,70,0,70,75,normal_range,0.0,0,,,
2026-02-26T09:35:00+05:30,portfolio_replay,PREMIUM,SKIP,idle,25522.35,13.26,1.0,0.0,0.0,1.036,0.131,0.356,12,9,35,3,0,70,0,70,75,normal_range,0.0,0,,,
2026-02-26T09:40:00+05:30,portfolio_replay,PREMIUM,SKIP,idle,25556.3,13.13,1.0,0.0,0.0,1.036,0.264,0.356,12,9,40,3,0,57,0,57,75,normal_range,0.0,0,,,
2026-02-26T09:45:00+05:30,portfolio_replay,PREMIUM,SKIP,idle,25564.5,13.14,1.0,0.0,0.0,1.036,0.296,0.3,12,9,45,3,0,57,0,57,75,normal_range,0.0,0,,,
2026-02-26T09:50:00+05:30,portfolio_replay,PREMIUM,SKIP,idle,25552.95,13.16,1.0,0.0,0.0,1.036,0.251,0.296,12,9,50,3,0,70,0,70,75,normal_range,0.0,0,,,
2026-02-26T09:54:00+05:30,portfolio_replay,PREMIUM,ENTER,iron_condor,25510.6,13.22,1.0,0.0,0.0,1.036,0.085,0.296,12,9,54,3,0,83,0,83,75,normal_range,34.0,75,,,
2026-02-26T15:15:00+05:30,portfolio_replay,PREMIUM,EXIT,iron_condor,25500.45,13.06,1.0,0.0,0.0,1.036,0.045,0.158,12,15,15,3,0,0,0,0,0,normal_range,0.0,0,Time exit,504.0,321
2026-02-26T09:30:00+05:30,portfolio_replay,PREMIUM,SKIP,idle,25513.95,13.38,1.0,0.0,0.0,1.036,0.098,0.367,12,9,30,3,0,70,0,70,75,normal_range,0.0,0,,,
2026-02-26T09:35:00+05:30,portfolio_replay,PREMIUM,SKIP,idle,25522.35,13.26,1.0,0.0,0.0,1.036,0.131,0.356,12,9,35,3,0,70,0,70,75,normal_range,0.0,0,,,
2026-02-26T09:40:00+05:30,portfolio_replay,PREMIUM,SKIP,idle,25556.3,13.13,1.0,0.0,0.0,1.036,0.264,0.356,12,9,40,3,0,57,0,57,75,normal_range,0.0,0,,,
2026-02-26T09:45:00+05:30,portfolio_replay,PREMIUM,SKIP,idle,25564.5,13.14,1.0,0.0,0.0,1.036,0.296,0.3,12,9,45,3,0,57,0,57,75,normal_range,0.0,0,,,
2026-02-26T09:50:00+05:30,portfolio_replay,PREMIUM,SKIP,idle,25552.95,13.16,1.0,0.0,0.0,1.036,0.251,0.296,12,9,50,3,0,70,0,70,75,normal_range,0.0,0,,,
2026-02-26T09:54:00+05:30,portfolio_replay,PREMIUM,ENTER,iron_condor,25510.6,13.22,1.0,0.0,0.0,1.036,0.085,0.296,12,9,54,3,0,83,0,83,75,normal_range,34.0,75,,,
2026-02-26T15:15:00+05:30,portfolio_replay,PREMIUM,EXIT,iron_condor,25500.45,13.06,1.0,0.0,0.0,1.036,0.045,0.158,12,15,15,3,0,0,0,0,0,normal_range,0.0,0,Time exit,504.0,321
2026-02-26T09:30:00+05:30,portfolio_replay,PREMIUM,SKIP,idle,25513.95,13.38,1.0,0.0,0.0,1.036,0.098,0.367,12,9,30,3,0,70,0,70,75,normal_range,0.0,0,,,
2026-02-26T09:35:00+05:30,portfolio_replay,PREMIUM,SKIP,idle,25522.35,13.26,1.0,0.0,0.0,1.036,0.131,0.356,12,9,35,3,0,70,0,70,75,normal_range,0.0,0,,,
2026-02-26T09:40:00+05:30,portfolio_replay,PREMIUM,SKIP,idle,25556.3,13.13,1.0,0.0,0.0,1.036,0.264,0.356,12,9,40,3,0,57,0,57,75,normal_range,0.0,0,,,
2026-02-26T09:45:00+05:30,portfolio_replay,PREMIUM,SKIP,idle,25564.5,13.14,1.0,0.0,0.0,1.036,0.296,0.3,12,9,45,3,0,57,0,57,75,normal_range,0.0,0,,,
2026-02-26T09:50:00+05:30,portfolio_replay,PREMIUM,SKIP,idle,25552.95,13.16,1.0,0.0,0.0,1.036,0.251,0.296,12,9,50,3,0,70,0,70,75,normal_range,0.0,0,,,
2026-02-26T09:54:00+05:30,portfolio_replay,PREMIUM,ENTER,iron_condor,25510.6,13.22,1.0,0.0,0.0,1.036,0.085,0.296,12,9,54,3,0,83,0,83,75,normal_range,34.0,75,,,
2026-02-26T15:15:00+05:30,portfolio_replay,PREMIUM,EXIT,iron_condor,25500.45,13.06,1.0,0.0,0.0,1.036,0.045,0.158,12,15,15,3,0,0,0,0,0,normal_range,0.0,0,Time exit,504.0,321
2026-02-26T09:30:00+05:30,portfolio_replay,PREMIUM,SKIP,idle,25513.95,13.38,1.0,0.0,0.0,1.036,0.098,0.367,12,9,30,3,0,70,0,70,75,normal_range,0.0,0,,,
2026-02-26T09:35:00+05:30,portfolio_replay,PREMIUM,SKIP,idle,25522.35,13.26,1.0,0.0,0.0,1.036,0.131,0.356,12,9,35,3,0,70,0,70,75,normal_range,0.0,0,,,
2026-02-26T09:40:00+05:30,portfolio_replay,PREMIUM,SKIP,idle,25556.3,13.13,1.0,0.0,0.0,1.036,0.264,0.356,12,9,40,3,0,57,0,57,75,normal_range,0.0,0,,,
2026-02-26T09:45:00+05:30,portfolio_replay,PREMIUM,SKIP,idle,25564.5,13.14,1.0,0.0,0.0,1.036,0.296,0.3,12,9,45,3,0,57,0,57,75,normal_range,0.0,0,,,
2026-02-26T09:50:00+05:30,portfolio_replay,PREMIUM,SKIP,idle,25552.95,13.16,1.0,0.0,0.0,1.036,0.251,0.296,12,9,50,3,0,70,0,70,75,normal_range,0.0,0,,,
2026-02-26T09:54:00+05:30,portfolio_replay,PREMIUM,ENTER,iron_condor,25510.6,13.22,1.0,0.0,0.0,1.036,0.085,0.296,12,9,54,3,0,83,0,83,75,normal_range,34.0,75,,,
2026-02-26T15:15:00+05:30,portfolio_replay,PREMIUM,EXIT,iron_condor,25500.45,13.06,1.0,0.0,0.0,1.036,0.045,0.158,12,15,15,3,0,0,0,0,0,normal_range,0.0,0,Time exit,504.0,321
2026-02-26T09:30:00+05:30,portfolio_replay,PREMIUM,SKIP,idle,25513.95,13.38,1.0,0.0,0.0,1.036,0.098,0.367,12,9,30,3,0,70,0,70,75,normal_range,0.0,0,,,
2026-02-26T09:35:00+05:30,portfolio_replay,PREMIUM,SKIP,idle,25522.35,13.26,1.0,0.0,0.0,1.036,0.131,0.356,12,9,35,3,0,70,0,70,75,normal_range,0.0,0,,,
2026-02-26T09:40:00+05:30,portfolio_replay,PREMIUM,SKIP,idle,25556.3,13.13,1.0,0.0,0.0,1.036,0.264,0.356,12,9,40,3,0,57,0,57,75,normal_range,0.0,0,,,
2026-02-26T09:45:00+05:30,portfolio_replay,PREMIUM,SKIP,idle,25564.5,13.14,1.0,0.0,0.0,1.036,0.296,0.3,12,9,45,3,0,57,0,57,75,normal_range,0.0,0,,,
2026-02-26T09:50:00+05:30,portfolio_replay,PREMIUM,SKIP,idle,25552.95,13.16,1.0,0.0,0.0,1.036,0.251,0.296,12,9,50,3,0,70,0,70,75,normal_range,0.0,0,,,
2026-02-26T09:54:00+05:30,portfolio_replay,PREMIUM,ENTER,iron_condor,25510.6,13.22,1.0,0.0,0.0,1.036,0.085,0.296,12,9,54,3,0,83,0,83,75,normal_range,34.0,75,,,
2026-02-26T15:15:00+05:30,portfolio_replay,PREMIUM,EXIT,iron_condor,25500.45,13.06,1.0,0.0,0.0,1.036,0.045,0.158,12,15,15,3,0,0,0,0,0,normal_range,0.0,0,Time exit,504.0,321
2026-02-26T09:30:00+05:30,portfolio_replay,PREMIUM,SKIP,idle,25513.95,13.38,1.0,0.0,0.0,1.036,0.098,0.367,12,9,30,3,0,70,0,70,75,normal_range,0.0,0,,,
2026-02-26T09:35:00+05:30,portfolio_replay,PREMIUM,SKIP,idle,25522.35,13.26,1.0,0.0,0.0,1.036,0.131,0.356,12,9,35,3,0,70,0,70,75,normal_range,0.0,0,,,
2026-02-26T09:40:00+05:30,portfolio_replay,PREMIUM,SKIP,idle,25556.3,13.13,1.0,0.0,0.0,1.036,0.264,0.356,12,9,40,3,0,57,0,57,75,normal_range,0.0,0,,,
2026-02-26T09:45:00+05:30,portfolio_replay,PREMIUM,SKIP,idle,25564.5,13.14,1.0,0.0,0.0,1.036,0.296,0.3,12,9,45,3,0,57,0,57,75,normal_range,0.0,0,,,
2026-02-26T09:50:00+05:30,portfolio_replay,PREMIUM,SKIP,idle,25552.95,13.16,1.0,0.0,0.0,1.036,0.251,0.296,12,9,50,3,0,70,0,70,75,normal_range,0.0,0,,,
2026-02-26T09:54:00+05:30,portfolio_replay,PREMIUM,ENTER,iron_condor,25510.6,13.22,1.0,0.0,0.0,1.036,0.085,0.296,12,9,54,3,0,83,0,83,75,normal_range,34.0,75,,,
2026-02-26T15:15:00+05:30,portfolio_replay,PREMIUM,EXIT,iron_condor,25500.45,13.06,1.0,0.0,0.0,1.036,0.045,0.158,12,15,15,3,0,0,0,0,0,normal_range,0.0,0,Time exit,504.0,321
2026-02-26T09:30:00+05:30,portfolio_replay,PREMIUM,SKIP,idle,25513.95,13.38,1.0,0.0,0.0,1.036,0.098,0.367,12,9,30,3,0,70,0,70,75,normal_range,0.0,0,,,
2026-02-26T09:35:00+05:30,portfolio_replay,PREMIUM,SKIP,idle,25522.35,13.26,1.0,0.0,0.0,1.036,0.131,0.356,12,9,35,3,0,70,0,70,75,normal_range,0.0,0,,,
2026-02-26T09:40:00+05:30,portfolio_replay,PREMIUM,SKIP,idle,25556.3,13.13,1.0,0.0,0.0,1.036,0.264,0.356,12,9,40,3,0,57,0,57,75,normal_range,0.0,0,,,
2026-02-26T09:45:00+05:30,portfolio_replay,PREMIUM,SKIP,idle,25564.5,13.14,1.0,0.0,0.0,1.036,0.296,0.3,12,9,45,3,0,57,0,57,75,normal_range,0.0,0,,,
2026-02-26T09:50:00+05:30,portfolio_replay,PREMIUM,SKIP,idle,25552.95,13.16,1.0,0.0,0.0,1.036,0.251,0.296,12,9,50,3,0,70,0,70,75,normal_range,0.0,0,,,
2026-02-26T09:54:00+05:30,portfolio_replay,PREMIUM,ENTER,iron_condor,25510.6,13.22,1.0,0.0,0.0,1.036,0.085,0.296,12,9,54,3,0,83,0,83,75,normal_range,34.0,75,,,
2026-02-26T15:15:00+05:30,portfolio_replay,PREMIUM,EXIT,iron_condor,25500.45,13.06,1.0,0.0,0.0,1.036,0.045,0.158,12,15,15,3,0,0,0,0,0,normal_range,0.0,0,Time exit,504.0,321
2026-02-26T09:30:00+05:30,portfolio_replay,PREMIUM,SKIP,idle,25513.95,13.38,1.0,0.0,0.0,1.036,0.098,0.367,12,9,30,3,0,70,0,70,75,normal_range,0.0,0,,,
2026-02-26T09:35:00+05:30,portfolio_replay,PREMIUM,SKIP,idle,25522.35,13.26,1.0,0.0,0.0,1.036,0.131,0.356,12,9,35,3,0,70,0,70,75,normal_range,0.0,0,,,
2026-02-26T09:40:00+05:30,portfolio_replay,PREMIUM,SKIP,idle,25556.3,13.13,1.0,0.0,0.0,1.036,0.264,0.356,12,9,40,3,0,57,0,57,75,normal_range,0.0,0,,,
2026-02-26T09:45:00+05:30,portfolio_replay,PREMIUM,SKIP,idle,25564.5,13.14,1.0,0.0,0.0,1.036,0.296,0.3,12,9,45,3,0,57,0,57,75,normal_range,0.0,0,,,
2026-02-26T09:50:00+05:30,portfolio_replay,PREMIUM,SKIP,idle,25552.95,13.16,1.0,0.0,0.0,1.036,0.251,0.296,12,9,50,3,0,70,0,70,75,normal_range,0.0,0,,,
2026-02-26T09:54:00+05:30,portfolio_replay,PREMIUM,ENTER,iron_condor,25510.6,13.22,1.0,0.0,0.0,1.036,0.085,0.296,12,9,54,3,0,83,0,83,75,normal_range,34.0,75,,,
2026-02-26T15:15:00+05:30,portfolio_replay,PREMIUM,EXIT,iron_condor,25500.45,13.06,1.0,0.0,0.0,1.036,0.045,0.158,12,15,15,3,0,0,0,0,0,normal_range,0.0,0,Time exit,504.0,321
2026-02-26T09:30:00+05:30,portfolio_replay,PREMIUM,SKIP,idle,25513.95,13.38,1.0,0.0,0.0,1.036,0.098,0.367,12,9,30,3,0,70,0,70,75,normal_range,0.0,0,,,
2026-02-26T09:35:00+05:30,portfolio_replay,PREMIUM,SKIP,idle,25522.35,13.26,1.0,0.0,0.0,1.036,0.131,0.356,12,9,35,3,0,70,0,70,75,normal_range,0.0,0,,,
2026-02-26T09:40:00+05:30,portfolio_replay,PREMIUM,SKIP,idle,25556.3,13.13,1.0,0.0,0.0,1.036,0.264,0.356,12,9,40,3,0,57,0,57,75,normal_range,0.0,0,,,
2026-02-26T09:45:00+05:30,portfolio_replay,PREMIUM,SKIP,idle,25564.5,13.14,1.0,0.0,0.0,1.036,0.296,0.3,12,9,45,3,0,57,0,57,75,normal_range,0.0,0,,,
2026-02-26T09:50:00+05:30,portfolio_replay,PREMIUM,SKIP,idle,25552.95,13.16,1.0,0.0,0.0,1.036,0.251,0.296,12,9,50,3,0,70,0,70,75,normal_range,0.0,0,,,
2026-02-26T09:54:00+05:30,portfolio_replay,PREMIUM,ENTER,iron_condor,25510.6,13.22,1.0,0.0,0.0,1.036,0.085,0.296,12,9,54,3,0,83,0,83,75,normal_range,34.0,75,,,
2026-02-26T15:15:00+05:30,portfolio_replay,PREMIUM,EXIT,iron_condor,25500.45,13.06,1.0,0.0,0.0,1.036,0.045,0.158,12,15,15,3,0,0,0,0,0,normal_range,0.0,0,Time exit,504.0,321
2026-02-26T09:30:00+05:30,portfolio_replay,PREMIUM,SKIP,idle,25513.95,13.38,1.0,0.0,0.0,1.036,0.098,0.367,12,9,30,3,0,70,0,70,75,normal_range,0.0,0,,,
2026-02-26T09:35:00+05:30,portfolio_replay,PREMIUM,SKIP,idle,25522.35,13.26,1.0,0.0,0.0,1.036,0.131,0.356,12,9,35,3,0,70,0,70,75,normal_range,0.0,0,,,
2026-02-26T09:40:00+05:30,portfolio_replay,PREMIUM,SKIP,idle,25556.3,13.13,1.0,0.0,0.0,1.036,0.264,0.356,12,9,40,3,0,57,0,57,75,normal_range,0.0,0,,,
2026-02-26T09:45:00+05:30,portfolio_replay,PREMIUM,SKIP,idle,25564.5,13.14,1.0,0.0,0.0,1.036,0.296,0.3,12,9,45,3,0,57,0,57,75,normal_range,0.0,0,,,
2026-02-26T09:50:00+05:30,portfolio_replay,PREMIUM,SKIP,idle,25552.95,13.16,1.0,0.0,0.0,1.036,0.251,0.296,12,9,50,3,0,70,0,70,75,normal_range,0.0,0,,,
2026-02-26T09:54:00+05:30,portfolio_replay,PREMIUM,ENTER,iron_condor,25510.6,13.22,1.0,0.0,0.0,1.036,0.085,0.296,12,9,54,3,0,83,0,83,75,normal_range,34.0,75,,,
2026-02-26T15:15:00+05:30,portfolio_replay,PREMIUM,EXIT,iron_condor,25500.45,13.06,1.0,0.0,0.0,1.036,0.045,0.158,12,15,15,3,0,0,0,0,0,normal_range,0.0,0,Time exit,504.0,321
2026-02-26T09:30:00+05:30,portfolio_replay,PREMIUM,SKIP,idle,25513.95,13.38,1.0,0.0,0.0,1.036,0.098,0.367,12,9,30,3,0,70,0,70,75,normal_range,0.0,0,,,
2026-02-26T09:35:00+05:30,portfolio_replay,PREMIUM,SKIP,idle,25522.35,13.26,1.0,0.0,0.0,1.036,0.131,0.356,12,9,35,3,0,70,0,70,75,normal_range,0.0,0,,,
2026-02-26T09:40:00+05:30,portfolio_replay,PREMIUM,SKIP,idle,25556.3,13.13,1.0,0.0,0.0,1.036,0.264,0.356,12,9,40,3,0,57,0,57,75,normal_range,0.0,0,,,
2026-02-26T09:45:00+05:30,portfolio_replay,PREMIUM,SKIP,idle,25564.5,13.14,1.0,0.0,0.0,1.036,0.296,0.3,12,9,45,3,0,57,0,57,75,normal_range,0.0,0,,,
2026-02-26T09:50:00+05:30,portfolio_replay,PREMIUM,SKIP,idle,25552.95,13.16,1.0,0.0,0.0,1.036,0.251,0.296,12,9,50,3,0,70,0,70,75,normal_range,0.0,0,,,
2026-02-26T09:54:00+05:30,portfolio_replay,PREMIUM,ENTER,iron_condor,25510.6,13.22,1.0,0.0,0.0,1.036,0.085,0.296,12,9,54,3,0,83,0,83,75,normal_range,34.0,75,,,
2026-02-26T15:15:00+05:30,portfolio_replay,PREMIUM,EXIT,iron_condor,25500.45,13.06,1.0,0.0,0.0,1.036,0.045,0.158,12,15,15,3,0,0,0,0,0,normal_range,0.0,0,Time exit,504.0,321
2026-02-26T09:30:00+05:30,portfolio_replay,PREMIUM,SKIP,idle,25513.95,13.38,1.0,0.0,0.0,1.036,0.098,0.367,12,9,30,3,0,70,0,70,75,normal_range,0.0,0,,,
2026-02-26T09:35:00+05:30,portfolio_replay,PREMIUM,SKIP,idle,25522.35,13.26,1.0,0.0,0.0,1.036,0.131,0.356,12,9,35,3,0,70,0,70,75,normal_range,0.0,0,,,
2026-02-26T09:40:00+05:30,portfolio_replay,PREMIUM,SKIP,idle,25556.3,13.13,1.0,0.0,0.0,1.036,0.264,0.356,12,9,40,3,0,57,0,57,75,normal_range,0.0,0,,,
2026-02-26T09:45:00+05:30,portfolio_replay,PREMIUM,SKIP,idle,25564.5,13.14,1.0,0.0,0.0,1.036,0.296,0.3,12,9,45,3,0,57,0,57,75,normal_range,0.0,0,,,
2026-02-26T09:50:00+05:30,portfolio_replay,PREMIUM,SKIP,idle,25552.95,13.16,1.0,0.0,0.0,1.036,0.251,0.296,12,9,50,3,0,70,0,70,75,normal_range,0.0,0,,,
2026-02-26T09:54:00+05:30,portfolio_replay,PREMIUM,ENTER,iron_condor,25510.6,13.22,1.0,0.0,0.0,1.036,0.085,0.296,12,9,54,3,0,83,0,83,75,normal_range,34.0,75,,,
2026-02-26T15:15:00+05:30,portfolio_replay,PREMIUM,EXIT,iron_condor,25500.45,13.06,1.0,0.0,0.0,1.036,0.045,0.158,12,15,15,3,0,0,0,0,0,normal_range,0.0,0,Time exit,504.0,321
2026-02-26T09:30:00+05:30,portfolio_replay,PREMIUM,ENTER,strangle,25513.95,13.38,1.0,0.0,0.0,1.036,0.098,0.367,12,9,30,3,0,87,0,87,75,normal_range,98.38,75,,,
2026-02-26T11:34:00+05:30,portfolio_replay,PREMIUM,EXIT,strangle,25521.35,13.06,1.0,0.0,0.0,1.036,0.127,0.27,12,11,34,3,0,0,0,0,0,normal_range,0.0,0,Profit target: premium decayed 15.0%,1108.5,124
2026-02-26T09:30:00+05:30,portfolio_replay,PREMIUM,SKIP,idle,25513.95,13.38,1.0,0.0,0.0,1.036,0.098,0.367,12,9,30,3,0,70,0,70,75,normal_range,0.0,0,,,
2026-02-26T09:35:00+05:30,portfolio_replay,PREMIUM,SKIP,idle,25522.35,13.26,1.0,0.0,0.0,1.036,0.131,0.356,12,9,35,3,0,70,0,70,75,normal_range,0.0,0,,,
2026-02-26T09:40:00+05:30,portfolio_replay,PREMIUM,SKIP,idle,25556.3,13.13,1.0,0.0,0.0,1.036,0.264,0.356,12,9,40,3,0,57,0,57,75,normal_range,0.0,0,,,
2026-02-26T09:45:00+05:30,portfolio_replay,PREMIUM,SKIP,idle,25564.5,13.14,1.0,0.0,0.0,1.036,0.296,0.3,12,9,45,3,0,57,0,57,75,normal_range,0.0,0,,,
2026-02-26T09:50:00+05:30,portfolio_replay,PREMIUM,SKIP,idle,25552.95,13.16,1.0,0.0,0.0,1.036,0.251,0.296,12,9,50,3,0,70,0,70,75,normal_range,0.0,0,,,
2026-02-26T09:54:00+05:30,portfolio_replay,PREMIUM,ENTER,iron_condor,25510.6,13.22,1.0,0.0,0.0,1.036,0.085,0.296,12,9,54,3,0,83,0,83,75,normal_range,34.0,75,,,
2026-02-26T15:15:00+05:30,portfolio_replay,PREMIUM,EXIT,iron_condor,25500.45,13.06,1.0,0.0,0.0,1.036,0.045,0.158,12,15,15,3,0,0,0,0,0,normal_range,0.0,0,Time exit,504.0,321
2026-02-26T09:30:00+05:30,portfolio_replay,PREMIUM,SKIP,idle,25513.95,13.38,1.0,0.0,0.0,1.036,0.098,0.367,12,9,30,3,0,70,0,70,75,normal_range,0.0,0,,,
2026-02-26T09:35:00+05:30,portfolio_replay,PREMIUM,SKIP,idle,25522.35,13.26,1.0,0.0,0.0,1.036,0.131,0.356,12,9,35,3,0,70,0,70,75,normal_range,0.0,0,,,
2026-02-26T09:40:00+05:30,portfolio_replay,PREMIUM,SKIP,idle,25556.3,13.13,1.0,0.0,0.0,1.036,0.264,0.356,12,9,40,3,0,57,0,57,75,normal_range,0.0,0,,,
2026-02-26T09:45:00+05:30,portfolio_replay,PREMIUM,SKIP,idle,25564.5,13.14,1.0,0.0,0.0,1.036,0.296,0.3,12,9,45,3,0,57,0,57,75,normal_range,0.0,0,,,
2026-02-26T09:50:00+05:30,portfolio_replay,PREMIUM,SKIP,idle,25552.95,13.16,1.0,0.0,0.0,1.036,0.251,0.296,12,9,50,3,0,70,0,70,75,normal_range,0.0,0,,,
2026-02-26T09:54:00+05:30,portfolio_replay,PREMIUM,ENTER,iron_condor,25510.6,13.22,1.0,0.0,0.0,1.036,0.085,0.296,12,9,54,3,0,83,0,83,75,normal_range,34.0,75,,,
2026-02-26T15:15:00+05:30,portfolio_replay,PREMIUM,EXIT,iron_condor,25500.45,13.06,1.0,0.0,0.0,1.036,0.045,0.158,12,15,15,3,0,0,0,0,0,normal_range,0.0,0,Time exit,504.0,321
2026-02-26T09:30:00+05:30,portfolio_replay,PREMIUM,SKIP,idle,25513.95,13.38,1.0,0.0,0.0,1.036,0.098,0.367,12,9,30,3,0,70,0,70,75,normal_range,0.0,0,,,
2026-02-26T09:35:00+05:30,portfolio_replay,PREMIUM,SKIP,idle,25522.35,13.26,1.0,0.0,0.0,1.036,0.131,0.356,12,9,35,3,0,70,0,70,75,normal_range,0.0,0,,,
2026-02-26T09:40:00+05:30,portfolio_replay,PREMIUM,SKIP,idle,25556.3,13.13,1.0,0.0,0.0,1.036,0.264,0.356,12,9,40,3,0,57,0,57,75,normal_range,0.0,0,,,
2026-02-26T09:45:00+05:30,portfolio_replay,PREMIUM,SKIP,idle,25564.5,13.14,1.0,0.0,0.0,1.036,0.296,0.3,12,9,45,3,0,57,0,57,75,normal_range,0.0,0,,,
2026-02-26T09:50:00+05:30,portfolio_replay,PREMIUM,SKIP,idle,25552.95,13.16,1.0,0.0,0.0,1.036,0.251,0.296,12,9,50,3,0,70,0,70,75,normal_range,0.0,0,,,
2026-02-26T09:54:00+05:30,portfolio_replay,PREMIUM,ENTER,iron_condor,25510.6,13.22,1.0,0.0,0.0,1.036,0.085,0.296,12,9,54,3,0,83,0,83,75,normal_range,23.52,75,,,
2026-02-26T15:15:00+05:30,portfolio_replay,PREMIUM,EXIT,iron_condor,25500.45,13.06,1.0,0.0,0.0,1.036,0.045,0.158,12,15,15,3,0,0,0,0,0,normal_range,0.0,0,Time exit,327.0,321
2026-02-26T09:30:00+05:30,portfolio_replay,PREMIUM,SKIP,idle,25513.95,13.38,1.0,0.0,0.0,1.036,0.098,0.367,12,9,30,3,0,70,0,70,75,normal_range,0.0,0,,,
2026-02-26T09:35:00+05:30,portfolio_replay,PREMIUM,SKIP,idle,25522.35,13.26,1.0,0.0,0.0,1.036,0.131,0.356,12,9,35,3,0,70,0,70,75,normal_range,0.0,0,,,
2026-02-26T09:40:00+05:30,portfolio_replay,PREMIUM,SKIP,idle,25556.3,13.13,1.0,0.0,0.0,1.036,0.264,0.356,12,9,40,3,0,57,0,57,75,normal_range,0.0,0,,,
2026-02-26T09:45:00+05:30,portfolio_replay,PREMIUM,SKIP,idle,25564.5,13.14,1.0,0.0,0.0,1.036,0.296,0.3,12,9,45,3,0,57,0,57,75,normal_range,0.0,0,,,
2026-02-26T09:50:00+05:30,portfolio_replay,PREMIUM,SKIP,idle,25552.95,13.16,1.0,0.0,0.0,1.036,0.251,0.296,12,9,50,3,0,70,0,70,75,normal_range,0.0,0,,,
2026-02-26T09:54:00+05:30,portfolio_replay,PREMIUM,ENTER,iron_condor,25510.6,13.22,1.0,0.0,0.0,1.036,0.085,0.296,12,9,54,3,0,83,0,83,75,normal_range,41.44,75,,,
2026-02-26T15:15:00+05:30,portfolio_replay,PREMIUM,EXIT,iron_condor,25500.45,13.06,1.0,0.0,0.0,1.036,0.045,0.158,12,15,15,3,0,0,0,0,0,normal_range,0.0,0,Time exit,646.5,321
2026-02-26T09:30:00+05:30,portfolio_replay,PREMIUM,SKIP,idle,25513.95,13.38,1.0,0.0,0.0,1.036,0.098,0.367,12,9,30,3,0,70,0,70,75,normal_range,0.0,0,,,
2026-02-26T09:35:00+05:30,portfolio_replay,PREMIUM,SKIP,idle,25522.35,13.26,1.0,0.0,0.0,1.036,0.131,0.356,12,9,35,3,0,70,0,70,75,normal_range,0.0,0,,,
2026-02-26T09:40:00+05:30,portfolio_replay,PREMIUM,SKIP,idle,25556.3,13.13,1.0,0.0,0.0,1.036,0.264,0.356,12,9,40,3,0,57,0,57,75,normal_range,0.0,0,,,
2026-02-26T09:45:00+05:30,portfolio_replay,PREMIUM,SKIP,idle,25564.5,13.14,1.0,0.0,0.0,1.036,0.296,0.3,12,9,45,3,0,57,0,57,75,normal_range,0.0,0,,,
2026-02-26T09:50:00+05:30,portfolio_replay,PREMIUM,SKIP,idle,25552.95,13.16,1.0,0.0,0.0,1.036,0.251,0.296,12,9,50,3,0,70,0,70,75,normal_range,0.0,0,,,
2026-02-26T09:54:00+05:30,portfolio_replay,PREMIUM,ENTER,iron_condor,25510.6,13.22,1.0,0.0,0.0,1.036,0.085,0.296,12,9,54,3,0,83,0,83,75,normal_range,34.0,75,,,
2026-02-26T15:15:00+05:30,portfolio_replay,PREMIUM,EXIT,iron_condor,25500.45,13.06,1.0,0.0,0.0,1.036,0.045,0.158,12,15,15,3,0,0,0,0,0,normal_range,0.0,0,Time exit,504.0,321
2026-02-26T09:30:00+05:30,portfolio_replay,PREMIUM,SKIP,idle,25513.95,13.38,1.0,0.0,0.0,1.036,0.098,0.367,12,9,30,3,0,70,0,70,75,normal_range,0.0,0,,,
2026-02-26T09:35:00+05:30,portfolio_replay,PREMIUM,SKIP,idle,25522.35,13.26,1.0,0.0,0.0,1.036,0.131,0.356,12,9,35,3,0,70,0,70,75,normal_range,0.0,0,,,
2026-02-26T09:40:00+05:30,portfolio_replay,PREMIUM,SKIP,idle,25556.3,13.13,1.0,0.0,0.0,1.036,0.264,0.356,12,9,40,3,0,57,0,57,75,normal_range,0.0,0,,,
2026-02-26T09:45:00+05:30,portfolio_replay,PREMIUM,SKIP,idle,25564.5,13.14,1.0,0.0,0.0,1.036,0.296,0.3,12,9,45,3,0,57,0,57,75,normal_range,0.0,0,,,
2026-02-26T09:50:00+05:30,portfolio_replay,PREMIUM,SKIP,idle,25552.95,13.16,1.0,0.0,0.0,1.036,0.251,0.296,12,9,50,3,0,70,0,70,75,normal_range,0.0,0,,,
2026-02-26T09:54:00+05:30,portfolio_replay,PREMIUM,ENTER,iron_condor,25510.6,13.22,1.0,0.0,0.0,1.036,0.085,0.296,12,9,54,3,0,83,0,83,75,normal_range,34.0,75,,,
2026-02-26T15:15:00+05:30,portfolio_replay,PREMIUM,EXIT,iron_condor,25500.45,13.06,1.0,0.0,0.0,1.036,0.045,0.158,12,15,15,3,0,0,0,0,0,normal_range,0.0,0,Time exit,504.0,321
2026-02-26T09:30:00+05:30,portfolio_replay,PREMIUM,SKIP,idle,25513.95,13.38,1.0,0.0,0.0,1.036,0.098,0.367,12,9,30,3,0,70,0,70,75,normal_range,0.0,0,,,
2026-02-26T09:35:00+05:30,portfolio_replay,PREMIUM,SKIP,idle,25522.35,13.26,1.0,0.0,0.0,1.036,0.131,0.356,12,9,35,3,0,70,0,70,75,normal_range,0.0,0,,,
2026-02-26T09:40:00+05:30,portfolio_replay,PREMIUM,SKIP,idle,25556.3,13.13,1.0,0.0,0.0,1.036,0.264,0.356,12,9,40,3,0,57,0,57,75,normal_range,0.0,0,,,
2026-02-26T09:45:00+05:30,portfolio_replay,PREMIUM,SKIP,idle,25564.5,13.14,1.0,0.0,0.0,1.036,0.296,0.3,12,9,45,3,0,57,0,57,75,normal_range,0.0,0,,,
2026-02-26T09:50:00+05:30,portfolio_replay,PREMIUM,SKIP,idle,25552.95,13.16,1.0,0.0,0.0,1.036,0.251,0.296,12,9,50,3,0,70,0,70,75,normal_range,0.0,0,,,
2026-02-26T09:54:00+05:30,portfolio_replay,PREMIUM,ENTER,iron_condor,25510.6,13.22,1.0,0.0,0.0,1.036,0.085,0.296,12,9,54,3,0,83,0,83,75,normal_range,34.0,75,,,
2026-02-26T15:15:00+05:30,portfolio_replay,PREMIUM,EXIT,iron_condor,25500.45,13.06,1.0,0.0,0.0,1.036,0.045,0.158,12,15,15,3,0,0,0,0,0,normal_range,0.0,0,Time exit,504.0,321
2026-02-26T09:30:00+05:30,portfolio_replay,PREMIUM,SKIP,idle,25513.95,13.38,1.0,0.0,0.0,1.036,0.098,0.367,12,9,30,3,0,70,0,70,75,normal_range,0.0,0,,,
2026-02-26T09:35:00+05:30,portfolio_replay,PREMIUM,SKIP,idle,25522.35,13.26,1.0,0.0,0.0,1.036,0.131,0.356,12,9,35,3,0,70,0,70,75,normal_range,0.0,0,,,
2026-02-26T09:40:00+05:30,portfolio_replay,PREMIUM,SKIP,idle,25556.3,13.13,1.0,0.0,0.0,1.036,0.264,0.356,12,9,40,3,0,57,0,57,75,normal_range,0.0,0,,,
2026-02-26T09:45:00+05:30,portfolio_replay,PREMIUM,SKIP,idle,25564.5,13.14,1.0,0.0,0.0,1.036,0.296,0.3,12,9,45,3,0,57,0,57,75,normal_range,0.0,0,,,
2026-02-26T09:50:00+05:30,portfolio_replay,PREMIUM,SKIP,idle,25552.95,13.16,1.0,0.0,0.0,1.036,0.251,0.296,12,9,50,3,0,70,0,70,75,normal_range,0.0,0,,,
2026-02-26T09:54:00+05:30,portfolio_replay,PREMIUM,ENTER,iron_condor,25510.6,13.22,1.0,0.0,0.0,1.036,0.085,0.296,12,9,54,3,0,83,0,83,75,normal_range,34.0,75,,,
2026-02-26T15:15:00+05:30,portfolio_replay,PREMIUM,EXIT,iron_condor,25500.45,13.06,1.0,0.0,0.0,1.036,0.045,0.158,12,15,15,3,0,0,0,0,0,normal_range,0.0,0,Time exit,504.0,321
2026-02-26T09:30:00+05:30,portfolio_replay,PREMIUM,ENTER,strangle,25513.95,13.38,1.0,0.0,0.0,1.036,0.098,0.367,12,9,30,3,0,87,0,87,75,normal_range,98.38,75,,,
2026-02-26T11:34:00+05:30,portfolio_replay,PREMIUM,EXIT,strangle,25521.35,13.06,1.0,0.0,0.0,1.036,0.127,0.27,12,11,34,3,0,0,0,0,0,normal_range,0.0,0,Profit target: premium decayed 15.0%,1108.5,124
2026-02-26T09:30:00+05:30,portfolio_replay,PREMIUM,ENTER,strangle,25513.95,13.38,1.0,0.0,0.0,1.036,0.098,0.367,12,9,30,3,0,87,0,87,75,normal_range,98.38,75,,,
2026-02-26T11:34:00+05:30,portfolio_replay,PREMIUM,EXIT,strangle,25521.35,13.06,1.0,0.0,0.0,1.036,0.127,0.27,12,11,34,3,0,0,0,0,0,normal_range,0.0,0,Profit target: premium decayed 15.0%,1108.5,124
2026-02-26T09:30:00+05:30,portfolio_replay,PREMIUM,ENTER,strangle,25513.95,13.38,1.0,0.0,0.0,1.036,0.098,0.367,12,9,30,3,0,87,0,87,75,normal_range,98.38,75,,,
2026-02-26T11:34:00+05:30,portfolio_replay,PREMIUM,EXIT,strangle,25521.35,13.06,1.0,0.0,0.0,1.036,0.127,0.27,12,11,34,3,0,0,0,0,0,normal_range,0.0,0,Profit target: premium decayed 15.0%,1108.5,124
2026-02-26T09:30:00+05:30,portfolio_replay,PREMIUM,ENTER,strangle,25513.95,13.38,1.0,0.0,0.0,1.036,0.098,0.367,12,9,30,3,0,87,0,87,75,normal_range,98.38,75,,,
2026-02-26T11:34:00+05:30,portfolio_replay,PREMIUM,EXIT,strangle,25521.35,13.06,1.0,0.0,0.0,1.036,0.127,0.27,12,11,34,3,0,0,0,0,0,normal_range,0.0,0,Profit target: premium decayed 15.0%,1108.5,124
2026-02-26T09:30:00+05:30,portfolio_replay,PREMIUM,ENTER,strangle,25513.95,13.38,1.0,0.0,0.0,1.036,0.098,0.367,12,9,30,3,0,87,0,87,75,normal_range,98.38,75,,,
2026-02-26T11:34:00+05:30,portfolio_replay,PREMIUM,EXIT,strangle,25521.35,13.06,1.0,0.0,0.0,1.036,0.127,0.27,12,11,34,3,0,0,0,0,0,normal_range,0.0,0,Profit target: premium decayed 15.0%,1108.5,124
2026-02-26T09:30:00+05:30,portfolio_replay,PREMIUM,ENTER,strangle,25513.95,13.38,1.0,0.0,0.0,1.036,0.098,0.367,12,9,30,3,0,87,0,87,75,normal_range,98.38,75,,,
2026-02-26T11:34:00+05:30,portfolio_replay,PREMIUM,EXIT,strangle,25521.35,13.06,1.0,0.0,0.0,1.036,0.127,0.27,12,11,34,3,0,0,0,0,0,normal_range,0.0,0,Profit target: premium decayed 15.0%,1108.5,124
2026-02-26T09:30:00+05:30,portfolio_replay,PREMIUM,ENTER,strangle,25513.95,13.38,1.0,0.0,0.0,1.036,0.098,0.367,12,9,30,3,0,87,0,87,75,normal_range,98.38,75,,,
2026-02-26T11:34:00+05:30,portfolio_replay,PREMIUM,EXIT,strangle,25521.35,13.06,1.0,0.0,0.0,1.036,0.127,0.27,12,11,34,3,0,0,0,0,0,normal_range,0.0,0,Profit target: premium decayed 15.0%,1108.5,124
2026-02-26T09:30:00+05:30,portfolio_replay,PREMIUM,ENTER,strangle,25513.95,13.38,1.0,0.0,0.0,1.036,0.098,0.367,12,9,30,3,0,87,0,87,75,normal_range,98.38,75,,,
2026-02-26T11:34:00+05:30,portfolio_replay,PREMIUM,EXIT,strangle,25521.35,13.06,1.0,0.0,0.0,1.036,0.127,0.27,12,11,34,3,0,0,0,0,0,normal_range,0.0,0,Profit target: premium decayed 15.0%,1108.5,124
2026-02-26T09:30:00+05:30,portfolio_replay,PREMIUM,ENTER,strangle,25513.95,13.38,1.0,0.0,0.0,1.036,0.098,0.367,12,9,30,3,0,87,0,87,75,normal_range,98.38,75,,,
2026-02-26T11:34:00+05:30,portfolio_replay,PREMIUM,EXIT,strangle,25521.35,13.06,1.0,0.0,0.0,1.036,0.127,0.27,12,11,34,3,0,0,0,0,0,normal_range,0.0,0,Profit target: premium decayed 15.0%,1108.5,124
2026-02-26T09:30:00+05:30,portfolio_replay,PREMIUM,ENTER,strangle,25513.95,13.38,1.0,0.0,0.0,1.036,0.098,0.367,12,9,30,3,0,87,0,87,75,normal_range,98.38,75,,,
2026-02-26T11:34:00+05:30,portfolio_replay,PREMIUM,EXIT,strangle,25521.35,13.06,1.0,0.0,0.0,1.036,0.127,0.27,12,11,34,3,0,0,0,0,0,normal_range,0.0,0,Profit target: premium decayed 15.0%,1108.5,124
2026-02-26T09:30:00+05:30,portfolio_replay,PREMIUM,ENTER,strangle,25513.95,13.38,1.0,0.0,0.0,1.036,0.098,0.367,12,9,30,3,0,87,0,87,75,normal_range,98.38,75,,,
2026-02-26T11:34:00+05:30,portfolio_replay,PREMIUM,EXIT,strangle,25521.35,13.06,1.0,0.0,0.0,1.036,0.127,0.27,12,11,34,3,0,0,0,0,0,normal_range,0.0,0,Profit target: premium decayed 15.0%,1108.5,124
2026-02-26T09:30:00+05:30,portfolio_replay,PREMIUM,ENTER,strangle,25513.95,13.38,1.0,0.0,0.0,1.036,0.098,0.367,12,9,30,3,0,87,0,87,75,normal_range,98.38,75,,,
2026-02-26T11:34:00+05:30,portfolio_replay,PREMIUM,EXIT,strangle,25521.35,13.06,1.0,0.0,0.0,1.036,0.127,0.27,12,11,34,3,0,0,0,0,0,normal_range,0.0,0,Profit target: premium decayed 15.0%,1108.5,124
2026-02-26T09:30:00+05:30,portfolio_replay,PREMIUM,ENTER,strangle,25513.95,13.38,1.0,0.0,0.0,1.036,0.098,0.367,12,9,30,3,0,87,0,87,75,normal_range,98.38,75,,,
2026-02-26T11:34:00+05:30,portfolio_replay,PREMIUM,EXIT,strangle,25521.35,13.06,1.0,0.0,0.0,1.036,0.127,0.27,12,11,34,3,0,0,0,0,0,normal_range,0.0,0,Profit target: premium decayed 15.0%,1108.5,124
2026-02-26T09:30:00+05:30,portfolio_hist,PREMIUM,ENTER,strangle,25513.95,13.38,1.0,0.0,0.0,1.036,0.098,0.367,12,9,30,3,0,87,0,87,75,normal_range,98.38,75,,,
2026-02-26T11:34:00+05:30,portfolio_hist,PREMIUM,EXIT,strangle,25521.35,13.06,1.0,0.0,0.0,1.036,0.127,0.27,12,11,34,3,0,0,0,0,0,normal_range,0.0,0,Profit target: premium decayed 15.0%,1108.5,124
2026-02-26T09:30:00+05:30,portfolio_hist,PREMIUM,ENTER,strangle,25513.95,13.38,1.0,0.0,0.0,1.036,0.098,0.367,12,9,30,3,0,87,0,87,75,normal_range,98.38,75,,,
2026-02-26T11:34:00+05:30,portfolio_hist,PREMIUM,EXIT,strangle,25521.35,13.06,1.0,0.0,0.0,1.036,0.127,0.27,12,11,34,3,0,0,0,0,0,normal_range,0.0,0,Profit target: premium decayed 15.0%,1108.5,124
2026-02-26T09:30:00+05:30,portfolio_hist,PREMIUM,ENTER,strangle,25513.95,13.38,1.0,0.0,0.0,1.036,0.098,0.367,12,9,30,3,0,87,0,87,75,normal_range,98.38,75,,,
2026-02-26T11:34:00+05:30,portfolio_hist,PREMIUM,EXIT,strangle,25521.35,13.06,1.0,0.0,0.0,1.036,0.127,0.27,12,11,34,3,0,0,0,0,0,normal_range,0.0,0,Profit target: premium decayed 15.0%,1108.5,124
2026-02-26T09:30:00+05:30,portfolio_hist,PREMIUM,ENTER,strangle,25513.95,13.38,1.0,0.0,0.0,1.036,0.098,0.367,12,9,30,3,0,87,0,87,75,normal_range,98.38,75,,,
2026-02-26T11:34:00+05:30,portfolio_hist,PREMIUM,EXIT,strangle,25521.35,13.06,1.0,0.0,0.0,1.036,0.127,0.27,12,11,34,3,0,0,0,0,0,normal_range,0.0,0,Profit target: premium decayed 15.0%,1108.5,124
2026-02-26T09:30:00+05:30,portfolio_hist,PREMIUM,ENTER,strangle,25513.95,13.38,1.0,0.0,0.0,1.036,0.098,0.367,12,9,30,3,0,87,0,87,75,normal_range,98.38,75,,,
2026-02-26T11:34:00+05:30,portfolio_hist,PREMIUM,EXIT,strangle,25521.35,13.06,1.0,0.0,0.0,1.036,0.127,0.27,12,11,34,3,0,0,0,0,0,normal_range,0.0,0,Profit target: premium decayed 15.0%,1108.5,124
2026-02-26T09:30:00+05:30,portfolio_hist,PREMIUM,ENTER,strangle,25513.95,13.38,1.0,0.0,0.0,1.036,0.098,0.367,12,9,30,3,0,87,0,87,75,normal_range,98.38,75,,,
2026-02-26T11:34:00+05:30,portfolio_hist,PREMIUM,EXIT,strangle,25521.35,13.06,1.0,0.0,0.0,1.036,0.127,0.27,12,11,34,3,0,0,0,0,0,normal_range,0.0,0,Profit target: premium decayed 15.0%,1108.5,124
2026-02-26T09:30:00+05:30,portfolio_hist,PREMIUM,ENTER,strangle,25513.95,13.38,1.0,0.0,0.0,1.036,0.098,0.367,12,9,30,3,0,87,0,87,75,normal_range,98.38,75,,,
2026-02-26T11:34:00+05:30,portfolio_hist,PREMIUM,EXIT,strangle,25521.35,13.06,1.0,0.0,0.0,1.036,0.127,0.27,12,11,34,3,0,0,0,0,0,normal_range,0.0,0,Profit target: premium decayed 15.0%,1108.5,124
2026-02-26T09:30:00+05:30,portfolio_hist,PREMIUM,ENTER,strangle,25513.95,13.38,1.0,0.0,0.0,1.036,0.098,0.367,12,9,30,3,0,87,0,87,75,normal_range,98.38,75,,,
2026-02-26T11:34:00+05:30,portfolio_hist,PREMIUM,EXIT,strangle,25521.35,13.06,1.0,0.0,0.0,1.036,0.127,0.27,12,11,34,3,0,0,0,0,0,normal_range,0.0,0,Profit target: premium decayed 15.0%,1108.5,124
2026-02-26T09:30:00+05:30,portfolio_hist,PREMIUM,ENTER,strangle,25513.95,13.38,1.0,0.0,0.0,1.036,0.098,0.367,12,9,30,3,0,87,0,87,75,normal_range,98.38,75,,,
2026-02-26T11:34:00+05:30,portfolio_hist,PREMIUM,EXIT,strangle,25521.35,13.06,1.0,0.0,0.0,1.036,0.127,0.27,12,11,34,3,0,0,0,0,0,normal_range,0.0,0,Profit target: premium decayed 15.0%,1108.5,124
2026-02-26T09:30:00+05:30,portfolio_hist,PREMIUM,ENTER,strangle,25513.95,13.38,1.0,0.0,0.0,1.036,0.098,0.367,12,9,30,3,0,87,0,87,75,normal_range,98.38,75,,,
2026-02-26T11:34:00+05:30,portfolio_hist,PREMIUM,EXIT,strangle,25521.35,13.06,1.0,0.0,0.0,1.036,0.127,0.27,12,11,34,3,0,0,0,0,0,normal_range,0.0,0,Profit target: premium decayed 15.0%,1108.5,124
2026-02-26T09:30:00+05:30,portfolio_hist,PREMIUM,ENTER,strangle,25513.95,13.38,1.0,0.0,0.0,1.036,0.098,0.367,12,9,30,3,0,87,0,87,75,normal_range,98.38,75,,,
2026-02-26T11:34:00+05:30,portfolio_hist,PREMIUM,EXIT,strangle,25521.35,13.06,1.0,0.0,0.0,1.036,0.127,0.27,12,11,34,3,0,0,0,0,0,normal_range,0.0,0,Profit target: premium decayed 15.0%,1108.5,124
2026-02-26T09:30:00+05:30,portfolio_hist,PREMIUM,ENTER,strangle,25513.95,13.38,1.0,0.0,0.0,1.036,0.098,0.367,12,9,30,3,0,87,0,87,75,normal_range,98.38,75,,,
2026-02-26T11:34:00+05:30,portfolio_hist,PREMIUM,EXIT,strangle,25521.35,13.06,1.0,0.0,0.0,1.036,0.127,0.27,12,11,34,3,0,0,0,0,0,normal_range,0.0,0,Profit target: premium decayed 15.0%,1108.5,124
2026-02-26T09:30:00+05:30,portfolio_hist,PREMIUM,ENTER,strangle,25513.95,13.38,1.0,0.0,0.0,1.036,0.098,0.367,12,9,30,3,0,87,0,87,75,normal_range,98.38,75,,,
2026-02-26T11:34:00+05:30,portfolio_hist,PREMIUM,EXIT,strangle,25521.35,13.06,1.0,0.0,0.0,1.036,0.127,0.27,12,11,34,3,0,0,0,0,0,normal_range,0.0,0,Profit target: premium decayed 15.0%,1108.5,124
2026-02-26T09:30:00+05:30,portfolio_hist,PREMIUM,ENTER,strangle,25513.95,13.38,1.0,0.0,0.0,1.036,0.098,0.367,12,9,30,3,0,87,0,87,75,normal_range,98.38,75,,,
2026-02-26T11:34:00+05:30,portfolio_hist,PREMIUM,EXIT,strangle,25521.35,13.06,1.0,0.0,0.0,1.036,0.127,0.27,12,11,34,3,0,0,0,0,0,normal_range,0.0,0,Profit target: premium decayed 15.0%,1108.5,124
2026-02-26T09:30:00+05:30,portfolio_hist,PREMIUM,ENTER,strangle,25513.95,13.38,1.0,0.0,0.0,1.036,0.098,0.367,12,9,30,3,0,87,0,87,75,normal_range,98.38,75,,,
2026-02-26T11:34:00+05:30,portfolio_hist,PREMIUM,EXIT,strangle,25521.35,13.06,1.0,0.0,0.0,1.036,0.127,0.27,12,11,34,3,0,0,0,0,0,normal_range,0.0,0,Profit target: premium decayed 15.0%,1108.5,124
2026-02-26T09:30:00+05:30,portfolio_hist,PREMIUM,ENTER,strangle,25513.95,13.38,1.0,0.0,0.0,1.036,0.098,0.367,12,9,30,3,0,87,0,87,75,normal_range,98.38,75,,,
2026-02-26T11:34:00+05:30,portfolio_hist,PREMIUM,EXIT,strangle,25521.35,13.06,1.0,0.0,0.0,1.036,0.127,0.27,12,11,34,3,0,0,0,0,0,normal_range,0.0,0,Profit target: premium decayed 15.0%,1108.5,124
2026-02-26T09:30:00+05:30,portfolio_hist,PREMIUM,ENTER,strangle,25513.95,13.38,1.0,0.0,0.0,1.036,0.098,0.367,12,9,30,3,0,87,0,87,75,normal_range,98.38,75,,,
2026-02-26T11:34:00+05:30,portfolio_hist,PREMIUM,EXIT,strangle,25521.35,13.06,1.0,0.0,0.0,1.036,0.127,0.27,12,11,34,3,0,0,0,0,0,normal_range,0.0,0,Profit target: premium decayed 15.0%,1108.5,124
2026-02-26T09:30:00+05:30,portfolio_hist,PREMIUM,ENTER,strangle,25513.95,13.38,1.0,0.0,0.0,1.036,0.098,0.367,12,9,30,3,0,87,0,87,75,normal_range,98.38,75,,,
2026-02-26T11:34:00+05:30,portfolio_hist,PREMIUM,EXIT,strangle,25521.35,13.06,1.0,0.0,0.0,1.036,0.127,0.27,12,11,34,3,0,0,0,0,0,normal_range,0.0,0,Profit target: premium decayed 15.0%,1108.5,124
2026-02-26T09:30:00+05:30,portfolio_hist,PREMIUM,ENTER,strangle,25513.95,13.38,1.0,0.0,0.0,1.036,0.098,0.367,12,9,30,3,0,87,0,87,75,normal_range,98.38,75,,,
2026-02-26T11:34:00+05:30,portfolio_hist,PREMIUM,EXIT,strangle,25521.35,13.06,1.0,0.0,0.0,1.036,0.127,0.27,12,11,34,3,0,0,0,0,0,normal_range,0.0,0,Profit target: premium decayed 15.0%,1108.5,124
2026-02-26T09:30:00+05:30,portfolio_hist,PREMIUM,ENTER,strangle,25513.95,13.38,1.0,0.0,0.0,1.036,0.098,0.367,12,9,30,3,0,87,0,87,75,normal_range,98.38,75,,,
2026-02-26T11:34:00+05:30,portfolio_hist,PREMIUM,EXIT,strangle,25521.35,13.06,1.0,0.0,0.0,1.036,0.127,0.27,12,11,34,3,0,0,0,0,0,normal_range,0.0,0,Profit target: premium decayed 15.0%,1108.5,124
2026-02-26T09:30:00+05:30,portfolio_hist,PREMIUM,ENTER,strangle,25513.95,13.38,1.0,0.0,0.0,1.036,0.098,0.367,12,9,30,3,0,87,0,87,75,normal_range,98.38,75,,,
2026-02-26T11:34:00+05:30,portfolio_hist,PREMIUM,EXIT,strangle,25521.35,13.06,1.0,0.0,0.0,1.036,0.127,0.27,12,11,34,3,0,0,0,0,0,normal_range,0.0,0,Profit target: premium decayed 15.0%,1108.5,124
2026-02-26T09:30:00+05:30,portfolio_hist,PREMIUM,ENTER,strangle,25513.95,13.38,1.0,0.0,0.0,1.036,0.098,0.367,12,9,30,3,0,87,0,87,75,normal_range,98.38,75,,,
2026-02-26T11:34:00+05:30,portfolio_hist,PREMIUM,EXIT,strangle,25521.35,13.06,1.0,0.0,0.0,1.036,0.127,0.27,12,11,34,3,0,0,0,0,0,normal_range,0.0,0,Profit target: premium decayed 15.0%,1108.5,124
2026-02-26T09:30:00+05:30,portfolio_hist,PREMIUM,ENTER,strangle,25513.95,13.38,1.0,0.0,0.0,1.036,0.098,0.367,12,9,30,3,0,87,0,87,75,normal_range,98.38,75,,,
2026-02-26T11:34:00+05:30,portfolio_hist,PREMIUM,EXIT,strangle,25521.35,13.06,1.0,0.0,0.0,1.036,0.127,0.27,12,11,34,3,0,0,0,0,0,normal_range,0.0,0,Profit target: premium decayed 15.0%,1108.5,124
2026-02-26T09:30:00+05:30,portfolio_hist,PREMIUM,ENTER,strangle,25513.95,13.38,1.0,0.0,0.0,1.036,0.098,0.367,12,9,30,3,0,87,0,87,75,normal_range,98.38,75,,,
2026-02-26T11:34:00+05:30,portfolio_hist,PREMIUM,EXIT,strangle,25521.35,13.06,1.0,0.0,0.0,1.036,0.127,0.27,12,11,34,3,0,0,0,0,0,normal_range,0.0,0,Profit target: premium decayed 15.0%,1108.5,124
2026-02-26T09:30:00+05:30,portfolio_hist,PREMIUM,ENTER,strangle,25513.95,13.38,1.0,0.0,0.0,1.036,0.098,0.367,12,9,30,3,0,87,0,87,75,normal_range,98.38,75,,,
2026-02-26T11:34:00+05:30,portfolio_hist,PREMIUM,EXIT,strangle,25521.35,13.06,1.0,0.0,0.0,1.036,0.127,0.27,12,11,34,3,0,0,0,0,0,normal_range,0.0,0,Profit target: premium decayed 15.0%,1108.5,124
2026-02-26T09:30:00+05:30,portfolio_hist,PREMIUM,ENTER,strangle,25513.95,13.38,1.0,0.0,0.0,1.036,0.098,0.367,12,9,30,3,0,87,0,87,75,normal_range,98.38,75,,,
2026-02-26T10:47:00+05:30,portfolio_hist,PREMIUM,EXIT,strangle,25543.4,13.11,1.0,0.0,0.0,1.036,0.214,0.141,12,10,47,3,0,0,0,0,0,normal_range,0.0,0,Profit target: premium decayed 10.6%,781.5,77
2026-02-26T10:48:00+05:30,portfolio_hist,PREMIUM,ENTER,strangle,25544.9,13.11,1.0,0.0,0.0,1.036,0.22,0.141,12,10,48,3,0,87,0,87,65,normal_range,94.5,75,,,
2026-02-26T14:40:00+05:30,portfolio_hist,PREMIUM,EXIT,strangle,25484.15,13.18,1.0,0.0,0.0,1.036,0.019,0.18,12,14,40,3,0,0,0,0,0,normal_range,0.0,0,Profit target: premium decayed 10.1%,715.5,232
2026-02-26T09:30:00+05:30,portfolio_hist,PREMIUM,ENTER,strangle,25513.95,13.38,1.0,0.0,0.0,1.036,0.098,0.367,12,9,30,3,0,87,0,87,75,normal_range,98.38,75,,,
2026-02-26T11:34:00+05:30,portfolio_hist,PREMIUM,EXIT,strangle,25521.35,13.06,1.0,0.0,0.0,1.036,0.127,0.27,12,11,34,3,0,0,0,0,0,normal_range,0.0,0,Profit target: premium decayed 15.0%,1108.5,124
2026-02-26T09:30:00+05:30,portfolio_hist,PREMIUM,ENTER,strangle,25513.95,13.38,1.0,0.0,0.0,1.036,0.098,0.367,12,9,30,3,0,87,0,87,75,normal_range,98.38,75,,,
2026-02-26T12:22:00+05:30,portfolio_hist,PREMIUM,EXIT,strangle,25407.5,13.5,1.0,0.0,0.0,1.036,0.32,0.157,12,12,22,3,0,0,0,0,0,normal_range,0.0,0,Trail stop: bounced 17.9% after 15% decay,-207.75,172
2026-02-26T09:30:00+05:30,portfolio_hist,PREMIUM,ENTER,strangle,25513.95,13.38,1.0,0.0,0.0,1.036,0.098,0.367,12,9,30,3,0,87,0,87,75,normal_range,98.38,75,,,
2026-02-26T12:22:00+05:30,portfolio_hist,PREMIUM,EXIT,strangle,25407.5,13.5,1.0,0.0,0.0,1.036,0.32,0.157,12,12,22,3,0,0,0,0,0,normal_range,0.0,0,Trail stop: bounced 17.9% after 15% decay,-207.75,172
2026-02-26T09:30:00+05:30,portfolio_hist,PREMIUM,ENTER,strangle,25513.95,13.38,1.0,0.0,0.0,1.036,0.098,0.367,12,9,30,3,0,87,0,87,75,normal_range,98.38,75,,,
2026-02-26T12:22:00+05:30,portfolio_hist,PREMIUM,EXIT,strangle,25407.5,13.5,1.0,0.0,0.0,1.036,0.32,0.157,12,12,22,3,0,0,0,0,0,normal_range,0.0,0,Trail stop: bounced 17.9% after 15% decay,-207.75,172
2026-02-26T09:30:00+05:30,portfolio_hist,PREMIUM,ENTER,strangle,25513.95,13.38,1.0,0.0,0.0,1.036,0.098,0.367,12,9,30,3,0,87,0,87,75,normal_range,98.38,75,,,
2026-02-26T10:47:00+05:30,portfolio_hist,PREMIUM,EXIT,strangle,25543.4,13.11,1.0,0.0,0.0,1.036,0.214,0.141,12,10,47,3,0,0,0,0,0,normal_range,0.0,0,Profit target: premium decayed 10.6%,781.5,77
2026-02-26T10:48:00+05:30,portfolio_hist,PREMIUM,ENTER,strangle,25544.9,13.11,1.0,0.0,0.0,1.036,0.22,0.141,12,10,48,3,0,87,0,87,65,normal_range,94.5,75,,,
2026-02-26T14:40:00+05:30,portfolio_hist,PREMIUM,EXIT,strangle,25484.15,13.18,1.0,0.0,0.0,1.036,0.019,0.18,12,14,40,3,0,0,0,0,0,normal_range,0.0,0,Profit target: premium decayed 10.1%,715.5,232
2026-02-26T09:30:00+05:30,portfolio_hist,PREMIUM,ENTER,strangle,25513.95,13.38,1.0,0.0,0.0,1.036,0.098,0.367,12,9,30,3,0,87,0,87,75,normal_range,98.38,75,,,
2026-02-26T11:34:00+05:30,portfolio_hist,PREMIUM,EXIT,strangle,25521.35,13.06,1.0,0.0,0.0,1.036,0.127,0.27,12,11,34,3,0,0,0,0,0,normal_range,0.0,0,Profit target: premium decayed 15.0%,1108.5,124
2026-02-26T09:30:00+05:30,portfolio_hist,PREMIUM,ENTER,strangle,25513.95,13.38,1.0,0.0,0.0,1.036,0.098,0.367,12,9,30,3,0,87,0,87,75,normal_range,98.38,75,,,
2026-02-26T12:22:00+05:30,portfolio_hist,PREMIUM,EXIT,strangle,25407.5,13.5,1.0,0.0,0.0,1.036,0.32,0.157,12,12,22,3,0,0,0,0,0,normal_range,0.0,0,Trail stop: bounced 17.9% after 15% decay,-207.75,172
2026-02-26T09:30:00+05:30,portfolio_hist,PREMIUM,ENTER,strangle,25513.95,13.38,1.0,0.0,0.0,1.036,0.098,0.367,12,9,30,3,0,87,0,87,75,normal_range,98.38,75,,,
2026-02-26T12:22:00+05:30,portfolio_hist,PREMIUM,EXIT,strangle,25407.5,13.5,1.0,0.0,0.0,1.036,0.32,0.157,12,12,22,3,0,0,0,0,0,normal_range,0.0,0,Trail stop: bounced 17.9% after 15% decay,-207.75,172
2026-02-26T09:30:00+05:30,portfolio_hist,PREMIUM,ENTER,strangle,25513.95,13.38,1.0,0.0,0.0,1.036,0.098,0.367,12,9,30,3,0,87,0,87,75,normal_range,98.38,75,,,
2026-02-26T12:22:00+05:30,portfolio_hist,PREMIUM,EXIT,strangle,25407.5,13.5,1.0,0.0,0.0,1.036,0.32,0.157,12,12,22,3,0,0,0,0,0,normal_range,0.0,0,Trail stop: bounced 17.9% after 15% decay,-207.75,172
2026-02-26T09:30:00+05:30,portfolio_hist,PREMIUM,ENTER,strangle,25513.95,13.38,1.0,0.0,0.0,1.036,0.098,0.367,12,9,30,3,0,87,0,87,75,normal_range,98.38,75,,,
2026-02-26T10:47:00+05:30,portfolio_hist,PREMIUM,EXIT,strangle,25543.4,13.11,1.0,0.0,0.0,1.036,0.214,0.141,12,10,47,3,0,0,0,0,0,normal_range,0.0,0,Profit target: premium decayed 10.6%,781.5,77
2026-02-26T10:48:00+05:30,portfolio_hist,PREMIUM,ENTER,strangle,25544.9,13.11,1.0,0.0,0.0,1.036,0.22,0.141,12,10,48,3,0,87,0,87,65,normal_range,94.5,75,,,
2026-02-26T14:40:00+05:30,portfolio_hist,PREMIUM,EXIT,strangle,25484.15,13.18,1.0,0.0,0.0,1.036,0.019,0.18,12,14,40,3,0,0,0,0,0,normal_range,0.0,0,Profit target: premium decayed 10.1%,715.5,232
2026-02-26T09:30:00+05:30,portfolio_hist,PREMIUM,ENTER,strangle,25513.95,13.38,1.0,0.0,0.0,1.036,0.098,0.367,12,9,30,3,0,87,0,87,75,normal_range,98.38,75,,,
2026-02-26T11:34:00+05:30,portfolio_hist,PREMIUM,EXIT,strangle,25521.35,13.06,1.0,0.0,0.0,1.036,0.127,0.27,12,11,34,3,0,0,0,0,0,normal_range,0.0,0,Profit target: premium decayed 15.0%,1108.5,124
2026-02-26T09:30:00+05:30,portfolio_hist,PREMIUM,ENTER,strangle,25513.95,13.38,1.0,0.0,0.0,1.036,0.098,0.367,12,9,30,3,0,87,0,87,75,normal_range,98.38,75,,,
2026-02-26T12:22:00+05:30,portfolio_hist,PREMIUM,EXIT,strangle,25407.5,13.5,1.0,0.0,0.0,1.036,0.32,0.157,12,12,22,3,0,0,0,0,0,normal_range,0.0,0,Trail stop: bounced 17.9% after 15% decay,-207.75,172
2026-02-26T09:30:00+05:30,portfolio_hist,PREMIUM,ENTER,strangle,25513.95,13.38,1.0,0.0,0.0,1.036,0.098,0.367,12,9,30,3,0,87,0,87,75,normal_range,98.38,75,,,
2026-02-26T12:22:00+05:30,portfolio_hist,PREMIUM,EXIT,strangle,25407.5,13.5,1.0,0.0,0.0,1.036,0.32,0.157,12,12,22,3,0,0,0,0,0,normal_range,0.0,0,Trail stop: bounced 17.9% after 15% decay,-207.75,172
2026-02-26T09:30:00+05:30,portfolio_hist,PREMIUM,ENTER,strangle,25513.95,13.38,1.0,0.0,0.0,1.036,0.098,0.367,12,9,30,3,0,87,0,87,75,normal_range,98.38,75,,,
2026-02-26T12:22:00+05:30,portfolio_hist,PREMIUM,EXIT,strangle,25407.5,13.5,1.0,0.0,0.0,1.036,0.32,0.157,12,12,22,3,0,0,0,0,0,normal_range,0.0,0,Trail stop: bounced 17.9% after 15% decay,-207.75,172
2026-02-26T09:30:00+05:30,portfolio_hist,PREMIUM,ENTER,strangle,25513.95,13.38,1.0,0.0,0.0,1.036,0.098,0.367,12,9,30,3,0,87,0,87,75,normal_range,98.38,75,,,
2026-02-26T10:47:00+05:30,portfolio_hist,PREMIUM,EXIT,strangle,25543.4,13.11,1.0,0.0,0.0,1.036,0.214,0.141,12,10,47,3,0,0,0,0,0,normal_range,0.0,0,Profit target: premium decayed 10.6%,781.5,77
2026-02-26T10:48:00+05:30,portfolio_hist,PREMIUM,ENTER,strangle,25544.9,13.11,1.0,0.0,0.0,1.036,0.22,0.141,12,10,48,3,0,87,0,87,65,normal_range,94.5,75,,,
2026-02-26T14:40:00+05:30,portfolio_hist,PREMIUM,EXIT,strangle,25484.15,13.18,1.0,0.0,0.0,1.036,0.019,0.18,12,14,40,3,0,0,0,0,0,normal_range,0.0,0,Profit target: premium decayed 10.1%,715.5,232
2026-02-26T09:30:00+05:30,portfolio_hist,PREMIUM,ENTER,strangle,25513.95,13.38,1.0,0.0,0.0,1.036,0.098,0.367,12,9,30,3,0,87,0,87,75,normal_range,98.38,75,,,
2026-02-26T11:34:00+05:30,portfolio_hist,PREMIUM,EXIT,strangle,25521.35,13.06,1.0,0.0,0.0,1.036,0.127,0.27,12,11,34,3,0,0,0,0,0,normal_range,0.0,0,Profit target: premium decayed 15.0%,1108.5,124
2026-02-26T09:30:00+05:30,portfolio_hist,PREMIUM,ENTER,strangle,25513.95,13.38,1.0,0.0,0.0,1.036,0.098,0.367,12,9,30,3,0,87,0,87,75,normal_range,98.38,75,,,
2026-02-26T12:22:00+05:30,portfolio_hist,PREMIUM,EXIT,strangle,25407.5,13.5,1.0,0.0,0.0,1.036,0.32,0.157,12,12,22,3,0,0,0,0,0,normal_range,0.0,0,Trail stop: bounced 17.9% after 15% decay,-207.75,172
2026-02-26T09:30:00+05:30,portfolio_hist,PREMIUM,ENTER,strangle,25513.95,13.38,1.0,0.0,0.0,1.036,0.098,0.367,12,9,30,3,0,87,0,87,75,normal_range,98.38,75,,,
2026-02-26T12:22:00+05:30,portfolio_hist,PREMIUM,EXIT,strangle,25407.5,13.5,1.0,0.0,0.0,1.036,0.32,0.157,12,12,22,3,0,0,0,0,0,normal_range,0.0,0,Trail stop: bounced 17.9% after 15% decay,-207.75,172
2026-02-26T09:30:00+05:30,portfolio_hist,PREMIUM,ENTER,strangle,25513.95,13.38,1.0,0.0,0.0,1.036,0.098,0.367,12,9,30,3,0,87,0,87,75,normal_range,98.38,75,,,
2026-02-26T12:22:00+05:30,portfolio_hist,PREMIUM,EXIT,strangle,25407.5,13.5,1.0,0.0,0.0,1.036,0.32,0.157,12,12,22,3,0,0,0,0,0,normal_range,0.0,0,Trail stop: bounced 17.9% after 15% decay,-207.75,172
2026-02-26T09:30:00+05:30,portfolio_hist,PREMIUM,ENTER,strangle,25513.95,13.38,1.0,0.0,0.0,1.036,0.098,0.367,12,9,30,3,0,87,0,87,75,normal_range,98.38,75,,,
2026-02-26T10:47:00+05:30,portfolio_hist,PREMIUM,EXIT,strangle,25543.4,13.11,1.0,0.0,0.0,1.036,0.214,0.141,12,10,47,3,0,0,0,0,0,normal_range,0.0,0,Profit target: premium decayed 10.6%,781.5,77
2026-02-26T10:48:00+05:30,portfolio_hist,PREMIUM,ENTER,strangle,25544.9,13.11,1.0,0.0,0.0,1.036,0.22,0.141,12,10,48,3,0,87,0,87,65,normal_range,94.5,75,,,
2026-02-26T14:40:00+05:30,portfolio_hist,PREMIUM,EXIT,strangle,25484.15,13.18,1.0,0.0,0.0,1.036,0.019,0.18,12,14,40,3,0,0,0,0,0,normal_range,0.0,0,Profit target: premium decayed 10.1%,715.5,232
2026-02-26T09:30:00+05:30,portfolio_hist,PREMIUM,ENTER,strangle,25513.95,13.38,1.0,0.0,0.0,1.036,0.098,0.367,12,9,30,3,0,87,0,87,75,normal_range,98.38,75,,,
2026-02-26T11:34:00+05:30,portfolio_hist,PREMIUM,EXIT,strangle,25521.35,13.06,1.0,0.0,0.0,1.036,0.127,0.27,12,11,34,3,0,0,0,0,0,normal_range,0.0,0,Profit target: premium decayed 15.0%,1108.5,124
2026-02-26T09:30:00+05:30,portfolio_hist,PREMIUM,ENTER,strangle,25513.95,13.38,1.0,0.0,0.0,1.036,0.098,0.367,12,9,30,3,0,87,0,87,75,normal_range,98.38,75,,,
2026-02-26T12:22:00+05:30,portfolio_hist,PREMIUM,EXIT,strangle,25407.5,13.5,1.0,0.0,0.0,1.036,0.32,0.157,12,12,22,3,0,0,0,0,0,normal_range,0.0,0,Trail stop: bounced 17.9% after 15% decay,-207.75,172
2026-02-26T09:30:00+05:30,portfolio_hist,PREMIUM,ENTER,strangle,25513.95,13.38,1.0,0.0,0.0,1.036,0.098,0.367,12,9,30,3,0,87,0,87,75,normal_range,98.38,75,,,
2026-02-26T12:22:00+05:30,portfolio_hist,PREMIUM,EXIT,strangle,25407.5,13.5,1.0,0.0,0.0,1.036,0.32,0.157,12,12,22,3,0,0,0,0,0,normal_range,0.0,0,Trail stop: bounced 17.9% after 15% decay,-207.75,172
2026-02-26T09:30:00+05:30,portfolio_hist,PREMIUM,ENTER,strangle,25513.95,13.38,1.0,0.0,0.0,1.036,0.098,0.367,12,9,30,3,0,87,0,87,75,normal_range,98.38,75,,,
2026-02-26T12:22:00+05:30,portfolio_hist,PREMIUM,EXIT,strangle,25407.5,13.5,1.0,0.0,0.0,1.036,0.32,0.157,12,12,22,3,0,0,0,0,0,normal_range,0.0,0,Trail stop: bounced 17.9% after 15% decay,-207.75,172
2026-02-26T09:30:00+05:30,portfolio_hist,PREMIUM,ENTER,strangle,25513.95,13.38,1.0,0.0,0.0,1.036,0.098,0.367,12,9,30,3,0,87,0,87,75,normal_range,98.38,75,,,
2026-02-26T11:34:00+05:30,portfolio_hist,PREMIUM,EXIT,strangle,25521.35,13.06,1.0,0.0,0.0,1.036,0.127,0.27,12,11,34,3,0,0,0,0,0,normal_range,0.0,0,Profit target: premium decayed 15.0%,1108.5,124
2026-02-26T09:30:00+05:30,portfolio_hist,PREMIUM,ENTER,strangle,25513.95,13.38,1.0,0.0,0.0,1.036,0.098,0.367,12,9,30,3,0,87,0,87,75,normal_range,98.38,75,,,
2026-02-26T11:34:00+05:30,portfolio_hist,PREMIUM,EXIT,strangle,25521.35,13.06,1.0,0.0,0.0,1.036,0.127,0.27,12,11,34,3,0,0,0,0,0,normal_range,0.0,0,Profit target: premium decayed 15.0%,1108.5,124
2026-02-26T09:30:00+05:30,portfolio_hist,PREMIUM,ENTER,strangle,25513.95,13.38,1.0,0.0,0.0,1.036,0.098,0.367,12,9,30,3,0,87,0,87,75,normal_range,98.38,75,,,
2026-02-26T11:34:00+05:30,portfolio_hist,PREMIUM,EXIT,strangle,25521.35,13.06,1.0,0.0,0.0,1.036,0.127,0.27,12,11,34,3,0,0,0,0,0,normal_range,0.0,0,Profit target: premium decayed 15.0%,1108.5,124
2026-02-26T09:30:00+05:30,portfolio_hist,PREMIUM,ENTER,strangle,25513.95,13.38,1.0,0.0,0.0,1.036,0.098,0.367,12,9,30,3,0,87,0,87,75,normal_range,98.38,75,,,
2026-02-26T11:34:00+05:30,portfolio_hist,PREMIUM,EXIT,strangle,25521.35,13.06,1.0,0.0,0.0,1.036,0.127,0.27,12,11,34,3,0,0,0,0,0,normal_range,0.0,0,Profit target: premium decayed 15.0%,1108.5,124
2026-02-26T09:30:00+05:30,portfolio_hist,PREMIUM,ENTER,strangle,25513.95,13.38,1.0,0.0,0.0,1.036,0.098,0.367,12,9,30,3,0,87,0,87,75,normal_range,98.38,75,,,
2026-02-26T11:34:00+05:30,portfolio_hist,PREMIUM,EXIT,strangle,25521.35,13.06,1.0,0.0,0.0,1.036,0.127,0.27,12,11,34,3,0,0,0,0,0,normal_range,0.0,0,Profit target: premium decayed 15.0%,1108.5,124
2026-02-26T09:30:00+05:30,portfolio_hist,PREMIUM,ENTER,strangle,25513.95,13.38,1.0,0.0,0.0,1.036,0.098,0.367,12,9,30,3,0,87,0,87,75,normal_range,98.38,75,,,
2026-02-26T11:34:00+05:30,portfolio_hist,PREMIUM,EXIT,strangle,25521.35,13.06,1.0,0.0,0.0,1.036,0.127,0.27,12,11,34,3,0,0,0,0,0,normal_range,0.0,0,Profit target: premium decayed 15.0%,1108.5,124
2026-02-26T09:30:00+05:30,portfolio_hist,PREMIUM,ENTER,strangle,25513.95,13.38,1.0,0.0,0.0,1.036,0.098,0.367,12,9,30,3,0,87,0,87,75,normal_range,98.38,75,,,
2026-02-26T11:34:00+05:30,portfolio_hist,PREMIUM,EXIT,strangle,25521.35,13.06,1.0,0.0,0.0,1.036,0.127,0.27,12,11,34,3,0,0,0,0,0,normal_range,0.0,0,Profit target: premium decayed 15.0%,1108.5,124
2026-02-26T09:30:00+05:30,portfolio_hist,PREMIUM,ENTER,strangle,25513.95,13.38,1.0,0.0,0.0,1.036,0.098,0.367,12,9,30,3,0,87,0,87,75,normal_range,98.38,75,,,
2026-02-26T11:34:00+05:30,portfolio_hist,PREMIUM,EXIT,strangle,25521.35,13.06,1.0,0.0,0.0,1.036,0.127,0.27,12,11,34,3,0,0,0,0,0,normal_range,0.0,0,Profit target: premium decayed 15.0%,1108.5,124
2026-02-26T09:30:00+05:30,portfolio_hist,PREMIUM,ENTER,strangle,25513.95,13.38,1.0,0.0,0.0,1.036,0.098,0.367,12,9,30,3,0,87,0,87,75,normal_range,98.38,75,,,
2026-02-26T11:34:00+05:30,portfolio_hist,PREMIUM,EXIT,strangle,25521.35,13.06,1.0,0.0,0.0,1.036,0.127,0.27,12,11,34,3,0,0,0,0,0,normal_range,0.0,0,Profit target: premium decayed 15.0%,1108.5,124
2026-02-26T09:30:00+05:30,portfolio_hist,PREMIUM,ENTER,strangle,25513.95,13.38,1.0,0.0,0.0,1.036,0.098,0.367,12,9,30,3,0,87,0,87,75,normal_range,98.38,75,,,
2026-02-26T11:34:00+05:30,portfolio_hist,PREMIUM,EXIT,strangle,25521.35,13.06,1.0,0.0,0.0,1.036,0.127,0.27,12,11,34,3,0,0,0,0,0,normal_range,0.0,0,Profit target: premium decayed 15.0%,1108.5,124
2026-02-26T09:30:00+05:30,portfolio_hist,PREMIUM,ENTER,strangle,25513.95,13.38,1.0,0.0,0.0,1.036,0.098,0.367,12,9,30,3,0,87,0,87,75,normal_range,98.38,75,,,
2026-02-26T11:34:00+05:30,portfolio_hist,PREMIUM,EXIT,strangle,25521.35,13.06,1.0,0.0,0.0,1.036,0.127,0.27,12,11,34,3,0,0,0,0,0,normal_range,0.0,0,Profit target: premium decayed 15.0%,1108.5,124
2026-02-26T09:30:00+05:30,portfolio_hist,PREMIUM,ENTER,strangle,25513.95,13.38,1.0,0.0,0.0,1.036,0.098,0.367,12,9,30,3,0,87,0,87,75,normal_range,98.38,75,,,
2026-02-26T11:34:00+05:30,portfolio_hist,PREMIUM,EXIT,strangle,25521.35,13.06,1.0,0.0,0.0,1.036,0.127,0.27,12,11,34,3,0,0,0,0,0,normal_range,0.0,0,Profit target: premium decayed 15.0%,1108.5,124
2026-02-26T09:30:00+05:30,portfolio_hist,PREMIUM,ENTER,strangle,25513.95,13.38,1.0,0.0,0.0,1.036,0.098,0.367,12,9,30,3,0,87,0,87,75,normal_range,98.38,75,,,
2026-02-26T11:34:00+05:30,portfolio_hist,PREMIUM,EXIT,strangle,25521.35,13.06,1.0,0.0,0.0,1.036,0.127,0.27,12,11,34,3,0,0,0,0,0,normal_range,0.0,0,Profit target: premium decayed 15.0%,1108.5,124
2026-02-26T09:30:00+05:30,portfolio_hist,PREMIUM,ENTER,strangle,25513.95,13.38,1.0,0.0,0.0,1.036,0.098,0.367,12,9,30,3,0,87,0,87,75,normal_range,98.38,75,,,
2026-02-26T11:34:00+05:30,portfolio_hist,PREMIUM,EXIT,strangle,25521.35,13.06,1.0,0.0,0.0,1.036,0.127,0.27,12,11,34,3,0,0,0,0,0,normal_range,0.0,0,Profit target: premium decayed 15.0%,1108.5,124
2026-02-26T09:30:00+05:30,portfolio_hist,PREMIUM,ENTER,strangle,25513.95,13.38,1.0,0.0,0.0,1.036,0.098,0.367,12,9,30,3,0,87,0,87,75,normal_range,98.38,75,,,
2026-02-26T11:34:00+05:30,portfolio_hist,PREMIUM,EXIT,strangle,25521.35,13.06,1.0,0.0,0.0,1.036,0.127,0.27,12,11,34,3,0,0,0,0,0,normal_range,0.0,0,Profit target: premium decayed 15.0%,1108.5,124
2026-02-26T09:30:00+05:30,portfolio_hist,PREMIUM,ENTER,strangle,25513.95,13.38,1.0,0.0,0.0,1.036,0.098,0.367,12,9,30,3,0,87,0,87,75,normal_range,98.38,75,,,
2026-02-26T11:34:00+05:30,portfolio_hist,PREMIUM,EXIT,strangle,25521.35,13.06,1.0,0.0,0.0,1.036,0.127,0.27,12,11,34,3,0,0,0,0,0,normal_range,0.0,0,Profit target: premium decayed 15.0%,1108.5,124
2026-02-26T09:30:00+05:30,portfolio_hist,PREMIUM,ENTER,strangle,25513.95,13.38,1.0,0.0,0.0,1.036,0.098,0.367,12,9,30,3,0,87,0,87,75,normal_range,98.38,75,,,
2026-02-26T11:34:00+05:30,portfolio_hist,PREMIUM,EXIT,strangle,25521.35,13.06,1.0,0.0,0.0,1.036,0.127,0.27,12,11,34,3,0,0,0,0,0,normal_range,0.0,0,Profit target: premium decayed 15.0%,1108.5,124
2026-02-26T09:30:00+05:30,portfolio_hist,PREMIUM,ENTER,strangle,25513.95,13.38,1.0,0.0,0.0,1.036,0.098,0.367,12,9,30,3,0,87,0,87,75,normal_range,98.38,75,,,
2026-02-26T11:34:00+05:30,portfolio_hist,PREMIUM,EXIT,strangle,25521.35,13.06,1.0,0.0,0.0,1.036,0.127,0.27,12,11,34,3,0,0,0,0,0,normal_range,0.0,0,Profit target: premium decayed 15.0%,1108.5,124
2026-02-26T09:30:00+05:30,portfolio_hist,PREMIUM,ENTER,strangle,25513.95,13.38,1.0,0.0,0.0,1.036,0.098,0.367,12,9,30,3,0,87,0,87,75,normal_range,98.38,75,,,
2026-02-26T11:34:00+05:30,portfolio_hist,PREMIUM,EXIT,strangle,25521.35,13.06,1.0,0.0,0.0,1.036,0.127,0.27,12,11,34,3,0,0,0,0,0,normal_range,0.0,0,Profit target: premium decayed 15.0%,1108.5,124
2026-02-26T09:30:00+05:30,portfolio_hist,PREMIUM,ENTER,strangle,25513.95,13.38,1.0,0.0,0.0,1.036,0.098,0.367,12,9,30,3,0,87,0,87,75,normal_range,98.38,75,,,
2026-02-26T11:34:00+05:30,portfolio_hist,PREMIUM,EXIT,strangle,25521.35,13.06,1.0,0.0,0.0,1.036,0.127,0.27,12,11,34,3,0,0,0,0,0,normal_range,0.0,0,Profit target: premium decayed 15.0%,1108.5,124
2026-02-26T09:30:00+05:30,portfolio_hist,PREMIUM,ENTER,strangle,25513.95,13.38,1.0,0.0,0.0,1.036,0.098,0.367,12,9,30,3,0,87,0,87,75,normal_range,98.38,75,,,
2026-02-26T11:34:00+05:30,portfolio_hist,PREMIUM,EXIT,strangle,25521.35,13.06,1.0,0.0,0.0,1.036,0.127,0.27,12,11,34,3,0,0,0,0,0,normal_range,0.0,0,Profit target: premium decayed 15.0%,1108.5,124
2026-02-26T09:30:00+05:30,portfolio_hist,PREMIUM,ENTER,strangle,25513.95,13.38,1.0,0.0,0.0,1.036,0.098,0.367,12,9,30,3,0,87,0,87,75,normal_range,98.38,75,,,
2026-02-26T11:34:00+05:30,portfolio_hist,PREMIUM,EXIT,strangle,25521.35,13.06,1.0,0.0,0.0,1.036,0.127,0.27,12,11,34,3,0,0,0,0,0,normal_range,0.0,0,Profit target: premium decayed 15.0%,1108.5,124
2026-02-26T09:30:00+05:30,portfolio_hist,PREMIUM,ENTER,strangle,25513.95,13.38,1.0,0.0,0.0,1.036,0.098,0.367,12,9,30,3,0,87,0,87,75,normal_range,98.38,75,,,
2026-02-26T11:34:00+05:30,portfolio_hist,PREMIUM,EXIT,strangle,25521.35,13.06,1.0,0.0,0.0,1.036,0.127,0.27,12,11,34,3,0,0,0,0,0,normal_range,0.0,0,Profit target: premium decayed 15.0%,1108.5,124
2026-02-26T09:30:00+05:30,portfolio_hist,PREMIUM,ENTER,strangle,25513.95,13.38,1.0,0.0,0.0,1.036,0.098,0.367,12,9,30,3,0,87,0,87,75,normal_range,98.38,75,,,
2026-02-26T11:34:00+05:30,portfolio_hist,PREMIUM,EXIT,strangle,25521.35,13.06,1.0,0.0,0.0,1.036,0.127,0.27,12,11,34,3,0,0,0,0,0,normal_range,0.0,0,Profit target: premium decayed 15.0%,1108.5,124
2026-02-26T09:30:00+05:30,portfolio_hist,PREMIUM,ENTER,strangle,25513.95,13.38,1.0,0.0,0.0,1.036,0.098,0.367,12,9,30,3,0,87,0,87,75,normal_range,98.38,75,,,
2026-02-26T11:34:00+05:30,portfolio_hist,PREMIUM,EXIT,strangle,25521.35,13.06,1.0,0.0,0.0,1.036,0.127,0.27,12,11,34,3,0,0,0,0,0,normal_range,0.0,0,Profit target: premium decayed 15.0%,1108.5,124
2026-02-26T09:30:00+05:30,portfolio_hist,PREMIUM,ENTER,strangle,25513.95,13.38,1.0,0.0,0.0,1.036,0.098,0.367,12,9,30,3,0,87,0,87,75,normal_range,98.38,75,,,
2026-02-26T11:34:00+05:30,portfolio_hist,PREMIUM,EXIT,strangle,25521.35,13.06,1.0,0.0,0.0,1.036,0.127,0.27,12,11,34,3,0,0,0,0,0,normal_range,0.0,0,Profit target: premium decayed 15.0%,1108.5,124
2026-02-26T09:30:00+05:30,portfolio_hist,PREMIUM,ENTER,strangle,25513.95,13.38,1.0,0.0,0.0,1.036,0.098,0.367,12,9,30,3,0,87,0,87,75,normal_range,98.38,75,,,
2026-02-26T11:34:00+05:30,portfolio_hist,PREMIUM,EXIT,strangle,25521.35,13.06,1.0,0.0,0.0,1.036,0.127,0.27,12,11,34,3,0,0,0,0,0,normal_range,0.0,0,Profit target: premium decayed 15.0%,1108.5,124
2026-02-26T09:30:00+05:30,portfolio_hist,PREMIUM,ENTER,strangle,25513.95,13.38,1.0,0.0,0.0,1.036,0.098,0.367,12,9,30,3,0,87,0,87,75,normal_range,98.38,75,,,
2026-02-26T11:34:00+05:30,portfolio_hist,PREMIUM,EXIT,strangle,25521.35,13.06,1.0,0.0,0.0,1.036,0.127,0.27,12,11,34,3,0,0,0,0,0,normal_range,0.0,0,Profit target: premium decayed 15.0%,1108.5,124
2026-02-26T09:30:00+05:30,portfolio_hist,PREMIUM,ENTER,strangle,25513.95,13.38,1.0,0.0,0.0,1.036,0.098,0.367,12,9,30,3,0,87,0,87,75,normal_range,98.38,75,,,
2026-02-26T11:34:00+05:30,portfolio_hist,PREMIUM,EXIT,strangle,25521.35,13.06,1.0,0.0,0.0,1.036,0.127,0.27,12,11,34,3,0,0,0,0,0,normal_range,0.0,0,Profit target: premium decayed 15.0%,1108.5,124
2026-02-26T09:30:00+05:30,portfolio_hist,PREMIUM,ENTER,strangle,25513.95,13.38,1.0,0.0,0.0,1.036,0.098,0.367,12,9,30,3,0,87,0,87,75,normal_range,98.38,75,,,
2026-02-26T11:34:00+05:30,portfolio_hist,PREMIUM,EXIT,strangle,25521.35,13.06,1.0,0.0,0.0,1.036,0.127,0.27,12,11,34,3,0,0,0,0,0,normal_range,0.0,0,Profit target: premium decayed 15.0%,1108.5,124
2026-02-26T09:30:00+05:30,portfolio_hist,PREMIUM,ENTER,strangle,25513.95,13.38,1.0,0.0,0.0,1.036,0.098,0.367,12,9,30,3,0,87,0,87,75,normal_range,98.38,75,,,
2026-02-26T11:34:00+05:30,portfolio_hist,PREMIUM,EXIT,strangle,25521.35,13.06,1.0,0.0,0.0,1.036,0.127,0.27,12,11,34,3,0,0,0,0,0,normal_range,0.0,0,Profit target: premium decayed 15.0%,1108.5,124
2026-02-26T09:30:00+05:30,portfolio_hist,PREMIUM,ENTER,strangle,25513.95,13.38,1.0,0.0,0.0,1.036,0.098,0.367,12,9,30,3,0,87,0,87,75,normal_range,98.38,75,,,
2026-02-26T11:34:00+05:30,portfolio_hist,PREMIUM,EXIT,strangle,25521.35,13.06,1.0,0.0,0.0,1.036,0.127,0.27,12,11,34,3,0,0,0,0,0,normal_range,0.0,0,Profit target: premium decayed 15.0%,1108.5,124
2026-02-26T09:30:00+05:30,portfolio_hist,PREMIUM,ENTER,strangle,25513.95,13.38,1.0,0.0,0.0,1.036,0.098,0.367,12,9,30,3,0,87,0,87,75,normal_range,98.38,75,,,
2026-02-26T11:34:00+05:30,portfolio_hist,PREMIUM,EXIT,strangle,25521.35,13.06,1.0,0.0,0.0,1.036,0.127,0.27,12,11,34,3,0,0,0,0,0,normal_range,0.0,0,Profit target: premium decayed 15.0%,1108.5,124
2026-02-26T09:30:00+05:30,portfolio_hist,PREMIUM,ENTER,strangle,25513.95,13.38,1.0,0.0,0.0,1.036,0.098,0.367,12,9,30,3,0,87,0,87,75,normal_range,98.38,75,,,
2026-02-26T11:34:00+05:30,portfolio_hist,PREMIUM,EXIT,strangle,25521.35,13.06,1.0,0.0,0.0,1.036,0.127,0.27,12,11,34,3,0,0,0,0,0,normal_range,0.0,0,Profit target: premium decayed 15.0%,1108.5,124
2026-02-26T09:30:00+05:30,portfolio_hist,PREMIUM,ENTER,strangle,25513.95,13.38,1.0,0.0,0.0,1.036,0.098,0.367,12,9,30,3,0,87,0,87,75,normal_range,98.38,75,,,
2026-02-26T11:34:00+05:30,portfolio_hist,PREMIUM,EXIT,strangle,25521.35,13.06,1.0,0.0,0.0,1.036,0.127,0.27,12,11,34,3,0,0,0,0,0,normal_range,0.0,0,Profit target: premium decayed 15.0%,1108.5,124
2026-02-26T09:30:00+05:30,portfolio_hist,PREMIUM,ENTER,strangle,25513.95,13.38,1.0,0.0,0.0,1.036,0.098,0.367,12,9,30,3,0,87,0,87,75,normal_range,98.38,75,,,
2026-02-26T11:34:00+05:30,portfolio_hist,PREMIUM,EXIT,strangle,25521.35,13.06,1.0,0.0,0.0,1.036,0.127,0.27,12,11,34,3,0,0,0,0,0,normal_range,0.0,0,Profit target: premium decayed 15.0%,1108.5,124
2026-02-26T09:30:00+05:30,portfolio_hist,PREMIUM,ENTER,strangle,25513.95,13.38,1.0,0.0,0.0,1.036,0.098,0.367,12,9,30,3,0,87,0,87,75,normal_range,98.38,75,,,
2026-02-26T11:34:00+05:30,portfolio_hist,PREMIUM,EXIT,strangle,25521.35,13.06,1.0,0.0,0.0,1.036,0.127,0.27,12,11,34,3,0,0,0,0,0,normal_range,0.0,0,Profit target: premium decayed 15.0%,1108.5,124
2026-02-26T09:30:00+05:30,portfolio_hist,PREMIUM,ENTER,strangle,25513.95,13.38,1.0,0.0,0.0,1.036,0.098,0.367,12,9,30,3,0,87,0,87,75,normal_range,98.38,75,,,
2026-02-26T11:34:00+05:30,portfolio_hist,PREMIUM,EXIT,strangle,25521.35,13.06,1.0,0.0,0.0,1.036,0.127,0.27,12,11,34,3,0,0,0,0,0,normal_range,0.0,0,Profit target: premium decayed 15.0%,1108.5,124
2026-02-26T09:30:00+05:30,portfolio_hist,PREMIUM,ENTER,strangle,25513.95,13.38,1.0,0.0,0.0,1.036,0.098,0.367,12,9,30,3,0,87,0,87,75,normal_range,98.38,75,,,
2026-02-26T11:34:00+05:30,portfolio_hist,PREMIUM,EXIT,strangle,25521.35,13.06,1.0,0.0,0.0,1.036,0.127,0.27,12,11,34,3,0,0,0,0,0,normal_range,0.0,0,Profit target: premium decayed 15.0%,1108.5,124
2026-02-26T09:30:00+05:30,portfolio_hist,PREMIUM,ENTER,strangle,25513.95,13.38,1.0,0.0,0.0,1.036,0.098,0.367,12,9,30,3,0,87,0,87,75,normal_range,98.38,75,,,
2026-02-26T11:34:00+05:30,portfolio_hist,PREMIUM,EXIT,strangle,25521.35,13.06,1.0,0.0,0.0,1.036,0.127,0.27,12,11,34,3,0,0,0,0,0,normal_range,0.0,0,Profit target: premium decayed 15.0%,1108.5,124
2026-02-26T09:30:00+05:30,portfolio_hist,PREMIUM,ENTER,strangle,25513.95,13.38,1.0,0.0,0.0,1.036,0.098,0.367,12,9,30,3,0,87,0,87,75,normal_range,98.38,75,,,
2026-02-26T11:34:00+05:30,portfolio_hist,PREMIUM,EXIT,strangle,25521.35,13.06,1.0,0.0,0.0,1.036,0.127,0.27,12,11,34,3,0,0,0,0,0,normal_range,0.0,0,Profit target: premium decayed 15.0%,1108.5,124
2026-02-26T09:30:00+05:30,portfolio_hist,PREMIUM,ENTER,strangle,25513.95,13.38,1.0,0.0,0.0,1.036,0.098,0.367,12,9,30,3,0,87,0,87,75,normal_range,98.38,75,,,
2026-02-26T11:34:00+05:30,portfolio_hist,PREMIUM,EXIT,strangle,25521.35,13.06,1.0,0.0,0.0,1.036,0.127,0.27,12,11,34,3,0,0,0,0,0,normal_range,0.0,0,Profit target: premium decayed 15.0%,1108.5,124
2026-02-26T09:30:00+05:30,portfolio_hist,PREMIUM,ENTER,strangle,25513.95,13.38,1.0,0.0,0.0,1.036,0.098,0.367,12,9,30,3,0,87,0,87,75,normal_range,98.38,75,,,
2026-02-26T11:34:00+05:30,portfolio_hist,PREMIUM,EXIT,strangle,25521.35,13.06,1.0,0.0,0.0,1.036,0.127,0.27,12,11,34,3,0,0,0,0,0,normal_range,0.0,0,Profit target: premium decayed 15.0%,1108.5,124
2026-02-26T09:30:00+05:30,portfolio_hist,PREMIUM,ENTER,strangle,25513.95,13.38,1.0,0.0,0.0,1.036,0.098,0.367,12,9,30,3,0,87,0,87,75,normal_range,98.38,75,,,
2026-02-26T11:34:00+05:30,portfolio_hist,PREMIUM,EXIT,strangle,25521.35,13.06,1.0,0.0,0.0,1.036,0.127,0.27,12,11,34,3,0,0,0,0,0,normal_range,0.0,0,Profit target: premium decayed 15.0%,1108.5,124
2026-02-26T09:30:00+05:30,portfolio_hist,PREMIUM,ENTER,strangle,25513.95,13.38,1.0,0.0,0.0,1.036,0.098,0.367,12,9,30,3,0,87,0,87,75,normal_range,98.38,75,,,
2026-02-26T11:34:00+05:30,portfolio_hist,PREMIUM,EXIT,strangle,25521.35,13.06,1.0,0.0,0.0,1.036,0.127,0.27,12,11,34,3,0,0,0,0,0,normal_range,0.0,0,Profit target: premium decayed 15.0%,1108.5,124
2026-02-26T09:30:00+05:30,portfolio_hist,PREMIUM,ENTER,strangle,25513.95,13.38,1.0,0.0,0.0,1.036,0.098,0.367,12,9,30,3,0,87,0,87,75,normal_range,98.38,75,,,
2026-02-26T11:34:00+05:30,portfolio_hist,PREMIUM,EXIT,strangle,25521.35,13.06,1.0,0.0,0.0,1.036,0.127,0.27,12,11,34,3,0,0,0,0,0,normal_range,0.0,0,Profit target: premium decayed 15.0%,1108.5,124
2026-02-26T09:30:00+05:30,portfolio_hist,PREMIUM,ENTER,strangle,25513.95,13.38,1.0,0.0,0.0,1.036,0.098,0.367,12,9,30,3,0,87,0,87,75,normal_range,98.38,75,,,
2026-02-26T11:34:00+05:30,portfolio_hist,PREMIUM,EXIT,strangle,25521.35,13.06,1.0,0.0,0.0,1.036,0.127,0.27,12,11,34,3,0,0,0,0,0,normal_range,0.0,0,Profit target: premium decayed 15.0%,1108.5,124
2026-02-26T09:30:00+05:30,portfolio_hist,PREMIUM,ENTER,strangle,25513.95,13.38,1.0,0.0,0.0,1.036,0.098,0.367,12,9,30,3,0,87,0,87,75,normal_range,98.38,75,,,
2026-02-26T11:34:00+05:30,portfolio_hist,PREMIUM,EXIT,strangle,25521.35,13.06,1.0,0.0,0.0,1.036,0.127,0.27,12,11,34,3,0,0,0,0,0,normal_range,0.0,0,Profit target: premium decayed 15.0%,1108.5,124
2026-02-26T09:30:00+05:30,portfolio_hist,PREMIUM,ENTER,strangle,25513.95,13.38,1.0,0.0,0.0,1.036,0.098,0.367,12,9,30,3,0,87,0,87,75,normal_range,98.38,75,,,
2026-02-26T11:34:00+05:30,portfolio_hist,PREMIUM,EXIT,strangle,25521.35,13.06,1.0,0.0,0.0,1.036,0.127,0.27,12,11,34,3,0,0,0,0,0,normal_range,0.0,0,Profit target: premium decayed 15.0%,1108.5,124
2026-02-26T09:30:00+05:30,portfolio_hist,PREMIUM,ENTER,strangle,25513.95,13.38,1.0,0.0,0.0,1.036,0.098,0.367,12,9,30,3,0,87,0,87,75,normal_range,98.38,75,,,
2026-02-26T11:34:00+05:30,portfolio_hist,PREMIUM,EXIT,strangle,25521.35,13.06,1.0,0.0,0.0,1.036,0.127,0.27,12,11,34,3,0,0,0,0,0,normal_range,0.0,0,Profit target: premium decayed 15.0%,1108.5,124
2026-02-26T09:30:00+05:30,portfolio_hist,PREMIUM,ENTER,strangle,25513.95,13.38,1.0,0.0,0.0,1.036,0.098,0.367,12,9,30,3,0,87,0,87,75,normal_range,98.38,75,,,
2026-02-26T11:34:00+05:30,portfolio_hist,PREMIUM,EXIT,strangle,25521.35,13.06,1.0,0.0,0.0,1.036,0.127,0.27,12,11,34,3,0,0,0,0,0,normal_range,0.0,0,Profit target: premium decayed 15.0%,1108.5,124
2026-02-26T09:30:00+05:30,portfolio_hist,PREMIUM,ENTER,strangle,25513.95,13.38,1.0,0.0,0.0,1.036,0.098,0.367,12,9,30,3,0,87,0,87,75,normal_range,98.38,75,,,
2026-02-26T11:34:00+05:30,portfolio_hist,PREMIUM,EXIT,strangle,25521.35,13.06,1.0,0.0,0.0,1.036,0.127,0.27,12,11,34,3,0,0,0,0,0,normal_range,0.0,0,Profit target: premium decayed 15.0%,1108.5,124
2026-02-26T09:30:00+05:30,portfolio_hist,PREMIUM,ENTER,strangle,25513.95,13.38,1.0,0.0,0.0,1.036,0.098,0.367,12,9,30,3,0,87,0,87,75,normal_range,98.38,75,,,
2026-02-26T11:34:00+05:30,portfolio_hist,PREMIUM,EXIT,strangle,25521.35,13.06,1.0,0.0,0.0,1.036,0.127,0.27,12,11,34,3,0,0,0,0,0,normal_range,0.0,0,Profit target: premium decayed 15.0%,1108.5,124
2026-02-26T09:30:00+05:30,portfolio_hist,PREMIUM,ENTER,strangle,25513.95,13.38,1.0,0.0,0.0,1.036,0.098,0.367,12,9,30,3,0,87,0,87,75,normal_range,98.38,75,,,
2026-02-26T11:34:00+05:30,portfolio_hist,PREMIUM,EXIT,strangle,25521.35,13.06,1.0,0.0,0.0,1.036,0.127,0.27,12,11,34,3,0,0,0,0,0,normal_range,0.0,0,Profit target: premium decayed 15.0%,1108.5,124
2026-02-26T09:30:00+05:30,portfolio_hist,PREMIUM,ENTER,strangle,25513.95,13.38,1.0,0.0,0.0,1.036,0.098,0.367,12,9,30,3,0,87,0,87,75,normal_range,98.38,75,,,
2026-02-26T11:34:00+05:30,portfolio_hist,PREMIUM,EXIT,strangle,25521.35,13.06,1.0,0.0,0.0,1.036,0.127,0.27,12,11,34,3,0,0,0,0,0,normal_range,0.0,0,Profit target: premium decayed 15.0%,1108.5,124
2026-02-26T09:30:00+05:30,portfolio_hist,PREMIUM,ENTER,strangle,25513.95,13.38,1.0,0.0,0.0,1.036,0.098,0.367,12,9,30,3,0,87,0,87,75,normal_range,98.38,75,,,
2026-02-26T11:34:00+05:30,portfolio_hist,PREMIUM,EXIT,strangle,25521.35,13.06,1.0,0.0,0.0,1.036,0.127,0.27,12,11,34,3,0,0,0,0,0,normal_range,0.0,0,Profit target: premium decayed 15.0%,1108.5,124
2026-02-26T09:30:00+05:30,portfolio_hist,PREMIUM,ENTER,strangle,25513.95,13.38,1.0,0.0,0.0,1.036,0.098,0.367,12,9,30,3,0,87,0,87,75,normal_range,98.38,75,,,
2026-02-26T11:34:00+05:30,portfolio_hist,PREMIUM,EXIT,strangle,25521.35,13.06,1.0,0.0,0.0,1.036,0.127,0.27,12,11,34,3,0,0,0,0,0,normal_range,0.0,0,Profit target: premium decayed 15.0%,1108.5,124
2026-02-26T09:30:00+05:30,portfolio_hist,PREMIUM,ENTER,strangle,25513.95,13.38,1.0,0.0,0.0,1.036,0.098,0.367,12,9,30,3,0,87,0,87,75,normal_range,98.38,75,,,
2026-02-26T11:34:00+05:30,portfolio_hist,PREMIUM,EXIT,strangle,25521.35,13.06,1.0,0.0,0.0,1.036,0.127,0.27,12,11,34,3,0,0,0,0,0,normal_range,0.0,0,Profit target: premium decayed 15.0%,1108.5,124
2026-02-26T09:30:00+05:30,portfolio_hist,PREMIUM,ENTER,strangle,25513.95,13.38,1.0,0.0,0.0,1.036,0.098,0.367,12,9,30,3,0,87,0,87,75,normal_range,98.38,75,,,
2026-02-26T11:34:00+05:30,portfolio_hist,PREMIUM,EXIT,strangle,25521.35,13.06,1.0,0.0,0.0,1.036,0.127,0.27,12,11,34,3,0,0,0,0,0,normal_range,0.0,0,Profit target: premium decayed 15.0%,1108.5,124
2026-02-26T09:30:00+05:30,portfolio_hist,PREMIUM,ENTER,strangle,25513.95,13.38,1.0,0.0,0.0,1.036,0.098,0.367,12,9,30,3,0,87,0,87,75,normal_range,98.38,75,,,
2026-02-26T11:34:00+05:30,portfolio_hist,PREMIUM,EXIT,strangle,25521.35,13.06,1.0,0.0,0.0,1.036,0.127,0.27,12,11,34,3,0,0,0,0,0,normal_range,0.0,0,Profit target: premium decayed 15.0%,1108.5,124
2026-02-26T09:30:00+05:30,portfolio_hist,PREMIUM,ENTER,strangle,25513.95,13.38,1.0,0.0,0.0,1.036,0.098,0.367,12,9,30,3,0,87,0,87,75,normal_range,98.38,75,,,
2026-02-26T11:34:00+05:30,portfolio_hist,PREMIUM,EXIT,strangle,25521.35,13.06,1.0,0.0,0.0,1.036,0.127,0.27,12,11,34,3,0,0,0,0,0,normal_range,0.0,0,Profit target: premium decayed 15.0%,1108.5,124
2026-02-26T09:30:00+05:30,portfolio_hist,PREMIUM,ENTER,strangle,25513.95,13.38,1.0,0.0,0.0,1.036,0.098,0.367,12,9,30,3,0,87,0,87,75,normal_range,98.38,75,,,
2026-02-26T11:34:00+05:30,portfolio_hist,PREMIUM,EXIT,strangle,25521.35,13.06,1.0,0.0,0.0,1.036,0.127,0.27,12,11,34,3,0,0,0,0,0,normal_range,0.0,0,Profit target: premium decayed 15.0%,1108.5,124
2026-02-26T09:30:00+05:30,portfolio_hist,PREMIUM,ENTER,strangle,25513.95,13.38,1.0,0.0,0.0,1.036,0.098,0.367,12,9,30,3,0,87,0,87,75,normal_range,98.38,75,,,
2026-02-26T11:34:00+05:30,portfolio_hist,PREMIUM,EXIT,strangle,25521.35,13.06,1.0,0.0,0.0,1.036,0.127,0.27,12,11,34,3,0,0,0,0,0,normal_range,0.0,0,Profit target: premium decayed 15.0%,1108.5,124
2026-02-26T09:30:00+05:30,portfolio_hist,PREMIUM,ENTER,strangle,25513.95,13.38,1.0,0.0,0.0,1.036,0.098,0.367,12,9,30,3,0,87,0,87,75,normal_range,98.38,75,,,
2026-02-26T11:34:00+05:30,portfolio_hist,PREMIUM,EXIT,strangle,25521.35,13.06,1.0,0.0,0.0,1.036,0.127,0.27,12,11,34,3,0,0,0,0,0,normal_range,0.0,0,Profit target: premium decayed 15.0%,1108.5,124
2026-02-26T09:30:00+05:30,portfolio_hist,PREMIUM,ENTER,strangle,25513.95,13.38,1.0,0.0,0.0,1.036,0.098,0.367,12,9,30,3,0,87,0,87,75,normal_range,98.38,75,,,
2026-02-26T11:34:00+05:30,portfolio_hist,PREMIUM,EXIT,strangle,25521.35,13.06,1.0,0.0,0.0,1.036,0.127,0.27,12,11,34,3,0,0,0,0,0,normal_range,0.0,0,Profit target: premium decayed 15.0%,1108.5,124
2026-02-26T09:30:00+05:30,portfolio_hist,PREMIUM,ENTER,strangle,25513.95,13.38,1.0,0.0,0.0,1.036,0.098,0.367,12,9,30,3,0,87,0,87,75,normal_range,98.38,75,,,
2026-02-26T11:34:00+05:30,portfolio_hist,PREMIUM,EXIT,strangle,25521.35,13.06,1.0,0.0,0.0,1.036,0.127,0.27,12,11,34,3,0,0,0,0,0,normal_range,0.0,0,Profit target: premium decayed 15.0%,1108.5,124
2026-02-26T09:30:00+05:30,portfolio_hist,PREMIUM,ENTER,strangle,25513.95,13.38,1.0,0.0,0.0,1.036,0.098,0.367,12,9,30,3,0,87,0,87,75,normal_range,98.38,75,,,
2026-02-26T11:34:00+05:30,portfolio_hist,PREMIUM,EXIT,strangle,25521.35,13.06,1.0,0.0,0.0,1.036,0.127,0.27,12,11,34,3,0,0,0,0,0,normal_range,0.0,0,Profit target: premium decayed 15.0%,1108.5,124
2026-02-26T09:30:00+05:30,portfolio_hist,PREMIUM,ENTER,strangle,25513.95,13.38,1.0,0.0,0.0,1.036,0.098,0.367,12,9,30,3,0,87,0,87,75,normal_range,98.38,75,,,
2026-02-26T10:47:00+05:30,portfolio_hist,PREMIUM,EXIT,strangle,25543.4,13.11,1.0,0.0,0.0,1.036,0.214,0.141,12,10,47,3,0,0,0,0,0,normal_range,0.0,0,Profit target: premium decayed 10.6%,781.5,77
2026-02-26T10:48:00+05:30,portfolio_hist,PREMIUM,ENTER,strangle,25544.9,13.11,1.0,0.0,0.0,1.036,0.22,0.141,12,10,48,3,0,87,0,87,65,normal_range,94.5,75,,,
2026-02-26T14:40:00+05:30,portfolio_hist,PREMIUM,EXIT,strangle,25484.15,13.18,1.0,0.0,0.0,1.036,0.019,0.18,12,14,40,3,0,0,0,0,0,normal_range,0.0,0,Profit target: premium decayed 10.1%,715.5,232
2026-02-26T09:30:00+05:30,portfolio_hist,PREMIUM,ENTER,strangle,25513.95,13.38,1.0,0.0,0.0,1.036,0.098,0.367,12,9,30,3,0,87,0,87,75,normal_range,98.38,75,,,
2026-02-26T11:34:00+05:30,portfolio_hist,PREMIUM,EXIT,strangle,25521.35,13.06,1.0,0.0,0.0,1.036,0.127,0.27,12,11,34,3,0,0,0,0,0,normal_range,0.0,0,Profit target: premium decayed 15.0%,1108.5,124
2026-02-26T09:30:00+05:30,portfolio_hist,PREMIUM,ENTER,strangle,25513.95,13.38,1.0,0.0,0.0,1.036,0.098,0.367,12,9,30,3,0,87,0,87,75,normal_range,98.38,75,,,
2026-02-26T12:22:00+05:30,portfolio_hist,PREMIUM,EXIT,strangle,25407.5,13.5,1.0,0.0,0.0,1.036,0.32,0.157,12,12,22,3,0,0,0,0,0,normal_range,0.0,0,Trail stop: bounced 17.9% after 15% decay,-207.75,172
2026-02-26T09:30:00+05:30,portfolio_hist,PREMIUM,ENTER,strangle,25513.95,13.38,1.0,0.0,0.0,1.036,0.098,0.367,12,9,30,3,0,87,0,87,75,normal_range,98.38,75,,,
2026-02-26T12:22:00+05:30,portfolio_hist,PREMIUM,EXIT,strangle,25407.5,13.5,1.0,0.0,0.0,1.036,0.32,0.157,12,12,22,3,0,0,0,0,0,normal_range,0.0,0,Trail stop: bounced 17.9% after 15% decay,-207.75,172
2026-02-26T09:30:00+05:30,portfolio_hist,PREMIUM,ENTER,strangle,25513.95,13.38,1.0,0.0,0.0,1.036,0.098,0.367,12,9,30,3,0,87,0,87,75,normal_range,98.38,75,,,
2026-02-26T12:22:00+05:30,portfolio_hist,PREMIUM,EXIT,strangle,25407.5,13.5,1.0,0.0,0.0,1.036,0.32,0.157,12,12,22,3,0,0,0,0,0,normal_range,0.0,0,Trail stop: bounced 17.9% after 15% decay,-207.75,172
2026-02-26T09:30:00+05:30,portfolio_hist,PREMIUM,ENTER,strangle,25513.95,13.38,1.0,0.0,0.0,1.036,0.098,0.367,12,9,30,3,0,87,0,87,75,normal_range,98.38,75,,,
2026-02-26T10:47:00+05:30,portfolio_hist,PREMIUM,EXIT,strangle,25543.4,13.11,1.0,0.0,0.0,1.036,0.214,0.141,12,10,47,3,0,0,0,0,0,normal_range,0.0,0,Profit target: premium decayed 10.6%,781.5,77
2026-02-26T10:48:00+05:30,portfolio_hist,PREMIUM,ENTER,strangle,25544.9,13.11,1.0,0.0,0.0,1.036,0.22,0.141,12,10,48,3,0,87,0,87,65,normal_range,94.5,75,,,
2026-02-26T14:40:00+05:30,portfolio_hist,PREMIUM,EXIT,strangle,25484.15,13.18,1.0,0.0,0.0,1.036,0.019,0.18,12,14,40,3,0,0,0,0,0,normal_range,0.0,0,Profit target: premium decayed 10.1%,715.5,232
2026-02-26T09:30:00+05:30,portfolio_hist,PREMIUM,ENTER,strangle,25513.95,13.38,1.0,0.0,0.0,1.036,0.098,0.367,12,9,30,3,0,87,0,87,75,normal_range,98.38,75,,,
2026-02-26T11:34:00+05:30,portfolio_hist,PREMIUM,EXIT,strangle,25521.35,13.06,1.0,0.0,0.0,1.036,0.127,0.27,12,11,34,3,0,0,0,0,0,normal_range,0.0,0,Profit target: premium decayed 15.0%,1108.5,124
2026-02-26T09:30:00+05:30,portfolio_hist,PREMIUM,ENTER,strangle,25513.95,13.38,1.0,0.0,0.0,1.036,0.098,0.367,12,9,30,3,0,87,0,87,75,normal_range,98.38,75,,,
2026-02-26T12:22:00+05:30,portfolio_hist,PREMIUM,EXIT,strangle,25407.5,13.5,1.0,0.0,0.0,1.036,0.32,0.157,12,12,22,3,0,0,0,0,0,normal_range,0.0,0,Trail stop: bounced 17.9% after 15% decay,-207.75,172
2026-02-26T09:30:00+05:30,portfolio_hist,PREMIUM,ENTER,strangle,25513.95,13.38,1.0,0.0,0.0,1.036,0.098,0.367,12,9,30,3,0,87,0,87,75,normal_range,98.38,75,,,
2026-02-26T12:22:00+05:30,portfolio_hist,PREMIUM,EXIT,strangle,25407.5,13.5,1.0,0.0,0.0,1.036,0.32,0.157,12,12,22,3,0,0,0,0,0,normal_range,0.0,0,Trail stop: bounced 17.9% after 15% decay,-207.75,172
2026-02-26T09:30:00+05:30,portfolio_hist,PREMIUM,ENTER,strangle,25513.95,13.38,1.0,0.0,0.0,1.036,0.098,0.367,12,9,30,3,0,87,0,87,75,normal_range,98.38,75,,,
2026-02-26T12:22:00+05:30,portfolio_hist,PREMIUM,EXIT,strangle,25407.5,13.5,1.0,0.0,0.0,1.036,0.32,0.157,12,12,22,3,0,0,0,0,0,normal_range,0.0,0,Trail stop: bounced 17.9% after 15% decay,-207.75,172
2026-02-26T09:30:00+05:30,portfolio_hist,PREMIUM,ENTER,strangle,25513.95,13.38,1.0,0.0,0.0,1.036,0.098,0.367,12,9,30,3,0,87,0,87,75,normal_range,98.38,75,,,
2026-02-26T10:47:00+05:30,portfolio_hist,PREMIUM,EXIT,strangle,25543.4,13.11,1.0,0.0,0.0,1.036,0.214,0.141,12,10,47,3,0,0,0,0,0,normal_range,0.0,0,Profit target: premium decayed 10.6%,781.5,77
2026-02-26T10:48:00+05:30,portfolio_hist,PREMIUM,ENTER,strangle,25544.9,13.11,1.0,0.0,0.0,1.036,0.22,0.141,12,10,48,3,0,87,0,87,65,normal_range,94.5,75,,,
2026-02-26T14:40:00+05:30,portfolio_hist,PREMIUM,EXIT,strangle,25484.15,13.18,1.0,0.0,0.0,1.036,0.019,0.18,12,14,40,3,0,0,0,0,0,normal_range,0.0,0,Profit target: premium decayed 10.1%,715.5,232
2026-02-26T09:30:00+05:30,portfolio_hist,PREMIUM,ENTER,strangle,25513.95,13.38,1.0,0.0,0.0,1.036,0.098,0.367,12,9,30,3,0,87,0,87,75,normal_range,98.38,75,,,
2026-02-26T11:34:00+05:30,portfolio_hist,PREMIUM,EXIT,strangle,25521.35,13.06,1.0,0.0,0.0,1.036,0.127,0.27,12,11,34,3,0,0,0,0,0,normal_range,0.0,0,Profit target: premium decayed 15.0%,1108.5,124
2026-02-26T09:30:00+05:30,portfolio_hist,PREMIUM,ENTER,strangle,25513.95,13.38,1.0,0.0,0.0,1.036,0.098,0.367,12,9,30,3,0,87,0,87,75,normal_range,98.38,75,,,
2026-02-26T12:22:00+05:30,portfolio_hist,PREMIUM,EXIT,strangle,25407.5,13.5,1.0,0.0,0.0,1.036,0.32,0.157,12,12,22,3,0,0,0,0,0,normal_range,0.0,0,Trail stop: bounced 17.9% after 15% decay,-207.75,172
2026-02-26T09:30:00+05:30,portfolio_hist,PREMIUM,ENTER,strangle,25513.95,13.38,1.0,0.0,0.0,1.036,0.098,0.367,12,9,30,3,0,87,0,87,75,normal_range,98.38,75,,,
2026-02-26T12:22:00+05:30,portfolio_hist,PREMIUM,EXIT,strangle,25407.5,13.5,1.0,0.0,0.0,1.036,0.32,0.157,12,12,22,3,0,0,0,0,0,normal_range,0.0,0,Trail stop: bounced 17.9% after 15% decay,-207.75,172
2026-02-26T09:30:00+05:30,portfolio_hist,PREMIUM,ENTER,strangle,25513.95,13.38,1.0,0.0,0.0,1.036,0.098,0.367,12,9,30,3,0,87,0,87,75,normal_range,98.38,75,,,
2026-02-26T12:22:00+05:30,portfolio_hist,PREMIUM,EXIT,strangle,25407.5,13.5,1.0,0.0,0.0,1.036,0.32,0.157,12,12,22,3,0,0,0,0,0,normal_range,0.0,0,Trail stop: bounced 17.9% after 15% decay,-207.75,172
2026-02-26T09:30:00+05:30,portfolio_hist,PREMIUM,ENTER,strangle,25513.95,13.38,1.0,0.0,0.0,1.036,0.098,0.367,12,9,30,3,0,87,0,87,75,normal_range,98.38,75,,,
2026-02-26T10:47:00+05:30,portfolio_hist,PREMIUM,EXIT,strangle,25543.4,13.11,1.0,0.0,0.0,1.036,0.214,0.141,12,10,47,3,0,0,0,0,0,normal_range,0.0,0,Profit target: premium decayed 10.6%,781.5,77
2026-02-26T10:48:00+05:30,portfolio_hist,PREMIUM,ENTER,strangle,25544.9,13.11,1.0,0.0,0.0,1.036,0.22,0.141,12,10,48,3,0,87,0,87,65,normal_range,94.5,75,,,
2026-02-26T14:40:00+05:30,portfolio_hist,PREMIUM,EXIT,strangle,25484.15,13.18,1.0,0.0,0.0,1.036,0.019,0.18,12,14,40,3,0,0,0,0,0,normal_range,0.0,0,Profit target: premium decayed 10.1%,715.5,232
2026-02-26T09:30:00+05:30,portfolio_hist,PREMIUM,ENTER,strangle,25513.95,13.38,1.0,0.0,0.0,1.036,0.098,0.367,12,9,30,3,0,87,0,87,75,normal_range,98.38,75,,,
2026-02-26T11:34:00+05:30,portfolio_hist,PREMIUM,EXIT,strangle,25521.35,13.06,1.0,0.0,0.0,1.036,0.127,0.27,12,11,34,3,0,0,0,0,0,normal_range,0.0,0,Profit target: premium decayed 15.0%,1108.5,124
2026-02-26T09:30:00+05:30,portfolio_hist,PREMIUM,ENTER,strangle,25513.95,13.38,1.0,0.0,0.0,1.036,0.098,0.367,12,9,30,3,0,87,0,87,75,normal_range,98.38,75,,,
2026-02-26T12:22:00+05:30,portfolio_hist,PREMIUM,EXIT,strangle,25407.5,13.5,1.0,0.0,0.0,1.036,0.32,0.157,12,12,22,3,0,0,0,0,0,normal_range,0.0,0,Trail stop: bounced 17.9% after 15% decay,-207.75,172
2026-02-26T09:30:00+05:30,portfolio_hist,PREMIUM,ENTER,strangle,25513.95,13.38,1.0,0.0,0.0,1.036,0.098,0.367,12,9,30,3,0,87,0,87,75,normal_range,98.38,75,,,
2026-02-26T12:22:00+05:30,portfolio_hist,PREMIUM,EXIT,strangle,25407.5,13.5,1.0,0.0,0.0,1.036,0.32,0.157,12,12,22,3,0,0,0,0,0,normal_range,0.0,0,Trail stop: bounced 17.9% after 15% decay,-207.75,172
2026-02-26T09:30:00+05:30,portfolio_hist,PREMIUM,ENTER,strangle,25513.95,13.38,1.0,0.0,0.0,1.036,0.098,0.367,12,9,30,3,0,87,0,87,75,normal_range,98.38,75,,,
2026-02-26T12:22:00+05:30,portfolio_hist,PREMIUM,EXIT,strangle,25407.5,13.5,1.0,0.0,0.0,1.036,0.32,0.157,12,12,22,3,0,0,0,0,0,normal_range,0.0,0,Trail stop: bounced 17.9% after 15% decay,-207.75,172
2026-02-26T09:30:00+05:30,portfolio_hist,PREMIUM,ENTER,strangle,25513.95,13.38,1.0,0.0,0.0,1.036,0.098,0.367,12,9,30,3,0,87,0,87,75,normal_range,98.38,75,,,
2026-02-26T10:47:00+05:30,portfolio_hist,PREMIUM,EXIT,strangle,25543.4,13.11,1.0,0.0,0.0,1.036,0.214,0.141,12,10,47,3,0,0,0,0,0,normal_range,0.0,0,Profit target: premium decayed 10.6%,781.5,77
2026-02-26T10:48:00+05:30,portfolio_hist,PREMIUM,ENTER,strangle,25544.9,13.11,1.0,0.0,0.0,1.036,0.22,0.141,12,10,48,3,0,87,0,87,65,normal_range,94.5,75,,,
2026-02-26T14:40:00+05:30,portfolio_hist,PREMIUM,EXIT,strangle,25484.15,13.18,1.0,0.0,0.0,1.036,0.019,0.18,12,14,40,3,0,0,0,0,0,normal_range,0.0,0,Profit target: premium decayed 10.1%,715.5,232
2026-02-26T09:30:00+05:30,portfolio_hist,PREMIUM,ENTER,strangle,25513.95,13.38,1.0,0.0,0.0,1.036,0.098,0.367,12,9,30,3,0,87,0,87,75,normal_range,98.38,75,,,
2026-02-26T11:34:00+05:30,portfolio_hist,PREMIUM,EXIT,strangle,25521.35,13.06,1.0,0.0,0.0,1.036,0.127,0.27,12,11,34,3,0,0,0,0,0,normal_range,0.0,0,Profit target: premium decayed 15.0%,1108.5,124
2026-02-26T09:30:00+05:30,portfolio_hist,PREMIUM,ENTER,strangle,25513.95,13.38,1.0,0.0,0.0,1.036,0.098,0.367,12,9,30,3,0,87,0,87,75,normal_range,98.38,75,,,
2026-02-26T12:22:00+05:30,portfolio_hist,PREMIUM,EXIT,strangle,25407.5,13.5,1.0,0.0,0.0,1.036,0.32,0.157,12,12,22,3,0,0,0,0,0,normal_range,0.0,0,Trail stop: bounced 17.9% after 15% decay,-207.75,172
2026-02-26T09:30:00+05:30,portfolio_hist,PREMIUM,ENTER,strangle,25513.95,13.38,1.0,0.0,0.0,1.036,0.098,0.367,12,9,30,3,0,87,0,87,75,normal_range,98.38,75,,,
2026-02-26T12:22:00+05:30,portfolio_hist,PREMIUM,EXIT,strangle,25407.5,13.5,1.0,0.0,0.0,1.036,0.32,0.157,12,12,22,3,0,0,0,0,0,normal_range,0.0,0,Trail stop: bounced 17.9% after 15% decay,-207.75,172
2026-02-26T09:30:00+05:30,portfolio_hist,PREMIUM,ENTER,strangle,25513.95,13.38,1.0,0.0,0.0,1.036,0.098,0.367,12,9,30,3,0,87,0,87,75,normal_range,98.38,75,,,
2026-02-26T12:22:00+05:30,portfolio_hist,PREMIUM,EXIT,strangle,25407.5,13.5,1.0,0.0,0.0,1.036,0.32,0.157,12,12,22,3,0,0,0,0,0,normal_range,0.0,0,Trail stop: bounced 17.9% after 15% decay,-207.75,172
2026-02-26T09:30:00+05:30,portfolio_hist,PREMIUM,ENTER,strangle,25513.95,13.38,1.0,0.0,0.0,1.036,0.098,0.367,12,9,30,3,0,87,0,87,75,normal_range,98.38,75,,,
2026-02-26T10:47:00+05:30,portfolio_hist,PREMIUM,EXIT,strangle,25543.4,13.11,1.0,0.0,0.0,1.036,0.214,0.141,12,10,47,3,0,0,0,0,0,normal_range,0.0,0,Profit target: premium decayed 10.6%,781.5,77
2026-02-26T10:48:00+05:30,portfolio_hist,PREMIUM,ENTER,strangle,25544.9,13.11,1.0,0.0,0.0,1.036,0.22,0.141,12,10,48,3,0,87,0,87,65,normal_range,94.5,75,,,
2026-02-26T14:40:00+05:30,portfolio_hist,PREMIUM,EXIT,strangle,25484.15,13.18,1.0,0.0,0.0,1.036,0.019,0.18,12,14,40,3,0,0,0,0,0,normal_range,0.0,0,Profit target: premium decayed 10.1%,715.5,232
2026-02-26T09:30:00+05:30,portfolio_hist,PREMIUM,ENTER,strangle,25513.95,13.38,1.0,0.0,0.0,1.036,0.098,0.367,12,9,30,3,0,87,0,87,75,normal_range,98.38,75,,,
2026-02-26T10:47:00+05:30,portfolio_hist,PREMIUM,EXIT,strangle,25543.4,13.11,1.0,0.0,0.0,1.036,0.214,0.141,12,10,47,3,0,0,0,0,0,normal_range,0.0,0,Profit target: premium decayed 10.6%,781.5,77
2026-02-26T10:48:00+05:30,portfolio_hist,PREMIUM,ENTER,strangle,25544.9,13.11,1.0,0.0,0.0,1.036,0.22,0.141,12,10,48,3,0,87,0,87,65,normal_range,94.5,75,,,
2026-02-26T14:40:00+05:30,portfolio_hist,PREMIUM,EXIT,strangle,25484.15,13.18,1.0,0.0,0.0,1.036,0.019,0.18,12,14,40,3,0,0,0,0,0,normal_range,0.0,0,Profit target: premium decayed 10.1%,715.5,232
2026-02-26T09:30:00+05:30,portfolio_hist,PREMIUM,ENTER,strangle,25513.95,13.38,1.0,0.0,0.0,1.036,0.098,0.367,12,9,30,3,0,87,0,87,75,normal_range,98.38,75,,,
2026-02-26T10:47:00+05:30,portfolio_hist,PREMIUM,EXIT,strangle,25543.4,13.11,1.0,0.0,0.0,1.036,0.214,0.141,12,10,47,3,0,0,0,0,0,normal_range,0.0,0,Profit target: premium decayed 10.6%,781.5,77
2026-02-26T10:48:00+05:30,portfolio_hist,PREMIUM,ENTER,strangle,25544.9,13.11,1.0,0.0,0.0,1.036,0.22,0.141,12,10,48,3,0,87,0,87,65,normal_range,94.5,75,,,
2026-02-26T14:40:00+05:30,portfolio_hist,PREMIUM,EXIT,strangle,25484.15,13.18,1.0,0.0,0.0,1.036,0.019,0.18,12,14,40,3,0,0,0,0,0,normal_range,0.0,0,Profit target: premium decayed 10.1%,715.5,232
2026-02-26T09:30:00+05:30,portfolio_hist,PREMIUM,ENTER,strangle,25513.95,13.38,1.0,0.0,0.0,1.036,0.098,0.367,12,9,30,3,0,87,0,87,75,normal_range,98.38,75,,,
2026-02-26T10:47:00+05:30,portfolio_hist,PREMIUM,EXIT,strangle,25543.4,13.11,1.0,0.0,0.0,1.036,0.214,0.141,12,10,47,3,0,0,0,0,0,normal_range,0.0,0,Profit target: premium decayed 10.6%,781.5,77
2026-02-26T10:48:00+05:30,portfolio_hist,PREMIUM,ENTER,strangle,25544.9,13.11,1.0,0.0,0.0,1.036,0.22,0.141,12,10,48,3,0,87,0,87,65,normal_range,94.5,75,,,
2026-02-26T14:40:00+05:30,portfolio_hist,PREMIUM,EXIT,strangle,25484.15,13.18,1.0,0.0,0.0,1.036,0.019,0.18,12,14,40,3,0,0,0,0,0,normal_range,0.0,0,Profit target: premium decayed 10.1%,715.5,232
2026-02-26T09:30:00+05:30,portfolio_hist,PREMIUM,ENTER,strangle,25513.95,13.38,1.0,0.0,0.0,1.036,0.098,0.367,12,9,30,3,0,87,0,87,75,normal_range,98.38,75,,,
2026-02-26T10:47:00+05:30,portfolio_hist,PREMIUM,EXIT,strangle,25543.4,13.11,1.0,0.0,0.0,1.036,0.214,0.141,12,10,47,3,0,0,0,0,0,normal_range,0.0,0,Profit target: premium decayed 10.6%,781.5,77
2026-02-26T10:48:00+05:30,portfolio_hist,PREMIUM,ENTER,strangle,25544.9,13.11,1.0,0.0,0.0,1.036,0.22,0.141,12,10,48,3,0,87,0,87,65,normal_range,94.5,75,,,
2026-02-26T14:40:00+05:30,portfolio_hist,PREMIUM,EXIT,strangle,25484.15,13.18,1.0,0.0,0.0,1.036,0.019,0.18,12,14,40,3,0,0,0,0,0,normal_range,0.0,0,Profit target: premium decayed 10.1%,715.5,232
2026-02-26T09:30:00+05:30,portfolio_hist,PREMIUM,ENTER,strangle,25513.95,13.38,1.0,0.0,0.0,1.036,0.098,0.367,12,9,30,3,0,87,0,87,75,normal_range,98.38,75,,,
2026-02-26T10:47:00+05:30,portfolio_hist,PREMIUM,EXIT,strangle,25543.4,13.11,1.0,0.0,0.0,1.036,0.214,0.141,12,10,47,3,0,0,0,0,0,normal_range,0.0,0,Profit target: premium decayed 10.6%,781.5,77
2026-02-26T10:48:00+05:30,portfolio_hist,PREMIUM,ENTER,strangle,25544.9,13.11,1.0,0.0,0.0,1.036,0.22,0.141,12,10,48,3,0,87,0,87,65,normal_range,94.5,75,,,
2026-02-26T14:40:00+05:30,portfolio_hist,PREMIUM,EXIT,strangle,25484.15,13.18,1.0,0.0,0.0,1.036,0.019,0.18,12,14,40,3,0,0,0,0,0,normal_range,0.0,0,Profit target: premium decayed 10.1%,715.5,232
2026-02-26T09:30:00+05:30,portfolio_hist,PREMIUM,ENTER,strangle,25513.95,13.38,1.0,0.0,0.0,1.036,0.098,0.367,12,9,30,3,0,87,0,87,75,normal_range,98.38,75,,,
2026-02-26T10:47:00+05:30,portfolio_hist,PREMIUM,EXIT,strangle,25543.4,13.11,1.0,0.0,0.0,1.036,0.214,0.141,12,10,47,3,0,0,0,0,0,normal_range,0.0,0,Profit target: premium decayed 10.6%,781.5,77
2026-02-26T10:48:00+05:30,portfolio_hist,PREMIUM,ENTER,strangle,25544.9,13.11,1.0,0.0,0.0,1.036,0.22,0.141,12,10,48,3,0,87,0,87,65,normal_range,94.5,75,,,
2026-02-26T14:40:00+05:30,portfolio_hist,PREMIUM,EXIT,strangle,25484.15,13.18,1.0,0.0,0.0,1.036,0.019,0.18,12,14,40,3,0,0,0,0,0,normal_range,0.0,0,Profit target: premium decayed 10.1%,715.5,232
2026-02-26T09:30:00+05:30,portfolio_hist,PREMIUM,ENTER,strangle,25513.95,13.38,1.0,0.0,0.0,1.036,0.098,0.367,12,9,30,3,0,87,0,87,75,normal_range,98.38,75,,,
2026-02-26T10:47:00+05:30,portfolio_hist,PREMIUM,EXIT,strangle,25543.4,13.11,1.0,0.0,0.0,1.036,0.214,0.141,12,10,47,3,0,0,0,0,0,normal_range,0.0,0,Profit target: premium decayed 10.6%,781.5,77
2026-02-26T10:48:00+05:30,portfolio_hist,PREMIUM,ENTER,strangle,25544.9,13.11,1.0,0.0,0.0,1.036,0.22,0.141,12,10,48,3,0,87,0,87,65,normal_range,94.5,75,,,
2026-02-26T14:40:00+05:30,portfolio_hist,PREMIUM,EXIT,strangle,25484.15,13.18,1.0,0.0,0.0,1.036,0.019,0.18,12,14,40,3,0,0,0,0,0,normal_range,0.0,0,Profit target: premium decayed 10.1%,715.5,232
2026-02-26T09:30:00+05:30,portfolio_hist,PREMIUM,ENTER,strangle,25513.95,13.38,1.0,0.0,0.0,1.036,0.098,0.367,12,9,30,3,0,87,0,87,75,normal_range,98.38,75,,,
2026-02-26T10:47:00+05:30,portfolio_hist,PREMIUM,EXIT,strangle,25543.4,13.11,1.0,0.0,0.0,1.036,0.214,0.141,12,10,47,3,0,0,0,0,0,normal_range,0.0,0,Profit target: premium decayed 10.6%,781.5,77
2026-02-26T10:48:00+05:30,portfolio_hist,PREMIUM,ENTER,strangle,25544.9,13.11,1.0,0.0,0.0,1.036,0.22,0.141,12,10,48,3,0,87,0,87,65,normal_range,94.5,75,,,
2026-02-26T14:40:00+05:30,portfolio_hist,PREMIUM,EXIT,strangle,25484.15,13.18,1.0,0.0,0.0,1.036,0.019,0.18,12,14,40,3,0,0,0,0,0,normal_range,0.0,0,Profit target: premium decayed 10.1%,715.5,232
2026-02-26T09:30:00+05:30,portfolio_hist,PREMIUM,ENTER,strangle,25513.95,13.38,1.0,0.0,0.0,1.036,0.098,0.367,12,9,30,3,0,87,0,87,75,normal_range,98.38,75,,,
2026-02-26T10:47:00+05:30,portfolio_hist,PREMIUM,EXIT,strangle,25543.4,13.11,1.0,0.0,0.0,1.036,0.214,0.141,12,10,47,3,0,0,0,0,0,normal_range,0.0,0,Profit target: premium decayed 10.6%,781.5,77
2026-02-26T10:48:00+05:30,portfolio_hist,PREMIUM,ENTER,strangle,25544.9,13.11,1.0,0.0,0.0,1.036,0.22,0.141,12,10,48,3,0,87,0,87,65,normal_range,94.5,75,,,
2026-02-26T14:40:00+05:30,portfolio_hist,PREMIUM,EXIT,strangle,25484.15,13.18,1.0,0.0,0.0,1.036,0.019,0.18,12,14,40,3,0,0,0,0,0,normal_range,0.0,0,Profit target: premium decayed 10.1%,715.5,232
2026-02-26T09:30:00+05:30,portfolio_hist,PREMIUM,ENTER,strangle,25513.95,13.38,1.0,0.0,0.0,1.036,0.098,0.367,12,9,30,3,0,87,0,87,75,normal_range,98.38,75,,,
2026-02-26T10:47:00+05:30,portfolio_hist,PREMIUM,EXIT,strangle,25543.4,13.11,1.0,0.0,0.0,1.036,0.214,0.141,12,10,47,3,0,0,0,0,0,normal_range,0.0,0,Profit target: premium decayed 10.6%,781.5,77
2026-02-26T10:48:00+05:30,portfolio_hist,PREMIUM,ENTER,strangle,25544.9,13.11,1.0,0.0,0.0,1.036,0.22,0.141,12,10,48,3,0,87,0,87,65,normal_range,94.5,75,,,
2026-02-26T14:40:00+05:30,portfolio_hist,PREMIUM,EXIT,strangle,25484.15,13.18,1.0,0.0,0.0,1.036,0.019,0.18,12,14,40,3,0,0,0,0,0,normal_range,0.0,0,Profit target: premium decayed 10.1%,715.5,232
2026-02-26T09:30:00+05:30,portfolio_hist,PREMIUM,ENTER,strangle,25513.95,13.38,1.0,0.0,0.0,1.036,0.098,0.367,12,9,30,3,0,87,0,87,75,normal_range,98.38,75,,,
2026-02-26T10:47:00+05:30,portfolio_hist,PREMIUM,EXIT,strangle,25543.4,13.11,1.0,0.0,0.0,1.036,0.214,0.141,12,10,47,3,0,0,0,0,0,normal_range,0.0,0,Profit target: premium decayed 10.6%,781.5,77
2026-02-26T10:48:00+05:30,portfolio_hist,PREMIUM,ENTER,strangle,25544.9,13.11,1.0,0.0,0.0,1.036,0.22,0.141,12,10,48,3,0,87,0,87,65,normal_range,94.5,75,,,
2026-02-26T14:40:00+05:30,portfolio_hist,PREMIUM,EXIT,strangle,25484.15,13.18,1.0,0.0,0.0,1.036,0.019,0.18,12,14,40,3,0,0,0,0,0,normal_range,0.0,0,Profit target: premium decayed 10.1%,715.5,232
2026-02-26T09:30:00+05:30,portfolio_hist,PREMIUM,ENTER,strangle,25513.95,13.38,1.0,0.0,0.0,1.036,0.098,0.367,12,9,30,3,0,87,0,87,75,normal_range,98.38,75,,,
2026-02-26T10:47:00+05:30,portfolio_hist,PREMIUM,EXIT,strangle,25543.4,13.11,1.0,0.0,0.0,1.036,0.214,0.141,12,10,47,3,0,0,0,0,0,normal_range,0.0,0,Profit target: premium decayed 10.6%,781.5,77
2026-02-26T10:48:00+05:30,portfolio_hist,PREMIUM,ENTER,strangle,25544.9,13.11,1.0,0.0,0.0,1.036,0.22,0.141,12,10,48,3,0,87,0,87,65,normal_range,94.5,75,,,
2026-02-26T14:40:00+05:30,portfolio_hist,PREMIUM,EXIT,strangle,25484.15,13.18,1.0,0.0,0.0,1.036,0.019,0.18,12,14,40,3,0,0,0,0,0,normal_range,0.0,0,Profit target: premium decayed 10.1%,715.5,232
2026-02-26T09:30:00+05:30,portfolio_hist,PREMIUM,ENTER,strangle,25513.95,13.38,1.0,0.0,0.0,1.036,0.098,0.367,12,9,30,3,0,87,0,87,75,normal_range,98.38,75,,,
2026-02-26T10:47:00+05:30,portfolio_hist,PREMIUM,EXIT,strangle,25543.4,13.11,1.0,0.0,0.0,1.036,0.214,0.141,12,10,47,3,0,0,0,0,0,normal_range,0.0,0,Profit target: premium decayed 10.6%,781.5,77
2026-02-26T10:48:00+05:30,portfolio_hist,PREMIUM,ENTER,strangle,25544.9,13.11,1.0,0.0,0.0,1.036,0.22,0.141,12,10,48,3,0,87,0,87,65,normal_range,94.5,75,,,
2026-02-26T14:40:00+05:30,portfolio_hist,PREMIUM,EXIT,strangle,25484.15,13.18,1.0,0.0,0.0,1.036,0.019,0.18,12,14,40,3,0,0,0,0,0,normal_range,0.0,0,Profit target: premium decayed 10.1%,715.5,232
2026-02-26T09:30:00+05:30,portfolio_hist,PREMIUM,ENTER,strangle,25513.95,13.38,1.0,0.0,0.0,1.036,0.098,0.367,12,9,30,3,0,87,0,87,75,normal_range,98.38,75,,,
2026-02-26T10:47:00+05:30,portfolio_hist,PREMIUM,EXIT,strangle,25543.4,13.11,1.0,0.0,0.0,1.036,0.214,0.141,12,10,47,3,0,0,0,0,0,normal_range,0.0,0,Profit target: premium decayed 10.6%,781.5,77
2026-02-26T10:48:00+05:30,portfolio_hist,PREMIUM,ENTER,strangle,25544.9,13.11,1.0,0.0,0.0,1.036,0.22,0.141,12,10,48,3,0,87,0,87,65,normal_range,94.5,75,,,
2026-02-26T14:40:00+05:30,portfolio_hist,PREMIUM,EXIT,strangle,25484.15,13.18,1.0,0.0,0.0,1.036,0.019,0.18,12,14,40,3,0,0,0,0,0,normal_range,0.0,0,Profit target: premium decayed 10.1%,715.5,232
2026-02-26T09:30:00+05:30,portfolio_hist,PREMIUM,ENTER,strangle,25513.95,13.38,1.0,0.0,0.0,1.036,0.098,0.367,12,9,30,3,0,87,0,87,75,normal_range,98.38,75,,,
2026-02-26T10:47:00+05:30,portfolio_hist,PREMIUM,EXIT,strangle,25543.4,13.11,1.0,0.0,0.0,1.036,0.214,0.141,12,10,47,3,0,0,0,0,0,normal_range,0.0,0,Profit target: premium decayed 10.6%,781.5,77
2026-02-26T10:48:00+05:30,portfolio_hist,PREMIUM,ENTER,strangle,25544.9,13.11,1.0,0.0,0.0,1.036,0.22,0.141,12,10,48,3,0,87,0,87,65,normal_range,94.5,75,,,
2026-02-26T14:40:00+05:30,portfolio_hist,PREMIUM,EXIT,strangle,25484.15,13.18,1.0,0.0,0.0,1.036,0.019,0.18,12,14,40,3,0,0,0,0,0,normal_range,0.0,0,Profit target: premium decayed 10.1%,715.5,232
2026-02-26T09:30:00+05:30,portfolio_hist,PREMIUM,ENTER,strangle,25513.95,13.38,1.0,0.0,0.0,1.036,0.098,0.367,12,9,30,3,0,87,0,87,75,normal_range,98.38,75,,,
2026-02-26T10:47:00+05:30,portfolio_hist,PREMIUM,EXIT,strangle,25543.4,13.11,1.0,0.0,0.0,1.036,0.214,0.141,12,10,47,3,0,0,0,0,0,normal_range,0.0,0,Profit target: premium decayed 10.6%,781.5,77
2026-02-26T10:48:00+05:30,portfolio_hist,PREMIUM,ENTER,strangle,25544.9,13.11,1.0,0.0,0.0,1.036,0.22,0.141,12,10,48,3,0,87,0,87,65,normal_range,94.5,75,,,
2026-02-26T14:40:00+05:30,portfolio_hist,PREMIUM,EXIT,strangle,25484.15,13.18,1.0,0.0,0.0,1.036,0.019,0.18,12,14,40,3,0,0,0,0,0,normal_range,0.0,0,Profit target: premium decayed 10.1%,715.5,232
2026-02-26T09:30:00+05:30,portfolio_hist,PREMIUM,ENTER,strangle,25513.95,13.38,1.0,0.0,0.0,1.036,0.098,0.367,12,9,30,3,0,87,0,87,75,normal_range,98.38,75,,,
2026-02-26T10:47:00+05:30,portfolio_hist,PREMIUM,EXIT,strangle,25543.4,13.11,1.0,0.0,0.0,1.036,0.214,0.141,12,10,47,3,0,0,0,0,0,normal_range,0.0,0,Profit target: premium decayed 10.6%,781.5,77
2026-02-26T10:48:00+05:30,portfolio_hist,PREMIUM,ENTER,strangle,25544.9,13.11,1.0,0.0,0.0,1.036,0.22,0.141,12,10,48,3,0,87,0,87,65,normal_range,94.5,75,,,
2026-02-26T14:40:00+05:30,portfolio_hist,PREMIUM,EXIT,strangle,25484.15,13.18,1.0,0.0,0.0,1.036,0.019,0.18,12,14,40,3,0,0,0,0,0,normal_range,0.0,0,Profit target: premium decayed 10.1%,715.5,232
2026-02-26T09:30:00+05:30,portfolio_hist,PREMIUM,ENTER,strangle,25513.95,13.38,1.0,0.0,0.0,1.036,0.098,0.367,12,9,30,3,0,87,0,87,75,normal_range,98.38,75,,,
2026-02-26T10:47:00+05:30,portfolio_hist,PREMIUM,EXIT,strangle,25543.4,13.11,1.0,0.0,0.0,1.036,0.214,0.141,12,10,47,3,0,0,0,0,0,normal_range,0.0,0,Profit target: premium decayed 10.6%,781.5,77
2026-02-26T10:48:00+05:30,portfolio_hist,PREMIUM,ENTER,strangle,25544.9,13.11,1.0,0.0,0.0,1.036,0.22,0.141,12,10,48,3,0,87,0,87,65,normal_range,94.5,75,,,
2026-02-26T14:40:00+05:30,portfolio_hist,PREMIUM,EXIT,strangle,25484.15,13.18,1.0,0.0,0.0,1.036,0.019,0.18,12,14,40,3,0,0,0,0,0,normal_range,0.0,0,Profit target: premium decayed 10.1%,715.5,232
2026-02-26T09:30:00+05:30,portfolio_hist,PREMIUM,ENTER,strangle,25513.95,13.38,1.0,0.0,0.0,1.036,0.098,0.367,12,9,30,3,0,87,0,87,75,normal_range,98.38,75,,,
2026-02-26T10:47:00+05:30,portfolio_hist,PREMIUM,EXIT,strangle,25543.4,13.11,1.0,0.0,0.0,1.036,0.214,0.141,12,10,47,3,0,0,0,0,0,normal_range,0.0,0,Profit target: premium decayed 10.6%,781.5,77
2026-02-26T10:48:00+05:30,portfolio_hist,PREMIUM,ENTER,strangle,25544.9,13.11,1.0,0.0,0.0,1.036,0.22,0.141,12,10,48,3,0,87,0,87,65,normal_range,94.5,75,,,
2026-02-26T14:40:00+05:30,portfolio_hist,PREMIUM,EXIT,strangle,25484.15,13.18,1.0,0.0,0.0,1.036,0.019,0.18,12,14,40,3,0,0,0,0,0,normal_range,0.0,0,Profit target: premium decayed 10.1%,715.5,232
2026-02-26T09:30:00+05:30,portfolio_hist,PREMIUM,ENTER,strangle,25513.95,13.38,1.0,0.0,0.0,1.036,0.098,0.367,12,9,30,3,0,87,0,87,75,normal_range,98.38,75,,,
2026-02-26T10:47:00+05:30,portfolio_hist,PREMIUM,EXIT,strangle,25543.4,13.11,1.0,0.0,0.0,1.036,0.214,0.141,12,10,47,3,0,0,0,0,0,normal_range,0.0,0,Profit target: premium decayed 10.6%,781.5,77
2026-02-26T10:48:00+05:30,portfolio_hist,PREMIUM,ENTER,strangle,25544.9,13.11,1.0,0.0,0.0,1.036,0.22,0.141,12,10,48,3,0,87,0,87,65,normal_range,94.5,75,,,
2026-02-26T14:40:00+05:30,portfolio_hist,PREMIUM,EXIT,strangle,25484.15,13.18,1.0,0.0,0.0,1.036,0.019,0.18,12,14,40,3,0,0,0,0,0,normal_range,0.0,0,Profit target: premium decayed 10.1%,715.5,232
2026-02-26T09:30:00+05:30,portfolio_hist,PREMIUM,ENTER,strangle,25513.95,13.38,1.0,0.0,0.0,1.036,0.098,0.367,12,9,30,3,0,87,0,87,75,normal_range,98.38,75,,,
2026-02-26T10:47:00+05:30,portfolio_hist,PREMIUM,EXIT,strangle,25543.4,13.11,1.0,0.0,0.0,1.036,0.214,0.141,12,10,47,3,0,0,0,0,0,normal_range,0.0,0,Profit target: premium decayed 10.6%,781.5,77
2026-02-26T10:48:00+05:30,portfolio_hist,PREMIUM,ENTER,strangle,25544.9,13.11,1.0,0.0,0.0,1.036,0.22,0.141,12,10,48,3,0,87,0,87,65,normal_range,94.5,75,,,
2026-02-26T14:40:00+05:30,portfolio_hist,PREMIUM,EXIT,strangle,25484.15,13.18,1.0,0.0,0.0,1.036,0.019,0.18,12,14,40,3,0,0,0,0,0,normal_range,0.0,0,Profit target: premium decayed 10.1%,715.5,232
2026-02-26T09:30:00+05:30,portfolio_hist,PREMIUM,ENTER,strangle,25513.95,13.38,1.0,0.0,0.0,1.036,0.098,0.367,12,9,30,3,0,87,0,87,75,normal_range,98.38,75,,,
2026-02-26T10:47:00+05:30,portfolio_hist,PREMIUM,EXIT,strangle,25543.4,13.11,1.0,0.0,0.0,1.036,0.214,0.141,12,10,47,3,0,0,0,0,0,normal_range,0.0,0,Profit target: premium decayed 10.6%,781.5,77
2026-02-26T10:48:00+05:30,portfolio_hist,PREMIUM,ENTER,strangle,25544.9,13.11,1.0,0.0,0.0,1.036,0.22,0.141,12,10,48,3,0,87,0,87,65,normal_range,94.5,75,,,
2026-02-26T14:40:00+05:30,portfolio_hist,PREMIUM,EXIT,strangle,25484.15,13.18,1.0,0.0,0.0,1.036,0.019,0.18,12,14,40,3,0,0,0,0,0,normal_range,0.0,0,Profit target: premium decayed 10.1%,715.5,232
2026-02-26T09:30:00+05:30,portfolio_hist,PREMIUM,ENTER,strangle,25513.95,13.38,1.0,0.0,0.0,1.036,0.098,0.367,12,9,30,3,0,87,0,87,75,normal_range,98.38,75,,,
2026-02-26T10:47:00+05:30,portfolio_hist,PREMIUM,EXIT,strangle,25543.4,13.11,1.0,0.0,0.0,1.036,0.214,0.141,12,10,47,3,0,0,0,0,0,normal_range,0.0,0,Profit target: premium decayed 10.6%,781.5,77
2026-02-26T10:48:00+05:30,portfolio_hist,PREMIUM,ENTER,strangle,25544.9,13.11,1.0,0.0,0.0,1.036,0.22,0.141,12,10,48,3,0,87,0,87,65,normal_range,94.5,75,,,
2026-02-26T14:40:00+05:30,portfolio_hist,PREMIUM,EXIT,strangle,25484.15,13.18,1.0,0.0,0.0,1.036,0.019,0.18,12,14,40,3,0,0,0,0,0,normal_range,0.0,0,Profit target: premium decayed 10.1%,715.5,232
2026-02-26T09:30:00+05:30,portfolio_hist,PREMIUM,ENTER,strangle,25513.95,13.38,1.0,0.0,0.0,1.036,0.098,0.367,12,9,30,3,0,87,0,87,75,normal_range,98.38,75,,,
2026-02-26T10:47:00+05:30,portfolio_hist,PREMIUM,EXIT,strangle,25543.4,13.11,1.0,0.0,0.0,1.036,0.214,0.141,12,10,47,3,0,0,0,0,0,normal_range,0.0,0,Profit target: premium decayed 10.6%,781.5,77
2026-02-26T10:48:00+05:30,portfolio_hist,PREMIUM,ENTER,strangle,25544.9,13.11,1.0,0.0,0.0,1.036,0.22,0.141,12,10,48,3,0,87,0,87,65,normal_range,94.5,75,,,
2026-02-26T14:40:00+05:30,portfolio_hist,PREMIUM,EXIT,strangle,25484.15,13.18,1.0,0.0,0.0,1.036,0.019,0.18,12,14,40,3,0,0,0,0,0,normal_range,0.0,0,Profit target: premium decayed 10.1%,715.5,232
2026-02-26T09:30:00+05:30,portfolio_hist,PREMIUM,ENTER,strangle,25513.95,13.38,1.0,0.0,0.0,1.036,0.098,0.367,12,9,30,3,0,87,0,87,75,normal_range,98.38,75,,,
2026-02-26T10:47:00+05:30,portfolio_hist,PREMIUM,EXIT,strangle,25543.4,13.11,1.0,0.0,0.0,1.036,0.214,0.141,12,10,47,3,0,0,0,0,0,normal_range,0.0,0,Profit target: premium decayed 10.6%,781.5,77
2026-02-26T10:48:00+05:30,portfolio_hist,PREMIUM,ENTER,strangle,25544.9,13.11,1.0,0.0,0.0,1.036,0.22,0.141,12,10,48,3,0,87,0,87,65,normal_range,94.5,75,,,
2026-02-26T14:40:00+05:30,portfolio_hist,PREMIUM,EXIT,strangle,25484.15,13.18,1.0,0.0,0.0,1.036,0.019,0.18,12,14,40,3,0,0,0,0,0,normal_range,0.0,0,Profit target: premium decayed 10.1%,715.5,232
2026-02-26T09:30:00+05:30,portfolio_hist,PREMIUM,ENTER,strangle,25513.95,13.38,1.0,0.0,0.0,1.036,0.098,0.367,12,9,30,3,0,87,0,87,75,normal_range,98.38,75,,,
2026-02-26T10:47:00+05:30,portfolio_hist,PREMIUM,EXIT,strangle,25543.4,13.11,1.0,0.0,0.0,1.036,0.214,0.141,12,10,47,3,0,0,0,0,0,normal_range,0.0,0,Profit target: premium decayed 10.6%,781.5,77
2026-02-26T10:48:00+05:30,portfolio_hist,PREMIUM,ENTER,strangle,25544.9,13.11,1.0,0.0,0.0,1.036,0.22,0.141,12,10,48,3,0,87,0,87,65,normal_range,94.5,75,,,
2026-02-26T14:40:00+05:30,portfolio_hist,PREMIUM,EXIT,strangle,25484.15,13.18,1.0,0.0,0.0,1.036,0.019,0.18,12,14,40,3,0,0,0,0,0,normal_range,0.0,0,Profit target: premium decayed 10.1%,715.5,232
2026-02-26T09:30:00+05:30,portfolio_hist,PREMIUM,ENTER,strangle,25513.95,13.38,1.0,0.0,0.0,1.036,0.098,0.367,12,9,30,3,0,87,0,87,75,normal_range,98.38,75,,,
2026-02-26T10:47:00+05:30,portfolio_hist,PREMIUM,EXIT,strangle,25543.4,13.11,1.0,0.0,0.0,1.036,0.214,0.141,12,10,47,3,0,0,0,0,0,normal_range,0.0,0,Profit target: premium decayed 10.6%,781.5,77
2026-02-26T10:48:00+05:30,portfolio_hist,PREMIUM,ENTER,strangle,25544.9,13.11,1.0,0.0,0.0,1.036,0.22,0.141,12,10,48,3,0,87,0,87,65,normal_range,94.5,75,,,
2026-02-26T14:40:00+05:30,portfolio_hist,PREMIUM,EXIT,strangle,25484.15,13.18,1.0,0.0,0.0,1.036,0.019,0.18,12,14,40,3,0,0,0,0,0,normal_range,0.0,0,Profit target: premium decayed 10.1%,715.5,232
2026-02-26T09:30:00+05:30,portfolio_hist,PREMIUM,ENTER,strangle,25513.95,13.38,1.0,0.0,0.0,1.036,0.098,0.367,12,9,30,3,0,87,0,87,75,normal_range,98.38,75,,,
2026-02-26T10:47:00+05:30,portfolio_hist,PREMIUM,EXIT,strangle,25543.4,13.11,1.0,0.0,0.0,1.036,0.214,0.141,12,10,47,3,0,0,0,0,0,normal_range,0.0,0,Profit target: premium decayed 10.6%,781.5,77
2026-02-26T10:48:00+05:30,portfolio_hist,PREMIUM,ENTER,strangle,25544.9,13.11,1.0,0.0,0.0,1.036,0.22,0.141,12,10,48,3,0,87,0,87,65,normal_range,94.5,75,,,
2026-02-26T14:40:00+05:30,portfolio_hist,PREMIUM,EXIT,strangle,25484.15,13.18,1.0,0.0,0.0,1.036,0.019,0.18,12,14,40,3,0,0,0,0,0,normal_range,0.0,0,Profit target: premium decayed 10.1%,715.5,232
2026-02-26T09:30:00+05:30,portfolio_hist,PREMIUM,ENTER,strangle,25513.95,13.38,1.0,0.0,0.0,1.036,0.098,0.367,12,9,30,3,0,87,0,87,75,normal_range,98.38,75,,,
2026-02-26T10:47:00+05:30,portfolio_hist,PREMIUM,EXIT,strangle,25543.4,13.11,1.0,0.0,0.0,1.036,0.214,0.141,12,10,47,3,0,0,0,0,0,normal_range,0.0,0,Profit target: premium decayed 10.6%,781.5,77
2026-02-26T10:48:00+05:30,portfolio_hist,PREMIUM,ENTER,strangle,25544.9,13.11,1.0,0.0,0.0,1.036,0.22,0.141,12,10,48,3,0,87,0,87,65,normal_range,94.5,75,,,
2026-02-26T14:40:00+05:30,portfolio_hist,PREMIUM,EXIT,strangle,25484.15,13.18,1.0,0.0,0.0,1.036,0.019,0.18,12,14,40,3,0,0,0,0,0,normal_range,0.0,0,Profit target: premium decayed 10.1%,715.5,232
2026-02-26T09:30:00+05:30,portfolio_hist,PREMIUM,ENTER,strangle,25513.95,13.38,1.0,0.0,0.0,1.036,0.098,0.367,12,9,30,3,0,87,0,87,75,normal_range,98.38,75,,,
2026-02-26T10:47:00+05:30,portfolio_hist,PREMIUM,EXIT,strangle,25543.4,13.11,1.0,0.0,0.0,1.036,0.214,0.141,12,10,47,3,0,0,0,0,0,normal_range,0.0,0,Profit target: premium decayed 10.6%,781.5,77
2026-02-26T10:48:00+05:30,portfolio_hist,PREMIUM,ENTER,strangle,25544.9,13.11,1.0,0.0,0.0,1.036,0.22,0.141,12,10,48,3,0,87,0,87,65,normal_range,94.5,75,,,
2026-02-26T14:40:00+05:30,portfolio_hist,PREMIUM,EXIT,strangle,25484.15,13.18,1.0,0.0,0.0,1.036,0.019,0.18,12,14,40,3,0,0,0,0,0,normal_range,0.0,0,Profit target: premium decayed 10.1%,715.5,232
2026-02-26T09:30:00+05:30,portfolio_hist,PREMIUM,ENTER,strangle,25513.95,13.38,1.0,0.0,0.0,1.036,0.098,0.367,12,9,30,3,0,87,0,87,75,normal_range,98.38,75,,,
2026-02-26T10:47:00+05:30,portfolio_hist,PREMIUM,EXIT,strangle,25543.4,13.11,1.0,0.0,0.0,1.036,0.214,0.141,12,10,47,3,0,0,0,0,0,normal_range,0.0,0,Profit target: premium decayed 10.6%,781.5,77
2026-02-26T10:48:00+05:30,portfolio_hist,PREMIUM,ENTER,strangle,25544.9,13.11,1.0,0.0,0.0,1.036,0.22,0.141,12,10,48,3,0,87,0,87,65,normal_range,94.5,75,,,
2026-02-26T14:40:00+05:30,portfolio_hist,PREMIUM,EXIT,strangle,25484.15,13.18,1.0,0.0,0.0,1.036,0.019,0.18,12,14,40,3,0,0,0,0,0,normal_range,0.0,0,Profit target: premium decayed 10.1%,715.5,232
2026-02-26T09:30:00+05:30,portfolio_hist,PREMIUM,ENTER,strangle,25513.95,13.38,1.0,0.0,0.0,1.036,0.098,0.367,12,9,30,3,0,87,0,87,75,normal_range,98.38,75,,,
2026-02-26T10:47:00+05:30,portfolio_hist,PREMIUM,EXIT,strangle,25543.4,13.11,1.0,0.0,0.0,1.036,0.214,0.141,12,10,47,3,0,0,0,0,0,normal_range,0.0,0,Profit target: premium decayed 10.6%,781.5,77
2026-02-26T10:48:00+05:30,portfolio_hist,PREMIUM,ENTER,strangle,25544.9,13.11,1.0,0.0,0.0,1.036,0.22,0.141,12,10,48,3,0,87,0,87,65,normal_range,94.5,75,,,
2026-02-26T14:40:00+05:30,portfolio_hist,PREMIUM,EXIT,strangle,25484.15,13.18,1.0,0.0,0.0,1.036,0.019,0.18,12,14,40,3,0,0,0,0,0,normal_range,0.0,0,Profit target: premium decayed 10.1%,715.5,232
2026-02-26T09:30:00+05:30,portfolio_hist,PREMIUM,ENTER,strangle,25513.95,13.38,1.0,0.0,0.0,1.036,0.098,0.367,12,9,30,3,0,87,0,87,75,normal_range,98.38,75,,,
2026-02-26T10:47:00+05:30,portfolio_hist,PREMIUM,EXIT,strangle,25543.4,13.11,1.0,0.0,0.0,1.036,0.214,0.141,12,10,47,3,0,0,0,0,0,normal_range,0.0,0,Profit target: premium decayed 10.6%,781.5,77
2026-02-26T10:48:00+05:30,portfolio_hist,PREMIUM,ENTER,strangle,25544.9,13.11,1.0,0.0,0.0,1.036,0.22,0.141,12,10,48,3,0,87,0,87,65,normal_range,94.5,75,,,
2026-02-26T14:40:00+05:30,portfolio_hist,PREMIUM,EXIT,strangle,25484.15,13.18,1.0,0.0,0.0,1.036,0.019,0.18,12,14,40,3,0,0,0,0,0,normal_range,0.0,0,Profit target: premium decayed 10.1%,715.5,232
2026-02-26T09:30:00+05:30,portfolio_hist,PREMIUM,ENTER,strangle,25513.95,13.38,1.0,0.0,0.0,1.036,0.098,0.367,12,9,30,3,0,87,0,87,75,normal_range,98.38,75,,,
2026-02-26T10:47:00+05:30,portfolio_hist,PREMIUM,EXIT,strangle,25543.4,13.11,1.0,0.0,0.0,1.036,0.214,0.141,12,10,47,3,0,0,0,0,0,normal_range,0.0,0,Profit target: premium decayed 10.6%,781.5,77
2026-02-26T10:48:00+05:30,portfolio_hist,PREMIUM,ENTER,strangle,25544.9,13.11,1.0,0.0,0.0,1.036,0.22,0.141,12,10,48,3,0,87,0,87,65,normal_range,94.5,75,,,
2026-02-26T14:40:00+05:30,portfolio_hist,PREMIUM,EXIT,strangle,25484.15,13.18,1.0,0.0,0.0,1.036,0.019,0.18,12,14,40,3,0,0,0,0,0,normal_range,0.0,0,Profit target: premium decayed 10.1%,715.5,232
2026-02-26T09:30:00+05:30,portfolio_hist,PREMIUM,ENTER,strangle,25513.95,13.38,1.0,0.0,0.0,1.036,0.098,0.367,12,9,30,3,0,87,0,87,75,normal_range,98.38,75,,,
2026-02-26T10:47:00+05:30,portfolio_hist,PREMIUM,EXIT,strangle,25543.4,13.11,1.0,0.0,0.0,1.036,0.214,0.141,12,10,47,3,0,0,0,0,0,normal_range,0.0,0,Profit target: premium decayed 10.6%,781.5,77
2026-02-26T10:48:00+05:30,portfolio_hist,PREMIUM,ENTER,strangle,25544.9,13.11,1.0,0.0,0.0,1.036,0.22,0.141,12,10,48,3,0,87,0,87,65,normal_range,94.5,75,,,
2026-02-26T14:40:00+05:30,portfolio_hist,PREMIUM,EXIT,strangle,25484.15,13.18,1.0,0.0,0.0,1.036,0.019,0.18,12,14,40,3,0,0,0,0,0,normal_range,0.0,0,Profit target: premium decayed 10.1%,715.5,232
2026-02-26T09:30:00+05:30,portfolio_hist,PREMIUM,ENTER,strangle,25513.95,13.38,1.0,0.0,0.0,1.036,0.098,0.367,12,9,30,3,0,87,0,87,75,normal_range,98.38,75,,,
2026-02-26T10:47:00+05:30,portfolio_hist,PREMIUM,EXIT,strangle,25543.4,13.11,1.0,0.0,0.0,1.036,0.214,0.141,12,10,47,3,0,0,0,0,0,normal_range,0.0,0,Profit target: premium decayed 10.6%,781.5,77
2026-02-26T10:48:00+05:30,portfolio_hist,PREMIUM,ENTER,strangle,25544.9,13.11,1.0,0.0,0.0,1.036,0.22,0.141,12,10,48,3,0,87,0,87,65,normal_range,94.5,75,,,
2026-02-26T14:40:00+05:30,portfolio_hist,PREMIUM,EXIT,strangle,25484.15,13.18,1.0,0.0,0.0,1.036,0.019,0.18,12,14,40,3,0,0,0,0,0,normal_range,0.0,0,Profit target: premium decayed 10.1%,715.5,232
2026-02-26T09:30:00+05:30,portfolio_hist,PREMIUM,ENTER,strangle,25513.95,13.38,1.0,0.0,0.0,1.036,0.098,0.367,12,9,30,3,0,87,0,87,75,normal_range,98.38,75,,,
2026-02-26T10:47:00+05:30,portfolio_hist,PREMIUM,EXIT,strangle,25543.4,13.11,1.0,0.0,0.0,1.036,0.214,0.141,12,10,47,3,0,0,0,0,0,normal_range,0.0,0,Profit target: premium decayed 10.6%,781.5,77
2026-02-26T10:48:00+05:30,portfolio_hist,PREMIUM,ENTER,strangle,25544.9,13.11,1.0,0.0,0.0,1.036,0.22,0.141,12,10,48,3,0,87,0,87,65,normal_range,94.5,75,,,
2026-02-26T14:40:00+05:30,portfolio_hist,PREMIUM,EXIT,strangle,25484.15,13.18,1.0,0.0,0.0,1.036,0.019,0.18,12,14,40,3,0,0,0,0,0,normal_range,0.0,0,Profit target: premium decayed 10.1%,715.5,232
2026-02-26T09:30:00+05:30,portfolio_hist,PREMIUM,ENTER,strangle,25513.95,13.38,1.0,0.0,0.0,1.036,0.098,0.367,12,9,30,3,0,87,0,87,75,normal_range,98.38,75,,,
2026-02-26T10:47:00+05:30,portfolio_hist,PREMIUM,EXIT,strangle,25543.4,13.11,1.0,0.0,0.0,1.036,0.214,0.141,12,10,47,3,0,0,0,0,0,normal_range,0.0,0,Profit target: premium decayed 10.6%,781.5,77
2026-02-26T10:48:00+05:30,portfolio_hist,PREMIUM,ENTER,strangle,25544.9,13.11,1.0,0.0,0.0,1.036,0.22,0.141,12,10,48,3,0,87,0,87,65,normal_range,94.5,75,,,
2026-02-26T14:40:00+05:30,portfolio_hist,PREMIUM,EXIT,strangle,25484.15,13.18,1.0,0.0,0.0,1.036,0.019,0.18,12,14,40,3,0,0,0,0,0,normal_range,0.0,0,Profit target: premium decayed 10.1%,715.5,232
2026-02-26T09:30:00+05:30,portfolio_hist,PREMIUM,ENTER,strangle,25513.95,13.38,1.0,0.0,0.0,1.036,0.098,0.367,12,9,30,3,0,87,0,87,75,normal_range,98.38,75,,,
2026-02-26T10:47:00+05:30,portfolio_hist,PREMIUM,EXIT,strangle,25543.4,13.11,1.0,0.0,0.0,1.036,0.214,0.141,12,10,47,3,0,0,0,0,0,normal_range,0.0,0,Profit target: premium decayed 10.6%,781.5,77
2026-02-26T10:48:00+05:30,portfolio_hist,PREMIUM,ENTER,strangle,25544.9,13.11,1.0,0.0,0.0,1.036,0.22,0.141,12,10,48,3,0,87,0,87,65,normal_range,94.5,75,,,
2026-02-26T14:40:00+05:30,portfolio_hist,PREMIUM,EXIT,strangle,25484.15,13.18,1.0,0.0,0.0,1.036,0.019,0.18,12,14,40,3,0,0,0,0,0,normal_range,0.0,0,Profit target: premium decayed 10.1%,715.5,232
2026-02-26T09:30:00+05:30,portfolio_hist,PREMIUM,ENTER,strangle,25513.95,13.38,1.0,0.0,0.0,1.036,0.098,0.367,12,9,30,3,0,87,0,87,75,normal_range,98.38,75,,,
2026-02-26T10:47:00+05:30,portfolio_hist,PREMIUM,EXIT,strangle,25543.4,13.11,1.0,0.0,0.0,1.036,0.214,0.141,12,10,47,3,0,0,0,0,0,normal_range,0.0,0,Profit target: premium decayed 10.6%,781.5,77
2026-02-26T10:48:00+05:30,portfolio_hist,PREMIUM,ENTER,strangle,25544.9,13.11,1.0,0.0,0.0,1.036,0.22,0.141,12,10,48,3,0,87,0,87,65,normal_range,94.5,75,,,
2026-02-26T14:40:00+05:30,portfolio_hist,PREMIUM,EXIT,strangle,25484.15,13.18,1.0,0.0,0.0,1.036,0.019,0.18,12,14,40,3,0,0,0,0,0,normal_range,0.0,0,Profit target: premium decayed 10.1%,715.5,232
2026-02-26T09:30:00+05:30,portfolio_hist,PREMIUM,ENTER,strangle,25513.95,13.38,1.0,0.0,0.0,1.036,0.098,0.367,12,9,30,3,0,87,0,87,75,normal_range,98.38,75,,,
2026-02-26T10:47:00+05:30,portfolio_hist,PREMIUM,EXIT,strangle,25543.4,13.11,1.0,0.0,0.0,1.036,0.214,0.141,12,10,47,3,0,0,0,0,0,normal_range,0.0,0,Profit target: premium decayed 10.6%,781.5,77
2026-02-26T10:48:00+05:30,portfolio_hist,PREMIUM,ENTER,strangle,25544.9,13.11,1.0,0.0,0.0,1.036,0.22,0.141,12,10,48,3,0,87,0,87,65,normal_range,94.5,75,,,
2026-02-26T14:40:00+05:30,portfolio_hist,PREMIUM,EXIT,strangle,25484.15,13.18,1.0,0.0,0.0,1.036,0.019,0.18,12,14,40,3,0,0,0,0,0,normal_range,0.0,0,Profit target: premium decayed 10.1%,715.5,232
2026-02-26T09:30:00+05:30,portfolio_hist,PREMIUM,ENTER,strangle,25513.95,13.38,1.0,0.0,0.0,1.036,0.098,0.367,12,9,30,3,0,87,0,87,75,normal_range,98.38,75,,,
2026-02-26T10:47:00+05:30,portfolio_hist,PREMIUM,EXIT,strangle,25543.4,13.11,1.0,0.0,0.0,1.036,0.214,0.141,12,10,47,3,0,0,0,0,0,normal_range,0.0,0,Profit target: premium decayed 10.6%,781.5,77
2026-02-26T10:48:00+05:30,portfolio_hist,PREMIUM,ENTER,strangle,25544.9,13.11,1.0,0.0,0.0,1.036,0.22,0.141,12,10,48,3,0,87,0,87,65,normal_range,94.5,75,,,
2026-02-26T14:40:00+05:30,portfolio_hist,PREMIUM,EXIT,strangle,25484.15,13.18,1.0,0.0,0.0,1.036,0.019,0.18,12,14,40,3,0,0,0,0,0,normal_range,0.0,0,Profit target: premium decayed 10.1%,715.5,232
2026-02-26T09:30:00+05:30,portfolio_hist,PREMIUM,ENTER,strangle,25513.95,13.38,1.0,0.0,0.0,1.036,0.098,0.367,12,9,30,3,0,87,0,87,75,normal_range,98.38,75,,,
2026-02-26T10:47:00+05:30,portfolio_hist,PREMIUM,EXIT,strangle,25543.4,13.11,1.0,0.0,0.0,1.036,0.214,0.141,12,10,47,3,0,0,0,0,0,normal_range,0.0,0,Profit target: premium decayed 10.6%,781.5,77
2026-02-26T10:48:00+05:30,portfolio_hist,PREMIUM,ENTER,strangle,25544.9,13.11,1.0,0.0,0.0,1.036,0.22,0.141,12,10,48,3,0,87,0,87,65,normal_range,94.5,75,,,
2026-02-26T14:40:00+05:30,portfolio_hist,PREMIUM,EXIT,strangle,25484.15,13.18,1.0,0.0,0.0,1.036,0.019,0.18,12,14,40,3,0,0,0,0,0,normal_range,0.0,0,Profit target: premium decayed 10.1%,715.5,232
2026-02-26T09:30:00+05:30,portfolio_hist,PREMIUM,ENTER,strangle,25513.95,13.38,1.0,0.0,0.0,1.036,0.098,0.367,12,9,30,3,0,87,0,87,75,normal_range,98.38,75,,,
2026-02-26T10:47:00+05:30,portfolio_hist,PREMIUM,EXIT,strangle,25543.4,13.11,1.0,0.0,0.0,1.036,0.214,0.141,12,10,47,3,0,0,0,0,0,normal_range,0.0,0,Profit target: premium decayed 10.6%,781.5,77
2026-02-26T10:48:00+05:30,portfolio_hist,PREMIUM,ENTER,strangle,25544.9,13.11,1.0,0.0,0.0,1.036,0.22,0.141,12,10,48,3,0,87,0,87,65,normal_range,94.5,75,,,
2026-02-26T14:40:00+05:30,portfolio_hist,PREMIUM,EXIT,strangle,25484.15,13.18,1.0,0.0,0.0,1.036,0.019,0.18,12,14,40,3,0,0,0,0,0,normal_range,0.0,0,Profit target: premium decayed 10.1%,715.5,232
2026-02-26T09:30:00+05:30,portfolio_hist,PREMIUM,ENTER,strangle,25513.95,13.38,1.0,0.0,0.0,1.036,0.098,0.367,12,9,30,3,0,87,0,87,75,normal_range,98.38,75,,,
2026-02-26T10:47:00+05:30,portfolio_hist,PREMIUM,EXIT,strangle,25543.4,13.11,1.0,0.0,0.0,1.036,0.214,0.141,12,10,47,3,0,0,0,0,0,normal_range,0.0,0,Profit target: premium decayed 10.6%,781.5,77
2026-02-26T10:48:00+05:30,portfolio_hist,PREMIUM,ENTER,strangle,25544.9,13.11,1.0,0.0,0.0,1.036,0.22,0.141,12,10,48,3,0,87,0,87,65,normal_range,94.5,75,,,
2026-02-26T14:40:00+05:30,portfolio_hist,PREMIUM,EXIT,strangle,25484.15,13.18,1.0,0.0,0.0,1.036,0.019,0.18,12,14,40,3,0,0,0,0,0,normal_range,0.0,0,Profit target: premium decayed 10.1%,715.5,232
2026-02-26T09:30:00+05:30,portfolio_hist,PREMIUM,ENTER,strangle,25513.95,13.38,1.0,0.0,0.0,1.036,0.098,0.367,12,9,30,3,0,87,0,87,75,normal_range,98.38,75,,,
2026-02-26T10:47:00+05:30,portfolio_hist,PREMIUM,EXIT,strangle,25543.4,13.11,1.0,0.0,0.0,1.036,0.214,0.141,12,10,47,3,0,0,0,0,0,normal_range,0.0,0,Profit target: premium decayed 10.6%,781.5,77
2026-02-26T10:48:00+05:30,portfolio_hist,PREMIUM,ENTER,strangle,25544.9,13.11,1.0,0.0,0.0,1.036,0.22,0.141,12,10,48,3,0,87,0,87,65,normal_range,94.5,75,,,
2026-02-26T14:40:00+05:30,portfolio_hist,PREMIUM,EXIT,strangle,25484.15,13.18,1.0,0.0,0.0,1.036,0.019,0.18,12,14,40,3,0,0,0,0,0,normal_range,0.0,0,Profit target: premium decayed 10.1%,715.5,232
2026-02-26T09:30:00+05:30,portfolio_hist,PREMIUM,ENTER,strangle,25513.95,13.38,1.0,0.0,0.0,1.036,0.098,0.367,12,9,30,3,0,87,0,87,75,normal_range,98.38,75,,,
2026-02-26T10:47:00+05:30,portfolio_hist,PREMIUM,EXIT,strangle,25543.4,13.11,1.0,0.0,0.0,1.036,0.214,0.141,12,10,47,3,0,0,0,0,0,normal_range,0.0,0,Profit target: premium decayed 10.6%,781.5,77
2026-02-26T10:48:00+05:30,portfolio_hist,PREMIUM,ENTER,strangle,25544.9,13.11,1.0,0.0,0.0,1.036,0.22,0.141,12,10,48,3,0,87,0,87,65,normal_range,94.5,75,,,
2026-02-26T14:40:00+05:30,portfolio_hist,PREMIUM,EXIT,strangle,25484.15,13.18,1.0,0.0,0.0,1.036,0.019,0.18,12,14,40,3,0,0,0,0,0,normal_range,0.0,0,Profit target: premium decayed 10.1%,715.5,232
2026-02-26T09:30:00+05:30,portfolio_hist,PREMIUM,ENTER,strangle,25513.95,13.38,1.0,0.0,0.0,1.036,0.098,0.367,12,9,30,3,0,87,0,87,75,normal_range,98.38,75,,,
2026-02-26T10:47:00+05:30,portfolio_hist,PREMIUM,EXIT,strangle,25543.4,13.11,1.0,0.0,0.0,1.036,0.214,0.141,12,10,47,3,0,0,0,0,0,normal_range,0.0,0,Profit target: premium decayed 10.6%,781.5,77
2026-02-26T10:48:00+05:30,portfolio_hist,PREMIUM,ENTER,strangle,25544.9,13.11,1.0,0.0,0.0,1.036,0.22,0.141,12,10,48,3,0,87,0,87,65,normal_range,94.5,75,,,
2026-02-26T14:40:00+05:30,portfolio_hist,PREMIUM,EXIT,strangle,25484.15,13.18,1.0,0.0,0.0,1.036,0.019,0.18,12,14,40,3,0,0,0,0,0,normal_range,0.0,0,Profit target: premium decayed 10.1%,715.5,232
2026-02-26T09:30:00+05:30,portfolio_hist,PREMIUM,ENTER,strangle,25513.95,13.38,1.0,0.0,0.0,1.036,0.098,0.367,12,9,30,3,0,87,0,87,75,normal_range,98.38,75,,,
2026-02-26T10:47:00+05:30,portfolio_hist,PREMIUM,EXIT,strangle,25543.4,13.11,1.0,0.0,0.0,1.036,0.214,0.141,12,10,47,3,0,0,0,0,0,normal_range,0.0,0,Profit target: premium decayed 10.6%,781.5,77
2026-02-26T10:48:00+05:30,portfolio_hist,PREMIUM,ENTER,strangle,25544.9,13.11,1.0,0.0,0.0,1.036,0.22,0.141,12,10,48,3,0,87,0,87,65,normal_range,94.5,75,,,
2026-02-26T14:40:00+05:30,portfolio_hist,PREMIUM,EXIT,strangle,25484.15,13.18,1.0,0.0,0.0,1.036,0.019,0.18,12,14,40,3,0,0,0,0,0,normal_range,0.0,0,Profit target: premium decayed 10.1%,715.5,232
2026-02-26T09:30:00+05:30,portfolio_hist,PREMIUM,ENTER,strangle,25513.95,13.38,1.0,0.0,0.0,1.036,0.098,0.367,12,9,30,3,0,87,0,87,75,normal_range,98.38,75,,,
2026-02-26T10:47:00+05:30,portfolio_hist,PREMIUM,EXIT,strangle,25543.4,13.11,1.0,0.0,0.0,1.036,0.214,0.141,12,10,47,3,0,0,0,0,0,normal_range,0.0,0,Profit target: premium decayed 10.6%,781.5,77
2026-02-26T10:48:00+05:30,portfolio_hist,PREMIUM,ENTER,strangle,25544.9,13.11,1.0,0.0,0.0,1.036,0.22,0.141,12,10,48,3,0,87,0,87,65,normal_range,94.5,75,,,
2026-02-26T14:40:00+05:30,portfolio_hist,PREMIUM,EXIT,strangle,25484.15,13.18,1.0,0.0,0.0,1.036,0.019,0.18,12,14,40,3,0,0,0,0,0,normal_range,0.0,0,Profit target: premium decayed 10.1%,715.5,232
2026-02-26T09:30:00+05:30,portfolio_hist,PREMIUM,ENTER,strangle,25513.95,13.38,1.0,0.0,0.0,1.036,0.098,0.367,12,9,30,3,0,87,0,87,75,normal_range,98.38,75,,,
2026-02-26T10:47:00+05:30,portfolio_hist,PREMIUM,EXIT,strangle,25543.4,13.11,1.0,0.0,0.0,1.036,0.214,0.141,12,10,47,3,0,0,0,0,0,normal_range,0.0,0,Profit target: premium decayed 10.6%,781.5,77
2026-02-26T10:48:00+05:30,portfolio_hist,PREMIUM,ENTER,strangle,25544.9,13.11,1.0,0.0,0.0,1.036,0.22,0.141,12,10,48,3,0,87,0,87,65,normal_range,94.5,75,,,
2026-02-26T14:40:00+05:30,portfolio_hist,PREMIUM,EXIT,strangle,25484.15,13.18,1.0,0.0,0.0,1.036,0.019,0.18,12,14,40,3,0,0,0,0,0,normal_range,0.0,0,Profit target: premium decayed 10.1%,715.5,232
2026-02-26T09:30:00+05:30,portfolio_hist,PREMIUM,ENTER,strangle,25513.95,13.38,1.0,0.0,0.0,1.036,0.098,0.367,12,9,30,3,0,87,0,87,75,normal_range,98.38,75,,,
2026-02-26T10:47:00+05:30,portfolio_hist,PREMIUM,EXIT,strangle,25543.4,13.11,1.0,0.0,0.0,1.036,0.214,0.141,12,10,47,3,0,0,0,0,0,normal_range,0.0,0,Profit target: premium decayed 10.6%,781.5,77
2026-02-26T10:48:00+05:30,portfolio_hist,PREMIUM,ENTER,strangle,25544.9,13.11,1.0,0.0,0.0,1.036,0.22,0.141,12,10,48,3,0,87,0,87,65,normal_range,94.5,75,,,
2026-02-26T14:40:00+05:30,portfolio_hist,PREMIUM,EXIT,strangle,25484.15,13.18,1.0,0.0,0.0,1.036,0.019,0.18,12,14,40,3,0,0,0,0,0,normal_range,0.0,0,Profit target: premium decayed 10.1%,715.5,232
2026-02-26T09:30:00+05:30,portfolio_hist,PREMIUM,ENTER,strangle,25513.95,13.38,1.0,0.0,0.0,1.036,0.098,0.367,12,9,30,3,0,87,0,87,75,normal_range,98.38,75,,,
2026-02-26T10:47:00+05:30,portfolio_hist,PREMIUM,EXIT,strangle,25543.4,13.11,1.0,0.0,0.0,1.036,0.214,0.141,12,10,47,3,0,0,0,0,0,normal_range,0.0,0,Profit target: premium decayed 10.6%,781.5,77
2026-02-26T10:48:00+05:30,portfolio_hist,PREMIUM,ENTER,strangle,25544.9,13.11,1.0,0.0,0.0,1.036,0.22,0.141,12,10,48,3,0,87,0,87,65,normal_range,94.5,75,,,
2026-02-26T14:40:00+05:30,portfolio_hist,PREMIUM,EXIT,strangle,25484.15,13.18,1.0,0.0,0.0,1.036,0.019,0.18,12,14,40,3,0,0,0,0,0,normal_range,0.0,0,Profit target: premium decayed 10.1%,715.5,232
2026-02-26T09:30:00+05:30,portfolio_hist,PREMIUM,ENTER,strangle,25513.95,13.38,1.0,0.0,0.0,1.036,0.098,0.367,12,9,30,3,0,87,0,87,75,normal_range,98.38,75,,,
2026-02-26T10:47:00+05:30,portfolio_hist,PREMIUM,EXIT,strangle,25543.4,13.11,1.0,0.0,0.0,1.036,0.214,0.141,12,10,47,3,0,0,0,0,0,normal_range,0.0,0,Profit target: premium decayed 10.6%,781.5,77
2026-02-26T10:48:00+05:30,portfolio_hist,PREMIUM,ENTER,strangle,25544.9,13.11,1.0,0.0,0.0,1.036,0.22,0.141,12,10,48,3,0,87,0,87,65,normal_range,94.5,75,,,
2026-02-26T14:40:00+05:30,portfolio_hist,PREMIUM,EXIT,strangle,25484.15,13.18,1.0,0.0,0.0,1.036,0.019,0.18,12,14,40,3,0,0,0,0,0,normal_range,0.0,0,Profit target: premium decayed 10.1%,715.5,232
2026-02-26T09:30:00+05:30,portfolio_hist,PREMIUM,ENTER,strangle,25513.95,13.38,1.0,0.0,0.0,1.036,0.098,0.367,12,9,30,3,0,87,0,87,75,normal_range,98.38,75,,,
2026-02-26T11:34:00+05:30,portfolio_hist,PREMIUM,EXIT,strangle,25521.35,13.06,1.0,0.0,0.0,1.036,0.127,0.27,12,11,34,3,0,0,0,0,0,normal_range,0.0,0,Profit target: premium decayed 15.0%,1108.5,124
2026-02-26T09:30:00+05:30,portfolio_hist,PREMIUM,ENTER,strangle,25513.95,13.38,1.0,0.0,0.0,1.036,0.098,0.367,12,9,30,3,0,87,0,87,75,normal_range,98.38,75,,,
2026-02-26T10:47:00+05:30,portfolio_hist,PREMIUM,EXIT,strangle,25543.4,13.11,1.0,0.0,0.0,1.036,0.214,0.141,12,10,47,3,0,0,0,0,0,normal_range,0.0,0,Profit target: premium decayed 10.6%,781.5,77
2026-02-26T10:48:00+05:30,portfolio_hist,PREMIUM,ENTER,strangle,25544.9,13.11,1.0,0.0,0.0,1.036,0.22,0.141,12,10,48,3,0,87,0,87,65,normal_range,94.5,75,,,
2026-02-26T14:40:00+05:30,portfolio_hist,PREMIUM,EXIT,strangle,25484.15,13.18,1.0,0.0,0.0,1.036,0.019,0.18,12,14,40,3,0,0,0,0,0,normal_range,0.0,0,Profit target: premium decayed 10.1%,715.5,232
2026-02-26T09:30:00+05:30,portfolio_hist,PREMIUM,ENTER,strangle,25513.95,13.38,1.0,0.0,0.0,1.036,0.098,0.367,12,9,30,3,0,87,0,87,75,normal_range,98.38,75,,,
2026-02-26T10:47:00+05:30,portfolio_hist,PREMIUM,EXIT,strangle,25543.4,13.11,1.0,0.0,0.0,1.036,0.214,0.141,12,10,47,3,0,0,0,0,0,normal_range,0.0,0,Profit target: premium decayed 10.6%,781.5,77
2026-02-26T10:48:00+05:30,portfolio_hist,PREMIUM,ENTER,strangle,25544.9,13.11,1.0,0.0,0.0,1.036,0.22,0.141,12,10,48,3,0,87,0,87,65,normal_range,94.5,75,,,
2026-02-26T14:40:00+05:30,portfolio_hist,PREMIUM,EXIT,strangle,25484.15,13.18,1.0,0.0,0.0,1.036,0.019,0.18,12,14,40,3,0,0,0,0,0,normal_range,0.0,0,Profit target: premium decayed 10.1%,715.5,232
2026-02-26T09:30:00+05:30,portfolio_hist,PREMIUM,ENTER,strangle,25513.95,13.38,1.0,0.0,0.0,1.036,0.098,0.367,12,9,30,3,0,87,0,87,75,normal_range,98.38,75,,,
2026-02-26T11:34:00+05:30,portfolio_hist,PREMIUM,EXIT,strangle,25521.35,13.06,1.0,0.0,0.0,1.036,0.127,0.27,12,11,34,3,0,0,0,0,0,normal_range,0.0,0,Profit target: premium decayed 15.0%,1108.5,124
2026-02-26T09:30:00+05:30,portfolio_hist,PREMIUM,ENTER,strangle,25513.95,13.38,1.0,0.0,0.0,1.036,0.098,0.367,12,9,30,3,0,87,0,87,75,normal_range,98.38,75,,,
2026-02-26T11:11:00+05:30,portfolio_hist,PREMIUM,EXIT,strangle,25522.9,13.13,1.0,0.0,0.0,1.036,0.133,0.19,12,11,11,3,0,0,0,0,0,normal_range,0.0,0,Profit target: premium decayed 12.3%,909.75,101
2026-02-26T09:30:00+05:30,portfolio_hist,PREMIUM,ENTER,strangle,25513.95,13.38,1.0,0.0,0.0,1.036,0.098,0.367,12,9,30,3,0,87,0,87,75,normal_range,98.38,75,,,
2026-02-26T11:11:00+05:30,portfolio_hist,PREMIUM,EXIT,strangle,25522.9,13.13,1.0,0.0,0.0,1.036,0.133,0.19,12,11,11,3,0,0,0,0,0,normal_range,0.0,0,Profit target: premium decayed 12.3%,909.75,101
2026-02-26T09:30:00+05:30,portfolio_hist,PREMIUM,ENTER,strangle,25513.95,13.38,1.0,0.0,0.0,1.036,0.098,0.367,12,9,30,3,0,87,0,87,75,normal_range,98.38,75,,,
2026-02-26T11:34:00+05:30,portfolio_hist,PREMIUM,EXIT,strangle,25521.35,13.06,1.0,0.0,0.0,1.036,0.127,0.27,12,11,34,3,0,0,0,0,0,normal_range,0.0,0,Profit target: premium decayed 15.0%,1108.5,124
2026-02-26T09:30:00+05:30,portfolio_hist,PREMIUM,ENTER,strangle,25513.95,13.38,1.0,0.0,0.0,1.036,0.098,0.367,12,9,30,3,0,87,0,87,75,normal_range,98.38,75,,,
2026-02-26T11:11:00+05:30,portfolio_hist,PREMIUM,EXIT,strangle,25522.9,13.13,1.0,0.0,0.0,1.036,0.133,0.19,12,11,11,3,0,0,0,0,0,normal_range,0.0,0,Profit target: premium decayed 12.3%,909.75,101
2026-02-26T09:30:00+05:30,portfolio_hist,PREMIUM,ENTER,strangle,25513.95,13.38,1.0,0.0,0.0,1.036,0.098,0.367,12,9,30,3,0,87,0,87,75,normal_range,98.38,75,,,
2026-02-26T10:47:00+05:30,portfolio_hist,PREMIUM,EXIT,strangle,25543.4,13.11,1.0,0.0,0.0,1.036,0.214,0.141,12,10,47,3,0,0,0,0,0,normal_range,0.0,0,Profit target: premium decayed 10.6%,781.5,77
2026-02-26T10:48:00+05:30,portfolio_hist,PREMIUM,ENTER,strangle,25544.9,13.11,1.0,0.0,0.0,1.036,0.22,0.141,12,10,48,3,0,87,0,87,65,normal_range,94.5,75,,,
2026-02-26T14:40:00+05:30,portfolio_hist,PREMIUM,EXIT,strangle,25484.15,13.18,1.0,0.0,0.0,1.036,0.019,0.18,12,14,40,3,0,0,0,0,0,normal_range,0.0,0,Profit target: premium decayed 10.1%,715.5,232
2026-02-26T09:30:00+05:30,portfolio_hist,PREMIUM,ENTER,strangle,25513.95,13.38,1.0,0.0,0.0,1.036,0.098,0.367,12,9,30,3,0,87,0,87,75,pre_market,98.38,75,,,
2026-02-26T11:11:00+05:30,portfolio_hist,PREMIUM,EXIT,strangle,25522.9,13.13,1.0,0.0,0.0,1.036,0.133,0.19,12,11,11,3,0,0,0,0,0,pre_market,0.0,0,Profit target: premium decayed 12.3%,906.0,101
2026-02-26T09:30:00+05:30,portfolio_replay,PREMIUM,ENTER,strangle,25513.95,13.38,1.0,0.0,0.0,1.307,0.098,0.356,12,9,30,3,0,87,0,87,75,normal_range,26.45,75,,,
2026-02-26T10:04:00+05:30,portfolio_replay,PREMIUM,EXIT,strangle,25543.8,13.1,1.0,0.0,0.0,1.308,0.215,0.259,12,10,4,3,0,0,0,0,0,normal_range,0.0,0,Profit target: premium decayed 13.2%,262.5,34
2026-02-26T10:05:00+05:30,portfolio_replay,PREMIUM,ENTER,strangle,25551.85,13.15,1.0,0.0,0.0,1.308,0.247,0.221,12,10,5,3,0,87,0,87,65,normal_range,23.47,75,,,
2026-02-26T11:19:00+05:30,portfolio_replay,PREMIUM,EXIT,strangle,25534.45,13.07,1.0,0.0,0.0,1.308,0.179,0.19,12,11,19,3,0,0,0,0,0,normal_range,0.0,0,Profit target: premium decayed 12.1%,212.25,74
2026-02-26T09:30:00+05:30,portfolio_hist,PREMIUM,ENTER,strangle,25513.95,13.38,1.0,0.0,0.0,1.036,0.098,0.356,12,9,30,3,0,87,0,87,75,normal_range,98.38,75,,,
2026-02-26T11:11:00+05:30,portfolio_hist,PREMIUM,EXIT,strangle,25522.9,13.13,1.0,0.0,0.0,1.036,0.133,0.19,12,11,11,3,0,0,0,0,0,normal_range,0.0,0,Profit target: premium decayed 12.3%,906.0,101
2026-02-26T09:30:00+05:30,portfolio_hist,PREMIUM,ENTER,strangle,25513.95,13.38,1.0,0.0,0.0,1.036,0.098,0.356,12,9,30,3,0,87,0,87,75,normal_range,98.38,75,,,
2026-02-26T11:11:00+05:30,portfolio_hist,PREMIUM,EXIT,strangle,25522.9,13.13,1.0,0.0,0.0,1.036,0.133,0.19,12,11,11,3,0,0,0,0,0,normal_range,0.0,0,Profit target: premium decayed 12.3%,906.0,101
2026-02-26T09:30:00+05:30,portfolio_hist,PREMIUM,ENTER,strangle,25513.95,13.38,1.0,0.0,0.0,1.036,0.098,0.356,12,9,30,3,0,87,0,87,75,normal_range,98.38,75,,,
2026-02-26T11:11:00+05:30,portfolio_hist,PREMIUM,EXIT,strangle,25522.9,13.13,1.0,0.0,0.0,1.036,0.133,0.19,12,11,11,3,0,0,0,0,0,normal_range,0.0,0,Profit target: premium decayed 12.3%,906.0,101
2026-02-26T09:30:00+05:30,portfolio_hist,PREMIUM,ENTER,strangle,25513.95,13.38,1.0,0.0,0.0,1.036,0.098,0.356,12,9,30,3,0,87,0,87,75,normal_range,98.38,75,,,
2026-02-26T11:11:00+05:30,portfolio_hist,PREMIUM,EXIT,strangle,25522.9,13.13,1.0,0.0,0.0,1.036,0.133,0.19,12,11,11,3,0,0,0,0,0,normal_range,0.0,0,Profit target: premium decayed 12.3%,906.0,101
2026-02-26T09:30:00+05:30,portfolio_hist,PREMIUM,ENTER,strangle,25513.95,13.38,1.0,0.0,0.0,1.036,0.098,0.356,12,9,30,3,0,87,0,87,75,normal_range,98.38,75,,,
2026-02-26T11:11:00+05:30,portfolio_hist,PREMIUM,EXIT,strangle,25522.9,13.13,1.0,0.0,0.0,1.036,0.133,0.19,12,11,11,3,0,0,0,0,0,normal_range,0.0,0,Profit target: premium decayed 12.3%,906.0,101
2026-02-26T09:30:00+05:30,portfolio_hist,PREMIUM,ENTER,strangle,25513.95,13.38,1.0,0.0,0.0,1.036,0.098,0.356,12,9,30,3,0,87,0,87,75,normal_range,98.38,75,,,
2026-02-26T11:11:00+05:30,portfolio_hist,PREMIUM,EXIT,strangle,25522.9,13.13,1.0,0.0,0.0,1.036,0.133,0.19,12,11,11,3,0,0,0,0,0,normal_range,0.0,0,Profit target: premium decayed 12.3%,906.0,101
2026-02-26T09:30:00+05:30,portfolio_hist,PREMIUM,ENTER,strangle,25513.95,13.38,1.0,0.0,0.0,1.036,0.098,0.356,12,9,30,3,0,87,0,87,75,normal_range,98.38,75,,,
2026-02-26T11:11:00+05:30,portfolio_hist,PREMIUM,EXIT,strangle,25522.9,13.13,1.0,0.0,0.0,1.036,0.133,0.19,12,11,11,3,0,0,0,0,0,normal_range,0.0,0,Profit target: premium decayed 12.3%,906.0,101
2026-02-26T09:30:00+05:30,portfolio_hist,PREMIUM,ENTER,strangle,25513.95,13.38,1.0,0.0,0.0,1.036,0.098,0.356,12,9,30,3,0,87,0,87,75,conflicted,98.38,75,,,
2026-02-26T11:11:00+05:30,portfolio_hist,PREMIUM,EXIT,strangle,25522.9,13.13,1.0,0.0,0.0,1.036,0.133,0.19,12,11,11,3,0,0,0,0,0,normal_range,0.0,0,Profit target: premium decayed 12.3%,906.0,101
2026-02-26T09:30:00+05:30,portfolio_hist,PREMIUM,ENTER,strangle,25513.95,13.38,1.0,0.0,0.0,1.036,0.098,0.356,12,9,30,3,0,87,0,87,75,conflicted,98.38,75,,,
2026-02-26T11:11:00+05:30,portfolio_hist,PREMIUM,EXIT,strangle,25522.9,13.13,1.0,0.0,0.0,1.036,0.133,0.19,12,11,11,3,0,0,0,0,0,normal_range,0.0,0,Profit target: premium decayed 12.3%,906.0,101
2026-02-26T09:30:00+05:30,portfolio_hist,PREMIUM,ENTER,strangle,25513.95,13.38,1.0,0.0,0.0,1.036,0.098,0.356,12,9,30,3,0,87,0,87,75,conflicted,138.96,75,,,
2026-02-26T11:34:00+05:30,portfolio_hist,PREMIUM,EXIT,strangle,25521.35,13.06,1.0,0.0,0.0,1.036,0.127,0.27,12,11,34,3,0,0,0,0,0,normal_range,0.0,0,Profit target: premium decayed 12.2%,1269.0,124
