date,open,high,low,close,volume,oi,source
2026-03-25T09:15:00+05:30,25.05,25.05,25.05,25.05,0,0,real
2026-03-25T09:16:00+05:30,24.91,24.91,24.91,24.91,0,0,real
2026-03-25T09:17:00+05:30,24.94,24.94,24.94,24.94,0,0,real
2026-03-25T09:18:00+05:30,24.9,24.9,24.9,24.9,0,0,real
2026-03-25T09:19:00+05:30,24.95,24.95,24.95,24.95,0,0,real
2026-03-25T09:20:00+05:30,24.87,24.87,24.87,24.87,0,0,real
2026-03-25T09:21:00+05:30,24.83,24.83,24.83,24.83,0,0,real
2026-03-25T09:22:00+05:30,24.84,24.84,24.84,24.84,0,0,real
2026-03-25T09:23:00+05:30,24.86,24.86,24.86,24.86,0,0,real
2026-03-25T09:24:00+05:30,24.88,24.88,24.88,24.88,0,0,real
2026-03-25T09:25:00+05:30,24.89,24.89,24.89,24.89,0,0,real
2026-03-25T09:26:00+05:30,24.82,24.82,24.82,24.82,0,0,real
2026-03-25T09:27:00+05:30,24.78,24.78,24.78,24.78,0,0,real
2026-03-25T09:28:00+05:30,24.77,24.77,24.77,24.77,0,0,real
2026-03-25T09:29:00+05:30,24.73,24.73,24.73,24.73,0,0,real
2026-03-25T09:30:00+05:30,24.8,24.8,24.8,24.8,0,0,real
2026-03-25T09:31:00+05:30,24.83,24.83,24.83,24.83,0,0,real
2026-03-25T09:33:00+05:30,24.79,24.79,24.79,24.79,0,0,real
2026-03-25T09:34:00+05:30,24.72,24.72,24.72,24.72,0,0,real
2026-03-25T09:35:00+05:30,24.72,24.72,24.72,24.72,0,0,real
2026-03-25T09:36:00+05:30,24.67,24.67,24.67,24.67,0,0,real
2026-03-25T09:37:00+05:30,24.63,24.63,24.63,24.63,0,0,real
2026-03-25T09:38:00+05:30,24.55,24.55,24.55,24.55,0,0,real
2026-03-25T09:39:00+05:30,24.64,24.64,24.64,24.64,0,0,real
2026-03-25T09:40:00+05:30,24.7,24.7,24.7,24.7,0,0,real
2026-03-25T09:41:00+05:30,24.65,24.65,24.65,24.65,0,0,real
2026-03-25T09:42:00+05:30,24.65,24.65,24.65,24.65,0,0,real
2026-03-25T09:43:00+05:30,24.55,24.55,24.55,24.55,0,0,real
2026-03-25T09:44:00+05:30,24.54,24.54,24.54,24.54,0,0,real
2026-03-25T09:45:00+05:30,24.61,24.61,24.61,24.61,0,0,real
2026-03-25T09:46:00+05:30,24.59,24.59,24.59,24.59,0,0,real
2026-03-25T09:47:00+05:30,24.63,24.63,24.63,24.63,0,0,real
2026-03-25T09:48:00+05:30,24.62,24.62,24.62,24.62,0,0,real
2026-03-25T09:49:00+05:30,24.59,24.59,24.59,24.59,0,0,real
2026-03-25T09:50:00+05:30,24.61,24.61,24.61,24.61,0,0,real
2026-03-25T09:51:00+05:30,24.67,24.67,24.67,24.67,0,0,real
2026-03-25T09:52:00+05:30,24.68,24.68,24.68,24.68,0,0,real
2026-03-25T09:53:00+05:30,24.65,24.65,24.65,24.65,0,0,real
2026-03-25T09:54:00+05:30,24.67,24.67,24.67,24.67,0,0,real
2026-03-25T09:55:00+05:30,24.71,24.71,24.71,24.71,0,0,real
2026-03-25T09:56:00+05:30,24.66,24.66,24.66,24.66,0,0,real
2026-03-25T09:57:00+05:30,24.62,24.62,24.62,24.62,0,0,real
2026-03-25T09:58:00+05:30,24.6,24.6,24.6,24.6,0,0,real
2026-03-25T09:59:00+05:30,24.65,24.65,24.65,24.65,0,0,real
2026-03-25T10:00:00+05:30,24.55,24.55,24.55,24.55,0,0,real
2026-03-25T10:01:00+05:30,24.52,24.52,24.52,24.52,0,0,real
2026-03-25T10:02:00+05:30,24.52,24.52,24.52,24.52,0,0,real
2026-03-25T10:03:00+05:30,24.57,24.57,24.57,24.57,0,0,real
2026-03-25T10:04:00+05:30,24.59,24.59,24.59,24.59,0,0,real
2026-03-25T10:05:00+05:30,24.57,24.57,24.57,24.57,0,0,real
2026-03-25T10:06:00+05:30,24.76,24.76,24.76,24.76,0,0,real
2026-03-25T10:07:00+05:30,24.72,24.72,24.72,24.72,0,0,real
2026-03-25T10:08:00+05:30,24.65,24.65,24.65,24.65,0,0,real
2026-03-25T10:09:00+05:30,24.62,24.62,24.62,24.62,0,0,real
2026-03-25T10:10:00+05:30,24.67,24.67,24.67,24.67,0,0,real
2026-03-25T10:11:00+05:30,24.65,24.65,24.65,24.65,0,0,real
2026-03-25T10:12:00+05:30,24.63,24.63,24.63,24.63,0,0,real
2026-03-25T10:13:00+05:30,24.62,24.62,24.62,24.62,0,0,real
2026-03-25T10:14:00+05:30,24.62,24.62,24.62,24.62,0,0,real
2026-03-25T10:15:00+05:30,24.58,24.58,24.58,24.58,0,0,real
2026-03-25T10:16:00+05:30,24.57,24.57,24.57,24.57,0,0,real
2026-03-25T10:17:00+05:30,24.56,24.56,24.56,24.56,0,0,real
2026-03-25T10:18:00+05:30,24.55,24.55,24.55,24.55,0,0,real
2026-03-25T10:19:00+05:30,24.63,24.63,24.63,24.63,0,0,real
2026-03-25T10:20:00+05:30,24.66,24.66,24.66,24.66,0,0,real
2026-03-25T10:21:00+05:30,24.66,24.66,24.66,24.66,0,0,real
2026-03-25T10:22:00+05:30,24.63,24.63,24.63,24.63,0,0,real
2026-03-25T10:23:00+05:30,24.68,24.68,24.68,24.68,0,0,real
2026-03-25T10:24:00+05:30,24.66,24.66,24.66,24.66,0,0,real
2026-03-25T10:25:00+05:30,24.6,24.6,24.6,24.6,0,0,real
2026-03-25T10:26:00+05:30,24.6,24.6,24.6,24.6,0,0,real
2026-03-25T10:27:00+05:30,24.62,24.62,24.62,24.62,0,0,real
2026-03-25T10:28:00+05:30,24.64,24.64,24.64,24.64,0,0,real
2026-03-25T10:29:00+05:30,24.61,24.61,24.61,24.61,0,0,real
2026-03-25T10:30:00+05:30,24.52,24.52,24.52,24.52,0,0,real
2026-03-25T10:31:00+05:30,24.52,24.52,24.52,24.52,0,0,real
2026-03-25T10:32:00+05:30,24.56,24.56,24.56,24.56,0,0,real
2026-03-25T10:33:00+05:30,24.5,24.5,24.5,24.5,0,0,real
2026-03-25T10:34:00+05:30,24.48,24.48,24.48,24.48,0,0,real
2026-03-25T10:35:00+05:30,24.54,24.54,24.54,24.54,0,0,real
2026-03-25T10:36:00+05:30,24.53,24.53,24.53,24.53,0,0,real
2026-03-25T10:37:00+05:30,24.52,24.52,24.52,24.52,0,0,real
2026-03-25T10:38:00+05:30,24.56,24.56,24.56,24.56,0,0,real
2026-03-25T10:39:00+05:30,24.52,24.52,24.52,24.52,0,0,real
2026-03-25T10:40:00+05:30,24.51,24.51,24.51,24.51,0,0,real
2026-03-25T10:41:00+05:30,24.52,24.52,24.52,24.52,0,0,real
2026-03-25T10:42:00+05:30,24.46,24.46,24.46,24.46,0,0,real
2026-03-25T10:43:00+05:30,24.52,24.52,24.52,24.52,0,0,real
2026-03-25T10:44:00+05:30,24.55,24.55,24.55,24.55,0,0,real
2026-03-25T10:45:00+05:30,24.59,24.59,24.59,24.59,0,0,real
2026-03-25T10:46:00+05:30,24.61,24.61,24.61,24.61,0,0,real
2026-03-25T10:47:00+05:30,24.56,24.56,24.56,24.56,0,0,real
2026-03-25T10:48:00+05:30,24.53,24.53,24.53,24.53,0,0,real
2026-03-25T10:49:00+05:30,24.55,24.55,24.55,24.55,0,0,real
2026-03-25T10:50:00+05:30,24.52,24.52,24.52,24.52,0,0,real
2026-03-25T10:51:00+05:30,24.54,24.54,24.54,24.54,0,0,real
2026-03-25T10:52:00+05:30,24.53,24.53,24.53,24.53,0,0,real
2026-03-25T10:53:00+05:30,24.52,24.52,24.52,24.52,0,0,real
2026-03-25T10:54:00+05:30,24.53,24.53,24.53,24.53,0,0,real
2026-03-25T10:55:00+05:30,24.51,24.51,24.51,24.51,0,0,real
2026-03-25T10:56:00+05:30,24.53,24.53,24.53,24.53,0,0,real
2026-03-25T10:57:00+05:30,24.45,24.45,24.45,24.45,0,0,real
2026-03-25T10:58:00+05:30,24.45,24.45,24.45,24.45,0,0,real
2026-03-25T10:59:00+05:30,24.45,24.45,24.45,24.45,0,0,real
2026-03-25T11:00:00+05:30,24.47,24.47,24.47,24.47,0,0,real
2026-03-25T11:01:00+05:30,24.48,24.48,24.48,24.48,0,0,real
2026-03-25T11:02:00+05:30,24.41,24.41,24.41,24.41,0,0,real
2026-03-25T11:03:00+05:30,24.45,24.45,24.45,24.45,0,0,real
2026-03-25T11:04:00+05:30,24.49,24.49,24.49,24.49,0,0,real
2026-03-25T11:05:00+05:30,24.48,24.48,24.48,24.48,0,0,real
2026-03-25T11:06:00+05:30,24.44,24.44,24.44,24.44,0,0,real
2026-03-25T11:07:00+05:30,24.43,24.43,24.43,24.43,0,0,real
2026-03-25T11:08:00+05:30,24.46,24.46,24.46,24.46,0,0,real
2026-03-25T11:09:00+05:30,24.41,24.41,24.41,24.41,0,0,real
2026-03-25T11:10:00+05:30,24.45,24.45,24.45,24.45,0,0,real
2026-03-25T11:11:00+05:30,24.49,24.49,24.49,24.49,0,0,real
2026-03-25T11:12:00+05:30,24.45,24.45,24.45,24.45,0,0,real
2026-03-25T11:13:00+05:30,24.45,24.45,24.45,24.45,0,0,real
2026-03-25T11:14:00+05:30,24.46,24.46,24.46,24.46,0,0,real
2026-03-25T11:15:00+05:30,24.47,24.47,24.47,24.47,0,0,real
2026-03-25T11:16:00+05:30,24.43,24.43,24.43,24.43,0,0,real
2026-03-25T11:17:00+05:30,24.47,24.47,24.47,24.47,0,0,real
2026-03-25T11:18:00+05:30,24.47,24.47,24.47,24.47,0,0,real
2026-03-25T11:19:00+05:30,24.47,24.47,24.47,24.47,0,0,real
2026-03-25T11:20:00+05:30,24.48,24.48,24.48,24.48,0,0,real
2026-03-25T11:21:00+05:30,24.51,24.51,24.51,24.51,0,0,real
2026-03-25T11:22:00+05:30,24.54,24.54,24.54,24.54,0,0,real
2026-03-25T11:23:00+05:30,24.54,24.54,24.54,24.54,0,0,real
2026-03-25T11:24:00+05:30,24.54,24.54,24.54,24.54,0,0,real
2026-03-25T11:25:00+05:30,24.54,24.54,24.54,24.54,0,0,real
2026-03-25T11:26:00+05:30,24.54,24.54,24.54,24.54,0,0,real
2026-03-25T11:27:00+05:30,24.5,24.5,24.5,24.5,0,0,real
2026-03-25T11:28:00+05:30,24.55,24.55,24.55,24.55,0,0,real
2026-03-25T11:29:00+05:30,24.57,24.57,24.57,24.57,0,0,real
2026-03-25T11:30:00+05:30,24.57,24.57,24.57,24.57,0,0,real
2026-03-25T11:31:00+05:30,24.59,24.59,24.59,24.59,0,0,real
2026-03-25T11:32:00+05:30,24.59,24.59,24.59,24.59,0,0,real
2026-03-25T11:33:00+05:30,24.59,24.59,24.59,24.59,0,0,real
2026-03-25T11:34:00+05:30,24.6,24.6,24.6,24.6,0,0,real
2026-03-25T11:35:00+05:30,24.57,24.57,24.57,24.57,0,0,real
2026-03-25T11:36:00+05:30,24.54,24.54,24.54,24.54,0,0,real
2026-03-25T11:37:00+05:30,24.53,24.53,24.53,24.53,0,0,real
2026-03-25T11:38:00+05:30,24.56,24.56,24.56,24.56,0,0,real
2026-03-25T11:39:00+05:30,24.54,24.54,24.54,24.54,0,0,real
2026-03-25T11:40:00+05:30,24.58,24.58,24.58,24.58,0,0,real
2026-03-25T11:41:00+05:30,24.57,24.57,24.57,24.57,0,0,real
2026-03-25T11:42:00+05:30,24.57,24.57,24.57,24.57,0,0,real
2026-03-25T11:43:00+05:30,24.61,24.61,24.61,24.61,0,0,real
2026-03-25T11:44:00+05:30,24.58,24.58,24.58,24.58,0,0,real
2026-03-25T11:45:00+05:30,24.59,24.59,24.59,24.59,0,0,real
2026-03-25T11:46:00+05:30,24.53,24.53,24.53,24.53,0,0,real
2026-03-25T11:47:00+05:30,24.52,24.52,24.52,24.52,0,0,real
2026-03-25T11:48:00+05:30,24.48,24.48,24.48,24.48,0,0,real
2026-03-25T11:49:00+05:30,24.48,24.48,24.48,24.48,0,0,real
2026-03-25T11:50:00+05:30,24.51,24.51,24.51,24.51,0,0,real
2026-03-25T11:51:00+05:30,24.5,24.5,24.5,24.5,0,0,real
2026-03-25T11:52:00+05:30,24.5,24.5,24.5,24.5,0,0,real
2026-03-25T11:53:00+05:30,24.52,24.52,24.52,24.52,0,0,real
2026-03-25T11:54:00+05:30,24.51,24.51,24.51,24.51,0,0,real
2026-03-25T11:55:00+05:30,24.54,24.54,24.54,24.54,0,0,real
2026-03-25T11:56:00+05:30,24.54,24.54,24.54,24.54,0,0,real
2026-03-25T11:57:00+05:30,24.56,24.56,24.56,24.56,0,0,real
2026-03-25T11:58:00+05:30,24.57,24.57,24.57,24.57,0,0,real
2026-03-25T11:59:00+05:30,24.57,24.57,24.57,24.57,0,0,real
2026-03-25T12:00:00+05:30,24.53,24.53,24.53,24.53,0,0,real
2026-03-25T12:01:00+05:30,24.49,24.49,24.49,24.49,0,0,real
2026-03-25T12:02:00+05:30,24.51,24.51,24.51,24.51,0,0,real
2026-03-25T12:03:00+05:30,24.5,24.5,24.5,24.5,0,0,real
2026-03-25T12:04:00+05:30,24.48,24.48,24.48,24.48,0,0,real
2026-03-25T12:05:00+05:30,24.49,24.49,24.49,24.49,0,0,real
2026-03-25T12:06:00+05:30,24.46,24.46,24.46,24.46,0,0,real
2026-03-25T12:07:00+05:30,24.45,24.45,24.45,24.45,0,0,real
2026-03-25T12:08:00+05:30,24.48,24.48,24.48,24.48,0,0,real
2026-03-25T12:09:00+05:30,24.46,24.46,24.46,24.46,0,0,real
2026-03-25T12:10:00+05:30,24.5,24.5,24.5,24.5,0,0,real
2026-03-25T12:11:00+05:30,24.51,24.51,24.51,24.51,0,0,real
2026-03-25T12:12:00+05:30,24.48,24.48,24.48,24.48,0,0,real
2026-03-25T12:13:00+05:30,24.47,24.47,24.47,24.47,0,0,real
2026-03-25T12:14:00+05:30,24.45,24.45,24.45,24.45,0,0,real
2026-03-25T12:15:00+05:30,24.51,24.51,24.51,24.51,0,0,real
2026-03-25T12:16:00+05:30,24.48,24.48,24.48,24.48,0,0,real
2026-03-25T12:17:00+05:30,24.48,24.48,24.48,24.48,0,0,real
2026-03-25T12:18:00+05:30,24.46,24.46,24.46,24.46,0,0,real
2026-03-25T12:19:00+05:30,24.49,24.49,24.49,24.49,0,0,real
2026-03-25T12:20:00+05:30,24.54,24.54,24.54,24.54,0,0,real
2026-03-25T12:21:00+05:30,24.53,24.53,24.53,24.53,0,0,real
2026-03-25T12:22:00+05:30,24.54,24.54,24.54,24.54,0,0,real
2026-03-25T12:23:00+05:30,24.52,24.52,24.52,24.52,0,0,real
2026-03-25T12:24:00+05:30,24.48,24.48,24.48,24.48,0,0,real
2026-03-25T12:25:00+05:30,24.48,24.48,24.48,24.48,0,0,real
2026-03-25T12:26:00+05:30,24.48,24.48,24.48,24.48,0,0,real
2026-03-25T12:27:00+05:30,24.5,24.5,24.5,24.5,0,0,real
2026-03-25T12:28:00+05:30,24.47,24.47,24.47,24.47,0,0,real
2026-03-25T12:29:00+05:30,24.51,24.51,24.51,24.51,0,0,real
2026-03-25T12:30:00+05:30,24.5,24.5,24.5,24.5,0,0,real
2026-03-25T12:31:00+05:30,24.48,24.48,24.48,24.48,0,0,real
2026-03-25T12:32:00+05:30,24.45,24.45,24.45,24.45,0,0,real
2026-03-25T12:33:00+05:30,24.37,24.37,24.37,24.37,0,0,real
2026-03-25T12:34:00+05:30,24.26,24.26,24.26,24.26,0,0,real
2026-03-25T12:35:00+05:30,24.27,24.27,24.27,24.27,0,0,real
2026-03-25T12:36:00+05:30,24.3,24.3,24.3,24.3,0,0,real
2026-03-25T12:37:00+05:30,24.31,24.31,24.31,24.31,0,0,real
2026-03-25T12:38:00+05:30,24.33,24.33,24.33,24.33,0,0,real
2026-03-25T12:39:00+05:30,24.34,24.34,24.34,24.34,0,0,real
2026-03-25T12:40:00+05:30,24.39,24.39,24.39,24.39,0,0,real
2026-03-25T12:41:00+05:30,24.37,24.37,24.37,24.37,0,0,real
2026-03-25T12:42:00+05:30,24.33,24.33,24.33,24.33,0,0,real
2026-03-25T12:43:00+05:30,24.33,24.33,24.33,24.33,0,0,real
2026-03-25T12:44:00+05:30,24.32,24.32,24.32,24.32,0,0,real
2026-03-25T12:45:00+05:30,24.33,24.33,24.33,24.33,0,0,real
2026-03-25T12:46:00+05:30,24.37,24.37,24.37,24.37,0,0,real
2026-03-25T12:47:00+05:30,24.39,24.39,24.39,24.39,0,0,real
2026-03-25T12:48:00+05:30,24.4,24.4,24.4,24.4,0,0,real
2026-03-25T12:49:00+05:30,24.41,24.41,24.41,24.41,0,0,real
2026-03-25T12:50:00+05:30,24.46,24.46,24.46,24.46,0,0,real
2026-03-25T12:51:00+05:30,24.45,24.45,24.45,24.45,0,0,real
2026-03-25T12:52:00+05:30,24.47,24.47,24.47,24.47,0,0,real
2026-03-25T12:53:00+05:30,24.42,24.42,24.42,24.42,0,0,real
2026-03-25T12:54:00+05:30,24.41,24.41,24.41,24.41,0,0,real
2026-03-25T12:55:00+05:30,24.42,24.42,24.42,24.42,0,0,real
2026-03-25T12:56:00+05:30,24.44,24.44,24.44,24.44,0,0,real
2026-03-25T12:57:00+05:30,24.42,24.42,24.42,24.42,0,0,real
2026-03-25T12:58:00+05:30,24.41,24.41,24.41,24.41,0,0,real
2026-03-25T12:59:00+05:30,24.4,24.4,24.4,24.4,0,0,real
2026-03-25T13:00:00+05:30,24.42,24.42,24.42,24.42,0,0,real
2026-03-25T13:01:00+05:30,24.43,24.43,24.43,24.43,0,0,real
2026-03-25T13:02:00+05:30,24.45,24.45,24.45,24.45,0,0,real
2026-03-25T13:03:00+05:30,24.45,24.45,24.45,24.45,0,0,real
2026-03-25T13:04:00+05:30,24.45,24.45,24.45,24.45,0,0,real
2026-03-25T13:05:00+05:30,24.46,24.46,24.46,24.46,0,0,real
2026-03-25T13:06:00+05:30,24.4,24.4,24.4,24.4,0,0,real
2026-03-25T13:07:00+05:30,24.39,24.39,24.39,24.39,0,0,real
2026-03-25T13:08:00+05:30,24.42,24.42,24.42,24.42,0,0,real
2026-03-25T13:09:00+05:30,24.44,24.44,24.44,24.44,0,0,real
2026-03-25T13:10:00+05:30,24.43,24.43,24.43,24.43,0,0,real
2026-03-25T13:11:00+05:30,24.43,24.43,24.43,24.43,0,0,real
2026-03-25T13:12:00+05:30,24.42,24.42,24.42,24.42,0,0,real
2026-03-25T13:13:00+05:30,24.4,24.4,24.4,24.4,0,0,real
2026-03-25T13:33:00+05:30,24.38,24.38,24.38,24.38,0,0,real
2026-03-25T13:34:00+05:30,24.37,24.37,24.37,24.37,0,0,real
2026-03-25T13:35:00+05:30,24.43,24.43,24.43,24.43,0,0,real
2026-03-25T13:36:00+05:30,24.38,24.38,24.38,24.38,0,0,real
2026-03-25T13:37:00+05:30,24.39,24.39,24.39,24.39,0,0,real
2026-03-25T13:38:00+05:30,24.35,24.35,24.35,24.35,0,0,real
2026-03-25T13:39:00+05:30,24.36,24.36,24.36,24.36,0,0,real
2026-03-25T13:40:00+05:30,24.33,24.33,24.33,24.33,0,0,real
2026-03-25T13:41:00+05:30,24.33,24.33,24.33,24.33,0,0,real
2026-03-25T13:42:00+05:30,24.33,24.33,24.33,24.33,0,0,real
2026-03-25T13:43:00+05:30,24.36,24.36,24.36,24.36,0,0,real
2026-03-25T13:44:00+05:30,24.36,24.36,24.36,24.36,0,0,real
2026-03-25T13:45:00+05:30,24.35,24.35,24.35,24.35,0,0,real
2026-03-25T13:46:00+05:30,24.23,24.23,24.23,24.23,0,0,real
2026-03-25T13:47:00+05:30,24.24,24.24,24.24,24.24,0,0,real
2026-03-25T13:48:00+05:30,24.24,24.24,24.24,24.24,0,0,real
2026-03-25T13:49:00+05:30,24.2,24.2,24.2,24.2,0,0,real
2026-03-25T13:50:00+05:30,24.23,24.23,24.23,24.23,0,0,real
2026-03-25T13:51:00+05:30,24.2,24.2,24.2,24.2,0,0,real
2026-03-25T13:52:00+05:30,24.16,24.16,24.16,24.16,0,0,real
2026-03-25T13:53:00+05:30,24.29,24.29,24.29,24.29,0,0,real
2026-03-25T13:54:00+05:30,24.34,24.34,24.34,24.34,0,0,real
2026-03-25T13:55:00+05:30,24.36,24.36,24.36,24.36,0,0,real
2026-03-25T13:56:00+05:30,24.39,24.39,24.39,24.39,0,0,real
2026-03-25T13:57:00+05:30,24.37,24.37,24.37,24.37,0,0,real
2026-03-25T13:58:00+05:30,24.36,24.36,24.36,24.36,0,0,real
2026-03-25T13:59:00+05:30,24.33,24.33,24.33,24.33,0,0,real
2026-03-25T14:00:00+05:30,24.35,24.35,24.35,24.35,0,0,real
2026-03-25T14:01:00+05:30,24.32,24.32,24.32,24.32,0,0,real
2026-03-25T14:02:00+05:30,24.24,24.24,24.24,24.24,0,0,real
2026-03-25T14:03:00+05:30,24.25,24.25,24.25,24.25,0,0,real
2026-03-25T14:04:00+05:30,24.27,24.27,24.27,24.27,0,0,real
2026-03-25T14:05:00+05:30,24.32,24.32,24.32,24.32,0,0,real
2026-03-25T14:06:00+05:30,24.38,24.38,24.38,24.38,0,0,real
2026-03-25T14:07:00+05:30,24.38,24.38,24.38,24.38,0,0,real
2026-03-25T14:08:00+05:30,24.38,24.38,24.38,24.38,0,0,real
2026-03-25T14:09:00+05:30,24.44,24.44,24.44,24.44,0,0,real
2026-03-25T14:10:00+05:30,24.39,24.39,24.39,24.39,0,0,real
2026-03-25T14:11:00+05:30,24.41,24.41,24.41,24.41,0,0,real
2026-03-25T14:12:00+05:30,24.4,24.4,24.4,24.4,0,0,real
2026-03-25T14:13:00+05:30,24.4,24.4,24.4,24.4,0,0,real
2026-03-25T14:14:00+05:30,24.39,24.39,24.39,24.39,0,0,real
2026-03-25T14:15:00+05:30,24.4,24.4,24.4,24.4,0,0,real
2026-03-25T14:16:00+05:30,24.4,24.4,24.4,24.4,0,0,real
2026-03-25T14:17:00+05:30,24.4,24.4,24.4,24.4,0,0,real
2026-03-25T14:18:00+05:30,24.37,24.37,24.37,24.37,0,0,real
2026-03-25T14:19:00+05:30,24.37,24.37,24.37,24.37,0,0,real
2026-03-25T14:20:00+05:30,24.37,24.37,24.37,24.37,0,0,real
2026-03-25T14:21:00+05:30,24.39,24.39,24.39,24.39,0,0,real
2026-03-25T14:22:00+05:30,24.31,24.31,24.31,24.31,0,0,real
2026-03-25T14:23:00+05:30,24.39,24.39,24.39,24.39,0,0,real
2026-03-25T14:24:00+05:30,24.49,24.49,24.49,24.49,0,0,real
2026-03-25T14:25:00+05:30,24.34,24.34,24.34,24.34,0,0,real
2026-03-25T14:26:00+05:30,24.41,24.41,24.41,24.41,0,0,real
2026-03-25T14:27:00+05:30,24.46,24.46,24.46,24.46,0,0,real
2026-03-25T14:28:00+05:30,24.55,24.55,24.55,24.55,0,0,real
2026-03-25T14:29:00+05:30,24.54,24.54,24.54,24.54,0,0,real
2026-03-25T14:30:00+05:30,24.48,24.48,24.48,24.48,0,0,real
2026-03-25T14:31:00+05:30,24.47,24.47,24.47,24.47,0,0,real
2026-03-25T14:32:00+05:30,24.48,24.48,24.48,24.48,0,0,real
2026-03-25T14:33:00+05:30,24.46,24.46,24.46,24.46,0,0,real
2026-03-25T14:34:00+05:30,24.51,24.51,24.51,24.51,0,0,real
2026-03-25T14:35:00+05:30,24.52,24.52,24.52,24.52,0,0,real
2026-03-25T14:36:00+05:30,24.57,24.57,24.57,24.57,0,0,real
2026-03-25T14:37:00+05:30,24.57,24.57,24.57,24.57,0,0,real
2026-03-25T14:38:00+05:30,24.56,24.56,24.56,24.56,0,0,real
2026-03-25T14:39:00+05:30,24.58,24.58,24.58,24.58,0,0,real
2026-03-25T14:40:00+05:30,24.57,24.57,24.57,24.57,0,0,real
2026-03-25T14:41:00+05:30,24.61,24.61,24.61,24.61,0,0,real
2026-03-25T14:42:00+05:30,24.59,24.59,24.59,24.59,0,0,real
2026-03-25T14:43:00+05:30,24.58,24.58,24.58,24.58,0,0,real
2026-03-25T14:44:00+05:30,24.57,24.57,24.57,24.57,0,0,real
2026-03-25T14:45:00+05:30,24.56,24.56,24.56,24.56,0,0,real
2026-03-25T14:46:00+05:30,24.61,24.61,24.61,24.61,0,0,real
2026-03-25T14:47:00+05:30,24.74,24.74,24.74,24.74,0,0,real
2026-03-25T14:48:00+05:30,24.77,24.77,24.77,24.77,0,0,real
2026-03-25T14:49:00+05:30,24.71,24.71,24.71,24.71,0,0,real
2026-03-25T14:50:00+05:30,24.67,24.67,24.67,24.67,0,0,real
2026-03-25T14:51:00+05:30,24.71,24.71,24.71,24.71,0,0,real
2026-03-25T14:52:00+05:30,24.72,24.72,24.72,24.72,0,0,real
2026-03-25T14:53:00+05:30,24.73,24.73,24.73,24.73,0,0,real
2026-03-25T14:54:00+05:30,24.65,24.65,24.65,24.65,0,0,real
2026-03-25T14:55:00+05:30,24.71,24.71,24.71,24.71,0,0,real
2026-03-25T14:56:00+05:30,24.69,24.69,24.69,24.69,0,0,real
2026-03-25T14:57:00+05:30,24.7,24.7,24.7,24.7,0,0,real
2026-03-25T14:58:00+05:30,24.69,24.69,24.69,24.69,0,0,real
2026-03-25T14:59:00+05:30,24.7,24.7,24.7,24.7,0,0,real
2026-03-25T15:00:00+05:30,24.67,24.67,24.67,24.67,0,0,real
2026-03-25T15:01:00+05:30,24.66,24.66,24.66,24.66,0,0,real
2026-03-25T15:02:00+05:30,24.55,24.55,24.55,24.55,0,0,real
2026-03-25T15:03:00+05:30,24.57,24.57,24.57,24.57,0,0,real
2026-03-25T15:04:00+05:30,24.62,24.62,24.62,24.62,0,0,real
2026-03-25T15:05:00+05:30,24.61,24.61,24.61,24.61,0,0,real
2026-03-25T15:06:00+05:30,24.66,24.66,24.66,24.66,0,0,real
2026-03-25T15:07:00+05:30,24.61,24.61,24.61,24.61,0,0,real
2026-03-25T15:08:00+05:30,24.62,24.62,24.62,24.62,0,0,real
2026-03-25T15:09:00+05:30,24.7,24.7,24.7,24.7,0,0,real
2026-03-25T15:10:00+05:30,24.74,24.74,24.74,24.74,0,0,real
2026-03-25T15:11:00+05:30,24.71,24.71,24.71,24.71,0,0,real
2026-03-25T15:12:00+05:30,24.69,24.69,24.69,24.69,0,0,real
2026-03-25T15:13:00+05:30,24.68,24.68,24.68,24.68,0,0,real
2026-03-25T15:14:00+05:30,24.65,24.65,24.65,24.65,0,0,real
2026-03-25T15:15:00+05:30,24.72,24.72,24.72,24.72,0,0,real
2026-03-25T15:16:00+05:30,24.66,24.66,24.66,24.66,0,0,real
2026-03-25T15:17:00+05:30,24.73,24.73,24.73,24.73,0,0,real
2026-03-25T15:18:00+05:30,24.72,24.72,24.72,24.72,0,0,real
2026-03-25T15:19:00+05:30,24.72,24.72,24.72,24.72,0,0,real
2026-03-25T15:20:00+05:30,24.72,24.72,24.72,24.72,0,0,real
2026-03-25T15:21:00+05:30,24.69,24.69,24.69,24.69,0,0,real
2026-03-25T15:22:00+05:30,24.62,24.62,24.62,24.62,0,0,real
2026-03-25T15:23:00+05:30,24.58,24.58,24.58,24.58,0,0,real
2026-03-25T15:24:00+05:30,24.54,24.54,24.54,24.54,0,0,real
2026-03-25T15:25:00+05:30,24.6,24.6,24.6,24.6,0,0,real
2026-03-25T15:26:00+05:30,24.57,24.57,24.57,24.57,0,0,real
2026-03-25T15:27:00+05:30,24.56,24.56,24.56,24.56,0,0,real
2026-03-25T15:28:00+05:30,24.5,24.5,24.5,24.5,0,0,real
2026-03-25T15:29:00+05:30,24.44,24.44,24.44,24.44,0,0,real
2026-03-25T15:30:00+05:30,25.41,25.41,25.41,25.41,0,0,proxy
2026-03-27T09:15:00+05:30,25.14,25.14,25.14,25.14,0,0,real
2026-03-27T09:16:00+05:30,25.34,25.34,25.34,25.34,0,0,real
2026-03-27T09:17:00+05:30,25.43,25.43,25.43,25.43,0,0,real
2026-03-27T09:18:00+05:30,25.49,25.49,25.49,25.49,0,0,real
2026-03-27T09:19:00+05:30,25.55,25.55,25.55,25.55,0,0,real
2026-03-27T09:20:00+05:30,25.59,25.59,25.59,25.59,0,0,real
2026-03-27T09:21:00+05:30,25.55,25.55,25.55,25.55,0,0,real
2026-03-27T09:22:00+05:30,25.51,25.51,25.51,25.51,0,0,real
2026-03-27T09:23:00+05:30,25.52,25.52,25.52,25.52,0,0,real
2026-03-27T09:24:00+05:30,25.57,25.57,25.57,25.57,0,0,real
2026-03-27T09:25:00+05:30,25.72,25.72,25.72,25.72,0,0,real
2026-03-27T09:26:00+05:30,25.76,25.76,25.76,25.76,0,0,real
2026-03-27T09:27:00+05:30,25.76,25.76,25.76,25.76,0,0,real
2026-03-27T09:28:00+05:30,25.8,25.8,25.8,25.8,0,0,real
2026-03-27T09:29:00+05:30,25.81,25.81,25.81,25.81,0,0,real
2026-03-27T09:30:00+05:30,25.99,25.99,25.99,25.99,0,0,real
2026-03-27T09:31:00+05:30,26.05,26.05,26.05,26.05,0,0,real
2026-03-27T09:32:00+05:30,26.11,26.11,26.11,26.11,0,0,real
2026-03-27T09:33:00+05:30,26.13,26.13,26.13,26.13,0,0,real
2026-03-27T09:34:00+05:30,26.25,26.25,26.25,26.25,0,0,real
2026-03-27T09:35:00+05:30,26.38,26.38,26.38,26.38,0,0,real
2026-03-27T09:36:00+05:30,26.41,26.41,26.41,26.41,0,0,real
2026-03-27T09:37:00+05:30,26.5,26.5,26.5,26.5,0,0,real
2026-03-27T09:38:00+05:30,26.53,26.53,26.53,26.53,0,0,real
2026-03-27T09:39:00+05:30,26.57,26.57,26.57,26.57,0,0,real
2026-03-27T09:40:00+05:30,26.58,26.58,26.58,26.58,0,0,real
2026-03-27T09:41:00+05:30,26.58,26.58,26.58,26.58,0,0,real
2026-03-27T09:42:00+05:30,26.58,26.58,26.58,26.58,0,0,real
2026-03-27T09:43:00+05:30,26.46,26.46,26.46,26.46,0,0,real
2026-03-27T09:44:00+05:30,26.48,26.48,26.48,26.48,0,0,real
2026-03-27T09:45:00+05:30,26.57,26.57,26.57,26.57,0,0,real
2026-03-27T09:46:00+05:30,26.64,26.64,26.64,26.64,0,0,real
2026-03-27T09:47:00+05:30,26.63,26.63,26.63,26.63,0,0,real
2026-03-27T09:48:00+05:30,26.58,26.58,26.58,26.58,0,0,real
2026-03-27T09:49:00+05:30,26.61,26.61,26.61,26.61,0,0,real
2026-03-27T09:50:00+05:30,26.62,26.62,26.62,26.62,0,0,real
2026-03-27T09:51:00+05:30,26.64,26.64,26.64,26.64,0,0,real
2026-03-27T09:52:00+05:30,26.69,26.69,26.69,26.69,0,0,real
2026-03-27T09:53:00+05:30,26.72,26.72,26.72,26.72,0,0,real
2026-03-27T09:54:00+05:30,26.79,26.79,26.79,26.79,0,0,real
2026-03-27T09:55:00+05:30,26.83,26.83,26.83,26.83,0,0,real
2026-03-27T09:56:00+05:30,26.87,26.87,26.87,26.87,0,0,real
2026-03-27T09:57:00+05:30,26.89,26.89,26.89,26.89,0,0,real
2026-03-27T09:58:00+05:30,26.94,26.94,26.94,26.94,0,0,real
2026-03-27T09:59:00+05:30,26.91,26.91,26.91,26.91,0,0,real
2026-03-27T10:00:00+05:30,26.89,26.89,26.89,26.89,0,0,real
2026-03-27T10:01:00+05:30,26.88,26.88,26.88,26.88,0,0,real
2026-03-27T10:02:00+05:30,26.79,26.79,26.79,26.79,0,0,real
2026-03-27T10:03:00+05:30,26.64,26.64,26.64,26.64,0,0,real
2026-03-27T10:04:00+05:30,26.64,26.64,26.64,26.64,0,0,real
2026-03-27T10:05:00+05:30,26.69,26.69,26.69,26.69,0,0,real
2026-03-27T10:06:00+05:30,26.73,26.73,26.73,26.73,0,0,real
2026-03-27T10:07:00+05:30,26.72,26.72,26.72,26.72,0,0,real
2026-03-27T10:08:00+05:30,26.69,26.69,26.69,26.69,0,0,real
2026-03-27T10:09:00+05:30,26.59,26.59,26.59,26.59,0,0,real
2026-03-27T10:10:00+05:30,26.65,26.65,26.65,26.65,0,0,real
2026-03-27T10:11:00+05:30,26.65,26.65,26.65,26.65,0,0,real
2026-03-27T10:12:00+05:30,26.65,26.65,26.65,26.65,0,0,real
2026-03-27T10:13:00+05:30,26.73,26.73,26.73,26.73,0,0,real
2026-03-27T10:14:00+05:30,26.76,26.76,26.76,26.76,0,0,real
2026-03-27T10:15:00+05:30,26.77,26.77,26.77,26.77,0,0,real
2026-03-27T10:16:00+05:30,26.74,26.74,26.74,26.74,0,0,real
2026-03-27T10:17:00+05:30,26.76,26.76,26.76,26.76,0,0,real
2026-03-27T10:18:00+05:30,26.77,26.77,26.77,26.77,0,0,real
2026-03-27T10:19:00+05:30,26.79,26.79,26.79,26.79,0,0,real
2026-03-27T10:20:00+05:30,26.77,26.77,26.77,26.77,0,0,real
2026-03-27T10:21:00+05:30,26.71,26.71,26.71,26.71,0,0,real
2026-03-27T10:22:00+05:30,26.71,26.71,26.71,26.71,0,0,real
2026-03-27T10:23:00+05:30,26.69,26.69,26.69,26.69,0,0,real
2026-03-27T10:24:00+05:30,26.62,26.62,26.62,26.62,0,0,real
2026-03-27T10:25:00+05:30,26.53,26.53,26.53,26.53,0,0,real
2026-03-27T10:26:00+05:30,26.5,26.5,26.5,26.5,0,0,real
2026-03-27T10:27:00+05:30,26.49,26.49,26.49,26.49,0,0,real
2026-03-27T10:28:00+05:30,26.49,26.49,26.49,26.49,0,0,real
2026-03-27T10:29:00+05:30,26.49,26.49,26.49,26.49,0,0,real
2026-03-27T10:30:00+05:30,26.46,26.46,26.46,26.46,0,0,real
2026-03-27T10:31:00+05:30,26.36,26.36,26.36,26.36,0,0,real
2026-03-27T10:32:00+05:30,26.36,26.36,26.36,26.36,0,0,real
2026-03-27T10:33:00+05:30,26.42,26.42,26.42,26.42,0,0,real
2026-03-27T10:34:00+05:30,26.46,26.46,26.46,26.46,0,0,real
2026-03-27T10:35:00+05:30,26.47,26.47,26.47,26.47,0,0,real
2026-03-27T10:36:00+05:30,26.46,26.46,26.46,26.46,0,0,real
2026-03-27T10:37:00+05:30,26.49,26.49,26.49,26.49,0,0,real
2026-03-27T10:38:00+05:30,26.45,26.45,26.45,26.45,0,0,real
2026-03-27T10:39:00+05:30,26.46,26.46,26.46,26.46,0,0,real
2026-03-27T10:40:00+05:30,26.47,26.47,26.47,26.47,0,0,real
2026-03-27T10:41:00+05:30,26.48,26.48,26.48,26.48,0,0,real
2026-03-27T10:42:00+05:30,26.48,26.48,26.48,26.48,0,0,real
2026-03-27T10:43:00+05:30,26.49,26.49,26.49,26.49,0,0,real
2026-03-27T10:44:00+05:30,26.52,26.52,26.52,26.52,0,0,real
2026-03-27T10:45:00+05:30,26.55,26.55,26.55,26.55,0,0,real
2026-03-27T10:46:00+05:30,26.54,26.54,26.54,26.54,0,0,real
2026-03-27T10:47:00+05:30,26.51,26.51,26.51,26.51,0,0,real
2026-03-27T10:48:00+05:30,26.5,26.5,26.5,26.5,0,0,real
2026-03-27T10:49:00+05:30,26.52,26.52,26.52,26.52,0,0,real
2026-03-27T10:50:00+05:30,26.51,26.51,26.51,26.51,0,0,real
2026-03-27T10:51:00+05:30,26.56,26.56,26.56,26.56,0,0,real
2026-03-27T10:52:00+05:30,26.59,26.59,26.59,26.59,0,0,real
2026-03-27T10:53:00+05:30,26.52,26.52,26.52,26.52,0,0,real
2026-03-27T10:54:00+05:30,26.54,26.54,26.54,26.54,0,0,real
2026-03-27T10:55:00+05:30,26.53,26.53,26.53,26.53,0,0,real
2026-03-27T10:56:00+05:30,26.55,26.55,26.55,26.55,0,0,real
2026-03-27T10:57:00+05:30,26.59,26.59,26.59,26.59,0,0,real
2026-03-27T10:58:00+05:30,26.55,26.55,26.55,26.55,0,0,real
2026-03-27T10:59:00+05:30,26.56,26.56,26.56,26.56,0,0,real
2026-03-27T11:00:00+05:30,26.46,26.46,26.46,26.46,0,0,real
2026-03-27T11:02:00+05:30,26.44,26.44,26.44,26.44,0,0,real
2026-03-27T11:03:00+05:30,26.52,26.52,26.52,26.52,0,0,real
2026-03-27T11:04:00+05:30,26.51,26.51,26.51,26.51,0,0,real
2026-03-27T11:05:00+05:30,26.49,26.49,26.49,26.49,0,0,real
2026-03-27T11:08:00+05:30,26.47,26.47,26.47,26.47,0,0,real
2026-03-27T11:10:00+05:30,26.48,26.48,26.48,26.48,0,0,real
2026-03-27T11:11:00+05:30,26.49,26.49,26.49,26.49,0,0,real
2026-03-27T11:12:00+05:30,26.51,26.51,26.51,26.51,0,0,real
2026-03-27T11:13:00+05:30,26.5,26.5,26.5,26.5,0,0,real
2026-03-27T11:15:00+05:30,26.52,26.52,26.52,26.52,0,0,real
2026-03-27T11:16:00+05:30,26.5,26.5,26.5,26.5,0,0,real
2026-03-27T11:17:00+05:30,26.5,26.5,26.5,26.5,0,0,real
2026-03-27T11:18:00+05:30,26.53,26.53,26.53,26.53,0,0,real
2026-03-27T11:19:00+05:30,26.59,26.59,26.59,26.59,0,0,real
2026-03-27T11:21:00+05:30,26.57,26.57,26.57,26.57,0,0,real
2026-03-27T11:22:00+05:30,26.54,26.54,26.54,26.54,0,0,real
2026-03-27T11:23:00+05:30,26.55,26.55,26.55,26.55,0,0,real
2026-03-27T11:24:00+05:30,26.54,26.54,26.54,26.54,0,0,real
2026-03-27T11:25:00+05:30,26.59,26.59,26.59,26.59,0,0,real
2026-03-27T11:26:00+05:30,26.55,26.55,26.55,26.55,0,0,real
2026-03-27T11:27:00+05:30,26.52,26.52,26.52,26.52,0,0,real
2026-03-27T11:28:00+05:30,26.56,26.56,26.56,26.56,0,0,real
2026-03-27T11:29:00+05:30,26.56,26.56,26.56,26.56,0,0,real
2026-03-27T11:30:00+05:30,26.59,26.59,26.59,26.59,0,0,real
2026-03-27T11:31:00+05:30,26.64,26.64,26.64,26.64,0,0,real
2026-03-27T11:32:00+05:30,26.65,26.65,26.65,26.65,0,0,real
2026-03-27T11:33:00+05:30,26.63,26.63,26.63,26.63,0,0,real
2026-03-27T11:34:00+05:30,26.64,26.64,26.64,26.64,0,0,real
2026-03-27T11:35:00+05:30,26.64,26.64,26.64,26.64,0,0,real
2026-03-27T11:36:00+05:30,26.64,26.64,26.64,26.64,0,0,real
2026-03-27T11:37:00+05:30,26.62,26.62,26.62,26.62,0,0,real
2026-03-27T11:38:00+05:30,26.63,26.63,26.63,26.63,0,0,real
2026-03-27T11:39:00+05:30,26.62,26.62,26.62,26.62,0,0,real
2026-03-27T11:40:00+05:30,26.57,26.57,26.57,26.57,0,0,real
2026-03-27T11:41:00+05:30,26.59,26.59,26.59,26.59,0,0,real
2026-03-27T11:43:00+05:30,26.61,26.61,26.61,26.61,0,0,real
2026-03-27T11:44:00+05:30,26.59,26.59,26.59,26.59,0,0,real
2026-03-27T11:45:00+05:30,26.62,26.62,26.62,26.62,0,0,real
2026-03-27T11:46:00+05:30,26.58,26.58,26.58,26.58,0,0,real
2026-03-27T11:47:00+05:30,26.59,26.59,26.59,26.59,0,0,real
2026-03-27T11:48:00+05:30,26.57,26.57,26.57,26.57,0,0,real
2026-03-27T11:49:00+05:30,26.59,26.59,26.59,26.59,0,0,real
2026-03-27T11:50:00+05:30,26.61,26.61,26.61,26.61,0,0,real
2026-03-27T11:51:00+05:30,26.59,26.59,26.59,26.59,0,0,real
2026-03-27T11:52:00+05:30,26.61,26.61,26.61,26.61,0,0,real
2026-03-27T11:53:00+05:30,26.57,26.57,26.57,26.57,0,0,real
2026-03-27T11:54:00+05:30,26.58,26.58,26.58,26.58,0,0,real
2026-03-27T11:55:00+05:30,26.61,26.61,26.61,26.61,0,0,real
2026-03-27T11:56:00+05:30,26.62,26.62,26.62,26.62,0,0,real
2026-03-27T11:57:00+05:30,26.62,26.62,26.62,26.62,0,0,real
2026-03-27T11:58:00+05:30,26.62,26.62,26.62,26.62,0,0,real
2026-03-27T11:59:00+05:30,26.63,26.63,26.63,26.63,0,0,real
2026-03-27T12:00:00+05:30,26.61,26.61,26.61,26.61,0,0,real
2026-03-27T12:01:00+05:30,26.65,26.65,26.65,26.65,0,0,real
2026-03-27T12:02:00+05:30,26.74,26.74,26.74,26.74,0,0,real
2026-03-27T12:03:00+05:30,26.73,26.73,26.73,26.73,0,0,real
2026-03-27T12:04:00+05:30,26.72,26.72,26.72,26.72,0,0,real
2026-03-27T12:05:00+05:30,26.72,26.72,26.72,26.72,0,0,real
2026-03-27T12:06:00+05:30,26.69,26.69,26.69,26.69,0,0,real
2026-03-27T12:07:00+05:30,26.66,26.66,26.66,26.66,0,0,real
2026-03-27T12:08:00+05:30,26.64,26.64,26.64,26.64,0,0,real
2026-03-27T12:09:00+05:30,26.65,26.65,26.65,26.65,0,0,real
2026-03-27T12:10:00+05:30,26.65,26.65,26.65,26.65,0,0,real
2026-03-27T12:11:00+05:30,26.68,26.68,26.68,26.68,0,0,real
2026-03-27T12:12:00+05:30,26.64,26.64,26.64,26.64,0,0,real
2026-03-27T12:13:00+05:30,26.64,26.64,26.64,26.64,0,0,real
2026-03-27T12:14:00+05:30,26.65,26.65,26.65,26.65,0,0,real
2026-03-27T12:15:00+05:30,26.63,26.63,26.63,26.63,0,0,real
2026-03-27T12:16:00+05:30,26.66,26.66,26.66,26.66,0,0,real
2026-03-27T12:17:00+05:30,26.67,26.67,26.67,26.67,0,0,real
2026-03-27T12:18:00+05:30,26.67,26.67,26.67,26.67,0,0,real
2026-03-27T12:19:00+05:30,26.69,26.69,26.69,26.69,0,0,real
2026-03-27T12:20:00+05:30,26.71,26.71,26.71,26.71,0,0,real
2026-03-27T12:21:00+05:30,26.65,26.65,26.65,26.65,0,0,real
2026-03-27T12:22:00+05:30,26.64,26.64,26.64,26.64,0,0,real
2026-03-27T12:23:00+05:30,26.66,26.66,26.66,26.66,0,0,real
2026-03-27T12:24:00+05:30,26.63,26.63,26.63,26.63,0,0,real
2026-03-27T12:25:00+05:30,26.64,26.64,26.64,26.64,0,0,real
2026-03-27T12:26:00+05:30,26.54,26.54,26.54,26.54,0,0,real
2026-03-27T12:27:00+05:30,26.56,26.56,26.56,26.56,0,0,real
2026-03-27T12:28:00+05:30,26.52,26.52,26.52,26.52,0,0,real
2026-03-27T12:29:00+05:30,26.55,26.55,26.55,26.55,0,0,real
2026-03-27T12:30:00+05:30,26.58,26.58,26.58,26.58,0,0,real
2026-03-27T12:31:00+05:30,26.62,26.62,26.62,26.62,0,0,real
2026-03-27T12:32:00+05:30,26.64,26.64,26.64,26.64,0,0,real
2026-03-27T12:33:00+05:30,26.63,26.63,26.63,26.63,0,0,real
2026-03-27T12:34:00+05:30,26.62,26.62,26.62,26.62,0,0,real
2026-03-27T12:35:00+05:30,26.58,26.58,26.58,26.58,0,0,real
2026-03-27T12:36:00+05:30,26.59,26.59,26.59,26.59,0,0,real
2026-03-27T12:37:00+05:30,26.59,26.59,26.59,26.59,0,0,real
2026-03-27T12:38:00+05:30,26.59,26.59,26.59,26.59,0,0,real
2026-03-27T12:39:00+05:30,26.62,26.62,26.62,26.62,0,0,real
2026-03-27T12:40:00+05:30,26.62,26.62,26.62,26.62,0,0,real
2026-03-27T12:41:00+05:30,26.64,26.64,26.64,26.64,0,0,real
2026-03-27T12:42:00+05:30,26.62,26.62,26.62,26.62,0,0,real
2026-03-27T12:43:00+05:30,26.61,26.61,26.61,26.61,0,0,real
2026-03-27T12:44:00+05:30,26.62,26.62,26.62,26.62,0,0,real
2026-03-27T12:45:00+05:30,26.61,26.61,26.61,26.61,0,0,real
2026-03-27T12:46:00+05:30,26.63,26.63,26.63,26.63,0,0,real
2026-03-27T12:47:00+05:30,26.63,26.63,26.63,26.63,0,0,real
2026-03-27T12:48:00+05:30,26.63,26.63,26.63,26.63,0,0,real
2026-03-27T12:49:00+05:30,26.66,26.66,26.66,26.66,0,0,real
2026-03-27T12:50:00+05:30,26.59,26.59,26.59,26.59,0,0,real
2026-03-27T12:51:00+05:30,26.67,26.67,26.67,26.67,0,0,real
2026-03-27T12:52:00+05:30,26.65,26.65,26.65,26.65,0,0,real
2026-03-27T12:53:00+05:30,26.66,26.66,26.66,26.66,0,0,real
2026-03-27T12:54:00+05:30,26.66,26.66,26.66,26.66,0,0,real
2026-03-27T12:55:00+05:30,26.61,26.61,26.61,26.61,0,0,real
2026-03-27T12:56:00+05:30,26.61,26.61,26.61,26.61,0,0,real
2026-03-27T12:57:00+05:30,26.61,26.61,26.61,26.61,0,0,real
2026-03-27T12:58:00+05:30,26.59,26.59,26.59,26.59,0,0,real
2026-03-27T12:59:00+05:30,26.59,26.59,26.59,26.59,0,0,real
2026-03-27T13:00:00+05:30,26.59,26.59,26.59,26.59,0,0,real
2026-03-27T13:01:00+05:30,26.61,26.61,26.61,26.61,0,0,real
2026-03-27T13:02:00+05:30,26.66,26.66,26.66,26.66,0,0,real
2026-03-27T13:03:00+05:30,26.75,26.75,26.75,26.75,0,0,real
2026-03-27T13:04:00+05:30,26.71,26.71,26.71,26.71,0,0,real
2026-03-27T13:05:00+05:30,26.73,26.73,26.73,26.73,0,0,real
2026-03-27T13:06:00+05:30,26.72,26.72,26.72,26.72,0,0,real
2026-03-27T13:07:00+05:30,26.73,26.73,26.73,26.73,0,0,real
2026-03-27T13:08:00+05:30,26.74,26.74,26.74,26.74,0,0,real
2026-03-27T13:09:00+05:30,26.73,26.73,26.73,26.73,0,0,real
2026-03-27T13:10:00+05:30,26.73,26.73,26.73,26.73,0,0,real
2026-03-27T13:11:00+05:30,26.74,26.74,26.74,26.74,0,0,real
2026-03-27T13:12:00+05:30,26.73,26.73,26.73,26.73,0,0,real
2026-03-27T13:13:00+05:30,26.73,26.73,26.73,26.73,0,0,real
2026-03-27T13:14:00+05:30,26.7,26.7,26.7,26.7,0,0,real
2026-03-27T13:15:00+05:30,26.71,26.71,26.71,26.71,0,0,real
2026-03-27T13:16:00+05:30,26.67,26.67,26.67,26.67,0,0,real
2026-03-27T13:17:00+05:30,26.55,26.55,26.55,26.55,0,0,real
2026-03-27T13:18:00+05:30,26.63,26.63,26.63,26.63,0,0,real
2026-03-27T13:19:00+05:30,26.58,26.58,26.58,26.58,0,0,real
2026-03-27T13:20:00+05:30,26.56,26.56,26.56,26.56,0,0,real
2026-03-27T13:21:00+05:30,26.56,26.56,26.56,26.56,0,0,real
2026-03-27T13:22:00+05:30,26.56,26.56,26.56,26.56,0,0,real
2026-03-27T13:23:00+05:30,26.56,26.56,26.56,26.56,0,0,real
2026-03-27T13:24:00+05:30,26.56,26.56,26.56,26.56,0,0,real
2026-03-27T13:25:00+05:30,26.5,26.5,26.5,26.5,0,0,real
2026-03-27T13:26:00+05:30,26.51,26.51,26.51,26.51,0,0,real
2026-03-27T13:27:00+05:30,26.49,26.49,26.49,26.49,0,0,real
2026-03-27T13:28:00+05:30,26.55,26.55,26.55,26.55,0,0,real
2026-03-27T13:29:00+05:30,26.56,26.56,26.56,26.56,0,0,real
2026-03-27T13:30:00+05:30,26.57,26.57,26.57,26.57,0,0,real
2026-03-27T13:31:00+05:30,26.57,26.57,26.57,26.57,0,0,real
2026-03-27T13:32:00+05:30,26.59,26.59,26.59,26.59,0,0,real
2026-03-27T13:33:00+05:30,26.55,26.55,26.55,26.55,0,0,real
2026-03-27T13:34:00+05:30,26.58,26.58,26.58,26.58,0,0,real
2026-03-27T13:35:00+05:30,26.62,26.62,26.62,26.62,0,0,real
2026-03-27T13:36:00+05:30,26.58,26.58,26.58,26.58,0,0,real
2026-03-27T13:37:00+05:30,26.61,26.61,26.61,26.61,0,0,real
2026-03-27T13:38:00+05:30,26.61,26.61,26.61,26.61,0,0,real
2026-03-27T13:39:00+05:30,26.57,26.57,26.57,26.57,0,0,real
2026-03-27T13:40:00+05:30,26.51,26.51,26.51,26.51,0,0,real
2026-03-27T13:41:00+05:30,26.52,26.52,26.52,26.52,0,0,real
2026-03-27T13:42:00+05:30,26.47,26.47,26.47,26.47,0,0,real
2026-03-27T13:43:00+05:30,26.48,26.48,26.48,26.48,0,0,real
2026-03-27T13:44:00+05:30,26.45,26.45,26.45,26.45,0,0,real
2026-03-27T13:45:00+05:30,26.42,26.42,26.42,26.42,0,0,real
2026-03-27T13:46:00+05:30,26.43,26.43,26.43,26.43,0,0,real
2026-03-27T13:47:00+05:30,26.43,26.43,26.43,26.43,0,0,real
2026-03-27T13:48:00+05:30,26.49,26.49,26.49,26.49,0,0,real
2026-03-27T13:49:00+05:30,26.48,26.48,26.48,26.48,0,0,real
2026-03-27T13:50:00+05:30,26.5,26.5,26.5,26.5,0,0,real
2026-03-27T13:51:00+05:30,26.46,26.46,26.46,26.46,0,0,real
2026-03-27T13:52:00+05:30,26.46,26.46,26.46,26.46,0,0,real
2026-03-27T13:53:00+05:30,26.48,26.48,26.48,26.48,0,0,real
2026-03-27T13:54:00+05:30,26.47,26.47,26.47,26.47,0,0,real
2026-03-27T13:55:00+05:30,26.49,26.49,26.49,26.49,0,0,real
2026-03-27T13:56:00+05:30,26.47,26.47,26.47,26.47,0,0,real
2026-03-27T13:57:00+05:30,26.47,26.47,26.47,26.47,0,0,real
2026-03-27T13:58:00+05:30,26.47,26.47,26.47,26.47,0,0,real
2026-03-27T13:59:00+05:30,26.48,26.48,26.48,26.48,0,0,real
2026-03-27T14:00:00+05:30,26.48,26.48,26.48,26.48,0,0,real
2026-03-27T14:01:00+05:30,26.52,26.52,26.52,26.52,0,0,real
2026-03-27T14:02:00+05:30,26.52,26.52,26.52,26.52,0,0,real
2026-03-27T14:03:00+05:30,26.54,26.54,26.54,26.54,0,0,real
2026-03-27T14:04:00+05:30,26.52,26.52,26.52,26.52,0,0,real
2026-03-27T14:05:00+05:30,26.53,26.53,26.53,26.53,0,0,real
2026-03-27T14:06:00+05:30,26.54,26.54,26.54,26.54,0,0,real
2026-03-27T14:07:00+05:30,26.56,26.56,26.56,26.56,0,0,real
2026-03-27T14:08:00+05:30,26.58,26.58,26.58,26.58,0,0,real
2026-03-27T14:09:00+05:30,26.55,26.55,26.55,26.55,0,0,real
2026-03-27T14:10:00+05:30,26.58,26.58,26.58,26.58,0,0,real
2026-03-27T14:11:00+05:30,26.62,26.62,26.62,26.62,0,0,real
2026-03-27T14:12:00+05:30,26.62,26.62,26.62,26.62,0,0,real
2026-03-27T14:13:00+05:30,26.6,26.6,26.6,26.6,0,0,real
2026-03-27T14:14:00+05:30,26.61,26.61,26.61,26.61,0,0,real
2026-03-27T14:15:00+05:30,26.62,26.62,26.62,26.62,0,0,real
2026-03-27T14:16:00+05:30,26.61,26.61,26.61,26.61,0,0,real
2026-03-27T14:17:00+05:30,26.62,26.62,26.62,26.62,0,0,real
2026-03-27T14:18:00+05:30,26.64,26.64,26.64,26.64,0,0,real
2026-03-27T14:19:00+05:30,26.65,26.65,26.65,26.65,0,0,real
2026-03-27T14:20:00+05:30,26.62,26.62,26.62,26.62,0,0,real
2026-03-27T14:21:00+05:30,26.58,26.58,26.58,26.58,0,0,real
2026-03-27T14:22:00+05:30,26.62,26.62,26.62,26.62,0,0,real
2026-03-27T14:23:00+05:30,26.62,26.62,26.62,26.62,0,0,real
2026-03-27T14:24:00+05:30,26.62,26.62,26.62,26.62,0,0,real
2026-03-27T14:25:00+05:30,26.62,26.62,26.62,26.62,0,0,real
2026-03-27T14:26:00+05:30,26.65,26.65,26.65,26.65,0,0,real
2026-03-27T14:27:00+05:30,26.62,26.62,26.62,26.62,0,0,real
2026-03-27T14:28:00+05:30,26.65,26.65,26.65,26.65,0,0,real
2026-03-27T14:29:00+05:30,26.65,26.65,26.65,26.65,0,0,real
2026-03-27T14:30:00+05:30,26.66,26.66,26.66,26.66,0,0,real
2026-03-27T14:31:00+05:30,26.66,26.66,26.66,26.66,0,0,real
2026-03-27T14:32:00+05:30,26.68,26.68,26.68,26.68,0,0,real
2026-03-27T14:33:00+05:30,26.67,26.67,26.67,26.67,0,0,real
2026-03-27T14:34:00+05:30,26.74,26.74,26.74,26.74,0,0,real
2026-03-27T14:35:00+05:30,26.77,26.77,26.77,26.77,0,0,real
2026-03-27T14:36:00+05:30,26.87,26.87,26.87,26.87,0,0,real
2026-03-27T14:37:00+05:30,26.92,26.92,26.92,26.92,0,0,real
2026-03-27T14:38:00+05:30,26.98,26.98,26.98,26.98,0,0,real
2026-03-27T14:39:00+05:30,27.01,27.01,27.01,27.01,0,0,real
2026-03-27T14:40:00+05:30,27.01,27.01,27.01,27.01,0,0,real
2026-03-27T14:41:00+05:30,27.01,27.01,27.01,27.01,0,0,real
2026-03-27T14:42:00+05:30,26.95,26.95,26.95,26.95,0,0,real
2026-03-27T14:43:00+05:30,26.93,26.93,26.93,26.93,0,0,real
2026-03-27T14:44:00+05:30,26.99,26.99,26.99,26.99,0,0,real
2026-03-27T14:45:00+05:30,26.97,26.97,26.97,26.97,0,0,real
2026-03-27T14:46:00+05:30,26.97,26.97,26.97,26.97,0,0,real
2026-03-27T14:47:00+05:30,27.08,27.08,27.08,27.08,0,0,real
2026-03-27T14:48:00+05:30,27.06,27.06,27.06,27.06,0,0,real
2026-03-27T14:49:00+05:30,27.08,27.08,27.08,27.08,0,0,real
2026-03-27T14:50:00+05:30,27.05,27.05,27.05,27.05,0,0,real
2026-03-27T14:51:00+05:30,27.0,27.0,27.0,27.0,0,0,real
2026-03-27T14:52:00+05:30,27.01,27.01,27.01,27.01,0,0,real
2026-03-27T14:53:00+05:30,27.02,27.02,27.02,27.02,0,0,real
2026-03-27T14:54:00+05:30,26.99,26.99,26.99,26.99,0,0,real
2026-03-27T14:55:00+05:30,26.94,26.94,26.94,26.94,0,0,real
2026-03-27T14:56:00+05:30,26.9,26.9,26.9,26.9,0,0,real
2026-03-27T14:57:00+05:30,26.93,26.93,26.93,26.93,0,0,real
2026-03-27T14:58:00+05:30,26.97,26.97,26.97,26.97,0,0,real
2026-03-27T14:59:00+05:30,26.94,26.94,26.94,26.94,0,0,real
2026-03-27T15:00:00+05:30,26.95,26.95,26.95,26.95,0,0,real
2026-03-27T15:01:00+05:30,26.93,26.93,26.93,26.93,0,0,real
2026-03-27T15:02:00+05:30,26.89,26.89,26.89,26.89,0,0,real
2026-03-27T15:03:00+05:30,26.94,26.94,26.94,26.94,0,0,real
2026-03-27T15:04:00+05:30,26.86,26.86,26.86,26.86,0,0,real
2026-03-27T15:05:00+05:30,26.89,26.89,26.89,26.89,0,0,real
2026-03-27T15:06:00+05:30,26.85,26.85,26.85,26.85,0,0,real
2026-03-27T15:07:00+05:30,26.86,26.86,26.86,26.86,0,0,real
2026-03-27T15:08:00+05:30,26.83,26.83,26.83,26.83,0,0,real
2026-03-27T15:09:00+05:30,26.8,26.8,26.8,26.8,0,0,real
2026-03-27T15:10:00+05:30,26.86,26.86,26.86,26.86,0,0,real
2026-03-27T15:11:00+05:30,26.89,26.89,26.89,26.89,0,0,real
2026-03-27T15:12:00+05:30,26.89,26.89,26.89,26.89,0,0,real
2026-03-27T15:13:00+05:30,26.84,26.84,26.84,26.84,0,0,real
2026-03-27T15:14:00+05:30,26.82,26.82,26.82,26.82,0,0,real
2026-03-27T15:15:00+05:30,26.76,26.76,26.76,26.76,0,0,real
2026-03-27T15:16:00+05:30,26.74,26.74,26.74,26.74,0,0,real
2026-03-27T15:17:00+05:30,26.76,26.76,26.76,26.76,0,0,real
2026-03-27T15:18:00+05:30,26.76,26.76,26.76,26.76,0,0,real
2026-03-27T15:19:00+05:30,26.74,26.74,26.74,26.74,0,0,real
2026-03-27T15:20:00+05:30,26.73,26.73,26.73,26.73,0,0,real
2026-03-27T15:21:00+05:30,26.75,26.75,26.75,26.75,0,0,real
2026-03-27T15:22:00+05:30,26.75,26.75,26.75,26.75,0,0,real
2026-03-27T15:23:00+05:30,26.71,26.71,26.71,26.71,0,0,real
2026-03-27T15:24:00+05:30,26.67,26.67,26.67,26.67,0,0,real
2026-03-27T15:25:00+05:30,26.72,26.72,26.72,26.72,0,0,real
2026-03-27T15:26:00+05:30,26.7,26.7,26.7,26.7,0,0,real
2026-03-27T15:27:00+05:30,26.7,26.7,26.7,26.7,0,0,real
2026-03-27T15:28:00+05:30,26.7,26.7,26.7,26.7,0,0,real
2026-03-27T15:29:00+05:30,26.78,26.78,26.78,26.78,0,0,real
2026-03-27T15:30:00+05:30,25.14,25.14,25.14,25.14,0,0,proxy
2026-03-30T09:15:00+05:30,28.64,28.64,28.64,28.64,0,0,real
2026-03-30T09:16:00+05:30,28.77,28.77,28.77,28.77,0,0,real
2026-03-30T09:17:00+05:30,28.71,28.71,28.71,28.71,0,0,real
2026-03-30T09:18:00+05:30,28.69,28.69,28.69,28.69,0,0,real
2026-03-30T09:19:00+05:30,28.7,28.7,28.7,28.7,0,0,real
2026-03-30T09:20:00+05:30,28.68,28.68,28.68,28.68,0,0,real
2026-03-30T09:21:00+05:30,28.67,28.67,28.67,28.67,0,0,real
2026-03-30T09:22:00+05:30,28.69,28.69,28.69,28.69,0,0,real
2026-03-30T09:23:00+05:30,28.74,28.74,28.74,28.74,0,0,real
2026-03-30T09:24:00+05:30,28.74,28.74,28.74,28.74,0,0,real
2026-03-30T09:25:00+05:30,28.8,28.8,28.8,28.8,0,0,real
2026-03-30T09:26:00+05:30,28.81,28.81,28.81,28.81,0,0,real
2026-03-30T09:27:00+05:30,28.9,28.9,28.9,28.9,0,0,real
2026-03-30T09:28:00+05:30,28.79,28.79,28.79,28.79,0,0,real
2026-03-30T09:29:00+05:30,28.79,28.79,28.79,28.79,0,0,real
2026-03-30T09:30:00+05:30,28.65,28.65,28.65,28.65,0,0,real
2026-03-30T09:31:00+05:30,28.6,28.6,28.6,28.6,0,0,real
2026-03-30T09:32:00+05:30,28.51,28.51,28.51,28.51,0,0,real
2026-03-30T09:33:00+05:30,28.49,28.49,28.49,28.49,0,0,real
2026-03-30T09:34:00+05:30,28.32,28.32,28.32,28.32,0,0,real
2026-03-30T09:35:00+05:30,28.35,28.35,28.35,28.35,0,0,real
2026-03-30T09:36:00+05:30,28.26,28.26,28.26,28.26,0,0,real
2026-03-30T09:37:00+05:30,28.19,28.19,28.19,28.19,0,0,real
2026-03-30T09:38:00+05:30,28.29,28.29,28.29,28.29,0,0,real
2026-03-30T09:39:00+05:30,28.27,28.27,28.27,28.27,0,0,real
2026-03-30T09:40:00+05:30,28.31,28.31,28.31,28.31,0,0,real
2026-03-30T09:41:00+05:30,28.32,28.32,28.32,28.32,0,0,real
2026-03-30T09:42:00+05:30,28.32,28.32,28.32,28.32,0,0,real
2026-03-30T09:43:00+05:30,28.3,28.3,28.3,28.3,0,0,real
2026-03-30T09:44:00+05:30,28.35,28.35,28.35,28.35,0,0,real
2026-03-30T09:45:00+05:30,28.35,28.35,28.35,28.35,0,0,real
2026-03-30T09:46:00+05:30,28.34,28.34,28.34,28.34,0,0,real
2026-03-30T09:47:00+05:30,28.36,28.36,28.36,28.36,0,0,real
2026-03-30T09:48:00+05:30,28.45,28.45,28.45,28.45,0,0,real
2026-03-30T09:49:00+05:30,28.45,28.45,28.45,28.45,0,0,real
2026-03-30T09:50:00+05:30,28.45,28.45,28.45,28.45,0,0,real
2026-03-30T09:51:00+05:30,28.41,28.41,28.41,28.41,0,0,real
2026-03-30T09:52:00+05:30,28.41,28.41,28.41,28.41,0,0,real
2026-03-30T09:53:00+05:30,28.38,28.38,28.38,28.38,0,0,real
2026-03-30T09:54:00+05:30,28.36,28.36,28.36,28.36,0,0,real
2026-03-30T09:55:00+05:30,28.34,28.34,28.34,28.34,0,0,real
2026-03-30T09:56:00+05:30,28.29,28.29,28.29,28.29,0,0,real
2026-03-30T09:57:00+05:30,28.31,28.31,28.31,28.31,0,0,real
2026-03-30T09:58:00+05:30,28.34,28.34,28.34,28.34,0,0,real
2026-03-30T09:59:00+05:30,28.34,28.34,28.34,28.34,0,0,real
2026-03-30T10:00:00+05:30,28.41,28.41,28.41,28.41,0,0,real
2026-03-30T10:01:00+05:30,28.4,28.4,28.4,28.4,0,0,real
2026-03-30T10:02:00+05:30,28.38,28.38,28.38,28.38,0,0,real
2026-03-30T10:03:00+05:30,28.33,28.33,28.33,28.33,0,0,real
2026-03-30T10:04:00+05:30,28.36,28.36,28.36,28.36,0,0,real
2026-03-30T10:05:00+05:30,28.38,28.38,28.38,28.38,0,0,real
2026-03-30T10:06:00+05:30,28.36,28.36,28.36,28.36,0,0,real
2026-03-30T10:07:00+05:30,28.36,28.36,28.36,28.36,0,0,real
2026-03-30T10:08:00+05:30,28.33,28.33,28.33,28.33,0,0,real
2026-03-30T10:09:00+05:30,28.35,28.35,28.35,28.35,0,0,real
2026-03-30T10:10:00+05:30,28.37,28.37,28.37,28.37,0,0,real
2026-03-30T10:11:00+05:30,28.34,28.34,28.34,28.34,0,0,real
2026-03-30T10:12:00+05:30,28.37,28.37,28.37,28.37,0,0,real
2026-03-30T10:13:00+05:30,28.37,28.37,28.37,28.37,0,0,real
2026-03-30T10:14:00+05:30,28.32,28.32,28.32,28.32,0,0,real
2026-03-30T10:15:00+05:30,28.35,28.35,28.35,28.35,0,0,real
2026-03-30T10:16:00+05:30,28.36,28.36,28.36,28.36,0,0,real
2026-03-30T10:17:00+05:30,28.39,28.39,28.39,28.39,0,0,real
2026-03-30T10:18:00+05:30,28.39,28.39,28.39,28.39,0,0,real
2026-03-30T10:19:00+05:30,28.38,28.38,28.38,28.38,0,0,real
2026-03-30T10:20:00+05:30,28.38,28.38,28.38,28.38,0,0,real
2026-03-30T10:21:00+05:30,28.42,28.42,28.42,28.42,0,0,real
2026-03-30T10:22:00+05:30,28.47,28.47,28.47,28.47,0,0,real
2026-03-30T10:23:00+05:30,28.47,28.47,28.47,28.47,0,0,real
2026-03-30T10:24:00+05:30,28.48,28.48,28.48,28.48,0,0,real
2026-03-30T10:25:00+05:30,28.44,28.44,28.44,28.44,0,0,real
2026-03-30T10:26:00+05:30,28.43,28.43,28.43,28.43,0,0,real
2026-03-30T10:27:00+05:30,28.46,28.46,28.46,28.46,0,0,real
2026-03-30T10:28:00+05:30,28.5,28.5,28.5,28.5,0,0,real
2026-03-30T10:29:00+05:30,28.49,28.49,28.49,28.49,0,0,real
2026-03-30T10:30:00+05:30,28.47,28.47,28.47,28.47,0,0,real
2026-03-30T10:31:00+05:30,28.46,28.46,28.46,28.46,0,0,real
2026-03-30T10:32:00+05:30,28.46,28.46,28.46,28.46,0,0,real
2026-03-30T10:33:00+05:30,28.46,28.46,28.46,28.46,0,0,real
2026-03-30T10:34:00+05:30,28.48,28.48,28.48,28.48,0,0,real
2026-03-30T10:35:00+05:30,28.49,28.49,28.49,28.49,0,0,real
2026-03-30T10:36:00+05:30,28.43,28.43,28.43,28.43,0,0,real
2026-03-30T10:37:00+05:30,28.49,28.49,28.49,28.49,0,0,real
2026-03-30T10:38:00+05:30,28.47,28.47,28.47,28.47,0,0,real
2026-03-30T10:39:00+05:30,28.49,28.49,28.49,28.49,0,0,real
2026-03-30T10:40:00+05:30,28.48,28.48,28.48,28.48,0,0,real
2026-03-30T10:41:00+05:30,28.54,28.54,28.54,28.54,0,0,real
2026-03-30T10:42:00+05:30,28.54,28.54,28.54,28.54,0,0,real
2026-03-30T10:43:00+05:30,28.49,28.49,28.49,28.49,0,0,real
2026-03-30T10:44:00+05:30,28.49,28.49,28.49,28.49,0,0,real
2026-03-30T10:45:00+05:30,28.51,28.51,28.51,28.51,0,0,real
2026-03-30T10:46:00+05:30,28.53,28.53,28.53,28.53,0,0,real
2026-03-30T10:47:00+05:30,28.53,28.53,28.53,28.53,0,0,real
2026-03-30T10:48:00+05:30,28.53,28.53,28.53,28.53,0,0,real
2026-03-30T10:49:00+05:30,28.48,28.48,28.48,28.48,0,0,real
2026-03-30T10:50:00+05:30,28.3,28.3,28.3,28.3,0,0,real
2026-03-30T10:51:00+05:30,28.34,28.34,28.34,28.34,0,0,real
2026-03-30T10:52:00+05:30,28.35,28.35,28.35,28.35,0,0,real
2026-03-30T10:53:00+05:30,28.38,28.38,28.38,28.38,0,0,real
2026-03-30T10:54:00+05:30,28.36,28.36,28.36,28.36,0,0,real
2026-03-30T10:55:00+05:30,28.39,28.39,28.39,28.39,0,0,real
2026-03-30T10:56:00+05:30,28.41,28.41,28.41,28.41,0,0,real
2026-03-30T10:57:00+05:30,28.38,28.38,28.38,28.38,0,0,real
2026-03-30T10:58:00+05:30,28.39,28.39,28.39,28.39,0,0,real
2026-03-30T10:59:00+05:30,28.42,28.42,28.42,28.42,0,0,real
2026-03-30T11:00:00+05:30,28.42,28.42,28.42,28.42,0,0,real
2026-03-30T11:01:00+05:30,28.37,28.37,28.37,28.37,0,0,real
2026-03-30T11:02:00+05:30,28.37,28.37,28.37,28.37,0,0,real
2026-03-30T11:03:00+05:30,28.36,28.36,28.36,28.36,0,0,real
2026-03-30T11:04:00+05:30,28.37,28.37,28.37,28.37,0,0,real
2026-03-30T11:05:00+05:30,28.36,28.36,28.36,28.36,0,0,real
2026-03-30T11:06:00+05:30,28.36,28.36,28.36,28.36,0,0,real
2026-03-30T11:07:00+05:30,28.37,28.37,28.37,28.37,0,0,real
2026-03-30T11:08:00+05:30,28.38,28.38,28.38,28.38,0,0,real
2026-03-30T11:09:00+05:30,28.4,28.4,28.4,28.4,0,0,real
2026-03-30T11:10:00+05:30,28.47,28.47,28.47,28.47,0,0,real
2026-03-30T11:11:00+05:30,28.47,28.47,28.47,28.47,0,0,real
2026-03-30T11:12:00+05:30,28.48,28.48,28.48,28.48,0,0,real
2026-03-30T11:13:00+05:30,28.44,28.44,28.44,28.44,0,0,real
2026-03-30T11:14:00+05:30,28.46,28.46,28.46,28.46,0,0,real
2026-03-30T11:15:00+05:30,28.48,28.48,28.48,28.48,0,0,real
2026-03-30T11:16:00+05:30,28.43,28.43,28.43,28.43,0,0,real
2026-03-30T11:17:00+05:30,28.45,28.45,28.45,28.45,0,0,real
2026-03-30T11:18:00+05:30,28.46,28.46,28.46,28.46,0,0,real
2026-03-30T11:19:00+05:30,28.45,28.45,28.45,28.45,0,0,real
2026-03-30T11:20:00+05:30,28.51,28.51,28.51,28.51,0,0,real
2026-03-30T11:21:00+05:30,28.47,28.47,28.47,28.47,0,0,real
2026-03-30T11:22:00+05:30,28.49,28.49,28.49,28.49,0,0,real
2026-03-30T11:23:00+05:30,28.51,28.51,28.51,28.51,0,0,real
2026-03-30T11:24:00+05:30,28.5,28.5,28.5,28.5,0,0,real
2026-03-30T11:25:00+05:30,28.49,28.49,28.49,28.49,0,0,real
2026-03-30T11:26:00+05:30,28.53,28.53,28.53,28.53,0,0,real
2026-03-30T11:27:00+05:30,28.52,28.52,28.52,28.52,0,0,real
2026-03-30T11:28:00+05:30,28.52,28.52,28.52,28.52,0,0,real
2026-03-30T11:29:00+05:30,28.53,28.53,28.53,28.53,0,0,real
2026-03-30T11:30:00+05:30,28.53,28.53,28.53,28.53,0,0,real
2026-03-30T11:31:00+05:30,28.51,28.51,28.51,28.51,0,0,real
2026-03-30T11:32:00+05:30,28.49,28.49,28.49,28.49,0,0,real
2026-03-30T11:33:00+05:30,28.51,28.51,28.51,28.51,0,0,real
2026-03-30T11:34:00+05:30,28.45,28.45,28.45,28.45,0,0,real
2026-03-30T11:35:00+05:30,28.34,28.34,28.34,28.34,0,0,real
2026-03-30T11:36:00+05:30,28.39,28.39,28.39,28.39,0,0,real
2026-03-30T11:37:00+05:30,28.38,28.38,28.38,28.38,0,0,real
2026-03-30T11:38:00+05:30,28.37,28.37,28.37,28.37,0,0,real
2026-03-30T11:39:00+05:30,28.41,28.41,28.41,28.41,0,0,real
2026-03-30T11:40:00+05:30,28.41,28.41,28.41,28.41,0,0,real
2026-03-30T11:41:00+05:30,28.41,28.41,28.41,28.41,0,0,real
2026-03-30T11:42:00+05:30,28.42,28.42,28.42,28.42,0,0,real
2026-03-30T11:43:00+05:30,28.43,28.43,28.43,28.43,0,0,real
2026-03-30T11:44:00+05:30,28.45,28.45,28.45,28.45,0,0,real
2026-03-30T11:45:00+05:30,28.49,28.49,28.49,28.49,0,0,real
2026-03-30T11:46:00+05:30,28.49,28.49,28.49,28.49,0,0,real
2026-03-30T11:47:00+05:30,28.51,28.51,28.51,28.51,0,0,real
2026-03-30T11:48:00+05:30,28.5,28.5,28.5,28.5,0,0,real
2026-03-30T11:49:00+05:30,28.49,28.49,28.49,28.49,0,0,real
2026-03-30T11:50:00+05:30,28.48,28.48,28.48,28.48,0,0,real
2026-03-30T11:51:00+05:30,28.45,28.45,28.45,28.45,0,0,real
2026-03-30T11:52:00+05:30,28.45,28.45,28.45,28.45,0,0,real
2026-03-30T11:53:00+05:30,28.47,28.47,28.47,28.47,0,0,real
2026-03-30T11:54:00+05:30,28.42,28.42,28.42,28.42,0,0,real
2026-03-30T11:55:00+05:30,28.44,28.44,28.44,28.44,0,0,real
2026-03-30T11:56:00+05:30,28.43,28.43,28.43,28.43,0,0,real
2026-03-30T11:57:00+05:30,28.4,28.4,28.4,28.4,0,0,real
2026-03-30T11:58:00+05:30,28.41,28.41,28.41,28.41,0,0,real
2026-03-30T11:59:00+05:30,28.39,28.39,28.39,28.39,0,0,real
2026-03-30T12:00:00+05:30,28.38,28.38,28.38,28.38,0,0,real
2026-03-30T12:01:00+05:30,28.31,28.31,28.31,28.31,0,0,real
2026-03-30T12:02:00+05:30,28.23,28.23,28.23,28.23,0,0,real
2026-03-30T12:03:00+05:30,28.18,28.18,28.18,28.18,0,0,real
2026-03-30T12:04:00+05:30,28.21,28.21,28.21,28.21,0,0,real
2026-03-30T12:05:00+05:30,28.13,28.13,28.13,28.13,0,0,real
2026-03-30T12:06:00+05:30,28.07,28.07,28.07,28.07,0,0,real
2026-03-30T12:07:00+05:30,28.13,28.13,28.13,28.13,0,0,real
2026-03-30T12:08:00+05:30,28.15,28.15,28.15,28.15,0,0,real
2026-03-30T12:09:00+05:30,28.2,28.2,28.2,28.2,0,0,real
2026-03-30T12:10:00+05:30,28.2,28.2,28.2,28.2,0,0,real
2026-03-30T12:11:00+05:30,28.17,28.17,28.17,28.17,0,0,real
2026-03-30T12:12:00+05:30,28.16,28.16,28.16,28.16,0,0,real
2026-03-30T12:13:00+05:30,28.22,28.22,28.22,28.22,0,0,real
2026-03-30T12:14:00+05:30,28.19,28.19,28.19,28.19,0,0,real
2026-03-30T12:15:00+05:30,28.23,28.23,28.23,28.23,0,0,real
2026-03-30T12:16:00+05:30,28.22,28.22,28.22,28.22,0,0,real
2026-03-30T12:17:00+05:30,28.21,28.21,28.21,28.21,0,0,real
2026-03-30T12:18:00+05:30,28.24,28.24,28.24,28.24,0,0,real
2026-03-30T12:19:00+05:30,28.24,28.24,28.24,28.24,0,0,real
2026-03-30T12:20:00+05:30,28.21,28.21,28.21,28.21,0,0,real
2026-03-30T12:21:00+05:30,28.12,28.12,28.12,28.12,0,0,real
2026-03-30T12:22:00+05:30,28.14,28.14,28.14,28.14,0,0,real
2026-03-30T12:23:00+05:30,28.14,28.14,28.14,28.14,0,0,real
2026-03-30T12:24:00+05:30,28.16,28.16,28.16,28.16,0,0,real
2026-03-30T12:25:00+05:30,28.12,28.12,28.12,28.12,0,0,real
2026-03-30T12:26:00+05:30,28.15,28.15,28.15,28.15,0,0,real
2026-03-30T12:27:00+05:30,28.16,28.16,28.16,28.16,0,0,real
2026-03-30T12:28:00+05:30,28.15,28.15,28.15,28.15,0,0,real
2026-03-30T12:29:00+05:30,28.12,28.12,28.12,28.12,0,0,real
2026-03-30T12:30:00+05:30,28.16,28.16,28.16,28.16,0,0,real
2026-03-30T12:31:00+05:30,28.13,28.13,28.13,28.13,0,0,real
2026-03-30T12:32:00+05:30,28.16,28.16,28.16,28.16,0,0,real
2026-03-30T12:33:00+05:30,28.18,28.18,28.18,28.18,0,0,real
2026-03-30T12:34:00+05:30,28.18,28.18,28.18,28.18,0,0,real
2026-03-30T12:35:00+05:30,28.15,28.15,28.15,28.15,0,0,real
2026-03-30T12:36:00+05:30,28.13,28.13,28.13,28.13,0,0,real
2026-03-30T12:37:00+05:30,28.15,28.15,28.15,28.15,0,0,real
2026-03-30T12:38:00+05:30,28.14,28.14,28.14,28.14,0,0,real
2026-03-30T12:39:00+05:30,28.03,28.03,28.03,28.03,0,0,real
2026-03-30T12:40:00+05:30,28.07,28.07,28.07,28.07,0,0,real
2026-03-30T12:41:00+05:30,28.02,28.02,28.02,28.02,0,0,real
2026-03-30T12:42:00+05:30,28.03,28.03,28.03,28.03,0,0,real
2026-03-30T12:43:00+05:30,28.0,28.0,28.0,28.0,0,0,real
2026-03-30T12:44:00+05:30,28.01,28.01,28.01,28.01,0,0,real
2026-03-30T12:45:00+05:30,28.0,28.0,28.0,28.0,0,0,real
2026-03-30T12:46:00+05:30,27.99,27.99,27.99,27.99,0,0,real
2026-03-30T12:47:00+05:30,28.02,28.02,28.02,28.02,0,0,real
2026-03-30T12:48:00+05:30,28.04,28.04,28.04,28.04,0,0,real
2026-03-30T12:49:00+05:30,28.05,28.05,28.05,28.05,0,0,real
2026-03-30T12:50:00+05:30,28.09,28.09,28.09,28.09,0,0,real
2026-03-30T12:51:00+05:30,28.07,28.07,28.07,28.07,0,0,real
2026-03-30T12:52:00+05:30,28.15,28.15,28.15,28.15,0,0,real
2026-03-30T12:53:00+05:30,28.15,28.15,28.15,28.15,0,0,real
2026-03-30T12:54:00+05:30,28.17,28.17,28.17,28.17,0,0,real
2026-03-30T12:55:00+05:30,28.17,28.17,28.17,28.17,0,0,real
2026-03-30T12:56:00+05:30,28.17,28.17,28.17,28.17,0,0,real
2026-03-30T12:57:00+05:30,28.16,28.16,28.16,28.16,0,0,real
2026-03-30T12:58:00+05:30,28.13,28.13,28.13,28.13,0,0,real
2026-03-30T12:59:00+05:30,28.1,28.1,28.1,28.1,0,0,real
2026-03-30T13:00:00+05:30,28.08,28.08,28.08,28.08,0,0,real
2026-03-30T13:01:00+05:30,28.07,28.07,28.07,28.07,0,0,real
2026-03-30T13:02:00+05:30,28.09,28.09,28.09,28.09,0,0,real
2026-03-30T13:03:00+05:30,28.07,28.07,28.07,28.07,0,0,real
2026-03-30T13:04:00+05:30,28.06,28.06,28.06,28.06,0,0,real
2026-03-30T13:05:00+05:30,28.07,28.07,28.07,28.07,0,0,real
2026-03-30T13:06:00+05:30,28.07,28.07,28.07,28.07,0,0,real
2026-03-30T13:07:00+05:30,28.05,28.05,28.05,28.05,0,0,real
2026-03-30T13:08:00+05:30,28.08,28.08,28.08,28.08,0,0,real
2026-03-30T13:09:00+05:30,28.06,28.06,28.06,28.06,0,0,real
2026-03-30T13:10:00+05:30,28.07,28.07,28.07,28.07,0,0,real
2026-03-30T13:11:00+05:30,28.06,28.06,28.06,28.06,0,0,real
2026-03-30T13:12:00+05:30,28.02,28.02,28.02,28.02,0,0,real
2026-03-30T13:13:00+05:30,28.03,28.03,28.03,28.03,0,0,real
2026-03-30T13:14:00+05:30,28.09,28.09,28.09,28.09,0,0,real
2026-03-30T13:15:00+05:30,28.08,28.08,28.08,28.08,0,0,real
2026-03-30T13:16:00+05:30,28.04,28.04,28.04,28.04,0,0,real
2026-03-30T13:17:00+05:30,28.11,28.11,28.11,28.11,0,0,real
2026-03-30T13:18:00+05:30,28.12,28.12,28.12,28.12,0,0,real
2026-03-30T13:19:00+05:30,28.12,28.12,28.12,28.12,0,0,real
2026-03-30T13:20:00+05:30,28.13,28.13,28.13,28.13,0,0,real
2026-03-30T13:21:00+05:30,28.09,28.09,28.09,28.09,0,0,real
2026-03-30T13:22:00+05:30,28.09,28.09,28.09,28.09,0,0,real
2026-03-30T13:23:00+05:30,28.09,28.09,28.09,28.09,0,0,real
2026-03-30T13:24:00+05:30,28.09,28.09,28.09,28.09,0,0,real
2026-03-30T13:25:00+05:30,28.08,28.08,28.08,28.08,0,0,real
2026-03-30T13:26:00+05:30,28.06,28.06,28.06,28.06,0,0,real
2026-03-30T13:27:00+05:30,28.03,28.03,28.03,28.03,0,0,real
2026-03-30T13:28:00+05:30,28.05,28.05,28.05,28.05,0,0,real
2026-03-30T13:29:00+05:30,28.03,28.03,28.03,28.03,0,0,real
2026-03-30T13:30:00+05:30,28.01,28.01,28.01,28.01,0,0,real
2026-03-30T13:31:00+05:30,27.99,27.99,27.99,27.99,0,0,real
2026-03-30T13:32:00+05:30,28.0,28.0,28.0,28.0,0,0,real
2026-03-30T13:33:00+05:30,27.99,27.99,27.99,27.99,0,0,real
2026-03-30T13:34:00+05:30,27.98,27.98,27.98,27.98,0,0,real
2026-03-30T13:35:00+05:30,27.92,27.92,27.92,27.92,0,0,real
2026-03-30T13:36:00+05:30,27.95,27.95,27.95,27.95,0,0,real
2026-03-30T13:37:00+05:30,27.99,27.99,27.99,27.99,0,0,real
2026-03-30T13:38:00+05:30,28.02,28.02,28.02,28.02,0,0,real
2026-03-30T13:39:00+05:30,27.98,27.98,27.98,27.98,0,0,real
2026-03-30T13:40:00+05:30,27.94,27.94,27.94,27.94,0,0,real
2026-03-30T13:41:00+05:30,27.98,27.98,27.98,27.98,0,0,real
2026-03-30T13:42:00+05:30,28.0,28.0,28.0,28.0,0,0,real
2026-03-30T13:43:00+05:30,28.0,28.0,28.0,28.0,0,0,real
2026-03-30T13:44:00+05:30,28.03,28.03,28.03,28.03,0,0,real
2026-03-30T13:45:00+05:30,28.0,28.0,28.0,28.0,0,0,real
2026-03-30T13:46:00+05:30,28.01,28.01,28.01,28.01,0,0,real
2026-03-30T13:47:00+05:30,28.01,28.01,28.01,28.01,0,0,real
2026-03-30T13:48:00+05:30,28.0,28.0,28.0,28.0,0,0,real
2026-03-30T13:49:00+05:30,27.98,27.98,27.98,27.98,0,0,real
2026-03-30T13:50:00+05:30,28.03,28.03,28.03,28.03,0,0,real
2026-03-30T13:51:00+05:30,28.07,28.07,28.07,28.07,0,0,real
2026-03-30T13:52:00+05:30,28.08,28.08,28.08,28.08,0,0,real
2026-03-30T13:53:00+05:30,28.1,28.1,28.1,28.1,0,0,real
2026-03-30T13:54:00+05:30,28.13,28.13,28.13,28.13,0,0,real
2026-03-30T13:55:00+05:30,28.13,28.13,28.13,28.13,0,0,real
2026-03-30T13:56:00+05:30,28.15,28.15,28.15,28.15,0,0,real
2026-03-30T13:57:00+05:30,28.11,28.11,28.11,28.11,0,0,real
2026-03-30T13:58:00+05:30,28.1,28.1,28.1,28.1,0,0,real
2026-03-30T13:59:00+05:30,28.13,28.13,28.13,28.13,0,0,real
2026-03-30T14:00:00+05:30,28.09,28.09,28.09,28.09,0,0,real
2026-03-30T14:01:00+05:30,28.05,28.05,28.05,28.05,0,0,real
2026-03-30T14:02:00+05:30,27.96,27.96,27.96,27.96,0,0,real
2026-03-30T14:03:00+05:30,27.89,27.89,27.89,27.89,0,0,real
2026-03-30T14:04:00+05:30,27.86,27.86,27.86,27.86,0,0,real
2026-03-30T14:05:00+05:30,27.88,27.88,27.88,27.88,0,0,real
2026-03-30T14:06:00+05:30,27.95,27.95,27.95,27.95,0,0,real
2026-03-30T14:07:00+05:30,27.93,27.93,27.93,27.93,0,0,real
2026-03-30T14:08:00+05:30,27.9,27.9,27.9,27.9,0,0,real
2026-03-30T14:09:00+05:30,27.87,27.87,27.87,27.87,0,0,real
2026-03-30T14:10:00+05:30,27.92,27.92,27.92,27.92,0,0,real
2026-03-30T14:11:00+05:30,27.97,27.97,27.97,27.97,0,0,real
2026-03-30T14:12:00+05:30,27.93,27.93,27.93,27.93,0,0,real
2026-03-30T14:13:00+05:30,27.93,27.93,27.93,27.93,0,0,real
2026-03-30T14:14:00+05:30,27.91,27.91,27.91,27.91,0,0,real
2026-03-30T14:15:00+05:30,27.93,27.93,27.93,27.93,0,0,real
2026-03-30T14:16:00+05:30,27.96,27.96,27.96,27.96,0,0,real
2026-03-30T14:17:00+05:30,27.99,27.99,27.99,27.99,0,0,real
2026-03-30T14:18:00+05:30,27.99,27.99,27.99,27.99,0,0,real
2026-03-30T14:19:00+05:30,27.98,27.98,27.98,27.98,0,0,real
2026-03-30T14:20:00+05:30,27.96,27.96,27.96,27.96,0,0,real
2026-03-30T14:21:00+05:30,27.91,27.91,27.91,27.91,0,0,real
2026-03-30T14:22:00+05:30,27.91,27.91,27.91,27.91,0,0,real
2026-03-30T14:23:00+05:30,27.92,27.92,27.92,27.92,0,0,real
2026-03-30T14:24:00+05:30,27.93,27.93,27.93,27.93,0,0,real
2026-03-30T14:25:00+05:30,27.95,27.95,27.95,27.95,0,0,real
2026-03-30T14:26:00+05:30,27.95,27.95,27.95,27.95,0,0,real
2026-03-30T14:27:00+05:30,27.9,27.9,27.9,27.9,0,0,real
2026-03-30T14:28:00+05:30,27.92,27.92,27.92,27.92,0,0,real
2026-03-30T14:29:00+05:30,27.89,27.89,27.89,27.89,0,0,real
2026-03-30T14:30:00+05:30,27.91,27.91,27.91,27.91,0,0,real
2026-03-30T14:31:00+05:30,27.9,27.9,27.9,27.9,0,0,real
2026-03-30T14:32:00+05:30,27.92,27.92,27.92,27.92,0,0,real
2026-03-30T14:33:00+05:30,27.9,27.9,27.9,27.9,0,0,real
2026-03-30T14:34:00+05:30,27.85,27.85,27.85,27.85,0,0,real
2026-03-30T14:35:00+05:30,27.85,27.85,27.85,27.85,0,0,real
2026-03-30T14:36:00+05:30,27.85,27.85,27.85,27.85,0,0,real
2026-03-30T14:37:00+05:30,27.81,27.81,27.81,27.81,0,0,real
2026-03-30T14:38:00+05:30,27.81,27.81,27.81,27.81,0,0,real
2026-03-30T14:39:00+05:30,27.81,27.81,27.81,27.81,0,0,real
2026-03-30T14:40:00+05:30,27.81,27.81,27.81,27.81,0,0,real
2026-03-30T14:41:00+05:30,27.81,27.81,27.81,27.81,0,0,real
2026-03-30T14:42:00+05:30,27.8,27.8,27.8,27.8,0,0,real
2026-03-30T14:43:00+05:30,27.81,27.81,27.81,27.81,0,0,real
2026-03-30T14:44:00+05:30,27.74,27.74,27.74,27.74,0,0,real
2026-03-30T14:45:00+05:30,27.78,27.78,27.78,27.78,0,0,real
2026-03-30T14:46:00+05:30,27.73,27.73,27.73,27.73,0,0,real
2026-03-30T14:47:00+05:30,27.74,27.74,27.74,27.74,0,0,real
2026-03-30T14:48:00+05:30,27.74,27.74,27.74,27.74,0,0,real
2026-03-30T14:49:00+05:30,27.75,27.75,27.75,27.75,0,0,real
2026-03-30T14:50:00+05:30,27.74,27.74,27.74,27.74,0,0,real
2026-03-30T14:51:00+05:30,27.77,27.77,27.77,27.77,0,0,real
2026-03-30T14:52:00+05:30,27.88,27.88,27.88,27.88,0,0,real
2026-03-30T14:53:00+05:30,27.86,27.86,27.86,27.86,0,0,real
2026-03-30T14:54:00+05:30,27.83,27.83,27.83,27.83,0,0,real
2026-03-30T14:55:00+05:30,27.84,27.84,27.84,27.84,0,0,real
2026-03-30T14:56:00+05:30,27.83,27.83,27.83,27.83,0,0,real
2026-03-30T14:57:00+05:30,27.77,27.77,27.77,27.77,0,0,real
2026-03-30T14:58:00+05:30,27.71,27.71,27.71,27.71,0,0,real
2026-03-30T14:59:00+05:30,27.76,27.76,27.76,27.76,0,0,real
2026-03-30T15:00:00+05:30,27.74,27.74,27.74,27.74,0,0,real
2026-03-30T15:01:00+05:30,27.94,27.94,27.94,27.94,0,0,real
2026-03-30T15:02:00+05:30,27.84,27.84,27.84,27.84,0,0,real
2026-03-30T15:03:00+05:30,27.83,27.83,27.83,27.83,0,0,real
2026-03-30T15:04:00+05:30,27.86,27.86,27.86,27.86,0,0,real
2026-03-30T15:05:00+05:30,27.93,27.93,27.93,27.93,0,0,real
2026-03-30T15:06:00+05:30,27.88,27.88,27.88,27.88,0,0,real
2026-03-30T15:07:00+05:30,28.0,28.0,28.0,28.0,0,0,real
2026-03-30T15:08:00+05:30,28.01,28.01,28.01,28.01,0,0,real
2026-03-30T15:09:00+05:30,27.97,27.97,27.97,27.97,0,0,real
2026-03-30T15:10:00+05:30,27.97,27.97,27.97,27.97,0,0,real
2026-03-30T15:11:00+05:30,27.93,27.93,27.93,27.93,0,0,real
2026-03-30T15:12:00+05:30,27.9,27.9,27.9,27.9,0,0,real
2026-03-30T15:13:00+05:30,27.97,27.97,27.97,27.97,0,0,real
2026-03-30T15:14:00+05:30,27.95,27.95,27.95,27.95,0,0,real
2026-03-30T15:15:00+05:30,27.97,27.97,27.97,27.97,0,0,real
2026-03-30T15:16:00+05:30,27.92,27.92,27.92,27.92,0,0,real
2026-03-30T15:17:00+05:30,27.95,27.95,27.95,27.95,0,0,real
2026-03-30T15:18:00+05:30,27.9,27.9,27.9,27.9,0,0,real
2026-03-30T15:19:00+05:30,27.92,27.92,27.92,27.92,0,0,real
2026-03-30T15:20:00+05:30,27.87,27.87,27.87,27.87,0,0,real
2026-03-30T15:21:00+05:30,27.86,27.86,27.86,27.86,0,0,real
2026-03-30T15:22:00+05:30,27.82,27.82,27.82,27.82,0,0,real
2026-03-30T15:23:00+05:30,27.8,27.8,27.8,27.8,0,0,real
2026-03-30T15:24:00+05:30,27.86,27.86,27.86,27.86,0,0,real
2026-03-30T15:25:00+05:30,27.79,27.79,27.79,27.79,0,0,real
2026-03-30T15:26:00+05:30,27.83,27.83,27.83,27.83,0,0,real
2026-03-30T15:27:00+05:30,27.81,27.81,27.81,27.81,0,0,real
2026-03-30T15:28:00+05:30,27.8,27.8,27.8,27.8,0,0,real
2026-03-30T15:29:00+05:30,27.76,27.76,27.76,27.76,0,0,real
2026-04-01T09:15:00+05:30,25.37,25.37,25.37,25.37,0,0,real
2026-04-01T09:16:00+05:30,25.85,25.85,25.85,25.85,0,0,real
2026-04-01T09:17:00+05:30,25.54,25.54,25.54,25.54,0,0,real
2026-04-01T09:18:00+05:30,25.24,25.24,25.24,25.24,0,0,real
2026-04-01T09:19:00+05:30,25.13,25.13,25.13,25.13,0,0,real
2026-04-01T09:20:00+05:30,25.13,25.13,25.13,25.13,0,0,real
2026-04-01T09:21:00+05:30,25.03,25.03,25.03,25.03,0,0,real
2026-04-01T09:22:00+05:30,25.07,25.07,25.07,25.07,0,0,real
2026-04-01T09:23:00+05:30,25.13,25.13,25.13,25.13,0,0,real
2026-04-01T09:24:00+05:30,25.09,25.09,25.09,25.09,0,0,real
2026-04-01T09:25:00+05:30,24.94,24.94,24.94,24.94,0,0,real
2026-04-01T09:26:00+05:30,24.97,24.97,24.97,24.97,0,0,real
2026-04-01T09:27:00+05:30,24.89,24.89,24.89,24.89,0,0,real
2026-04-01T09:28:00+05:30,24.94,24.94,24.94,24.94,0,0,real
2026-04-01T09:29:00+05:30,24.94,24.94,24.94,24.94,0,0,real
2026-04-01T09:30:00+05:30,24.86,24.86,24.86,24.86,0,0,real
2026-04-01T09:31:00+05:30,25.0,25.0,25.0,25.0,0,0,real
2026-04-01T09:32:00+05:30,25.05,25.05,25.05,25.05,0,0,real
2026-04-01T09:33:00+05:30,25.1,25.1,25.1,25.1,0,0,real
2026-04-01T09:34:00+05:30,25.16,25.16,25.16,25.16,0,0,real
2026-04-01T09:35:00+05:30,25.25,25.25,25.25,25.25,0,0,real
2026-04-01T09:36:00+05:30,25.29,25.29,25.29,25.29,0,0,real
2026-04-01T09:37:00+05:30,25.32,25.32,25.32,25.32,0,0,real
2026-04-01T09:38:00+05:30,25.23,25.23,25.23,25.23,0,0,real
2026-04-01T09:39:00+05:30,25.23,25.23,25.23,25.23,0,0,real
2026-04-01T09:40:00+05:30,25.17,25.17,25.17,25.17,0,0,real
2026-04-01T09:41:00+05:30,25.11,25.11,25.11,25.11,0,0,real
2026-04-01T09:43:00+05:30,25.13,25.13,25.13,25.13,0,0,real
2026-04-01T09:44:00+05:30,25.14,25.14,25.14,25.14,0,0,real
2026-04-01T09:45:00+05:30,25.13,25.13,25.13,25.13,0,0,real
2026-04-01T09:46:00+05:30,25.17,25.17,25.17,25.17,0,0,real
2026-04-01T09:47:00+05:30,25.17,25.17,25.17,25.17,0,0,real
2026-04-01T09:48:00+05:30,25.14,25.14,25.14,25.14,0,0,real
2026-04-01T09:49:00+05:30,25.06,25.06,25.06,25.06,0,0,real
2026-04-01T09:50:00+05:30,25.06,25.06,25.06,25.06,0,0,real
2026-04-01T09:51:00+05:30,25.05,25.05,25.05,25.05,0,0,real
2026-04-01T09:52:00+05:30,25.02,25.02,25.02,25.02,0,0,real
2026-04-01T09:53:00+05:30,25.08,25.08,25.08,25.08,0,0,real
2026-04-01T09:54:00+05:30,25.06,25.06,25.06,25.06,0,0,real
2026-04-01T09:55:00+05:30,25.08,25.08,25.08,25.08,0,0,real
2026-04-01T09:56:00+05:30,25.08,25.08,25.08,25.08,0,0,real
2026-04-01T09:57:00+05:30,25.07,25.07,25.07,25.07,0,0,real
2026-04-01T09:58:00+05:30,25.08,25.08,25.08,25.08,0,0,real
2026-04-01T09:59:00+05:30,25.08,25.08,25.08,25.08,0,0,real
2026-04-01T10:00:00+05:30,24.99,24.99,24.99,24.99,0,0,real
2026-04-01T10:01:00+05:30,25.0,25.0,25.0,25.0,0,0,real
2026-04-01T10:02:00+05:30,24.99,24.99,24.99,24.99,0,0,real
2026-04-01T10:03:00+05:30,24.94,24.94,24.94,24.94,0,0,real
2026-04-01T10:04:00+05:30,25.16,25.16,25.16,25.16,0,0,real
2026-04-01T10:05:00+05:30,25.21,25.21,25.21,25.21,0,0,real
2026-04-01T10:06:00+05:30,25.28,25.28,25.28,25.28,0,0,real
2026-04-01T10:07:00+05:30,25.29,25.29,25.29,25.29,0,0,real
2026-04-01T10:08:00+05:30,25.29,25.29,25.29,25.29,0,0,real
2026-04-01T10:09:00+05:30,25.26,25.26,25.26,25.26,0,0,real
2026-04-01T10:10:00+05:30,25.34,25.34,25.34,25.34,0,0,real
2026-04-01T10:11:00+05:30,25.36,25.36,25.36,25.36,0,0,real
2026-04-01T10:12:00+05:30,25.32,25.32,25.32,25.32,0,0,real
2026-04-01T10:13:00+05:30,25.27,25.27,25.27,25.27,0,0,real
2026-04-01T10:14:00+05:30,25.27,25.27,25.27,25.27,0,0,real
2026-04-01T10:15:00+05:30,25.18,25.18,25.18,25.18,0,0,real
2026-04-01T10:16:00+05:30,25.06,25.06,25.06,25.06,0,0,real
2026-04-01T10:17:00+05:30,25.09,25.09,25.09,25.09,0,0,real
2026-04-01T10:18:00+05:30,25.11,25.11,25.11,25.11,0,0,real
2026-04-01T10:19:00+05:30,25.09,25.09,25.09,25.09,0,0,real
2026-04-01T10:20:00+05:30,25.08,25.08,25.08,25.08,0,0,real
2026-04-01T10:21:00+05:30,25.1,25.1,25.1,25.1,0,0,real
2026-04-01T10:22:00+05:30,25.12,25.12,25.12,25.12,0,0,real
2026-04-01T10:23:00+05:30,25.16,25.16,25.16,25.16,0,0,real
2026-04-01T10:24:00+05:30,25.17,25.17,25.17,25.17,0,0,real
2026-04-01T10:25:00+05:30,25.24,25.24,25.24,25.24,0,0,real
2026-04-01T10:26:00+05:30,25.29,25.29,25.29,25.29,0,0,real
2026-04-01T10:27:00+05:30,25.29,25.29,25.29,25.29,0,0,real
2026-04-01T10:28:00+05:30,25.28,25.28,25.28,25.28,0,0,real
2026-04-01T10:29:00+05:30,25.31,25.31,25.31,25.31,0,0,real
2026-04-01T10:30:00+05:30,25.45,25.45,25.45,25.45,0,0,real
2026-04-01T10:31:00+05:30,25.4,25.4,25.4,25.4,0,0,real
2026-04-01T10:32:00+05:30,25.34,25.34,25.34,25.34,0,0,real
2026-04-01T10:33:00+05:30,25.34,25.34,25.34,25.34,0,0,real
2026-04-01T10:34:00+05:30,25.34,25.34,25.34,25.34,0,0,real
2026-04-01T10:35:00+05:30,25.3,25.3,25.3,25.3,0,0,real
2026-04-01T10:36:00+05:30,25.3,25.3,25.3,25.3,0,0,real
2026-04-01T10:37:00+05:30,25.29,25.29,25.29,25.29,0,0,real
2026-04-01T10:38:00+05:30,25.26,25.26,25.26,25.26,0,0,real
2026-04-01T10:39:00+05:30,25.23,25.23,25.23,25.23,0,0,real
2026-04-01T10:40:00+05:30,25.26,25.26,25.26,25.26,0,0,real
2026-04-01T10:41:00+05:30,25.28,25.28,25.28,25.28,0,0,real
2026-04-01T10:42:00+05:30,25.29,25.29,25.29,25.29,0,0,real
2026-04-01T10:43:00+05:30,25.27,25.27,25.27,25.27,0,0,real
2026-04-01T10:44:00+05:30,25.25,25.25,25.25,25.25,0,0,real
2026-04-01T10:45:00+05:30,25.23,25.23,25.23,25.23,0,0,real
2026-04-01T10:46:00+05:30,25.27,25.27,25.27,25.27,0,0,real
2026-04-01T10:47:00+05:30,25.26,25.26,25.26,25.26,0,0,real
2026-04-01T10:48:00+05:30,25.21,25.21,25.21,25.21,0,0,real
2026-04-01T10:49:00+05:30,25.27,25.27,25.27,25.27,0,0,real
2026-04-01T10:50:00+05:30,25.33,25.33,25.33,25.33,0,0,real
2026-04-01T10:51:00+05:30,25.34,25.34,25.34,25.34,0,0,real
2026-04-01T10:52:00+05:30,25.33,25.33,25.33,25.33,0,0,real
2026-04-01T10:53:00+05:30,25.33,25.33,25.33,25.33,0,0,real
2026-04-01T10:54:00+05:30,25.34,25.34,25.34,25.34,0,0,real
2026-04-01T10:55:00+05:30,25.36,25.36,25.36,25.36,0,0,real
2026-04-01T10:56:00+05:30,25.36,25.36,25.36,25.36,0,0,real
2026-04-01T10:57:00+05:30,25.41,25.41,25.41,25.41,0,0,real
2026-04-01T10:58:00+05:30,25.45,25.45,25.45,25.45,0,0,real
2026-04-01T10:59:00+05:30,25.41,25.41,25.41,25.41,0,0,real
2026-04-01T11:00:00+05:30,25.42,25.42,25.42,25.42,0,0,real
2026-04-01T11:01:00+05:30,25.37,25.37,25.37,25.37,0,0,real
2026-04-01T11:02:00+05:30,25.36,25.36,25.36,25.36,0,0,real
2026-04-01T11:03:00+05:30,25.41,25.41,25.41,25.41,0,0,real
2026-04-01T11:04:00+05:30,25.39,25.39,25.39,25.39,0,0,real
2026-04-01T11:05:00+05:30,25.43,25.43,25.43,25.43,0,0,real
2026-04-01T11:06:00+05:30,25.39,25.39,25.39,25.39,0,0,real
2026-04-01T11:07:00+05:30,25.39,25.39,25.39,25.39,0,0,real
2026-04-01T11:08:00+05:30,25.31,25.31,25.31,25.31,0,0,real
2026-04-01T11:09:00+05:30,25.4,25.4,25.4,25.4,0,0,real
2026-04-01T11:10:00+05:30,25.31,25.31,25.31,25.31,0,0,real
2026-04-01T11:11:00+05:30,25.31,25.31,25.31,25.31,0,0,real
2026-04-01T11:12:00+05:30,25.35,25.35,25.35,25.35,0,0,real
2026-04-01T11:13:00+05:30,25.35,25.35,25.35,25.35,0,0,real
2026-04-01T11:14:00+05:30,25.31,25.31,25.31,25.31,0,0,real
2026-04-01T11:15:00+05:30,25.33,25.33,25.33,25.33,0,0,real
2026-04-01T11:16:00+05:30,25.32,25.32,25.32,25.32,0,0,real
2026-04-01T11:17:00+05:30,25.3,25.3,25.3,25.3,0,0,real
2026-04-01T11:18:00+05:30,25.29,25.29,25.29,25.29,0,0,real
2026-04-01T11:19:00+05:30,25.25,25.25,25.25,25.25,0,0,real
2026-04-01T11:20:00+05:30,25.25,25.25,25.25,25.25,0,0,real
2026-04-01T11:21:00+05:30,25.24,25.24,25.24,25.24,0,0,real
2026-04-01T11:22:00+05:30,25.25,25.25,25.25,25.25,0,0,real
2026-04-01T11:23:00+05:30,25.24,25.24,25.24,25.24,0,0,real
2026-04-01T11:24:00+05:30,25.25,25.25,25.25,25.25,0,0,real
2026-04-01T11:25:00+05:30,25.25,25.25,25.25,25.25,0,0,real
2026-04-01T11:26:00+05:30,25.25,25.25,25.25,25.25,0,0,real
2026-04-01T11:27:00+05:30,25.19,25.19,25.19,25.19,0,0,real
2026-04-01T11:28:00+05:30,25.2,25.2,25.2,25.2,0,0,real
2026-04-01T11:29:00+05:30,25.22,25.22,25.22,25.22,0,0,real
2026-04-01T11:30:00+05:30,25.18,25.18,25.18,25.18,0,0,real
2026-04-01T11:31:00+05:30,25.14,25.14,25.14,25.14,0,0,real
2026-04-01T11:32:00+05:30,25.11,25.11,25.11,25.11,0,0,real
2026-04-01T11:33:00+05:30,25.12,25.12,25.12,25.12,0,0,real
2026-04-01T11:34:00+05:30,25.11,25.11,25.11,25.11,0,0,real
2026-04-01T11:35:00+05:30,25.1,25.1,25.1,25.1,0,0,real
2026-04-01T11:36:00+05:30,25.08,25.08,25.08,25.08,0,0,real
2026-04-01T11:37:00+05:30,25.06,25.06,25.06,25.06,0,0,real
2026-04-01T11:38:00+05:30,25.05,25.05,25.05,25.05,0,0,real
2026-04-01T11:39:00+05:30,25.05,25.05,25.05,25.05,0,0,real
2026-04-01T11:40:00+05:30,25.07,25.07,25.07,25.07,0,0,real
2026-04-01T11:41:00+05:30,25.04,25.04,25.04,25.04,0,0,real
2026-04-01T11:42:00+05:30,25.06,25.06,25.06,25.06,0,0,real
2026-04-01T11:43:00+05:30,25.06,25.06,25.06,25.06,0,0,real
2026-04-01T11:44:00+05:30,25.05,25.05,25.05,25.05,0,0,real
2026-04-01T11:45:00+05:30,25.07,25.07,25.07,25.07,0,0,real
2026-04-01T11:46:00+05:30,25.06,25.06,25.06,25.06,0,0,real
2026-04-01T11:47:00+05:30,25.14,25.14,25.14,25.14,0,0,real
2026-04-01T11:48:00+05:30,25.2,25.2,25.2,25.2,0,0,real
2026-04-01T11:49:00+05:30,25.2,25.2,25.2,25.2,0,0,real
2026-04-01T11:50:00+05:30,25.2,25.2,25.2,25.2,0,0,real
2026-04-01T11:51:00+05:30,25.16,25.16,25.16,25.16,0,0,real
2026-04-01T11:52:00+05:30,25.17,25.17,25.17,25.17,0,0,real
2026-04-01T11:53:00+05:30,25.2,25.2,25.2,25.2,0,0,real
2026-04-01T11:54:00+05:30,25.21,25.21,25.21,25.21,0,0,real
2026-04-01T11:55:00+05:30,25.2,25.2,25.2,25.2,0,0,real
2026-04-01T11:56:00+05:30,25.22,25.22,25.22,25.22,0,0,real
2026-04-01T11:57:00+05:30,25.15,25.15,25.15,25.15,0,0,real
2026-04-01T11:58:00+05:30,25.17,25.17,25.17,25.17,0,0,real
2026-04-01T11:59:00+05:30,25.15,25.15,25.15,25.15,0,0,real
2026-04-01T12:00:00+05:30,25.05,25.05,25.05,25.05,0,0,real
2026-04-01T12:01:00+05:30,25.08,25.08,25.08,25.08,0,0,real
2026-04-01T12:02:00+05:30,25.02,25.02,25.02,25.02,0,0,real
2026-04-01T12:03:00+05:30,24.97,24.97,24.97,24.97,0,0,real
2026-04-01T12:04:00+05:30,24.99,24.99,24.99,24.99,0,0,real
2026-04-01T12:05:00+05:30,24.98,24.98,24.98,24.98,0,0,real
2026-04-01T12:06:00+05:30,24.99,24.99,24.99,24.99,0,0,real
2026-04-01T12:07:00+05:30,25.0,25.0,25.0,25.0,0,0,real
2026-04-01T12:08:00+05:30,25.0,25.0,25.0,25.0,0,0,real
2026-04-01T12:09:00+05:30,24.99,24.99,24.99,24.99,0,0,real
2026-04-01T12:10:00+05:30,24.98,24.98,24.98,24.98,0,0,real
2026-04-01T12:11:00+05:30,25.0,25.0,25.0,25.0,0,0,real
2026-04-01T12:12:00+05:30,24.93,24.93,24.93,24.93,0,0,real
2026-04-01T12:13:00+05:30,24.91,24.91,24.91,24.91,0,0,real
2026-04-01T12:14:00+05:30,24.88,24.88,24.88,24.88,0,0,real
2026-04-01T12:15:00+05:30,24.88,24.88,24.88,24.88,0,0,real
2026-04-01T12:16:00+05:30,24.84,24.84,24.84,24.84,0,0,real
2026-04-01T12:17:00+05:30,24.85,24.85,24.85,24.85,0,0,real
2026-04-01T12:18:00+05:30,24.82,24.82,24.82,24.82,0,0,real
2026-04-01T12:19:00+05:30,24.78,24.78,24.78,24.78,0,0,real
2026-04-01T12:20:00+05:30,24.78,24.78,24.78,24.78,0,0,real
2026-04-01T12:21:00+05:30,24.77,24.77,24.77,24.77,0,0,real
2026-04-01T12:22:00+05:30,24.78,24.78,24.78,24.78,0,0,real
2026-04-01T12:23:00+05:30,24.8,24.8,24.8,24.8,0,0,real
2026-04-01T12:24:00+05:30,24.81,24.81,24.81,24.81,0,0,real
2026-04-01T12:25:00+05:30,24.83,24.83,24.83,24.83,0,0,real
2026-04-01T12:26:00+05:30,24.84,24.84,24.84,24.84,0,0,real
2026-04-01T12:27:00+05:30,24.84,24.84,24.84,24.84,0,0,real
2026-04-01T12:28:00+05:30,24.83,24.83,24.83,24.83,0,0,real
2026-04-01T12:29:00+05:30,24.8,24.8,24.8,24.8,0,0,real
2026-04-01T12:30:00+05:30,24.84,24.84,24.84,24.84,0,0,real
2026-04-01T12:31:00+05:30,24.84,24.84,24.84,24.84,0,0,real
2026-04-01T12:32:00+05:30,24.83,24.83,24.83,24.83,0,0,real
2026-04-01T12:33:00+05:30,24.83,24.83,24.83,24.83,0,0,real
2026-04-01T12:34:00+05:30,24.82,24.82,24.82,24.82,0,0,real
2026-04-01T12:35:00+05:30,24.86,24.86,24.86,24.86,0,0,real
2026-04-01T12:36:00+05:30,24.83,24.83,24.83,24.83,0,0,real
2026-04-01T12:37:00+05:30,24.77,24.77,24.77,24.77,0,0,real
2026-04-01T12:38:00+05:30,24.78,24.78,24.78,24.78,0,0,real
2026-04-01T12:39:00+05:30,24.8,24.8,24.8,24.8,0,0,real
2026-04-01T12:40:00+05:30,24.8,24.8,24.8,24.8,0,0,real
2026-04-01T12:41:00+05:30,24.8,24.8,24.8,24.8,0,0,real
2026-04-01T12:42:00+05:30,24.79,24.79,24.79,24.79,0,0,real
2026-04-01T12:43:00+05:30,24.75,24.75,24.75,24.75,0,0,real
2026-04-01T12:44:00+05:30,24.74,24.74,24.74,24.74,0,0,real
2026-04-01T12:45:00+05:30,24.76,24.76,24.76,24.76,0,0,real
2026-04-01T12:46:00+05:30,24.72,24.72,24.72,24.72,0,0,real
2026-04-01T12:47:00+05:30,24.7,24.7,24.7,24.7,0,0,real
2026-04-01T12:48:00+05:30,24.66,24.66,24.66,24.66,0,0,real
2026-04-01T12:49:00+05:30,24.65,24.65,24.65,24.65,0,0,real
2026-04-01T12:50:00+05:30,24.66,24.66,24.66,24.66,0,0,real
2026-04-01T12:51:00+05:30,24.67,24.67,24.67,24.67,0,0,real
2026-04-01T12:52:00+05:30,24.66,24.66,24.66,24.66,0,0,real
2026-04-01T12:53:00+05:30,24.63,24.63,24.63,24.63,0,0,real
2026-04-01T12:54:00+05:30,24.64,24.64,24.64,24.64,0,0,real
2026-04-01T12:55:00+05:30,24.65,24.65,24.65,24.65,0,0,real
2026-04-01T12:56:00+05:30,24.64,24.64,24.64,24.64,0,0,real
2026-04-01T12:57:00+05:30,24.65,24.65,24.65,24.65,0,0,real
2026-04-01T12:58:00+05:30,24.65,24.65,24.65,24.65,0,0,real
2026-04-01T12:59:00+05:30,24.65,24.65,24.65,24.65,0,0,real
2026-04-01T13:00:00+05:30,24.63,24.63,24.63,24.63,0,0,real
2026-04-01T13:01:00+05:30,24.64,24.64,24.64,24.64,0,0,real
2026-04-01T13:02:00+05:30,24.63,24.63,24.63,24.63,0,0,real
2026-04-01T13:03:00+05:30,24.63,24.63,24.63,24.63,0,0,real
2026-04-01T13:04:00+05:30,24.62,24.62,24.62,24.62,0,0,real
2026-04-01T13:05:00+05:30,24.63,24.63,24.63,24.63,0,0,real
2026-04-01T13:06:00+05:30,24.61,24.61,24.61,24.61,0,0,real
2026-04-01T13:07:00+05:30,24.6,24.6,24.6,24.6,0,0,real
2026-04-01T13:08:00+05:30,24.61,24.61,24.61,24.61,0,0,real
2026-04-01T13:09:00+05:30,24.61,24.61,24.61,24.61,0,0,real
2026-04-01T13:10:00+05:30,24.62,24.62,24.62,24.62,0,0,real
2026-04-01T13:11:00+05:30,24.63,24.63,24.63,24.63,0,0,real
2026-04-01T13:12:00+05:30,24.64,24.64,24.64,24.64,0,0,real
2026-04-01T13:13:00+05:30,24.61,24.61,24.61,24.61,0,0,real
2026-04-01T13:14:00+05:30,24.57,24.57,24.57,24.57,0,0,real
2026-04-01T13:15:00+05:30,24.58,24.58,24.58,24.58,0,0,real
2026-04-01T13:16:00+05:30,24.59,24.59,24.59,24.59,0,0,real
2026-04-01T13:17:00+05:30,24.58,24.58,24.58,24.58,0,0,real
2026-04-01T13:18:00+05:30,24.56,24.56,24.56,24.56,0,0,real
2026-04-01T13:19:00+05:30,24.64,24.64,24.64,24.64,0,0,real
2026-04-01T13:20:00+05:30,24.63,24.63,24.63,24.63,0,0,real
2026-04-01T13:21:00+05:30,24.61,24.61,24.61,24.61,0,0,real
2026-04-01T13:22:00+05:30,24.64,24.64,24.64,24.64,0,0,real
2026-04-01T13:23:00+05:30,24.69,24.69,24.69,24.69,0,0,real
2026-04-01T13:24:00+05:30,24.68,24.68,24.68,24.68,0,0,real
2026-04-01T13:25:00+05:30,24.72,24.72,24.72,24.72,0,0,real
2026-04-01T13:26:00+05:30,24.72,24.72,24.72,24.72,0,0,real
2026-04-01T13:27:00+05:30,24.67,24.67,24.67,24.67,0,0,real
2026-04-01T13:28:00+05:30,24.69,24.69,24.69,24.69,0,0,real
2026-04-01T13:29:00+05:30,24.69,24.69,24.69,24.69,0,0,real
2026-04-01T13:30:00+05:30,24.77,24.77,24.77,24.77,0,0,real
2026-04-01T13:31:00+05:30,24.8,24.8,24.8,24.8,0,0,real
2026-04-01T13:32:00+05:30,24.8,24.8,24.8,24.8,0,0,real
2026-04-01T13:33:00+05:30,24.79,24.79,24.79,24.79,0,0,real
2026-04-01T13:34:00+05:30,24.8,24.8,24.8,24.8,0,0,real
2026-04-01T13:35:00+05:30,24.85,24.85,24.85,24.85,0,0,real
2026-04-01T13:36:00+05:30,24.82,24.82,24.82,24.82,0,0,real
2026-04-01T13:37:00+05:30,24.8,24.8,24.8,24.8,0,0,real
2026-04-01T13:38:00+05:30,24.78,24.78,24.78,24.78,0,0,real
2026-04-01T13:39:00+05:30,24.79,24.79,24.79,24.79,0,0,real
2026-04-01T13:40:00+05:30,24.94,24.94,24.94,24.94,0,0,real
2026-04-01T13:41:00+05:30,25.14,25.14,25.14,25.14,0,0,real
2026-04-01T13:42:00+05:30,25.16,25.16,25.16,25.16,0,0,real
2026-04-01T13:43:00+05:30,25.29,25.29,25.29,25.29,0,0,real
2026-04-01T13:44:00+05:30,25.29,25.29,25.29,25.29,0,0,real
2026-04-01T13:45:00+05:30,25.24,25.24,25.24,25.24,0,0,real
2026-04-01T13:46:00+05:30,25.24,25.24,25.24,25.24,0,0,real
2026-04-01T13:47:00+05:30,25.15,25.15,25.15,25.15,0,0,real
2026-04-01T13:48:00+05:30,25.09,25.09,25.09,25.09,0,0,real
2026-04-01T13:49:00+05:30,25.1,25.1,25.1,25.1,0,0,real
2026-04-01T13:50:00+05:30,25.1,25.1,25.1,25.1,0,0,real
2026-04-01T13:51:00+05:30,25.1,25.1,25.1,25.1,0,0,real
2026-04-01T13:52:00+05:30,25.08,25.08,25.08,25.08,0,0,real
2026-04-01T13:53:00+05:30,25.04,25.04,25.04,25.04,0,0,real
2026-04-01T13:54:00+05:30,25.11,25.11,25.11,25.11,0,0,real
2026-04-01T13:55:00+05:30,25.12,25.12,25.12,25.12,0,0,real
2026-04-01T13:56:00+05:30,25.08,25.08,25.08,25.08,0,0,real
2026-04-01T13:57:00+05:30,25.04,25.04,25.04,25.04,0,0,real
2026-04-01T13:58:00+05:30,25.03,25.03,25.03,25.03,0,0,real
2026-04-01T13:59:00+05:30,25.04,25.04,25.04,25.04,0,0,real
2026-04-01T14:00:00+05:30,25.05,25.05,25.05,25.05,0,0,real
2026-04-01T14:01:00+05:30,25.09,25.09,25.09,25.09,0,0,real
2026-04-01T14:02:00+05:30,25.01,25.01,25.01,25.01,0,0,real
2026-04-01T14:03:00+05:30,24.97,24.97,24.97,24.97,0,0,real
2026-04-01T14:04:00+05:30,24.97,24.97,24.97,24.97,0,0,real
2026-04-01T14:05:00+05:30,25.0,25.0,25.0,25.0,0,0,real
2026-04-01T14:06:00+05:30,24.98,24.98,24.98,24.98,0,0,real
2026-04-01T14:07:00+05:30,24.99,24.99,24.99,24.99,0,0,real
2026-04-01T14:08:00+05:30,24.95,24.95,24.95,24.95,0,0,real
2026-04-01T14:09:00+05:30,24.9,24.9,24.9,24.9,0,0,real
2026-04-01T14:10:00+05:30,24.93,24.93,24.93,24.93,0,0,real
2026-04-01T14:11:00+05:30,24.89,24.89,24.89,24.89,0,0,real
2026-04-01T14:12:00+05:30,24.89,24.89,24.89,24.89,0,0,real
2026-04-01T14:13:00+05:30,24.91,24.91,24.91,24.91,0,0,real
2026-04-01T14:14:00+05:30,24.82,24.82,24.82,24.82,0,0,real
2026-04-01T14:15:00+05:30,24.83,24.83,24.83,24.83,0,0,real
2026-04-01T14:16:00+05:30,24.9,24.9,24.9,24.9,0,0,real
2026-04-01T14:17:00+05:30,24.93,24.93,24.93,24.93,0,0,real
2026-04-01T14:18:00+05:30,24.95,24.95,24.95,24.95,0,0,real
2026-04-01T14:19:00+05:30,24.92,24.92,24.92,24.92,0,0,real
2026-04-01T14:20:00+05:30,24.93,24.93,24.93,24.93,0,0,real
2026-04-01T14:21:00+05:30,24.96,24.96,24.96,24.96,0,0,real
2026-04-01T14:22:00+05:30,24.93,24.93,24.93,24.93,0,0,real
2026-04-01T14:23:00+05:30,24.91,24.91,24.91,24.91,0,0,real
2026-04-01T14:24:00+05:30,24.93,24.93,24.93,24.93,0,0,real
2026-04-01T14:25:00+05:30,24.91,24.91,24.91,24.91,0,0,real
2026-04-01T14:26:00+05:30,24.88,24.88,24.88,24.88,0,0,real
2026-04-01T14:27:00+05:30,24.87,24.87,24.87,24.87,0,0,real
2026-04-01T14:28:00+05:30,24.87,24.87,24.87,24.87,0,0,real
2026-04-01T14:29:00+05:30,24.86,24.86,24.86,24.86,0,0,real
2026-04-01T14:30:00+05:30,24.89,24.89,24.89,24.89,0,0,real
2026-04-01T14:31:00+05:30,24.91,24.91,24.91,24.91,0,0,real
2026-04-01T14:32:00+05:30,24.9,24.9,24.9,24.9,0,0,real
2026-04-01T14:33:00+05:30,24.98,24.98,24.98,24.98,0,0,real
2026-04-01T14:34:00+05:30,25.01,25.01,25.01,25.01,0,0,real
2026-04-01T14:35:00+05:30,25.02,25.02,25.02,25.02,0,0,real
2026-04-01T14:36:00+05:30,24.99,24.99,24.99,24.99,0,0,real
2026-04-01T14:37:00+05:30,25.01,25.01,25.01,25.01,0,0,real
2026-04-01T14:38:00+05:30,25.05,25.05,25.05,25.05,0,0,real
2026-04-01T14:39:00+05:30,25.08,25.08,25.08,25.08,0,0,real
2026-04-01T14:40:00+05:30,25.13,25.13,25.13,25.13,0,0,real
2026-04-01T14:41:00+05:30,25.1,25.1,25.1,25.1,0,0,real
2026-04-01T14:42:00+05:30,25.09,25.09,25.09,25.09,0,0,real
2026-04-01T14:43:00+05:30,25.04,25.04,25.04,25.04,0,0,real
2026-04-01T14:44:00+05:30,25.1,25.1,25.1,25.1,0,0,real
2026-04-01T14:45:00+05:30,25.18,25.18,25.18,25.18,0,0,real
2026-04-01T14:46:00+05:30,25.21,25.21,25.21,25.21,0,0,real
2026-04-01T14:47:00+05:30,25.19,25.19,25.19,25.19,0,0,real
2026-04-01T14:48:00+05:30,25.27,25.27,25.27,25.27,0,0,real
2026-04-01T14:49:00+05:30,25.29,25.29,25.29,25.29,0,0,real
2026-04-01T14:50:00+05:30,25.33,25.33,25.33,25.33,0,0,real
2026-04-01T14:51:00+05:30,25.27,25.27,25.27,25.27,0,0,real
2026-04-01T14:52:00+05:30,25.2,25.2,25.2,25.2,0,0,real
2026-04-01T14:53:00+05:30,25.21,25.21,25.21,25.21,0,0,real
2026-04-01T14:54:00+05:30,25.19,25.19,25.19,25.19,0,0,real
2026-04-01T14:55:00+05:30,25.08,25.08,25.08,25.08,0,0,real
2026-04-01T14:56:00+05:30,25.07,25.07,25.07,25.07,0,0,real
2026-04-01T14:57:00+05:30,25.05,25.05,25.05,25.05,0,0,real
2026-04-01T14:58:00+05:30,25.11,25.11,25.11,25.11,0,0,real
2026-04-01T14:59:00+05:30,25.14,25.14,25.14,25.14,0,0,real
2026-04-01T15:00:00+05:30,25.03,25.03,25.03,25.03,0,0,real
2026-04-01T15:01:00+05:30,25.01,25.01,25.01,25.01,0,0,real
2026-04-01T15:02:00+05:30,25.04,25.04,25.04,25.04,0,0,real
2026-04-01T15:03:00+05:30,25.08,25.08,25.08,25.08,0,0,real
2026-04-01T15:04:00+05:30,25.07,25.07,25.07,25.07,0,0,real
2026-04-01T15:05:00+05:30,25.1,25.1,25.1,25.1,0,0,real
2026-04-01T15:06:00+05:30,25.07,25.07,25.07,25.07,0,0,real
2026-04-01T15:07:00+05:30,25.1,25.1,25.1,25.1,0,0,real
2026-04-01T15:08:00+05:30,25.08,25.08,25.08,25.08,0,0,real
2026-04-01T15:09:00+05:30,25.0,25.0,25.0,25.0,0,0,real
2026-04-01T15:10:00+05:30,25.01,25.01,25.01,25.01,0,0,real
2026-04-01T15:11:00+05:30,25.03,25.03,25.03,25.03,0,0,real
2026-04-01T15:12:00+05:30,25.03,25.03,25.03,25.03,0,0,real
2026-04-01T15:13:00+05:30,25.03,25.03,25.03,25.03,0,0,real
2026-04-01T15:14:00+05:30,25.08,25.08,25.08,25.08,0,0,real
2026-04-01T15:15:00+05:30,25.05,25.05,25.05,25.05,0,0,real
2026-04-01T15:16:00+05:30,25.04,25.04,25.04,25.04,0,0,real
2026-04-01T15:17:00+05:30,24.99,24.99,24.99,24.99,0,0,real
2026-04-01T15:18:00+05:30,24.98,24.98,24.98,24.98,0,0,real
2026-04-01T15:19:00+05:30,25.01,25.01,25.01,25.01,0,0,real
2026-04-01T15:20:00+05:30,25.05,25.05,25.05,25.05,0,0,real
2026-04-01T15:21:00+05:30,25.05,25.05,25.05,25.05,0,0,real
2026-04-01T15:22:00+05:30,24.97,24.97,24.97,24.97,0,0,real
2026-04-01T15:23:00+05:30,24.96,24.96,24.96,24.96,0,0,real
2026-04-01T15:24:00+05:30,24.98,24.98,24.98,24.98,0,0,real
2026-04-01T15:25:00+05:30,24.97,24.97,24.97,24.97,0,0,real
2026-04-01T15:26:00+05:30,24.9,24.9,24.9,24.9,0,0,real
2026-04-01T15:27:00+05:30,24.83,24.83,24.83,24.83,0,0,real
2026-04-01T15:28:00+05:30,24.93,24.93,24.93,24.93,0,0,real
2026-04-01T15:29:00+05:30,24.87,24.87,24.87,24.87,0,0,real
2026-04-01T15:30:00+05:30,26.1,26.1,26.1,26.1,0,0,proxy
2026-04-02T09:15:00+05:30,26.06,26.06,26.06,26.06,0,0,real
2026-04-02T09:16:00+05:30,26.59,26.59,26.59,26.59,0,0,real
2026-04-02T09:17:00+05:30,26.27,26.27,26.27,26.27,0,0,real
2026-04-02T09:18:00+05:30,26.23,26.23,26.23,26.23,0,0,real
2026-04-02T09:19:00+05:30,26.28,26.28,26.28,26.28,0,0,real
2026-04-02T09:20:00+05:30,26.23,26.23,26.23,26.23,0,0,real
2026-04-02T09:21:00+05:30,26.19,26.19,26.19,26.19,0,0,real
2026-04-02T09:22:00+05:30,26.15,26.15,26.15,26.15,0,0,real
2026-04-02T09:23:00+05:30,26.01,26.01,26.01,26.01,0,0,real
2026-04-02T09:24:00+05:30,25.96,25.96,25.96,25.96,0,0,real
2026-04-02T09:25:00+05:30,25.96,25.96,25.96,25.96,0,0,real
2026-04-02T09:26:00+05:30,26.01,26.01,26.01,26.01,0,0,real
2026-04-02T09:27:00+05:30,26.05,26.05,26.05,26.05,0,0,real
2026-04-02T09:28:00+05:30,26.07,26.07,26.07,26.07,0,0,real
2026-04-02T09:29:00+05:30,26.06,26.06,26.06,26.06,0,0,real
2026-04-02T09:30:00+05:30,26.04,26.04,26.04,26.04,0,0,real
2026-04-02T09:31:00+05:30,25.97,25.97,25.97,25.97,0,0,real
2026-04-02T09:32:00+05:30,25.99,25.99,25.99,25.99,0,0,real
2026-04-02T09:33:00+05:30,26.0,26.0,26.0,26.0,0,0,real
2026-04-02T09:34:00+05:30,26.01,26.01,26.01,26.01,0,0,real
2026-04-02T09:35:00+05:30,25.98,25.98,25.98,25.98,0,0,real
2026-04-02T09:36:00+05:30,25.96,25.96,25.96,25.96,0,0,real
2026-04-02T09:37:00+05:30,25.92,25.92,25.92,25.92,0,0,real
2026-04-02T09:38:00+05:30,26.01,26.01,26.01,26.01,0,0,real
2026-04-02T09:39:00+05:30,26.02,26.02,26.02,26.02,0,0,real
2026-04-02T09:40:00+05:30,26.08,26.08,26.08,26.08,0,0,real
2026-04-02T09:41:00+05:30,26.01,26.01,26.01,26.01,0,0,real
2026-04-02T09:42:00+05:30,26.1,26.1,26.1,26.1,0,0,real
2026-04-02T09:43:00+05:30,26.07,26.07,26.07,26.07,0,0,real
2026-04-02T09:44:00+05:30,26.1,26.1,26.1,26.1,0,0,real
2026-04-02T09:45:00+05:30,26.06,26.06,26.06,26.06,0,0,real
2026-04-02T09:46:00+05:30,26.14,26.14,26.14,26.14,0,0,real
2026-04-02T09:47:00+05:30,26.14,26.14,26.14,26.14,0,0,real
2026-04-02T09:48:00+05:30,26.15,26.15,26.15,26.15,0,0,real
2026-04-02T09:49:00+05:30,26.15,26.15,26.15,26.15,0,0,real
2026-04-02T09:50:00+05:30,26.15,26.15,26.15,26.15,0,0,real
2026-04-02T09:51:00+05:30,26.18,26.18,26.18,26.18,0,0,real
2026-04-02T09:52:00+05:30,26.23,26.23,26.23,26.23,0,0,real
2026-04-02T09:53:00+05:30,26.23,26.23,26.23,26.23,0,0,real
2026-04-02T09:54:00+05:30,26.2,26.2,26.2,26.2,0,0,real
2026-04-02T09:55:00+05:30,26.17,26.17,26.17,26.17,0,0,real
2026-04-02T09:56:00+05:30,26.18,26.18,26.18,26.18,0,0,real
2026-04-02T09:57:00+05:30,26.2,26.2,26.2,26.2,0,0,real
2026-04-02T09:58:00+05:30,26.22,26.22,26.22,26.22,0,0,real
2026-04-02T09:59:00+05:30,26.23,26.23,26.23,26.23,0,0,real
2026-04-02T10:00:00+05:30,26.21,26.21,26.21,26.21,0,0,real
2026-04-02T10:01:00+05:30,26.17,26.17,26.17,26.17,0,0,real
2026-04-02T10:02:00+05:30,26.16,26.16,26.16,26.16,0,0,real
2026-04-02T10:03:00+05:30,26.2,26.2,26.2,26.2,0,0,real
2026-04-02T10:04:00+05:30,26.21,26.21,26.21,26.21,0,0,real
2026-04-02T10:05:00+05:30,26.19,26.19,26.19,26.19,0,0,real
2026-04-02T10:06:00+05:30,26.21,26.21,26.21,26.21,0,0,real
2026-04-02T10:07:00+05:30,26.17,26.17,26.17,26.17,0,0,real
2026-04-02T10:08:00+05:30,26.17,26.17,26.17,26.17,0,0,real
2026-04-02T10:09:00+05:30,26.15,26.15,26.15,26.15,0,0,real
2026-04-02T10:10:00+05:30,26.15,26.15,26.15,26.15,0,0,real
2026-04-02T10:11:00+05:30,26.12,26.12,26.12,26.12,0,0,real
2026-04-02T10:12:00+05:30,26.08,26.08,26.08,26.08,0,0,real
2026-04-02T10:13:00+05:30,26.08,26.08,26.08,26.08,0,0,real
2026-04-02T10:14:00+05:30,25.99,25.99,25.99,25.99,0,0,real
2026-04-02T10:15:00+05:30,26.06,26.06,26.06,26.06,0,0,real
2026-04-02T10:16:00+05:30,26.11,26.11,26.11,26.11,0,0,real
2026-04-02T10:17:00+05:30,26.1,26.1,26.1,26.1,0,0,real
2026-04-02T10:18:00+05:30,26.13,26.13,26.13,26.13,0,0,real
2026-04-02T10:19:00+05:30,26.13,26.13,26.13,26.13,0,0,real
2026-04-02T10:20:00+05:30,26.04,26.04,26.04,26.04,0,0,real
2026-04-02T10:21:00+05:30,26.11,26.11,26.11,26.11,0,0,real
2026-04-02T10:22:00+05:30,26.16,26.16,26.16,26.16,0,0,real
2026-04-02T10:23:00+05:30,26.15,26.15,26.15,26.15,0,0,real
2026-04-02T10:24:00+05:30,26.12,26.12,26.12,26.12,0,0,real
2026-04-02T10:25:00+05:30,26.16,26.16,26.16,26.16,0,0,real
2026-04-02T10:26:00+05:30,26.06,26.06,26.06,26.06,0,0,real
2026-04-02T10:27:00+05:30,26.03,26.03,26.03,26.03,0,0,real
2026-04-02T10:28:00+05:30,26.05,26.05,26.05,26.05,0,0,real
2026-04-02T10:29:00+05:30,26.03,26.03,26.03,26.03,0,0,real
2026-04-02T10:30:00+05:30,26.04,26.04,26.04,26.04,0,0,real
2026-04-02T10:31:00+05:30,26.04,26.04,26.04,26.04,0,0,real
2026-04-02T10:32:00+05:30,26.01,26.01,26.01,26.01,0,0,real
2026-04-02T10:33:00+05:30,26.02,26.02,26.02,26.02,0,0,real
2026-04-02T10:34:00+05:30,26.04,26.04,26.04,26.04,0,0,real
2026-04-02T10:35:00+05:30,26.07,26.07,26.07,26.07,0,0,real
2026-04-02T10:36:00+05:30,26.06,26.06,26.06,26.06,0,0,real
2026-04-02T10:37:00+05:30,26.04,26.04,26.04,26.04,0,0,real
2026-04-02T10:38:00+05:30,26.02,26.02,26.02,26.02,0,0,real
2026-04-02T10:39:00+05:30,26.02,26.02,26.02,26.02,0,0,real
2026-04-02T10:40:00+05:30,25.98,25.98,25.98,25.98,0,0,real
2026-04-02T10:41:00+05:30,25.99,25.99,25.99,25.99,0,0,real
2026-04-02T10:42:00+05:30,25.98,25.98,25.98,25.98,0,0,real
2026-04-02T10:43:00+05:30,25.99,25.99,25.99,25.99,0,0,real
2026-04-02T10:44:00+05:30,25.99,25.99,25.99,25.99,0,0,real
2026-04-02T10:45:00+05:30,26.0,26.0,26.0,26.0,0,0,real
2026-04-02T10:46:00+05:30,26.02,26.02,26.02,26.02,0,0,real
2026-04-02T10:47:00+05:30,26.06,26.06,26.06,26.06,0,0,real
2026-04-02T10:48:00+05:30,26.07,26.07,26.07,26.07,0,0,real
2026-04-02T10:49:00+05:30,26.02,26.02,26.02,26.02,0,0,real
2026-04-02T10:50:00+05:30,26.02,26.02,26.02,26.02,0,0,real
2026-04-02T10:51:00+05:30,26.01,26.01,26.01,26.01,0,0,real
2026-04-02T10:52:00+05:30,26.01,26.01,26.01,26.01,0,0,real
2026-04-02T10:53:00+05:30,25.97,25.97,25.97,25.97,0,0,real
2026-04-02T10:54:00+05:30,25.96,25.96,25.96,25.96,0,0,real
2026-04-02T10:55:00+05:30,25.95,25.95,25.95,25.95,0,0,real
2026-04-02T10:56:00+05:30,25.91,25.91,25.91,25.91,0,0,real
2026-04-02T10:57:00+05:30,25.89,25.89,25.89,25.89,0,0,real
2026-04-02T10:58:00+05:30,25.9,25.9,25.9,25.9,0,0,real
2026-04-02T10:59:00+05:30,25.89,25.89,25.89,25.89,0,0,real
2026-04-02T11:00:00+05:30,25.89,25.89,25.89,25.89,0,0,real
2026-04-02T11:01:00+05:30,25.94,25.94,25.94,25.94,0,0,real
2026-04-02T11:02:00+05:30,25.91,25.91,25.91,25.91,0,0,real
2026-04-02T11:03:00+05:30,25.94,25.94,25.94,25.94,0,0,real
2026-04-02T11:04:00+05:30,25.95,25.95,25.95,25.95,0,0,real
2026-04-02T11:05:00+05:30,25.93,25.93,25.93,25.93,0,0,real
2026-04-02T11:06:00+05:30,25.95,25.95,25.95,25.95,0,0,real
2026-04-02T11:07:00+05:30,25.94,25.94,25.94,25.94,0,0,real
2026-04-02T11:08:00+05:30,25.96,25.96,25.96,25.96,0,0,real
2026-04-02T11:09:00+05:30,25.97,25.97,25.97,25.97,0,0,real
2026-04-02T11:10:00+05:30,25.97,25.97,25.97,25.97,0,0,real
2026-04-02T11:11:00+05:30,25.99,25.99,25.99,25.99,0,0,real
2026-04-02T11:12:00+05:30,25.98,25.98,25.98,25.98,0,0,real
2026-04-02T11:13:00+05:30,26.01,26.01,26.01,26.01,0,0,real
2026-04-02T11:14:00+05:30,26.01,26.01,26.01,26.01,0,0,real
2026-04-02T11:15:00+05:30,26.0,26.0,26.0,26.0,0,0,real
2026-04-02T11:16:00+05:30,26.01,26.01,26.01,26.01,0,0,real
2026-04-02T11:17:00+05:30,26.05,26.05,26.05,26.05,0,0,real
2026-04-02T11:18:00+05:30,26.05,26.05,26.05,26.05,0,0,real
2026-04-02T11:19:00+05:30,26.07,26.07,26.07,26.07,0,0,real
2026-04-02T11:20:00+05:30,26.07,26.07,26.07,26.07,0,0,real
2026-04-02T11:21:00+05:30,26.03,26.03,26.03,26.03,0,0,real
2026-04-02T11:22:00+05:30,26.03,26.03,26.03,26.03,0,0,real
2026-04-02T11:23:00+05:30,26.03,26.03,26.03,26.03,0,0,real
2026-04-02T11:24:00+05:30,26.06,26.06,26.06,26.06,0,0,real
2026-04-02T11:25:00+05:30,26.06,26.06,26.06,26.06,0,0,real
2026-04-02T11:26:00+05:30,26.07,26.07,26.07,26.07,0,0,real
2026-04-02T11:27:00+05:30,26.06,26.06,26.06,26.06,0,0,real
2026-04-02T11:28:00+05:30,26.07,26.07,26.07,26.07,0,0,real
2026-04-02T11:29:00+05:30,26.11,26.11,26.11,26.11,0,0,real
2026-04-02T11:30:00+05:30,26.1,26.1,26.1,26.1,0,0,real
2026-04-02T11:31:00+05:30,26.11,26.11,26.11,26.11,0,0,real
2026-04-02T11:32:00+05:30,26.13,26.13,26.13,26.13,0,0,real
2026-04-02T11:33:00+05:30,26.11,26.11,26.11,26.11,0,0,real
2026-04-02T11:34:00+05:30,26.1,26.1,26.1,26.1,0,0,real
2026-04-02T11:35:00+05:30,26.05,26.05,26.05,26.05,0,0,real
2026-04-02T11:36:00+05:30,26.04,26.04,26.04,26.04,0,0,real
2026-04-02T11:37:00+05:30,26.03,26.03,26.03,26.03,0,0,real
2026-04-02T11:38:00+05:30,26.01,26.01,26.01,26.01,0,0,real
2026-04-02T11:39:00+05:30,26.01,26.01,26.01,26.01,0,0,real
2026-04-02T11:40:00+05:30,26.01,26.01,26.01,26.01,0,0,real
2026-04-02T11:41:00+05:30,26.04,26.04,26.04,26.04,0,0,real
2026-04-02T11:42:00+05:30,26.03,26.03,26.03,26.03,0,0,real
2026-04-02T11:43:00+05:30,26.03,26.03,26.03,26.03,0,0,real
2026-04-02T11:44:00+05:30,26.03,26.03,26.03,26.03,0,0,real
2026-04-02T11:45:00+05:30,26.03,26.03,26.03,26.03,0,0,real
2026-04-02T11:46:00+05:30,26.02,26.02,26.02,26.02,0,0,real
2026-04-02T11:47:00+05:30,26.02,26.02,26.02,26.02,0,0,real
2026-04-02T11:48:00+05:30,26.02,26.02,26.02,26.02,0,0,real
2026-04-02T11:49:00+05:30,26.01,26.01,26.01,26.01,0,0,real
2026-04-02T11:50:00+05:30,26.02,26.02,26.02,26.02,0,0,real
2026-04-02T11:51:00+05:30,25.99,25.99,25.99,25.99,0,0,real
2026-04-02T11:52:00+05:30,26.0,26.0,26.0,26.0,0,0,real
2026-04-02T11:53:00+05:30,25.98,25.98,25.98,25.98,0,0,real
2026-04-02T11:54:00+05:30,25.99,25.99,25.99,25.99,0,0,real
2026-04-02T11:55:00+05:30,25.98,25.98,25.98,25.98,0,0,real
2026-04-02T11:56:00+05:30,25.97,25.97,25.97,25.97,0,0,real
2026-04-02T11:57:00+05:30,25.86,25.86,25.86,25.86,0,0,real
2026-04-02T11:58:00+05:30,25.8,25.8,25.8,25.8,0,0,real
2026-04-02T11:59:00+05:30,25.88,25.88,25.88,25.88,0,0,real
2026-04-02T12:00:00+05:30,25.9,25.9,25.9,25.9,0,0,real
2026-04-02T12:01:00+05:30,25.93,25.93,25.93,25.93,0,0,real
2026-04-02T12:02:00+05:30,26.03,26.03,26.03,26.03,0,0,real
2026-04-02T12:03:00+05:30,26.03,26.03,26.03,26.03,0,0,real
2026-04-02T12:04:00+05:30,26.05,26.05,26.05,26.05,0,0,real
2026-04-02T12:05:00+05:30,25.88,25.88,25.88,25.88,0,0,real
2026-04-02T12:06:00+05:30,25.87,25.87,25.87,25.87,0,0,real
2026-04-02T12:07:00+05:30,25.85,25.85,25.85,25.85,0,0,real
2026-04-02T12:08:00+05:30,25.85,25.85,25.85,25.85,0,0,real
2026-04-02T12:09:00+05:30,25.85,25.85,25.85,25.85,0,0,real
2026-04-02T12:10:00+05:30,25.83,25.83,25.83,25.83,0,0,real
2026-04-02T12:11:00+05:30,25.81,25.81,25.81,25.81,0,0,real
2026-04-02T12:12:00+05:30,25.8,25.8,25.8,25.8,0,0,real
2026-04-02T12:13:00+05:30,25.81,25.81,25.81,25.81,0,0,real
2026-04-02T12:14:00+05:30,25.81,25.81,25.81,25.81,0,0,real
2026-04-02T12:15:00+05:30,26.0,26.0,26.0,26.0,0,0,real
2026-04-02T12:16:00+05:30,26.01,26.01,26.01,26.01,0,0,real
2026-04-02T12:17:00+05:30,26.01,26.01,26.01,26.01,0,0,real
2026-04-02T12:18:00+05:30,26.01,26.01,26.01,26.01,0,0,real
2026-04-02T12:19:00+05:30,26.03,26.03,26.03,26.03,0,0,real
2026-04-02T12:20:00+05:30,26.05,26.05,26.05,26.05,0,0,real
2026-04-02T12:21:00+05:30,26.05,26.05,26.05,26.05,0,0,real
2026-04-02T12:22:00+05:30,26.06,26.06,26.06,26.06,0,0,real
2026-04-02T12:23:00+05:30,26.08,26.08,26.08,26.08,0,0,real
2026-04-02T12:24:00+05:30,26.05,26.05,26.05,26.05,0,0,real
2026-04-02T12:25:00+05:30,26.06,26.06,26.06,26.06,0,0,real
2026-04-02T12:26:00+05:30,26.02,26.02,26.02,26.02,0,0,real
2026-04-02T12:27:00+05:30,26.02,26.02,26.02,26.02,0,0,real
2026-04-02T12:28:00+05:30,26.02,26.02,26.02,26.02,0,0,real
2026-04-02T12:29:00+05:30,26.04,26.04,26.04,26.04,0,0,real
2026-04-02T12:30:00+05:30,26.01,26.01,26.01,26.01,0,0,real
2026-04-02T12:31:00+05:30,26.01,26.01,26.01,26.01,0,0,real
2026-04-02T12:32:00+05:30,26.01,26.01,26.01,26.01,0,0,real
2026-04-02T12:33:00+05:30,25.95,25.95,25.95,25.95,0,0,real
2026-04-02T12:34:00+05:30,25.97,25.97,25.97,25.97,0,0,real
2026-04-02T12:35:00+05:30,25.96,25.96,25.96,25.96,0,0,real
2026-04-02T12:36:00+05:30,25.98,25.98,25.98,25.98,0,0,real
2026-04-02T12:37:00+05:30,26.04,26.04,26.04,26.04,0,0,real
2026-04-02T12:38:00+05:30,26.05,26.05,26.05,26.05,0,0,real
2026-04-02T12:39:00+05:30,26.03,26.03,26.03,26.03,0,0,real
2026-04-02T12:40:00+05:30,26.04,26.04,26.04,26.04,0,0,real
2026-04-02T12:41:00+05:30,26.04,26.04,26.04,26.04,0,0,real
2026-04-02T12:42:00+05:30,25.97,25.97,25.97,25.97,0,0,real
2026-04-02T12:43:00+05:30,26.0,26.0,26.0,26.0,0,0,real
2026-04-02T12:44:00+05:30,26.02,26.02,26.02,26.02,0,0,real
2026-04-02T12:45:00+05:30,25.99,25.99,25.99,25.99,0,0,real
2026-04-02T12:46:00+05:30,25.94,25.94,25.94,25.94,0,0,real
2026-04-02T12:47:00+05:30,25.95,25.95,25.95,25.95,0,0,real
2026-04-02T12:48:00+05:30,25.96,25.96,25.96,25.96,0,0,real
2026-04-02T12:49:00+05:30,25.94,25.94,25.94,25.94,0,0,real
2026-04-02T12:50:00+05:30,25.95,25.95,25.95,25.95,0,0,real
2026-04-02T12:51:00+05:30,25.94,25.94,25.94,25.94,0,0,real
2026-04-02T12:52:00+05:30,25.9,25.9,25.9,25.9,0,0,real
2026-04-02T12:53:00+05:30,25.92,25.92,25.92,25.92,0,0,real
2026-04-02T12:54:00+05:30,25.95,25.95,25.95,25.95,0,0,real
2026-04-02T12:55:00+05:30,25.94,25.94,25.94,25.94,0,0,real
2026-04-02T12:56:00+05:30,25.96,25.96,25.96,25.96,0,0,real
2026-04-02T12:57:00+05:30,25.98,25.98,25.98,25.98,0,0,real
2026-04-02T12:58:00+05:30,25.98,25.98,25.98,25.98,0,0,real
2026-04-02T12:59:00+05:30,25.99,25.99,25.99,25.99,0,0,real
2026-04-02T13:00:00+05:30,25.99,25.99,25.99,25.99,0,0,real
2026-04-02T13:01:00+05:30,25.98,25.98,25.98,25.98,0,0,real
2026-04-02T13:02:00+05:30,26.02,26.02,26.02,26.02,0,0,real
2026-04-02T13:03:00+05:30,25.98,25.98,25.98,25.98,0,0,real
2026-04-02T13:04:00+05:30,25.97,25.97,25.97,25.97,0,0,real
2026-04-02T13:05:00+05:30,25.96,25.96,25.96,25.96,0,0,real
2026-04-02T13:06:00+05:30,25.96,25.96,25.96,25.96,0,0,real
2026-04-02T13:07:00+05:30,25.94,25.94,25.94,25.94,0,0,real
2026-04-02T13:08:00+05:30,26.04,26.04,26.04,26.04,0,0,real
2026-04-02T13:09:00+05:30,26.07,26.07,26.07,26.07,0,0,real
2026-04-02T13:10:00+05:30,26.09,26.09,26.09,26.09,0,0,real
2026-04-02T13:11:00+05:30,26.12,26.12,26.12,26.12,0,0,real
2026-04-02T13:12:00+05:30,26.08,26.08,26.08,26.08,0,0,real
2026-04-02T13:13:00+05:30,26.04,26.04,26.04,26.04,0,0,real
2026-04-02T13:14:00+05:30,26.06,26.06,26.06,26.06,0,0,real
2026-04-02T13:15:00+05:30,26.05,26.05,26.05,26.05,0,0,real
2026-04-02T13:16:00+05:30,26.04,26.04,26.04,26.04,0,0,real
2026-04-02T13:17:00+05:30,26.02,26.02,26.02,26.02,0,0,real
2026-04-02T13:18:00+05:30,26.07,26.07,26.07,26.07,0,0,real
2026-04-02T13:19:00+05:30,26.08,26.08,26.08,26.08,0,0,real
2026-04-02T13:20:00+05:30,26.09,26.09,26.09,26.09,0,0,real
2026-04-02T13:21:00+05:30,26.09,26.09,26.09,26.09,0,0,real
2026-04-02T13:22:00+05:30,26.07,26.07,26.07,26.07,0,0,real
2026-04-02T13:23:00+05:30,26.11,26.11,26.11,26.11,0,0,real
2026-04-02T13:24:00+05:30,26.1,26.1,26.1,26.1,0,0,real
2026-04-02T13:25:00+05:30,26.08,26.08,26.08,26.08,0,0,real
2026-04-02T13:26:00+05:30,26.09,26.09,26.09,26.09,0,0,real
2026-04-02T13:27:00+05:30,26.1,26.1,26.1,26.1,0,0,real
2026-04-02T13:28:00+05:30,26.03,26.03,26.03,26.03,0,0,real
2026-04-02T13:29:00+05:30,26.05,26.05,26.05,26.05,0,0,real
2026-04-02T13:30:00+05:30,26.05,26.05,26.05,26.05,0,0,real
2026-04-02T13:31:00+05:30,26.07,26.07,26.07,26.07,0,0,real
2026-04-02T13:32:00+05:30,26.07,26.07,26.07,26.07,0,0,real
2026-04-02T13:33:00+05:30,26.1,26.1,26.1,26.1,0,0,real
2026-04-02T13:34:00+05:30,26.05,26.05,26.05,26.05,0,0,real
2026-04-02T13:35:00+05:30,26.01,26.01,26.01,26.01,0,0,real
2026-04-02T13:36:00+05:30,26.05,26.05,26.05,26.05,0,0,real
2026-04-02T13:37:00+05:30,26.1,26.1,26.1,26.1,0,0,real
2026-04-02T13:38:00+05:30,26.13,26.13,26.13,26.13,0,0,real
2026-04-02T13:39:00+05:30,26.11,26.11,26.11,26.11,0,0,real
2026-04-02T13:40:00+05:30,26.09,26.09,26.09,26.09,0,0,real
2026-04-02T13:41:00+05:30,26.04,26.04,26.04,26.04,0,0,real
2026-04-02T13:42:00+05:30,26.12,26.12,26.12,26.12,0,0,real
2026-04-02T13:43:00+05:30,26.12,26.12,26.12,26.12,0,0,real
2026-04-02T13:44:00+05:30,26.04,26.04,26.04,26.04,0,0,real
2026-04-02T13:45:00+05:30,25.98,25.98,25.98,25.98,0,0,real
2026-04-02T13:46:00+05:30,25.89,25.89,25.89,25.89,0,0,real
2026-04-02T13:47:00+05:30,25.83,25.83,25.83,25.83,0,0,real
2026-04-02T13:48:00+05:30,25.86,25.86,25.86,25.86,0,0,real
2026-04-02T13:49:00+05:30,25.97,25.97,25.97,25.97,0,0,real
2026-04-02T13:50:00+05:30,26.04,26.04,26.04,26.04,0,0,real
2026-04-02T13:51:00+05:30,26.01,26.01,26.01,26.01,0,0,real
2026-04-02T13:52:00+05:30,26.03,26.03,26.03,26.03,0,0,real
2026-04-02T13:53:00+05:30,26.02,26.02,26.02,26.02,0,0,real
2026-04-02T13:54:00+05:30,26.03,26.03,26.03,26.03,0,0,real
2026-04-02T13:55:00+05:30,26.02,26.02,26.02,26.02,0,0,real
2026-04-02T13:56:00+05:30,26.03,26.03,26.03,26.03,0,0,real
2026-04-02T13:57:00+05:30,25.97,25.97,25.97,25.97,0,0,real
2026-04-02T13:58:00+05:30,25.95,25.95,25.95,25.95,0,0,real
2026-04-02T13:59:00+05:30,25.96,25.96,25.96,25.96,0,0,real
2026-04-02T14:00:00+05:30,25.94,25.94,25.94,25.94,0,0,real
2026-04-02T14:01:00+05:30,26.01,26.01,26.01,26.01,0,0,real
2026-04-02T14:02:00+05:30,26.03,26.03,26.03,26.03,0,0,real
2026-04-02T14:03:00+05:30,26.02,26.02,26.02,26.02,0,0,real
2026-04-02T14:04:00+05:30,25.97,25.97,25.97,25.97,0,0,real
2026-04-02T14:05:00+05:30,26.0,26.0,26.0,26.0,0,0,real
2026-04-02T14:06:00+05:30,25.95,25.95,25.95,25.95,0,0,real
2026-04-02T14:07:00+05:30,25.94,25.94,25.94,25.94,0,0,real
2026-04-02T14:08:00+05:30,25.95,25.95,25.95,25.95,0,0,real
2026-04-02T14:09:00+05:30,25.96,25.96,25.96,25.96,0,0,real
2026-04-02T14:10:00+05:30,25.9,25.9,25.9,25.9,0,0,real
2026-04-02T14:11:00+05:30,25.9,25.9,25.9,25.9,0,0,real
2026-04-02T14:12:00+05:30,25.87,25.87,25.87,25.87,0,0,real
2026-04-02T14:13:00+05:30,25.89,25.89,25.89,25.89,0,0,real
2026-04-02T14:14:00+05:30,25.9,25.9,25.9,25.9,0,0,real
2026-04-02T14:15:00+05:30,25.88,25.88,25.88,25.88,0,0,real
2026-04-02T14:16:00+05:30,25.81,25.81,25.81,25.81,0,0,real
2026-04-02T14:17:00+05:30,25.91,25.91,25.91,25.91,0,0,real
2026-04-02T14:18:00+05:30,25.88,25.88,25.88,25.88,0,0,real
2026-04-02T14:19:00+05:30,25.83,25.83,25.83,25.83,0,0,real
2026-04-02T14:20:00+05:30,25.83,25.83,25.83,25.83,0,0,real
2026-04-02T14:21:00+05:30,25.8,25.8,25.8,25.8,0,0,real
2026-04-02T14:22:00+05:30,25.81,25.81,25.81,25.81,0,0,real
2026-04-02T14:23:00+05:30,25.79,25.79,25.79,25.79,0,0,real
2026-04-02T14:24:00+05:30,25.71,25.71,25.71,25.71,0,0,real
2026-04-02T14:25:00+05:30,25.68,25.68,25.68,25.68,0,0,real
2026-04-02T14:26:00+05:30,25.71,25.71,25.71,25.71,0,0,real
2026-04-02T14:27:00+05:30,25.68,25.68,25.68,25.68,0,0,real
2026-04-02T14:28:00+05:30,25.7,25.7,25.7,25.7,0,0,real
2026-04-02T14:29:00+05:30,25.67,25.67,25.67,25.67,0,0,real
2026-04-02T14:30:00+05:30,25.7,25.7,25.7,25.7,0,0,real
2026-04-02T14:31:00+05:30,25.69,25.69,25.69,25.69,0,0,real
2026-04-02T14:32:00+05:30,25.66,25.66,25.66,25.66,0,0,real
2026-04-02T14:33:00+05:30,25.58,25.58,25.58,25.58,0,0,real
2026-04-02T14:34:00+05:30,25.63,25.63,25.63,25.63,0,0,real
2026-04-02T14:35:00+05:30,25.67,25.67,25.67,25.67,0,0,real
2026-04-02T14:36:00+05:30,25.66,25.66,25.66,25.66,0,0,real
2026-04-02T14:37:00+05:30,25.66,25.66,25.66,25.66,0,0,real
2026-04-02T14:38:00+05:30,25.67,25.67,25.67,25.67,0,0,real
2026-04-02T14:39:00+05:30,25.67,25.67,25.67,25.67,0,0,real
2026-04-02T14:40:00+05:30,25.68,25.68,25.68,25.68,0,0,real
2026-04-02T14:41:00+05:30,25.69,25.69,25.69,25.69,0,0,real
2026-04-02T14:42:00+05:30,25.7,25.7,25.7,25.7,0,0,real
2026-04-02T14:43:00+05:30,25.7,25.7,25.7,25.7,0,0,real
2026-04-02T14:44:00+05:30,25.73,25.73,25.73,25.73,0,0,real
2026-04-02T14:45:00+05:30,25.76,25.76,25.76,25.76,0,0,real
2026-04-02T14:46:00+05:30,25.74,25.74,25.74,25.74,0,0,real
2026-04-02T14:47:00+05:30,25.76,25.76,25.76,25.76,0,0,real
2026-04-02T14:48:00+05:30,25.75,25.75,25.75,25.75,0,0,real
2026-04-02T14:49:00+05:30,25.78,25.78,25.78,25.78,0,0,real
2026-04-02T14:50:00+05:30,25.76,25.76,25.76,25.76,0,0,real
2026-04-02T14:51:00+05:30,25.74,25.74,25.74,25.74,0,0,real
2026-04-02T14:52:00+05:30,25.74,25.74,25.74,25.74,0,0,real
2026-04-02T14:53:00+05:30,25.73,25.73,25.73,25.73,0,0,real
2026-04-02T14:54:00+05:30,25.74,25.74,25.74,25.74,0,0,real
2026-04-02T14:55:00+05:30,25.76,25.76,25.76,25.76,0,0,real
2026-04-02T14:56:00+05:30,25.74,25.74,25.74,25.74,0,0,real
2026-04-02T14:57:00+05:30,25.73,25.73,25.73,25.73,0,0,real
2026-04-02T14:58:00+05:30,25.74,25.74,25.74,25.74,0,0,real
2026-04-02T14:59:00+05:30,25.73,25.73,25.73,25.73,0,0,real
2026-04-02T15:00:00+05:30,25.63,25.63,25.63,25.63,0,0,real
2026-04-02T15:01:00+05:30,25.57,25.57,25.57,25.57,0,0,real
2026-04-02T15:02:00+05:30,25.65,25.65,25.65,25.65,0,0,real
2026-04-02T15:03:00+05:30,25.64,25.64,25.64,25.64,0,0,real
2026-04-02T15:04:00+05:30,25.58,25.58,25.58,25.58,0,0,real
2026-04-02T15:05:00+05:30,25.5,25.5,25.5,25.5,0,0,real
2026-04-02T15:06:00+05:30,25.45,25.45,25.45,25.45,0,0,real
2026-04-02T15:07:00+05:30,25.3,25.3,25.3,25.3,0,0,real
2026-04-02T15:08:00+05:30,25.33,25.33,25.33,25.33,0,0,real
2026-04-02T15:09:00+05:30,25.24,25.24,25.24,25.24,0,0,real
2026-04-02T15:10:00+05:30,25.47,25.47,25.47,25.47,0,0,real
2026-04-02T15:11:00+05:30,25.47,25.47,25.47,25.47,0,0,real
2026-04-02T15:12:00+05:30,25.46,25.46,25.46,25.46,0,0,real
2026-04-02T15:13:00+05:30,25.47,25.47,25.47,25.47,0,0,real
2026-04-02T15:14:00+05:30,25.37,25.37,25.37,25.37,0,0,real
2026-04-02T15:15:00+05:30,25.44,25.44,25.44,25.44,0,0,real
2026-04-02T15:16:00+05:30,25.39,25.39,25.39,25.39,0,0,real
2026-04-02T15:17:00+05:30,25.45,25.45,25.45,25.45,0,0,real
2026-04-02T15:18:00+05:30,25.54,25.54,25.54,25.54,0,0,real
2026-04-02T15:19:00+05:30,25.62,25.62,25.62,25.62,0,0,real
2026-04-02T15:20:00+05:30,25.67,25.67,25.67,25.67,0,0,real
2026-04-02T15:21:00+05:30,25.66,25.66,25.66,25.66,0,0,real
2026-04-02T15:22:00+05:30,25.67,25.67,25.67,25.67,0,0,real
2026-04-02T15:23:00+05:30,25.65,25.65,25.65,25.65,0,0,real
2026-04-02T15:24:00+05:30,25.66,25.66,25.66,25.66,0,0,real
2026-04-02T15:25:00+05:30,25.67,25.67,25.67,25.67,0,0,real
2026-04-02T15:26:00+05:30,25.53,25.53,25.53,25.53,0,0,real
2026-04-02T15:27:00+05:30,25.46,25.46,25.46,25.46,0,0,real
2026-04-02T15:28:00+05:30,25.4,25.4,25.4,25.4,0,0,real
2026-04-02T15:29:00+05:30,25.38,25.38,25.38,25.38,0,0,real
2026-04-02T15:30:00+05:30,25.13,25.13,25.13,25.13,0,0,proxy
2026-04-06T09:36:00+05:30,26.21,26.21,26.21,26.21,0,0,real
2026-04-06T09:37:00+05:30,26.19,26.19,26.19,26.19,0,0,real
2026-04-06T09:38:00+05:30,26.19,26.19,26.19,26.19,0,0,real
2026-04-06T09:39:00+05:30,26.23,26.23,26.23,26.23,0,0,real
2026-04-06T09:40:00+05:30,26.27,26.27,26.27,26.27,0,0,real
2026-04-06T09:41:00+05:30,26.35,26.35,26.35,26.35,0,0,real
2026-04-06T09:42:00+05:30,26.35,26.35,26.35,26.35,0,0,real
2026-04-06T09:43:00+05:30,26.39,26.39,26.39,26.39,0,0,real
2026-04-06T09:44:00+05:30,26.33,26.33,26.33,26.33,0,0,real
2026-04-06T09:45:00+05:30,26.3,26.3,26.3,26.3,0,0,real
2026-04-06T09:46:00+05:30,26.26,26.26,26.26,26.26,0,0,real
2026-04-06T09:47:00+05:30,26.3,26.3,26.3,26.3,0,0,real
2026-04-06T09:48:00+05:30,26.31,26.31,26.31,26.31,0,0,real
2026-04-06T09:49:00+05:30,26.31,26.31,26.31,26.31,0,0,real
2026-04-06T09:50:00+05:30,26.46,26.46,26.46,26.46,0,0,real
2026-04-06T09:51:00+05:30,26.48,26.48,26.48,26.48,0,0,real
2026-04-06T09:52:00+05:30,26.46,26.46,26.46,26.46,0,0,real
2026-04-06T09:53:00+05:30,26.49,26.49,26.49,26.49,0,0,real
2026-04-06T09:54:00+05:30,26.55,26.55,26.55,26.55,0,0,real
2026-04-06T09:55:00+05:30,26.52,26.52,26.52,26.52,0,0,real
2026-04-06T09:56:00+05:30,26.51,26.51,26.51,26.51,0,0,real
2026-04-06T09:57:00+05:30,26.5,26.5,26.5,26.5,0,0,real
2026-04-06T09:58:00+05:30,26.52,26.52,26.52,26.52,0,0,real
2026-04-06T09:59:00+05:30,26.51,26.51,26.51,26.51,0,0,real
2026-04-06T10:00:00+05:30,26.48,26.48,26.48,26.48,0,0,real
2026-04-06T10:01:00+05:30,26.5,26.5,26.5,26.5,0,0,real
2026-04-06T10:02:00+05:30,26.48,26.48,26.48,26.48,0,0,real
2026-04-06T10:03:00+05:30,26.48,26.48,26.48,26.48,0,0,real
2026-04-06T10:04:00+05:30,26.44,26.44,26.44,26.44,0,0,real
2026-04-06T10:05:00+05:30,26.45,26.45,26.45,26.45,0,0,real
2026-04-06T10:06:00+05:30,26.36,26.36,26.36,26.36,0,0,real
2026-04-06T10:07:00+05:30,26.35,26.35,26.35,26.35,0,0,real
2026-04-06T10:08:00+05:30,26.34,26.34,26.34,26.34,0,0,real
2026-04-06T10:09:00+05:30,26.31,26.31,26.31,26.31,0,0,real
2026-04-06T10:10:00+05:30,26.33,26.33,26.33,26.33,0,0,real
2026-04-06T10:11:00+05:30,26.33,26.33,26.33,26.33,0,0,real
2026-04-06T10:12:00+05:30,26.32,26.32,26.32,26.32,0,0,real
2026-04-06T10:13:00+05:30,26.24,26.24,26.24,26.24,0,0,real
2026-04-06T10:14:00+05:30,26.2,26.2,26.2,26.2,0,0,real
2026-04-06T10:15:00+05:30,26.22,26.22,26.22,26.22,0,0,real
2026-04-06T10:16:00+05:30,26.23,26.23,26.23,26.23,0,0,real
2026-04-06T10:17:00+05:30,26.24,26.24,26.24,26.24,0,0,real
2026-04-06T10:18:00+05:30,26.3,26.3,26.3,26.3,0,0,real
2026-04-06T10:19:00+05:30,26.27,26.27,26.27,26.27,0,0,real
2026-04-06T10:20:00+05:30,26.28,26.28,26.28,26.28,0,0,real
2026-04-06T10:21:00+05:30,26.25,26.25,26.25,26.25,0,0,real
2026-04-06T10:22:00+05:30,26.25,26.25,26.25,26.25,0,0,real
2026-04-06T10:23:00+05:30,26.23,26.23,26.23,26.23,0,0,real
2026-04-06T10:24:00+05:30,26.19,26.19,26.19,26.19,0,0,real
2026-04-06T10:25:00+05:30,26.19,26.19,26.19,26.19,0,0,real
2026-04-06T10:26:00+05:30,26.25,26.25,26.25,26.25,0,0,real
2026-04-06T10:27:00+05:30,26.24,26.24,26.24,26.24,0,0,real
2026-04-06T10:28:00+05:30,26.23,26.23,26.23,26.23,0,0,real
2026-04-06T10:29:00+05:30,26.17,26.17,26.17,26.17,0,0,real
2026-04-06T10:30:00+05:30,26.23,26.23,26.23,26.23,0,0,real
2026-04-06T10:31:00+05:30,26.16,26.16,26.16,26.16,0,0,real
2026-04-06T10:32:00+05:30,26.15,26.15,26.15,26.15,0,0,real
2026-04-06T10:33:00+05:30,26.14,26.14,26.14,26.14,0,0,real
2026-04-06T10:34:00+05:30,26.15,26.15,26.15,26.15,0,0,real
2026-04-06T10:35:00+05:30,26.16,26.16,26.16,26.16,0,0,real
2026-04-06T10:36:00+05:30,26.14,26.14,26.14,26.14,0,0,real
2026-04-06T10:37:00+05:30,26.1,26.1,26.1,26.1,0,0,real
2026-04-06T10:38:00+05:30,26.12,26.12,26.12,26.12,0,0,real
2026-04-06T10:39:00+05:30,26.1,26.1,26.1,26.1,0,0,real
2026-04-06T10:40:00+05:30,26.14,26.14,26.14,26.14,0,0,real
2026-04-06T10:41:00+05:30,26.13,26.13,26.13,26.13,0,0,real
2026-04-06T10:42:00+05:30,26.13,26.13,26.13,26.13,0,0,real
2026-04-06T10:43:00+05:30,26.14,26.14,26.14,26.14,0,0,real
2026-04-06T10:44:00+05:30,26.14,26.14,26.14,26.14,0,0,real
2026-04-06T10:45:00+05:30,26.13,26.13,26.13,26.13,0,0,real
2026-04-06T10:46:00+05:30,26.15,26.15,26.15,26.15,0,0,real
2026-04-06T10:47:00+05:30,26.1,26.1,26.1,26.1,0,0,real
2026-04-06T10:48:00+05:30,26.11,26.11,26.11,26.11,0,0,real
2026-04-06T10:49:00+05:30,26.07,26.07,26.07,26.07,0,0,real
2026-04-06T10:50:00+05:30,26.07,26.07,26.07,26.07,0,0,real
2026-04-06T10:51:00+05:30,26.08,26.08,26.08,26.08,0,0,real
2026-04-06T10:52:00+05:30,26.09,26.09,26.09,26.09,0,0,real
2026-04-06T10:53:00+05:30,26.1,26.1,26.1,26.1,0,0,real
2026-04-06T10:54:00+05:30,26.1,26.1,26.1,26.1,0,0,real
2026-04-06T10:55:00+05:30,26.1,26.1,26.1,26.1,0,0,real
2026-04-06T10:56:00+05:30,26.08,26.08,26.08,26.08,0,0,real
2026-04-06T10:57:00+05:30,26.06,26.06,26.06,26.06,0,0,real
2026-04-06T10:58:00+05:30,26.09,26.09,26.09,26.09,0,0,real
2026-04-06T10:59:00+05:30,26.09,26.09,26.09,26.09,0,0,real
2026-04-06T11:00:00+05:30,26.1,26.1,26.1,26.1,0,0,real
2026-04-06T11:01:00+05:30,26.17,26.17,26.17,26.17,0,0,real
2026-04-06T11:02:00+05:30,26.2,26.2,26.2,26.2,0,0,real
2026-04-06T11:03:00+05:30,26.22,26.22,26.22,26.22,0,0,real
2026-04-06T11:04:00+05:30,26.25,26.25,26.25,26.25,0,0,real
2026-04-06T11:05:00+05:30,26.24,26.24,26.24,26.24,0,0,real
2026-04-06T11:06:00+05:30,26.26,26.26,26.26,26.26,0,0,real
2026-04-06T11:07:00+05:30,26.28,26.28,26.28,26.28,0,0,real
2026-04-06T11:08:00+05:30,26.28,26.28,26.28,26.28,0,0,real
2026-04-06T11:09:00+05:30,26.29,26.29,26.29,26.29,0,0,real
2026-04-06T11:10:00+05:30,26.32,26.32,26.32,26.32,0,0,real
2026-04-06T11:11:00+05:30,26.43,26.43,26.43,26.43,0,0,real
2026-04-06T11:12:00+05:30,26.43,26.43,26.43,26.43,0,0,real
2026-04-06T11:13:00+05:30,26.39,26.39,26.39,26.39,0,0,real
2026-04-06T11:14:00+05:30,26.39,26.39,26.39,26.39,0,0,real
2026-04-06T11:15:00+05:30,26.42,26.42,26.42,26.42,0,0,real
2026-04-06T11:16:00+05:30,26.37,26.37,26.37,26.37,0,0,real
2026-04-06T11:17:00+05:30,26.36,26.36,26.36,26.36,0,0,real
2026-04-06T11:18:00+05:30,26.31,26.31,26.31,26.31,0,0,real
2026-04-06T11:19:00+05:30,26.27,26.27,26.27,26.27,0,0,real
2026-04-06T11:20:00+05:30,26.25,26.25,26.25,26.25,0,0,real
2026-04-06T11:21:00+05:30,26.16,26.16,26.16,26.16,0,0,real
2026-04-06T11:22:00+05:30,26.27,26.27,26.27,26.27,0,0,real
2026-04-06T11:23:00+05:30,26.24,26.24,26.24,26.24,0,0,real
2026-04-06T11:24:00+05:30,26.23,26.23,26.23,26.23,0,0,real
2026-04-06T11:25:00+05:30,26.23,26.23,26.23,26.23,0,0,real
2026-04-06T11:26:00+05:30,26.22,26.22,26.22,26.22,0,0,real
2026-04-06T11:27:00+05:30,26.18,26.18,26.18,26.18,0,0,real
2026-04-06T11:28:00+05:30,26.14,26.14,26.14,26.14,0,0,real
2026-04-06T11:29:00+05:30,26.13,26.13,26.13,26.13,0,0,real
2026-04-06T11:30:00+05:30,26.18,26.18,26.18,26.18,0,0,real
2026-04-06T11:31:00+05:30,26.19,26.19,26.19,26.19,0,0,real
2026-04-06T11:32:00+05:30,26.21,26.21,26.21,26.21,0,0,real
2026-04-06T11:33:00+05:30,26.22,26.22,26.22,26.22,0,0,real
2026-04-06T11:34:00+05:30,26.2,26.2,26.2,26.2,0,0,real
2026-04-06T11:35:00+05:30,26.19,26.19,26.19,26.19,0,0,real
2026-04-06T11:36:00+05:30,26.17,26.17,26.17,26.17,0,0,real
2026-04-06T11:37:00+05:30,26.1,26.1,26.1,26.1,0,0,real
2026-04-06T11:38:00+05:30,26.09,26.09,26.09,26.09,0,0,real
2026-04-06T11:39:00+05:30,26.12,26.12,26.12,26.12,0,0,real
2026-04-06T11:40:00+05:30,26.09,26.09,26.09,26.09,0,0,real
2026-04-06T11:41:00+05:30,26.1,26.1,26.1,26.1,0,0,real
2026-04-06T11:42:00+05:30,26.1,26.1,26.1,26.1,0,0,real
2026-04-06T11:43:00+05:30,26.1,26.1,26.1,26.1,0,0,real
2026-04-06T11:44:00+05:30,26.11,26.11,26.11,26.11,0,0,real
2026-04-06T11:45:00+05:30,26.14,26.14,26.14,26.14,0,0,real
2026-04-06T11:46:00+05:30,26.12,26.12,26.12,26.12,0,0,real
2026-04-06T11:47:00+05:30,26.1,26.1,26.1,26.1,0,0,real
2026-04-06T11:48:00+05:30,26.1,26.1,26.1,26.1,0,0,real
2026-04-06T11:49:00+05:30,26.11,26.11,26.11,26.11,0,0,real
2026-04-06T11:50:00+05:30,26.08,26.08,26.08,26.08,0,0,real
2026-04-06T11:51:00+05:30,26.11,26.11,26.11,26.11,0,0,real
2026-04-06T11:52:00+05:30,26.07,26.07,26.07,26.07,0,0,real
2026-04-06T11:53:00+05:30,26.09,26.09,26.09,26.09,0,0,real
2026-04-06T11:54:00+05:30,26.09,26.09,26.09,26.09,0,0,real
2026-04-06T11:55:00+05:30,26.1,26.1,26.1,26.1,0,0,real
2026-04-06T11:56:00+05:30,26.08,26.08,26.08,26.08,0,0,real
2026-04-06T11:57:00+05:30,26.06,26.06,26.06,26.06,0,0,real
2026-04-06T11:58:00+05:30,26.1,26.1,26.1,26.1,0,0,real
2026-04-06T11:59:00+05:30,26.09,26.09,26.09,26.09,0,0,real
2026-04-06T12:00:00+05:30,26.1,26.1,26.1,26.1,0,0,real
2026-04-06T12:01:00+05:30,26.07,26.07,26.07,26.07,0,0,real
2026-04-06T12:02:00+05:30,26.03,26.03,26.03,26.03,0,0,real
2026-04-06T12:03:00+05:30,26.0,26.0,26.0,26.0,0,0,real
2026-04-06T12:04:00+05:30,26.01,26.01,26.01,26.01,0,0,real
2026-04-06T12:05:00+05:30,26.02,26.02,26.02,26.02,0,0,real
2026-04-06T12:06:00+05:30,26.08,26.08,26.08,26.08,0,0,real
2026-04-06T12:07:00+05:30,26.12,26.12,26.12,26.12,0,0,real
2026-04-06T12:08:00+05:30,26.14,26.14,26.14,26.14,0,0,real
2026-04-06T12:09:00+05:30,26.17,26.17,26.17,26.17,0,0,real
2026-04-06T12:10:00+05:30,26.15,26.15,26.15,26.15,0,0,real
2026-04-06T12:11:00+05:30,26.18,26.18,26.18,26.18,0,0,real
2026-04-06T12:12:00+05:30,26.15,26.15,26.15,26.15,0,0,real
2026-04-06T12:13:00+05:30,26.15,26.15,26.15,26.15,0,0,real
2026-04-06T12:14:00+05:30,26.12,26.12,26.12,26.12,0,0,real
2026-04-06T12:15:00+05:30,26.13,26.13,26.13,26.13,0,0,real
2026-04-06T12:16:00+05:30,26.11,26.11,26.11,26.11,0,0,real
2026-04-06T12:17:00+05:30,26.1,26.1,26.1,26.1,0,0,real
2026-04-06T12:18:00+05:30,26.1,26.1,26.1,26.1,0,0,real
2026-04-06T12:19:00+05:30,26.12,26.12,26.12,26.12,0,0,real
2026-04-06T12:20:00+05:30,26.03,26.03,26.03,26.03,0,0,real
2026-04-06T12:21:00+05:30,25.99,25.99,25.99,25.99,0,0,real
2026-04-06T12:22:00+05:30,25.96,25.96,25.96,25.96,0,0,real
2026-04-06T12:23:00+05:30,26.01,26.01,26.01,26.01,0,0,real
2026-04-06T12:24:00+05:30,26.04,26.04,26.04,26.04,0,0,real
2026-04-06T12:25:00+05:30,26.0,26.0,26.0,26.0,0,0,real
2026-04-06T12:26:00+05:30,25.99,25.99,25.99,25.99,0,0,real
2026-04-06T12:27:00+05:30,25.98,25.98,25.98,25.98,0,0,real
2026-04-06T12:28:00+05:30,25.95,25.95,25.95,25.95,0,0,real
2026-04-06T12:29:00+05:30,25.95,25.95,25.95,25.95,0,0,real
2026-04-06T12:30:00+05:30,25.93,25.93,25.93,25.93,0,0,real
2026-04-06T12:31:00+05:30,25.96,25.96,25.96,25.96,0,0,real
2026-04-06T12:32:00+05:30,25.99,25.99,25.99,25.99,0,0,real
2026-04-06T12:33:00+05:30,26.03,26.03,26.03,26.03,0,0,real
2026-04-06T12:34:00+05:30,26.03,26.03,26.03,26.03,0,0,real
2026-04-06T12:35:00+05:30,26.01,26.01,26.01,26.01,0,0,real
2026-04-06T12:36:00+05:30,26.05,26.05,26.05,26.05,0,0,real
2026-04-06T12:37:00+05:30,26.08,26.08,26.08,26.08,0,0,real
2026-04-06T12:38:00+05:30,26.05,26.05,26.05,26.05,0,0,real
2026-04-06T12:39:00+05:30,26.04,26.04,26.04,26.04,0,0,real
2026-04-06T12:40:00+05:30,25.97,25.97,25.97,25.97,0,0,real
2026-04-06T12:41:00+05:30,26.03,26.03,26.03,26.03,0,0,real
2026-04-06T12:42:00+05:30,26.03,26.03,26.03,26.03,0,0,real
2026-04-06T12:43:00+05:30,25.96,25.96,25.96,25.96,0,0,real
2026-04-06T12:44:00+05:30,25.93,25.93,25.93,25.93,0,0,real
2026-04-06T12:45:00+05:30,25.95,25.95,25.95,25.95,0,0,real
2026-04-06T12:46:00+05:30,25.9,25.9,25.9,25.9,0,0,real
2026-04-06T12:47:00+05:30,25.9,25.9,25.9,25.9,0,0,real
2026-04-06T12:48:00+05:30,25.87,25.87,25.87,25.87,0,0,real
2026-04-06T12:49:00+05:30,25.89,25.89,25.89,25.89,0,0,real
2026-04-06T12:50:00+05:30,25.85,25.85,25.85,25.85,0,0,real
2026-04-06T12:51:00+05:30,25.87,25.87,25.87,25.87,0,0,real
2026-04-06T12:52:00+05:30,25.87,25.87,25.87,25.87,0,0,real
2026-04-06T12:53:00+05:30,25.9,25.9,25.9,25.9,0,0,real
2026-04-06T12:54:00+05:30,25.9,25.9,25.9,25.9,0,0,real
2026-04-06T12:55:00+05:30,25.92,25.92,25.92,25.92,0,0,real
2026-04-06T12:56:00+05:30,25.95,25.95,25.95,25.95,0,0,real
2026-04-06T12:57:00+05:30,25.95,25.95,25.95,25.95,0,0,real
2026-04-06T12:58:00+05:30,25.96,25.96,25.96,25.96,0,0,real
2026-04-06T12:59:00+05:30,25.87,25.87,25.87,25.87,0,0,real
2026-04-06T13:00:00+05:30,25.83,25.83,25.83,25.83,0,0,real
2026-04-06T13:01:00+05:30,25.87,25.87,25.87,25.87,0,0,real
2026-04-06T13:02:00+05:30,25.87,25.87,25.87,25.87,0,0,real
2026-04-06T13:03:00+05:30,25.9,25.9,25.9,25.9,0,0,real
2026-04-06T13:04:00+05:30,25.94,25.94,25.94,25.94,0,0,real
2026-04-06T13:05:00+05:30,25.96,25.96,25.96,25.96,0,0,real
2026-04-06T13:06:00+05:30,25.99,25.99,25.99,25.99,0,0,real
2026-04-06T13:07:00+05:30,25.99,25.99,25.99,25.99,0,0,real
2026-04-06T13:08:00+05:30,26.03,26.03,26.03,26.03,0,0,real
2026-04-06T13:09:00+05:30,25.99,25.99,25.99,25.99,0,0,real
2026-04-06T13:10:00+05:30,25.99,25.99,25.99,25.99,0,0,real
2026-04-06T13:11:00+05:30,26.0,26.0,26.0,26.0,0,0,real
2026-04-06T13:12:00+05:30,25.93,25.93,25.93,25.93,0,0,real
2026-04-06T13:13:00+05:30,25.99,25.99,25.99,25.99,0,0,real
2026-04-06T13:14:00+05:30,25.99,25.99,25.99,25.99,0,0,real
2026-04-06T13:15:00+05:30,25.73,25.73,25.73,25.73,0,0,real
2026-04-06T13:16:00+05:30,25.76,25.76,25.76,25.76,0,0,real
2026-04-06T13:17:00+05:30,25.74,25.74,25.74,25.74,0,0,real
2026-04-06T13:18:00+05:30,25.75,25.75,25.75,25.75,0,0,real
2026-04-06T13:19:00+05:30,25.74,25.74,25.74,25.74,0,0,real
2026-04-06T13:20:00+05:30,25.72,25.72,25.72,25.72,0,0,real
2026-04-06T13:21:00+05:30,25.72,25.72,25.72,25.72,0,0,real
2026-04-06T13:22:00+05:30,25.74,25.74,25.74,25.74,0,0,real
2026-04-06T13:23:00+05:30,25.72,25.72,25.72,25.72,0,0,real
2026-04-06T13:24:00+05:30,25.75,25.75,25.75,25.75,0,0,real
2026-04-06T13:25:00+05:30,25.74,25.74,25.74,25.74,0,0,real
2026-04-06T13:26:00+05:30,25.75,25.75,25.75,25.75,0,0,real
2026-04-06T13:27:00+05:30,25.75,25.75,25.75,25.75,0,0,real
2026-04-06T13:28:00+05:30,25.79,25.79,25.79,25.79,0,0,real
2026-04-06T13:29:00+05:30,25.78,25.78,25.78,25.78,0,0,real
2026-04-06T13:30:00+05:30,25.76,25.76,25.76,25.76,0,0,real
2026-04-06T13:31:00+05:30,25.78,25.78,25.78,25.78,0,0,real
2026-04-06T13:32:00+05:30,25.84,25.84,25.84,25.84,0,0,real
2026-04-06T13:33:00+05:30,25.85,25.85,25.85,25.85,0,0,real
2026-04-06T13:34:00+05:30,25.83,25.83,25.83,25.83,0,0,real
2026-04-06T13:35:00+05:30,25.83,25.83,25.83,25.83,0,0,real
2026-04-06T13:36:00+05:30,25.82,25.82,25.82,25.82,0,0,real
2026-04-06T13:37:00+05:30,25.79,25.79,25.79,25.79,0,0,real
2026-04-06T13:38:00+05:30,25.8,25.8,25.8,25.8,0,0,real
2026-04-06T13:39:00+05:30,25.83,25.83,25.83,25.83,0,0,real
2026-04-06T13:40:00+05:30,25.82,25.82,25.82,25.82,0,0,real
2026-04-06T13:41:00+05:30,25.82,25.82,25.82,25.82,0,0,real
2026-04-06T13:42:00+05:30,25.89,25.89,25.89,25.89,0,0,real
2026-04-06T13:43:00+05:30,25.93,25.93,25.93,25.93,0,0,real
2026-04-06T13:44:00+05:30,26.01,26.01,26.01,26.01,0,0,real
2026-04-06T13:45:00+05:30,25.97,25.97,25.97,25.97,0,0,real
2026-04-06T13:46:00+05:30,26.01,26.01,26.01,26.01,0,0,real
2026-04-06T13:47:00+05:30,25.86,25.86,25.86,25.86,0,0,real
2026-04-06T13:48:00+05:30,25.99,25.99,25.99,25.99,0,0,real
2026-04-06T13:49:00+05:30,25.99,25.99,25.99,25.99,0,0,real
2026-04-06T13:50:00+05:30,25.99,25.99,25.99,25.99,0,0,real
2026-04-06T13:51:00+05:30,25.97,25.97,25.97,25.97,0,0,real
2026-04-06T13:52:00+05:30,25.84,25.84,25.84,25.84,0,0,real
2026-04-06T13:53:00+05:30,25.87,25.87,25.87,25.87,0,0,real
2026-04-06T13:54:00+05:30,25.82,25.82,25.82,25.82,0,0,real
2026-04-06T13:55:00+05:30,25.77,25.77,25.77,25.77,0,0,real
2026-04-06T13:56:00+05:30,25.78,25.78,25.78,25.78,0,0,real
2026-04-06T13:57:00+05:30,25.76,25.76,25.76,25.76,0,0,real
2026-04-06T13:58:00+05:30,25.76,25.76,25.76,25.76,0,0,real
2026-04-06T13:59:00+05:30,25.75,25.75,25.75,25.75,0,0,real
2026-04-06T14:00:00+05:30,25.76,25.76,25.76,25.76,0,0,real
2026-04-06T14:01:00+05:30,25.72,25.72,25.72,25.72,0,0,real
2026-04-06T14:02:00+05:30,25.71,25.71,25.71,25.71,0,0,real
2026-04-06T14:03:00+05:30,25.75,25.75,25.75,25.75,0,0,real
2026-04-06T14:04:00+05:30,25.71,25.71,25.71,25.71,0,0,real
2026-04-06T14:05:00+05:30,25.7,25.7,25.7,25.7,0,0,real
2026-04-06T14:06:00+05:30,25.73,25.73,25.73,25.73,0,0,real
2026-04-06T14:07:00+05:30,25.74,25.74,25.74,25.74,0,0,real
2026-04-06T14:08:00+05:30,25.75,25.75,25.75,25.75,0,0,real
2026-04-06T14:09:00+05:30,25.71,25.71,25.71,25.71,0,0,real
2026-04-06T14:10:00+05:30,25.74,25.74,25.74,25.74,0,0,real
2026-04-06T14:11:00+05:30,25.7,25.7,25.7,25.7,0,0,real
2026-04-06T14:12:00+05:30,25.7,25.7,25.7,25.7,0,0,real
2026-04-06T14:13:00+05:30,25.74,25.74,25.74,25.74,0,0,real
2026-04-06T14:14:00+05:30,25.74,25.74,25.74,25.74,0,0,real
2026-04-06T14:15:00+05:30,25.68,25.68,25.68,25.68,0,0,real
2026-04-06T14:16:00+05:30,25.68,25.68,25.68,25.68,0,0,real
2026-04-06T14:17:00+05:30,25.66,25.66,25.66,25.66,0,0,real
2026-04-06T14:18:00+05:30,25.66,25.66,25.66,25.66,0,0,real
2026-04-06T14:19:00+05:30,25.62,25.62,25.62,25.62,0,0,real
2026-04-06T14:20:00+05:30,25.57,25.57,25.57,25.57,0,0,real
2026-04-06T14:21:00+05:30,25.63,25.63,25.63,25.63,0,0,real
2026-04-06T14:22:00+05:30,25.65,25.65,25.65,25.65,0,0,real
2026-04-06T14:23:00+05:30,25.64,25.64,25.64,25.64,0,0,real
2026-04-06T14:24:00+05:30,25.65,25.65,25.65,25.65,0,0,real
2026-04-06T14:25:00+05:30,25.62,25.62,25.62,25.62,0,0,real
2026-04-06T14:26:00+05:30,25.63,25.63,25.63,25.63,0,0,real
2026-04-06T14:27:00+05:30,25.63,25.63,25.63,25.63,0,0,real
2026-04-06T14:28:00+05:30,25.7,25.7,25.7,25.7,0,0,real
2026-04-06T14:29:00+05:30,25.64,25.64,25.64,25.64,0,0,real
2026-04-06T14:30:00+05:30,25.65,25.65,25.65,25.65,0,0,real
2026-04-06T14:31:00+05:30,25.61,25.61,25.61,25.61,0,0,real
2026-04-06T14:32:00+05:30,25.61,25.61,25.61,25.61,0,0,real
2026-04-06T14:33:00+05:30,25.62,25.62,25.62,25.62,0,0,real
2026-04-06T14:34:00+05:30,25.61,25.61,25.61,25.61,0,0,real
2026-04-06T14:35:00+05:30,25.64,25.64,25.64,25.64,0,0,real
2026-04-06T14:36:00+05:30,25.64,25.64,25.64,25.64,0,0,real
2026-04-06T14:37:00+05:30,25.57,25.57,25.57,25.57,0,0,real
2026-04-06T14:38:00+05:30,25.57,25.57,25.57,25.57,0,0,real
2026-04-06T14:39:00+05:30,25.57,25.57,25.57,25.57,0,0,real
2026-04-06T14:40:00+05:30,25.57,25.57,25.57,25.57,0,0,real
2026-04-06T14:41:00+05:30,25.58,25.58,25.58,25.58,0,0,real
2026-04-06T14:42:00+05:30,25.59,25.59,25.59,25.59,0,0,real
2026-04-06T14:43:00+05:30,25.58,25.58,25.58,25.58,0,0,real
2026-04-06T14:44:00+05:30,25.6,25.6,25.6,25.6,0,0,real
2026-04-06T14:45:00+05:30,25.59,25.59,25.59,25.59,0,0,real
2026-04-06T14:46:00+05:30,25.58,25.58,25.58,25.58,0,0,real
2026-04-06T14:47:00+05:30,25.58,25.58,25.58,25.58,0,0,real
2026-04-06T14:48:00+05:30,25.58,25.58,25.58,25.58,0,0,real
2026-04-06T14:49:00+05:30,25.59,25.59,25.59,25.59,0,0,real
2026-04-06T14:50:00+05:30,25.58,25.58,25.58,25.58,0,0,real
2026-04-06T14:51:00+05:30,25.57,25.57,25.57,25.57,0,0,real
2026-04-06T14:52:00+05:30,25.56,25.56,25.56,25.56,0,0,real
2026-04-06T14:53:00+05:30,25.52,25.52,25.52,25.52,0,0,real
2026-04-06T14:54:00+05:30,25.57,25.57,25.57,25.57,0,0,real
2026-04-06T14:55:00+05:30,25.58,25.58,25.58,25.58,0,0,real
2026-04-06T14:56:00+05:30,25.59,25.59,25.59,25.59,0,0,real
2026-04-06T14:57:00+05:30,25.61,25.61,25.61,25.61,0,0,real
2026-04-06T14:58:00+05:30,25.65,25.65,25.65,25.65,0,0,real
2026-04-06T14:59:00+05:30,25.64,25.64,25.64,25.64,0,0,real
2026-04-06T15:00:00+05:30,25.64,25.64,25.64,25.64,0,0,real
2026-04-06T15:01:00+05:30,25.46,25.46,25.46,25.46,0,0,real
2026-04-06T15:02:00+05:30,25.45,25.45,25.45,25.45,0,0,real
2026-04-06T15:03:00+05:30,25.44,25.44,25.44,25.44,0,0,real
2026-04-06T15:04:00+05:30,25.4,25.4,25.4,25.4,0,0,real
2026-04-06T15:05:00+05:30,25.37,25.37,25.37,25.37,0,0,real
2026-04-06T15:06:00+05:30,25.35,25.35,25.35,25.35,0,0,real
2026-04-06T15:07:00+05:30,25.37,25.37,25.37,25.37,0,0,real
2026-04-06T15:08:00+05:30,25.36,25.36,25.36,25.36,0,0,real
2026-04-06T15:09:00+05:30,25.36,25.36,25.36,25.36,0,0,real
2026-04-06T15:10:00+05:30,25.37,25.37,25.37,25.37,0,0,real
2026-04-06T15:11:00+05:30,25.34,25.34,25.34,25.34,0,0,real
2026-04-06T15:12:00+05:30,25.32,25.32,25.32,25.32,0,0,real
2026-04-06T15:13:00+05:30,25.33,25.33,25.33,25.33,0,0,real
2026-04-06T15:14:00+05:30,25.36,25.36,25.36,25.36,0,0,real
2026-04-06T15:15:00+05:30,25.42,25.42,25.42,25.42,0,0,real
2026-04-06T15:16:00+05:30,25.46,25.46,25.46,25.46,0,0,real
2026-04-06T15:17:00+05:30,25.47,25.47,25.47,25.47,0,0,real
2026-04-06T15:18:00+05:30,25.52,25.52,25.52,25.52,0,0,real
2026-04-06T15:19:00+05:30,25.54,25.54,25.54,25.54,0,0,real
2026-04-06T15:20:00+05:30,25.6,25.6,25.6,25.6,0,0,real
2026-04-06T15:21:00+05:30,25.6,25.6,25.6,25.6,0,0,real
2026-04-06T15:22:00+05:30,25.58,25.58,25.58,25.58,0,0,real
2026-04-06T15:23:00+05:30,25.55,25.55,25.55,25.55,0,0,real
2026-04-06T15:24:00+05:30,25.56,25.56,25.56,25.56,0,0,real
2026-04-06T15:25:00+05:30,25.59,25.59,25.59,25.59,0,0,real
2026-04-06T15:26:00+05:30,25.57,25.57,25.57,25.57,0,0,real
2026-04-06T15:27:00+05:30,25.56,25.56,25.56,25.56,0,0,real
2026-04-06T15:28:00+05:30,25.54,25.54,25.54,25.54,0,0,real
2026-04-06T15:29:00+05:30,25.56,25.56,25.56,25.56,0,0,real
2026-04-06T15:30:00+05:30,38.55,38.55,38.55,38.55,0,0,proxy
2026-04-07T09:15:00+05:30,26.25,26.25,26.25,26.25,0,0,real
2026-04-07T09:16:00+05:30,26.11,26.11,26.11,26.11,0,0,real
2026-04-07T09:17:00+05:30,26.04,26.04,26.04,26.04,0,0,real
2026-04-07T09:18:00+05:30,25.98,25.98,25.98,25.98,0,0,real
2026-04-07T09:19:00+05:30,25.93,25.93,25.93,25.93,0,0,real
2026-04-07T09:20:00+05:30,25.98,25.98,25.98,25.98,0,0,real
2026-04-07T09:21:00+05:30,25.89,25.89,25.89,25.89,0,0,real
2026-04-07T09:22:00+05:30,25.81,25.81,25.81,25.81,0,0,real
2026-04-07T09:23:00+05:30,25.87,25.87,25.87,25.87,0,0,real
2026-04-07T09:24:00+05:30,25.83,25.83,25.83,25.83,0,0,real
2026-04-07T09:25:00+05:30,25.8,25.8,25.8,25.8,0,0,real
2026-04-07T09:26:00+05:30,25.63,25.63,25.63,25.63,0,0,real
2026-04-07T09:27:00+05:30,25.52,25.52,25.52,25.52,0,0,real
2026-04-07T09:28:00+05:30,25.51,25.51,25.51,25.51,0,0,real
2026-04-07T09:29:00+05:30,25.5,25.5,25.5,25.5,0,0,real
2026-04-07T09:30:00+05:30,25.52,25.52,25.52,25.52,0,0,real
2026-04-07T09:31:00+05:30,25.56,25.56,25.56,25.56,0,0,real
2026-04-07T09:32:00+05:30,25.45,25.45,25.45,25.45,0,0,real
2026-04-07T09:33:00+05:30,25.48,25.48,25.48,25.48,0,0,real
2026-04-07T09:34:00+05:30,25.45,25.45,25.45,25.45,0,0,real
2026-04-07T09:35:00+05:30,25.5,25.5,25.5,25.5,0,0,real
2026-04-07T09:36:00+05:30,25.5,25.5,25.5,25.5,0,0,real
2026-04-07T09:37:00+05:30,25.53,25.53,25.53,25.53,0,0,real
2026-04-07T09:38:00+05:30,25.55,25.55,25.55,25.55,0,0,real
2026-04-07T09:39:00+05:30,25.57,25.57,25.57,25.57,0,0,real
2026-04-07T09:40:00+05:30,25.55,25.55,25.55,25.55,0,0,real
2026-04-07T09:41:00+05:30,25.56,25.56,25.56,25.56,0,0,real
2026-04-07T09:42:00+05:30,25.59,25.59,25.59,25.59,0,0,real
2026-04-07T09:43:00+05:30,25.64,25.64,25.64,25.64,0,0,real
2026-04-07T09:44:00+05:30,25.63,25.63,25.63,25.63,0,0,real
2026-04-07T09:45:00+05:30,25.61,25.61,25.61,25.61,0,0,real
2026-04-07T09:46:00+05:30,25.61,25.61,25.61,25.61,0,0,real
2026-04-07T09:47:00+05:30,25.53,25.53,25.53,25.53,0,0,real
2026-04-07T09:48:00+05:30,25.57,25.57,25.57,25.57,0,0,real
2026-04-07T09:49:00+05:30,25.62,25.62,25.62,25.62,0,0,real
2026-04-07T09:50:00+05:30,25.6,25.6,25.6,25.6,0,0,real
2026-04-07T09:51:00+05:30,25.6,25.6,25.6,25.6,0,0,real
2026-04-07T09:52:00+05:30,25.6,25.6,25.6,25.6,0,0,real
2026-04-07T09:53:00+05:30,25.6,25.6,25.6,25.6,0,0,real
2026-04-07T09:54:00+05:30,25.6,25.6,25.6,25.6,0,0,real
2026-04-07T09:55:00+05:30,25.56,25.56,25.56,25.56,0,0,real
2026-04-07T09:56:00+05:30,25.57,25.57,25.57,25.57,0,0,real
2026-04-07T09:57:00+05:30,25.55,25.55,25.55,25.55,0,0,real
2026-04-07T09:58:00+05:30,25.53,25.53,25.53,25.53,0,0,real
2026-04-07T09:59:00+05:30,25.53,25.53,25.53,25.53,0,0,real
2026-04-07T10:00:00+05:30,25.55,25.55,25.55,25.55,0,0,real
2026-04-07T10:01:00+05:30,25.52,25.52,25.52,25.52,0,0,real
2026-04-07T10:02:00+05:30,25.48,25.48,25.48,25.48,0,0,real
2026-04-07T10:03:00+05:30,25.47,25.47,25.47,25.47,0,0,real
2026-04-07T10:04:00+05:30,25.42,25.42,25.42,25.42,0,0,real
2026-04-07T10:05:00+05:30,25.5,25.5,25.5,25.5,0,0,real
2026-04-07T10:06:00+05:30,25.55,25.55,25.55,25.55,0,0,real
2026-04-07T10:07:00+05:30,25.55,25.55,25.55,25.55,0,0,real
2026-04-07T10:08:00+05:30,25.56,25.56,25.56,25.56,0,0,real
2026-04-07T10:09:00+05:30,25.54,25.54,25.54,25.54,0,0,real
2026-04-07T10:10:00+05:30,25.6,25.6,25.6,25.6,0,0,real
2026-04-07T10:11:00+05:30,25.6,25.6,25.6,25.6,0,0,real
2026-04-07T10:12:00+05:30,25.59,25.59,25.59,25.59,0,0,real
2026-04-07T10:13:00+05:30,25.6,25.6,25.6,25.6,0,0,real
2026-04-07T10:14:00+05:30,25.58,25.58,25.58,25.58,0,0,real
2026-04-07T10:15:00+05:30,25.58,25.58,25.58,25.58,0,0,real
2026-04-07T10:16:00+05:30,25.6,25.6,25.6,25.6,0,0,real
2026-04-07T10:17:00+05:30,25.51,25.51,25.51,25.51,0,0,real
2026-04-07T10:18:00+05:30,25.54,25.54,25.54,25.54,0,0,real
2026-04-07T10:19:00+05:30,25.48,25.48,25.48,25.48,0,0,real
2026-04-07T10:20:00+05:30,25.49,25.49,25.49,25.49,0,0,real
2026-04-07T10:21:00+05:30,25.48,25.48,25.48,25.48,0,0,real
2026-04-07T10:22:00+05:30,25.47,25.47,25.47,25.47,0,0,real
2026-04-07T10:23:00+05:30,25.42,25.42,25.42,25.42,0,0,real
2026-04-07T10:24:00+05:30,25.39,25.39,25.39,25.39,0,0,real
2026-04-07T10:25:00+05:30,25.41,25.41,25.41,25.41,0,0,real
2026-04-07T10:26:00+05:30,25.42,25.42,25.42,25.42,0,0,real
2026-04-07T10:27:00+05:30,25.42,25.42,25.42,25.42,0,0,real
2026-04-07T10:28:00+05:30,25.41,25.41,25.41,25.41,0,0,real
2026-04-07T10:29:00+05:30,25.4,25.4,25.4,25.4,0,0,real
2026-04-07T10:30:00+05:30,25.39,25.39,25.39,25.39,0,0,real
2026-04-07T10:31:00+05:30,25.39,25.39,25.39,25.39,0,0,real
2026-04-07T10:32:00+05:30,25.36,25.36,25.36,25.36,0,0,real
2026-04-07T10:33:00+05:30,25.37,25.37,25.37,25.37,0,0,real
2026-04-07T10:34:00+05:30,25.4,25.4,25.4,25.4,0,0,real
2026-04-07T10:35:00+05:30,25.39,25.39,25.39,25.39,0,0,real
2026-04-07T10:36:00+05:30,25.42,25.42,25.42,25.42,0,0,real
2026-04-07T10:37:00+05:30,25.4,25.4,25.4,25.4,0,0,real
2026-04-07T10:38:00+05:30,25.4,25.4,25.4,25.4,0,0,real
2026-04-07T10:39:00+05:30,25.41,25.41,25.41,25.41,0,0,real
2026-04-07T10:40:00+05:30,25.38,25.38,25.38,25.38,0,0,real
2026-04-07T10:41:00+05:30,25.35,25.35,25.35,25.35,0,0,real
2026-04-07T10:42:00+05:30,25.31,25.31,25.31,25.31,0,0,real
2026-04-07T10:43:00+05:30,25.32,25.32,25.32,25.32,0,0,real
2026-04-07T10:44:00+05:30,25.31,25.31,25.31,25.31,0,0,real
2026-04-07T10:45:00+05:30,25.33,25.33,25.33,25.33,0,0,real
2026-04-07T10:46:00+05:30,25.33,25.33,25.33,25.33,0,0,real
2026-04-07T10:47:00+05:30,25.32,25.32,25.32,25.32,0,0,real
2026-04-07T10:48:00+05:30,25.33,25.33,25.33,25.33,0,0,real
2026-04-07T10:49:00+05:30,25.36,25.36,25.36,25.36,0,0,real
2026-04-07T10:50:00+05:30,25.39,25.39,25.39,25.39,0,0,real
2026-04-07T10:51:00+05:30,25.39,25.39,25.39,25.39,0,0,real
2026-04-07T10:52:00+05:30,25.41,25.41,25.41,25.41,0,0,real
2026-04-07T10:53:00+05:30,25.42,25.42,25.42,25.42,0,0,real
2026-04-07T10:54:00+05:30,25.43,25.43,25.43,25.43,0,0,real
2026-04-07T10:55:00+05:30,25.44,25.44,25.44,25.44,0,0,real
2026-04-07T10:56:00+05:30,25.5,25.5,25.5,25.5,0,0,real
2026-04-07T10:57:00+05:30,25.49,25.49,25.49,25.49,0,0,real
2026-04-07T10:58:00+05:30,25.52,25.52,25.52,25.52,0,0,real
2026-04-07T10:59:00+05:30,25.5,25.5,25.5,25.5,0,0,real
2026-04-07T11:00:00+05:30,25.56,25.56,25.56,25.56,0,0,real
2026-04-07T11:01:00+05:30,25.51,25.51,25.51,25.51,0,0,real
2026-04-07T11:02:00+05:30,25.51,25.51,25.51,25.51,0,0,real
2026-04-07T11:03:00+05:30,25.52,25.52,25.52,25.52,0,0,real
2026-04-07T11:04:00+05:30,25.52,25.52,25.52,25.52,0,0,real
2026-04-07T11:05:00+05:30,25.53,25.53,25.53,25.53,0,0,real
2026-04-07T11:06:00+05:30,25.56,25.56,25.56,25.56,0,0,real
2026-04-07T11:07:00+05:30,25.54,25.54,25.54,25.54,0,0,real
2026-04-07T11:08:00+05:30,25.48,25.48,25.48,25.48,0,0,real
2026-04-07T11:09:00+05:30,25.54,25.54,25.54,25.54,0,0,real
2026-04-07T11:10:00+05:30,25.54,25.54,25.54,25.54,0,0,real
2026-04-07T11:11:00+05:30,25.56,25.56,25.56,25.56,0,0,real
2026-04-07T11:12:00+05:30,25.58,25.58,25.58,25.58,0,0,real
2026-04-07T11:13:00+05:30,25.58,25.58,25.58,25.58,0,0,real
2026-04-07T11:14:00+05:30,25.58,25.58,25.58,25.58,0,0,real
2026-04-07T11:15:00+05:30,25.54,25.54,25.54,25.54,0,0,real
2026-04-07T11:16:00+05:30,25.54,25.54,25.54,25.54,0,0,real
2026-04-07T11:17:00+05:30,25.53,25.53,25.53,25.53,0,0,real
2026-04-07T11:18:00+05:30,25.49,25.49,25.49,25.49,0,0,real
2026-04-07T11:19:00+05:30,25.5,25.5,25.5,25.5,0,0,real
2026-04-07T11:20:00+05:30,25.48,25.48,25.48,25.48,0,0,real
2026-04-07T11:21:00+05:30,25.44,25.44,25.44,25.44,0,0,real
2026-04-07T11:22:00+05:30,25.35,25.35,25.35,25.35,0,0,real
2026-04-07T11:23:00+05:30,25.38,25.38,25.38,25.38,0,0,real
2026-04-07T11:24:00+05:30,25.36,25.36,25.36,25.36,0,0,real
2026-04-07T11:25:00+05:30,25.35,25.35,25.35,25.35,0,0,real
2026-04-07T11:26:00+05:30,25.36,25.36,25.36,25.36,0,0,real
2026-04-07T11:27:00+05:30,25.36,25.36,25.36,25.36,0,0,real
2026-04-07T11:28:00+05:30,25.37,25.37,25.37,25.37,0,0,real
2026-04-07T11:29:00+05:30,25.36,25.36,25.36,25.36,0,0,real
2026-04-07T11:30:00+05:30,25.36,25.36,25.36,25.36,0,0,real
2026-04-07T11:31:00+05:30,25.36,25.36,25.36,25.36,0,0,real
2026-04-07T11:32:00+05:30,25.37,25.37,25.37,25.37,0,0,real
2026-04-07T11:33:00+05:30,25.38,25.38,25.38,25.38,0,0,real
2026-04-07T11:34:00+05:30,25.38,25.38,25.38,25.38,0,0,real
2026-04-07T11:35:00+05:30,25.38,25.38,25.38,25.38,0,0,real
2026-04-07T11:36:00+05:30,25.39,25.39,25.39,25.39,0,0,real
2026-04-07T11:37:00+05:30,25.4,25.4,25.4,25.4,0,0,real
2026-04-07T11:38:00+05:30,25.38,25.38,25.38,25.38,0,0,real
2026-04-07T11:39:00+05:30,25.4,25.4,25.4,25.4,0,0,real
2026-04-07T11:40:00+05:30,25.44,25.44,25.44,25.44,0,0,real
2026-04-07T11:41:00+05:30,25.43,25.43,25.43,25.43,0,0,real
2026-04-07T11:42:00+05:30,25.44,25.44,25.44,25.44,0,0,real
2026-04-07T11:43:00+05:30,25.45,25.45,25.45,25.45,0,0,real
2026-04-07T11:44:00+05:30,25.44,25.44,25.44,25.44,0,0,real
2026-04-07T11:45:00+05:30,25.41,25.41,25.41,25.41,0,0,real
2026-04-07T11:46:00+05:30,25.43,25.43,25.43,25.43,0,0,real
2026-04-07T11:47:00+05:30,25.46,25.46,25.46,25.46,0,0,real
2026-04-07T11:48:00+05:30,25.44,25.44,25.44,25.44,0,0,real
2026-04-07T11:49:00+05:30,25.44,25.44,25.44,25.44,0,0,real
2026-04-07T11:50:00+05:30,25.43,25.43,25.43,25.43,0,0,real
2026-04-07T11:51:00+05:30,25.43,25.43,25.43,25.43,0,0,real
2026-04-07T11:52:00+05:30,25.44,25.44,25.44,25.44,0,0,real
2026-04-07T11:53:00+05:30,25.43,25.43,25.43,25.43,0,0,real
2026-04-07T11:54:00+05:30,25.39,25.39,25.39,25.39,0,0,real
2026-04-07T11:55:00+05:30,25.36,25.36,25.36,25.36,0,0,real
2026-04-07T11:56:00+05:30,25.29,25.29,25.29,25.29,0,0,real
2026-04-07T11:57:00+05:30,25.3,25.3,25.3,25.3,0,0,real
2026-04-07T11:58:00+05:30,25.31,25.31,25.31,25.31,0,0,real
2026-04-07T11:59:00+05:30,25.31,25.31,25.31,25.31,0,0,real
2026-04-07T12:00:00+05:30,25.32,25.32,25.32,25.32,0,0,real
2026-04-07T12:01:00+05:30,25.33,25.33,25.33,25.33,0,0,real
2026-04-07T12:02:00+05:30,25.35,25.35,25.35,25.35,0,0,real
2026-04-07T12:03:00+05:30,25.36,25.36,25.36,25.36,0,0,real
2026-04-07T12:04:00+05:30,25.36,25.36,25.36,25.36,0,0,real
2026-04-07T12:05:00+05:30,25.36,25.36,25.36,25.36,0,0,real
2026-04-07T12:06:00+05:30,25.35,25.35,25.35,25.35,0,0,real
2026-04-07T12:07:00+05:30,25.38,25.38,25.38,25.38,0,0,real
2026-04-07T12:08:00+05:30,25.39,25.39,25.39,25.39,0,0,real
2026-04-07T12:09:00+05:30,25.37,25.37,25.37,25.37,0,0,real
2026-04-07T12:10:00+05:30,25.42,25.42,25.42,25.42,0,0,real
2026-04-07T12:11:00+05:30,25.43,25.43,25.43,25.43,0,0,real
2026-04-07T12:12:00+05:30,25.4,25.4,25.4,25.4,0,0,real
2026-04-07T12:13:00+05:30,25.38,25.38,25.38,25.38,0,0,real
2026-04-07T12:14:00+05:30,25.39,25.39,25.39,25.39,0,0,real
2026-04-07T12:15:00+05:30,25.4,25.4,25.4,25.4,0,0,real
2026-04-07T12:16:00+05:30,25.41,25.41,25.41,25.41,0,0,real
2026-04-07T12:17:00+05:30,25.41,25.41,25.41,25.41,0,0,real
2026-04-07T12:18:00+05:30,25.43,25.43,25.43,25.43,0,0,real
2026-04-07T12:19:00+05:30,25.43,25.43,25.43,25.43,0,0,real
2026-04-07T12:20:00+05:30,25.42,25.42,25.42,25.42,0,0,real
2026-04-07T12:21:00+05:30,25.46,25.46,25.46,25.46,0,0,real
2026-04-07T12:22:00+05:30,25.48,25.48,25.48,25.48,0,0,real
2026-04-07T12:23:00+05:30,25.49,25.49,25.49,25.49,0,0,real
2026-04-07T12:24:00+05:30,25.48,25.48,25.48,25.48,0,0,real
2026-04-07T12:25:00+05:30,25.49,25.49,25.49,25.49,0,0,real
2026-04-07T12:26:00+05:30,25.51,25.51,25.51,25.51,0,0,real
2026-04-07T12:27:00+05:30,25.52,25.52,25.52,25.52,0,0,real
2026-04-07T12:28:00+05:30,25.5,25.5,25.5,25.5,0,0,real
2026-04-07T12:29:00+05:30,25.5,25.5,25.5,25.5,0,0,real
2026-04-07T12:30:00+05:30,25.45,25.45,25.45,25.45,0,0,real
2026-04-07T12:31:00+05:30,25.44,25.44,25.44,25.44,0,0,real
2026-04-07T12:32:00+05:30,25.43,25.43,25.43,25.43,0,0,real
2026-04-07T12:33:00+05:30,25.46,25.46,25.46,25.46,0,0,real
2026-04-07T12:34:00+05:30,25.42,25.42,25.42,25.42,0,0,real
2026-04-07T12:35:00+05:30,25.42,25.42,25.42,25.42,0,0,real
2026-04-07T12:36:00+05:30,25.45,25.45,25.45,25.45,0,0,real
2026-04-07T12:37:00+05:30,25.43,25.43,25.43,25.43,0,0,real
2026-04-07T12:38:00+05:30,25.44,25.44,25.44,25.44,0,0,real
2026-04-07T12:39:00+05:30,25.45,25.45,25.45,25.45,0,0,real
2026-04-07T12:40:00+05:30,25.43,25.43,25.43,25.43,0,0,real
2026-04-07T12:41:00+05:30,25.46,25.46,25.46,25.46,0,0,real
2026-04-07T12:42:00+05:30,25.47,25.47,25.47,25.47,0,0,real
2026-04-07T12:43:00+05:30,25.47,25.47,25.47,25.47,0,0,real
2026-04-07T12:44:00+05:30,25.46,25.46,25.46,25.46,0,0,real
2026-04-07T12:45:00+05:30,25.46,25.46,25.46,25.46,0,0,real
2026-04-07T12:46:00+05:30,25.47,25.47,25.47,25.47,0,0,real
2026-04-07T12:47:00+05:30,25.48,25.48,25.48,25.48,0,0,real
2026-04-07T12:48:00+05:30,25.49,25.49,25.49,25.49,0,0,real
2026-04-07T12:49:00+05:30,25.47,25.47,25.47,25.47,0,0,real
2026-04-07T12:50:00+05:30,25.46,25.46,25.46,25.46,0,0,real
2026-04-07T12:51:00+05:30,25.46,25.46,25.46,25.46,0,0,real
2026-04-07T12:52:00+05:30,25.47,25.47,25.47,25.47,0,0,real
2026-04-07T12:53:00+05:30,25.47,25.47,25.47,25.47,0,0,real
2026-04-07T12:54:00+05:30,25.47,25.47,25.47,25.47,0,0,real
2026-04-07T12:55:00+05:30,25.49,25.49,25.49,25.49,0,0,real
2026-04-07T12:56:00+05:30,25.5,25.5,25.5,25.5,0,0,real
2026-04-07T12:57:00+05:30,25.53,25.53,25.53,25.53,0,0,real
2026-04-07T12:58:00+05:30,25.53,25.53,25.53,25.53,0,0,real
2026-04-07T12:59:00+05:30,25.52,25.52,25.52,25.52,0,0,real
2026-04-07T13:00:00+05:30,25.52,25.52,25.52,25.52,0,0,real
2026-04-07T13:01:00+05:30,25.52,25.52,25.52,25.52,0,0,real
2026-04-07T13:02:00+05:30,25.52,25.52,25.52,25.52,0,0,real
2026-04-07T13:03:00+05:30,25.47,25.47,25.47,25.47,0,0,real
2026-04-07T13:04:00+05:30,25.47,25.47,25.47,25.47,0,0,real
2026-04-07T13:05:00+05:30,25.5,25.5,25.5,25.5,0,0,real
2026-04-07T13:06:00+05:30,25.51,25.51,25.51,25.51,0,0,real
2026-04-07T13:07:00+05:30,25.51,25.51,25.51,25.51,0,0,real
2026-04-07T13:08:00+05:30,25.53,25.53,25.53,25.53,0,0,real
2026-04-07T13:09:00+05:30,25.52,25.52,25.52,25.52,0,0,real
2026-04-07T13:10:00+05:30,25.56,25.56,25.56,25.56,0,0,real
2026-04-07T13:11:00+05:30,25.57,25.57,25.57,25.57,0,0,real
2026-04-07T13:12:00+05:30,25.55,25.55,25.55,25.55,0,0,real
2026-04-07T13:13:00+05:30,25.47,25.47,25.47,25.47,0,0,real
2026-04-07T13:14:00+05:30,25.46,25.46,25.46,25.46,0,0,real
2026-04-07T13:15:00+05:30,25.45,25.45,25.45,25.45,0,0,real
2026-04-07T13:16:00+05:30,25.47,25.47,25.47,25.47,0,0,real
2026-04-07T13:17:00+05:30,25.46,25.46,25.46,25.46,0,0,real
2026-04-07T13:18:00+05:30,25.45,25.45,25.45,25.45,0,0,real
2026-04-07T13:19:00+05:30,25.44,25.44,25.44,25.44,0,0,real
2026-04-07T13:20:00+05:30,25.47,25.47,25.47,25.47,0,0,real
2026-04-07T13:21:00+05:30,25.45,25.45,25.45,25.45,0,0,real
2026-04-07T13:22:00+05:30,25.42,25.42,25.42,25.42,0,0,real
2026-04-07T13:23:00+05:30,25.42,25.42,25.42,25.42,0,0,real
2026-04-07T13:24:00+05:30,25.4,25.4,25.4,25.4,0,0,real
2026-04-07T13:25:00+05:30,25.4,25.4,25.4,25.4,0,0,real
2026-04-07T13:26:00+05:30,25.41,25.41,25.41,25.41,0,0,real
2026-04-07T13:27:00+05:30,25.39,25.39,25.39,25.39,0,0,real
2026-04-07T13:28:00+05:30,25.38,25.38,25.38,25.38,0,0,real
2026-04-07T13:29:00+05:30,25.38,25.38,25.38,25.38,0,0,real
2026-04-07T13:30:00+05:30,25.35,25.35,25.35,25.35,0,0,real
2026-04-07T13:31:00+05:30,25.32,25.32,25.32,25.32,0,0,real
2026-04-07T13:32:00+05:30,25.25,25.25,25.25,25.25,0,0,real
2026-04-07T13:33:00+05:30,25.26,25.26,25.26,25.26,0,0,real
2026-04-07T13:34:00+05:30,25.29,25.29,25.29,25.29,0,0,real
2026-04-07T13:35:00+05:30,25.27,25.27,25.27,25.27,0,0,real
2026-04-07T13:36:00+05:30,25.24,25.24,25.24,25.24,0,0,real
2026-04-07T13:37:00+05:30,25.3,25.3,25.3,25.3,0,0,real
2026-04-07T13:38:00+05:30,25.26,25.26,25.26,25.26,0,0,real
2026-04-07T13:39:00+05:30,25.21,25.21,25.21,25.21,0,0,real
2026-04-07T13:40:00+05:30,25.19,25.19,25.19,25.19,0,0,real
2026-04-07T13:41:00+05:30,25.18,25.18,25.18,25.18,0,0,real
2026-04-07T13:42:00+05:30,25.18,25.18,25.18,25.18,0,0,real
2026-04-07T13:43:00+05:30,25.1,25.1,25.1,25.1,0,0,real
2026-04-07T13:44:00+05:30,25.09,25.09,25.09,25.09,0,0,real
2026-04-07T13:45:00+05:30,25.12,25.12,25.12,25.12,0,0,real
2026-04-07T13:46:00+05:30,25.08,25.08,25.08,25.08,0,0,real
2026-04-07T13:47:00+05:30,25.04,25.04,25.04,25.04,0,0,real
2026-04-07T13:48:00+05:30,25.11,25.11,25.11,25.11,0,0,real
2026-04-07T13:49:00+05:30,25.07,25.07,25.07,25.07,0,0,real
2026-04-07T13:50:00+05:30,25.12,25.12,25.12,25.12,0,0,real
2026-04-07T13:51:00+05:30,25.09,25.09,25.09,25.09,0,0,real
2026-04-07T13:52:00+05:30,25.07,25.07,25.07,25.07,0,0,real
2026-04-07T13:53:00+05:30,25.1,25.1,25.1,25.1,0,0,real
2026-04-07T13:54:00+05:30,25.08,25.08,25.08,25.08,0,0,real
2026-04-07T13:55:00+05:30,25.07,25.07,25.07,25.07,0,0,real
2026-04-07T13:56:00+05:30,25.11,25.11,25.11,25.11,0,0,real
2026-04-07T13:57:00+05:30,25.15,25.15,25.15,25.15,0,0,real
2026-04-07T13:58:00+05:30,25.11,25.11,25.11,25.11,0,0,real
2026-04-07T13:59:00+05:30,25.16,25.16,25.16,25.16,0,0,real
2026-04-07T14:00:00+05:30,25.15,25.15,25.15,25.15,0,0,real
2026-04-07T14:01:00+05:30,25.13,25.13,25.13,25.13,0,0,real
2026-04-07T14:02:00+05:30,25.09,25.09,25.09,25.09,0,0,real
2026-04-07T14:03:00+05:30,25.09,25.09,25.09,25.09,0,0,real
2026-04-07T14:04:00+05:30,25.09,25.09,25.09,25.09,0,0,real
2026-04-07T14:05:00+05:30,25.08,25.08,25.08,25.08,0,0,real
2026-04-07T14:06:00+05:30,25.1,25.1,25.1,25.1,0,0,real
2026-04-07T14:07:00+05:30,25.13,25.13,25.13,25.13,0,0,real
2026-04-07T14:08:00+05:30,25.12,25.12,25.12,25.12,0,0,real
2026-04-07T14:09:00+05:30,25.14,25.14,25.14,25.14,0,0,real
2026-04-07T14:10:00+05:30,25.16,25.16,25.16,25.16,0,0,real
2026-04-07T14:11:00+05:30,25.15,25.15,25.15,25.15,0,0,real
2026-04-07T14:12:00+05:30,25.15,25.15,25.15,25.15,0,0,real
2026-04-07T14:13:00+05:30,25.14,25.14,25.14,25.14,0,0,real
2026-04-07T14:14:00+05:30,25.12,25.12,25.12,25.12,0,0,real
2026-04-07T14:15:00+05:30,25.07,25.07,25.07,25.07,0,0,real
2026-04-07T14:16:00+05:30,25.08,25.08,25.08,25.08,0,0,real
2026-04-07T14:17:00+05:30,25.12,25.12,25.12,25.12,0,0,real
2026-04-07T14:18:00+05:30,25.14,25.14,25.14,25.14,0,0,real
2026-04-07T14:19:00+05:30,25.11,25.11,25.11,25.11,0,0,real
2026-04-07T14:20:00+05:30,25.11,25.11,25.11,25.11,0,0,real
2026-04-07T14:21:00+05:30,25.11,25.11,25.11,25.11,0,0,real
2026-04-07T14:22:00+05:30,25.09,25.09,25.09,25.09,0,0,real
2026-04-07T14:23:00+05:30,25.12,25.12,25.12,25.12,0,0,real
2026-04-07T14:24:00+05:30,25.11,25.11,25.11,25.11,0,0,real
2026-04-07T14:25:00+05:30,25.12,25.12,25.12,25.12,0,0,real
2026-04-07T14:26:00+05:30,25.11,25.11,25.11,25.11,0,0,real
2026-04-07T14:27:00+05:30,25.09,25.09,25.09,25.09,0,0,real
2026-04-07T14:28:00+05:30,25.07,25.07,25.07,25.07,0,0,real
2026-04-07T14:29:00+05:30,25.08,25.08,25.08,25.08,0,0,real
2026-04-07T14:30:00+05:30,25.06,25.06,25.06,25.06,0,0,real
2026-04-07T14:31:00+05:30,25.0,25.0,25.0,25.0,0,0,real
2026-04-07T14:32:00+05:30,25.03,25.03,25.03,25.03,0,0,real
2026-04-07T14:33:00+05:30,24.99,24.99,24.99,24.99,0,0,real
2026-04-07T14:34:00+05:30,24.98,24.98,24.98,24.98,0,0,real
2026-04-07T14:35:00+05:30,25.07,25.07,25.07,25.07,0,0,real
2026-04-07T14:36:00+05:30,25.08,25.08,25.08,25.08,0,0,real
2026-04-07T14:37:00+05:30,25.12,25.12,25.12,25.12,0,0,real
2026-04-07T14:38:00+05:30,25.08,25.08,25.08,25.08,0,0,real
2026-04-07T14:39:00+05:30,25.1,25.1,25.1,25.1,0,0,real
2026-04-07T14:40:00+05:30,25.11,25.11,25.11,25.11,0,0,real
2026-04-07T14:41:00+05:30,25.1,25.1,25.1,25.1,0,0,real
2026-04-07T14:42:00+05:30,25.1,25.1,25.1,25.1,0,0,real
2026-04-07T14:43:00+05:30,25.09,25.09,25.09,25.09,0,0,real
2026-04-07T14:44:00+05:30,25.07,25.07,25.07,25.07,0,0,real
2026-04-07T14:45:00+05:30,25.06,25.06,25.06,25.06,0,0,real
2026-04-07T14:46:00+05:30,25.07,25.07,25.07,25.07,0,0,real
2026-04-07T14:47:00+05:30,25.03,25.03,25.03,25.03,0,0,real
2026-04-07T14:48:00+05:30,24.97,24.97,24.97,24.97,0,0,real
2026-04-07T14:49:00+05:30,24.97,24.97,24.97,24.97,0,0,real
2026-04-07T14:50:00+05:30,25.0,25.0,25.0,25.0,0,0,real
2026-04-07T14:51:00+05:30,25.0,25.0,25.0,25.0,0,0,real
2026-04-07T14:52:00+05:30,25.0,25.0,25.0,25.0,0,0,real
2026-04-07T14:53:00+05:30,24.99,24.99,24.99,24.99,0,0,real
2026-04-07T14:54:00+05:30,25.0,25.0,25.0,25.0,0,0,real
2026-04-07T14:55:00+05:30,24.94,24.94,24.94,24.94,0,0,real
2026-04-07T14:56:00+05:30,24.92,24.92,24.92,24.92,0,0,real
2026-04-07T14:57:00+05:30,24.87,24.87,24.87,24.87,0,0,real
2026-04-07T14:58:00+05:30,24.86,24.86,24.86,24.86,0,0,real
2026-04-07T14:59:00+05:30,24.86,24.86,24.86,24.86,0,0,real
2026-04-07T15:00:00+05:30,24.84,24.84,24.84,24.84,0,0,real
2026-04-07T15:01:00+05:30,24.78,24.78,24.78,24.78,0,0,real
2026-04-07T15:02:00+05:30,24.75,24.75,24.75,24.75,0,0,real
2026-04-07T15:03:00+05:30,24.73,24.73,24.73,24.73,0,0,real
2026-04-07T15:04:00+05:30,24.68,24.68,24.68,24.68,0,0,real
2026-04-07T15:05:00+05:30,24.71,24.71,24.71,24.71,0,0,real
2026-04-07T15:06:00+05:30,24.68,24.68,24.68,24.68,0,0,real
2026-04-07T15:07:00+05:30,24.64,24.64,24.64,24.64,0,0,real
2026-04-07T15:08:00+05:30,24.62,24.62,24.62,24.62,0,0,real
2026-04-07T15:09:00+05:30,24.6,24.6,24.6,24.6,0,0,real
2026-04-07T15:10:00+05:30,24.58,24.58,24.58,24.58,0,0,real
2026-04-07T15:11:00+05:30,24.57,24.57,24.57,24.57,0,0,real
2026-04-07T15:12:00+05:30,24.57,24.57,24.57,24.57,0,0,real
2026-04-07T15:13:00+05:30,24.58,24.58,24.58,24.58,0,0,real
2026-04-07T15:14:00+05:30,24.61,24.61,24.61,24.61,0,0,real
2026-04-07T15:15:00+05:30,24.68,24.68,24.68,24.68,0,0,real
2026-04-07T15:17:00+05:30,24.76,24.76,24.76,24.76,0,0,real
2026-04-07T15:18:00+05:30,24.71,24.71,24.71,24.71,0,0,real
2026-04-07T15:19:00+05:30,24.73,24.73,24.73,24.73,0,0,real
2026-04-07T15:20:00+05:30,24.73,24.73,24.73,24.73,0,0,real
2026-04-07T15:21:00+05:30,24.8,24.8,24.8,24.8,0,0,real
2026-04-07T15:22:00+05:30,24.78,24.78,24.78,24.78,0,0,real
2026-04-07T15:23:00+05:30,24.73,24.73,24.73,24.73,0,0,real
2026-04-07T15:24:00+05:30,24.73,24.73,24.73,24.73,0,0,real
2026-04-07T15:25:00+05:30,24.69,24.69,24.69,24.69,0,0,real
2026-04-07T15:26:00+05:30,24.68,24.68,24.68,24.68,0,0,real
2026-04-07T15:27:00+05:30,24.69,24.69,24.69,24.69,0,0,real
2026-04-07T15:28:00+05:30,24.69,24.69,24.69,24.69,0,0,real
2026-04-07T15:29:00+05:30,24.77,24.77,24.77,24.77,0,0,real
2026-04-08T09:15:00+05:30,20.49,20.49,20.49,20.49,0,0,real
2026-04-08T09:16:00+05:30,20.24,20.24,20.24,20.24,0,0,real
2026-04-08T09:17:00+05:30,19.96,19.96,19.96,19.96,0,0,real
2026-04-08T09:18:00+05:30,19.99,19.99,19.99,19.99,0,0,real
2026-04-08T09:19:00+05:30,20.0,20.0,20.0,20.0,0,0,real
2026-04-08T09:20:00+05:30,19.98,19.98,19.98,19.98,0,0,real
2026-04-08T09:21:00+05:30,19.89,19.89,19.89,19.89,0,0,real
2026-04-08T09:22:00+05:30,19.95,19.95,19.95,19.95,0,0,real
2026-04-08T09:23:00+05:30,20.07,20.07,20.07,20.07,0,0,real
2026-04-08T09:24:00+05:30,20.17,20.17,20.17,20.17,0,0,real
2026-04-08T09:25:00+05:30,20.25,20.25,20.25,20.25,0,0,real
2026-04-08T09:26:00+05:30,20.22,20.22,20.22,20.22,0,0,real
2026-04-08T09:27:00+05:30,20.18,20.18,20.18,20.18,0,0,real
2026-04-08T09:28:00+05:30,20.22,20.22,20.22,20.22,0,0,real
2026-04-08T09:29:00+05:30,20.2,20.2,20.2,20.2,0,0,real
2026-04-08T09:30:00+05:30,20.11,20.11,20.11,20.11,0,0,real
2026-04-08T09:31:00+05:30,20.08,20.08,20.08,20.08,0,0,real
2026-04-08T09:32:00+05:30,20.07,20.07,20.07,20.07,0,0,real
2026-04-08T09:33:00+05:30,20.09,20.09,20.09,20.09,0,0,real
2026-04-08T09:34:00+05:30,20.04,20.04,20.04,20.04,0,0,real
2026-04-08T09:35:00+05:30,20.01,20.01,20.01,20.01,0,0,real
2026-04-08T09:36:00+05:30,20.03,20.03,20.03,20.03,0,0,real
2026-04-08T09:37:00+05:30,19.95,19.95,19.95,19.95,0,0,real
2026-04-08T09:38:00+05:30,19.96,19.96,19.96,19.96,0,0,real
2026-04-08T09:39:00+05:30,19.93,19.93,19.93,19.93,0,0,real
2026-04-08T09:40:00+05:30,19.92,19.92,19.92,19.92,0,0,real
2026-04-08T09:41:00+05:30,19.95,19.95,19.95,19.95,0,0,real
2026-04-08T09:42:00+05:30,19.94,19.94,19.94,19.94,0,0,real
2026-04-08T09:43:00+05:30,19.89,19.89,19.89,19.89,0,0,real
2026-04-08T09:44:00+05:30,19.88,19.88,19.88,19.88,0,0,real
2026-04-08T09:45:00+05:30,19.84,19.84,19.84,19.84,0,0,real
2026-04-08T09:46:00+05:30,19.8,19.8,19.8,19.8,0,0,real
2026-04-08T09:47:00+05:30,19.79,19.79,19.79,19.79,0,0,real
2026-04-08T09:48:00+05:30,19.77,19.77,19.77,19.77,0,0,real
2026-04-08T09:49:00+05:30,19.85,19.85,19.85,19.85,0,0,real
2026-04-08T09:50:00+05:30,19.87,19.87,19.87,19.87,0,0,real
2026-04-08T09:51:00+05:30,19.88,19.88,19.88,19.88,0,0,real
2026-04-08T09:52:00+05:30,19.86,19.86,19.86,19.86,0,0,real
2026-04-08T09:53:00+05:30,19.84,19.84,19.84,19.84,0,0,real
2026-04-08T09:54:00+05:30,19.86,19.86,19.86,19.86,0,0,real
2026-04-08T09:55:00+05:30,19.86,19.86,19.86,19.86,0,0,real
2026-04-08T09:56:00+05:30,19.86,19.86,19.86,19.86,0,0,real
2026-04-08T09:57:00+05:30,19.87,19.87,19.87,19.87,0,0,real
2026-04-08T09:58:00+05:30,19.92,19.92,19.92,19.92,0,0,real
2026-04-08T09:59:00+05:30,19.9,19.9,19.9,19.9,0,0,real
2026-04-08T10:00:00+05:30,19.89,19.89,19.89,19.89,0,0,real
2026-04-08T10:01:00+05:30,19.83,19.83,19.83,19.83,0,0,real
2026-04-08T10:02:00+05:30,19.85,19.85,19.85,19.85,0,0,real
2026-04-08T10:03:00+05:30,19.84,19.84,19.84,19.84,0,0,real
2026-04-08T10:04:00+05:30,19.81,19.81,19.81,19.81,0,0,real
2026-04-08T10:05:00+05:30,19.75,19.75,19.75,19.75,0,0,real
2026-04-08T10:06:00+05:30,19.82,19.82,19.82,19.82,0,0,real
2026-04-08T10:07:00+05:30,19.85,19.85,19.85,19.85,0,0,real
2026-04-08T10:08:00+05:30,19.86,19.86,19.86,19.86,0,0,real
2026-04-08T10:09:00+05:30,19.82,19.82,19.82,19.82,0,0,real
2026-04-08T10:10:00+05:30,19.84,19.84,19.84,19.84,0,0,real
2026-04-08T10:11:00+05:30,19.85,19.85,19.85,19.85,0,0,real
2026-04-08T10:12:00+05:30,19.86,19.86,19.86,19.86,0,0,real
2026-04-08T10:13:00+05:30,19.9,19.9,19.9,19.9,0,0,real
2026-04-08T10:14:00+05:30,19.86,19.86,19.86,19.86,0,0,real
2026-04-08T10:15:00+05:30,19.88,19.88,19.88,19.88,0,0,real
2026-04-08T10:16:00+05:30,19.86,19.86,19.86,19.86,0,0,real
2026-04-08T10:17:00+05:30,19.85,19.85,19.85,19.85,0,0,real
2026-04-08T10:18:00+05:30,19.84,19.84,19.84,19.84,0,0,real
2026-04-08T10:19:00+05:30,19.82,19.82,19.82,19.82,0,0,real
2026-04-08T10:20:00+05:30,19.83,19.83,19.83,19.83,0,0,real
2026-04-08T10:21:00+05:30,19.84,19.84,19.84,19.84,0,0,real
2026-04-08T10:22:00+05:30,19.88,19.88,19.88,19.88,0,0,real
2026-04-08T10:23:00+05:30,19.83,19.83,19.83,19.83,0,0,real
2026-04-08T10:24:00+05:30,19.81,19.81,19.81,19.81,0,0,real
2026-04-08T10:25:00+05:30,19.82,19.82,19.82,19.82,0,0,real
2026-04-08T10:26:00+05:30,19.79,19.79,19.79,19.79,0,0,real
2026-04-08T10:27:00+05:30,19.77,19.77,19.77,19.77,0,0,real
2026-04-08T10:28:00+05:30,19.76,19.76,19.76,19.76,0,0,real
2026-04-08T10:29:00+05:30,19.76,19.76,19.76,19.76,0,0,real
2026-04-08T10:30:00+05:30,19.74,19.74,19.74,19.74,0,0,real
2026-04-08T10:31:00+05:30,19.75,19.75,19.75,19.75,0,0,real
2026-04-08T10:32:00+05:30,19.74,19.74,19.74,19.74,0,0,real
2026-04-08T10:33:00+05:30,19.7,19.7,19.7,19.7,0,0,real
2026-04-08T10:34:00+05:30,19.7,19.7,19.7,19.7,0,0,real
2026-04-08T10:35:00+05:30,19.76,19.76,19.76,19.76,0,0,real
2026-04-08T10:36:00+05:30,19.78,19.78,19.78,19.78,0,0,real
2026-04-08T10:37:00+05:30,19.73,19.73,19.73,19.73,0,0,real
2026-04-08T10:38:00+05:30,19.75,19.75,19.75,19.75,0,0,real
2026-04-08T10:39:00+05:30,19.75,19.75,19.75,19.75,0,0,real
2026-04-08T10:40:00+05:30,19.76,19.76,19.76,19.76,0,0,real
2026-04-08T10:41:00+05:30,19.76,19.76,19.76,19.76,0,0,real
2026-04-08T10:42:00+05:30,19.78,19.78,19.78,19.78,0,0,real
2026-04-08T10:43:00+05:30,19.69,19.69,19.69,19.69,0,0,real
2026-04-08T10:44:00+05:30,19.66,19.66,19.66,19.66,0,0,real
2026-04-08T10:45:00+05:30,19.65,19.65,19.65,19.65,0,0,real
2026-04-08T10:46:00+05:30,19.6,19.6,19.6,19.6,0,0,real
2026-04-08T10:47:00+05:30,19.59,19.59,19.59,19.59,0,0,real
2026-04-08T10:48:00+05:30,19.57,19.57,19.57,19.57,0,0,real
2026-04-08T10:49:00+05:30,19.6,19.6,19.6,19.6,0,0,real
2026-04-08T10:50:00+05:30,19.6,19.6,19.6,19.6,0,0,real
2026-04-08T10:51:00+05:30,19.57,19.57,19.57,19.57,0,0,real
2026-04-08T10:52:00+05:30,19.56,19.56,19.56,19.56,0,0,real
2026-04-08T10:53:00+05:30,19.54,19.54,19.54,19.54,0,0,real
2026-04-08T10:54:00+05:30,19.5,19.5,19.5,19.5,0,0,real
2026-04-08T10:55:00+05:30,19.48,19.48,19.48,19.48,0,0,real
2026-04-08T10:56:00+05:30,19.49,19.49,19.49,19.49,0,0,real
2026-04-08T10:57:00+05:30,19.47,19.47,19.47,19.47,0,0,real
2026-04-08T10:58:00+05:30,19.49,19.49,19.49,19.49,0,0,real
2026-04-08T10:59:00+05:30,19.47,19.47,19.47,19.47,0,0,real
2026-04-08T11:00:00+05:30,19.52,19.52,19.52,19.52,0,0,real
2026-04-08T11:01:00+05:30,19.56,19.56,19.56,19.56,0,0,real
2026-04-08T11:02:00+05:30,19.55,19.55,19.55,19.55,0,0,real
2026-04-08T11:03:00+05:30,19.54,19.54,19.54,19.54,0,0,real
2026-04-08T11:04:00+05:30,19.54,19.54,19.54,19.54,0,0,real
2026-04-08T11:05:00+05:30,19.5,19.5,19.5,19.5,0,0,real
2026-04-08T11:06:00+05:30,19.51,19.51,19.51,19.51,0,0,real
2026-04-08T11:07:00+05:30,19.51,19.51,19.51,19.51,0,0,real
2026-04-08T11:08:00+05:30,19.5,19.5,19.5,19.5,0,0,real
2026-04-08T11:09:00+05:30,19.49,19.49,19.49,19.49,0,0,real
2026-04-08T11:10:00+05:30,19.47,19.47,19.47,19.47,0,0,real
2026-04-08T11:11:00+05:30,19.44,19.44,19.44,19.44,0,0,real
2026-04-08T11:12:00+05:30,19.45,19.45,19.45,19.45,0,0,real
2026-04-08T11:13:00+05:30,19.47,19.47,19.47,19.47,0,0,real
2026-04-08T11:14:00+05:30,19.49,19.49,19.49,19.49,0,0,real
2026-04-08T11:15:00+05:30,19.49,19.49,19.49,19.49,0,0,real
2026-04-08T11:16:00+05:30,19.4,19.4,19.4,19.4,0,0,real
2026-04-08T11:17:00+05:30,19.44,19.44,19.44,19.44,0,0,real
2026-04-08T11:18:00+05:30,19.43,19.43,19.43,19.43,0,0,real
2026-04-08T11:19:00+05:30,19.41,19.41,19.41,19.41,0,0,real
2026-04-08T11:20:00+05:30,19.35,19.35,19.35,19.35,0,0,real
2026-04-08T11:21:00+05:30,19.34,19.34,19.34,19.34,0,0,real
2026-04-08T11:22:00+05:30,19.36,19.36,19.36,19.36,0,0,real
2026-04-08T11:23:00+05:30,19.34,19.34,19.34,19.34,0,0,real
2026-04-08T11:24:00+05:30,19.37,19.37,19.37,19.37,0,0,real
2026-04-08T11:25:00+05:30,19.38,19.38,19.38,19.38,0,0,real
2026-04-08T11:26:00+05:30,19.41,19.41,19.41,19.41,0,0,real
2026-04-08T11:27:00+05:30,19.44,19.44,19.44,19.44,0,0,real
2026-04-08T11:28:00+05:30,19.47,19.47,19.47,19.47,0,0,real
2026-04-08T11:29:00+05:30,19.46,19.46,19.46,19.46,0,0,real
2026-04-08T11:30:00+05:30,19.48,19.48,19.48,19.48,0,0,real
2026-04-08T11:31:00+05:30,19.52,19.52,19.52,19.52,0,0,real
2026-04-08T11:32:00+05:30,19.54,19.54,19.54,19.54,0,0,real
2026-04-08T11:33:00+05:30,19.55,19.55,19.55,19.55,0,0,real
2026-04-08T11:34:00+05:30,19.57,19.57,19.57,19.57,0,0,real
2026-04-08T11:35:00+05:30,19.58,19.58,19.58,19.58,0,0,real
2026-04-08T11:36:00+05:30,19.6,19.6,19.6,19.6,0,0,real
2026-04-08T11:37:00+05:30,19.53,19.53,19.53,19.53,0,0,real
2026-04-08T11:38:00+05:30,19.54,19.54,19.54,19.54,0,0,real
2026-04-08T11:39:00+05:30,19.54,19.54,19.54,19.54,0,0,real
2026-04-08T11:40:00+05:30,19.58,19.58,19.58,19.58,0,0,real
2026-04-08T11:41:00+05:30,19.59,19.59,19.59,19.59,0,0,real
2026-04-08T11:42:00+05:30,19.59,19.59,19.59,19.59,0,0,real
2026-04-08T11:43:00+05:30,19.6,19.6,19.6,19.6,0,0,real
2026-04-08T11:44:00+05:30,19.61,19.61,19.61,19.61,0,0,real
2026-04-08T11:45:00+05:30,19.57,19.57,19.57,19.57,0,0,real
2026-04-08T11:46:00+05:30,19.53,19.53,19.53,19.53,0,0,real
2026-04-08T11:47:00+05:30,19.52,19.52,19.52,19.52,0,0,real
2026-04-08T11:48:00+05:30,19.48,19.48,19.48,19.48,0,0,real
2026-04-08T11:49:00+05:30,19.47,19.47,19.47,19.47,0,0,real
2026-04-08T11:50:00+05:30,19.51,19.51,19.51,19.51,0,0,real
2026-04-08T11:51:00+05:30,19.6,19.6,19.6,19.6,0,0,real
2026-04-08T11:52:00+05:30,19.59,19.59,19.59,19.59,0,0,real
2026-04-08T11:53:00+05:30,19.61,19.61,19.61,19.61,0,0,real
2026-04-08T11:54:00+05:30,19.6,19.6,19.6,19.6,0,0,real
2026-04-08T11:55:00+05:30,19.64,19.64,19.64,19.64,0,0,real
2026-04-08T11:56:00+05:30,19.64,19.64,19.64,19.64,0,0,real
2026-04-08T11:57:00+05:30,19.67,19.67,19.67,19.67,0,0,real
2026-04-08T11:58:00+05:30,19.69,19.69,19.69,19.69,0,0,real
2026-04-08T11:59:00+05:30,19.69,19.69,19.69,19.69,0,0,real
2026-04-08T12:00:00+05:30,19.69,19.69,19.69,19.69,0,0,real
2026-04-08T12:01:00+05:30,19.71,19.71,19.71,19.71,0,0,real
2026-04-08T12:02:00+05:30,19.73,19.73,19.73,19.73,0,0,real
2026-04-08T12:03:00+05:30,19.7,19.7,19.7,19.7,0,0,real
2026-04-08T12:04:00+05:30,19.71,19.71,19.71,19.71,0,0,real
2026-04-08T12:05:00+05:30,19.63,19.63,19.63,19.63,0,0,real
2026-04-08T12:06:00+05:30,19.64,19.64,19.64,19.64,0,0,real
2026-04-08T12:07:00+05:30,19.62,19.62,19.62,19.62,0,0,real
2026-04-08T12:08:00+05:30,19.6,19.6,19.6,19.6,0,0,real
2026-04-08T12:09:00+05:30,19.58,19.58,19.58,19.58,0,0,real
2026-04-08T12:10:00+05:30,19.58,19.58,19.58,19.58,0,0,real
2026-04-08T12:11:00+05:30,19.6,19.6,19.6,19.6,0,0,real
2026-04-08T12:12:00+05:30,19.6,19.6,19.6,19.6,0,0,real
2026-04-08T12:13:00+05:30,19.62,19.62,19.62,19.62,0,0,real
2026-04-08T12:14:00+05:30,19.65,19.65,19.65,19.65,0,0,real
2026-04-08T12:15:00+05:30,19.65,19.65,19.65,19.65,0,0,real
2026-04-08T12:16:00+05:30,19.64,19.64,19.64,19.64,0,0,real
2026-04-08T12:17:00+05:30,19.63,19.63,19.63,19.63,0,0,real
2026-04-08T12:18:00+05:30,19.63,19.63,19.63,19.63,0,0,real
2026-04-08T12:19:00+05:30,19.61,19.61,19.61,19.61,0,0,real
2026-04-08T12:20:00+05:30,19.61,19.61,19.61,19.61,0,0,real
2026-04-08T12:21:00+05:30,19.62,19.62,19.62,19.62,0,0,real
2026-04-08T12:22:00+05:30,19.61,19.61,19.61,19.61,0,0,real
2026-04-08T12:23:00+05:30,19.58,19.58,19.58,19.58,0,0,real
2026-04-08T12:24:00+05:30,19.58,19.58,19.58,19.58,0,0,real
2026-04-08T12:25:00+05:30,19.57,19.57,19.57,19.57,0,0,real
2026-04-08T12:26:00+05:30,19.58,19.58,19.58,19.58,0,0,real
2026-04-08T12:27:00+05:30,19.6,19.6,19.6,19.6,0,0,real
2026-04-08T12:28:00+05:30,19.61,19.61,19.61,19.61,0,0,real
2026-04-08T12:29:00+05:30,19.68,19.68,19.68,19.68,0,0,real
2026-04-08T12:30:00+05:30,19.74,19.74,19.74,19.74,0,0,real
2026-04-08T12:31:00+05:30,19.8,19.8,19.8,19.8,0,0,real
2026-04-08T12:32:00+05:30,19.83,19.83,19.83,19.83,0,0,real
2026-04-08T12:33:00+05:30,19.85,19.85,19.85,19.85,0,0,real
2026-04-08T12:34:00+05:30,19.83,19.83,19.83,19.83,0,0,real
2026-04-08T12:35:00+05:30,19.83,19.83,19.83,19.83,0,0,real
2026-04-08T12:36:00+05:30,19.78,19.78,19.78,19.78,0,0,real
2026-04-08T12:37:00+05:30,19.8,19.8,19.8,19.8,0,0,real
2026-04-08T12:38:00+05:30,19.84,19.84,19.84,19.84,0,0,real
2026-04-08T12:39:00+05:30,19.84,19.84,19.84,19.84,0,0,real
2026-04-08T12:40:00+05:30,19.87,19.87,19.87,19.87,0,0,real
2026-04-08T12:41:00+05:30,19.86,19.86,19.86,19.86,0,0,real
2026-04-08T12:42:00+05:30,19.83,19.83,19.83,19.83,0,0,real
2026-04-08T12:43:00+05:30,19.8,19.8,19.8,19.8,0,0,real
2026-04-08T12:44:00+05:30,19.73,19.73,19.73,19.73,0,0,real
2026-04-08T12:45:00+05:30,19.75,19.75,19.75,19.75,0,0,real
2026-04-08T12:46:00+05:30,19.73,19.73,19.73,19.73,0,0,real
2026-04-08T12:47:00+05:30,19.7,19.7,19.7,19.7,0,0,real
2026-04-08T12:48:00+05:30,19.68,19.68,19.68,19.68,0,0,real
2026-04-08T12:49:00+05:30,19.64,19.64,19.64,19.64,0,0,real
2026-04-08T12:50:00+05:30,19.63,19.63,19.63,19.63,0,0,real
2026-04-08T12:51:00+05:30,19.66,19.66,19.66,19.66,0,0,real
2026-04-08T12:52:00+05:30,19.64,19.64,19.64,19.64,0,0,real
2026-04-08T12:53:00+05:30,19.65,19.65,19.65,19.65,0,0,real
2026-04-08T12:54:00+05:30,19.64,19.64,19.64,19.64,0,0,real
2026-04-08T12:55:00+05:30,19.59,19.59,19.59,19.59,0,0,real
2026-04-08T12:56:00+05:30,19.59,19.59,19.59,19.59,0,0,real
2026-04-08T12:57:00+05:30,19.57,19.57,19.57,19.57,0,0,real
2026-04-08T12:58:00+05:30,19.56,19.56,19.56,19.56,0,0,real
2026-04-08T12:59:00+05:30,19.57,19.57,19.57,19.57,0,0,real
2026-04-08T13:00:00+05:30,19.58,19.58,19.58,19.58,0,0,real
2026-04-08T13:01:00+05:30,19.59,19.59,19.59,19.59,0,0,real
2026-04-08T13:02:00+05:30,19.58,19.58,19.58,19.58,0,0,real
2026-04-08T13:03:00+05:30,19.59,19.59,19.59,19.59,0,0,real
2026-04-08T13:04:00+05:30,19.61,19.61,19.61,19.61,0,0,real
2026-04-08T13:05:00+05:30,19.6,19.6,19.6,19.6,0,0,real
2026-04-08T13:06:00+05:30,19.61,19.61,19.61,19.61,0,0,real
2026-04-08T13:07:00+05:30,19.61,19.61,19.61,19.61,0,0,real
2026-04-08T13:08:00+05:30,19.61,19.61,19.61,19.61,0,0,real
2026-04-08T13:09:00+05:30,19.63,19.63,19.63,19.63,0,0,real
2026-04-08T13:10:00+05:30,19.63,19.63,19.63,19.63,0,0,real
2026-04-08T13:11:00+05:30,19.58,19.58,19.58,19.58,0,0,real
2026-04-08T13:12:00+05:30,19.59,19.59,19.59,19.59,0,0,real
2026-04-08T13:13:00+05:30,19.61,19.61,19.61,19.61,0,0,real
2026-04-08T13:14:00+05:30,19.56,19.56,19.56,19.56,0,0,real
2026-04-08T13:15:00+05:30,19.56,19.56,19.56,19.56,0,0,real
2026-04-08T13:16:00+05:30,19.54,19.54,19.54,19.54,0,0,real
2026-04-08T13:17:00+05:30,19.53,19.53,19.53,19.53,0,0,real
2026-04-08T13:18:00+05:30,19.56,19.56,19.56,19.56,0,0,real
2026-04-08T13:19:00+05:30,19.57,19.57,19.57,19.57,0,0,real
2026-04-08T13:20:00+05:30,19.57,19.57,19.57,19.57,0,0,real
2026-04-08T13:21:00+05:30,19.57,19.57,19.57,19.57,0,0,real
2026-04-08T13:22:00+05:30,19.56,19.56,19.56,19.56,0,0,real
2026-04-08T13:23:00+05:30,19.56,19.56,19.56,19.56,0,0,real
2026-04-08T13:24:00+05:30,19.55,19.55,19.55,19.55,0,0,real
2026-04-08T13:25:00+05:30,19.54,19.54,19.54,19.54,0,0,real
2026-04-08T13:26:00+05:30,19.53,19.53,19.53,19.53,0,0,real
2026-04-08T13:27:00+05:30,19.54,19.54,19.54,19.54,0,0,real
2026-04-08T13:28:00+05:30,19.56,19.56,19.56,19.56,0,0,real
2026-04-08T13:29:00+05:30,19.56,19.56,19.56,19.56,0,0,real
2026-04-08T13:30:00+05:30,19.56,19.56,19.56,19.56,0,0,real
2026-04-08T13:31:00+05:30,19.56,19.56,19.56,19.56,0,0,real
2026-04-08T13:32:00+05:30,19.55,19.55,19.55,19.55,0,0,real
2026-04-08T13:33:00+05:30,19.59,19.59,19.59,19.59,0,0,real
2026-04-08T13:34:00+05:30,19.7,19.7,19.7,19.7,0,0,real
2026-04-08T13:35:00+05:30,19.71,19.71,19.71,19.71,0,0,real
2026-04-08T13:36:00+05:30,19.68,19.68,19.68,19.68,0,0,real
2026-04-08T13:37:00+05:30,19.66,19.66,19.66,19.66,0,0,real
2026-04-08T13:38:00+05:30,19.64,19.64,19.64,19.64,0,0,real
2026-04-08T13:39:00+05:30,19.63,19.63,19.63,19.63,0,0,real
2026-04-08T13:40:00+05:30,19.66,19.66,19.66,19.66,0,0,real
2026-04-08T13:41:00+05:30,19.66,19.66,19.66,19.66,0,0,real
2026-04-08T13:42:00+05:30,19.66,19.66,19.66,19.66,0,0,real
2026-04-08T13:43:00+05:30,19.67,19.67,19.67,19.67,0,0,real
2026-04-08T13:44:00+05:30,19.68,19.68,19.68,19.68,0,0,real
2026-04-08T13:45:00+05:30,19.65,19.65,19.65,19.65,0,0,real
2026-04-08T13:46:00+05:30,19.65,19.65,19.65,19.65,0,0,real
2026-04-08T13:47:00+05:30,19.66,19.66,19.66,19.66,0,0,real
2026-04-08T13:48:00+05:30,19.64,19.64,19.64,19.64,0,0,real
2026-04-08T13:49:00+05:30,19.64,19.64,19.64,19.64,0,0,real
2026-04-08T13:50:00+05:30,19.65,19.65,19.65,19.65,0,0,real
2026-04-08T13:51:00+05:30,19.63,19.63,19.63,19.63,0,0,real
2026-04-08T13:52:00+05:30,19.67,19.67,19.67,19.67,0,0,real
2026-04-08T13:53:00+05:30,19.68,19.68,19.68,19.68,0,0,real
2026-04-08T13:54:00+05:30,19.7,19.7,19.7,19.7,0,0,real
2026-04-08T13:55:00+05:30,19.7,19.7,19.7,19.7,0,0,real
2026-04-08T13:56:00+05:30,19.67,19.67,19.67,19.67,0,0,real
2026-04-08T13:57:00+05:30,19.68,19.68,19.68,19.68,0,0,real
2026-04-08T13:58:00+05:30,19.67,19.67,19.67,19.67,0,0,real
2026-04-08T13:59:00+05:30,19.65,19.65,19.65,19.65,0,0,real
2026-04-08T14:00:00+05:30,19.65,19.65,19.65,19.65,0,0,real
2026-04-08T14:01:00+05:30,19.65,19.65,19.65,19.65,0,0,real
2026-04-08T14:02:00+05:30,19.65,19.65,19.65,19.65,0,0,real
2026-04-08T14:03:00+05:30,19.65,19.65,19.65,19.65,0,0,real
2026-04-08T14:04:00+05:30,19.66,19.66,19.66,19.66,0,0,real
2026-04-08T14:05:00+05:30,19.67,19.67,19.67,19.67,0,0,real
2026-04-08T14:06:00+05:30,19.75,19.75,19.75,19.75,0,0,real
2026-04-08T14:07:00+05:30,19.74,19.74,19.74,19.74,0,0,real
2026-04-08T14:08:00+05:30,19.73,19.73,19.73,19.73,0,0,real
2026-04-08T14:09:00+05:30,19.68,19.68,19.68,19.68,0,0,real
2026-04-08T14:10:00+05:30,19.7,19.7,19.7,19.7,0,0,real
2026-04-08T14:11:00+05:30,19.69,19.69,19.69,19.69,0,0,real
2026-04-08T14:12:00+05:30,19.66,19.66,19.66,19.66,0,0,real
2026-04-08T14:13:00+05:30,19.75,19.75,19.75,19.75,0,0,real
2026-04-08T14:14:00+05:30,19.75,19.75,19.75,19.75,0,0,real
2026-04-08T14:15:00+05:30,19.73,19.73,19.73,19.73,0,0,real
2026-04-08T14:16:00+05:30,19.77,19.77,19.77,19.77,0,0,real
2026-04-08T14:17:00+05:30,19.79,19.79,19.79,19.79,0,0,real
2026-04-08T14:18:00+05:30,19.81,19.81,19.81,19.81,0,0,real
2026-04-08T14:19:00+05:30,19.78,19.78,19.78,19.78,0,0,real
2026-04-08T14:20:00+05:30,19.75,19.75,19.75,19.75,0,0,real
2026-04-08T14:21:00+05:30,19.75,19.75,19.75,19.75,0,0,real
2026-04-08T14:22:00+05:30,19.74,19.74,19.74,19.74,0,0,real
2026-04-08T14:23:00+05:30,19.75,19.75,19.75,19.75,0,0,real
2026-04-08T14:24:00+05:30,19.75,19.75,19.75,19.75,0,0,real
2026-04-08T14:25:00+05:30,19.73,19.73,19.73,19.73,0,0,real
2026-04-08T14:26:00+05:30,19.74,19.74,19.74,19.74,0,0,real
2026-04-08T14:27:00+05:30,19.74,19.74,19.74,19.74,0,0,real
2026-04-08T14:28:00+05:30,19.75,19.75,19.75,19.75,0,0,real
2026-04-08T14:29:00+05:30,19.74,19.74,19.74,19.74,0,0,real
2026-04-08T14:30:00+05:30,19.74,19.74,19.74,19.74,0,0,real
2026-04-08T14:31:00+05:30,19.72,19.72,19.72,19.72,0,0,real
2026-04-08T14:32:00+05:30,19.74,19.74,19.74,19.74,0,0,real
2026-04-08T14:33:00+05:30,19.74,19.74,19.74,19.74,0,0,real
2026-04-08T14:34:00+05:30,19.74,19.74,19.74,19.74,0,0,real
2026-04-08T14:35:00+05:30,19.69,19.69,19.69,19.69,0,0,real
2026-04-08T14:36:00+05:30,19.71,19.71,19.71,19.71,0,0,real
2026-04-08T14:37:00+05:30,19.71,19.71,19.71,19.71,0,0,real
2026-04-08T14:38:00+05:30,19.72,19.72,19.72,19.72,0,0,real
2026-04-08T14:39:00+05:30,19.73,19.73,19.73,19.73,0,0,real
2026-04-08T14:40:00+05:30,19.71,19.71,19.71,19.71,0,0,real
2026-04-08T14:41:00+05:30,19.7,19.7,19.7,19.7,0,0,real
2026-04-08T14:42:00+05:30,19.63,19.63,19.63,19.63,0,0,real
2026-04-08T14:43:00+05:30,19.63,19.63,19.63,19.63,0,0,real
2026-04-08T14:44:00+05:30,19.63,19.63,19.63,19.63,0,0,real
2026-04-08T14:45:00+05:30,19.67,19.67,19.67,19.67,0,0,real
2026-04-08T14:46:00+05:30,19.67,19.67,19.67,19.67,0,0,real
2026-04-08T14:47:00+05:30,19.64,19.64,19.64,19.64,0,0,real
2026-04-08T14:48:00+05:30,19.61,19.61,19.61,19.61,0,0,real
2026-04-08T14:49:00+05:30,19.68,19.68,19.68,19.68,0,0,real
2026-04-08T14:50:00+05:30,19.76,19.76,19.76,19.76,0,0,real
2026-04-08T14:51:00+05:30,19.75,19.75,19.75,19.75,0,0,real
2026-04-08T14:52:00+05:30,19.75,19.75,19.75,19.75,0,0,real
2026-04-08T14:53:00+05:30,19.81,19.81,19.81,19.81,0,0,real
2026-04-08T14:54:00+05:30,19.8,19.8,19.8,19.8,0,0,real
2026-04-08T14:55:00+05:30,19.76,19.76,19.76,19.76,0,0,real
2026-04-08T14:56:00+05:30,19.79,19.79,19.79,19.79,0,0,real
2026-04-08T14:57:00+05:30,19.84,19.84,19.84,19.84,0,0,real
2026-04-08T14:58:00+05:30,19.83,19.83,19.83,19.83,0,0,real
2026-04-08T14:59:00+05:30,19.75,19.75,19.75,19.75,0,0,real
2026-04-08T15:00:00+05:30,19.83,19.83,19.83,19.83,0,0,real
2026-04-08T15:01:00+05:30,19.84,19.84,19.84,19.84,0,0,real
2026-04-08T15:02:00+05:30,19.79,19.79,19.79,19.79,0,0,real
2026-04-08T15:03:00+05:30,19.74,19.74,19.74,19.74,0,0,real
2026-04-08T15:04:00+05:30,19.73,19.73,19.73,19.73,0,0,real
2026-04-08T15:05:00+05:30,19.69,19.69,19.69,19.69,0,0,real
2026-04-08T15:06:00+05:30,19.67,19.67,19.67,19.67,0,0,real
2026-04-08T15:07:00+05:30,19.66,19.66,19.66,19.66,0,0,real
2026-04-08T15:08:00+05:30,19.68,19.68,19.68,19.68,0,0,real
2026-04-08T15:09:00+05:30,19.68,19.68,19.68,19.68,0,0,real
2026-04-08T15:10:00+05:30,19.68,19.68,19.68,19.68,0,0,real
2026-04-08T15:11:00+05:30,19.7,19.7,19.7,19.7,0,0,real
2026-04-08T15:12:00+05:30,19.68,19.68,19.68,19.68,0,0,real
2026-04-08T15:13:00+05:30,19.71,19.71,19.71,19.71,0,0,real
2026-04-08T15:14:00+05:30,19.68,19.68,19.68,19.68,0,0,real
2026-04-08T15:15:00+05:30,19.69,19.69,19.69,19.69,0,0,real
2026-04-08T15:16:00+05:30,19.74,19.74,19.74,19.74,0,0,real
2026-04-08T15:17:00+05:30,19.75,19.75,19.75,19.75,0,0,real
2026-04-08T15:18:00+05:30,19.74,19.74,19.74,19.74,0,0,real
2026-04-08T15:19:00+05:30,19.67,19.67,19.67,19.67,0,0,real
2026-04-08T15:20:00+05:30,19.67,19.67,19.67,19.67,0,0,real
2026-04-08T15:21:00+05:30,19.7,19.7,19.7,19.7,0,0,real
2026-04-08T15:22:00+05:30,19.68,19.68,19.68,19.68,0,0,real
2026-04-08T15:23:00+05:30,19.65,19.65,19.65,19.65,0,0,real
2026-04-08T15:24:00+05:30,19.66,19.66,19.66,19.66,0,0,real
2026-04-08T15:25:00+05:30,19.66,19.66,19.66,19.66,0,0,real
2026-04-08T15:26:00+05:30,19.65,19.65,19.65,19.65,0,0,real
2026-04-08T15:27:00+05:30,19.7,19.7,19.7,19.7,0,0,real
2026-04-08T15:28:00+05:30,19.64,19.64,19.64,19.64,0,0,real
2026-04-08T15:29:00+05:30,19.54,19.54,19.54,19.54,0,0,real
2026-04-08T15:30:00+05:30,18.29,18.29,18.29,18.29,0,0,proxy
2026-04-09T09:15:00+05:30,19.86,19.86,19.86,19.86,0,0,real
2026-04-09T09:16:00+05:30,20.08,20.08,20.08,20.08,0,0,real
2026-04-09T09:17:00+05:30,20.1,20.1,20.1,20.1,0,0,real
2026-04-09T09:18:00+05:30,20.06,20.06,20.06,20.06,0,0,real
2026-04-09T09:19:00+05:30,19.96,19.96,19.96,19.96,0,0,real
2026-04-09T09:20:00+05:30,19.97,19.97,19.97,19.97,0,0,real
2026-04-09T09:21:00+05:30,20.01,20.01,20.01,20.01,0,0,real
2026-04-09T09:22:00+05:30,20.03,20.03,20.03,20.03,0,0,real
2026-04-09T09:23:00+05:30,20.05,20.05,20.05,20.05,0,0,real
2026-04-09T09:24:00+05:30,20.04,20.04,20.04,20.04,0,0,real
2026-04-09T09:25:00+05:30,19.99,19.99,19.99,19.99,0,0,real
2026-04-09T09:26:00+05:30,20.03,20.03,20.03,20.03,0,0,real
2026-04-09T09:27:00+05:30,20.07,20.07,20.07,20.07,0,0,real
2026-04-09T09:28:00+05:30,20.09,20.09,20.09,20.09,0,0,real
2026-04-09T09:29:00+05:30,20.1,20.1,20.1,20.1,0,0,real
2026-04-09T09:30:00+05:30,20.17,20.17,20.17,20.17,0,0,real
2026-04-09T09:31:00+05:30,20.21,20.21,20.21,20.21,0,0,real
2026-04-09T09:32:00+05:30,20.25,20.25,20.25,20.25,0,0,real
2026-04-09T09:33:00+05:30,20.27,20.27,20.27,20.27,0,0,real
2026-04-09T09:34:00+05:30,20.27,20.27,20.27,20.27,0,0,real
2026-04-09T09:35:00+05:30,20.28,20.28,20.28,20.28,0,0,real
2026-04-09T09:36:00+05:30,20.23,20.23,20.23,20.23,0,0,real
2026-04-09T09:37:00+05:30,20.26,20.26,20.26,20.26,0,0,real
2026-04-09T09:38:00+05:30,20.3,20.3,20.3,20.3,0,0,real
2026-04-09T09:39:00+05:30,20.28,20.28,20.28,20.28,0,0,real
2026-04-09T09:40:00+05:30,20.29,20.29,20.29,20.29,0,0,real
2026-04-09T09:41:00+05:30,20.29,20.29,20.29,20.29,0,0,real
2026-04-09T09:42:00+05:30,20.29,20.29,20.29,20.29,0,0,real
2026-04-09T09:43:00+05:30,20.3,20.3,20.3,20.3,0,0,real
2026-04-09T09:44:00+05:30,20.33,20.33,20.33,20.33,0,0,real
2026-04-09T09:45:00+05:30,20.32,20.32,20.32,20.32,0,0,real
2026-04-09T09:46:00+05:30,20.31,20.31,20.31,20.31,0,0,real
2026-04-09T09:47:00+05:30,20.32,20.32,20.32,20.32,0,0,real
2026-04-09T09:48:00+05:30,20.34,20.34,20.34,20.34,0,0,real
2026-04-09T09:49:00+05:30,20.42,20.42,20.42,20.42,0,0,real
2026-04-09T09:50:00+05:30,20.51,20.51,20.51,20.51,0,0,real
2026-04-09T09:51:00+05:30,20.77,20.77,20.77,20.77,0,0,real
2026-04-09T09:52:00+05:30,20.65,20.65,20.65,20.65,0,0,real
2026-04-09T09:53:00+05:30,20.71,20.71,20.71,20.71,0,0,real
2026-04-09T09:54:00+05:30,20.72,20.72,20.72,20.72,0,0,real
2026-04-09T09:55:00+05:30,20.8,20.8,20.8,20.8,0,0,real
2026-04-09T09:56:00+05:30,20.8,20.8,20.8,20.8,0,0,real
2026-04-09T09:57:00+05:30,20.79,20.79,20.79,20.79,0,0,real
2026-04-09T09:58:00+05:30,20.8,20.8,20.8,20.8,0,0,real
2026-04-09T09:59:00+05:30,20.79,20.79,20.79,20.79,0,0,real
2026-04-09T10:00:00+05:30,20.87,20.87,20.87,20.87,0,0,real
2026-04-09T10:01:00+05:30,20.77,20.77,20.77,20.77,0,0,real
2026-04-09T10:02:00+05:30,20.74,20.74,20.74,20.74,0,0,real
2026-04-09T10:03:00+05:30,20.69,20.69,20.69,20.69,0,0,real
2026-04-09T10:04:00+05:30,20.64,20.64,20.64,20.64,0,0,real
2026-04-09T10:05:00+05:30,20.55,20.55,20.55,20.55,0,0,real
2026-04-09T10:06:00+05:30,20.57,20.57,20.57,20.57,0,0,real
2026-04-09T10:07:00+05:30,20.62,20.62,20.62,20.62,0,0,real
2026-04-09T10:08:00+05:30,20.62,20.62,20.62,20.62,0,0,real
2026-04-09T10:09:00+05:30,20.58,20.58,20.58,20.58,0,0,real
2026-04-09T10:10:00+05:30,20.52,20.52,20.52,20.52,0,0,real
2026-04-09T10:11:00+05:30,20.49,20.49,20.49,20.49,0,0,real
2026-04-09T10:12:00+05:30,20.46,20.46,20.46,20.46,0,0,real
2026-04-09T10:13:00+05:30,20.45,20.45,20.45,20.45,0,0,real
2026-04-09T10:14:00+05:30,20.48,20.48,20.48,20.48,0,0,real
2026-04-09T10:15:00+05:30,20.55,20.55,20.55,20.55,0,0,real
2026-04-09T10:16:00+05:30,20.54,20.54,20.54,20.54,0,0,real
2026-04-09T10:17:00+05:30,20.52,20.52,20.52,20.52,0,0,real
2026-04-09T10:18:00+05:30,20.38,20.38,20.38,20.38,0,0,real
2026-04-09T10:19:00+05:30,20.36,20.36,20.36,20.36,0,0,real
2026-04-09T10:20:00+05:30,20.35,20.35,20.35,20.35,0,0,real
2026-04-09T10:21:00+05:30,20.38,20.38,20.38,20.38,0,0,real
2026-04-09T10:22:00+05:30,20.39,20.39,20.39,20.39,0,0,real
2026-04-09T10:23:00+05:30,20.36,20.36,20.36,20.36,0,0,real
2026-04-09T10:24:00+05:30,20.32,20.32,20.32,20.32,0,0,real
2026-04-09T10:25:00+05:30,20.34,20.34,20.34,20.34,0,0,real
2026-04-09T10:26:00+05:30,20.46,20.46,20.46,20.46,0,0,real
2026-04-09T10:27:00+05:30,20.48,20.48,20.48,20.48,0,0,real
2026-04-09T10:28:00+05:30,20.5,20.5,20.5,20.5,0,0,real
2026-04-09T10:29:00+05:30,20.46,20.46,20.46,20.46,0,0,real
2026-04-09T10:30:00+05:30,20.36,20.36,20.36,20.36,0,0,real
2026-04-09T10:31:00+05:30,20.36,20.36,20.36,20.36,0,0,real
2026-04-09T10:32:00+05:30,20.3,20.3,20.3,20.3,0,0,real
2026-04-09T10:33:00+05:30,20.28,20.28,20.28,20.28,0,0,real
2026-04-09T10:34:00+05:30,20.26,20.26,20.26,20.26,0,0,real
2026-04-09T10:35:00+05:30,20.23,20.23,20.23,20.23,0,0,real
2026-04-09T10:36:00+05:30,20.32,20.32,20.32,20.32,0,0,real
2026-04-09T10:37:00+05:30,20.3,20.3,20.3,20.3,0,0,real
2026-04-09T10:38:00+05:30,20.41,20.41,20.41,20.41,0,0,real
2026-04-09T10:39:00+05:30,20.41,20.41,20.41,20.41,0,0,real
2026-04-09T10:40:00+05:30,20.47,20.47,20.47,20.47,0,0,real
2026-04-09T10:41:00+05:30,20.46,20.46,20.46,20.46,0,0,real
2026-04-09T10:42:00+05:30,20.49,20.49,20.49,20.49,0,0,real
2026-04-09T10:43:00+05:30,20.5,20.5,20.5,20.5,0,0,real
2026-04-09T10:44:00+05:30,20.52,20.52,20.52,20.52,0,0,real
2026-04-09T10:45:00+05:30,20.46,20.46,20.46,20.46,0,0,real
2026-04-09T10:46:00+05:30,20.42,20.42,20.42,20.42,0,0,real
2026-04-09T10:47:00+05:30,20.4,20.4,20.4,20.4,0,0,real
2026-04-09T10:48:00+05:30,20.41,20.41,20.41,20.41,0,0,real
2026-04-09T10:49:00+05:30,20.42,20.42,20.42,20.42,0,0,real
2026-04-09T10:50:00+05:30,20.42,20.42,20.42,20.42,0,0,real
2026-04-09T10:51:00+05:30,20.42,20.42,20.42,20.42,0,0,real
2026-04-09T10:52:00+05:30,20.41,20.41,20.41,20.41,0,0,real
2026-04-09T10:53:00+05:30,20.41,20.41,20.41,20.41,0,0,real
2026-04-09T10:54:00+05:30,20.41,20.41,20.41,20.41,0,0,real
2026-04-09T10:55:00+05:30,20.36,20.36,20.36,20.36,0,0,real
2026-04-09T10:56:00+05:30,20.32,20.32,20.32,20.32,0,0,real
2026-04-09T10:57:00+05:30,20.36,20.36,20.36,20.36,0,0,real
2026-04-09T10:58:00+05:30,20.36,20.36,20.36,20.36,0,0,real
2026-04-09T10:59:00+05:30,20.36,20.36,20.36,20.36,0,0,real
2026-04-09T11:00:00+05:30,20.25,20.25,20.25,20.25,0,0,real
2026-04-09T11:01:00+05:30,20.25,20.25,20.25,20.25,0,0,real
2026-04-09T11:02:00+05:30,20.23,20.23,20.23,20.23,0,0,real
2026-04-09T11:03:00+05:30,20.26,20.26,20.26,20.26,0,0,real
2026-04-09T11:04:00+05:30,20.25,20.25,20.25,20.25,0,0,real
2026-04-09T11:05:00+05:30,20.25,20.25,20.25,20.25,0,0,real
2026-04-09T11:06:00+05:30,20.29,20.29,20.29,20.29,0,0,real
2026-04-09T11:07:00+05:30,20.23,20.23,20.23,20.23,0,0,real
2026-04-09T11:08:00+05:30,20.21,20.21,20.21,20.21,0,0,real
2026-04-09T11:09:00+05:30,20.21,20.21,20.21,20.21,0,0,real
2026-04-09T11:10:00+05:30,20.2,20.2,20.2,20.2,0,0,real
2026-04-09T11:11:00+05:30,20.21,20.21,20.21,20.21,0,0,real
2026-04-09T11:12:00+05:30,20.23,20.23,20.23,20.23,0,0,real
2026-04-09T11:13:00+05:30,20.21,20.21,20.21,20.21,0,0,real
2026-04-09T11:14:00+05:30,20.21,20.21,20.21,20.21,0,0,real
2026-04-09T11:15:00+05:30,20.21,20.21,20.21,20.21,0,0,real
2026-04-09T11:16:00+05:30,20.25,20.25,20.25,20.25,0,0,real
2026-04-09T11:17:00+05:30,20.33,20.33,20.33,20.33,0,0,real
2026-04-09T11:18:00+05:30,20.34,20.34,20.34,20.34,0,0,real
2026-04-09T11:19:00+05:30,20.35,20.35,20.35,20.35,0,0,real
2026-04-09T11:20:00+05:30,20.35,20.35,20.35,20.35,0,0,real
2026-04-09T11:21:00+05:30,20.36,20.36,20.36,20.36,0,0,real
2026-04-09T11:22:00+05:30,20.35,20.35,20.35,20.35,0,0,real
2026-04-09T11:23:00+05:30,20.34,20.34,20.34,20.34,0,0,real
2026-04-09T11:24:00+05:30,20.32,20.32,20.32,20.32,0,0,real
2026-04-09T11:25:00+05:30,20.26,20.26,20.26,20.26,0,0,real
2026-04-09T11:26:00+05:30,20.24,20.24,20.24,20.24,0,0,real
2026-04-09T11:27:00+05:30,20.23,20.23,20.23,20.23,0,0,real
2026-04-09T11:28:00+05:30,20.16,20.16,20.16,20.16,0,0,real
2026-04-09T11:29:00+05:30,20.18,20.18,20.18,20.18,0,0,real
2026-04-09T11:30:00+05:30,20.15,20.15,20.15,20.15,0,0,real
2026-04-09T11:31:00+05:30,20.16,20.16,20.16,20.16,0,0,real
2026-04-09T11:32:00+05:30,20.16,20.16,20.16,20.16,0,0,real
2026-04-09T11:33:00+05:30,20.16,20.16,20.16,20.16,0,0,real
2026-04-09T11:34:00+05:30,20.18,20.18,20.18,20.18,0,0,real
2026-04-09T11:35:00+05:30,20.18,20.18,20.18,20.18,0,0,real
2026-04-09T11:36:00+05:30,20.18,20.18,20.18,20.18,0,0,real
2026-04-09T11:37:00+05:30,20.18,20.18,20.18,20.18,0,0,real
2026-04-09T11:38:00+05:30,20.18,20.18,20.18,20.18,0,0,real
2026-04-09T11:39:00+05:30,20.16,20.16,20.16,20.16,0,0,real
2026-04-09T11:40:00+05:30,20.17,20.17,20.17,20.17,0,0,real
2026-04-09T11:41:00+05:30,20.16,20.16,20.16,20.16,0,0,real
2026-04-09T11:42:00+05:30,20.19,20.19,20.19,20.19,0,0,real
2026-04-09T11:43:00+05:30,20.2,20.2,20.2,20.2,0,0,real
2026-04-09T11:44:00+05:30,20.17,20.17,20.17,20.17,0,0,real
2026-04-09T11:45:00+05:30,20.2,20.2,20.2,20.2,0,0,real
2026-04-09T11:46:00+05:30,20.21,20.21,20.21,20.21,0,0,real
2026-04-09T11:47:00+05:30,20.19,20.19,20.19,20.19,0,0,real
2026-04-09T11:48:00+05:30,20.14,20.14,20.14,20.14,0,0,real
2026-04-09T11:49:00+05:30,20.07,20.07,20.07,20.07,0,0,real
2026-04-09T11:50:00+05:30,20.13,20.13,20.13,20.13,0,0,real
2026-04-09T11:51:00+05:30,20.1,20.1,20.1,20.1,0,0,real
2026-04-09T11:52:00+05:30,20.08,20.08,20.08,20.08,0,0,real
2026-04-09T11:53:00+05:30,20.05,20.05,20.05,20.05,0,0,real
2026-04-09T11:54:00+05:30,20.07,20.07,20.07,20.07,0,0,real
2026-04-09T11:55:00+05:30,20.03,20.03,20.03,20.03,0,0,real
2026-04-09T11:56:00+05:30,20.06,20.06,20.06,20.06,0,0,real
2026-04-09T11:57:00+05:30,20.06,20.06,20.06,20.06,0,0,real
2026-04-09T11:58:00+05:30,20.1,20.1,20.1,20.1,0,0,real
2026-04-09T11:59:00+05:30,20.1,20.1,20.1,20.1,0,0,real
2026-04-09T12:00:00+05:30,20.06,20.06,20.06,20.06,0,0,real
2026-04-09T12:01:00+05:30,20.08,20.08,20.08,20.08,0,0,real
2026-04-09T12:02:00+05:30,20.1,20.1,20.1,20.1,0,0,real
2026-04-09T12:03:00+05:30,20.12,20.12,20.12,20.12,0,0,real
2026-04-09T12:04:00+05:30,20.12,20.12,20.12,20.12,0,0,real
2026-04-09T12:05:00+05:30,20.16,20.16,20.16,20.16,0,0,real
2026-04-09T12:06:00+05:30,20.16,20.16,20.16,20.16,0,0,real
2026-04-09T12:07:00+05:30,20.11,20.11,20.11,20.11,0,0,real
2026-04-09T12:08:00+05:30,20.1,20.1,20.1,20.1,0,0,real
2026-04-09T12:09:00+05:30,20.07,20.07,20.07,20.07,0,0,real
2026-04-09T12:10:00+05:30,20.07,20.07,20.07,20.07,0,0,real
2026-04-09T12:11:00+05:30,20.07,20.07,20.07,20.07,0,0,real
2026-04-09T12:12:00+05:30,20.05,20.05,20.05,20.05,0,0,real
2026-04-09T12:13:00+05:30,20.05,20.05,20.05,20.05,0,0,real
2026-04-09T12:14:00+05:30,20.08,20.08,20.08,20.08,0,0,real
2026-04-09T12:15:00+05:30,20.09,20.09,20.09,20.09,0,0,real
2026-04-09T12:16:00+05:30,20.08,20.08,20.08,20.08,0,0,real
2026-04-09T12:17:00+05:30,20.1,20.1,20.1,20.1,0,0,real
2026-04-09T12:18:00+05:30,20.12,20.12,20.12,20.12,0,0,real
2026-04-09T12:19:00+05:30,20.12,20.12,20.12,20.12,0,0,real
2026-04-09T12:20:00+05:30,20.12,20.12,20.12,20.12,0,0,real
2026-04-09T12:21:00+05:30,20.12,20.12,20.12,20.12,0,0,real
2026-04-09T12:22:00+05:30,20.1,20.1,20.1,20.1,0,0,real
2026-04-09T12:23:00+05:30,20.13,20.13,20.13,20.13,0,0,real
2026-04-09T12:24:00+05:30,20.18,20.18,20.18,20.18,0,0,real
2026-04-09T12:25:00+05:30,20.21,20.21,20.21,20.21,0,0,real
2026-04-09T12:26:00+05:30,20.23,20.23,20.23,20.23,0,0,real
2026-04-09T12:27:00+05:30,20.21,20.21,20.21,20.21,0,0,real
2026-04-09T12:28:00+05:30,20.14,20.14,20.14,20.14,0,0,real
2026-04-09T12:29:00+05:30,20.13,20.13,20.13,20.13,0,0,real
2026-04-09T12:30:00+05:30,20.11,20.11,20.11,20.11,0,0,real
2026-04-09T12:31:00+05:30,20.09,20.09,20.09,20.09,0,0,real
2026-04-09T12:32:00+05:30,20.08,20.08,20.08,20.08,0,0,real
2026-04-09T12:33:00+05:30,20.13,20.13,20.13,20.13,0,0,real
2026-04-09T12:34:00+05:30,20.17,20.17,20.17,20.17,0,0,real
2026-04-09T12:35:00+05:30,20.14,20.14,20.14,20.14,0,0,real
2026-04-09T12:36:00+05:30,20.19,20.19,20.19,20.19,0,0,real
2026-04-09T12:37:00+05:30,20.2,20.2,20.2,20.2,0,0,real
2026-04-09T12:38:00+05:30,20.2,20.2,20.2,20.2,0,0,real
2026-04-09T12:39:00+05:30,20.2,20.2,20.2,20.2,0,0,real
2026-04-09T12:40:00+05:30,20.19,20.19,20.19,20.19,0,0,real
2026-04-09T12:41:00+05:30,20.19,20.19,20.19,20.19,0,0,real
2026-04-09T12:42:00+05:30,20.2,20.2,20.2,20.2,0,0,real
2026-04-09T12:43:00+05:30,20.23,20.23,20.23,20.23,0,0,real
2026-04-09T12:44:00+05:30,20.2,20.2,20.2,20.2,0,0,real
2026-04-09T12:45:00+05:30,20.24,20.24,20.24,20.24,0,0,real
2026-04-09T12:46:00+05:30,20.32,20.32,20.32,20.32,0,0,real
2026-04-09T12:47:00+05:30,20.33,20.33,20.33,20.33,0,0,real
2026-04-09T12:48:00+05:30,20.37,20.37,20.37,20.37,0,0,real
2026-04-09T12:49:00+05:30,20.46,20.46,20.46,20.46,0,0,real
2026-04-09T12:50:00+05:30,20.45,20.45,20.45,20.45,0,0,real
2026-04-09T12:51:00+05:30,20.44,20.44,20.44,20.44,0,0,real
2026-04-09T12:52:00+05:30,20.42,20.42,20.42,20.42,0,0,real
2026-04-09T12:53:00+05:30,20.43,20.43,20.43,20.43,0,0,real
2026-04-09T12:54:00+05:30,20.38,20.38,20.38,20.38,0,0,real
2026-04-09T12:55:00+05:30,20.36,20.36,20.36,20.36,0,0,real
2026-04-09T12:56:00+05:30,20.38,20.38,20.38,20.38,0,0,real
2026-04-09T12:57:00+05:30,20.37,20.37,20.37,20.37,0,0,real
2026-04-09T12:58:00+05:30,20.36,20.36,20.36,20.36,0,0,real
2026-04-09T12:59:00+05:30,20.38,20.38,20.38,20.38,0,0,real
2026-04-09T13:00:00+05:30,20.38,20.38,20.38,20.38,0,0,real
2026-04-09T13:01:00+05:30,20.38,20.38,20.38,20.38,0,0,real
2026-04-09T13:02:00+05:30,20.41,20.41,20.41,20.41,0,0,real
2026-04-09T13:03:00+05:30,20.44,20.44,20.44,20.44,0,0,real
2026-04-09T13:04:00+05:30,20.45,20.45,20.45,20.45,0,0,real
2026-04-09T13:05:00+05:30,20.49,20.49,20.49,20.49,0,0,real
2026-04-09T13:06:00+05:30,20.49,20.49,20.49,20.49,0,0,real
2026-04-09T13:07:00+05:30,20.47,20.47,20.47,20.47,0,0,real
2026-04-09T13:08:00+05:30,20.47,20.47,20.47,20.47,0,0,real
2026-04-09T13:09:00+05:30,20.45,20.45,20.45,20.45,0,0,real
2026-04-09T13:10:00+05:30,20.51,20.51,20.51,20.51,0,0,real
2026-04-09T13:11:00+05:30,20.54,20.54,20.54,20.54,0,0,real
2026-04-09T13:12:00+05:30,20.59,20.59,20.59,20.59,0,0,real
2026-04-09T13:13:00+05:30,20.53,20.53,20.53,20.53,0,0,real
2026-04-09T13:14:00+05:30,20.53,20.53,20.53,20.53,0,0,real
2026-04-09T13:15:00+05:30,20.55,20.55,20.55,20.55,0,0,real
2026-04-09T13:16:00+05:30,20.58,20.58,20.58,20.58,0,0,real
2026-04-09T13:17:00+05:30,20.61,20.61,20.61,20.61,0,0,real
2026-04-09T13:18:00+05:30,20.6,20.6,20.6,20.6,0,0,real
2026-04-09T13:19:00+05:30,20.61,20.61,20.61,20.61,0,0,real
2026-04-09T13:20:00+05:30,20.64,20.64,20.64,20.64,0,0,real
2026-04-09T13:21:00+05:30,20.71,20.71,20.71,20.71,0,0,real
2026-04-09T13:22:00+05:30,20.68,20.68,20.68,20.68,0,0,real
2026-04-09T13:23:00+05:30,20.68,20.68,20.68,20.68,0,0,real
2026-04-09T13:24:00+05:30,20.72,20.72,20.72,20.72,0,0,real
2026-04-09T13:25:00+05:30,20.75,20.75,20.75,20.75,0,0,real
2026-04-09T13:26:00+05:30,20.69,20.69,20.69,20.69,0,0,real
2026-04-09T13:27:00+05:30,20.73,20.73,20.73,20.73,0,0,real
2026-04-09T13:28:00+05:30,20.75,20.75,20.75,20.75,0,0,real
2026-04-09T13:29:00+05:30,20.76,20.76,20.76,20.76,0,0,real
2026-04-09T13:30:00+05:30,20.77,20.77,20.77,20.77,0,0,real
2026-04-09T13:31:00+05:30,20.81,20.81,20.81,20.81,0,0,real
2026-04-09T13:32:00+05:30,20.81,20.81,20.81,20.81,0,0,real
2026-04-09T13:33:00+05:30,20.71,20.71,20.71,20.71,0,0,real
2026-04-09T13:34:00+05:30,20.73,20.73,20.73,20.73,0,0,real
2026-04-09T13:35:00+05:30,20.71,20.71,20.71,20.71,0,0,real
2026-04-09T13:36:00+05:30,20.69,20.69,20.69,20.69,0,0,real
2026-04-09T13:37:00+05:30,20.76,20.76,20.76,20.76,0,0,real
2026-04-09T13:38:00+05:30,20.78,20.78,20.78,20.78,0,0,real
2026-04-09T13:39:00+05:30,20.81,20.81,20.81,20.81,0,0,real
2026-04-09T13:40:00+05:30,20.81,20.81,20.81,20.81,0,0,real
2026-04-09T13:41:00+05:30,20.86,20.86,20.86,20.86,0,0,real
2026-04-09T13:42:00+05:30,20.84,20.84,20.84,20.84,0,0,real
2026-04-09T13:43:00+05:30,20.82,20.82,20.82,20.82,0,0,real
2026-04-09T13:44:00+05:30,20.82,20.82,20.82,20.82,0,0,real
2026-04-09T13:45:00+05:30,20.79,20.79,20.79,20.79,0,0,real
2026-04-09T13:46:00+05:30,20.84,20.84,20.84,20.84,0,0,real
2026-04-09T13:47:00+05:30,20.89,20.89,20.89,20.89,0,0,real
2026-04-09T13:48:00+05:30,20.81,20.81,20.81,20.81,0,0,real
2026-04-09T13:49:00+05:30,20.75,20.75,20.75,20.75,0,0,real
2026-04-09T13:50:00+05:30,20.62,20.62,20.62,20.62,0,0,real
2026-04-09T13:51:00+05:30,20.56,20.56,20.56,20.56,0,0,real
2026-04-09T13:52:00+05:30,20.57,20.57,20.57,20.57,0,0,real
2026-04-09T13:53:00+05:30,20.63,20.63,20.63,20.63,0,0,real
2026-04-09T13:54:00+05:30,20.61,20.61,20.61,20.61,0,0,real
2026-04-09T13:55:00+05:30,20.61,20.61,20.61,20.61,0,0,real
2026-04-09T13:56:00+05:30,20.6,20.6,20.6,20.6,0,0,real
2026-04-09T13:57:00+05:30,20.6,20.6,20.6,20.6,0,0,real
2026-04-09T13:58:00+05:30,20.61,20.61,20.61,20.61,0,0,real
2026-04-09T13:59:00+05:30,20.63,20.63,20.63,20.63,0,0,real
2026-04-09T14:00:00+05:30,20.64,20.64,20.64,20.64,0,0,real
2026-04-09T14:01:00+05:30,20.62,20.62,20.62,20.62,0,0,real
2026-04-09T14:02:00+05:30,20.64,20.64,20.64,20.64,0,0,real
2026-04-09T14:03:00+05:30,20.62,20.62,20.62,20.62,0,0,real
2026-04-09T14:04:00+05:30,20.61,20.61,20.61,20.61,0,0,real
2026-04-09T14:05:00+05:30,20.68,20.68,20.68,20.68,0,0,real
2026-04-09T14:06:00+05:30,20.66,20.66,20.66,20.66,0,0,real
2026-04-09T14:07:00+05:30,20.64,20.64,20.64,20.64,0,0,real
2026-04-09T14:08:00+05:30,20.57,20.57,20.57,20.57,0,0,real
2026-04-09T14:09:00+05:30,20.6,20.6,20.6,20.6,0,0,real
2026-04-09T14:10:00+05:30,20.67,20.67,20.67,20.67,0,0,real
2026-04-09T14:11:00+05:30,20.69,20.69,20.69,20.69,0,0,real
2026-04-09T14:12:00+05:30,20.7,20.7,20.7,20.7,0,0,real
2026-04-09T14:13:00+05:30,20.67,20.67,20.67,20.67,0,0,real
2026-04-09T14:14:00+05:30,20.71,20.71,20.71,20.71,0,0,real
2026-04-09T14:15:00+05:30,20.69,20.69,20.69,20.69,0,0,real
2026-04-09T14:16:00+05:30,20.66,20.66,20.66,20.66,0,0,real
2026-04-09T14:17:00+05:30,20.63,20.63,20.63,20.63,0,0,real
2026-04-09T14:18:00+05:30,20.64,20.64,20.64,20.64,0,0,real
2026-04-09T14:19:00+05:30,20.66,20.66,20.66,20.66,0,0,real
2026-04-09T14:20:00+05:30,20.67,20.67,20.67,20.67,0,0,real
2026-04-09T14:21:00+05:30,20.66,20.66,20.66,20.66,0,0,real
2026-04-09T14:22:00+05:30,20.68,20.68,20.68,20.68,0,0,real
2026-04-09T14:23:00+05:30,20.76,20.76,20.76,20.76,0,0,real
2026-04-09T14:24:00+05:30,20.78,20.78,20.78,20.78,0,0,real
2026-04-09T14:25:00+05:30,20.83,20.83,20.83,20.83,0,0,real
2026-04-09T14:26:00+05:30,20.9,20.9,20.9,20.9,0,0,real
2026-04-09T14:27:00+05:30,20.9,20.9,20.9,20.9,0,0,real
2026-04-09T14:28:00+05:30,20.79,20.79,20.79,20.79,0,0,real
2026-04-09T14:29:00+05:30,20.77,20.77,20.77,20.77,0,0,real
2026-04-09T14:30:00+05:30,20.8,20.8,20.8,20.8,0,0,real
2026-04-09T14:31:00+05:30,20.92,20.92,20.92,20.92,0,0,real
2026-04-09T14:32:00+05:30,20.89,20.89,20.89,20.89,0,0,real
2026-04-09T14:33:00+05:30,20.87,20.87,20.87,20.87,0,0,real
2026-04-09T14:34:00+05:30,20.89,20.89,20.89,20.89,0,0,real
2026-04-09T14:35:00+05:30,20.88,20.88,20.88,20.88,0,0,real
2026-04-09T14:36:00+05:30,20.89,20.89,20.89,20.89,0,0,real
2026-04-09T14:37:00+05:30,20.87,20.87,20.87,20.87,0,0,real
2026-04-09T14:38:00+05:30,20.87,20.87,20.87,20.87,0,0,real
2026-04-09T14:39:00+05:30,20.8,20.8,20.8,20.8,0,0,real
2026-04-09T14:40:00+05:30,20.79,20.79,20.79,20.79,0,0,real
2026-04-09T14:41:00+05:30,20.75,20.75,20.75,20.75,0,0,real
2026-04-09T14:42:00+05:30,20.66,20.66,20.66,20.66,0,0,real
2026-04-09T14:43:00+05:30,20.63,20.63,20.63,20.63,0,0,real
2026-04-09T14:44:00+05:30,20.66,20.66,20.66,20.66,0,0,real
2026-04-09T14:45:00+05:30,20.71,20.71,20.71,20.71,0,0,real
2026-04-09T14:46:00+05:30,20.74,20.74,20.74,20.74,0,0,real
2026-04-09T14:47:00+05:30,20.7,20.7,20.7,20.7,0,0,real
2026-04-09T14:48:00+05:30,20.7,20.7,20.7,20.7,0,0,real
2026-04-09T14:49:00+05:30,20.72,20.72,20.72,20.72,0,0,real
2026-04-09T14:50:00+05:30,20.74,20.74,20.74,20.74,0,0,real
2026-04-09T14:51:00+05:30,20.71,20.71,20.71,20.71,0,0,real
2026-04-09T14:52:00+05:30,20.68,20.68,20.68,20.68,0,0,real
2026-04-09T14:53:00+05:30,20.66,20.66,20.66,20.66,0,0,real
2026-04-09T14:54:00+05:30,20.64,20.64,20.64,20.64,0,0,real
2026-04-09T14:55:00+05:30,20.67,20.67,20.67,20.67,0,0,real
2026-04-09T14:56:00+05:30,20.65,20.65,20.65,20.65,0,0,real
2026-04-09T14:57:00+05:30,20.64,20.64,20.64,20.64,0,0,real
2026-04-09T14:58:00+05:30,20.68,20.68,20.68,20.68,0,0,real
2026-04-09T14:59:00+05:30,20.65,20.65,20.65,20.65,0,0,real
2026-04-09T15:00:00+05:30,20.65,20.65,20.65,20.65,0,0,real
2026-04-09T15:01:00+05:30,20.49,20.49,20.49,20.49,0,0,real
2026-04-09T15:02:00+05:30,20.42,20.42,20.42,20.42,0,0,real
2026-04-09T15:03:00+05:30,20.38,20.38,20.38,20.38,0,0,real
2026-04-09T15:04:00+05:30,20.48,20.48,20.48,20.48,0,0,real
2026-04-09T15:05:00+05:30,20.48,20.48,20.48,20.48,0,0,real
2026-04-09T15:06:00+05:30,20.47,20.47,20.47,20.47,0,0,real
2026-04-09T15:07:00+05:30,20.49,20.49,20.49,20.49,0,0,real
2026-04-09T15:08:00+05:30,20.5,20.5,20.5,20.5,0,0,real
2026-04-09T15:09:00+05:30,20.45,20.45,20.45,20.45,0,0,real
2026-04-09T15:10:00+05:30,20.41,20.41,20.41,20.41,0,0,real
2026-04-09T15:11:00+05:30,20.4,20.4,20.4,20.4,0,0,real
2026-04-09T15:12:00+05:30,20.35,20.35,20.35,20.35,0,0,real
2026-04-09T15:13:00+05:30,20.36,20.36,20.36,20.36,0,0,real
2026-04-09T15:14:00+05:30,20.38,20.38,20.38,20.38,0,0,real
2026-04-09T15:15:00+05:30,20.43,20.43,20.43,20.43,0,0,real
2026-04-09T15:16:00+05:30,20.42,20.42,20.42,20.42,0,0,real
2026-04-09T15:17:00+05:30,20.44,20.44,20.44,20.44,0,0,real
2026-04-09T15:18:00+05:30,20.46,20.46,20.46,20.46,0,0,real
2026-04-09T15:19:00+05:30,20.44,20.44,20.44,20.44,0,0,real
2026-04-09T15:20:00+05:30,20.45,20.45,20.45,20.45,0,0,real
2026-04-09T15:21:00+05:30,20.44,20.44,20.44,20.44,0,0,real
2026-04-09T15:22:00+05:30,20.43,20.43,20.43,20.43,0,0,real
2026-04-09T15:23:00+05:30,20.4,20.4,20.4,20.4,0,0,real
2026-04-09T15:24:00+05:30,20.37,20.37,20.37,20.37,0,0,real
2026-04-09T15:25:00+05:30,20.37,20.37,20.37,20.37,0,0,real
2026-04-09T15:26:00+05:30,20.34,20.34,20.34,20.34,0,0,real
2026-04-09T15:27:00+05:30,20.33,20.33,20.33,20.33,0,0,real
2026-04-09T15:28:00+05:30,20.35,20.35,20.35,20.35,0,0,real
2026-04-09T15:29:00+05:30,20.38,20.38,20.38,20.38,0,0,real
2026-04-09T15:30:00+05:30,20.06,20.06,20.06,20.06,0,0,proxy
2026-04-10T09:15:00+05:30,19.82,19.82,19.82,19.82,0,0,real
2026-04-10T09:16:00+05:30,19.55,19.55,19.55,19.55,0,0,real
2026-04-10T09:17:00+05:30,19.52,19.52,19.52,19.52,0,0,real
2026-04-10T09:18:00+05:30,19.48,19.48,19.48,19.48,0,0,real
2026-04-10T09:19:00+05:30,19.38,19.38,19.38,19.38,0,0,real
2026-04-10T09:20:00+05:30,19.38,19.38,19.38,19.38,0,0,real
2026-04-10T09:21:00+05:30,19.39,19.39,19.39,19.39,0,0,real
2026-04-10T09:22:00+05:30,19.36,19.36,19.36,19.36,0,0,real
2026-04-10T09:23:00+05:30,19.35,19.35,19.35,19.35,0,0,real
2026-04-10T09:24:00+05:30,19.37,19.37,19.37,19.37,0,0,real
2026-04-10T09:25:00+05:30,19.35,19.35,19.35,19.35,0,0,real
2026-04-10T09:27:00+05:30,19.46,19.46,19.46,19.46,0,0,real
2026-04-10T09:28:00+05:30,19.43,19.43,19.43,19.43,0,0,real
2026-04-10T09:29:00+05:30,19.44,19.44,19.44,19.44,0,0,real
2026-04-10T09:30:00+05:30,19.42,19.42,19.42,19.42,0,0,real
2026-04-10T09:31:00+05:30,19.45,19.45,19.45,19.45,0,0,real
2026-04-10T09:32:00+05:30,19.43,19.43,19.43,19.43,0,0,real
2026-04-10T09:33:00+05:30,19.42,19.42,19.42,19.42,0,0,real
2026-04-10T09:34:00+05:30,19.43,19.43,19.43,19.43,0,0,real
2026-04-10T09:35:00+05:30,19.47,19.47,19.47,19.47,0,0,real
2026-04-10T09:36:00+05:30,19.47,19.47,19.47,19.47,0,0,real
2026-04-10T09:37:00+05:30,19.46,19.46,19.46,19.46,0,0,real
2026-04-10T09:38:00+05:30,19.46,19.46,19.46,19.46,0,0,real
2026-04-10T09:39:00+05:30,19.47,19.47,19.47,19.47,0,0,real
2026-04-10T09:40:00+05:30,19.45,19.45,19.45,19.45,0,0,real
2026-04-10T09:41:00+05:30,19.46,19.46,19.46,19.46,0,0,real
2026-04-10T09:42:00+05:30,19.44,19.44,19.44,19.44,0,0,real
2026-04-10T09:43:00+05:30,19.43,19.43,19.43,19.43,0,0,real
2026-04-10T09:44:00+05:30,19.45,19.45,19.45,19.45,0,0,real
2026-04-10T09:45:00+05:30,19.46,19.46,19.46,19.46,0,0,real
2026-04-10T09:46:00+05:30,19.44,19.44,19.44,19.44,0,0,real
2026-04-10T09:47:00+05:30,19.39,19.39,19.39,19.39,0,0,real
2026-04-10T09:48:00+05:30,19.36,19.36,19.36,19.36,0,0,real
2026-04-10T09:49:00+05:30,19.35,19.35,19.35,19.35,0,0,real
2026-04-10T09:50:00+05:30,19.33,19.33,19.33,19.33,0,0,real
2026-04-10T09:51:00+05:30,19.35,19.35,19.35,19.35,0,0,real
2026-04-10T09:52:00+05:30,19.31,19.31,19.31,19.31,0,0,real
2026-04-10T09:53:00+05:30,19.31,19.31,19.31,19.31,0,0,real
2026-04-10T09:54:00+05:30,19.3,19.3,19.3,19.3,0,0,real
2026-04-10T09:55:00+05:30,19.3,19.3,19.3,19.3,0,0,real
2026-04-10T09:56:00+05:30,19.3,19.3,19.3,19.3,0,0,real
2026-04-10T09:57:00+05:30,19.29,19.29,19.29,19.29,0,0,real
2026-04-10T09:58:00+05:30,19.29,19.29,19.29,19.29,0,0,real
2026-04-10T09:59:00+05:30,19.28,19.28,19.28,19.28,0,0,real
2026-04-10T10:00:00+05:30,19.27,19.27,19.27,19.27,0,0,real
2026-04-10T10:01:00+05:30,19.26,19.26,19.26,19.26,0,0,real
2026-04-10T10:02:00+05:30,19.26,19.26,19.26,19.26,0,0,real
2026-04-10T10:03:00+05:30,19.28,19.28,19.28,19.28,0,0,real
2026-04-10T10:04:00+05:30,19.29,19.29,19.29,19.29,0,0,real
2026-04-10T10:05:00+05:30,19.31,19.31,19.31,19.31,0,0,real
2026-04-10T10:06:00+05:30,19.31,19.31,19.31,19.31,0,0,real
2026-04-10T10:07:00+05:30,19.33,19.33,19.33,19.33,0,0,real
2026-04-10T10:08:00+05:30,19.33,19.33,19.33,19.33,0,0,real
2026-04-10T10:09:00+05:30,19.31,19.31,19.31,19.31,0,0,real
2026-04-10T10:10:00+05:30,19.26,19.26,19.26,19.26,0,0,real
2026-04-10T10:11:00+05:30,19.24,19.24,19.24,19.24,0,0,real
2026-04-10T10:12:00+05:30,19.23,19.23,19.23,19.23,0,0,real
2026-04-10T10:13:00+05:30,19.18,19.18,19.18,19.18,0,0,real
2026-04-10T10:14:00+05:30,19.17,19.17,19.17,19.17,0,0,real
2026-04-10T10:15:00+05:30,19.13,19.13,19.13,19.13,0,0,real
2026-04-10T10:16:00+05:30,19.08,19.08,19.08,19.08,0,0,real
2026-04-10T10:17:00+05:30,19.06,19.06,19.06,19.06,0,0,real
2026-04-10T10:18:00+05:30,19.07,19.07,19.07,19.07,0,0,real
2026-04-10T10:19:00+05:30,19.06,19.06,19.06,19.06,0,0,real
2026-04-10T10:20:00+05:30,19.03,19.03,19.03,19.03,0,0,real
2026-04-10T10:21:00+05:30,19.02,19.02,19.02,19.02,0,0,real
2026-04-10T10:22:00+05:30,19.02,19.02,19.02,19.02,0,0,real
2026-04-10T10:23:00+05:30,19.0,19.0,19.0,19.0,0,0,real
2026-04-10T10:24:00+05:30,19.0,19.0,19.0,19.0,0,0,real
2026-04-10T10:25:00+05:30,18.92,18.92,18.92,18.92,0,0,real
2026-04-10T10:26:00+05:30,18.97,18.97,18.97,18.97,0,0,real
2026-04-10T10:27:00+05:30,18.96,18.96,18.96,18.96,0,0,real
2026-04-10T10:28:00+05:30,18.97,18.97,18.97,18.97,0,0,real
2026-04-10T10:29:00+05:30,18.96,18.96,18.96,18.96,0,0,real
2026-04-10T10:30:00+05:30,18.95,18.95,18.95,18.95,0,0,real
2026-04-10T10:31:00+05:30,18.96,18.96,18.96,18.96,0,0,real
2026-04-10T10:32:00+05:30,18.98,18.98,18.98,18.98,0,0,real
2026-04-10T10:33:00+05:30,18.99,18.99,18.99,18.99,0,0,real
2026-04-10T10:34:00+05:30,18.98,18.98,18.98,18.98,0,0,real
2026-04-10T10:35:00+05:30,18.98,18.98,18.98,18.98,0,0,real
2026-04-10T10:36:00+05:30,18.97,18.97,18.97,18.97,0,0,real
2026-04-10T10:37:00+05:30,19.01,19.01,19.01,19.01,0,0,real
2026-04-10T10:38:00+05:30,19.0,19.0,19.0,19.0,0,0,real
2026-04-10T10:39:00+05:30,18.99,18.99,18.99,18.99,0,0,real
2026-04-10T10:40:00+05:30,19.0,19.0,19.0,19.0,0,0,real
2026-04-10T10:41:00+05:30,19.0,19.0,19.0,19.0,0,0,real
2026-04-10T10:42:00+05:30,19.0,19.0,19.0,19.0,0,0,real
2026-04-10T10:43:00+05:30,18.97,18.97,18.97,18.97,0,0,real
2026-04-10T10:44:00+05:30,18.97,18.97,18.97,18.97,0,0,real
2026-04-10T10:45:00+05:30,18.97,18.97,18.97,18.97,0,0,real
2026-04-10T10:46:00+05:30,18.96,18.96,18.96,18.96,0,0,real
2026-04-10T10:47:00+05:30,18.96,18.96,18.96,18.96,0,0,real
2026-04-10T10:48:00+05:30,18.97,18.97,18.97,18.97,0,0,real
2026-04-10T10:49:00+05:30,18.98,18.98,18.98,18.98,0,0,real
2026-04-10T10:50:00+05:30,18.99,18.99,18.99,18.99,0,0,real
2026-04-10T10:51:00+05:30,19.0,19.0,19.0,19.0,0,0,real
2026-04-10T10:52:00+05:30,19.0,19.0,19.0,19.0,0,0,real
2026-04-10T10:53:00+05:30,18.99,18.99,18.99,18.99,0,0,real
2026-04-10T10:54:00+05:30,19.01,19.01,19.01,19.01,0,0,real
2026-04-10T10:55:00+05:30,19.01,19.01,19.01,19.01,0,0,real
2026-04-10T10:56:00+05:30,19.02,19.02,19.02,19.02,0,0,real
2026-04-10T10:57:00+05:30,19.05,19.05,19.05,19.05,0,0,real
2026-04-10T10:58:00+05:30,19.02,19.02,19.02,19.02,0,0,real
2026-04-10T10:59:00+05:30,18.98,18.98,18.98,18.98,0,0,real
2026-04-10T11:00:00+05:30,18.98,18.98,18.98,18.98,0,0,real
2026-04-10T11:01:00+05:30,18.97,18.97,18.97,18.97,0,0,real
2026-04-10T11:02:00+05:30,18.98,18.98,18.98,18.98,0,0,real
2026-04-10T11:03:00+05:30,18.99,18.99,18.99,18.99,0,0,real
2026-04-10T11:04:00+05:30,18.99,18.99,18.99,18.99,0,0,real
2026-04-10T11:05:00+05:30,18.99,18.99,18.99,18.99,0,0,real
2026-04-10T11:06:00+05:30,18.98,18.98,18.98,18.98,0,0,real
2026-04-10T11:07:00+05:30,18.98,18.98,18.98,18.98,0,0,real
2026-04-10T11:08:00+05:30,19.0,19.0,19.0,19.0,0,0,real
2026-04-10T11:09:00+05:30,18.97,18.97,18.97,18.97,0,0,real
2026-04-10T11:10:00+05:30,18.97,18.97,18.97,18.97,0,0,real
2026-04-10T11:11:00+05:30,18.95,18.95,18.95,18.95,0,0,real
2026-04-10T11:12:00+05:30,18.95,18.95,18.95,18.95,0,0,real
2026-04-10T11:13:00+05:30,18.95,18.95,18.95,18.95,0,0,real
2026-04-10T11:14:00+05:30,18.97,18.97,18.97,18.97,0,0,real
2026-04-10T11:15:00+05:30,18.96,18.96,18.96,18.96,0,0,real
2026-04-10T11:16:00+05:30,18.98,18.98,18.98,18.98,0,0,real
2026-04-10T11:17:00+05:30,18.99,18.99,18.99,18.99,0,0,real
2026-04-10T11:18:00+05:30,18.99,18.99,18.99,18.99,0,0,real
2026-04-10T11:19:00+05:30,18.99,18.99,18.99,18.99,0,0,real
2026-04-10T11:20:00+05:30,19.0,19.0,19.0,19.0,0,0,real
2026-04-10T11:21:00+05:30,18.99,18.99,18.99,18.99,0,0,real
2026-04-10T11:22:00+05:30,18.98,18.98,18.98,18.98,0,0,real
2026-04-10T11:23:00+05:30,18.98,18.98,18.98,18.98,0,0,real
2026-04-10T11:24:00+05:30,18.99,18.99,18.99,18.99,0,0,real
2026-04-10T11:25:00+05:30,18.98,18.98,18.98,18.98,0,0,real
2026-04-10T11:26:00+05:30,18.96,18.96,18.96,18.96,0,0,real
2026-04-10T11:27:00+05:30,18.98,18.98,18.98,18.98,0,0,real
2026-04-10T11:28:00+05:30,18.99,18.99,18.99,18.99,0,0,real
2026-04-10T11:29:00+05:30,19.02,19.02,19.02,19.02,0,0,real
2026-04-10T11:30:00+05:30,18.99,18.99,18.99,18.99,0,0,real
2026-04-10T11:31:00+05:30,18.97,18.97,18.97,18.97,0,0,real
2026-04-10T11:32:00+05:30,18.95,18.95,18.95,18.95,0,0,real
2026-04-10T11:33:00+05:30,18.95,18.95,18.95,18.95,0,0,real
2026-04-10T11:34:00+05:30,18.95,18.95,18.95,18.95,0,0,real
2026-04-10T11:35:00+05:30,18.95,18.95,18.95,18.95,0,0,real
2026-04-10T11:36:00+05:30,18.98,18.98,18.98,18.98,0,0,real
2026-04-10T11:37:00+05:30,18.99,18.99,18.99,18.99,0,0,real
2026-04-10T11:38:00+05:30,18.98,18.98,18.98,18.98,0,0,real
2026-04-10T11:39:00+05:30,19.0,19.0,19.0,19.0,0,0,real
2026-04-10T11:40:00+05:30,19.01,19.01,19.01,19.01,0,0,real
2026-04-10T11:41:00+05:30,19.03,19.03,19.03,19.03,0,0,real
2026-04-10T11:42:00+05:30,19.03,19.03,19.03,19.03,0,0,real
2026-04-10T11:43:00+05:30,19.02,19.02,19.02,19.02,0,0,real
2026-04-10T11:44:00+05:30,19.02,19.02,19.02,19.02,0,0,real
2026-04-10T11:45:00+05:30,18.98,18.98,18.98,18.98,0,0,real
2026-04-10T11:46:00+05:30,19.02,19.02,19.02,19.02,0,0,real
2026-04-10T11:47:00+05:30,19.08,19.08,19.08,19.08,0,0,real
2026-04-10T11:48:00+05:30,19.09,19.09,19.09,19.09,0,0,real
2026-04-10T11:49:00+05:30,19.12,19.12,19.12,19.12,0,0,real
2026-04-10T11:50:00+05:30,19.08,19.08,19.08,19.08,0,0,real
2026-04-10T11:51:00+05:30,19.01,19.01,19.01,19.01,0,0,real
2026-04-10T11:52:00+05:30,19.03,19.03,19.03,19.03,0,0,real
2026-04-10T11:53:00+05:30,19.04,19.04,19.04,19.04,0,0,real
2026-04-10T11:54:00+05:30,19.04,19.04,19.04,19.04,0,0,real
2026-04-10T11:55:00+05:30,19.03,19.03,19.03,19.03,0,0,real
2026-04-10T11:56:00+05:30,19.02,19.02,19.02,19.02,0,0,real
2026-04-10T11:57:00+05:30,18.98,18.98,18.98,18.98,0,0,real
2026-04-10T11:58:00+05:30,18.97,18.97,18.97,18.97,0,0,real
2026-04-10T11:59:00+05:30,18.97,18.97,18.97,18.97,0,0,real
2026-04-10T12:00:00+05:30,18.95,18.95,18.95,18.95,0,0,real
2026-04-10T12:01:00+05:30,18.96,18.96,18.96,18.96,0,0,real
2026-04-10T12:02:00+05:30,18.96,18.96,18.96,18.96,0,0,real
2026-04-10T12:03:00+05:30,18.97,18.97,18.97,18.97,0,0,real
2026-04-10T12:04:00+05:30,18.96,18.96,18.96,18.96,0,0,real
2026-04-10T12:05:00+05:30,18.97,18.97,18.97,18.97,0,0,real
2026-04-10T12:06:00+05:30,18.96,18.96,18.96,18.96,0,0,real
2026-04-10T12:07:00+05:30,18.96,18.96,18.96,18.96,0,0,real
2026-04-10T12:08:00+05:30,18.96,18.96,18.96,18.96,0,0,real
2026-04-10T12:09:00+05:30,18.95,18.95,18.95,18.95,0,0,real
2026-04-10T12:10:00+05:30,18.97,18.97,18.97,18.97,0,0,real
2026-04-10T12:11:00+05:30,18.96,18.96,18.96,18.96,0,0,real
2026-04-10T12:12:00+05:30,18.95,18.95,18.95,18.95,0,0,real
2026-04-10T12:13:00+05:30,18.95,18.95,18.95,18.95,0,0,real
2026-04-10T12:14:00+05:30,18.95,18.95,18.95,18.95,0,0,real
2026-04-10T12:15:00+05:30,18.94,18.94,18.94,18.94,0,0,real
2026-04-10T12:16:00+05:30,18.95,18.95,18.95,18.95,0,0,real
2026-04-10T12:17:00+05:30,18.95,18.95,18.95,18.95,0,0,real
2026-04-10T12:18:00+05:30,18.94,18.94,18.94,18.94,0,0,real
2026-04-10T12:19:00+05:30,18.95,18.95,18.95,18.95,0,0,real
2026-04-10T12:20:00+05:30,18.92,18.92,18.92,18.92,0,0,real
2026-04-10T12:21:00+05:30,18.91,18.91,18.91,18.91,0,0,real
2026-04-10T12:22:00+05:30,18.91,18.91,18.91,18.91,0,0,real
2026-04-10T12:23:00+05:30,18.92,18.92,18.92,18.92,0,0,real
2026-04-10T12:24:00+05:30,18.86,18.86,18.86,18.86,0,0,real
2026-04-10T12:25:00+05:30,18.83,18.83,18.83,18.83,0,0,real
2026-04-10T12:26:00+05:30,18.84,18.84,18.84,18.84,0,0,real
2026-04-10T12:27:00+05:30,18.86,18.86,18.86,18.86,0,0,real
2026-04-10T12:28:00+05:30,18.87,18.87,18.87,18.87,0,0,real
2026-04-10T12:29:00+05:30,18.86,18.86,18.86,18.86,0,0,real
2026-04-10T12:30:00+05:30,18.85,18.85,18.85,18.85,0,0,real
2026-04-10T12:31:00+05:30,18.84,18.84,18.84,18.84,0,0,real
2026-04-10T12:32:00+05:30,18.85,18.85,18.85,18.85,0,0,real
2026-04-10T12:33:00+05:30,18.86,18.86,18.86,18.86,0,0,real
2026-04-10T12:34:00+05:30,18.88,18.88,18.88,18.88,0,0,real
2026-04-10T12:35:00+05:30,18.86,18.86,18.86,18.86,0,0,real
2026-04-10T12:36:00+05:30,18.85,18.85,18.85,18.85,0,0,real
2026-04-10T12:37:00+05:30,18.85,18.85,18.85,18.85,0,0,real
2026-04-10T12:38:00+05:30,18.86,18.86,18.86,18.86,0,0,real
2026-04-10T12:39:00+05:30,18.85,18.85,18.85,18.85,0,0,real
2026-04-10T12:40:00+05:30,18.83,18.83,18.83,18.83,0,0,real
2026-04-10T12:41:00+05:30,18.83,18.83,18.83,18.83,0,0,real
2026-04-10T12:42:00+05:30,18.84,18.84,18.84,18.84,0,0,real
2026-04-10T12:43:00+05:30,18.83,18.83,18.83,18.83,0,0,real
2026-04-10T12:44:00+05:30,18.85,18.85,18.85,18.85,0,0,real
2026-04-10T12:45:00+05:30,18.85,18.85,18.85,18.85,0,0,real
2026-04-10T12:46:00+05:30,18.85,18.85,18.85,18.85,0,0,real
2026-04-10T12:47:00+05:30,18.86,18.86,18.86,18.86,0,0,real
2026-04-10T12:48:00+05:30,18.84,18.84,18.84,18.84,0,0,real
2026-04-10T12:49:00+05:30,18.85,18.85,18.85,18.85,0,0,real
2026-04-10T12:50:00+05:30,18.87,18.87,18.87,18.87,0,0,real
2026-04-10T12:51:00+05:30,18.88,18.88,18.88,18.88,0,0,real
2026-04-10T12:52:00+05:30,18.85,18.85,18.85,18.85,0,0,real
2026-04-10T12:53:00+05:30,18.86,18.86,18.86,18.86,0,0,real
2026-04-10T12:54:00+05:30,18.88,18.88,18.88,18.88,0,0,real
2026-04-10T12:55:00+05:30,18.87,18.87,18.87,18.87,0,0,real
2026-04-10T12:56:00+05:30,18.88,18.88,18.88,18.88,0,0,real
2026-04-10T12:57:00+05:30,18.87,18.87,18.87,18.87,0,0,real
2026-04-10T12:58:00+05:30,18.86,18.86,18.86,18.86,0,0,real
2026-04-10T12:59:00+05:30,18.84,18.84,18.84,18.84,0,0,real
2026-04-10T13:00:00+05:30,18.84,18.84,18.84,18.84,0,0,real
2026-04-10T13:01:00+05:30,18.83,18.83,18.83,18.83,0,0,real
2026-04-10T13:02:00+05:30,18.81,18.81,18.81,18.81,0,0,real
2026-04-10T13:03:00+05:30,18.82,18.82,18.82,18.82,0,0,real
2026-04-10T13:04:00+05:30,18.83,18.83,18.83,18.83,0,0,real
2026-04-10T13:05:00+05:30,18.83,18.83,18.83,18.83,0,0,real
2026-04-10T13:06:00+05:30,18.82,18.82,18.82,18.82,0,0,real
2026-04-10T13:07:00+05:30,18.82,18.82,18.82,18.82,0,0,real
2026-04-10T13:08:00+05:30,18.81,18.81,18.81,18.81,0,0,real
2026-04-10T13:09:00+05:30,18.8,18.8,18.8,18.8,0,0,real
2026-04-10T13:10:00+05:30,18.81,18.81,18.81,18.81,0,0,real
2026-04-10T13:11:00+05:30,18.82,18.82,18.82,18.82,0,0,real
2026-04-10T13:12:00+05:30,18.84,18.84,18.84,18.84,0,0,real
2026-04-10T13:13:00+05:30,18.83,18.83,18.83,18.83,0,0,real
2026-04-10T13:14:00+05:30,18.85,18.85,18.85,18.85,0,0,real
2026-04-10T13:15:00+05:30,18.86,18.86,18.86,18.86,0,0,real
2026-04-10T13:16:00+05:30,18.85,18.85,18.85,18.85,0,0,real
2026-04-10T13:17:00+05:30,18.84,18.84,18.84,18.84,0,0,real
2026-04-10T13:18:00+05:30,18.86,18.86,18.86,18.86,0,0,real
2026-04-10T13:19:00+05:30,18.86,18.86,18.86,18.86,0,0,real
2026-04-10T13:20:00+05:30,18.86,18.86,18.86,18.86,0,0,real
2026-04-10T13:21:00+05:30,18.9,18.9,18.9,18.9,0,0,real
2026-04-10T13:22:00+05:30,18.87,18.87,18.87,18.87,0,0,real
2026-04-10T13:23:00+05:30,18.89,18.89,18.89,18.89,0,0,real
2026-04-10T13:24:00+05:30,18.9,18.9,18.9,18.9,0,0,real
2026-04-10T13:25:00+05:30,18.88,18.88,18.88,18.88,0,0,real
2026-04-10T13:26:00+05:30,18.87,18.87,18.87,18.87,0,0,real
2026-04-10T13:27:00+05:30,18.88,18.88,18.88,18.88,0,0,real
2026-04-10T13:28:00+05:30,18.86,18.86,18.86,18.86,0,0,real
2026-04-10T13:29:00+05:30,18.85,18.85,18.85,18.85,0,0,real
2026-04-10T13:30:00+05:30,18.84,18.84,18.84,18.84,0,0,real
2026-04-10T13:31:00+05:30,18.83,18.83,18.83,18.83,0,0,real
2026-04-10T13:32:00+05:30,18.82,18.82,18.82,18.82,0,0,real
2026-04-10T13:33:00+05:30,18.83,18.83,18.83,18.83,0,0,real
2026-04-10T13:34:00+05:30,18.86,18.86,18.86,18.86,0,0,real
2026-04-10T13:35:00+05:30,18.86,18.86,18.86,18.86,0,0,real
2026-04-10T13:36:00+05:30,18.85,18.85,18.85,18.85,0,0,real
2026-04-10T13:37:00+05:30,18.84,18.84,18.84,18.84,0,0,real
2026-04-10T13:38:00+05:30,18.83,18.83,18.83,18.83,0,0,real
2026-04-10T13:39:00+05:30,18.82,18.82,18.82,18.82,0,0,real
2026-04-10T13:40:00+05:30,18.82,18.82,18.82,18.82,0,0,real
2026-04-10T13:41:00+05:30,18.83,18.83,18.83,18.83,0,0,real
2026-04-10T13:42:00+05:30,18.8,18.8,18.8,18.8,0,0,real
2026-04-10T13:43:00+05:30,18.8,18.8,18.8,18.8,0,0,real
2026-04-10T13:44:00+05:30,18.81,18.81,18.81,18.81,0,0,real
2026-04-10T13:45:00+05:30,18.82,18.82,18.82,18.82,0,0,real
2026-04-10T13:46:00+05:30,18.81,18.81,18.81,18.81,0,0,real
2026-04-10T13:47:00+05:30,18.81,18.81,18.81,18.81,0,0,real
2026-04-10T13:48:00+05:30,18.86,18.86,18.86,18.86,0,0,real
2026-04-10T13:49:00+05:30,18.85,18.85,18.85,18.85,0,0,real
2026-04-10T13:50:00+05:30,18.85,18.85,18.85,18.85,0,0,real
2026-04-10T13:51:00+05:30,18.83,18.83,18.83,18.83,0,0,real
2026-04-10T13:52:00+05:30,18.85,18.85,18.85,18.85,0,0,real
2026-04-10T13:53:00+05:30,18.84,18.84,18.84,18.84,0,0,real
2026-04-10T13:54:00+05:30,18.84,18.84,18.84,18.84,0,0,real
2026-04-10T13:55:00+05:30,18.84,18.84,18.84,18.84,0,0,real
2026-04-10T13:56:00+05:30,18.83,18.83,18.83,18.83,0,0,real
2026-04-10T13:57:00+05:30,18.82,18.82,18.82,18.82,0,0,real
2026-04-10T13:58:00+05:30,18.8,18.8,18.8,18.8,0,0,real
2026-04-10T13:59:00+05:30,18.79,18.79,18.79,18.79,0,0,real
2026-04-10T14:00:00+05:30,18.83,18.83,18.83,18.83,0,0,real
2026-04-10T14:01:00+05:30,18.82,18.82,18.82,18.82,0,0,real
2026-04-10T14:02:00+05:30,18.84,18.84,18.84,18.84,0,0,real
2026-04-10T14:03:00+05:30,18.84,18.84,18.84,18.84,0,0,real
2026-04-10T14:04:00+05:30,18.84,18.84,18.84,18.84,0,0,real
2026-04-10T14:05:00+05:30,18.84,18.84,18.84,18.84,0,0,real
2026-04-10T14:06:00+05:30,18.84,18.84,18.84,18.84,0,0,real
2026-04-10T14:07:00+05:30,18.84,18.84,18.84,18.84,0,0,real
2026-04-10T14:08:00+05:30,18.82,18.82,18.82,18.82,0,0,real
2026-04-10T14:09:00+05:30,18.84,18.84,18.84,18.84,0,0,real
2026-04-10T14:10:00+05:30,18.83,18.83,18.83,18.83,0,0,real
2026-04-10T14:11:00+05:30,18.82,18.82,18.82,18.82,0,0,real
2026-04-10T14:12:00+05:30,18.82,18.82,18.82,18.82,0,0,real
2026-04-10T14:13:00+05:30,18.81,18.81,18.81,18.81,0,0,real
2026-04-10T14:14:00+05:30,18.89,18.89,18.89,18.89,0,0,real
2026-04-10T14:15:00+05:30,18.99,18.99,18.99,18.99,0,0,real
2026-04-10T14:16:00+05:30,19.05,19.05,19.05,19.05,0,0,real
2026-04-10T14:17:00+05:30,19.05,19.05,19.05,19.05,0,0,real
2026-04-10T14:18:00+05:30,19.01,19.01,19.01,19.01,0,0,real
2026-04-10T14:19:00+05:30,18.99,18.99,18.99,18.99,0,0,real
2026-04-10T14:20:00+05:30,18.96,18.96,18.96,18.96,0,0,real
2026-04-10T14:21:00+05:30,18.97,18.97,18.97,18.97,0,0,real
2026-04-10T14:22:00+05:30,19.07,19.07,19.07,19.07,0,0,real
2026-04-10T14:23:00+05:30,19.08,19.08,19.08,19.08,0,0,real
2026-04-10T14:24:00+05:30,19.11,19.11,19.11,19.11,0,0,real
2026-04-10T14:25:00+05:30,19.15,19.15,19.15,19.15,0,0,real
2026-04-10T14:26:00+05:30,19.17,19.17,19.17,19.17,0,0,real
2026-04-10T14:27:00+05:30,19.29,19.29,19.29,19.29,0,0,real
2026-04-10T14:28:00+05:30,19.28,19.28,19.28,19.28,0,0,real
2026-04-10T14:29:00+05:30,19.32,19.32,19.32,19.32,0,0,real
2026-04-10T14:30:00+05:30,19.27,19.27,19.27,19.27,0,0,real
2026-04-10T14:31:00+05:30,19.23,19.23,19.23,19.23,0,0,real
2026-04-10T14:32:00+05:30,19.2,19.2,19.2,19.2,0,0,real
2026-04-10T14:33:00+05:30,19.16,19.16,19.16,19.16,0,0,real
2026-04-10T14:34:00+05:30,19.16,19.16,19.16,19.16,0,0,real
2026-04-10T14:35:00+05:30,19.17,19.17,19.17,19.17,0,0,real
2026-04-10T14:36:00+05:30,19.24,19.24,19.24,19.24,0,0,real
2026-04-10T14:37:00+05:30,19.25,19.25,19.25,19.25,0,0,real
2026-04-10T14:38:00+05:30,19.22,19.22,19.22,19.22,0,0,real
2026-04-10T14:39:00+05:30,19.23,19.23,19.23,19.23,0,0,real
2026-04-10T14:40:00+05:30,19.22,19.22,19.22,19.22,0,0,real
2026-04-10T14:41:00+05:30,19.23,19.23,19.23,19.23,0,0,real
2026-04-10T14:42:00+05:30,19.22,19.22,19.22,19.22,0,0,real
2026-04-10T14:43:00+05:30,19.28,19.28,19.28,19.28,0,0,real
2026-04-10T14:44:00+05:30,19.29,19.29,19.29,19.29,0,0,real
2026-04-10T14:45:00+05:30,19.36,19.36,19.36,19.36,0,0,real
2026-04-10T14:46:00+05:30,19.36,19.36,19.36,19.36,0,0,real
2026-04-10T14:47:00+05:30,19.37,19.37,19.37,19.37,0,0,real
2026-04-10T14:48:00+05:30,19.35,19.35,19.35,19.35,0,0,real
2026-04-10T14:49:00+05:30,19.18,19.18,19.18,19.18,0,0,real
2026-04-10T14:50:00+05:30,19.16,19.16,19.16,19.16,0,0,real
2026-04-10T14:51:00+05:30,19.09,19.09,19.09,19.09,0,0,real
2026-04-10T14:52:00+05:30,19.06,19.06,19.06,19.06,0,0,real
2026-04-10T14:53:00+05:30,18.98,18.98,18.98,18.98,0,0,real
2026-04-10T14:54:00+05:30,19.04,19.04,19.04,19.04,0,0,real
2026-04-10T14:55:00+05:30,19.07,19.07,19.07,19.07,0,0,real
2026-04-10T14:56:00+05:30,19.06,19.06,19.06,19.06,0,0,real
2026-04-10T14:57:00+05:30,19.07,19.07,19.07,19.07,0,0,real
2026-04-10T14:58:00+05:30,19.0,19.0,19.0,19.0,0,0,real
2026-04-10T14:59:00+05:30,19.04,19.04,19.04,19.04,0,0,real
2026-04-10T15:00:00+05:30,18.99,18.99,18.99,18.99,0,0,real
2026-04-10T15:01:00+05:30,18.98,18.98,18.98,18.98,0,0,real
2026-04-10T15:02:00+05:30,18.96,18.96,18.96,18.96,0,0,real
2026-04-10T15:03:00+05:30,18.89,18.89,18.89,18.89,0,0,real
2026-04-10T15:04:00+05:30,18.88,18.88,18.88,18.88,0,0,real
2026-04-10T15:05:00+05:30,18.85,18.85,18.85,18.85,0,0,real
2026-04-10T15:06:00+05:30,18.83,18.83,18.83,18.83,0,0,real
2026-04-10T15:07:00+05:30,18.82,18.82,18.82,18.82,0,0,real
2026-04-10T15:08:00+05:30,18.76,18.76,18.76,18.76,0,0,real
2026-04-10T15:09:00+05:30,18.8,18.8,18.8,18.8,0,0,real
2026-04-10T15:10:00+05:30,18.77,18.77,18.77,18.77,0,0,real
2026-04-10T15:11:00+05:30,18.85,18.85,18.85,18.85,0,0,real
2026-04-10T15:12:00+05:30,18.8,18.8,18.8,18.8,0,0,real
2026-04-10T15:13:00+05:30,18.78,18.78,18.78,18.78,0,0,real
2026-04-10T15:14:00+05:30,18.76,18.76,18.76,18.76,0,0,real
2026-04-10T15:15:00+05:30,18.82,18.82,18.82,18.82,0,0,real
2026-04-10T15:16:00+05:30,18.86,18.86,18.86,18.86,0,0,real
2026-04-10T15:17:00+05:30,18.82,18.82,18.82,18.82,0,0,real
2026-04-10T15:18:00+05:30,18.81,18.81,18.81,18.81,0,0,real
2026-04-10T15:19:00+05:30,18.83,18.83,18.83,18.83,0,0,real
2026-04-10T15:20:00+05:30,18.86,18.86,18.86,18.86,0,0,real
2026-04-10T15:21:00+05:30,18.87,18.87,18.87,18.87,0,0,real
2026-04-10T15:22:00+05:30,18.86,18.86,18.86,18.86,0,0,real
2026-04-10T15:23:00+05:30,18.85,18.85,18.85,18.85,0,0,real
2026-04-10T15:24:00+05:30,18.83,18.83,18.83,18.83,0,0,real
2026-04-10T15:25:00+05:30,18.84,18.84,18.84,18.84,0,0,real
2026-04-10T15:26:00+05:30,18.84,18.84,18.84,18.84,0,0,real
2026-04-10T15:27:00+05:30,18.86,18.86,18.86,18.86,0,0,real
2026-04-10T15:28:00+05:30,18.92,18.92,18.92,18.92,0,0,real
2026-04-10T15:29:00+05:30,18.98,18.98,18.98,18.98,0,0,real
2026-04-10T15:30:00+05:30,17.35,17.35,17.35,17.35,0,0,proxy
2026-04-13T09:15:00+05:30,21.01,21.01,21.01,21.01,0,0,real
2026-04-13T09:16:00+05:30,21.5,21.5,21.5,21.5,0,0,real
2026-04-13T09:17:00+05:30,21.37,21.37,21.37,21.37,0,0,real
2026-04-13T09:18:00+05:30,21.5,21.5,21.5,21.5,0,0,real
2026-04-13T09:19:00+05:30,21.47,21.47,21.47,21.47,0,0,real
2026-04-13T09:20:00+05:30,21.44,21.44,21.44,21.44,0,0,real
2026-04-13T09:21:00+05:30,21.39,21.39,21.39,21.39,0,0,real
2026-04-13T09:22:00+05:30,21.39,21.39,21.39,21.39,0,0,real
2026-04-13T09:23:00+05:30,21.37,21.37,21.37,21.37,0,0,real
2026-04-13T09:24:00+05:30,21.36,21.36,21.36,21.36,0,0,real
2026-04-13T09:25:00+05:30,21.29,21.29,21.29,21.29,0,0,real
2026-04-13T09:26:00+05:30,21.25,21.25,21.25,21.25,0,0,real
2026-04-13T09:27:00+05:30,21.26,21.26,21.26,21.26,0,0,real
2026-04-13T09:28:00+05:30,21.33,21.33,21.33,21.33,0,0,real
2026-04-13T09:29:00+05:30,21.3,21.3,21.3,21.3,0,0,real
2026-04-13T09:30:00+05:30,21.38,21.38,21.38,21.38,0,0,real
2026-04-13T09:31:00+05:30,21.39,21.39,21.39,21.39,0,0,real
2026-04-13T09:32:00+05:30,21.26,21.26,21.26,21.26,0,0,real
2026-04-13T09:33:00+05:30,21.24,21.24,21.24,21.24,0,0,real
2026-04-13T09:34:00+05:30,21.24,21.24,21.24,21.24,0,0,real
2026-04-13T09:35:00+05:30,21.32,21.32,21.32,21.32,0,0,real
2026-04-13T09:36:00+05:30,21.33,21.33,21.33,21.33,0,0,real
2026-04-13T09:37:00+05:30,21.33,21.33,21.33,21.33,0,0,real
2026-04-13T09:38:00+05:30,21.31,21.31,21.31,21.31,0,0,real
2026-04-13T09:39:00+05:30,21.32,21.32,21.32,21.32,0,0,real
2026-04-13T09:40:00+05:30,21.31,21.31,21.31,21.31,0,0,real
2026-04-13T09:41:00+05:30,21.17,21.17,21.17,21.17,0,0,real
2026-04-13T09:42:00+05:30,21.12,21.12,21.12,21.12,0,0,real
2026-04-13T09:43:00+05:30,21.13,21.13,21.13,21.13,0,0,real
2026-04-13T09:44:00+05:30,21.1,21.1,21.1,21.1,0,0,real
2026-04-13T09:45:00+05:30,21.15,21.15,21.15,21.15,0,0,real
2026-04-13T09:46:00+05:30,21.15,21.15,21.15,21.15,0,0,real
2026-04-13T09:47:00+05:30,21.13,21.13,21.13,21.13,0,0,real
2026-04-13T09:48:00+05:30,21.15,21.15,21.15,21.15,0,0,real
2026-04-13T09:49:00+05:30,21.14,21.14,21.14,21.14,0,0,real
2026-04-13T09:50:00+05:30,21.14,21.14,21.14,21.14,0,0,real
2026-04-13T09:51:00+05:30,21.12,21.12,21.12,21.12,0,0,real
2026-04-13T09:52:00+05:30,21.11,21.11,21.11,21.11,0,0,real
2026-04-13T09:53:00+05:30,21.13,21.13,21.13,21.13,0,0,real
2026-04-13T09:54:00+05:30,21.12,21.12,21.12,21.12,0,0,real
2026-04-13T09:55:00+05:30,21.04,21.04,21.04,21.04,0,0,real
2026-04-13T09:56:00+05:30,20.99,20.99,20.99,20.99,0,0,real
2026-04-13T09:57:00+05:30,20.99,20.99,20.99,20.99,0,0,real
2026-04-13T09:58:00+05:30,20.96,20.96,20.96,20.96,0,0,real
2026-04-13T09:59:00+05:30,20.96,20.96,20.96,20.96,0,0,real
2026-04-13T10:00:00+05:30,20.97,20.97,20.97,20.97,0,0,real
2026-04-13T10:01:00+05:30,20.95,20.95,20.95,20.95,0,0,real
2026-04-13T10:02:00+05:30,20.91,20.91,20.91,20.91,0,0,real
2026-04-13T10:03:00+05:30,20.91,20.91,20.91,20.91,0,0,real
2026-04-13T10:04:00+05:30,20.89,20.89,20.89,20.89,0,0,real
2026-04-13T10:05:00+05:30,20.9,20.9,20.9,20.9,0,0,real
2026-04-13T10:06:00+05:30,20.92,20.92,20.92,20.92,0,0,real
2026-04-13T10:07:00+05:30,20.91,20.91,20.91,20.91,0,0,real
2026-04-13T10:08:00+05:30,20.89,20.89,20.89,20.89,0,0,real
2026-04-13T10:09:00+05:30,20.87,20.87,20.87,20.87,0,0,real
2026-04-13T10:10:00+05:30,20.85,20.85,20.85,20.85,0,0,real
2026-04-13T10:11:00+05:30,20.85,20.85,20.85,20.85,0,0,real
2026-04-13T10:12:00+05:30,20.83,20.83,20.83,20.83,0,0,real
2026-04-13T10:13:00+05:30,20.86,20.86,20.86,20.86,0,0,real
2026-04-13T10:14:00+05:30,20.91,20.91,20.91,20.91,0,0,real
2026-04-13T10:15:00+05:30,20.95,20.95,20.95,20.95,0,0,real
2026-04-13T10:16:00+05:30,20.96,20.96,20.96,20.96,0,0,real
2026-04-13T10:17:00+05:30,20.96,20.96,20.96,20.96,0,0,real
2026-04-13T10:18:00+05:30,20.91,20.91,20.91,20.91,0,0,real
2026-04-13T10:19:00+05:30,20.87,20.87,20.87,20.87,0,0,real
2026-04-13T10:20:00+05:30,20.84,20.84,20.84,20.84,0,0,real
2026-04-13T10:21:00+05:30,20.79,20.79,20.79,20.79,0,0,real
2026-04-13T10:22:00+05:30,20.83,20.83,20.83,20.83,0,0,real
2026-04-13T10:23:00+05:30,20.82,20.82,20.82,20.82,0,0,real
2026-04-13T10:24:00+05:30,20.81,20.81,20.81,20.81,0,0,real
2026-04-13T10:25:00+05:30,20.82,20.82,20.82,20.82,0,0,real
2026-04-13T10:26:00+05:30,20.81,20.81,20.81,20.81,0,0,real
2026-04-13T10:27:00+05:30,20.8,20.8,20.8,20.8,0,0,real
2026-04-13T10:28:00+05:30,20.82,20.82,20.82,20.82,0,0,real
2026-04-13T10:29:00+05:30,20.84,20.84,20.84,20.84,0,0,real
2026-04-13T10:30:00+05:30,20.82,20.82,20.82,20.82,0,0,real
2026-04-13T10:31:00+05:30,20.81,20.81,20.81,20.81,0,0,real
2026-04-13T10:32:00+05:30,20.81,20.81,20.81,20.81,0,0,real
2026-04-13T10:33:00+05:30,20.83,20.83,20.83,20.83,0,0,real
2026-04-13T10:34:00+05:30,20.82,20.82,20.82,20.82,0,0,real
2026-04-13T10:35:00+05:30,20.84,20.84,20.84,20.84,0,0,real
2026-04-13T10:36:00+05:30,20.84,20.84,20.84,20.84,0,0,real
2026-04-13T10:37:00+05:30,20.83,20.83,20.83,20.83,0,0,real
2026-04-13T10:38:00+05:30,20.83,20.83,20.83,20.83,0,0,real
2026-04-13T10:39:00+05:30,20.79,20.79,20.79,20.79,0,0,real
2026-04-13T10:40:00+05:30,20.79,20.79,20.79,20.79,0,0,real
2026-04-13T10:41:00+05:30,20.83,20.83,20.83,20.83,0,0,real
2026-04-13T10:42:00+05:30,20.87,20.87,20.87,20.87,0,0,real
2026-04-13T10:43:00+05:30,20.84,20.84,20.84,20.84,0,0,real
2026-04-13T10:44:00+05:30,20.84,20.84,20.84,20.84,0,0,real
2026-04-13T10:45:00+05:30,20.81,20.81,20.81,20.81,0,0,real
2026-04-13T10:46:00+05:30,20.81,20.81,20.81,20.81,0,0,real
2026-04-13T10:47:00+05:30,20.8,20.8,20.8,20.8,0,0,real
2026-04-13T10:48:00+05:30,20.8,20.8,20.8,20.8,0,0,real
2026-04-13T10:49:00+05:30,20.82,20.82,20.82,20.82,0,0,real
2026-04-13T10:50:00+05:30,20.83,20.83,20.83,20.83,0,0,real
2026-04-13T10:51:00+05:30,20.83,20.83,20.83,20.83,0,0,real
2026-04-13T10:52:00+05:30,20.82,20.82,20.82,20.82,0,0,real
2026-04-13T10:53:00+05:30,20.81,20.81,20.81,20.81,0,0,real
2026-04-13T10:54:00+05:30,20.82,20.82,20.82,20.82,0,0,real
2026-04-13T10:55:00+05:30,20.79,20.79,20.79,20.79,0,0,real
2026-04-13T10:56:00+05:30,20.79,20.79,20.79,20.79,0,0,real
2026-04-13T10:57:00+05:30,20.78,20.78,20.78,20.78,0,0,real
2026-04-13T10:58:00+05:30,20.77,20.77,20.77,20.77,0,0,real
2026-04-13T10:59:00+05:30,20.79,20.79,20.79,20.79,0,0,real
2026-04-13T11:00:00+05:30,20.79,20.79,20.79,20.79,0,0,real
2026-04-13T11:01:00+05:30,20.79,20.79,20.79,20.79,0,0,real
2026-04-13T11:02:00+05:30,20.77,20.77,20.77,20.77,0,0,real
2026-04-13T11:03:00+05:30,20.77,20.77,20.77,20.77,0,0,real
2026-04-13T11:04:00+05:30,20.76,20.76,20.76,20.76,0,0,real
2026-04-13T11:05:00+05:30,20.74,20.74,20.74,20.74,0,0,real
2026-04-13T11:06:00+05:30,20.75,20.75,20.75,20.75,0,0,real
2026-04-13T11:07:00+05:30,20.75,20.75,20.75,20.75,0,0,real
2026-04-13T11:08:00+05:30,20.73,20.73,20.73,20.73,0,0,real
2026-04-13T11:09:00+05:30,20.72,20.72,20.72,20.72,0,0,real
2026-04-13T11:10:00+05:30,20.77,20.77,20.77,20.77,0,0,real
2026-04-13T11:11:00+05:30,20.77,20.77,20.77,20.77,0,0,real
2026-04-13T11:12:00+05:30,20.75,20.75,20.75,20.75,0,0,real
2026-04-13T11:13:00+05:30,20.73,20.73,20.73,20.73,0,0,real
2026-04-13T11:14:00+05:30,20.74,20.74,20.74,20.74,0,0,real
2026-04-13T11:15:00+05:30,20.73,20.73,20.73,20.73,0,0,real
2026-04-13T11:16:00+05:30,20.72,20.72,20.72,20.72,0,0,real
2026-04-13T11:17:00+05:30,20.72,20.72,20.72,20.72,0,0,real
2026-04-13T11:18:00+05:30,20.72,20.72,20.72,20.72,0,0,real
2026-04-13T11:19:00+05:30,20.72,20.72,20.72,20.72,0,0,real
2026-04-13T11:20:00+05:30,20.71,20.71,20.71,20.71,0,0,real
2026-04-13T11:21:00+05:30,20.74,20.74,20.74,20.74,0,0,real
2026-04-13T11:22:00+05:30,20.71,20.71,20.71,20.71,0,0,real
2026-04-13T11:23:00+05:30,20.7,20.7,20.7,20.7,0,0,real
2026-04-13T11:24:00+05:30,20.7,20.7,20.7,20.7,0,0,real
2026-04-13T11:25:00+05:30,20.69,20.69,20.69,20.69,0,0,real
2026-04-13T11:26:00+05:30,20.69,20.69,20.69,20.69,0,0,real
2026-04-13T11:27:00+05:30,20.7,20.7,20.7,20.7,0,0,real
2026-04-13T11:28:00+05:30,20.71,20.71,20.71,20.71,0,0,real
2026-04-13T11:29:00+05:30,20.71,20.71,20.71,20.71,0,0,real
2026-04-13T11:30:00+05:30,20.72,20.72,20.72,20.72,0,0,real
2026-04-13T11:31:00+05:30,20.73,20.73,20.73,20.73,0,0,real
2026-04-13T11:32:00+05:30,20.76,20.76,20.76,20.76,0,0,real
2026-04-13T11:33:00+05:30,20.76,20.76,20.76,20.76,0,0,real
2026-04-13T11:34:00+05:30,20.76,20.76,20.76,20.76,0,0,real
2026-04-13T11:35:00+05:30,20.73,20.73,20.73,20.73,0,0,real
2026-04-13T11:36:00+05:30,20.73,20.73,20.73,20.73,0,0,real
2026-04-13T11:37:00+05:30,20.69,20.69,20.69,20.69,0,0,real
2026-04-13T11:38:00+05:30,20.66,20.66,20.66,20.66,0,0,real
2026-04-13T11:39:00+05:30,20.67,20.67,20.67,20.67,0,0,real
2026-04-13T11:40:00+05:30,20.66,20.66,20.66,20.66,0,0,real
2026-04-13T11:41:00+05:30,20.68,20.68,20.68,20.68,0,0,real
2026-04-13T11:42:00+05:30,20.69,20.69,20.69,20.69,0,0,real
2026-04-13T11:43:00+05:30,20.7,20.7,20.7,20.7,0,0,real
2026-04-13T11:44:00+05:30,20.7,20.7,20.7,20.7,0,0,real
2026-04-13T11:45:00+05:30,20.69,20.69,20.69,20.69,0,0,real
2026-04-13T11:46:00+05:30,20.67,20.67,20.67,20.67,0,0,real
2026-04-13T11:47:00+05:30,20.68,20.68,20.68,20.68,0,0,real
2026-04-13T11:48:00+05:30,20.66,20.66,20.66,20.66,0,0,real
2026-04-13T11:49:00+05:30,20.66,20.66,20.66,20.66,0,0,real
2026-04-13T11:50:00+05:30,20.57,20.57,20.57,20.57,0,0,real
2026-04-13T11:51:00+05:30,20.64,20.64,20.64,20.64,0,0,real
2026-04-13T11:52:00+05:30,20.64,20.64,20.64,20.64,0,0,real
2026-04-13T11:53:00+05:30,20.66,20.66,20.66,20.66,0,0,real
2026-04-13T11:54:00+05:30,20.63,20.63,20.63,20.63,0,0,real
2026-04-13T11:55:00+05:30,20.6,20.6,20.6,20.6,0,0,real
2026-04-13T11:56:00+05:30,20.59,20.59,20.59,20.59,0,0,real
2026-04-13T11:57:00+05:30,20.58,20.58,20.58,20.58,0,0,real
2026-04-13T11:58:00+05:30,20.57,20.57,20.57,20.57,0,0,real
2026-04-13T11:59:00+05:30,20.59,20.59,20.59,20.59,0,0,real
2026-04-13T12:00:00+05:30,20.57,20.57,20.57,20.57,0,0,real
2026-04-13T12:01:00+05:30,20.57,20.57,20.57,20.57,0,0,real
2026-04-13T12:02:00+05:30,20.58,20.58,20.58,20.58,0,0,real
2026-04-13T12:03:00+05:30,20.59,20.59,20.59,20.59,0,0,real
2026-04-13T12:04:00+05:30,20.6,20.6,20.6,20.6,0,0,real
2026-04-13T12:05:00+05:30,20.59,20.59,20.59,20.59,0,0,real
2026-04-13T12:06:00+05:30,20.56,20.56,20.56,20.56,0,0,real
2026-04-13T12:07:00+05:30,20.54,20.54,20.54,20.54,0,0,real
2026-04-13T12:08:00+05:30,20.54,20.54,20.54,20.54,0,0,real
2026-04-13T12:09:00+05:30,20.53,20.53,20.53,20.53,0,0,real
2026-04-13T12:10:00+05:30,20.53,20.53,20.53,20.53,0,0,real
2026-04-13T12:11:00+05:30,20.51,20.51,20.51,20.51,0,0,real
2026-04-13T12:12:00+05:30,20.54,20.54,20.54,20.54,0,0,real
2026-04-13T12:13:00+05:30,20.54,20.54,20.54,20.54,0,0,real
2026-04-13T12:14:00+05:30,20.52,20.52,20.52,20.52,0,0,real
2026-04-13T12:15:00+05:30,20.55,20.55,20.55,20.55,0,0,real
2026-04-13T12:16:00+05:30,20.55,20.55,20.55,20.55,0,0,real
2026-04-13T12:17:00+05:30,20.57,20.57,20.57,20.57,0,0,real
2026-04-13T12:18:00+05:30,20.58,20.58,20.58,20.58,0,0,real
2026-04-13T12:19:00+05:30,20.59,20.59,20.59,20.59,0,0,real
2026-04-13T12:20:00+05:30,20.57,20.57,20.57,20.57,0,0,real
2026-04-13T12:21:00+05:30,20.59,20.59,20.59,20.59,0,0,real
2026-04-13T12:22:00+05:30,20.6,20.6,20.6,20.6,0,0,real
2026-04-13T12:23:00+05:30,20.6,20.6,20.6,20.6,0,0,real
2026-04-13T12:24:00+05:30,20.6,20.6,20.6,20.6,0,0,real
2026-04-13T12:25:00+05:30,20.61,20.61,20.61,20.61,0,0,real
2026-04-13T12:26:00+05:30,20.57,20.57,20.57,20.57,0,0,real
2026-04-13T12:27:00+05:30,20.56,20.56,20.56,20.56,0,0,real
2026-04-13T12:28:00+05:30,20.56,20.56,20.56,20.56,0,0,real
2026-04-13T12:29:00+05:30,20.56,20.56,20.56,20.56,0,0,real
2026-04-13T12:30:00+05:30,20.58,20.58,20.58,20.58,0,0,real
2026-04-13T12:31:00+05:30,20.58,20.58,20.58,20.58,0,0,real
2026-04-13T12:32:00+05:30,20.62,20.62,20.62,20.62,0,0,real
2026-04-13T12:33:00+05:30,20.65,20.65,20.65,20.65,0,0,real
2026-04-13T12:34:00+05:30,20.66,20.66,20.66,20.66,0,0,real
2026-04-13T12:35:00+05:30,20.67,20.67,20.67,20.67,0,0,real
2026-04-13T12:36:00+05:30,20.68,20.68,20.68,20.68,0,0,real
2026-04-13T12:37:00+05:30,20.67,20.67,20.67,20.67,0,0,real
2026-04-13T12:38:00+05:30,20.65,20.65,20.65,20.65,0,0,real
2026-04-13T12:39:00+05:30,20.64,20.64,20.64,20.64,0,0,real
2026-04-13T12:40:00+05:30,20.65,20.65,20.65,20.65,0,0,real
2026-04-13T12:41:00+05:30,20.63,20.63,20.63,20.63,0,0,real
2026-04-13T12:42:00+05:30,20.58,20.58,20.58,20.58,0,0,real
2026-04-13T12:43:00+05:30,20.58,20.58,20.58,20.58,0,0,real
2026-04-13T12:44:00+05:30,20.56,20.56,20.56,20.56,0,0,real
2026-04-13T12:45:00+05:30,20.6,20.6,20.6,20.6,0,0,real
2026-04-13T12:46:00+05:30,20.59,20.59,20.59,20.59,0,0,real
2026-04-13T12:47:00+05:30,20.58,20.58,20.58,20.58,0,0,real
2026-04-13T12:48:00+05:30,20.59,20.59,20.59,20.59,0,0,real
2026-04-13T12:49:00+05:30,20.58,20.58,20.58,20.58,0,0,real
2026-04-13T12:50:00+05:30,20.59,20.59,20.59,20.59,0,0,real
2026-04-13T12:51:00+05:30,20.6,20.6,20.6,20.6,0,0,real
2026-04-13T12:52:00+05:30,20.59,20.59,20.59,20.59,0,0,real
2026-04-13T12:53:00+05:30,20.58,20.58,20.58,20.58,0,0,real
2026-04-13T12:54:00+05:30,20.6,20.6,20.6,20.6,0,0,real
2026-04-13T12:55:00+05:30,20.6,20.6,20.6,20.6,0,0,real
2026-04-13T12:56:00+05:30,20.62,20.62,20.62,20.62,0,0,real
2026-04-13T12:57:00+05:30,20.61,20.61,20.61,20.61,0,0,real
2026-04-13T12:58:00+05:30,20.64,20.64,20.64,20.64,0,0,real
2026-04-13T12:59:00+05:30,20.64,20.64,20.64,20.64,0,0,real
2026-04-13T13:00:00+05:30,20.64,20.64,20.64,20.64,0,0,real
2026-04-13T13:01:00+05:30,20.66,20.66,20.66,20.66,0,0,real
2026-04-13T13:02:00+05:30,20.69,20.69,20.69,20.69,0,0,real
2026-04-13T13:03:00+05:30,20.7,20.7,20.7,20.7,0,0,real
2026-04-13T13:04:00+05:30,20.69,20.69,20.69,20.69,0,0,real
2026-04-13T13:05:00+05:30,20.66,20.66,20.66,20.66,0,0,real
2026-04-13T13:06:00+05:30,20.63,20.63,20.63,20.63,0,0,real
2026-04-13T13:07:00+05:30,20.63,20.63,20.63,20.63,0,0,real
2026-04-13T13:08:00+05:30,20.66,20.66,20.66,20.66,0,0,real
2026-04-13T13:09:00+05:30,20.64,20.64,20.64,20.64,0,0,real
2026-04-13T13:10:00+05:30,20.64,20.64,20.64,20.64,0,0,real
2026-04-13T13:11:00+05:30,20.64,20.64,20.64,20.64,0,0,real
2026-04-13T13:12:00+05:30,20.63,20.63,20.63,20.63,0,0,real
2026-04-13T13:13:00+05:30,20.64,20.64,20.64,20.64,0,0,real
2026-04-13T13:14:00+05:30,20.62,20.62,20.62,20.62,0,0,real
2026-04-13T13:15:00+05:30,20.59,20.59,20.59,20.59,0,0,real
2026-04-13T13:16:00+05:30,20.61,20.61,20.61,20.61,0,0,real
2026-04-13T13:17:00+05:30,20.63,20.63,20.63,20.63,0,0,real
2026-04-13T13:18:00+05:30,20.62,20.62,20.62,20.62,0,0,real
2026-04-13T13:19:00+05:30,20.6,20.6,20.6,20.6,0,0,real
2026-04-13T13:20:00+05:30,20.59,20.59,20.59,20.59,0,0,real
2026-04-13T13:21:00+05:30,20.6,20.6,20.6,20.6,0,0,real
2026-04-13T13:22:00+05:30,20.61,20.61,20.61,20.61,0,0,real
2026-04-13T13:23:00+05:30,20.61,20.61,20.61,20.61,0,0,real
2026-04-13T13:24:00+05:30,20.62,20.62,20.62,20.62,0,0,real
2026-04-13T13:25:00+05:30,20.62,20.62,20.62,20.62,0,0,real
2026-04-13T13:26:00+05:30,20.62,20.62,20.62,20.62,0,0,real
2026-04-13T13:27:00+05:30,20.62,20.62,20.62,20.62,0,0,real
2026-04-13T13:28:00+05:30,20.61,20.61,20.61,20.61,0,0,real
2026-04-13T13:29:00+05:30,20.62,20.62,20.62,20.62,0,0,real
2026-04-13T13:30:00+05:30,20.59,20.59,20.59,20.59,0,0,real
2026-04-13T13:31:00+05:30,20.57,20.57,20.57,20.57,0,0,real
2026-04-13T13:32:00+05:30,20.54,20.54,20.54,20.54,0,0,real
2026-04-13T13:33:00+05:30,20.51,20.51,20.51,20.51,0,0,real
2026-04-13T13:34:00+05:30,20.47,20.47,20.47,20.47,0,0,real
2026-04-13T13:35:00+05:30,20.49,20.49,20.49,20.49,0,0,real
2026-04-13T13:36:00+05:30,20.49,20.49,20.49,20.49,0,0,real
2026-04-13T13:37:00+05:30,20.48,20.48,20.48,20.48,0,0,real
2026-04-13T13:38:00+05:30,20.47,20.47,20.47,20.47,0,0,real
2026-04-13T13:39:00+05:30,20.51,20.51,20.51,20.51,0,0,real
2026-04-13T13:40:00+05:30,20.51,20.51,20.51,20.51,0,0,real
2026-04-13T13:41:00+05:30,20.52,20.52,20.52,20.52,0,0,real
2026-04-13T13:42:00+05:30,20.5,20.5,20.5,20.5,0,0,real
2026-04-13T13:43:00+05:30,20.48,20.48,20.48,20.48,0,0,real
2026-04-13T13:44:00+05:30,20.47,20.47,20.47,20.47,0,0,real
2026-04-13T13:45:00+05:30,20.48,20.48,20.48,20.48,0,0,real
2026-04-13T13:46:00+05:30,20.48,20.48,20.48,20.48,0,0,real
2026-04-13T13:47:00+05:30,20.48,20.48,20.48,20.48,0,0,real
2026-04-13T13:48:00+05:30,20.48,20.48,20.48,20.48,0,0,real
2026-04-13T13:49:00+05:30,20.45,20.45,20.45,20.45,0,0,real
2026-04-13T13:50:00+05:30,20.44,20.44,20.44,20.44,0,0,real
2026-04-13T13:51:00+05:30,20.44,20.44,20.44,20.44,0,0,real
2026-04-13T13:52:00+05:30,20.34,20.34,20.34,20.34,0,0,real
2026-04-13T13:53:00+05:30,20.32,20.32,20.32,20.32,0,0,real
2026-04-13T13:54:00+05:30,20.32,20.32,20.32,20.32,0,0,real
2026-04-13T13:55:00+05:30,20.3,20.3,20.3,20.3,0,0,real
2026-04-13T13:56:00+05:30,20.29,20.29,20.29,20.29,0,0,real
2026-04-13T13:57:00+05:30,20.28,20.28,20.28,20.28,0,0,real
2026-04-13T13:58:00+05:30,20.29,20.29,20.29,20.29,0,0,real
2026-04-13T13:59:00+05:30,20.28,20.28,20.28,20.28,0,0,real
2026-04-13T14:00:00+05:30,20.3,20.3,20.3,20.3,0,0,real
2026-04-13T14:01:00+05:30,20.32,20.32,20.32,20.32,0,0,real
2026-04-13T14:02:00+05:30,20.32,20.32,20.32,20.32,0,0,real
2026-04-13T14:03:00+05:30,20.32,20.32,20.32,20.32,0,0,real
2026-04-13T14:04:00+05:30,20.3,20.3,20.3,20.3,0,0,real
2026-04-13T14:05:00+05:30,20.34,20.34,20.34,20.34,0,0,real
2026-04-13T14:06:00+05:30,20.36,20.36,20.36,20.36,0,0,real
2026-04-13T14:07:00+05:30,20.34,20.34,20.34,20.34,0,0,real
2026-04-13T14:08:00+05:30,20.39,20.39,20.39,20.39,0,0,real
2026-04-13T14:09:00+05:30,20.41,20.41,20.41,20.41,0,0,real
2026-04-13T14:10:00+05:30,20.46,20.46,20.46,20.46,0,0,real
2026-04-13T14:11:00+05:30,20.5,20.5,20.5,20.5,0,0,real
2026-04-13T14:12:00+05:30,20.55,20.55,20.55,20.55,0,0,real
2026-04-13T14:13:00+05:30,20.6,20.6,20.6,20.6,0,0,real
2026-04-13T14:14:00+05:30,20.6,20.6,20.6,20.6,0,0,real
2026-04-13T14:15:00+05:30,20.62,20.62,20.62,20.62,0,0,real
2026-04-13T14:16:00+05:30,20.63,20.63,20.63,20.63,0,0,real
2026-04-13T14:17:00+05:30,20.6,20.6,20.6,20.6,0,0,real
2026-04-13T14:18:00+05:30,20.59,20.59,20.59,20.59,0,0,real
2026-04-13T14:19:00+05:30,20.59,20.59,20.59,20.59,0,0,real
2026-04-13T14:20:00+05:30,20.57,20.57,20.57,20.57,0,0,real
2026-04-13T14:21:00+05:30,20.59,20.59,20.59,20.59,0,0,real
2026-04-13T14:22:00+05:30,20.58,20.58,20.58,20.58,0,0,real
2026-04-13T14:23:00+05:30,20.55,20.55,20.55,20.55,0,0,real
2026-04-13T14:24:00+05:30,20.54,20.54,20.54,20.54,0,0,real
2026-04-13T14:25:00+05:30,20.51,20.51,20.51,20.51,0,0,real
2026-04-13T14:26:00+05:30,20.46,20.46,20.46,20.46,0,0,real
2026-04-13T14:27:00+05:30,20.43,20.43,20.43,20.43,0,0,real
2026-04-13T14:28:00+05:30,20.43,20.43,20.43,20.43,0,0,real
2026-04-13T14:29:00+05:30,20.49,20.49,20.49,20.49,0,0,real
2026-04-13T14:30:00+05:30,20.4,20.4,20.4,20.4,0,0,real
2026-04-13T14:31:00+05:30,20.4,20.4,20.4,20.4,0,0,real
2026-04-13T14:32:00+05:30,20.41,20.41,20.41,20.41,0,0,real
2026-04-13T14:33:00+05:30,20.39,20.39,20.39,20.39,0,0,real
2026-04-13T14:34:00+05:30,20.41,20.41,20.41,20.41,0,0,real
2026-04-13T14:35:00+05:30,20.44,20.44,20.44,20.44,0,0,real
2026-04-13T14:36:00+05:30,20.45,20.45,20.45,20.45,0,0,real
2026-04-13T14:37:00+05:30,20.46,20.46,20.46,20.46,0,0,real
2026-04-13T14:38:00+05:30,20.46,20.46,20.46,20.46,0,0,real
2026-04-13T14:39:00+05:30,20.5,20.5,20.5,20.5,0,0,real
2026-04-13T14:40:00+05:30,20.52,20.52,20.52,20.52,0,0,real
2026-04-13T14:41:00+05:30,20.53,20.53,20.53,20.53,0,0,real
2026-04-13T14:42:00+05:30,20.54,20.54,20.54,20.54,0,0,real
2026-04-13T14:43:00+05:30,20.55,20.55,20.55,20.55,0,0,real
2026-04-13T14:44:00+05:30,20.54,20.54,20.54,20.54,0,0,real
2026-04-13T14:45:00+05:30,20.52,20.52,20.52,20.52,0,0,real
2026-04-13T14:46:00+05:30,20.55,20.55,20.55,20.55,0,0,real
2026-04-13T14:47:00+05:30,20.58,20.58,20.58,20.58,0,0,real
2026-04-13T14:48:00+05:30,20.54,20.54,20.54,20.54,0,0,real
2026-04-13T14:49:00+05:30,20.55,20.55,20.55,20.55,0,0,real
2026-04-13T14:50:00+05:30,20.57,20.57,20.57,20.57,0,0,real
2026-04-13T14:51:00+05:30,20.53,20.53,20.53,20.53,0,0,real
2026-04-13T14:52:00+05:30,20.52,20.52,20.52,20.52,0,0,real
2026-04-13T14:53:00+05:30,20.48,20.48,20.48,20.48,0,0,real
2026-04-13T14:54:00+05:30,20.47,20.47,20.47,20.47,0,0,real
2026-04-13T14:55:00+05:30,20.45,20.45,20.45,20.45,0,0,real
2026-04-13T14:56:00+05:30,20.46,20.46,20.46,20.46,0,0,real
2026-04-13T14:57:00+05:30,20.44,20.44,20.44,20.44,0,0,real
2026-04-13T14:58:00+05:30,20.41,20.41,20.41,20.41,0,0,real
2026-04-13T14:59:00+05:30,20.42,20.42,20.42,20.42,0,0,real
2026-04-13T15:00:00+05:30,20.45,20.45,20.45,20.45,0,0,real
2026-04-13T15:01:00+05:30,20.46,20.46,20.46,20.46,0,0,real
2026-04-13T15:02:00+05:30,20.4,20.4,20.4,20.4,0,0,real
2026-04-13T15:03:00+05:30,20.43,20.43,20.43,20.43,0,0,real
2026-04-13T15:04:00+05:30,20.42,20.42,20.42,20.42,0,0,real
2026-04-13T15:05:00+05:30,20.46,20.46,20.46,20.46,0,0,real
2026-04-13T15:06:00+05:30,20.44,20.44,20.44,20.44,0,0,real
2026-04-13T15:07:00+05:30,20.5,20.5,20.5,20.5,0,0,real
2026-04-13T15:08:00+05:30,20.5,20.5,20.5,20.5,0,0,real
2026-04-13T15:09:00+05:30,20.5,20.5,20.5,20.5,0,0,real
2026-04-13T15:10:00+05:30,20.54,20.54,20.54,20.54,0,0,real
2026-04-13T15:11:00+05:30,20.54,20.54,20.54,20.54,0,0,real
2026-04-13T15:12:00+05:30,20.54,20.54,20.54,20.54,0,0,real
2026-04-13T15:13:00+05:30,20.54,20.54,20.54,20.54,0,0,real
2026-04-13T15:14:00+05:30,20.56,20.56,20.56,20.56,0,0,real
2026-04-13T15:15:00+05:30,20.55,20.55,20.55,20.55,0,0,real
2026-04-13T15:16:00+05:30,20.53,20.53,20.53,20.53,0,0,real
2026-04-13T15:17:00+05:30,20.5,20.5,20.5,20.5,0,0,real
2026-04-13T15:18:00+05:30,20.48,20.48,20.48,20.48,0,0,real
2026-04-13T15:19:00+05:30,20.49,20.49,20.49,20.49,0,0,real
2026-04-13T15:20:00+05:30,20.5,20.5,20.5,20.5,0,0,real
2026-04-13T15:21:00+05:30,20.55,20.55,20.55,20.55,0,0,real
2026-04-13T15:22:00+05:30,20.51,20.51,20.51,20.51,0,0,real
2026-04-13T15:23:00+05:30,20.5,20.5,20.5,20.5,0,0,real
2026-04-13T15:24:00+05:30,20.5,20.5,20.5,20.5,0,0,real
2026-04-13T15:25:00+05:30,20.53,20.53,20.53,20.53,0,0,real
2026-04-13T15:26:00+05:30,20.52,20.52,20.52,20.52,0,0,real
2026-04-13T15:27:00+05:30,20.55,20.55,20.55,20.55,0,0,real
2026-04-13T15:28:00+05:30,20.55,20.55,20.55,20.55,0,0,real
2026-04-13T15:29:00+05:30,20.42,20.42,20.42,20.42,0,0,real
2026-04-13T15:30:00+05:30,20.59,20.59,20.59,20.59,0,0,proxy
2026-04-15T09:15:00+05:30,18.23,18.23,18.23,18.23,0,0,real
2026-04-15T09:16:00+05:30,18.39,18.39,18.39,18.39,0,0,real
2026-04-15T09:18:00+05:30,18.3,18.3,18.3,18.3,0,0,real
2026-04-15T09:19:00+05:30,18.28,18.28,18.28,18.28,0,0,real
2026-04-15T09:20:00+05:30,18.29,18.29,18.29,18.29,0,0,real
2026-04-15T09:21:00+05:30,18.38,18.38,18.38,18.38,0,0,real
2026-04-15T09:22:00+05:30,18.41,18.41,18.41,18.41,0,0,real
2026-04-15T09:23:00+05:30,18.36,18.36,18.36,18.36,0,0,real
2026-04-15T09:24:00+05:30,18.4,18.4,18.4,18.4,0,0,real
2026-04-15T09:25:00+05:30,18.39,18.39,18.39,18.39,0,0,real
2026-04-15T09:26:00+05:30,18.43,18.43,18.43,18.43,0,0,real
2026-04-15T09:27:00+05:30,18.59,18.59,18.59,18.59,0,0,real
2026-04-15T09:28:00+05:30,18.6,18.6,18.6,18.6,0,0,real
2026-04-15T09:29:00+05:30,18.6,18.6,18.6,18.6,0,0,real
2026-04-15T09:30:00+05:30,18.72,18.72,18.72,18.72,0,0,real
2026-04-15T09:31:00+05:30,18.78,18.78,18.78,18.78,0,0,real
2026-04-15T09:32:00+05:30,18.77,18.77,18.77,18.77,0,0,real
2026-04-15T09:33:00+05:30,18.8,18.8,18.8,18.8,0,0,real
2026-04-15T09:34:00+05:30,18.84,18.84,18.84,18.84,0,0,real
2026-04-15T09:35:00+05:30,18.87,18.87,18.87,18.87,0,0,real
2026-04-15T09:36:00+05:30,18.89,18.89,18.89,18.89,0,0,real
2026-04-15T09:37:00+05:30,18.87,18.87,18.87,18.87,0,0,real
2026-04-15T09:38:00+05:30,18.97,18.97,18.97,18.97,0,0,real
2026-04-15T09:39:00+05:30,19.0,19.0,19.0,19.0,0,0,real
2026-04-15T09:40:00+05:30,18.87,18.87,18.87,18.87,0,0,real
2026-04-15T09:41:00+05:30,18.85,18.85,18.85,18.85,0,0,real
2026-04-15T09:42:00+05:30,18.82,18.82,18.82,18.82,0,0,real
2026-04-15T09:43:00+05:30,18.73,18.73,18.73,18.73,0,0,real
2026-04-15T09:44:00+05:30,18.72,18.72,18.72,18.72,0,0,real
2026-04-15T09:45:00+05:30,18.71,18.71,18.71,18.71,0,0,real
2026-04-15T09:46:00+05:30,18.67,18.67,18.67,18.67,0,0,real
2026-04-15T09:47:00+05:30,18.68,18.68,18.68,18.68,0,0,real
2026-04-15T09:48:00+05:30,18.72,18.72,18.72,18.72,0,0,real
2026-04-15T09:49:00+05:30,18.76,18.76,18.76,18.76,0,0,real
2026-04-15T09:50:00+05:30,18.8,18.8,18.8,18.8,0,0,real
2026-04-15T09:51:00+05:30,18.77,18.77,18.77,18.77,0,0,real
2026-04-15T09:52:00+05:30,18.75,18.75,18.75,18.75,0,0,real
2026-04-15T09:53:00+05:30,18.72,18.72,18.72,18.72,0,0,real
2026-04-15T09:54:00+05:30,18.7,18.7,18.7,18.7,0,0,real
2026-04-15T09:55:00+05:30,18.68,18.68,18.68,18.68,0,0,real
2026-04-15T09:56:00+05:30,18.68,18.68,18.68,18.68,0,0,real
2026-04-15T09:57:00+05:30,18.68,18.68,18.68,18.68,0,0,real
2026-04-15T09:58:00+05:30,18.72,18.72,18.72,18.72,0,0,real
2026-04-15T09:59:00+05:30,18.69,18.69,18.69,18.69,0,0,real
2026-04-15T10:00:00+05:30,18.67,18.67,18.67,18.67,0,0,real
2026-04-15T10:01:00+05:30,18.68,18.68,18.68,18.68,0,0,real
2026-04-15T10:02:00+05:30,18.7,18.7,18.7,18.7,0,0,real
2026-04-15T10:03:00+05:30,18.68,18.68,18.68,18.68,0,0,real
2026-04-15T10:04:00+05:30,18.65,18.65,18.65,18.65,0,0,real
2026-04-15T10:05:00+05:30,18.64,18.64,18.64,18.64,0,0,real
2026-04-15T10:06:00+05:30,18.61,18.61,18.61,18.61,0,0,real
2026-04-15T10:07:00+05:30,18.59,18.59,18.59,18.59,0,0,real
2026-04-15T10:08:00+05:30,18.55,18.55,18.55,18.55,0,0,real
2026-04-15T10:09:00+05:30,18.57,18.57,18.57,18.57,0,0,real
2026-04-15T10:10:00+05:30,18.57,18.57,18.57,18.57,0,0,real
2026-04-15T10:11:00+05:30,18.57,18.57,18.57,18.57,0,0,real
2026-04-15T10:12:00+05:30,18.58,18.58,18.58,18.58,0,0,real
2026-04-15T10:13:00+05:30,18.59,18.59,18.59,18.59,0,0,real
2026-04-15T10:14:00+05:30,18.58,18.58,18.58,18.58,0,0,real
2026-04-15T10:15:00+05:30,18.53,18.53,18.53,18.53,0,0,real
2026-04-15T10:16:00+05:30,18.53,18.53,18.53,18.53,0,0,real
2026-04-15T10:17:00+05:30,18.55,18.55,18.55,18.55,0,0,real
2026-04-15T10:18:00+05:30,18.57,18.57,18.57,18.57,0,0,real
2026-04-15T10:19:00+05:30,18.58,18.58,18.58,18.58,0,0,real
2026-04-15T10:20:00+05:30,18.57,18.57,18.57,18.57,0,0,real
2026-04-15T10:21:00+05:30,18.61,18.61,18.61,18.61,0,0,real
2026-04-15T10:22:00+05:30,18.61,18.61,18.61,18.61,0,0,real
2026-04-15T10:23:00+05:30,18.58,18.58,18.58,18.58,0,0,real
2026-04-15T10:24:00+05:30,18.6,18.6,18.6,18.6,0,0,real
2026-04-15T10:25:00+05:30,18.61,18.61,18.61,18.61,0,0,real
2026-04-15T10:26:00+05:30,18.61,18.61,18.61,18.61,0,0,real
2026-04-15T10:27:00+05:30,18.59,18.59,18.59,18.59,0,0,real
2026-04-15T10:28:00+05:30,18.6,18.6,18.6,18.6,0,0,real
2026-04-15T10:29:00+05:30,18.59,18.59,18.59,18.59,0,0,real
2026-04-15T10:30:00+05:30,18.6,18.6,18.6,18.6,0,0,real
2026-04-15T10:31:00+05:30,18.58,18.58,18.58,18.58,0,0,real
2026-04-15T10:32:00+05:30,18.58,18.58,18.58,18.58,0,0,real
2026-04-15T10:33:00+05:30,18.58,18.58,18.58,18.58,0,0,real
2026-04-15T10:34:00+05:30,18.61,18.61,18.61,18.61,0,0,real
2026-04-15T10:35:00+05:30,18.61,18.61,18.61,18.61,0,0,real
2026-04-15T10:36:00+05:30,18.62,18.62,18.62,18.62,0,0,real
2026-04-15T10:37:00+05:30,18.61,18.61,18.61,18.61,0,0,real
2026-04-15T10:38:00+05:30,18.62,18.62,18.62,18.62,0,0,real
2026-04-15T10:39:00+05:30,18.61,18.61,18.61,18.61,0,0,real
2026-04-15T10:40:00+05:30,18.62,18.62,18.62,18.62,0,0,real
2026-04-15T10:41:00+05:30,18.63,18.63,18.63,18.63,0,0,real
2026-04-15T10:42:00+05:30,18.63,18.63,18.63,18.63,0,0,real
2026-04-15T10:43:00+05:30,18.65,18.65,18.65,18.65,0,0,real
2026-04-15T10:44:00+05:30,18.68,18.68,18.68,18.68,0,0,real
2026-04-15T10:45:00+05:30,18.68,18.68,18.68,18.68,0,0,real
2026-04-15T10:46:00+05:30,18.67,18.67,18.67,18.67,0,0,real
2026-04-15T10:47:00+05:30,18.66,18.66,18.66,18.66,0,0,real
2026-04-15T10:48:00+05:30,18.64,18.64,18.64,18.64,0,0,real
2026-04-15T10:49:00+05:30,18.63,18.63,18.63,18.63,0,0,real
2026-04-15T10:50:00+05:30,18.66,18.66,18.66,18.66,0,0,real
2026-04-15T10:51:00+05:30,18.66,18.66,18.66,18.66,0,0,real
2026-04-15T10:52:00+05:30,18.67,18.67,18.67,18.67,0,0,real
2026-04-15T10:53:00+05:30,18.7,18.7,18.7,18.7,0,0,real
2026-04-15T10:54:00+05:30,18.72,18.72,18.72,18.72,0,0,real
2026-04-15T10:55:00+05:30,18.72,18.72,18.72,18.72,0,0,real
2026-04-15T10:56:00+05:30,18.74,18.74,18.74,18.74,0,0,real
2026-04-15T10:57:00+05:30,18.73,18.73,18.73,18.73,0,0,real
2026-04-15T10:58:00+05:30,18.76,18.76,18.76,18.76,0,0,real
2026-04-15T10:59:00+05:30,18.76,18.76,18.76,18.76,0,0,real
2026-04-15T11:00:00+05:30,18.8,18.8,18.8,18.8,0,0,real
2026-04-15T11:01:00+05:30,18.79,18.79,18.79,18.79,0,0,real
2026-04-15T11:02:00+05:30,18.74,18.74,18.74,18.74,0,0,real
2026-04-15T11:03:00+05:30,18.78,18.78,18.78,18.78,0,0,real
2026-04-15T11:04:00+05:30,18.76,18.76,18.76,18.76,0,0,real
2026-04-15T11:05:00+05:30,18.8,18.8,18.8,18.8,0,0,real
2026-04-15T11:06:00+05:30,18.81,18.81,18.81,18.81,0,0,real
2026-04-15T11:07:00+05:30,18.85,18.85,18.85,18.85,0,0,real
2026-04-15T11:08:00+05:30,18.81,18.81,18.81,18.81,0,0,real
2026-04-15T11:09:00+05:30,18.87,18.87,18.87,18.87,0,0,real
2026-04-15T11:10:00+05:30,18.92,18.92,18.92,18.92,0,0,real
2026-04-15T11:11:00+05:30,18.86,18.86,18.86,18.86,0,0,real
2026-04-15T11:12:00+05:30,18.88,18.88,18.88,18.88,0,0,real
2026-04-15T11:13:00+05:30,18.89,18.89,18.89,18.89,0,0,real
2026-04-15T11:14:00+05:30,18.92,18.92,18.92,18.92,0,0,real
2026-04-15T11:15:00+05:30,18.98,18.98,18.98,18.98,0,0,real
2026-04-15T11:16:00+05:30,18.86,18.86,18.86,18.86,0,0,real
2026-04-15T11:17:00+05:30,18.84,18.84,18.84,18.84,0,0,real
2026-04-15T11:18:00+05:30,18.86,18.86,18.86,18.86,0,0,real
2026-04-15T11:19:00+05:30,18.92,18.92,18.92,18.92,0,0,real
2026-04-15T11:20:00+05:30,18.91,18.91,18.91,18.91,0,0,real
2026-04-15T11:21:00+05:30,18.89,18.89,18.89,18.89,0,0,real
2026-04-15T11:22:00+05:30,18.89,18.89,18.89,18.89,0,0,real
2026-04-15T11:23:00+05:30,18.9,18.9,18.9,18.9,0,0,real
2026-04-15T11:24:00+05:30,18.88,18.88,18.88,18.88,0,0,real
2026-04-15T11:25:00+05:30,18.89,18.89,18.89,18.89,0,0,real
2026-04-15T11:26:00+05:30,18.93,18.93,18.93,18.93,0,0,real
2026-04-15T11:27:00+05:30,18.89,18.89,18.89,18.89,0,0,real
2026-04-15T11:28:00+05:30,18.91,18.91,18.91,18.91,0,0,real
2026-04-15T11:29:00+05:30,18.9,18.9,18.9,18.9,0,0,real
2026-04-15T11:30:00+05:30,18.89,18.89,18.89,18.89,0,0,real
2026-04-15T11:31:00+05:30,18.88,18.88,18.88,18.88,0,0,real
2026-04-15T11:32:00+05:30,18.88,18.88,18.88,18.88,0,0,real
2026-04-15T11:33:00+05:30,18.88,18.88,18.88,18.88,0,0,real
2026-04-15T11:34:00+05:30,18.89,18.89,18.89,18.89,0,0,real
2026-04-15T11:35:00+05:30,18.88,18.88,18.88,18.88,0,0,real
2026-04-15T11:36:00+05:30,18.9,18.9,18.9,18.9,0,0,real
2026-04-15T11:37:00+05:30,18.91,18.91,18.91,18.91,0,0,real
2026-04-15T11:38:00+05:30,18.87,18.87,18.87,18.87,0,0,real
2026-04-15T11:39:00+05:30,18.86,18.86,18.86,18.86,0,0,real
2026-04-15T11:40:00+05:30,18.85,18.85,18.85,18.85,0,0,real
2026-04-15T11:41:00+05:30,18.82,18.82,18.82,18.82,0,0,real
2026-04-15T11:42:00+05:30,18.8,18.8,18.8,18.8,0,0,real
2026-04-15T11:43:00+05:30,18.76,18.76,18.76,18.76,0,0,real
2026-04-15T11:44:00+05:30,18.73,18.73,18.73,18.73,0,0,real
2026-04-15T11:45:00+05:30,18.77,18.77,18.77,18.77,0,0,real
2026-04-15T11:46:00+05:30,18.8,18.8,18.8,18.8,0,0,real
2026-04-15T11:47:00+05:30,18.76,18.76,18.76,18.76,0,0,real
2026-04-15T11:48:00+05:30,18.69,18.69,18.69,18.69,0,0,real
2026-04-15T11:49:00+05:30,18.67,18.67,18.67,18.67,0,0,real
2026-04-15T11:50:00+05:30,18.68,18.68,18.68,18.68,0,0,real
2026-04-15T11:51:00+05:30,18.67,18.67,18.67,18.67,0,0,real
2026-04-15T11:52:00+05:30,18.69,18.69,18.69,18.69,0,0,real
2026-04-15T11:53:00+05:30,18.69,18.69,18.69,18.69,0,0,real
2026-04-15T11:54:00+05:30,18.69,18.69,18.69,18.69,0,0,real
2026-04-15T11:55:00+05:30,18.69,18.69,18.69,18.69,0,0,real
2026-04-15T11:56:00+05:30,18.67,18.67,18.67,18.67,0,0,real
2026-04-15T11:57:00+05:30,18.69,18.69,18.69,18.69,0,0,real
2026-04-15T11:58:00+05:30,18.69,18.69,18.69,18.69,0,0,real
2026-04-15T11:59:00+05:30,18.68,18.68,18.68,18.68,0,0,real
2026-04-15T12:00:00+05:30,18.64,18.64,18.64,18.64,0,0,real
2026-04-15T12:01:00+05:30,18.65,18.65,18.65,18.65,0,0,real
2026-04-15T12:02:00+05:30,18.65,18.65,18.65,18.65,0,0,real
2026-04-15T12:03:00+05:30,18.64,18.64,18.64,18.64,0,0,real
2026-04-15T12:04:00+05:30,18.62,18.62,18.62,18.62,0,0,real
2026-04-15T12:05:00+05:30,18.63,18.63,18.63,18.63,0,0,real
2026-04-15T12:06:00+05:30,18.63,18.63,18.63,18.63,0,0,real
2026-04-15T12:07:00+05:30,18.64,18.64,18.64,18.64,0,0,real
2026-04-15T12:08:00+05:30,18.64,18.64,18.64,18.64,0,0,real
2026-04-15T12:09:00+05:30,18.64,18.64,18.64,18.64,0,0,real
2026-04-15T12:10:00+05:30,18.62,18.62,18.62,18.62,0,0,real
2026-04-15T12:11:00+05:30,18.63,18.63,18.63,18.63,0,0,real
2026-04-15T12:12:00+05:30,18.62,18.62,18.62,18.62,0,0,real
2026-04-15T12:13:00+05:30,18.64,18.64,18.64,18.64,0,0,real
2026-04-15T12:14:00+05:30,18.62,18.62,18.62,18.62,0,0,real
2026-04-15T12:15:00+05:30,18.61,18.61,18.61,18.61,0,0,real
2026-04-15T12:16:00+05:30,18.61,18.61,18.61,18.61,0,0,real
2026-04-15T12:17:00+05:30,18.64,18.64,18.64,18.64,0,0,real
2026-04-15T12:18:00+05:30,18.65,18.65,18.65,18.65,0,0,real
2026-04-15T12:19:00+05:30,18.65,18.65,18.65,18.65,0,0,real
2026-04-15T12:20:00+05:30,18.65,18.65,18.65,18.65,0,0,real
2026-04-15T12:21:00+05:30,18.67,18.67,18.67,18.67,0,0,real
2026-04-15T12:22:00+05:30,18.68,18.68,18.68,18.68,0,0,real
2026-04-15T12:23:00+05:30,18.65,18.65,18.65,18.65,0,0,real
2026-04-15T12:24:00+05:30,18.63,18.63,18.63,18.63,0,0,real
2026-04-15T12:25:00+05:30,18.62,18.62,18.62,18.62,0,0,real
2026-04-15T12:26:00+05:30,18.6,18.6,18.6,18.6,0,0,real
2026-04-15T12:27:00+05:30,18.59,18.59,18.59,18.59,0,0,real
2026-04-15T12:28:00+05:30,18.6,18.6,18.6,18.6,0,0,real
2026-04-15T12:29:00+05:30,18.62,18.62,18.62,18.62,0,0,real
2026-04-15T12:30:00+05:30,18.63,18.63,18.63,18.63,0,0,real
2026-04-15T12:31:00+05:30,18.65,18.65,18.65,18.65,0,0,real
2026-04-15T12:32:00+05:30,18.67,18.67,18.67,18.67,0,0,real
2026-04-15T12:33:00+05:30,18.65,18.65,18.65,18.65,0,0,real
2026-04-15T12:34:00+05:30,18.64,18.64,18.64,18.64,0,0,real
2026-04-15T12:35:00+05:30,18.6,18.6,18.6,18.6,0,0,real
2026-04-15T12:36:00+05:30,18.6,18.6,18.6,18.6,0,0,real
2026-04-15T12:37:00+05:30,18.61,18.61,18.61,18.61,0,0,real
2026-04-15T12:38:00+05:30,18.59,18.59,18.59,18.59,0,0,real
2026-04-15T12:39:00+05:30,18.63,18.63,18.63,18.63,0,0,real
2026-04-15T12:40:00+05:30,18.63,18.63,18.63,18.63,0,0,real
2026-04-15T12:41:00+05:30,18.64,18.64,18.64,18.64,0,0,real
2026-04-15T12:42:00+05:30,18.64,18.64,18.64,18.64,0,0,real
2026-04-15T12:43:00+05:30,18.64,18.64,18.64,18.64,0,0,real
2026-04-15T12:44:00+05:30,18.62,18.62,18.62,18.62,0,0,real
2026-04-15T12:45:00+05:30,18.6,18.6,18.6,18.6,0,0,real
2026-04-15T12:46:00+05:30,18.6,18.6,18.6,18.6,0,0,real
2026-04-15T12:47:00+05:30,18.65,18.65,18.65,18.65,0,0,real
2026-04-15T12:48:00+05:30,18.69,18.69,18.69,18.69,0,0,real
2026-04-15T12:49:00+05:30,18.7,18.7,18.7,18.7,0,0,real
2026-04-15T12:50:00+05:30,18.69,18.69,18.69,18.69,0,0,real
2026-04-15T12:51:00+05:30,18.63,18.63,18.63,18.63,0,0,real
2026-04-15T12:52:00+05:30,18.65,18.65,18.65,18.65,0,0,real
2026-04-15T12:53:00+05:30,18.7,18.7,18.7,18.7,0,0,real
2026-04-15T12:54:00+05:30,18.72,18.72,18.72,18.72,0,0,real
2026-04-15T12:55:00+05:30,18.7,18.7,18.7,18.7,0,0,real
2026-04-15T12:56:00+05:30,18.68,18.68,18.68,18.68,0,0,real
2026-04-15T12:57:00+05:30,18.69,18.69,18.69,18.69,0,0,real
2026-04-15T12:58:00+05:30,18.72,18.72,18.72,18.72,0,0,real
2026-04-15T12:59:00+05:30,18.72,18.72,18.72,18.72,0,0,real
2026-04-15T13:00:00+05:30,18.76,18.76,18.76,18.76,0,0,real
2026-04-15T13:01:00+05:30,18.72,18.72,18.72,18.72,0,0,real
2026-04-15T13:02:00+05:30,18.7,18.7,18.7,18.7,0,0,real
2026-04-15T13:03:00+05:30,18.67,18.67,18.67,18.67,0,0,real
2026-04-15T13:04:00+05:30,18.68,18.68,18.68,18.68,0,0,real
2026-04-15T13:05:00+05:30,18.68,18.68,18.68,18.68,0,0,real
2026-04-15T13:06:00+05:30,18.68,18.68,18.68,18.68,0,0,real
2026-04-15T13:07:00+05:30,18.7,18.7,18.7,18.7,0,0,real
2026-04-15T13:08:00+05:30,18.68,18.68,18.68,18.68,0,0,real
2026-04-15T13:09:00+05:30,18.65,18.65,18.65,18.65,0,0,real
2026-04-15T13:10:00+05:30,18.59,18.59,18.59,18.59,0,0,real
2026-04-15T13:11:00+05:30,18.48,18.48,18.48,18.48,0,0,real
2026-04-15T13:12:00+05:30,18.54,18.54,18.54,18.54,0,0,real
2026-04-15T13:13:00+05:30,18.62,18.62,18.62,18.62,0,0,real
2026-04-15T13:14:00+05:30,18.64,18.64,18.64,18.64,0,0,real
2026-04-15T13:15:00+05:30,18.65,18.65,18.65,18.65,0,0,real
2026-04-15T13:16:00+05:30,18.62,18.62,18.62,18.62,0,0,real
2026-04-15T13:17:00+05:30,18.61,18.61,18.61,18.61,0,0,real
2026-04-15T13:18:00+05:30,18.62,18.62,18.62,18.62,0,0,real
2026-04-15T13:19:00+05:30,18.62,18.62,18.62,18.62,0,0,real
2026-04-15T13:20:00+05:30,18.63,18.63,18.63,18.63,0,0,real
2026-04-15T13:21:00+05:30,18.64,18.64,18.64,18.64,0,0,real
2026-04-15T13:22:00+05:30,18.68,18.68,18.68,18.68,0,0,real
2026-04-15T13:23:00+05:30,18.72,18.72,18.72,18.72,0,0,real
2026-04-15T13:24:00+05:30,18.74,18.74,18.74,18.74,0,0,real
2026-04-15T13:25:00+05:30,18.75,18.75,18.75,18.75,0,0,real
2026-04-15T13:26:00+05:30,18.74,18.74,18.74,18.74,0,0,real
2026-04-15T13:27:00+05:30,18.74,18.74,18.74,18.74,0,0,real
2026-04-15T13:28:00+05:30,18.76,18.76,18.76,18.76,0,0,real
2026-04-15T13:29:00+05:30,18.77,18.77,18.77,18.77,0,0,real
2026-04-15T13:30:00+05:30,18.77,18.77,18.77,18.77,0,0,real
2026-04-15T13:31:00+05:30,18.74,18.74,18.74,18.74,0,0,real
2026-04-15T13:32:00+05:30,18.68,18.68,18.68,18.68,0,0,real
2026-04-15T13:33:00+05:30,18.66,18.66,18.66,18.66,0,0,real
2026-04-15T13:34:00+05:30,18.7,18.7,18.7,18.7,0,0,real
2026-04-15T13:35:00+05:30,18.66,18.66,18.66,18.66,0,0,real
2026-04-15T13:36:00+05:30,18.64,18.64,18.64,18.64,0,0,real
2026-04-15T13:37:00+05:30,18.64,18.64,18.64,18.64,0,0,real
2026-04-15T13:38:00+05:30,18.66,18.66,18.66,18.66,0,0,real
2026-04-15T13:39:00+05:30,18.74,18.74,18.74,18.74,0,0,real
2026-04-15T13:40:00+05:30,18.72,18.72,18.72,18.72,0,0,real
2026-04-15T13:41:00+05:30,18.67,18.67,18.67,18.67,0,0,real
2026-04-15T13:42:00+05:30,18.65,18.65,18.65,18.65,0,0,real
2026-04-15T13:43:00+05:30,18.63,18.63,18.63,18.63,0,0,real
2026-04-15T13:44:00+05:30,18.63,18.63,18.63,18.63,0,0,real
2026-04-15T13:45:00+05:30,18.65,18.65,18.65,18.65,0,0,real
2026-04-15T13:46:00+05:30,18.67,18.67,18.67,18.67,0,0,real
2026-04-15T13:47:00+05:30,18.69,18.69,18.69,18.69,0,0,real
2026-04-15T13:48:00+05:30,18.69,18.69,18.69,18.69,0,0,real
2026-04-15T13:49:00+05:30,18.67,18.67,18.67,18.67,0,0,real
2026-04-15T13:50:00+05:30,18.66,18.66,18.66,18.66,0,0,real
2026-04-15T13:51:00+05:30,18.67,18.67,18.67,18.67,0,0,real
2026-04-15T13:52:00+05:30,18.72,18.72,18.72,18.72,0,0,real
2026-04-15T13:53:00+05:30,18.73,18.73,18.73,18.73,0,0,real
2026-04-15T13:54:00+05:30,18.73,18.73,18.73,18.73,0,0,real
2026-04-15T13:55:00+05:30,18.69,18.69,18.69,18.69,0,0,real
2026-04-15T13:56:00+05:30,18.65,18.65,18.65,18.65,0,0,real
2026-04-15T13:57:00+05:30,18.64,18.64,18.64,18.64,0,0,real
2026-04-15T13:58:00+05:30,18.64,18.64,18.64,18.64,0,0,real
2026-04-15T13:59:00+05:30,18.63,18.63,18.63,18.63,0,0,real
2026-04-15T14:00:00+05:30,18.63,18.63,18.63,18.63,0,0,real
2026-04-15T14:01:00+05:30,18.62,18.62,18.62,18.62,0,0,real
2026-04-15T14:02:00+05:30,18.61,18.61,18.61,18.61,0,0,real
2026-04-15T14:03:00+05:30,18.59,18.59,18.59,18.59,0,0,real
2026-04-15T14:04:00+05:30,18.61,18.61,18.61,18.61,0,0,real
2026-04-15T14:05:00+05:30,18.62,18.62,18.62,18.62,0,0,real
2026-04-15T14:06:00+05:30,18.6,18.6,18.6,18.6,0,0,real
2026-04-15T14:07:00+05:30,18.58,18.58,18.58,18.58,0,0,real
2026-04-15T14:08:00+05:30,18.59,18.59,18.59,18.59,0,0,real
2026-04-15T14:09:00+05:30,18.6,18.6,18.6,18.6,0,0,real
2026-04-15T14:10:00+05:30,18.62,18.62,18.62,18.62,0,0,real
2026-04-15T14:11:00+05:30,18.6,18.6,18.6,18.6,0,0,real
2026-04-15T14:12:00+05:30,18.54,18.54,18.54,18.54,0,0,real
2026-04-15T14:13:00+05:30,18.58,18.58,18.58,18.58,0,0,real
2026-04-15T14:14:00+05:30,18.57,18.57,18.57,18.57,0,0,real
2026-04-15T14:15:00+05:30,18.58,18.58,18.58,18.58,0,0,real
2026-04-15T14:16:00+05:30,18.58,18.58,18.58,18.58,0,0,real
2026-04-15T14:17:00+05:30,18.58,18.58,18.58,18.58,0,0,real
2026-04-15T14:18:00+05:30,18.59,18.59,18.59,18.59,0,0,real
2026-04-15T14:19:00+05:30,18.58,18.58,18.58,18.58,0,0,real
2026-04-15T14:20:00+05:30,18.57,18.57,18.57,18.57,0,0,real
2026-04-15T14:21:00+05:30,18.54,18.54,18.54,18.54,0,0,real
2026-04-15T14:22:00+05:30,18.53,18.53,18.53,18.53,0,0,real
2026-04-15T14:23:00+05:30,18.59,18.59,18.59,18.59,0,0,real
2026-04-15T14:24:00+05:30,18.59,18.59,18.59,18.59,0,0,real
2026-04-15T14:25:00+05:30,18.58,18.58,18.58,18.58,0,0,real
2026-04-15T14:26:00+05:30,18.56,18.56,18.56,18.56,0,0,real
2026-04-15T14:27:00+05:30,18.56,18.56,18.56,18.56,0,0,real
2026-04-15T14:28:00+05:30,18.57,18.57,18.57,18.57,0,0,real
2026-04-15T14:29:00+05:30,18.53,18.53,18.53,18.53,0,0,real
2026-04-15T14:30:00+05:30,18.49,18.49,18.49,18.49,0,0,real
2026-04-15T14:31:00+05:30,18.5,18.5,18.5,18.5,0,0,real
2026-04-15T14:32:00+05:30,18.53,18.53,18.53,18.53,0,0,real
2026-04-15T14:33:00+05:30,18.53,18.53,18.53,18.53,0,0,real
2026-04-15T14:34:00+05:30,18.54,18.54,18.54,18.54,0,0,real
2026-04-15T14:35:00+05:30,18.56,18.56,18.56,18.56,0,0,real
2026-04-15T14:36:00+05:30,18.58,18.58,18.58,18.58,0,0,real
2026-04-15T14:37:00+05:30,18.59,18.59,18.59,18.59,0,0,real
2026-04-15T14:38:00+05:30,18.59,18.59,18.59,18.59,0,0,real
2026-04-15T14:39:00+05:30,18.61,18.61,18.61,18.61,0,0,real
2026-04-15T14:40:00+05:30,18.61,18.61,18.61,18.61,0,0,real
2026-04-15T14:41:00+05:30,18.62,18.62,18.62,18.62,0,0,real
2026-04-15T14:42:00+05:30,18.61,18.61,18.61,18.61,0,0,real
2026-04-15T14:43:00+05:30,18.6,18.6,18.6,18.6,0,0,real
2026-04-15T14:44:00+05:30,18.63,18.63,18.63,18.63,0,0,real
2026-04-15T14:45:00+05:30,18.63,18.63,18.63,18.63,0,0,real
2026-04-15T14:46:00+05:30,18.64,18.64,18.64,18.64,0,0,real
2026-04-15T14:47:00+05:30,18.63,18.63,18.63,18.63,0,0,real
2026-04-15T14:48:00+05:30,18.64,18.64,18.64,18.64,0,0,real
2026-04-15T14:49:00+05:30,18.63,18.63,18.63,18.63,0,0,real
2026-04-15T14:50:00+05:30,18.64,18.64,18.64,18.64,0,0,real
2026-04-15T14:51:00+05:30,18.54,18.54,18.54,18.54,0,0,real
2026-04-15T14:52:00+05:30,18.53,18.53,18.53,18.53,0,0,real
2026-04-15T14:53:00+05:30,18.53,18.53,18.53,18.53,0,0,real
2026-04-15T14:54:00+05:30,18.52,18.52,18.52,18.52,0,0,real
2026-04-15T14:55:00+05:30,18.52,18.52,18.52,18.52,0,0,real
2026-04-15T14:56:00+05:30,18.53,18.53,18.53,18.53,0,0,real
2026-04-15T14:57:00+05:30,18.52,18.52,18.52,18.52,0,0,real
2026-04-15T14:58:00+05:30,18.52,18.52,18.52,18.52,0,0,real
2026-04-15T14:59:00+05:30,18.53,18.53,18.53,18.53,0,0,real
2026-04-15T15:00:00+05:30,18.56,18.56,18.56,18.56,0,0,real
2026-04-15T15:01:00+05:30,18.59,18.59,18.59,18.59,0,0,real
2026-04-15T15:02:00+05:30,18.58,18.58,18.58,18.58,0,0,real
2026-04-15T15:03:00+05:30,18.59,18.59,18.59,18.59,0,0,real
2026-04-15T15:04:00+05:30,18.58,18.58,18.58,18.58,0,0,real
2026-04-15T15:05:00+05:30,18.6,18.6,18.6,18.6,0,0,real
2026-04-15T15:06:00+05:30,18.61,18.61,18.61,18.61,0,0,real
2026-04-15T15:07:00+05:30,18.65,18.65,18.65,18.65,0,0,real
2026-04-15T15:08:00+05:30,18.66,18.66,18.66,18.66,0,0,real
2026-04-15T15:09:00+05:30,18.69,18.69,18.69,18.69,0,0,real
2026-04-15T15:10:00+05:30,18.67,18.67,18.67,18.67,0,0,real
2026-04-15T15:11:00+05:30,18.68,18.68,18.68,18.68,0,0,real
2026-04-15T15:12:00+05:30,18.67,18.67,18.67,18.67,0,0,real
2026-04-15T15:13:00+05:30,18.64,18.64,18.64,18.64,0,0,real
2026-04-15T15:14:00+05:30,18.65,18.65,18.65,18.65,0,0,real
2026-04-15T15:15:00+05:30,18.68,18.68,18.68,18.68,0,0,real
2026-04-15T15:16:00+05:30,18.69,18.69,18.69,18.69,0,0,real
2026-04-15T15:17:00+05:30,18.68,18.68,18.68,18.68,0,0,real
2026-04-15T15:18:00+05:30,18.67,18.67,18.67,18.67,0,0,real
2026-04-15T15:19:00+05:30,18.69,18.69,18.69,18.69,0,0,real
2026-04-15T15:20:00+05:30,18.69,18.69,18.69,18.69,0,0,real
2026-04-15T15:21:00+05:30,18.71,18.71,18.71,18.71,0,0,real
2026-04-15T15:22:00+05:30,18.72,18.72,18.72,18.72,0,0,real
2026-04-15T15:23:00+05:30,18.74,18.74,18.74,18.74,0,0,real
2026-04-15T15:24:00+05:30,18.72,18.72,18.72,18.72,0,0,real
2026-04-15T15:25:00+05:30,18.74,18.74,18.74,18.74,0,0,real
2026-04-15T15:26:00+05:30,18.75,18.75,18.75,18.75,0,0,real
2026-04-15T15:27:00+05:30,18.75,18.75,18.75,18.75,0,0,real
2026-04-15T15:28:00+05:30,18.74,18.74,18.74,18.74,0,0,real
2026-04-15T15:29:00+05:30,18.76,18.76,18.76,18.76,0,0,real
2026-04-15T15:30:00+05:30,17.91,17.91,17.91,17.91,0,0,proxy
2026-04-17T11:02:00+05:30,17.92,17.92,17.92,17.92,0,0,real
2026-04-17T11:03:00+05:30,17.95,17.95,17.95,17.95,0,0,real
2026-04-17T11:04:00+05:30,17.93,17.93,17.93,17.93,0,0,real
2026-04-17T11:05:00+05:30,17.91,17.91,17.91,17.91,0,0,real
2026-04-17T11:06:00+05:30,17.92,17.92,17.92,17.92,0,0,real
2026-04-17T11:07:00+05:30,17.92,17.92,17.92,17.92,0,0,real
2026-04-17T11:08:00+05:30,17.9,17.9,17.9,17.9,0,0,real
2026-04-17T11:09:00+05:30,17.89,17.89,17.89,17.89,0,0,real
2026-04-17T11:10:00+05:30,17.86,17.86,17.86,17.86,0,0,real
2026-04-17T11:11:00+05:30,17.85,17.85,17.85,17.85,0,0,real
2026-04-17T11:12:00+05:30,17.86,17.86,17.86,17.86,0,0,real
2026-04-17T11:13:00+05:30,17.85,17.85,17.85,17.85,0,0,real
2026-04-17T11:14:00+05:30,17.84,17.84,17.84,17.84,0,0,real
2026-04-17T11:15:00+05:30,17.84,17.84,17.84,17.84,0,0,real
2026-04-17T11:16:00+05:30,17.83,17.83,17.83,17.83,0,0,real
2026-04-17T11:17:00+05:30,17.83,17.83,17.83,17.83,0,0,real
2026-04-17T11:18:00+05:30,17.81,17.81,17.81,17.81,0,0,real
2026-04-17T11:19:00+05:30,17.81,17.81,17.81,17.81,0,0,real
2026-04-17T11:21:00+05:30,17.8,17.8,17.8,17.8,0,0,real
2026-04-17T11:22:00+05:30,17.8,17.8,17.8,17.8,0,0,real
2026-04-17T11:23:00+05:30,17.8,17.8,17.8,17.8,0,0,real
2026-04-17T11:24:00+05:30,17.8,17.8,17.8,17.8,0,0,real
2026-04-17T11:25:00+05:30,17.79,17.79,17.79,17.79,0,0,real
2026-04-17T11:26:00+05:30,17.79,17.79,17.79,17.79,0,0,real
2026-04-17T11:27:00+05:30,17.81,17.81,17.81,17.81,0,0,real
2026-04-17T11:28:00+05:30,17.8,17.8,17.8,17.8,0,0,real
2026-04-17T11:29:00+05:30,17.78,17.78,17.78,17.78,0,0,real
2026-04-17T11:30:00+05:30,17.77,17.77,17.77,17.77,0,0,real
2026-04-17T11:31:00+05:30,17.79,17.79,17.79,17.79,0,0,real
2026-04-17T11:32:00+05:30,17.77,17.77,17.77,17.77,0,0,real
2026-04-17T11:33:00+05:30,17.75,17.75,17.75,17.75,0,0,real
2026-04-17T11:34:00+05:30,17.75,17.75,17.75,17.75,0,0,real
2026-04-17T11:35:00+05:30,17.73,17.73,17.73,17.73,0,0,real
2026-04-17T11:36:00+05:30,17.71,17.71,17.71,17.71,0,0,real
2026-04-17T11:37:00+05:30,17.7,17.7,17.7,17.7,0,0,real
2026-04-17T11:38:00+05:30,17.7,17.7,17.7,17.7,0,0,real
2026-04-17T11:39:00+05:30,17.72,17.72,17.72,17.72,0,0,real
2026-04-17T11:40:00+05:30,17.71,17.71,17.71,17.71,0,0,real
2026-04-17T11:41:00+05:30,17.72,17.72,17.72,17.72,0,0,real
2026-04-17T11:42:00+05:30,17.71,17.71,17.71,17.71,0,0,real
2026-04-17T11:43:00+05:30,17.68,17.68,17.68,17.68,0,0,real
2026-04-17T11:44:00+05:30,17.66,17.66,17.66,17.66,0,0,real
2026-04-17T11:45:00+05:30,17.68,17.68,17.68,17.68,0,0,real
2026-04-17T11:46:00+05:30,17.67,17.67,17.67,17.67,0,0,real
2026-04-17T11:47:00+05:30,17.69,17.69,17.69,17.69,0,0,real
2026-04-17T11:48:00+05:30,17.71,17.71,17.71,17.71,0,0,real
2026-04-17T11:49:00+05:30,17.72,17.72,17.72,17.72,0,0,real
2026-04-17T11:50:00+05:30,17.69,17.69,17.69,17.69,0,0,real
2026-04-17T11:51:00+05:30,17.69,17.69,17.69,17.69,0,0,real
2026-04-17T11:52:00+05:30,17.68,17.68,17.68,17.68,0,0,real
2026-04-17T11:53:00+05:30,17.69,17.69,17.69,17.69,0,0,real
2026-04-17T11:54:00+05:30,17.7,17.7,17.7,17.7,0,0,real
2026-04-17T11:55:00+05:30,17.69,17.69,17.69,17.69,0,0,real
2026-04-17T11:56:00+05:30,17.68,17.68,17.68,17.68,0,0,real
2026-04-17T11:57:00+05:30,17.68,17.68,17.68,17.68,0,0,real
2026-04-17T11:58:00+05:30,17.66,17.66,17.66,17.66,0,0,real
2026-04-17T11:59:00+05:30,17.69,17.69,17.69,17.69,0,0,real
2026-04-17T12:00:00+05:30,17.73,17.73,17.73,17.73,0,0,real
2026-04-17T12:01:00+05:30,17.71,17.71,17.71,17.71,0,0,real
2026-04-17T12:02:00+05:30,17.71,17.71,17.71,17.71,0,0,real
2026-04-17T12:03:00+05:30,17.72,17.72,17.72,17.72,0,0,real
2026-04-17T12:04:00+05:30,17.73,17.73,17.73,17.73,0,0,real
2026-04-17T12:05:00+05:30,17.73,17.73,17.73,17.73,0,0,real
2026-04-17T12:06:00+05:30,17.69,17.69,17.69,17.69,0,0,real
2026-04-17T12:07:00+05:30,17.68,17.68,17.68,17.68,0,0,real
2026-04-17T12:08:00+05:30,17.65,17.65,17.65,17.65,0,0,real
2026-04-17T12:09:00+05:30,17.66,17.66,17.66,17.66,0,0,real
2026-04-17T12:10:00+05:30,17.65,17.65,17.65,17.65,0,0,real
2026-04-17T12:11:00+05:30,17.63,17.63,17.63,17.63,0,0,real
2026-04-17T12:12:00+05:30,17.63,17.63,17.63,17.63,0,0,real
2026-04-17T12:13:00+05:30,17.64,17.64,17.64,17.64,0,0,real
2026-04-17T12:14:00+05:30,17.63,17.63,17.63,17.63,0,0,real
2026-04-17T12:15:00+05:30,17.63,17.63,17.63,17.63,0,0,real
2026-04-17T12:16:00+05:30,17.61,17.61,17.61,17.61,0,0,real
2026-04-17T12:17:00+05:30,17.59,17.59,17.59,17.59,0,0,real
2026-04-17T12:18:00+05:30,17.59,17.59,17.59,17.59,0,0,real
2026-04-17T12:19:00+05:30,17.61,17.61,17.61,17.61,0,0,real
2026-04-17T12:20:00+05:30,17.61,17.61,17.61,17.61,0,0,real
2026-04-17T12:21:00+05:30,17.62,17.62,17.62,17.62,0,0,real
2026-04-17T12:22:00+05:30,17.61,17.61,17.61,17.61,0,0,real
2026-04-17T12:23:00+05:30,17.6,17.6,17.6,17.6,0,0,real
2026-04-17T12:24:00+05:30,17.59,17.59,17.59,17.59,0,0,real
2026-04-17T12:25:00+05:30,17.61,17.61,17.61,17.61,0,0,real
2026-04-17T12:26:00+05:30,17.61,17.61,17.61,17.61,0,0,real
2026-04-17T12:27:00+05:30,17.62,17.62,17.62,17.62,0,0,real
2026-04-17T12:28:00+05:30,17.61,17.61,17.61,17.61,0,0,real
2026-04-17T12:29:00+05:30,17.61,17.61,17.61,17.61,0,0,real
2026-04-17T12:30:00+05:30,17.62,17.62,17.62,17.62,0,0,real
2026-04-17T12:31:00+05:30,17.61,17.61,17.61,17.61,0,0,real
2026-04-17T12:32:00+05:30,17.64,17.64,17.64,17.64,0,0,real
2026-04-17T12:33:00+05:30,17.66,17.66,17.66,17.66,0,0,real
2026-04-17T12:34:00+05:30,17.69,17.69,17.69,17.69,0,0,real
2026-04-17T12:35:00+05:30,17.66,17.66,17.66,17.66,0,0,real
2026-04-17T12:36:00+05:30,17.68,17.68,17.68,17.68,0,0,real
2026-04-17T12:37:00+05:30,17.68,17.68,17.68,17.68,0,0,real
2026-04-17T12:38:00+05:30,17.67,17.67,17.67,17.67,0,0,real
2026-04-17T12:39:00+05:30,17.69,17.69,17.69,17.69,0,0,real
2026-04-17T12:40:00+05:30,17.68,17.68,17.68,17.68,0,0,real
2026-04-17T12:41:00+05:30,17.66,17.66,17.66,17.66,0,0,real
2026-04-17T12:42:00+05:30,17.64,17.64,17.64,17.64,0,0,real
2026-04-17T12:43:00+05:30,17.65,17.65,17.65,17.65,0,0,real
2026-04-17T12:44:00+05:30,17.68,17.68,17.68,17.68,0,0,real
2026-04-17T12:45:00+05:30,17.65,17.65,17.65,17.65,0,0,real
2026-04-17T12:46:00+05:30,17.65,17.65,17.65,17.65,0,0,real
2026-04-17T12:47:00+05:30,17.67,17.67,17.67,17.67,0,0,real
2026-04-17T12:48:00+05:30,17.68,17.68,17.68,17.68,0,0,real
2026-04-17T12:49:00+05:30,17.64,17.64,17.64,17.64,0,0,real
2026-04-17T12:50:00+05:30,17.65,17.65,17.65,17.65,0,0,real
2026-04-17T12:51:00+05:30,17.67,17.67,17.67,17.67,0,0,real
2026-04-17T12:52:00+05:30,17.68,17.68,17.68,17.68,0,0,real
2026-04-17T12:53:00+05:30,17.68,17.68,17.68,17.68,0,0,real
2026-04-17T12:54:00+05:30,17.67,17.67,17.67,17.67,0,0,real
2026-04-17T12:55:00+05:30,17.67,17.67,17.67,17.67,0,0,real
2026-04-17T12:56:00+05:30,17.66,17.66,17.66,17.66,0,0,real
2026-04-17T12:57:00+05:30,17.69,17.69,17.69,17.69,0,0,real
2026-04-17T12:58:00+05:30,17.69,17.69,17.69,17.69,0,0,real
2026-04-17T12:59:00+05:30,17.67,17.67,17.67,17.67,0,0,real
2026-04-17T13:00:00+05:30,17.65,17.65,17.65,17.65,0,0,real
2026-04-17T13:01:00+05:30,17.66,17.66,17.66,17.66,0,0,real
2026-04-17T13:02:00+05:30,17.66,17.66,17.66,17.66,0,0,real
2026-04-17T13:03:00+05:30,17.65,17.65,17.65,17.65,0,0,real
2026-04-17T13:04:00+05:30,17.63,17.63,17.63,17.63,0,0,real
2026-04-17T13:05:00+05:30,17.61,17.61,17.61,17.61,0,0,real
2026-04-17T13:06:00+05:30,17.59,17.59,17.59,17.59,0,0,real
2026-04-17T13:07:00+05:30,17.58,17.58,17.58,17.58,0,0,real
2026-04-17T13:08:00+05:30,17.56,17.56,17.56,17.56,0,0,real
2026-04-17T13:09:00+05:30,17.54,17.54,17.54,17.54,0,0,real
2026-04-17T13:10:00+05:30,17.55,17.55,17.55,17.55,0,0,real
2026-04-17T13:11:00+05:30,17.55,17.55,17.55,17.55,0,0,real
2026-04-17T13:12:00+05:30,17.53,17.53,17.53,17.53,0,0,real
2026-04-17T13:13:00+05:30,17.55,17.55,17.55,17.55,0,0,real
2026-04-17T13:14:00+05:30,17.54,17.54,17.54,17.54,0,0,real
2026-04-17T13:15:00+05:30,17.54,17.54,17.54,17.54,0,0,real
2026-04-17T13:16:00+05:30,17.55,17.55,17.55,17.55,0,0,real
2026-04-17T13:17:00+05:30,17.53,17.53,17.53,17.53,0,0,real
2026-04-17T13:18:00+05:30,17.53,17.53,17.53,17.53,0,0,real
2026-04-17T13:19:00+05:30,17.54,17.54,17.54,17.54,0,0,real
2026-04-17T13:20:00+05:30,17.56,17.56,17.56,17.56,0,0,real
2026-04-17T13:21:00+05:30,17.55,17.55,17.55,17.55,0,0,real
2026-04-17T13:22:00+05:30,17.55,17.55,17.55,17.55,0,0,real
2026-04-17T13:23:00+05:30,17.55,17.55,17.55,17.55,0,0,real
2026-04-17T13:24:00+05:30,17.56,17.56,17.56,17.56,0,0,real
2026-04-17T13:25:00+05:30,17.53,17.53,17.53,17.53,0,0,real
2026-04-17T13:26:00+05:30,17.52,17.52,17.52,17.52,0,0,real
2026-04-17T13:27:00+05:30,17.52,17.52,17.52,17.52,0,0,real
2026-04-17T13:28:00+05:30,17.49,17.49,17.49,17.49,0,0,real
2026-04-17T13:29:00+05:30,17.48,17.48,17.48,17.48,0,0,real
2026-04-17T13:30:00+05:30,17.47,17.47,17.47,17.47,0,0,real
2026-04-17T13:31:00+05:30,17.47,17.47,17.47,17.47,0,0,real
2026-04-17T13:32:00+05:30,17.47,17.47,17.47,17.47,0,0,real
2026-04-17T13:33:00+05:30,17.47,17.47,17.47,17.47,0,0,real
2026-04-17T13:34:00+05:30,17.47,17.47,17.47,17.47,0,0,real
2026-04-17T13:35:00+05:30,17.5,17.5,17.5,17.5,0,0,real
2026-04-17T13:36:00+05:30,17.51,17.51,17.51,17.51,0,0,real
2026-04-17T13:37:00+05:30,17.5,17.5,17.5,17.5,0,0,real
2026-04-17T13:38:00+05:30,17.51,17.51,17.51,17.51,0,0,real
2026-04-17T13:39:00+05:30,17.49,17.49,17.49,17.49,0,0,real
2026-04-17T13:40:00+05:30,17.49,17.49,17.49,17.49,0,0,real
2026-04-17T13:41:00+05:30,17.47,17.47,17.47,17.47,0,0,real
2026-04-17T13:42:00+05:30,17.45,17.45,17.45,17.45,0,0,real
2026-04-17T13:43:00+05:30,17.45,17.45,17.45,17.45,0,0,real
2026-04-17T13:44:00+05:30,17.48,17.48,17.48,17.48,0,0,real
2026-04-17T13:45:00+05:30,17.46,17.46,17.46,17.46,0,0,real
2026-04-17T13:46:00+05:30,17.44,17.44,17.44,17.44,0,0,real
2026-04-17T13:47:00+05:30,17.45,17.45,17.45,17.45,0,0,real
2026-04-17T13:48:00+05:30,17.41,17.41,17.41,17.41,0,0,real
2026-04-17T13:49:00+05:30,17.42,17.42,17.42,17.42,0,0,real
2026-04-17T13:50:00+05:30,17.42,17.42,17.42,17.42,0,0,real
2026-04-17T13:51:00+05:30,17.44,17.44,17.44,17.44,0,0,real
2026-04-17T13:52:00+05:30,17.45,17.45,17.45,17.45,0,0,real
2026-04-17T13:53:00+05:30,17.45,17.45,17.45,17.45,0,0,real
2026-04-17T13:54:00+05:30,17.43,17.43,17.43,17.43,0,0,real
2026-04-17T13:55:00+05:30,17.42,17.42,17.42,17.42,0,0,real
2026-04-17T13:56:00+05:30,17.42,17.42,17.42,17.42,0,0,real
2026-04-17T13:57:00+05:30,17.4,17.4,17.4,17.4,0,0,real
2026-04-17T13:58:00+05:30,17.4,17.4,17.4,17.4,0,0,real
2026-04-17T13:59:00+05:30,17.36,17.36,17.36,17.36,0,0,real
2026-04-17T14:00:00+05:30,17.37,17.37,17.37,17.37,0,0,real
2026-04-17T14:01:00+05:30,17.37,17.37,17.37,17.37,0,0,real
2026-04-17T14:02:00+05:30,17.36,17.36,17.36,17.36,0,0,real
2026-04-17T14:03:00+05:30,17.37,17.37,17.37,17.37,0,0,real
2026-04-17T14:04:00+05:30,17.38,17.38,17.38,17.38,0,0,real
2026-04-17T15:22:00+05:30,17.22,17.22,17.22,17.22,0,0,real
2026-04-17T15:23:00+05:30,17.19,17.19,17.19,17.19,0,0,real
2026-04-17T15:24:00+05:30,17.18,17.18,17.18,17.18,0,0,real
2026-04-17T15:25:00+05:30,17.21,17.21,17.21,17.21,0,0,real
2026-04-17T15:26:00+05:30,17.21,17.21,17.21,17.21,0,0,real
2026-04-17T15:27:00+05:30,17.21,17.21,17.21,17.21,0,0,real
2026-04-17T15:28:00+05:30,17.21,17.21,17.21,17.21,0,0,real
2026-04-17T15:29:00+05:30,17.17,17.17,17.17,17.17,0,0,real
2026-04-17T15:30:00+05:30,15.2,15.2,15.2,15.2,0,0,proxy
