date,open,high,low,close,volume,oi
2026-03-25T09:15:00+05:30,22638.55,22638.55,22638.55,22638.55,0,0
2026-03-25T09:16:00+05:30,22638.55,22638.55,22638.55,22638.55,0,0
2026-03-25T09:17:00+05:30,22638.6,22638.6,22638.6,22638.6,0,0
2026-03-25T09:18:00+05:30,22640.1,22640.1,22640.1,22640.1,0,0
2026-03-25T09:19:00+05:30,22640.8,22640.8,22640.8,22640.8,0,0
2026-03-25T09:20:00+05:30,22641.45,22641.45,22641.45,22641.45,0,0
2026-03-25T09:21:00+05:30,22641.4,22641.4,22641.4,22641.4,0,0
2026-03-25T09:22:00+05:30,22640.65,22640.65,22640.65,22640.65,0,0
2026-03-25T09:23:00+05:30,22640.5,22640.5,22640.5,22640.5,0,0
2026-03-25T09:24:00+05:30,22640.3,22640.3,22640.3,22640.3,0,0
2026-03-25T09:25:00+05:30,22640.55,22640.55,22640.55,22640.55,0,0
2026-03-25T09:26:00+05:30,22640.3,22640.3,22640.3,22640.3,0,0
2026-03-25T09:27:00+05:30,22640.45,22640.45,22640.45,22640.45,0,0
2026-03-25T09:28:00+05:30,22640.65,22640.65,22640.65,22640.65,0,0
2026-03-25T09:29:00+05:30,22640.35,22640.35,22640.35,22640.35,0,0
2026-03-25T09:30:00+05:30,22640.3,22640.3,22640.3,22640.3,0,0
2026-03-25T09:31:00+05:30,22640.45,22640.45,22640.45,22640.45,0,0
2026-03-25T09:33:00+05:30,22641.0,22641.0,22641.0,22641.0,0,0
2026-03-25T09:34:00+05:30,22640.95,22640.95,22640.95,22640.95,0,0
2026-03-25T09:35:00+05:30,22640.8,22640.8,22640.8,22640.8,0,0
2026-03-25T09:36:00+05:30,22641.05,22641.05,22641.05,22641.05,0,0
2026-03-25T09:37:00+05:30,22640.85,22640.85,22640.85,22640.85,0,0
2026-03-25T09:38:00+05:30,22640.8,22640.8,22640.8,22640.8,0,0
2026-03-25T09:39:00+05:30,22641.0,22641.0,22641.0,22641.0,0,0
2026-03-25T09:40:00+05:30,22640.85,22640.85,22640.85,22640.85,0,0
2026-03-25T09:41:00+05:30,22641.05,22641.05,22641.05,22641.05,0,0
2026-03-25T09:42:00+05:30,22640.85,22640.85,22640.85,22640.85,0,0
2026-03-25T09:43:00+05:30,22640.6,22640.6,22640.6,22640.6,0,0
2026-03-25T09:44:00+05:30,22640.6,22640.6,22640.6,22640.6,0,0
2026-03-25T09:45:00+05:30,22640.7,22640.7,22640.7,22640.7,0,0
2026-03-25T09:46:00+05:30,22640.65,22640.65,22640.65,22640.65,0,0
2026-03-25T09:47:00+05:30,22640.85,22640.85,22640.85,22640.85,0,0
2026-03-25T09:48:00+05:30,22640.75,22640.75,22640.75,22640.75,0,0
2026-03-25T09:49:00+05:30,22640.95,22640.95,22640.95,22640.95,0,0
2026-03-25T09:50:00+05:30,22640.95,22640.95,22640.95,22640.95,0,0
2026-03-25T09:51:00+05:30,22640.95,22640.95,22640.95,22640.95,0,0
2026-03-25T09:52:00+05:30,22640.8,22640.8,22640.8,22640.8,0,0
2026-03-25T09:53:00+05:30,22640.7,22640.7,22640.7,22640.7,0,0
2026-03-25T09:54:00+05:30,22640.6,22640.6,22640.6,22640.6,0,0
2026-03-25T09:55:00+05:30,22640.55,22640.55,22640.55,22640.55,0,0
2026-03-25T09:56:00+05:30,22640.5,22640.5,22640.5,22640.5,0,0
2026-03-25T09:57:00+05:30,22640.7,22640.7,22640.7,22640.7,0,0
2026-03-25T09:58:00+05:30,22640.7,22640.7,22640.7,22640.7,0,0
2026-03-25T09:59:00+05:30,22640.8,22640.8,22640.8,22640.8,0,0
2026-03-25T10:00:00+05:30,22640.75,22640.75,22640.75,22640.75,0,0
2026-03-25T10:01:00+05:30,22641.0,22641.0,22641.0,22641.0,0,0
2026-03-25T10:02:00+05:30,22640.95,22640.95,22640.95,22640.95,0,0
2026-03-25T10:03:00+05:30,22641.0,22641.0,22641.0,22641.0,0,0
2026-03-25T10:04:00+05:30,22640.9,22640.9,22640.9,22640.9,0,0
2026-03-25T10:05:00+05:30,22640.8,22640.8,22640.8,22640.8,0,0
2026-03-25T10:06:00+05:30,22640.8,22640.8,22640.8,22640.8,0,0
2026-03-25T10:07:00+05:30,22641.15,22641.15,22641.15,22641.15,0,0
2026-03-25T10:08:00+05:30,22640.75,22640.75,22640.75,22640.75,0,0
2026-03-25T10:09:00+05:30,22640.95,22640.95,22640.95,22640.95,0,0
2026-03-25T10:10:00+05:30,22640.7,22640.7,22640.7,22640.7,0,0
2026-03-25T10:11:00+05:30,22640.75,22640.75,22640.75,22640.75,0,0
2026-03-25T10:12:00+05:30,22640.6,22640.6,22640.6,22640.6,0,0
2026-03-25T10:13:00+05:30,22640.75,22640.75,22640.75,22640.75,0,0
2026-03-25T10:14:00+05:30,22640.85,22640.85,22640.85,22640.85,0,0
2026-03-25T10:15:00+05:30,22640.9,22640.9,22640.9,22640.9,0,0
2026-03-25T10:16:00+05:30,22640.95,22640.95,22640.95,22640.95,0,0
2026-03-25T10:17:00+05:30,22640.85,22640.85,22640.85,22640.85,0,0
2026-03-25T10:18:00+05:30,22640.85,22640.85,22640.85,22640.85,0,0
2026-03-25T10:19:00+05:30,22640.8,22640.8,22640.8,22640.8,0,0
2026-03-25T10:20:00+05:30,22641.0,22641.0,22641.0,22641.0,0,0
2026-03-25T10:21:00+05:30,22641.1,22641.1,22641.1,22641.1,0,0
2026-03-25T10:22:00+05:30,22640.85,22640.85,22640.85,22640.85,0,0
2026-03-25T10:23:00+05:30,22640.95,22640.95,22640.95,22640.95,0,0
2026-03-25T10:24:00+05:30,22640.9,22640.9,22640.9,22640.9,0,0
2026-03-25T10:25:00+05:30,22640.8,22640.8,22640.8,22640.8,0,0
2026-03-25T10:26:00+05:30,22640.8,22640.8,22640.8,22640.8,0,0
2026-03-25T10:27:00+05:30,22640.6,22640.6,22640.6,22640.6,0,0
2026-03-25T10:28:00+05:30,22640.55,22640.55,22640.55,22640.55,0,0
2026-03-25T10:29:00+05:30,22640.85,22640.85,22640.85,22640.85,0,0
2026-03-25T10:30:00+05:30,22640.8,22640.8,22640.8,22640.8,0,0
2026-03-25T10:31:00+05:30,22640.85,22640.85,22640.85,22640.85,0,0
2026-03-25T10:32:00+05:30,22641.1,22641.1,22641.1,22641.1,0,0
2026-03-25T10:33:00+05:30,22641.0,22641.0,22641.0,22641.0,0,0
2026-03-25T10:34:00+05:30,22641.1,22641.1,22641.1,22641.1,0,0
2026-03-25T10:35:00+05:30,22641.2,22641.2,22641.2,22641.2,0,0
2026-03-25T10:36:00+05:30,22641.2,22641.2,22641.2,22641.2,0,0
2026-03-25T10:37:00+05:30,22641.1,22641.1,22641.1,22641.1,0,0
2026-03-25T10:38:00+05:30,22641.05,22641.05,22641.05,22641.05,0,0
2026-03-25T10:39:00+05:30,22641.15,22641.15,22641.15,22641.15,0,0
2026-03-25T10:40:00+05:30,22641.05,22641.05,22641.05,22641.05,0,0
2026-03-25T10:41:00+05:30,22641.1,22641.1,22641.1,22641.1,0,0
2026-03-25T10:42:00+05:30,22641.25,22641.25,22641.25,22641.25,0,0
2026-03-25T10:43:00+05:30,22641.15,22641.15,22641.15,22641.15,0,0
2026-03-25T10:44:00+05:30,22640.9,22640.9,22640.9,22640.9,0,0
2026-03-25T10:45:00+05:30,22640.8,22640.8,22640.8,22640.8,0,0
2026-03-25T10:46:00+05:30,22640.9,22640.9,22640.9,22640.9,0,0
2026-03-25T10:47:00+05:30,22640.95,22640.95,22640.95,22640.95,0,0
2026-03-25T10:48:00+05:30,22640.95,22640.95,22640.95,22640.95,0,0
2026-03-25T10:49:00+05:30,22640.95,22640.95,22640.95,22640.95,0,0
2026-03-25T10:50:00+05:30,22640.85,22640.85,22640.85,22640.85,0,0
2026-03-25T10:51:00+05:30,22640.85,22640.85,22640.85,22640.85,0,0
2026-03-25T10:52:00+05:30,22640.8,22640.8,22640.8,22640.8,0,0
2026-03-25T10:53:00+05:30,22640.75,22640.75,22640.75,22640.75,0,0
2026-03-25T10:54:00+05:30,22640.85,22640.85,22640.85,22640.85,0,0
2026-03-25T10:55:00+05:30,22641.0,22641.0,22641.0,22641.0,0,0
2026-03-25T10:56:00+05:30,22640.95,22640.95,22640.95,22640.95,0,0
2026-03-25T10:57:00+05:30,22640.85,22640.85,22640.85,22640.85,0,0
2026-03-25T10:58:00+05:30,22640.85,22640.85,22640.85,22640.85,0,0
2026-03-25T10:59:00+05:30,22640.85,22640.85,22640.85,22640.85,0,0
2026-03-25T11:00:00+05:30,22640.9,22640.9,22640.9,22640.9,0,0
2026-03-25T11:01:00+05:30,22640.85,22640.85,22640.85,22640.85,0,0
2026-03-25T11:02:00+05:30,22640.8,22640.8,22640.8,22640.8,0,0
2026-03-25T11:03:00+05:30,22640.95,22640.95,22640.95,22640.95,0,0
2026-03-25T11:04:00+05:30,22641.0,22641.0,22641.0,22641.0,0,0
2026-03-25T11:05:00+05:30,22641.0,22641.0,22641.0,22641.0,0,0
2026-03-25T11:06:00+05:30,22641.0,22641.0,22641.0,22641.0,0,0
2026-03-25T11:07:00+05:30,22640.9,22640.9,22640.9,22640.9,0,0
2026-03-25T11:08:00+05:30,22640.9,22640.9,22640.9,22640.9,0,0
2026-03-25T11:09:00+05:30,22640.8,22640.8,22640.8,22640.8,0,0
2026-03-25T11:10:00+05:30,22640.95,22640.95,22640.95,22640.95,0,0
2026-03-25T11:11:00+05:30,22640.95,22640.95,22640.95,22640.95,0,0
2026-03-25T11:12:00+05:30,22641.05,22641.05,22641.05,22641.05,0,0
2026-03-25T11:13:00+05:30,22640.95,22640.95,22640.95,22640.95,0,0
2026-03-25T11:14:00+05:30,22640.8,22640.8,22640.8,22640.8,0,0
2026-03-25T11:15:00+05:30,22640.5,22640.5,22640.5,22640.5,0,0
2026-03-25T11:16:00+05:30,22640.6,22640.6,22640.6,22640.6,0,0
2026-03-25T11:17:00+05:30,22640.75,22640.75,22640.75,22640.75,0,0
2026-03-25T11:18:00+05:30,22640.9,22640.9,22640.9,22640.9,0,0
2026-03-25T11:19:00+05:30,22641.05,22641.05,22641.05,22641.05,0,0
2026-03-25T11:20:00+05:30,22641.1,22641.1,22641.1,22641.1,0,0
2026-03-25T11:21:00+05:30,22640.95,22640.95,22640.95,22640.95,0,0
2026-03-25T11:22:00+05:30,22641.1,22641.1,22641.1,22641.1,0,0
2026-03-25T11:23:00+05:30,22641.05,22641.05,22641.05,22641.05,0,0
2026-03-25T11:24:00+05:30,22640.95,22640.95,22640.95,22640.95,0,0
2026-03-25T11:25:00+05:30,22640.95,22640.95,22640.95,22640.95,0,0
2026-03-25T11:26:00+05:30,22641.1,22641.1,22641.1,22641.1,0,0
2026-03-25T11:27:00+05:30,22641.1,22641.1,22641.1,22641.1,0,0
2026-03-25T11:28:00+05:30,22641.15,22641.15,22641.15,22641.15,0,0
2026-03-25T11:29:00+05:30,22641.1,22641.1,22641.1,22641.1,0,0
2026-03-25T11:30:00+05:30,22641.1,22641.1,22641.1,22641.1,0,0
2026-03-25T11:31:00+05:30,22641.1,22641.1,22641.1,22641.1,0,0
2026-03-25T11:32:00+05:30,22640.9,22640.9,22640.9,22640.9,0,0
2026-03-25T11:33:00+05:30,22641.05,22641.05,22641.05,22641.05,0,0
2026-03-25T11:34:00+05:30,22641.0,22641.0,22641.0,22641.0,0,0
2026-03-25T11:35:00+05:30,22641.0,22641.0,22641.0,22641.0,0,0
2026-03-25T11:36:00+05:30,22640.9,22640.9,22640.9,22640.9,0,0
2026-03-25T11:37:00+05:30,22640.95,22640.95,22640.95,22640.95,0,0
2026-03-25T11:38:00+05:30,22640.95,22640.95,22640.95,22640.95,0,0
2026-03-25T11:39:00+05:30,22641.05,22641.05,22641.05,22641.05,0,0
2026-03-25T11:40:00+05:30,22641.1,22641.1,22641.1,22641.1,0,0
2026-03-25T11:41:00+05:30,22641.0,22641.0,22641.0,22641.0,0,0
2026-03-25T11:42:00+05:30,22641.0,22641.0,22641.0,22641.0,0,0
2026-03-25T11:43:00+05:30,22641.0,22641.0,22641.0,22641.0,0,0
2026-03-25T11:44:00+05:30,22641.05,22641.05,22641.05,22641.05,0,0
2026-03-25T11:45:00+05:30,22641.05,22641.05,22641.05,22641.05,0,0
2026-03-25T11:46:00+05:30,22641.1,22641.1,22641.1,22641.1,0,0
2026-03-25T11:47:00+05:30,22641.1,22641.1,22641.1,22641.1,0,0
2026-03-25T11:48:00+05:30,22641.05,22641.05,22641.05,22641.05,0,0
2026-03-25T11:49:00+05:30,22640.85,22640.85,22640.85,22640.85,0,0
2026-03-25T11:50:00+05:30,22640.65,22640.65,22640.65,22640.65,0,0
2026-03-25T11:51:00+05:30,22640.8,22640.8,22640.8,22640.8,0,0
2026-03-25T11:52:00+05:30,22640.8,22640.8,22640.8,22640.8,0,0
2026-03-25T11:53:00+05:30,22640.85,22640.85,22640.85,22640.85,0,0
2026-03-25T11:54:00+05:30,22640.85,22640.85,22640.85,22640.85,0,0
2026-03-25T11:55:00+05:30,22640.9,22640.9,22640.9,22640.9,0,0
2026-03-25T11:56:00+05:30,22640.9,22640.9,22640.9,22640.9,0,0
2026-03-25T11:57:00+05:30,22640.9,22640.9,22640.9,22640.9,0,0
2026-03-25T11:58:00+05:30,22641.05,22641.05,22641.05,22641.05,0,0
2026-03-25T11:59:00+05:30,22641.05,22641.05,22641.05,22641.05,0,0
2026-03-25T12:00:00+05:30,22641.05,22641.05,22641.05,22641.05,0,0
2026-03-25T12:01:00+05:30,22641.05,22641.05,22641.05,22641.05,0,0
2026-03-25T12:02:00+05:30,22641.05,22641.05,22641.05,22641.05,0,0
2026-03-25T12:03:00+05:30,22640.95,22640.95,22640.95,22640.95,0,0
2026-03-25T12:04:00+05:30,22641.05,22641.05,22641.05,22641.05,0,0
2026-03-25T12:05:00+05:30,22641.0,22641.0,22641.0,22641.0,0,0
2026-03-25T12:06:00+05:30,22641.0,22641.0,22641.0,22641.0,0,0
2026-03-25T12:07:00+05:30,22640.85,22640.85,22640.85,22640.85,0,0
2026-03-25T12:08:00+05:30,22640.8,22640.8,22640.8,22640.8,0,0
2026-03-25T12:09:00+05:30,22640.85,22640.85,22640.85,22640.85,0,0
2026-03-25T12:10:00+05:30,22640.85,22640.85,22640.85,22640.85,0,0
2026-03-25T12:11:00+05:30,22640.85,22640.85,22640.85,22640.85,0,0
2026-03-25T12:12:00+05:30,22640.8,22640.8,22640.8,22640.8,0,0
2026-03-25T12:13:00+05:30,22640.8,22640.8,22640.8,22640.8,0,0
2026-03-25T12:14:00+05:30,22640.8,22640.8,22640.8,22640.8,0,0
2026-03-25T12:15:00+05:30,22640.85,22640.85,22640.85,22640.85,0,0
2026-03-25T12:16:00+05:30,22640.75,22640.75,22640.75,22640.75,0,0
2026-03-25T12:17:00+05:30,22640.9,22640.9,22640.9,22640.9,0,0
2026-03-25T12:18:00+05:30,22640.85,22640.85,22640.85,22640.85,0,0
2026-03-25T12:19:00+05:30,22640.8,22640.8,22640.8,22640.8,0,0
2026-03-25T12:20:00+05:30,22640.75,22640.75,22640.75,22640.75,0,0
2026-03-25T12:21:00+05:30,22640.75,22640.75,22640.75,22640.75,0,0
2026-03-25T12:22:00+05:30,22640.8,22640.8,22640.8,22640.8,0,0
2026-03-25T12:23:00+05:30,23141.5,23141.5,23141.5,23141.5,0,0
2026-03-25T12:24:00+05:30,23141.5,23141.5,23141.5,23141.5,0,0
2026-03-25T12:25:00+05:30,22640.8,22640.8,22640.8,22640.8,0,0
2026-03-25T12:26:00+05:30,22640.8,22640.8,22640.8,22640.8,0,0
2026-03-25T12:27:00+05:30,22640.8,22640.8,22640.8,22640.8,0,0
2026-03-25T12:28:00+05:30,22640.8,22640.8,22640.8,22640.8,0,0
2026-03-25T12:29:00+05:30,22640.8,22640.8,22640.8,22640.8,0,0
2026-03-25T12:30:00+05:30,22640.75,22640.75,22640.75,22640.75,0,0
2026-03-25T12:31:00+05:30,22640.8,22640.8,22640.8,22640.8,0,0
2026-03-25T12:32:00+05:30,22640.75,22640.75,22640.75,22640.75,0,0
2026-03-25T12:33:00+05:30,23141.5,23141.5,23141.5,23141.5,0,0
2026-03-25T12:34:00+05:30,23141.5,23141.5,23141.5,23141.5,0,0
2026-03-25T12:35:00+05:30,23141.55,23141.55,23141.55,23141.55,0,0
2026-03-25T12:36:00+05:30,23141.45,23141.45,23141.45,23141.45,0,0
2026-03-25T12:37:00+05:30,23141.45,23141.45,23141.45,23141.45,0,0
2026-03-25T12:38:00+05:30,22640.5,22640.5,22640.5,22640.5,0,0
2026-03-25T12:39:00+05:30,22640.6,22640.6,22640.6,22640.6,0,0
2026-03-25T12:40:00+05:30,22640.5,22640.5,22640.5,22640.5,0,0
2026-03-25T12:41:00+05:30,23141.25,23141.25,23141.25,23141.25,0,0
2026-03-25T12:42:00+05:30,23141.3,23141.3,23141.3,23141.3,0,0
2026-03-25T12:43:00+05:30,23141.15,23141.15,23141.15,23141.15,0,0
2026-03-25T12:44:00+05:30,23141.15,23141.15,23141.15,23141.15,0,0
2026-03-25T12:45:00+05:30,23141.15,23141.15,23141.15,23141.15,0,0
2026-03-25T12:46:00+05:30,22640.5,22640.5,22640.5,22640.5,0,0
2026-03-25T12:47:00+05:30,22640.5,22640.5,22640.5,22640.5,0,0
2026-03-25T12:48:00+05:30,22640.5,22640.5,22640.5,22640.5,0,0
2026-03-25T12:49:00+05:30,22640.55,22640.55,22640.55,22640.55,0,0
2026-03-25T12:50:00+05:30,22640.55,22640.55,22640.55,22640.55,0,0
2026-03-25T12:51:00+05:30,22640.45,22640.45,22640.45,22640.45,0,0
2026-03-25T12:52:00+05:30,22640.55,22640.55,22640.55,22640.55,0,0
2026-03-25T12:53:00+05:30,22640.75,22640.75,22640.75,22640.75,0,0
2026-03-25T12:54:00+05:30,22640.75,22640.75,22640.75,22640.75,0,0
2026-03-25T12:55:00+05:30,22640.95,22640.95,22640.95,22640.95,0,0
2026-03-25T12:56:00+05:30,22640.95,22640.95,22640.95,22640.95,0,0
2026-03-25T12:57:00+05:30,22641.25,22641.25,22641.25,22641.25,0,0
2026-03-25T12:58:00+05:30,22641.25,22641.25,22641.25,22641.25,0,0
2026-03-25T12:59:00+05:30,22641.45,22641.45,22641.45,22641.45,0,0
2026-03-25T13:00:00+05:30,22641.35,22641.35,22641.35,22641.35,0,0
2026-03-25T13:01:00+05:30,22641.15,22641.15,22641.15,22641.15,0,0
2026-03-25T13:02:00+05:30,22641.15,22641.15,22641.15,22641.15,0,0
2026-03-25T13:03:00+05:30,22641.1,22641.1,22641.1,22641.1,0,0
2026-03-25T13:04:00+05:30,22641.1,22641.1,22641.1,22641.1,0,0
2026-03-25T13:05:00+05:30,22641.15,22641.15,22641.15,22641.15,0,0
2026-03-25T13:06:00+05:30,22641.0,22641.0,22641.0,22641.0,0,0
2026-03-25T13:07:00+05:30,22641.15,22641.15,22641.15,22641.15,0,0
2026-03-25T13:08:00+05:30,22641.05,22641.05,22641.05,22641.05,0,0
2026-03-25T13:09:00+05:30,22641.0,22641.0,22641.0,22641.0,0,0
2026-03-25T13:10:00+05:30,22641.0,22641.0,22641.0,22641.0,0,0
2026-03-25T13:11:00+05:30,22640.95,22640.95,22640.95,22640.95,0,0
2026-03-25T13:12:00+05:30,22641.0,22641.0,22641.0,22641.0,0,0
2026-03-25T13:13:00+05:30,22641.0,22641.0,22641.0,22641.0,0,0
2026-03-25T13:33:00+05:30,23406.85,23406.85,23406.85,23406.85,0,0
2026-03-25T13:34:00+05:30,23427.25,23427.25,23427.25,23427.25,0,0
2026-03-25T13:35:00+05:30,23424.15,23424.15,23424.15,23424.15,0,0
2026-03-25T13:36:00+05:30,23421.75,23421.75,23421.75,23421.75,0,0
2026-03-25T13:37:00+05:30,23430.35,23430.35,23430.35,23430.35,0,0
2026-03-25T13:38:00+05:30,23433.95,23433.95,23433.95,23433.95,0,0
2026-03-25T13:39:00+05:30,23425.1,23425.1,23425.1,23425.1,0,0
2026-03-25T13:40:00+05:30,23423.65,23423.65,23423.65,23423.65,0,0
2026-03-25T13:41:00+05:30,23424.25,23424.25,23424.25,23424.25,0,0
2026-03-25T13:42:00+05:30,23431.7,23431.7,23431.7,23431.7,0,0
2026-03-25T13:43:00+05:30,23425.3,23425.3,23425.3,23425.3,0,0
2026-03-25T13:44:00+05:30,23431.85,23431.85,23431.85,23431.85,0,0
2026-03-25T13:45:00+05:30,23437.4,23437.4,23437.4,23437.4,0,0
2026-03-25T13:46:00+05:30,23446.5,23446.5,23446.5,23446.5,0,0
2026-03-25T13:47:00+05:30,23442.75,23442.75,23442.75,23442.75,0,0
2026-03-25T13:48:00+05:30,23444.65,23444.65,23444.65,23444.65,0,0
2026-03-25T13:49:00+05:30,23445.85,23445.85,23445.85,23445.85,0,0
2026-03-25T13:50:00+05:30,23450.65,23450.65,23450.65,23450.65,0,0
2026-03-25T13:51:00+05:30,23455.45,23455.45,23455.45,23455.45,0,0
2026-03-25T13:52:00+05:30,23455.2,23455.2,23455.2,23455.2,0,0
2026-03-25T13:53:00+05:30,23433.6,23433.6,23433.6,23433.6,0,0
2026-03-25T13:54:00+05:30,23426.25,23426.25,23426.25,23426.25,0,0
2026-03-25T13:55:00+05:30,23431.55,23431.55,23431.55,23431.55,0,0
2026-03-25T13:56:00+05:30,23425.5,23425.5,23425.5,23425.5,0,0
2026-03-25T13:57:00+05:30,23434.6,23434.6,23434.6,23434.6,0,0
2026-03-25T13:58:00+05:30,23438.9,23438.9,23438.9,23438.9,0,0
2026-03-25T13:59:00+05:30,23429.4,23429.4,23429.4,23429.4,0,0
2026-03-25T14:00:00+05:30,23433.1,23433.1,23433.1,23433.1,0,0
2026-03-25T14:01:00+05:30,23431.1,23431.1,23431.1,23431.1,0,0
2026-03-25T14:02:00+05:30,23447.35,23447.35,23447.35,23447.35,0,0
2026-03-25T14:03:00+05:30,23455.25,23455.25,23455.25,23455.25,0,0
2026-03-25T14:04:00+05:30,23445.75,23445.75,23445.75,23445.75,0,0
2026-03-25T14:05:00+05:30,23446.2,23446.2,23446.2,23446.2,0,0
2026-03-25T14:06:00+05:30,23440.85,23440.85,23440.85,23440.85,0,0
2026-03-25T14:07:00+05:30,23408.5,23408.5,23408.5,23408.5,0,0
2026-03-25T14:08:00+05:30,23411.2,23411.2,23411.2,23411.2,0,0
2026-03-25T14:09:00+05:30,23410.0,23410.0,23410.0,23410.0,0,0
2026-03-25T14:10:00+05:30,23415.75,23415.75,23415.75,23415.75,0,0
2026-03-25T14:11:00+05:30,23414.8,23414.8,23414.8,23414.8,0,0
2026-03-25T14:12:00+05:30,23413.35,23413.35,23413.35,23413.35,0,0
2026-03-25T14:13:00+05:30,23395.15,23395.15,23395.15,23395.15,0,0
2026-03-25T14:14:00+05:30,23397.5,23397.5,23397.5,23397.5,0,0
2026-03-25T14:15:00+05:30,23394.5,23394.5,23394.5,23394.5,0,0
2026-03-25T14:16:00+05:30,23401.8,23401.8,23401.8,23401.8,0,0
2026-03-25T14:17:00+05:30,23403.2,23403.2,23403.2,23403.2,0,0
2026-03-25T14:18:00+05:30,23392.05,23392.05,23392.05,23392.05,0,0
2026-03-25T14:19:00+05:30,23381.95,23381.95,23381.95,23381.95,0,0
2026-03-25T14:20:00+05:30,23384.65,23384.65,23384.65,23384.65,0,0
2026-03-25T14:21:00+05:30,23380.0,23380.0,23380.0,23380.0,0,0
2026-03-25T14:22:00+05:30,23365.45,23365.45,23365.45,23365.45,0,0
2026-03-25T14:23:00+05:30,23347.6,23347.6,23347.6,23347.6,0,0
2026-03-25T14:24:00+05:30,23327.15,23327.15,23327.15,23327.15,0,0
2026-03-25T14:25:00+05:30,23315.25,23315.25,23315.25,23315.25,0,0
2026-03-25T14:26:00+05:30,23330.7,23330.7,23330.7,23330.7,0,0
2026-03-25T14:27:00+05:30,23321.0,23321.0,23321.0,23321.0,0,0
2026-03-25T14:28:00+05:30,23326.7,23326.7,23326.7,23326.7,0,0
2026-03-25T14:29:00+05:30,23328.15,23328.15,23328.15,23328.15,0,0
2026-03-25T14:30:00+05:30,23308.45,23308.45,23308.45,23308.45,0,0
2026-03-25T14:31:00+05:30,23312.85,23312.85,23312.85,23312.85,0,0
2026-03-25T14:32:00+05:30,23326.95,23326.95,23326.95,23326.95,0,0
2026-03-25T14:33:00+05:30,23329.1,23329.1,23329.1,23329.1,0,0
2026-03-25T14:34:00+05:30,23331.4,23331.4,23331.4,23331.4,0,0
2026-03-25T14:35:00+05:30,23333.25,23333.25,23333.25,23333.25,0,0
2026-03-25T14:36:00+05:30,23339.45,23339.45,23339.45,23339.45,0,0
2026-03-25T14:37:00+05:30,23328.65,23328.65,23328.65,23328.65,0,0
2026-03-25T14:38:00+05:30,23321.3,23321.3,23321.3,23321.3,0,0
2026-03-25T14:39:00+05:30,23333.65,23333.65,23333.65,23333.65,0,0
2026-03-25T14:40:00+05:30,23351.1,23351.1,23351.1,23351.1,0,0
2026-03-25T14:41:00+05:30,23352.75,23352.75,23352.75,23352.75,0,0
2026-03-25T14:42:00+05:30,23351.05,23351.05,23351.05,23351.05,0,0
2026-03-25T14:43:00+05:30,23363.85,23363.85,23363.85,23363.85,0,0
2026-03-25T14:44:00+05:30,23357.05,23357.05,23357.05,23357.05,0,0
2026-03-25T14:45:00+05:30,23361.3,23361.3,23361.3,23361.3,0,0
2026-03-25T14:46:00+05:30,23358.25,23358.25,23358.25,23358.25,0,0
2026-03-25T14:47:00+05:30,23339.0,23339.0,23339.0,23339.0,0,0
2026-03-25T14:48:00+05:30,23335.85,23335.85,23335.85,23335.85,0,0
2026-03-25T14:49:00+05:30,23348.55,23348.55,23348.55,23348.55,0,0
2026-03-25T14:50:00+05:30,23350.7,23350.7,23350.7,23350.7,0,0
2026-03-25T14:51:00+05:30,23342.6,23342.6,23342.6,23342.6,0,0
2026-03-25T14:52:00+05:30,23338.5,23338.5,23338.5,23338.5,0,0
2026-03-25T14:53:00+05:30,23334.45,23334.45,23334.45,23334.45,0,0
2026-03-25T14:54:00+05:30,23314.9,23314.9,23314.9,23314.9,0,0
2026-03-25T14:55:00+05:30,23315.1,23315.1,23315.1,23315.1,0,0
2026-03-25T14:56:00+05:30,23314.0,23314.0,23314.0,23314.0,0,0
2026-03-25T14:57:00+05:30,23329.85,23329.85,23329.85,23329.85,0,0
2026-03-25T14:58:00+05:30,23325.1,23325.1,23325.1,23325.1,0,0
2026-03-25T14:59:00+05:30,23317.2,23317.2,23317.2,23317.2,0,0
2026-03-25T15:00:00+05:30,23294.6,23294.6,23294.6,23294.6,0,0
2026-03-25T15:01:00+05:30,23306.8,23306.8,23306.8,23306.8,0,0
2026-03-25T15:02:00+05:30,23312.85,23312.85,23312.85,23312.85,0,0
2026-03-25T15:03:00+05:30,23335.35,23335.35,23335.35,23335.35,0,0
2026-03-25T15:04:00+05:30,23326.0,23326.0,23326.0,23326.0,0,0
2026-03-25T15:05:00+05:30,23309.6,23309.6,23309.6,23309.6,0,0
2026-03-25T15:06:00+05:30,23309.75,23309.75,23309.75,23309.75,0,0
2026-03-25T15:07:00+05:30,23310.0,23310.0,23310.0,23310.0,0,0
2026-03-25T15:08:00+05:30,23317.4,23317.4,23317.4,23317.4,0,0
2026-03-25T15:09:00+05:30,23313.3,23313.3,23313.3,23313.3,0,0
2026-03-25T15:10:00+05:30,23315.15,23315.15,23315.15,23315.15,0,0
2026-03-25T15:11:00+05:30,23317.2,23317.2,23317.2,23317.2,0,0
2026-03-25T15:12:00+05:30,23309.0,23309.0,23309.0,23309.0,0,0
2026-03-25T15:13:00+05:30,23301.5,23301.5,23301.5,23301.5,0,0
2026-03-25T15:14:00+05:30,23305.5,23305.5,23305.5,23305.5,0,0
2026-03-25T15:15:00+05:30,23299.55,23299.55,23299.55,23299.55,0,0
2026-03-25T15:16:00+05:30,23305.2,23305.2,23305.2,23305.2,0,0
2026-03-25T15:17:00+05:30,23309.65,23309.65,23309.65,23309.65,0,0
2026-03-25T15:18:00+05:30,23289.85,23289.85,23289.85,23289.85,0,0
2026-03-25T15:19:00+05:30,23279.5,23279.5,23279.5,23279.5,0,0
2026-03-25T15:20:00+05:30,23278.4,23278.4,23278.4,23278.4,0,0
2026-03-25T15:21:00+05:30,23286.95,23286.95,23286.95,23286.95,0,0
2026-03-25T15:22:00+05:30,23288.05,23288.05,23288.05,23288.05,0,0
2026-03-25T15:23:00+05:30,23287.8,23287.8,23287.8,23287.8,0,0
2026-03-25T15:24:00+05:30,23290.15,23290.15,23290.15,23290.15,0,0
2026-03-25T15:25:00+05:30,23290.5,23290.5,23290.5,23290.5,0,0
2026-03-25T15:26:00+05:30,23289.15,23289.15,23289.15,23289.15,0,0
2026-03-25T15:27:00+05:30,23304.0,23304.0,23304.0,23304.0,0,0
2026-03-25T15:28:00+05:30,23299.1,23299.1,23299.1,23299.1,0,0
2026-03-25T15:29:00+05:30,23309.85,23309.85,23309.85,23309.85,0,0
2026-03-25T15:30:00+05:30,23316.05,23316.05,23316.05,23316.05,0,0
2026-03-27T09:15:00+05:30,23123.9,23123.9,23123.9,23123.9,0,0
2026-03-27T09:16:00+05:30,23075.8,23075.8,23075.8,23075.8,0,0
2026-03-27T09:17:00+05:30,23104.9,23104.9,23104.9,23104.9,0,0
2026-03-27T09:18:00+05:30,23074.9,23074.9,23074.9,23074.9,0,0
2026-03-27T09:19:00+05:30,23062.7,23062.7,23062.7,23062.7,0,0
2026-03-27T09:20:00+05:30,23058.1,23058.1,23058.1,23058.1,0,0
2026-03-27T09:21:00+05:30,23075.0,23075.0,23075.0,23075.0,0,0
2026-03-27T09:22:00+05:30,23102.45,23102.45,23102.45,23102.45,0,0
2026-03-27T09:23:00+05:30,23104.1,23104.1,23104.1,23104.1,0,0
2026-03-27T09:24:00+05:30,23097.5,23097.5,23097.5,23097.5,0,0
2026-03-27T09:25:00+05:30,23077.65,23077.65,23077.65,23077.65,0,0
2026-03-27T09:26:00+05:30,23086.4,23086.4,23086.4,23086.4,0,0
2026-03-27T09:27:00+05:30,23082.55,23082.55,23082.55,23082.55,0,0
2026-03-27T09:28:00+05:30,23073.45,23073.45,23073.45,23073.45,0,0
2026-03-27T09:29:00+05:30,23071.8,23071.8,23071.8,23071.8,0,0
2026-03-27T09:30:00+05:30,23046.7,23046.7,23046.7,23046.7,0,0
2026-03-27T09:31:00+05:30,23054.55,23054.55,23054.55,23054.55,0,0
2026-03-27T09:32:00+05:30,23069.8,23069.8,23069.8,23069.8,0,0
2026-03-27T09:33:00+05:30,23055.0,23055.0,23055.0,23055.0,0,0
2026-03-27T09:34:00+05:30,23036.65,23036.65,23036.65,23036.65,0,0
2026-03-27T09:35:00+05:30,23021.3,23021.3,23021.3,23021.3,0,0
2026-03-27T09:36:00+05:30,23016.95,23016.95,23016.95,23016.95,0,0
2026-03-27T09:37:00+05:30,23016.1,23016.1,23016.1,23016.1,0,0
2026-03-27T09:38:00+05:30,23017.8,23017.8,23017.8,23017.8,0,0
2026-03-27T09:39:00+05:30,23021.5,23021.5,23021.5,23021.5,0,0
2026-03-27T09:40:00+05:30,23029.05,23029.05,23029.05,23029.05,0,0
2026-03-27T09:41:00+05:30,23036.95,23036.95,23036.95,23036.95,0,0
2026-03-27T09:42:00+05:30,23031.15,23031.15,23031.15,23031.15,0,0
2026-03-27T09:43:00+05:30,23051.8,23051.8,23051.8,23051.8,0,0
2026-03-27T09:44:00+05:30,23057.95,23057.95,23057.95,23057.95,0,0
2026-03-27T09:45:00+05:30,23054.3,23054.3,23054.3,23054.3,0,0
2026-03-27T09:46:00+05:30,23043.5,23043.5,23043.5,23043.5,0,0
2026-03-27T09:47:00+05:30,23036.8,23036.8,23036.8,23036.8,0,0
2026-03-27T09:48:00+05:30,23040.95,23040.95,23040.95,23040.95,0,0
2026-03-27T09:49:00+05:30,23046.3,23046.3,23046.3,23046.3,0,0
2026-03-27T09:50:00+05:30,23038.8,23038.8,23038.8,23038.8,0,0
2026-03-27T09:51:00+05:30,23043.75,23043.75,23043.75,23043.75,0,0
2026-03-27T09:52:00+05:30,23031.95,23031.95,23031.95,23031.95,0,0
2026-03-27T09:53:00+05:30,23033.4,23033.4,23033.4,23033.4,0,0
2026-03-27T09:54:00+05:30,23030.0,23030.0,23030.0,23030.0,0,0
2026-03-27T09:55:00+05:30,23018.1,23018.1,23018.1,23018.1,0,0
2026-03-27T09:56:00+05:30,23010.9,23010.9,23010.9,23010.9,0,0
2026-03-27T09:57:00+05:30,23000.8,23000.8,23000.8,23000.8,0,0
2026-03-27T09:58:00+05:30,22992.7,22992.7,22992.7,22992.7,0,0
2026-03-27T09:59:00+05:30,22991.15,22991.15,22991.15,22991.15,0,0
2026-03-27T10:00:00+05:30,22988.55,22988.55,22988.55,22988.55,0,0
2026-03-27T10:01:00+05:30,23000.7,23000.7,23000.7,23000.7,0,0
2026-03-27T10:02:00+05:30,23011.85,23011.85,23011.85,23011.85,0,0
2026-03-27T10:03:00+05:30,23031.5,23031.5,23031.5,23031.5,0,0
2026-03-27T10:04:00+05:30,23025.2,23025.2,23025.2,23025.2,0,0
2026-03-27T10:05:00+05:30,23022.95,23022.95,23022.95,23022.95,0,0
2026-03-27T10:06:00+05:30,23016.4,23016.4,23016.4,23016.4,0,0
2026-03-27T10:07:00+05:30,23008.15,23008.15,23008.15,23008.15,0,0
2026-03-27T10:08:00+05:30,23016.95,23016.95,23016.95,23016.95,0,0
2026-03-27T10:09:00+05:30,23029.4,23029.4,23029.4,23029.4,0,0
2026-03-27T10:10:00+05:30,23014.55,23014.55,23014.55,23014.55,0,0
2026-03-27T10:11:00+05:30,23011.85,23011.85,23011.85,23011.85,0,0
2026-03-27T10:12:00+05:30,23006.55,23006.55,23006.55,23006.55,0,0
2026-03-27T10:13:00+05:30,22998.65,22998.65,22998.65,22998.65,0,0
2026-03-27T10:14:00+05:30,22983.5,22983.5,22983.5,22983.5,0,0
2026-03-27T10:15:00+05:30,22991.6,22991.6,22991.6,22991.6,0,0
2026-03-27T10:16:00+05:30,22991.95,22991.95,22991.95,22991.95,0,0
2026-03-27T10:17:00+05:30,22988.15,22988.15,22988.15,22988.15,0,0
2026-03-27T10:18:00+05:30,22988.85,22988.85,22988.85,22988.85,0,0
2026-03-27T10:19:00+05:30,22983.3,22983.3,22983.3,22983.3,0,0
2026-03-27T10:20:00+05:30,22977.5,22977.5,22977.5,22977.5,0,0
2026-03-27T10:21:00+05:30,22997.05,22997.05,22997.05,22997.05,0,0
2026-03-27T10:22:00+05:30,22996.0,22996.0,22996.0,22996.0,0,0
2026-03-27T10:23:00+05:30,23000.5,23000.5,23000.5,23000.5,0,0
2026-03-27T10:24:00+05:30,23012.7,23012.7,23012.7,23012.7,0,0
2026-03-27T10:25:00+05:30,23015.35,23015.35,23015.35,23015.35,0,0
2026-03-27T10:26:00+05:30,23016.5,23016.5,23016.5,23016.5,0,0
2026-03-27T10:27:00+05:30,23006.7,23006.7,23006.7,23006.7,0,0
2026-03-27T10:28:00+05:30,23010.8,23010.8,23010.8,23010.8,0,0
2026-03-27T10:29:00+05:30,23013.05,23013.05,23013.05,23013.05,0,0
2026-03-27T10:30:00+05:30,23016.45,23016.45,23016.45,23016.45,0,0
2026-03-27T10:31:00+05:30,23031.5,23031.5,23031.5,23031.5,0,0
2026-03-27T10:32:00+05:30,23044.1,23044.1,23044.1,23044.1,0,0
2026-03-27T10:33:00+05:30,23024.9,23024.9,23024.9,23024.9,0,0
2026-03-27T10:34:00+05:30,23018.7,23018.7,23018.7,23018.7,0,0
2026-03-27T10:35:00+05:30,23021.2,23021.2,23021.2,23021.2,0,0
2026-03-27T10:36:00+05:30,23022.05,23022.05,23022.05,23022.05,0,0
2026-03-27T10:37:00+05:30,23014.7,23014.7,23014.7,23014.7,0,0
2026-03-27T10:38:00+05:30,23014.0,23014.0,23014.0,23014.0,0,0
2026-03-27T10:39:00+05:30,23027.3,23027.3,23027.3,23027.3,0,0
2026-03-27T10:40:00+05:30,23013.4,23013.4,23013.4,23013.4,0,0
2026-03-27T10:41:00+05:30,23012.4,23012.4,23012.4,23012.4,0,0
2026-03-27T10:42:00+05:30,23002.9,23002.9,23002.9,23002.9,0,0
2026-03-27T10:43:00+05:30,23017.75,23017.75,23017.75,23017.75,0,0
2026-03-27T10:44:00+05:30,23005.7,23005.7,23005.7,23005.7,0,0
2026-03-27T10:45:00+05:30,22992.75,22992.75,22992.75,22992.75,0,0
2026-03-27T10:46:00+05:30,22984.4,22984.4,22984.4,22984.4,0,0
2026-03-27T10:47:00+05:30,22987.55,22987.55,22987.55,22987.55,0,0
2026-03-27T10:48:00+05:30,22999.6,22999.6,22999.6,22999.6,0,0
2026-03-27T10:49:00+05:30,22984.35,22984.35,22984.35,22984.35,0,0
2026-03-27T10:50:00+05:30,22982.9,22982.9,22982.9,22982.9,0,0
2026-03-27T10:51:00+05:30,22977.4,22977.4,22977.4,22977.4,0,0
2026-03-27T10:52:00+05:30,22976.8,22976.8,22976.8,22976.8,0,0
2026-03-27T10:53:00+05:30,22967.6,22967.6,22967.6,22967.6,0,0
2026-03-27T10:54:00+05:30,22954.5,22954.5,22954.5,22954.5,0,0
2026-03-27T10:55:00+05:30,22963.15,22963.15,22963.15,22963.15,0,0
2026-03-27T10:56:00+05:30,22973.15,22973.15,22973.15,22973.15,0,0
2026-03-27T10:57:00+05:30,22968.05,22968.05,22968.05,22968.05,0,0
2026-03-27T10:58:00+05:30,22974.45,22974.45,22974.45,22974.45,0,0
2026-03-27T10:59:00+05:30,22976.35,22976.35,22976.35,22976.35,0,0
2026-03-27T11:00:00+05:30,22998.6,22998.6,22998.6,22998.6,0,0
2026-03-27T11:02:00+05:30,23001.55,23001.55,23001.55,23001.55,0,0
2026-03-27T11:03:00+05:30,22981.7,22981.7,22981.7,22981.7,0,0
2026-03-27T11:04:00+05:30,22986.4,22986.4,22986.4,22986.4,0,0
2026-03-27T11:05:00+05:30,22982.15,22982.15,22982.15,22982.15,0,0
2026-03-27T11:08:00+05:30,22997.5,22997.5,22997.5,22997.5,0,0
2026-03-27T11:10:00+05:30,23005.5,23005.5,23005.5,23005.5,0,0
2026-03-27T11:11:00+05:30,23001.1,23001.1,23001.1,23001.1,0,0
2026-03-27T11:12:00+05:30,22985.15,22985.15,22985.15,22985.15,0,0
2026-03-27T11:13:00+05:30,22989.95,22989.95,22989.95,22989.95,0,0
2026-03-27T11:15:00+05:30,22991.95,22991.95,22991.95,22991.95,0,0
2026-03-27T11:16:00+05:30,23002.3,23002.3,23002.3,23002.3,0,0
2026-03-27T11:17:00+05:30,22990.05,22990.05,22990.05,22990.05,0,0
2026-03-27T11:18:00+05:30,22988.85,22988.85,22988.85,22988.85,0,0
2026-03-27T11:19:00+05:30,22971.55,22971.55,22971.55,22971.55,0,0
2026-03-27T11:21:00+05:30,22970.2,22970.2,22970.2,22970.2,0,0
2026-03-27T11:22:00+05:30,22970.85,22970.85,22970.85,22970.85,0,0
2026-03-27T11:23:00+05:30,22968.75,22968.75,22968.75,22968.75,0,0
2026-03-27T11:24:00+05:30,22963.9,22963.9,22963.9,22963.9,0,0
2026-03-27T11:25:00+05:30,22958.15,22958.15,22958.15,22958.15,0,0
2026-03-27T11:26:00+05:30,22957.05,22957.05,22957.05,22957.05,0,0
2026-03-27T11:27:00+05:30,22969.35,22969.35,22969.35,22969.35,0,0
2026-03-27T11:28:00+05:30,22940.45,22940.45,22940.45,22940.45,0,0
2026-03-27T11:29:00+05:30,22933.9,22933.9,22933.9,22933.9,0,0
2026-03-27T11:30:00+05:30,22941.7,22941.7,22941.7,22941.7,0,0
2026-03-27T11:31:00+05:30,22938.55,22938.55,22938.55,22938.55,0,0
2026-03-27T11:32:00+05:30,22932.95,22932.95,22932.95,22932.95,0,0
2026-03-27T11:33:00+05:30,22947.2,22947.2,22947.2,22947.2,0,0
2026-03-27T11:34:00+05:30,22945.6,22945.6,22945.6,22945.6,0,0
2026-03-27T11:35:00+05:30,22946.6,22946.6,22946.6,22946.6,0,0
2026-03-27T11:36:00+05:30,22942.2,22942.2,22942.2,22942.2,0,0
2026-03-27T11:37:00+05:30,22951.3,22951.3,22951.3,22951.3,0,0
2026-03-27T11:38:00+05:30,22946.55,22946.55,22946.55,22946.55,0,0
2026-03-27T11:39:00+05:30,22957.85,22957.85,22957.85,22957.85,0,0
2026-03-27T11:40:00+05:30,22954.65,22954.65,22954.65,22954.65,0,0
2026-03-27T11:41:00+05:30,22958.8,22958.8,22958.8,22958.8,0,0
2026-03-27T11:43:00+05:30,22945.5,22945.5,22945.5,22945.5,0,0
2026-03-27T11:44:00+05:30,22945.95,22945.95,22945.95,22945.95,0,0
2026-03-27T11:45:00+05:30,22959.35,22959.35,22959.35,22959.35,0,0
2026-03-27T11:46:00+05:30,22954.3,22954.3,22954.3,22954.3,0,0
2026-03-27T11:47:00+05:30,22960.4,22960.4,22960.4,22960.4,0,0
2026-03-27T11:48:00+05:30,22953.85,22953.85,22953.85,22953.85,0,0
2026-03-27T11:49:00+05:30,22960.8,22960.8,22960.8,22960.8,0,0
2026-03-27T11:50:00+05:30,22955.95,22955.95,22955.95,22955.95,0,0
2026-03-27T11:51:00+05:30,22958.3,22958.3,22958.3,22958.3,0,0
2026-03-27T11:52:00+05:30,22958.55,22958.55,22958.55,22958.55,0,0
2026-03-27T11:53:00+05:30,22955.5,22955.5,22955.5,22955.5,0,0
2026-03-27T11:54:00+05:30,22969.55,22969.55,22969.55,22969.55,0,0
2026-03-27T11:55:00+05:30,22964.9,22964.9,22964.9,22964.9,0,0
2026-03-27T11:56:00+05:30,22956.1,22956.1,22956.1,22956.1,0,0
2026-03-27T11:57:00+05:30,22949.15,22949.15,22949.15,22949.15,0,0
2026-03-27T11:58:00+05:30,22949.8,22949.8,22949.8,22949.8,0,0
2026-03-27T11:59:00+05:30,22947.85,22947.85,22947.85,22947.85,0,0
2026-03-27T12:00:00+05:30,22947.3,22947.3,22947.3,22947.3,0,0
2026-03-27T12:01:00+05:30,22939.7,22939.7,22939.7,22939.7,0,0
2026-03-27T12:02:00+05:30,22925.85,22925.85,22925.85,22925.85,0,0
2026-03-27T12:03:00+05:30,22928.5,22928.5,22928.5,22928.5,0,0
2026-03-27T12:04:00+05:30,22945.25,22945.25,22945.25,22945.25,0,0
2026-03-27T12:05:00+05:30,22946.25,22946.25,22946.25,22946.25,0,0
2026-03-27T12:06:00+05:30,22946.75,22946.75,22946.75,22946.75,0,0
2026-03-27T12:07:00+05:30,22948.0,22948.0,22948.0,22948.0,0,0
2026-03-27T12:08:00+05:30,22955.1,22955.1,22955.1,22955.1,0,0
2026-03-27T12:09:00+05:30,22950.3,22950.3,22950.3,22950.3,0,0
2026-03-27T12:10:00+05:30,22945.3,22945.3,22945.3,22945.3,0,0
2026-03-27T12:11:00+05:30,22942.25,22942.25,22942.25,22942.25,0,0
2026-03-27T12:12:00+05:30,22935.15,22935.15,22935.15,22935.15,0,0
2026-03-27T12:13:00+05:30,22946.45,22946.45,22946.45,22946.45,0,0
2026-03-27T12:14:00+05:30,22940.5,22940.5,22940.5,22940.5,0,0
2026-03-27T12:15:00+05:30,22937.2,22937.2,22937.2,22937.2,0,0
2026-03-27T12:16:00+05:30,22939.4,22939.4,22939.4,22939.4,0,0
2026-03-27T12:17:00+05:30,22933.35,22933.35,22933.35,22933.35,0,0
2026-03-27T12:18:00+05:30,22930.25,22930.25,22930.25,22930.25,0,0
2026-03-27T12:19:00+05:30,22916.75,22916.75,22916.75,22916.75,0,0
2026-03-27T12:20:00+05:30,22917.25,22917.25,22917.25,22917.25,0,0
2026-03-27T12:21:00+05:30,22916.8,22916.8,22916.8,22916.8,0,0
2026-03-27T12:22:00+05:30,22932.65,22932.65,22932.65,22932.65,0,0
2026-03-27T12:23:00+05:30,22933.2,22933.2,22933.2,22933.2,0,0
2026-03-27T12:24:00+05:30,22928.2,22928.2,22928.2,22928.2,0,0
2026-03-27T12:25:00+05:30,22940.7,22940.7,22940.7,22940.7,0,0
2026-03-27T12:26:00+05:30,22948.1,22948.1,22948.1,22948.1,0,0
2026-03-27T12:27:00+05:30,22957.6,22957.6,22957.6,22957.6,0,0
2026-03-27T12:28:00+05:30,22969.4,22969.4,22969.4,22969.4,0,0
2026-03-27T12:29:00+05:30,22962.5,22962.5,22962.5,22962.5,0,0
2026-03-27T12:30:00+05:30,22967.9,22967.9,22967.9,22967.9,0,0
2026-03-27T12:31:00+05:30,22958.1,22958.1,22958.1,22958.1,0,0
2026-03-27T12:32:00+05:30,22954.7,22954.7,22954.7,22954.7,0,0
2026-03-27T12:33:00+05:30,22951.15,22951.15,22951.15,22951.15,0,0
2026-03-27T12:34:00+05:30,22955.7,22955.7,22955.7,22955.7,0,0
2026-03-27T12:35:00+05:30,22961.5,22961.5,22961.5,22961.5,0,0
2026-03-27T12:36:00+05:30,22969.4,22969.4,22969.4,22969.4,0,0
2026-03-27T12:37:00+05:30,22964.65,22964.65,22964.65,22964.65,0,0
2026-03-27T12:38:00+05:30,22961.45,22961.45,22961.45,22961.45,0,0
2026-03-27T12:39:00+05:30,22959.4,22959.4,22959.4,22959.4,0,0
2026-03-27T12:40:00+05:30,22958.55,22958.55,22958.55,22958.55,0,0
2026-03-27T12:41:00+05:30,22953.35,22953.35,22953.35,22953.35,0,0
2026-03-27T12:42:00+05:30,22957.65,22957.65,22957.65,22957.65,0,0
2026-03-27T12:43:00+05:30,22969.9,22969.9,22969.9,22969.9,0,0
2026-03-27T12:44:00+05:30,22959.15,22959.15,22959.15,22959.15,0,0
2026-03-27T12:45:00+05:30,22967.3,22967.3,22967.3,22967.3,0,0
2026-03-27T12:46:00+05:30,22965.8,22965.8,22965.8,22965.8,0,0
2026-03-27T12:47:00+05:30,22956.55,22956.55,22956.55,22956.55,0,0
2026-03-27T12:48:00+05:30,22960.0,22960.0,22960.0,22960.0,0,0
2026-03-27T12:49:00+05:30,22959.25,22959.25,22959.25,22959.25,0,0
2026-03-27T12:50:00+05:30,22960.7,22960.7,22960.7,22960.7,0,0
2026-03-27T12:51:00+05:30,22973.9,22973.9,22973.9,22973.9,0,0
2026-03-27T12:52:00+05:30,22962.65,22962.65,22962.65,22962.65,0,0
2026-03-27T12:53:00+05:30,22946.35,22946.35,22946.35,22946.35,0,0
2026-03-27T12:54:00+05:30,22962.05,22962.05,22962.05,22962.05,0,0
2026-03-27T12:55:00+05:30,22959.6,22959.6,22959.6,22959.6,0,0
2026-03-27T12:56:00+05:30,22959.9,22959.9,22959.9,22959.9,0,0
2026-03-27T12:57:00+05:30,22964.95,22964.95,22964.95,22964.95,0,0
2026-03-27T12:58:00+05:30,22959.15,22959.15,22959.15,22959.15,0,0
2026-03-27T12:59:00+05:30,22952.5,22952.5,22952.5,22952.5,0,0
2026-03-27T13:00:00+05:30,22956.9,22956.9,22956.9,22956.9,0,0
2026-03-27T13:01:00+05:30,22949.9,22949.9,22949.9,22949.9,0,0
2026-03-27T13:02:00+05:30,22947.65,22947.65,22947.65,22947.65,0,0
2026-03-27T13:03:00+05:30,22939.5,22939.5,22939.5,22939.5,0,0
2026-03-27T13:04:00+05:30,22934.5,22934.5,22934.5,22934.5,0,0
2026-03-27T13:05:00+05:30,22929.35,22929.35,22929.35,22929.35,0,0
2026-03-27T13:06:00+05:30,22931.2,22931.2,22931.2,22931.2,0,0
2026-03-27T13:07:00+05:30,22938.55,22938.55,22938.55,22938.55,0,0
2026-03-27T13:08:00+05:30,22932.65,22932.65,22932.65,22932.65,0,0
2026-03-27T13:09:00+05:30,22935.15,22935.15,22935.15,22935.15,0,0
2026-03-27T13:10:00+05:30,22931.05,22931.05,22931.05,22931.05,0,0
2026-03-27T13:11:00+05:30,22923.95,22923.95,22923.95,22923.95,0,0
2026-03-27T13:12:00+05:30,22921.3,22921.3,22921.3,22921.3,0,0
2026-03-27T13:13:00+05:30,22929.9,22929.9,22929.9,22929.9,0,0
2026-03-27T13:14:00+05:30,22941.35,22941.35,22941.35,22941.35,0,0
2026-03-27T13:15:00+05:30,22949.85,22949.85,22949.85,22949.85,0,0
2026-03-27T13:16:00+05:30,22953.15,22953.15,22953.15,22953.15,0,0
2026-03-27T13:17:00+05:30,22971.7,22971.7,22971.7,22971.7,0,0
2026-03-27T13:18:00+05:30,22990.2,22990.2,22990.2,22990.2,0,0
2026-03-27T13:19:00+05:30,22979.0,22979.0,22979.0,22979.0,0,0
2026-03-27T13:20:00+05:30,22978.7,22978.7,22978.7,22978.7,0,0
2026-03-27T13:21:00+05:30,22970.55,22970.55,22970.55,22970.55,0,0
2026-03-27T13:22:00+05:30,22958.0,22958.0,22958.0,22958.0,0,0
2026-03-27T13:23:00+05:30,22961.5,22961.5,22961.5,22961.5,0,0
2026-03-27T13:24:00+05:30,22965.65,22965.65,22965.65,22965.65,0,0
2026-03-27T13:25:00+05:30,22961.6,22961.6,22961.6,22961.6,0,0
2026-03-27T13:26:00+05:30,22974.6,22974.6,22974.6,22974.6,0,0
2026-03-27T13:27:00+05:30,22970.45,22970.45,22970.45,22970.45,0,0
2026-03-27T13:28:00+05:30,22962.1,22962.1,22962.1,22962.1,0,0
2026-03-27T13:29:00+05:30,22949.6,22949.6,22949.6,22949.6,0,0
2026-03-27T13:30:00+05:30,22941.1,22941.1,22941.1,22941.1,0,0
2026-03-27T13:31:00+05:30,22940.25,22940.25,22940.25,22940.25,0,0
2026-03-27T13:32:00+05:30,22938.6,22938.6,22938.6,22938.6,0,0
2026-03-27T13:33:00+05:30,22917.2,22917.2,22917.2,22917.2,0,0
2026-03-27T13:34:00+05:30,22932.7,22932.7,22932.7,22932.7,0,0
2026-03-27T13:35:00+05:30,22916.7,22916.7,22916.7,22916.7,0,0
2026-03-27T13:36:00+05:30,22919.25,22919.25,22919.25,22919.25,0,0
2026-03-27T13:37:00+05:30,22929.6,22929.6,22929.6,22929.6,0,0
2026-03-27T13:38:00+05:30,22916.35,22916.35,22916.35,22916.35,0,0
2026-03-27T13:39:00+05:30,22913.85,22913.85,22913.85,22913.85,0,0
2026-03-27T13:40:00+05:30,22911.15,22911.15,22911.15,22911.15,0,0
2026-03-27T13:41:00+05:30,22920.4,22920.4,22920.4,22920.4,0,0
2026-03-27T13:42:00+05:30,22924.1,22924.1,22924.1,22924.1,0,0
2026-03-27T13:43:00+05:30,22938.1,22938.1,22938.1,22938.1,0,0
2026-03-27T13:44:00+05:30,22930.15,22930.15,22930.15,22930.15,0,0
2026-03-27T13:45:00+05:30,22933.85,22933.85,22933.85,22933.85,0,0
2026-03-27T13:46:00+05:30,22932.8,22932.8,22932.8,22932.8,0,0
2026-03-27T13:47:00+05:30,22928.15,22928.15,22928.15,22928.15,0,0
2026-03-27T13:48:00+05:30,22924.2,22924.2,22924.2,22924.2,0,0
2026-03-27T13:49:00+05:30,22928.65,22928.65,22928.65,22928.65,0,0
2026-03-27T13:50:00+05:30,22917.0,22917.0,22917.0,22917.0,0,0
2026-03-27T13:51:00+05:30,22921.95,22921.95,22921.95,22921.95,0,0
2026-03-27T13:52:00+05:30,22937.2,22937.2,22937.2,22937.2,0,0
2026-03-27T13:53:00+05:30,22928.95,22928.95,22928.95,22928.95,0,0
2026-03-27T13:54:00+05:30,22924.9,22924.9,22924.9,22924.9,0,0
2026-03-27T13:55:00+05:30,22926.1,22926.1,22926.1,22926.1,0,0
2026-03-27T13:56:00+05:30,22924.1,22924.1,22924.1,22924.1,0,0
2026-03-27T13:57:00+05:30,22925.6,22925.6,22925.6,22925.6,0,0
2026-03-27T13:58:00+05:30,22927.6,22927.6,22927.6,22927.6,0,0
2026-03-27T13:59:00+05:30,22908.75,22908.75,22908.75,22908.75,0,0
2026-03-27T14:00:00+05:30,22920.05,22920.05,22920.05,22920.05,0,0
2026-03-27T14:01:00+05:30,22916.6,22916.6,22916.6,22916.6,0,0
2026-03-27T14:02:00+05:30,22921.75,22921.75,22921.75,22921.75,0,0
2026-03-27T14:03:00+05:30,22926.4,22926.4,22926.4,22926.4,0,0
2026-03-27T14:04:00+05:30,22923.35,22923.35,22923.35,22923.35,0,0
2026-03-27T14:05:00+05:30,22923.65,22923.65,22923.65,22923.65,0,0
2026-03-27T14:06:00+05:30,22904.25,22904.25,22904.25,22904.25,0,0
2026-03-27T14:07:00+05:30,22896.6,22896.6,22896.6,22896.6,0,0
2026-03-27T14:08:00+05:30,22896.25,22896.25,22896.25,22896.25,0,0
2026-03-27T14:09:00+05:30,22893.45,22893.45,22893.45,22893.45,0,0
2026-03-27T14:10:00+05:30,22903.9,22903.9,22903.9,22903.9,0,0
2026-03-27T14:11:00+05:30,22888.2,22888.2,22888.2,22888.2,0,0
2026-03-27T14:12:00+05:30,22899.95,22899.95,22899.95,22899.95,0,0
2026-03-27T14:13:00+05:30,22899.8,22899.8,22899.8,22899.8,0,0
2026-03-27T14:14:00+05:30,22903.1,22903.1,22903.1,22903.1,0,0
2026-03-27T14:15:00+05:30,22907.75,22907.75,22907.75,22907.75,0,0
2026-03-27T14:16:00+05:30,22907.85,22907.85,22907.85,22907.85,0,0
2026-03-27T14:17:00+05:30,22901.8,22901.8,22901.8,22901.8,0,0
2026-03-27T14:18:00+05:30,22899.55,22899.55,22899.55,22899.55,0,0
2026-03-27T14:19:00+05:30,22892.05,22892.05,22892.05,22892.05,0,0
2026-03-27T14:20:00+05:30,22889.6,22889.6,22889.6,22889.6,0,0
2026-03-27T14:21:00+05:30,22894.2,22894.2,22894.2,22894.2,0,0
2026-03-27T14:22:00+05:30,22886.6,22886.6,22886.6,22886.6,0,0
2026-03-27T14:23:00+05:30,22877.3,22877.3,22877.3,22877.3,0,0
2026-03-27T14:24:00+05:30,22883.9,22883.9,22883.9,22883.9,0,0
2026-03-27T14:25:00+05:30,22880.95,22880.95,22880.95,22880.95,0,0
2026-03-27T14:26:00+05:30,22888.5,22888.5,22888.5,22888.5,0,0
2026-03-27T14:27:00+05:30,22867.8,22867.8,22867.8,22867.8,0,0
2026-03-27T14:28:00+05:30,22882.9,22882.9,22882.9,22882.9,0,0
2026-03-27T14:29:00+05:30,22882.6,22882.6,22882.6,22882.6,0,0
2026-03-27T14:30:00+05:30,22876.6,22876.6,22876.6,22876.6,0,0
2026-03-27T14:31:00+05:30,22876.45,22876.45,22876.45,22876.45,0,0
2026-03-27T14:32:00+05:30,22861.25,22861.25,22861.25,22861.25,0,0
2026-03-27T14:33:00+05:30,22867.65,22867.65,22867.65,22867.65,0,0
2026-03-27T14:34:00+05:30,22862.65,22862.65,22862.65,22862.65,0,0
2026-03-27T14:35:00+05:30,22860.85,22860.85,22860.85,22860.85,0,0
2026-03-27T14:36:00+05:30,22853.2,22853.2,22853.2,22853.2,0,0
2026-03-27T14:37:00+05:30,22837.3,22837.3,22837.3,22837.3,0,0
2026-03-27T14:38:00+05:30,22848.4,22848.4,22848.4,22848.4,0,0
2026-03-27T14:39:00+05:30,22831.95,22831.95,22831.95,22831.95,0,0
2026-03-27T14:40:00+05:30,22827.6,22827.6,22827.6,22827.6,0,0
2026-03-27T14:41:00+05:30,22826.95,22826.95,22826.95,22826.95,0,0
2026-03-27T14:42:00+05:30,22847.85,22847.85,22847.85,22847.85,0,0
2026-03-27T14:43:00+05:30,22854.25,22854.25,22854.25,22854.25,0,0
2026-03-27T14:44:00+05:30,22855.65,22855.65,22855.65,22855.65,0,0
2026-03-27T14:45:00+05:30,22850.7,22850.7,22850.7,22850.7,0,0
2026-03-27T14:46:00+05:30,22849.45,22849.45,22849.45,22849.45,0,0
2026-03-27T14:47:00+05:30,22845.45,22845.45,22845.45,22845.45,0,0
2026-03-27T14:48:00+05:30,22843.3,22843.3,22843.3,22843.3,0,0
2026-03-27T14:49:00+05:30,22850.2,22850.2,22850.2,22850.2,0,0
2026-03-27T14:50:00+05:30,22850.4,22850.4,22850.4,22850.4,0,0
2026-03-27T14:51:00+05:30,22848.55,22848.55,22848.55,22848.55,0,0
2026-03-27T14:52:00+05:30,22859.6,22859.6,22859.6,22859.6,0,0
2026-03-27T14:53:00+05:30,22858.9,22858.9,22858.9,22858.9,0,0
2026-03-27T14:54:00+05:30,22845.9,22845.9,22845.9,22845.9,0,0
2026-03-27T14:55:00+05:30,22851.85,22851.85,22851.85,22851.85,0,0
2026-03-27T14:56:00+05:30,22851.65,22851.65,22851.65,22851.65,0,0
2026-03-27T14:57:00+05:30,22853.9,22853.9,22853.9,22853.9,0,0
2026-03-27T14:58:00+05:30,22848.0,22848.0,22848.0,22848.0,0,0
2026-03-27T14:59:00+05:30,22841.85,22841.85,22841.85,22841.85,0,0
2026-03-27T15:00:00+05:30,22832.0,22832.0,22832.0,22832.0,0,0
2026-03-27T15:01:00+05:30,22819.7,22819.7,22819.7,22819.7,0,0
2026-03-27T15:02:00+05:30,22825.9,22825.9,22825.9,22825.9,0,0
2026-03-27T15:03:00+05:30,22837.15,22837.15,22837.15,22837.15,0,0
2026-03-27T15:04:00+05:30,22830.15,22830.15,22830.15,22830.15,0,0
2026-03-27T15:05:00+05:30,22839.35,22839.35,22839.35,22839.35,0,0
2026-03-27T15:06:00+05:30,22828.45,22828.45,22828.45,22828.45,0,0
2026-03-27T15:07:00+05:30,22834.15,22834.15,22834.15,22834.15,0,0
2026-03-27T15:08:00+05:30,22825.8,22825.8,22825.8,22825.8,0,0
2026-03-27T15:09:00+05:30,22828.5,22828.5,22828.5,22828.5,0,0
2026-03-27T15:10:00+05:30,22830.7,22830.7,22830.7,22830.7,0,0
2026-03-27T15:11:00+05:30,22830.05,22830.05,22830.05,22830.05,0,0
2026-03-27T15:12:00+05:30,22825.8,22825.8,22825.8,22825.8,0,0
2026-03-27T15:13:00+05:30,22819.8,22819.8,22819.8,22819.8,0,0
2026-03-27T15:14:00+05:30,22823.75,22823.75,22823.75,22823.75,0,0
2026-03-27T15:15:00+05:30,22820.25,22820.25,22820.25,22820.25,0,0
2026-03-27T15:16:00+05:30,22808.9,22808.9,22808.9,22808.9,0,0
2026-03-27T15:17:00+05:30,22814.15,22814.15,22814.15,22814.15,0,0
2026-03-27T15:18:00+05:30,22813.95,22813.95,22813.95,22813.95,0,0
2026-03-27T15:19:00+05:30,22815.8,22815.8,22815.8,22815.8,0,0
2026-03-27T15:20:00+05:30,22819.2,22819.2,22819.2,22819.2,0,0
2026-03-27T15:21:00+05:30,22816.0,22816.0,22816.0,22816.0,0,0
2026-03-27T15:22:00+05:30,22815.2,22815.2,22815.2,22815.2,0,0
2026-03-27T15:23:00+05:30,22816.5,22816.5,22816.5,22816.5,0,0
2026-03-27T15:24:00+05:30,22815.4,22815.4,22815.4,22815.4,0,0
2026-03-27T15:25:00+05:30,22814.95,22814.95,22814.95,22814.95,0,0
2026-03-27T15:26:00+05:30,22811.3,22811.3,22811.3,22811.3,0,0
2026-03-27T15:27:00+05:30,22807.75,22807.75,22807.75,22807.75,0,0
2026-03-27T15:28:00+05:30,22806.65,22806.65,22806.65,22806.65,0,0
2026-03-27T15:29:00+05:30,22807.05,22807.05,22807.05,22807.05,0,0
2026-03-27T15:30:00+05:30,22799.4,22799.4,22799.4,22799.4,0,0
2026-03-30T09:15:00+05:30,22799.4,22799.4,22799.4,22799.4,0,0
2026-03-30T09:16:00+05:30,22799.4,22799.4,22799.4,22799.4,0,0
2026-03-30T09:17:00+05:30,22799.4,22799.4,22799.4,22799.4,0,0
2026-03-30T09:18:00+05:30,22799.4,22799.4,22799.4,22799.4,0,0
2026-03-30T09:19:00+05:30,22799.4,22799.4,22799.4,22799.4,0,0
2026-03-30T09:20:00+05:30,22799.4,22799.4,22799.4,22799.4,0,0
2026-03-30T09:21:00+05:30,22799.4,22799.4,22799.4,22799.4,0,0
2026-03-30T09:22:00+05:30,22799.4,22799.4,22799.4,22799.4,0,0
2026-03-30T09:23:00+05:30,22799.4,22799.4,22799.4,22799.4,0,0
2026-03-30T09:24:00+05:30,22510.75,22510.75,22510.75,22510.75,0,0
2026-03-30T09:25:00+05:30,22519.65,22519.65,22519.65,22519.65,0,0
2026-03-30T09:26:00+05:30,22531.35,22531.35,22531.35,22531.35,0,0
2026-03-30T09:27:00+05:30,22514.25,22514.25,22514.25,22514.25,0,0
2026-03-30T09:28:00+05:30,22536.5,22536.5,22536.5,22536.5,0,0
2026-03-30T09:29:00+05:30,22563.25,22563.25,22563.25,22563.25,0,0
2026-03-30T09:30:00+05:30,22582.35,22582.35,22582.35,22582.35,0,0
2026-03-30T09:31:00+05:30,22605.15,22605.15,22605.15,22605.15,0,0
2026-03-30T09:32:00+05:30,22616.6,22616.6,22616.6,22616.6,0,0
2026-03-30T09:33:00+05:30,22617.3,22617.3,22617.3,22617.3,0,0
2026-03-30T09:34:00+05:30,22656.35,22656.35,22656.35,22656.35,0,0
2026-03-30T09:35:00+05:30,22658.7,22658.7,22658.7,22658.7,0,0
2026-03-30T09:36:00+05:30,22684.85,22684.85,22684.85,22684.85,0,0
2026-03-30T09:37:00+05:30,22691.95,22691.95,22691.95,22691.95,0,0
2026-03-30T09:38:00+05:30,22688.85,22688.85,22688.85,22688.85,0,0
2026-03-30T09:39:00+05:30,22676.6,22676.6,22676.6,22676.6,0,0
2026-03-30T09:40:00+05:30,22665.15,22665.15,22665.15,22665.15,0,0
2026-03-30T09:41:00+05:30,22678.85,22678.85,22678.85,22678.85,0,0
2026-03-30T09:42:00+05:30,22681.5,22681.5,22681.5,22681.5,0,0
2026-03-30T09:43:00+05:30,22672.55,22672.55,22672.55,22672.55,0,0
2026-03-30T09:44:00+05:30,22657.25,22657.25,22657.25,22657.25,0,0
2026-03-30T09:45:00+05:30,22677.5,22677.5,22677.5,22677.5,0,0
2026-03-30T09:46:00+05:30,22675.65,22675.65,22675.65,22675.65,0,0
2026-03-30T09:47:00+05:30,22675.9,22675.9,22675.9,22675.9,0,0
2026-03-30T09:48:00+05:30,22632.15,22632.15,22632.15,22632.15,0,0
2026-03-30T09:49:00+05:30,22635.7,22635.7,22635.7,22635.7,0,0
2026-03-30T09:50:00+05:30,22613.5,22613.5,22613.5,22613.5,0,0
2026-03-30T09:51:00+05:30,22660.1,22660.1,22660.1,22660.1,0,0
2026-03-30T09:52:00+05:30,22633.95,22633.95,22633.95,22633.95,0,0
2026-03-30T09:53:00+05:30,22630.75,22630.75,22630.75,22630.75,0,0
2026-03-30T09:54:00+05:30,22627.05,22627.05,22627.05,22627.05,0,0
2026-03-30T09:55:00+05:30,22609.05,22609.05,22609.05,22609.05,0,0
2026-03-30T09:56:00+05:30,22607.95,22607.95,22607.95,22607.95,0,0
2026-03-30T09:57:00+05:30,22622.4,22622.4,22622.4,22622.4,0,0
2026-03-30T09:58:00+05:30,22585.25,22585.25,22585.25,22585.25,0,0
2026-03-30T09:59:00+05:30,22601.8,22601.8,22601.8,22601.8,0,0
2026-03-30T10:00:00+05:30,22606.7,22606.7,22606.7,22606.7,0,0
2026-03-30T10:01:00+05:30,22615.65,22615.65,22615.65,22615.65,0,0
2026-03-30T10:02:00+05:30,22627.15,22627.15,22627.15,22627.15,0,0
2026-03-30T10:03:00+05:30,22652.5,22652.5,22652.5,22652.5,0,0
2026-03-30T10:04:00+05:30,22646.15,22646.15,22646.15,22646.15,0,0
2026-03-30T10:05:00+05:30,22639.35,22639.35,22639.35,22639.35,0,0
2026-03-30T10:06:00+05:30,22617.1,22617.1,22617.1,22617.1,0,0
2026-03-30T10:07:00+05:30,22615.1,22615.1,22615.1,22615.1,0,0
2026-03-30T10:08:00+05:30,22593.1,22593.1,22593.1,22593.1,0,0
2026-03-30T10:09:00+05:30,22587.85,22587.85,22587.85,22587.85,0,0
2026-03-30T10:10:00+05:30,22564.45,22564.45,22564.45,22564.45,0,0
2026-03-30T10:11:00+05:30,22570.25,22570.25,22570.25,22570.25,0,0
2026-03-30T10:12:00+05:30,22557.3,22557.3,22557.3,22557.3,0,0
2026-03-30T10:13:00+05:30,22545.85,22545.85,22545.85,22545.85,0,0
2026-03-30T10:14:00+05:30,22572.35,22572.35,22572.35,22572.35,0,0
2026-03-30T10:15:00+05:30,22585.1,22585.1,22585.1,22585.1,0,0
2026-03-30T10:16:00+05:30,22568.95,22568.95,22568.95,22568.95,0,0
2026-03-30T10:17:00+05:30,22560.75,22560.75,22560.75,22560.75,0,0
2026-03-30T10:18:00+05:30,22554.0,22554.0,22554.0,22554.0,0,0
2026-03-30T10:19:00+05:30,22546.35,22546.35,22546.35,22546.35,0,0
2026-03-30T10:20:00+05:30,22548.75,22548.75,22548.75,22548.75,0,0
2026-03-30T10:21:00+05:30,22545.5,22545.5,22545.5,22545.5,0,0
2026-03-30T10:22:00+05:30,22540.55,22540.55,22540.55,22540.55,0,0
2026-03-30T10:23:00+05:30,22536.15,22536.15,22536.15,22536.15,0,0
2026-03-30T10:24:00+05:30,22540.7,22540.7,22540.7,22540.7,0,0
2026-03-30T10:25:00+05:30,22539.7,22539.7,22539.7,22539.7,0,0
2026-03-30T10:26:00+05:30,22544.7,22544.7,22544.7,22544.7,0,0
2026-03-30T10:27:00+05:30,22541.6,22541.6,22541.6,22541.6,0,0
2026-03-30T10:28:00+05:30,22535.65,22535.65,22535.65,22535.65,0,0
2026-03-30T10:29:00+05:30,22532.05,22532.05,22532.05,22532.05,0,0
2026-03-30T10:30:00+05:30,22526.65,22526.65,22526.65,22526.65,0,0
2026-03-30T10:31:00+05:30,22524.65,22524.65,22524.65,22524.65,0,0
2026-03-30T10:32:00+05:30,22518.15,22518.15,22518.15,22518.15,0,0
2026-03-30T10:33:00+05:30,22514.4,22514.4,22514.4,22514.4,0,0
2026-03-30T10:34:00+05:30,22521.55,22521.55,22521.55,22521.55,0,0
2026-03-30T10:35:00+05:30,22526.05,22526.05,22526.05,22526.05,0,0
2026-03-30T10:36:00+05:30,22534.4,22534.4,22534.4,22534.4,0,0
2026-03-30T10:37:00+05:30,22529.3,22529.3,22529.3,22529.3,0,0
2026-03-30T10:38:00+05:30,22531.5,22531.5,22531.5,22531.5,0,0
2026-03-30T10:39:00+05:30,22545.1,22545.1,22545.1,22545.1,0,0
2026-03-30T10:40:00+05:30,22549.25,22549.25,22549.25,22549.25,0,0
2026-03-30T10:41:00+05:30,22523.65,22523.65,22523.65,22523.65,0,0
2026-03-30T10:42:00+05:30,22525.35,22525.35,22525.35,22525.35,0,0
2026-03-30T10:43:00+05:30,22510.2,22510.2,22510.2,22510.2,0,0
2026-03-30T10:44:00+05:30,22505.6,22505.6,22505.6,22505.6,0,0
2026-03-30T10:45:00+05:30,22504.8,22504.8,22504.8,22504.8,0,0
2026-03-30T10:46:00+05:30,22522.25,22522.25,22522.25,22522.25,0,0
2026-03-30T10:47:00+05:30,22513.15,22513.15,22513.15,22513.15,0,0
2026-03-30T10:48:00+05:30,22533.75,22533.75,22533.75,22533.75,0,0
2026-03-30T10:49:00+05:30,22529.25,22529.25,22529.25,22529.25,0,0
2026-03-30T10:50:00+05:30,22530.6,22530.6,22530.6,22530.6,0,0
2026-03-30T10:51:00+05:30,22517.2,22517.2,22517.2,22517.2,0,0
2026-03-30T10:52:00+05:30,22509.95,22509.95,22509.95,22509.95,0,0
2026-03-30T10:53:00+05:30,22499.9,22499.9,22499.9,22499.9,0,0
2026-03-30T10:54:00+05:30,22485.95,22485.95,22485.95,22485.95,0,0
2026-03-30T10:55:00+05:30,22481.65,22481.65,22481.65,22481.65,0,0
2026-03-30T10:56:00+05:30,22499.1,22499.1,22499.1,22499.1,0,0
2026-03-30T10:57:00+05:30,22513.6,22513.6,22513.6,22513.6,0,0
2026-03-30T10:58:00+05:30,22500.6,22500.6,22500.6,22500.6,0,0
2026-03-30T10:59:00+05:30,22496.55,22496.55,22496.55,22496.55,0,0
2026-03-30T11:00:00+05:30,22492.05,22492.05,22492.05,22492.05,0,0
2026-03-30T11:01:00+05:30,22482.45,22482.45,22482.45,22482.45,0,0
2026-03-30T11:02:00+05:30,22488.45,22488.45,22488.45,22488.45,0,0
2026-03-30T11:03:00+05:30,22497.15,22497.15,22497.15,22497.15,0,0
2026-03-30T11:04:00+05:30,22501.7,22501.7,22501.7,22501.7,0,0
2026-03-30T11:05:00+05:30,22504.2,22504.2,22504.2,22504.2,0,0
2026-03-30T11:06:00+05:30,22497.05,22497.05,22497.05,22497.05,0,0
2026-03-30T11:07:00+05:30,22497.35,22497.35,22497.35,22497.35,0,0
2026-03-30T11:08:00+05:30,22486.55,22486.55,22486.55,22486.55,0,0
2026-03-30T11:09:00+05:30,22472.85,22472.85,22472.85,22472.85,0,0
2026-03-30T11:10:00+05:30,22467.5,22467.5,22467.5,22467.5,0,0
2026-03-30T11:11:00+05:30,22459.0,22459.0,22459.0,22459.0,0,0
2026-03-30T11:12:00+05:30,22450.15,22450.15,22450.15,22450.15,0,0
2026-03-30T11:13:00+05:30,22469.2,22469.2,22469.2,22469.2,0,0
2026-03-30T11:14:00+05:30,22469.25,22469.25,22469.25,22469.25,0,0
2026-03-30T11:15:00+05:30,22469.9,22469.9,22469.9,22469.9,0,0
2026-03-30T11:16:00+05:30,22468.95,22468.95,22468.95,22468.95,0,0
2026-03-30T11:17:00+05:30,22470.55,22470.55,22470.55,22470.55,0,0
2026-03-30T11:18:00+05:30,22473.05,22473.05,22473.05,22473.05,0,0
2026-03-30T11:19:00+05:30,22474.3,22474.3,22474.3,22474.3,0,0
2026-03-30T11:20:00+05:30,22467.75,22467.75,22467.75,22467.75,0,0
2026-03-30T11:21:00+05:30,22482.25,22482.25,22482.25,22482.25,0,0
2026-03-30T11:22:00+05:30,22475.5,22475.5,22475.5,22475.5,0,0
2026-03-30T11:23:00+05:30,22476.5,22476.5,22476.5,22476.5,0,0
2026-03-30T11:24:00+05:30,22477.85,22477.85,22477.85,22477.85,0,0
2026-03-30T11:25:00+05:30,22481.9,22481.9,22481.9,22481.9,0,0
2026-03-30T11:26:00+05:30,22466.0,22466.0,22466.0,22466.0,0,0
2026-03-30T11:27:00+05:30,22469.0,22469.0,22469.0,22469.0,0,0
2026-03-30T11:28:00+05:30,22462.25,22462.25,22462.25,22462.25,0,0
2026-03-30T11:29:00+05:30,22459.4,22459.4,22459.4,22459.4,0,0
2026-03-30T11:30:00+05:30,22454.05,22454.05,22454.05,22454.05,0,0
2026-03-30T11:31:00+05:30,22468.75,22468.75,22468.75,22468.75,0,0
2026-03-30T11:32:00+05:30,22486.7,22486.7,22486.7,22486.7,0,0
2026-03-30T11:33:00+05:30,22480.15,22480.15,22480.15,22480.15,0,0
2026-03-30T11:34:00+05:30,22502.7,22502.7,22502.7,22502.7,0,0
2026-03-30T11:35:00+05:30,22519.35,22519.35,22519.35,22519.35,0,0
2026-03-30T11:36:00+05:30,22507.0,22507.0,22507.0,22507.0,0,0
2026-03-30T11:37:00+05:30,22527.0,22527.0,22527.0,22527.0,0,0
2026-03-30T11:38:00+05:30,22528.55,22528.55,22528.55,22528.55,0,0
2026-03-30T11:39:00+05:30,22508.25,22508.25,22508.25,22508.25,0,0
2026-03-30T11:40:00+05:30,22502.7,22502.7,22502.7,22502.7,0,0
2026-03-30T11:41:00+05:30,22502.35,22502.35,22502.35,22502.35,0,0
2026-03-30T11:42:00+05:30,22499.5,22499.5,22499.5,22499.5,0,0
2026-03-30T11:43:00+05:30,22493.15,22493.15,22493.15,22493.15,0,0
2026-03-30T11:44:00+05:30,22487.65,22487.65,22487.65,22487.65,0,0
2026-03-30T11:45:00+05:30,22471.3,22471.3,22471.3,22471.3,0,0
2026-03-30T11:46:00+05:30,22466.35,22466.35,22466.35,22466.35,0,0
2026-03-30T11:47:00+05:30,22457.1,22457.1,22457.1,22457.1,0,0
2026-03-30T11:48:00+05:30,22463.55,22463.55,22463.55,22463.55,0,0
2026-03-30T11:49:00+05:30,22460.55,22460.55,22460.55,22460.55,0,0
2026-03-30T11:50:00+05:30,22454.75,22454.75,22454.75,22454.75,0,0
2026-03-30T11:51:00+05:30,22462.0,22462.0,22462.0,22462.0,0,0
2026-03-30T11:52:00+05:30,22456.25,22456.25,22456.25,22456.25,0,0
2026-03-30T11:53:00+05:30,22452.65,22452.65,22452.65,22452.65,0,0
2026-03-30T11:54:00+05:30,22467.95,22467.95,22467.95,22467.95,0,0
2026-03-30T11:55:00+05:30,22472.1,22472.1,22472.1,22472.1,0,0
2026-03-30T11:56:00+05:30,22469.7,22469.7,22469.7,22469.7,0,0
2026-03-30T11:57:00+05:30,22472.6,22472.6,22472.6,22472.6,0,0
2026-03-30T11:58:00+05:30,22473.1,22473.1,22473.1,22473.1,0,0
2026-03-30T11:59:00+05:30,22480.2,22480.2,22480.2,22480.2,0,0
2026-03-30T12:00:00+05:30,22479.4,22479.4,22479.4,22479.4,0,0
2026-03-30T12:01:00+05:30,22499.7,22499.7,22499.7,22499.7,0,0
2026-03-30T12:02:00+05:30,22523.0,22523.0,22523.0,22523.0,0,0
2026-03-30T12:03:00+05:30,22553.0,22553.0,22553.0,22553.0,0,0
2026-03-30T12:04:00+05:30,22543.35,22543.35,22543.35,22543.35,0,0
2026-03-30T12:05:00+05:30,22574.9,22574.9,22574.9,22574.9,0,0
2026-03-30T12:06:00+05:30,22576.6,22576.6,22576.6,22576.6,0,0
2026-03-30T12:07:00+05:30,22570.5,22570.5,22570.5,22570.5,0,0
2026-03-30T12:08:00+05:30,22557.65,22557.65,22557.65,22557.65,0,0
2026-03-30T12:09:00+05:30,22562.8,22562.8,22562.8,22562.8,0,0
2026-03-30T12:10:00+05:30,22563.1,22563.1,22563.1,22563.1,0,0
2026-03-30T12:11:00+05:30,22573.0,22573.0,22573.0,22573.0,0,0
2026-03-30T12:12:00+05:30,22572.4,22572.4,22572.4,22572.4,0,0
2026-03-30T12:13:00+05:30,22564.85,22564.85,22564.85,22564.85,0,0
2026-03-30T12:14:00+05:30,22575.65,22575.65,22575.65,22575.65,0,0
2026-03-30T12:15:00+05:30,22562.9,22562.9,22562.9,22562.9,0,0
2026-03-30T12:16:00+05:30,22573.55,22573.55,22573.55,22573.55,0,0
2026-03-30T12:17:00+05:30,22563.75,22563.75,22563.75,22563.75,0,0
2026-03-30T12:18:00+05:30,22558.55,22558.55,22558.55,22558.55,0,0
2026-03-30T12:19:00+05:30,22555.6,22555.6,22555.6,22555.6,0,0
2026-03-30T12:20:00+05:30,22572.15,22572.15,22572.15,22572.15,0,0
2026-03-30T12:21:00+05:30,22582.0,22582.0,22582.0,22582.0,0,0
2026-03-30T12:22:00+05:30,22572.5,22572.5,22572.5,22572.5,0,0
2026-03-30T12:23:00+05:30,22547.9,22547.9,22547.9,22547.9,0,0
2026-03-30T12:24:00+05:30,22530.4,22530.4,22530.4,22530.4,0,0
2026-03-30T12:25:00+05:30,22529.95,22529.95,22529.95,22529.95,0,0
2026-03-30T12:26:00+05:30,22512.9,22512.9,22512.9,22512.9,0,0
2026-03-30T12:27:00+05:30,22511.25,22511.25,22511.25,22511.25,0,0
2026-03-30T12:28:00+05:30,22507.0,22507.0,22507.0,22507.0,0,0
2026-03-30T12:29:00+05:30,22500.8,22500.8,22500.8,22500.8,0,0
2026-03-30T12:30:00+05:30,22509.2,22509.2,22509.2,22509.2,0,0
2026-03-30T12:31:00+05:30,22507.15,22507.15,22507.15,22507.15,0,0
2026-03-30T12:32:00+05:30,22508.7,22508.7,22508.7,22508.7,0,0
2026-03-30T12:33:00+05:30,22504.75,22504.75,22504.75,22504.75,0,0
2026-03-30T12:34:00+05:30,22510.65,22510.65,22510.65,22510.65,0,0
2026-03-30T12:35:00+05:30,22520.95,22520.95,22520.95,22520.95,0,0
2026-03-30T12:36:00+05:30,22521.25,22521.25,22521.25,22521.25,0,0
2026-03-30T12:37:00+05:30,22538.3,22538.3,22538.3,22538.3,0,0
2026-03-30T12:38:00+05:30,22545.15,22545.15,22545.15,22545.15,0,0
2026-03-30T12:39:00+05:30,22569.3,22569.3,22569.3,22569.3,0,0
2026-03-30T12:40:00+05:30,22567.4,22567.4,22567.4,22567.4,0,0
2026-03-30T12:41:00+05:30,22570.7,22570.7,22570.7,22570.7,0,0
2026-03-30T12:42:00+05:30,22571.8,22571.8,22571.8,22571.8,0,0
2026-03-30T12:43:00+05:30,22561.75,22561.75,22561.75,22561.75,0,0
2026-03-30T12:44:00+05:30,22568.6,22568.6,22568.6,22568.6,0,0
2026-03-30T12:45:00+05:30,22562.85,22562.85,22562.85,22562.85,0,0
2026-03-30T12:46:00+05:30,22547.7,22547.7,22547.7,22547.7,0,0
2026-03-30T12:47:00+05:30,22537.05,22537.05,22537.05,22537.05,0,0
2026-03-30T12:48:00+05:30,22539.65,22539.65,22539.65,22539.65,0,0
2026-03-30T12:49:00+05:30,22530.75,22530.75,22530.75,22530.75,0,0
2026-03-30T12:50:00+05:30,22526.35,22526.35,22526.35,22526.35,0,0
2026-03-30T12:51:00+05:30,22532.7,22532.7,22532.7,22532.7,0,0
2026-03-30T12:52:00+05:30,22508.9,22508.9,22508.9,22508.9,0,0
2026-03-30T12:53:00+05:30,22490.4,22490.4,22490.4,22490.4,0,0
2026-03-30T12:54:00+05:30,22495.65,22495.65,22495.65,22495.65,0,0
2026-03-30T12:55:00+05:30,22499.15,22499.15,22499.15,22499.15,0,0
2026-03-30T12:56:00+05:30,22490.65,22490.65,22490.65,22490.65,0,0
2026-03-30T12:57:00+05:30,22494.5,22494.5,22494.5,22494.5,0,0
2026-03-30T12:58:00+05:30,22500.95,22500.95,22500.95,22500.95,0,0
2026-03-30T12:59:00+05:30,22497.05,22497.05,22497.05,22497.05,0,0
2026-03-30T13:00:00+05:30,22502.3,22502.3,22502.3,22502.3,0,0
2026-03-30T13:01:00+05:30,22490.25,22490.25,22490.25,22490.25,0,0
2026-03-30T13:02:00+05:30,22480.65,22480.65,22480.65,22480.65,0,0
2026-03-30T13:03:00+05:30,22479.95,22479.95,22479.95,22479.95,0,0
2026-03-30T13:04:00+05:30,22485.6,22485.6,22485.6,22485.6,0,0
2026-03-30T13:05:00+05:30,22493.15,22493.15,22493.15,22493.15,0,0
2026-03-30T13:06:00+05:30,22495.35,22495.35,22495.35,22495.35,0,0
2026-03-30T13:07:00+05:30,22495.55,22495.55,22495.55,22495.55,0,0
2026-03-30T13:08:00+05:30,22490.75,22490.75,22490.75,22490.75,0,0
2026-03-30T13:09:00+05:30,22490.9,22490.9,22490.9,22490.9,0,0
2026-03-30T13:10:00+05:30,22490.8,22490.8,22490.8,22490.8,0,0
2026-03-30T13:11:00+05:30,22495.4,22495.4,22495.4,22495.4,0,0
2026-03-30T13:12:00+05:30,22502.3,22502.3,22502.3,22502.3,0,0
2026-03-30T13:13:00+05:30,22483.4,22483.4,22483.4,22483.4,0,0
2026-03-30T13:14:00+05:30,22491.85,22491.85,22491.85,22491.85,0,0
2026-03-30T13:15:00+05:30,22496.85,22496.85,22496.85,22496.85,0,0
2026-03-30T13:16:00+05:30,22509.45,22509.45,22509.45,22509.45,0,0
2026-03-30T13:17:00+05:30,22503.15,22503.15,22503.15,22503.15,0,0
2026-03-30T13:18:00+05:30,22489.9,22489.9,22489.9,22489.9,0,0
2026-03-30T13:19:00+05:30,22487.4,22487.4,22487.4,22487.4,0,0
2026-03-30T13:20:00+05:30,22485.25,22485.25,22485.25,22485.25,0,0
2026-03-30T13:21:00+05:30,22495.65,22495.65,22495.65,22495.65,0,0
2026-03-30T13:22:00+05:30,22493.3,22493.3,22493.3,22493.3,0,0
2026-03-30T13:23:00+05:30,22490.3,22490.3,22490.3,22490.3,0,0
2026-03-30T13:24:00+05:30,22491.05,22491.05,22491.05,22491.05,0,0
2026-03-30T13:25:00+05:30,22476.75,22476.75,22476.75,22476.75,0,0
2026-03-30T13:26:00+05:30,22453.15,22453.15,22453.15,22453.15,0,0
2026-03-30T13:27:00+05:30,22472.25,22472.25,22472.25,22472.25,0,0
2026-03-30T13:28:00+05:30,22467.2,22467.2,22467.2,22467.2,0,0
2026-03-30T13:29:00+05:30,22477.85,22477.85,22477.85,22477.85,0,0
2026-03-30T13:30:00+05:30,22477.0,22477.0,22477.0,22477.0,0,0
2026-03-30T13:31:00+05:30,22461.6,22461.6,22461.6,22461.6,0,0
2026-03-30T13:32:00+05:30,22476.95,22476.95,22476.95,22476.95,0,0
2026-03-30T13:33:00+05:30,22469.5,22469.5,22469.5,22469.5,0,0
2026-03-30T13:34:00+05:30,22481.65,22481.65,22481.65,22481.65,0,0
2026-03-30T13:35:00+05:30,22500.25,22500.25,22500.25,22500.25,0,0
2026-03-30T13:36:00+05:30,22499.5,22499.5,22499.5,22499.5,0,0
2026-03-30T13:37:00+05:30,22480.6,22480.6,22480.6,22480.6,0,0
2026-03-30T13:38:00+05:30,22482.2,22482.2,22482.2,22482.2,0,0
2026-03-30T13:39:00+05:30,22490.55,22490.55,22490.55,22490.55,0,0
2026-03-30T13:40:00+05:30,22498.9,22498.9,22498.9,22498.9,0,0
2026-03-30T13:41:00+05:30,22493.25,22493.25,22493.25,22493.25,0,0
2026-03-30T13:42:00+05:30,22479.0,22479.0,22479.0,22479.0,0,0
2026-03-30T13:43:00+05:30,22456.7,22456.7,22456.7,22456.7,0,0
2026-03-30T13:44:00+05:30,22457.75,22457.75,22457.75,22457.75,0,0
2026-03-30T13:45:00+05:30,22467.65,22467.65,22467.65,22467.65,0,0
2026-03-30T13:46:00+05:30,22469.6,22469.6,22469.6,22469.6,0,0
2026-03-30T13:47:00+05:30,22460.6,22460.6,22460.6,22460.6,0,0
2026-03-30T13:48:00+05:30,22457.7,22457.7,22457.7,22457.7,0,0
2026-03-30T13:49:00+05:30,22459.65,22459.65,22459.65,22459.65,0,0
2026-03-30T13:50:00+05:30,22450.65,22450.65,22450.65,22450.65,0,0
2026-03-30T13:51:00+05:30,22447.1,22447.1,22447.1,22447.1,0,0
2026-03-30T13:52:00+05:30,22445.3,22445.3,22445.3,22445.3,0,0
2026-03-30T13:53:00+05:30,22422.25,22422.25,22422.25,22422.25,0,0
2026-03-30T13:54:00+05:30,22427.2,22427.2,22427.2,22427.2,0,0
2026-03-30T13:55:00+05:30,22428.4,22428.4,22428.4,22428.4,0,0
2026-03-30T13:56:00+05:30,22428.3,22428.3,22428.3,22428.3,0,0
2026-03-30T13:57:00+05:30,22439.1,22439.1,22439.1,22439.1,0,0
2026-03-30T13:58:00+05:30,22432.15,22432.15,22432.15,22432.15,0,0
2026-03-30T13:59:00+05:30,22424.35,22424.35,22424.35,22424.35,0,0
2026-03-30T14:00:00+05:30,22436.75,22436.75,22436.75,22436.75,0,0
2026-03-30T14:01:00+05:30,22444.6,22444.6,22444.6,22444.6,0,0
2026-03-30T14:02:00+05:30,22455.35,22455.35,22455.35,22455.35,0,0
2026-03-30T14:03:00+05:30,22478.4,22478.4,22478.4,22478.4,0,0
2026-03-30T14:04:00+05:30,22486.1,22486.1,22486.1,22486.1,0,0
2026-03-30T14:05:00+05:30,22472.0,22472.0,22472.0,22472.0,0,0
2026-03-30T14:06:00+05:30,22463.15,22463.15,22463.15,22463.15,0,0
2026-03-30T14:07:00+05:30,22462.25,22462.25,22462.25,22462.25,0,0
2026-03-30T14:08:00+05:30,22479.55,22479.55,22479.55,22479.55,0,0
2026-03-30T14:09:00+05:30,22462.1,22462.1,22462.1,22462.1,0,0
2026-03-30T14:10:00+05:30,22444.9,22444.9,22444.9,22444.9,0,0
2026-03-30T14:11:00+05:30,22434.15,22434.15,22434.15,22434.15,0,0
2026-03-30T14:12:00+05:30,22430.85,22430.85,22430.85,22430.85,0,0
2026-03-30T14:13:00+05:30,22423.8,22423.8,22423.8,22423.8,0,0
2026-03-30T14:14:00+05:30,22423.55,22423.55,22423.55,22423.55,0,0
2026-03-30T14:15:00+05:30,22424.45,22424.45,22424.45,22424.45,0,0
2026-03-30T14:16:00+05:30,22429.65,22429.65,22429.65,22429.65,0,0
2026-03-30T14:17:00+05:30,22422.4,22422.4,22422.4,22422.4,0,0
2026-03-30T14:18:00+05:30,22416.45,22416.45,22416.45,22416.45,0,0
2026-03-30T14:19:00+05:30,22421.1,22421.1,22421.1,22421.1,0,0
2026-03-30T14:20:00+05:30,22442.4,22442.4,22442.4,22442.4,0,0
2026-03-30T14:21:00+05:30,22416.05,22416.05,22416.05,22416.05,0,0
2026-03-30T14:22:00+05:30,22414.8,22414.8,22414.8,22414.8,0,0
2026-03-30T14:23:00+05:30,22391.8,22391.8,22391.8,22391.8,0,0
2026-03-30T14:24:00+05:30,22396.3,22396.3,22396.3,22396.3,0,0
2026-03-30T14:25:00+05:30,22396.85,22396.85,22396.85,22396.85,0,0
2026-03-30T14:26:00+05:30,22389.25,22389.25,22389.25,22389.25,0,0
2026-03-30T14:27:00+05:30,22394.7,22394.7,22394.7,22394.7,0,0
2026-03-30T14:28:00+05:30,22391.35,22391.35,22391.35,22391.35,0,0
2026-03-30T14:29:00+05:30,22392.4,22392.4,22392.4,22392.4,0,0
2026-03-30T14:30:00+05:30,22384.95,22384.95,22384.95,22384.95,0,0
2026-03-30T14:31:00+05:30,22414.3,22414.3,22414.3,22414.3,0,0
2026-03-30T14:32:00+05:30,22398.65,22398.65,22398.65,22398.65,0,0
2026-03-30T14:33:00+05:30,22392.05,22392.05,22392.05,22392.05,0,0
2026-03-30T14:34:00+05:30,22368.25,22368.25,22368.25,22368.25,0,0
2026-03-30T14:35:00+05:30,22367.7,22367.7,22367.7,22367.7,0,0
2026-03-30T14:36:00+05:30,22375.05,22375.05,22375.05,22375.05,0,0
2026-03-30T14:37:00+05:30,22370.35,22370.35,22370.35,22370.35,0,0
2026-03-30T14:38:00+05:30,22372.45,22372.45,22372.45,22372.45,0,0
2026-03-30T14:39:00+05:30,22362.5,22362.5,22362.5,22362.5,0,0
2026-03-30T14:40:00+05:30,22370.0,22370.0,22370.0,22370.0,0,0
2026-03-30T14:41:00+05:30,22368.05,22368.05,22368.05,22368.05,0,0
2026-03-30T14:42:00+05:30,22380.05,22380.05,22380.05,22380.05,0,0
2026-03-30T14:43:00+05:30,22377.15,22377.15,22377.15,22377.15,0,0
2026-03-30T14:44:00+05:30,22373.4,22373.4,22373.4,22373.4,0,0
2026-03-30T14:45:00+05:30,22374.6,22374.6,22374.6,22374.6,0,0
2026-03-30T14:46:00+05:30,22372.35,22372.35,22372.35,22372.35,0,0
2026-03-30T14:47:00+05:30,22361.45,22361.45,22361.45,22361.45,0,0
2026-03-30T14:48:00+05:30,22357.3,22357.3,22357.3,22357.3,0,0
2026-03-30T14:49:00+05:30,22367.3,22367.3,22367.3,22367.3,0,0
2026-03-30T14:50:00+05:30,22386.4,22386.4,22386.4,22386.4,0,0
2026-03-30T14:51:00+05:30,22376.9,22376.9,22376.9,22376.9,0,0
2026-03-30T14:52:00+05:30,22369.85,22369.85,22369.85,22369.85,0,0
2026-03-30T14:53:00+05:30,22360.0,22360.0,22360.0,22360.0,0,0
2026-03-30T14:54:00+05:30,22351.4,22351.4,22351.4,22351.4,0,0
2026-03-30T14:55:00+05:30,22352.1,22352.1,22352.1,22352.1,0,0
2026-03-30T14:56:00+05:30,22356.95,22356.95,22356.95,22356.95,0,0
2026-03-30T14:57:00+05:30,22336.5,22336.5,22336.5,22336.5,0,0
2026-03-30T14:58:00+05:30,22353.85,22353.85,22353.85,22353.85,0,0
2026-03-30T14:59:00+05:30,22347.65,22347.65,22347.65,22347.65,0,0
2026-03-30T15:00:00+05:30,22323.8,22323.8,22323.8,22323.8,0,0
2026-03-30T15:01:00+05:30,22337.35,22337.35,22337.35,22337.35,0,0
2026-03-30T15:02:00+05:30,22318.65,22318.65,22318.65,22318.65,0,0
2026-03-30T15:03:00+05:30,22303.3,22303.3,22303.3,22303.3,0,0
2026-03-30T15:04:00+05:30,22296.55,22296.55,22296.55,22296.55,0,0
2026-03-30T15:05:00+05:30,22300.45,22300.45,22300.45,22300.45,0,0
2026-03-30T15:06:00+05:30,22298.4,22298.4,22298.4,22298.4,0,0
2026-03-30T15:07:00+05:30,22298.95,22298.95,22298.95,22298.95,0,0
2026-03-30T15:08:00+05:30,22293.95,22293.95,22293.95,22293.95,0,0
2026-03-30T15:09:00+05:30,22297.0,22297.0,22297.0,22297.0,0,0
2026-03-30T15:10:00+05:30,22299.85,22299.85,22299.85,22299.85,0,0
2026-03-30T15:11:00+05:30,22314.8,22314.8,22314.8,22314.8,0,0
2026-03-30T15:12:00+05:30,22325.2,22325.2,22325.2,22325.2,0,0
2026-03-30T15:13:00+05:30,22320.65,22320.65,22320.65,22320.65,0,0
2026-03-30T15:14:00+05:30,22324.05,22324.05,22324.05,22324.05,0,0
2026-03-30T15:15:00+05:30,22321.5,22321.5,22321.5,22321.5,0,0
2026-03-30T15:16:00+05:30,22330.4,22330.4,22330.4,22330.4,0,0
2026-03-30T15:17:00+05:30,22330.3,22330.3,22330.3,22330.3,0,0
2026-03-30T15:18:00+05:30,22328.45,22328.45,22328.45,22328.45,0,0
2026-03-30T15:19:00+05:30,22326.4,22326.4,22326.4,22326.4,0,0
2026-03-30T15:20:00+05:30,22327.15,22327.15,22327.15,22327.15,0,0
2026-03-30T15:21:00+05:30,22329.15,22329.15,22329.15,22329.15,0,0
2026-03-30T15:22:00+05:30,22333.15,22333.15,22333.15,22333.15,0,0
2026-03-30T15:23:00+05:30,22332.55,22332.55,22332.55,22332.55,0,0
2026-03-30T15:24:00+05:30,22332.95,22332.95,22332.95,22332.95,0,0
2026-03-30T15:25:00+05:30,22329.7,22329.7,22329.7,22329.7,0,0
2026-03-30T15:26:00+05:30,22331.6,22331.6,22331.6,22331.6,0,0
2026-03-30T15:27:00+05:30,22332.0,22332.0,22332.0,22332.0,0,0
2026-03-30T15:28:00+05:30,22331.9,22331.9,22331.9,22331.9,0,0
2026-03-30T15:29:00+05:30,22331.9,22331.9,22331.9,22331.9,0,0
2026-03-30T15:30:00+05:30,22331.75,22331.75,22331.75,22331.75,0,0
2026-04-01T09:15:00+05:30,22331.75,22331.75,22331.75,22331.75,0,0
2026-04-01T09:16:00+05:30,22331.75,22331.75,22331.75,22331.75,0,0
2026-04-01T09:17:00+05:30,22331.75,22331.75,22331.75,22331.75,0,0
2026-04-01T09:18:00+05:30,22331.75,22331.75,22331.75,22331.75,0,0
2026-04-01T09:19:00+05:30,22331.75,22331.75,22331.75,22331.75,0,0
2026-04-01T09:20:00+05:30,22331.75,22331.75,22331.75,22331.75,0,0
2026-04-01T09:21:00+05:30,22331.75,22331.75,22331.75,22331.75,0,0
2026-04-01T09:22:00+05:30,22331.75,22331.75,22331.75,22331.75,0,0
2026-04-01T09:23:00+05:30,22331.75,22331.75,22331.75,22331.75,0,0
2026-04-01T09:24:00+05:30,22331.75,22331.75,22331.75,22331.75,0,0
2026-04-01T09:25:00+05:30,22331.75,22331.75,22331.75,22331.75,0,0
2026-04-01T09:26:00+05:30,22331.75,22331.75,22331.75,22331.75,0,0
2026-04-01T09:27:00+05:30,22331.75,22331.75,22331.75,22331.75,0,0
2026-04-01T09:28:00+05:30,22331.75,22331.75,22331.75,22331.75,0,0
2026-04-01T09:29:00+05:30,22331.75,22331.75,22331.75,22331.75,0,0
2026-04-01T09:30:00+05:30,22331.75,22331.75,22331.75,22331.75,0,0
2026-04-01T09:31:00+05:30,22331.75,22331.75,22331.75,22331.75,0,0
2026-04-01T09:32:00+05:30,22331.75,22331.75,22331.75,22331.75,0,0
2026-04-01T09:33:00+05:30,22331.75,22331.75,22331.75,22331.75,0,0
2026-04-01T09:34:00+05:30,22331.75,22331.75,22331.75,22331.75,0,0
2026-04-01T09:35:00+05:30,22331.75,22331.75,22331.75,22331.75,0,0
2026-04-01T09:36:00+05:30,22331.75,22331.75,22331.75,22331.75,0,0
2026-04-01T09:37:00+05:30,22331.75,22331.75,22331.75,22331.75,0,0
2026-04-01T09:38:00+05:30,22331.75,22331.75,22331.75,22331.75,0,0
2026-04-01T09:39:00+05:30,22331.75,22331.75,22331.75,22331.75,0,0
2026-04-01T09:40:00+05:30,22331.75,22331.75,22331.75,22331.75,0,0
2026-04-01T09:41:00+05:30,22331.75,22331.75,22331.75,22331.75,0,0
2026-04-01T09:43:00+05:30,22872.35,22872.35,22872.35,22872.35,0,0
2026-04-01T09:44:00+05:30,22870.75,22870.75,22870.75,22870.75,0,0
2026-04-01T09:45:00+05:30,22884.25,22884.25,22884.25,22884.25,0,0
2026-04-01T09:46:00+05:30,22877.1,22877.1,22877.1,22877.1,0,0
2026-04-01T09:47:00+05:30,22878.9,22878.9,22878.9,22878.9,0,0
2026-04-01T09:48:00+05:30,22891.45,22891.45,22891.45,22891.45,0,0
2026-04-01T09:49:00+05:30,22914.9,22914.9,22914.9,22914.9,0,0
2026-04-01T09:50:00+05:30,22919.3,22919.3,22919.3,22919.3,0,0
2026-04-01T09:51:00+05:30,22935.9,22935.9,22935.9,22935.9,0,0
2026-04-01T09:52:00+05:30,22944.7,22944.7,22944.7,22944.7,0,0
2026-04-01T09:53:00+05:30,22948.85,22948.85,22948.85,22948.85,0,0
2026-04-01T09:54:00+05:30,22934.1,22934.1,22934.1,22934.1,0,0
2026-04-01T09:55:00+05:30,22937.25,22937.25,22937.25,22937.25,0,0
2026-04-01T09:56:00+05:30,22919.65,22919.65,22919.65,22919.65,0,0
2026-04-01T09:57:00+05:30,22923.85,22923.85,22923.85,22923.85,0,0
2026-04-01T09:58:00+05:30,22924.8,22924.8,22924.8,22924.8,0,0
2026-04-01T09:59:00+05:30,22918.85,22918.85,22918.85,22918.85,0,0
2026-04-01T10:00:00+05:30,22930.85,22930.85,22930.85,22930.85,0,0
2026-04-01T10:01:00+05:30,22929.7,22929.7,22929.7,22929.7,0,0
2026-04-01T10:02:00+05:30,22944.45,22944.45,22944.45,22944.45,0,0
2026-04-01T10:03:00+05:30,22956.75,22956.75,22956.75,22956.75,0,0
2026-04-01T10:04:00+05:30,22965.35,22965.35,22965.35,22965.35,0,0
2026-04-01T10:05:00+05:30,22958.1,22958.1,22958.1,22958.1,0,0
2026-04-01T10:06:00+05:30,22948.55,22948.55,22948.55,22948.55,0,0
2026-04-01T10:07:00+05:30,22944.45,22944.45,22944.45,22944.45,0,0
2026-04-01T10:08:00+05:30,22938.55,22938.55,22938.55,22938.55,0,0
2026-04-01T10:09:00+05:30,22937.75,22937.75,22937.75,22937.75,0,0
2026-04-01T10:10:00+05:30,22929.6,22929.6,22929.6,22929.6,0,0
2026-04-01T10:11:00+05:30,22908.9,22908.9,22908.9,22908.9,0,0
2026-04-01T10:12:00+05:30,22912.45,22912.45,22912.45,22912.45,0,0
2026-04-01T10:13:00+05:30,22898.15,22898.15,22898.15,22898.15,0,0
2026-04-01T10:14:00+05:30,22899.75,22899.75,22899.75,22899.75,0,0
2026-04-01T10:15:00+05:30,22908.95,22908.95,22908.95,22908.95,0,0
2026-04-01T10:16:00+05:30,22897.95,22897.95,22897.95,22897.95,0,0
2026-04-01T10:17:00+05:30,22895.8,22895.8,22895.8,22895.8,0,0
2026-04-01T10:18:00+05:30,22891.25,22891.25,22891.25,22891.25,0,0
2026-04-01T10:19:00+05:30,22904.0,22904.0,22904.0,22904.0,0,0
2026-04-01T10:20:00+05:30,22901.7,22901.7,22901.7,22901.7,0,0
2026-04-01T10:21:00+05:30,22899.95,22899.95,22899.95,22899.95,0,0
2026-04-01T10:22:00+05:30,22883.1,22883.1,22883.1,22883.1,0,0
2026-04-01T10:23:00+05:30,22875.65,22875.65,22875.65,22875.65,0,0
2026-04-01T10:24:00+05:30,22864.95,22864.95,22864.95,22864.95,0,0
2026-04-01T10:25:00+05:30,22840.55,22840.55,22840.55,22840.55,0,0
2026-04-01T10:26:00+05:30,22832.45,22832.45,22832.45,22832.45,0,0
2026-04-01T10:27:00+05:30,22820.95,22820.95,22820.95,22820.95,0,0
2026-04-01T10:28:00+05:30,22803.85,22803.85,22803.85,22803.85,0,0
2026-04-01T10:29:00+05:30,22799.75,22799.75,22799.75,22799.75,0,0
2026-04-01T10:30:00+05:30,22809.5,22809.5,22809.5,22809.5,0,0
2026-04-01T10:31:00+05:30,22821.55,22821.55,22821.55,22821.55,0,0
2026-04-01T10:32:00+05:30,22830.4,22830.4,22830.4,22830.4,0,0
2026-04-01T10:33:00+05:30,22828.0,22828.0,22828.0,22828.0,0,0
2026-04-01T10:34:00+05:30,22825.3,22825.3,22825.3,22825.3,0,0
2026-04-01T10:35:00+05:30,22826.05,22826.05,22826.05,22826.05,0,0
2026-04-01T10:36:00+05:30,22835.15,22835.15,22835.15,22835.15,0,0
2026-04-01T10:37:00+05:30,22839.1,22839.1,22839.1,22839.1,0,0
2026-04-01T10:38:00+05:30,22837.4,22837.4,22837.4,22837.4,0,0
2026-04-01T10:39:00+05:30,22841.25,22841.25,22841.25,22841.25,0,0
2026-04-01T10:40:00+05:30,22833.3,22833.3,22833.3,22833.3,0,0
2026-04-01T10:41:00+05:30,22831.15,22831.15,22831.15,22831.15,0,0
2026-04-01T10:42:00+05:30,22818.7,22818.7,22818.7,22818.7,0,0
2026-04-01T10:43:00+05:30,22840.25,22840.25,22840.25,22840.25,0,0
2026-04-01T10:44:00+05:30,22842.1,22842.1,22842.1,22842.1,0,0
2026-04-01T10:45:00+05:30,22834.35,22834.35,22834.35,22834.35,0,0
2026-04-01T10:46:00+05:30,22833.9,22833.9,22833.9,22833.9,0,0
2026-04-01T10:47:00+05:30,22832.0,22832.0,22832.0,22832.0,0,0
2026-04-01T10:48:00+05:30,22851.0,22851.0,22851.0,22851.0,0,0
2026-04-01T10:49:00+05:30,22832.1,22832.1,22832.1,22832.1,0,0
2026-04-01T10:50:00+05:30,22822.95,22822.95,22822.95,22822.95,0,0
2026-04-01T10:51:00+05:30,22828.85,22828.85,22828.85,22828.85,0,0
2026-04-01T10:52:00+05:30,22831.4,22831.4,22831.4,22831.4,0,0
2026-04-01T10:53:00+05:30,22822.0,22822.0,22822.0,22822.0,0,0
2026-04-01T10:54:00+05:30,22828.1,22828.1,22828.1,22828.1,0,0
2026-04-01T10:55:00+05:30,22819.45,22819.45,22819.45,22819.45,0,0
2026-04-01T10:56:00+05:30,22822.3,22822.3,22822.3,22822.3,0,0
2026-04-01T10:57:00+05:30,22817.0,22817.0,22817.0,22817.0,0,0
2026-04-01T10:58:00+05:30,22803.3,22803.3,22803.3,22803.3,0,0
2026-04-01T10:59:00+05:30,22804.2,22804.2,22804.2,22804.2,0,0
2026-04-01T11:00:00+05:30,22795.85,22795.85,22795.85,22795.85,0,0
2026-04-01T11:01:00+05:30,22790.5,22790.5,22790.5,22790.5,0,0
2026-04-01T11:02:00+05:30,22791.9,22791.9,22791.9,22791.9,0,0
2026-04-01T11:03:00+05:30,22784.05,22784.05,22784.05,22784.05,0,0
2026-04-01T11:04:00+05:30,22784.65,22784.65,22784.65,22784.65,0,0
2026-04-01T11:05:00+05:30,22777.7,22777.7,22777.7,22777.7,0,0
2026-04-01T11:06:00+05:30,22773.95,22773.95,22773.95,22773.95,0,0
2026-04-01T11:07:00+05:30,22791.9,22791.9,22791.9,22791.9,0,0
2026-04-01T11:08:00+05:30,22804.95,22804.95,22804.95,22804.95,0,0
2026-04-01T11:09:00+05:30,22797.55,22797.55,22797.55,22797.55,0,0
2026-04-01T11:10:00+05:30,22806.5,22806.5,22806.5,22806.5,0,0
2026-04-01T11:11:00+05:30,22814.7,22814.7,22814.7,22814.7,0,0
2026-04-01T11:12:00+05:30,22802.5,22802.5,22802.5,22802.5,0,0
2026-04-01T11:13:00+05:30,22792.0,22792.0,22792.0,22792.0,0,0
2026-04-01T11:14:00+05:30,22797.1,22797.1,22797.1,22797.1,0,0
2026-04-01T11:15:00+05:30,22796.85,22796.85,22796.85,22796.85,0,0
2026-04-01T11:16:00+05:30,22787.15,22787.15,22787.15,22787.15,0,0
2026-04-01T11:17:00+05:30,22789.45,22789.45,22789.45,22789.45,0,0
2026-04-01T11:18:00+05:30,22791.7,22791.7,22791.7,22791.7,0,0
2026-04-01T11:19:00+05:30,22792.65,22792.65,22792.65,22792.65,0,0
2026-04-01T11:20:00+05:30,22800.95,22800.95,22800.95,22800.95,0,0
2026-04-01T11:21:00+05:30,22809.45,22809.45,22809.45,22809.45,0,0
2026-04-01T11:22:00+05:30,22814.95,22814.95,22814.95,22814.95,0,0
2026-04-01T11:23:00+05:30,22811.3,22811.3,22811.3,22811.3,0,0
2026-04-01T11:24:00+05:30,22816.7,22816.7,22816.7,22816.7,0,0
2026-04-01T11:25:00+05:30,22817.1,22817.1,22817.1,22817.1,0,0
2026-04-01T11:26:00+05:30,22816.7,22816.7,22816.7,22816.7,0,0
2026-04-01T11:27:00+05:30,22816.9,22816.9,22816.9,22816.9,0,0
2026-04-01T11:28:00+05:30,22830.3,22830.3,22830.3,22830.3,0,0
2026-04-01T11:29:00+05:30,22820.55,22820.55,22820.55,22820.55,0,0
2026-04-01T11:30:00+05:30,22821.6,22821.6,22821.6,22821.6,0,0
2026-04-01T11:31:00+05:30,22833.25,22833.25,22833.25,22833.25,0,0
2026-04-01T11:32:00+05:30,22839.8,22839.8,22839.8,22839.8,0,0
2026-04-01T11:33:00+05:30,22829.75,22829.75,22829.75,22829.75,0,0
2026-04-01T11:34:00+05:30,22833.25,22833.25,22833.25,22833.25,0,0
2026-04-01T11:35:00+05:30,22833.6,22833.6,22833.6,22833.6,0,0
2026-04-01T11:36:00+05:30,22830.0,22830.0,22830.0,22830.0,0,0
2026-04-01T11:37:00+05:30,22831.75,22831.75,22831.75,22831.75,0,0
2026-04-01T11:38:00+05:30,22839.8,22839.8,22839.8,22839.8,0,0
2026-04-01T11:39:00+05:30,22846.55,22846.55,22846.55,22846.55,0,0
2026-04-01T11:40:00+05:30,22844.6,22844.6,22844.6,22844.6,0,0
2026-04-01T11:41:00+05:30,22846.2,22846.2,22846.2,22846.2,0,0
2026-04-01T11:42:00+05:30,22839.85,22839.85,22839.85,22839.85,0,0
2026-04-01T11:43:00+05:30,22845.35,22845.35,22845.35,22845.35,0,0
2026-04-01T11:44:00+05:30,22837.25,22837.25,22837.25,22837.25,0,0
2026-04-01T11:45:00+05:30,22830.0,22830.0,22830.0,22830.0,0,0
2026-04-01T11:46:00+05:30,22827.9,22827.9,22827.9,22827.9,0,0
2026-04-01T11:47:00+05:30,22812.8,22812.8,22812.8,22812.8,0,0
2026-04-01T11:48:00+05:30,22795.05,22795.05,22795.05,22795.05,0,0
2026-04-01T11:49:00+05:30,22793.1,22793.1,22793.1,22793.1,0,0
2026-04-01T11:50:00+05:30,22789.6,22789.6,22789.6,22789.6,0,0
2026-04-01T11:51:00+05:30,22793.75,22793.75,22793.75,22793.75,0,0
2026-04-01T11:52:00+05:30,22801.95,22801.95,22801.95,22801.95,0,0
2026-04-01T11:53:00+05:30,22801.75,22801.75,22801.75,22801.75,0,0
2026-04-01T11:54:00+05:30,22782.0,22782.0,22782.0,22782.0,0,0
2026-04-01T11:55:00+05:30,22782.9,22782.9,22782.9,22782.9,0,0
2026-04-01T11:56:00+05:30,22780.25,22780.25,22780.25,22780.25,0,0
2026-04-01T11:57:00+05:30,22789.55,22789.55,22789.55,22789.55,0,0
2026-04-01T11:58:00+05:30,22808.3,22808.3,22808.3,22808.3,0,0
2026-04-01T11:59:00+05:30,22811.2,22811.2,22811.2,22811.2,0,0
2026-04-01T12:00:00+05:30,22830.1,22830.1,22830.1,22830.1,0,0
2026-04-01T12:01:00+05:30,22842.75,22842.75,22842.75,22842.75,0,0
2026-04-01T12:02:00+05:30,22847.7,22847.7,22847.7,22847.7,0,0
2026-04-01T12:03:00+05:30,22865.85,22865.85,22865.85,22865.85,0,0
2026-04-01T12:04:00+05:30,22877.15,22877.15,22877.15,22877.15,0,0
2026-04-01T12:05:00+05:30,22883.9,22883.9,22883.9,22883.9,0,0
2026-04-01T12:06:00+05:30,22882.75,22882.75,22882.75,22882.75,0,0
2026-04-01T12:07:00+05:30,22882.6,22882.6,22882.6,22882.6,0,0
2026-04-01T12:08:00+05:30,22886.95,22886.95,22886.95,22886.95,0,0
2026-04-01T12:09:00+05:30,22881.95,22881.95,22881.95,22881.95,0,0
2026-04-01T12:10:00+05:30,22865.4,22865.4,22865.4,22865.4,0,0
2026-04-01T12:11:00+05:30,22886.25,22886.25,22886.25,22886.25,0,0
2026-04-01T12:12:00+05:30,22905.35,22905.35,22905.35,22905.35,0,0
2026-04-01T12:13:00+05:30,22891.5,22891.5,22891.5,22891.5,0,0
2026-04-01T12:14:00+05:30,22897.25,22897.25,22897.25,22897.25,0,0
2026-04-01T12:15:00+05:30,22903.75,22903.75,22903.75,22903.75,0,0
2026-04-01T12:16:00+05:30,22891.75,22891.75,22891.75,22891.75,0,0
2026-04-01T12:17:00+05:30,22901.95,22901.95,22901.95,22901.95,0,0
2026-04-01T12:18:00+05:30,22892.65,22892.65,22892.65,22892.65,0,0
2026-04-01T12:19:00+05:30,22887.6,22887.6,22887.6,22887.6,0,0
2026-04-01T12:20:00+05:30,22875.15,22875.15,22875.15,22875.15,0,0
2026-04-01T12:21:00+05:30,22876.1,22876.1,22876.1,22876.1,0,0
2026-04-01T12:22:00+05:30,22885.05,22885.05,22885.05,22885.05,0,0
2026-04-01T12:23:00+05:30,22883.25,22883.25,22883.25,22883.25,0,0
2026-04-01T12:24:00+05:30,22878.75,22878.75,22878.75,22878.75,0,0
2026-04-01T12:25:00+05:30,22876.2,22876.2,22876.2,22876.2,0,0
2026-04-01T12:26:00+05:30,22879.75,22879.75,22879.75,22879.75,0,0
2026-04-01T12:27:00+05:30,22871.7,22871.7,22871.7,22871.7,0,0
2026-04-01T12:28:00+05:30,22868.5,22868.5,22868.5,22868.5,0,0
2026-04-01T12:29:00+05:30,22880.0,22880.0,22880.0,22880.0,0,0
2026-04-01T12:30:00+05:30,22895.65,22895.65,22895.65,22895.65,0,0
2026-04-01T12:31:00+05:30,22889.75,22889.75,22889.75,22889.75,0,0
2026-04-01T12:32:00+05:30,22878.5,22878.5,22878.5,22878.5,0,0
2026-04-01T12:33:00+05:30,22878.95,22878.95,22878.95,22878.95,0,0
2026-04-01T12:34:00+05:30,22879.85,22879.85,22879.85,22879.85,0,0
2026-04-01T12:35:00+05:30,22873.5,22873.5,22873.5,22873.5,0,0
2026-04-01T12:36:00+05:30,22868.55,22868.55,22868.55,22868.55,0,0
2026-04-01T12:37:00+05:30,22879.25,22879.25,22879.25,22879.25,0,0
2026-04-01T12:38:00+05:30,22883.5,22883.5,22883.5,22883.5,0,0
2026-04-01T12:39:00+05:30,22885.4,22885.4,22885.4,22885.4,0,0
2026-04-01T12:40:00+05:30,22900.95,22900.95,22900.95,22900.95,0,0
2026-04-01T12:41:00+05:30,22885.1,22885.1,22885.1,22885.1,0,0
2026-04-01T12:42:00+05:30,22888.65,22888.65,22888.65,22888.65,0,0
2026-04-01T12:43:00+05:30,22886.65,22886.65,22886.65,22886.65,0,0
2026-04-01T12:44:00+05:30,22887.3,22887.3,22887.3,22887.3,0,0
2026-04-01T12:45:00+05:30,22895.6,22895.6,22895.6,22895.6,0,0
2026-04-01T12:46:00+05:30,22907.15,22907.15,22907.15,22907.15,0,0
2026-04-01T12:47:00+05:30,22907.85,22907.85,22907.85,22907.85,0,0
2026-04-01T12:48:00+05:30,22912.2,22912.2,22912.2,22912.2,0,0
2026-04-01T12:49:00+05:30,22921.2,22921.2,22921.2,22921.2,0,0
2026-04-01T12:50:00+05:30,22912.0,22912.0,22912.0,22912.0,0,0
2026-04-01T12:51:00+05:30,22912.2,22912.2,22912.2,22912.2,0,0
2026-04-01T12:52:00+05:30,22913.8,22913.8,22913.8,22913.8,0,0
2026-04-01T12:53:00+05:30,22916.45,22916.45,22916.45,22916.45,0,0
2026-04-01T12:54:00+05:30,22920.55,22920.55,22920.55,22920.55,0,0
2026-04-01T12:55:00+05:30,22918.25,22918.25,22918.25,22918.25,0,0
2026-04-01T12:56:00+05:30,22907.05,22907.05,22907.05,22907.05,0,0
2026-04-01T12:57:00+05:30,22915.6,22915.6,22915.6,22915.6,0,0
2026-04-01T12:58:00+05:30,22913.35,22913.35,22913.35,22913.35,0,0
2026-04-01T12:59:00+05:30,22912.3,22912.3,22912.3,22912.3,0,0
2026-04-01T13:00:00+05:30,22915.15,22915.15,22915.15,22915.15,0,0
2026-04-01T13:01:00+05:30,22916.3,22916.3,22916.3,22916.3,0,0
2026-04-01T13:02:00+05:30,22920.05,22920.05,22920.05,22920.05,0,0
2026-04-01T13:03:00+05:30,22909.5,22909.5,22909.5,22909.5,0,0
2026-04-01T13:04:00+05:30,22909.65,22909.65,22909.65,22909.65,0,0
2026-04-01T13:05:00+05:30,22916.5,22916.5,22916.5,22916.5,0,0
2026-04-01T13:06:00+05:30,22913.8,22913.8,22913.8,22913.8,0,0
2026-04-01T13:07:00+05:30,22921.8,22921.8,22921.8,22921.8,0,0
2026-04-01T13:08:00+05:30,22925.5,22925.5,22925.5,22925.5,0,0
2026-04-01T13:09:00+05:30,22917.15,22917.15,22917.15,22917.15,0,0
2026-04-01T13:10:00+05:30,22911.8,22911.8,22911.8,22911.8,0,0
2026-04-01T13:11:00+05:30,22900.9,22900.9,22900.9,22900.9,0,0
2026-04-01T13:12:00+05:30,22892.95,22892.95,22892.95,22892.95,0,0
2026-04-01T13:13:00+05:30,22903.6,22903.6,22903.6,22903.6,0,0
2026-04-01T13:14:00+05:30,22924.35,22924.35,22924.35,22924.35,0,0
2026-04-01T13:15:00+05:30,22939.05,22939.05,22939.05,22939.05,0,0
2026-04-01T13:16:00+05:30,22926.7,22926.7,22926.7,22926.7,0,0
2026-04-01T13:17:00+05:30,22920.5,22920.5,22920.5,22920.5,0,0
2026-04-01T13:18:00+05:30,22913.45,22913.45,22913.45,22913.45,0,0
2026-04-01T13:19:00+05:30,22886.45,22886.45,22886.45,22886.45,0,0
2026-04-01T13:20:00+05:30,22881.45,22881.45,22881.45,22881.45,0,0
2026-04-01T13:21:00+05:30,22862.3,22862.3,22862.3,22862.3,0,0
2026-04-01T13:22:00+05:30,22868.8,22868.8,22868.8,22868.8,0,0
2026-04-01T13:23:00+05:30,22850.3,22850.3,22850.3,22850.3,0,0
2026-04-01T13:24:00+05:30,22852.25,22852.25,22852.25,22852.25,0,0
2026-04-01T13:25:00+05:30,22848.05,22848.05,22848.05,22848.05,0,0
2026-04-01T13:26:00+05:30,22839.4,22839.4,22839.4,22839.4,0,0
2026-04-01T13:27:00+05:30,22833.35,22833.35,22833.35,22833.35,0,0
2026-04-01T13:28:00+05:30,22847.3,22847.3,22847.3,22847.3,0,0
2026-04-01T13:29:00+05:30,22829.45,22829.45,22829.45,22829.45,0,0
2026-04-01T13:30:00+05:30,22833.15,22833.15,22833.15,22833.15,0,0
2026-04-01T13:31:00+05:30,22804.35,22804.35,22804.35,22804.35,0,0
2026-04-01T13:32:00+05:30,22795.9,22795.9,22795.9,22795.9,0,0
2026-04-01T13:33:00+05:30,22807.55,22807.55,22807.55,22807.55,0,0
2026-04-01T13:34:00+05:30,22811.2,22811.2,22811.2,22811.2,0,0
2026-04-01T13:35:00+05:30,22802.95,22802.95,22802.95,22802.95,0,0
2026-04-01T13:36:00+05:30,22790.95,22790.95,22790.95,22790.95,0,0
2026-04-01T13:37:00+05:30,22783.4,22783.4,22783.4,22783.4,0,0
2026-04-01T13:38:00+05:30,22793.15,22793.15,22793.15,22793.15,0,0
2026-04-01T13:39:00+05:30,22799.0,22799.0,22799.0,22799.0,0,0
2026-04-01T13:40:00+05:30,22772.0,22772.0,22772.0,22772.0,0,0
2026-04-01T13:41:00+05:30,22709.7,22709.7,22709.7,22709.7,0,0
2026-04-01T13:42:00+05:30,22705.4,22705.4,22705.4,22705.4,0,0
2026-04-01T13:43:00+05:30,22707.9,22707.9,22707.9,22707.9,0,0
2026-04-01T13:44:00+05:30,22699.4,22699.4,22699.4,22699.4,0,0
2026-04-01T13:45:00+05:30,22692.8,22692.8,22692.8,22692.8,0,0
2026-04-01T13:46:00+05:30,22720.15,22720.15,22720.15,22720.15,0,0
2026-04-01T13:47:00+05:30,22723.1,22723.1,22723.1,22723.1,0,0
2026-04-01T13:48:00+05:30,22733.65,22733.65,22733.65,22733.65,0,0
2026-04-01T13:49:00+05:30,22734.5,22734.5,22734.5,22734.5,0,0
2026-04-01T13:50:00+05:30,22730.55,22730.55,22730.55,22730.55,0,0
2026-04-01T13:51:00+05:30,22727.2,22727.2,22727.2,22727.2,0,0
2026-04-01T13:52:00+05:30,22735.65,22735.65,22735.65,22735.65,0,0
2026-04-01T13:53:00+05:30,22744.6,22744.6,22744.6,22744.6,0,0
2026-04-01T13:54:00+05:30,22729.45,22729.45,22729.45,22729.45,0,0
2026-04-01T13:55:00+05:30,22722.5,22722.5,22722.5,22722.5,0,0
2026-04-01T13:56:00+05:30,22733.25,22733.25,22733.25,22733.25,0,0
2026-04-01T13:57:00+05:30,22752.75,22752.75,22752.75,22752.75,0,0
2026-04-01T13:58:00+05:30,22743.3,22743.3,22743.3,22743.3,0,0
2026-04-01T13:59:00+05:30,22729.0,22729.0,22729.0,22729.0,0,0
2026-04-01T14:00:00+05:30,22736.1,22736.1,22736.1,22736.1,0,0
2026-04-01T14:01:00+05:30,22725.35,22725.35,22725.35,22725.35,0,0
2026-04-01T14:02:00+05:30,22746.35,22746.35,22746.35,22746.35,0,0
2026-04-01T14:03:00+05:30,22762.1,22762.1,22762.1,22762.1,0,0
2026-04-01T14:04:00+05:30,22758.95,22758.95,22758.95,22758.95,0,0
2026-04-01T14:05:00+05:30,22756.4,22756.4,22756.4,22756.4,0,0
2026-04-01T14:06:00+05:30,22756.65,22756.65,22756.65,22756.65,0,0
2026-04-01T14:07:00+05:30,22759.8,22759.8,22759.8,22759.8,0,0
2026-04-01T14:08:00+05:30,22760.0,22760.0,22760.0,22760.0,0,0
2026-04-01T14:09:00+05:30,22771.95,22771.95,22771.95,22771.95,0,0
2026-04-01T14:10:00+05:30,22758.0,22758.0,22758.0,22758.0,0,0
2026-04-01T14:11:00+05:30,22773.6,22773.6,22773.6,22773.6,0,0
2026-04-01T14:12:00+05:30,22765.05,22765.05,22765.05,22765.05,0,0
2026-04-01T14:13:00+05:30,22766.55,22766.55,22766.55,22766.55,0,0
2026-04-01T14:14:00+05:30,22788.05,22788.05,22788.05,22788.05,0,0
2026-04-01T14:15:00+05:30,22778.3,22778.3,22778.3,22778.3,0,0
2026-04-01T14:16:00+05:30,22773.35,22773.35,22773.35,22773.35,0,0
2026-04-01T14:17:00+05:30,22765.1,22765.1,22765.1,22765.1,0,0
2026-04-01T14:18:00+05:30,22762.95,22762.95,22762.95,22762.95,0,0
2026-04-01T14:19:00+05:30,22781.65,22781.65,22781.65,22781.65,0,0
2026-04-01T14:20:00+05:30,22777.6,22777.6,22777.6,22777.6,0,0
2026-04-01T14:21:00+05:30,22767.2,22767.2,22767.2,22767.2,0,0
2026-04-01T14:22:00+05:30,22753.9,22753.9,22753.9,22753.9,0,0
2026-04-01T14:23:00+05:30,22770.8,22770.8,22770.8,22770.8,0,0
2026-04-01T14:24:00+05:30,22764.15,22764.15,22764.15,22764.15,0,0
2026-04-01T14:25:00+05:30,22755.3,22755.3,22755.3,22755.3,0,0
2026-04-01T14:26:00+05:30,22770.85,22770.85,22770.85,22770.85,0,0
2026-04-01T14:27:00+05:30,22766.6,22766.6,22766.6,22766.6,0,0
2026-04-01T14:28:00+05:30,22764.05,22764.05,22764.05,22764.05,0,0
2026-04-01T14:29:00+05:30,22764.6,22764.6,22764.6,22764.6,0,0
2026-04-01T14:30:00+05:30,22760.6,22760.6,22760.6,22760.6,0,0
2026-04-01T14:31:00+05:30,22756.1,22756.1,22756.1,22756.1,0,0
2026-04-01T14:32:00+05:30,22764.85,22764.85,22764.85,22764.85,0,0
2026-04-01T14:33:00+05:30,22758.5,22758.5,22758.5,22758.5,0,0
2026-04-01T14:34:00+05:30,22750.25,22750.25,22750.25,22750.25,0,0
2026-04-01T14:35:00+05:30,22743.7,22743.7,22743.7,22743.7,0,0
2026-04-01T14:36:00+05:30,22741.75,22741.75,22741.75,22741.75,0,0
2026-04-01T14:37:00+05:30,22726.85,22726.85,22726.85,22726.85,0,0
2026-04-01T14:38:00+05:30,22710.45,22710.45,22710.45,22710.45,0,0
2026-04-01T14:39:00+05:30,22714.85,22714.85,22714.85,22714.85,0,0
2026-04-01T14:40:00+05:30,22693.45,22693.45,22693.45,22693.45,0,0
2026-04-01T14:41:00+05:30,22696.75,22696.75,22696.75,22696.75,0,0
2026-04-01T14:42:00+05:30,22712.85,22712.85,22712.85,22712.85,0,0
2026-04-01T14:43:00+05:30,22705.7,22705.7,22705.7,22705.7,0,0
2026-04-01T14:44:00+05:30,22706.15,22706.15,22706.15,22706.15,0,0
2026-04-01T14:45:00+05:30,22699.9,22699.9,22699.9,22699.9,0,0
2026-04-01T14:46:00+05:30,22689.65,22689.65,22689.65,22689.65,0,0
2026-04-01T14:47:00+05:30,22684.8,22684.8,22684.8,22684.8,0,0
2026-04-01T14:48:00+05:30,22660.55,22660.55,22660.55,22660.55,0,0
2026-04-01T14:49:00+05:30,22670.1,22670.1,22670.1,22670.1,0,0
2026-04-01T14:50:00+05:30,22680.0,22680.0,22680.0,22680.0,0,0
2026-04-01T14:51:00+05:30,22677.35,22677.35,22677.35,22677.35,0,0
2026-04-01T14:52:00+05:30,22676.5,22676.5,22676.5,22676.5,0,0
2026-04-01T14:53:00+05:30,22689.45,22689.45,22689.45,22689.45,0,0
2026-04-01T14:54:00+05:30,22693.25,22693.25,22693.25,22693.25,0,0
2026-04-01T14:55:00+05:30,22702.35,22702.35,22702.35,22702.35,0,0
2026-04-01T14:56:00+05:30,22727.3,22727.3,22727.3,22727.3,0,0
2026-04-01T14:57:00+05:30,22718.65,22718.65,22718.65,22718.65,0,0
2026-04-01T14:58:00+05:30,22709.15,22709.15,22709.15,22709.15,0,0
2026-04-01T14:59:00+05:30,22697.0,22697.0,22697.0,22697.0,0,0
2026-04-01T15:00:00+05:30,22727.65,22727.65,22727.65,22727.65,0,0
2026-04-01T15:01:00+05:30,22730.4,22730.4,22730.4,22730.4,0,0
2026-04-01T15:02:00+05:30,22734.35,22734.35,22734.35,22734.35,0,0
2026-04-01T15:03:00+05:30,22713.4,22713.4,22713.4,22713.4,0,0
2026-04-01T15:04:00+05:30,22731.45,22731.45,22731.45,22731.45,0,0
2026-04-01T15:05:00+05:30,22718.45,22718.45,22718.45,22718.45,0,0
2026-04-01T15:06:00+05:30,22719.35,22719.35,22719.35,22719.35,0,0
2026-04-01T15:07:00+05:30,22722.75,22722.75,22722.75,22722.75,0,0
2026-04-01T15:08:00+05:30,22716.95,22716.95,22716.95,22716.95,0,0
2026-04-01T15:09:00+05:30,22724.0,22724.0,22724.0,22724.0,0,0
2026-04-01T15:10:00+05:30,22724.75,22724.75,22724.75,22724.75,0,0
2026-04-01T15:11:00+05:30,22719.55,22719.55,22719.55,22719.55,0,0
2026-04-01T15:12:00+05:30,22719.4,22719.4,22719.4,22719.4,0,0
2026-04-01T15:13:00+05:30,22726.25,22726.25,22726.25,22726.25,0,0
2026-04-01T15:14:00+05:30,22720.8,22720.8,22720.8,22720.8,0,0
2026-04-01T15:15:00+05:30,22719.25,22719.25,22719.25,22719.25,0,0
2026-04-01T15:16:00+05:30,22705.35,22705.35,22705.35,22705.35,0,0
2026-04-01T15:17:00+05:30,22721.35,22721.35,22721.35,22721.35,0,0
2026-04-01T15:18:00+05:30,22722.6,22722.6,22722.6,22722.6,0,0
2026-04-01T15:19:00+05:30,22720.8,22720.8,22720.8,22720.8,0,0
2026-04-01T15:20:00+05:30,22720.1,22720.1,22720.1,22720.1,0,0
2026-04-01T15:21:00+05:30,22721.6,22721.6,22721.6,22721.6,0,0
2026-04-01T15:22:00+05:30,22720.3,22720.3,22720.3,22720.3,0,0
2026-04-01T15:23:00+05:30,22721.65,22721.65,22721.65,22721.65,0,0
2026-04-01T15:24:00+05:30,22721.05,22721.05,22721.05,22721.05,0,0
2026-04-01T15:25:00+05:30,22722.2,22722.2,22722.2,22722.2,0,0
2026-04-01T15:26:00+05:30,22731.5,22731.5,22731.5,22731.5,0,0
2026-04-01T15:27:00+05:30,22735.4,22735.4,22735.4,22735.4,0,0
2026-04-01T15:28:00+05:30,22733.3,22733.3,22733.3,22733.3,0,0
2026-04-01T15:29:00+05:30,22738.35,22738.35,22738.35,22738.35,0,0
2026-04-01T15:30:00+05:30,22756.4,22756.4,22756.4,22756.4,0,0
2026-04-02T09:15:00+05:30,22756.4,22756.4,22756.4,22756.4,0,0
2026-04-02T09:16:00+05:30,22756.4,22756.4,22756.4,22756.4,0,0
2026-04-02T09:17:00+05:30,22756.4,22756.4,22756.4,22756.4,0,0
2026-04-02T09:18:00+05:30,22756.4,22756.4,22756.4,22756.4,0,0
2026-04-02T09:19:00+05:30,22756.4,22756.4,22756.4,22756.4,0,0
2026-04-02T09:20:00+05:30,22756.4,22756.4,22756.4,22756.4,0,0
2026-04-02T09:21:00+05:30,22756.4,22756.4,22756.4,22756.4,0,0
2026-04-02T09:22:00+05:30,22756.4,22756.4,22756.4,22756.4,0,0
2026-04-02T09:23:00+05:30,22756.4,22756.4,22756.4,22756.4,0,0
2026-04-02T09:24:00+05:30,22756.4,22756.4,22756.4,22756.4,0,0
2026-04-02T09:25:00+05:30,22756.4,22756.4,22756.4,22756.4,0,0
2026-04-02T09:26:00+05:30,22756.4,22756.4,22756.4,22756.4,0,0
2026-04-02T09:27:00+05:30,22756.4,22756.4,22756.4,22756.4,0,0
2026-04-02T09:28:00+05:30,22756.4,22756.4,22756.4,22756.4,0,0
2026-04-02T09:29:00+05:30,22756.4,22756.4,22756.4,22756.4,0,0
2026-04-02T09:30:00+05:30,22756.4,22756.4,22756.4,22756.4,0,0
2026-04-02T09:31:00+05:30,22756.4,22756.4,22756.4,22756.4,0,0
2026-04-02T09:32:00+05:30,22756.4,22756.4,22756.4,22756.4,0,0
2026-04-02T09:33:00+05:30,22756.4,22756.4,22756.4,22756.4,0,0
2026-04-02T09:34:00+05:30,22756.4,22756.4,22756.4,22756.4,0,0
2026-04-02T09:35:00+05:30,22756.4,22756.4,22756.4,22756.4,0,0
2026-04-02T09:36:00+05:30,22756.4,22756.4,22756.4,22756.4,0,0
2026-04-02T09:37:00+05:30,22756.4,22756.4,22756.4,22756.4,0,0
2026-04-02T09:38:00+05:30,22756.4,22756.4,22756.4,22756.4,0,0
2026-04-02T09:39:00+05:30,22756.4,22756.4,22756.4,22756.4,0,0
2026-04-02T09:40:00+05:30,22756.4,22756.4,22756.4,22756.4,0,0
2026-04-02T09:41:00+05:30,22292.45,22292.45,22292.45,22292.45,0,0
2026-04-02T09:42:00+05:30,22271.85,22271.85,22271.85,22271.85,0,0
2026-04-02T09:43:00+05:30,22280.3,22280.3,22280.3,22280.3,0,0
2026-04-02T09:44:00+05:30,22276.4,22276.4,22276.4,22276.4,0,0
2026-04-02T09:45:00+05:30,22286.0,22286.0,22286.0,22286.0,0,0
2026-04-02T09:46:00+05:30,22272.75,22272.75,22272.75,22272.75,0,0
2026-04-02T09:47:00+05:30,22276.05,22276.05,22276.05,22276.05,0,0
2026-04-02T09:48:00+05:30,22260.55,22260.55,22260.55,22260.55,0,0
2026-04-02T09:49:00+05:30,22252.55,22252.55,22252.55,22252.55,0,0
2026-04-02T09:50:00+05:30,22257.15,22257.15,22257.15,22257.15,0,0
2026-04-02T09:51:00+05:30,22248.75,22248.75,22248.75,22248.75,0,0
2026-04-02T09:52:00+05:30,22235.0,22235.0,22235.0,22235.0,0,0
2026-04-02T09:53:00+05:30,22233.8,22233.8,22233.8,22233.8,0,0
2026-04-02T09:54:00+05:30,22234.25,22234.25,22234.25,22234.25,0,0
2026-04-02T09:55:00+05:30,22234.25,22234.25,22234.25,22234.25,0,0
2026-04-02T09:56:00+05:30,22235.25,22235.25,22235.25,22235.25,0,0
2026-04-02T09:57:00+05:30,22230.0,22230.0,22230.0,22230.0,0,0
2026-04-02T09:58:00+05:30,22226.35,22226.35,22226.35,22226.35,0,0
2026-04-02T09:59:00+05:30,22223.25,22223.25,22223.25,22223.25,0,0
2026-04-02T10:00:00+05:30,22218.4,22218.4,22218.4,22218.4,0,0
2026-04-02T10:01:00+05:30,22239.8,22239.8,22239.8,22239.8,0,0
2026-04-02T10:02:00+05:30,22228.75,22228.75,22228.75,22228.75,0,0
2026-04-02T10:03:00+05:30,22220.1,22220.1,22220.1,22220.1,0,0
2026-04-02T10:04:00+05:30,22223.3,22223.3,22223.3,22223.3,0,0
2026-04-02T10:05:00+05:30,22222.25,22222.25,22222.25,22222.25,0,0
2026-04-02T10:06:00+05:30,22209.4,22209.4,22209.4,22209.4,0,0
2026-04-02T10:07:00+05:30,22213.35,22213.35,22213.35,22213.35,0,0
2026-04-02T10:08:00+05:30,22205.8,22205.8,22205.8,22205.8,0,0
2026-04-02T10:09:00+05:30,22203.45,22203.45,22203.45,22203.45,0,0
2026-04-02T10:10:00+05:30,22202.5,22202.5,22202.5,22202.5,0,0
2026-04-02T10:11:00+05:30,22209.15,22209.15,22209.15,22209.15,0,0
2026-04-02T10:12:00+05:30,22215.6,22215.6,22215.6,22215.6,0,0
2026-04-02T10:13:00+05:30,22224.75,22224.75,22224.75,22224.75,0,0
2026-04-02T10:14:00+05:30,22241.55,22241.55,22241.55,22241.55,0,0
2026-04-02T10:15:00+05:30,22228.3,22228.3,22228.3,22228.3,0,0
2026-04-02T10:16:00+05:30,22220.55,22220.55,22220.55,22220.55,0,0
2026-04-02T10:17:00+05:30,22211.5,22211.5,22211.5,22211.5,0,0
2026-04-02T10:18:00+05:30,22220.3,22220.3,22220.3,22220.3,0,0
2026-04-02T10:19:00+05:30,22218.55,22218.55,22218.55,22218.55,0,0
2026-04-02T10:20:00+05:30,22235.2,22235.2,22235.2,22235.2,0,0
2026-04-02T10:21:00+05:30,22220.95,22220.95,22220.95,22220.95,0,0
2026-04-02T10:22:00+05:30,22215.85,22215.85,22215.85,22215.85,0,0
2026-04-02T10:23:00+05:30,22209.65,22209.65,22209.65,22209.65,0,0
2026-04-02T10:24:00+05:30,22206.95,22206.95,22206.95,22206.95,0,0
2026-04-02T10:25:00+05:30,22217.45,22217.45,22217.45,22217.45,0,0
2026-04-02T10:26:00+05:30,22223.25,22223.25,22223.25,22223.25,0,0
2026-04-02T10:27:00+05:30,22230.1,22230.1,22230.1,22230.1,0,0
2026-04-02T10:28:00+05:30,22231.0,22231.0,22231.0,22231.0,0,0
2026-04-02T10:29:00+05:30,22230.35,22230.35,22230.35,22230.35,0,0
2026-04-02T10:30:00+05:30,22226.25,22226.25,22226.25,22226.25,0,0
2026-04-02T10:31:00+05:30,22237.0,22237.0,22237.0,22237.0,0,0
2026-04-02T10:32:00+05:30,22233.05,22233.05,22233.05,22233.05,0,0
2026-04-02T10:33:00+05:30,22232.15,22232.15,22232.15,22232.15,0,0
2026-04-02T10:34:00+05:30,22226.7,22226.7,22226.7,22226.7,0,0
2026-04-02T10:35:00+05:30,22218.25,22218.25,22218.25,22218.25,0,0
2026-04-02T10:36:00+05:30,22228.6,22228.6,22228.6,22228.6,0,0
2026-04-02T10:37:00+05:30,22229.9,22229.9,22229.9,22229.9,0,0
2026-04-02T10:38:00+05:30,22235.85,22235.85,22235.85,22235.85,0,0
2026-04-02T10:39:00+05:30,22229.4,22229.4,22229.4,22229.4,0,0
2026-04-02T10:40:00+05:30,22243.7,22243.7,22243.7,22243.7,0,0
2026-04-02T10:41:00+05:30,22231.95,22231.95,22231.95,22231.95,0,0
2026-04-02T10:42:00+05:30,22245.4,22245.4,22245.4,22245.4,0,0
2026-04-02T10:43:00+05:30,22242.0,22242.0,22242.0,22242.0,0,0
2026-04-02T10:44:00+05:30,22233.85,22233.85,22233.85,22233.85,0,0
2026-04-02T10:45:00+05:30,22232.35,22232.35,22232.35,22232.35,0,0
2026-04-02T10:46:00+05:30,22228.45,22228.45,22228.45,22228.45,0,0
2026-04-02T10:47:00+05:30,22211.0,22211.0,22211.0,22211.0,0,0
2026-04-02T10:48:00+05:30,22207.75,22207.75,22207.75,22207.75,0,0
2026-04-02T10:49:00+05:30,22215.65,22215.65,22215.65,22215.65,0,0
2026-04-02T10:50:00+05:30,22215.35,22215.35,22215.35,22215.35,0,0
2026-04-02T10:51:00+05:30,22212.5,22212.5,22212.5,22212.5,0,0
2026-04-02T10:52:00+05:30,22215.55,22215.55,22215.55,22215.55,0,0
2026-04-02T10:53:00+05:30,22235.1,22235.1,22235.1,22235.1,0,0
2026-04-02T10:54:00+05:30,22235.1,22235.1,22235.1,22235.1,0,0
2026-04-02T10:55:00+05:30,22238.6,22238.6,22238.6,22238.6,0,0
2026-04-02T10:56:00+05:30,22249.35,22249.35,22249.35,22249.35,0,0
2026-04-02T10:57:00+05:30,22248.25,22248.25,22248.25,22248.25,0,0
2026-04-02T10:58:00+05:30,22241.8,22241.8,22241.8,22241.8,0,0
2026-04-02T10:59:00+05:30,22252.25,22252.25,22252.25,22252.25,0,0
2026-04-02T11:00:00+05:30,22251.1,22251.1,22251.1,22251.1,0,0
2026-04-02T11:01:00+05:30,22242.2,22242.2,22242.2,22242.2,0,0
2026-04-02T11:02:00+05:30,22254.75,22254.75,22254.75,22254.75,0,0
2026-04-02T11:03:00+05:30,22248.4,22248.4,22248.4,22248.4,0,0
2026-04-02T11:04:00+05:30,22243.85,22243.85,22243.85,22243.85,0,0
2026-04-02T11:05:00+05:30,22247.25,22247.25,22247.25,22247.25,0,0
2026-04-02T11:06:00+05:30,22242.65,22242.65,22242.65,22242.65,0,0
2026-04-02T11:07:00+05:30,22243.15,22243.15,22243.15,22243.15,0,0
2026-04-02T11:08:00+05:30,22249.1,22249.1,22249.1,22249.1,0,0
2026-04-02T11:09:00+05:30,22240.6,22240.6,22240.6,22240.6,0,0
2026-04-02T11:10:00+05:30,22232.35,22232.35,22232.35,22232.35,0,0
2026-04-02T11:11:00+05:30,22227.95,22227.95,22227.95,22227.95,0,0
2026-04-02T11:12:00+05:30,22231.9,22231.9,22231.9,22231.9,0,0
2026-04-02T11:13:00+05:30,22225.4,22225.4,22225.4,22225.4,0,0
2026-04-02T11:14:00+05:30,22232.7,22232.7,22232.7,22232.7,0,0
2026-04-02T11:15:00+05:30,22227.55,22227.55,22227.55,22227.55,0,0
2026-04-02T11:16:00+05:30,22227.4,22227.4,22227.4,22227.4,0,0
2026-04-02T11:17:00+05:30,22212.9,22212.9,22212.9,22212.9,0,0
2026-04-02T11:18:00+05:30,22225.95,22225.95,22225.95,22225.95,0,0
2026-04-02T11:19:00+05:30,22217.1,22217.1,22217.1,22217.1,0,0
2026-04-02T11:20:00+05:30,22217.75,22217.75,22217.75,22217.75,0,0
2026-04-02T11:21:00+05:30,22217.15,22217.15,22217.15,22217.15,0,0
2026-04-02T11:22:00+05:30,22216.95,22216.95,22216.95,22216.95,0,0
2026-04-02T11:23:00+05:30,22219.1,22219.1,22219.1,22219.1,0,0
2026-04-02T11:24:00+05:30,22207.1,22207.1,22207.1,22207.1,0,0
2026-04-02T11:25:00+05:30,22209.45,22209.45,22209.45,22209.45,0,0
2026-04-02T11:26:00+05:30,22211.25,22211.25,22211.25,22211.25,0,0
2026-04-02T11:27:00+05:30,22209.6,22209.6,22209.6,22209.6,0,0
2026-04-02T11:28:00+05:30,22206.5,22206.5,22206.5,22206.5,0,0
2026-04-02T11:29:00+05:30,22203.0,22203.0,22203.0,22203.0,0,0
2026-04-02T11:30:00+05:30,22207.65,22207.65,22207.65,22207.65,0,0
2026-04-02T11:31:00+05:30,22210.55,22210.55,22210.55,22210.55,0,0
2026-04-02T11:32:00+05:30,22218.95,22218.95,22218.95,22218.95,0,0
2026-04-02T11:33:00+05:30,22217.1,22217.1,22217.1,22217.1,0,0
2026-04-02T11:34:00+05:30,22221.45,22221.45,22221.45,22221.45,0,0
2026-04-02T11:35:00+05:30,22229.7,22229.7,22229.7,22229.7,0,0
2026-04-02T11:36:00+05:30,22238.35,22238.35,22238.35,22238.35,0,0
2026-04-02T11:37:00+05:30,22237.8,22237.8,22237.8,22237.8,0,0
2026-04-02T11:38:00+05:30,22238.4,22238.4,22238.4,22238.4,0,0
2026-04-02T11:39:00+05:30,22235.15,22235.15,22235.15,22235.15,0,0
2026-04-02T11:40:00+05:30,22235.85,22235.85,22235.85,22235.85,0,0
2026-04-02T11:41:00+05:30,22228.55,22228.55,22228.55,22228.55,0,0
2026-04-02T11:42:00+05:30,22228.55,22228.55,22228.55,22228.55,0,0
2026-04-02T11:43:00+05:30,22229.15,22229.15,22229.15,22229.15,0,0
2026-04-02T11:44:00+05:30,22227.4,22227.4,22227.4,22227.4,0,0
2026-04-02T11:45:00+05:30,22232.5,22232.5,22232.5,22232.5,0,0
2026-04-02T11:46:00+05:30,22235.6,22235.6,22235.6,22235.6,0,0
2026-04-02T11:47:00+05:30,22244.65,22244.65,22244.65,22244.65,0,0
2026-04-02T11:48:00+05:30,22247.7,22247.7,22247.7,22247.7,0,0
2026-04-02T11:49:00+05:30,22245.4,22245.4,22245.4,22245.4,0,0
2026-04-02T11:50:00+05:30,22249.1,22249.1,22249.1,22249.1,0,0
2026-04-02T11:51:00+05:30,22254.7,22254.7,22254.7,22254.7,0,0
2026-04-02T11:52:00+05:30,22249.75,22249.75,22249.75,22249.75,0,0
2026-04-02T11:53:00+05:30,22254.3,22254.3,22254.3,22254.3,0,0
2026-04-02T11:54:00+05:30,22249.0,22249.0,22249.0,22249.0,0,0
2026-04-02T11:55:00+05:30,22251.95,22251.95,22251.95,22251.95,0,0
2026-04-02T11:56:00+05:30,22252.05,22252.05,22252.05,22252.05,0,0
2026-04-02T11:57:00+05:30,22284.65,22284.65,22284.65,22284.65,0,0
2026-04-02T11:58:00+05:30,22301.1,22301.1,22301.1,22301.1,0,0
2026-04-02T11:59:00+05:30,22285.35,22285.35,22285.35,22285.35,0,0
2026-04-02T12:00:00+05:30,22285.3,22285.3,22285.3,22285.3,0,0
2026-04-02T12:01:00+05:30,22275.8,22275.8,22275.8,22275.8,0,0
2026-04-02T12:02:00+05:30,22267.4,22267.4,22267.4,22267.4,0,0
2026-04-02T12:03:00+05:30,22278.15,22278.15,22278.15,22278.15,0,0
2026-04-02T12:04:00+05:30,22271.0,22271.0,22271.0,22271.0,0,0
2026-04-02T12:05:00+05:30,22257.55,22257.55,22257.55,22257.55,0,0
2026-04-02T12:06:00+05:30,22255.75,22255.75,22255.75,22255.75,0,0
2026-04-02T12:07:00+05:30,22251.8,22251.8,22251.8,22251.8,0,0
2026-04-02T12:08:00+05:30,22266.8,22266.8,22266.8,22266.8,0,0
2026-04-02T12:09:00+05:30,22265.55,22265.55,22265.55,22265.55,0,0
2026-04-02T12:10:00+05:30,22270.8,22270.8,22270.8,22270.8,0,0
2026-04-02T12:11:00+05:30,22268.0,22268.0,22268.0,22268.0,0,0
2026-04-02T12:12:00+05:30,22271.65,22271.65,22271.65,22271.65,0,0
2026-04-02T12:13:00+05:30,22271.5,22271.5,22271.5,22271.5,0,0
2026-04-02T12:14:00+05:30,22268.65,22268.65,22268.65,22268.65,0,0
2026-04-02T12:15:00+05:30,22268.5,22268.5,22268.5,22268.5,0,0
2026-04-02T12:16:00+05:30,22268.2,22268.2,22268.2,22268.2,0,0
2026-04-02T12:17:00+05:30,22268.65,22268.65,22268.65,22268.65,0,0
2026-04-02T12:18:00+05:30,22268.2,22268.2,22268.2,22268.2,0,0
2026-04-02T12:19:00+05:30,22264.95,22264.95,22264.95,22264.95,0,0
2026-04-02T12:20:00+05:30,22266.1,22266.1,22266.1,22266.1,0,0
2026-04-02T12:21:00+05:30,22248.05,22248.05,22248.05,22248.05,0,0
2026-04-02T12:22:00+05:30,22252.2,22252.2,22252.2,22252.2,0,0
2026-04-02T12:23:00+05:30,22258.95,22258.95,22258.95,22258.95,0,0
2026-04-02T12:24:00+05:30,22261.75,22261.75,22261.75,22261.75,0,0
2026-04-02T12:25:00+05:30,22260.7,22260.7,22260.7,22260.7,0,0
2026-04-02T12:26:00+05:30,22284.65,22284.65,22284.65,22284.65,0,0
2026-04-02T12:27:00+05:30,22274.95,22274.95,22274.95,22274.95,0,0
2026-04-02T12:28:00+05:30,22274.1,22274.1,22274.1,22274.1,0,0
2026-04-02T12:29:00+05:30,22293.15,22293.15,22293.15,22293.15,0,0
2026-04-02T12:30:00+05:30,22302.05,22302.05,22302.05,22302.05,0,0
2026-04-02T12:31:00+05:30,22287.9,22287.9,22287.9,22287.9,0,0
2026-04-02T12:32:00+05:30,22304.5,22304.5,22304.5,22304.5,0,0
2026-04-02T12:33:00+05:30,22317.85,22317.85,22317.85,22317.85,0,0
2026-04-02T12:34:00+05:30,22321.05,22321.05,22321.05,22321.05,0,0
2026-04-02T12:35:00+05:30,22323.05,22323.05,22323.05,22323.05,0,0
2026-04-02T12:36:00+05:30,22348.05,22348.05,22348.05,22348.05,0,0
2026-04-02T12:37:00+05:30,22349.75,22349.75,22349.75,22349.75,0,0
2026-04-02T12:38:00+05:30,22361.55,22361.55,22361.55,22361.55,0,0
2026-04-02T12:39:00+05:30,22356.35,22356.35,22356.35,22356.35,0,0
2026-04-02T12:40:00+05:30,22357.85,22357.85,22357.85,22357.85,0,0
2026-04-02T12:41:00+05:30,22363.65,22363.65,22363.65,22363.65,0,0
2026-04-02T12:42:00+05:30,22340.8,22340.8,22340.8,22340.8,0,0
2026-04-02T12:43:00+05:30,22370.4,22370.4,22370.4,22370.4,0,0
2026-04-02T12:44:00+05:30,22367.25,22367.25,22367.25,22367.25,0,0
2026-04-02T12:45:00+05:30,22368.75,22368.75,22368.75,22368.75,0,0
2026-04-02T12:46:00+05:30,22344.65,22344.65,22344.65,22344.65,0,0
2026-04-02T12:47:00+05:30,22355.6,22355.6,22355.6,22355.6,0,0
2026-04-02T12:48:00+05:30,22366.75,22366.75,22366.75,22366.75,0,0
2026-04-02T12:49:00+05:30,22357.8,22357.8,22357.8,22357.8,0,0
2026-04-02T12:50:00+05:30,22354.2,22354.2,22354.2,22354.2,0,0
2026-04-02T12:51:00+05:30,22352.55,22352.55,22352.55,22352.55,0,0
2026-04-02T12:52:00+05:30,22337.75,22337.75,22337.75,22337.75,0,0
2026-04-02T12:53:00+05:30,22340.05,22340.05,22340.05,22340.05,0,0
2026-04-02T12:54:00+05:30,22325.6,22325.6,22325.6,22325.6,0,0
2026-04-02T12:55:00+05:30,22336.55,22336.55,22336.55,22336.55,0,0
2026-04-02T12:56:00+05:30,22344.15,22344.15,22344.15,22344.15,0,0
2026-04-02T12:57:00+05:30,22357.35,22357.35,22357.35,22357.35,0,0
2026-04-02T12:58:00+05:30,22369.7,22369.7,22369.7,22369.7,0,0
2026-04-02T12:59:00+05:30,22369.4,22369.4,22369.4,22369.4,0,0
2026-04-02T13:00:00+05:30,22400.5,22400.5,22400.5,22400.5,0,0
2026-04-02T13:01:00+05:30,22409.05,22409.05,22409.05,22409.05,0,0
2026-04-02T13:02:00+05:30,22406.55,22406.55,22406.55,22406.55,0,0
2026-04-02T13:03:00+05:30,22388.85,22388.85,22388.85,22388.85,0,0
2026-04-02T13:04:00+05:30,22379.3,22379.3,22379.3,22379.3,0,0
2026-04-02T13:05:00+05:30,22379.0,22379.0,22379.0,22379.0,0,0
2026-04-02T13:06:00+05:30,22358.4,22358.4,22358.4,22358.4,0,0
2026-04-02T13:07:00+05:30,22348.5,22348.5,22348.5,22348.5,0,0
2026-04-02T13:08:00+05:30,22383.85,22383.85,22383.85,22383.85,0,0
2026-04-02T13:09:00+05:30,22386.0,22386.0,22386.0,22386.0,0,0
2026-04-02T13:10:00+05:30,22365.85,22365.85,22365.85,22365.85,0,0
2026-04-02T13:11:00+05:30,22367.05,22367.05,22367.05,22367.05,0,0
2026-04-02T13:12:00+05:30,22370.9,22370.9,22370.9,22370.9,0,0
2026-04-02T13:13:00+05:30,22362.2,22362.2,22362.2,22362.2,0,0
2026-04-02T13:14:00+05:30,22374.95,22374.95,22374.95,22374.95,0,0
2026-04-02T13:15:00+05:30,22378.95,22378.95,22378.95,22378.95,0,0
2026-04-02T13:16:00+05:30,22363.8,22363.8,22363.8,22363.8,0,0
2026-04-02T13:17:00+05:30,22385.45,22385.45,22385.45,22385.45,0,0
2026-04-02T13:18:00+05:30,22394.8,22394.8,22394.8,22394.8,0,0
2026-04-02T13:19:00+05:30,22403.2,22403.2,22403.2,22403.2,0,0
2026-04-02T13:20:00+05:30,22401.3,22401.3,22401.3,22401.3,0,0
2026-04-02T13:21:00+05:30,22433.1,22433.1,22433.1,22433.1,0,0
2026-04-02T13:22:00+05:30,22424.0,22424.0,22424.0,22424.0,0,0
2026-04-02T13:23:00+05:30,22441.15,22441.15,22441.15,22441.15,0,0
2026-04-02T13:24:00+05:30,22448.55,22448.55,22448.55,22448.55,0,0
2026-04-02T13:25:00+05:30,22441.4,22441.4,22441.4,22441.4,0,0
2026-04-02T13:26:00+05:30,22457.6,22457.6,22457.6,22457.6,0,0
2026-04-02T13:27:00+05:30,22461.1,22461.1,22461.1,22461.1,0,0
2026-04-02T13:28:00+05:30,22475.65,22475.65,22475.65,22475.65,0,0
2026-04-02T13:29:00+05:30,22500.75,22500.75,22500.75,22500.75,0,0
2026-04-02T13:30:00+05:30,22514.7,22514.7,22514.7,22514.7,0,0
2026-04-02T13:31:00+05:30,22492.95,22492.95,22492.95,22492.95,0,0
2026-04-02T13:32:00+05:30,22497.45,22497.45,22497.45,22497.45,0,0
2026-04-02T13:33:00+05:30,22491.45,22491.45,22491.45,22491.45,0,0
2026-04-02T13:34:00+05:30,22505.95,22505.95,22505.95,22505.95,0,0
2026-04-02T13:35:00+05:30,22479.1,22479.1,22479.1,22479.1,0,0
2026-04-02T13:36:00+05:30,22500.15,22500.15,22500.15,22500.15,0,0
2026-04-02T13:37:00+05:30,22522.7,22522.7,22522.7,22522.7,0,0
2026-04-02T13:38:00+05:30,22527.15,22527.15,22527.15,22527.15,0,0
2026-04-02T13:39:00+05:30,22527.1,22527.1,22527.1,22527.1,0,0
2026-04-02T13:40:00+05:30,22532.35,22532.35,22532.35,22532.35,0,0
2026-04-02T13:41:00+05:30,22527.95,22527.95,22527.95,22527.95,0,0
2026-04-02T13:42:00+05:30,22536.9,22536.9,22536.9,22536.9,0,0
2026-04-02T13:43:00+05:30,22543.45,22543.45,22543.45,22543.45,0,0
2026-04-02T13:44:00+05:30,22551.1,22551.1,22551.1,22551.1,0,0
2026-04-02T13:45:00+05:30,22554.15,22554.15,22554.15,22554.15,0,0
2026-04-02T13:46:00+05:30,22570.95,22570.95,22570.95,22570.95,0,0
2026-04-02T13:47:00+05:30,22556.1,22556.1,22556.1,22556.1,0,0
2026-04-02T13:48:00+05:30,22536.7,22536.7,22536.7,22536.7,0,0
2026-04-02T13:49:00+05:30,22545.2,22545.2,22545.2,22545.2,0,0
2026-04-02T13:50:00+05:30,22551.5,22551.5,22551.5,22551.5,0,0
2026-04-02T13:51:00+05:30,22530.4,22530.4,22530.4,22530.4,0,0
2026-04-02T13:52:00+05:30,22551.5,22551.5,22551.5,22551.5,0,0
2026-04-02T13:53:00+05:30,22570.9,22570.9,22570.9,22570.9,0,0
2026-04-02T13:54:00+05:30,22545.7,22545.7,22545.7,22545.7,0,0
2026-04-02T13:55:00+05:30,22539.75,22539.75,22539.75,22539.75,0,0
2026-04-02T13:56:00+05:30,22533.55,22533.55,22533.55,22533.55,0,0
2026-04-02T13:57:00+05:30,22516.4,22516.4,22516.4,22516.4,0,0
2026-04-02T13:58:00+05:30,22526.0,22526.0,22526.0,22526.0,0,0
2026-04-02T13:59:00+05:30,22538.1,22538.1,22538.1,22538.1,0,0
2026-04-02T14:00:00+05:30,22557.5,22557.5,22557.5,22557.5,0,0
2026-04-02T14:01:00+05:30,22554.2,22554.2,22554.2,22554.2,0,0
2026-04-02T14:02:00+05:30,22550.1,22550.1,22550.1,22550.1,0,0
2026-04-02T14:03:00+05:30,22555.5,22555.5,22555.5,22555.5,0,0
2026-04-02T14:04:00+05:30,22571.1,22571.1,22571.1,22571.1,0,0
2026-04-02T14:05:00+05:30,22556.55,22556.55,22556.55,22556.55,0,0
2026-04-02T14:06:00+05:30,22559.95,22559.95,22559.95,22559.95,0,0
2026-04-02T14:07:00+05:30,22553.15,22553.15,22553.15,22553.15,0,0
2026-04-02T14:08:00+05:30,22570.5,22570.5,22570.5,22570.5,0,0
2026-04-02T14:09:00+05:30,22584.25,22584.25,22584.25,22584.25,0,0
2026-04-02T14:10:00+05:30,22596.7,22596.7,22596.7,22596.7,0,0
2026-04-02T14:11:00+05:30,22605.75,22605.75,22605.75,22605.75,0,0
2026-04-02T14:12:00+05:30,22621.4,22621.4,22621.4,22621.4,0,0
2026-04-02T14:13:00+05:30,22640.5,22640.5,22640.5,22640.5,0,0
2026-04-02T14:14:00+05:30,22638.65,22638.65,22638.65,22638.65,0,0
2026-04-02T14:15:00+05:30,22664.2,22664.2,22664.2,22664.2,0,0
2026-04-02T14:16:00+05:30,22652.15,22652.15,22652.15,22652.15,0,0
2026-04-02T14:17:00+05:30,22641.85,22641.85,22641.85,22641.85,0,0
2026-04-02T14:18:00+05:30,22629.75,22629.75,22629.75,22629.75,0,0
2026-04-02T14:19:00+05:30,22663.15,22663.15,22663.15,22663.15,0,0
2026-04-02T14:20:00+05:30,22664.95,22664.95,22664.95,22664.95,0,0
2026-04-02T14:21:00+05:30,22658.0,22658.0,22658.0,22658.0,0,0
2026-04-02T14:22:00+05:30,22656.85,22656.85,22656.85,22656.85,0,0
2026-04-02T14:23:00+05:30,22642.35,22642.35,22642.35,22642.35,0,0
2026-04-02T14:24:00+05:30,22677.0,22677.0,22677.0,22677.0,0,0
2026-04-02T14:25:00+05:30,22677.15,22677.15,22677.15,22677.15,0,0
2026-04-02T14:26:00+05:30,22649.95,22649.95,22649.95,22649.95,0,0
2026-04-02T14:27:00+05:30,22673.5,22673.5,22673.5,22673.5,0,0
2026-04-02T14:28:00+05:30,22677.85,22677.85,22677.85,22677.85,0,0
2026-04-02T14:29:00+05:30,22668.85,22668.85,22668.85,22668.85,0,0
2026-04-02T14:30:00+05:30,22669.35,22669.35,22669.35,22669.35,0,0
2026-04-02T14:31:00+05:30,22680.7,22680.7,22680.7,22680.7,0,0
2026-04-02T14:32:00+05:30,22687.35,22687.35,22687.35,22687.35,0,0
2026-04-02T14:33:00+05:30,22702.85,22702.85,22702.85,22702.85,0,0
2026-04-02T14:34:00+05:30,22682.15,22682.15,22682.15,22682.15,0,0
2026-04-02T14:35:00+05:30,22683.55,22683.55,22683.55,22683.55,0,0
2026-04-02T14:36:00+05:30,22664.3,22664.3,22664.3,22664.3,0,0
2026-04-02T14:37:00+05:30,22632.5,22632.5,22632.5,22632.5,0,0
2026-04-02T14:38:00+05:30,22625.9,22625.9,22625.9,22625.9,0,0
2026-04-02T14:39:00+05:30,22627.55,22627.55,22627.55,22627.55,0,0
2026-04-02T14:40:00+05:30,22631.35,22631.35,22631.35,22631.35,0,0
2026-04-02T14:41:00+05:30,22604.2,22604.2,22604.2,22604.2,0,0
2026-04-02T14:42:00+05:30,22596.0,22596.0,22596.0,22596.0,0,0
2026-04-02T14:43:00+05:30,22588.2,22588.2,22588.2,22588.2,0,0
2026-04-02T14:44:00+05:30,22581.35,22581.35,22581.35,22581.35,0,0
2026-04-02T14:45:00+05:30,22585.1,22585.1,22585.1,22585.1,0,0
2026-04-02T14:46:00+05:30,22628.4,22628.4,22628.4,22628.4,0,0
2026-04-02T14:47:00+05:30,22610.9,22610.9,22610.9,22610.9,0,0
2026-04-02T14:48:00+05:30,22628.7,22628.7,22628.7,22628.7,0,0
2026-04-02T14:49:00+05:30,22615.1,22615.1,22615.1,22615.1,0,0
2026-04-02T14:50:00+05:30,22629.25,22629.25,22629.25,22629.25,0,0
2026-04-02T14:51:00+05:30,22651.0,22651.0,22651.0,22651.0,0,0
2026-04-02T14:52:00+05:30,22648.1,22648.1,22648.1,22648.1,0,0
2026-04-02T14:53:00+05:30,22645.4,22645.4,22645.4,22645.4,0,0
2026-04-02T14:54:00+05:30,22650.6,22650.6,22650.6,22650.6,0,0
2026-04-02T14:55:00+05:30,22648.85,22648.85,22648.85,22648.85,0,0
2026-04-02T14:56:00+05:30,22649.1,22649.1,22649.1,22649.1,0,0
2026-04-02T14:57:00+05:30,22647.9,22647.9,22647.9,22647.9,0,0
2026-04-02T14:58:00+05:30,22647.9,22647.9,22647.9,22647.9,0,0
2026-04-02T14:59:00+05:30,22641.6,22641.6,22641.6,22641.6,0,0
2026-04-02T15:00:00+05:30,22669.2,22669.2,22669.2,22669.2,0,0
2026-04-02T15:01:00+05:30,22659.1,22659.1,22659.1,22659.1,0,0
2026-04-02T15:02:00+05:30,22644.95,22644.95,22644.95,22644.95,0,0
2026-04-02T15:03:00+05:30,22654.5,22654.5,22654.5,22654.5,0,0
2026-04-02T15:04:00+05:30,22664.05,22664.05,22664.05,22664.05,0,0
2026-04-02T15:05:00+05:30,22671.65,22671.65,22671.65,22671.65,0,0
2026-04-02T15:06:00+05:30,22668.0,22668.0,22668.0,22668.0,0,0
2026-04-02T15:07:00+05:30,22703.75,22703.75,22703.75,22703.75,0,0
2026-04-02T15:08:00+05:30,22706.1,22706.1,22706.1,22706.1,0,0
2026-04-02T15:09:00+05:30,22722.25,22722.25,22722.25,22722.25,0,0
2026-04-02T15:10:00+05:30,22722.8,22722.8,22722.8,22722.8,0,0
2026-04-02T15:11:00+05:30,22726.15,22726.15,22726.15,22726.15,0,0
2026-04-02T15:12:00+05:30,22720.8,22720.8,22720.8,22720.8,0,0
2026-04-02T15:13:00+05:30,22714.9,22714.9,22714.9,22714.9,0,0
2026-04-02T15:14:00+05:30,22730.65,22730.65,22730.65,22730.65,0,0
2026-04-02T15:15:00+05:30,22734.55,22734.55,22734.55,22734.55,0,0
2026-04-02T15:16:00+05:30,22735.3,22735.3,22735.3,22735.3,0,0
2026-04-02T15:17:00+05:30,22724.25,22724.25,22724.25,22724.25,0,0
2026-04-02T15:18:00+05:30,22709.25,22709.25,22709.25,22709.25,0,0
2026-04-02T15:19:00+05:30,22681.85,22681.85,22681.85,22681.85,0,0
2026-04-02T15:20:00+05:30,22659.05,22659.05,22659.05,22659.05,0,0
2026-04-02T15:21:00+05:30,22675.25,22675.25,22675.25,22675.25,0,0
2026-04-02T15:22:00+05:30,22668.25,22668.25,22668.25,22668.25,0,0
2026-04-02T15:23:00+05:30,22662.2,22662.2,22662.2,22662.2,0,0
2026-04-02T15:24:00+05:30,22656.15,22656.15,22656.15,22656.15,0,0
2026-04-02T15:25:00+05:30,22660.15,22660.15,22660.15,22660.15,0,0
2026-04-02T15:26:00+05:30,22675.75,22675.75,22675.75,22675.75,0,0
2026-04-02T15:27:00+05:30,22684.95,22684.95,22684.95,22684.95,0,0
2026-04-02T15:28:00+05:30,22683.4,22683.4,22683.4,22683.4,0,0
2026-04-02T15:29:00+05:30,22706.5,22706.5,22706.5,22706.5,0,0
2026-04-02T15:30:00+05:30,22705.6,22705.6,22705.6,22705.6,0,0
2026-04-06T09:36:00+05:30,22713.1,22713.1,22713.1,22713.1,0,0
2026-04-06T09:37:00+05:30,22727.25,22727.25,22727.25,22727.25,0,0
2026-04-06T09:38:00+05:30,22719.75,22719.75,22719.75,22719.75,0,0
2026-04-06T09:39:00+05:30,22707.75,22707.75,22707.75,22707.75,0,0
2026-04-06T09:40:00+05:30,22699.5,22699.5,22699.5,22699.5,0,0
2026-04-06T09:41:00+05:30,22658.0,22658.0,22658.0,22658.0,0,0
2026-04-06T09:42:00+05:30,22626.15,22626.15,22626.15,22626.15,0,0
2026-04-06T09:43:00+05:30,22612.15,22612.15,22612.15,22612.15,0,0
2026-04-06T09:44:00+05:30,22613.25,22613.25,22613.25,22613.25,0,0
2026-04-06T09:45:00+05:30,22629.8,22629.8,22629.8,22629.8,0,0
2026-04-06T09:46:00+05:30,22623.05,22623.05,22623.05,22623.05,0,0
2026-04-06T09:47:00+05:30,22607.25,22607.25,22607.25,22607.25,0,0
2026-04-06T09:48:00+05:30,22603.35,22603.35,22603.35,22603.35,0,0
2026-04-06T09:49:00+05:30,22599.3,22599.3,22599.3,22599.3,0,0
2026-04-06T09:50:00+05:30,22582.0,22582.0,22582.0,22582.0,0,0
2026-04-06T09:51:00+05:30,22578.25,22578.25,22578.25,22578.25,0,0
2026-04-06T09:52:00+05:30,22595.95,22595.95,22595.95,22595.95,0,0
2026-04-06T09:53:00+05:30,22575.1,22575.1,22575.1,22575.1,0,0
2026-04-06T09:54:00+05:30,22577.45,22577.45,22577.45,22577.45,0,0
2026-04-06T09:55:00+05:30,22574.7,22574.7,22574.7,22574.7,0,0
2026-04-06T09:56:00+05:30,22569.25,22569.25,22569.25,22569.25,0,0
2026-04-06T09:57:00+05:30,22579.95,22579.95,22579.95,22579.95,0,0
2026-04-06T09:58:00+05:30,22574.45,22574.45,22574.45,22574.45,0,0
2026-04-06T09:59:00+05:30,22569.9,22569.9,22569.9,22569.9,0,0
2026-04-06T10:00:00+05:30,22565.0,22565.0,22565.0,22565.0,0,0
2026-04-06T10:01:00+05:30,22577.75,22577.75,22577.75,22577.75,0,0
2026-04-06T10:02:00+05:30,22578.55,22578.55,22578.55,22578.55,0,0
2026-04-06T10:03:00+05:30,22589.45,22589.45,22589.45,22589.45,0,0
2026-04-06T10:04:00+05:30,22582.65,22582.65,22582.65,22582.65,0,0
2026-04-06T10:05:00+05:30,22592.25,22592.25,22592.25,22592.25,0,0
2026-04-06T10:06:00+05:30,22610.8,22610.8,22610.8,22610.8,0,0
2026-04-06T10:07:00+05:30,22620.4,22620.4,22620.4,22620.4,0,0
2026-04-06T10:08:00+05:30,22635.65,22635.65,22635.65,22635.65,0,0
2026-04-06T10:09:00+05:30,22614.35,22614.35,22614.35,22614.35,0,0
2026-04-06T10:10:00+05:30,22613.0,22613.0,22613.0,22613.0,0,0
2026-04-06T10:11:00+05:30,22624.75,22624.75,22624.75,22624.75,0,0
2026-04-06T10:12:00+05:30,22624.8,22624.8,22624.8,22624.8,0,0
2026-04-06T10:13:00+05:30,22644.6,22644.6,22644.6,22644.6,0,0
2026-04-06T10:14:00+05:30,22649.1,22649.1,22649.1,22649.1,0,0
2026-04-06T10:15:00+05:30,22659.4,22659.4,22659.4,22659.4,0,0
2026-04-06T10:16:00+05:30,22678.35,22678.35,22678.35,22678.35,0,0
2026-04-06T10:17:00+05:30,22654.7,22654.7,22654.7,22654.7,0,0
2026-04-06T10:18:00+05:30,22650.2,22650.2,22650.2,22650.2,0,0
2026-04-06T10:19:00+05:30,22647.75,22647.75,22647.75,22647.75,0,0
2026-04-06T10:20:00+05:30,22653.45,22653.45,22653.45,22653.45,0,0
2026-04-06T10:21:00+05:30,22655.45,22655.45,22655.45,22655.45,0,0
2026-04-06T10:22:00+05:30,22653.7,22653.7,22653.7,22653.7,0,0
2026-04-06T10:23:00+05:30,22647.05,22647.05,22647.05,22647.05,0,0
2026-04-06T10:24:00+05:30,22667.45,22667.45,22667.45,22667.45,0,0
2026-04-06T10:25:00+05:30,22636.55,22636.55,22636.55,22636.55,0,0
2026-04-06T10:26:00+05:30,22621.3,22621.3,22621.3,22621.3,0,0
2026-04-06T10:27:00+05:30,22616.55,22616.55,22616.55,22616.55,0,0
2026-04-06T10:28:00+05:30,22615.5,22615.5,22615.5,22615.5,0,0
2026-04-06T10:29:00+05:30,22646.3,22646.3,22646.3,22646.3,0,0
2026-04-06T10:30:00+05:30,22612.15,22612.15,22612.15,22612.15,0,0
2026-04-06T10:31:00+05:30,22621.65,22621.65,22621.65,22621.65,0,0
2026-04-06T10:32:00+05:30,22629.45,22629.45,22629.45,22629.45,0,0
2026-04-06T10:33:00+05:30,22640.0,22640.0,22640.0,22640.0,0,0
2026-04-06T10:34:00+05:30,22634.95,22634.95,22634.95,22634.95,0,0
2026-04-06T10:35:00+05:30,22654.4,22654.4,22654.4,22654.4,0,0
2026-04-06T10:36:00+05:30,22649.7,22649.7,22649.7,22649.7,0,0
2026-04-06T10:37:00+05:30,22658.45,22658.45,22658.45,22658.45,0,0
2026-04-06T10:38:00+05:30,22660.75,22660.75,22660.75,22660.75,0,0
2026-04-06T10:39:00+05:30,22663.3,22663.3,22663.3,22663.3,0,0
2026-04-06T10:40:00+05:30,22654.35,22654.35,22654.35,22654.35,0,0
2026-04-06T10:41:00+05:30,22655.45,22655.45,22655.45,22655.45,0,0
2026-04-06T10:42:00+05:30,22642.5,22642.5,22642.5,22642.5,0,0
2026-04-06T10:43:00+05:30,22653.4,22653.4,22653.4,22653.4,0,0
2026-04-06T10:44:00+05:30,22656.8,22656.8,22656.8,22656.8,0,0
2026-04-06T10:45:00+05:30,22657.65,22657.65,22657.65,22657.65,0,0
2026-04-06T10:46:00+05:30,22648.9,22648.9,22648.9,22648.9,0,0
2026-04-06T10:47:00+05:30,22669.85,22669.85,22669.85,22669.85,0,0
2026-04-06T10:48:00+05:30,22656.05,22656.05,22656.05,22656.05,0,0
2026-04-06T10:49:00+05:30,22663.75,22663.75,22663.75,22663.75,0,0
2026-04-06T10:50:00+05:30,22681.0,22681.0,22681.0,22681.0,0,0
2026-04-06T10:51:00+05:30,22665.55,22665.55,22665.55,22665.55,0,0
2026-04-06T10:52:00+05:30,22639.7,22639.7,22639.7,22639.7,0,0
2026-04-06T10:53:00+05:30,22627.8,22627.8,22627.8,22627.8,0,0
2026-04-06T10:54:00+05:30,22629.45,22629.45,22629.45,22629.45,0,0
2026-04-06T10:55:00+05:30,22630.0,22630.0,22630.0,22630.0,0,0
2026-04-06T10:56:00+05:30,22644.85,22644.85,22644.85,22644.85,0,0
2026-04-06T10:57:00+05:30,22648.25,22648.25,22648.25,22648.25,0,0
2026-04-06T10:58:00+05:30,22642.2,22642.2,22642.2,22642.2,0,0
2026-04-06T10:59:00+05:30,22643.9,22643.9,22643.9,22643.9,0,0
2026-04-06T11:00:00+05:30,22626.05,22626.05,22626.05,22626.05,0,0
2026-04-06T11:01:00+05:30,22617.45,22617.45,22617.45,22617.45,0,0
2026-04-06T11:02:00+05:30,22614.1,22614.1,22614.1,22614.1,0,0
2026-04-06T11:03:00+05:30,22602.9,22602.9,22602.9,22602.9,0,0
2026-04-06T11:04:00+05:30,22599.45,22599.45,22599.45,22599.45,0,0
2026-04-06T11:05:00+05:30,22593.0,22593.0,22593.0,22593.0,0,0
2026-04-06T11:06:00+05:30,22603.25,22603.25,22603.25,22603.25,0,0
2026-04-06T11:07:00+05:30,22600.35,22600.35,22600.35,22600.35,0,0
2026-04-06T11:08:00+05:30,22597.1,22597.1,22597.1,22597.1,0,0
2026-04-06T11:09:00+05:30,22590.15,22590.15,22590.15,22590.15,0,0
2026-04-06T11:10:00+05:30,22587.1,22587.1,22587.1,22587.1,0,0
2026-04-06T11:11:00+05:30,22560.7,22560.7,22560.7,22560.7,0,0
2026-04-06T11:12:00+05:30,22554.55,22554.55,22554.55,22554.55,0,0
2026-04-06T11:13:00+05:30,22556.8,22556.8,22556.8,22556.8,0,0
2026-04-06T11:14:00+05:30,22560.45,22560.45,22560.45,22560.45,0,0
2026-04-06T11:15:00+05:30,22561.4,22561.4,22561.4,22561.4,0,0
2026-04-06T11:16:00+05:30,22576.7,22576.7,22576.7,22576.7,0,0
2026-04-06T11:17:00+05:30,22587.75,22587.75,22587.75,22587.75,0,0
2026-04-06T11:18:00+05:30,22589.45,22589.45,22589.45,22589.45,0,0
2026-04-06T11:19:00+05:30,22602.85,22602.85,22602.85,22602.85,0,0
2026-04-06T11:20:00+05:30,22602.3,22602.3,22602.3,22602.3,0,0
2026-04-06T11:21:00+05:30,22623.75,22623.75,22623.75,22623.75,0,0
2026-04-06T11:22:00+05:30,22602.4,22602.4,22602.4,22602.4,0,0
2026-04-06T11:23:00+05:30,22617.1,22617.1,22617.1,22617.1,0,0
2026-04-06T11:24:00+05:30,22614.05,22614.05,22614.05,22614.05,0,0
2026-04-06T11:25:00+05:30,22611.35,22611.35,22611.35,22611.35,0,0
2026-04-06T11:26:00+05:30,22616.25,22616.25,22616.25,22616.25,0,0
2026-04-06T11:27:00+05:30,22615.1,22615.1,22615.1,22615.1,0,0
2026-04-06T11:28:00+05:30,22626.95,22626.95,22626.95,22626.95,0,0
2026-04-06T11:29:00+05:30,22623.15,22623.15,22623.15,22623.15,0,0
2026-04-06T11:30:00+05:30,22614.0,22614.0,22614.0,22614.0,0,0
2026-04-06T11:31:00+05:30,22609.9,22609.9,22609.9,22609.9,0,0
2026-04-06T11:32:00+05:30,22603.85,22603.85,22603.85,22603.85,0,0
2026-04-06T11:33:00+05:30,22595.4,22595.4,22595.4,22595.4,0,0
2026-04-06T11:34:00+05:30,22607.3,22607.3,22607.3,22607.3,0,0
2026-04-06T11:35:00+05:30,22606.35,22606.35,22606.35,22606.35,0,0
2026-04-06T11:36:00+05:30,22620.0,22620.0,22620.0,22620.0,0,0
2026-04-06T11:37:00+05:30,22636.2,22636.2,22636.2,22636.2,0,0
2026-04-06T11:38:00+05:30,22641.35,22641.35,22641.35,22641.35,0,0
2026-04-06T11:39:00+05:30,22626.65,22626.65,22626.65,22626.65,0,0
2026-04-06T11:40:00+05:30,22622.7,22622.7,22622.7,22622.7,0,0
2026-04-06T11:41:00+05:30,22633.05,22633.05,22633.05,22633.05,0,0
2026-04-06T11:42:00+05:30,22638.2,22638.2,22638.2,22638.2,0,0
2026-04-06T11:43:00+05:30,22641.5,22641.5,22641.5,22641.5,0,0
2026-04-06T11:44:00+05:30,22646.35,22646.35,22646.35,22646.35,0,0
2026-04-06T11:45:00+05:30,22635.95,22635.95,22635.95,22635.95,0,0
2026-04-06T11:46:00+05:30,22642.9,22642.9,22642.9,22642.9,0,0
2026-04-06T11:47:00+05:30,22658.8,22658.8,22658.8,22658.8,0,0
2026-04-06T11:48:00+05:30,22649.4,22649.4,22649.4,22649.4,0,0
2026-04-06T11:49:00+05:30,22646.7,22646.7,22646.7,22646.7,0,0
2026-04-06T11:50:00+05:30,22664.05,22664.05,22664.05,22664.05,0,0
2026-04-06T11:51:00+05:30,22663.7,22663.7,22663.7,22663.7,0,0
2026-04-06T11:52:00+05:30,22668.8,22668.8,22668.8,22668.8,0,0
2026-04-06T11:53:00+05:30,22654.4,22654.4,22654.4,22654.4,0,0
2026-04-06T11:54:00+05:30,22661.2,22661.2,22661.2,22661.2,0,0
2026-04-06T11:55:00+05:30,22665.6,22665.6,22665.6,22665.6,0,0
2026-04-06T11:56:00+05:30,22685.1,22685.1,22685.1,22685.1,0,0
2026-04-06T11:57:00+05:30,22710.0,22710.0,22710.0,22710.0,0,0
2026-04-06T11:58:00+05:30,22688.85,22688.85,22688.85,22688.85,0,0
2026-04-06T11:59:00+05:30,22678.1,22678.1,22678.1,22678.1,0,0
2026-04-06T12:00:00+05:30,22671.5,22671.5,22671.5,22671.5,0,0
2026-04-06T12:01:00+05:30,22678.5,22678.5,22678.5,22678.5,0,0
2026-04-06T12:02:00+05:30,22676.75,22676.75,22676.75,22676.75,0,0
2026-04-06T12:03:00+05:30,22667.1,22667.1,22667.1,22667.1,0,0
2026-04-06T12:04:00+05:30,22668.95,22668.95,22668.95,22668.95,0,0
2026-04-06T12:05:00+05:30,22673.05,22673.05,22673.05,22673.05,0,0
2026-04-06T12:06:00+05:30,22671.9,22671.9,22671.9,22671.9,0,0
2026-04-06T12:07:00+05:30,22683.65,22683.65,22683.65,22683.65,0,0
2026-04-06T12:08:00+05:30,22683.45,22683.45,22683.45,22683.45,0,0
2026-04-06T12:09:00+05:30,22680.05,22680.05,22680.05,22680.05,0,0
2026-04-06T12:10:00+05:30,22664.45,22664.45,22664.45,22664.45,0,0
2026-04-06T12:11:00+05:30,22675.75,22675.75,22675.75,22675.75,0,0
2026-04-06T12:12:00+05:30,22671.15,22671.15,22671.15,22671.15,0,0
2026-04-06T12:13:00+05:30,22665.05,22665.05,22665.05,22665.05,0,0
2026-04-06T12:14:00+05:30,22662.0,22662.0,22662.0,22662.0,0,0
2026-04-06T12:15:00+05:30,22651.45,22651.45,22651.45,22651.45,0,0
2026-04-06T12:16:00+05:30,22671.15,22671.15,22671.15,22671.15,0,0
2026-04-06T12:17:00+05:30,22666.95,22666.95,22666.95,22666.95,0,0
2026-04-06T12:18:00+05:30,22667.35,22667.35,22667.35,22667.35,0,0
2026-04-06T12:19:00+05:30,22661.2,22661.2,22661.2,22661.2,0,0
2026-04-06T12:20:00+05:30,22713.6,22713.6,22713.6,22713.6,0,0
2026-04-06T12:21:00+05:30,22726.35,22726.35,22726.35,22726.35,0,0
2026-04-06T12:22:00+05:30,22726.6,22726.6,22726.6,22726.6,0,0
2026-04-06T12:23:00+05:30,22709.8,22709.8,22709.8,22709.8,0,0
2026-04-06T12:24:00+05:30,22706.45,22706.45,22706.45,22706.45,0,0
2026-04-06T12:25:00+05:30,22703.0,22703.0,22703.0,22703.0,0,0
2026-04-06T12:26:00+05:30,22717.45,22717.45,22717.45,22717.45,0,0
2026-04-06T12:27:00+05:30,22716.2,22716.2,22716.2,22716.2,0,0
2026-04-06T12:28:00+05:30,22731.9,22731.9,22731.9,22731.9,0,0
2026-04-06T12:29:00+05:30,22730.25,22730.25,22730.25,22730.25,0,0
2026-04-06T12:30:00+05:30,22718.3,22718.3,22718.3,22718.3,0,0
2026-04-06T12:31:00+05:30,22711.05,22711.05,22711.05,22711.05,0,0
2026-04-06T12:32:00+05:30,22697.85,22697.85,22697.85,22697.85,0,0
2026-04-06T12:33:00+05:30,22663.4,22663.4,22663.4,22663.4,0,0
2026-04-06T12:34:00+05:30,22656.25,22656.25,22656.25,22656.25,0,0
2026-04-06T12:35:00+05:30,22654.2,22654.2,22654.2,22654.2,0,0
2026-04-06T12:36:00+05:30,22657.65,22657.65,22657.65,22657.65,0,0
2026-04-06T12:37:00+05:30,22676.6,22676.6,22676.6,22676.6,0,0
2026-04-06T12:38:00+05:30,22664.1,22664.1,22664.1,22664.1,0,0
2026-04-06T12:39:00+05:30,22667.8,22667.8,22667.8,22667.8,0,0
2026-04-06T12:40:00+05:30,22678.25,22678.25,22678.25,22678.25,0,0
2026-04-06T12:41:00+05:30,22653.9,22653.9,22653.9,22653.9,0,0
2026-04-06T12:42:00+05:30,22658.0,22658.0,22658.0,22658.0,0,0
2026-04-06T12:43:00+05:30,22666.95,22666.95,22666.95,22666.95,0,0
2026-04-06T12:44:00+05:30,22678.65,22678.65,22678.65,22678.65,0,0
2026-04-06T12:45:00+05:30,22689.95,22689.95,22689.95,22689.95,0,0
2026-04-06T12:46:00+05:30,22706.25,22706.25,22706.25,22706.25,0,0
2026-04-06T12:47:00+05:30,22721.15,22721.15,22721.15,22721.15,0,0
2026-04-06T12:48:00+05:30,22736.7,22736.7,22736.7,22736.7,0,0
2026-04-06T12:49:00+05:30,22760.85,22760.85,22760.85,22760.85,0,0
2026-04-06T12:50:00+05:30,22779.95,22779.95,22779.95,22779.95,0,0
2026-04-06T12:51:00+05:30,22791.65,22791.65,22791.65,22791.65,0,0
2026-04-06T12:52:00+05:30,22765.4,22765.4,22765.4,22765.4,0,0
2026-04-06T12:53:00+05:30,22767.5,22767.5,22767.5,22767.5,0,0
2026-04-06T12:54:00+05:30,22779.0,22779.0,22779.0,22779.0,0,0
2026-04-06T12:55:00+05:30,22790.55,22790.55,22790.55,22790.55,0,0
2026-04-06T12:56:00+05:30,22804.3,22804.3,22804.3,22804.3,0,0
2026-04-06T12:57:00+05:30,22795.6,22795.6,22795.6,22795.6,0,0
2026-04-06T12:58:00+05:30,22800.6,22800.6,22800.6,22800.6,0,0
2026-04-06T12:59:00+05:30,22807.2,22807.2,22807.2,22807.2,0,0
2026-04-06T13:00:00+05:30,22823.9,22823.9,22823.9,22823.9,0,0
2026-04-06T13:01:00+05:30,22813.45,22813.45,22813.45,22813.45,0,0
2026-04-06T13:02:00+05:30,22803.2,22803.2,22803.2,22803.2,0,0
2026-04-06T13:03:00+05:30,22780.4,22780.4,22780.4,22780.4,0,0
2026-04-06T13:04:00+05:30,22777.8,22777.8,22777.8,22777.8,0,0
2026-04-06T13:05:00+05:30,22792.0,22792.0,22792.0,22792.0,0,0
2026-04-06T13:06:00+05:30,22797.85,22797.85,22797.85,22797.85,0,0
2026-04-06T13:07:00+05:30,22813.6,22813.6,22813.6,22813.6,0,0
2026-04-06T13:08:00+05:30,22805.75,22805.75,22805.75,22805.75,0,0
2026-04-06T13:09:00+05:30,22816.0,22816.0,22816.0,22816.0,0,0
2026-04-06T13:10:00+05:30,22831.95,22831.95,22831.95,22831.95,0,0
2026-04-06T13:11:00+05:30,22847.3,22847.3,22847.3,22847.3,0,0
2026-04-06T13:12:00+05:30,22875.95,22875.95,22875.95,22875.95,0,0
2026-04-06T13:13:00+05:30,22871.35,22871.35,22871.35,22871.35,0,0
2026-04-06T13:14:00+05:30,22872.8,22872.8,22872.8,22872.8,0,0
2026-04-06T13:15:00+05:30,22881.25,22881.25,22881.25,22881.25,0,0
2026-04-06T13:16:00+05:30,22880.3,22880.3,22880.3,22880.3,0,0
2026-04-06T13:17:00+05:30,22881.05,22881.05,22881.05,22881.05,0,0
2026-04-06T13:18:00+05:30,22890.8,22890.8,22890.8,22890.8,0,0
2026-04-06T13:19:00+05:30,22878.6,22878.6,22878.6,22878.6,0,0
2026-04-06T13:20:00+05:30,22885.95,22885.95,22885.95,22885.95,0,0
2026-04-06T13:21:00+05:30,22898.35,22898.35,22898.35,22898.35,0,0
2026-04-06T13:22:00+05:30,22915.15,22915.15,22915.15,22915.15,0,0
2026-04-06T13:23:00+05:30,22902.1,22902.1,22902.1,22902.1,0,0
2026-04-06T13:24:00+05:30,22899.85,22899.85,22899.85,22899.85,0,0
2026-04-06T13:25:00+05:30,22897.5,22897.5,22897.5,22897.5,0,0
2026-04-06T13:26:00+05:30,22890.4,22890.4,22890.4,22890.4,0,0
2026-04-06T13:27:00+05:30,22889.1,22889.1,22889.1,22889.1,0,0
2026-04-06T13:28:00+05:30,22899.0,22899.0,22899.0,22899.0,0,0
2026-04-06T13:29:00+05:30,22884.0,22884.0,22884.0,22884.0,0,0
2026-04-06T13:30:00+05:30,22896.9,22896.9,22896.9,22896.9,0,0
2026-04-06T13:31:00+05:30,22902.3,22902.3,22902.3,22902.3,0,0
2026-04-06T13:32:00+05:30,22900.05,22900.05,22900.05,22900.05,0,0
2026-04-06T13:33:00+05:30,22903.85,22903.85,22903.85,22903.85,0,0
2026-04-06T13:34:00+05:30,22910.45,22910.45,22910.45,22910.45,0,0
2026-04-06T13:35:00+05:30,22917.0,22917.0,22917.0,22917.0,0,0
2026-04-06T13:36:00+05:30,22903.95,22903.95,22903.95,22903.95,0,0
2026-04-06T13:37:00+05:30,22903.65,22903.65,22903.65,22903.65,0,0
2026-04-06T13:38:00+05:30,22906.7,22906.7,22906.7,22906.7,0,0
2026-04-06T13:39:00+05:30,22888.05,22888.05,22888.05,22888.05,0,0
2026-04-06T13:40:00+05:30,22894.3,22894.3,22894.3,22894.3,0,0
2026-04-06T13:41:00+05:30,22890.95,22890.95,22890.95,22890.95,0,0
2026-04-06T13:42:00+05:30,22862.25,22862.25,22862.25,22862.25,0,0
2026-04-06T13:43:00+05:30,22872.85,22872.85,22872.85,22872.85,0,0
2026-04-06T13:44:00+05:30,22877.35,22877.35,22877.35,22877.35,0,0
2026-04-06T13:45:00+05:30,22865.85,22865.85,22865.85,22865.85,0,0
2026-04-06T13:46:00+05:30,22868.5,22868.5,22868.5,22868.5,0,0
2026-04-06T13:47:00+05:30,22887.25,22887.25,22887.25,22887.25,0,0
2026-04-06T13:48:00+05:30,22878.2,22878.2,22878.2,22878.2,0,0
2026-04-06T13:49:00+05:30,22869.6,22869.6,22869.6,22869.6,0,0
2026-04-06T13:50:00+05:30,22874.65,22874.65,22874.65,22874.65,0,0
2026-04-06T13:51:00+05:30,22891.5,22891.5,22891.5,22891.5,0,0
2026-04-06T13:52:00+05:30,22884.65,22884.65,22884.65,22884.65,0,0
2026-04-06T13:53:00+05:30,22893.7,22893.7,22893.7,22893.7,0,0
2026-04-06T13:54:00+05:30,22899.85,22899.85,22899.85,22899.85,0,0
2026-04-06T13:55:00+05:30,22900.35,22900.35,22900.35,22900.35,0,0
2026-04-06T13:56:00+05:30,22882.6,22882.6,22882.6,22882.6,0,0
2026-04-06T13:57:00+05:30,22885.65,22885.65,22885.65,22885.65,0,0
2026-04-06T13:58:00+05:30,22883.2,22883.2,22883.2,22883.2,0,0
2026-04-06T13:59:00+05:30,22875.75,22875.75,22875.75,22875.75,0,0
2026-04-06T14:00:00+05:30,22885.1,22885.1,22885.1,22885.1,0,0
2026-04-06T14:01:00+05:30,22887.35,22887.35,22887.35,22887.35,0,0
2026-04-06T14:02:00+05:30,22884.45,22884.45,22884.45,22884.45,0,0
2026-04-06T14:03:00+05:30,22888.5,22888.5,22888.5,22888.5,0,0
2026-04-06T14:04:00+05:30,22901.1,22901.1,22901.1,22901.1,0,0
2026-04-06T14:05:00+05:30,22911.75,22911.75,22911.75,22911.75,0,0
2026-04-06T14:06:00+05:30,22899.05,22899.05,22899.05,22899.05,0,0
2026-04-06T14:07:00+05:30,22897.2,22897.2,22897.2,22897.2,0,0
2026-04-06T14:08:00+05:30,22883.45,22883.45,22883.45,22883.45,0,0
2026-04-06T14:09:00+05:30,22883.7,22883.7,22883.7,22883.7,0,0
2026-04-06T14:10:00+05:30,22886.7,22886.7,22886.7,22886.7,0,0
2026-04-06T14:11:00+05:30,22900.65,22900.65,22900.65,22900.65,0,0
2026-04-06T14:12:00+05:30,22915.25,22915.25,22915.25,22915.25,0,0
2026-04-06T14:13:00+05:30,22922.35,22922.35,22922.35,22922.35,0,0
2026-04-06T14:14:00+05:30,22926.2,22926.2,22926.2,22926.2,0,0
2026-04-06T14:15:00+05:30,22933.55,22933.55,22933.55,22933.55,0,0
2026-04-06T14:16:00+05:30,22927.5,22927.5,22927.5,22927.5,0,0
2026-04-06T14:17:00+05:30,22920.3,22920.3,22920.3,22920.3,0,0
2026-04-06T14:18:00+05:30,22939.25,22939.25,22939.25,22939.25,0,0
2026-04-06T14:19:00+05:30,22936.0,22936.0,22936.0,22936.0,0,0
2026-04-06T14:20:00+05:30,22937.15,22937.15,22937.15,22937.15,0,0
2026-04-06T14:21:00+05:30,22927.55,22927.55,22927.55,22927.55,0,0
2026-04-06T14:22:00+05:30,22925.1,22925.1,22925.1,22925.1,0,0
2026-04-06T14:23:00+05:30,22931.95,22931.95,22931.95,22931.95,0,0
2026-04-06T14:24:00+05:30,22924.6,22924.6,22924.6,22924.6,0,0
2026-04-06T14:25:00+05:30,22905.8,22905.8,22905.8,22905.8,0,0
2026-04-06T14:26:00+05:30,22910.0,22910.0,22910.0,22910.0,0,0
2026-04-06T14:27:00+05:30,22919.65,22919.65,22919.65,22919.65,0,0
2026-04-06T14:28:00+05:30,22916.95,22916.95,22916.95,22916.95,0,0
2026-04-06T14:29:00+05:30,22907.2,22907.2,22907.2,22907.2,0,0
2026-04-06T14:30:00+05:30,22918.35,22918.35,22918.35,22918.35,0,0
2026-04-06T14:31:00+05:30,22933.8,22933.8,22933.8,22933.8,0,0
2026-04-06T14:32:00+05:30,22933.45,22933.45,22933.45,22933.45,0,0
2026-04-06T14:33:00+05:30,22940.6,22940.6,22940.6,22940.6,0,0
2026-04-06T14:34:00+05:30,22940.85,22940.85,22940.85,22940.85,0,0
2026-04-06T14:35:00+05:30,22936.0,22936.0,22936.0,22936.0,0,0
2026-04-06T14:36:00+05:30,22941.0,22941.0,22941.0,22941.0,0,0
2026-04-06T14:37:00+05:30,22948.05,22948.05,22948.05,22948.05,0,0
2026-04-06T14:38:00+05:30,22938.75,22938.75,22938.75,22938.75,0,0
2026-04-06T14:39:00+05:30,22927.05,22927.05,22927.05,22927.05,0,0
2026-04-06T14:40:00+05:30,22937.9,22937.9,22937.9,22937.9,0,0
2026-04-06T14:41:00+05:30,22930.55,22930.55,22930.55,22930.55,0,0
2026-04-06T14:42:00+05:30,22919.9,22919.9,22919.9,22919.9,0,0
2026-04-06T14:43:00+05:30,22931.05,22931.05,22931.05,22931.05,0,0
2026-04-06T14:44:00+05:30,22924.5,22924.5,22924.5,22924.5,0,0
2026-04-06T14:45:00+05:30,22923.95,22923.95,22923.95,22923.95,0,0
2026-04-06T14:46:00+05:30,22935.0,22935.0,22935.0,22935.0,0,0
2026-04-06T14:47:00+05:30,22929.35,22929.35,22929.35,22929.35,0,0
2026-04-06T14:48:00+05:30,22936.05,22936.05,22936.05,22936.05,0,0
2026-04-06T14:49:00+05:30,22931.55,22931.55,22931.55,22931.55,0,0
2026-04-06T14:50:00+05:30,22934.65,22934.65,22934.65,22934.65,0,0
2026-04-06T14:51:00+05:30,22929.15,22929.15,22929.15,22929.15,0,0
2026-04-06T14:52:00+05:30,22939.45,22939.45,22939.45,22939.45,0,0
2026-04-06T14:53:00+05:30,22938.5,22938.5,22938.5,22938.5,0,0
2026-04-06T14:54:00+05:30,22920.35,22920.35,22920.35,22920.35,0,0
2026-04-06T14:55:00+05:30,22900.3,22900.3,22900.3,22900.3,0,0
2026-04-06T14:56:00+05:30,22920.55,22920.55,22920.55,22920.55,0,0
2026-04-06T14:57:00+05:30,22925.85,22925.85,22925.85,22925.85,0,0
2026-04-06T14:58:00+05:30,22920.9,22920.9,22920.9,22920.9,0,0
2026-04-06T14:59:00+05:30,22932.05,22932.05,22932.05,22932.05,0,0
2026-04-06T15:00:00+05:30,22938.85,22938.85,22938.85,22938.85,0,0
2026-04-06T15:01:00+05:30,22960.45,22960.45,22960.45,22960.45,0,0
2026-04-06T15:02:00+05:30,22976.9,22976.9,22976.9,22976.9,0,0
2026-04-06T15:03:00+05:30,22963.75,22963.75,22963.75,22963.75,0,0
2026-04-06T15:04:00+05:30,22968.9,22968.9,22968.9,22968.9,0,0
2026-04-06T15:05:00+05:30,22979.05,22979.05,22979.05,22979.05,0,0
2026-04-06T15:06:00+05:30,22976.55,22976.55,22976.55,22976.55,0,0
2026-04-06T15:07:00+05:30,22974.4,22974.4,22974.4,22974.4,0,0
2026-04-06T15:08:00+05:30,22979.05,22979.05,22979.05,22979.05,0,0
2026-04-06T15:09:00+05:30,22980.8,22980.8,22980.8,22980.8,0,0
2026-04-06T15:10:00+05:30,22978.0,22978.0,22978.0,22978.0,0,0
2026-04-06T15:11:00+05:30,22993.85,22993.85,22993.85,22993.85,0,0
2026-04-06T15:12:00+05:30,23004.7,23004.7,23004.7,23004.7,0,0
2026-04-06T15:13:00+05:30,22996.7,22996.7,22996.7,22996.7,0,0
2026-04-06T15:14:00+05:30,22996.4,22996.4,22996.4,22996.4,0,0
2026-04-06T15:15:00+05:30,22985.55,22985.55,22985.55,22985.55,0,0
2026-04-06T15:16:00+05:30,22986.4,22986.4,22986.4,22986.4,0,0
2026-04-06T15:17:00+05:30,22966.35,22966.35,22966.35,22966.35,0,0
2026-04-06T15:18:00+05:30,22975.05,22975.05,22975.05,22975.05,0,0
2026-04-06T15:19:00+05:30,22976.0,22976.0,22976.0,22976.0,0,0
2026-04-06T15:20:00+05:30,22962.75,22962.75,22962.75,22962.75,0,0
2026-04-06T15:21:00+05:30,22972.2,22972.2,22972.2,22972.2,0,0
2026-04-06T15:22:00+05:30,22970.35,22970.35,22970.35,22970.35,0,0
2026-04-06T15:23:00+05:30,22976.45,22976.45,22976.45,22976.45,0,0
2026-04-06T15:24:00+05:30,22967.35,22967.35,22967.35,22967.35,0,0
2026-04-06T15:25:00+05:30,22968.85,22968.85,22968.85,22968.85,0,0
2026-04-06T15:26:00+05:30,22967.35,22967.35,22967.35,22967.35,0,0
2026-04-06T15:27:00+05:30,22969.3,22969.3,22969.3,22969.3,0,0
2026-04-06T15:28:00+05:30,22966.75,22966.75,22966.75,22966.75,0,0
2026-04-06T15:29:00+05:30,22965.0,22965.0,22965.0,22965.0,0,0
2026-04-06T15:30:00+05:30,22964.55,22964.55,22964.55,22964.55,0,0
2026-04-07T09:15:00+05:30,22757.95,22757.95,22757.95,22757.95,0,0
2026-04-07T09:16:00+05:30,22729.25,22729.25,22729.25,22729.25,0,0
2026-04-07T09:17:00+05:30,22765.4,22765.4,22765.4,22765.4,0,0
2026-04-07T09:18:00+05:30,22756.95,22756.95,22756.95,22756.95,0,0
2026-04-07T09:19:00+05:30,22759.25,22759.25,22759.25,22759.25,0,0
2026-04-07T09:20:00+05:30,22757.55,22757.55,22757.55,22757.55,0,0
2026-04-07T09:21:00+05:30,22775.4,22775.4,22775.4,22775.4,0,0
2026-04-07T09:22:00+05:30,22801.2,22801.2,22801.2,22801.2,0,0
2026-04-07T09:23:00+05:30,22796.35,22796.35,22796.35,22796.35,0,0
2026-04-07T09:24:00+05:30,22795.0,22795.0,22795.0,22795.0,0,0
2026-04-07T09:25:00+05:30,22806.15,22806.15,22806.15,22806.15,0,0
2026-04-07T09:26:00+05:30,22858.9,22858.9,22858.9,22858.9,0,0
2026-04-07T09:27:00+05:30,22868.45,22868.45,22868.45,22868.45,0,0
2026-04-07T09:28:00+05:30,22874.4,22874.4,22874.4,22874.4,0,0
2026-04-07T09:29:00+05:30,22882.9,22882.9,22882.9,22882.9,0,0
2026-04-07T09:30:00+05:30,22886.9,22886.9,22886.9,22886.9,0,0
2026-04-07T09:31:00+05:30,22872.6,22872.6,22872.6,22872.6,0,0
2026-04-07T09:32:00+05:30,22875.5,22875.5,22875.5,22875.5,0,0
2026-04-07T09:33:00+05:30,22870.85,22870.85,22870.85,22870.85,0,0
2026-04-07T09:34:00+05:30,22843.85,22843.85,22843.85,22843.85,0,0
2026-04-07T09:35:00+05:30,22830.75,22830.75,22830.75,22830.75,0,0
2026-04-07T09:36:00+05:30,22857.0,22857.0,22857.0,22857.0,0,0
2026-04-07T09:37:00+05:30,22861.15,22861.15,22861.15,22861.15,0,0
2026-04-07T09:38:00+05:30,22833.7,22833.7,22833.7,22833.7,0,0
2026-04-07T09:39:00+05:30,22841.85,22841.85,22841.85,22841.85,0,0
2026-04-07T09:40:00+05:30,22851.2,22851.2,22851.2,22851.2,0,0
2026-04-07T09:41:00+05:30,22835.35,22835.35,22835.35,22835.35,0,0
2026-04-07T09:42:00+05:30,22836.2,22836.2,22836.2,22836.2,0,0
2026-04-07T09:43:00+05:30,22783.4,22783.4,22783.4,22783.4,0,0
2026-04-07T09:44:00+05:30,22793.7,22793.7,22793.7,22793.7,0,0
2026-04-07T09:45:00+05:30,22807.6,22807.6,22807.6,22807.6,0,0
2026-04-07T09:46:00+05:30,22821.25,22821.25,22821.25,22821.25,0,0
2026-04-07T09:47:00+05:30,22844.45,22844.45,22844.45,22844.45,0,0
2026-04-07T09:48:00+05:30,22826.5,22826.5,22826.5,22826.5,0,0
2026-04-07T09:49:00+05:30,22816.05,22816.05,22816.05,22816.05,0,0
2026-04-07T09:50:00+05:30,22829.05,22829.05,22829.05,22829.05,0,0
2026-04-07T09:51:00+05:30,22833.15,22833.15,22833.15,22833.15,0,0
2026-04-07T09:52:00+05:30,22834.2,22834.2,22834.2,22834.2,0,0
2026-04-07T09:53:00+05:30,22838.35,22838.35,22838.35,22838.35,0,0
2026-04-07T09:54:00+05:30,22839.4,22839.4,22839.4,22839.4,0,0
2026-04-07T09:55:00+05:30,22859.2,22859.2,22859.2,22859.2,0,0
2026-04-07T09:56:00+05:30,22858.95,22858.95,22858.95,22858.95,0,0
2026-04-07T09:57:00+05:30,22861.55,22861.55,22861.55,22861.55,0,0
2026-04-07T09:58:00+05:30,22875.55,22875.55,22875.55,22875.55,0,0
2026-04-07T09:59:00+05:30,22887.05,22887.05,22887.05,22887.05,0,0
2026-04-07T10:00:00+05:30,22892.4,22892.4,22892.4,22892.4,0,0
2026-04-07T10:01:00+05:30,22917.05,22917.05,22917.05,22917.05,0,0
2026-04-07T10:02:00+05:30,22899.85,22899.85,22899.85,22899.85,0,0
2026-04-07T10:03:00+05:30,22909.85,22909.85,22909.85,22909.85,0,0
2026-04-07T10:04:00+05:30,22916.85,22916.85,22916.85,22916.85,0,0
2026-04-07T10:05:00+05:30,22919.6,22919.6,22919.6,22919.6,0,0
2026-04-07T10:06:00+05:30,22904.7,22904.7,22904.7,22904.7,0,0
2026-04-07T10:07:00+05:30,22911.15,22911.15,22911.15,22911.15,0,0
2026-04-07T10:08:00+05:30,22902.2,22902.2,22902.2,22902.2,0,0
2026-04-07T10:09:00+05:30,22899.05,22899.05,22899.05,22899.05,0,0
2026-04-07T10:10:00+05:30,22904.95,22904.95,22904.95,22904.95,0,0
2026-04-07T10:11:00+05:30,22907.95,22907.95,22907.95,22907.95,0,0
2026-04-07T10:12:00+05:30,22911.7,22911.7,22911.7,22911.7,0,0
2026-04-07T10:13:00+05:30,22902.65,22902.65,22902.65,22902.65,0,0
2026-04-07T10:14:00+05:30,22915.05,22915.05,22915.05,22915.05,0,0
2026-04-07T10:15:00+05:30,22919.75,22919.75,22919.75,22919.75,0,0
2026-04-07T10:16:00+05:30,22929.2,22929.2,22929.2,22929.2,0,0
2026-04-07T10:17:00+05:30,22948.55,22948.55,22948.55,22948.55,0,0
2026-04-07T10:18:00+05:30,22930.7,22930.7,22930.7,22930.7,0,0
2026-04-07T10:19:00+05:30,22945.9,22945.9,22945.9,22945.9,0,0
2026-04-07T10:20:00+05:30,22927.2,22927.2,22927.2,22927.2,0,0
2026-04-07T10:21:00+05:30,22933.05,22933.05,22933.05,22933.05,0,0
2026-04-07T10:22:00+05:30,22920.05,22920.05,22920.05,22920.05,0,0
2026-04-07T10:23:00+05:30,22927.1,22927.1,22927.1,22927.1,0,0
2026-04-07T10:24:00+05:30,22925.7,22925.7,22925.7,22925.7,0,0
2026-04-07T10:25:00+05:30,22932.15,22932.15,22932.15,22932.15,0,0
2026-04-07T10:26:00+05:30,22933.25,22933.25,22933.25,22933.25,0,0
2026-04-07T10:27:00+05:30,22942.85,22942.85,22942.85,22942.85,0,0
2026-04-07T10:28:00+05:30,22941.2,22941.2,22941.2,22941.2,0,0
2026-04-07T10:29:00+05:30,22942.8,22942.8,22942.8,22942.8,0,0
2026-04-07T10:30:00+05:30,22931.85,22931.85,22931.85,22931.85,0,0
2026-04-07T10:31:00+05:30,22939.6,22939.6,22939.6,22939.6,0,0
2026-04-07T10:32:00+05:30,22948.15,22948.15,22948.15,22948.15,0,0
2026-04-07T10:33:00+05:30,22942.35,22942.35,22942.35,22942.35,0,0
2026-04-07T10:34:00+05:30,22911.55,22911.55,22911.55,22911.55,0,0
2026-04-07T10:35:00+05:30,22907.5,22907.5,22907.5,22907.5,0,0
2026-04-07T10:36:00+05:30,22888.0,22888.0,22888.0,22888.0,0,0
2026-04-07T10:37:00+05:30,22914.75,22914.75,22914.75,22914.75,0,0
2026-04-07T10:38:00+05:30,22921.2,22921.2,22921.2,22921.2,0,0
2026-04-07T10:39:00+05:30,22929.65,22929.65,22929.65,22929.65,0,0
2026-04-07T10:40:00+05:30,22938.2,22938.2,22938.2,22938.2,0,0
2026-04-07T10:41:00+05:30,22951.2,22951.2,22951.2,22951.2,0,0
2026-04-07T10:42:00+05:30,22960.0,22960.0,22960.0,22960.0,0,0
2026-04-07T10:43:00+05:30,22965.35,22965.35,22965.35,22965.35,0,0
2026-04-07T10:44:00+05:30,22959.35,22959.35,22959.35,22959.35,0,0
2026-04-07T10:45:00+05:30,22958.55,22958.55,22958.55,22958.55,0,0
2026-04-07T10:46:00+05:30,22955.2,22955.2,22955.2,22955.2,0,0
2026-04-07T10:47:00+05:30,22944.8,22944.8,22944.8,22944.8,0,0
2026-04-07T10:48:00+05:30,22953.25,22953.25,22953.25,22953.25,0,0
2026-04-07T10:49:00+05:30,22931.6,22931.6,22931.6,22931.6,0,0
2026-04-07T10:50:00+05:30,22930.3,22930.3,22930.3,22930.3,0,0
2026-04-07T10:51:00+05:30,22924.2,22924.2,22924.2,22924.2,0,0
2026-04-07T10:52:00+05:30,22911.55,22911.55,22911.55,22911.55,0,0
2026-04-07T10:53:00+05:30,22873.7,22873.7,22873.7,22873.7,0,0
2026-04-07T10:54:00+05:30,22869.6,22869.6,22869.6,22869.6,0,0
2026-04-07T10:55:00+05:30,22875.25,22875.25,22875.25,22875.25,0,0
2026-04-07T10:56:00+05:30,22858.0,22858.0,22858.0,22858.0,0,0
2026-04-07T10:57:00+05:30,22856.25,22856.25,22856.25,22856.25,0,0
2026-04-07T10:58:00+05:30,22841.35,22841.35,22841.35,22841.35,0,0
2026-04-07T10:59:00+05:30,22838.25,22838.25,22838.25,22838.25,0,0
2026-04-07T11:00:00+05:30,22823.55,22823.55,22823.55,22823.55,0,0
2026-04-07T11:01:00+05:30,22836.0,22836.0,22836.0,22836.0,0,0
2026-04-07T11:02:00+05:30,22842.45,22842.45,22842.45,22842.45,0,0
2026-04-07T11:03:00+05:30,22844.1,22844.1,22844.1,22844.1,0,0
2026-04-07T11:04:00+05:30,22845.5,22845.5,22845.5,22845.5,0,0
2026-04-07T11:05:00+05:30,22860.85,22860.85,22860.85,22860.85,0,0
2026-04-07T11:06:00+05:30,22849.65,22849.65,22849.65,22849.65,0,0
2026-04-07T11:07:00+05:30,22862.95,22862.95,22862.95,22862.95,0,0
2026-04-07T11:08:00+05:30,22878.05,22878.05,22878.05,22878.05,0,0
2026-04-07T11:09:00+05:30,22863.45,22863.45,22863.45,22863.45,0,0
2026-04-07T11:10:00+05:30,22861.1,22861.1,22861.1,22861.1,0,0
2026-04-07T11:11:00+05:30,22858.0,22858.0,22858.0,22858.0,0,0
2026-04-07T11:12:00+05:30,22854.15,22854.15,22854.15,22854.15,0,0
2026-04-07T11:13:00+05:30,22852.7,22852.7,22852.7,22852.7,0,0
2026-04-07T11:14:00+05:30,22856.1,22856.1,22856.1,22856.1,0,0
2026-04-07T11:15:00+05:30,22875.65,22875.65,22875.65,22875.65,0,0
2026-04-07T11:16:00+05:30,22871.5,22871.5,22871.5,22871.5,0,0
2026-04-07T11:17:00+05:30,22882.55,22882.55,22882.55,22882.55,0,0
2026-04-07T11:18:00+05:30,22880.5,22880.5,22880.5,22880.5,0,0
2026-04-07T11:19:00+05:30,22888.05,22888.05,22888.05,22888.05,0,0
2026-04-07T11:20:00+05:30,22891.9,22891.9,22891.9,22891.9,0,0
2026-04-07T11:21:00+05:30,22903.25,22903.25,22903.25,22903.25,0,0
2026-04-07T11:22:00+05:30,22928.9,22928.9,22928.9,22928.9,0,0
2026-04-07T11:23:00+05:30,22912.55,22912.55,22912.55,22912.55,0,0
2026-04-07T11:24:00+05:30,22922.75,22922.75,22922.75,22922.75,0,0
2026-04-07T11:25:00+05:30,22919.55,22919.55,22919.55,22919.55,0,0
2026-04-07T11:26:00+05:30,22934.25,22934.25,22934.25,22934.25,0,0
2026-04-07T11:27:00+05:30,22933.85,22933.85,22933.85,22933.85,0,0
2026-04-07T11:28:00+05:30,22938.85,22938.85,22938.85,22938.85,0,0
2026-04-07T11:29:00+05:30,22941.35,22941.35,22941.35,22941.35,0,0
2026-04-07T11:30:00+05:30,22942.1,22942.1,22942.1,22942.1,0,0
2026-04-07T11:31:00+05:30,22937.9,22937.9,22937.9,22937.9,0,0
2026-04-07T11:32:00+05:30,22943.1,22943.1,22943.1,22943.1,0,0
2026-04-07T11:33:00+05:30,22938.05,22938.05,22938.05,22938.05,0,0
2026-04-07T11:34:00+05:30,22944.55,22944.55,22944.55,22944.55,0,0
2026-04-07T11:35:00+05:30,22938.7,22938.7,22938.7,22938.7,0,0
2026-04-07T11:36:00+05:30,22928.85,22928.85,22928.85,22928.85,0,0
2026-04-07T11:37:00+05:30,22931.15,22931.15,22931.15,22931.15,0,0
2026-04-07T11:38:00+05:30,22950.25,22950.25,22950.25,22950.25,0,0
2026-04-07T11:39:00+05:30,22951.55,22951.55,22951.55,22951.55,0,0
2026-04-07T11:40:00+05:30,22924.35,22924.35,22924.35,22924.35,0,0
2026-04-07T11:41:00+05:30,22927.8,22927.8,22927.8,22927.8,0,0
2026-04-07T11:42:00+05:30,22922.25,22922.25,22922.25,22922.25,0,0
2026-04-07T11:43:00+05:30,22917.8,22917.8,22917.8,22917.8,0,0
2026-04-07T11:44:00+05:30,22918.25,22918.25,22918.25,22918.25,0,0
2026-04-07T11:45:00+05:30,22924.5,22924.5,22924.5,22924.5,0,0
2026-04-07T11:46:00+05:30,22905.05,22905.05,22905.05,22905.05,0,0
2026-04-07T11:47:00+05:30,22904.3,22904.3,22904.3,22904.3,0,0
2026-04-07T11:48:00+05:30,22915.1,22915.1,22915.1,22915.1,0,0
2026-04-07T11:49:00+05:30,22913.65,22913.65,22913.65,22913.65,0,0
2026-04-07T11:50:00+05:30,22915.0,22915.0,22915.0,22915.0,0,0
2026-04-07T11:51:00+05:30,22922.45,22922.45,22922.45,22922.45,0,0
2026-04-07T11:52:00+05:30,22921.75,22921.75,22921.75,22921.75,0,0
2026-04-07T11:53:00+05:30,22928.95,22928.95,22928.95,22928.95,0,0
2026-04-07T11:54:00+05:30,22943.2,22943.2,22943.2,22943.2,0,0
2026-04-07T11:55:00+05:30,22958.25,22958.25,22958.25,22958.25,0,0
2026-04-07T11:56:00+05:30,22983.4,22983.4,22983.4,22983.4,0,0
2026-04-07T11:57:00+05:30,22999.0,22999.0,22999.0,22999.0,0,0
2026-04-07T11:58:00+05:30,22990.4,22990.4,22990.4,22990.4,0,0
2026-04-07T11:59:00+05:30,22994.35,22994.35,22994.35,22994.35,0,0
2026-04-07T12:00:00+05:30,22985.9,22985.9,22985.9,22985.9,0,0
2026-04-07T12:01:00+05:30,22973.55,22973.55,22973.55,22973.55,0,0
2026-04-07T12:02:00+05:30,22967.65,22967.65,22967.65,22967.65,0,0
2026-04-07T12:03:00+05:30,22942.3,22942.3,22942.3,22942.3,0,0
2026-04-07T12:04:00+05:30,22945.35,22945.35,22945.35,22945.35,0,0
2026-04-07T12:05:00+05:30,22934.95,22934.95,22934.95,22934.95,0,0
2026-04-07T12:06:00+05:30,22944.9,22944.9,22944.9,22944.9,0,0
2026-04-07T12:07:00+05:30,22938.55,22938.55,22938.55,22938.55,0,0
2026-04-07T12:08:00+05:30,22940.9,22940.9,22940.9,22940.9,0,0
2026-04-07T12:09:00+05:30,22952.6,22952.6,22952.6,22952.6,0,0
2026-04-07T12:10:00+05:30,22938.65,22938.65,22938.65,22938.65,0,0
2026-04-07T12:11:00+05:30,22915.45,22915.45,22915.45,22915.45,0,0
2026-04-07T12:12:00+05:30,22924.05,22924.05,22924.05,22924.05,0,0
2026-04-07T12:13:00+05:30,22937.55,22937.55,22937.55,22937.55,0,0
2026-04-07T12:14:00+05:30,22939.55,22939.55,22939.55,22939.55,0,0
2026-04-07T12:15:00+05:30,22930.65,22930.65,22930.65,22930.65,0,0
2026-04-07T12:16:00+05:30,22936.2,22936.2,22936.2,22936.2,0,0
2026-04-07T12:17:00+05:30,22935.6,22935.6,22935.6,22935.6,0,0
2026-04-07T12:18:00+05:30,22922.85,22922.85,22922.85,22922.85,0,0
2026-04-07T12:19:00+05:30,22930.65,22930.65,22930.65,22930.65,0,0
2026-04-07T12:20:00+05:30,22927.85,22927.85,22927.85,22927.85,0,0
2026-04-07T12:21:00+05:30,22909.6,22909.6,22909.6,22909.6,0,0
2026-04-07T12:22:00+05:30,22908.1,22908.1,22908.1,22908.1,0,0
2026-04-07T12:23:00+05:30,22900.65,22900.65,22900.65,22900.65,0,0
2026-04-07T12:24:00+05:30,22906.75,22906.75,22906.75,22906.75,0,0
2026-04-07T12:25:00+05:30,22917.65,22917.65,22917.65,22917.65,0,0
2026-04-07T12:26:00+05:30,22906.65,22906.65,22906.65,22906.65,0,0
2026-04-07T12:27:00+05:30,22909.75,22909.75,22909.75,22909.75,0,0
2026-04-07T12:28:00+05:30,22912.95,22912.95,22912.95,22912.95,0,0
2026-04-07T12:29:00+05:30,22924.05,22924.05,22924.05,22924.05,0,0
2026-04-07T12:30:00+05:30,22931.9,22931.9,22931.9,22931.9,0,0
2026-04-07T12:31:00+05:30,22939.3,22939.3,22939.3,22939.3,0,0
2026-04-07T12:32:00+05:30,22937.65,22937.65,22937.65,22937.65,0,0
2026-04-07T12:33:00+05:30,22918.45,22918.45,22918.45,22918.45,0,0
2026-04-07T12:34:00+05:30,22933.15,22933.15,22933.15,22933.15,0,0
2026-04-07T12:35:00+05:30,22938.7,22938.7,22938.7,22938.7,0,0
2026-04-07T12:36:00+05:30,22929.3,22929.3,22929.3,22929.3,0,0
2026-04-07T12:37:00+05:30,22944.85,22944.85,22944.85,22944.85,0,0
2026-04-07T12:38:00+05:30,22940.45,22940.45,22940.45,22940.45,0,0
2026-04-07T12:39:00+05:30,22948.1,22948.1,22948.1,22948.1,0,0
2026-04-07T12:40:00+05:30,22948.0,22948.0,22948.0,22948.0,0,0
2026-04-07T12:41:00+05:30,22945.15,22945.15,22945.15,22945.15,0,0
2026-04-07T12:42:00+05:30,22933.8,22933.8,22933.8,22933.8,0,0
2026-04-07T12:43:00+05:30,22948.05,22948.05,22948.05,22948.05,0,0
2026-04-07T12:44:00+05:30,22951.25,22951.25,22951.25,22951.25,0,0
2026-04-07T12:45:00+05:30,22943.9,22943.9,22943.9,22943.9,0,0
2026-04-07T12:46:00+05:30,22940.1,22940.1,22940.1,22940.1,0,0
2026-04-07T12:47:00+05:30,22943.65,22943.65,22943.65,22943.65,0,0
2026-04-07T12:48:00+05:30,22949.5,22949.5,22949.5,22949.5,0,0
2026-04-07T12:49:00+05:30,22941.6,22941.6,22941.6,22941.6,0,0
2026-04-07T12:50:00+05:30,22944.05,22944.05,22944.05,22944.05,0,0
2026-04-07T12:51:00+05:30,22930.6,22930.6,22930.6,22930.6,0,0
2026-04-07T12:52:00+05:30,22926.9,22926.9,22926.9,22926.9,0,0
2026-04-07T12:53:00+05:30,22937.35,22937.35,22937.35,22937.35,0,0
2026-04-07T12:54:00+05:30,22941.05,22941.05,22941.05,22941.05,0,0
2026-04-07T12:55:00+05:30,22942.05,22942.05,22942.05,22942.05,0,0
2026-04-07T12:56:00+05:30,22930.0,22930.0,22930.0,22930.0,0,0
2026-04-07T12:57:00+05:30,22925.1,22925.1,22925.1,22925.1,0,0
2026-04-07T12:58:00+05:30,22922.05,22922.05,22922.05,22922.05,0,0
2026-04-07T12:59:00+05:30,22909.7,22909.7,22909.7,22909.7,0,0
2026-04-07T13:00:00+05:30,22914.05,22914.05,22914.05,22914.05,0,0
2026-04-07T13:01:00+05:30,22913.65,22913.65,22913.65,22913.65,0,0
2026-04-07T13:02:00+05:30,22927.25,22927.25,22927.25,22927.25,0,0
2026-04-07T13:03:00+05:30,22934.0,22934.0,22934.0,22934.0,0,0
2026-04-07T13:04:00+05:30,22931.75,22931.75,22931.75,22931.75,0,0
2026-04-07T13:05:00+05:30,22923.4,22923.4,22923.4,22923.4,0,0
2026-04-07T13:06:00+05:30,22920.2,22920.2,22920.2,22920.2,0,0
2026-04-07T13:07:00+05:30,22921.9,22921.9,22921.9,22921.9,0,0
2026-04-07T13:08:00+05:30,22916.15,22916.15,22916.15,22916.15,0,0
2026-04-07T13:09:00+05:30,22916.8,22916.8,22916.8,22916.8,0,0
2026-04-07T13:10:00+05:30,22919.95,22919.95,22919.95,22919.95,0,0
2026-04-07T13:11:00+05:30,22919.85,22919.85,22919.85,22919.85,0,0
2026-04-07T13:12:00+05:30,22925.25,22925.25,22925.25,22925.25,0,0
2026-04-07T13:13:00+05:30,22950.35,22950.35,22950.35,22950.35,0,0
2026-04-07T13:14:00+05:30,22937.45,22937.45,22937.45,22937.45,0,0
2026-04-07T13:15:00+05:30,22946.2,22946.2,22946.2,22946.2,0,0
2026-04-07T13:16:00+05:30,22957.25,22957.25,22957.25,22957.25,0,0
2026-04-07T13:17:00+05:30,22962.2,22962.2,22962.2,22962.2,0,0
2026-04-07T13:18:00+05:30,22970.6,22970.6,22970.6,22970.6,0,0
2026-04-07T13:19:00+05:30,22972.8,22972.8,22972.8,22972.8,0,0
2026-04-07T13:20:00+05:30,22961.1,22961.1,22961.1,22961.1,0,0
2026-04-07T13:21:00+05:30,22962.75,22962.75,22962.75,22962.75,0,0
2026-04-07T13:22:00+05:30,22967.55,22967.55,22967.55,22967.55,0,0
2026-04-07T13:23:00+05:30,22951.05,22951.05,22951.05,22951.05,0,0
2026-04-07T13:24:00+05:30,22954.0,22954.0,22954.0,22954.0,0,0
2026-04-07T13:25:00+05:30,22950.45,22950.45,22950.45,22950.45,0,0
2026-04-07T13:26:00+05:30,22937.75,22937.75,22937.75,22937.75,0,0
2026-04-07T13:27:00+05:30,22948.15,22948.15,22948.15,22948.15,0,0
2026-04-07T13:28:00+05:30,22955.8,22955.8,22955.8,22955.8,0,0
2026-04-07T13:29:00+05:30,22962.8,22962.8,22962.8,22962.8,0,0
2026-04-07T13:30:00+05:30,22991.4,22991.4,22991.4,22991.4,0,0
2026-04-07T13:31:00+05:30,22991.05,22991.05,22991.05,22991.05,0,0
2026-04-07T13:32:00+05:30,23028.5,23028.5,23028.5,23028.5,0,0
2026-04-07T13:33:00+05:30,23035.4,23035.4,23035.4,23035.4,0,0
2026-04-07T13:34:00+05:30,23021.05,23021.05,23021.05,23021.05,0,0
2026-04-07T13:35:00+05:30,23028.45,23028.45,23028.45,23028.45,0,0
2026-04-07T13:36:00+05:30,23039.95,23039.95,23039.95,23039.95,0,0
2026-04-07T13:37:00+05:30,23034.25,23034.25,23034.25,23034.25,0,0
2026-04-07T13:38:00+05:30,23033.45,23033.45,23033.45,23033.45,0,0
2026-04-07T13:39:00+05:30,23039.8,23039.8,23039.8,23039.8,0,0
2026-04-07T13:40:00+05:30,23028.5,23028.5,23028.5,23028.5,0,0
2026-04-07T13:41:00+05:30,23039.9,23039.9,23039.9,23039.9,0,0
2026-04-07T13:42:00+05:30,23060.9,23060.9,23060.9,23060.9,0,0
2026-04-07T13:43:00+05:30,23068.7,23068.7,23068.7,23068.7,0,0
2026-04-07T13:44:00+05:30,23068.45,23068.45,23068.45,23068.45,0,0
2026-04-07T13:45:00+05:30,23067.7,23067.7,23067.7,23067.7,0,0
2026-04-07T13:46:00+05:30,23074.5,23074.5,23074.5,23074.5,0,0
2026-04-07T13:47:00+05:30,23052.15,23052.15,23052.15,23052.15,0,0
2026-04-07T13:48:00+05:30,23057.05,23057.05,23057.05,23057.05,0,0
2026-04-07T13:49:00+05:30,23034.25,23034.25,23034.25,23034.25,0,0
2026-04-07T13:50:00+05:30,23006.85,23006.85,23006.85,23006.85,0,0
2026-04-07T13:51:00+05:30,23029.1,23029.1,23029.1,23029.1,0,0
2026-04-07T13:52:00+05:30,23050.0,23050.0,23050.0,23050.0,0,0
2026-04-07T13:53:00+05:30,23043.65,23043.65,23043.65,23043.65,0,0
2026-04-07T13:54:00+05:30,23037.6,23037.6,23037.6,23037.6,0,0
2026-04-07T13:55:00+05:30,23036.95,23036.95,23036.95,23036.95,0,0
2026-04-07T13:56:00+05:30,23018.7,23018.7,23018.7,23018.7,0,0
2026-04-07T13:57:00+05:30,22983.95,22983.95,22983.95,22983.95,0,0
2026-04-07T13:58:00+05:30,22965.9,22965.9,22965.9,22965.9,0,0
2026-04-07T13:59:00+05:30,22987.2,22987.2,22987.2,22987.2,0,0
2026-04-07T14:00:00+05:30,22974.75,22974.75,22974.75,22974.75,0,0
2026-04-07T14:01:00+05:30,23002.75,23002.75,23002.75,23002.75,0,0
2026-04-07T14:02:00+05:30,23019.1,23019.1,23019.1,23019.1,0,0
2026-04-07T14:03:00+05:30,23019.55,23019.55,23019.55,23019.55,0,0
2026-04-07T14:04:00+05:30,23021.85,23021.85,23021.85,23021.85,0,0
2026-04-07T14:05:00+05:30,23021.0,23021.0,23021.0,23021.0,0,0
2026-04-07T14:06:00+05:30,23014.9,23014.9,23014.9,23014.9,0,0
2026-04-07T14:07:00+05:30,22994.6,22994.6,22994.6,22994.6,0,0
2026-04-07T14:08:00+05:30,23017.95,23017.95,23017.95,23017.95,0,0
2026-04-07T14:09:00+05:30,23018.1,23018.1,23018.1,23018.1,0,0
2026-04-07T14:10:00+05:30,23009.9,23009.9,23009.9,23009.9,0,0
2026-04-07T14:11:00+05:30,23013.2,23013.2,23013.2,23013.2,0,0
2026-04-07T14:12:00+05:30,23010.05,23010.05,23010.05,23010.05,0,0
2026-04-07T14:13:00+05:30,23004.6,23004.6,23004.6,23004.6,0,0
2026-04-07T14:14:00+05:30,23017.4,23017.4,23017.4,23017.4,0,0
2026-04-07T14:15:00+05:30,23020.45,23020.45,23020.45,23020.45,0,0
2026-04-07T14:16:00+05:30,23012.5,23012.5,23012.5,23012.5,0,0
2026-04-07T14:17:00+05:30,23013.1,23013.1,23013.1,23013.1,0,0
2026-04-07T14:18:00+05:30,23004.1,23004.1,23004.1,23004.1,0,0
2026-04-07T14:19:00+05:30,22996.7,22996.7,22996.7,22996.7,0,0
2026-04-07T14:20:00+05:30,22993.75,22993.75,22993.75,22993.75,0,0
2026-04-07T14:21:00+05:30,23003.05,23003.05,23003.05,23003.05,0,0
2026-04-07T14:22:00+05:30,23014.85,23014.85,23014.85,23014.85,0,0
2026-04-07T14:23:00+05:30,22985.8,22985.8,22985.8,22985.8,0,0
2026-04-07T14:24:00+05:30,23005.9,23005.9,23005.9,23005.9,0,0
2026-04-07T14:25:00+05:30,23002.65,23002.65,23002.65,23002.65,0,0
2026-04-07T14:26:00+05:30,23012.75,23012.75,23012.75,23012.75,0,0
2026-04-07T14:27:00+05:30,23032.15,23032.15,23032.15,23032.15,0,0
2026-04-07T14:28:00+05:30,23029.25,23029.25,23029.25,23029.25,0,0
2026-04-07T14:29:00+05:30,23021.45,23021.45,23021.45,23021.45,0,0
2026-04-07T14:30:00+05:30,23027.85,23027.85,23027.85,23027.85,0,0
2026-04-07T14:31:00+05:30,23057.5,23057.5,23057.5,23057.5,0,0
2026-04-07T14:32:00+05:30,23052.9,23052.9,23052.9,23052.9,0,0
2026-04-07T14:33:00+05:30,23054.25,23054.25,23054.25,23054.25,0,0
2026-04-07T14:34:00+05:30,23046.1,23046.1,23046.1,23046.1,0,0
2026-04-07T14:35:00+05:30,23019.2,23019.2,23019.2,23019.2,0,0
2026-04-07T14:36:00+05:30,23006.55,23006.55,23006.55,23006.55,0,0
2026-04-07T14:37:00+05:30,23000.1,23000.1,23000.1,23000.1,0,0
2026-04-07T14:38:00+05:30,23012.5,23012.5,23012.5,23012.5,0,0
2026-04-07T14:39:00+05:30,22999.4,22999.4,22999.4,22999.4,0,0
2026-04-07T14:40:00+05:30,23015.3,23015.3,23015.3,23015.3,0,0
2026-04-07T14:41:00+05:30,23011.2,23011.2,23011.2,23011.2,0,0
2026-04-07T14:42:00+05:30,23017.65,23017.65,23017.65,23017.65,0,0
2026-04-07T14:43:00+05:30,23019.45,23019.45,23019.45,23019.45,0,0
2026-04-07T14:44:00+05:30,23031.1,23031.1,23031.1,23031.1,0,0
2026-04-07T14:45:00+05:30,23036.1,23036.1,23036.1,23036.1,0,0
2026-04-07T14:46:00+05:30,23032.35,23032.35,23032.35,23032.35,0,0
2026-04-07T14:47:00+05:30,23047.15,23047.15,23047.15,23047.15,0,0
2026-04-07T14:48:00+05:30,23051.8,23051.8,23051.8,23051.8,0,0
2026-04-07T14:49:00+05:30,23054.95,23054.95,23054.95,23054.95,0,0
2026-04-07T14:50:00+05:30,23064.4,23064.4,23064.4,23064.4,0,0
2026-04-07T14:51:00+05:30,23063.4,23063.4,23063.4,23063.4,0,0
2026-04-07T14:52:00+05:30,23066.8,23066.8,23066.8,23066.8,0,0
2026-04-07T14:53:00+05:30,23067.5,23067.5,23067.5,23067.5,0,0
2026-04-07T14:54:00+05:30,23073.15,23073.15,23073.15,23073.15,0,0
2026-04-07T14:55:00+05:30,23095.35,23095.35,23095.35,23095.35,0,0
2026-04-07T14:56:00+05:30,23101.2,23101.2,23101.2,23101.2,0,0
2026-04-07T14:57:00+05:30,23096.55,23096.55,23096.55,23096.55,0,0
2026-04-07T14:58:00+05:30,23089.1,23089.1,23089.1,23089.1,0,0
2026-04-07T14:59:00+05:30,23102.0,23102.0,23102.0,23102.0,0,0
2026-04-07T15:00:00+05:30,23115.85,23115.85,23115.85,23115.85,0,0
2026-04-07T15:01:00+05:30,23116.3,23116.3,23116.3,23116.3,0,0
2026-04-07T15:02:00+05:30,23118.05,23118.05,23118.05,23118.05,0,0
2026-04-07T15:03:00+05:30,23114.75,23114.75,23114.75,23114.75,0,0
2026-04-07T15:04:00+05:30,23120.1,23120.1,23120.1,23120.1,0,0
2026-04-07T15:05:00+05:30,23119.25,23119.25,23119.25,23119.25,0,0
2026-04-07T15:06:00+05:30,23124.95,23124.95,23124.95,23124.95,0,0
2026-04-07T15:07:00+05:30,23126.9,23126.9,23126.9,23126.9,0,0
2026-04-07T15:08:00+05:30,23123.35,23123.35,23123.35,23123.35,0,0
2026-04-07T15:09:00+05:30,23123.15,23123.15,23123.15,23123.15,0,0
2026-04-07T15:10:00+05:30,23119.5,23119.5,23119.5,23119.5,0,0
2026-04-07T15:11:00+05:30,23120.2,23120.2,23120.2,23120.2,0,0
2026-04-07T15:12:00+05:30,23118.15,23118.15,23118.15,23118.15,0,0
2026-04-07T15:13:00+05:30,23105.75,23105.75,23105.75,23105.75,0,0
2026-04-07T15:14:00+05:30,23113.75,23113.75,23113.75,23113.75,0,0
2026-04-07T15:15:00+05:30,23115.7,23115.7,23115.7,23115.7,0,0
2026-04-07T15:17:00+05:30,23117.5,23117.5,23117.5,23117.5,0,0
2026-04-07T15:18:00+05:30,23121.4,23121.4,23121.4,23121.4,0,0
2026-04-07T15:19:00+05:30,23121.3,23121.3,23121.3,23121.3,0,0
2026-04-07T15:20:00+05:30,23121.6,23121.6,23121.6,23121.6,0,0
2026-04-07T15:21:00+05:30,23122.85,23122.85,23122.85,23122.85,0,0
2026-04-07T15:22:00+05:30,23121.65,23121.65,23121.65,23121.65,0,0
2026-04-07T15:23:00+05:30,23121.75,23121.75,23121.75,23121.75,0,0
2026-04-07T15:24:00+05:30,23122.15,23122.15,23122.15,23122.15,0,0
2026-04-07T15:25:00+05:30,23122.95,23122.95,23122.95,23122.95,0,0
2026-04-07T15:26:00+05:30,23123.0,23123.0,23123.0,23123.0,0,0
2026-04-07T15:27:00+05:30,23123.8,23123.8,23123.8,23123.8,0,0
2026-04-07T15:28:00+05:30,23124.15,23124.15,23124.15,23124.15,0,0
2026-04-07T15:29:00+05:30,23123.8,23123.8,23123.8,23123.8,0,0
2026-04-07T15:30:00+05:30,23123.55,23123.55,23123.55,23123.55,0,0
2026-04-08T09:15:00+05:30,23123.55,23123.55,23123.55,23123.55,0,0
2026-04-08T09:16:00+05:30,23123.55,23123.55,23123.55,23123.55,0,0
2026-04-08T09:17:00+05:30,23123.55,23123.55,23123.55,23123.55,0,0
2026-04-08T09:18:00+05:30,23123.55,23123.55,23123.55,23123.55,0,0
2026-04-08T09:19:00+05:30,23118.4,23118.4,23118.4,23118.4,0,0
2026-04-08T09:20:00+05:30,23118.4,23118.4,23118.4,23118.4,0,0
2026-04-08T09:21:00+05:30,23118.4,23118.4,23118.4,23118.4,0,0
2026-04-08T09:22:00+05:30,23118.4,23118.4,23118.4,23118.4,0,0
2026-04-08T09:23:00+05:30,23118.4,23118.4,23118.4,23118.4,0,0
2026-04-08T09:24:00+05:30,23118.4,23118.4,23118.4,23118.4,0,0
2026-04-08T09:25:00+05:30,23118.4,23118.4,23118.4,23118.4,0,0
2026-04-08T09:26:00+05:30,23118.4,23118.4,23118.4,23118.4,0,0
2026-04-08T09:27:00+05:30,23118.4,23118.4,23118.4,23118.4,0,0
2026-04-08T09:28:00+05:30,23118.4,23118.4,23118.4,23118.4,0,0
2026-04-08T09:29:00+05:30,23118.4,23118.4,23118.4,23118.4,0,0
2026-04-08T09:30:00+05:30,23118.4,23118.4,23118.4,23118.4,0,0
2026-04-08T09:31:00+05:30,23118.4,23118.4,23118.4,23118.4,0,0
2026-04-08T09:32:00+05:30,23118.4,23118.4,23118.4,23118.4,0,0
2026-04-08T09:33:00+05:30,23118.4,23118.4,23118.4,23118.4,0,0
2026-04-08T09:34:00+05:30,23118.4,23118.4,23118.4,23118.4,0,0
2026-04-08T09:35:00+05:30,23118.4,23118.4,23118.4,23118.4,0,0
2026-04-08T09:36:00+05:30,23118.4,23118.4,23118.4,23118.4,0,0
2026-04-08T09:37:00+05:30,23118.4,23118.4,23118.4,23118.4,0,0
2026-04-08T09:38:00+05:30,23118.4,23118.4,23118.4,23118.4,0,0
2026-04-08T09:39:00+05:30,23118.4,23118.4,23118.4,23118.4,0,0
2026-04-08T09:40:00+05:30,23118.4,23118.4,23118.4,23118.4,0,0
2026-04-08T09:41:00+05:30,23936.95,23936.95,23936.95,23936.95,0,0
2026-04-08T09:42:00+05:30,23930.05,23930.05,23930.05,23930.05,0,0
2026-04-08T09:43:00+05:30,23945.25,23945.25,23945.25,23945.25,0,0
2026-04-08T09:44:00+05:30,23940.4,23940.4,23940.4,23940.4,0,0
2026-04-08T09:45:00+05:30,23952.4,23952.4,23952.4,23952.4,0,0
2026-04-08T09:46:00+05:30,23970.35,23970.35,23970.35,23970.35,0,0
2026-04-08T09:47:00+05:30,23973.15,23973.15,23973.15,23973.15,0,0
2026-04-08T09:48:00+05:30,23980.2,23980.2,23980.2,23980.2,0,0
2026-04-08T09:49:00+05:30,23970.0,23970.0,23970.0,23970.0,0,0
2026-04-08T09:50:00+05:30,23982.1,23982.1,23982.1,23982.1,0,0
2026-04-08T09:51:00+05:30,23977.4,23977.4,23977.4,23977.4,0,0
2026-04-08T09:52:00+05:30,23971.65,23971.65,23971.65,23971.65,0,0
2026-04-08T09:53:00+05:30,23964.7,23964.7,23964.7,23964.7,0,0
2026-04-08T09:54:00+05:30,23946.55,23946.55,23946.55,23946.55,0,0
2026-04-08T09:55:00+05:30,23953.1,23953.1,23953.1,23953.1,0,0
2026-04-08T09:56:00+05:30,23960.75,23960.75,23960.75,23960.75,0,0
2026-04-08T09:57:00+05:30,23953.9,23953.9,23953.9,23953.9,0,0
2026-04-08T09:58:00+05:30,23932.7,23932.7,23932.7,23932.7,0,0
2026-04-08T09:59:00+05:30,23922.8,23922.8,23922.8,23922.8,0,0
2026-04-08T10:00:00+05:30,23937.1,23937.1,23937.1,23937.1,0,0
2026-04-08T10:01:00+05:30,23938.8,23938.8,23938.8,23938.8,0,0
2026-04-08T10:02:00+05:30,23938.95,23938.95,23938.95,23938.95,0,0
2026-04-08T10:03:00+05:30,23934.2,23934.2,23934.2,23934.2,0,0
2026-04-08T10:04:00+05:30,23922.3,23922.3,23922.3,23922.3,0,0
2026-04-08T10:05:00+05:30,23948.25,23948.25,23948.25,23948.25,0,0
2026-04-08T10:06:00+05:30,23939.75,23939.75,23939.75,23939.75,0,0
2026-04-08T10:07:00+05:30,23932.55,23932.55,23932.55,23932.55,0,0
2026-04-08T10:08:00+05:30,23932.9,23932.9,23932.9,23932.9,0,0
2026-04-08T10:09:00+05:30,23932.45,23932.45,23932.45,23932.45,0,0
2026-04-08T10:10:00+05:30,23920.1,23920.1,23920.1,23920.1,0,0
2026-04-08T10:11:00+05:30,23923.15,23923.15,23923.15,23923.15,0,0
2026-04-08T10:12:00+05:30,23928.0,23928.0,23928.0,23928.0,0,0
2026-04-08T10:13:00+05:30,23917.5,23917.5,23917.5,23917.5,0,0
2026-04-08T10:14:00+05:30,23913.85,23913.85,23913.85,23913.85,0,0
2026-04-08T10:15:00+05:30,23901.9,23901.9,23901.9,23901.9,0,0
2026-04-08T10:16:00+05:30,23902.5,23902.5,23902.5,23902.5,0,0
2026-04-08T10:17:00+05:30,23914.55,23914.55,23914.55,23914.55,0,0
2026-04-08T10:18:00+05:30,23922.2,23922.2,23922.2,23922.2,0,0
2026-04-08T10:19:00+05:30,23920.75,23920.75,23920.75,23920.75,0,0
2026-04-08T10:20:00+05:30,23922.5,23922.5,23922.5,23922.5,0,0
2026-04-08T10:21:00+05:30,23922.2,23922.2,23922.2,23922.2,0,0
2026-04-08T10:22:00+05:30,23905.6,23905.6,23905.6,23905.6,0,0
2026-04-08T10:23:00+05:30,23916.75,23916.75,23916.75,23916.75,0,0
2026-04-08T10:24:00+05:30,23918.5,23918.5,23918.5,23918.5,0,0
2026-04-08T10:25:00+05:30,23910.8,23910.8,23910.8,23910.8,0,0
2026-04-08T10:26:00+05:30,23910.25,23910.25,23910.25,23910.25,0,0
2026-04-08T10:27:00+05:30,23930.6,23930.6,23930.6,23930.6,0,0
2026-04-08T10:28:00+05:30,23928.9,23928.9,23928.9,23928.9,0,0
2026-04-08T10:29:00+05:30,23939.65,23939.65,23939.65,23939.65,0,0
2026-04-08T10:30:00+05:30,23943.8,23943.8,23943.8,23943.8,0,0
2026-04-08T10:31:00+05:30,23947.95,23947.95,23947.95,23947.95,0,0
2026-04-08T10:32:00+05:30,23946.05,23946.05,23946.05,23946.05,0,0
2026-04-08T10:33:00+05:30,23953.95,23953.95,23953.95,23953.95,0,0
2026-04-08T10:34:00+05:30,23952.85,23952.85,23952.85,23952.85,0,0
2026-04-08T10:35:00+05:30,23941.1,23941.1,23941.1,23941.1,0,0
2026-04-08T10:36:00+05:30,23943.15,23943.15,23943.15,23943.15,0,0
2026-04-08T10:37:00+05:30,23941.3,23941.3,23941.3,23941.3,0,0
2026-04-08T10:38:00+05:30,23946.55,23946.55,23946.55,23946.55,0,0
2026-04-08T10:39:00+05:30,23943.3,23943.3,23943.3,23943.3,0,0
2026-04-08T10:40:00+05:30,23938.5,23938.5,23938.5,23938.5,0,0
2026-04-08T10:41:00+05:30,23936.4,23936.4,23936.4,23936.4,0,0
2026-04-08T10:42:00+05:30,23937.8,23937.8,23937.8,23937.8,0,0
2026-04-08T10:43:00+05:30,23952.2,23952.2,23952.2,23952.2,0,0
2026-04-08T10:44:00+05:30,23973.35,23973.35,23973.35,23973.35,0,0
2026-04-08T10:45:00+05:30,23969.45,23969.45,23969.45,23969.45,0,0
2026-04-08T10:46:00+05:30,23976.05,23976.05,23976.05,23976.05,0,0
2026-04-08T10:47:00+05:30,23980.0,23980.0,23980.0,23980.0,0,0
2026-04-08T10:48:00+05:30,23990.1,23990.1,23990.1,23990.1,0,0
2026-04-08T10:49:00+05:30,23978.4,23978.4,23978.4,23978.4,0,0
2026-04-08T10:50:00+05:30,23978.8,23978.8,23978.8,23978.8,0,0
2026-04-08T10:51:00+05:30,23975.7,23975.7,23975.7,23975.7,0,0
2026-04-08T10:52:00+05:30,23987.25,23987.25,23987.25,23987.25,0,0
2026-04-08T10:53:00+05:30,23991.25,23991.25,23991.25,23991.25,0,0
2026-04-08T10:54:00+05:30,24003.3,24003.3,24003.3,24003.3,0,0
2026-04-08T10:55:00+05:30,24000.85,24000.85,24000.85,24000.85,0,0
2026-04-08T10:56:00+05:30,24009.2,24009.2,24009.2,24009.2,0,0
2026-04-08T10:57:00+05:30,24009.2,24009.2,24009.2,24009.2,0,0
2026-04-08T10:58:00+05:30,24015.3,24015.3,24015.3,24015.3,0,0
2026-04-08T10:59:00+05:30,24017.9,24017.9,24017.9,24017.9,0,0
2026-04-08T11:00:00+05:30,24015.85,24015.85,24015.85,24015.85,0,0
2026-04-08T11:01:00+05:30,24030.0,24030.0,24030.0,24030.0,0,0
2026-04-08T11:02:00+05:30,24031.1,24031.1,24031.1,24031.1,0,0
2026-04-08T11:03:00+05:30,24032.45,24032.45,24032.45,24032.45,0,0
2026-04-08T11:04:00+05:30,24026.25,24026.25,24026.25,24026.25,0,0
2026-04-08T11:05:00+05:30,24040.35,24040.35,24040.35,24040.35,0,0
2026-04-08T11:06:00+05:30,24030.85,24030.85,24030.85,24030.85,0,0
2026-04-08T11:07:00+05:30,24022.1,24022.1,24022.1,24022.1,0,0
2026-04-08T11:08:00+05:30,24021.65,24021.65,24021.65,24021.65,0,0
2026-04-08T11:09:00+05:30,24029.1,24029.1,24029.1,24029.1,0,0
2026-04-08T11:10:00+05:30,24031.7,24031.7,24031.7,24031.7,0,0
2026-04-08T11:11:00+05:30,24042.55,24042.55,24042.55,24042.55,0,0
2026-04-08T11:12:00+05:30,24033.05,24033.05,24033.05,24033.05,0,0
2026-04-08T11:13:00+05:30,24026.9,24026.9,24026.9,24026.9,0,0
2026-04-08T11:14:00+05:30,24023.55,24023.55,24023.55,24023.55,0,0
2026-04-08T11:15:00+05:30,24029.55,24029.55,24029.55,24029.55,0,0
2026-04-08T11:16:00+05:30,24045.25,24045.25,24045.25,24045.25,0,0
2026-04-08T11:17:00+05:30,24038.65,24038.65,24038.65,24038.65,0,0
2026-04-08T11:18:00+05:30,24026.3,24026.3,24026.3,24026.3,0,0
2026-04-08T11:19:00+05:30,24035.3,24035.3,24035.3,24035.3,0,0
2026-04-08T11:20:00+05:30,24040.7,24040.7,24040.7,24040.7,0,0
2026-04-08T11:21:00+05:30,24042.05,24042.05,24042.05,24042.05,0,0
2026-04-08T11:22:00+05:30,24038.25,24038.25,24038.25,24038.25,0,0
2026-04-08T11:23:00+05:30,24042.8,24042.8,24042.8,24042.8,0,0
2026-04-08T11:24:00+05:30,24039.0,24039.0,24039.0,24039.0,0,0
2026-04-08T11:25:00+05:30,24036.5,24036.5,24036.5,24036.5,0,0
2026-04-08T11:26:00+05:30,24020.5,24020.5,24020.5,24020.5,0,0
2026-04-08T11:27:00+05:30,24022.55,24022.55,24022.55,24022.55,0,0
2026-04-08T11:28:00+05:30,24015.0,24015.0,24015.0,24015.0,0,0
2026-04-08T11:29:00+05:30,24021.5,24021.5,24021.5,24021.5,0,0
2026-04-08T11:30:00+05:30,24021.7,24021.7,24021.7,24021.7,0,0
2026-04-08T11:31:00+05:30,24013.85,24013.85,24013.85,24013.85,0,0
2026-04-08T11:32:00+05:30,24016.2,24016.2,24016.2,24016.2,0,0
2026-04-08T11:33:00+05:30,24016.5,24016.5,24016.5,24016.5,0,0
2026-04-08T11:34:00+05:30,24010.4,24010.4,24010.4,24010.4,0,0
2026-04-08T11:35:00+05:30,24014.95,24014.95,24014.95,24014.95,0,0
2026-04-08T11:36:00+05:30,24014.05,24014.05,24014.05,24014.05,0,0
2026-04-08T11:37:00+05:30,24009.05,24009.05,24009.05,24009.05,0,0
2026-04-08T11:38:00+05:30,23993.8,23993.8,23993.8,23993.8,0,0
2026-04-08T11:39:00+05:30,24002.35,24002.35,24002.35,24002.35,0,0
2026-04-08T11:40:00+05:30,24002.95,24002.95,24002.95,24002.95,0,0
2026-04-08T11:41:00+05:30,24002.0,24002.0,24002.0,24002.0,0,0
2026-04-08T11:42:00+05:30,24012.7,24012.7,24012.7,24012.7,0,0
2026-04-08T11:43:00+05:30,24020.75,24020.75,24020.75,24020.75,0,0
2026-04-08T11:44:00+05:30,24017.5,24017.5,24017.5,24017.5,0,0
2026-04-08T11:45:00+05:30,24027.05,24027.05,24027.05,24027.05,0,0
2026-04-08T11:46:00+05:30,24031.45,24031.45,24031.45,24031.45,0,0
2026-04-08T11:47:00+05:30,24027.95,24027.95,24027.95,24027.95,0,0
2026-04-08T11:48:00+05:30,24017.75,24017.75,24017.75,24017.75,0,0
2026-04-08T11:49:00+05:30,24020.25,24020.25,24020.25,24020.25,0,0
2026-04-08T11:50:00+05:30,24003.8,24003.8,24003.8,24003.8,0,0
2026-04-08T11:51:00+05:30,23983.7,23983.7,23983.7,23983.7,0,0
2026-04-08T11:52:00+05:30,23991.25,23991.25,23991.25,23991.25,0,0
2026-04-08T11:53:00+05:30,23986.1,23986.1,23986.1,23986.1,0,0
2026-04-08T11:54:00+05:30,23991.85,23991.85,23991.85,23991.85,0,0
2026-04-08T11:55:00+05:30,23974.55,23974.55,23974.55,23974.55,0,0
2026-04-08T11:56:00+05:30,23977.35,23977.35,23977.35,23977.35,0,0
2026-04-08T11:57:00+05:30,23984.25,23984.25,23984.25,23984.25,0,0
2026-04-08T11:58:00+05:30,23981.65,23981.65,23981.65,23981.65,0,0
2026-04-08T11:59:00+05:30,23976.5,23976.5,23976.5,23976.5,0,0
2026-04-08T12:00:00+05:30,23975.0,23975.0,23975.0,23975.0,0,0
2026-04-08T12:01:00+05:30,23977.7,23977.7,23977.7,23977.7,0,0
2026-04-08T12:02:00+05:30,23979.2,23979.2,23979.2,23979.2,0,0
2026-04-08T12:03:00+05:30,23994.15,23994.15,23994.15,23994.15,0,0
2026-04-08T12:04:00+05:30,23985.65,23985.65,23985.65,23985.65,0,0
2026-04-08T12:05:00+05:30,24004.15,24004.15,24004.15,24004.15,0,0
2026-04-08T12:06:00+05:30,24000.75,24000.75,24000.75,24000.75,0,0
2026-04-08T12:07:00+05:30,24001.2,24001.2,24001.2,24001.2,0,0
2026-04-08T12:08:00+05:30,24005.4,24005.4,24005.4,24005.4,0,0
2026-04-08T12:09:00+05:30,24004.55,24004.55,24004.55,24004.55,0,0
2026-04-08T12:10:00+05:30,24007.1,24007.1,24007.1,24007.1,0,0
2026-04-08T12:11:00+05:30,24001.6,24001.6,24001.6,24001.6,0,0
2026-04-08T12:12:00+05:30,24004.45,24004.45,24004.45,24004.45,0,0
2026-04-08T12:13:00+05:30,24002.6,24002.6,24002.6,24002.6,0,0
2026-04-08T12:14:00+05:30,24002.3,24002.3,24002.3,24002.3,0,0
2026-04-08T12:15:00+05:30,23998.6,23998.6,23998.6,23998.6,0,0
2026-04-08T12:16:00+05:30,23999.0,23999.0,23999.0,23999.0,0,0
2026-04-08T12:17:00+05:30,24003.55,24003.55,24003.55,24003.55,0,0
2026-04-08T12:18:00+05:30,23999.8,23999.8,23999.8,23999.8,0,0
2026-04-08T12:19:00+05:30,23999.05,23999.05,23999.05,23999.05,0,0
2026-04-08T12:20:00+05:30,24002.6,24002.6,24002.6,24002.6,0,0
2026-04-08T12:21:00+05:30,24001.65,24001.65,24001.65,24001.65,0,0
2026-04-08T12:22:00+05:30,24001.15,24001.15,24001.15,24001.15,0,0
2026-04-08T12:23:00+05:30,24001.55,24001.55,24001.55,24001.55,0,0
2026-04-08T12:24:00+05:30,24004.65,24004.65,24004.65,24004.65,0,0
2026-04-08T12:25:00+05:30,24007.0,24007.0,24007.0,24007.0,0,0
2026-04-08T12:26:00+05:30,24000.7,24000.7,24000.7,24000.7,0,0
2026-04-08T12:27:00+05:30,23996.1,23996.1,23996.1,23996.1,0,0
2026-04-08T12:28:00+05:30,23995.9,23995.9,23995.9,23995.9,0,0
2026-04-08T12:29:00+05:30,23987.2,23987.2,23987.2,23987.2,0,0
2026-04-08T12:30:00+05:30,23977.1,23977.1,23977.1,23977.1,0,0
2026-04-08T12:31:00+05:30,23952.15,23952.15,23952.15,23952.15,0,0
2026-04-08T12:32:00+05:30,23943.85,23943.85,23943.85,23943.85,0,0
2026-04-08T12:33:00+05:30,23946.25,23946.25,23946.25,23946.25,0,0
2026-04-08T12:34:00+05:30,23949.6,23949.6,23949.6,23949.6,0,0
2026-04-08T12:35:00+05:30,23952.9,23952.9,23952.9,23952.9,0,0
2026-04-08T12:36:00+05:30,23959.5,23959.5,23959.5,23959.5,0,0
2026-04-08T12:37:00+05:30,23952.6,23952.6,23952.6,23952.6,0,0
2026-04-08T12:38:00+05:30,23946.8,23946.8,23946.8,23946.8,0,0
2026-04-08T12:39:00+05:30,23956.05,23956.05,23956.05,23956.05,0,0
2026-04-08T12:40:00+05:30,23948.45,23948.45,23948.45,23948.45,0,0
2026-04-08T12:41:00+05:30,23955.75,23955.75,23955.75,23955.75,0,0
2026-04-08T12:42:00+05:30,23958.85,23958.85,23958.85,23958.85,0,0
2026-04-08T12:43:00+05:30,23974.8,23974.8,23974.8,23974.8,0,0
2026-04-08T12:44:00+05:30,23979.9,23979.9,23979.9,23979.9,0,0
2026-04-08T12:45:00+05:30,23975.1,23975.1,23975.1,23975.1,0,0
2026-04-08T12:46:00+05:30,23980.8,23980.8,23980.8,23980.8,0,0
2026-04-08T12:47:00+05:30,23982.6,23982.6,23982.6,23982.6,0,0
2026-04-08T12:48:00+05:30,23984.15,23984.15,23984.15,23984.15,0,0
2026-04-08T12:49:00+05:30,23993.15,23993.15,23993.15,23993.15,0,0
2026-04-08T12:50:00+05:30,23994.55,23994.55,23994.55,23994.55,0,0
2026-04-08T12:51:00+05:30,23989.0,23989.0,23989.0,23989.0,0,0
2026-04-08T12:52:00+05:30,23994.75,23994.75,23994.75,23994.75,0,0
2026-04-08T12:53:00+05:30,23992.35,23992.35,23992.35,23992.35,0,0
2026-04-08T12:54:00+05:30,23995.9,23995.9,23995.9,23995.9,0,0
2026-04-08T12:55:00+05:30,24007.65,24007.65,24007.65,24007.65,0,0
2026-04-08T12:56:00+05:30,24012.9,24012.9,24012.9,24012.9,0,0
2026-04-08T12:57:00+05:30,24013.1,24013.1,24013.1,24013.1,0,0
2026-04-08T12:58:00+05:30,24015.65,24015.65,24015.65,24015.65,0,0
2026-04-08T12:59:00+05:30,24015.9,24015.9,24015.9,24015.9,0,0
2026-04-08T13:00:00+05:30,24005.5,24005.5,24005.5,24005.5,0,0
2026-04-08T13:01:00+05:30,24001.5,24001.5,24001.5,24001.5,0,0
2026-04-08T13:02:00+05:30,24009.7,24009.7,24009.7,24009.7,0,0
2026-04-08T13:03:00+05:30,24004.35,24004.35,24004.35,24004.35,0,0
2026-04-08T13:04:00+05:30,24001.2,24001.2,24001.2,24001.2,0,0
2026-04-08T13:05:00+05:30,24002.3,24002.3,24002.3,24002.3,0,0
2026-04-08T13:06:00+05:30,24003.25,24003.25,24003.25,24003.25,0,0
2026-04-08T13:07:00+05:30,23997.6,23997.6,23997.6,23997.6,0,0
2026-04-08T13:08:00+05:30,24000.05,24000.05,24000.05,24000.05,0,0
2026-04-08T13:09:00+05:30,23997.55,23997.55,23997.55,23997.55,0,0
2026-04-08T13:10:00+05:30,24008.85,24008.85,24008.85,24008.85,0,0
2026-04-08T13:11:00+05:30,24007.5,24007.5,24007.5,24007.5,0,0
2026-04-08T13:12:00+05:30,24011.15,24011.15,24011.15,24011.15,0,0
2026-04-08T13:13:00+05:30,23996.0,23996.0,23996.0,23996.0,0,0
2026-04-08T13:14:00+05:30,24005.35,24005.35,24005.35,24005.35,0,0
2026-04-08T13:15:00+05:30,24007.0,24007.0,24007.0,24007.0,0,0
2026-04-08T13:16:00+05:30,24011.65,24011.65,24011.65,24011.65,0,0
2026-04-08T13:17:00+05:30,24010.2,24010.2,24010.2,24010.2,0,0
2026-04-08T13:18:00+05:30,24007.25,24007.25,24007.25,24007.25,0,0
2026-04-08T13:19:00+05:30,24005.75,24005.75,24005.75,24005.75,0,0
2026-04-08T13:20:00+05:30,24003.25,24003.25,24003.25,24003.25,0,0
2026-04-08T13:21:00+05:30,24007.75,24007.75,24007.75,24007.75,0,0
2026-04-08T13:22:00+05:30,24009.8,24009.8,24009.8,24009.8,0,0
2026-04-08T13:23:00+05:30,24012.5,24012.5,24012.5,24012.5,0,0
2026-04-08T13:24:00+05:30,24010.95,24010.95,24010.95,24010.95,0,0
2026-04-08T13:25:00+05:30,24015.5,24015.5,24015.5,24015.5,0,0
2026-04-08T13:26:00+05:30,24021.7,24021.7,24021.7,24021.7,0,0
2026-04-08T13:27:00+05:30,24022.75,24022.75,24022.75,24022.75,0,0
2026-04-08T13:28:00+05:30,24022.75,24022.75,24022.75,24022.75,0,0
2026-04-08T13:29:00+05:30,24024.8,24024.8,24024.8,24024.8,0,0
2026-04-08T13:30:00+05:30,24020.45,24020.45,24020.45,24020.45,0,0
2026-04-08T13:31:00+05:30,24014.65,24014.65,24014.65,24014.65,0,0
2026-04-08T13:32:00+05:30,24024.0,24024.0,24024.0,24024.0,0,0
2026-04-08T13:33:00+05:30,24018.05,24018.05,24018.05,24018.05,0,0
2026-04-08T13:34:00+05:30,24020.55,24020.55,24020.55,24020.55,0,0
2026-04-08T13:35:00+05:30,24021.75,24021.75,24021.75,24021.75,0,0
2026-04-08T13:36:00+05:30,24036.2,24036.2,24036.2,24036.2,0,0
2026-04-08T13:37:00+05:30,24037.05,24037.05,24037.05,24037.05,0,0
2026-04-08T13:38:00+05:30,24034.55,24034.55,24034.55,24034.55,0,0
2026-04-08T13:39:00+05:30,24050.8,24050.8,24050.8,24050.8,0,0
2026-04-08T13:40:00+05:30,24026.0,24026.0,24026.0,24026.0,0,0
2026-04-08T13:41:00+05:30,24016.15,24016.15,24016.15,24016.15,0,0
2026-04-08T13:42:00+05:30,24024.15,24024.15,24024.15,24024.15,0,0
2026-04-08T13:43:00+05:30,24018.65,24018.65,24018.65,24018.65,0,0
2026-04-08T13:44:00+05:30,24014.85,24014.85,24014.85,24014.85,0,0
2026-04-08T13:45:00+05:30,24022.15,24022.15,24022.15,24022.15,0,0
2026-04-08T13:46:00+05:30,24011.35,24011.35,24011.35,24011.35,0,0
2026-04-08T13:47:00+05:30,24011.5,24011.5,24011.5,24011.5,0,0
2026-04-08T13:48:00+05:30,24012.45,24012.45,24012.45,24012.45,0,0
2026-04-08T13:49:00+05:30,24014.05,24014.05,24014.05,24014.05,0,0
2026-04-08T13:50:00+05:30,24018.65,24018.65,24018.65,24018.65,0,0
2026-04-08T13:51:00+05:30,24017.55,24017.55,24017.55,24017.55,0,0
2026-04-08T13:52:00+05:30,24010.9,24010.9,24010.9,24010.9,0,0
2026-04-08T13:53:00+05:30,24004.5,24004.5,24004.5,24004.5,0,0
2026-04-08T13:54:00+05:30,24002.25,24002.25,24002.25,24002.25,0,0
2026-04-08T13:55:00+05:30,24009.75,24009.75,24009.75,24009.75,0,0
2026-04-08T13:56:00+05:30,24018.15,24018.15,24018.15,24018.15,0,0
2026-04-08T13:57:00+05:30,24015.15,24015.15,24015.15,24015.15,0,0
2026-04-08T13:58:00+05:30,24020.35,24020.35,24020.35,24020.35,0,0
2026-04-08T13:59:00+05:30,24023.85,24023.85,24023.85,24023.85,0,0
2026-04-08T14:00:00+05:30,24013.65,24013.65,24013.65,24013.65,0,0
2026-04-08T14:01:00+05:30,24014.65,24014.65,24014.65,24014.65,0,0
2026-04-08T14:02:00+05:30,24011.65,24011.65,24011.65,24011.65,0,0
2026-04-08T14:03:00+05:30,24017.05,24017.05,24017.05,24017.05,0,0
2026-04-08T14:04:00+05:30,24011.35,24011.35,24011.35,24011.35,0,0
2026-04-08T14:05:00+05:30,24012.5,24012.5,24012.5,24012.5,0,0
2026-04-08T14:06:00+05:30,23995.55,23995.55,23995.55,23995.55,0,0
2026-04-08T14:07:00+05:30,24000.85,24000.85,24000.85,24000.85,0,0
2026-04-08T14:08:00+05:30,24003.35,24003.35,24003.35,24003.35,0,0
2026-04-08T14:09:00+05:30,24006.1,24006.1,24006.1,24006.1,0,0
2026-04-08T14:10:00+05:30,24003.2,24003.2,24003.2,24003.2,0,0
2026-04-08T14:11:00+05:30,24006.05,24006.05,24006.05,24006.05,0,0
2026-04-08T14:12:00+05:30,24005.7,24005.7,24005.7,24005.7,0,0
2026-04-08T14:13:00+05:30,23996.55,23996.55,23996.55,23996.55,0,0
2026-04-08T14:14:00+05:30,23990.25,23990.25,23990.25,23990.25,0,0
2026-04-08T14:15:00+05:30,24004.45,24004.45,24004.45,24004.45,0,0
2026-04-08T14:16:00+05:30,23999.65,23999.65,23999.65,23999.65,0,0
2026-04-08T14:17:00+05:30,23997.55,23997.55,23997.55,23997.55,0,0
2026-04-08T14:18:00+05:30,24000.65,24000.65,24000.65,24000.65,0,0
2026-04-08T14:19:00+05:30,24010.8,24010.8,24010.8,24010.8,0,0
2026-04-08T14:20:00+05:30,24016.05,24016.05,24016.05,24016.05,0,0
2026-04-08T14:21:00+05:30,24019.05,24019.05,24019.05,24019.05,0,0
2026-04-08T14:22:00+05:30,24019.6,24019.6,24019.6,24019.6,0,0
2026-04-08T14:23:00+05:30,24015.0,24015.0,24015.0,24015.0,0,0
2026-04-08T14:24:00+05:30,24020.05,24020.05,24020.05,24020.05,0,0
2026-04-08T14:25:00+05:30,24026.55,24026.55,24026.55,24026.55,0,0
2026-04-08T14:26:00+05:30,24021.45,24021.45,24021.45,24021.45,0,0
2026-04-08T14:27:00+05:30,24022.15,24022.15,24022.15,24022.15,0,0
2026-04-08T14:28:00+05:30,24022.1,24022.1,24022.1,24022.1,0,0
2026-04-08T14:29:00+05:30,24024.05,24024.05,24024.05,24024.05,0,0
2026-04-08T14:30:00+05:30,24023.25,24023.25,24023.25,24023.25,0,0
2026-04-08T14:31:00+05:30,24035.2,24035.2,24035.2,24035.2,0,0
2026-04-08T14:32:00+05:30,24034.45,24034.45,24034.45,24034.45,0,0
2026-04-08T14:33:00+05:30,24029.25,24029.25,24029.25,24029.25,0,0
2026-04-08T14:34:00+05:30,24027.0,24027.0,24027.0,24027.0,0,0
2026-04-08T14:35:00+05:30,24027.05,24027.05,24027.05,24027.05,0,0
2026-04-08T14:36:00+05:30,24027.05,24027.05,24027.05,24027.05,0,0
2026-04-08T14:37:00+05:30,24030.25,24030.25,24030.25,24030.25,0,0
2026-04-08T14:38:00+05:30,24032.1,24032.1,24032.1,24032.1,0,0
2026-04-08T14:39:00+05:30,24032.55,24032.55,24032.55,24032.55,0,0
2026-04-08T14:40:00+05:30,24031.85,24031.85,24031.85,24031.85,0,0
2026-04-08T14:41:00+05:30,24031.85,24031.85,24031.85,24031.85,0,0
2026-04-08T14:42:00+05:30,24046.85,24046.85,24046.85,24046.85,0,0
2026-04-08T14:43:00+05:30,24048.15,24048.15,24048.15,24048.15,0,0
2026-04-08T14:44:00+05:30,24052.05,24052.05,24052.05,24052.05,0,0
2026-04-08T14:45:00+05:30,24059.0,24059.0,24059.0,24059.0,0,0
2026-04-08T14:46:00+05:30,24050.45,24050.45,24050.45,24050.45,0,0
2026-04-08T14:47:00+05:30,24064.45,24064.45,24064.45,24064.45,0,0
2026-04-08T14:48:00+05:30,24057.95,24057.95,24057.95,24057.95,0,0
2026-04-08T14:49:00+05:30,24035.9,24035.9,24035.9,24035.9,0,0
2026-04-08T14:50:00+05:30,24024.75,24024.75,24024.75,24024.75,0,0
2026-04-08T14:51:00+05:30,24028.3,24028.3,24028.3,24028.3,0,0
2026-04-08T14:52:00+05:30,24029.95,24029.95,24029.95,24029.95,0,0
2026-04-08T14:53:00+05:30,24029.95,24029.95,24029.95,24029.95,0,0
2026-04-08T14:54:00+05:30,24032.6,24032.6,24032.6,24032.6,0,0
2026-04-08T14:55:00+05:30,24032.25,24032.25,24032.25,24032.25,0,0
2026-04-08T14:56:00+05:30,24032.05,24032.05,24032.05,24032.05,0,0
2026-04-08T14:57:00+05:30,24035.95,24035.95,24035.95,24035.95,0,0
2026-04-08T14:58:00+05:30,24038.2,24038.2,24038.2,24038.2,0,0
2026-04-08T14:59:00+05:30,24044.2,24044.2,24044.2,24044.2,0,0
2026-04-08T15:00:00+05:30,24014.6,24014.6,24014.6,24014.6,0,0
2026-04-08T15:01:00+05:30,24012.3,24012.3,24012.3,24012.3,0,0
2026-04-08T15:02:00+05:30,24027.7,24027.7,24027.7,24027.7,0,0
2026-04-08T15:03:00+05:30,24030.7,24030.7,24030.7,24030.7,0,0
2026-04-08T15:04:00+05:30,24033.4,24033.4,24033.4,24033.4,0,0
2026-04-08T15:05:00+05:30,24046.55,24046.55,24046.55,24046.55,0,0
2026-04-08T15:06:00+05:30,24045.3,24045.3,24045.3,24045.3,0,0
2026-04-08T15:07:00+05:30,24045.5,24045.5,24045.5,24045.5,0,0
2026-04-08T15:08:00+05:30,24041.7,24041.7,24041.7,24041.7,0,0
2026-04-08T15:09:00+05:30,24046.3,24046.3,24046.3,24046.3,0,0
2026-04-08T15:10:00+05:30,24040.0,24040.0,24040.0,24040.0,0,0
2026-04-08T15:11:00+05:30,24040.05,24040.05,24040.05,24040.05,0,0
2026-04-08T15:12:00+05:30,24038.95,24038.95,24038.95,24038.95,0,0
2026-04-08T15:13:00+05:30,24039.15,24039.15,24039.15,24039.15,0,0
2026-04-08T15:14:00+05:30,24026.05,24026.05,24026.05,24026.05,0,0
2026-04-08T15:15:00+05:30,24029.0,24029.0,24029.0,24029.0,0,0
2026-04-08T15:16:00+05:30,24032.7,24032.7,24032.7,24032.7,0,0
2026-04-08T15:17:00+05:30,24032.75,24032.75,24032.75,24032.75,0,0
2026-04-08T15:18:00+05:30,24034.05,24034.05,24034.05,24034.05,0,0
2026-04-08T15:19:00+05:30,24036.0,24036.0,24036.0,24036.0,0,0
2026-04-08T15:20:00+05:30,24035.95,24035.95,24035.95,24035.95,0,0
2026-04-08T15:21:00+05:30,24032.25,24032.25,24032.25,24032.25,0,0
2026-04-08T15:22:00+05:30,24033.1,24033.1,24033.1,24033.1,0,0
2026-04-08T15:23:00+05:30,24036.2,24036.2,24036.2,24036.2,0,0
2026-04-08T15:24:00+05:30,24038.7,24038.7,24038.7,24038.7,0,0
2026-04-08T15:25:00+05:30,24041.3,24041.3,24041.3,24041.3,0,0
2026-04-08T15:26:00+05:30,24044.85,24044.85,24044.85,24044.85,0,0
2026-04-08T15:27:00+05:30,24044.0,24044.0,24044.0,24044.0,0,0
2026-04-08T15:28:00+05:30,24055.15,24055.15,24055.15,24055.15,0,0
2026-04-08T15:29:00+05:30,24070.7,24070.7,24070.7,24070.7,0,0
2026-04-08T15:30:00+05:30,24071.2,24071.2,24071.2,24071.2,0,0
2026-04-09T09:15:00+05:30,24039.9,24039.9,24039.9,24039.9,0,0
2026-04-09T09:16:00+05:30,24039.9,24039.9,24039.9,24039.9,0,0
2026-04-09T09:17:00+05:30,24039.9,24039.9,24039.9,24039.9,0,0
2026-04-09T09:18:00+05:30,24039.9,24039.9,24039.9,24039.9,0,0
2026-04-09T09:19:00+05:30,24039.9,24039.9,24039.9,24039.9,0,0
2026-04-09T09:20:00+05:30,24039.9,24039.9,24039.9,24039.9,0,0
2026-04-09T09:21:00+05:30,24039.9,24039.9,24039.9,24039.9,0,0
2026-04-09T09:22:00+05:30,24039.9,24039.9,24039.9,24039.9,0,0
2026-04-09T09:23:00+05:30,24039.9,24039.9,24039.9,24039.9,0,0
2026-04-09T09:24:00+05:30,24039.9,24039.9,24039.9,24039.9,0,0
2026-04-09T09:25:00+05:30,24039.9,24039.9,24039.9,24039.9,0,0
2026-04-09T09:26:00+05:30,24039.9,24039.9,24039.9,24039.9,0,0
2026-04-09T09:27:00+05:30,24039.9,24039.9,24039.9,24039.9,0,0
2026-04-09T09:28:00+05:30,24039.9,24039.9,24039.9,24039.9,0,0
2026-04-09T09:29:00+05:30,24006.3,24006.3,24006.3,24006.3,0,0
2026-04-09T09:30:00+05:30,23988.1,23988.1,23988.1,23988.1,0,0
2026-04-09T09:31:00+05:30,23967.15,23967.15,23967.15,23967.15,0,0
2026-04-09T09:32:00+05:30,23965.0,23965.0,23965.0,23965.0,0,0
2026-04-09T09:33:00+05:30,23949.1,23949.1,23949.1,23949.1,0,0
2026-04-09T09:34:00+05:30,23940.5,23940.5,23940.5,23940.5,0,0
2026-04-09T09:35:00+05:30,23952.5,23952.5,23952.5,23952.5,0,0
2026-04-09T09:36:00+05:30,23966.2,23966.2,23966.2,23966.2,0,0
2026-04-09T09:37:00+05:30,23947.85,23947.85,23947.85,23947.85,0,0
2026-04-09T09:38:00+05:30,23936.25,23936.25,23936.25,23936.25,0,0
2026-04-09T09:39:00+05:30,23929.15,23929.15,23929.15,23929.15,0,0
2026-04-09T09:40:00+05:30,23942.05,23942.05,23942.05,23942.05,0,0
2026-04-09T09:41:00+05:30,23922.4,23922.4,23922.4,23922.4,0,0
2026-04-09T09:42:00+05:30,23911.55,23911.55,23911.55,23911.55,0,0
2026-04-09T09:43:00+05:30,23907.3,23907.3,23907.3,23907.3,0,0
2026-04-09T09:44:00+05:30,23907.25,23907.25,23907.25,23907.25,0,0
2026-04-09T09:45:00+05:30,23910.8,23910.8,23910.8,23910.8,0,0
2026-04-09T09:46:00+05:30,23902.75,23902.75,23902.75,23902.75,0,0
2026-04-09T09:47:00+05:30,23894.3,23894.3,23894.3,23894.3,0,0
2026-04-09T09:48:00+05:30,23881.45,23881.45,23881.45,23881.45,0,0
2026-04-09T09:49:00+05:30,23865.8,23865.8,23865.8,23865.8,0,0
2026-04-09T09:50:00+05:30,23857.4,23857.4,23857.4,23857.4,0,0
2026-04-09T09:51:00+05:30,23843.35,23843.35,23843.35,23843.35,0,0
2026-04-09T09:52:00+05:30,23864.65,23864.65,23864.65,23864.65,0,0
2026-04-09T09:53:00+05:30,23859.75,23859.75,23859.75,23859.75,0,0
2026-04-09T09:54:00+05:30,23849.65,23849.65,23849.65,23849.65,0,0
2026-04-09T09:55:00+05:30,23835.05,23835.05,23835.05,23835.05,0,0
2026-04-09T09:56:00+05:30,23845.65,23845.65,23845.65,23845.65,0,0
2026-04-09T09:57:00+05:30,23836.4,23836.4,23836.4,23836.4,0,0
2026-04-09T09:58:00+05:30,23837.75,23837.75,23837.75,23837.75,0,0
2026-04-09T09:59:00+05:30,23832.1,23832.1,23832.1,23832.1,0,0
2026-04-09T10:00:00+05:30,23826.15,23826.15,23826.15,23826.15,0,0
2026-04-09T10:01:00+05:30,23842.4,23842.4,23842.4,23842.4,0,0
2026-04-09T10:02:00+05:30,23845.55,23845.55,23845.55,23845.55,0,0
2026-04-09T10:03:00+05:30,23855.55,23855.55,23855.55,23855.55,0,0
2026-04-09T10:04:00+05:30,23858.65,23858.65,23858.65,23858.65,0,0
2026-04-09T10:05:00+05:30,23865.25,23865.25,23865.25,23865.25,0,0
2026-04-09T10:06:00+05:30,23864.85,23864.85,23864.85,23864.85,0,0
2026-04-09T10:07:00+05:30,23865.3,23865.3,23865.3,23865.3,0,0
2026-04-09T10:08:00+05:30,23860.25,23860.25,23860.25,23860.25,0,0
2026-04-09T10:09:00+05:30,23869.6,23869.6,23869.6,23869.6,0,0
2026-04-09T10:10:00+05:30,23879.15,23879.15,23879.15,23879.15,0,0
2026-04-09T10:11:00+05:30,23890.0,23890.0,23890.0,23890.0,0,0
2026-04-09T10:12:00+05:30,23889.75,23889.75,23889.75,23889.75,0,0
2026-04-09T10:13:00+05:30,23883.45,23883.45,23883.45,23883.45,0,0
2026-04-09T10:14:00+05:30,23882.0,23882.0,23882.0,23882.0,0,0
2026-04-09T10:15:00+05:30,23872.9,23872.9,23872.9,23872.9,0,0
2026-04-09T10:16:00+05:30,23877.5,23877.5,23877.5,23877.5,0,0
2026-04-09T10:17:00+05:30,23884.0,23884.0,23884.0,23884.0,0,0
2026-04-09T10:18:00+05:30,23899.05,23899.05,23899.05,23899.05,0,0
2026-04-09T10:19:00+05:30,23907.15,23907.15,23907.15,23907.15,0,0
2026-04-09T10:20:00+05:30,23900.3,23900.3,23900.3,23900.3,0,0
2026-04-09T10:21:00+05:30,23899.5,23899.5,23899.5,23899.5,0,0
2026-04-09T10:22:00+05:30,23898.2,23898.2,23898.2,23898.2,0,0
2026-04-09T10:23:00+05:30,23899.1,23899.1,23899.1,23899.1,0,0
2026-04-09T10:24:00+05:30,23901.85,23901.85,23901.85,23901.85,0,0
2026-04-09T10:25:00+05:30,23894.4,23894.4,23894.4,23894.4,0,0
2026-04-09T10:26:00+05:30,23869.75,23869.75,23869.75,23869.75,0,0
2026-04-09T10:27:00+05:30,23876.0,23876.0,23876.0,23876.0,0,0
2026-04-09T10:28:00+05:30,23870.8,23870.8,23870.8,23870.8,0,0
2026-04-09T10:29:00+05:30,23883.85,23883.85,23883.85,23883.85,0,0
2026-04-09T10:30:00+05:30,23897.25,23897.25,23897.25,23897.25,0,0
2026-04-09T10:31:00+05:30,23884.55,23884.55,23884.55,23884.55,0,0
2026-04-09T10:32:00+05:30,23895.45,23895.45,23895.45,23895.45,0,0
2026-04-09T10:33:00+05:30,23898.15,23898.15,23898.15,23898.15,0,0
2026-04-09T10:34:00+05:30,23898.5,23898.5,23898.5,23898.5,0,0
2026-04-09T10:35:00+05:30,23907.5,23907.5,23907.5,23907.5,0,0
2026-04-09T10:36:00+05:30,23881.95,23881.95,23881.95,23881.95,0,0
2026-04-09T10:37:00+05:30,23891.25,23891.25,23891.25,23891.25,0,0
2026-04-09T10:38:00+05:30,23872.4,23872.4,23872.4,23872.4,0,0
2026-04-09T10:39:00+05:30,23876.45,23876.45,23876.45,23876.45,0,0
2026-04-09T10:40:00+05:30,23860.15,23860.15,23860.15,23860.15,0,0
2026-04-09T10:41:00+05:30,23870.45,23870.45,23870.45,23870.45,0,0
2026-04-09T10:42:00+05:30,23867.75,23867.75,23867.75,23867.75,0,0
2026-04-09T10:43:00+05:30,23861.65,23861.65,23861.65,23861.65,0,0
2026-04-09T10:44:00+05:30,23853.95,23853.95,23853.95,23853.95,0,0
2026-04-09T10:45:00+05:30,23861.0,23861.0,23861.0,23861.0,0,0
2026-04-09T10:46:00+05:30,23870.65,23870.65,23870.65,23870.65,0,0
2026-04-09T10:47:00+05:30,23867.9,23867.9,23867.9,23867.9,0,0
2026-04-09T10:48:00+05:30,23869.0,23869.0,23869.0,23869.0,0,0
2026-04-09T10:49:00+05:30,23868.7,23868.7,23868.7,23868.7,0,0
2026-04-09T10:50:00+05:30,23867.1,23867.1,23867.1,23867.1,0,0
2026-04-09T10:51:00+05:30,23866.45,23866.45,23866.45,23866.45,0,0
2026-04-09T10:52:00+05:30,23864.7,23864.7,23864.7,23864.7,0,0
2026-04-09T10:53:00+05:30,23865.65,23865.65,23865.65,23865.65,0,0
2026-04-09T10:54:00+05:30,23861.35,23861.35,23861.35,23861.35,0,0
2026-04-09T10:55:00+05:30,23872.7,23872.7,23872.7,23872.7,0,0
2026-04-09T10:56:00+05:30,23881.7,23881.7,23881.7,23881.7,0,0
2026-04-09T10:57:00+05:30,23868.55,23868.55,23868.55,23868.55,0,0
2026-04-09T10:58:00+05:30,23869.9,23869.9,23869.9,23869.9,0,0
2026-04-09T10:59:00+05:30,23874.15,23874.15,23874.15,23874.15,0,0
2026-04-09T11:00:00+05:30,23888.65,23888.65,23888.65,23888.65,0,0
2026-04-09T11:01:00+05:30,23890.25,23890.25,23890.25,23890.25,0,0
2026-04-09T11:02:00+05:30,23898.2,23898.2,23898.2,23898.2,0,0
2026-04-09T11:03:00+05:30,23885.65,23885.65,23885.65,23885.65,0,0
2026-04-09T11:04:00+05:30,23887.8,23887.8,23887.8,23887.8,0,0
2026-04-09T11:05:00+05:30,23882.35,23882.35,23882.35,23882.35,0,0
2026-04-09T11:06:00+05:30,23874.8,23874.8,23874.8,23874.8,0,0
2026-04-09T11:07:00+05:30,23885.1,23885.1,23885.1,23885.1,0,0
2026-04-09T11:08:00+05:30,23896.45,23896.45,23896.45,23896.45,0,0
2026-04-09T11:09:00+05:30,23900.15,23900.15,23900.15,23900.15,0,0
2026-04-09T11:10:00+05:30,23905.7,23905.7,23905.7,23905.7,0,0
2026-04-09T11:11:00+05:30,23899.0,23899.0,23899.0,23899.0,0,0
2026-04-09T11:12:00+05:30,23887.3,23887.3,23887.3,23887.3,0,0
2026-04-09T11:13:00+05:30,23892.15,23892.15,23892.15,23892.15,0,0
2026-04-09T11:14:00+05:30,23891.85,23891.85,23891.85,23891.85,0,0
2026-04-09T11:15:00+05:30,23896.55,23896.55,23896.55,23896.55,0,0
2026-04-09T11:16:00+05:30,23884.35,23884.35,23884.35,23884.35,0,0
2026-04-09T11:17:00+05:30,23874.95,23874.95,23874.95,23874.95,0,0
2026-04-09T11:18:00+05:30,23869.15,23869.15,23869.15,23869.15,0,0
2026-04-09T11:19:00+05:30,23865.25,23865.25,23865.25,23865.25,0,0
2026-04-09T11:20:00+05:30,23874.4,23874.4,23874.4,23874.4,0,0
2026-04-09T11:21:00+05:30,23856.2,23856.2,23856.2,23856.2,0,0
2026-04-09T11:22:00+05:30,23871.1,23871.1,23871.1,23871.1,0,0
2026-04-09T11:23:00+05:30,23872.65,23872.65,23872.65,23872.65,0,0
2026-04-09T11:24:00+05:30,23875.55,23875.55,23875.55,23875.55,0,0
2026-04-09T11:25:00+05:30,23881.5,23881.5,23881.5,23881.5,0,0
2026-04-09T11:26:00+05:30,23888.65,23888.65,23888.65,23888.65,0,0
2026-04-09T11:27:00+05:30,23887.4,23887.4,23887.4,23887.4,0,0
2026-04-09T11:28:00+05:30,23897.95,23897.95,23897.95,23897.95,0,0
2026-04-09T11:29:00+05:30,23893.65,23893.65,23893.65,23893.65,0,0
2026-04-09T11:30:00+05:30,23911.3,23911.3,23911.3,23911.3,0,0
2026-04-09T11:31:00+05:30,23911.55,23911.55,23911.55,23911.55,0,0
2026-04-09T11:32:00+05:30,23909.4,23909.4,23909.4,23909.4,0,0
2026-04-09T11:33:00+05:30,23899.85,23899.85,23899.85,23899.85,0,0
2026-04-09T11:34:00+05:30,23894.6,23894.6,23894.6,23894.6,0,0
2026-04-09T11:35:00+05:30,23892.25,23892.25,23892.25,23892.25,0,0
2026-04-09T11:36:00+05:30,23896.25,23896.25,23896.25,23896.25,0,0
2026-04-09T11:37:00+05:30,23897.65,23897.65,23897.65,23897.65,0,0
2026-04-09T11:38:00+05:30,23900.15,23900.15,23900.15,23900.15,0,0
2026-04-09T11:39:00+05:30,23902.8,23902.8,23902.8,23902.8,0,0
2026-04-09T11:40:00+05:30,23898.25,23898.25,23898.25,23898.25,0,0
2026-04-09T11:41:00+05:30,23912.75,23912.75,23912.75,23912.75,0,0
2026-04-09T11:42:00+05:30,23903.0,23903.0,23903.0,23903.0,0,0
2026-04-09T11:43:00+05:30,23901.0,23901.0,23901.0,23901.0,0,0
2026-04-09T11:44:00+05:30,23908.1,23908.1,23908.1,23908.1,0,0
2026-04-09T11:45:00+05:30,23899.2,23899.2,23899.2,23899.2,0,0
2026-04-09T11:46:00+05:30,23899.35,23899.35,23899.35,23899.35,0,0
2026-04-09T11:47:00+05:30,23900.85,23900.85,23900.85,23900.85,0,0
2026-04-09T11:48:00+05:30,23915.9,23915.9,23915.9,23915.9,0,0
2026-04-09T11:49:00+05:30,23928.25,23928.25,23928.25,23928.25,0,0
2026-04-09T11:50:00+05:30,23914.75,23914.75,23914.75,23914.75,0,0
2026-04-09T11:51:00+05:30,23927.5,23927.5,23927.5,23927.5,0,0
2026-04-09T11:52:00+05:30,23925.25,23925.25,23925.25,23925.25,0,0
2026-04-09T11:53:00+05:30,23934.5,23934.5,23934.5,23934.5,0,0
2026-04-09T11:54:00+05:30,23927.85,23927.85,23927.85,23927.85,0,0
2026-04-09T11:55:00+05:30,23942.45,23942.45,23942.45,23942.45,0,0
2026-04-09T11:56:00+05:30,23941.0,23941.0,23941.0,23941.0,0,0
2026-04-09T11:57:00+05:30,23938.0,23938.0,23938.0,23938.0,0,0
2026-04-09T11:58:00+05:30,23922.25,23922.25,23922.25,23922.25,0,0
2026-04-09T11:59:00+05:30,23927.45,23927.45,23927.45,23927.45,0,0
2026-04-09T12:00:00+05:30,23935.6,23935.6,23935.6,23935.6,0,0
2026-04-09T12:01:00+05:30,23935.75,23935.75,23935.75,23935.75,0,0
2026-04-09T12:02:00+05:30,23927.75,23927.75,23927.75,23927.75,0,0
2026-04-09T12:03:00+05:30,23927.8,23927.8,23927.8,23927.8,0,0
2026-04-09T12:04:00+05:30,23927.0,23927.0,23927.0,23927.0,0,0
2026-04-09T12:05:00+05:30,23914.25,23914.25,23914.25,23914.25,0,0
2026-04-09T12:06:00+05:30,23919.75,23919.75,23919.75,23919.75,0,0
2026-04-09T12:07:00+05:30,23926.3,23926.3,23926.3,23926.3,0,0
2026-04-09T12:08:00+05:30,23928.8,23928.8,23928.8,23928.8,0,0
2026-04-09T12:09:00+05:30,23945.75,23945.75,23945.75,23945.75,0,0
2026-04-09T12:10:00+05:30,23947.05,23947.05,23947.05,23947.05,0,0
2026-04-09T12:11:00+05:30,23949.25,23949.25,23949.25,23949.25,0,0
2026-04-09T12:12:00+05:30,23939.5,23939.5,23939.5,23939.5,0,0
2026-04-09T12:13:00+05:30,23938.25,23938.25,23938.25,23938.25,0,0
2026-04-09T12:14:00+05:30,23933.05,23933.05,23933.05,23933.05,0,0
2026-04-09T12:15:00+05:30,23933.15,23933.15,23933.15,23933.15,0,0
2026-04-09T12:16:00+05:30,23932.25,23932.25,23932.25,23932.25,0,0
2026-04-09T12:17:00+05:30,23931.15,23931.15,23931.15,23931.15,0,0
2026-04-09T12:18:00+05:30,23925.0,23925.0,23925.0,23925.0,0,0
2026-04-09T12:19:00+05:30,23924.2,23924.2,23924.2,23924.2,0,0
2026-04-09T12:20:00+05:30,23921.85,23921.85,23921.85,23921.85,0,0
2026-04-09T12:21:00+05:30,23926.85,23926.85,23926.85,23926.85,0,0
2026-04-09T12:22:00+05:30,23926.75,23926.75,23926.75,23926.75,0,0
2026-04-09T12:23:00+05:30,23926.8,23926.8,23926.8,23926.8,0,0
2026-04-09T12:24:00+05:30,23917.45,23917.45,23917.45,23917.45,0,0
2026-04-09T12:25:00+05:30,23912.15,23912.15,23912.15,23912.15,0,0
2026-04-09T12:26:00+05:30,23910.65,23910.65,23910.65,23910.65,0,0
2026-04-09T12:27:00+05:30,23917.1,23917.1,23917.1,23917.1,0,0
2026-04-09T12:28:00+05:30,23925.0,23925.0,23925.0,23925.0,0,0
2026-04-09T12:29:00+05:30,23929.65,23929.65,23929.65,23929.65,0,0
2026-04-09T12:30:00+05:30,23932.45,23932.45,23932.45,23932.45,0,0
2026-04-09T12:31:00+05:30,23932.4,23932.4,23932.4,23932.4,0,0
2026-04-09T12:32:00+05:30,23931.2,23931.2,23931.2,23931.2,0,0
2026-04-09T12:33:00+05:30,23923.55,23923.55,23923.55,23923.55,0,0
2026-04-09T12:34:00+05:30,23917.75,23917.75,23917.75,23917.75,0,0
2026-04-09T12:35:00+05:30,23919.65,23919.65,23919.65,23919.65,0,0
2026-04-09T12:36:00+05:30,23912.8,23912.8,23912.8,23912.8,0,0
2026-04-09T12:37:00+05:30,23909.4,23909.4,23909.4,23909.4,0,0
2026-04-09T12:38:00+05:30,23903.4,23903.4,23903.4,23903.4,0,0
2026-04-09T12:39:00+05:30,23902.95,23902.95,23902.95,23902.95,0,0
2026-04-09T12:40:00+05:30,23914.15,23914.15,23914.15,23914.15,0,0
2026-04-09T12:41:00+05:30,23909.6,23909.6,23909.6,23909.6,0,0
2026-04-09T12:42:00+05:30,23905.35,23905.35,23905.35,23905.35,0,0
2026-04-09T12:43:00+05:30,23897.1,23897.1,23897.1,23897.1,0,0
2026-04-09T12:44:00+05:30,23898.55,23898.55,23898.55,23898.55,0,0
2026-04-09T12:45:00+05:30,23894.55,23894.55,23894.55,23894.55,0,0
2026-04-09T12:46:00+05:30,23869.05,23869.05,23869.05,23869.05,0,0
2026-04-09T12:47:00+05:30,23868.35,23868.35,23868.35,23868.35,0,0
2026-04-09T12:48:00+05:30,23858.9,23858.9,23858.9,23858.9,0,0
2026-04-09T12:49:00+05:30,23853.45,23853.45,23853.45,23853.45,0,0
2026-04-09T12:50:00+05:30,23852.05,23852.05,23852.05,23852.05,0,0
2026-04-09T12:51:00+05:30,23855.8,23855.8,23855.8,23855.8,0,0
2026-04-09T12:52:00+05:30,23865.7,23865.7,23865.7,23865.7,0,0
2026-04-09T12:53:00+05:30,23863.8,23863.8,23863.8,23863.8,0,0
2026-04-09T12:54:00+05:30,23873.5,23873.5,23873.5,23873.5,0,0
2026-04-09T12:55:00+05:30,23878.05,23878.05,23878.05,23878.05,0,0
2026-04-09T12:56:00+05:30,23870.35,23870.35,23870.35,23870.35,0,0
2026-04-09T12:57:00+05:30,23872.0,23872.0,23872.0,23872.0,0,0
2026-04-09T12:58:00+05:30,23878.65,23878.65,23878.65,23878.65,0,0
2026-04-09T12:59:00+05:30,23875.2,23875.2,23875.2,23875.2,0,0
2026-04-09T13:00:00+05:30,23872.75,23872.75,23872.75,23872.75,0,0
2026-04-09T13:01:00+05:30,23873.75,23873.75,23873.75,23873.75,0,0
2026-04-09T13:02:00+05:30,23873.95,23873.95,23873.95,23873.95,0,0
2026-04-09T13:03:00+05:30,23877.15,23877.15,23877.15,23877.15,0,0
2026-04-09T13:04:00+05:30,23871.95,23871.95,23871.95,23871.95,0,0
2026-04-09T13:05:00+05:30,23867.55,23867.55,23867.55,23867.55,0,0
2026-04-09T13:06:00+05:30,23866.8,23866.8,23866.8,23866.8,0,0
2026-04-09T13:07:00+05:30,23875.25,23875.25,23875.25,23875.25,0,0
2026-04-09T13:08:00+05:30,23872.65,23872.65,23872.65,23872.65,0,0
2026-04-09T13:09:00+05:30,23874.05,23874.05,23874.05,23874.05,0,0
2026-04-09T13:10:00+05:30,23865.4,23865.4,23865.4,23865.4,0,0
2026-04-09T13:11:00+05:30,23859.2,23859.2,23859.2,23859.2,0,0
2026-04-09T13:12:00+05:30,23851.35,23851.35,23851.35,23851.35,0,0
2026-04-09T13:13:00+05:30,23859.95,23859.95,23859.95,23859.95,0,0
2026-04-09T13:14:00+05:30,23862.05,23862.05,23862.05,23862.05,0,0
2026-04-09T13:15:00+05:30,23853.8,23853.8,23853.8,23853.8,0,0
2026-04-09T13:16:00+05:30,23848.0,23848.0,23848.0,23848.0,0,0
2026-04-09T13:17:00+05:30,23846.6,23846.6,23846.6,23846.6,0,0
2026-04-09T13:18:00+05:30,23845.5,23845.5,23845.5,23845.5,0,0
2026-04-09T13:19:00+05:30,23845.2,23845.2,23845.2,23845.2,0,0
2026-04-09T13:20:00+05:30,23840.65,23840.65,23840.65,23840.65,0,0
2026-04-09T13:21:00+05:30,23822.6,23822.6,23822.6,23822.6,0,0
2026-04-09T13:22:00+05:30,23830.8,23830.8,23830.8,23830.8,0,0
2026-04-09T13:23:00+05:30,23830.25,23830.25,23830.25,23830.25,0,0
2026-04-09T13:24:00+05:30,23825.9,23825.9,23825.9,23825.9,0,0
2026-04-09T13:25:00+05:30,23826.35,23826.35,23826.35,23826.35,0,0
2026-04-09T13:26:00+05:30,23827.25,23827.25,23827.25,23827.25,0,0
2026-04-09T13:27:00+05:30,23831.5,23831.5,23831.5,23831.5,0,0
2026-04-09T13:28:00+05:30,23820.45,23820.45,23820.45,23820.45,0,0
2026-04-09T13:29:00+05:30,23816.75,23816.75,23816.75,23816.75,0,0
2026-04-09T13:30:00+05:30,23816.75,23816.75,23816.75,23816.75,0,0
2026-04-09T13:31:00+05:30,23816.75,23816.75,23816.75,23816.75,0,0
2026-04-09T13:32:00+05:30,23816.75,23816.75,23816.75,23816.75,0,0
2026-04-09T13:33:00+05:30,23830.95,23830.95,23830.95,23830.95,0,0
2026-04-09T13:34:00+05:30,23826.65,23826.65,23826.65,23826.65,0,0
2026-04-09T13:35:00+05:30,23833.7,23833.7,23833.7,23833.7,0,0
2026-04-09T13:36:00+05:30,23833.75,23833.75,23833.75,23833.75,0,0
2026-04-09T13:37:00+05:30,23820.85,23820.85,23820.85,23820.85,0,0
2026-04-09T13:38:00+05:30,23822.05,23822.05,23822.05,23822.05,0,0
2026-04-09T13:39:00+05:30,23818.4,23818.4,23818.4,23818.4,0,0
2026-04-09T13:40:00+05:30,23818.65,23818.65,23818.65,23818.65,0,0
2026-04-09T13:41:00+05:30,23806.95,23806.95,23806.95,23806.95,0,0
2026-04-09T13:42:00+05:30,23811.2,23811.2,23811.2,23811.2,0,0
2026-04-09T13:43:00+05:30,23809.75,23809.75,23809.75,23809.75,0,0
2026-04-09T13:44:00+05:30,23805.95,23805.95,23805.95,23805.95,0,0
2026-04-09T13:45:00+05:30,23812.5,23812.5,23812.5,23812.5,0,0
2026-04-09T13:46:00+05:30,23804.05,23804.05,23804.05,23804.05,0,0
2026-04-09T13:47:00+05:30,23785.8,23785.8,23785.8,23785.8,0,0
2026-04-09T13:48:00+05:30,23800.05,23800.05,23800.05,23800.05,0,0
2026-04-09T13:49:00+05:30,23803.1,23803.1,23803.1,23803.1,0,0
2026-04-09T13:50:00+05:30,23818.05,23818.05,23818.05,23818.05,0,0
2026-04-09T13:51:00+05:30,23820.25,23820.25,23820.25,23820.25,0,0
2026-04-09T13:52:00+05:30,23812.7,23812.7,23812.7,23812.7,0,0
2026-04-09T13:53:00+05:30,23803.8,23803.8,23803.8,23803.8,0,0
2026-04-09T13:54:00+05:30,23816.6,23816.6,23816.6,23816.6,0,0
2026-04-09T13:55:00+05:30,23817.05,23817.05,23817.05,23817.05,0,0
2026-04-09T13:56:00+05:30,23820.7,23820.7,23820.7,23820.7,0,0
2026-04-09T13:57:00+05:30,23818.05,23818.05,23818.05,23818.05,0,0
2026-04-09T13:58:00+05:30,23815.7,23815.7,23815.7,23815.7,0,0
2026-04-09T13:59:00+05:30,23811.7,23811.7,23811.7,23811.7,0,0
2026-04-09T14:00:00+05:30,23811.2,23811.2,23811.2,23811.2,0,0
2026-04-09T14:01:00+05:30,23818.4,23818.4,23818.4,23818.4,0,0
2026-04-09T14:02:00+05:30,23816.9,23816.9,23816.9,23816.9,0,0
2026-04-09T14:03:00+05:30,23821.95,23821.95,23821.95,23821.95,0,0
2026-04-09T14:04:00+05:30,23829.7,23829.7,23829.7,23829.7,0,0
2026-04-09T14:05:00+05:30,23816.2,23816.2,23816.2,23816.2,0,0
2026-04-09T14:06:00+05:30,23822.7,23822.7,23822.7,23822.7,0,0
2026-04-09T14:07:00+05:30,23825.6,23825.6,23825.6,23825.6,0,0
2026-04-09T14:08:00+05:30,23835.95,23835.95,23835.95,23835.95,0,0
2026-04-09T14:09:00+05:30,23831.2,23831.2,23831.2,23831.2,0,0
2026-04-09T14:10:00+05:30,23811.75,23811.75,23811.75,23811.75,0,0
2026-04-09T14:11:00+05:30,23807.8,23807.8,23807.8,23807.8,0,0
2026-04-09T14:12:00+05:30,23804.15,23804.15,23804.15,23804.15,0,0
2026-04-09T14:13:00+05:30,23813.15,23813.15,23813.15,23813.15,0,0
2026-04-09T14:14:00+05:30,23802.3,23802.3,23802.3,23802.3,0,0
2026-04-09T14:15:00+05:30,23801.15,23801.15,23801.15,23801.15,0,0
2026-04-09T14:16:00+05:30,23798.0,23798.0,23798.0,23798.0,0,0
2026-04-09T14:17:00+05:30,23801.0,23801.0,23801.0,23801.0,0,0
2026-04-09T14:18:00+05:30,23793.95,23793.95,23793.95,23793.95,0,0
2026-04-09T14:19:00+05:30,23795.0,23795.0,23795.0,23795.0,0,0
2026-04-09T14:20:00+05:30,23793.6,23793.6,23793.6,23793.6,0,0
2026-04-09T14:21:00+05:30,23797.15,23797.15,23797.15,23797.15,0,0
2026-04-09T14:22:00+05:30,23786.85,23786.85,23786.85,23786.85,0,0
2026-04-09T14:23:00+05:30,23775.7,23775.7,23775.7,23775.7,0,0
2026-04-09T14:24:00+05:30,23775.95,23775.95,23775.95,23775.95,0,0
2026-04-09T14:25:00+05:30,23770.55,23770.55,23770.55,23770.55,0,0
2026-04-09T14:26:00+05:30,23758.95,23758.95,23758.95,23758.95,0,0
2026-04-09T14:27:00+05:30,23759.95,23759.95,23759.95,23759.95,0,0
2026-04-09T14:28:00+05:30,23767.65,23767.65,23767.65,23767.65,0,0
2026-04-09T14:29:00+05:30,23765.3,23765.3,23765.3,23765.3,0,0
2026-04-09T14:30:00+05:30,23762.85,23762.85,23762.85,23762.85,0,0
2026-04-09T14:31:00+05:30,23730.0,23730.0,23730.0,23730.0,0,0
2026-04-09T14:32:00+05:30,23744.1,23744.1,23744.1,23744.1,0,0
2026-04-09T14:33:00+05:30,23752.6,23752.6,23752.6,23752.6,0,0
2026-04-09T14:34:00+05:30,23746.5,23746.5,23746.5,23746.5,0,0
2026-04-09T14:35:00+05:30,23754.15,23754.15,23754.15,23754.15,0,0
2026-04-09T14:36:00+05:30,23747.6,23747.6,23747.6,23747.6,0,0
2026-04-09T14:37:00+05:30,23747.55,23747.55,23747.55,23747.55,0,0
2026-04-09T14:38:00+05:30,23748.75,23748.75,23748.75,23748.75,0,0
2026-04-09T14:39:00+05:30,23757.0,23757.0,23757.0,23757.0,0,0
2026-04-09T14:40:00+05:30,23760.45,23760.45,23760.45,23760.45,0,0
2026-04-09T14:41:00+05:30,23763.05,23763.05,23763.05,23763.05,0,0
2026-04-09T14:42:00+05:30,23776.95,23776.95,23776.95,23776.95,0,0
2026-04-09T14:43:00+05:30,23791.1,23791.1,23791.1,23791.1,0,0
2026-04-09T14:44:00+05:30,23789.25,23789.25,23789.25,23789.25,0,0
2026-04-09T14:45:00+05:30,23784.2,23784.2,23784.2,23784.2,0,0
2026-04-09T14:46:00+05:30,23778.1,23778.1,23778.1,23778.1,0,0
2026-04-09T14:47:00+05:30,23790.25,23790.25,23790.25,23790.25,0,0
2026-04-09T14:48:00+05:30,23778.4,23778.4,23778.4,23778.4,0,0
2026-04-09T14:49:00+05:30,23788.0,23788.0,23788.0,23788.0,0,0
2026-04-09T14:50:00+05:30,23779.1,23779.1,23779.1,23779.1,0,0
2026-04-09T14:51:00+05:30,23786.15,23786.15,23786.15,23786.15,0,0
2026-04-09T14:52:00+05:30,23791.9,23791.9,23791.9,23791.9,0,0
2026-04-09T14:53:00+05:30,23793.0,23793.0,23793.0,23793.0,0,0
2026-04-09T14:54:00+05:30,23794.8,23794.8,23794.8,23794.8,0,0
2026-04-09T14:55:00+05:30,23792.7,23792.7,23792.7,23792.7,0,0
2026-04-09T14:56:00+05:30,23793.7,23793.7,23793.7,23793.7,0,0
2026-04-09T14:57:00+05:30,23795.1,23795.1,23795.1,23795.1,0,0
2026-04-09T14:58:00+05:30,23787.45,23787.45,23787.45,23787.45,0,0
2026-04-09T14:59:00+05:30,23793.45,23793.45,23793.45,23793.45,0,0
2026-04-09T15:00:00+05:30,23791.1,23791.1,23791.1,23791.1,0,0
2026-04-09T15:01:00+05:30,23814.8,23814.8,23814.8,23814.8,0,0
2026-04-09T15:02:00+05:30,23835.65,23835.65,23835.65,23835.65,0,0
2026-04-09T15:03:00+05:30,23838.95,23838.95,23838.95,23838.95,0,0
2026-04-09T15:04:00+05:30,23821.3,23821.3,23821.3,23821.3,0,0
2026-04-09T15:05:00+05:30,23824.7,23824.7,23824.7,23824.7,0,0
2026-04-09T15:06:00+05:30,23829.5,23829.5,23829.5,23829.5,0,0
2026-04-09T15:07:00+05:30,23828.55,23828.55,23828.55,23828.55,0,0
2026-04-09T15:08:00+05:30,23835.6,23835.6,23835.6,23835.6,0,0
2026-04-09T15:09:00+05:30,23847.25,23847.25,23847.25,23847.25,0,0
2026-04-09T15:10:00+05:30,23851.8,23851.8,23851.8,23851.8,0,0
2026-04-09T15:11:00+05:30,23849.15,23849.15,23849.15,23849.15,0,0
2026-04-09T15:12:00+05:30,23860.85,23860.85,23860.85,23860.85,0,0
2026-04-09T15:13:00+05:30,23852.75,23852.75,23852.75,23852.75,0,0
2026-04-09T15:14:00+05:30,23854.05,23854.05,23854.05,23854.05,0,0
2026-04-09T15:15:00+05:30,23841.65,23841.65,23841.65,23841.65,0,0
2026-04-09T15:16:00+05:30,23844.3,23844.3,23844.3,23844.3,0,0
2026-04-09T15:17:00+05:30,23845.85,23845.85,23845.85,23845.85,0,0
2026-04-09T15:18:00+05:30,23843.25,23843.25,23843.25,23843.25,0,0
2026-04-09T15:19:00+05:30,23846.0,23846.0,23846.0,23846.0,0,0
2026-04-09T15:20:00+05:30,23849.1,23849.1,23849.1,23849.1,0,0
2026-04-09T15:21:00+05:30,23850.35,23850.35,23850.35,23850.35,0,0
2026-04-09T15:22:00+05:30,23850.85,23850.85,23850.85,23850.85,0,0
2026-04-09T15:23:00+05:30,23849.95,23849.95,23849.95,23849.95,0,0
2026-04-09T15:24:00+05:30,23846.3,23846.3,23846.3,23846.3,0,0
2026-04-09T15:25:00+05:30,23849.4,23849.4,23849.4,23849.4,0,0
2026-04-09T15:26:00+05:30,23847.8,23847.8,23847.8,23847.8,0,0
2026-04-09T15:27:00+05:30,23846.15,23846.15,23846.15,23846.15,0,0
2026-04-09T15:28:00+05:30,23846.05,23846.05,23846.05,23846.05,0,0
2026-04-09T15:29:00+05:30,23841.8,23841.8,23841.8,23841.8,0,0
2026-04-09T15:30:00+05:30,23840.65,23840.65,23840.65,23840.65,0,0
2026-04-10T09:15:00+05:30,23840.65,23840.65,23840.65,23840.65,0,0
2026-04-10T09:16:00+05:30,23840.65,23840.65,23840.65,23840.65,0,0
2026-04-10T09:17:00+05:30,23840.65,23840.65,23840.65,23840.65,0,0
2026-04-10T09:18:00+05:30,23840.65,23840.65,23840.65,23840.65,0,0
2026-04-10T09:19:00+05:30,23840.65,23840.65,23840.65,23840.65,0,0
2026-04-10T09:20:00+05:30,23840.65,23840.65,23840.65,23840.65,0,0
2026-04-10T09:21:00+05:30,23840.65,23840.65,23840.65,23840.65,0,0
2026-04-10T09:22:00+05:30,23840.65,23840.65,23840.65,23840.65,0,0
2026-04-10T09:23:00+05:30,23840.65,23840.65,23840.65,23840.65,0,0
2026-04-10T09:24:00+05:30,23840.65,23840.65,23840.65,23840.65,0,0
2026-04-10T09:25:00+05:30,23840.65,23840.65,23840.65,23840.65,0,0
2026-04-10T09:27:00+05:30,23948.4,23948.4,23948.4,23948.4,0,0
2026-04-10T09:28:00+05:30,23949.65,23949.65,23949.65,23949.65,0,0
2026-04-10T09:29:00+05:30,23958.05,23958.05,23958.05,23958.05,0,0
2026-04-10T09:30:00+05:30,23969.35,23969.35,23969.35,23969.35,0,0
2026-04-10T09:31:00+05:30,23976.9,23976.9,23976.9,23976.9,0,0
2026-04-10T09:32:00+05:30,23964.25,23964.25,23964.25,23964.25,0,0
2026-04-10T09:33:00+05:30,23977.35,23977.35,23977.35,23977.35,0,0
2026-04-10T09:34:00+05:30,23986.6,23986.6,23986.6,23986.6,0,0
2026-04-10T09:35:00+05:30,23969.35,23969.35,23969.35,23969.35,0,0
2026-04-10T09:36:00+05:30,23962.95,23962.95,23962.95,23962.95,0,0
2026-04-10T09:37:00+05:30,23962.6,23962.6,23962.6,23962.6,0,0
2026-04-10T09:38:00+05:30,23969.45,23969.45,23969.45,23969.45,0,0
2026-04-10T09:39:00+05:30,23960.35,23960.35,23960.35,23960.35,0,0
2026-04-10T09:40:00+05:30,23970.7,23970.7,23970.7,23970.7,0,0
2026-04-10T09:41:00+05:30,23976.5,23976.5,23976.5,23976.5,0,0
2026-04-10T09:42:00+05:30,23975.5,23975.5,23975.5,23975.5,0,0
2026-04-10T09:43:00+05:30,23983.8,23983.8,23983.8,23983.8,0,0
2026-04-10T09:44:00+05:30,23972.65,23972.65,23972.65,23972.65,0,0
2026-04-10T09:45:00+05:30,23978.8,23978.8,23978.8,23978.8,0,0
2026-04-10T09:46:00+05:30,23980.9,23980.9,23980.9,23980.9,0,0
2026-04-10T09:47:00+05:30,23996.9,23996.9,23996.9,23996.9,0,0
2026-04-10T09:48:00+05:30,24002.95,24002.95,24002.95,24002.95,0,0
2026-04-10T09:49:00+05:30,23994.0,23994.0,23994.0,23994.0,0,0
2026-04-10T09:50:00+05:30,24002.45,24002.45,24002.45,24002.45,0,0
2026-04-10T09:51:00+05:30,23999.6,23999.6,23999.6,23999.6,0,0
2026-04-10T09:52:00+05:30,23998.75,23998.75,23998.75,23998.75,0,0
2026-04-10T09:53:00+05:30,24003.5,24003.5,24003.5,24003.5,0,0
2026-04-10T09:54:00+05:30,24009.1,24009.1,24009.1,24009.1,0,0
2026-04-10T09:55:00+05:30,24015.5,24015.5,24015.5,24015.5,0,0
2026-04-10T09:56:00+05:30,24008.35,24008.35,24008.35,24008.35,0,0
2026-04-10T09:57:00+05:30,24014.0,24014.0,24014.0,24014.0,0,0
2026-04-10T09:58:00+05:30,24017.2,24017.2,24017.2,24017.2,0,0
2026-04-10T09:59:00+05:30,24012.5,24012.5,24012.5,24012.5,0,0
2026-04-10T10:00:00+05:30,24013.8,24013.8,24013.8,24013.8,0,0
2026-04-10T10:01:00+05:30,24017.35,24017.35,24017.35,24017.35,0,0
2026-04-10T10:02:00+05:30,24017.9,24017.9,24017.9,24017.9,0,0
2026-04-10T10:03:00+05:30,24009.35,24009.35,24009.35,24009.35,0,0
2026-04-10T10:04:00+05:30,24004.5,24004.5,24004.5,24004.5,0,0
2026-04-10T10:05:00+05:30,23985.0,23985.0,23985.0,23985.0,0,0
2026-04-10T10:06:00+05:30,23976.6,23976.6,23976.6,23976.6,0,0
2026-04-10T10:07:00+05:30,23972.55,23972.55,23972.55,23972.55,0,0
2026-04-10T10:08:00+05:30,23969.7,23969.7,23969.7,23969.7,0,0
2026-04-10T10:09:00+05:30,23980.6,23980.6,23980.6,23980.6,0,0
2026-04-10T10:10:00+05:30,23985.85,23985.85,23985.85,23985.85,0,0
2026-04-10T10:11:00+05:30,23999.95,23999.95,23999.95,23999.95,0,0
2026-04-10T10:12:00+05:30,24000.9,24000.9,24000.9,24000.9,0,0
2026-04-10T10:13:00+05:30,24009.4,24009.4,24009.4,24009.4,0,0
2026-04-10T10:14:00+05:30,24006.75,24006.75,24006.75,24006.75,0,0
2026-04-10T10:15:00+05:30,24023.8,24023.8,24023.8,24023.8,0,0
2026-04-10T10:16:00+05:30,24027.55,24027.55,24027.55,24027.55,0,0
2026-04-10T10:17:00+05:30,24037.5,24037.5,24037.5,24037.5,0,0
2026-04-10T10:18:00+05:30,24035.4,24035.4,24035.4,24035.4,0,0
2026-04-10T10:19:00+05:30,24035.25,24035.25,24035.25,24035.25,0,0
2026-04-10T10:20:00+05:30,24039.75,24039.75,24039.75,24039.75,0,0
2026-04-10T10:21:00+05:30,24044.35,24044.35,24044.35,24044.35,0,0
2026-04-10T10:22:00+05:30,24045.75,24045.75,24045.75,24045.75,0,0
2026-04-10T10:23:00+05:30,24037.55,24037.55,24037.55,24037.55,0,0
2026-04-10T10:24:00+05:30,24044.2,24044.2,24044.2,24044.2,0,0
2026-04-10T10:25:00+05:30,24054.05,24054.05,24054.05,24054.05,0,0
2026-04-10T10:26:00+05:30,24054.55,24054.55,24054.55,24054.55,0,0
2026-04-10T10:27:00+05:30,24044.3,24044.3,24044.3,24044.3,0,0
2026-04-10T10:28:00+05:30,24036.0,24036.0,24036.0,24036.0,0,0
2026-04-10T10:29:00+05:30,24031.2,24031.2,24031.2,24031.2,0,0
2026-04-10T10:30:00+05:30,24042.0,24042.0,24042.0,24042.0,0,0
2026-04-10T10:31:00+05:30,24047.15,24047.15,24047.15,24047.15,0,0
2026-04-10T10:32:00+05:30,24039.5,24039.5,24039.5,24039.5,0,0
2026-04-10T10:33:00+05:30,24036.7,24036.7,24036.7,24036.7,0,0
2026-04-10T10:34:00+05:30,24033.7,24033.7,24033.7,24033.7,0,0
2026-04-10T10:35:00+05:30,24046.1,24046.1,24046.1,24046.1,0,0
2026-04-10T10:36:00+05:30,24041.1,24041.1,24041.1,24041.1,0,0
2026-04-10T10:37:00+05:30,24041.3,24041.3,24041.3,24041.3,0,0
2026-04-10T10:38:00+05:30,24036.35,24036.35,24036.35,24036.35,0,0
2026-04-10T10:39:00+05:30,24034.65,24034.65,24034.65,24034.65,0,0
2026-04-10T10:40:00+05:30,24037.5,24037.5,24037.5,24037.5,0,0
2026-04-10T10:41:00+05:30,24042.3,24042.3,24042.3,24042.3,0,0
2026-04-10T10:42:00+05:30,24035.6,24035.6,24035.6,24035.6,0,0
2026-04-10T10:43:00+05:30,24036.15,24036.15,24036.15,24036.15,0,0
2026-04-10T10:44:00+05:30,24033.0,24033.0,24033.0,24033.0,0,0
2026-04-10T10:45:00+05:30,24030.25,24030.25,24030.25,24030.25,0,0
2026-04-10T10:46:00+05:30,24025.25,24025.25,24025.25,24025.25,0,0
2026-04-10T10:47:00+05:30,24024.6,24024.6,24024.6,24024.6,0,0
2026-04-10T10:48:00+05:30,24032.55,24032.55,24032.55,24032.55,0,0
2026-04-10T10:49:00+05:30,24019.55,24019.55,24019.55,24019.55,0,0
2026-04-10T10:50:00+05:30,24017.45,24017.45,24017.45,24017.45,0,0
2026-04-10T10:51:00+05:30,24019.15,24019.15,24019.15,24019.15,0,0
2026-04-10T10:52:00+05:30,24016.9,24016.9,24016.9,24016.9,0,0
2026-04-10T10:53:00+05:30,24015.55,24015.55,24015.55,24015.55,0,0
2026-04-10T10:54:00+05:30,24016.9,24016.9,24016.9,24016.9,0,0
2026-04-10T10:55:00+05:30,24015.65,24015.65,24015.65,24015.65,0,0
2026-04-10T10:56:00+05:30,24014.55,24014.55,24014.55,24014.55,0,0
2026-04-10T10:57:00+05:30,24005.15,24005.15,24005.15,24005.15,0,0
2026-04-10T10:58:00+05:30,24002.85,24002.85,24002.85,24002.85,0,0
2026-04-10T10:59:00+05:30,24018.3,24018.3,24018.3,24018.3,0,0
2026-04-10T11:00:00+05:30,24029.65,24029.65,24029.65,24029.65,0,0
2026-04-10T11:01:00+05:30,24032.9,24032.9,24032.9,24032.9,0,0
2026-04-10T11:02:00+05:30,24038.95,24038.95,24038.95,24038.95,0,0
2026-04-10T11:03:00+05:30,24028.9,24028.9,24028.9,24028.9,0,0
2026-04-10T11:04:00+05:30,24026.1,24026.1,24026.1,24026.1,0,0
2026-04-10T11:05:00+05:30,24030.6,24030.6,24030.6,24030.6,0,0
2026-04-10T11:06:00+05:30,24025.4,24025.4,24025.4,24025.4,0,0
2026-04-10T11:07:00+05:30,24027.5,24027.5,24027.5,24027.5,0,0
2026-04-10T11:08:00+05:30,24034.85,24034.85,24034.85,24034.85,0,0
2026-04-10T11:09:00+05:30,24032.05,24032.05,24032.05,24032.05,0,0
2026-04-10T11:10:00+05:30,24040.0,24040.0,24040.0,24040.0,0,0
2026-04-10T11:11:00+05:30,24044.15,24044.15,24044.15,24044.15,0,0
2026-04-10T11:12:00+05:30,24041.85,24041.85,24041.85,24041.85,0,0
2026-04-10T11:13:00+05:30,24045.25,24045.25,24045.25,24045.25,0,0
2026-04-10T11:14:00+05:30,24042.3,24042.3,24042.3,24042.3,0,0
2026-04-10T11:15:00+05:30,24041.05,24041.05,24041.05,24041.05,0,0
2026-04-10T11:16:00+05:30,24032.75,24032.75,24032.75,24032.75,0,0
2026-04-10T11:17:00+05:30,24031.1,24031.1,24031.1,24031.1,0,0
2026-04-10T11:18:00+05:30,24018.95,24018.95,24018.95,24018.95,0,0
2026-04-10T11:19:00+05:30,24016.15,24016.15,24016.15,24016.15,0,0
2026-04-10T11:20:00+05:30,24027.3,24027.3,24027.3,24027.3,0,0
2026-04-10T11:21:00+05:30,24022.6,24022.6,24022.6,24022.6,0,0
2026-04-10T11:22:00+05:30,24026.45,24026.45,24026.45,24026.45,0,0
2026-04-10T11:23:00+05:30,24029.85,24029.85,24029.85,24029.85,0,0
2026-04-10T11:24:00+05:30,24027.3,24027.3,24027.3,24027.3,0,0
2026-04-10T11:25:00+05:30,24028.45,24028.45,24028.45,24028.45,0,0
2026-04-10T11:26:00+05:30,24030.45,24030.45,24030.45,24030.45,0,0
2026-04-10T11:27:00+05:30,24028.5,24028.5,24028.5,24028.5,0,0
2026-04-10T11:28:00+05:30,24025.0,24025.0,24025.0,24025.0,0,0
2026-04-10T11:29:00+05:30,24018.45,24018.45,24018.45,24018.45,0,0
2026-04-10T11:30:00+05:30,24015.8,24015.8,24015.8,24015.8,0,0
2026-04-10T11:31:00+05:30,24018.0,24018.0,24018.0,24018.0,0,0
2026-04-10T11:32:00+05:30,24024.7,24024.7,24024.7,24024.7,0,0
2026-04-10T11:33:00+05:30,24026.15,24026.15,24026.15,24026.15,0,0
2026-04-10T11:34:00+05:30,24027.05,24027.05,24027.05,24027.05,0,0
2026-04-10T11:35:00+05:30,24032.15,24032.15,24032.15,24032.15,0,0
2026-04-10T11:36:00+05:30,24028.8,24028.8,24028.8,24028.8,0,0
2026-04-10T11:37:00+05:30,24016.45,24016.45,24016.45,24016.45,0,0
2026-04-10T11:38:00+05:30,24014.0,24014.0,24014.0,24014.0,0,0
2026-04-10T11:39:00+05:30,24021.8,24021.8,24021.8,24021.8,0,0
2026-04-10T11:40:00+05:30,24017.4,24017.4,24017.4,24017.4,0,0
2026-04-10T11:41:00+05:30,24012.4,24012.4,24012.4,24012.4,0,0
2026-04-10T11:42:00+05:30,24007.1,24007.1,24007.1,24007.1,0,0
2026-04-10T11:43:00+05:30,24006.05,24006.05,24006.05,24006.05,0,0
2026-04-10T11:44:00+05:30,24015.15,24015.15,24015.15,24015.15,0,0
2026-04-10T11:45:00+05:30,24013.25,24013.25,24013.25,24013.25,0,0
2026-04-10T11:46:00+05:30,24014.4,24014.4,24014.4,24014.4,0,0
2026-04-10T11:47:00+05:30,24007.55,24007.55,24007.55,24007.55,0,0
2026-04-10T11:48:00+05:30,23998.75,23998.75,23998.75,23998.75,0,0
2026-04-10T11:49:00+05:30,23989.95,23989.95,23989.95,23989.95,0,0
2026-04-10T11:50:00+05:30,23998.1,23998.1,23998.1,23998.1,0,0
2026-04-10T11:51:00+05:30,24016.15,24016.15,24016.15,24016.15,0,0
2026-04-10T11:52:00+05:30,24012.95,24012.95,24012.95,24012.95,0,0
2026-04-10T11:53:00+05:30,24013.55,24013.55,24013.55,24013.55,0,0
2026-04-10T11:54:00+05:30,24008.0,24008.0,24008.0,24008.0,0,0
2026-04-10T11:55:00+05:30,24015.4,24015.4,24015.4,24015.4,0,0
2026-04-10T11:56:00+05:30,24011.85,24011.85,24011.85,24011.85,0,0
2026-04-10T11:57:00+05:30,24015.25,24015.25,24015.25,24015.25,0,0
2026-04-10T11:58:00+05:30,24014.8,24014.8,24014.8,24014.8,0,0
2026-04-10T11:59:00+05:30,24016.85,24016.85,24016.85,24016.85,0,0
2026-04-10T12:00:00+05:30,24016.25,24016.25,24016.25,24016.25,0,0
2026-04-10T12:01:00+05:30,24017.35,24017.35,24017.35,24017.35,0,0
2026-04-10T12:02:00+05:30,24021.1,24021.1,24021.1,24021.1,0,0
2026-04-10T12:03:00+05:30,24029.5,24029.5,24029.5,24029.5,0,0
2026-04-10T12:04:00+05:30,24032.35,24032.35,24032.35,24032.35,0,0
2026-04-10T12:05:00+05:30,24037.45,24037.45,24037.45,24037.45,0,0
2026-04-10T12:06:00+05:30,24034.6,24034.6,24034.6,24034.6,0,0
2026-04-10T12:07:00+05:30,24036.0,24036.0,24036.0,24036.0,0,0
2026-04-10T12:08:00+05:30,24038.9,24038.9,24038.9,24038.9,0,0
2026-04-10T12:09:00+05:30,24037.3,24037.3,24037.3,24037.3,0,0
2026-04-10T12:10:00+05:30,24042.95,24042.95,24042.95,24042.95,0,0
2026-04-10T12:11:00+05:30,24039.35,24039.35,24039.35,24039.35,0,0
2026-04-10T12:12:00+05:30,24036.95,24036.95,24036.95,24036.95,0,0
2026-04-10T12:13:00+05:30,24040.2,24040.2,24040.2,24040.2,0,0
2026-04-10T12:14:00+05:30,24043.15,24043.15,24043.15,24043.15,0,0
2026-04-10T12:15:00+05:30,24038.65,24038.65,24038.65,24038.65,0,0
2026-04-10T12:16:00+05:30,24031.9,24031.9,24031.9,24031.9,0,0
2026-04-10T12:17:00+05:30,24037.15,24037.15,24037.15,24037.15,0,0
2026-04-10T12:18:00+05:30,24031.05,24031.05,24031.05,24031.05,0,0
2026-04-10T12:19:00+05:30,24027.75,24027.75,24027.75,24027.75,0,0
2026-04-10T12:20:00+05:30,24032.85,24032.85,24032.85,24032.85,0,0
2026-04-10T12:21:00+05:30,24029.55,24029.55,24029.55,24029.55,0,0
2026-04-10T12:22:00+05:30,24029.35,24029.35,24029.35,24029.35,0,0
2026-04-10T12:23:00+05:30,24031.7,24031.7,24031.7,24031.7,0,0
2026-04-10T12:24:00+05:30,24041.05,24041.05,24041.05,24041.05,0,0
2026-04-10T12:25:00+05:30,24049.65,24049.65,24049.65,24049.65,0,0
2026-04-10T12:26:00+05:30,24048.5,24048.5,24048.5,24048.5,0,0
2026-04-10T12:27:00+05:30,24044.8,24044.8,24044.8,24044.8,0,0
2026-04-10T12:28:00+05:30,24036.8,24036.8,24036.8,24036.8,0,0
2026-04-10T12:29:00+05:30,24034.85,24034.85,24034.85,24034.85,0,0
2026-04-10T12:30:00+05:30,24040.8,24040.8,24040.8,24040.8,0,0
2026-04-10T12:31:00+05:30,24044.45,24044.45,24044.45,24044.45,0,0
2026-04-10T12:32:00+05:30,24040.65,24040.65,24040.65,24040.65,0,0
2026-04-10T12:33:00+05:30,24041.0,24041.0,24041.0,24041.0,0,0
2026-04-10T12:34:00+05:30,24039.4,24039.4,24039.4,24039.4,0,0
2026-04-10T12:35:00+05:30,24037.6,24037.6,24037.6,24037.6,0,0
2026-04-10T12:36:00+05:30,24040.65,24040.65,24040.65,24040.65,0,0
2026-04-10T12:37:00+05:30,24043.9,24043.9,24043.9,24043.9,0,0
2026-04-10T12:38:00+05:30,24041.2,24041.2,24041.2,24041.2,0,0
2026-04-10T12:39:00+05:30,24037.0,24037.0,24037.0,24037.0,0,0
2026-04-10T12:40:00+05:30,24041.5,24041.5,24041.5,24041.5,0,0
2026-04-10T12:41:00+05:30,24047.35,24047.35,24047.35,24047.35,0,0
2026-04-10T12:42:00+05:30,24046.15,24046.15,24046.15,24046.15,0,0
2026-04-10T12:43:00+05:30,24044.35,24044.35,24044.35,24044.35,0,0
2026-04-10T12:44:00+05:30,24035.95,24035.95,24035.95,24035.95,0,0
2026-04-10T12:45:00+05:30,24033.35,24033.35,24033.35,24033.35,0,0
2026-04-10T12:46:00+05:30,24033.8,24033.8,24033.8,24033.8,0,0
2026-04-10T12:47:00+05:30,24031.7,24031.7,24031.7,24031.7,0,0
2026-04-10T12:48:00+05:30,24040.3,24040.3,24040.3,24040.3,0,0
2026-04-10T12:49:00+05:30,24041.45,24041.45,24041.45,24041.45,0,0
2026-04-10T12:50:00+05:30,24039.75,24039.75,24039.75,24039.75,0,0
2026-04-10T12:51:00+05:30,24033.35,24033.35,24033.35,24033.35,0,0
2026-04-10T12:52:00+05:30,24033.05,24033.05,24033.05,24033.05,0,0
2026-04-10T12:53:00+05:30,24037.0,24037.0,24037.0,24037.0,0,0
2026-04-10T12:54:00+05:30,24024.9,24024.9,24024.9,24024.9,0,0
2026-04-10T12:55:00+05:30,24030.85,24030.85,24030.85,24030.85,0,0
2026-04-10T12:56:00+05:30,24032.55,24032.55,24032.55,24032.55,0,0
2026-04-10T12:57:00+05:30,24028.05,24028.05,24028.05,24028.05,0,0
2026-04-10T12:58:00+05:30,24032.75,24032.75,24032.75,24032.75,0,0
2026-04-10T12:59:00+05:30,24034.55,24034.55,24034.55,24034.55,0,0
2026-04-10T13:00:00+05:30,24033.65,24033.65,24033.65,24033.65,0,0
2026-04-10T13:01:00+05:30,24036.05,24036.05,24036.05,24036.05,0,0
2026-04-10T13:02:00+05:30,24037.1,24037.1,24037.1,24037.1,0,0
2026-04-10T13:03:00+05:30,24041.25,24041.25,24041.25,24041.25,0,0
2026-04-10T13:04:00+05:30,24041.65,24041.65,24041.65,24041.65,0,0
2026-04-10T13:05:00+05:30,24043.1,24043.1,24043.1,24043.1,0,0
2026-04-10T13:06:00+05:30,24042.4,24042.4,24042.4,24042.4,0,0
2026-04-10T13:07:00+05:30,24042.25,24042.25,24042.25,24042.25,0,0
2026-04-10T13:08:00+05:30,24043.85,24043.85,24043.85,24043.85,0,0
2026-04-10T13:09:00+05:30,24043.9,24043.9,24043.9,24043.9,0,0
2026-04-10T13:10:00+05:30,24044.2,24044.2,24044.2,24044.2,0,0
2026-04-10T13:11:00+05:30,24042.0,24042.0,24042.0,24042.0,0,0
2026-04-10T13:12:00+05:30,24037.75,24037.75,24037.75,24037.75,0,0
2026-04-10T13:13:00+05:30,24033.65,24033.65,24033.65,24033.65,0,0
2026-04-10T13:14:00+05:30,24025.65,24025.65,24025.65,24025.65,0,0
2026-04-10T13:15:00+05:30,24029.95,24029.95,24029.95,24029.95,0,0
2026-04-10T13:16:00+05:30,24031.6,24031.6,24031.6,24031.6,0,0
2026-04-10T13:17:00+05:30,24030.95,24030.95,24030.95,24030.95,0,0
2026-04-10T13:18:00+05:30,24036.3,24036.3,24036.3,24036.3,0,0
2026-04-10T13:19:00+05:30,24027.85,24027.85,24027.85,24027.85,0,0
2026-04-10T13:20:00+05:30,24028.55,24028.55,24028.55,24028.55,0,0
2026-04-10T13:21:00+05:30,24028.9,24028.9,24028.9,24028.9,0,0
2026-04-10T13:22:00+05:30,24028.0,24028.0,24028.0,24028.0,0,0
2026-04-10T13:23:00+05:30,24029.6,24029.6,24029.6,24029.6,0,0
2026-04-10T13:24:00+05:30,24028.25,24028.25,24028.25,24028.25,0,0
2026-04-10T13:25:00+05:30,24025.25,24025.25,24025.25,24025.25,0,0
2026-04-10T13:26:00+05:30,24031.7,24031.7,24031.7,24031.7,0,0
2026-04-10T13:27:00+05:30,24035.6,24035.6,24035.6,24035.6,0,0
2026-04-10T13:28:00+05:30,24029.15,24029.15,24029.15,24029.15,0,0
2026-04-10T13:29:00+05:30,24034.05,24034.05,24034.05,24034.05,0,0
2026-04-10T13:30:00+05:30,24033.8,24033.8,24033.8,24033.8,0,0
2026-04-10T13:31:00+05:30,24036.0,24036.0,24036.0,24036.0,0,0
2026-04-10T13:32:00+05:30,24036.8,24036.8,24036.8,24036.8,0,0
2026-04-10T13:33:00+05:30,24041.25,24041.25,24041.25,24041.25,0,0
2026-04-10T13:34:00+05:30,24030.8,24030.8,24030.8,24030.8,0,0
2026-04-10T13:35:00+05:30,24033.5,24033.5,24033.5,24033.5,0,0
2026-04-10T13:36:00+05:30,24032.8,24032.8,24032.8,24032.8,0,0
2026-04-10T13:37:00+05:30,24032.15,24032.15,24032.15,24032.15,0,0
2026-04-10T13:38:00+05:30,24032.15,24032.15,24032.15,24032.15,0,0
2026-04-10T13:39:00+05:30,24034.05,24034.05,24034.05,24034.05,0,0
2026-04-10T13:40:00+05:30,24042.25,24042.25,24042.25,24042.25,0,0
2026-04-10T13:41:00+05:30,24041.8,24041.8,24041.8,24041.8,0,0
2026-04-10T13:42:00+05:30,24050.25,24050.25,24050.25,24050.25,0,0
2026-04-10T13:43:00+05:30,24048.2,24048.2,24048.2,24048.2,0,0
2026-04-10T13:44:00+05:30,24047.3,24047.3,24047.3,24047.3,0,0
2026-04-10T13:45:00+05:30,24049.0,24049.0,24049.0,24049.0,0,0
2026-04-10T13:46:00+05:30,24050.7,24050.7,24050.7,24050.7,0,0
2026-04-10T13:47:00+05:30,24054.05,24054.05,24054.05,24054.05,0,0
2026-04-10T13:48:00+05:30,24042.9,24042.9,24042.9,24042.9,0,0
2026-04-10T13:49:00+05:30,24039.15,24039.15,24039.15,24039.15,0,0
2026-04-10T13:50:00+05:30,24037.05,24037.05,24037.05,24037.05,0,0
2026-04-10T13:51:00+05:30,24040.8,24040.8,24040.8,24040.8,0,0
2026-04-10T13:52:00+05:30,24048.25,24048.25,24048.25,24048.25,0,0
2026-04-10T13:53:00+05:30,24043.95,24043.95,24043.95,24043.95,0,0
2026-04-10T13:54:00+05:30,24045.25,24045.25,24045.25,24045.25,0,0
2026-04-10T13:55:00+05:30,24046.35,24046.35,24046.35,24046.35,0,0
2026-04-10T13:56:00+05:30,24048.65,24048.65,24048.65,24048.65,0,0
2026-04-10T13:57:00+05:30,24050.75,24050.75,24050.75,24050.75,0,0
2026-04-10T13:58:00+05:30,24056.6,24056.6,24056.6,24056.6,0,0
2026-04-10T13:59:00+05:30,24064.1,24064.1,24064.1,24064.1,0,0
2026-04-10T14:00:00+05:30,24076.75,24076.75,24076.75,24076.75,0,0
2026-04-10T14:01:00+05:30,24072.7,24072.7,24072.7,24072.7,0,0
2026-04-10T14:02:00+05:30,24070.45,24070.45,24070.45,24070.45,0,0
2026-04-10T14:03:00+05:30,24068.85,24068.85,24068.85,24068.85,0,0
2026-04-10T14:04:00+05:30,24065.95,24065.95,24065.95,24065.95,0,0
2026-04-10T14:05:00+05:30,24069.0,24069.0,24069.0,24069.0,0,0
2026-04-10T14:06:00+05:30,24068.8,24068.8,24068.8,24068.8,0,0
2026-04-10T14:07:00+05:30,24063.2,24063.2,24063.2,24063.2,0,0
2026-04-10T14:08:00+05:30,24063.5,24063.5,24063.5,24063.5,0,0
2026-04-10T14:09:00+05:30,24063.95,24063.95,24063.95,24063.95,0,0
2026-04-10T14:10:00+05:30,24067.0,24067.0,24067.0,24067.0,0,0
2026-04-10T14:11:00+05:30,24063.65,24063.65,24063.65,24063.65,0,0
2026-04-10T14:12:00+05:30,24065.7,24065.7,24065.7,24065.7,0,0
2026-04-10T14:13:00+05:30,24074.1,24074.1,24074.1,24074.1,0,0
2026-04-10T14:14:00+05:30,24068.55,24068.55,24068.55,24068.55,0,0
2026-04-10T14:15:00+05:30,24035.9,24035.9,24035.9,24035.9,0,0
2026-04-10T14:16:00+05:30,24011.95,24011.95,24011.95,24011.95,0,0
2026-04-10T14:17:00+05:30,23999.2,23999.2,23999.2,23999.2,0,0
2026-04-10T14:18:00+05:30,24013.4,24013.4,24013.4,24013.4,0,0
2026-04-10T14:19:00+05:30,24011.25,24011.25,24011.25,24011.25,0,0
2026-04-10T14:20:00+05:30,24017.0,24017.0,24017.0,24017.0,0,0
2026-04-10T14:21:00+05:30,24023.3,24023.3,24023.3,24023.3,0,0
2026-04-10T14:22:00+05:30,24016.3,24016.3,24016.3,24016.3,0,0
2026-04-10T14:23:00+05:30,24000.1,24000.1,24000.1,24000.1,0,0
2026-04-10T14:24:00+05:30,23982.05,23982.05,23982.05,23982.05,0,0
2026-04-10T14:25:00+05:30,23979.4,23979.4,23979.4,23979.4,0,0
2026-04-10T14:26:00+05:30,23976.8,23976.8,23976.8,23976.8,0,0
2026-04-10T14:27:00+05:30,23975.05,23975.05,23975.05,23975.05,0,0
2026-04-10T14:28:00+05:30,23980.35,23980.35,23980.35,23980.35,0,0
2026-04-10T14:29:00+05:30,23978.4,23978.4,23978.4,23978.4,0,0
2026-04-10T14:30:00+05:30,23977.8,23977.8,23977.8,23977.8,0,0
2026-04-10T14:31:00+05:30,23984.5,23984.5,23984.5,23984.5,0,0
2026-04-10T14:32:00+05:30,23982.75,23982.75,23982.75,23982.75,0,0
2026-04-10T14:33:00+05:30,23995.05,23995.05,23995.05,23995.05,0,0
2026-04-10T14:34:00+05:30,23994.0,23994.0,23994.0,23994.0,0,0
2026-04-10T14:35:00+05:30,23988.55,23988.55,23988.55,23988.55,0,0
2026-04-10T14:36:00+05:30,23969.5,23969.5,23969.5,23969.5,0,0
2026-04-10T14:37:00+05:30,23974.3,23974.3,23974.3,23974.3,0,0
2026-04-10T14:38:00+05:30,23980.45,23980.45,23980.45,23980.45,0,0
2026-04-10T14:39:00+05:30,23988.75,23988.75,23988.75,23988.75,0,0
2026-04-10T14:40:00+05:30,23988.4,23988.4,23988.4,23988.4,0,0
2026-04-10T14:41:00+05:30,23989.15,23989.15,23989.15,23989.15,0,0
2026-04-10T14:42:00+05:30,23992.2,23992.2,23992.2,23992.2,0,0
2026-04-10T14:43:00+05:30,23993.0,23993.0,23993.0,23993.0,0,0
2026-04-10T14:44:00+05:30,23991.45,23991.45,23991.45,23991.45,0,0
2026-04-10T14:45:00+05:30,23988.35,23988.35,23988.35,23988.35,0,0
2026-04-10T14:46:00+05:30,23991.95,23991.95,23991.95,23991.95,0,0
2026-04-10T14:47:00+05:30,23981.35,23981.35,23981.35,23981.35,0,0
2026-04-10T14:48:00+05:30,23985.45,23985.45,23985.45,23985.45,0,0
2026-04-10T14:49:00+05:30,24034.4,24034.4,24034.4,24034.4,0,0
2026-04-10T14:50:00+05:30,24028.5,24028.5,24028.5,24028.5,0,0
2026-04-10T14:51:00+05:30,24019.7,24019.7,24019.7,24019.7,0,0
2026-04-10T14:52:00+05:30,24024.5,24024.5,24024.5,24024.5,0,0
2026-04-10T14:53:00+05:30,24023.0,24023.0,24023.0,24023.0,0,0
2026-04-10T14:54:00+05:30,24022.2,24022.2,24022.2,24022.2,0,0
2026-04-10T14:55:00+05:30,24022.55,24022.55,24022.55,24022.55,0,0
2026-04-10T14:56:00+05:30,24021.0,24021.0,24021.0,24021.0,0,0
2026-04-10T14:57:00+05:30,24021.4,24021.4,24021.4,24021.4,0,0
2026-04-10T14:58:00+05:30,24025.3,24025.3,24025.3,24025.3,0,0
2026-04-10T14:59:00+05:30,24023.7,24023.7,24023.7,24023.7,0,0
2026-04-10T15:00:00+05:30,24026.25,24026.25,24026.25,24026.25,0,0
2026-04-10T15:01:00+05:30,24026.3,24026.3,24026.3,24026.3,0,0
2026-04-10T15:02:00+05:30,24033.85,24033.85,24033.85,24033.85,0,0
2026-04-10T15:03:00+05:30,24046.65,24046.65,24046.65,24046.65,0,0
2026-04-10T15:04:00+05:30,24052.05,24052.05,24052.05,24052.05,0,0
2026-04-10T15:05:00+05:30,24061.9,24061.9,24061.9,24061.9,0,0
2026-04-10T15:06:00+05:30,24074.9,24074.9,24074.9,24074.9,0,0
2026-04-10T15:07:00+05:30,24076.65,24076.65,24076.65,24076.65,0,0
2026-04-10T15:08:00+05:30,24085.3,24085.3,24085.3,24085.3,0,0
2026-04-10T15:09:00+05:30,24083.0,24083.0,24083.0,24083.0,0,0
2026-04-10T15:10:00+05:30,24087.65,24087.65,24087.65,24087.65,0,0
2026-04-10T15:11:00+05:30,24094.95,24094.95,24094.95,24094.95,0,0
2026-04-10T15:12:00+05:30,24093.8,24093.8,24093.8,24093.8,0,0
2026-04-10T15:13:00+05:30,24094.45,24094.45,24094.45,24094.45,0,0
2026-04-10T15:14:00+05:30,24085.6,24085.6,24085.6,24085.6,0,0
2026-04-10T15:15:00+05:30,24086.6,24086.6,24086.6,24086.6,0,0
2026-04-10T15:16:00+05:30,24084.2,24084.2,24084.2,24084.2,0,0
2026-04-10T15:17:00+05:30,24088.15,24088.15,24088.15,24088.15,0,0
2026-04-10T15:18:00+05:30,24081.9,24081.9,24081.9,24081.9,0,0
2026-04-10T15:19:00+05:30,24083.35,24083.35,24083.35,24083.35,0,0
2026-04-10T15:20:00+05:30,24075.15,24075.15,24075.15,24075.15,0,0
2026-04-10T15:21:00+05:30,24084.3,24084.3,24084.3,24084.3,0,0
2026-04-10T15:22:00+05:30,24082.65,24082.65,24082.65,24082.65,0,0
2026-04-10T15:23:00+05:30,24083.55,24083.55,24083.55,24083.55,0,0
2026-04-10T15:24:00+05:30,24084.85,24084.85,24084.85,24084.85,0,0
2026-04-10T15:25:00+05:30,24084.55,24084.55,24084.55,24084.55,0,0
2026-04-10T15:26:00+05:30,24084.05,24084.05,24084.05,24084.05,0,0
2026-04-10T15:27:00+05:30,24087.15,24087.15,24087.15,24087.15,0,0
2026-04-10T15:28:00+05:30,24089.05,24089.05,24089.05,24089.05,0,0
2026-04-10T15:29:00+05:30,24084.8,24084.8,24084.8,24084.8,0,0
2026-04-10T15:30:00+05:30,24082.55,24082.55,24082.55,24082.55,0,0
2026-04-13T09:15:00+05:30,23688.55,23688.55,23688.55,23688.55,0,0
2026-04-13T09:16:00+05:30,23626.1,23626.1,23626.1,23626.1,0,0
2026-04-13T09:17:00+05:30,23632.8,23632.8,23632.8,23632.8,0,0
2026-04-13T09:18:00+05:30,23609.45,23609.45,23609.45,23609.45,0,0
2026-04-13T09:19:00+05:30,23623.35,23623.35,23623.35,23623.35,0,0
2026-04-13T09:20:00+05:30,23621.1,23621.1,23621.1,23621.1,0,0
2026-04-13T09:21:00+05:30,23625.75,23625.75,23625.75,23625.75,0,0
2026-04-13T09:22:00+05:30,23618.85,23618.85,23618.85,23618.85,0,0
2026-04-13T09:23:00+05:30,23621.95,23621.95,23621.95,23621.95,0,0
2026-04-13T09:24:00+05:30,23628.15,23628.15,23628.15,23628.15,0,0
2026-04-13T09:25:00+05:30,23637.15,23637.15,23637.15,23637.15,0,0
2026-04-13T09:26:00+05:30,23627.5,23627.5,23627.5,23627.5,0,0
2026-04-13T09:27:00+05:30,23637.05,23637.05,23637.05,23637.05,0,0
2026-04-13T09:28:00+05:30,23623.65,23623.65,23623.65,23623.65,0,0
2026-04-13T09:29:00+05:30,23635.2,23635.2,23635.2,23635.2,0,0
2026-04-13T09:30:00+05:30,23619.45,23619.45,23619.45,23619.45,0,0
2026-04-13T09:31:00+05:30,23622.15,23622.15,23622.15,23622.15,0,0
2026-04-13T09:32:00+05:30,23638.0,23638.0,23638.0,23638.0,0,0
2026-04-13T09:33:00+05:30,23643.1,23643.1,23643.1,23643.1,0,0
2026-04-13T09:34:00+05:30,23640.65,23640.65,23640.65,23640.65,0,0
2026-04-13T09:35:00+05:30,23618.7,23618.7,23618.7,23618.7,0,0
2026-04-13T09:36:00+05:30,23610.15,23610.15,23610.15,23610.15,0,0
2026-04-13T09:37:00+05:30,23614.15,23614.15,23614.15,23614.15,0,0
2026-04-13T09:38:00+05:30,23613.65,23613.65,23613.65,23613.65,0,0
2026-04-13T09:39:00+05:30,23611.65,23611.65,23611.65,23611.65,0,0
2026-04-13T09:40:00+05:30,23614.2,23614.2,23614.2,23614.2,0,0
2026-04-13T09:41:00+05:30,23641.0,23641.0,23641.0,23641.0,0,0
2026-04-13T09:42:00+05:30,23652.6,23652.6,23652.6,23652.6,0,0
2026-04-13T09:43:00+05:30,23654.3,23654.3,23654.3,23654.3,0,0
2026-04-13T09:44:00+05:30,23653.35,23653.35,23653.35,23653.35,0,0
2026-04-13T09:45:00+05:30,23639.25,23639.25,23639.25,23639.25,0,0
2026-04-13T09:46:00+05:30,23647.05,23647.05,23647.05,23647.05,0,0
2026-04-13T09:47:00+05:30,23641.3,23641.3,23641.3,23641.3,0,0
2026-04-13T09:48:00+05:30,23638.45,23638.45,23638.45,23638.45,0,0
2026-04-13T09:49:00+05:30,23645.95,23645.95,23645.95,23645.95,0,0
2026-04-13T09:50:00+05:30,23648.65,23648.65,23648.65,23648.65,0,0
2026-04-13T09:51:00+05:30,23653.55,23653.55,23653.55,23653.55,0,0
2026-04-13T09:52:00+05:30,23652.8,23652.8,23652.8,23652.8,0,0
2026-04-13T09:53:00+05:30,23658.5,23658.5,23658.5,23658.5,0,0
2026-04-13T09:54:00+05:30,23655.15,23655.15,23655.15,23655.15,0,0
2026-04-13T09:55:00+05:30,23678.9,23678.9,23678.9,23678.9,0,0
2026-04-13T09:56:00+05:30,23676.2,23676.2,23676.2,23676.2,0,0
2026-04-13T09:57:00+05:30,23672.45,23672.45,23672.45,23672.45,0,0
2026-04-13T09:58:00+05:30,23683.8,23683.8,23683.8,23683.8,0,0
2026-04-13T09:59:00+05:30,23680.35,23680.35,23680.35,23680.35,0,0
2026-04-13T10:00:00+05:30,23673.6,23673.6,23673.6,23673.6,0,0
2026-04-13T10:01:00+05:30,23684.7,23684.7,23684.7,23684.7,0,0
2026-04-13T10:02:00+05:30,23684.5,23684.5,23684.5,23684.5,0,0
2026-04-13T10:03:00+05:30,23680.15,23680.15,23680.15,23680.15,0,0
2026-04-13T10:04:00+05:30,23676.7,23676.7,23676.7,23676.7,0,0
2026-04-13T10:05:00+05:30,23684.85,23684.85,23684.85,23684.85,0,0
2026-04-13T10:06:00+05:30,23678.3,23678.3,23678.3,23678.3,0,0
2026-04-13T10:07:00+05:30,23686.7,23686.7,23686.7,23686.7,0,0
2026-04-13T10:08:00+05:30,23679.95,23679.95,23679.95,23679.95,0,0
2026-04-13T10:09:00+05:30,23687.5,23687.5,23687.5,23687.5,0,0
2026-04-13T10:10:00+05:30,23690.7,23690.7,23690.7,23690.7,0,0
2026-04-13T10:11:00+05:30,23686.55,23686.55,23686.55,23686.55,0,0
2026-04-13T10:12:00+05:30,23685.4,23685.4,23685.4,23685.4,0,0
2026-04-13T10:13:00+05:30,23680.4,23680.4,23680.4,23680.4,0,0
2026-04-13T10:14:00+05:30,23673.0,23673.0,23673.0,23673.0,0,0
2026-04-13T10:15:00+05:30,23656.1,23656.1,23656.1,23656.1,0,0
2026-04-13T10:16:00+05:30,23658.7,23658.7,23658.7,23658.7,0,0
2026-04-13T10:17:00+05:30,23658.95,23658.95,23658.95,23658.95,0,0
2026-04-13T10:18:00+05:30,23669.95,23669.95,23669.95,23669.95,0,0
2026-04-13T10:19:00+05:30,23681.15,23681.15,23681.15,23681.15,0,0
2026-04-13T10:20:00+05:30,23696.75,23696.75,23696.75,23696.75,0,0
2026-04-13T10:21:00+05:30,23720.4,23720.4,23720.4,23720.4,0,0
2026-04-13T10:22:00+05:30,23728.2,23728.2,23728.2,23728.2,0,0
2026-04-13T10:23:00+05:30,23723.45,23723.45,23723.45,23723.45,0,0
2026-04-13T10:24:00+05:30,23731.05,23731.05,23731.05,23731.05,0,0
2026-04-13T10:25:00+05:30,23723.1,23723.1,23723.1,23723.1,0,0
2026-04-13T10:26:00+05:30,23726.8,23726.8,23726.8,23726.8,0,0
2026-04-13T10:27:00+05:30,23737.15,23737.15,23737.15,23737.15,0,0
2026-04-13T10:28:00+05:30,23739.85,23739.85,23739.85,23739.85,0,0
2026-04-13T10:29:00+05:30,23736.05,23736.05,23736.05,23736.05,0,0
2026-04-13T10:30:00+05:30,23738.9,23738.9,23738.9,23738.9,0,0
2026-04-13T10:31:00+05:30,23736.5,23736.5,23736.5,23736.5,0,0
2026-04-13T10:32:00+05:30,23738.95,23738.95,23738.95,23738.95,0,0
2026-04-13T10:33:00+05:30,23727.55,23727.55,23727.55,23727.55,0,0
2026-04-13T10:34:00+05:30,23734.9,23734.9,23734.9,23734.9,0,0
2026-04-13T10:35:00+05:30,23732.35,23732.35,23732.35,23732.35,0,0
2026-04-13T10:36:00+05:30,23726.35,23726.35,23726.35,23726.35,0,0
2026-04-13T10:37:00+05:30,23727.15,23727.15,23727.15,23727.15,0,0
2026-04-13T10:38:00+05:30,23730.15,23730.15,23730.15,23730.15,0,0
2026-04-13T10:39:00+05:30,23744.1,23744.1,23744.1,23744.1,0,0
2026-04-13T10:40:00+05:30,23750.6,23750.6,23750.6,23750.6,0,0
2026-04-13T10:41:00+05:30,23725.6,23725.6,23725.6,23725.6,0,0
2026-04-13T10:42:00+05:30,23723.85,23723.85,23723.85,23723.85,0,0
2026-04-13T10:43:00+05:30,23733.1,23733.1,23733.1,23733.1,0,0
2026-04-13T10:44:00+05:30,23736.35,23736.35,23736.35,23736.35,0,0
2026-04-13T10:45:00+05:30,23742.4,23742.4,23742.4,23742.4,0,0
2026-04-13T10:46:00+05:30,23754.1,23754.1,23754.1,23754.1,0,0
2026-04-13T10:47:00+05:30,23743.6,23743.6,23743.6,23743.6,0,0
2026-04-13T10:48:00+05:30,23748.85,23748.85,23748.85,23748.85,0,0
2026-04-13T10:49:00+05:30,23742.0,23742.0,23742.0,23742.0,0,0
2026-04-13T10:50:00+05:30,23748.3,23748.3,23748.3,23748.3,0,0
2026-04-13T10:51:00+05:30,23742.2,23742.2,23742.2,23742.2,0,0
2026-04-13T10:52:00+05:30,23749.25,23749.25,23749.25,23749.25,0,0
2026-04-13T10:53:00+05:30,23754.8,23754.8,23754.8,23754.8,0,0
2026-04-13T10:54:00+05:30,23751.4,23751.4,23751.4,23751.4,0,0
2026-04-13T10:55:00+05:30,23752.4,23752.4,23752.4,23752.4,0,0
2026-04-13T10:56:00+05:30,23760.6,23760.6,23760.6,23760.6,0,0
2026-04-13T10:57:00+05:30,23766.0,23766.0,23766.0,23766.0,0,0
2026-04-13T10:58:00+05:30,23753.85,23753.85,23753.85,23753.85,0,0
2026-04-13T10:59:00+05:30,23748.5,23748.5,23748.5,23748.5,0,0
2026-04-13T11:00:00+05:30,23748.05,23748.05,23748.05,23748.05,0,0
2026-04-13T11:01:00+05:30,23747.1,23747.1,23747.1,23747.1,0,0
2026-04-13T11:02:00+05:30,23747.5,23747.5,23747.5,23747.5,0,0
2026-04-13T11:03:00+05:30,23744.3,23744.3,23744.3,23744.3,0,0
2026-04-13T11:04:00+05:30,23745.9,23745.9,23745.9,23745.9,0,0
2026-04-13T11:05:00+05:30,23760.7,23760.7,23760.7,23760.7,0,0
2026-04-13T11:06:00+05:30,23752.55,23752.55,23752.55,23752.55,0,0
2026-04-13T11:07:00+05:30,23753.9,23753.9,23753.9,23753.9,0,0
2026-04-13T11:08:00+05:30,23759.45,23759.45,23759.45,23759.45,0,0
2026-04-13T11:09:00+05:30,23762.9,23762.9,23762.9,23762.9,0,0
2026-04-13T11:10:00+05:30,23751.25,23751.25,23751.25,23751.25,0,0
2026-04-13T11:11:00+05:30,23748.7,23748.7,23748.7,23748.7,0,0
2026-04-13T11:12:00+05:30,23756.45,23756.45,23756.45,23756.45,0,0
2026-04-13T11:13:00+05:30,23755.5,23755.5,23755.5,23755.5,0,0
2026-04-13T11:14:00+05:30,23751.95,23751.95,23751.95,23751.95,0,0
2026-04-13T11:15:00+05:30,23755.35,23755.35,23755.35,23755.35,0,0
2026-04-13T11:16:00+05:30,23757.15,23757.15,23757.15,23757.15,0,0
2026-04-13T11:17:00+05:30,23758.75,23758.75,23758.75,23758.75,0,0
2026-04-13T11:18:00+05:30,23759.65,23759.65,23759.65,23759.65,0,0
2026-04-13T11:19:00+05:30,23760.35,23760.35,23760.35,23760.35,0,0
2026-04-13T11:20:00+05:30,23750.85,23750.85,23750.85,23750.85,0,0
2026-04-13T11:21:00+05:30,23751.95,23751.95,23751.95,23751.95,0,0
2026-04-13T11:22:00+05:30,23763.45,23763.45,23763.45,23763.45,0,0
2026-04-13T11:23:00+05:30,23761.0,23761.0,23761.0,23761.0,0,0
2026-04-13T11:24:00+05:30,23758.55,23758.55,23758.55,23758.55,0,0
2026-04-13T11:25:00+05:30,23767.0,23767.0,23767.0,23767.0,0,0
2026-04-13T11:26:00+05:30,23763.55,23763.55,23763.55,23763.55,0,0
2026-04-13T11:27:00+05:30,23755.5,23755.5,23755.5,23755.5,0,0
2026-04-13T11:28:00+05:30,23756.35,23756.35,23756.35,23756.35,0,0
2026-04-13T11:29:00+05:30,23750.2,23750.2,23750.2,23750.2,0,0
2026-04-13T11:30:00+05:30,23756.15,23756.15,23756.15,23756.15,0,0
2026-04-13T11:31:00+05:30,23755.95,23755.95,23755.95,23755.95,0,0
2026-04-13T11:32:00+05:30,23748.65,23748.65,23748.65,23748.65,0,0
2026-04-13T11:33:00+05:30,23746.2,23746.2,23746.2,23746.2,0,0
2026-04-13T11:34:00+05:30,23749.2,23749.2,23749.2,23749.2,0,0
2026-04-13T11:35:00+05:30,23756.95,23756.95,23756.95,23756.95,0,0
2026-04-13T11:36:00+05:30,23758.95,23758.95,23758.95,23758.95,0,0
2026-04-13T11:37:00+05:30,23768.65,23768.65,23768.65,23768.65,0,0
2026-04-13T11:38:00+05:30,23774.0,23774.0,23774.0,23774.0,0,0
2026-04-13T11:39:00+05:30,23773.45,23773.45,23773.45,23773.45,0,0
2026-04-13T11:40:00+05:30,23777.55,23777.55,23777.55,23777.55,0,0
2026-04-13T11:41:00+05:30,23770.35,23770.35,23770.35,23770.35,0,0
2026-04-13T11:42:00+05:30,23767.85,23767.85,23767.85,23767.85,0,0
2026-04-13T11:43:00+05:30,23765.95,23765.95,23765.95,23765.95,0,0
2026-04-13T11:44:00+05:30,23770.35,23770.35,23770.35,23770.35,0,0
2026-04-13T11:45:00+05:30,23773.2,23773.2,23773.2,23773.2,0,0
2026-04-13T11:46:00+05:30,23777.25,23777.25,23777.25,23777.25,0,0
2026-04-13T11:47:00+05:30,23778.65,23778.65,23778.65,23778.65,0,0
2026-04-13T11:48:00+05:30,23782.7,23782.7,23782.7,23782.7,0,0
2026-04-13T11:49:00+05:30,23784.65,23784.65,23784.65,23784.65,0,0
2026-04-13T11:50:00+05:30,23807.2,23807.2,23807.2,23807.2,0,0
2026-04-13T11:51:00+05:30,23806.85,23806.85,23806.85,23806.85,0,0
2026-04-13T11:52:00+05:30,23802.3,23802.3,23802.3,23802.3,0,0
2026-04-13T11:53:00+05:30,23800.85,23800.85,23800.85,23800.85,0,0
2026-04-13T11:54:00+05:30,23812.0,23812.0,23812.0,23812.0,0,0
2026-04-13T11:55:00+05:30,23820.9,23820.9,23820.9,23820.9,0,0
2026-04-13T11:56:00+05:30,23814.75,23814.75,23814.75,23814.75,0,0
2026-04-13T11:57:00+05:30,23810.65,23810.65,23810.65,23810.65,0,0
2026-04-13T11:58:00+05:30,23809.25,23809.25,23809.25,23809.25,0,0
2026-04-13T11:59:00+05:30,23803.7,23803.7,23803.7,23803.7,0,0
2026-04-13T12:00:00+05:30,23806.0,23806.0,23806.0,23806.0,0,0
2026-04-13T12:01:00+05:30,23801.6,23801.6,23801.6,23801.6,0,0
2026-04-13T12:02:00+05:30,23802.8,23802.8,23802.8,23802.8,0,0
2026-04-13T12:03:00+05:30,23802.25,23802.25,23802.25,23802.25,0,0
2026-04-13T12:04:00+05:30,23806.4,23806.4,23806.4,23806.4,0,0
2026-04-13T12:05:00+05:30,23810.55,23810.55,23810.55,23810.55,0,0
2026-04-13T12:06:00+05:30,23819.15,23819.15,23819.15,23819.15,0,0
2026-04-13T12:07:00+05:30,23815.55,23815.55,23815.55,23815.55,0,0
2026-04-13T12:08:00+05:30,23811.9,23811.9,23811.9,23811.9,0,0
2026-04-13T12:09:00+05:30,23818.35,23818.35,23818.35,23818.35,0,0
2026-04-13T12:10:00+05:30,23825.15,23825.15,23825.15,23825.15,0,0
2026-04-13T12:11:00+05:30,23815.3,23815.3,23815.3,23815.3,0,0
2026-04-13T12:12:00+05:30,23816.45,23816.45,23816.45,23816.45,0,0
2026-04-13T12:13:00+05:30,23821.2,23821.2,23821.2,23821.2,0,0
2026-04-13T12:14:00+05:30,23832.65,23832.65,23832.65,23832.65,0,0
2026-04-13T12:15:00+05:30,23824.3,23824.3,23824.3,23824.3,0,0
2026-04-13T12:16:00+05:30,23829.45,23829.45,23829.45,23829.45,0,0
2026-04-13T12:17:00+05:30,23829.25,23829.25,23829.25,23829.25,0,0
2026-04-13T12:18:00+05:30,23824.95,23824.95,23824.95,23824.95,0,0
2026-04-13T12:19:00+05:30,23831.6,23831.6,23831.6,23831.6,0,0
2026-04-13T12:20:00+05:30,23833.2,23833.2,23833.2,23833.2,0,0
2026-04-13T12:21:00+05:30,23829.0,23829.0,23829.0,23829.0,0,0
2026-04-13T12:22:00+05:30,23819.15,23819.15,23819.15,23819.15,0,0
2026-04-13T12:23:00+05:30,23818.8,23818.8,23818.8,23818.8,0,0
2026-04-13T12:24:00+05:30,23823.2,23823.2,23823.2,23823.2,0,0
2026-04-13T12:25:00+05:30,23828.4,23828.4,23828.4,23828.4,0,0
2026-04-13T12:26:00+05:30,23832.7,23832.7,23832.7,23832.7,0,0
2026-04-13T12:27:00+05:30,23842.85,23842.85,23842.85,23842.85,0,0
2026-04-13T12:28:00+05:30,23849.15,23849.15,23849.15,23849.15,0,0
2026-04-13T12:29:00+05:30,23852.05,23852.05,23852.05,23852.05,0,0
2026-04-13T12:30:00+05:30,23854.55,23854.55,23854.55,23854.55,0,0
2026-04-13T12:31:00+05:30,23855.95,23855.95,23855.95,23855.95,0,0
2026-04-13T12:32:00+05:30,23851.0,23851.0,23851.0,23851.0,0,0
2026-04-13T12:33:00+05:30,23843.25,23843.25,23843.25,23843.25,0,0
2026-04-13T12:34:00+05:30,23845.1,23845.1,23845.1,23845.1,0,0
2026-04-13T12:35:00+05:30,23845.15,23845.15,23845.15,23845.15,0,0
2026-04-13T12:36:00+05:30,23842.6,23842.6,23842.6,23842.6,0,0
2026-04-13T12:37:00+05:30,23850.35,23850.35,23850.35,23850.35,0,0
2026-04-13T12:38:00+05:30,23853.8,23853.8,23853.8,23853.8,0,0
2026-04-13T12:39:00+05:30,23847.1,23847.1,23847.1,23847.1,0,0
2026-04-13T12:40:00+05:30,23840.1,23840.1,23840.1,23840.1,0,0
2026-04-13T12:41:00+05:30,23847.55,23847.55,23847.55,23847.55,0,0
2026-04-13T12:42:00+05:30,23854.95,23854.95,23854.95,23854.95,0,0
2026-04-13T12:43:00+05:30,23852.6,23852.6,23852.6,23852.6,0,0
2026-04-13T12:44:00+05:30,23854.75,23854.75,23854.75,23854.75,0,0
2026-04-13T12:45:00+05:30,23849.5,23849.5,23849.5,23849.5,0,0
2026-04-13T12:46:00+05:30,23846.6,23846.6,23846.6,23846.6,0,0
2026-04-13T12:47:00+05:30,23848.55,23848.55,23848.55,23848.55,0,0
2026-04-13T12:48:00+05:30,23847.65,23847.65,23847.65,23847.65,0,0
2026-04-13T12:49:00+05:30,23852.1,23852.1,23852.1,23852.1,0,0
2026-04-13T12:50:00+05:30,23849.7,23849.7,23849.7,23849.7,0,0
2026-04-13T12:51:00+05:30,23845.15,23845.15,23845.15,23845.15,0,0
2026-04-13T12:52:00+05:30,23848.4,23848.4,23848.4,23848.4,0,0
2026-04-13T12:53:00+05:30,23848.65,23848.65,23848.65,23848.65,0,0
2026-04-13T12:54:00+05:30,23837.95,23837.95,23837.95,23837.95,0,0
2026-04-13T12:55:00+05:30,23829.6,23829.6,23829.6,23829.6,0,0
2026-04-13T12:56:00+05:30,23817.9,23817.9,23817.9,23817.9,0,0
2026-04-13T12:57:00+05:30,23809.75,23809.75,23809.75,23809.75,0,0
2026-04-13T12:58:00+05:30,23827.1,23827.1,23827.1,23827.1,0,0
2026-04-13T12:59:00+05:30,23825.0,23825.0,23825.0,23825.0,0,0
2026-04-13T13:00:00+05:30,23815.1,23815.1,23815.1,23815.1,0,0
2026-04-13T13:01:00+05:30,23823.75,23823.75,23823.75,23823.75,0,0
2026-04-13T13:02:00+05:30,23807.25,23807.25,23807.25,23807.25,0,0
2026-04-13T13:03:00+05:30,23789.65,23789.65,23789.65,23789.65,0,0
2026-04-13T13:04:00+05:30,23801.1,23801.1,23801.1,23801.1,0,0
2026-04-13T13:05:00+05:30,23807.6,23807.6,23807.6,23807.6,0,0
2026-04-13T13:06:00+05:30,23812.2,23812.2,23812.2,23812.2,0,0
2026-04-13T13:07:00+05:30,23819.0,23819.0,23819.0,23819.0,0,0
2026-04-13T13:08:00+05:30,23823.25,23823.25,23823.25,23823.25,0,0
2026-04-13T13:09:00+05:30,23823.3,23823.3,23823.3,23823.3,0,0
2026-04-13T13:10:00+05:30,23817.9,23817.9,23817.9,23817.9,0,0
2026-04-13T13:11:00+05:30,23826.8,23826.8,23826.8,23826.8,0,0
2026-04-13T13:12:00+05:30,23833.25,23833.25,23833.25,23833.25,0,0
2026-04-13T13:13:00+05:30,23828.25,23828.25,23828.25,23828.25,0,0
2026-04-13T13:14:00+05:30,23835.0,23835.0,23835.0,23835.0,0,0
2026-04-13T13:15:00+05:30,23837.6,23837.6,23837.6,23837.6,0,0
2026-04-13T13:16:00+05:30,23825.1,23825.1,23825.1,23825.1,0,0
2026-04-13T13:17:00+05:30,23823.7,23823.7,23823.7,23823.7,0,0
2026-04-13T13:18:00+05:30,23836.4,23836.4,23836.4,23836.4,0,0
2026-04-13T13:19:00+05:30,23845.1,23845.1,23845.1,23845.1,0,0
2026-04-13T13:20:00+05:30,23839.6,23839.6,23839.6,23839.6,0,0
2026-04-13T13:21:00+05:30,23845.35,23845.35,23845.35,23845.35,0,0
2026-04-13T13:22:00+05:30,23839.55,23839.55,23839.55,23839.55,0,0
2026-04-13T13:23:00+05:30,23838.15,23838.15,23838.15,23838.15,0,0
2026-04-13T13:24:00+05:30,23839.4,23839.4,23839.4,23839.4,0,0
2026-04-13T13:25:00+05:30,23837.85,23837.85,23837.85,23837.85,0,0
2026-04-13T13:26:00+05:30,23833.8,23833.8,23833.8,23833.8,0,0
2026-04-13T13:27:00+05:30,23836.8,23836.8,23836.8,23836.8,0,0
2026-04-13T13:28:00+05:30,23838.25,23838.25,23838.25,23838.25,0,0
2026-04-13T13:29:00+05:30,23838.05,23838.05,23838.05,23838.05,0,0
2026-04-13T13:30:00+05:30,23839.4,23839.4,23839.4,23839.4,0,0
2026-04-13T13:31:00+05:30,23840.9,23840.9,23840.9,23840.9,0,0
2026-04-13T13:32:00+05:30,23845.3,23845.3,23845.3,23845.3,0,0
2026-04-13T13:33:00+05:30,23855.35,23855.35,23855.35,23855.35,0,0
2026-04-13T13:34:00+05:30,23861.3,23861.3,23861.3,23861.3,0,0
2026-04-13T13:35:00+05:30,23862.55,23862.55,23862.55,23862.55,0,0
2026-04-13T13:36:00+05:30,23856.25,23856.25,23856.25,23856.25,0,0
2026-04-13T13:37:00+05:30,23860.15,23860.15,23860.15,23860.15,0,0
2026-04-13T13:38:00+05:30,23857.1,23857.1,23857.1,23857.1,0,0
2026-04-13T13:39:00+05:30,23849.0,23849.0,23849.0,23849.0,0,0
2026-04-13T13:40:00+05:30,23847.55,23847.55,23847.55,23847.55,0,0
2026-04-13T13:41:00+05:30,23841.35,23841.35,23841.35,23841.35,0,0
2026-04-13T13:42:00+05:30,23843.45,23843.45,23843.45,23843.45,0,0
2026-04-13T13:43:00+05:30,23849.6,23849.6,23849.6,23849.6,0,0
2026-04-13T13:44:00+05:30,23850.25,23850.25,23850.25,23850.25,0,0
2026-04-13T13:45:00+05:30,23841.55,23841.55,23841.55,23841.55,0,0
2026-04-13T13:46:00+05:30,23839.8,23839.8,23839.8,23839.8,0,0
2026-04-13T13:47:00+05:30,23841.15,23841.15,23841.15,23841.15,0,0
2026-04-13T13:48:00+05:30,23843.9,23843.9,23843.9,23843.9,0,0
2026-04-13T13:49:00+05:30,23850.5,23850.5,23850.5,23850.5,0,0
2026-04-13T13:50:00+05:30,23850.45,23850.45,23850.45,23850.45,0,0
2026-04-13T13:51:00+05:30,23850.25,23850.25,23850.25,23850.25,0,0
2026-04-13T13:52:00+05:30,23871.1,23871.1,23871.1,23871.1,0,0
2026-04-13T13:53:00+05:30,23875.15,23875.15,23875.15,23875.15,0,0
2026-04-13T13:54:00+05:30,23886.7,23886.7,23886.7,23886.7,0,0
2026-04-13T13:55:00+05:30,23899.55,23899.55,23899.55,23899.55,0,0
2026-04-13T13:56:00+05:30,23909.0,23909.0,23909.0,23909.0,0,0
2026-04-13T13:57:00+05:30,23914.4,23914.4,23914.4,23914.4,0,0
2026-04-13T13:58:00+05:30,23909.0,23909.0,23909.0,23909.0,0,0
2026-04-13T13:59:00+05:30,23903.95,23903.95,23903.95,23903.95,0,0
2026-04-13T14:00:00+05:30,23899.45,23899.45,23899.45,23899.45,0,0
2026-04-13T14:01:00+05:30,23901.45,23901.45,23901.45,23901.45,0,0
2026-04-13T14:02:00+05:30,23894.25,23894.25,23894.25,23894.25,0,0
2026-04-13T14:03:00+05:30,23892.25,23892.25,23892.25,23892.25,0,0
2026-04-13T14:04:00+05:30,23899.8,23899.8,23899.8,23899.8,0,0
2026-04-13T14:05:00+05:30,23888.45,23888.45,23888.45,23888.45,0,0
2026-04-13T14:06:00+05:30,23875.6,23875.6,23875.6,23875.6,0,0
2026-04-13T14:07:00+05:30,23878.55,23878.55,23878.55,23878.55,0,0
2026-04-13T14:08:00+05:30,23878.65,23878.65,23878.65,23878.65,0,0
2026-04-13T14:09:00+05:30,23866.8,23866.8,23866.8,23866.8,0,0
2026-04-13T14:10:00+05:30,23853.25,23853.25,23853.25,23853.25,0,0
2026-04-13T14:11:00+05:30,23838.75,23838.75,23838.75,23838.75,0,0
2026-04-13T14:12:00+05:30,23849.55,23849.55,23849.55,23849.55,0,0
2026-04-13T14:13:00+05:30,23849.45,23849.45,23849.45,23849.45,0,0
2026-04-13T14:14:00+05:30,23856.0,23856.0,23856.0,23856.0,0,0
2026-04-13T14:15:00+05:30,23847.1,23847.1,23847.1,23847.1,0,0
2026-04-13T14:16:00+05:30,23844.55,23844.55,23844.55,23844.55,0,0
2026-04-13T14:17:00+05:30,23850.55,23850.55,23850.55,23850.55,0,0
2026-04-13T14:18:00+05:30,23856.55,23856.55,23856.55,23856.55,0,0
2026-04-13T14:19:00+05:30,23857.75,23857.75,23857.75,23857.75,0,0
2026-04-13T14:20:00+05:30,23864.75,23864.75,23864.75,23864.75,0,0
2026-04-13T14:21:00+05:30,23863.1,23863.1,23863.1,23863.1,0,0
2026-04-13T14:22:00+05:30,23866.7,23866.7,23866.7,23866.7,0,0
2026-04-13T14:23:00+05:30,23871.3,23871.3,23871.3,23871.3,0,0
2026-04-13T14:24:00+05:30,23868.1,23868.1,23868.1,23868.1,0,0
2026-04-13T14:25:00+05:30,23879.7,23879.7,23879.7,23879.7,0,0
2026-04-13T14:26:00+05:30,23882.75,23882.75,23882.75,23882.75,0,0
2026-04-13T14:27:00+05:30,23889.7,23889.7,23889.7,23889.7,0,0
2026-04-13T14:28:00+05:30,23882.35,23882.35,23882.35,23882.35,0,0
2026-04-13T14:29:00+05:30,23874.0,23874.0,23874.0,23874.0,0,0
2026-04-13T14:30:00+05:30,23894.25,23894.25,23894.25,23894.25,0,0
2026-04-13T14:31:00+05:30,23891.35,23891.35,23891.35,23891.35,0,0
2026-04-13T14:32:00+05:30,23894.4,23894.4,23894.4,23894.4,0,0
2026-04-13T14:33:00+05:30,23896.5,23896.5,23896.5,23896.5,0,0
2026-04-13T14:34:00+05:30,23893.8,23893.8,23893.8,23893.8,0,0
2026-04-13T14:35:00+05:30,23894.0,23894.0,23894.0,23894.0,0,0
2026-04-13T14:36:00+05:30,23886.55,23886.55,23886.55,23886.55,0,0
2026-04-13T14:37:00+05:30,23889.15,23889.15,23889.15,23889.15,0,0
2026-04-13T14:38:00+05:30,23897.0,23897.0,23897.0,23897.0,0,0
2026-04-13T14:39:00+05:30,23885.6,23885.6,23885.6,23885.6,0,0
2026-04-13T14:40:00+05:30,23879.65,23879.65,23879.65,23879.65,0,0
2026-04-13T14:41:00+05:30,23880.4,23880.4,23880.4,23880.4,0,0
2026-04-13T14:42:00+05:30,23871.25,23871.25,23871.25,23871.25,0,0
2026-04-13T14:43:00+05:30,23865.85,23865.85,23865.85,23865.85,0,0
2026-04-13T14:44:00+05:30,23872.75,23872.75,23872.75,23872.75,0,0
2026-04-13T14:45:00+05:30,23876.8,23876.8,23876.8,23876.8,0,0
2026-04-13T14:46:00+05:30,23872.35,23872.35,23872.35,23872.35,0,0
2026-04-13T14:47:00+05:30,23874.25,23874.25,23874.25,23874.25,0,0
2026-04-13T14:48:00+05:30,23882.95,23882.95,23882.95,23882.95,0,0
2026-04-13T14:49:00+05:30,23888.65,23888.65,23888.65,23888.65,0,0
2026-04-13T14:50:00+05:30,23885.75,23885.75,23885.75,23885.75,0,0
2026-04-13T14:51:00+05:30,23893.3,23893.3,23893.3,23893.3,0,0
2026-04-13T14:52:00+05:30,23892.35,23892.35,23892.35,23892.35,0,0
2026-04-13T14:53:00+05:30,23898.7,23898.7,23898.7,23898.7,0,0
2026-04-13T14:54:00+05:30,23898.5,23898.5,23898.5,23898.5,0,0
2026-04-13T14:55:00+05:30,23901.85,23901.85,23901.85,23901.85,0,0
2026-04-13T14:56:00+05:30,23897.65,23897.65,23897.65,23897.65,0,0
2026-04-13T14:57:00+05:30,23899.3,23899.3,23899.3,23899.3,0,0
2026-04-13T14:58:00+05:30,23908.95,23908.95,23908.95,23908.95,0,0
2026-04-13T14:59:00+05:30,23903.25,23903.25,23903.25,23903.25,0,0
2026-04-13T15:00:00+05:30,23861.55,23861.55,23861.55,23861.55,0,0
2026-04-13T15:01:00+05:30,23850.95,23850.95,23850.95,23850.95,0,0
2026-04-13T15:02:00+05:30,23877.6,23877.6,23877.6,23877.6,0,0
2026-04-13T15:03:00+05:30,23879.85,23879.85,23879.85,23879.85,0,0
2026-04-13T15:04:00+05:30,23870.3,23870.3,23870.3,23870.3,0,0
2026-04-13T15:05:00+05:30,23857.6,23857.6,23857.6,23857.6,0,0
2026-04-13T15:06:00+05:30,23866.65,23866.65,23866.65,23866.65,0,0
2026-04-13T15:07:00+05:30,23853.85,23853.85,23853.85,23853.85,0,0
2026-04-13T15:08:00+05:30,23850.1,23850.1,23850.1,23850.1,0,0
2026-04-13T15:09:00+05:30,23847.45,23847.45,23847.45,23847.45,0,0
2026-04-13T15:10:00+05:30,23850.6,23850.6,23850.6,23850.6,0,0
2026-04-13T15:11:00+05:30,23847.95,23847.95,23847.95,23847.95,0,0
2026-04-13T15:12:00+05:30,23853.65,23853.65,23853.65,23853.65,0,0
2026-04-13T15:13:00+05:30,23850.3,23850.3,23850.3,23850.3,0,0
2026-04-13T15:14:00+05:30,23855.05,23855.05,23855.05,23855.05,0,0
2026-04-13T15:15:00+05:30,23853.45,23853.45,23853.45,23853.45,0,0
2026-04-13T15:16:00+05:30,23855.6,23855.6,23855.6,23855.6,0,0
2026-04-13T15:17:00+05:30,23849.55,23849.55,23849.55,23849.55,0,0
2026-04-13T15:18:00+05:30,23845.45,23845.45,23845.45,23845.45,0,0
2026-04-13T15:19:00+05:30,23842.7,23842.7,23842.7,23842.7,0,0
2026-04-13T15:20:00+05:30,23838.95,23838.95,23838.95,23838.95,0,0
2026-04-13T15:21:00+05:30,23842.45,23842.45,23842.45,23842.45,0,0
2026-04-13T15:22:00+05:30,23841.9,23841.9,23841.9,23841.9,0,0
2026-04-13T15:23:00+05:30,23833.55,23833.55,23833.55,23833.55,0,0
2026-04-13T15:24:00+05:30,23835.95,23835.95,23835.95,23835.95,0,0
2026-04-13T15:25:00+05:30,23830.2,23830.2,23830.2,23830.2,0,0
2026-04-13T15:26:00+05:30,23833.45,23833.45,23833.45,23833.45,0,0
2026-04-13T15:27:00+05:30,23834.2,23834.2,23834.2,23834.2,0,0
2026-04-13T15:28:00+05:30,23835.95,23835.95,23835.95,23835.95,0,0
2026-04-13T15:29:00+05:30,23837.35,23837.35,23837.35,23837.35,0,0
2026-04-13T15:30:00+05:30,23844.65,23844.65,23844.65,23844.65,0,0
2026-04-15T09:15:00+05:30,23854.1,23854.1,23854.1,23854.1,0,0
2026-04-15T09:16:00+05:30,23854.1,23854.1,23854.1,23854.1,0,0
2026-04-15T09:18:00+05:30,24248.25,24248.25,24248.25,24248.25,0,0
2026-04-15T09:19:00+05:30,24246.9,24246.9,24246.9,24246.9,0,0
2026-04-15T09:20:00+05:30,24254.9,24254.9,24254.9,24254.9,0,0
2026-04-15T09:21:00+05:30,24248.4,24248.4,24248.4,24248.4,0,0
2026-04-15T09:22:00+05:30,24246.35,24246.35,24246.35,24246.35,0,0
2026-04-15T09:23:00+05:30,24242.65,24242.65,24242.65,24242.65,0,0
2026-04-15T09:24:00+05:30,24240.1,24240.1,24240.1,24240.1,0,0
2026-04-15T09:25:00+05:30,24233.9,24233.9,24233.9,24233.9,0,0
2026-04-15T09:26:00+05:30,24233.05,24233.05,24233.05,24233.05,0,0
2026-04-15T09:27:00+05:30,24219.5,24219.5,24219.5,24219.5,0,0
2026-04-15T09:28:00+05:30,24209.55,24209.55,24209.55,24209.55,0,0
2026-04-15T09:29:00+05:30,24208.55,24208.55,24208.55,24208.55,0,0
2026-04-15T09:30:00+05:30,24200.75,24200.75,24200.75,24200.75,0,0
2026-04-15T09:31:00+05:30,24200.2,24200.2,24200.2,24200.2,0,0
2026-04-15T09:32:00+05:30,24201.75,24201.75,24201.75,24201.75,0,0
2026-04-15T09:33:00+05:30,24195.5,24195.5,24195.5,24195.5,0,0
2026-04-15T09:34:00+05:30,24189.05,24189.05,24189.05,24189.05,0,0
2026-04-15T09:35:00+05:30,24193.9,24193.9,24193.9,24193.9,0,0
2026-04-15T09:36:00+05:30,24200.65,24200.65,24200.65,24200.65,0,0
2026-04-15T09:37:00+05:30,24195.55,24195.55,24195.55,24195.55,0,0
2026-04-15T09:38:00+05:30,24190.1,24190.1,24190.1,24190.1,0,0
2026-04-15T09:39:00+05:30,24176.2,24176.2,24176.2,24176.2,0,0
2026-04-15T09:40:00+05:30,24175.95,24175.95,24175.95,24175.95,0,0
2026-04-15T09:41:00+05:30,24194.4,24194.4,24194.4,24194.4,0,0
2026-04-15T09:42:00+05:30,24200.5,24200.5,24200.5,24200.5,0,0
2026-04-15T09:43:00+05:30,24217.05,24217.05,24217.05,24217.05,0,0
2026-04-15T09:44:00+05:30,24226.05,24226.05,24226.05,24226.05,0,0
2026-04-15T09:45:00+05:30,24234.65,24234.65,24234.65,24234.65,0,0
2026-04-15T09:46:00+05:30,24236.95,24236.95,24236.95,24236.95,0,0
2026-04-15T09:47:00+05:30,24234.95,24234.95,24234.95,24234.95,0,0
2026-04-15T09:48:00+05:30,24219.9,24219.9,24219.9,24219.9,0,0
2026-04-15T09:49:00+05:30,24216.2,24216.2,24216.2,24216.2,0,0
2026-04-15T09:50:00+05:30,24207.9,24207.9,24207.9,24207.9,0,0
2026-04-15T09:51:00+05:30,24209.65,24209.65,24209.65,24209.65,0,0
2026-04-15T09:52:00+05:30,24222.2,24222.2,24222.2,24222.2,0,0
2026-04-15T09:53:00+05:30,24224.1,24224.1,24224.1,24224.1,0,0
2026-04-15T09:54:00+05:30,24230.15,24230.15,24230.15,24230.15,0,0
2026-04-15T09:55:00+05:30,24230.0,24230.0,24230.0,24230.0,0,0
2026-04-15T09:56:00+05:30,24228.45,24228.45,24228.45,24228.45,0,0
2026-04-15T09:57:00+05:30,24235.0,24235.0,24235.0,24235.0,0,0
2026-04-15T09:58:00+05:30,24228.0,24228.0,24228.0,24228.0,0,0
2026-04-15T09:59:00+05:30,24228.55,24228.55,24228.55,24228.55,0,0
2026-04-15T10:00:00+05:30,24232.0,24232.0,24232.0,24232.0,0,0
2026-04-15T10:01:00+05:30,24243.9,24243.9,24243.9,24243.9,0,0
2026-04-15T10:02:00+05:30,24227.35,24227.35,24227.35,24227.35,0,0
2026-04-15T10:03:00+05:30,24235.65,24235.65,24235.65,24235.65,0,0
2026-04-15T10:04:00+05:30,24238.8,24238.8,24238.8,24238.8,0,0
2026-04-15T10:05:00+05:30,24250.45,24250.45,24250.45,24250.45,0,0
2026-04-15T10:06:00+05:30,24249.0,24249.0,24249.0,24249.0,0,0
2026-04-15T10:07:00+05:30,24254.5,24254.5,24254.5,24254.5,0,0
2026-04-15T10:08:00+05:30,24251.6,24251.6,24251.6,24251.6,0,0
2026-04-15T10:09:00+05:30,24248.75,24248.75,24248.75,24248.75,0,0
2026-04-15T10:10:00+05:30,24256.15,24256.15,24256.15,24256.15,0,0
2026-04-15T10:11:00+05:30,24256.95,24256.95,24256.95,24256.95,0,0
2026-04-15T10:12:00+05:30,24263.65,24263.65,24263.65,24263.65,0,0
2026-04-15T10:13:00+05:30,24259.6,24259.6,24259.6,24259.6,0,0
2026-04-15T10:14:00+05:30,24257.55,24257.55,24257.55,24257.55,0,0
2026-04-15T10:15:00+05:30,24267.15,24267.15,24267.15,24267.15,0,0
2026-04-15T10:16:00+05:30,24260.95,24260.95,24260.95,24260.95,0,0
2026-04-15T10:17:00+05:30,24262.8,24262.8,24262.8,24262.8,0,0
2026-04-15T10:18:00+05:30,24265.15,24265.15,24265.15,24265.15,0,0
2026-04-15T10:19:00+05:30,24272.25,24272.25,24272.25,24272.25,0,0
2026-04-15T10:20:00+05:30,24276.8,24276.8,24276.8,24276.8,0,0
2026-04-15T10:21:00+05:30,24273.55,24273.55,24273.55,24273.55,0,0
2026-04-15T10:22:00+05:30,24264.85,24264.85,24264.85,24264.85,0,0
2026-04-15T10:23:00+05:30,24277.7,24277.7,24277.7,24277.7,0,0
2026-04-15T10:24:00+05:30,24281.55,24281.55,24281.55,24281.55,0,0
2026-04-15T10:25:00+05:30,24272.75,24272.75,24272.75,24272.75,0,0
2026-04-15T10:26:00+05:30,24275.75,24275.75,24275.75,24275.75,0,0
2026-04-15T10:27:00+05:30,24276.35,24276.35,24276.35,24276.35,0,0
2026-04-15T10:28:00+05:30,24275.15,24275.15,24275.15,24275.15,0,0
2026-04-15T10:29:00+05:30,24275.2,24275.2,24275.2,24275.2,0,0
2026-04-15T10:30:00+05:30,24283.05,24283.05,24283.05,24283.05,0,0
2026-04-15T10:31:00+05:30,24283.0,24283.0,24283.0,24283.0,0,0
2026-04-15T10:32:00+05:30,24279.35,24279.35,24279.35,24279.35,0,0
2026-04-15T10:33:00+05:30,24274.55,24274.55,24274.55,24274.55,0,0
2026-04-15T10:34:00+05:30,24278.4,24278.4,24278.4,24278.4,0,0
2026-04-15T10:35:00+05:30,24269.5,24269.5,24269.5,24269.5,0,0
2026-04-15T10:36:00+05:30,24272.3,24272.3,24272.3,24272.3,0,0
2026-04-15T10:37:00+05:30,24260.25,24260.25,24260.25,24260.25,0,0
2026-04-15T10:38:00+05:30,24270.8,24270.8,24270.8,24270.8,0,0
2026-04-15T10:39:00+05:30,24259.25,24259.25,24259.25,24259.25,0,0
2026-04-15T10:40:00+05:30,24263.45,24263.45,24263.45,24263.45,0,0
2026-04-15T10:41:00+05:30,24265.0,24265.0,24265.0,24265.0,0,0
2026-04-15T10:42:00+05:30,24263.5,24263.5,24263.5,24263.5,0,0
2026-04-15T10:43:00+05:30,24264.75,24264.75,24264.75,24264.75,0,0
2026-04-15T10:44:00+05:30,24255.55,24255.55,24255.55,24255.55,0,0
2026-04-15T10:45:00+05:30,24262.45,24262.45,24262.45,24262.45,0,0
2026-04-15T10:46:00+05:30,24261.9,24261.9,24261.9,24261.9,0,0
2026-04-15T10:47:00+05:30,24257.95,24257.95,24257.95,24257.95,0,0
2026-04-15T10:48:00+05:30,24266.15,24266.15,24266.15,24266.15,0,0
2026-04-15T10:49:00+05:30,24265.6,24265.6,24265.6,24265.6,0,0
2026-04-15T10:50:00+05:30,24257.65,24257.65,24257.65,24257.65,0,0
2026-04-15T10:51:00+05:30,24244.35,24244.35,24244.35,24244.35,0,0
2026-04-15T10:52:00+05:30,24241.85,24241.85,24241.85,24241.85,0,0
2026-04-15T10:53:00+05:30,24233.35,24233.35,24233.35,24233.35,0,0
2026-04-15T10:54:00+05:30,24232.4,24232.4,24232.4,24232.4,0,0
2026-04-15T10:55:00+05:30,24242.9,24242.9,24242.9,24242.9,0,0
2026-04-15T10:56:00+05:30,24238.05,24238.05,24238.05,24238.05,0,0
2026-04-15T10:57:00+05:30,24237.15,24237.15,24237.15,24237.15,0,0
2026-04-15T10:58:00+05:30,24236.9,24236.9,24236.9,24236.9,0,0
2026-04-15T10:59:00+05:30,24236.6,24236.6,24236.6,24236.6,0,0
2026-04-15T11:00:00+05:30,24224.8,24224.8,24224.8,24224.8,0,0
2026-04-15T11:01:00+05:30,24223.1,24223.1,24223.1,24223.1,0,0
2026-04-15T11:02:00+05:30,24231.35,24231.35,24231.35,24231.35,0,0
2026-04-15T11:03:00+05:30,24226.5,24226.5,24226.5,24226.5,0,0
2026-04-15T11:04:00+05:30,24231.5,24231.5,24231.5,24231.5,0,0
2026-04-15T11:05:00+05:30,24224.55,24224.55,24224.55,24224.55,0,0
2026-04-15T11:06:00+05:30,24220.5,24220.5,24220.5,24220.5,0,0
2026-04-15T11:07:00+05:30,24212.2,24212.2,24212.2,24212.2,0,0
2026-04-15T11:08:00+05:30,24213.5,24213.5,24213.5,24213.5,0,0
2026-04-15T11:09:00+05:30,24213.45,24213.45,24213.45,24213.45,0,0
2026-04-15T11:10:00+05:30,24207.8,24207.8,24207.8,24207.8,0,0
2026-04-15T11:11:00+05:30,24195.75,24195.75,24195.75,24195.75,0,0
2026-04-15T11:12:00+05:30,24205.15,24205.15,24205.15,24205.15,0,0
2026-04-15T11:13:00+05:30,24198.5,24198.5,24198.5,24198.5,0,0
2026-04-15T11:14:00+05:30,24204.65,24204.65,24204.65,24204.65,0,0
2026-04-15T11:15:00+05:30,24194.7,24194.7,24194.7,24194.7,0,0
2026-04-15T11:16:00+05:30,24204.05,24204.05,24204.05,24204.05,0,0
2026-04-15T11:17:00+05:30,24209.55,24209.55,24209.55,24209.55,0,0
2026-04-15T11:18:00+05:30,24217.9,24217.9,24217.9,24217.9,0,0
2026-04-15T11:19:00+05:30,24208.05,24208.05,24208.05,24208.05,0,0
2026-04-15T11:20:00+05:30,24204.25,24204.25,24204.25,24204.25,0,0
2026-04-15T11:21:00+05:30,24209.15,24209.15,24209.15,24209.15,0,0
2026-04-15T11:22:00+05:30,24214.0,24214.0,24214.0,24214.0,0,0
2026-04-15T11:23:00+05:30,24214.75,24214.75,24214.75,24214.75,0,0
2026-04-15T11:24:00+05:30,24209.75,24209.75,24209.75,24209.75,0,0
2026-04-15T11:25:00+05:30,24208.75,24208.75,24208.75,24208.75,0,0
2026-04-15T11:26:00+05:30,24207.55,24207.55,24207.55,24207.55,0,0
2026-04-15T11:27:00+05:30,24204.6,24204.6,24204.6,24204.6,0,0
2026-04-15T11:28:00+05:30,24209.15,24209.15,24209.15,24209.15,0,0
2026-04-15T11:29:00+05:30,24206.75,24206.75,24206.75,24206.75,0,0
2026-04-15T11:30:00+05:30,24213.05,24213.05,24213.05,24213.05,0,0
2026-04-15T11:31:00+05:30,24207.55,24207.55,24207.55,24207.55,0,0
2026-04-15T11:32:00+05:30,24208.45,24208.45,24208.45,24208.45,0,0
2026-04-15T11:33:00+05:30,24205.35,24205.35,24205.35,24205.35,0,0
2026-04-15T11:34:00+05:30,24207.6,24207.6,24207.6,24207.6,0,0
2026-04-15T11:35:00+05:30,24213.35,24213.35,24213.35,24213.35,0,0
2026-04-15T11:36:00+05:30,24216.25,24216.25,24216.25,24216.25,0,0
2026-04-15T11:37:00+05:30,24218.35,24218.35,24218.35,24218.35,0,0
2026-04-15T11:38:00+05:30,24215.05,24215.05,24215.05,24215.05,0,0
2026-04-15T11:39:00+05:30,24214.65,24214.65,24214.65,24214.65,0,0
2026-04-15T11:40:00+05:30,24219.35,24219.35,24219.35,24219.35,0,0
2026-04-15T11:41:00+05:30,24222.15,24222.15,24222.15,24222.15,0,0
2026-04-15T11:42:00+05:30,24219.35,24219.35,24219.35,24219.35,0,0
2026-04-15T11:43:00+05:30,24228.9,24228.9,24228.9,24228.9,0,0
2026-04-15T11:44:00+05:30,24227.2,24227.2,24227.2,24227.2,0,0
2026-04-15T11:45:00+05:30,24225.35,24225.35,24225.35,24225.35,0,0
2026-04-15T11:46:00+05:30,24223.4,24223.4,24223.4,24223.4,0,0
2026-04-15T11:47:00+05:30,24226.7,24226.7,24226.7,24226.7,0,0
2026-04-15T11:48:00+05:30,24232.65,24232.65,24232.65,24232.65,0,0
2026-04-15T11:49:00+05:30,24242.7,24242.7,24242.7,24242.7,0,0
2026-04-15T11:50:00+05:30,24247.55,24247.55,24247.55,24247.55,0,0
2026-04-15T11:51:00+05:30,24249.9,24249.9,24249.9,24249.9,0,0
2026-04-15T11:52:00+05:30,24243.35,24243.35,24243.35,24243.35,0,0
2026-04-15T11:53:00+05:30,24241.2,24241.2,24241.2,24241.2,0,0
2026-04-15T11:54:00+05:30,24243.9,24243.9,24243.9,24243.9,0,0
2026-04-15T11:55:00+05:30,24243.7,24243.7,24243.7,24243.7,0,0
2026-04-15T11:56:00+05:30,24245.0,24245.0,24245.0,24245.0,0,0
2026-04-15T11:57:00+05:30,24244.05,24244.05,24244.05,24244.05,0,0
2026-04-15T11:58:00+05:30,24242.0,24242.0,24242.0,24242.0,0,0
2026-04-15T11:59:00+05:30,24238.4,24238.4,24238.4,24238.4,0,0
2026-04-15T12:00:00+05:30,24247.75,24247.75,24247.75,24247.75,0,0
2026-04-15T12:01:00+05:30,24246.0,24246.0,24246.0,24246.0,0,0
2026-04-15T12:02:00+05:30,24247.7,24247.7,24247.7,24247.7,0,0
2026-04-15T12:03:00+05:30,24244.25,24244.25,24244.25,24244.25,0,0
2026-04-15T12:04:00+05:30,24248.6,24248.6,24248.6,24248.6,0,0
2026-04-15T12:05:00+05:30,24248.35,24248.35,24248.35,24248.35,0,0
2026-04-15T12:06:00+05:30,24247.8,24247.8,24247.8,24247.8,0,0
2026-04-15T12:07:00+05:30,24246.45,24246.45,24246.45,24246.45,0,0
2026-04-15T12:08:00+05:30,24245.25,24245.25,24245.25,24245.25,0,0
2026-04-15T12:09:00+05:30,24250.15,24250.15,24250.15,24250.15,0,0
2026-04-15T12:10:00+05:30,24250.4,24250.4,24250.4,24250.4,0,0
2026-04-15T12:11:00+05:30,24252.55,24252.55,24252.55,24252.55,0,0
2026-04-15T12:12:00+05:30,24248.1,24248.1,24248.1,24248.1,0,0
2026-04-15T12:13:00+05:30,24245.95,24245.95,24245.95,24245.95,0,0
2026-04-15T12:14:00+05:30,24247.75,24247.75,24247.75,24247.75,0,0
2026-04-15T12:15:00+05:30,24249.5,24249.5,24249.5,24249.5,0,0
2026-04-15T12:16:00+05:30,24250.25,24250.25,24250.25,24250.25,0,0
2026-04-15T12:17:00+05:30,24248.6,24248.6,24248.6,24248.6,0,0
2026-04-15T12:18:00+05:30,24238.0,24238.0,24238.0,24238.0,0,0
2026-04-15T12:19:00+05:30,24236.8,24236.8,24236.8,24236.8,0,0
2026-04-15T12:20:00+05:30,24238.95,24238.95,24238.95,24238.95,0,0
2026-04-15T12:21:00+05:30,24223.5,24223.5,24223.5,24223.5,0,0
2026-04-15T12:22:00+05:30,24217.3,24217.3,24217.3,24217.3,0,0
2026-04-15T12:23:00+05:30,24225.3,24225.3,24225.3,24225.3,0,0
2026-04-15T12:24:00+05:30,24235.5,24235.5,24235.5,24235.5,0,0
2026-04-15T12:25:00+05:30,24235.8,24235.8,24235.8,24235.8,0,0
2026-04-15T12:26:00+05:30,24237.7,24237.7,24237.7,24237.7,0,0
2026-04-15T12:27:00+05:30,24247.6,24247.6,24247.6,24247.6,0,0
2026-04-15T12:28:00+05:30,24234.05,24234.05,24234.05,24234.05,0,0
2026-04-15T12:29:00+05:30,24238.75,24238.75,24238.75,24238.75,0,0
2026-04-15T12:30:00+05:30,24234.05,24234.05,24234.05,24234.05,0,0
2026-04-15T12:31:00+05:30,24231.75,24231.75,24231.75,24231.75,0,0
2026-04-15T12:32:00+05:30,24231.05,24231.05,24231.05,24231.05,0,0
2026-04-15T12:33:00+05:30,24230.35,24230.35,24230.35,24230.35,0,0
2026-04-15T12:34:00+05:30,24227.95,24227.95,24227.95,24227.95,0,0
2026-04-15T12:35:00+05:30,24236.55,24236.55,24236.55,24236.55,0,0
2026-04-15T12:36:00+05:30,24241.3,24241.3,24241.3,24241.3,0,0
2026-04-15T12:37:00+05:30,24242.35,24242.35,24242.35,24242.35,0,0
2026-04-15T12:38:00+05:30,24245.15,24245.15,24245.15,24245.15,0,0
2026-04-15T12:39:00+05:30,24244.0,24244.0,24244.0,24244.0,0,0
2026-04-15T12:40:00+05:30,24241.0,24241.0,24241.0,24241.0,0,0
2026-04-15T12:41:00+05:30,24244.7,24244.7,24244.7,24244.7,0,0
2026-04-15T12:42:00+05:30,24242.3,24242.3,24242.3,24242.3,0,0
2026-04-15T12:43:00+05:30,24237.45,24237.45,24237.45,24237.45,0,0
2026-04-15T12:44:00+05:30,24242.45,24242.45,24242.45,24242.45,0,0
2026-04-15T12:45:00+05:30,24241.8,24241.8,24241.8,24241.8,0,0
2026-04-15T12:46:00+05:30,24240.15,24240.15,24240.15,24240.15,0,0
2026-04-15T12:47:00+05:30,24228.1,24228.1,24228.1,24228.1,0,0
2026-04-15T12:48:00+05:30,24221.4,24221.4,24221.4,24221.4,0,0
2026-04-15T12:49:00+05:30,24220.6,24220.6,24220.6,24220.6,0,0
2026-04-15T12:50:00+05:30,24226.1,24226.1,24226.1,24226.1,0,0
2026-04-15T12:51:00+05:30,24234.7,24234.7,24234.7,24234.7,0,0
2026-04-15T12:52:00+05:30,24233.85,24233.85,24233.85,24233.85,0,0
2026-04-15T12:53:00+05:30,24221.35,24221.35,24221.35,24221.35,0,0
2026-04-15T12:54:00+05:30,24213.35,24213.35,24213.35,24213.35,0,0
2026-04-15T12:55:00+05:30,24219.4,24219.4,24219.4,24219.4,0,0
2026-04-15T12:56:00+05:30,24217.45,24217.45,24217.45,24217.45,0,0
2026-04-15T12:57:00+05:30,24220.05,24220.05,24220.05,24220.05,0,0
2026-04-15T12:58:00+05:30,24216.45,24216.45,24216.45,24216.45,0,0
2026-04-15T12:59:00+05:30,24212.75,24212.75,24212.75,24212.75,0,0
2026-04-15T13:00:00+05:30,24209.3,24209.3,24209.3,24209.3,0,0
2026-04-15T13:01:00+05:30,24212.2,24212.2,24212.2,24212.2,0,0
2026-04-15T13:02:00+05:30,24217.35,24217.35,24217.35,24217.35,0,0
2026-04-15T13:03:00+05:30,24224.0,24224.0,24224.0,24224.0,0,0
2026-04-15T13:04:00+05:30,24219.35,24219.35,24219.35,24219.35,0,0
2026-04-15T13:05:00+05:30,24219.35,24219.35,24219.35,24219.35,0,0
2026-04-15T13:06:00+05:30,24217.35,24217.35,24217.35,24217.35,0,0
2026-04-15T13:07:00+05:30,24218.2,24218.2,24218.2,24218.2,0,0
2026-04-15T13:08:00+05:30,24209.95,24209.95,24209.95,24209.95,0,0
2026-04-15T13:09:00+05:30,24222.95,24222.95,24222.95,24222.95,0,0
2026-04-15T13:10:00+05:30,24225.3,24225.3,24225.3,24225.3,0,0
2026-04-15T13:11:00+05:30,24224.65,24224.65,24224.65,24224.65,0,0
2026-04-15T13:12:00+05:30,24236.65,24236.65,24236.65,24236.65,0,0
2026-04-15T13:13:00+05:30,24229.8,24229.8,24229.8,24229.8,0,0
2026-04-15T13:14:00+05:30,24233.75,24233.75,24233.75,24233.75,0,0
2026-04-15T13:15:00+05:30,24229.1,24229.1,24229.1,24229.1,0,0
2026-04-15T13:16:00+05:30,24235.85,24235.85,24235.85,24235.85,0,0
2026-04-15T13:17:00+05:30,24234.55,24234.55,24234.55,24234.55,0,0
2026-04-15T13:18:00+05:30,24237.5,24237.5,24237.5,24237.5,0,0
2026-04-15T13:19:00+05:30,24240.8,24240.8,24240.8,24240.8,0,0
2026-04-15T13:20:00+05:30,24243.05,24243.05,24243.05,24243.05,0,0
2026-04-15T13:21:00+05:30,24237.05,24237.05,24237.05,24237.05,0,0
2026-04-15T13:22:00+05:30,24229.2,24229.2,24229.2,24229.2,0,0
2026-04-15T13:23:00+05:30,24225.9,24225.9,24225.9,24225.9,0,0
2026-04-15T13:24:00+05:30,24195.5,24195.5,24195.5,24195.5,0,0
2026-04-15T13:25:00+05:30,24205.05,24205.05,24205.05,24205.05,0,0
2026-04-15T13:26:00+05:30,24201.85,24201.85,24201.85,24201.85,0,0
2026-04-15T13:27:00+05:30,24211.3,24211.3,24211.3,24211.3,0,0
2026-04-15T13:28:00+05:30,24205.2,24205.2,24205.2,24205.2,0,0
2026-04-15T13:29:00+05:30,24200.6,24200.6,24200.6,24200.6,0,0
2026-04-15T13:30:00+05:30,24198.65,24198.65,24198.65,24198.65,0,0
2026-04-15T13:31:00+05:30,24202.55,24202.55,24202.55,24202.55,0,0
2026-04-15T13:32:00+05:30,24215.85,24215.85,24215.85,24215.85,0,0
2026-04-15T13:33:00+05:30,24226.4,24226.4,24226.4,24226.4,0,0
2026-04-15T13:34:00+05:30,24222.95,24222.95,24222.95,24222.95,0,0
2026-04-15T13:35:00+05:30,24225.25,24225.25,24225.25,24225.25,0,0
2026-04-15T13:36:00+05:30,24231.95,24231.95,24231.95,24231.95,0,0
2026-04-15T13:37:00+05:30,24227.65,24227.65,24227.65,24227.65,0,0
2026-04-15T13:38:00+05:30,24219.7,24219.7,24219.7,24219.7,0,0
2026-04-15T13:39:00+05:30,24201.65,24201.65,24201.65,24201.65,0,0
2026-04-15T13:40:00+05:30,24206.1,24206.1,24206.1,24206.1,0,0
2026-04-15T13:41:00+05:30,24215.45,24215.45,24215.45,24215.45,0,0
2026-04-15T13:42:00+05:30,24219.25,24219.25,24219.25,24219.25,0,0
2026-04-15T13:43:00+05:30,24220.2,24220.2,24220.2,24220.2,0,0
2026-04-15T13:44:00+05:30,24224.15,24224.15,24224.15,24224.15,0,0
2026-04-15T13:45:00+05:30,24221.65,24221.65,24221.65,24221.65,0,0
2026-04-15T13:46:00+05:30,24221.95,24221.95,24221.95,24221.95,0,0
2026-04-15T13:47:00+05:30,24220.4,24220.4,24220.4,24220.4,0,0
2026-04-15T13:48:00+05:30,24217.05,24217.05,24217.05,24217.05,0,0
2026-04-15T13:49:00+05:30,24213.65,24213.65,24213.65,24213.65,0,0
2026-04-15T13:50:00+05:30,24221.0,24221.0,24221.0,24221.0,0,0
2026-04-15T13:51:00+05:30,24219.8,24219.8,24219.8,24219.8,0,0
2026-04-15T13:52:00+05:30,24215.05,24215.05,24215.05,24215.05,0,0
2026-04-15T13:53:00+05:30,24210.4,24210.4,24210.4,24210.4,0,0
2026-04-15T13:54:00+05:30,24213.8,24213.8,24213.8,24213.8,0,0
2026-04-15T13:55:00+05:30,24220.0,24220.0,24220.0,24220.0,0,0
2026-04-15T13:56:00+05:30,24227.35,24227.35,24227.35,24227.35,0,0
2026-04-15T13:57:00+05:30,24227.9,24227.9,24227.9,24227.9,0,0
2026-04-15T13:58:00+05:30,24228.6,24228.6,24228.6,24228.6,0,0
2026-04-15T13:59:00+05:30,24228.9,24228.9,24228.9,24228.9,0,0
2026-04-15T14:00:00+05:30,24236.45,24236.45,24236.45,24236.45,0,0
2026-04-15T14:01:00+05:30,24235.7,24235.7,24235.7,24235.7,0,0
2026-04-15T14:02:00+05:30,24238.9,24238.9,24238.9,24238.9,0,0
2026-04-15T14:03:00+05:30,24237.9,24237.9,24237.9,24237.9,0,0
2026-04-15T14:04:00+05:30,24243.25,24243.25,24243.25,24243.25,0,0
2026-04-15T14:05:00+05:30,24239.15,24239.15,24239.15,24239.15,0,0
2026-04-15T14:06:00+05:30,24238.45,24238.45,24238.45,24238.45,0,0
2026-04-15T14:07:00+05:30,24243.85,24243.85,24243.85,24243.85,0,0
2026-04-15T14:08:00+05:30,24243.0,24243.0,24243.0,24243.0,0,0
2026-04-15T14:09:00+05:30,24242.95,24242.95,24242.95,24242.95,0,0
2026-04-15T14:10:00+05:30,24236.65,24236.65,24236.65,24236.65,0,0
2026-04-15T14:11:00+05:30,24231.2,24231.2,24231.2,24231.2,0,0
2026-04-15T14:12:00+05:30,24246.25,24246.25,24246.25,24246.25,0,0
2026-04-15T14:13:00+05:30,24242.65,24242.65,24242.65,24242.65,0,0
2026-04-15T14:14:00+05:30,24238.8,24238.8,24238.8,24238.8,0,0
2026-04-15T14:15:00+05:30,24234.55,24234.55,24234.55,24234.55,0,0
2026-04-15T14:16:00+05:30,24237.05,24237.05,24237.05,24237.05,0,0
2026-04-15T14:17:00+05:30,24239.9,24239.9,24239.9,24239.9,0,0
2026-04-15T14:18:00+05:30,24234.3,24234.3,24234.3,24234.3,0,0
2026-04-15T14:19:00+05:30,24235.55,24235.55,24235.55,24235.55,0,0
2026-04-15T14:20:00+05:30,24243.4,24243.4,24243.4,24243.4,0,0
2026-04-15T14:21:00+05:30,24245.9,24245.9,24245.9,24245.9,0,0
2026-04-15T14:22:00+05:30,24246.0,24246.0,24246.0,24246.0,0,0
2026-04-15T14:23:00+05:30,24239.8,24239.8,24239.8,24239.8,0,0
2026-04-15T14:24:00+05:30,24238.0,24238.0,24238.0,24238.0,0,0
2026-04-15T14:25:00+05:30,24242.0,24242.0,24242.0,24242.0,0,0
2026-04-15T14:26:00+05:30,24244.65,24244.65,24244.65,24244.65,0,0
2026-04-15T14:27:00+05:30,24248.35,24248.35,24248.35,24248.35,0,0
2026-04-15T14:28:00+05:30,24241.35,24241.35,24241.35,24241.35,0,0
2026-04-15T14:29:00+05:30,24244.25,24244.25,24244.25,24244.25,0,0
2026-04-15T14:30:00+05:30,24256.5,24256.5,24256.5,24256.5,0,0
2026-04-15T14:31:00+05:30,24252.2,24252.2,24252.2,24252.2,0,0
2026-04-15T14:32:00+05:30,24250.3,24250.3,24250.3,24250.3,0,0
2026-04-15T14:33:00+05:30,24243.35,24243.35,24243.35,24243.35,0,0
2026-04-15T14:34:00+05:30,24246.15,24246.15,24246.15,24246.15,0,0
2026-04-15T14:35:00+05:30,24243.85,24243.85,24243.85,24243.85,0,0
2026-04-15T14:36:00+05:30,24241.55,24241.55,24241.55,24241.55,0,0
2026-04-15T14:37:00+05:30,24232.75,24232.75,24232.75,24232.75,0,0
2026-04-15T14:38:00+05:30,24233.05,24233.05,24233.05,24233.05,0,0
2026-04-15T14:39:00+05:30,24230.35,24230.35,24230.35,24230.35,0,0
2026-04-15T14:40:00+05:30,24235.9,24235.9,24235.9,24235.9,0,0
2026-04-15T14:41:00+05:30,24233.3,24233.3,24233.3,24233.3,0,0
2026-04-15T14:42:00+05:30,24239.85,24239.85,24239.85,24239.85,0,0
2026-04-15T14:43:00+05:30,24240.55,24240.55,24240.55,24240.55,0,0
2026-04-15T14:44:00+05:30,24235.95,24235.95,24235.95,24235.95,0,0
2026-04-15T14:45:00+05:30,24241.05,24241.05,24241.05,24241.05,0,0
2026-04-15T14:46:00+05:30,24238.75,24238.75,24238.75,24238.75,0,0
2026-04-15T14:47:00+05:30,24240.85,24240.85,24240.85,24240.85,0,0
2026-04-15T14:48:00+05:30,24241.5,24241.5,24241.5,24241.5,0,0
2026-04-15T14:49:00+05:30,24247.85,24247.85,24247.85,24247.85,0,0
2026-04-15T14:50:00+05:30,24244.0,24244.0,24244.0,24244.0,0,0
2026-04-15T14:51:00+05:30,24257.2,24257.2,24257.2,24257.2,0,0
2026-04-15T14:52:00+05:30,24263.15,24263.15,24263.15,24263.15,0,0
2026-04-15T14:53:00+05:30,24263.8,24263.8,24263.8,24263.8,0,0
2026-04-15T14:54:00+05:30,24258.3,24258.3,24258.3,24258.3,0,0
2026-04-15T14:55:00+05:30,24256.55,24256.55,24256.55,24256.55,0,0
2026-04-15T14:56:00+05:30,24255.55,24255.55,24255.55,24255.55,0,0
2026-04-15T14:57:00+05:30,24262.85,24262.85,24262.85,24262.85,0,0
2026-04-15T14:58:00+05:30,24260.8,24260.8,24260.8,24260.8,0,0
2026-04-15T14:59:00+05:30,24266.15,24266.15,24266.15,24266.15,0,0
2026-04-15T15:00:00+05:30,24250.05,24250.05,24250.05,24250.05,0,0
2026-04-15T15:01:00+05:30,24240.05,24240.05,24240.05,24240.05,0,0
2026-04-15T15:02:00+05:30,24241.2,24241.2,24241.2,24241.2,0,0
2026-04-15T15:03:00+05:30,24242.15,24242.15,24242.15,24242.15,0,0
2026-04-15T15:04:00+05:30,24241.25,24241.25,24241.25,24241.25,0,0
2026-04-15T15:05:00+05:30,24246.55,24246.55,24246.55,24246.55,0,0
2026-04-15T15:06:00+05:30,24238.65,24238.65,24238.65,24238.65,0,0
2026-04-15T15:07:00+05:30,24224.6,24224.6,24224.6,24224.6,0,0
2026-04-15T15:08:00+05:30,24225.5,24225.5,24225.5,24225.5,0,0
2026-04-15T15:09:00+05:30,24225.1,24225.1,24225.1,24225.1,0,0
2026-04-15T15:10:00+05:30,24227.45,24227.45,24227.45,24227.45,0,0
2026-04-15T15:11:00+05:30,24225.25,24225.25,24225.25,24225.25,0,0
2026-04-15T15:12:00+05:30,24221.65,24221.65,24221.65,24221.65,0,0
2026-04-15T15:13:00+05:30,24229.85,24229.85,24229.85,24229.85,0,0
2026-04-15T15:14:00+05:30,24229.1,24229.1,24229.1,24229.1,0,0
2026-04-15T15:15:00+05:30,24229.1,24229.1,24229.1,24229.1,0,0
2026-04-15T15:16:00+05:30,24227.1,24227.1,24227.1,24227.1,0,0
2026-04-15T15:17:00+05:30,24226.55,24226.55,24226.55,24226.55,0,0
2026-04-15T15:18:00+05:30,24228.65,24228.65,24228.65,24228.65,0,0
2026-04-15T15:19:00+05:30,24224.1,24224.1,24224.1,24224.1,0,0
2026-04-15T15:20:00+05:30,24225.85,24225.85,24225.85,24225.85,0,0
2026-04-15T15:21:00+05:30,24223.9,24223.9,24223.9,24223.9,0,0
2026-04-15T15:22:00+05:30,24223.1,24223.1,24223.1,24223.1,0,0
2026-04-15T15:23:00+05:30,24221.2,24221.2,24221.2,24221.2,0,0
2026-04-15T15:24:00+05:30,24221.15,24221.15,24221.15,24221.15,0,0
2026-04-15T15:25:00+05:30,24222.45,24222.45,24222.45,24222.45,0,0
2026-04-15T15:26:00+05:30,24219.95,24219.95,24219.95,24219.95,0,0
2026-04-15T15:27:00+05:30,24216.5,24216.5,24216.5,24216.5,0,0
2026-04-15T15:28:00+05:30,24213.65,24213.65,24213.65,24213.65,0,0
2026-04-15T15:29:00+05:30,24211.25,24211.25,24211.25,24211.25,0,0
2026-04-15T15:30:00+05:30,24208.6,24208.6,24208.6,24208.6,0,0
2026-04-17T11:02:00+05:30,22519.32,22519.32,22519.32,22519.32,0,0
2026-04-17T11:03:00+05:30,22523.06,22523.06,22523.06,22523.06,0,0
2026-04-17T11:04:00+05:30,22516.91,22516.91,22516.91,22516.91,0,0
2026-04-17T11:05:00+05:30,22505.09,22505.09,22505.09,22505.09,0,0
2026-04-17T11:06:00+05:30,22473.66,22473.66,22473.66,22473.66,0,0
2026-04-17T11:07:00+05:30,22460.2,22460.2,22460.2,22460.2,0,0
2026-04-17T11:08:00+05:30,22455.9,22455.9,22455.9,22455.9,0,0
2026-04-17T11:09:00+05:30,22471.39,22471.39,22471.39,22471.39,0,0
2026-04-17T11:10:00+05:30,22480.83,22480.83,22480.83,22480.83,0,0
2026-04-17T11:11:00+05:30,22483.01,22483.01,22483.01,22483.01,0,0
2026-04-17T11:12:00+05:30,22493.78,22493.78,22493.78,22493.78,0,0
2026-04-17T11:13:00+05:30,22504.32,22504.32,22504.32,22504.32,0,0
2026-04-17T11:14:00+05:30,22512.28,22512.28,22512.28,22512.28,0,0
2026-04-17T11:15:00+05:30,22516.98,22516.98,22516.98,22516.98,0,0
2026-04-17T11:16:00+05:30,22521.0,22521.0,22521.0,22521.0,0,0
2026-04-17T11:17:00+05:30,22509.18,22509.18,22509.18,22509.18,0,0
2026-04-17T11:18:00+05:30,22508.23,22508.23,22508.23,22508.23,0,0
2026-04-17T11:19:00+05:30,22488.65,22488.65,22488.65,22488.65,0,0
2026-04-17T11:21:00+05:30,24277.6,24277.6,24277.6,24277.6,0,0
2026-04-17T11:22:00+05:30,24280.4,24280.4,24280.4,24280.4,0,0
2026-04-17T11:23:00+05:30,24283.6,24283.6,24283.6,24283.6,0,0
2026-04-17T11:24:00+05:30,24282.35,24282.35,24282.35,24282.35,0,0
2026-04-17T11:25:00+05:30,24275.4,24275.4,24275.4,24275.4,0,0
2026-04-17T11:26:00+05:30,24282.55,24282.55,24282.55,24282.55,0,0
2026-04-17T11:27:00+05:30,24281.35,24281.35,24281.35,24281.35,0,0
2026-04-17T11:28:00+05:30,24272.4,24272.4,24272.4,24272.4,0,0
2026-04-17T11:29:00+05:30,24274.0,24274.0,24274.0,24274.0,0,0
2026-04-17T11:30:00+05:30,24278.15,24278.15,24278.15,24278.15,0,0
2026-04-17T11:31:00+05:30,24279.35,24279.35,24279.35,24279.35,0,0
2026-04-17T11:32:00+05:30,24275.55,24275.55,24275.55,24275.55,0,0
2026-04-17T11:33:00+05:30,24276.85,24276.85,24276.85,24276.85,0,0
2026-04-17T11:34:00+05:30,24285.3,24285.3,24285.3,24285.3,0,0
2026-04-17T11:35:00+05:30,24286.7,24286.7,24286.7,24286.7,0,0
2026-04-17T11:36:00+05:30,24287.65,24287.65,24287.65,24287.65,0,0
2026-04-17T11:37:00+05:30,24290.5,24290.5,24290.5,24290.5,0,0
2026-04-17T11:38:00+05:30,24292.5,24292.5,24292.5,24292.5,0,0
2026-04-17T11:39:00+05:30,24290.55,24290.55,24290.55,24290.55,0,0
2026-04-17T11:40:00+05:30,24287.25,24287.25,24287.25,24287.25,0,0
2026-04-17T11:41:00+05:30,24289.25,24289.25,24289.25,24289.25,0,0
2026-04-17T11:42:00+05:30,24289.2,24289.2,24289.2,24289.2,0,0
2026-04-17T11:43:00+05:30,24293.65,24293.65,24293.65,24293.65,0,0
2026-04-17T11:44:00+05:30,24302.45,24302.45,24302.45,24302.45,0,0
2026-04-17T11:45:00+05:30,24296.0,24296.0,24296.0,24296.0,0,0
2026-04-17T11:46:00+05:30,24292.45,24292.45,24292.45,24292.45,0,0
2026-04-17T11:47:00+05:30,24292.6,24292.6,24292.6,24292.6,0,0
2026-04-17T11:48:00+05:30,24284.75,24284.75,24284.75,24284.75,0,0
2026-04-17T11:49:00+05:30,24282.95,24282.95,24282.95,24282.95,0,0
2026-04-17T11:50:00+05:30,24283.15,24283.15,24283.15,24283.15,0,0
2026-04-17T11:51:00+05:30,24292.7,24292.7,24292.7,24292.7,0,0
2026-04-17T11:52:00+05:30,24301.35,24301.35,24301.35,24301.35,0,0
2026-04-17T11:53:00+05:30,24294.7,24294.7,24294.7,24294.7,0,0
2026-04-17T11:54:00+05:30,24305.55,24305.55,24305.55,24305.55,0,0
2026-04-17T11:55:00+05:30,24312.35,24312.35,24312.35,24312.35,0,0
2026-04-17T11:56:00+05:30,24314.85,24314.85,24314.85,24314.85,0,0
2026-04-17T11:57:00+05:30,24307.65,24307.65,24307.65,24307.65,0,0
2026-04-17T11:58:00+05:30,24307.15,24307.15,24307.15,24307.15,0,0
2026-04-17T11:59:00+05:30,24296.2,24296.2,24296.2,24296.2,0,0
2026-04-17T12:00:00+05:30,24283.1,24283.1,24283.1,24283.1,0,0
2026-04-17T12:01:00+05:30,24269.75,24269.75,24269.75,24269.75,0,0
2026-04-17T12:02:00+05:30,24280.15,24280.15,24280.15,24280.15,0,0
2026-04-17T12:03:00+05:30,24278.0,24278.0,24278.0,24278.0,0,0
2026-04-17T12:04:00+05:30,24271.2,24271.2,24271.2,24271.2,0,0
2026-04-17T12:05:00+05:30,24270.5,24270.5,24270.5,24270.5,0,0
2026-04-17T12:06:00+05:30,24269.2,24269.2,24269.2,24269.2,0,0
2026-04-17T12:07:00+05:30,24275.5,24275.5,24275.5,24275.5,0,0
2026-04-17T12:08:00+05:30,24282.6,24282.6,24282.6,24282.6,0,0
2026-04-17T12:09:00+05:30,24283.8,24283.8,24283.8,24283.8,0,0
2026-04-17T12:10:00+05:30,24282.55,24282.55,24282.55,24282.55,0,0
2026-04-17T12:11:00+05:30,24279.8,24279.8,24279.8,24279.8,0,0
2026-04-17T12:12:00+05:30,24288.05,24288.05,24288.05,24288.05,0,0
2026-04-17T12:13:00+05:30,24288.1,24288.1,24288.1,24288.1,0,0
2026-04-17T12:14:00+05:30,24284.5,24284.5,24284.5,24284.5,0,0
2026-04-17T12:15:00+05:30,24286.7,24286.7,24286.7,24286.7,0,0
2026-04-17T12:16:00+05:30,24293.6,24293.6,24293.6,24293.6,0,0
2026-04-17T12:17:00+05:30,24291.0,24291.0,24291.0,24291.0,0,0
2026-04-17T12:18:00+05:30,24291.95,24291.95,24291.95,24291.95,0,0
2026-04-17T12:19:00+05:30,24291.2,24291.2,24291.2,24291.2,0,0
2026-04-17T12:20:00+05:30,24286.1,24286.1,24286.1,24286.1,0,0
2026-04-17T12:21:00+05:30,24283.95,24283.95,24283.95,24283.95,0,0
2026-04-17T12:22:00+05:30,24285.45,24285.45,24285.45,24285.45,0,0
2026-04-17T12:23:00+05:30,24290.3,24290.3,24290.3,24290.3,0,0
2026-04-17T12:24:00+05:30,24291.4,24291.4,24291.4,24291.4,0,0
2026-04-17T12:25:00+05:30,24292.8,24292.8,24292.8,24292.8,0,0
2026-04-17T12:26:00+05:30,24292.2,24292.2,24292.2,24292.2,0,0
2026-04-17T12:27:00+05:30,24294.1,24294.1,24294.1,24294.1,0,0
2026-04-17T12:28:00+05:30,24291.0,24291.0,24291.0,24291.0,0,0
2026-04-17T12:29:00+05:30,24285.6,24285.6,24285.6,24285.6,0,0
2026-04-17T12:30:00+05:30,24286.4,24286.4,24286.4,24286.4,0,0
2026-04-17T12:31:00+05:30,24283.45,24283.45,24283.45,24283.45,0,0
2026-04-17T12:32:00+05:30,24281.8,24281.8,24281.8,24281.8,0,0
2026-04-17T12:33:00+05:30,24273.85,24273.85,24273.85,24273.85,0,0
2026-04-17T12:34:00+05:30,24275.55,24275.55,24275.55,24275.55,0,0
2026-04-17T12:35:00+05:30,24269.55,24269.55,24269.55,24269.55,0,0
2026-04-17T12:36:00+05:30,24274.85,24274.85,24274.85,24274.85,0,0
2026-04-17T12:37:00+05:30,24275.1,24275.1,24275.1,24275.1,0,0
2026-04-17T12:38:00+05:30,24271.2,24271.2,24271.2,24271.2,0,0
2026-04-17T12:39:00+05:30,24271.75,24271.75,24271.75,24271.75,0,0
2026-04-17T12:40:00+05:30,24266.6,24266.6,24266.6,24266.6,0,0
2026-04-17T12:41:00+05:30,24270.8,24270.8,24270.8,24270.8,0,0
2026-04-17T12:42:00+05:30,24274.4,24274.4,24274.4,24274.4,0,0
2026-04-17T12:43:00+05:30,24279.9,24279.9,24279.9,24279.9,0,0
2026-04-17T12:44:00+05:30,24274.45,24274.45,24274.45,24274.45,0,0
2026-04-17T12:45:00+05:30,24272.0,24272.0,24272.0,24272.0,0,0
2026-04-17T12:46:00+05:30,24276.85,24276.85,24276.85,24276.85,0,0
2026-04-17T12:47:00+05:30,24277.35,24277.35,24277.35,24277.35,0,0
2026-04-17T12:48:00+05:30,24273.7,24273.7,24273.7,24273.7,0,0
2026-04-17T12:49:00+05:30,24270.55,24270.55,24270.55,24270.55,0,0
2026-04-17T12:50:00+05:30,24275.4,24275.4,24275.4,24275.4,0,0
2026-04-17T12:51:00+05:30,24273.35,24273.35,24273.35,24273.35,0,0
2026-04-17T12:52:00+05:30,24268.4,24268.4,24268.4,24268.4,0,0
2026-04-17T12:53:00+05:30,24262.35,24262.35,24262.35,24262.35,0,0
2026-04-17T12:54:00+05:30,24264.8,24264.8,24264.8,24264.8,0,0
2026-04-17T12:55:00+05:30,24263.85,24263.85,24263.85,24263.85,0,0
2026-04-17T12:56:00+05:30,24269.7,24269.7,24269.7,24269.7,0,0
2026-04-17T12:57:00+05:30,24269.6,24269.6,24269.6,24269.6,0,0
2026-04-17T12:58:00+05:30,24262.95,24262.95,24262.95,24262.95,0,0
2026-04-17T12:59:00+05:30,24265.1,24265.1,24265.1,24265.1,0,0
2026-04-17T13:00:00+05:30,24268.65,24268.65,24268.65,24268.65,0,0
2026-04-17T13:01:00+05:30,24273.45,24273.45,24273.45,24273.45,0,0
2026-04-17T13:02:00+05:30,24273.95,24273.95,24273.95,24273.95,0,0
2026-04-17T13:03:00+05:30,24271.5,24271.5,24271.5,24271.5,0,0
2026-04-17T13:04:00+05:30,24270.4,24270.4,24270.4,24270.4,0,0
2026-04-17T13:05:00+05:30,24270.65,24270.65,24270.65,24270.65,0,0
2026-04-17T13:06:00+05:30,24279.7,24279.7,24279.7,24279.7,0,0
2026-04-17T13:07:00+05:30,24279.6,24279.6,24279.6,24279.6,0,0
2026-04-17T13:08:00+05:30,24283.85,24283.85,24283.85,24283.85,0,0
2026-04-17T13:09:00+05:30,24288.75,24288.75,24288.75,24288.75,0,0
2026-04-17T13:10:00+05:30,24289.25,24289.25,24289.25,24289.25,0,0
2026-04-17T13:11:00+05:30,24289.7,24289.7,24289.7,24289.7,0,0
2026-04-17T13:12:00+05:30,24293.7,24293.7,24293.7,24293.7,0,0
2026-04-17T13:13:00+05:30,24296.75,24296.75,24296.75,24296.75,0,0
2026-04-17T13:14:00+05:30,24293.55,24293.55,24293.55,24293.55,0,0
2026-04-17T13:15:00+05:30,24289.55,24289.55,24289.55,24289.55,0,0
2026-04-17T13:16:00+05:30,24294.1,24294.1,24294.1,24294.1,0,0
2026-04-17T13:17:00+05:30,24288.25,24288.25,24288.25,24288.25,0,0
2026-04-17T13:18:00+05:30,24284.8,24284.8,24284.8,24284.8,0,0
2026-04-17T13:19:00+05:30,24280.95,24280.95,24280.95,24280.95,0,0
2026-04-17T13:20:00+05:30,24280.55,24280.55,24280.55,24280.55,0,0
2026-04-17T13:21:00+05:30,24280.05,24280.05,24280.05,24280.05,0,0
2026-04-17T13:22:00+05:30,24278.5,24278.5,24278.5,24278.5,0,0
2026-04-17T13:23:00+05:30,24285.15,24285.15,24285.15,24285.15,0,0
2026-04-17T13:24:00+05:30,24290.45,24290.45,24290.45,24290.45,0,0
2026-04-17T13:25:00+05:30,24282.05,24282.05,24282.05,24282.05,0,0
2026-04-17T13:26:00+05:30,24279.65,24279.65,24279.65,24279.65,0,0
2026-04-17T13:27:00+05:30,24280.6,24280.6,24280.6,24280.6,0,0
2026-04-17T13:28:00+05:30,24291.55,24291.55,24291.55,24291.55,0,0
2026-04-17T13:29:00+05:30,24294.7,24294.7,24294.7,24294.7,0,0
2026-04-17T13:30:00+05:30,24300.55,24300.55,24300.55,24300.55,0,0
2026-04-17T13:31:00+05:30,24294.9,24294.9,24294.9,24294.9,0,0
2026-04-17T13:32:00+05:30,24298.8,24298.8,24298.8,24298.8,0,0
2026-04-17T13:33:00+05:30,24301.45,24301.45,24301.45,24301.45,0,0
2026-04-17T13:34:00+05:30,24300.7,24300.7,24300.7,24300.7,0,0
2026-04-17T13:35:00+05:30,24301.2,24301.2,24301.2,24301.2,0,0
2026-04-17T13:36:00+05:30,24294.55,24294.55,24294.55,24294.55,0,0
2026-04-17T13:37:00+05:30,24298.95,24298.95,24298.95,24298.95,0,0
2026-04-17T13:38:00+05:30,24299.6,24299.6,24299.6,24299.6,0,0
2026-04-17T13:39:00+05:30,24304.85,24304.85,24304.85,24304.85,0,0
2026-04-17T13:40:00+05:30,24305.15,24305.15,24305.15,24305.15,0,0
2026-04-17T13:41:00+05:30,24311.85,24311.85,24311.85,24311.85,0,0
2026-04-17T13:42:00+05:30,24321.05,24321.05,24321.05,24321.05,0,0
2026-04-17T13:43:00+05:30,24315.95,24315.95,24315.95,24315.95,0,0
2026-04-17T13:44:00+05:30,24307.9,24307.9,24307.9,24307.9,0,0
2026-04-17T13:45:00+05:30,24305.15,24305.15,24305.15,24305.15,0,0
2026-04-17T13:46:00+05:30,24304.75,24304.75,24304.75,24304.75,0,0
2026-04-17T13:47:00+05:30,24309.75,24309.75,24309.75,24309.75,0,0
2026-04-17T13:48:00+05:30,24310.05,24310.05,24310.05,24310.05,0,0
2026-04-17T13:49:00+05:30,24308.05,24308.05,24308.05,24308.05,0,0
2026-04-17T13:50:00+05:30,24309.05,24309.05,24309.05,24309.05,0,0
2026-04-17T13:51:00+05:30,24304.95,24304.95,24304.95,24304.95,0,0
2026-04-17T13:52:00+05:30,24307.9,24307.9,24307.9,24307.9,0,0
2026-04-17T13:53:00+05:30,24304.85,24304.85,24304.85,24304.85,0,0
2026-04-17T13:54:00+05:30,24304.0,24304.0,24304.0,24304.0,0,0
2026-04-17T13:55:00+05:30,24307.1,24307.1,24307.1,24307.1,0,0
2026-04-17T13:56:00+05:30,24303.65,24303.65,24303.65,24303.65,0,0
2026-04-17T13:57:00+05:30,24301.6,24301.6,24301.6,24301.6,0,0
2026-04-17T13:58:00+05:30,24304.75,24304.75,24304.75,24304.75,0,0
2026-04-17T13:59:00+05:30,24307.45,24307.45,24307.45,24307.45,0,0
2026-04-17T14:00:00+05:30,24305.3,24305.3,24305.3,24305.3,0,0
2026-04-17T14:01:00+05:30,24311.4,24311.4,24311.4,24311.4,0,0
2026-04-17T14:02:00+05:30,24311.55,24311.55,24311.55,24311.55,0,0
2026-04-17T14:03:00+05:30,24312.35,24312.35,24312.35,24312.35,0,0
2026-04-17T14:04:00+05:30,24307.65,24307.65,24307.65,24307.65,0,0
2026-04-17T15:22:00+05:30,24356.4,24356.4,24356.4,24356.4,0,0
2026-04-17T15:23:00+05:30,24359.8,24359.8,24359.8,24359.8,0,0
2026-04-17T15:24:00+05:30,24358.9,24358.9,24358.9,24358.9,0,0
2026-04-17T15:25:00+05:30,24354.45,24354.45,24354.45,24354.45,0,0
2026-04-17T15:26:00+05:30,24356.75,24356.75,24356.75,24356.75,0,0
2026-04-17T15:27:00+05:30,24357.25,24357.25,24357.25,24357.25,0,0
2026-04-17T15:28:00+05:30,24357.65,24357.65,24357.65,24357.65,0,0
2026-04-17T15:29:00+05:30,24362.45,24362.45,24362.45,24362.45,0,0
2026-04-17T15:30:00+05:30,24377.5,24377.5,24377.5,24377.5,0,0
